timestamp,method,name,response_time_ms,response_length,failed,error
2026-05-16T16:07:14.358829,GET,/api/mixed/pipeline/1/,2.8,82,0,
2026-05-16T16:07:14.366141,GET,/api/mixed/pipeline/1/,3.06,82,0,
2026-05-16T16:07:14.372133,GET,/api/mixed/db/1/,3.79,247,0,
2026-05-16T16:07:14.381226,GET,/api/mixed/pipeline/1/,2.91,82,0,
2026-05-16T16:07:14.397282,GET,/api/mixed/pipeline/1/,3.73,82,0,
2026-05-16T16:07:14.402238,GET,/api/mixed/pipeline/1/,2.75,82,0,
2026-05-16T16:07:14.422639,GET,/api/mixed/pipeline/1/,3.34,82,0,
2026-05-16T16:07:14.423159,GET,/api/mixed/db/1/,4.94,247,0,
2026-05-16T16:07:14.423559,GET,/api/mixed/pipeline/1/,3.86,82,0,
2026-05-16T16:07:14.428811,GET,/api/mixed/db/1/,4.01,247,0,
2026-05-16T16:07:14.439961,GET,/api/mixed/pipeline/1/,3.84,82,0,
2026-05-16T16:07:14.440384,GET,/api/mixed/pipeline/1/,3.15,82,0,
2026-05-16T16:07:14.470433,GET,/api/mixed/db/1/,4.75,247,0,
2026-05-16T16:07:14.497963,GET,/api/mixed/pipeline/1/,3.13,82,0,
2026-05-16T16:07:14.513065,GET,/api/mixed/db/1/,5.75,247,0,
2026-05-16T16:07:14.520705,GET,/api/mixed/http/,108.11,55353,0,
2026-05-16T16:07:14.538634,GET,/api/mixed/http/,111.3,55353,0,
2026-05-16T16:07:14.557505,GET,/api/mixed/db/1/,4.47,247,0,
2026-05-16T16:07:14.559779,GET,/api/mixed/db/1/,4.16,247,0,
2026-05-16T16:07:14.569866,GET,/api/mixed/http/,108.09,55353,0,
2026-05-16T16:07:14.580544,GET,/api/mixed/pipeline/1/,2.82,82,0,
2026-05-16T16:07:14.617337,GET,/api/mixed/http/,108.01,55353,0,
2026-05-16T16:07:14.629443,GET,/api/mixed/pipeline/1/,3.42,82,0,
2026-05-16T16:07:14.629978,GET,/api/mixed/pipeline/1/,2.62,82,0,
2026-05-16T16:07:14.641948,GET,/api/mixed/pipeline/1/,3.56,82,0,
2026-05-16T16:07:14.642363,GET,/api/mixed/pipeline/1/,2.7,82,0,
2026-05-16T16:07:14.666940,GET,/api/mixed/http/,108.15,55353,0,
2026-05-16T16:07:14.672196,GET,/api/mixed/db/1/,3.87,247,0,
2026-05-16T16:07:14.687240,GET,/api/mixed/pipeline/1/,3.78,82,0,
2026-05-16T16:07:14.687742,GET,/api/mixed/http/,113.6,55353,0,
2026-05-16T16:07:14.704746,GET,/api/mixed/http/,107.84,55353,0,
2026-05-16T16:07:14.731110,GET,/api/mixed/pipeline/1/,3.62,82,0,
2026-05-16T16:07:14.739650,GET,/api/mixed/pipeline/1/,3.26,82,0,
2026-05-16T16:07:14.751964,GET,/api/mixed/pipeline/1/,3.05,82,0,
2026-05-16T16:07:14.753465,GET,/api/mixed/http/,107.72,55353,0,
2026-05-16T16:07:14.783754,GET,/api/mixed/pipeline/1/,3.04,82,0,
2026-05-16T16:07:14.791769,GET,/api/mixed/db/1/,3.82,247,0,
2026-05-16T16:07:14.797651,GET,/api/mixed/http/,107.71,55353,0,
2026-05-16T16:07:14.817389,GET,/api/mixed/http/,108.16,55353,0,
2026-05-16T16:07:14.817803,GET,/api/mixed/pipeline/1/,3.37,82,0,
2026-05-16T16:07:14.828185,GET,/api/mixed/http/,108.36,55353,0,
2026-05-16T16:07:14.888232,GET,/api/mixed/pipeline/1/,2.9,82,0,
2026-05-16T16:07:14.910457,GET,/api/mixed/pipeline/1/,2.97,82,0,
2026-05-16T16:07:14.911803,GET,/api/mixed/http/,107.95,55353,0,
2026-05-16T16:07:14.929142,GET,/api/mixed/db/1/,7.0,247,0,
2026-05-16T16:07:14.934062,GET,/api/mixed/db/1/,3.69,247,0,
2026-05-16T16:07:14.934815,GET,/api/mixed/http/,107.69,55353,0,
2026-05-16T16:07:14.959966,GET,/api/mixed/http/,108.0,55353,0,
2026-05-16T16:07:14.964260,GET,/api/mixed/pipeline/1/,2.99,82,0,
2026-05-16T16:07:14.971930,GET,/api/mixed/db/1/,3.79,247,0,
2026-05-16T16:07:14.985645,GET,/api/mixed/http/,108.03,55353,0,
2026-05-16T16:07:15.000923,GET,/api/mixed/db/1/,4.05,247,0,
2026-05-16T16:07:15.012630,GET,/api/mixed/pipeline/1/,4.01,82,0,
2026-05-16T16:07:15.014336,GET,/api/mixed/db/1/,4.56,247,0,
2026-05-16T16:07:15.024909,GET,/api/mixed/db/1/,4.26,247,0,
2026-05-16T16:07:15.028304,GET,/api/mixed/db/1/,4.27,247,0,
2026-05-16T16:07:15.039705,GET,/api/mixed/pipeline/1/,3.03,82,0,
2026-05-16T16:07:15.042796,GET,/api/mixed/http/,107.88,55353,0,
2026-05-16T16:07:15.054464,GET,/api/mixed/http/,108.12,55353,0,
2026-05-16T16:07:15.064277,GET,/api/mixed/http/,108.36,55353,0,
2026-05-16T16:07:15.067175,GET,/api/mixed/pipeline/1/,2.78,82,0,
2026-05-16T16:07:15.076852,GET,/api/mixed/http/,109.21,55353,0,
2026-05-16T16:07:15.086187,GET,/api/mixed/db/1/,4.01,247,0,
2026-05-16T16:07:15.114460,GET,/api/mixed/http/,108.37,55353,0,
2026-05-16T16:07:15.114915,GET,/api/mixed/pipeline/1/,3.16,82,0,
2026-05-16T16:07:15.137519,GET,/api/mixed/db/1/,4.42,247,0,
2026-05-16T16:07:15.138662,GET,/api/mixed/pipeline/1/,2.91,82,0,
2026-05-16T16:07:15.145285,GET,/api/mixed/pipeline/1/,3.41,82,0,
2026-05-16T16:07:15.160095,GET,/api/mixed/http/,108.08,55353,0,
2026-05-16T16:07:15.168670,GET,/api/mixed/http/,107.98,55353,0,
2026-05-16T16:07:15.175478,GET,/api/mixed/pipeline/1/,8.13,82,0,
2026-05-16T16:07:15.195377,GET,/api/mixed/http/,107.83,55353,0,
2026-05-16T16:07:15.221989,GET,/api/mixed/db/1/,4.23,247,0,
2026-05-16T16:07:15.225814,GET,/api/mixed/db/1/,3.7,247,0,
2026-05-16T16:07:15.252011,GET,/api/mixed/pipeline/1/,3.01,82,0,
2026-05-16T16:07:15.257977,GET,/api/mixed/pipeline/1/,2.66,82,0,
2026-05-16T16:07:15.265006,GET,/api/mixed/db/1/,3.66,247,0,
2026-05-16T16:07:15.282624,GET,/api/mixed/pipeline/1/,2.79,82,0,
2026-05-16T16:07:15.289482,GET,/api/mixed/db/1/,3.63,247,0,
2026-05-16T16:07:15.305739,GET,/api/mixed/pipeline/1/,2.93,82,0,
2026-05-16T16:07:15.342516,GET,/api/mixed/pipeline/1/,3.02,82,0,
2026-05-16T16:07:15.372325,GET,/api/mixed/pipeline/1/,2.92,82,0,
2026-05-16T16:07:15.374849,GET,/api/mixed/http/,107.51,55353,0,
2026-05-16T16:07:15.422379,GET,/api/mixed/pipeline/1/,4.5,82,0,
2026-05-16T16:07:15.425357,GET,/api/mixed/http/,108.34,55353,0,
2026-05-16T16:07:15.427388,GET,/api/mixed/db/1/,3.76,247,0,
2026-05-16T16:07:15.428251,GET,/api/mixed/http/,107.81,55353,0,
2026-05-16T16:07:15.428690,GET,/api/mixed/http/,108.8,55353,0,
2026-05-16T16:07:15.446828,GET,/api/mixed/http/,108.49,55353,0,
2026-05-16T16:07:15.451226,GET,/api/mixed/pipeline/1/,4.27,82,0,
2026-05-16T16:07:15.452910,GET,/api/mixed/db/1/,5.46,247,0,
2026-05-16T16:07:15.460246,GET,/api/mixed/http/,108.35,55353,0,
2026-05-16T16:07:15.461315,GET,/api/mixed/pipeline/1/,2.9,82,0,
2026-05-16T16:07:15.484127,GET,/api/mixed/pipeline/1/,3.78,82,0,
2026-05-16T16:07:15.494079,GET,/api/mixed/http/,107.91,55353,0,
2026-05-16T16:07:15.510060,GET,/api/mixed/db/1/,4.08,247,0,
2026-05-16T16:07:15.518778,GET,/api/mixed/http/,107.87,55353,0,
2026-05-16T16:07:15.552664,GET,/api/mixed/db/1/,4.25,247,0,
2026-05-16T16:07:15.553063,GET,/api/mixed/db/1/,4.22,247,0,
2026-05-16T16:07:15.557078,GET,/api/mixed/http/,109.21,55353,0,
2026-05-16T16:07:15.561428,GET,/api/mixed/http/,109.36,55353,0,
2026-05-16T16:07:15.563335,GET,/api/mixed/db/1/,4.01,247,0,
2026-05-16T16:07:15.565388,GET,/api/mixed/db/1/,3.85,247,0,
2026-05-16T16:07:15.568861,GET,/api/mixed/pipeline/1/,3.36,82,0,
2026-05-16T16:07:15.575651,GET,/api/mixed/http/,107.95,55353,0,
2026-05-16T16:07:15.581621,GET,/api/mixed/pipeline/1/,2.72,82,0,
2026-05-16T16:07:15.589300,GET,/api/mixed/http/,108.36,55353,0,
2026-05-16T16:07:15.606911,GET,/api/mixed/db/1/,4.73,247,0,
2026-05-16T16:07:15.607410,GET,/api/mixed/db/1/,4.02,247,0,
2026-05-16T16:07:15.608171,GET,/api/mixed/http/,108.86,55353,0,
2026-05-16T16:07:15.612361,GET,/api/mixed/pipeline/1/,2.94,82,0,
2026-05-16T16:07:15.619020,GET,/api/mixed/http/,107.7,55353,0,
2026-05-16T16:07:15.629259,GET,/api/mixed/http/,108.29,55353,0,
2026-05-16T16:07:15.630265,GET,/api/mixed/pipeline/1/,3.37,82,0,
2026-05-16T16:07:15.637618,GET,/api/mixed/pipeline/1/,3.12,82,0,
2026-05-16T16:07:15.641455,GET,/api/mixed/http/,107.82,55353,0,
2026-05-16T16:07:15.645210,GET,/api/mixed/http/,107.89,55353,0,
2026-05-16T16:07:15.652545,GET,/api/mixed/http/,108.67,55353,0,
2026-05-16T16:07:15.666752,GET,/api/mixed/pipeline/1/,5.57,82,0,
2026-05-16T16:07:15.674668,GET,/api/mixed/pipeline/1/,3.61,82,0,
2026-05-16T16:07:15.677348,GET,/api/mixed/pipeline/1/,3.65,82,0,
2026-05-16T16:07:15.696679,GET,/api/mixed/db/1/,4.36,247,0,
2026-05-16T16:07:15.705293,GET,/api/mixed/http/,107.78,55353,0,
2026-05-16T16:07:15.715647,GET,/api/mixed/db/1/,4.07,247,0,
2026-05-16T16:07:15.717647,GET,/api/mixed/pipeline/1/,3.37,82,0,
2026-05-16T16:07:15.731827,GET,/api/mixed/http/,108.5,55353,0,
2026-05-16T16:07:15.741723,GET,/api/mixed/db/1/,4.21,247,0,
2026-05-16T16:07:15.744799,GET,/api/mixed/pipeline/1/,2.93,82,0,
2026-05-16T16:07:15.759140,GET,/api/mixed/http/,108.7,55353,0,
2026-05-16T16:07:15.769972,GET,/api/mixed/pipeline/1/,3.48,82,0,
2026-05-16T16:07:15.770905,GET,/api/mixed/pipeline/1/,2.91,82,0,
2026-05-16T16:07:15.790168,GET,/api/mixed/http/,108.59,55353,0,
2026-05-16T16:07:15.793743,GET,/api/mixed/pipeline/1/,4.73,82,0,
2026-05-16T16:07:15.804906,GET,/api/mixed/pipeline/1/,4.25,82,0,
2026-05-16T16:07:15.806167,GET,/api/mixed/db/1/,4.87,247,0,
2026-05-16T16:07:15.813663,GET,/api/mixed/db/1/,4.14,247,0,
2026-05-16T16:07:15.827265,GET,/api/mixed/http/,108.39,55353,0,
2026-05-16T16:07:15.828009,GET,/api/mixed/http/,107.83,55353,0,
2026-05-16T16:07:15.830165,GET,/api/mixed/pipeline/1/,4.04,82,0,
2026-05-16T16:07:15.838665,GET,/api/mixed/http/,108.05,55353,0,
2026-05-16T16:07:15.854997,GET,/api/mixed/db/1/,4.18,247,0,
2026-05-16T16:07:15.860293,GET,/api/mixed/db/1/,4.04,247,0,
2026-05-16T16:07:15.860794,GET,/api/mixed/http/,107.73,55353,0,
2026-05-16T16:07:15.873593,GET,/api/mixed/pipeline/1/,3.6,82,0,
2026-05-16T16:07:15.882561,GET,/api/mixed/pipeline/1/,3.04,82,0,
2026-05-16T16:07:15.885211,GET,/api/mixed/http/,109.99,55353,0,
2026-05-16T16:07:15.886281,GET,/api/mixed/http/,108.19,55353,0,
2026-05-16T16:07:15.898625,GET,/api/mixed/http/,108.32,55353,0,
2026-05-16T16:07:15.909364,GET,/api/mixed/http/,112.22,55353,0,
2026-05-16T16:07:15.910464,GET,/api/mixed/db/1/,10.58,247,0,
2026-05-16T16:07:15.922145,GET,/api/mixed/pipeline/1/,4.02,82,0,
2026-05-16T16:07:15.922916,GET,/api/mixed/pipeline/1/,3.43,82,0,
2026-05-16T16:07:15.928291,GET,/api/mixed/pipeline/1/,3.01,82,0,
2026-05-16T16:07:15.935584,GET,/api/mixed/db/1/,3.92,247,0,
2026-05-16T16:07:15.946905,GET,/api/mixed/pipeline/1/,3.96,82,0,
2026-05-16T16:07:15.948998,GET,/api/mixed/http/,107.95,55353,0,
2026-05-16T16:07:15.980866,GET,/api/mixed/http/,108.23,55353,0,
2026-05-16T16:07:15.988288,GET,/api/mixed/pipeline/1/,3.18,82,0,
2026-05-16T16:07:16.008909,GET,/api/mixed/http/,108.52,55353,0,
2026-05-16T16:07:16.018004,GET,/api/mixed/http/,113.92,55353,0,
2026-05-16T16:07:16.018461,GET,/api/mixed/db/1/,4.34,247,0,
2026-05-16T16:07:16.043149,GET,/api/mixed/pipeline/1/,2.86,82,0,
2026-05-16T16:07:16.044473,GET,/api/mixed/db/1/,4.68,247,0,
2026-05-16T16:07:16.049508,GET,/api/mixed/db/1/,3.81,247,0,
2026-05-16T16:07:16.053946,GET,/api/mixed/http/,108.09,55353,0,
2026-05-16T16:07:16.082936,GET,/api/mixed/pipeline/1/,3.67,82,0,
2026-05-16T16:07:16.084742,GET,/api/mixed/db/1/,4.0,247,0,
2026-05-16T16:07:16.089866,GET,/api/mixed/db/1/,3.82,247,0,
2026-05-16T16:07:16.124602,GET,/api/mixed/pipeline/1/,3.95,82,0,
2026-05-16T16:07:16.125161,GET,/api/mixed/db/1/,5.07,247,0,
2026-05-16T16:07:16.141578,GET,/api/mixed/pipeline/1/,3.22,82,0,
2026-05-16T16:07:16.144723,GET,/api/mixed/http/,108.74,55353,0,
2026-05-16T16:07:16.147661,GET,/api/mixed/pipeline/1/,3.83,82,0,
2026-05-16T16:07:16.176882,GET,/api/mixed/db/1/,3.77,247,0,
2026-05-16T16:07:16.192166,GET,/api/mixed/db/1/,3.88,247,0,
2026-05-16T16:07:16.205074,GET,/api/mixed/pipeline/1/,3.5,82,0,
2026-05-16T16:07:16.207736,GET,/api/mixed/pipeline/1/,3.6,82,0,
2026-05-16T16:07:16.240966,GET,/api/mixed/pipeline/1/,3.1,82,0,
2026-05-16T16:07:16.246304,GET,/api/mixed/pipeline/1/,2.95,82,0,
2026-05-16T16:07:16.255526,GET,/api/mixed/http/,108.82,55353,0,
2026-05-16T16:07:16.263888,GET,/api/mixed/db/1/,5.16,247,0,
2026-05-16T16:07:16.271917,GET,/api/mixed/pipeline/1/,3.72,82,0,
2026-05-16T16:07:16.272396,GET,/api/mixed/http/,108.72,55353,0,
2026-05-16T16:07:16.277629,GET,/api/mixed/db/1/,4.03,247,0,
2026-05-16T16:07:16.279013,GET,/api/mixed/http/,108.56,55353,0,
2026-05-16T16:07:16.285675,GET,/api/mixed/pipeline/1/,6.48,82,0,
2026-05-16T16:07:16.288743,GET,/api/mixed/pipeline/1/,2.94,82,0,
2026-05-16T16:07:16.320922,GET,/api/mixed/http/,108.73,55353,0,
2026-05-16T16:07:16.338504,GET,/api/mixed/http/,109.53,55353,0,
2026-05-16T16:07:16.341460,GET,/api/mixed/db/1/,4.59,247,0,
2026-05-16T16:07:16.350731,GET,/api/mixed/http/,108.41,55353,0,
2026-05-16T16:07:16.359444,GET,/api/mixed/pipeline/1/,3.39,82,0,
2026-05-16T16:07:16.375199,GET,/api/mixed/db/1/,4.48,247,0,
2026-05-16T16:07:16.385465,GET,/api/mixed/db/1/,7.01,247,0,
2026-05-16T16:07:16.392021,GET,/api/mixed/http/,111.07,55353,0,
2026-05-16T16:07:16.404835,GET,/api/mixed/pipeline/1/,6.55,82,0,
2026-05-16T16:07:16.405536,GET,/api/mixed/db/1/,10.6,247,0,
2026-05-16T16:07:16.412569,GET,/api/mixed/http/,113.6,55353,0,
2026-05-16T16:07:16.416222,GET,/api/mixed/db/1/,5.42,247,0,
2026-05-16T16:07:16.420302,GET,/api/mixed/db/1/,3.96,247,0,
2026-05-16T16:07:16.422459,GET,/api/mixed/http/,108.41,55353,0,
2026-05-16T16:07:16.429032,GET,/api/mixed/db/1/,4.21,247,0,
2026-05-16T16:07:16.433337,GET,/api/mixed/pipeline/1/,2.87,82,0,
2026-05-16T16:07:16.455584,GET,/api/mixed/pipeline/1/,3.35,82,0,
2026-05-16T16:07:16.464506,GET,/api/mixed/pipeline/1/,2.97,82,0,
2026-05-16T16:07:16.488091,GET,/api/mixed/http/,108.76,55353,0,
2026-05-16T16:07:16.489359,GET,/api/mixed/http/,109.63,55353,0,
2026-05-16T16:07:16.504714,GET,/api/mixed/db/1/,4.0,247,0,
2026-05-16T16:07:16.508589,GET,/api/mixed/http/,114.28,55353,0,
2026-05-16T16:07:16.517883,GET,/api/mixed/pipeline/1/,3.0,82,0,
2026-05-16T16:07:16.520036,GET,/api/mixed/db/1/,3.75,247,0,
2026-05-16T16:07:16.558015,GET,/api/mixed/pipeline/1/,3.59,82,0,
2026-05-16T16:07:16.559868,GET,/api/mixed/pipeline/1/,3.51,82,0,
2026-05-16T16:07:16.560448,GET,/api/mixed/http/,108.84,55353,0,
2026-05-16T16:07:16.565599,GET,/api/mixed/http/,107.72,55353,0,
2026-05-16T16:07:16.569459,GET,/api/mixed/db/1/,3.75,247,0,
2026-05-16T16:07:16.573408,GET,/api/mixed/http/,107.68,55353,0,
2026-05-16T16:07:16.578708,GET,/api/mixed/db/1/,3.9,247,0,
2026-05-16T16:07:16.591008,GET,/api/mixed/db/1/,4.0,247,0,
2026-05-16T16:07:16.593119,GET,/api/mixed/http/,107.99,55353,0,
2026-05-16T16:07:16.601886,GET,/api/mixed/db/1/,4.42,247,0,
2026-05-16T16:07:16.611703,GET,/api/mixed/pipeline/1/,2.86,82,0,
2026-05-16T16:07:16.639056,GET,/api/mixed/http/,107.73,55353,0,
2026-05-16T16:07:16.644603,GET,/api/mixed/http/,110.64,55353,0,
2026-05-16T16:07:16.652868,GET,/api/mixed/pipeline/1/,2.9,82,0,
2026-05-16T16:07:16.661817,GET,/api/mixed/db/1/,3.76,247,0,
2026-05-16T16:07:16.663580,GET,/api/mixed/http/,107.79,55353,0,
2026-05-16T16:07:16.669763,GET,/api/mixed/db/1/,4.83,247,0,
2026-05-16T16:07:16.681099,GET,/api/mixed/db/1/,4.04,247,0,
2026-05-16T16:07:16.686106,GET,/api/mixed/pipeline/1/,2.77,82,0,
2026-05-16T16:07:16.706541,GET,/api/mixed/http/,107.84,55353,0,
2026-05-16T16:07:16.712682,GET,/api/mixed/http/,108.39,55353,0,
2026-05-16T16:07:16.713787,GET,/api/mixed/pipeline/1/,2.99,82,0,
2026-05-16T16:07:16.722003,GET,/api/mixed/db/1/,3.93,247,0,
2026-05-16T16:07:16.728465,GET,/api/mixed/db/1/,3.74,247,0,
2026-05-16T16:07:16.737671,GET,/api/mixed/pipeline/1/,2.88,82,0,
2026-05-16T16:07:16.820317,GET,/api/mixed/db/1/,4.13,247,0,
2026-05-16T16:07:16.829081,GET,/api/mixed/http/,108.51,55353,0,
2026-05-16T16:07:16.831887,GET,/api/mixed/db/1/,4.28,247,0,
2026-05-16T16:07:16.866449,GET,/api/mixed/pipeline/1/,3.34,82,0,
2026-05-16T16:07:16.875601,GET,/api/mixed/http/,107.7,55353,0,
2026-05-16T16:07:16.881819,GET,/api/mixed/db/1/,3.84,247,0,
2026-05-16T16:07:16.890688,GET,/api/mixed/db/1/,7.68,247,0,
2026-05-16T16:07:16.892796,GET,/api/mixed/pipeline/1/,7.14,82,0,
2026-05-16T16:07:16.900139,GET,/api/mixed/http/,108.59,55353,0,
2026-05-16T16:07:16.930410,GET,/api/mixed/db/1/,3.93,247,0,
2026-05-16T16:07:16.937436,GET,/api/mixed/pipeline/1/,2.71,82,0,
2026-05-16T16:07:16.963332,GET,/api/mixed/pipeline/1/,2.77,82,0,
2026-05-16T16:07:16.977830,GET,/api/mixed/db/1/,4.33,247,0,
2026-05-16T16:07:16.988130,GET,/api/mixed/pipeline/1/,2.89,82,0,
2026-05-16T16:07:16.996258,GET,/api/mixed/db/1/,3.78,247,0,
2026-05-16T16:07:16.998117,GET,/api/mixed/pipeline/1/,3.2,82,0,
2026-05-16T16:07:16.998577,GET,/api/mixed/http/,108.81,55353,0,
2026-05-16T16:07:16.998957,GET,/api/mixed/pipeline/1/,3.56,82,0,
2026-05-16T16:07:17.001940,GET,/api/mixed/pipeline/1/,2.9,82,0,
2026-05-16T16:07:17.017684,GET,/api/mixed/pipeline/1/,2.87,82,0,
2026-05-16T16:07:17.048587,GET,/api/mixed/pipeline/1/,3.29,82,0,
2026-05-16T16:07:17.049709,GET,/api/mixed/db/1/,3.93,247,0,
2026-05-16T16:07:17.052181,GET,/api/mixed/http/,107.48,55353,0,
2026-05-16T16:07:17.059809,GET,/api/mixed/http/,107.56,55353,0,
2026-05-16T16:07:17.082369,GET,/api/mixed/http/,107.63,55353,0,
2026-05-16T16:07:17.093161,GET,/api/mixed/db/1/,4.5,247,0,
2026-05-16T16:07:17.099364,GET,/api/mixed/pipeline/1/,2.8,82,0,
2026-05-16T16:07:17.122371,GET,/api/mixed/http/,109.06,55353,0,
2026-05-16T16:07:17.122874,GET,/api/mixed/http/,109.09,55353,0,
2026-05-16T16:07:17.162707,GET,/api/mixed/db/1/,4.05,247,0,
2026-05-16T16:07:17.165467,GET,/api/mixed/http/,108.09,55353,0,
2026-05-16T16:07:17.172398,GET,/api/mixed/http/,108.17,55353,0,
2026-05-16T16:07:17.173637,GET,/api/mixed/db/1/,4.82,247,0,
2026-05-16T16:07:17.175517,GET,/api/mixed/pipeline/1/,2.99,82,0,
2026-05-16T16:07:17.209393,GET,/api/mixed/pipeline/1/,3.03,82,0,
2026-05-16T16:07:17.214102,GET,/api/mixed/http/,107.92,55353,0,
2026-05-16T16:07:17.218018,GET,/api/mixed/pipeline/1/,2.69,82,0,
2026-05-16T16:07:17.233182,GET,/api/mixed/http/,107.99,55353,0,
2026-05-16T16:07:17.236710,GET,/api/mixed/db/1/,4.48,247,0,
2026-05-16T16:07:17.246120,GET,/api/mixed/pipeline/1/,2.65,82,0,
2026-05-16T16:07:17.269474,GET,/api/mixed/db/1/,3.99,247,0,
2026-05-16T16:07:17.269914,GET,/api/mixed/db/1/,4.83,247,0,
2026-05-16T16:07:17.276866,GET,/api/mixed/http/,109.16,55353,0,
2026-05-16T16:07:17.287228,GET,/api/mixed/http/,107.31,55353,0,
2026-05-16T16:07:17.297683,GET,/api/mixed/db/1/,4.09,247,0,
2026-05-16T16:07:17.306887,GET,/api/mixed/pipeline/1/,2.82,82,0,
2026-05-16T16:07:17.312064,GET,/api/mixed/db/1/,3.9,247,0,
2026-05-16T16:07:17.322545,GET,/api/mixed/pipeline/1/,3.7,82,0,
2026-05-16T16:07:17.323837,GET,/api/mixed/db/1/,4.58,247,0,
2026-05-16T16:07:17.348614,GET,/api/mixed/http/,107.56,55353,0,
2026-05-16T16:07:17.373852,GET,/api/mixed/http/,109.34,55353,0,
2026-05-16T16:07:17.380140,GET,/api/mixed/http/,111.52,55353,0,
2026-05-16T16:07:17.386402,GET,/api/mixed/pipeline/1/,3.69,82,0,
2026-05-16T16:07:17.386843,GET,/api/mixed/pipeline/1/,2.95,82,0,
2026-05-16T16:07:17.408276,GET,/api/mixed/db/1/,3.72,247,0,
2026-05-16T16:07:17.426959,GET,/api/mixed/db/1/,3.98,247,0,
2026-05-16T16:07:17.428051,GET,/api/mixed/http/,109.68,55353,0,
2026-05-16T16:07:17.428453,GET,/api/mixed/db/1/,5.98,247,0,
2026-05-16T16:07:17.431323,GET,/api/mixed/db/1/,4.24,247,0,
2026-05-16T16:07:17.436961,GET,/api/mixed/db/1/,4.42,247,0,
2026-05-16T16:07:17.441990,GET,/api/mixed/pipeline/1/,2.69,82,0,
2026-05-16T16:07:17.447771,GET,/api/mixed/http/,108.64,55353,0,
2026-05-16T16:07:17.454203,GET,/api/mixed/db/1/,4.05,247,0,
2026-05-16T16:07:17.463740,GET,/api/mixed/http/,107.81,55353,0,
2026-05-16T16:07:17.473053,GET,/api/mixed/pipeline/1/,3.06,82,0,
2026-05-16T16:07:17.478730,GET,/api/mixed/http/,108.2,55353,0,
2026-05-16T16:07:17.479528,GET,/api/mixed/pipeline/1/,3.24,82,0,
2026-05-16T16:07:17.499990,GET,/api/mixed/db/1/,4.08,247,0,
2026-05-16T16:07:17.508476,GET,/api/mixed/db/1/,4.11,247,0,
2026-05-16T16:07:17.511497,GET,/api/mixed/http/,108.36,55353,0,
2026-05-16T16:07:17.516552,GET,/api/mixed/db/1/,3.7,247,0,
2026-05-16T16:07:17.538984,GET,/api/mixed/pipeline/1/,3.04,82,0,
2026-05-16T16:07:17.545141,GET,/api/mixed/db/1/,3.8,247,0,
2026-05-16T16:07:17.552394,GET,/api/mixed/db/1/,3.87,247,0,
2026-05-16T16:07:17.554148,GET,/api/mixed/pipeline/1/,3.16,82,0,
2026-05-16T16:07:17.569849,GET,/api/mixed/pipeline/1/,3.36,82,0,
2026-05-16T16:07:17.570761,GET,/api/mixed/pipeline/1/,3.79,82,0,
2026-05-16T16:07:17.571755,GET,/api/mixed/pipeline/1/,3.18,82,0,
2026-05-16T16:07:17.582884,GET,/api/mixed/db/1/,3.84,247,0,
2026-05-16T16:07:17.625706,GET,/api/mixed/pipeline/1/,9.43,82,0,
2026-05-16T16:07:17.636108,GET,/api/mixed/db/1/,3.81,247,0,
2026-05-16T16:07:17.646289,GET,/api/mixed/db/1/,3.83,247,0,
2026-05-16T16:07:17.672193,GET,/api/mixed/db/1/,4.68,247,0,
2026-05-16T16:07:17.709619,GET,/api/mixed/db/1/,4.04,247,0,
2026-05-16T16:07:17.713494,GET,/api/mixed/db/1/,3.75,247,0,
2026-05-16T16:07:17.721296,GET,/api/mixed/pipeline/1/,2.92,82,0,
2026-05-16T16:07:17.732092,GET,/api/mixed/pipeline/1/,4.57,82,0,
2026-05-16T16:07:17.732679,GET,/api/mixed/pipeline/1/,4.09,82,0,
2026-05-16T16:07:17.752684,GET,/api/mixed/pipeline/1/,4.57,82,0,
2026-05-16T16:07:17.756702,GET,/api/mixed/pipeline/1/,6.01,82,0,
2026-05-16T16:07:17.757362,GET,/api/mixed/db/1/,6.07,247,0,
2026-05-16T16:07:17.772858,GET,/api/mixed/db/1/,5.08,247,0,
2026-05-16T16:07:17.773961,GET,/api/mixed/pipeline/1/,3.33,82,0,
2026-05-16T16:07:17.777628,GET,/api/mixed/http/,109.53,55353,0,
2026-05-16T16:07:17.792245,GET,/api/mixed/pipeline/1/,3.22,82,0,
2026-05-16T16:07:17.802531,GET,/api/mixed/pipeline/1/,4.03,82,0,
2026-05-16T16:07:17.814208,GET,/api/mixed/pipeline/1/,2.91,82,0,
2026-05-16T16:07:17.820980,GET,/api/mixed/http/,108.83,55353,0,
2026-05-16T16:07:17.853948,GET,/api/mixed/pipeline/1/,5.94,82,0,
2026-05-16T16:07:17.856082,GET,/api/mixed/pipeline/1/,4.23,82,0,
2026-05-16T16:07:17.874748,GET,/api/mixed/pipeline/1/,11.4,82,0,
2026-05-16T16:07:17.877509,GET,/api/mixed/db/1/,6.28,247,0,
2026-05-16T16:07:17.883932,GET,/api/mixed/http/,112.28,55353,0,
2026-05-16T16:07:17.904567,GET,/api/mixed/http/,109.06,55353,0,
2026-05-16T16:07:17.911737,GET,/api/mixed/http/,107.9,55353,0,
2026-05-16T16:07:17.936315,GET,/api/mixed/db/1/,4.84,247,0,
2026-05-16T16:07:17.936787,GET,/api/mixed/db/1/,4.94,247,0,
2026-05-16T16:07:17.937307,GET,/api/mixed/pipeline/1/,6.36,82,0,
2026-05-16T16:07:17.939252,GET,/api/mixed/pipeline/1/,4.44,82,0,
2026-05-16T16:07:17.939705,GET,/api/mixed/pipeline/1/,4.3,82,0,
2026-05-16T16:07:17.944189,GET,/api/mixed/http/,107.8,55353,0,
2026-05-16T16:07:17.958422,GET,/api/mixed/db/1/,3.89,247,0,
2026-05-16T16:07:17.965546,GET,/api/mixed/pipeline/1/,2.78,82,0,
2026-05-16T16:07:17.976174,GET,/api/mixed/http/,112.35,55353,0,
2026-05-16T16:07:17.978515,GET,/api/mixed/pipeline/1/,3.81,82,0,
2026-05-16T16:07:17.979960,GET,/api/mixed/http/,109.72,55353,0,
2026-05-16T16:07:17.989477,GET,/api/mixed/http/,109.7,55353,0,
2026-05-16T16:07:17.990181,GET,/api/mixed/db/1/,5.02,247,0,
2026-05-16T16:07:17.992786,GET,/api/mixed/pipeline/1/,4.23,82,0,
2026-05-16T16:07:17.998213,GET,/api/mixed/http/,108.1,55353,0,
2026-05-16T16:07:18.007939,GET,/api/mixed/db/1/,4.52,247,0,
2026-05-16T16:07:18.017442,GET,/api/mixed/db/1/,3.66,247,0,
2026-05-16T16:07:18.027624,GET,/api/mixed/db/1/,3.82,247,0,
2026-05-16T16:07:18.032968,GET,/api/mixed/http/,107.8,55353,0,
2026-05-16T16:07:18.044253,GET,/api/mixed/db/1/,3.86,247,0,
2026-05-16T16:07:18.065513,GET,/api/mixed/pipeline/1/,2.93,82,0,
2026-05-16T16:07:18.070872,GET,/api/mixed/pipeline/1/,3.0,82,0,
2026-05-16T16:07:18.097498,GET,/api/mixed/http/,109.37,55353,0,
2026-05-16T16:07:18.097955,GET,/api/mixed/http/,111.37,55353,0,
2026-05-16T16:07:18.101541,GET,/api/mixed/http/,107.55,55353,0,
2026-05-16T16:07:18.102899,GET,/api/mixed/db/1/,3.71,247,0,
2026-05-16T16:07:18.112035,GET,/api/mixed/db/1/,6.43,247,0,
2026-05-16T16:07:18.118655,GET,/api/mixed/http/,108.36,55353,0,
2026-05-16T16:07:18.123883,GET,/api/mixed/db/1/,3.85,247,0,
2026-05-16T16:07:18.161759,GET,/api/mixed/pipeline/1/,3.04,82,0,
2026-05-16T16:07:18.189149,GET,/api/mixed/pipeline/1/,3.16,82,0,
2026-05-16T16:07:18.211694,GET,/api/mixed/http/,107.41,55353,0,
2026-05-16T16:07:18.239061,GET,/api/mixed/http/,107.84,55353,0,
2026-05-16T16:07:18.251969,GET,/api/mixed/db/1/,4.14,247,0,
2026-05-16T16:07:18.268329,GET,/api/mixed/db/1/,6.04,247,0,
2026-05-16T16:07:18.301596,GET,/api/mixed/http/,110.15,55353,0,
2026-05-16T16:07:18.314704,GET,/api/mixed/http/,109.77,55353,0,
2026-05-16T16:07:18.316005,GET,/api/mixed/db/1/,5.55,247,0,
2026-05-16T16:07:18.329979,GET,/api/mixed/db/1/,4.39,247,0,
2026-05-16T16:07:18.340015,GET,/api/mixed/http/,109.03,55353,0,
2026-05-16T16:07:18.361366,GET,/api/mixed/http/,114.02,55353,0,
2026-05-16T16:07:18.370895,GET,/api/mixed/db/1/,6.68,247,0,
2026-05-16T16:07:18.371353,GET,/api/mixed/db/1/,5.5,247,0,
2026-05-16T16:07:18.371780,GET,/api/mixed/http/,109.0,55353,0,
2026-05-16T16:07:18.382924,GET,/api/mixed/pipeline/1/,2.91,82,0,
2026-05-16T16:07:18.391314,GET,/api/mixed/http/,109.62,55353,0,
2026-05-16T16:07:18.409649,GET,/api/mixed/http/,110.07,55353,0,
2026-05-16T16:07:18.413189,GET,/api/mixed/db/1/,4.57,247,0,
2026-05-16T16:07:18.425241,GET,/api/mixed/http/,110.4,55353,0,
2026-05-16T16:07:18.432533,GET,/api/mixed/http/,109.74,55353,0,
2026-05-16T16:07:18.437310,GET,/api/mixed/http/,108.36,55353,0,
2026-05-16T16:07:18.439914,GET,/api/mixed/pipeline/1/,4.92,82,0,
2026-05-16T16:07:18.459682,GET,/api/mixed/pipeline/1/,3.56,82,0,
2026-05-16T16:07:18.463160,GET,/api/mixed/db/1/,4.32,247,0,
2026-05-16T16:07:18.473780,GET,/api/mixed/http/,110.13,55353,0,
2026-05-16T16:07:18.487236,GET,/api/mixed/db/1/,6.09,247,0,
2026-05-16T16:07:18.498547,GET,/api/mixed/db/1/,3.96,247,0,
2026-05-16T16:07:18.537712,GET,/api/mixed/db/1/,5.79,247,0,
2026-05-16T16:07:18.540267,GET,/api/mixed/http/,108.74,55353,0,
2026-05-16T16:07:18.554837,GET,/api/mixed/http/,108.56,55353,0,
2026-05-16T16:07:18.567008,GET,/api/mixed/db/1/,3.88,247,0,
2026-05-16T16:07:18.591587,GET,/api/mixed/pipeline/1/,3.12,82,0,
2026-05-16T16:07:18.604898,GET,/api/mixed/pipeline/1/,6.14,82,0,
2026-05-16T16:07:18.605567,GET,/api/mixed/pipeline/1/,3.79,82,0,
2026-05-16T16:07:18.635707,GET,/api/mixed/pipeline/1/,2.89,82,0,
2026-05-16T16:07:18.636189,GET,/api/mixed/db/1/,4.7,247,0,
2026-05-16T16:07:18.641231,GET,/api/mixed/http/,130.38,55353,0,
2026-05-16T16:07:18.641855,GET,/api/mixed/http/,109.55,55353,0,
2026-05-16T16:07:18.642491,GET,/api/mixed/http/,109.52,55353,0,
2026-05-16T16:07:18.642951,GET,/api/mixed/http/,111.48,55353,0,
2026-05-16T16:07:18.645864,GET,/api/mixed/pipeline/1/,2.81,82,0,
2026-05-16T16:07:18.646275,GET,/api/mixed/db/1/,5.99,247,0,
2026-05-16T16:07:18.647085,GET,/api/mixed/http/,108.15,55353,0,
2026-05-16T16:07:18.653251,GET,/api/mixed/db/1/,3.86,247,0,
2026-05-16T16:07:18.655424,GET,/api/mixed/pipeline/1/,3.73,82,0,
2026-05-16T16:07:18.655810,GET,/api/mixed/pipeline/1/,3.67,82,0,
2026-05-16T16:07:18.700828,GET,/api/mixed/http/,107.98,55353,0,
2026-05-16T16:07:18.707006,GET,/api/mixed/db/1/,3.8,247,0,
2026-05-16T16:07:18.716921,GET,/api/mixed/http/,107.94,55353,0,
2026-05-16T16:07:18.718118,GET,/api/mixed/db/1/,4.42,247,0,
2026-05-16T16:07:18.729832,GET,/api/mixed/db/1/,4.37,247,0,
2026-05-16T16:07:18.736824,GET,/api/mixed/pipeline/1/,2.81,82,0,
2026-05-16T16:07:18.746084,GET,/api/mixed/pipeline/1/,4.0,82,0,
2026-05-16T16:07:18.747820,GET,/api/mixed/pipeline/1/,2.67,82,0,
2026-05-16T16:07:18.762938,GET,/api/mixed/pipeline/1/,2.92,82,0,
2026-05-16T16:07:18.767308,GET,/api/mixed/pipeline/1/,2.6,82,0,
2026-05-16T16:07:18.768682,GET,/api/mixed/db/1/,4.4,247,0,
2026-05-16T16:07:18.772945,GET,/api/mixed/db/1/,4.16,247,0,
2026-05-16T16:07:18.776903,GET,/api/mixed/http/,108.75,55353,0,
2026-05-16T16:07:18.777962,GET,/api/mixed/db/1/,3.76,247,0,
2026-05-16T16:07:18.815723,GET,/api/mixed/http/,107.36,55353,0,
2026-05-16T16:07:18.818739,GET,/api/mixed/db/1/,4.6,247,0,
2026-05-16T16:07:18.822745,GET,/api/mixed/http/,107.72,55353,0,
2026-05-16T16:07:18.823801,GET,/api/mixed/pipeline/1/,2.82,82,0,
2026-05-16T16:07:18.852346,GET,/api/mixed/http/,108.88,55353,0,
2026-05-16T16:07:18.879039,GET,/api/mixed/http/,107.84,55353,0,
2026-05-16T16:07:18.900912,GET,/api/mixed/pipeline/1/,2.9,82,0,
2026-05-16T16:07:18.946570,GET,/api/mixed/http/,108.28,55353,0,
2026-05-16T16:07:18.958407,GET,/api/mixed/http/,108.51,55353,0,
2026-05-16T16:07:18.967528,GET,/api/mixed/db/1/,5.38,247,0,
2026-05-16T16:07:18.971771,GET,/api/mixed/http/,108.06,55353,0,
2026-05-16T16:07:18.981112,GET,/api/mixed/db/1/,3.95,247,0,
2026-05-16T16:07:18.994432,GET,/api/mixed/http/,108.12,55353,0,
2026-05-16T16:07:18.994891,GET,/api/mixed/db/1/,4.98,247,0,
2026-05-16T16:07:18.997050,GET,/api/mixed/db/1/,5.8,247,0,
2026-05-16T16:07:19.009438,GET,/api/mixed/pipeline/1/,6.14,82,0,
2026-05-16T16:07:19.010027,GET,/api/mixed/pipeline/1/,4.66,82,0,
2026-05-16T16:07:19.010469,GET,/api/mixed/pipeline/1/,3.43,82,0,
2026-05-16T16:07:19.022808,GET,/api/mixed/db/1/,6.08,247,0,
2026-05-16T16:07:19.026796,GET,/api/mixed/db/1/,3.84,247,0,
2026-05-16T16:07:19.034369,GET,/api/mixed/http/,109.15,55353,0,
2026-05-16T16:07:19.045027,GET,/api/mixed/db/1/,4.1,247,0,
2026-05-16T16:07:19.047191,GET,/api/mixed/db/1/,3.8,247,0,
2026-05-16T16:07:19.060346,GET,/api/mixed/http/,108.38,55353,0,
2026-05-16T16:07:19.065715,GET,/api/mixed/http/,108.48,55353,0,
2026-05-16T16:07:19.085751,GET,/api/mixed/db/1/,5.58,247,0,
2026-05-16T16:07:19.093944,GET,/api/mixed/db/1/,11.12,247,0,
2026-05-16T16:07:19.095797,GET,/api/mixed/pipeline/1/,4.43,82,0,
2026-05-16T16:07:19.096531,GET,/api/mixed/http/,113.17,55353,0,
2026-05-16T16:07:19.098199,GET,/api/mixed/http/,108.81,55353,0,
2026-05-16T16:07:19.102821,GET,/api/mixed/http/,110.25,55353,0,
2026-05-16T16:07:19.105324,GET,/api/mixed/pipeline/1/,5.88,82,0,
2026-05-16T16:07:19.108292,GET,/api/mixed/pipeline/1/,4.32,82,0,
2026-05-16T16:07:19.112548,GET,/api/mixed/pipeline/1/,3.0,82,0,
2026-05-16T16:07:19.126035,GET,/api/mixed/pipeline/1/,3.1,82,0,
2026-05-16T16:07:19.150101,GET,/api/mixed/db/1/,4.22,247,0,
2026-05-16T16:07:19.156097,GET,/api/mixed/pipeline/1/,3.54,82,0,
2026-05-16T16:07:19.171048,GET,/api/mixed/db/1/,6.16,247,0,
2026-05-16T16:07:19.173478,GET,/api/mixed/db/1/,4.85,247,0,
2026-05-16T16:07:19.176020,GET,/api/mixed/pipeline/1/,3.38,82,0,
2026-05-16T16:07:19.176439,GET,/api/mixed/pipeline/1/,2.73,82,0,
2026-05-16T16:07:19.190905,GET,/api/mixed/pipeline/1/,3.07,82,0,
2026-05-16T16:07:19.193699,GET,/api/mixed/pipeline/1/,2.67,82,0,
2026-05-16T16:07:19.214958,GET,/api/mixed/http/,109.5,55353,0,
2026-05-16T16:07:19.242647,GET,/api/mixed/db/1/,5.04,247,0,
2026-05-16T16:07:19.243244,GET,/api/mixed/db/1/,4.61,247,0,
2026-05-16T16:07:19.243668,GET,/api/mixed/pipeline/1/,4.14,82,0,
2026-05-16T16:07:19.246726,GET,/api/mixed/db/1/,5.02,247,0,
2026-05-16T16:07:19.249072,GET,/api/mixed/http/,107.84,55353,0,
2026-05-16T16:07:19.262486,GET,/api/mixed/db/1/,4.03,247,0,
2026-05-16T16:07:19.268727,GET,/api/mixed/http/,108.27,55353,0,
2026-05-16T16:07:19.276388,GET,/api/mixed/pipeline/1/,2.85,82,0,
2026-05-16T16:07:19.277898,GET,/api/mixed/http/,108.13,55353,0,
2026-05-16T16:07:19.294127,GET,/api/mixed/db/1/,3.91,247,0,
2026-05-16T16:07:19.306993,GET,/api/mixed/db/1/,4.01,247,0,
2026-05-16T16:07:19.320795,GET,/api/mixed/db/1/,3.98,247,0,
2026-05-16T16:07:19.322644,GET,/api/mixed/http/,107.56,55353,0,
2026-05-16T16:07:19.354578,GET,/api/mixed/pipeline/1/,2.77,82,0,
2026-05-16T16:07:19.375827,GET,/api/mixed/http/,108.21,55353,0,
2026-05-16T16:07:19.406326,GET,/api/mixed/http/,107.9,55353,0,
2026-05-16T16:07:19.426013,GET,/api/mixed/http/,109.71,55353,0,
2026-05-16T16:07:19.444241,GET,/api/mixed/pipeline/1/,2.95,82,0,
2026-05-16T16:07:19.456750,GET,/api/mixed/http/,107.74,55353,0,
2026-05-16T16:07:19.484132,GET,/api/mixed/db/1/,4.18,247,0,
2026-05-16T16:07:19.487793,GET,/api/mixed/http/,109.69,55353,0,
2026-05-16T16:07:19.490195,GET,/api/mixed/pipeline/1/,4.33,82,0,
2026-05-16T16:07:19.490830,GET,/api/mixed/db/1/,5.47,247,0,
2026-05-16T16:07:19.509099,GET,/api/mixed/http/,108.52,55353,0,
2026-05-16T16:07:19.512676,GET,/api/mixed/db/1/,4.63,247,0,
2026-05-16T16:07:19.524467,GET,/api/mixed/pipeline/1/,3.49,82,0,
2026-05-16T16:07:19.539545,GET,/api/mixed/pipeline/1/,2.76,82,0,
2026-05-16T16:07:19.539978,GET,/api/mixed/pipeline/1/,5.0,82,0,
2026-05-16T16:07:19.540421,GET,/api/mixed/http/,108.01,55353,0,
2026-05-16T16:07:19.547596,GET,/api/mixed/pipeline/1/,2.8,82,0,
2026-05-16T16:07:19.565937,GET,/api/mixed/db/1/,3.94,247,0,
2026-05-16T16:07:19.577380,GET,/api/mixed/db/1/,4.24,247,0,
2026-05-16T16:07:19.609196,GET,/api/mixed/http/,108.17,55353,0,
2026-05-16T16:07:19.610794,GET,/api/mixed/db/1/,4.01,247,0,
2026-05-16T16:07:19.616979,GET,/api/mixed/http/,107.71,55353,0,
2026-05-16T16:07:19.619184,GET,/api/mixed/db/1/,4.18,247,0,
2026-05-16T16:07:19.621355,GET,/api/mixed/pipeline/1/,3.12,82,0,
2026-05-16T16:07:19.631179,GET,/api/mixed/http/,107.68,55353,0,
2026-05-16T16:07:19.639953,GET,/api/mixed/pipeline/1/,3.51,82,0,
2026-05-16T16:07:19.640884,GET,/api/mixed/pipeline/1/,3.02,82,0,
2026-05-16T16:07:19.644491,GET,/api/mixed/http/,108.12,55353,0,
2026-05-16T16:07:19.668078,GET,/api/mixed/pipeline/1/,4.22,82,0,
2026-05-16T16:07:19.668851,GET,/api/mixed/db/1/,3.93,247,0,
2026-05-16T16:07:19.670843,GET,/api/mixed/db/1/,3.92,247,0,
2026-05-16T16:07:19.692895,GET,/api/mixed/pipeline/1/,2.88,82,0,
2026-05-16T16:07:19.694045,GET,/api/mixed/http/,107.73,55353,0,
2026-05-16T16:07:19.706010,GET,/api/mixed/http/,107.96,55353,0,
2026-05-16T16:07:19.735984,GET,/api/mixed/pipeline/1/,3.72,82,0,
2026-05-16T16:07:19.737611,GET,/api/mixed/db/1/,3.95,247,0,
2026-05-16T16:07:19.746954,GET,/api/mixed/http/,108.12,55353,0,
2026-05-16T16:07:19.762759,GET,/api/mixed/pipeline/1/,2.99,82,0,
2026-05-16T16:07:19.779427,GET,/api/mixed/pipeline/1/,3.95,82,0,
2026-05-16T16:07:19.807911,GET,/api/mixed/db/1/,5.34,247,0,
2026-05-16T16:07:19.830875,GET,/api/mixed/pipeline/1/,3.64,82,0,
2026-05-16T16:07:19.844037,GET,/api/mixed/db/1/,6.71,247,0,
2026-05-16T16:07:19.844526,GET,/api/mixed/db/1/,5.5,247,0,
2026-05-16T16:07:19.852182,GET,/api/mixed/http/,111.19,55353,0,
2026-05-16T16:07:19.859814,GET,/api/mixed/pipeline/1/,3.36,82,0,
2026-05-16T16:07:19.861964,GET,/api/mixed/http/,108.64,55353,0,
2026-05-16T16:07:19.862418,GET,/api/mixed/pipeline/1/,3.48,82,0,
2026-05-16T16:07:19.863130,GET,/api/mixed/http/,109.29,55353,0,
2026-05-16T16:07:19.872373,GET,/api/mixed/http/,107.42,55353,0,
2026-05-16T16:07:19.881634,GET,/api/mixed/pipeline/1/,4.38,82,0,
2026-05-16T16:07:19.882282,GET,/api/mixed/db/1/,5.49,247,0,
2026-05-16T16:07:19.897890,GET,/api/mixed/http/,108.18,55353,0,
2026-05-16T16:07:19.902893,GET,/api/mixed/pipeline/1/,2.81,82,0,
2026-05-16T16:07:19.914255,GET,/api/mixed/http/,108.94,55353,0,
2026-05-16T16:07:19.919237,GET,/api/mixed/db/1/,3.73,247,0,
2026-05-16T16:07:19.935574,GET,/api/mixed/pipeline/1/,3.07,82,0,
2026-05-16T16:07:19.959641,GET,/api/mixed/db/1/,3.82,247,0,
2026-05-16T16:07:20.000194,GET,/api/mixed/http/,108.66,55353,0,
2026-05-16T16:07:20.010599,GET,/api/mixed/db/1/,5.14,247,0,
2026-05-16T16:07:20.011071,GET,/api/mixed/db/1/,5.06,247,0,
2026-05-16T16:07:20.025430,GET,/api/mixed/pipeline/1/,3.47,82,0,
2026-05-16T16:07:20.052539,GET,/api/mixed/db/1/,4.85,247,0,
2026-05-16T16:07:20.056341,GET,/api/mixed/db/1/,4.6,247,0,
2026-05-16T16:07:20.060966,GET,/api/mixed/http/,108.0,55353,0,
2026-05-16T16:07:20.069851,GET,/api/mixed/http/,107.88,55353,0,
2026-05-16T16:07:20.076967,GET,/api/mixed/http/,107.46,55353,0,
2026-05-16T16:07:20.078836,GET,/api/mixed/pipeline/1/,3.32,82,0,
2026-05-16T16:07:20.095482,GET,/api/mixed/pipeline/1/,3.67,82,0,
2026-05-16T16:07:20.096427,GET,/api/mixed/db/1/,5.09,247,0,
2026-05-16T16:07:20.099325,GET,/api/mixed/db/1/,4.94,247,0,
2026-05-16T16:07:20.099747,GET,/api/mixed/db/1/,4.13,247,0,
2026-05-16T16:07:20.100851,GET,/api/mixed/http/,107.9,55353,0,
2026-05-16T16:07:20.110708,GET,/api/mixed/pipeline/1/,3.64,82,0,
2026-05-16T16:07:20.118065,GET,/api/mixed/http/,109.01,55353,0,
2026-05-16T16:07:20.127243,GET,/api/mixed/pipeline/1/,2.79,82,0,
2026-05-16T16:07:20.142344,GET,/api/mixed/pipeline/1/,2.88,82,0,
2026-05-16T16:07:20.152047,GET,/api/mixed/http/,107.94,55353,0,
2026-05-16T16:07:20.156008,GET,/api/mixed/db/1/,3.84,247,0,
2026-05-16T16:07:20.159634,GET,/api/mixed/http/,108.42,55353,0,
2026-05-16T16:07:20.172779,GET,/api/mixed/pipeline/1/,2.83,82,0,
2026-05-16T16:07:20.177384,GET,/api/mixed/http/,109.12,55353,0,
2026-05-16T16:07:20.217364,GET,/api/mixed/pipeline/1/,3.07,82,0,
2026-05-16T16:07:20.217835,GET,/api/mixed/http/,108.01,55353,0,
2026-05-16T16:07:20.231993,GET,/api/mixed/db/1/,4.16,247,0,
2026-05-16T16:07:20.234093,GET,/api/mixed/pipeline/1/,3.01,82,0,
2026-05-16T16:07:20.261035,GET,/api/mixed/pipeline/1/,3.36,82,0,
2026-05-16T16:07:20.261445,GET,/api/mixed/pipeline/1/,2.7,82,0,
2026-05-16T16:07:20.282524,GET,/api/mixed/pipeline/1/,3.76,82,0,
2026-05-16T16:07:20.284334,GET,/api/mixed/db/1/,4.37,247,0,
2026-05-16T16:07:20.310461,GET,/api/mixed/db/1/,3.88,247,0,
2026-05-16T16:07:20.312070,GET,/api/mixed/http/,108.37,55353,0,
2026-05-16T16:07:20.315358,GET,/api/mixed/db/1/,4.17,247,0,
2026-05-16T16:07:20.334556,GET,/api/mixed/http/,109.41,55353,0,
2026-05-16T16:07:20.341691,GET,/api/mixed/pipeline/1/,2.89,82,0,
2026-05-16T16:07:20.348705,GET,/api/mixed/db/1/,3.67,247,0,
2026-05-16T16:07:20.367295,GET,/api/mixed/db/1/,4.78,247,0,
2026-05-16T16:07:20.370443,GET,/api/mixed/db/1/,4.6,247,0,
2026-05-16T16:07:20.371373,GET,/api/mixed/db/1/,5.06,247,0,
2026-05-16T16:07:20.382502,GET,/api/mixed/db/1/,3.83,247,0,
2026-05-16T16:07:20.388194,GET,/api/mixed/http/,107.41,55353,0,
2026-05-16T16:07:20.389411,GET,/api/mixed/db/1/,3.69,247,0,
2026-05-16T16:07:20.400654,GET,/api/mixed/db/1/,3.91,247,0,
2026-05-16T16:07:20.409003,GET,/api/mixed/pipeline/1/,3.01,82,0,
2026-05-16T16:07:20.435577,GET,/api/mixed/db/1/,3.88,247,0,
2026-05-16T16:07:20.441640,GET,/api/mixed/pipeline/1/,2.89,82,0,
2026-05-16T16:07:20.442152,GET,/api/mixed/http/,109.52,55353,0,
2026-05-16T16:07:20.459299,GET,/api/mixed/pipeline/1/,2.92,82,0,
2026-05-16T16:07:20.459769,GET,/api/mixed/http/,107.73,55353,0,
2026-05-16T16:07:20.488129,GET,/api/mixed/db/1/,3.97,247,0,
2026-05-16T16:07:20.505430,GET,/api/mixed/pipeline/1/,2.69,82,0,
2026-05-16T16:07:20.516652,GET,/api/mixed/http/,107.53,55353,0,
2026-05-16T16:07:20.517098,GET,/api/mixed/pipeline/1/,3.49,82,0,
2026-05-16T16:07:20.517469,GET,/api/mixed/pipeline/1/,3.4,82,0,
2026-05-16T16:07:20.538666,GET,/api/mixed/pipeline/1/,3.0,82,0,
2026-05-16T16:07:20.543851,GET,/api/mixed/pipeline/1/,2.81,82,0,
2026-05-16T16:07:20.566219,GET,/api/mixed/pipeline/1/,2.93,82,0,
2026-05-16T16:07:20.571485,GET,/api/mixed/db/1/,3.95,247,0,
2026-05-16T16:07:20.577843,GET,/api/mixed/http/,112.66,55353,0,
2026-05-16T16:07:20.583473,GET,/api/mixed/http/,108.87,55353,0,
2026-05-16T16:07:20.586009,GET,/api/mixed/pipeline/1/,3.93,82,0,
2026-05-16T16:07:20.589313,GET,/api/mixed/db/1/,4.28,247,0,
2026-05-16T16:07:20.593434,GET,/api/mixed/pipeline/1/,2.77,82,0,
2026-05-16T16:07:20.601210,GET,/api/mixed/pipeline/1/,3.1,82,0,
2026-05-16T16:07:20.610693,GET,/api/mixed/http/,109.24,55353,0,
2026-05-16T16:07:20.614843,GET,/api/mixed/pipeline/1/,2.92,82,0,
2026-05-16T16:07:20.616190,GET,/api/mixed/db/1/,5.02,247,0,
2026-05-16T16:07:20.635763,GET,/api/mixed/db/1/,4.32,247,0,
2026-05-16T16:07:20.642502,GET,/api/mixed/pipeline/1/,4.23,82,0,
2026-05-16T16:07:20.666311,GET,/api/mixed/http/,108.14,55353,0,
2026-05-16T16:07:20.671288,GET,/api/mixed/http/,108.48,55353,0,
2026-05-16T16:07:20.682409,GET,/api/mixed/db/1/,5.55,247,0,
2026-05-16T16:07:20.687892,GET,/api/mixed/http/,113.26,55353,0,
2026-05-16T16:07:20.717350,GET,/api/mixed/db/1/,4.84,247,0,
2026-05-16T16:07:20.718067,GET,/api/mixed/http/,108.63,55353,0,
2026-05-16T16:07:20.744986,GET,/api/mixed/http/,109.1,55353,0,
2026-05-16T16:07:20.745477,GET,/api/mixed/http/,108.58,55353,0,
2026-05-16T16:07:20.788474,GET,/api/mixed/pipeline/1/,3.07,82,0,
2026-05-16T16:07:20.796747,GET,/api/mixed/db/1/,3.93,247,0,
2026-05-16T16:07:20.818539,GET,/api/mixed/http/,111.16,55353,0,
2026-05-16T16:07:20.822792,GET,/api/mixed/pipeline/1/,3.43,82,0,
2026-05-16T16:07:20.832620,GET,/api/mixed/db/1/,5.51,247,0,
2026-05-16T16:07:20.834974,GET,/api/mixed/pipeline/1/,3.82,82,0,
2026-05-16T16:07:20.851969,GET,/api/mixed/db/1/,4.04,247,0,
2026-05-16T16:07:20.852383,GET,/api/mixed/db/1/,4.94,247,0,
2026-05-16T16:07:20.856880,GET,/api/mixed/http/,108.09,55353,0,
2026-05-16T16:07:20.869945,GET,/api/mixed/db/1/,4.36,247,0,
2026-05-16T16:07:20.880374,GET,/api/mixed/pipeline/1/,2.83,82,0,
2026-05-16T16:07:20.887648,GET,/api/mixed/pipeline/1/,3.91,82,0,
2026-05-16T16:07:20.909836,GET,/api/mixed/pipeline/1/,3.01,82,0,
2026-05-16T16:07:20.920893,GET,/api/mixed/db/1/,3.79,247,0,
2026-05-16T16:07:20.929443,GET,/api/mixed/db/1/,4.29,247,0,
2026-05-16T16:07:20.933171,GET,/api/mixed/db/1/,3.59,247,0,
2026-05-16T16:07:20.940042,GET,/api/mixed/http/,108.46,55353,0,
2026-05-16T16:07:20.940513,GET,/api/mixed/http/,109.93,55353,0,
2026-05-16T16:07:20.963391,GET,/api/mixed/http/,108.79,55353,0,
2026-05-16T16:07:20.963825,GET,/api/mixed/db/1/,4.09,247,0,
2026-05-16T16:07:20.964242,GET,/api/mixed/http/,108.7,55353,0,
2026-05-16T16:07:20.968223,GET,/api/mixed/db/1/,3.89,247,0,
2026-05-16T16:07:20.973932,GET,/api/mixed/http/,107.3,55353,0,
2026-05-16T16:07:20.980747,GET,/api/mixed/pipeline/1/,3.62,82,0,
2026-05-16T16:07:20.982861,GET,/api/mixed/http/,107.74,55353,0,
2026-05-16T16:07:20.983336,GET,/api/mixed/pipeline/1/,3.41,82,0,
2026-05-16T16:07:20.983706,GET,/api/mixed/pipeline/1/,4.32,82,0,
2026-05-16T16:07:20.992975,GET,/api/mixed/http/,108.29,55353,0,
2026-05-16T16:07:20.993469,GET,/api/mixed/http/,108.16,55353,0,
2026-05-16T16:07:20.993936,GET,/api/mixed/http/,107.97,55353,0,
2026-05-16T16:07:21.010435,GET,/api/mixed/db/1/,4.2,247,0,
2026-05-16T16:07:21.019689,GET,/api/mixed/db/1/,3.87,247,0,
2026-05-16T16:07:21.033516,GET,/api/mixed/db/1/,4.97,247,0,
2026-05-16T16:07:21.086076,GET,/api/mixed/pipeline/1/,2.72,82,0,
2026-05-16T16:07:21.087059,GET,/api/mixed/http/,108.74,55353,0,
2026-05-16T16:07:21.095097,GET,/api/mixed/pipeline/1/,2.66,82,0,
2026-05-16T16:07:21.106349,GET,/api/mixed/db/1/,4.07,247,0,
2026-05-16T16:07:21.109171,GET,/api/mixed/db/1/,3.87,247,0,
2026-05-16T16:07:21.136518,GET,/api/mixed/db/1/,4.07,247,0,
2026-05-16T16:07:21.137664,GET,/api/mixed/http/,109.61,55353,0,
2026-05-16T16:07:21.140822,GET,/api/mixed/http/,108.19,55353,0,
2026-05-16T16:07:21.142770,GET,/api/mixed/http/,113.84,55353,0,
2026-05-16T16:07:21.143745,GET,/api/mixed/http/,113.54,55353,0,
2026-05-16T16:07:21.144879,GET,/api/mixed/http/,108.06,55353,0,
2026-05-16T16:07:21.147701,GET,/api/mixed/db/1/,4.81,247,0,
2026-05-16T16:07:21.158564,GET,/api/mixed/pipeline/1/,2.8,82,0,
2026-05-16T16:07:21.165622,GET,/api/mixed/db/1/,3.82,247,0,
2026-05-16T16:07:21.178675,GET,/api/mixed/http/,109.17,55353,0,
2026-05-16T16:07:21.179344,GET,/api/mixed/http/,107.79,55353,0,
2026-05-16T16:07:21.190534,GET,/api/mixed/http/,108.6,55353,0,
2026-05-16T16:07:21.194167,GET,/api/mixed/db/1/,4.69,247,0,
2026-05-16T16:07:21.197668,GET,/api/mixed/db/1/,4.35,247,0,
2026-05-16T16:07:21.202827,GET,/api/mixed/pipeline/1/,2.76,82,0,
2026-05-16T16:07:21.210032,GET,/api/mixed/db/1/,3.86,247,0,
2026-05-16T16:07:21.243684,GET,/api/mixed/db/1/,3.91,247,0,
2026-05-16T16:07:21.245516,GET,/api/mixed/pipeline/1/,3.18,82,0,
2026-05-16T16:07:21.250510,GET,/api/mixed/http/,108.79,55353,0,
2026-05-16T16:07:21.258943,GET,/api/mixed/http/,107.92,55353,0,
2026-05-16T16:07:21.269083,GET,/api/mixed/pipeline/1/,2.84,82,0,
2026-05-16T16:07:21.277766,GET,/api/mixed/http/,107.97,55353,0,
2026-05-16T16:07:21.279920,GET,/api/mixed/http/,107.58,55353,0,
2026-05-16T16:07:21.309659,GET,/api/mixed/db/1/,7.03,247,0,
2026-05-16T16:07:21.310321,GET,/api/mixed/db/1/,8.29,247,0,
2026-05-16T16:07:21.317668,GET,/api/mixed/http/,109.11,55353,0,
2026-05-16T16:07:21.328987,GET,/api/mixed/db/1/,3.95,247,0,
2026-05-16T16:07:21.368582,GET,/api/mixed/pipeline/1/,4.24,82,0,
2026-05-16T16:07:21.377321,GET,/api/mixed/pipeline/1/,3.43,82,0,
2026-05-16T16:07:21.378786,GET,/api/mixed/db/1/,3.94,247,0,
2026-05-16T16:07:21.387716,GET,/api/mixed/http/,108.68,55353,0,
2026-05-16T16:07:21.390884,GET,/api/mixed/db/1/,4.18,247,0,
2026-05-16T16:07:21.427974,GET,/api/mixed/db/1/,4.1,247,0,
2026-05-16T16:07:21.443410,GET,/api/mixed/http/,108.25,55353,0,
2026-05-16T16:07:21.446272,GET,/api/mixed/pipeline/1/,2.74,82,0,
2026-05-16T16:07:21.463678,GET,/api/mixed/db/1/,4.12,247,0,
2026-05-16T16:07:21.464310,GET,/api/mixed/http/,107.54,55353,0,
2026-05-16T16:07:21.474515,GET,/api/mixed/http/,109.31,55353,0,
2026-05-16T16:07:21.475485,GET,/api/mixed/http/,110.65,55353,0,
2026-05-16T16:07:21.496389,GET,/api/mixed/pipeline/1/,5.53,82,0,
2026-05-16T16:07:21.497637,GET,/api/mixed/db/1/,4.99,247,0,
2026-05-16T16:07:21.498539,GET,/api/mixed/pipeline/1/,3.14,82,0,
2026-05-16T16:07:21.504396,GET,/api/mixed/http/,108.03,55353,0,
2026-05-16T16:07:21.576230,GET,/api/mixed/db/1/,5.64,247,0,
2026-05-16T16:07:21.582909,GET,/api/mixed/http/,111.35,55353,0,
2026-05-16T16:07:21.585481,GET,/api/mixed/http/,108.17,55353,0,
2026-05-16T16:07:21.596417,GET,/api/mixed/http/,109.46,55353,0,
2026-05-16T16:07:21.606060,GET,/api/mixed/http/,108.31,55353,0,
2026-05-16T16:07:21.623686,GET,/api/mixed/http/,108.93,55353,0,
2026-05-16T16:07:21.627092,GET,/api/mixed/db/1/,4.73,247,0,
2026-05-16T16:07:21.638919,GET,/api/mixed/pipeline/1/,4.53,82,0,
2026-05-16T16:07:21.646853,GET,/api/mixed/http/,110.36,55353,0,
2026-05-16T16:07:21.657351,GET,/api/mixed/http/,108.73,55353,0,
2026-05-16T16:07:21.659596,GET,/api/mixed/pipeline/1/,3.42,82,0,
2026-05-16T16:07:21.681371,GET,/api/mixed/pipeline/1/,3.53,82,0,
2026-05-16T16:07:21.707766,GET,/api/mixed/http/,109.11,55353,0,
2026-05-16T16:07:21.708772,GET,/api/mixed/http/,108.8,55353,0,
2026-05-16T16:07:21.712375,GET,/api/mixed/db/1/,5.96,247,0,
2026-05-16T16:07:21.729229,GET,/api/mixed/pipeline/1/,4.07,82,0,
2026-05-16T16:07:21.730433,GET,/api/mixed/db/1/,4.4,247,0,
2026-05-16T16:07:21.738459,GET,/api/mixed/pipeline/1/,3.84,82,0,
2026-05-16T16:07:21.743869,GET,/api/mixed/db/1/,6.36,247,0,
2026-05-16T16:07:21.747390,GET,/api/mixed/db/1/,4.68,247,0,
2026-05-16T16:07:21.764604,GET,/api/mixed/db/1/,5.08,247,0,
2026-05-16T16:07:21.776913,GET,/api/mixed/db/1/,5.07,247,0,
2026-05-16T16:07:21.803871,GET,/api/mixed/http/,112.19,55353,0,
2026-05-16T16:07:21.808656,GET,/api/mixed/db/1/,4.64,247,0,
2026-05-16T16:07:21.814768,GET,/api/mixed/db/1/,3.74,247,0,
2026-05-16T16:07:21.833660,GET,/api/mixed/http/,109.81,55353,0,
2026-05-16T16:07:21.846298,GET,/api/mixed/pipeline/1/,3.7,82,0,
2026-05-16T16:07:21.850237,GET,/api/mixed/pipeline/1/,2.72,82,0,
2026-05-16T16:07:21.856229,GET,/api/mixed/pipeline/1/,2.74,82,0,
2026-05-16T16:07:21.868232,GET,/api/mixed/http/,109.53,55353,0,
2026-05-16T16:07:21.874233,GET,/api/mixed/pipeline/1/,2.8,82,0,
2026-05-16T16:07:21.880590,GET,/api/mixed/http/,109.66,55353,0,
2026-05-16T16:07:21.884698,GET,/api/mixed/pipeline/1/,2.87,82,0,
2026-05-16T16:07:21.908017,GET,/api/mixed/http/,110.22,55353,0,
2026-05-16T16:07:21.917327,GET,/api/mixed/pipeline/1/,2.93,82,0,
2026-05-16T16:07:21.921246,GET,/api/mixed/pipeline/1/,2.58,82,0,
2026-05-16T16:07:21.928598,GET,/api/mixed/http/,107.45,55353,0,
2026-05-16T16:07:21.944083,GET,/api/mixed/http/,108.99,55353,0,
2026-05-16T16:07:21.961886,GET,/api/mixed/pipeline/1/,3.0,82,0,
2026-05-16T16:07:21.962291,GET,/api/mixed/pipeline/1/,3.89,82,0,
2026-05-16T16:07:21.972010,GET,/api/mixed/pipeline/1/,2.99,82,0,
2026-05-16T16:07:21.990688,GET,/api/mixed/db/1/,4.3,247,0,
2026-05-16T16:07:22.004234,GET,/api/mixed/db/1/,4.31,247,0,
2026-05-16T16:07:22.004706,GET,/api/mixed/db/1/,6.89,247,0,
2026-05-16T16:07:22.038514,GET,/api/mixed/http/,107.69,55353,0,
2026-05-16T16:07:22.064299,GET,/api/mixed/pipeline/1/,3.02,82,0,
2026-05-16T16:07:22.066439,GET,/api/mixed/db/1/,3.72,247,0,
2026-05-16T16:07:22.074619,GET,/api/mixed/http/,108.05,55353,0,
2026-05-16T16:07:22.078286,GET,/api/mixed/db/1/,4.64,247,0,
2026-05-16T16:07:22.139580,GET,/api/mixed/pipeline/1/,3.11,82,0,
2026-05-16T16:07:22.142535,GET,/api/mixed/http/,108.56,55353,0,
2026-05-16T16:07:22.145975,GET,/api/mixed/db/1/,4.32,247,0,
2026-05-16T16:07:22.147840,GET,/api/mixed/pipeline/1/,3.3,82,0,
2026-05-16T16:07:22.165042,GET,/api/mixed/pipeline/1/,2.9,82,0,
2026-05-16T16:07:22.168688,GET,/api/mixed/http/,108.46,55353,0,
2026-05-16T16:07:22.169588,GET,/api/mixed/pipeline/1/,3.37,82,0,
2026-05-16T16:07:22.185943,GET,/api/mixed/http/,108.53,55353,0,
2026-05-16T16:07:22.206844,GET,/api/mixed/pipeline/1/,3.55,82,0,
2026-05-16T16:07:22.208711,GET,/api/mixed/pipeline/1/,2.96,82,0,
2026-05-16T16:07:22.216365,GET,/api/mixed/db/1/,3.86,247,0,
2026-05-16T16:07:22.240577,GET,/api/mixed/db/1/,3.81,247,0,
2026-05-16T16:07:22.245649,GET,/api/mixed/pipeline/1/,2.85,82,0,
2026-05-16T16:07:22.254487,GET,/api/mixed/db/1/,4.5,247,0,
2026-05-16T16:07:22.274167,GET,/api/mixed/db/1/,4.31,247,0,
2026-05-16T16:07:22.282295,GET,/api/mixed/http/,108.33,55353,0,
2026-05-16T16:07:22.282799,GET,/api/mixed/http/,107.82,55353,0,
2026-05-16T16:07:22.283366,GET,/api/mixed/db/1/,3.92,247,0,
2026-05-16T16:07:22.291845,GET,/api/mixed/http/,110.47,55353,0,
2026-05-16T16:07:22.302054,GET,/api/mixed/db/1/,3.87,247,0,
2026-05-16T16:07:22.308666,GET,/api/mixed/pipeline/1/,2.75,82,0,
2026-05-16T16:07:22.314257,GET,/api/mixed/http/,109.65,55353,0,
2026-05-16T16:07:22.317037,GET,/api/mixed/pipeline/1/,4.12,82,0,
2026-05-16T16:07:22.317666,GET,/api/mixed/db/1/,5.12,247,0,
2026-05-16T16:07:22.318054,GET,/api/mixed/db/1/,6.08,247,0,
2026-05-16T16:07:22.318495,GET,/api/mixed/http/,108.44,55353,0,
2026-05-16T16:07:22.326569,GET,/api/mixed/db/1/,3.8,247,0,
2026-05-16T16:07:22.335488,GET,/api/mixed/http/,107.75,55353,0,
2026-05-16T16:07:22.338677,GET,/api/mixed/http/,107.47,55353,0,
2026-05-16T16:07:22.380037,GET,/api/mixed/http/,107.61,55353,0,
2026-05-16T16:07:22.410898,GET,/api/mixed/http/,107.57,55353,0,
2026-05-16T16:07:22.413077,GET,/api/mixed/pipeline/1/,3.18,82,0,
2026-05-16T16:07:22.444378,GET,/api/mixed/db/1/,3.93,247,0,
2026-05-16T16:07:22.449583,GET,/api/mixed/pipeline/1/,2.84,82,0,
2026-05-16T16:07:22.457675,GET,/api/mixed/db/1/,4.99,247,0,
2026-05-16T16:07:22.462701,GET,/api/mixed/pipeline/1/,2.7,82,0,
2026-05-16T16:07:22.467580,GET,/api/mixed/pipeline/1/,2.54,82,0,
2026-05-16T16:07:22.471947,GET,/api/mixed/pipeline/1/,3.16,82,0,
2026-05-16T16:07:22.473955,GET,/api/mixed/http/,107.95,55353,0,
2026-05-16T16:07:22.480728,GET,/api/mixed/http/,109.0,55353,0,
2026-05-16T16:07:22.500109,GET,/api/mixed/db/1/,4.0,247,0,
2026-05-16T16:07:22.502567,GET,/api/mixed/http/,108.29,55353,0,
2026-05-16T16:07:22.549998,GET,/api/mixed/pipeline/1/,3.07,82,0,
2026-05-16T16:07:22.561438,GET,/api/mixed/http/,109.21,55353,0,
2026-05-16T16:07:22.573737,GET,/api/mixed/db/1/,3.93,247,0,
2026-05-16T16:07:22.577227,GET,/api/mixed/http/,107.53,55353,0,
2026-05-16T16:07:22.582321,GET,/api/mixed/db/1/,3.85,247,0,
2026-05-16T16:07:22.588609,GET,/api/mixed/db/1/,3.75,247,0,
2026-05-16T16:07:22.601739,GET,/api/mixed/pipeline/1/,2.83,82,0,
2026-05-16T16:07:22.660598,GET,/api/mixed/pipeline/1/,3.01,82,0,
2026-05-16T16:07:22.671814,GET,/api/mixed/db/1/,3.85,247,0,
2026-05-16T16:07:22.683276,GET,/api/mixed/http/,108.32,55353,0,
2026-05-16T16:07:22.688881,GET,/api/mixed/http/,107.95,55353,0,
2026-05-16T16:07:22.704206,GET,/api/mixed/db/1/,3.95,247,0,
2026-05-16T16:07:22.713258,GET,/api/mixed/db/1/,3.65,247,0,
2026-05-16T16:07:22.725297,GET,/api/mixed/db/1/,3.69,247,0,
2026-05-16T16:07:22.732329,GET,/api/mixed/db/1/,3.84,247,0,
2026-05-16T16:07:22.737740,GET,/api/mixed/http/,107.72,55353,0,
2026-05-16T16:07:22.743196,GET,/api/mixed/http/,108.4,55353,0,
2026-05-16T16:07:22.763360,GET,/api/mixed/db/1/,3.93,247,0,
2026-05-16T16:07:22.772426,GET,/api/mixed/db/1/,3.69,247,0,
2026-05-16T16:07:22.791333,GET,/api/mixed/db/1/,4.52,247,0,
2026-05-16T16:07:22.809774,GET,/api/mixed/db/1/,6.07,247,0,
2026-05-16T16:07:22.822437,GET,/api/mixed/db/1/,3.95,247,0,
2026-05-16T16:07:22.833191,GET,/api/mixed/db/1/,4.14,247,0,
2026-05-16T16:07:22.875738,GET,/api/mixed/http/,107.97,55353,0,
2026-05-16T16:07:22.907042,GET,/api/mixed/pipeline/1/,2.73,82,0,
2026-05-16T16:07:22.912383,GET,/api/mixed/http/,108.19,55353,0,
2026-05-16T16:07:22.912857,GET,/api/mixed/http/,108.29,55353,0,
2026-05-16T16:07:22.916970,GET,/api/mixed/http/,108.14,55353,0,
2026-05-16T16:07:22.920261,GET,/api/mixed/db/1/,4.19,247,0,
2026-05-16T16:07:22.926667,GET,/api/mixed/http/,109.13,55353,0,
2026-05-16T16:07:22.927152,GET,/api/mixed/http/,110.12,55353,0,
2026-05-16T16:07:22.927544,GET,/api/mixed/pipeline/1/,4.05,82,0,
2026-05-16T16:07:22.930156,GET,/api/mixed/http/,107.61,55353,0,
2026-05-16T16:07:22.940840,GET,/api/mixed/http/,108.47,55353,0,
2026-05-16T16:07:22.941720,GET,/api/mixed/http/,108.29,55353,0,
2026-05-16T16:07:22.948240,GET,/api/mixed/http/,108.25,55353,0,
2026-05-16T16:07:22.952376,GET,/api/mixed/pipeline/1/,2.76,82,0,
2026-05-16T16:07:22.955769,GET,/api/mixed/http/,107.43,55353,0,
2026-05-16T16:07:22.965957,GET,/api/mixed/db/1/,3.66,247,0,
2026-05-16T16:07:22.971703,GET,/api/mixed/http/,107.62,55353,0,
2026-05-16T16:07:22.977696,GET,/api/mixed/pipeline/1/,2.84,82,0,
2026-05-16T16:07:23.001023,GET,/api/mixed/pipeline/1/,3.23,82,0,
2026-05-16T16:07:23.003214,GET,/api/mixed/db/1/,4.28,247,0,
2026-05-16T16:07:23.005406,GET,/api/mixed/http/,109.44,55353,0,
2026-05-16T16:07:23.007243,GET,/api/mixed/db/1/,4.98,247,0,
2026-05-16T16:07:23.009311,GET,/api/mixed/pipeline/1/,2.95,82,0,
2026-05-16T16:07:23.014219,GET,/api/mixed/db/1/,3.57,247,0,
2026-05-16T16:07:23.025881,GET,/api/mixed/pipeline/1/,3.28,82,0,
2026-05-16T16:07:23.041940,GET,/api/mixed/db/1/,3.87,247,0,
2026-05-16T16:07:23.042678,GET,/api/mixed/http/,108.24,55353,0,
2026-05-16T16:07:23.068592,GET,/api/mixed/http/,107.4,55353,0,
2026-05-16T16:07:23.069079,GET,/api/mixed/http/,108.91,55353,0,
2026-05-16T16:07:23.073586,GET,/api/mixed/http/,107.51,55353,0,
2026-05-16T16:07:23.091664,GET,/api/mixed/db/1/,3.89,247,0,
2026-05-16T16:07:23.096613,GET,/api/mixed/pipeline/1/,2.74,82,0,
2026-05-16T16:07:23.101489,GET,/api/mixed/db/1/,3.63,247,0,
2026-05-16T16:07:23.102854,GET,/api/mixed/http/,107.86,55353,0,
2026-05-16T16:07:23.108461,GET,/api/mixed/pipeline/1/,3.42,82,0,
2026-05-16T16:07:23.132779,GET,/api/mixed/db/1/,4.0,247,0,
2026-05-16T16:07:23.153620,GET,/api/mixed/pipeline/1/,2.96,82,0,
2026-05-16T16:07:23.164854,GET,/api/mixed/pipeline/1/,2.87,82,0,
2026-05-16T16:07:23.170869,GET,/api/mixed/db/1/,3.65,247,0,
2026-05-16T16:07:23.171822,GET,/api/mixed/http/,107.66,55353,0,
2026-05-16T16:07:23.190892,GET,/api/mixed/http/,108.01,55353,0,
2026-05-16T16:07:23.243580,GET,/api/mixed/http/,107.38,55353,0,
2026-05-16T16:07:23.261311,GET,/api/mixed/db/1/,3.86,247,0,
2026-05-16T16:07:23.262351,GET,/api/mixed/http/,107.38,55353,0,
2026-05-16T16:07:23.268236,GET,/api/mixed/http/,110.66,55353,0,
2026-05-16T16:07:23.271554,GET,/api/mixed/db/1/,6.49,247,0,
2026-05-16T16:07:23.275965,GET,/api/mixed/http/,109.73,55353,0,
2026-05-16T16:07:23.278200,GET,/api/mixed/pipeline/1/,4.45,82,0,
2026-05-16T16:07:23.287099,GET,/api/mixed/db/1/,3.71,247,0,
2026-05-16T16:07:23.298015,GET,/api/mixed/pipeline/1/,3.01,82,0,
2026-05-16T16:07:23.300064,GET,/api/mixed/db/1/,5.6,247,0,
2026-05-16T16:07:23.302482,GET,/api/mixed/http/,108.37,55353,0,
2026-05-16T16:07:23.303365,GET,/api/mixed/db/1/,4.19,247,0,
2026-05-16T16:07:23.309296,GET,/api/mixed/db/1/,3.72,247,0,
2026-05-16T16:07:23.314852,GET,/api/mixed/db/1/,4.34,247,0,
2026-05-16T16:07:23.315594,GET,/api/mixed/http/,107.89,55353,0,
2026-05-16T16:07:23.317946,GET,/api/mixed/pipeline/1/,3.85,82,0,
2026-05-16T16:07:23.318613,GET,/api/mixed/db/1/,4.95,247,0,
2026-05-16T16:07:23.329970,GET,/api/mixed/http/,107.79,55353,0,
2026-05-16T16:07:23.333791,GET,/api/mixed/db/1/,3.7,247,0,
2026-05-16T16:07:23.343738,GET,/api/mixed/pipeline/1/,2.74,82,0,
2026-05-16T16:07:23.346166,GET,/api/mixed/http/,107.53,55353,0,
2026-05-16T16:07:23.359232,GET,/api/mixed/db/1/,3.86,247,0,
2026-05-16T16:07:23.361243,GET,/api/mixed/http/,108.31,55353,0,
2026-05-16T16:07:23.365109,GET,/api/mixed/db/1/,3.76,247,0,
2026-05-16T16:07:23.371233,GET,/api/mixed/pipeline/1/,2.75,82,0,
2026-05-16T16:07:23.375077,GET,/api/mixed/http/,108.27,55353,0,
2026-05-16T16:07:23.375765,GET,/api/mixed/http/,113.0,55353,0,
2026-05-16T16:07:23.388994,GET,/api/mixed/pipeline/1/,2.87,82,0,
2026-05-16T16:07:23.401243,GET,/api/mixed/pipeline/1/,2.9,82,0,
2026-05-16T16:07:23.408145,GET,/api/mixed/db/1/,5.5,247,0,
2026-05-16T16:07:23.408875,GET,/api/mixed/pipeline/1/,2.81,82,0,
2026-05-16T16:07:23.412761,GET,/api/mixed/db/1/,3.75,247,0,
2026-05-16T16:07:23.421793,GET,/api/mixed/pipeline/1/,2.69,82,0,
2026-05-16T16:07:23.446425,GET,/api/mixed/pipeline/1/,3.42,82,0,
2026-05-16T16:07:23.460771,GET,/api/mixed/pipeline/1/,2.69,82,0,
2026-05-16T16:07:23.461392,GET,/api/mixed/db/1/,4.39,247,0,
2026-05-16T16:07:23.491403,GET,/api/mixed/db/1/,4.63,247,0,
2026-05-16T16:07:23.494478,GET,/api/mixed/db/1/,4.01,247,0,
2026-05-16T16:07:23.517018,GET,/api/mixed/db/1/,4.68,247,0,
2026-05-16T16:07:23.522992,GET,/api/mixed/db/1/,3.67,247,0,
2026-05-16T16:07:23.525743,GET,/api/mixed/db/1/,3.95,247,0,
2026-05-16T16:07:23.542467,GET,/api/mixed/db/1/,3.83,247,0,
2026-05-16T16:07:23.544400,GET,/api/mixed/pipeline/1/,3.33,82,0,
2026-05-16T16:07:23.549572,GET,/api/mixed/pipeline/1/,2.93,82,0,
2026-05-16T16:07:23.550526,GET,/api/mixed/db/1/,4.88,247,0,
2026-05-16T16:07:23.551240,GET,/api/mixed/http/,107.71,55353,0,
2026-05-16T16:07:23.553767,GET,/api/mixed/pipeline/1/,4.08,82,0,
2026-05-16T16:07:23.575978,GET,/api/mixed/http/,108.21,55353,0,
2026-05-16T16:07:23.586021,GET,/api/mixed/pipeline/1/,2.82,82,0,
2026-05-16T16:07:23.587434,GET,/api/mixed/http/,108.11,55353,0,
2026-05-16T16:07:23.610232,GET,/api/mixed/http/,108.42,55353,0,
2026-05-16T16:07:23.625534,GET,/api/mixed/pipeline/1/,2.94,82,0,
2026-05-16T16:07:23.640756,GET,/api/mixed/http/,107.78,55353,0,
2026-05-16T16:07:23.653057,GET,/api/mixed/db/1/,3.95,247,0,
2026-05-16T16:07:23.661998,GET,/api/mixed/http/,109.1,55353,0,
2026-05-16T16:07:23.665139,GET,/api/mixed/pipeline/1/,5.74,82,0,
2026-05-16T16:07:23.665540,GET,/api/mixed/pipeline/1/,3.43,82,0,
2026-05-16T16:07:23.674606,GET,/api/mixed/http/,108.1,55353,0,
2026-05-16T16:07:23.737261,GET,/api/mixed/pipeline/1/,2.96,82,0,
2026-05-16T16:07:23.764212,GET,/api/mixed/pipeline/1/,3.41,82,0,
2026-05-16T16:07:23.769324,GET,/api/mixed/http/,109.44,55353,0,
2026-05-16T16:07:23.770183,GET,/api/mixed/pipeline/1/,2.78,82,0,
2026-05-16T16:07:23.781575,GET,/api/mixed/http/,107.87,55353,0,
2026-05-16T16:07:23.783625,GET,/api/mixed/db/1/,3.79,247,0,
2026-05-16T16:07:23.784193,GET,/api/mixed/db/1/,4.82,247,0,
2026-05-16T16:07:23.798901,GET,/api/mixed/db/1/,3.79,247,0,
2026-05-16T16:07:23.814145,GET,/api/mixed/pipeline/1/,2.9,82,0,
2026-05-16T16:07:23.818798,GET,/api/mixed/http/,108.3,55353,0,
2026-05-16T16:07:23.832058,GET,/api/mixed/db/1/,3.87,247,0,
2026-05-16T16:07:23.842995,GET,/api/mixed/pipeline/1/,2.69,82,0,
2026-05-16T16:07:23.848159,GET,/api/mixed/http/,107.55,55353,0,
2026-05-16T16:07:23.853401,GET,/api/mixed/db/1/,6.2,247,0,
2026-05-16T16:07:23.853861,GET,/api/mixed/db/1/,3.96,247,0,
2026-05-16T16:07:23.854258,GET,/api/mixed/db/1/,4.95,247,0,
2026-05-16T16:07:23.868678,GET,/api/mixed/http/,108.43,55353,0,
2026-05-16T16:07:23.888047,GET,/api/mixed/pipeline/1/,3.02,82,0,
2026-05-16T16:07:23.893821,GET,/api/mixed/http/,108.31,55353,0,
2026-05-16T16:07:23.903170,GET,/api/mixed/pipeline/1/,3.56,82,0,
2026-05-16T16:07:23.903593,GET,/api/mixed/pipeline/1/,3.04,82,0,
2026-05-16T16:07:23.903957,GET,/api/mixed/pipeline/1/,4.93,82,0,
2026-05-16T16:07:23.922061,GET,/api/mixed/http/,107.8,55353,0,
2026-05-16T16:07:23.927032,GET,/api/mixed/db/1/,3.71,247,0,
2026-05-16T16:07:23.932360,GET,/api/mixed/pipeline/1/,2.93,82,0,
2026-05-16T16:07:23.936776,GET,/api/mixed/pipeline/1/,3.14,82,0,
2026-05-16T16:07:23.947325,GET,/api/mixed/http/,108.07,55353,0,
2026-05-16T16:07:23.951614,GET,/api/mixed/pipeline/1/,2.93,82,0,
2026-05-16T16:07:23.957066,GET,/api/mixed/http/,108.56,55353,0,
2026-05-16T16:07:23.957474,GET,/api/mixed/pipeline/1/,2.7,82,0,
2026-05-16T16:07:23.978735,GET,/api/mixed/db/1/,3.96,247,0,
2026-05-16T16:07:23.995507,GET,/api/mixed/pipeline/1/,3.4,82,0,
2026-05-16T16:07:24.012185,GET,/api/mixed/db/1/,4.09,247,0,
2026-05-16T16:07:24.014344,GET,/api/mixed/http/,108.1,55353,0,
2026-05-16T16:07:24.021903,GET,/api/mixed/pipeline/1/,3.39,82,0,
2026-05-16T16:07:24.023570,GET,/api/mixed/pipeline/1/,2.58,82,0,
2026-05-16T16:07:24.029103,GET,/api/mixed/db/1/,4.15,247,0,
2026-05-16T16:07:24.058017,GET,/api/mixed/pipeline/1/,3.03,82,0,
2026-05-16T16:07:24.103095,GET,/api/mixed/http/,108.5,55353,0,
2026-05-16T16:07:24.105369,GET,/api/mixed/pipeline/1/,3.23,82,0,
2026-05-16T16:07:24.106021,GET,/api/mixed/db/1/,5.27,247,0,
2026-05-16T16:07:24.133749,GET,/api/mixed/db/1/,3.87,247,0,
2026-05-16T16:07:24.135931,GET,/api/mixed/http/,107.71,55353,0,
2026-05-16T16:07:24.182510,GET,/api/mixed/db/1/,3.84,247,0,
2026-05-16T16:07:24.188819,GET,/api/mixed/http/,107.4,55353,0,
2026-05-16T16:07:24.189307,GET,/api/mixed/http/,108.95,55353,0,
2026-05-16T16:07:24.231165,GET,/api/mixed/http/,107.83,55353,0,
2026-05-16T16:07:24.259913,GET,/api/mixed/db/1/,3.98,247,0,
2026-05-16T16:07:24.276906,GET,/api/mixed/http/,108.73,55353,0,
2026-05-16T16:07:24.279993,GET,/api/mixed/db/1/,4.78,247,0,
2026-05-16T16:07:24.324969,GET,/api/mixed/pipeline/1/,4.73,82,0,
2026-05-16T16:07:24.325714,GET,/api/mixed/pipeline/1/,4.17,82,0,
2026-05-16T16:07:24.328365,GET,/api/mixed/pipeline/1/,4.6,82,0,
2026-05-16T16:07:24.334302,GET,/api/mixed/db/1/,4.63,247,0,
2026-05-16T16:07:24.345359,GET,/api/mixed/http/,107.97,55353,0,
2026-05-16T16:07:24.346022,GET,/api/mixed/pipeline/1/,3.5,82,0,
2026-05-16T16:07:24.360968,GET,/api/mixed/pipeline/1/,2.91,82,0,
2026-05-16T16:07:24.371056,GET,/api/mixed/db/1/,3.74,247,0,
2026-05-16T16:07:24.376324,GET,/api/mixed/db/1/,3.9,247,0,
2026-05-16T16:07:24.380060,GET,/api/mixed/db/1/,3.62,247,0,
2026-05-16T16:07:24.410275,GET,/api/mixed/pipeline/1/,2.99,82,0,
2026-05-16T16:07:24.432005,GET,/api/mixed/pipeline/1/,2.86,82,0,
2026-05-16T16:07:24.460144,GET,/api/mixed/http/,107.72,55353,0,
2026-05-16T16:07:24.460559,GET,/api/mixed/pipeline/1/,3.26,82,0,
2026-05-16T16:07:24.475667,GET,/api/mixed/pipeline/1/,2.8,82,0,
2026-05-16T16:07:24.480679,GET,/api/mixed/db/1/,3.73,247,0,
2026-05-16T16:07:24.482545,GET,/api/mixed/pipeline/1/,3.2,82,0,
2026-05-16T16:07:24.499322,GET,/api/mixed/pipeline/1/,2.83,82,0,
2026-05-16T16:07:24.527430,GET,/api/mixed/http/,107.93,55353,0,
2026-05-16T16:07:24.533767,GET,/api/mixed/db/1/,3.74,247,0,
2026-05-16T16:07:24.547645,GET,/api/mixed/db/1/,4.54,247,0,
2026-05-16T16:07:24.554017,GET,/api/mixed/db/1/,3.73,247,0,
2026-05-16T16:07:24.601991,GET,/api/mixed/db/1/,4.67,247,0,
2026-05-16T16:07:24.602591,GET,/api/mixed/db/1/,4.17,247,0,
2026-05-16T16:07:24.604850,GET,/api/mixed/http/,108.95,55353,0,
2026-05-16T16:07:24.624559,GET,/api/mixed/db/1/,6.33,247,0,
2026-05-16T16:07:24.635503,GET,/api/mixed/db/1/,7.62,247,0,
2026-05-16T16:07:24.640641,GET,/api/mixed/http/,111.79,55353,0,
2026-05-16T16:07:24.650290,GET,/api/mixed/db/1/,6.11,247,0,
2026-05-16T16:07:24.651212,GET,/api/mixed/db/1/,8.21,247,0,
2026-05-16T16:07:24.658529,GET,/api/mixed/http/,111.95,55353,0,
2026-05-16T16:07:24.660164,GET,/api/mixed/db/1/,6.67,247,0,
2026-05-16T16:07:24.672232,GET,/api/mixed/pipeline/1/,3.76,82,0,
2026-05-16T16:07:24.681172,GET,/api/mixed/pipeline/1/,3.66,82,0,
2026-05-16T16:07:24.691024,GET,/api/mixed/pipeline/1/,6.44,82,0,
2026-05-16T16:07:24.691852,GET,/api/mixed/db/1/,5.52,247,0,
2026-05-16T16:07:24.722338,GET,/api/mixed/pipeline/1/,3.75,82,0,
2026-05-16T16:07:24.725924,GET,/api/mixed/db/1/,4.61,247,0,
2026-05-16T16:07:24.734524,GET,/api/mixed/pipeline/1/,5.35,82,0,
2026-05-16T16:07:24.739818,GET,/api/mixed/pipeline/1/,4.94,82,0,
2026-05-16T16:07:24.761349,GET,/api/mixed/http/,109.96,55353,0,
2026-05-16T16:07:24.771163,GET,/api/mixed/db/1/,4.57,247,0,
2026-05-16T16:07:24.791010,GET,/api/mixed/http/,109.66,55353,0,
2026-05-16T16:07:24.801490,GET,/api/mixed/http/,108.42,55353,0,
2026-05-16T16:07:24.806947,GET,/api/mixed/http/,109.15,55353,0,
2026-05-16T16:07:24.825520,GET,/api/mixed/db/1/,4.28,247,0,
2026-05-16T16:07:24.835311,GET,/api/mixed/db/1/,6.01,247,0,
2026-05-16T16:07:24.835828,GET,/api/mixed/db/1/,5.21,247,0,
2026-05-16T16:07:24.838322,GET,/api/mixed/pipeline/1/,4.43,82,0,
2026-05-16T16:07:24.848345,GET,/api/mixed/http/,110.05,55353,0,
2026-05-16T16:07:24.848897,GET,/api/mixed/pipeline/1/,4.3,82,0,
2026-05-16T16:07:24.855256,GET,/api/mixed/http/,109.63,55353,0,
2026-05-16T16:07:24.863315,GET,/api/mixed/http/,107.95,55353,0,
2026-05-16T16:07:24.878156,GET,/api/mixed/pipeline/1/,3.42,82,0,
2026-05-16T16:07:24.878585,GET,/api/mixed/db/1/,5.06,247,0,
2026-05-16T16:07:24.884729,GET,/api/mixed/db/1/,3.95,247,0,
2026-05-16T16:07:24.892210,GET,/api/mixed/http/,108.78,55353,0,
2026-05-16T16:07:24.892689,GET,/api/mixed/pipeline/1/,4.71,82,0,
2026-05-16T16:07:24.893836,GET,/api/mixed/db/1/,4.07,247,0,
2026-05-16T16:07:24.899973,GET,/api/mixed/http/,110.69,55353,0,
2026-05-16T16:07:24.908512,GET,/api/mixed/http/,108.64,55353,0,
2026-05-16T16:07:24.935680,GET,/api/mixed/http/,108.9,55353,0,
2026-05-16T16:07:24.952238,GET,/api/mixed/pipeline/1/,3.28,82,0,
2026-05-16T16:07:24.962595,GET,/api/mixed/http/,108.48,55353,0,
2026-05-16T16:07:24.983352,GET,/api/mixed/pipeline/1/,6.05,82,0,
2026-05-16T16:07:24.987760,GET,/api/mixed/pipeline/1/,3.19,82,0,
2026-05-16T16:07:24.992964,GET,/api/mixed/db/1/,5.08,247,0,
2026-05-16T16:07:24.998089,GET,/api/mixed/http/,109.06,55353,0,
2026-05-16T16:07:25.002732,GET,/api/mixed/db/1/,4.16,247,0,
2026-05-16T16:07:25.033508,GET,/api/mixed/pipeline/1/,4.03,82,0,
2026-05-16T16:07:25.034079,GET,/api/mixed/http/,110.26,55353,0,
2026-05-16T16:07:25.037111,GET,/api/mixed/db/1/,5.32,247,0,
2026-05-16T16:07:25.039028,GET,/api/mixed/http/,107.76,55353,0,
2026-05-16T16:07:25.060635,GET,/api/mixed/pipeline/1/,2.9,82,0,
2026-05-16T16:07:25.061031,GET,/api/mixed/pipeline/1/,3.83,82,0,
2026-05-16T16:07:25.075249,GET,/api/mixed/pipeline/1/,2.88,82,0,
2026-05-16T16:07:25.088156,GET,/api/mixed/http/,108.35,55353,0,
2026-05-16T16:07:25.106041,GET,/api/mixed/db/1/,4.61,247,0,
2026-05-16T16:07:25.106507,GET,/api/mixed/http/,109.5,55353,0,
2026-05-16T16:07:25.107555,GET,/api/mixed/db/1/,5.63,247,0,
2026-05-16T16:07:25.111902,GET,/api/mixed/http/,108.96,55353,0,
2026-05-16T16:07:25.136808,GET,/api/mixed/http/,108.0,55353,0,
2026-05-16T16:07:25.152107,GET,/api/mixed/db/1/,3.93,247,0,
2026-05-16T16:07:25.161912,GET,/api/mixed/pipeline/1/,4.66,82,0,
2026-05-16T16:07:25.162698,GET,/api/mixed/pipeline/1/,6.34,82,0,
2026-05-16T16:07:25.163102,GET,/api/mixed/db/1/,6.23,247,0,
2026-05-16T16:07:25.164050,GET,/api/mixed/db/1/,5.25,247,0,
2026-05-16T16:07:25.164907,GET,/api/mixed/pipeline/1/,4.21,82,0,
2026-05-16T16:07:25.192274,GET,/api/mixed/pipeline/1/,3.04,82,0,
2026-05-16T16:07:25.195967,GET,/api/mixed/db/1/,3.56,247,0,
2026-05-16T16:07:25.224541,GET,/api/mixed/http/,111.3,55353,0,
2026-05-16T16:07:25.228498,GET,/api/mixed/http/,110.48,55353,0,
2026-05-16T16:07:25.233471,GET,/api/mixed/db/1/,3.64,247,0,
2026-05-16T16:07:25.236275,GET,/api/mixed/pipeline/1/,2.65,82,0,
2026-05-16T16:07:25.258359,GET,/api/mixed/pipeline/1/,2.85,82,0,
2026-05-16T16:07:25.267619,GET,/api/mixed/pipeline/1/,2.78,82,0,
2026-05-16T16:07:25.268960,GET,/api/mixed/http/,109.37,55353,0,
2026-05-16T16:07:25.270762,GET,/api/mixed/pipeline/1/,2.79,82,0,
2026-05-16T16:07:25.311947,GET,/api/mixed/http/,107.75,55353,0,
2026-05-16T16:07:25.332760,GET,/api/mixed/http/,107.9,55353,0,
2026-05-16T16:07:25.353594,GET,/api/mixed/db/1/,3.71,247,0,
2026-05-16T16:07:25.362654,GET,/api/mixed/pipeline/1/,2.8,82,0,
2026-05-16T16:07:25.372975,GET,/api/mixed/pipeline/1/,4.11,82,0,
2026-05-16T16:07:25.373577,GET,/api/mixed/db/1/,3.79,247,0,
2026-05-16T16:07:25.382125,GET,/api/mixed/db/1/,3.63,247,0,
2026-05-16T16:07:25.387615,GET,/api/mixed/http/,107.53,55353,0,
2026-05-16T16:07:25.402764,GET,/api/mixed/pipeline/1/,3.39,82,0,
2026-05-16T16:07:25.403276,GET,/api/mixed/pipeline/1/,3.39,82,0,
2026-05-16T16:07:25.403670,GET,/api/mixed/pipeline/1/,4.87,82,0,
2026-05-16T16:07:25.405742,GET,/api/mixed/db/1/,7.36,247,0,
2026-05-16T16:07:25.416674,GET,/api/mixed/http/,109.12,55353,0,
2026-05-16T16:07:25.422638,GET,/api/mixed/pipeline/1/,2.62,82,0,
2026-05-16T16:07:25.444143,GET,/api/mixed/pipeline/1/,3.2,82,0,
2026-05-16T16:07:25.446569,GET,/api/mixed/http/,107.62,55353,0,
2026-05-16T16:07:25.453098,GET,/api/mixed/http/,107.58,55353,0,
2026-05-16T16:07:25.458252,GET,/api/mixed/db/1/,3.88,247,0,
2026-05-16T16:07:25.472803,GET,/api/mixed/pipeline/1/,3.13,82,0,
2026-05-16T16:07:25.484278,GET,/api/mixed/http/,108.33,55353,0,
2026-05-16T16:07:25.488838,GET,/api/mixed/pipeline/1/,3.99,82,0,
2026-05-16T16:07:25.489660,GET,/api/mixed/db/1/,5.25,247,0,
2026-05-16T16:07:25.500657,GET,/api/mixed/db/1/,4.62,247,0,
2026-05-16T16:07:25.501106,GET,/api/mixed/db/1/,4.55,247,0,
2026-05-16T16:07:25.503324,GET,/api/mixed/http/,108.5,55353,0,
2026-05-16T16:07:25.504849,GET,/api/mixed/db/1/,5.55,247,0,
2026-05-16T16:07:25.505250,GET,/api/mixed/pipeline/1/,3.76,82,0,
2026-05-16T16:07:25.512477,GET,/api/mixed/http/,107.65,55353,0,
2026-05-16T16:07:25.522814,GET,/api/mixed/pipeline/1/,2.97,82,0,
2026-05-16T16:07:25.528715,GET,/api/mixed/db/1/,4.57,247,0,
2026-05-16T16:07:25.548278,GET,/api/mixed/http/,109.4,55353,0,
2026-05-16T16:07:25.550978,GET,/api/mixed/http/,107.74,55353,0,
2026-05-16T16:07:25.553139,GET,/api/mixed/pipeline/1/,3.64,82,0,
2026-05-16T16:07:25.577860,GET,/api/mixed/db/1/,4.52,247,0,
2026-05-16T16:07:25.593966,GET,/api/mixed/http/,108.66,55353,0,
2026-05-16T16:07:25.596466,GET,/api/mixed/pipeline/1/,3.51,82,0,
2026-05-16T16:07:25.596967,GET,/api/mixed/db/1/,5.17,247,0,
2026-05-16T16:07:25.599309,GET,/api/mixed/pipeline/1/,3.74,82,0,
2026-05-16T16:07:25.601949,GET,/api/mixed/pipeline/1/,2.54,82,0,
2026-05-16T16:07:25.615085,GET,/api/mixed/db/1/,3.8,247,0,
2026-05-16T16:07:25.632204,GET,/api/mixed/http/,107.61,55353,0,
2026-05-16T16:07:25.637156,GET,/api/mixed/http/,108.32,55353,0,
2026-05-16T16:07:25.649182,GET,/api/mixed/pipeline/1/,3.41,82,0,
2026-05-16T16:07:25.669257,GET,/api/mixed/pipeline/1/,2.78,82,0,
2026-05-16T16:07:25.684761,GET,/api/mixed/http/,107.89,55353,0,
2026-05-16T16:07:25.689279,GET,/api/mixed/pipeline/1/,3.33,82,0,
2026-05-16T16:07:25.696121,GET,/api/mixed/http/,108.36,55353,0,
2026-05-16T16:07:25.697167,GET,/api/mixed/db/1/,3.65,247,0,
2026-05-16T16:07:25.697842,GET,/api/mixed/http/,107.49,55353,0,
2026-05-16T16:07:25.727218,GET,/api/mixed/pipeline/1/,3.01,82,0,
2026-05-16T16:07:25.744083,GET,/api/mixed/http/,107.96,55353,0,
2026-05-16T16:07:25.750621,GET,/api/mixed/db/1/,5.17,247,0,
2026-05-16T16:07:25.753960,GET,/api/mixed/db/1/,4.24,247,0,
2026-05-16T16:07:25.756175,GET,/api/mixed/http/,107.88,55353,0,
2026-05-16T16:07:25.777349,GET,/api/mixed/http/,107.98,55353,0,
2026-05-16T16:07:25.781334,GET,/api/mixed/http/,107.49,55353,0,
2026-05-16T16:07:25.787883,GET,/api/mixed/db/1/,4.21,247,0,
2026-05-16T16:07:25.790228,GET,/api/mixed/pipeline/1/,3.23,82,0,
2026-05-16T16:07:25.794813,GET,/api/mixed/http/,107.54,55353,0,
2026-05-16T16:07:25.803864,GET,/api/mixed/db/1/,3.73,247,0,
2026-05-16T16:07:25.853662,GET,/api/mixed/http/,107.77,55353,0,
2026-05-16T16:07:25.859360,GET,/api/mixed/db/1/,4.32,247,0,
2026-05-16T16:07:25.863745,GET,/api/mixed/pipeline/1/,5.3,82,0,
2026-05-16T16:07:25.864150,GET,/api/mixed/pipeline/1/,3.1,82,0,
2026-05-16T16:07:25.869576,GET,/api/mixed/http/,108.12,55353,0,
2026-05-16T16:07:25.870072,GET,/api/mixed/pipeline/1/,3.49,82,0,
2026-05-16T16:07:25.872964,GET,/api/mixed/pipeline/1/,4.32,82,0,
2026-05-16T16:07:25.922114,GET,/api/mixed/db/1/,3.97,247,0,
2026-05-16T16:07:25.928942,GET,/api/mixed/pipeline/1/,3.49,82,0,
2026-05-16T16:07:25.940083,GET,/api/mixed/pipeline/1/,3.22,82,0,
2026-05-16T16:07:25.949139,GET,/api/mixed/pipeline/1/,2.86,82,0,
2026-05-16T16:07:25.969075,GET,/api/mixed/http/,109.55,55353,0,
2026-05-16T16:07:25.973384,GET,/api/mixed/http/,108.04,55353,0,
2026-05-16T16:07:25.976936,GET,/api/mixed/http/,109.1,55353,0,
2026-05-16T16:07:25.987158,GET,/api/mixed/pipeline/1/,2.84,82,0,
2026-05-16T16:07:26.017293,GET,/api/mixed/db/1/,3.89,247,0,
2026-05-16T16:07:26.026376,GET,/api/mixed/pipeline/1/,3.76,82,0,
2026-05-16T16:07:26.030189,GET,/api/mixed/pipeline/1/,2.55,82,0,
2026-05-16T16:07:26.040734,GET,/api/mixed/http/,107.39,55353,0,
2026-05-16T16:07:26.045161,GET,/api/mixed/http/,107.85,55353,0,
2026-05-16T16:07:26.049067,GET,/api/mixed/pipeline/1/,2.63,82,0,
2026-05-16T16:07:26.060984,GET,/api/mixed/http/,110.09,55353,0,
2026-05-16T16:07:26.088618,GET,/api/mixed/pipeline/1/,3.52,82,0,
2026-05-16T16:07:26.089264,GET,/api/mixed/db/1/,3.71,247,0,
2026-05-16T16:07:26.092837,GET,/api/mixed/db/1/,3.47,247,0,
2026-05-16T16:07:26.106970,GET,/api/mixed/pipeline/1/,2.78,82,0,
2026-05-16T16:07:26.116927,GET,/api/mixed/db/1/,3.77,247,0,
2026-05-16T16:07:26.130858,GET,/api/mixed/http/,109.19,55353,0,
2026-05-16T16:07:26.131737,GET,/api/mixed/http/,108.47,55353,0,
2026-05-16T16:07:26.132191,GET,/api/mixed/http/,108.28,55353,0,
2026-05-16T16:07:26.143283,GET,/api/mixed/db/1/,3.91,247,0,
2026-05-16T16:07:26.157183,GET,/api/mixed/pipeline/1/,3.11,82,0,
2026-05-16T16:07:26.169960,GET,/api/mixed/db/1/,3.72,247,0,
2026-05-16T16:07:26.187308,GET,/api/mixed/http/,107.85,55353,0,
2026-05-16T16:07:26.202798,GET,/api/mixed/db/1/,4.09,247,0,
2026-05-16T16:07:26.227721,GET,/api/mixed/db/1/,4.09,247,0,
2026-05-16T16:07:26.231741,GET,/api/mixed/http/,107.45,55353,0,
2026-05-16T16:07:26.254384,GET,/api/mixed/db/1/,4.34,247,0,
2026-05-16T16:07:26.255780,GET,/api/mixed/http/,109.14,55353,0,
2026-05-16T16:07:26.268642,GET,/api/mixed/http/,108.05,55353,0,
2026-05-16T16:07:26.299014,GET,/api/mixed/pipeline/1/,3.08,82,0,
2026-05-16T16:07:26.313397,GET,/api/mixed/db/1/,4.02,247,0,
2026-05-16T16:07:26.320790,GET,/api/mixed/http/,107.67,55353,0,
2026-05-16T16:07:26.352636,GET,/api/mixed/db/1/,3.69,247,0,
2026-05-16T16:07:26.377669,GET,/api/mixed/db/1/,4.76,247,0,
2026-05-16T16:07:26.383438,GET,/api/mixed/pipeline/1/,3.99,82,0,
2026-05-16T16:07:26.384460,GET,/api/mixed/db/1/,5.51,247,0,
2026-05-16T16:07:26.429654,GET,/api/mixed/db/1/,6.27,247,0,
2026-05-16T16:07:26.440047,GET,/api/mixed/db/1/,7.83,247,0,
2026-05-16T16:07:26.443343,GET,/api/mixed/db/1/,4.76,247,0,
2026-05-16T16:07:26.454022,GET,/api/mixed/http/,107.94,55353,0,
2026-05-16T16:07:26.465449,GET,/api/mixed/db/1/,4.07,247,0,
2026-05-16T16:07:26.504363,GET,/api/mixed/db/1/,3.98,247,0,
2026-05-16T16:07:26.509856,GET,/api/mixed/http/,108.02,55353,0,
2026-05-16T16:07:26.518764,GET,/api/mixed/pipeline/1/,5.29,82,0,
2026-05-16T16:07:26.520754,GET,/api/mixed/pipeline/1/,2.96,82,0,
2026-05-16T16:07:26.528080,GET,/api/mixed/http/,108.3,55353,0,
2026-05-16T16:07:26.536656,GET,/api/mixed/http/,108.15,55353,0,
2026-05-16T16:07:26.549281,GET,/api/mixed/pipeline/1/,4.17,82,0,
2026-05-16T16:07:26.553665,GET,/api/mixed/http/,108.17,55353,0,
2026-05-16T16:07:26.562375,GET,/api/mixed/db/1/,5.95,247,0,
2026-05-16T16:07:26.589026,GET,/api/mixed/http/,108.37,55353,0,
2026-05-16T16:07:26.611371,GET,/api/mixed/db/1/,4.09,247,0,
2026-05-16T16:07:26.619201,GET,/api/mixed/pipeline/1/,3.57,82,0,
2026-05-16T16:07:26.623064,GET,/api/mixed/http/,110.64,55353,0,
2026-05-16T16:07:26.623566,GET,/api/mixed/http/,109.68,55353,0,
2026-05-16T16:07:26.624006,GET,/api/mixed/http/,108.15,55353,0,
2026-05-16T16:07:26.628826,GET,/api/mixed/pipeline/1/,2.66,82,0,
2026-05-16T16:07:26.646335,GET,/api/mixed/db/1/,4.18,247,0,
2026-05-16T16:07:26.656872,GET,/api/mixed/http/,108.62,55353,0,
2026-05-16T16:07:26.665928,GET,/api/mixed/http/,109.01,55353,0,
2026-05-16T16:07:26.666382,GET,/api/mixed/db/1/,5.31,247,0,
2026-05-16T16:07:26.684784,GET,/api/mixed/db/1/,7.57,247,0,
2026-05-16T16:07:26.686887,GET,/api/mixed/http/,109.17,55353,0,
2026-05-16T16:07:26.696336,GET,/api/mixed/pipeline/1/,3.13,82,0,
2026-05-16T16:07:26.725292,GET,/api/mixed/pipeline/1/,2.77,82,0,
2026-05-16T16:07:26.725885,GET,/api/mixed/db/1/,4.58,247,0,
2026-05-16T16:07:26.729124,GET,/api/mixed/pipeline/1/,3.14,82,0,
2026-05-16T16:07:26.730714,GET,/api/mixed/db/1/,4.31,247,0,
2026-05-16T16:07:26.733299,GET,/api/mixed/http/,108.05,55353,0,
2026-05-16T16:07:26.733937,GET,/api/mixed/db/1/,4.03,247,0,
2026-05-16T16:07:26.738768,GET,/api/mixed/db/1/,3.66,247,0,
2026-05-16T16:07:26.741881,GET,/api/mixed/http/,109.79,55353,0,
2026-05-16T16:07:26.757557,GET,/api/mixed/db/1/,5.59,247,0,
2026-05-16T16:07:26.764758,GET,/api/mixed/pipeline/1/,2.85,82,0,
2026-05-16T16:07:26.770210,GET,/api/mixed/pipeline/1/,4.11,82,0,
2026-05-16T16:07:26.789367,GET,/api/mixed/http/,112.66,55353,0,
2026-05-16T16:07:26.792557,GET,/api/mixed/pipeline/1/,3.06,82,0,
2026-05-16T16:07:26.804004,GET,/api/mixed/pipeline/1/,4.2,82,0,
2026-05-16T16:07:26.815400,GET,/api/mixed/http/,107.68,55353,0,
2026-05-16T16:07:26.829858,GET,/api/mixed/pipeline/1/,3.19,82,0,
2026-05-16T16:07:26.849291,GET,/api/mixed/http/,108.34,55353,0,
2026-05-16T16:07:26.851377,GET,/api/mixed/db/1/,4.26,247,0,
2026-05-16T16:07:26.912668,GET,/api/mixed/db/1/,4.06,247,0,
2026-05-16T16:07:26.943625,GET,/api/mixed/pipeline/1/,3.65,82,0,
2026-05-16T16:07:26.944968,GET,/api/mixed/db/1/,3.88,247,0,
2026-05-16T16:07:26.991955,GET,/api/mixed/db/1/,4.57,247,0,
2026-05-16T16:07:26.993305,GET,/api/mixed/http/,109.29,55353,0,
2026-05-16T16:07:26.993937,GET,/api/mixed/http/,109.38,55353,0,
2026-05-16T16:07:26.994454,GET,/api/mixed/db/1/,4.12,247,0,
2026-05-16T16:07:27.023671,GET,/api/mixed/pipeline/1/,2.97,82,0,
2026-05-16T16:07:27.038529,GET,/api/mixed/db/1/,4.48,247,0,
2026-05-16T16:07:27.053819,GET,/api/mixed/db/1/,3.96,247,0,
2026-05-16T16:07:27.064275,GET,/api/mixed/pipeline/1/,3.11,82,0,
2026-05-16T16:07:27.072447,GET,/api/mixed/db/1/,3.71,247,0,
2026-05-16T16:07:27.078402,GET,/api/mixed/db/1/,3.64,247,0,
2026-05-16T16:07:27.093685,GET,/api/mixed/pipeline/1/,2.97,82,0,
2026-05-16T16:07:27.099576,GET,/api/mixed/db/1/,3.46,247,0,
2026-05-16T16:07:27.111600,GET,/api/mixed/pipeline/1/,3.11,82,0,
2026-05-16T16:07:27.135865,GET,/api/mixed/db/1/,4.17,247,0,
2026-05-16T16:07:27.138471,GET,/api/mixed/pipeline/1/,3.49,82,0,
2026-05-16T16:07:27.145960,GET,/api/mixed/http/,108.34,55353,0,
2026-05-16T16:07:27.146407,GET,/api/mixed/db/1/,4.77,247,0,
2026-05-16T16:07:27.146830,GET,/api/mixed/pipeline/1/,2.78,82,0,
2026-05-16T16:07:27.170600,GET,/api/mixed/pipeline/1/,3.2,82,0,
2026-05-16T16:07:27.187815,GET,/api/mixed/db/1/,4.86,247,0,
2026-05-16T16:07:27.190728,GET,/api/mixed/pipeline/1/,4.18,82,0,
2026-05-16T16:07:27.203010,GET,/api/mixed/http/,107.97,55353,0,
2026-05-16T16:07:27.203441,GET,/api/mixed/pipeline/1/,2.93,82,0,
2026-05-16T16:07:27.227914,GET,/api/mixed/http/,109.04,55353,0,
2026-05-16T16:07:27.231063,GET,/api/mixed/db/1/,5.15,247,0,
2026-05-16T16:07:27.238018,GET,/api/mixed/http/,108.03,55353,0,
2026-05-16T16:07:27.238511,GET,/api/mixed/http/,109.07,55353,0,
2026-05-16T16:07:27.245428,GET,/api/mixed/pipeline/1/,2.66,82,0,
2026-05-16T16:07:27.273332,GET,/api/mixed/http/,111.3,55353,0,
2026-05-16T16:07:27.279305,GET,/api/mixed/pipeline/1/,3.73,82,0,
2026-05-16T16:07:27.286442,GET,/api/mixed/db/1/,3.97,247,0,
2026-05-16T16:07:27.296189,GET,/api/mixed/http/,109.16,55353,0,
2026-05-16T16:07:27.299730,GET,/api/mixed/http/,107.67,55353,0,
2026-05-16T16:07:27.302777,GET,/api/mixed/pipeline/1/,2.92,82,0,
2026-05-16T16:07:27.314137,GET,/api/mixed/http/,108.55,55353,0,
2026-05-16T16:07:27.314658,GET,/api/mixed/http/,108.6,55353,0,
2026-05-16T16:07:27.317775,GET,/api/mixed/pipeline/1/,2.98,82,0,
2026-05-16T16:07:27.345105,GET,/api/mixed/pipeline/1/,3.52,82,0,
2026-05-16T16:07:27.355094,GET,/api/mixed/db/1/,4.72,247,0,
2026-05-16T16:07:27.360286,GET,/api/mixed/http/,109.59,55353,0,
2026-05-16T16:07:27.363803,GET,/api/mixed/db/1/,4.8,247,0,
2026-05-16T16:07:27.371234,GET,/api/mixed/http/,108.01,55353,0,
2026-05-16T16:07:27.384952,GET,/api/mixed/http/,108.91,55353,0,
2026-05-16T16:07:27.385679,GET,/api/mixed/http/,109.24,55353,0,
2026-05-16T16:07:27.399889,GET,/api/mixed/db/1/,4.88,247,0,
2026-05-16T16:07:27.435987,GET,/api/mixed/http/,107.96,55353,0,
2026-05-16T16:07:27.442455,GET,/api/mixed/http/,108.82,55353,0,
2026-05-16T16:07:27.453112,GET,/api/mixed/db/1/,4.33,247,0,
2026-05-16T16:07:27.471976,GET,/api/mixed/db/1/,4.25,247,0,
2026-05-16T16:07:27.472845,GET,/api/mixed/db/1/,5.63,247,0,
2026-05-16T16:07:27.475357,GET,/api/mixed/pipeline/1/,3.26,82,0,
2026-05-16T16:07:27.505760,GET,/api/mixed/db/1/,5.15,247,0,
2026-05-16T16:07:27.516751,GET,/api/mixed/db/1/,4.74,247,0,
2026-05-16T16:07:27.518149,GET,/api/mixed/http/,110.6,55353,0,
2026-05-16T16:07:27.519015,GET,/api/mixed/pipeline/1/,3.27,82,0,
2026-05-16T16:07:27.524388,GET,/api/mixed/pipeline/1/,2.99,82,0,
2026-05-16T16:07:27.529781,GET,/api/mixed/http/,108.08,55353,0,
2026-05-16T16:07:27.555276,GET,/api/mixed/db/1/,4.24,247,0,
2026-05-16T16:07:27.568673,GET,/api/mixed/http/,108.17,55353,0,
2026-05-16T16:07:27.571626,GET,/api/mixed/db/1/,4.11,247,0,
2026-05-16T16:07:27.598483,GET,/api/mixed/pipeline/1/,3.03,82,0,
2026-05-16T16:07:27.609900,GET,/api/mixed/http/,108.48,55353,0,
2026-05-16T16:07:27.615171,GET,/api/mixed/db/1/,4.01,247,0,
2026-05-16T16:07:27.622473,GET,/api/mixed/db/1/,3.99,247,0,
2026-05-16T16:07:27.629355,GET,/api/mixed/db/1/,4.23,247,0,
2026-05-16T16:07:27.645581,GET,/api/mixed/pipeline/1/,4.37,82,0,
2026-05-16T16:07:27.651411,GET,/api/mixed/db/1/,7.54,247,0,
2026-05-16T16:07:27.659475,GET,/api/mixed/pipeline/1/,3.18,82,0,
2026-05-16T16:07:27.675150,GET,/api/mixed/pipeline/1/,3.21,82,0,
2026-05-16T16:07:27.687084,GET,/api/mixed/http/,108.16,55353,0,
2026-05-16T16:07:27.687572,GET,/api/mixed/http/,109.71,55353,0,
2026-05-16T16:07:27.690256,GET,/api/mixed/http/,107.94,55353,0,
2026-05-16T16:07:27.697115,GET,/api/mixed/http/,108.02,55353,0,
2026-05-16T16:07:27.700774,GET,/api/mixed/http/,108.61,55353,0,
2026-05-16T16:07:27.701371,GET,/api/mixed/http/,109.73,55353,0,
2026-05-16T16:07:27.705403,GET,/api/mixed/db/1/,6.05,247,0,
2026-05-16T16:07:27.708564,GET,/api/mixed/pipeline/1/,4.28,82,0,
2026-05-16T16:07:27.722001,GET,/api/mixed/db/1/,4.51,247,0,
2026-05-16T16:07:27.730351,GET,/api/mixed/http/,107.75,55353,0,
2026-05-16T16:07:27.747446,GET,/api/mixed/pipeline/1/,2.98,82,0,
2026-05-16T16:07:27.751908,GET,/api/mixed/http/,112.17,55353,0,
2026-05-16T16:07:27.752443,GET,/api/mixed/http/,109.81,55353,0,
2026-05-16T16:07:27.755460,GET,/api/mixed/db/1/,4.77,247,0,
2026-05-16T16:07:27.769642,GET,/api/mixed/http/,108.28,55353,0,
2026-05-16T16:07:27.770280,GET,/api/mixed/http/,109.45,55353,0,
2026-05-16T16:07:27.788979,GET,/api/mixed/http/,108.46,55353,0,
2026-05-16T16:07:27.810042,GET,/api/mixed/pipeline/1/,3.19,82,0,
2026-05-16T16:07:27.817697,GET,/api/mixed/http/,107.89,55353,0,
2026-05-16T16:07:27.831327,GET,/api/mixed/http/,108.04,55353,0,
2026-05-16T16:07:27.831730,GET,/api/mixed/db/1/,4.36,247,0,
2026-05-16T16:07:27.837256,GET,/api/mixed/db/1/,4.21,247,0,
2026-05-16T16:07:27.847663,GET,/api/mixed/http/,107.95,55353,0,
2026-05-16T16:07:27.864531,GET,/api/mixed/pipeline/1/,3.71,82,0,
2026-05-16T16:07:27.867956,GET,/api/mixed/db/1/,4.34,247,0,
2026-05-16T16:07:27.868821,GET,/api/mixed/http/,108.14,55353,0,
2026-05-16T16:07:27.873829,GET,/api/mixed/db/1/,3.61,247,0,
2026-05-16T16:07:27.882718,GET,/api/mixed/db/1/,3.62,247,0,
2026-05-16T16:07:27.896247,GET,/api/mixed/pipeline/1/,7.28,82,0,
2026-05-16T16:07:27.896798,GET,/api/mixed/db/1/,8.22,247,0,
2026-05-16T16:07:27.897295,GET,/api/mixed/db/1/,9.22,247,0,
2026-05-16T16:07:27.899290,GET,/api/mixed/pipeline/1/,4.3,82,0,
2026-05-16T16:07:27.908977,GET,/api/mixed/http/,108.64,55353,0,
2026-05-16T16:07:27.924569,GET,/api/mixed/http/,108.3,55353,0,
2026-05-16T16:07:27.936120,GET,/api/mixed/pipeline/1/,4.11,82,0,
2026-05-16T16:07:27.936584,GET,/api/mixed/db/1/,5.72,247,0,
2026-05-16T16:07:27.941916,GET,/api/mixed/http/,107.71,55353,0,
2026-05-16T16:07:27.954683,GET,/api/mixed/pipeline/1/,3.45,82,0,
2026-05-16T16:07:27.964918,GET,/api/mixed/http/,108.84,55353,0,
2026-05-16T16:07:27.971285,GET,/api/mixed/http/,108.15,55353,0,
2026-05-16T16:07:27.982109,GET,/api/mixed/db/1/,4.58,247,0,
2026-05-16T16:07:28.007754,GET,/api/mixed/pipeline/1/,3.2,82,0,
2026-05-16T16:07:28.026148,GET,/api/mixed/db/1/,4.17,247,0,
2026-05-16T16:07:28.049653,GET,/api/mixed/pipeline/1/,4.44,82,0,
2026-05-16T16:07:28.050979,GET,/api/mixed/db/1/,5.05,247,0,
2026-05-16T16:07:28.065284,GET,/api/mixed/http/,108.27,55353,0,
2026-05-16T16:07:28.068533,GET,/api/mixed/http/,108.74,55353,0,
2026-05-16T16:07:28.080731,GET,/api/mixed/db/1/,4.56,247,0,
2026-05-16T16:07:28.097019,GET,/api/mixed/pipeline/1/,3.26,82,0,
2026-05-16T16:07:28.109887,GET,/api/mixed/db/1/,4.5,247,0,
2026-05-16T16:07:28.141575,GET,/api/mixed/pipeline/1/,6.73,82,0,
2026-05-16T16:07:28.145101,GET,/api/mixed/http/,111.57,55353,0,
2026-05-16T16:07:28.145606,GET,/api/mixed/http/,111.51,55353,0,
2026-05-16T16:07:28.146001,GET,/api/mixed/pipeline/1/,3.22,82,0,
2026-05-16T16:07:28.155327,GET,/api/mixed/db/1/,4.0,247,0,
2026-05-16T16:07:28.166665,GET,/api/mixed/pipeline/1/,2.95,82,0,
2026-05-16T16:07:28.178368,GET,/api/mixed/db/1/,4.38,247,0,
2026-05-16T16:07:28.182077,GET,/api/mixed/pipeline/1/,2.77,82,0,
2026-05-16T16:07:28.191542,GET,/api/mixed/db/1/,4.29,247,0,
2026-05-16T16:07:28.192004,GET,/api/mixed/http/,108.86,55353,0,
2026-05-16T16:07:28.200191,GET,/api/mixed/db/1/,3.85,247,0,
2026-05-16T16:07:28.226655,GET,/api/mixed/http/,108.05,55353,0,
2026-05-16T16:07:28.227404,GET,/api/mixed/http/,109.31,55353,0,
2026-05-16T16:07:28.227810,GET,/api/mixed/db/1/,4.16,247,0,
2026-05-16T16:07:28.250443,GET,/api/mixed/pipeline/1/,3.38,82,0,
2026-05-16T16:07:28.272972,GET,/api/mixed/pipeline/1/,3.2,82,0,
2026-05-16T16:07:28.273380,GET,/api/mixed/pipeline/1/,2.88,82,0,
2026-05-16T16:07:28.287471,GET,/api/mixed/http/,109.99,55353,0,
2026-05-16T16:07:28.289937,GET,/api/mixed/pipeline/1/,3.56,82,0,
2026-05-16T16:07:28.295399,GET,/api/mixed/pipeline/1/,3.21,82,0,
2026-05-16T16:07:28.312386,GET,/api/mixed/http/,107.96,55353,0,
2026-05-16T16:07:28.313448,GET,/api/mixed/db/1/,4.01,247,0,
2026-05-16T16:07:28.326716,GET,/api/mixed/http/,108.69,55353,0,
2026-05-16T16:07:28.332685,GET,/api/mixed/pipeline/1/,3.79,82,0,
2026-05-16T16:07:28.333290,GET,/api/mixed/db/1/,3.94,247,0,
2026-05-16T16:07:28.339243,GET,/api/mixed/db/1/,4.72,247,0,
2026-05-16T16:07:28.339672,GET,/api/mixed/db/1/,3.84,247,0,
2026-05-16T16:07:28.341060,GET,/api/mixed/http/,107.9,55353,0,
2026-05-16T16:07:28.347458,GET,/api/mixed/http/,107.75,55353,0,
2026-05-16T16:07:28.352898,GET,/api/mixed/http/,108.64,55353,0,
2026-05-16T16:07:28.359329,GET,/api/mixed/http/,107.63,55353,0,
2026-05-16T16:07:28.367692,GET,/api/mixed/http/,108.48,55353,0,
2026-05-16T16:07:28.370467,GET,/api/mixed/pipeline/1/,4.02,82,0,
2026-05-16T16:07:28.371219,GET,/api/mixed/db/1/,5.3,247,0,
2026-05-16T16:07:28.392711,GET,/api/mixed/db/1/,4.11,247,0,
2026-05-16T16:07:28.394360,GET,/api/mixed/http/,108.79,55353,0,
2026-05-16T16:07:28.404652,GET,/api/mixed/http/,108.02,55353,0,
2026-05-16T16:07:28.416621,GET,/api/mixed/db/1/,4.59,247,0,
2026-05-16T16:07:28.418740,GET,/api/mixed/db/1/,4.11,247,0,
2026-05-16T16:07:28.435295,GET,/api/mixed/pipeline/1/,4.25,82,0,
2026-05-16T16:07:28.454640,GET,/api/mixed/db/1/,4.07,247,0,
2026-05-16T16:07:28.466120,GET,/api/mixed/http/,108.04,55353,0,
2026-05-16T16:07:28.472367,GET,/api/mixed/db/1/,4.04,247,0,
2026-05-16T16:07:28.487551,GET,/api/mixed/pipeline/1/,3.91,82,0,
2026-05-16T16:07:28.489050,GET,/api/mixed/db/1/,4.88,247,0,
2026-05-16T16:07:28.489567,GET,/api/mixed/db/1/,3.83,247,0,
2026-05-16T16:07:28.548898,GET,/api/mixed/db/1/,5.07,247,0,
2026-05-16T16:07:28.549660,GET,/api/mixed/db/1/,4.69,247,0,
2026-05-16T16:07:28.587014,GET,/api/mixed/db/1/,4.35,247,0,
2026-05-16T16:07:28.608152,GET,/api/mixed/db/1/,4.27,247,0,
2026-05-16T16:07:28.608623,GET,/api/mixed/db/1/,5.31,247,0,
2026-05-16T16:07:28.624805,GET,/api/mixed/pipeline/1/,7.79,82,0,
2026-05-16T16:07:28.626813,GET,/api/mixed/db/1/,9.24,247,0,
2026-05-16T16:07:28.663596,GET,/api/mixed/pipeline/1/,3.6,82,0,
2026-05-16T16:07:28.665285,GET,/api/mixed/db/1/,3.87,247,0,
2026-05-16T16:07:28.668377,GET,/api/mixed/http/,108.33,55353,0,
2026-05-16T16:07:28.745684,GET,/api/mixed/pipeline/1/,2.9,82,0,
2026-05-16T16:07:28.746102,GET,/api/mixed/db/1/,4.69,247,0,
2026-05-16T16:07:28.750876,GET,/api/mixed/http/,107.75,55353,0,
2026-05-16T16:07:28.768117,GET,/api/mixed/db/1/,4.05,247,0,
2026-05-16T16:07:28.792151,GET,/api/mixed/db/1/,4.12,247,0,
2026-05-16T16:07:28.794588,GET,/api/mixed/http/,107.65,55353,0,
2026-05-16T16:07:28.823198,GET,/api/mixed/pipeline/1/,3.47,82,0,
2026-05-16T16:07:28.824568,GET,/api/mixed/db/1/,3.79,247,0,
2026-05-16T16:07:28.831425,GET,/api/mixed/pipeline/1/,2.89,82,0,
2026-05-16T16:07:28.835551,GET,/api/mixed/http/,108.02,55353,0,
2026-05-16T16:07:28.845131,GET,/api/mixed/pipeline/1/,2.73,82,0,
2026-05-16T16:07:28.847938,GET,/api/mixed/pipeline/1/,2.69,82,0,
2026-05-16T16:07:28.853034,GET,/api/mixed/db/1/,3.73,247,0,
2026-05-16T16:07:28.876006,GET,/api/mixed/db/1/,3.96,247,0,
2026-05-16T16:07:28.881568,GET,/api/mixed/db/1/,3.73,247,0,
2026-05-16T16:07:28.892266,GET,/api/mixed/http/,107.93,55353,0,
2026-05-16T16:07:28.906674,GET,/api/mixed/http/,107.82,55353,0,
2026-05-16T16:07:28.911886,GET,/api/mixed/pipeline/1/,2.89,82,0,
2026-05-16T16:07:28.925319,GET,/api/mixed/http/,112.48,55353,0,
2026-05-16T16:07:28.926296,GET,/api/mixed/http/,113.97,55353,0,
2026-05-16T16:07:28.931264,GET,/api/mixed/http/,107.94,55353,0,
2026-05-16T16:07:28.931753,GET,/api/mixed/http/,108.0,55353,0,
2026-05-16T16:07:28.945801,GET,/api/mixed/http/,108.02,55353,0,
2026-05-16T16:07:28.966778,GET,/api/mixed/http/,107.56,55353,0,
2026-05-16T16:07:28.973878,GET,/api/mixed/http/,111.17,55353,0,
2026-05-16T16:07:28.985204,GET,/api/mixed/http/,109.08,55353,0,
2026-05-16T16:07:28.992614,GET,/api/mixed/db/1/,4.17,247,0,
2026-05-16T16:07:28.998322,GET,/api/mixed/http/,109.52,55353,0,
2026-05-16T16:07:29.001312,GET,/api/mixed/db/1/,5.46,247,0,
2026-05-16T16:07:29.003801,GET,/api/mixed/pipeline/1/,3.75,82,0,
2026-05-16T16:07:29.012598,GET,/api/mixed/db/1/,4.48,247,0,
2026-05-16T16:07:29.029272,GET,/api/mixed/db/1/,4.25,247,0,
2026-05-16T16:07:29.034569,GET,/api/mixed/http/,109.12,55353,0,
2026-05-16T16:07:29.056692,GET,/api/mixed/pipeline/1/,2.95,82,0,
2026-05-16T16:07:29.068128,GET,/api/mixed/pipeline/1/,3.07,82,0,
2026-05-16T16:07:29.098238,GET,/api/mixed/http/,108.24,55353,0,
2026-05-16T16:07:29.115154,GET,/api/mixed/pipeline/1/,4.63,82,0,
2026-05-16T16:07:29.116125,GET,/api/mixed/db/1/,6.38,247,0,
2026-05-16T16:07:29.117059,GET,/api/mixed/db/1/,4.81,247,0,
2026-05-16T16:07:29.120402,GET,/api/mixed/db/1/,5.11,247,0,
2026-05-16T16:07:29.121088,GET,/api/mixed/db/1/,4.85,247,0,
2026-05-16T16:07:29.126162,GET,/api/mixed/db/1/,4.94,247,0,
2026-05-16T16:07:29.130652,GET,/api/mixed/pipeline/1/,4.31,82,0,
2026-05-16T16:07:29.141657,GET,/api/mixed/http/,108.15,55353,0,
2026-05-16T16:07:29.147761,GET,/api/mixed/http/,108.46,55353,0,
2026-05-16T16:07:29.168379,GET,/api/mixed/pipeline/1/,3.82,82,0,
2026-05-16T16:07:29.169032,GET,/api/mixed/db/1/,3.93,247,0,
2026-05-16T16:07:29.178878,GET,/api/mixed/http/,109.53,55353,0,
2026-05-16T16:07:29.179489,GET,/api/mixed/http/,109.71,55353,0,
2026-05-16T16:07:29.182498,GET,/api/mixed/pipeline/1/,4.61,82,0,
2026-05-16T16:07:29.200692,GET,/api/mixed/http/,108.78,55353,0,
2026-05-16T16:07:29.201177,GET,/api/mixed/http/,108.74,55353,0,
2026-05-16T16:07:29.209570,GET,/api/mixed/http/,108.0,55353,0,
2026-05-16T16:07:29.216636,GET,/api/mixed/db/1/,4.19,247,0,
2026-05-16T16:07:29.217047,GET,/api/mixed/db/1/,5.14,247,0,
2026-05-16T16:07:29.234919,GET,/api/mixed/http/,109.89,55353,0,
2026-05-16T16:07:29.240307,GET,/api/mixed/db/1/,4.02,247,0,
2026-05-16T16:07:29.242171,GET,/api/mixed/pipeline/1/,3.42,82,0,
2026-05-16T16:07:29.250905,GET,/api/mixed/pipeline/1/,2.61,82,0,
2026-05-16T16:07:29.255648,GET,/api/mixed/http/,107.73,55353,0,
2026-05-16T16:07:29.295163,GET,/api/mixed/pipeline/1/,3.21,82,0,
2026-05-16T16:07:29.315686,GET,/api/mixed/pipeline/1/,3.82,82,0,
2026-05-16T16:07:29.321184,GET,/api/mixed/pipeline/1/,3.28,82,0,
2026-05-16T16:07:29.337372,GET,/api/mixed/db/1/,5.41,247,0,
2026-05-16T16:07:29.357510,GET,/api/mixed/http/,110.15,55353,0,
2026-05-16T16:07:29.363633,GET,/api/mixed/pipeline/1/,3.71,82,0,
2026-05-16T16:07:29.366720,GET,/api/mixed/db/1/,4.2,247,0,
2026-05-16T16:07:29.387073,GET,/api/mixed/http/,107.87,55353,0,
2026-05-16T16:07:29.403922,GET,/api/mixed/http/,108.63,55353,0,
2026-05-16T16:07:29.425772,GET,/api/mixed/db/1/,4.64,247,0,
2026-05-16T16:07:29.426185,GET,/api/mixed/db/1/,4.52,247,0,
2026-05-16T16:07:29.442614,GET,/api/mixed/http/,111.17,55353,0,
2026-05-16T16:07:29.445759,GET,/api/mixed/db/1/,5.36,247,0,
2026-05-16T16:07:29.446211,GET,/api/mixed/db/1/,4.7,247,0,
2026-05-16T16:07:29.460540,GET,/api/mixed/pipeline/1/,3.13,82,0,
2026-05-16T16:07:29.467890,GET,/api/mixed/pipeline/1/,2.99,82,0,
2026-05-16T16:07:29.475879,GET,/api/mixed/http/,107.85,55353,0,
2026-05-16T16:07:29.489047,GET,/api/mixed/http/,108.5,55353,0,
2026-05-16T16:07:29.514450,GET,/api/mixed/db/1/,4.18,247,0,
2026-05-16T16:07:29.514885,GET,/api/mixed/db/1/,5.16,247,0,
2026-05-16T16:07:29.528312,GET,/api/mixed/db/1/,4.07,247,0,
2026-05-16T16:07:29.544405,GET,/api/mixed/db/1/,4.69,247,0,
2026-05-16T16:07:29.552039,GET,/api/mixed/pipeline/1/,3.23,82,0,
2026-05-16T16:07:29.563345,GET,/api/mixed/pipeline/1/,3.06,82,0,
2026-05-16T16:07:29.563775,GET,/api/mixed/db/1/,4.57,247,0,
2026-05-16T16:07:29.572278,GET,/api/mixed/http/,108.44,55353,0,
2026-05-16T16:07:29.586437,GET,/api/mixed/http/,108.23,55353,0,
2026-05-16T16:07:29.600795,GET,/api/mixed/http/,111.57,55353,0,
2026-05-16T16:07:29.618732,GET,/api/mixed/db/1/,4.02,247,0,
2026-05-16T16:07:29.631621,GET,/api/mixed/pipeline/1/,3.59,82,0,
2026-05-16T16:07:29.648076,GET,/api/mixed/pipeline/1/,3.15,82,0,
2026-05-16T16:07:29.675347,GET,/api/mixed/db/1/,4.35,247,0,
2026-05-16T16:07:29.684156,GET,/api/mixed/http/,108.56,55353,0,
2026-05-16T16:07:29.720185,GET,/api/mixed/pipeline/1/,3.08,82,0,
2026-05-16T16:07:29.722913,GET,/api/mixed/http/,108.89,55353,0,
2026-05-16T16:07:29.731972,GET,/api/mixed/db/1/,4.15,247,0,
2026-05-16T16:07:29.732405,GET,/api/mixed/db/1/,5.11,247,0,
2026-05-16T16:07:29.743185,GET,/api/mixed/http/,112.57,55353,0,
2026-05-16T16:07:29.743630,GET,/api/mixed/db/1/,5.11,247,0,
2026-05-16T16:07:29.745454,GET,/api/mixed/pipeline/1/,3.81,82,0,
2026-05-16T16:07:29.761227,GET,/api/mixed/db/1/,4.56,247,0,
2026-05-16T16:07:29.764472,GET,/api/mixed/pipeline/1/,3.13,82,0,
2026-05-16T16:07:29.777828,GET,/api/mixed/pipeline/1/,3.31,82,0,
2026-05-16T16:07:29.778574,GET,/api/mixed/db/1/,4.58,247,0,
2026-05-16T16:07:29.779948,GET,/api/mixed/http/,109.55,55353,0,
2026-05-16T16:07:29.798775,GET,/api/mixed/http/,108.45,55353,0,
2026-05-16T16:07:29.860279,GET,/api/mixed/pipeline/1/,3.82,82,0,
2026-05-16T16:07:29.874424,GET,/api/mixed/db/1/,3.85,247,0,
2026-05-16T16:07:29.882863,GET,/api/mixed/http/,110.12,55353,0,
2026-05-16T16:07:29.885914,GET,/api/mixed/pipeline/1/,4.49,82,0,
2026-05-16T16:07:29.886334,GET,/api/mixed/pipeline/1/,2.79,82,0,
2026-05-16T16:07:29.887643,GET,/api/mixed/db/1/,5.83,247,0,
2026-05-16T16:07:29.892517,GET,/api/mixed/db/1/,3.55,247,0,
2026-05-16T16:07:29.896415,GET,/api/mixed/http/,108.23,55353,0,
2026-05-16T16:07:29.918685,GET,/api/mixed/pipeline/1/,3.02,82,0,
2026-05-16T16:07:29.920558,GET,/api/mixed/http/,108.53,55353,0,
2026-05-16T16:07:29.923513,GET,/api/mixed/db/1/,4.01,247,0,
2026-05-16T16:07:29.936947,GET,/api/mixed/http/,109.18,55353,0,
2026-05-16T16:07:29.937426,GET,/api/mixed/db/1/,4.69,247,0,
2026-05-16T16:07:29.940756,GET,/api/mixed/db/1/,4.77,247,0,
2026-05-16T16:07:29.956226,GET,/api/mixed/db/1/,3.8,247,0,
2026-05-16T16:07:29.964619,GET,/api/mixed/http/,107.61,55353,0,
2026-05-16T16:07:29.975830,GET,/api/mixed/db/1/,3.84,247,0,
2026-05-16T16:07:29.981973,GET,/api/mixed/http/,107.43,55353,0,
2026-05-16T16:07:29.985871,GET,/api/mixed/db/1/,3.78,247,0,
2026-05-16T16:07:29.990709,GET,/api/mixed/http/,109.73,55353,0,
2026-05-16T16:07:29.992900,GET,/api/mixed/db/1/,3.85,247,0,
2026-05-16T16:07:30.004697,GET,/api/mixed/pipeline/1/,3.2,82,0,
2026-05-16T16:07:30.009612,GET,/api/mixed/db/1/,4.76,247,0,
2026-05-16T16:07:30.012679,GET,/api/mixed/pipeline/1/,2.92,82,0,
2026-05-16T16:07:30.022242,GET,/api/mixed/db/1/,4.32,247,0,
2026-05-16T16:07:30.024616,GET,/api/mixed/pipeline/1/,3.28,82,0,
2026-05-16T16:07:30.039065,GET,/api/mixed/db/1/,3.93,247,0,
2026-05-16T16:07:30.047420,GET,/api/mixed/http/,107.9,55353,0,
2026-05-16T16:07:30.055727,GET,/api/mixed/db/1/,4.05,247,0,
2026-05-16T16:07:30.061379,GET,/api/mixed/db/1/,4.39,247,0,
2026-05-16T16:07:30.063981,GET,/api/mixed/pipeline/1/,3.58,82,0,
2026-05-16T16:07:30.068506,GET,/api/mixed/http/,109.97,55353,0,
2026-05-16T16:07:30.085588,GET,/api/mixed/http/,109.64,55353,0,
2026-05-16T16:07:30.099570,GET,/api/mixed/http/,107.62,55353,0,
2026-05-16T16:07:30.108204,GET,/api/mixed/pipeline/1/,3.31,82,0,
2026-05-16T16:07:30.108614,GET,/api/mixed/pipeline/1/,2.71,82,0,
2026-05-16T16:07:30.116328,GET,/api/mixed/db/1/,3.88,247,0,
2026-05-16T16:07:30.137511,GET,/api/mixed/http/,107.74,55353,0,
2026-05-16T16:07:30.139667,GET,/api/mixed/http/,107.36,55353,0,
2026-05-16T16:07:30.142870,GET,/api/mixed/http/,108.23,55353,0,
2026-05-16T16:07:30.151966,GET,/api/mixed/pipeline/1/,4.85,82,0,
2026-05-16T16:07:30.152738,GET,/api/mixed/db/1/,4.47,247,0,
2026-05-16T16:07:30.160615,GET,/api/mixed/pipeline/1/,2.76,82,0,
2026-05-16T16:07:30.189834,GET,/api/mixed/http/,107.92,55353,0,
2026-05-16T16:07:30.213964,GET,/api/mixed/db/1/,3.9,247,0,
2026-05-16T16:07:30.220249,GET,/api/mixed/http/,108.24,55353,0,
2026-05-16T16:07:30.236214,GET,/api/mixed/http/,107.61,55353,0,
2026-05-16T16:07:30.239976,GET,/api/mixed/http/,107.82,55353,0,
2026-05-16T16:07:30.242312,GET,/api/mixed/pipeline/1/,3.22,82,0,
2026-05-16T16:07:30.248539,GET,/api/mixed/db/1/,3.9,247,0,
2026-05-16T16:07:30.259491,GET,/api/mixed/http/,108.4,55353,0,
2026-05-16T16:07:30.263634,GET,/api/mixed/http/,108.41,55353,0,
2026-05-16T16:07:30.265624,GET,/api/mixed/db/1/,3.89,247,0,
2026-05-16T16:07:30.289821,GET,/api/mixed/db/1/,3.9,247,0,
2026-05-16T16:07:30.292550,GET,/api/mixed/http/,108.57,55353,0,
2026-05-16T16:07:30.298534,GET,/api/mixed/pipeline/1/,2.63,82,0,
2026-05-16T16:07:30.317673,GET,/api/mixed/pipeline/1/,3.63,82,0,
2026-05-16T16:07:30.330944,GET,/api/mixed/db/1/,4.03,247,0,
2026-05-16T16:07:30.331946,GET,/api/mixed/http/,108.49,55353,0,
2026-05-16T16:07:30.337694,GET,/api/mixed/http/,107.72,55353,0,
2026-05-16T16:07:30.346869,GET,/api/mixed/pipeline/1/,3.36,82,0,
2026-05-16T16:07:30.347374,GET,/api/mixed/pipeline/1/,3.49,82,0,
2026-05-16T16:07:30.348302,GET,/api/mixed/db/1/,5.29,247,0,
2026-05-16T16:07:30.361126,GET,/api/mixed/pipeline/1/,2.96,82,0,
2026-05-16T16:07:30.379599,GET,/api/mixed/http/,107.52,55353,0,
2026-05-16T16:07:30.380115,GET,/api/mixed/http/,109.24,55353,0,
2026-05-16T16:07:30.385693,GET,/api/mixed/http/,108.04,55353,0,
2026-05-16T16:07:30.403416,GET,/api/mixed/pipeline/1/,2.95,82,0,
2026-05-16T16:07:30.406020,GET,/api/mixed/http/,107.38,55353,0,
2026-05-16T16:07:30.422055,GET,/api/mixed/pipeline/1/,2.83,82,0,
2026-05-16T16:07:30.422945,GET,/api/mixed/http/,108.39,55353,0,
2026-05-16T16:07:30.430066,GET,/api/mixed/db/1/,3.84,247,0,
2026-05-16T16:07:30.444377,GET,/api/mixed/pipeline/1/,2.99,82,0,
2026-05-16T16:07:30.455039,GET,/api/mixed/pipeline/1/,2.67,82,0,
2026-05-16T16:07:30.459477,GET,/api/mixed/http/,107.79,55353,0,
2026-05-16T16:07:30.465523,GET,/api/mixed/pipeline/1/,2.76,82,0,
2026-05-16T16:07:30.489315,GET,/api/mixed/db/1/,3.91,247,0,
2026-05-16T16:07:30.495307,GET,/api/mixed/pipeline/1/,3.59,82,0,
2026-05-16T16:07:30.497874,GET,/api/mixed/db/1/,4.92,247,0,
2026-05-16T16:07:30.503210,GET,/api/mixed/http/,109.21,55353,0,
2026-05-16T16:07:30.511621,GET,/api/mixed/pipeline/1/,3.03,82,0,
2026-05-16T16:07:30.517266,GET,/api/mixed/db/1/,4.27,247,0,
2026-05-16T16:07:30.551887,GET,/api/mixed/db/1/,3.85,247,0,
2026-05-16T16:07:30.555128,GET,/api/mixed/http/,107.38,55353,0,
2026-05-16T16:07:30.579331,GET,/api/mixed/http/,108.55,55353,0,
2026-05-16T16:07:30.582223,GET,/api/mixed/db/1/,5.27,247,0,
2026-05-16T16:07:30.612532,GET,/api/mixed/db/1/,4.06,247,0,
2026-05-16T16:07:30.620803,GET,/api/mixed/pipeline/1/,2.89,82,0,
2026-05-16T16:07:30.636636,GET,/api/mixed/db/1/,3.98,247,0,
2026-05-16T16:07:30.637557,GET,/api/mixed/http/,107.96,55353,0,
2026-05-16T16:07:30.650389,GET,/api/mixed/http/,107.96,55353,0,
2026-05-16T16:07:30.672297,GET,/api/mixed/db/1/,4.25,247,0,
2026-05-16T16:07:30.673958,GET,/api/mixed/http/,110.31,55353,0,
2026-05-16T16:07:30.683610,GET,/api/mixed/pipeline/1/,3.17,82,0,
2026-05-16T16:07:30.716032,GET,/api/mixed/pipeline/1/,3.05,82,0,
2026-05-16T16:07:30.724292,GET,/api/mixed/db/1/,3.91,247,0,
2026-05-16T16:07:30.728506,GET,/api/mixed/db/1/,4.08,247,0,
2026-05-16T16:07:30.733789,GET,/api/mixed/http/,107.65,55353,0,
2026-05-16T16:07:30.752527,GET,/api/mixed/http/,107.79,55353,0,
2026-05-16T16:07:30.757554,GET,/api/mixed/http/,108.22,55353,0,
2026-05-16T16:07:30.762553,GET,/api/mixed/pipeline/1/,2.64,82,0,
2026-05-16T16:07:30.781648,GET,/api/mixed/db/1/,3.91,247,0,
2026-05-16T16:07:30.791982,GET,/api/mixed/pipeline/1/,3.15,82,0,
2026-05-16T16:07:30.816177,GET,/api/mixed/db/1/,4.86,247,0,
2026-05-16T16:07:30.823548,GET,/api/mixed/pipeline/1/,2.98,82,0,
2026-05-16T16:07:30.835771,GET,/api/mixed/pipeline/1/,3.04,82,0,
2026-05-16T16:07:30.850814,GET,/api/mixed/db/1/,4.7,247,0,
2026-05-16T16:07:30.855054,GET,/api/mixed/pipeline/1/,3.01,82,0,
2026-05-16T16:07:30.867054,GET,/api/mixed/http/,108.19,55353,0,
2026-05-16T16:07:30.911068,GET,/api/mixed/pipeline/1/,3.84,82,0,
2026-05-16T16:07:30.912056,GET,/api/mixed/db/1/,4.24,247,0,
2026-05-16T16:07:30.919245,GET,/api/mixed/pipeline/1/,3.97,82,0,
2026-05-16T16:07:30.920011,GET,/api/mixed/db/1/,4.2,247,0,
2026-05-16T16:07:30.920456,GET,/api/mixed/http/,108.56,55353,0,
2026-05-16T16:07:30.929137,GET,/api/mixed/pipeline/1/,3.31,82,0,
2026-05-16T16:07:30.936079,GET,/api/mixed/pipeline/1/,3.72,82,0,
2026-05-16T16:07:30.938700,GET,/api/mixed/pipeline/1/,3.79,82,0,
2026-05-16T16:07:30.955918,GET,/api/mixed/db/1/,3.99,247,0,
2026-05-16T16:07:30.989072,GET,/api/mixed/http/,107.7,55353,0,
2026-05-16T16:07:31.019393,GET,/api/mixed/db/1/,4.08,247,0,
2026-05-16T16:07:31.046029,GET,/api/mixed/http/,108.39,55353,0,
2026-05-16T16:07:31.089808,GET,/api/mixed/pipeline/1/,3.16,82,0,
2026-05-16T16:07:31.093772,GET,/api/mixed/http/,107.62,55353,0,
2026-05-16T16:07:31.130505,GET,/api/mixed/db/1/,3.83,247,0,
2026-05-16T16:07:31.140854,GET,/api/mixed/db/1/,4.01,247,0,
2026-05-16T16:07:31.144595,GET,/api/mixed/http/,108.77,55353,0,
2026-05-16T16:07:31.146469,GET,/api/mixed/pipeline/1/,3.28,82,0,
2026-05-16T16:07:31.154603,GET,/api/mixed/pipeline/1/,2.78,82,0,
2026-05-16T16:07:31.170631,GET,/api/mixed/db/1/,3.86,247,0,
2026-05-16T16:07:31.180097,GET,/api/mixed/pipeline/1/,3.63,82,0,
2026-05-16T16:07:31.180741,GET,/api/mixed/db/1/,4.74,247,0,
2026-05-16T16:07:31.182812,GET,/api/mixed/pipeline/1/,3.68,82,0,
2026-05-16T16:07:31.191963,GET,/api/mixed/pipeline/1/,2.95,82,0,
2026-05-16T16:07:31.200580,GET,/api/mixed/db/1/,5.35,247,0,
2026-05-16T16:07:31.203870,GET,/api/mixed/pipeline/1/,4.78,82,0,
2026-05-16T16:07:31.207003,GET,/api/mixed/db/1/,4.27,247,0,
2026-05-16T16:07:31.210835,GET,/api/mixed/db/1/,3.71,247,0,
2026-05-16T16:07:31.228783,GET,/api/mixed/db/1/,3.82,247,0,
2026-05-16T16:07:31.231235,GET,/api/mixed/http/,108.37,55353,0,
2026-05-16T16:07:31.241475,GET,/api/mixed/pipeline/1/,2.88,82,0,
2026-05-16T16:07:31.248643,GET,/api/mixed/http/,107.67,55353,0,
2026-05-16T16:07:31.283711,GET,/api/mixed/http/,109.91,55353,0,
2026-05-16T16:07:31.308276,GET,/api/mixed/http/,109.66,55353,0,
2026-05-16T16:07:31.308788,GET,/api/mixed/http/,109.26,55353,0,
2026-05-16T16:07:31.310778,GET,/api/mixed/pipeline/1/,3.83,82,0,
2026-05-16T16:07:31.325897,GET,/api/mixed/db/1/,3.76,247,0,
2026-05-16T16:07:31.326805,GET,/api/mixed/http/,107.56,55353,0,
2026-05-16T16:07:31.335945,GET,/api/mixed/db/1/,3.81,247,0,
2026-05-16T16:07:31.360883,GET,/api/mixed/pipeline/1/,2.99,82,0,
2026-05-16T16:07:31.397673,GET,/api/mixed/pipeline/1/,2.91,82,0,
2026-05-16T16:07:31.423514,GET,/api/mixed/pipeline/1/,2.91,82,0,
2026-05-16T16:07:31.429110,GET,/api/mixed/http/,108.02,55353,0,
2026-05-16T16:07:31.434136,GET,/api/mixed/pipeline/1/,2.8,82,0,
2026-05-16T16:07:31.441958,GET,/api/mixed/pipeline/1/,2.63,82,0,
2026-05-16T16:07:31.445282,GET,/api/mixed/http/,108.0,55353,0,
2026-05-16T16:07:31.471391,GET,/api/mixed/pipeline/1/,2.75,82,0,
2026-05-16T16:07:31.472551,GET,/api/mixed/http/,107.36,55353,0,
2026-05-16T16:07:31.490244,GET,/api/mixed/db/1/,3.8,247,0,
2026-05-16T16:07:31.508823,GET,/api/mixed/http/,107.81,55353,0,
2026-05-16T16:07:31.520587,GET,/api/mixed/pipeline/1/,2.84,82,0,
2026-05-16T16:07:31.526795,GET,/api/mixed/pipeline/1/,3.0,82,0,
2026-05-16T16:07:31.534899,GET,/api/mixed/db/1/,4.86,247,0,
2026-05-16T16:07:31.542619,GET,/api/mixed/db/1/,9.54,247,0,
2026-05-16T16:07:31.561416,GET,/api/mixed/http/,107.81,55353,0,
2026-05-16T16:07:31.561862,GET,/api/mixed/db/1/,3.89,247,0,
2026-05-16T16:07:31.572618,GET,/api/mixed/db/1/,4.54,247,0,
2026-05-16T16:07:31.573107,GET,/api/mixed/http/,108.02,55353,0,
2026-05-16T16:07:31.582208,GET,/api/mixed/http/,108.46,55353,0,
2026-05-16T16:07:31.586199,GET,/api/mixed/http/,107.87,55353,0,
2026-05-16T16:07:31.594259,GET,/api/mixed/db/1/,3.71,247,0,
2026-05-16T16:07:31.614102,GET,/api/mixed/http/,108.5,55353,0,
2026-05-16T16:07:31.614639,GET,/api/mixed/http/,110.13,55353,0,
2026-05-16T16:07:31.617216,GET,/api/mixed/pipeline/1/,4.72,82,0,
2026-05-16T16:07:31.618663,GET,/api/mixed/db/1/,3.8,247,0,
2026-05-16T16:07:31.622767,GET,/api/mixed/http/,108.71,55353,0,
2026-05-16T16:07:31.623855,GET,/api/mixed/pipeline/1/,2.94,82,0,
2026-05-16T16:07:31.629519,GET,/api/mixed/pipeline/1/,2.85,82,0,
2026-05-16T16:07:31.630802,GET,/api/mixed/db/1/,4.57,247,0,
2026-05-16T16:07:31.638899,GET,/api/mixed/db/1/,3.79,247,0,
2026-05-16T16:07:31.641767,GET,/api/mixed/db/1/,4.18,247,0,
2026-05-16T16:07:31.646165,GET,/api/mixed/http/,113.54,55353,0,
2026-05-16T16:07:31.647760,GET,/api/mixed/http/,109.96,55353,0,
2026-05-16T16:07:31.650852,GET,/api/mixed/http/,108.12,55353,0,
2026-05-16T16:07:31.651421,GET,/api/mixed/http/,107.66,55353,0,
2026-05-16T16:07:31.678212,GET,/api/mixed/http/,107.7,55353,0,
2026-05-16T16:07:31.690679,GET,/api/mixed/db/1/,3.85,247,0,
2026-05-16T16:07:31.711635,GET,/api/mixed/db/1/,4.74,247,0,
2026-05-16T16:07:31.722470,GET,/api/mixed/http/,109.3,55353,0,
2026-05-16T16:07:31.722902,GET,/api/mixed/db/1/,4.05,247,0,
2026-05-16T16:07:31.747050,GET,/api/mixed/db/1/,3.99,247,0,
2026-05-16T16:07:31.752076,GET,/api/mixed/pipeline/1/,2.76,82,0,
2026-05-16T16:07:31.752876,GET,/api/mixed/http/,107.86,55353,0,
2026-05-16T16:07:31.754928,GET,/api/mixed/http/,108.04,55353,0,
2026-05-16T16:07:31.763674,GET,/api/mixed/pipeline/1/,4.41,82,0,
2026-05-16T16:07:31.772987,GET,/api/mixed/http/,108.38,55353,0,
2026-05-16T16:07:31.774094,GET,/api/mixed/pipeline/1/,3.26,82,0,
2026-05-16T16:07:31.777563,GET,/api/mixed/db/1/,4.24,247,0,
2026-05-16T16:07:31.805941,GET,/api/mixed/db/1/,4.09,247,0,
2026-05-16T16:07:31.830094,GET,/api/mixed/pipeline/1/,2.96,82,0,
2026-05-16T16:07:31.833809,GET,/api/mixed/pipeline/1/,3.6,82,0,
2026-05-16T16:07:31.834721,GET,/api/mixed/pipeline/1/,3.54,82,0,
2026-05-16T16:07:31.835667,GET,/api/mixed/pipeline/1/,3.09,82,0,
2026-05-16T16:07:31.837798,GET,/api/mixed/pipeline/1/,2.97,82,0,
2026-05-16T16:07:31.868035,GET,/api/mixed/http/,108.29,55353,0,
2026-05-16T16:07:31.868507,GET,/api/mixed/http/,108.39,55353,0,
2026-05-16T16:07:31.887836,GET,/api/mixed/pipeline/1/,2.99,82,0,
2026-05-16T16:07:31.898997,GET,/api/mixed/pipeline/1/,2.76,82,0,
2026-05-16T16:07:31.905924,GET,/api/mixed/db/1/,3.58,247,0,
2026-05-16T16:07:31.914365,GET,/api/mixed/db/1/,4.12,247,0,
2026-05-16T16:07:31.945279,GET,/api/mixed/pipeline/1/,5.38,82,0,
2026-05-16T16:07:31.948404,GET,/api/mixed/pipeline/1/,3.0,82,0,
2026-05-16T16:07:31.948824,GET,/api/mixed/db/1/,5.53,247,0,
2026-05-16T16:07:31.958875,GET,/api/mixed/http/,107.86,55353,0,
2026-05-16T16:07:31.959881,GET,/api/mixed/pipeline/1/,2.87,82,0,
2026-05-16T16:07:31.965787,GET,/api/mixed/pipeline/1/,2.6,82,0,
2026-05-16T16:07:31.972663,GET,/api/mixed/pipeline/1/,2.57,82,0,
2026-05-16T16:07:31.997090,GET,/api/mixed/pipeline/1/,3.51,82,0,
2026-05-16T16:07:31.997505,GET,/api/mixed/pipeline/1/,2.81,82,0,
2026-05-16T16:07:32.000165,GET,/api/mixed/pipeline/1/,2.57,82,0,
2026-05-16T16:07:32.033907,GET,/api/mixed/http/,110.17,55353,0,
2026-05-16T16:07:32.035284,GET,/api/mixed/http/,109.0,55353,0,
2026-05-16T16:07:32.048173,GET,/api/mixed/http/,107.79,55353,0,
2026-05-16T16:07:32.059720,GET,/api/mixed/db/1/,4.33,247,0,
2026-05-16T16:07:32.063029,GET,/api/mixed/db/1/,4.19,247,0,
2026-05-16T16:07:32.068149,GET,/api/mixed/db/1/,4.56,247,0,
2026-05-16T16:07:32.085208,GET,/api/mixed/http/,108.21,55353,0,
2026-05-16T16:07:32.109190,GET,/api/mixed/pipeline/1/,2.89,82,0,
2026-05-16T16:07:32.138317,GET,/api/mixed/http/,107.85,55353,0,
2026-05-16T16:07:32.138737,GET,/api/mixed/pipeline/1/,3.29,82,0,
2026-05-16T16:07:32.149156,GET,/api/mixed/pipeline/1/,4.21,82,0,
2026-05-16T16:07:32.149588,GET,/api/mixed/pipeline/1/,4.14,82,0,
2026-05-16T16:07:32.149984,GET,/api/mixed/pipeline/1/,3.52,82,0,
2026-05-16T16:07:32.156279,GET,/api/mixed/db/1/,4.96,247,0,
2026-05-16T16:07:32.158614,GET,/api/mixed/pipeline/1/,3.17,82,0,
2026-05-16T16:07:32.169730,GET,/api/mixed/pipeline/1/,2.96,82,0,
2026-05-16T16:07:32.172624,GET,/api/mixed/http/,108.63,55353,0,
2026-05-16T16:07:32.173099,GET,/api/mixed/http/,109.94,55353,0,
2026-05-16T16:07:32.199445,GET,/api/mixed/http/,107.59,55353,0,
2026-05-16T16:07:32.208350,GET,/api/mixed/pipeline/1/,3.06,82,0,
2026-05-16T16:07:32.214169,GET,/api/mixed/pipeline/1/,2.62,82,0,
2026-05-16T16:07:32.220569,GET,/api/mixed/pipeline/1/,3.0,82,0,
2026-05-16T16:07:32.225314,GET,/api/mixed/pipeline/1/,2.58,82,0,
2026-05-16T16:07:32.250150,GET,/api/mixed/pipeline/1/,3.58,82,0,
2026-05-16T16:07:32.263259,GET,/api/mixed/http/,108.37,55353,0,
2026-05-16T16:07:32.267216,GET,/api/mixed/http/,107.38,55353,0,
2026-05-16T16:07:32.267817,GET,/api/mixed/db/1/,3.99,247,0,
2026-05-16T16:07:32.274964,GET,/api/mixed/http/,110.57,55353,0,
2026-05-16T16:07:32.278043,GET,/api/mixed/pipeline/1/,2.88,82,0,
2026-05-16T16:07:32.278471,GET,/api/mixed/db/1/,7.11,247,0,
2026-05-16T16:07:32.300348,GET,/api/mixed/http/,107.89,55353,0,
2026-05-16T16:07:32.313156,GET,/api/mixed/http/,108.33,55353,0,
2026-05-16T16:07:32.322995,GET,/api/mixed/pipeline/1/,3.98,82,0,
2026-05-16T16:07:32.357399,GET,/api/mixed/http/,108.12,55353,0,
2026-05-16T16:07:32.363555,GET,/api/mixed/pipeline/1/,2.77,82,0,
2026-05-16T16:07:32.370477,GET,/api/mixed/pipeline/1/,3.2,82,0,
2026-05-16T16:07:32.371111,GET,/api/mixed/db/1/,4.38,247,0,
2026-05-16T16:07:32.372894,GET,/api/mixed/http/,109.51,55353,0,
2026-05-16T16:07:32.407939,GET,/api/mixed/http/,109.02,55353,0,
2026-05-16T16:07:32.413860,GET,/api/mixed/http/,107.7,55353,0,
2026-05-16T16:07:32.421877,GET,/api/mixed/pipeline/1/,2.77,82,0,
2026-05-16T16:07:32.427696,GET,/api/mixed/pipeline/1/,2.61,82,0,
2026-05-16T16:07:32.428160,GET,/api/mixed/http/,109.65,55353,0,
2026-05-16T16:07:32.446651,GET,/api/mixed/db/1/,4.19,247,0,
2026-05-16T16:07:32.460737,GET,/api/mixed/pipeline/1/,2.89,82,0,
2026-05-16T16:07:32.482964,GET,/api/mixed/db/1/,3.91,247,0,
2026-05-16T16:07:32.488665,GET,/api/mixed/pipeline/1/,2.89,82,0,
2026-05-16T16:07:32.489104,GET,/api/mixed/pipeline/1/,3.8,82,0,
2026-05-16T16:07:32.504290,GET,/api/mixed/http/,108.15,55353,0,
2026-05-16T16:07:32.510494,GET,/api/mixed/pipeline/1/,2.82,82,0,
2026-05-16T16:07:32.515012,GET,/api/mixed/http/,108.07,55353,0,
2026-05-16T16:07:32.520180,GET,/api/mixed/http/,110.16,55353,0,
2026-05-16T16:07:32.522248,GET,/api/mixed/pipeline/1/,3.43,82,0,
2026-05-16T16:07:32.532331,GET,/api/mixed/http/,108.2,55353,0,
2026-05-16T16:07:32.539181,GET,/api/mixed/pipeline/1/,3.41,82,0,
2026-05-16T16:07:32.541359,GET,/api/mixed/pipeline/1/,3.06,82,0,
2026-05-16T16:07:32.573448,GET,/api/mixed/db/1/,3.92,247,0,
2026-05-16T16:07:32.590662,GET,/api/mixed/db/1/,3.88,247,0,
2026-05-16T16:07:32.604048,GET,/api/mixed/db/1/,4.02,247,0,
2026-05-16T16:07:32.615087,GET,/api/mixed/db/1/,3.74,247,0,
2026-05-16T16:07:32.643844,GET,/api/mixed/pipeline/1/,2.88,82,0,
2026-05-16T16:07:32.680122,GET,/api/mixed/db/1/,4.06,247,0,
2026-05-16T16:07:32.690353,GET,/api/mixed/pipeline/1/,2.98,82,0,
2026-05-16T16:07:32.711604,GET,/api/mixed/db/1/,3.88,247,0,
2026-05-16T16:07:32.734009,GET,/api/mixed/db/1/,4.01,247,0,
2026-05-16T16:07:32.743800,GET,/api/mixed/http/,108.47,55353,0,
2026-05-16T16:07:32.746197,GET,/api/mixed/db/1/,4.38,247,0,
2026-05-16T16:07:32.762428,GET,/api/mixed/db/1/,5.82,247,0,
2026-05-16T16:07:32.770284,GET,/api/mixed/pipeline/1/,3.06,82,0,
2026-05-16T16:07:32.779872,GET,/api/mixed/pipeline/1/,3.24,82,0,
2026-05-16T16:07:32.781775,GET,/api/mixed/db/1/,4.21,247,0,
2026-05-16T16:07:32.788101,GET,/api/mixed/pipeline/1/,2.75,82,0,
2026-05-16T16:07:32.789346,GET,/api/mixed/db/1/,4.42,247,0,
2026-05-16T16:07:32.798317,GET,/api/mixed/pipeline/1/,2.78,82,0,
2026-05-16T16:07:32.845193,GET,/api/mixed/http/,107.97,55353,0,
2026-05-16T16:07:32.887278,GET,/api/mixed/pipeline/1/,3.83,82,0,
2026-05-16T16:07:32.888022,GET,/api/mixed/db/1/,6.05,247,0,
2026-05-16T16:07:32.889942,GET,/api/mixed/http/,108.99,55353,0,
2026-05-16T16:07:32.896366,GET,/api/mixed/db/1/,4.2,247,0,
2026-05-16T16:07:32.910745,GET,/api/mixed/pipeline/1/,2.97,82,0,
2026-05-16T16:07:32.923819,GET,/api/mixed/db/1/,4.16,247,0,
2026-05-16T16:07:32.941266,GET,/api/mixed/pipeline/1/,2.77,82,0,
2026-05-16T16:07:32.948179,GET,/api/mixed/http/,108.6,55353,0,
2026-05-16T16:07:32.948728,GET,/api/mixed/http/,108.63,55353,0,
2026-05-16T16:07:32.959931,GET,/api/mixed/db/1/,3.85,247,0,
2026-05-16T16:07:32.973295,GET,/api/mixed/http/,107.76,55353,0,
2026-05-16T16:07:32.992459,GET,/api/mixed/pipeline/1/,3.17,82,0,
2026-05-16T16:07:33.013297,GET,/api/mixed/db/1/,3.76,247,0,
2026-05-16T16:07:33.022524,GET,/api/mixed/db/1/,3.9,247,0,
2026-05-16T16:07:33.025317,GET,/api/mixed/http/,108.22,55353,0,
2026-05-16T16:07:33.029767,GET,/api/mixed/http/,107.69,55353,0,
2026-05-16T16:07:33.037868,GET,/api/mixed/db/1/,3.75,247,0,
2026-05-16T16:07:33.040837,GET,/api/mixed/http/,107.82,55353,0,
2026-05-16T16:07:33.043037,GET,/api/mixed/pipeline/1/,3.94,82,0,
2026-05-16T16:07:33.046954,GET,/api/mixed/pipeline/1/,2.52,82,0,
2026-05-16T16:07:33.052997,GET,/api/mixed/http/,107.55,55353,0,
2026-05-16T16:07:33.054423,GET,/api/mixed/pipeline/1/,3.31,82,0,
2026-05-16T16:07:33.058530,GET,/api/mixed/db/1/,4.87,247,0,
2026-05-16T16:07:33.084913,GET,/api/mixed/http/,108.38,55353,0,
2026-05-16T16:07:33.089461,GET,/api/mixed/http/,107.43,55353,0,
2026-05-16T16:07:33.091906,GET,/api/mixed/http/,107.3,55353,0,
2026-05-16T16:07:33.096731,GET,/api/mixed/http/,107.84,55353,0,
2026-05-16T16:07:33.104641,GET,/api/mixed/pipeline/1/,2.56,82,0,
2026-05-16T16:07:33.116897,GET,/api/mixed/http/,108.86,55353,0,
2026-05-16T16:07:33.126846,GET,/api/mixed/db/1/,4.72,247,0,
2026-05-16T16:07:33.127615,GET,/api/mixed/db/1/,4.48,247,0,
2026-05-16T16:07:33.137137,GET,/api/mixed/db/1/,4.14,247,0,
2026-05-16T16:07:33.138168,GET,/api/mixed/db/1/,3.58,247,0,
2026-05-16T16:07:33.148148,GET,/api/mixed/http/,108.58,55353,0,
2026-05-16T16:07:33.150347,GET,/api/mixed/pipeline/1/,3.15,82,0,
2026-05-16T16:07:33.153919,GET,/api/mixed/db/1/,3.47,247,0,
2026-05-16T16:07:33.162797,GET,/api/mixed/http/,108.25,55353,0,
2026-05-16T16:07:33.169472,GET,/api/mixed/http/,107.62,55353,0,
2026-05-16T16:07:33.187018,GET,/api/mixed/http/,107.71,55353,0,
2026-05-16T16:07:33.194003,GET,/api/mixed/db/1/,4.58,247,0,
2026-05-16T16:07:33.209333,GET,/api/mixed/http/,108.27,55353,0,
2026-05-16T16:07:33.211624,GET,/api/mixed/pipeline/1/,3.38,82,0,
2026-05-16T16:07:33.215260,GET,/api/mixed/db/1/,4.46,247,0,
2026-05-16T16:07:33.215694,GET,/api/mixed/db/1/,3.85,247,0,
2026-05-16T16:07:33.218609,GET,/api/mixed/db/1/,4.23,247,0,
2026-05-16T16:07:33.247512,GET,/api/mixed/http/,109.22,55353,0,
2026-05-16T16:07:33.263769,GET,/api/mixed/pipeline/1/,3.83,82,0,
2026-05-16T16:07:33.264550,GET,/api/mixed/db/1/,4.04,247,0,
2026-05-16T16:07:33.272466,GET,/api/mixed/db/1/,5.57,247,0,
2026-05-16T16:07:33.272942,GET,/api/mixed/db/1/,4.27,247,0,
2026-05-16T16:07:33.275299,GET,/api/mixed/pipeline/1/,3.82,82,0,
2026-05-16T16:07:33.278384,GET,/api/mixed/db/1/,3.91,247,0,
2026-05-16T16:07:33.288557,GET,/api/mixed/pipeline/1/,2.85,82,0,
2026-05-16T16:07:33.292510,GET,/api/mixed/pipeline/1/,2.59,82,0,
2026-05-16T16:07:33.298288,GET,/api/mixed/http/,108.36,55353,0,
2026-05-16T16:07:33.322521,GET,/api/mixed/db/1/,3.91,247,0,
2026-05-16T16:07:33.328222,GET,/api/mixed/pipeline/1/,3.33,82,0,
2026-05-16T16:07:33.328712,GET,/api/mixed/db/1/,4.82,247,0,
2026-05-16T16:07:33.331301,GET,/api/mixed/pipeline/1/,3.95,82,0,
2026-05-16T16:07:33.333390,GET,/api/mixed/db/1/,3.63,247,0,
2026-05-16T16:07:33.336490,GET,/api/mixed/pipeline/1/,3.93,82,0,
2026-05-16T16:07:33.345891,GET,/api/mixed/pipeline/1/,4.16,82,0,
2026-05-16T16:07:33.346801,GET,/api/mixed/http/,107.89,55353,0,
2026-05-16T16:07:33.352898,GET,/api/mixed/http/,108.44,55353,0,
2026-05-16T16:07:33.371050,GET,/api/mixed/pipeline/1/,2.95,82,0,
2026-05-16T16:07:33.375692,GET,/api/mixed/http/,108.31,55353,0,
2026-05-16T16:07:33.421779,GET,/api/mixed/db/1/,4.62,247,0,
2026-05-16T16:07:33.423736,GET,/api/mixed/pipeline/1/,3.01,82,0,
2026-05-16T16:07:33.434237,GET,/api/mixed/db/1/,4.13,247,0,
2026-05-16T16:07:33.450548,GET,/api/mixed/http/,108.34,55353,0,
2026-05-16T16:07:33.451017,GET,/api/mixed/http/,107.81,55353,0,
2026-05-16T16:07:33.488369,GET,/api/mixed/http/,108.28,55353,0,
2026-05-16T16:07:33.514499,GET,/api/mixed/db/1/,4.03,247,0,
2026-05-16T16:07:33.521985,GET,/api/mixed/http/,109.5,55353,0,
2026-05-16T16:07:33.550219,GET,/api/mixed/db/1/,3.92,247,0,
2026-05-16T16:07:33.568627,GET,/api/mixed/db/1/,4.04,247,0,
2026-05-16T16:07:33.581788,GET,/api/mixed/db/1/,4.3,247,0,
2026-05-16T16:07:33.582416,GET,/api/mixed/db/1/,3.75,247,0,
2026-05-16T16:07:33.587530,GET,/api/mixed/db/1/,3.76,247,0,
2026-05-16T16:07:33.590215,GET,/api/mixed/db/1/,4.03,247,0,
2026-05-16T16:07:33.595017,GET,/api/mixed/db/1/,3.57,247,0,
2026-05-16T16:07:33.605358,GET,/api/mixed/http/,110.67,55353,0,
2026-05-16T16:07:33.617023,GET,/api/mixed/pipeline/1/,3.45,82,0,
2026-05-16T16:07:33.658046,GET,/api/mixed/pipeline/1/,2.92,82,0,
2026-05-16T16:07:33.678529,GET,/api/mixed/http/,107.63,55353,0,
2026-05-16T16:07:33.696072,GET,/api/mixed/db/1/,3.99,247,0,
2026-05-16T16:07:33.703729,GET,/api/mixed/pipeline/1/,4.4,82,0,
2026-05-16T16:07:33.705311,GET,/api/mixed/db/1/,5.53,247,0,
2026-05-16T16:07:33.705954,GET,/api/mixed/http/,107.72,55353,0,
2026-05-16T16:07:33.717716,GET,/api/mixed/db/1/,4.38,247,0,
2026-05-16T16:07:33.720195,GET,/api/mixed/pipeline/1/,3.38,82,0,
2026-05-16T16:07:33.723525,GET,/api/mixed/http/,107.41,55353,0,
2026-05-16T16:07:33.736631,GET,/api/mixed/db/1/,4.38,247,0,
2026-05-16T16:07:33.748315,GET,/api/mixed/http/,110.8,55353,0,
2026-05-16T16:07:33.771854,GET,/api/mixed/pipeline/1/,3.14,82,0,
2026-05-16T16:07:33.778918,GET,/api/mixed/db/1/,3.68,247,0,
2026-05-16T16:07:33.793313,GET,/api/mixed/db/1/,5.03,247,0,
2026-05-16T16:07:33.793828,GET,/api/mixed/db/1/,4.23,247,0,
2026-05-16T16:07:33.795747,GET,/api/mixed/pipeline/1/,3.85,82,0,
2026-05-16T16:07:33.841234,GET,/api/mixed/http/,109.5,55353,0,
2026-05-16T16:07:33.858814,GET,/api/mixed/db/1/,3.99,247,0,
2026-05-16T16:07:33.884187,GET,/api/mixed/db/1/,4.02,247,0,
2026-05-16T16:07:33.890452,GET,/api/mixed/pipeline/1/,3.02,82,0,
2026-05-16T16:07:33.900786,GET,/api/mixed/http/,108.39,55353,0,
2026-05-16T16:07:33.912696,GET,/api/mixed/db/1/,4.62,247,0,
2026-05-16T16:07:33.916708,GET,/api/mixed/db/1/,5.19,247,0,
2026-05-16T16:07:33.917271,GET,/api/mixed/http/,108.18,55353,0,
2026-05-16T16:07:33.920356,GET,/api/mixed/http/,107.68,55353,0,
2026-05-16T16:07:33.920760,GET,/api/mixed/db/1/,4.94,247,0,
2026-05-16T16:07:33.929667,GET,/api/mixed/db/1/,3.99,247,0,
2026-05-16T16:07:33.948617,GET,/api/mixed/http/,108.47,55353,0,
2026-05-16T16:07:33.963955,GET,/api/mixed/http/,107.71,55353,0,
2026-05-16T16:07:33.970008,GET,/api/mixed/pipeline/1/,2.81,82,0,
2026-05-16T16:07:33.982482,GET,/api/mixed/pipeline/1/,3.28,82,0,
2026-05-16T16:07:33.984681,GET,/api/mixed/pipeline/1/,3.03,82,0,
2026-05-16T16:07:33.999929,GET,/api/mixed/db/1/,4.9,247,0,
2026-05-16T16:07:34.011683,GET,/api/mixed/pipeline/1/,3.36,82,0,
2026-05-16T16:07:34.021414,GET,/api/mixed/http/,108.59,55353,0,
2026-05-16T16:07:34.025076,GET,/api/mixed/db/1/,4.58,247,0,
2026-05-16T16:07:34.029727,GET,/api/mixed/http/,107.73,55353,0,
2026-05-16T16:07:34.041716,GET,/api/mixed/db/1/,4.81,247,0,
2026-05-16T16:07:34.068492,GET,/api/mixed/db/1/,3.79,247,0,
2026-05-16T16:07:34.080432,GET,/api/mixed/db/1/,3.97,247,0,
2026-05-16T16:07:34.083286,GET,/api/mixed/pipeline/1/,2.74,82,0,
2026-05-16T16:07:34.089532,GET,/api/mixed/db/1/,5.04,247,0,
2026-05-16T16:07:34.104124,GET,/api/mixed/http/,108.48,55353,0,
2026-05-16T16:07:34.106510,GET,/api/mixed/pipeline/1/,3.41,82,0,
2026-05-16T16:07:34.112400,GET,/api/mixed/pipeline/1/,4.23,82,0,
2026-05-16T16:07:34.113316,GET,/api/mixed/db/1/,5.61,247,0,
2026-05-16T16:07:34.113828,GET,/api/mixed/pipeline/1/,4.67,82,0,
2026-05-16T16:07:34.117094,GET,/api/mixed/db/1/,5.58,247,0,
2026-05-16T16:07:34.118827,GET,/api/mixed/http/,108.05,55353,0,
2026-05-16T16:07:34.145830,GET,/api/mixed/http/,108.4,55353,0,
2026-05-16T16:07:34.150055,GET,/api/mixed/pipeline/1/,2.86,82,0,
2026-05-16T16:07:34.155974,GET,/api/mixed/db/1/,3.74,247,0,
2026-05-16T16:07:34.166905,GET,/api/mixed/http/,107.86,55353,0,
2026-05-16T16:07:34.171091,GET,/api/mixed/pipeline/1/,2.76,82,0,
2026-05-16T16:07:34.182667,GET,/api/mixed/db/1/,4.39,247,0,
2026-05-16T16:07:34.184280,GET,/api/mixed/http/,108.37,55353,0,
2026-05-16T16:07:34.196873,GET,/api/mixed/http/,108.4,55353,0,
2026-05-16T16:07:34.197327,GET,/api/mixed/http/,110.27,55353,0,
2026-05-16T16:07:34.218533,GET,/api/mixed/pipeline/1/,3.0,82,0,
2026-05-16T16:07:34.220656,GET,/api/mixed/http/,108.09,55353,0,
2026-05-16T16:07:34.282217,GET,/api/mixed/db/1/,3.91,247,0,
2026-05-16T16:07:34.300487,GET,/api/mixed/db/1/,3.92,247,0,
2026-05-16T16:07:34.302570,GET,/api/mixed/http/,108.02,55353,0,
2026-05-16T16:07:34.315619,GET,/api/mixed/db/1/,4.02,247,0,
2026-05-16T16:07:34.326742,GET,/api/mixed/pipeline/1/,3.31,82,0,
2026-05-16T16:07:34.329702,GET,/api/mixed/db/1/,3.89,247,0,
2026-05-16T16:07:34.330890,GET,/api/mixed/db/1/,3.69,247,0,
2026-05-16T16:07:34.349937,GET,/api/mixed/pipeline/1/,2.88,82,0,
2026-05-16T16:07:34.352050,GET,/api/mixed/http/,108.0,55353,0,
2026-05-16T16:07:34.363372,GET,/api/mixed/http/,108.55,55353,0,
2026-05-16T16:07:34.384530,GET,/api/mixed/pipeline/1/,2.94,82,0,
2026-05-16T16:07:34.390355,GET,/api/mixed/pipeline/1/,3.5,82,0,
2026-05-16T16:07:34.398167,GET,/api/mixed/http/,107.59,55353,0,
2026-05-16T16:07:34.410064,GET,/api/mixed/http/,108.36,55353,0,
2026-05-16T16:07:34.426832,GET,/api/mixed/db/1/,3.89,247,0,
2026-05-16T16:07:34.428221,GET,/api/mixed/http/,108.21,55353,0,
2026-05-16T16:07:34.438980,GET,/api/mixed/db/1/,3.96,247,0,
2026-05-16T16:07:34.444071,GET,/api/mixed/db/1/,4.25,247,0,
2026-05-16T16:07:34.444512,GET,/api/mixed/db/1/,5.33,247,0,
2026-05-16T16:07:34.444900,GET,/api/mixed/pipeline/1/,3.52,82,0,
2026-05-16T16:07:34.464080,GET,/api/mixed/db/1/,3.86,247,0,
2026-05-16T16:07:34.473252,GET,/api/mixed/db/1/,3.81,247,0,
2026-05-16T16:07:34.493980,GET,/api/mixed/pipeline/1/,3.23,82,0,
2026-05-16T16:07:34.495308,GET,/api/mixed/http/,107.95,55353,0,
2026-05-16T16:07:34.526122,GET,/api/mixed/http/,107.71,55353,0,
2026-05-16T16:07:34.534619,GET,/api/mixed/pipeline/1/,3.32,82,0,
2026-05-16T16:07:34.543000,GET,/api/mixed/http/,108.44,55353,0,
2026-05-16T16:07:34.553061,GET,/api/mixed/pipeline/1/,2.8,82,0,
2026-05-16T16:07:34.561069,GET,/api/mixed/pipeline/1/,2.71,82,0,
2026-05-16T16:07:34.578339,GET,/api/mixed/db/1/,4.9,247,0,
2026-05-16T16:07:34.579883,GET,/api/mixed/http/,108.01,55353,0,
2026-05-16T16:07:34.585913,GET,/api/mixed/pipeline/1/,2.72,82,0,
2026-05-16T16:07:34.595175,GET,/api/mixed/pipeline/1/,2.88,82,0,
2026-05-16T16:07:34.608452,GET,/api/mixed/db/1/,3.89,247,0,
2026-05-16T16:07:34.625265,GET,/api/mixed/db/1/,5.5,247,0,
2026-05-16T16:07:34.626481,GET,/api/mixed/http/,108.96,55353,0,
2026-05-16T16:07:34.628646,GET,/api/mixed/db/1/,4.46,247,0,
2026-05-16T16:07:34.630786,GET,/api/mixed/pipeline/1/,3.02,82,0,
2026-05-16T16:07:34.641038,GET,/api/mixed/pipeline/1/,3.01,82,0,
2026-05-16T16:07:34.641849,GET,/api/mixed/http/,108.13,55353,0,
2026-05-16T16:07:34.696360,GET,/api/mixed/db/1/,3.75,247,0,
2026-05-16T16:07:34.713731,GET,/api/mixed/db/1/,4.01,247,0,
2026-05-16T16:07:34.727631,GET,/api/mixed/pipeline/1/,5.51,82,0,
2026-05-16T16:07:34.737211,GET,/api/mixed/pipeline/1/,4.05,82,0,
2026-05-16T16:07:34.737801,GET,/api/mixed/db/1/,3.86,247,0,
2026-05-16T16:07:34.745852,GET,/api/mixed/db/1/,3.75,247,0,
2026-05-16T16:07:34.750392,GET,/api/mixed/http/,107.38,55353,0,
2026-05-16T16:07:34.763367,GET,/api/mixed/http/,107.93,55353,0,
2026-05-16T16:07:34.765518,GET,/api/mixed/pipeline/1/,3.14,82,0,
2026-05-16T16:07:34.773756,GET,/api/mixed/http/,107.8,55353,0,
2026-05-16T16:07:34.775553,GET,/api/mixed/pipeline/1/,2.84,82,0,
2026-05-16T16:07:34.781783,GET,/api/mixed/http/,108.2,55353,0,
2026-05-16T16:07:34.783970,GET,/api/mixed/pipeline/1/,4.15,82,0,
2026-05-16T16:07:34.785195,GET,/api/mixed/db/1/,4.45,247,0,
2026-05-16T16:07:34.795707,GET,/api/mixed/http/,108.66,55353,0,
2026-05-16T16:07:34.796656,GET,/api/mixed/http/,109.02,55353,0,
2026-05-16T16:07:34.797382,GET,/api/mixed/http/,108.2,55353,0,
2026-05-16T16:07:34.837521,GET,/api/mixed/pipeline/1/,2.96,82,0,
2026-05-16T16:07:34.841248,GET,/api/mixed/http/,109.32,55353,0,
2026-05-16T16:07:34.848644,GET,/api/mixed/db/1/,4.0,247,0,
2026-05-16T16:07:34.853326,GET,/api/mixed/http/,107.36,55353,0,
2026-05-16T16:07:34.856129,GET,/api/mixed/db/1/,4.29,247,0,
2026-05-16T16:07:34.874413,GET,/api/mixed/db/1/,3.95,247,0,
2026-05-16T16:07:34.878247,GET,/api/mixed/db/1/,3.72,247,0,
2026-05-16T16:07:34.883409,GET,/api/mixed/pipeline/1/,2.77,82,0,
2026-05-16T16:07:34.898365,GET,/api/mixed/db/1/,4.11,247,0,
2026-05-16T16:07:34.904093,GET,/api/mixed/http/,108.25,55353,0,
2026-05-16T16:07:34.924836,GET,/api/mixed/http/,107.89,55353,0,
2026-05-16T16:07:34.939643,GET,/api/mixed/db/1/,4.4,247,0,
2026-05-16T16:07:34.942269,GET,/api/mixed/pipeline/1/,3.7,82,0,
2026-05-16T16:07:34.943967,GET,/api/mixed/pipeline/1/,2.68,82,0,
2026-05-16T16:07:34.949933,GET,/api/mixed/db/1/,3.65,247,0,
2026-05-16T16:07:34.957587,GET,/api/mixed/pipeline/1/,3.43,82,0,
2026-05-16T16:07:34.991233,GET,/api/mixed/pipeline/1/,3.01,82,0,
2026-05-16T16:07:35.002399,GET,/api/mixed/http/,108.63,55353,0,
2026-05-16T16:07:35.005931,GET,/api/mixed/db/1/,4.49,247,0,
2026-05-16T16:07:35.009190,GET,/api/mixed/http/,107.63,55353,0,
2026-05-16T16:07:35.015075,GET,/api/mixed/http/,107.33,55353,0,
2026-05-16T16:07:35.016024,GET,/api/mixed/http/,109.59,55353,0,
2026-05-16T16:07:35.019641,GET,/api/mixed/pipeline/1/,2.95,82,0,
2026-05-16T16:07:35.020640,GET,/api/mixed/db/1/,5.43,247,0,
2026-05-16T16:07:35.022940,GET,/api/mixed/pipeline/1/,3.16,82,0,
2026-05-16T16:07:35.023441,GET,/api/mixed/http/,108.36,55353,0,
2026-05-16T16:07:35.034792,GET,/api/mixed/http/,108.56,55353,0,
2026-05-16T16:07:35.040760,GET,/api/mixed/http/,108.05,55353,0,
2026-05-16T16:07:35.062223,GET,/api/mixed/http/,107.63,55353,0,
2026-05-16T16:07:35.068577,GET,/api/mixed/http/,107.65,55353,0,
2026-05-16T16:07:35.086561,GET,/api/mixed/http/,108.18,55353,0,
2026-05-16T16:07:35.093046,GET,/api/mixed/db/1/,4.13,247,0,
2026-05-16T16:07:35.113891,GET,/api/mixed/db/1/,4.36,247,0,
2026-05-16T16:07:35.155874,GET,/api/mixed/http/,107.75,55353,0,
2026-05-16T16:07:35.161462,GET,/api/mixed/pipeline/1/,4.23,82,0,
2026-05-16T16:07:35.162402,GET,/api/mixed/db/1/,4.72,247,0,
2026-05-16T16:07:35.166805,GET,/api/mixed/db/1/,6.2,247,0,
2026-05-16T16:07:35.189554,GET,/api/mixed/db/1/,4.81,247,0,
2026-05-16T16:07:35.199865,GET,/api/mixed/pipeline/1/,3.41,82,0,
2026-05-16T16:07:35.200339,GET,/api/mixed/db/1/,4.36,247,0,
2026-05-16T16:07:35.209598,GET,/api/mixed/pipeline/1/,5.02,82,0,
2026-05-16T16:07:35.220111,GET,/api/mixed/pipeline/1/,3.14,82,0,
2026-05-16T16:07:35.244475,GET,/api/mixed/http/,108.31,55353,0,
2026-05-16T16:07:35.253556,GET,/api/mixed/db/1/,4.69,247,0,
2026-05-16T16:07:35.256629,GET,/api/mixed/db/1/,4.13,247,0,
2026-05-16T16:07:35.267108,GET,/api/mixed/http/,109.04,55353,0,
2026-05-16T16:07:35.273038,GET,/api/mixed/db/1/,4.47,247,0,
2026-05-16T16:07:35.273542,GET,/api/mixed/pipeline/1/,3.17,82,0,
2026-05-16T16:07:35.279449,GET,/api/mixed/http/,108.24,55353,0,
2026-05-16T16:07:35.282613,GET,/api/mixed/db/1/,4.87,247,0,
2026-05-16T16:07:35.286712,GET,/api/mixed/pipeline/1/,2.82,82,0,
2026-05-16T16:07:35.292830,GET,/api/mixed/http/,107.54,55353,0,
2026-05-16T16:07:35.339488,GET,/api/mixed/http/,108.14,55353,0,
2026-05-16T16:07:35.345089,GET,/api/mixed/http/,108.97,55353,0,
2026-05-16T16:07:35.345557,GET,/api/mixed/http/,107.98,55353,0,
2026-05-16T16:07:35.369048,GET,/api/mixed/pipeline/1/,3.3,82,0,
2026-05-16T16:07:35.371449,GET,/api/mixed/pipeline/1/,3.2,82,0,
2026-05-16T16:07:35.377922,GET,/api/mixed/http/,108.14,55353,0,
2026-05-16T16:07:35.416397,GET,/api/mixed/pipeline/1/,5.2,82,0,
2026-05-16T16:07:35.418993,GET,/api/mixed/pipeline/1/,5.19,82,0,
2026-05-16T16:07:35.419528,GET,/api/mixed/pipeline/1/,5.2,82,0,
2026-05-16T16:07:35.474728,GET,/api/mixed/db/1/,4.31,247,0,
2026-05-16T16:07:35.479021,GET,/api/mixed/db/1/,5.21,247,0,
2026-05-16T16:07:35.500482,GET,/api/mixed/pipeline/1/,2.98,82,0,
2026-05-16T16:07:35.522165,GET,/api/mixed/db/1/,3.78,247,0,
2026-05-16T16:07:35.528298,GET,/api/mixed/pipeline/1/,2.76,82,0,
2026-05-16T16:07:35.534193,GET,/api/mixed/db/1/,3.56,247,0,
2026-05-16T16:07:35.550424,GET,/api/mixed/db/1/,3.97,247,0,
2026-05-16T16:07:35.552297,GET,/api/mixed/pipeline/1/,3.29,82,0,
2026-05-16T16:07:35.554671,GET,/api/mixed/http/,107.98,55353,0,
2026-05-16T16:07:35.568277,GET,/api/mixed/pipeline/1/,4.46,82,0,
2026-05-16T16:07:35.568711,GET,/api/mixed/pipeline/1/,5.36,82,0,
2026-05-16T16:07:35.569078,GET,/api/mixed/pipeline/1/,3.84,82,0,
2026-05-16T16:07:35.570476,GET,/api/mixed/http/,109.91,55353,0,
2026-05-16T16:07:35.594332,GET,/api/mixed/pipeline/1/,3.5,82,0,
2026-05-16T16:07:35.596695,GET,/api/mixed/db/1/,4.45,247,0,
2026-05-16T16:07:35.599675,GET,/api/mixed/http/,108.34,55353,0,
2026-05-16T16:07:35.600695,GET,/api/mixed/db/1/,3.88,247,0,
2026-05-16T16:07:35.620002,GET,/api/mixed/http/,108.15,55353,0,
2026-05-16T16:07:35.622536,GET,/api/mixed/pipeline/1/,3.64,82,0,
2026-05-16T16:07:35.646133,GET,/api/mixed/pipeline/1/,3.27,82,0,
2026-05-16T16:07:35.660342,GET,/api/mixed/pipeline/1/,2.97,82,0,
2026-05-16T16:07:35.661183,GET,/api/mixed/http/,107.67,55353,0,
2026-05-16T16:07:35.672311,GET,/api/mixed/http/,108.11,55353,0,
2026-05-16T16:07:35.674314,GET,/api/mixed/db/1/,3.94,247,0,
2026-05-16T16:07:35.696284,GET,/api/mixed/db/1/,3.85,247,0,
2026-05-16T16:07:35.740711,GET,/api/mixed/db/1/,3.89,247,0,
2026-05-16T16:07:35.753561,GET,/api/mixed/db/1/,4.16,247,0,
2026-05-16T16:07:35.756872,GET,/api/mixed/db/1/,4.18,247,0,
2026-05-16T16:07:35.775180,GET,/api/mixed/db/1/,3.99,247,0,
2026-05-16T16:07:35.783326,GET,/api/mixed/http/,107.77,55353,0,
2026-05-16T16:07:35.790693,GET,/api/mixed/http/,107.61,55353,0,
2026-05-16T16:07:35.799858,GET,/api/mixed/http/,108.36,55353,0,
2026-05-16T16:07:35.801838,GET,/api/mixed/db/1/,3.95,247,0,
2026-05-16T16:07:35.811144,GET,/api/mixed/http/,109.31,55353,0,
2026-05-16T16:07:35.816638,GET,/api/mixed/pipeline/1/,3.11,82,0,
2026-05-16T16:07:35.824447,GET,/api/mixed/http/,108.32,55353,0,
2026-05-16T16:07:35.828512,GET,/api/mixed/db/1/,4.94,247,0,
2026-05-16T16:07:35.836844,GET,/api/mixed/pipeline/1/,4.49,82,0,
2026-05-16T16:07:35.840160,GET,/api/mixed/db/1/,4.15,247,0,
2026-05-16T16:07:35.848973,GET,/api/mixed/pipeline/1/,3.01,82,0,
2026-05-16T16:07:35.855552,GET,/api/mixed/http/,107.47,55353,0,
2026-05-16T16:07:35.861322,GET,/api/mixed/pipeline/1/,3.43,82,0,
2026-05-16T16:07:35.865611,GET,/api/mixed/db/1/,5.23,247,0,
2026-05-16T16:07:35.874889,GET,/api/mixed/pipeline/1/,3.01,82,0,
2026-05-16T16:07:35.880997,GET,/api/mixed/pipeline/1/,2.75,82,0,
2026-05-16T16:07:35.887381,GET,/api/mixed/db/1/,4.04,247,0,
2026-05-16T16:07:35.915153,GET,/api/mixed/db/1/,3.99,247,0,
2026-05-16T16:07:35.932769,GET,/api/mixed/http/,107.35,55353,0,
2026-05-16T16:07:35.941429,GET,/api/mixed/http/,109.53,55353,0,
2026-05-16T16:07:35.945423,GET,/api/mixed/db/1/,3.87,247,0,
2026-05-16T16:07:35.955086,GET,/api/mixed/pipeline/1/,5.08,82,0,
2026-05-16T16:07:35.956991,GET,/api/mixed/http/,111.49,55353,0,
2026-05-16T16:07:35.960891,GET,/api/mixed/db/1/,4.76,247,0,
2026-05-16T16:07:35.964328,GET,/api/mixed/db/1/,5.28,247,0,
2026-05-16T16:07:35.964782,GET,/api/mixed/pipeline/1/,2.91,82,0,
2026-05-16T16:07:35.966050,GET,/api/mixed/db/1/,5.96,247,0,
2026-05-16T16:07:35.968295,GET,/api/mixed/db/1/,5.04,247,0,
2026-05-16T16:07:35.992531,GET,/api/mixed/http/,107.74,55353,0,
2026-05-16T16:07:35.995533,GET,/api/mixed/pipeline/1/,4.02,82,0,
2026-05-16T16:07:35.999702,GET,/api/mixed/pipeline/1/,5.02,82,0,
2026-05-16T16:07:36.042595,GET,/api/mixed/pipeline/1/,3.14,82,0,
2026-05-16T16:07:36.054462,GET,/api/mixed/pipeline/1/,3.55,82,0,
2026-05-16T16:07:36.063914,GET,/api/mixed/pipeline/1/,4.21,82,0,
2026-05-16T16:07:36.064401,GET,/api/mixed/db/1/,5.22,247,0,
2026-05-16T16:07:36.068469,GET,/api/mixed/db/1/,5.82,247,0,
2026-05-16T16:07:36.072827,GET,/api/mixed/http/,107.71,55353,0,
2026-05-16T16:07:36.107342,GET,/api/mixed/http/,108.64,55353,0,
2026-05-16T16:07:36.109035,GET,/api/mixed/http/,107.51,55353,0,
2026-05-16T16:07:36.109945,GET,/api/mixed/pipeline/1/,4.17,82,0,
2026-05-16T16:07:36.116669,GET,/api/mixed/pipeline/1/,2.68,82,0,
2026-05-16T16:07:36.136454,GET,/api/mixed/http/,108.62,55353,0,
2026-05-16T16:07:36.149340,GET,/api/mixed/db/1/,4.1,247,0,
2026-05-16T16:07:36.160168,GET,/api/mixed/http/,108.74,55353,0,
2026-05-16T16:07:36.163418,GET,/api/mixed/http/,107.76,55353,0,
2026-05-16T16:07:36.172633,GET,/api/mixed/http/,107.87,55353,0,
2026-05-16T16:07:36.176288,GET,/api/mixed/pipeline/1/,2.93,82,0,
2026-05-16T16:07:36.176709,GET,/api/mixed/db/1/,5.05,247,0,
2026-05-16T16:07:36.177156,GET,/api/mixed/http/,107.47,55353,0,
2026-05-16T16:07:36.187719,GET,/api/mixed/http/,108.55,55353,0,
2026-05-16T16:07:36.212432,GET,/api/mixed/db/1/,4.4,247,0,
2026-05-16T16:07:36.214499,GET,/api/mixed/http/,108.15,55353,0,
2026-05-16T16:07:36.222567,GET,/api/mixed/http/,112.5,55353,0,
2026-05-16T16:07:36.223083,GET,/api/mixed/http/,113.93,55353,0,
2026-05-16T16:07:36.223951,GET,/api/mixed/db/1/,4.23,247,0,
2026-05-16T16:07:36.231664,GET,/api/mixed/http/,108.68,55353,0,
2026-05-16T16:07:36.253582,GET,/api/mixed/http/,109.68,55353,0,
2026-05-16T16:07:36.263941,GET,/api/mixed/pipeline/1/,3.14,82,0,
2026-05-16T16:07:36.286912,GET,/api/mixed/db/1/,4.07,247,0,
2026-05-16T16:07:36.304514,GET,/api/mixed/pipeline/1/,3.25,82,0,
2026-05-16T16:07:36.330037,GET,/api/mixed/pipeline/1/,2.97,82,0,
2026-05-16T16:07:36.334423,GET,/api/mixed/http/,108.29,55353,0,
2026-05-16T16:07:36.371796,GET,/api/mixed/pipeline/1/,3.14,82,0,
2026-05-16T16:07:36.381759,GET,/api/mixed/http/,108.47,55353,0,
2026-05-16T16:07:36.383758,GET,/api/mixed/pipeline/1/,3.21,82,0,
2026-05-16T16:07:36.392415,GET,/api/mixed/db/1/,3.77,247,0,
2026-05-16T16:07:36.403154,GET,/api/mixed/pipeline/1/,3.43,82,0,
2026-05-16T16:07:36.404349,GET,/api/mixed/db/1/,3.6,247,0,
2026-05-16T16:07:36.419754,GET,/api/mixed/http/,107.81,55353,0,
2026-05-16T16:07:36.420171,GET,/api/mixed/pipeline/1/,2.6,82,0,
2026-05-16T16:07:36.432262,GET,/api/mixed/http/,107.8,55353,0,
2026-05-16T16:07:36.455801,GET,/api/mixed/http/,107.92,55353,0,
2026-05-16T16:07:36.481773,GET,/api/mixed/http/,107.64,55353,0,
2026-05-16T16:07:36.489101,GET,/api/mixed/db/1/,3.95,247,0,
2026-05-16T16:07:36.492540,GET,/api/mixed/http/,107.44,55353,0,
2026-05-16T16:07:36.494559,GET,/api/mixed/db/1/,4.19,247,0,
2026-05-16T16:07:36.514880,GET,/api/mixed/http/,108.21,55353,0,
2026-05-16T16:07:36.518463,GET,/api/mixed/db/1/,4.54,247,0,
2026-05-16T16:07:36.518935,GET,/api/mixed/http/,107.72,55353,0,
2026-05-16T16:07:36.535682,GET,/api/mixed/db/1/,3.8,247,0,
2026-05-16T16:07:36.547873,GET,/api/mixed/db/1/,4.87,247,0,
2026-05-16T16:07:36.548321,GET,/api/mixed/db/1/,3.95,247,0,
2026-05-16T16:07:36.558133,GET,/api/mixed/http/,107.59,55353,0,
2026-05-16T16:07:36.570800,GET,/api/mixed/db/1/,4.31,247,0,
2026-05-16T16:07:36.571963,GET,/api/mixed/pipeline/1/,2.81,82,0,
2026-05-16T16:07:36.597479,GET,/api/mixed/pipeline/1/,2.8,82,0,
2026-05-16T16:07:36.598695,GET,/api/mixed/db/1/,4.54,247,0,
2026-05-16T16:07:36.599221,GET,/api/mixed/http/,107.66,55353,0,
2026-05-16T16:07:36.604381,GET,/api/mixed/http/,107.46,55353,0,
2026-05-16T16:07:36.610861,GET,/api/mixed/db/1/,3.78,247,0,
2026-05-16T16:07:36.630700,GET,/api/mixed/http/,107.45,55353,0,
2026-05-16T16:07:36.637872,GET,/api/mixed/db/1/,3.9,247,0,
2026-05-16T16:07:36.705513,GET,/api/mixed/db/1/,4.51,247,0,
2026-05-16T16:07:36.708891,GET,/api/mixed/db/1/,4.22,247,0,
2026-05-16T16:07:36.713115,GET,/api/mixed/http/,108.62,55353,0,
2026-05-16T16:07:36.725217,GET,/api/mixed/db/1/,3.88,247,0,
2026-05-16T16:07:36.730277,GET,/api/mixed/db/1/,3.71,247,0,
2026-05-16T16:07:36.750462,GET,/api/mixed/pipeline/1/,2.71,82,0,
2026-05-16T16:07:36.751087,GET,/api/mixed/db/1/,4.48,247,0,
2026-05-16T16:07:36.769861,GET,/api/mixed/db/1/,3.71,247,0,
2026-05-16T16:07:36.775026,GET,/api/mixed/pipeline/1/,2.77,82,0,
2026-05-16T16:07:36.779918,GET,/api/mixed/pipeline/1/,2.56,82,0,
2026-05-16T16:07:36.785924,GET,/api/mixed/db/1/,3.64,247,0,
2026-05-16T16:07:36.790000,GET,/api/mixed/http/,107.85,55353,0,
2026-05-16T16:07:36.797114,GET,/api/mixed/db/1/,3.77,247,0,
2026-05-16T16:07:36.804752,GET,/api/mixed/pipeline/1/,2.79,82,0,
2026-05-16T16:07:36.818847,GET,/api/mixed/db/1/,3.92,247,0,
2026-05-16T16:07:36.821140,GET,/api/mixed/http/,110.06,55353,0,
2026-05-16T16:07:36.824003,GET,/api/mixed/pipeline/1/,2.75,82,0,
2026-05-16T16:07:36.836797,GET,/api/mixed/pipeline/1/,2.98,82,0,
2026-05-16T16:07:36.850260,GET,/api/mixed/db/1/,4.14,247,0,
2026-05-16T16:07:36.870188,GET,/api/mixed/http/,107.75,55353,0,
2026-05-16T16:07:36.882236,GET,/api/mixed/pipeline/1/,2.84,82,0,
2026-05-16T16:07:36.905609,GET,/api/mixed/db/1/,3.84,247,0,
2026-05-16T16:07:36.906420,GET,/api/mixed/http/,108.01,55353,0,
2026-05-16T16:07:36.929665,GET,/api/mixed/pipeline/1/,3.34,82,0,
2026-05-16T16:07:36.936216,GET,/api/mixed/pipeline/1/,4.03,82,0,
2026-05-16T16:07:36.936955,GET,/api/mixed/db/1/,6.69,247,0,
2026-05-16T16:07:36.937856,GET,/api/mixed/http/,108.49,55353,0,
2026-05-16T16:07:36.954477,GET,/api/mixed/db/1/,3.76,247,0,
2026-05-16T16:07:36.973225,GET,/api/mixed/db/1/,4.4,247,0,
2026-05-16T16:07:36.976619,GET,/api/mixed/db/1/,4.3,247,0,
2026-05-16T16:07:36.990650,GET,/api/mixed/db/1/,3.86,247,0,
2026-05-16T16:07:36.991169,GET,/api/mixed/http/,107.69,55353,0,
2026-05-16T16:07:36.995051,GET,/api/mixed/http/,108.06,55353,0,
2026-05-16T16:07:37.003690,GET,/api/mixed/http/,108.29,55353,0,
2026-05-16T16:07:37.019940,GET,/api/mixed/http/,109.33,55353,0,
2026-05-16T16:07:37.034553,GET,/api/mixed/pipeline/1/,3.33,82,0,
2026-05-16T16:07:37.035192,GET,/api/mixed/pipeline/1/,2.7,82,0,
2026-05-16T16:07:37.049005,GET,/api/mixed/http/,107.83,55353,0,
2026-05-16T16:07:37.114278,GET,/api/mixed/pipeline/1/,5.14,82,0,
2026-05-16T16:07:37.114801,GET,/api/mixed/pipeline/1/,4.86,82,0,
2026-05-16T16:07:37.126696,GET,/api/mixed/pipeline/1/,3.63,82,0,
2026-05-16T16:07:37.127231,GET,/api/mixed/db/1/,5.24,247,0,
2026-05-16T16:07:37.138579,GET,/api/mixed/db/1/,4.05,247,0,
2026-05-16T16:07:37.146414,GET,/api/mixed/http/,108.02,55353,0,
2026-05-16T16:07:37.147858,GET,/api/mixed/db/1/,4.27,247,0,
2026-05-16T16:07:37.161994,GET,/api/mixed/http/,107.62,55353,0,
2026-05-16T16:07:37.162409,GET,/api/mixed/pipeline/1/,3.31,82,0,
2026-05-16T16:07:37.168438,GET,/api/mixed/db/1/,3.65,247,0,
2026-05-16T16:07:37.179447,GET,/api/mixed/pipeline/1/,6.56,82,0,
2026-05-16T16:07:37.179877,GET,/api/mixed/db/1/,8.03,247,0,
2026-05-16T16:07:37.181748,GET,/api/mixed/pipeline/1/,3.73,82,0,
2026-05-16T16:07:37.192545,GET,/api/mixed/pipeline/1/,3.41,82,0,
2026-05-16T16:07:37.194807,GET,/api/mixed/pipeline/1/,3.12,82,0,
2026-05-16T16:07:37.199519,GET,/api/mixed/http/,107.69,55353,0,
2026-05-16T16:07:37.211895,GET,/api/mixed/http/,108.46,55353,0,
2026-05-16T16:07:37.214738,GET,/api/mixed/pipeline/1/,2.72,82,0,
2026-05-16T16:07:37.218885,GET,/api/mixed/http/,109.33,55353,0,
2026-05-16T16:07:37.221392,GET,/api/mixed/pipeline/1/,3.43,82,0,
2026-05-16T16:07:37.246684,GET,/api/mixed/http/,109.48,55353,0,
2026-05-16T16:07:37.250410,GET,/api/mixed/pipeline/1/,3.04,82,0,
2026-05-16T16:07:37.250897,GET,/api/mixed/db/1/,5.16,247,0,
2026-05-16T16:07:37.251337,GET,/api/mixed/pipeline/1/,4.42,82,0,
2026-05-16T16:07:37.251707,GET,/api/mixed/db/1/,6.55,247,0,
2026-05-16T16:07:37.254571,GET,/api/mixed/pipeline/1/,2.78,82,0,
2026-05-16T16:07:37.271845,GET,/api/mixed/http/,108.05,55353,0,
2026-05-16T16:07:37.276991,GET,/api/mixed/pipeline/1/,2.91,82,0,
2026-05-16T16:07:37.284050,GET,/api/mixed/pipeline/1/,2.71,82,0,
2026-05-16T16:07:37.286662,GET,/api/mixed/pipeline/1/,2.51,82,0,
2026-05-16T16:07:37.321757,GET,/api/mixed/db/1/,4.48,247,0,
2026-05-16T16:07:37.328073,GET,/api/mixed/db/1/,3.91,247,0,
2026-05-16T16:07:37.334298,GET,/api/mixed/http/,107.6,55353,0,
2026-05-16T16:07:37.340644,GET,/api/mixed/pipeline/1/,3.11,82,0,
2026-05-16T16:07:37.362490,GET,/api/mixed/pipeline/1/,3.5,82,0,
2026-05-16T16:07:37.362896,GET,/api/mixed/pipeline/1/,3.28,82,0,
2026-05-16T16:07:37.366804,GET,/api/mixed/pipeline/1/,2.66,82,0,
2026-05-16T16:07:37.392837,GET,/api/mixed/pipeline/1/,3.05,82,0,
2026-05-16T16:07:37.438434,GET,/api/mixed/pipeline/1/,4.17,82,0,
2026-05-16T16:07:37.471455,GET,/api/mixed/pipeline/1/,3.04,82,0,
2026-05-16T16:07:37.475746,GET,/api/mixed/http/,107.69,55353,0,
2026-05-16T16:07:37.499523,GET,/api/mixed/db/1/,3.86,247,0,
2026-05-16T16:07:37.506876,GET,/api/mixed/db/1/,4.0,247,0,
2026-05-16T16:07:37.512853,GET,/api/mixed/db/1/,3.64,247,0,
2026-05-16T16:07:37.542844,GET,/api/mixed/http/,108.02,55353,0,
2026-05-16T16:07:37.545542,GET,/api/mixed/http/,107.98,55353,0,
2026-05-16T16:07:37.554558,GET,/api/mixed/http/,107.86,55353,0,
2026-05-16T16:07:37.600066,GET,/api/mixed/http/,107.99,55353,0,
2026-05-16T16:07:37.620630,GET,/api/mixed/db/1/,5.59,247,0,
2026-05-16T16:07:37.624113,GET,/api/mixed/db/1/,5.55,247,0,
2026-05-16T16:07:37.637287,GET,/api/mixed/pipeline/1/,2.82,82,0,
2026-05-16T16:07:37.655426,GET,/api/mixed/pipeline/1/,3.19,82,0,
2026-05-16T16:07:37.671176,GET,/api/mixed/pipeline/1/,3.36,82,0,
2026-05-16T16:07:37.677797,GET,/api/mixed/pipeline/1/,3.26,82,0,
2026-05-16T16:07:37.682081,GET,/api/mixed/db/1/,5.17,247,0,
2026-05-16T16:07:37.682559,GET,/api/mixed/db/1/,3.84,247,0,
2026-05-16T16:07:37.690311,GET,/api/mixed/db/1/,4.42,247,0,
2026-05-16T16:07:37.702379,GET,/api/mixed/db/1/,4.37,247,0,
2026-05-16T16:07:37.705760,GET,/api/mixed/db/1/,4.37,247,0,
2026-05-16T16:07:37.712826,GET,/api/mixed/http/,108.37,55353,0,
2026-05-16T16:07:37.728235,GET,/api/mixed/http/,107.48,55353,0,
2026-05-16T16:07:37.750085,GET,/api/mixed/http/,108.47,55353,0,
2026-05-16T16:07:37.777213,GET,/api/mixed/db/1/,4.37,247,0,
2026-05-16T16:07:37.782576,GET,/api/mixed/pipeline/1/,3.12,82,0,
2026-05-16T16:07:37.783689,GET,/api/mixed/pipeline/1/,2.77,82,0,
2026-05-16T16:07:37.793758,GET,/api/mixed/db/1/,3.73,247,0,
2026-05-16T16:07:37.796642,GET,/api/mixed/db/1/,4.09,247,0,
2026-05-16T16:07:37.799100,GET,/api/mixed/http/,107.59,55353,0,
2026-05-16T16:07:37.801052,GET,/api/mixed/pipeline/1/,3.2,82,0,
2026-05-16T16:07:37.804843,GET,/api/mixed/pipeline/1/,2.55,82,0,
2026-05-16T16:07:37.827255,GET,/api/mixed/pipeline/1/,2.84,82,0,
2026-05-16T16:07:37.840230,GET,/api/mixed/db/1/,4.78,247,0,
2026-05-16T16:07:37.840633,GET,/api/mixed/db/1/,4.76,247,0,
2026-05-16T16:07:37.850127,GET,/api/mixed/http/,107.56,55353,0,
2026-05-16T16:07:37.851472,GET,/api/mixed/db/1/,4.12,247,0,
2026-05-16T16:07:37.854724,GET,/api/mixed/pipeline/1/,4.04,82,0,
2026-05-16T16:07:37.855395,GET,/api/mixed/db/1/,5.15,247,0,
2026-05-16T16:07:37.877197,GET,/api/mixed/pipeline/1/,2.88,82,0,
2026-05-16T16:07:37.879851,GET,/api/mixed/pipeline/1/,2.54,82,0,
2026-05-16T16:07:37.880444,GET,/api/mixed/http/,108.13,55353,0,
2026-05-16T16:07:37.923954,GET,/api/mixed/pipeline/1/,4.53,82,0,
2026-05-16T16:07:37.927544,GET,/api/mixed/pipeline/1/,5.52,82,0,
2026-05-16T16:07:37.928108,GET,/api/mixed/pipeline/1/,4.03,82,0,
2026-05-16T16:07:37.928486,GET,/api/mixed/pipeline/1/,6.03,82,0,
2026-05-16T16:07:37.928851,GET,/api/mixed/db/1/,6.01,247,0,
2026-05-16T16:07:37.931569,GET,/api/mixed/http/,108.32,55353,0,
2026-05-16T16:07:37.945746,GET,/api/mixed/http/,108.08,55353,0,
2026-05-16T16:07:37.948182,GET,/api/mixed/pipeline/1/,3.4,82,0,
2026-05-16T16:07:37.954909,GET,/api/mixed/http/,108.1,55353,0,
2026-05-16T16:07:37.962279,GET,/api/mixed/pipeline/1/,2.86,82,0,
2026-05-16T16:07:37.966204,GET,/api/mixed/http/,108.46,55353,0,
2026-05-16T16:07:37.976794,GET,/api/mixed/db/1/,4.32,247,0,
2026-05-16T16:07:37.982873,GET,/api/mixed/db/1/,3.74,247,0,
2026-05-16T16:07:37.993805,GET,/api/mixed/db/1/,4.59,247,0,
2026-05-16T16:07:37.994759,GET,/api/mixed/db/1/,4.48,247,0,
2026-05-16T16:07:37.997163,GET,/api/mixed/pipeline/1/,3.23,82,0,
2026-05-16T16:07:38.006142,GET,/api/mixed/http/,108.53,55353,0,
2026-05-16T16:07:38.032198,GET,/api/mixed/db/1/,4.21,247,0,
2026-05-16T16:07:38.052322,GET,/api/mixed/pipeline/1/,2.72,82,0,
2026-05-16T16:07:38.058907,GET,/api/mixed/http/,107.49,55353,0,
2026-05-16T16:07:38.062025,GET,/api/mixed/db/1/,4.1,247,0,
2026-05-16T16:07:38.062522,GET,/api/mixed/http/,107.5,55353,0,
2026-05-16T16:07:38.071320,GET,/api/mixed/http/,107.77,55353,0,
2026-05-16T16:07:38.076297,GET,/api/mixed/pipeline/1/,2.78,82,0,
2026-05-16T16:07:38.080111,GET,/api/mixed/db/1/,3.7,247,0,
2026-05-16T16:07:38.090642,GET,/api/mixed/db/1/,3.75,247,0,
2026-05-16T16:07:38.108840,GET,/api/mixed/http/,108.41,55353,0,
2026-05-16T16:07:38.111744,GET,/api/mixed/http/,108.52,55353,0,
2026-05-16T16:07:38.112247,GET,/api/mixed/http/,109.49,55353,0,
2026-05-16T16:07:38.115916,GET,/api/mixed/http/,107.5,55353,0,
2026-05-16T16:07:38.138751,GET,/api/mixed/http/,108.25,55353,0,
2026-05-16T16:07:38.142677,GET,/api/mixed/db/1/,3.8,247,0,
2026-05-16T16:07:38.160269,GET,/api/mixed/http/,111.69,55353,0,
2026-05-16T16:07:38.163159,GET,/api/mixed/http/,108.62,55353,0,
2026-05-16T16:07:38.190834,GET,/api/mixed/http/,107.47,55353,0,
2026-05-16T16:07:38.207417,GET,/api/mixed/http/,108.45,55353,0,
2026-05-16T16:07:38.213066,GET,/api/mixed/http/,107.58,55353,0,
2026-05-16T16:07:38.233043,GET,/api/mixed/pipeline/1/,2.91,82,0,
2026-05-16T16:07:38.251535,GET,/api/mixed/http/,107.49,55353,0,
2026-05-16T16:07:38.261749,GET,/api/mixed/pipeline/1/,2.97,82,0,
2026-05-16T16:07:38.266026,GET,/api/mixed/http/,110.11,55353,0,
2026-05-16T16:07:38.266547,GET,/api/mixed/http/,108.6,55353,0,
2026-05-16T16:07:38.269851,GET,/api/mixed/db/1/,4.85,247,0,
2026-05-16T16:07:38.282359,GET,/api/mixed/pipeline/1/,3.24,82,0,
2026-05-16T16:07:38.309189,GET,/api/mixed/pipeline/1/,3.22,82,0,
2026-05-16T16:07:38.310319,GET,/api/mixed/db/1/,4.86,247,0,
2026-05-16T16:07:38.316083,GET,/api/mixed/http/,108.53,55353,0,
2026-05-16T16:07:38.321556,GET,/api/mixed/http/,108.36,55353,0,
2026-05-16T16:07:38.322137,GET,/api/mixed/db/1/,7.59,247,0,
2026-05-16T16:07:38.322625,GET,/api/mixed/db/1/,6.38,247,0,
2026-05-16T16:07:38.327894,GET,/api/mixed/http/,112.12,55353,0,
2026-05-16T16:07:38.330423,GET,/api/mixed/pipeline/1/,3.63,82,0,
2026-05-16T16:07:38.353753,GET,/api/mixed/db/1/,4.81,247,0,
2026-05-16T16:07:38.387176,GET,/api/mixed/pipeline/1/,2.85,82,0,
2026-05-16T16:07:38.387610,GET,/api/mixed/db/1/,4.8,247,0,
2026-05-16T16:07:38.394541,GET,/api/mixed/db/1/,3.73,247,0,
2026-05-16T16:07:38.410793,GET,/api/mixed/http/,108.15,55353,0,
2026-05-16T16:07:38.418949,GET,/api/mixed/pipeline/1/,2.78,82,0,
2026-05-16T16:07:38.429229,GET,/api/mixed/db/1/,3.76,247,0,
2026-05-16T16:07:38.439378,GET,/api/mixed/db/1/,3.91,247,0,
2026-05-16T16:07:38.444331,GET,/api/mixed/http/,107.68,55353,0,
2026-05-16T16:07:38.453792,GET,/api/mixed/http/,108.53,55353,0,
2026-05-16T16:07:38.456627,GET,/api/mixed/http/,108.4,55353,0,
2026-05-16T16:07:38.460837,GET,/api/mixed/http/,108.11,55353,0,
2026-05-16T16:07:38.486265,GET,/api/mixed/pipeline/1/,3.01,82,0,
2026-05-16T16:07:38.487396,GET,/api/mixed/db/1/,5.24,247,0,
2026-05-16T16:07:38.494755,GET,/api/mixed/pipeline/1/,3.0,82,0,
2026-05-16T16:07:38.502881,GET,/api/mixed/http/,108.22,55353,0,
2026-05-16T16:07:38.510489,GET,/api/mixed/pipeline/1/,2.8,82,0,
2026-05-16T16:07:38.510891,GET,/api/mixed/pipeline/1/,3.67,82,0,
2026-05-16T16:07:38.523224,GET,/api/mixed/pipeline/1/,2.97,82,0,
2026-05-16T16:07:38.531768,GET,/api/mixed/http/,107.62,55353,0,
2026-05-16T16:07:38.565162,GET,/api/mixed/pipeline/1/,2.95,82,0,
2026-05-16T16:07:38.579382,GET,/api/mixed/pipeline/1/,2.9,82,0,
2026-05-16T16:07:38.602152,GET,/api/mixed/pipeline/1/,3.34,82,0,
2026-05-16T16:07:38.603766,GET,/api/mixed/db/1/,3.93,247,0,
2026-05-16T16:07:38.610835,GET,/api/mixed/pipeline/1/,2.71,82,0,
2026-05-16T16:07:38.615629,GET,/api/mixed/pipeline/1/,2.59,82,0,
2026-05-16T16:07:38.626953,GET,/api/mixed/db/1/,4.08,247,0,
2026-05-16T16:07:38.642026,GET,/api/mixed/http/,107.87,55353,0,
2026-05-16T16:07:38.642461,GET,/api/mixed/db/1/,4.29,247,0,
2026-05-16T16:07:38.649973,GET,/api/mixed/http/,110.15,55353,0,
2026-05-16T16:07:38.652107,GET,/api/mixed/pipeline/1/,3.38,82,0,
2026-05-16T16:07:38.673915,GET,/api/mixed/db/1/,3.9,247,0,
2026-05-16T16:07:38.694353,GET,/api/mixed/http/,107.66,55353,0,
2026-05-16T16:07:38.701137,GET,/api/mixed/pipeline/1/,3.05,82,0,
2026-05-16T16:07:38.701542,GET,/api/mixed/pipeline/1/,3.93,82,0,
2026-05-16T16:07:38.707154,GET,/api/mixed/http/,108.83,55353,0,
2026-05-16T16:07:38.713444,GET,/api/mixed/pipeline/1/,2.82,82,0,
2026-05-16T16:07:38.732666,GET,/api/mixed/pipeline/1/,2.88,82,0,
2026-05-16T16:07:38.777764,GET,/api/mixed/http/,110.44,55353,0,
2026-05-16T16:07:38.783920,GET,/api/mixed/pipeline/1/,4.9,82,0,
2026-05-16T16:07:38.785241,GET,/api/mixed/db/1/,4.03,247,0,
2026-05-16T16:07:38.789539,GET,/api/mixed/http/,109.35,55353,0,
2026-05-16T16:07:38.790539,GET,/api/mixed/db/1/,5.17,247,0,
2026-05-16T16:07:38.793072,GET,/api/mixed/db/1/,6.06,247,0,
2026-05-16T16:07:38.796423,GET,/api/mixed/db/1/,5.03,247,0,
2026-05-16T16:07:38.800535,GET,/api/mixed/pipeline/1/,2.72,82,0,
2026-05-16T16:07:38.814023,GET,/api/mixed/db/1/,4.13,247,0,
2026-05-16T16:07:38.816218,GET,/api/mixed/pipeline/1/,3.61,82,0,
2026-05-16T16:07:38.829348,GET,/api/mixed/pipeline/1/,3.11,82,0,
2026-05-16T16:07:38.829760,GET,/api/mixed/db/1/,5.3,247,0,
2026-05-16T16:07:38.839189,GET,/api/mixed/pipeline/1/,3.04,82,0,
2026-05-16T16:07:38.860782,GET,/api/mixed/db/1/,3.96,247,0,
2026-05-16T16:07:38.869696,GET,/api/mixed/pipeline/1/,3.57,82,0,
2026-05-16T16:07:38.880106,GET,/api/mixed/pipeline/1/,3.18,82,0,
2026-05-16T16:07:38.893837,GET,/api/mixed/http/,114.06,55353,0,
2026-05-16T16:07:38.914510,GET,/api/mixed/db/1/,5.06,247,0,
2026-05-16T16:07:38.920915,GET,/api/mixed/http/,107.85,55353,0,
2026-05-16T16:07:38.951172,GET,/api/mixed/http/,108.32,55353,0,
2026-05-16T16:07:38.991961,GET,/api/mixed/db/1/,5.8,247,0,
2026-05-16T16:07:39.023186,GET,/api/mixed/db/1/,6.02,247,0,
2026-05-16T16:07:39.033917,GET,/api/mixed/pipeline/1/,4.44,82,0,
2026-05-16T16:07:39.034404,GET,/api/mixed/http/,109.21,55353,0,
2026-05-16T16:07:39.041455,GET,/api/mixed/db/1/,3.76,247,0,
2026-05-16T16:07:39.069896,GET,/api/mixed/db/1/,4.39,247,0,
2026-05-16T16:07:39.077978,GET,/api/mixed/pipeline/1/,2.74,82,0,
2026-05-16T16:07:39.081196,GET,/api/mixed/http/,108.36,55353,0,
2026-05-16T16:07:39.089398,GET,/api/mixed/http/,108.33,55353,0,
2026-05-16T16:07:39.092498,GET,/api/mixed/pipeline/1/,2.99,82,0,
2026-05-16T16:07:39.112412,GET,/api/mixed/pipeline/1/,3.61,82,0,
2026-05-16T16:07:39.115497,GET,/api/mixed/http/,108.25,55353,0,
2026-05-16T16:07:39.115939,GET,/api/mixed/db/1/,4.52,247,0,
2026-05-16T16:07:39.143003,GET,/api/mixed/db/1/,8.15,247,0,
2026-05-16T16:07:39.144348,GET,/api/mixed/db/1/,4.2,247,0,
2026-05-16T16:07:39.169878,GET,/api/mixed/http/,108.08,55353,0,
2026-05-16T16:07:39.176580,GET,/api/mixed/http/,107.75,55353,0,
2026-05-16T16:07:39.179515,GET,/api/mixed/http/,107.92,55353,0,
2026-05-16T16:07:39.220086,GET,/api/mixed/pipeline/1/,3.09,82,0,
2026-05-16T16:07:39.229940,GET,/api/mixed/http/,107.78,55353,0,
2026-05-16T16:07:39.238055,GET,/api/mixed/db/1/,3.8,247,0,
2026-05-16T16:07:39.259533,GET,/api/mixed/db/1/,4.19,247,0,
2026-05-16T16:07:39.269076,GET,/api/mixed/pipeline/1/,3.67,82,0,
2026-05-16T16:07:39.285840,GET,/api/mixed/http/,109.14,55353,0,
2026-05-16T16:07:39.293724,GET,/api/mixed/db/1/,4.47,247,0,
2026-05-16T16:07:39.304686,GET,/api/mixed/http/,107.82,55353,0,
2026-05-16T16:07:39.310187,GET,/api/mixed/http/,108.58,55353,0,
2026-05-16T16:07:39.328997,GET,/api/mixed/pipeline/1/,3.36,82,0,
2026-05-16T16:07:39.336588,GET,/api/mixed/db/1/,4.31,247,0,
2026-05-16T16:07:39.359215,GET,/api/mixed/pipeline/1/,4.47,82,0,
2026-05-16T16:07:39.369064,GET,/api/mixed/http/,108.18,55353,0,
2026-05-16T16:07:39.369536,GET,/api/mixed/pipeline/1/,3.08,82,0,
2026-05-16T16:07:39.374748,GET,/api/mixed/pipeline/1/,3.84,82,0,
2026-05-16T16:07:39.375420,GET,/api/mixed/pipeline/1/,2.92,82,0,
2026-05-16T16:07:39.385956,GET,/api/mixed/http/,111.67,55353,0,
2026-05-16T16:07:39.388276,GET,/api/mixed/http/,110.99,55353,0,
2026-05-16T16:07:39.426900,GET,/api/mixed/pipeline/1/,3.26,82,0,
2026-05-16T16:07:39.439820,GET,/api/mixed/db/1/,4.58,247,0,
2026-05-16T16:07:39.443714,GET,/api/mixed/pipeline/1/,3.66,82,0,
2026-05-16T16:07:39.445599,GET,/api/mixed/db/1/,4.34,247,0,
2026-05-16T16:07:39.449074,GET,/api/mixed/http/,108.17,55353,0,
2026-05-16T16:07:39.457577,GET,/api/mixed/db/1/,4.27,247,0,
2026-05-16T16:07:39.465070,GET,/api/mixed/pipeline/1/,3.29,82,0,
2026-05-16T16:07:39.492548,GET,/api/mixed/http/,112.86,55353,0,
2026-05-16T16:07:39.498679,GET,/api/mixed/db/1/,4.85,247,0,
2026-05-16T16:07:39.502564,GET,/api/mixed/db/1/,4.98,247,0,
2026-05-16T16:07:39.540478,GET,/api/mixed/db/1/,4.74,247,0,
2026-05-16T16:07:39.547252,GET,/api/mixed/http/,108.5,55353,0,
2026-05-16T16:07:39.550840,GET,/api/mixed/pipeline/1/,3.44,82,0,
2026-05-16T16:07:39.565814,GET,/api/mixed/db/1/,4.06,247,0,
2026-05-16T16:07:39.571877,GET,/api/mixed/db/1/,3.84,247,0,
2026-05-16T16:07:39.572351,GET,/api/mixed/http/,108.08,55353,0,
2026-05-16T16:07:39.581467,GET,/api/mixed/db/1/,3.91,247,0,
2026-05-16T16:07:39.593987,GET,/api/mixed/db/1/,3.85,247,0,
2026-05-16T16:07:39.616363,GET,/api/mixed/db/1/,3.99,247,0,
2026-05-16T16:07:39.624397,GET,/api/mixed/http/,108.21,55353,0,
2026-05-16T16:07:39.632044,GET,/api/mixed/db/1/,7.52,247,0,
2026-05-16T16:07:39.644053,GET,/api/mixed/http/,109.18,55353,0,
2026-05-16T16:07:39.647846,GET,/api/mixed/db/1/,3.67,247,0,
2026-05-16T16:07:39.658733,GET,/api/mixed/http/,108.86,55353,0,
2026-05-16T16:07:39.662166,GET,/api/mixed/db/1/,5.09,247,0,
2026-05-16T16:07:39.664223,GET,/api/mixed/pipeline/1/,3.01,82,0,
2026-05-16T16:07:39.665247,GET,/api/mixed/db/1/,4.95,247,0,
2026-05-16T16:07:39.682476,GET,/api/mixed/pipeline/1/,2.86,82,0,
2026-05-16T16:07:39.691138,GET,/api/mixed/http/,108.44,55353,0,
2026-05-16T16:07:39.708790,GET,/api/mixed/pipeline/1/,4.66,82,0,
2026-05-16T16:07:39.718953,GET,/api/mixed/db/1/,4.23,247,0,
2026-05-16T16:07:39.733059,GET,/api/mixed/pipeline/1/,2.97,82,0,
2026-05-16T16:07:39.737103,GET,/api/mixed/http/,111.26,55353,0,
2026-05-16T16:07:39.739401,GET,/api/mixed/pipeline/1/,3.16,82,0,
2026-05-16T16:07:39.749767,GET,/api/mixed/http/,108.51,55353,0,
2026-05-16T16:07:39.791382,GET,/api/mixed/db/1/,4.27,247,0,
2026-05-16T16:07:39.797746,GET,/api/mixed/pipeline/1/,2.74,82,0,
2026-05-16T16:07:39.798162,GET,/api/mixed/db/1/,4.44,247,0,
2026-05-16T16:07:39.801935,GET,/api/mixed/http/,107.44,55353,0,
2026-05-16T16:07:39.813361,GET,/api/mixed/http/,108.69,55353,0,
2026-05-16T16:07:39.815168,GET,/api/mixed/db/1/,4.05,247,0,
2026-05-16T16:07:39.817171,GET,/api/mixed/db/1/,3.68,247,0,
2026-05-16T16:07:39.819538,GET,/api/mixed/http/,107.36,55353,0,
2026-05-16T16:07:39.827215,GET,/api/mixed/http/,109.15,55353,0,
2026-05-16T16:07:39.844055,GET,/api/mixed/pipeline/1/,2.94,82,0,
2026-05-16T16:07:39.844510,GET,/api/mixed/pipeline/1/,3.89,82,0,
2026-05-16T16:07:39.878503,GET,/api/mixed/pipeline/1/,3.3,82,0,
2026-05-16T16:07:39.895765,GET,/api/mixed/pipeline/1/,3.05,82,0,
2026-05-16T16:07:39.903927,GET,/api/mixed/pipeline/1/,2.78,82,0,
2026-05-16T16:07:39.914007,GET,/api/mixed/db/1/,3.76,247,0,
2026-05-16T16:07:39.920348,GET,/api/mixed/pipeline/1/,2.71,82,0,
2026-05-16T16:07:39.930176,GET,/api/mixed/pipeline/1/,2.87,82,0,
2026-05-16T16:07:39.932801,GET,/api/mixed/pipeline/1/,2.51,82,0,
2026-05-16T16:07:39.956024,GET,/api/mixed/db/1/,4.52,247,0,
2026-05-16T16:07:39.963063,GET,/api/mixed/db/1/,3.84,247,0,
2026-05-16T16:07:39.963652,GET,/api/mixed/http/,108.34,55353,0,
2026-05-16T16:07:39.964096,GET,/api/mixed/http/,109.25,55353,0,
2026-05-16T16:07:39.966789,GET,/api/mixed/db/1/,5.06,247,0,
2026-05-16T16:07:39.992023,GET,/api/mixed/http/,109.1,55353,0,
2026-05-16T16:07:40.034684,GET,/api/mixed/http/,108.02,55353,0,
2026-05-16T16:07:40.041756,GET,/api/mixed/http/,107.61,55353,0,
2026-05-16T16:07:40.042778,GET,/api/mixed/pipeline/1/,2.83,82,0,
2026-05-16T16:07:40.061918,GET,/api/mixed/db/1/,3.82,247,0,
2026-05-16T16:07:40.094248,GET,/api/mixed/pipeline/1/,2.81,82,0,
2026-05-16T16:07:40.099904,GET,/api/mixed/http/,107.75,55353,0,
2026-05-16T16:07:40.115421,GET,/api/mixed/pipeline/1/,3.27,82,0,
2026-05-16T16:07:40.128445,GET,/api/mixed/http/,108.66,55353,0,
2026-05-16T16:07:40.131482,GET,/api/mixed/db/1/,4.29,247,0,
2026-05-16T16:07:40.158919,GET,/api/mixed/pipeline/1/,3.01,82,0,
2026-05-16T16:07:40.163736,GET,/api/mixed/pipeline/1/,3.46,82,0,
2026-05-16T16:07:40.173310,GET,/api/mixed/pipeline/1/,5.21,82,0,
2026-05-16T16:07:40.173721,GET,/api/mixed/pipeline/1/,5.2,82,0,
2026-05-16T16:07:40.175922,GET,/api/mixed/http/,108.69,55353,0,
2026-05-16T16:07:40.180074,GET,/api/mixed/http/,108.26,55353,0,
2026-05-16T16:07:40.186047,GET,/api/mixed/http/,107.59,55353,0,
2026-05-16T16:07:40.207944,GET,/api/mixed/db/1/,4.6,247,0,
2026-05-16T16:07:40.208628,GET,/api/mixed/pipeline/1/,3.29,82,0,
2026-05-16T16:07:40.218542,GET,/api/mixed/pipeline/1/,2.73,82,0,
2026-05-16T16:07:40.236383,GET,/api/mixed/pipeline/1/,3.01,82,0,
2026-05-16T16:07:40.249070,GET,/api/mixed/db/1/,4.35,247,0,
2026-05-16T16:07:40.258697,GET,/api/mixed/pipeline/1/,2.76,82,0,
2026-05-16T16:07:40.268612,GET,/api/mixed/http/,107.89,55353,0,
2026-05-16T16:07:40.278848,GET,/api/mixed/http/,108.75,55353,0,
2026-05-16T16:07:40.287619,GET,/api/mixed/http/,108.43,55353,0,
2026-05-16T16:07:40.293187,GET,/api/mixed/pipeline/1/,2.72,82,0,
2026-05-16T16:07:40.300516,GET,/api/mixed/pipeline/1/,2.84,82,0,
2026-05-16T16:07:40.301411,GET,/api/mixed/db/1/,4.95,247,0,
2026-05-16T16:07:40.304657,GET,/api/mixed/db/1/,4.01,247,0,
2026-05-16T16:07:40.314022,GET,/api/mixed/http/,107.71,55353,0,
2026-05-16T16:07:40.314474,GET,/api/mixed/pipeline/1/,3.55,82,0,
2026-05-16T16:07:40.314854,GET,/api/mixed/db/1/,4.39,247,0,
2026-05-16T16:07:40.318916,GET,/api/mixed/pipeline/1/,2.69,82,0,
2026-05-16T16:07:40.328483,GET,/api/mixed/http/,107.56,55353,0,
2026-05-16T16:07:40.340774,GET,/api/mixed/pipeline/1/,3.1,82,0,
2026-05-16T16:07:40.350070,GET,/api/mixed/pipeline/1/,3.08,82,0,
2026-05-16T16:07:40.357387,GET,/api/mixed/db/1/,3.98,247,0,
2026-05-16T16:07:40.360008,GET,/api/mixed/http/,107.53,55353,0,
2026-05-16T16:07:40.360437,GET,/api/mixed/db/1/,4.13,247,0,
2026-05-16T16:07:40.369942,GET,/api/mixed/pipeline/1/,5.92,82,0,
2026-05-16T16:07:40.370720,GET,/api/mixed/db/1/,4.85,247,0,
2026-05-16T16:07:40.377247,GET,/api/mixed/db/1/,4.22,247,0,
2026-05-16T16:07:40.379573,GET,/api/mixed/pipeline/1/,3.19,82,0,
2026-05-16T16:07:40.394782,GET,/api/mixed/pipeline/1/,2.96,82,0,
2026-05-16T16:07:40.396777,GET,/api/mixed/http/,109.03,55353,0,
2026-05-16T16:07:40.398547,GET,/api/mixed/pipeline/1/,2.74,82,0,
2026-05-16T16:07:40.409738,GET,/api/mixed/db/1/,3.89,247,0,
2026-05-16T16:07:40.413573,GET,/api/mixed/http/,107.53,55353,0,
2026-05-16T16:07:40.418078,GET,/api/mixed/pipeline/1/,3.29,82,0,
2026-05-16T16:07:40.419757,GET,/api/mixed/db/1/,3.72,247,0,
2026-05-16T16:07:41.173186,GET,/api/mixed/db/1/,4.32,247,0,
2026-05-16T16:07:41.173904,GET,/api/mixed/db/1/,4.12,247,0,
2026-05-16T16:07:41.176015,GET,/api/mixed/http/,108.98,55353,0,
2026-05-16T16:07:41.185845,GET,/api/mixed/http/,108.19,55353,0,
2026-05-16T16:07:41.218933,GET,/api/mixed/pipeline/1/,3.17,82,0,
2026-05-16T16:07:41.233460,GET,/api/mixed/pipeline/1/,4.22,82,0,
2026-05-16T16:07:41.238812,GET,/api/mixed/http/,107.71,55353,0,
2026-05-16T16:07:41.249976,GET,/api/mixed/db/1/,4.28,247,0,
2026-05-16T16:07:41.264127,GET,/api/mixed/pipeline/1/,2.96,82,0,
2026-05-16T16:07:41.269583,GET,/api/mixed/http/,107.95,55353,0,
2026-05-16T16:07:41.271923,GET,/api/mixed/http/,107.54,55353,0,
2026-05-16T16:07:41.308546,GET,/api/mixed/db/1/,4.07,247,0,
2026-05-16T16:07:41.315933,GET,/api/mixed/http/,107.82,55353,0,
2026-05-16T16:07:41.335827,GET,/api/mixed/pipeline/1/,2.92,82,0,
2026-05-16T16:07:41.350993,GET,/api/mixed/http/,107.93,55353,0,
2026-05-16T16:07:41.382253,GET,/api/mixed/http/,108.12,55353,0,
2026-05-16T16:07:41.383528,GET,/api/mixed/http/,108.13,55353,0,
2026-05-16T16:07:41.386161,GET,/api/mixed/db/1/,10.26,247,0,
2026-05-16T16:07:41.387999,GET,/api/mixed/http/,108.1,55353,0,
2026-05-16T16:07:41.391205,GET,/api/mixed/http/,107.62,55353,0,
2026-05-16T16:07:41.395393,GET,/api/mixed/http/,108.29,55353,0,
2026-05-16T16:07:41.401782,GET,/api/mixed/pipeline/1/,3.12,82,0,
2026-05-16T16:07:41.406132,GET,/api/mixed/http/,107.62,55353,0,
2026-05-16T16:07:41.412104,GET,/api/mixed/http/,108.06,55353,0,
2026-05-16T16:07:41.417655,GET,/api/mixed/http/,107.79,55353,0,
2026-05-16T16:07:41.419231,GET,/api/mixed/pipeline/1/,3.84,82,0,
2026-05-16T16:07:41.421771,GET,/api/mixed/http/,108.52,55353,0,
2026-05-16T16:07:41.431384,GET,/api/mixed/http/,109.1,55353,0,
2026-05-16T16:07:41.431910,GET,/api/mixed/http/,108.43,55353,0,
2026-05-16T16:07:41.439838,GET,/api/mixed/pipeline/1/,3.68,82,0,
2026-05-16T16:07:41.451475,GET,/api/mixed/http/,108.39,55353,0,
2026-05-16T16:07:41.457173,GET,/api/mixed/http/,112.99,55353,0,
2026-05-16T16:07:41.486635,GET,/api/mixed/db/1/,4.21,247,0,
2026-05-16T16:07:41.489193,GET,/api/mixed/http/,119.96,55353,0,
2026-05-16T16:07:41.500216,GET,/api/mixed/http/,107.77,55353,0,
2026-05-16T16:07:41.506983,GET,/api/mixed/db/1/,4.53,247,0,
2026-05-16T16:07:41.507826,GET,/api/mixed/db/1/,4.43,247,0,
2026-05-16T16:07:41.521814,GET,/api/mixed/pipeline/1/,3.18,82,0,
2026-05-16T16:07:41.523497,GET,/api/mixed/db/1/,3.69,247,0,
2026-05-16T16:07:41.526168,GET,/api/mixed/http/,108.04,55353,0,
2026-05-16T16:07:41.537325,GET,/api/mixed/pipeline/1/,2.86,82,0,
2026-05-16T16:07:41.544345,GET,/api/mixed/db/1/,3.81,247,0,
2026-05-16T16:07:41.545087,GET,/api/mixed/http/,107.83,55353,0,
2026-05-16T16:07:41.549994,GET,/api/mixed/pipeline/1/,2.69,82,0,
2026-05-16T16:07:41.563787,GET,/api/mixed/http/,109.94,55353,0,
2026-05-16T16:07:41.584282,GET,/api/mixed/pipeline/1/,3.08,82,0,
2026-05-16T16:07:41.613319,GET,/api/mixed/db/1/,4.67,247,0,
2026-05-16T16:07:41.613725,GET,/api/mixed/db/1/,6.45,247,0,
2026-05-16T16:07:41.625161,GET,/api/mixed/http/,108.04,55353,0,
2026-05-16T16:07:41.633945,GET,/api/mixed/pipeline/1/,3.48,82,0,
2026-05-16T16:07:41.634385,GET,/api/mixed/pipeline/1/,3.46,82,0,
2026-05-16T16:07:41.641398,GET,/api/mixed/db/1/,3.7,247,0,
2026-05-16T16:07:41.652704,GET,/api/mixed/db/1/,3.99,247,0,
2026-05-16T16:07:41.658731,GET,/api/mixed/pipeline/1/,2.81,82,0,
2026-05-16T16:07:41.659559,GET,/api/mixed/http/,107.37,55353,0,
2026-05-16T16:07:41.664751,GET,/api/mixed/http/,108.21,55353,0,
2026-05-16T16:07:41.675136,GET,/api/mixed/db/1/,4.01,247,0,
2026-05-16T16:07:41.682410,GET,/api/mixed/http/,109.02,55353,0,
2026-05-16T16:07:41.704202,GET,/api/mixed/db/1/,3.85,247,0,
2026-05-16T16:07:41.704675,GET,/api/mixed/http/,108.03,55353,0,
2026-05-16T16:07:41.717791,GET,/api/mixed/http/,107.65,55353,0,
2026-05-16T16:07:41.722984,GET,/api/mixed/pipeline/1/,2.84,82,0,
2026-05-16T16:07:41.751222,GET,/api/mixed/db/1/,4.0,247,0,
2026-05-16T16:07:41.784753,GET,/api/mixed/pipeline/1/,3.74,82,0,
2026-05-16T16:07:41.786647,GET,/api/mixed/pipeline/1/,3.03,82,0,
2026-05-16T16:07:41.789923,GET,/api/mixed/http/,108.56,55353,0,
2026-05-16T16:07:41.790525,GET,/api/mixed/db/1/,3.77,247,0,
2026-05-16T16:07:41.832508,GET,/api/mixed/db/1/,4.11,247,0,
2026-05-16T16:07:41.841802,GET,/api/mixed/pipeline/1/,2.99,82,0,
2026-05-16T16:07:41.860192,GET,/api/mixed/http/,107.62,55353,0,
2026-05-16T16:07:41.871703,GET,/api/mixed/db/1/,4.12,247,0,
2026-05-16T16:07:41.872119,GET,/api/mixed/db/1/,3.81,247,0,
2026-05-16T16:07:41.880209,GET,/api/mixed/pipeline/1/,2.77,82,0,
2026-05-16T16:07:41.890701,GET,/api/mixed/http/,108.01,55353,0,
2026-05-16T16:07:41.896565,GET,/api/mixed/pipeline/1/,3.49,82,0,
2026-05-16T16:07:41.920857,GET,/api/mixed/http/,109.77,55353,0,
2026-05-16T16:07:41.924235,GET,/api/mixed/db/1/,4.84,247,0,
2026-05-16T16:07:41.937775,GET,/api/mixed/pipeline/1/,3.22,82,0,
2026-05-16T16:07:41.940060,GET,/api/mixed/pipeline/1/,3.16,82,0,
2026-05-16T16:07:41.952635,GET,/api/mixed/http/,107.51,55353,0,
2026-05-16T16:07:41.975509,GET,/api/mixed/http/,108.96,55353,0,
2026-05-16T16:07:41.986617,GET,/api/mixed/db/1/,3.86,247,0,
2026-05-16T16:07:41.995471,GET,/api/mixed/pipeline/1/,3.67,82,0,
2026-05-16T16:07:41.996272,GET,/api/mixed/db/1/,4.01,247,0,
2026-05-16T16:07:42.000732,GET,/api/mixed/pipeline/1/,3.17,82,0,
2026-05-16T16:07:42.003047,GET,/api/mixed/db/1/,4.59,247,0,
2026-05-16T16:07:42.003705,GET,/api/mixed/http/,108.15,55353,0,
2026-05-16T16:07:42.012299,GET,/api/mixed/pipeline/1/,3.25,82,0,
2026-05-16T16:07:42.012713,GET,/api/mixed/pipeline/1/,3.22,82,0,
2026-05-16T16:07:42.028649,GET,/api/mixed/http/,107.42,55353,0,
2026-05-16T16:07:42.042330,GET,/api/mixed/db/1/,3.9,247,0,
2026-05-16T16:07:42.067034,GET,/api/mixed/http/,108.02,55353,0,
2026-05-16T16:07:42.076840,GET,/api/mixed/pipeline/1/,2.95,82,0,
2026-05-16T16:07:42.078126,GET,/api/mixed/db/1/,4.72,247,0,
2026-05-16T16:07:42.091442,GET,/api/mixed/pipeline/1/,2.96,82,0,
2026-05-16T16:07:42.122311,GET,/api/mixed/db/1/,5.95,247,0,
2026-05-16T16:07:42.122989,GET,/api/mixed/db/1/,5.24,247,0,
2026-05-16T16:07:42.171824,GET,/api/mixed/db/1/,3.98,247,0,
2026-05-16T16:07:42.175222,GET,/api/mixed/db/1/,4.79,247,0,
2026-05-16T16:07:42.177995,GET,/api/mixed/pipeline/1/,2.66,82,0,
2026-05-16T16:07:42.178593,GET,/api/mixed/db/1/,4.39,247,0,
2026-05-16T16:07:42.188147,GET,/api/mixed/pipeline/1/,2.7,82,0,
2026-05-16T16:07:42.194427,GET,/api/mixed/db/1/,3.82,247,0,
2026-05-16T16:07:42.198460,GET,/api/mixed/pipeline/1/,2.7,82,0,
2026-05-16T16:07:42.210951,GET,/api/mixed/db/1/,4.24,247,0,
2026-05-16T16:07:42.226900,GET,/api/mixed/pipeline/1/,4.65,82,0,
2026-05-16T16:07:42.227522,GET,/api/mixed/http/,111.69,55353,0,
2026-05-16T16:07:42.228364,GET,/api/mixed/db/1/,4.06,247,0,
2026-05-16T16:07:42.230281,GET,/api/mixed/http/,109.21,55353,0,
2026-05-16T16:07:42.235243,GET,/api/mixed/http/,109.05,55353,0,
2026-05-16T16:07:42.235817,GET,/api/mixed/http/,110.09,55353,0,
2026-05-16T16:07:42.237901,GET,/api/mixed/pipeline/1/,4.31,82,0,
2026-05-16T16:07:42.248866,GET,/api/mixed/pipeline/1/,3.9,82,0,
2026-05-16T16:07:42.256345,GET,/api/mixed/http/,108.18,55353,0,
2026-05-16T16:07:42.271821,GET,/api/mixed/db/1/,4.62,247,0,
2026-05-16T16:07:42.287940,GET,/api/mixed/http/,107.99,55353,0,
2026-05-16T16:07:42.293171,GET,/api/mixed/http/,108.69,55353,0,
2026-05-16T16:07:42.293701,GET,/api/mixed/db/1/,4.49,247,0,
2026-05-16T16:07:42.301307,GET,/api/mixed/pipeline/1/,3.33,82,0,
2026-05-16T16:07:42.331897,GET,/api/mixed/http/,109.04,55353,0,
2026-05-16T16:07:42.349583,GET,/api/mixed/db/1/,4.4,247,0,
2026-05-16T16:07:42.350946,GET,/api/mixed/http/,108.75,55353,0,
2026-05-16T16:07:42.352651,GET,/api/mixed/http/,108.8,55353,0,
2026-05-16T16:07:42.369613,GET,/api/mixed/db/1/,3.98,247,0,
2026-05-16T16:07:42.375898,GET,/api/mixed/http/,109.28,55353,0,
2026-05-16T16:07:42.377732,GET,/api/mixed/pipeline/1/,2.9,82,0,
2026-05-16T16:07:42.402120,GET,/api/mixed/pipeline/1/,3.01,82,0,
2026-05-16T16:07:42.410510,GET,/api/mixed/pipeline/1/,3.01,82,0,
2026-05-16T16:07:42.435809,GET,/api/mixed/http/,108.22,55353,0,
2026-05-16T16:07:42.436910,GET,/api/mixed/pipeline/1/,2.99,82,0,
2026-05-16T16:07:42.437813,GET,/api/mixed/pipeline/1/,4.42,82,0,
2026-05-16T16:07:42.441156,GET,/api/mixed/db/1/,4.12,247,0,
2026-05-16T16:07:42.463507,GET,/api/mixed/pipeline/1/,4.13,82,0,
2026-05-16T16:07:42.464063,GET,/api/mixed/http/,108.17,55353,0,
2026-05-16T16:07:42.464583,GET,/api/mixed/pipeline/1/,4.06,82,0,
2026-05-16T16:07:42.485223,GET,/api/mixed/db/1/,4.0,247,0,
2026-05-16T16:07:42.498203,GET,/api/mixed/db/1/,5.25,247,0,
2026-05-16T16:07:42.519238,GET,/api/mixed/db/1/,6.82,247,0,
2026-05-16T16:07:42.519907,GET,/api/mixed/db/1/,7.93,247,0,
2026-05-16T16:07:42.522054,GET,/api/mixed/http/,109.17,55353,0,
2026-05-16T16:07:42.522799,GET,/api/mixed/db/1/,4.55,247,0,
2026-05-16T16:07:42.529875,GET,/api/mixed/db/1/,3.73,247,0,
2026-05-16T16:07:42.541452,GET,/api/mixed/db/1/,3.74,247,0,
2026-05-16T16:07:42.562033,GET,/api/mixed/db/1/,4.69,247,0,
2026-05-16T16:07:42.571476,GET,/api/mixed/http/,108.97,55353,0,
2026-05-16T16:07:42.596413,GET,/api/mixed/http/,108.81,55353,0,
2026-05-16T16:07:42.601251,GET,/api/mixed/http/,107.85,55353,0,
2026-05-16T16:07:42.619197,GET,/api/mixed/http/,108.61,55353,0,
2026-05-16T16:07:42.638994,GET,/api/mixed/http/,107.86,55353,0,
2026-05-16T16:07:42.647577,GET,/api/mixed/db/1/,3.94,247,0,
2026-05-16T16:07:42.653696,GET,/api/mixed/db/1/,4.74,247,0,
2026-05-16T16:07:42.657687,GET,/api/mixed/http/,107.97,55353,0,
2026-05-16T16:07:42.665752,GET,/api/mixed/db/1/,3.8,247,0,
2026-05-16T16:07:42.666541,GET,/api/mixed/http/,107.94,55353,0,
2026-05-16T16:07:42.683961,GET,/api/mixed/pipeline/1/,2.98,82,0,
2026-05-16T16:07:42.690706,GET,/api/mixed/http/,107.97,55353,0,
2026-05-16T16:07:42.695658,GET,/api/mixed/http/,107.38,55353,0,
2026-05-16T16:07:42.716436,GET,/api/mixed/db/1/,4.39,247,0,
2026-05-16T16:07:42.718617,GET,/api/mixed/db/1/,4.03,247,0,
2026-05-16T16:07:42.720654,GET,/api/mixed/http/,109.0,55353,0,
2026-05-16T16:07:42.722040,GET,/api/mixed/db/1/,4.36,247,0,
2026-05-16T16:07:42.725029,GET,/api/mixed/http/,107.82,55353,0,
2026-05-16T16:07:42.737260,GET,/api/mixed/db/1/,3.98,247,0,
2026-05-16T16:07:42.742941,GET,/api/mixed/db/1/,4.43,247,0,
2026-05-16T16:07:42.746864,GET,/api/mixed/http/,107.75,55353,0,
2026-05-16T16:07:42.754090,GET,/api/mixed/db/1/,3.87,247,0,
2026-05-16T16:07:42.757236,GET,/api/mixed/http/,107.84,55353,0,
2026-05-16T16:07:42.769969,GET,/api/mixed/http/,109.03,55353,0,
2026-05-16T16:07:42.772414,GET,/api/mixed/http/,108.0,55353,0,
2026-05-16T16:07:42.798533,GET,/api/mixed/pipeline/1/,3.06,82,0,
2026-05-16T16:07:42.827719,GET,/api/mixed/db/1/,5.07,247,0,
2026-05-16T16:07:42.829940,GET,/api/mixed/pipeline/1/,3.63,82,0,
2026-05-16T16:07:42.830349,GET,/api/mixed/pipeline/1/,3.5,82,0,
2026-05-16T16:07:42.839637,GET,/api/mixed/db/1/,3.82,247,0,
2026-05-16T16:07:42.851089,GET,/api/mixed/db/1/,4.63,247,0,
2026-05-16T16:07:42.851660,GET,/api/mixed/pipeline/1/,5.67,82,0,
2026-05-16T16:07:42.857223,GET,/api/mixed/db/1/,3.7,247,0,
2026-05-16T16:07:42.884993,GET,/api/mixed/pipeline/1/,2.75,82,0,
2026-05-16T16:07:42.885490,GET,/api/mixed/http/,108.71,55353,0,
2026-05-16T16:07:42.918881,GET,/api/mixed/db/1/,4.17,247,0,
2026-05-16T16:07:42.920853,GET,/api/mixed/http/,107.91,55353,0,
2026-05-16T16:07:42.931878,GET,/api/mixed/http/,107.96,55353,0,
2026-05-16T16:07:42.939354,GET,/api/mixed/db/1/,4.04,247,0,
2026-05-16T16:07:42.958703,GET,/api/mixed/http/,109.5,55353,0,
2026-05-16T16:07:42.968228,GET,/api/mixed/http/,108.72,55353,0,
2026-05-16T16:07:42.968707,GET,/api/mixed/db/1/,4.76,247,0,
2026-05-16T16:07:42.983575,GET,/api/mixed/pipeline/1/,3.51,82,0,
2026-05-16T16:07:42.984574,GET,/api/mixed/pipeline/1/,3.14,82,0,
2026-05-16T16:07:42.989520,GET,/api/mixed/db/1/,3.72,247,0,
2026-05-16T16:07:42.989970,GET,/api/mixed/http/,108.82,55353,0,
2026-05-16T16:07:42.997111,GET,/api/mixed/db/1/,3.75,247,0,
2026-05-16T16:07:43.024059,GET,/api/mixed/db/1/,5.55,247,0,
2026-05-16T16:07:43.028115,GET,/api/mixed/pipeline/1/,2.74,82,0,
2026-05-16T16:07:43.038646,GET,/api/mixed/http/,108.57,55353,0,
2026-05-16T16:07:43.044852,GET,/api/mixed/db/1/,3.83,247,0,
2026-05-16T16:07:43.053724,GET,/api/mixed/db/1/,7.64,247,0,
2026-05-16T16:07:43.055901,GET,/api/mixed/pipeline/1/,6.04,82,0,
2026-05-16T16:07:43.072150,GET,/api/mixed/http/,107.73,55353,0,
2026-05-16T16:07:43.090900,GET,/api/mixed/http/,108.51,55353,0,
2026-05-16T16:07:43.141037,GET,/api/mixed/http/,107.68,55353,0,
2026-05-16T16:07:43.151372,GET,/api/mixed/db/1/,4.05,247,0,
2026-05-16T16:07:43.152249,GET,/api/mixed/pipeline/1/,3.49,82,0,
2026-05-16T16:07:43.153351,GET,/api/mixed/pipeline/1/,3.61,82,0,
2026-05-16T16:07:43.178705,GET,/api/mixed/pipeline/1/,3.08,82,0,
2026-05-16T16:07:43.188248,GET,/api/mixed/http/,107.84,55353,0,
2026-05-16T16:07:43.193938,GET,/api/mixed/db/1/,4.32,247,0,
2026-05-16T16:07:43.196478,GET,/api/mixed/pipeline/1/,3.42,82,0,
2026-05-16T16:07:43.201321,GET,/api/mixed/pipeline/1/,2.6,82,0,
2026-05-16T16:07:43.205280,GET,/api/mixed/pipeline/1/,2.76,82,0,
2026-05-16T16:07:43.215642,GET,/api/mixed/db/1/,5.15,247,0,
2026-05-16T16:07:43.216120,GET,/api/mixed/db/1/,4.43,247,0,
2026-05-16T16:07:43.218774,GET,/api/mixed/pipeline/1/,4.71,82,0,
2026-05-16T16:07:43.219416,GET,/api/mixed/pipeline/1/,4.82,82,0,
2026-05-16T16:07:43.225976,GET,/api/mixed/pipeline/1/,2.67,82,0,
2026-05-16T16:07:43.231941,GET,/api/mixed/pipeline/1/,2.61,82,0,
2026-05-16T16:07:43.236114,GET,/api/mixed/db/1/,4.06,247,0,
2026-05-16T16:07:43.278880,GET,/api/mixed/http/,108.22,55353,0,
2026-05-16T16:07:43.323486,GET,/api/mixed/db/1/,4.16,247,0,
2026-05-16T16:07:43.327251,GET,/api/mixed/http/,109.4,55353,0,
2026-05-16T16:07:43.327743,GET,/api/mixed/http/,107.99,55353,0,
2026-05-16T16:07:43.363611,GET,/api/mixed/http/,108.93,55353,0,
2026-05-16T16:07:43.365582,GET,/api/mixed/pipeline/1/,3.26,82,0,
2026-05-16T16:07:43.370692,GET,/api/mixed/http/,108.15,55353,0,
2026-05-16T16:07:43.378763,GET,/api/mixed/pipeline/1/,2.82,82,0,
2026-05-16T16:07:43.407862,GET,/api/mixed/db/1/,4.65,247,0,
2026-05-16T16:07:43.408344,GET,/api/mixed/http/,109.05,55353,0,
2026-05-16T16:07:43.416163,GET,/api/mixed/http/,107.68,55353,0,
2026-05-16T16:07:43.416640,GET,/api/mixed/http/,108.62,55353,0,
2026-05-16T16:07:43.426482,GET,/api/mixed/db/1/,4.51,247,0,
2026-05-16T16:07:43.441798,GET,/api/mixed/http/,107.86,55353,0,
2026-05-16T16:07:43.446983,GET,/api/mixed/db/1/,3.94,247,0,
2026-05-16T16:07:43.449667,GET,/api/mixed/http/,109.01,55353,0,
2026-05-16T16:07:43.452972,GET,/api/mixed/pipeline/1/,4.24,82,0,
2026-05-16T16:07:43.454031,GET,/api/mixed/db/1/,4.14,247,0,
2026-05-16T16:07:43.478572,GET,/api/mixed/http/,108.74,55353,0,
2026-05-16T16:07:43.479111,GET,/api/mixed/pipeline/1/,4.13,82,0,
2026-05-16T16:07:43.482007,GET,/api/mixed/db/1/,4.54,247,0,
2026-05-16T16:07:43.493459,GET,/api/mixed/http/,108.34,55353,0,
2026-05-16T16:07:43.493941,GET,/api/mixed/http/,108.38,55353,0,
2026-05-16T16:07:43.497821,GET,/api/mixed/http/,108.52,55353,0,
2026-05-16T16:07:43.503384,GET,/api/mixed/http/,107.51,55353,0,
2026-05-16T16:07:43.508175,GET,/api/mixed/pipeline/1/,3.43,82,0,
2026-05-16T16:07:43.511490,GET,/api/mixed/db/1/,4.24,247,0,
2026-05-16T16:07:43.513895,GET,/api/mixed/http/,108.13,55353,0,
2026-05-16T16:07:43.515894,GET,/api/mixed/db/1/,3.86,247,0,
2026-05-16T16:07:43.534207,GET,/api/mixed/http/,108.76,55353,0,
2026-05-16T16:07:43.536559,GET,/api/mixed/pipeline/1/,3.32,82,0,
2026-05-16T16:07:43.557227,GET,/api/mixed/http/,108.96,55353,0,
2026-05-16T16:07:43.564993,GET,/api/mixed/http/,110.86,55353,0,
2026-05-16T16:07:43.569440,GET,/api/mixed/http/,108.9,55353,0,
2026-05-16T16:07:43.592731,GET,/api/mixed/pipeline/1/,2.96,82,0,
2026-05-16T16:07:43.593181,GET,/api/mixed/db/1/,4.52,247,0,
2026-05-16T16:07:43.616115,GET,/api/mixed/http/,107.82,55353,0,
2026-05-16T16:07:43.620639,GET,/api/mixed/http/,109.02,55353,0,
2026-05-16T16:07:43.639787,GET,/api/mixed/pipeline/1/,3.04,82,0,
2026-05-16T16:07:43.647971,GET,/api/mixed/db/1/,3.77,247,0,
2026-05-16T16:07:43.657779,GET,/api/mixed/http/,107.87,55353,0,
2026-05-16T16:07:43.662021,GET,/api/mixed/http/,107.58,55353,0,
2026-05-16T16:07:43.700905,GET,/api/mixed/http/,107.61,55353,0,
2026-05-16T16:07:43.702812,GET,/api/mixed/pipeline/1/,3.56,82,0,
2026-05-16T16:07:43.731091,GET,/api/mixed/http/,108.19,55353,0,
2026-05-16T16:07:43.748348,GET,/api/mixed/pipeline/1/,2.96,82,0,
2026-05-16T16:07:43.766771,GET,/api/mixed/pipeline/1/,2.74,82,0,
2026-05-16T16:07:43.783950,GET,/api/mixed/db/1/,6.75,247,0,
2026-05-16T16:07:43.798944,GET,/api/mixed/pipeline/1/,4.31,82,0,
2026-05-16T16:07:43.836347,GET,/api/mixed/db/1/,5.75,247,0,
2026-05-16T16:07:43.836821,GET,/api/mixed/db/1/,6.8,247,0,
2026-05-16T16:07:43.860379,GET,/api/mixed/http/,108.62,55353,0,
2026-05-16T16:07:43.870398,GET,/api/mixed/http/,109.16,55353,0,
2026-05-16T16:07:43.891697,GET,/api/mixed/http/,109.21,55353,0,
2026-05-16T16:07:43.897283,GET,/api/mixed/db/1/,4.24,247,0,
2026-05-16T16:07:43.904327,GET,/api/mixed/http/,110.91,55353,0,
2026-05-16T16:07:43.906427,GET,/api/mixed/http/,108.38,55353,0,
2026-05-16T16:07:43.935118,GET,/api/mixed/pipeline/1/,4.72,82,0,
2026-05-16T16:07:43.939272,GET,/api/mixed/db/1/,5.17,247,0,
2026-05-16T16:07:43.942197,GET,/api/mixed/http/,108.34,55353,0,
2026-05-16T16:07:43.953074,GET,/api/mixed/http/,108.69,55353,0,
2026-05-16T16:07:43.955588,GET,/api/mixed/pipeline/1/,4.11,82,0,
2026-05-16T16:07:43.959073,GET,/api/mixed/db/1/,4.39,247,0,
2026-05-16T16:07:43.977253,GET,/api/mixed/http/,108.09,55353,0,
2026-05-16T16:07:44.020826,GET,/api/mixed/http/,108.04,55353,0,
2026-05-16T16:07:44.027171,GET,/api/mixed/pipeline/1/,3.07,82,0,
2026-05-16T16:07:44.037069,GET,/api/mixed/db/1/,6.28,247,0,
2026-05-16T16:07:44.070045,GET,/api/mixed/http/,108.6,55353,0,
2026-05-16T16:07:44.088871,GET,/api/mixed/pipeline/1/,2.98,82,0,
2026-05-16T16:07:44.095029,GET,/api/mixed/db/1/,3.84,247,0,
2026-05-16T16:07:44.124259,GET,/api/mixed/http/,107.81,55353,0,
2026-05-16T16:07:44.124672,GET,/api/mixed/pipeline/1/,3.41,82,0,
2026-05-16T16:07:44.140940,GET,/api/mixed/db/1/,4.06,247,0,
2026-05-16T16:07:44.152813,GET,/api/mixed/http/,108.13,55353,0,
2026-05-16T16:07:44.153967,GET,/api/mixed/pipeline/1/,3.75,82,0,
2026-05-16T16:07:44.154756,GET,/api/mixed/db/1/,4.0,247,0,
2026-05-16T16:07:44.158823,GET,/api/mixed/pipeline/1/,2.84,82,0,
2026-05-16T16:07:44.169736,GET,/api/mixed/http/,108.3,55353,0,
2026-05-16T16:07:44.180107,GET,/api/mixed/http/,107.8,55353,0,
2026-05-16T16:07:44.214389,GET,/api/mixed/http/,108.48,55353,0,
2026-05-16T16:07:44.214952,GET,/api/mixed/http/,109.66,55353,0,
2026-05-16T16:07:44.217642,GET,/api/mixed/pipeline/1/,4.45,82,0,
2026-05-16T16:07:44.218466,GET,/api/mixed/http/,108.64,55353,0,
2026-05-16T16:07:44.225294,GET,/api/mixed/db/1/,4.38,247,0,
2026-05-16T16:07:44.228577,GET,/api/mixed/db/1/,4.14,247,0,
2026-05-16T16:07:44.239503,GET,/api/mixed/pipeline/1/,3.53,82,0,
2026-05-16T16:07:44.241810,GET,/api/mixed/pipeline/1/,3.24,82,0,
2026-05-16T16:07:44.248341,GET,/api/mixed/pipeline/1/,2.85,82,0,
2026-05-16T16:07:44.256189,GET,/api/mixed/pipeline/1/,4.47,82,0,
2026-05-16T16:07:44.259541,GET,/api/mixed/pipeline/1/,5.5,82,0,
2026-05-16T16:07:44.282489,GET,/api/mixed/pipeline/1/,3.89,82,0,
2026-05-16T16:07:44.284460,GET,/api/mixed/http/,109.46,55353,0,
2026-05-16T16:07:44.285926,GET,/api/mixed/db/1/,4.44,247,0,
2026-05-16T16:07:44.300427,GET,/api/mixed/http/,107.93,55353,0,
2026-05-16T16:07:44.302683,GET,/api/mixed/db/1/,4.48,247,0,
2026-05-16T16:07:44.315877,GET,/api/mixed/db/1/,6.1,247,0,
2026-05-16T16:07:44.349595,GET,/api/mixed/http/,107.68,55353,0,
2026-05-16T16:07:44.364622,GET,/api/mixed/http/,109.21,55353,0,
2026-05-16T16:07:44.367709,GET,/api/mixed/http/,109.02,55353,0,
2026-05-16T16:07:44.374066,GET,/api/mixed/db/1/,4.0,247,0,
2026-05-16T16:07:44.383282,GET,/api/mixed/db/1/,3.99,247,0,
2026-05-16T16:07:44.407750,GET,/api/mixed/pipeline/1/,3.23,82,0,
2026-05-16T16:07:44.410597,GET,/api/mixed/http/,108.92,55353,0,
2026-05-16T16:07:44.415724,GET,/api/mixed/http/,110.18,55353,0,
2026-05-16T16:07:44.421375,GET,/api/mixed/http/,107.64,55353,0,
2026-05-16T16:07:44.459833,GET,/api/mixed/db/1/,4.77,247,0,
2026-05-16T16:07:44.460446,GET,/api/mixed/db/1/,4.86,247,0,
2026-05-16T16:07:44.464618,GET,/api/mixed/pipeline/1/,2.82,82,0,
2026-05-16T16:07:44.473914,GET,/api/mixed/db/1/,5.94,247,0,
2026-05-16T16:07:44.474443,GET,/api/mixed/pipeline/1/,3.25,82,0,
2026-05-16T16:07:44.477849,GET,/api/mixed/pipeline/1/,2.74,82,0,
2026-05-16T16:07:44.497407,GET,/api/mixed/db/1/,4.29,247,0,
2026-05-16T16:07:44.517511,GET,/api/mixed/pipeline/1/,3.02,82,0,
2026-05-16T16:07:44.518079,GET,/api/mixed/http/,108.43,55353,0,
2026-05-16T16:07:44.564942,GET,/api/mixed/pipeline/1/,2.77,82,0,
2026-05-16T16:07:44.565553,GET,/api/mixed/http/,108.26,55353,0,
2026-05-16T16:07:44.576819,GET,/api/mixed/http/,108.39,55353,0,
2026-05-16T16:07:44.579084,GET,/api/mixed/pipeline/1/,3.29,82,0,
2026-05-16T16:07:44.582726,GET,/api/mixed/http/,109.72,55353,0,
2026-05-16T16:07:44.586412,GET,/api/mixed/pipeline/1/,2.94,82,0,
2026-05-16T16:07:44.598601,GET,/api/mixed/pipeline/1/,2.82,82,0,
2026-05-16T16:07:44.604793,GET,/api/mixed/http/,108.25,55353,0,
2026-05-16T16:07:44.622146,GET,/api/mixed/db/1/,4.07,247,0,
2026-05-16T16:07:44.634631,GET,/api/mixed/pipeline/1/,3.04,82,0,
2026-05-16T16:07:44.640269,GET,/api/mixed/pipeline/1/,4.24,82,0,
2026-05-16T16:07:44.642003,GET,/api/mixed/pipeline/1/,2.72,82,0,
2026-05-16T16:07:44.647354,GET,/api/mixed/pipeline/1/,3.1,82,0,
2026-05-16T16:07:44.657106,GET,/api/mixed/http/,109.66,55353,0,
2026-05-16T16:07:44.659911,GET,/api/mixed/pipeline/1/,5.35,82,0,
2026-05-16T16:07:44.660340,GET,/api/mixed/pipeline/1/,5.26,82,0,
2026-05-16T16:07:44.667399,GET,/api/mixed/http/,109.21,55353,0,
2026-05-16T16:07:44.678198,GET,/api/mixed/db/1/,3.96,247,0,
2026-05-16T16:07:44.689914,GET,/api/mixed/http/,108.62,55353,0,
2026-05-16T16:07:44.691383,GET,/api/mixed/http/,109.63,55353,0,
2026-05-16T16:07:44.693291,GET,/api/mixed/pipeline/1/,3.25,82,0,
2026-05-16T16:07:44.702475,GET,/api/mixed/db/1/,3.85,247,0,
2026-05-16T16:07:44.711822,GET,/api/mixed/db/1/,3.95,247,0,
2026-05-16T16:07:44.731338,GET,/api/mixed/db/1/,4.22,247,0,
2026-05-16T16:07:44.739635,GET,/api/mixed/db/1/,3.92,247,0,
2026-05-16T16:07:44.744226,GET,/api/mixed/http/,107.73,55353,0,
2026-05-16T16:07:44.755572,GET,/api/mixed/db/1/,4.09,247,0,
2026-05-16T16:07:44.764585,GET,/api/mixed/db/1/,3.74,247,0,
2026-05-16T16:07:44.765631,GET,/api/mixed/http/,108.39,55353,0,
2026-05-16T16:07:44.768460,GET,/api/mixed/http/,108.01,55353,0,
2026-05-16T16:07:44.776965,GET,/api/mixed/pipeline/1/,3.29,82,0,
2026-05-16T16:07:44.777624,GET,/api/mixed/pipeline/1/,2.68,82,0,
2026-05-16T16:07:44.779289,GET,/api/mixed/http/,107.51,55353,0,
2026-05-16T16:07:44.785307,GET,/api/mixed/http/,108.51,55353,0,
2026-05-16T16:07:44.798707,GET,/api/mixed/pipeline/1/,2.75,82,0,
2026-05-16T16:07:44.813964,GET,/api/mixed/pipeline/1/,2.87,82,0,
2026-05-16T16:07:44.832540,GET,/api/mixed/db/1/,4.16,247,0,
2026-05-16T16:07:44.843721,GET,/api/mixed/db/1/,3.8,247,0,
2026-05-16T16:07:44.855493,GET,/api/mixed/db/1/,4.39,247,0,
2026-05-16T16:07:44.855907,GET,/api/mixed/db/1/,4.34,247,0,
2026-05-16T16:07:44.862846,GET,/api/mixed/db/1/,4.56,247,0,
2026-05-16T16:07:44.876110,GET,/api/mixed/pipeline/1/,3.04,82,0,
2026-05-16T16:07:44.884752,GET,/api/mixed/db/1/,4.89,247,0,
2026-05-16T16:07:44.891868,GET,/api/mixed/pipeline/1/,2.76,82,0,
2026-05-16T16:07:44.898121,GET,/api/mixed/http/,108.45,55353,0,
2026-05-16T16:07:44.900211,GET,/api/mixed/http/,107.83,55353,0,
2026-05-16T16:07:44.947633,GET,/api/mixed/pipeline/1/,3.05,82,0,
2026-05-16T16:07:44.964854,GET,/api/mixed/pipeline/1/,2.99,82,0,
2026-05-16T16:07:44.967322,GET,/api/mixed/http/,108.55,55353,0,
2026-05-16T16:07:44.976217,GET,/api/mixed/pipeline/1/,2.98,82,0,
2026-05-16T16:07:44.988641,GET,/api/mixed/http/,109.21,55353,0,
2026-05-16T16:07:44.989179,GET,/api/mixed/http/,108.92,55353,0,
2026-05-16T16:07:44.991796,GET,/api/mixed/pipeline/1/,4.33,82,0,
2026-05-16T16:07:44.993182,GET,/api/mixed/db/1/,3.88,247,0,
2026-05-16T16:07:44.996091,GET,/api/mixed/http/,107.93,55353,0,
2026-05-16T16:07:45.005400,GET,/api/mixed/pipeline/1/,2.97,82,0,
2026-05-16T16:07:45.017354,GET,/api/mixed/db/1/,3.58,247,0,
2026-05-16T16:07:45.073630,GET,/api/mixed/pipeline/1/,8.07,82,0,
2026-05-16T16:07:45.074599,GET,/api/mixed/db/1/,9.49,247,0,
2026-05-16T16:07:45.077722,GET,/api/mixed/http/,108.03,55353,0,
2026-05-16T16:07:45.078160,GET,/api/mixed/db/1/,4.36,247,0,
2026-05-16T16:07:45.093499,GET,/api/mixed/db/1/,3.95,247,0,
2026-05-16T16:07:45.100448,GET,/api/mixed/pipeline/1/,2.72,82,0,
2026-05-16T16:07:45.110579,GET,/api/mixed/db/1/,3.96,247,0,
2026-05-16T16:07:45.111798,GET,/api/mixed/db/1/,3.76,247,0,
2026-05-16T16:07:45.114864,GET,/api/mixed/pipeline/1/,2.96,82,0,
2026-05-16T16:07:45.140558,GET,/api/mixed/http/,108.97,55353,0,
2026-05-16T16:07:45.144204,GET,/api/mixed/db/1/,4.69,247,0,
2026-05-16T16:07:45.154369,GET,/api/mixed/pipeline/1/,3.27,82,0,
2026-05-16T16:07:45.154953,GET,/api/mixed/db/1/,4.35,247,0,
2026-05-16T16:07:45.168940,GET,/api/mixed/http/,108.56,55353,0,
2026-05-16T16:07:45.179423,GET,/api/mixed/pipeline/1/,3.25,82,0,
2026-05-16T16:07:45.182185,GET,/api/mixed/http/,113.43,55353,0,
2026-05-16T16:07:45.183124,GET,/api/mixed/pipeline/1/,3.59,82,0,
2026-05-16T16:07:45.185409,GET,/api/mixed/pipeline/1/,3.11,82,0,
2026-05-16T16:07:45.192510,GET,/api/mixed/pipeline/1/,2.76,82,0,
2026-05-16T16:07:45.213847,GET,/api/mixed/db/1/,4.1,247,0,
2026-05-16T16:07:45.216748,GET,/api/mixed/pipeline/1/,2.78,82,0,
2026-05-16T16:07:45.227157,GET,/api/mixed/http/,107.91,55353,0,
2026-05-16T16:07:45.275946,GET,/api/mixed/pipeline/1/,3.15,82,0,
2026-05-16T16:07:45.285221,GET,/api/mixed/db/1/,3.87,247,0,
2026-05-16T16:07:45.326907,GET,/api/mixed/http/,108.8,55353,0,
2026-05-16T16:07:45.328269,GET,/api/mixed/http/,107.68,55353,0,
2026-05-16T16:07:45.329910,GET,/api/mixed/db/1/,4.44,247,0,
2026-05-16T16:07:45.332762,GET,/api/mixed/http/,107.63,55353,0,
2026-05-16T16:07:45.337435,GET,/api/mixed/http/,108.01,55353,0,
2026-05-16T16:07:45.346921,GET,/api/mixed/http/,107.85,55353,0,
2026-05-16T16:07:45.355239,GET,/api/mixed/pipeline/1/,2.94,82,0,
2026-05-16T16:07:45.379425,GET,/api/mixed/pipeline/1/,2.92,82,0,
2026-05-16T16:07:45.390263,GET,/api/mixed/pipeline/1/,3.12,82,0,
2026-05-16T16:07:45.400142,GET,/api/mixed/pipeline/1/,4.47,82,0,
2026-05-16T16:07:45.406477,GET,/api/mixed/pipeline/1/,4.84,82,0,
2026-05-16T16:07:45.415194,GET,/api/mixed/pipeline/1/,3.64,82,0,
2026-05-16T16:07:45.431105,GET,/api/mixed/db/1/,4.48,247,0,
2026-05-16T16:07:45.434452,GET,/api/mixed/db/1/,4.29,247,0,
2026-05-16T16:07:45.449276,GET,/api/mixed/pipeline/1/,3.06,82,0,
2026-05-16T16:07:45.495509,GET,/api/mixed/http/,108.86,55353,0,
2026-05-16T16:07:45.497501,GET,/api/mixed/pipeline/1/,3.4,82,0,
2026-05-16T16:07:45.507814,GET,/api/mixed/pipeline/1/,2.96,82,0,
2026-05-16T16:07:45.520370,GET,/api/mixed/http/,109.59,55353,0,
2026-05-16T16:07:45.520871,GET,/api/mixed/http/,108.16,55353,0,
2026-05-16T16:07:45.525640,GET,/api/mixed/pipeline/1/,3.37,82,0,
2026-05-16T16:07:45.526917,GET,/api/mixed/db/1/,4.12,247,0,
2026-05-16T16:07:45.536011,GET,/api/mixed/pipeline/1/,3.73,82,0,
2026-05-16T16:07:45.570933,GET,/api/mixed/pipeline/1/,3.89,82,0,
2026-05-16T16:07:45.578058,GET,/api/mixed/http/,108.57,55353,0,
2026-05-16T16:07:45.583224,GET,/api/mixed/pipeline/1/,2.89,82,0,
2026-05-16T16:07:45.616868,GET,/api/mixed/http/,107.59,55353,0,
2026-05-16T16:07:45.658941,GET,/api/mixed/db/1/,4.4,247,0,
2026-05-16T16:07:45.661916,GET,/api/mixed/http/,109.53,55353,0,
2026-05-16T16:07:45.665460,GET,/api/mixed/pipeline/1/,4.53,82,0,
2026-05-16T16:07:45.665908,GET,/api/mixed/pipeline/1/,3.3,82,0,
2026-05-16T16:07:45.685211,GET,/api/mixed/db/1/,3.93,247,0,
2026-05-16T16:07:45.708481,GET,/api/mixed/http/,107.87,55353,0,
2026-05-16T16:07:45.710391,GET,/api/mixed/pipeline/1/,3.3,82,0,
2026-05-16T16:07:45.730518,GET,/api/mixed/db/1/,3.95,247,0,
2026-05-16T16:07:45.741610,GET,/api/mixed/pipeline/1/,2.88,82,0,
2026-05-16T16:07:45.751193,GET,/api/mixed/pipeline/1/,3.33,82,0,
2026-05-16T16:07:45.751624,GET,/api/mixed/pipeline/1/,2.78,82,0,
2026-05-16T16:07:45.757014,GET,/api/mixed/db/1/,4.02,247,0,
2026-05-16T16:07:45.764011,GET,/api/mixed/pipeline/1/,3.13,82,0,
2026-05-16T16:07:45.771176,GET,/api/mixed/http/,107.84,55353,0,
2026-05-16T16:07:45.775365,GET,/api/mixed/pipeline/1/,2.94,82,0,
2026-05-16T16:07:45.794159,GET,/api/mixed/http/,107.55,55353,0,
2026-05-16T16:07:45.828630,GET,/api/mixed/pipeline/1/,3.19,82,0,
2026-05-16T16:07:45.830676,GET,/api/mixed/db/1/,5.81,247,0,
2026-05-16T16:07:45.840846,GET,/api/mixed/db/1/,3.95,247,0,
2026-05-16T16:07:45.848773,GET,/api/mixed/pipeline/1/,3.15,82,0,
2026-05-16T16:07:45.857972,GET,/api/mixed/db/1/,3.84,247,0,
2026-05-16T16:07:45.868644,GET,/api/mixed/http/,108.21,55353,0,
2026-05-16T16:07:45.879514,GET,/api/mixed/pipeline/1/,3.44,82,0,
2026-05-16T16:07:45.897593,GET,/api/mixed/http/,107.99,55353,0,
2026-05-16T16:07:45.908443,GET,/api/mixed/pipeline/1/,3.15,82,0,
2026-05-16T16:07:45.911856,GET,/api/mixed/http/,107.64,55353,0,
2026-05-16T16:07:45.919559,GET,/api/mixed/db/1/,4.33,247,0,
2026-05-16T16:07:45.936937,GET,/api/mixed/db/1/,3.99,247,0,
2026-05-16T16:07:45.953945,GET,/api/mixed/http/,108.84,55353,0,
2026-05-16T16:07:45.968391,GET,/api/mixed/http/,108.0,55353,0,
2026-05-16T16:07:45.985804,GET,/api/mixed/http/,108.39,55353,0,
2026-05-16T16:07:45.996042,GET,/api/mixed/http/,108.11,55353,0,
2026-05-16T16:07:45.998082,GET,/api/mixed/db/1/,4.03,247,0,
2026-05-16T16:07:46.007348,GET,/api/mixed/pipeline/1/,3.03,82,0,
2026-05-16T16:07:46.009305,GET,/api/mixed/http/,107.94,55353,0,
2026-05-16T16:07:46.009770,GET,/api/mixed/http/,108.86,55353,0,
2026-05-16T16:07:46.017437,GET,/api/mixed/db/1/,5.28,247,0,
2026-05-16T16:07:46.020720,GET,/api/mixed/db/1/,5.18,247,0,
2026-05-16T16:07:46.024406,GET,/api/mixed/http/,108.16,55353,0,
2026-05-16T16:07:46.038660,GET,/api/mixed/db/1/,4.02,247,0,
2026-05-16T16:07:46.058768,GET,/api/mixed/http/,108.57,55353,0,
2026-05-16T16:07:46.069802,GET,/api/mixed/pipeline/1/,2.86,82,0,
2026-05-16T16:07:46.070776,GET,/api/mixed/db/1/,5.32,247,0,
2026-05-16T16:07:46.114259,GET,/api/mixed/pipeline/1/,2.87,82,0,
2026-05-16T16:07:46.120419,GET,/api/mixed/db/1/,3.75,247,0,
2026-05-16T16:07:46.124633,GET,/api/mixed/pipeline/1/,2.84,82,0,
2026-05-16T16:07:46.135806,GET,/api/mixed/db/1/,3.76,247,0,
2026-05-16T16:07:46.138089,GET,/api/mixed/pipeline/1/,3.64,82,0,
2026-05-16T16:07:46.140105,GET,/api/mixed/db/1/,3.95,247,0,
2026-05-16T16:07:46.145777,GET,/api/mixed/http/,108.51,55353,0,
2026-05-16T16:07:46.147668,GET,/api/mixed/pipeline/1/,2.85,82,0,
2026-05-16T16:07:46.161175,GET,/api/mixed/http/,108.61,55353,0,
2026-05-16T16:07:46.166383,GET,/api/mixed/http/,107.46,55353,0,
2026-05-16T16:07:46.188407,GET,/api/mixed/db/1/,4.16,247,0,
2026-05-16T16:07:46.208150,GET,/api/mixed/http/,107.99,55353,0,
2026-05-16T16:07:46.213340,GET,/api/mixed/http/,107.59,55353,0,
2026-05-16T16:07:46.241316,GET,/api/mixed/db/1/,4.58,247,0,
2026-05-16T16:07:46.255412,GET,/api/mixed/http/,107.64,55353,0,
2026-05-16T16:07:46.256851,GET,/api/mixed/db/1/,4.41,247,0,
2026-05-16T16:07:46.257390,GET,/api/mixed/db/1/,3.82,247,0,
2026-05-16T16:07:46.260190,GET,/api/mixed/db/1/,4.65,247,0,
2026-05-16T16:07:46.285601,GET,/api/mixed/db/1/,4.05,247,0,
2026-05-16T16:07:46.296419,GET,/api/mixed/pipeline/1/,3.54,82,0,
2026-05-16T16:07:46.303701,GET,/api/mixed/pipeline/1/,2.88,82,0,
2026-05-16T16:07:46.316806,GET,/api/mixed/pipeline/1/,4.58,82,0,
2026-05-16T16:07:46.326790,GET,/api/mixed/pipeline/1/,3.34,82,0,
2026-05-16T16:07:46.329087,GET,/api/mixed/pipeline/1/,3.24,82,0,
2026-05-16T16:07:46.349080,GET,/api/mixed/http/,108.66,55353,0,
2026-05-16T16:07:46.352650,GET,/api/mixed/http/,108.08,55353,0,
2026-05-16T16:07:46.354016,GET,/api/mixed/http/,108.5,55353,0,
2026-05-16T16:07:46.359377,GET,/api/mixed/http/,108.21,55353,0,
2026-05-16T16:07:46.371823,GET,/api/mixed/db/1/,4.05,247,0,
2026-05-16T16:07:46.374044,GET,/api/mixed/pipeline/1/,3.35,82,0,
2026-05-16T16:07:46.391455,GET,/api/mixed/db/1/,4.09,247,0,
2026-05-16T16:07:46.402306,GET,/api/mixed/http/,108.17,55353,0,
2026-05-16T16:07:46.402839,GET,/api/mixed/http/,108.03,55353,0,
2026-05-16T16:07:46.421988,GET,/api/mixed/pipeline/1/,2.91,82,0,
2026-05-16T16:07:46.422518,GET,/api/mixed/http/,108.3,55353,0,
2026-05-16T16:07:46.430511,GET,/api/mixed/http/,108.35,55353,0,
2026-05-16T16:07:46.432786,GET,/api/mixed/db/1/,4.05,247,0,
2026-05-16T16:07:46.435775,GET,/api/mixed/pipeline/1/,2.87,82,0,
2026-05-16T16:07:46.444821,GET,/api/mixed/pipeline/1/,2.83,82,0,
2026-05-16T16:07:46.446088,GET,/api/mixed/http/,107.8,55353,0,
2026-05-16T16:07:46.451637,GET,/api/mixed/http/,107.77,55353,0,
2026-05-16T16:07:46.456249,GET,/api/mixed/http/,108.91,55353,0,
2026-05-16T16:07:46.463727,GET,/api/mixed/db/1/,4.07,247,0,
2026-05-16T16:07:46.471497,GET,/api/mixed/pipeline/1/,4.3,82,0,
2026-05-16T16:07:46.479367,GET,/api/mixed/http/,109.16,55353,0,
2026-05-16T16:07:46.530027,GET,/api/mixed/db/1/,4.14,247,0,
2026-05-16T16:07:46.535666,GET,/api/mixed/db/1/,4.26,247,0,
2026-05-16T16:07:46.549471,GET,/api/mixed/pipeline/1/,3.35,82,0,
2026-05-16T16:07:46.576494,GET,/api/mixed/http/,108.81,55353,0,
2026-05-16T16:07:46.579284,GET,/api/mixed/http/,108.8,55353,0,
2026-05-16T16:07:46.581321,GET,/api/mixed/http/,107.76,55353,0,
2026-05-16T16:07:46.586431,GET,/api/mixed/http/,108.23,55353,0,
2026-05-16T16:07:46.591746,GET,/api/mixed/pipeline/1/,2.94,82,0,
2026-05-16T16:07:46.597544,GET,/api/mixed/db/1/,4.43,247,0,
2026-05-16T16:07:46.606139,GET,/api/mixed/db/1/,4.35,247,0,
2026-05-16T16:07:46.619179,GET,/api/mixed/http/,108.06,55353,0,
2026-05-16T16:07:46.644042,GET,/api/mixed/pipeline/1/,4.13,82,0,
2026-05-16T16:07:46.644500,GET,/api/mixed/pipeline/1/,4.12,82,0,
2026-05-16T16:07:46.645576,GET,/api/mixed/db/1/,4.79,247,0,
2026-05-16T16:07:46.655127,GET,/api/mixed/db/1/,3.83,247,0,
2026-05-16T16:07:46.665485,GET,/api/mixed/pipeline/1/,2.97,82,0,
2026-05-16T16:07:46.697268,GET,/api/mixed/pipeline/1/,2.72,82,0,
2026-05-16T16:07:46.712700,GET,/api/mixed/http/,109.58,55353,0,
2026-05-16T16:07:46.725543,GET,/api/mixed/db/1/,4.5,247,0,
2026-05-16T16:07:46.725974,GET,/api/mixed/db/1/,3.59,247,0,
2026-05-16T16:07:46.734029,GET,/api/mixed/http/,107.63,55353,0,
2026-05-16T16:07:46.743247,GET,/api/mixed/db/1/,3.96,247,0,
2026-05-16T16:07:46.745840,GET,/api/mixed/db/1/,3.96,247,0,
2026-05-16T16:07:46.753010,GET,/api/mixed/pipeline/1/,2.96,82,0,
2026-05-16T16:07:46.762190,GET,/api/mixed/db/1/,3.83,247,0,
2026-05-16T16:07:46.785176,GET,/api/mixed/pipeline/1/,2.89,82,0,
2026-05-16T16:07:46.792564,GET,/api/mixed/pipeline/1/,3.17,82,0,
2026-05-16T16:07:46.800871,GET,/api/mixed/http/,110.12,55353,0,
2026-05-16T16:07:46.801865,GET,/api/mixed/pipeline/1/,5.07,82,0,
2026-05-16T16:07:46.803884,GET,/api/mixed/db/1/,6.04,247,0,
2026-05-16T16:07:46.816757,GET,/api/mixed/http/,111.26,55353,0,
2026-05-16T16:07:46.834022,GET,/api/mixed/db/1/,3.87,247,0,
2026-05-16T16:07:46.856891,GET,/api/mixed/pipeline/1/,3.61,82,0,
2026-05-16T16:07:46.857722,GET,/api/mixed/db/1/,3.98,247,0,
2026-05-16T16:07:46.881025,GET,/api/mixed/db/1/,3.98,247,0,
2026-05-16T16:07:46.882507,GET,/api/mixed/http/,107.9,55353,0,
2026-05-16T16:07:46.890734,GET,/api/mixed/pipeline/1/,2.83,82,0,
2026-05-16T16:07:46.898263,GET,/api/mixed/http/,108.41,55353,0,
2026-05-16T16:07:46.901393,GET,/api/mixed/pipeline/1/,2.74,82,0,
2026-05-16T16:07:46.920125,GET,/api/mixed/pipeline/1/,3.49,82,0,
2026-05-16T16:07:46.920635,GET,/api/mixed/http/,111.21,55353,0,
2026-05-16T16:07:46.924609,GET,/api/mixed/pipeline/1/,3.84,82,0,
2026-05-16T16:07:46.927004,GET,/api/mixed/pipeline/1/,3.75,82,0,
2026-05-16T16:07:46.929407,GET,/api/mixed/db/1/,4.43,247,0,
2026-05-16T16:07:46.937568,GET,/api/mixed/db/1/,3.81,247,0,
2026-05-16T16:07:46.950756,GET,/api/mixed/http/,108.3,55353,0,
2026-05-16T16:07:46.970886,GET,/api/mixed/http/,107.89,55353,0,
2026-05-16T16:07:46.975821,GET,/api/mixed/http/,108.17,55353,0,
2026-05-16T16:07:47.004752,GET,/api/mixed/pipeline/1/,3.01,82,0,
2026-05-16T16:07:47.005583,GET,/api/mixed/http/,108.3,55353,0,
2026-05-16T16:07:47.026256,GET,/api/mixed/db/1/,4.44,247,0,
2026-05-16T16:07:47.026766,GET,/api/mixed/db/1/,5.34,247,0,
2026-05-16T16:07:47.027950,GET,/api/mixed/http/,108.71,55353,0,
2026-05-16T16:07:47.032151,GET,/api/mixed/pipeline/1/,2.82,82,0,
2026-05-16T16:07:47.044137,GET,/api/mixed/http/,107.82,55353,0,
2026-05-16T16:07:47.055319,GET,/api/mixed/pipeline/1/,2.74,82,0,
2026-05-16T16:07:47.061281,GET,/api/mixed/http/,111.6,55353,0,
2026-05-16T16:07:47.089929,GET,/api/mixed/http/,107.71,55353,0,
2026-05-16T16:07:47.090526,GET,/api/mixed/db/1/,3.96,247,0,
2026-05-16T16:07:47.096693,GET,/api/mixed/db/1/,3.81,247,0,
2026-05-16T16:07:47.129629,GET,/api/mixed/http/,108.71,55353,0,
2026-05-16T16:07:47.143195,GET,/api/mixed/http/,107.65,55353,0,
2026-05-16T16:07:47.145735,GET,/api/mixed/pipeline/1/,3.91,82,0,
2026-05-16T16:07:47.146996,GET,/api/mixed/db/1/,3.66,247,0,
2026-05-16T16:07:47.187463,GET,/api/mixed/db/1/,5.54,247,0,
2026-05-16T16:07:47.206010,GET,/api/mixed/db/1/,3.71,247,0,
2026-05-16T16:07:47.228784,GET,/api/mixed/http/,108.76,55353,0,
2026-05-16T16:07:47.245173,GET,/api/mixed/db/1/,4.04,247,0,
2026-05-16T16:07:47.258962,GET,/api/mixed/db/1/,5.17,247,0,
2026-05-16T16:07:47.262913,GET,/api/mixed/http/,107.64,55353,0,
2026-05-16T16:07:47.263882,GET,/api/mixed/db/1/,3.7,247,0,
2026-05-16T16:07:47.273222,GET,/api/mixed/http/,108.33,55353,0,
2026-05-16T16:07:47.274217,GET,/api/mixed/pipeline/1/,2.74,82,0,
2026-05-16T16:07:47.281330,GET,/api/mixed/db/1/,3.74,247,0,
2026-05-16T16:07:47.286022,GET,/api/mixed/http/,109.47,55353,0,
2026-05-16T16:07:47.290193,GET,/api/mixed/http/,107.76,55353,0,
2026-05-16T16:07:47.290992,GET,/api/mixed/db/1/,3.75,247,0,
2026-05-16T16:07:47.302156,GET,/api/mixed/pipeline/1/,3.73,82,0,
2026-05-16T16:07:47.310178,GET,/api/mixed/http/,110.43,55353,0,
2026-05-16T16:07:47.318244,GET,/api/mixed/pipeline/1/,2.69,82,0,
2026-05-16T16:07:47.333484,GET,/api/mixed/pipeline/1/,2.57,82,0,
2026-05-16T16:07:47.352010,GET,/api/mixed/db/1/,4.11,247,0,
2026-05-16T16:07:47.375758,GET,/api/mixed/http/,107.67,55353,0,
2026-05-16T16:07:47.378611,GET,/api/mixed/pipeline/1/,2.69,82,0,
2026-05-16T16:07:47.389925,GET,/api/mixed/db/1/,4.01,247,0,
2026-05-16T16:07:47.404216,GET,/api/mixed/db/1/,3.93,247,0,
2026-05-16T16:07:47.413845,GET,/api/mixed/http/,113.03,55353,0,
2026-05-16T16:07:47.414444,GET,/api/mixed/http/,109.39,55353,0,
2026-05-16T16:07:47.423021,GET,/api/mixed/pipeline/1/,2.83,82,0,
2026-05-16T16:07:47.428188,GET,/api/mixed/http/,107.66,55353,0,
2026-05-16T16:07:47.438881,GET,/api/mixed/http/,108.89,55353,0,
2026-05-16T16:07:47.449151,GET,/api/mixed/pipeline/1/,2.94,82,0,
2026-05-16T16:07:47.482998,GET,/api/mixed/db/1/,4.02,247,0,
2026-05-16T16:07:47.483471,GET,/api/mixed/http/,109.27,55353,0,
2026-05-16T16:07:47.492740,GET,/api/mixed/db/1/,3.92,247,0,
2026-05-16T16:07:47.500352,GET,/api/mixed/pipeline/1/,3.29,82,0,
2026-05-16T16:07:47.502643,GET,/api/mixed/pipeline/1/,3.12,82,0,
2026-05-16T16:07:47.510755,GET,/api/mixed/pipeline/1/,2.77,82,0,
2026-05-16T16:07:47.515713,GET,/api/mixed/db/1/,3.61,247,0,
2026-05-16T16:07:47.526477,GET,/api/mixed/http/,107.78,55353,0,
2026-05-16T16:07:47.534089,GET,/api/mixed/pipeline/1/,3.21,82,0,
2026-05-16T16:07:47.534759,GET,/api/mixed/pipeline/1/,2.68,82,0,
2026-05-16T16:07:47.553750,GET,/api/mixed/pipeline/1/,7.78,82,0,
2026-05-16T16:07:47.554794,GET,/api/mixed/db/1/,8.33,247,0,
2026-05-16T16:07:47.555318,GET,/api/mixed/db/1/,5.46,247,0,
2026-05-16T16:07:47.557194,GET,/api/mixed/pipeline/1/,3.32,82,0,
2026-05-16T16:07:47.557928,GET,/api/mixed/http/,107.4,55353,0,
2026-05-16T16:07:47.587168,GET,/api/mixed/pipeline/1/,2.97,82,0,
2026-05-16T16:07:47.593697,GET,/api/mixed/pipeline/1/,2.67,82,0,
2026-05-16T16:07:47.600154,GET,/api/mixed/db/1/,4.22,247,0,
2026-05-16T16:07:47.614649,GET,/api/mixed/pipeline/1/,3.55,82,0,
2026-05-16T16:07:47.617961,GET,/api/mixed/db/1/,4.26,247,0,
2026-05-16T16:07:47.627567,GET,/api/mixed/http/,107.55,55353,0,
2026-05-16T16:07:47.642644,GET,/api/mixed/db/1/,4.9,247,0,
2026-05-16T16:07:47.649738,GET,/api/mixed/pipeline/1/,2.72,82,0,
2026-05-16T16:07:47.654116,GET,/api/mixed/db/1/,4.26,247,0,
2026-05-16T16:07:47.659160,GET,/api/mixed/pipeline/1/,2.86,82,0,
2026-05-16T16:07:47.680395,GET,/api/mixed/pipeline/1/,2.9,82,0,
2026-05-16T16:07:47.688711,GET,/api/mixed/db/1/,3.95,247,0,
2026-05-16T16:07:47.692562,GET,/api/mixed/db/1/,3.73,247,0,
2026-05-16T16:07:47.697842,GET,/api/mixed/http/,109.29,55353,0,
2026-05-16T16:07:47.699905,GET,/api/mixed/pipeline/1/,3.15,82,0,
2026-05-16T16:07:47.714625,GET,/api/mixed/http/,108.13,55353,0,
2026-05-16T16:07:47.732717,GET,/api/mixed/http/,108.52,55353,0,
2026-05-16T16:07:47.774808,GET,/api/mixed/db/1/,4.4,247,0,
2026-05-16T16:07:47.778131,GET,/api/mixed/db/1/,4.24,247,0,
2026-05-16T16:07:47.783094,GET,/api/mixed/pipeline/1/,2.77,82,0,
2026-05-16T16:07:47.802457,GET,/api/mixed/db/1/,4.04,247,0,
2026-05-16T16:07:47.811780,GET,/api/mixed/db/1/,4.11,247,0,
2026-05-16T16:07:47.822560,GET,/api/mixed/http/,108.9,55353,0,
2026-05-16T16:07:47.835408,GET,/api/mixed/db/1/,3.91,247,0,
2026-05-16T16:07:47.844875,GET,/api/mixed/http/,107.98,55353,0,
2026-05-16T16:07:47.862554,GET,/api/mixed/pipeline/1/,3.03,82,0,
2026-05-16T16:07:47.873351,GET,/api/mixed/pipeline/1/,4.22,82,0,
2026-05-16T16:07:47.878763,GET,/api/mixed/db/1/,4.23,247,0,
2026-05-16T16:07:47.880565,GET,/api/mixed/db/1/,3.77,247,0,
2026-05-16T16:07:47.915727,GET,/api/mixed/pipeline/1/,3.55,82,0,
2026-05-16T16:07:47.916887,GET,/api/mixed/db/1/,4.22,247,0,
2026-05-16T16:07:47.927864,GET,/api/mixed/db/1/,3.78,247,0,
2026-05-16T16:07:47.934010,GET,/api/mixed/pipeline/1/,2.74,82,0,
2026-05-16T16:07:47.953768,GET,/api/mixed/pipeline/1/,3.44,82,0,
2026-05-16T16:07:47.957044,GET,/api/mixed/db/1/,4.1,247,0,
2026-05-16T16:07:47.969398,GET,/api/mixed/pipeline/1/,3.26,82,0,
2026-05-16T16:07:47.969802,GET,/api/mixed/pipeline/1/,4.07,82,0,
2026-05-16T16:07:47.970731,GET,/api/mixed/http/,108.06,55353,0,
2026-05-16T16:07:47.971178,GET,/api/mixed/http/,107.56,55353,0,
2026-05-16T16:07:47.975157,GET,/api/mixed/pipeline/1/,2.78,82,0,
2026-05-16T16:07:47.978166,GET,/api/mixed/http/,108.18,55353,0,
2026-05-16T16:07:47.978700,GET,/api/mixed/http/,109.1,55353,0,
2026-05-16T16:07:47.980179,GET,/api/mixed/db/1/,3.84,247,0,
2026-05-16T16:07:47.983690,GET,/api/mixed/http/,107.99,55353,0,
2026-05-16T16:07:47.995001,GET,/api/mixed/pipeline/1/,3.96,82,0,
2026-05-16T16:07:47.996780,GET,/api/mixed/http/,107.86,55353,0,
2026-05-16T16:07:47.997895,GET,/api/mixed/db/1/,3.84,247,0,
2026-05-16T16:07:48.007693,GET,/api/mixed/http/,108.1,55353,0,
2026-05-16T16:07:48.022885,GET,/api/mixed/db/1/,3.79,247,0,
2026-05-16T16:07:48.036028,GET,/api/mixed/pipeline/1/,2.8,82,0,
2026-05-16T16:07:48.045761,GET,/api/mixed/db/1/,8.4,247,0,
2026-05-16T16:07:48.073918,GET,/api/mixed/http/,108.69,55353,0,
2026-05-16T16:07:48.099936,GET,/api/mixed/http/,108.42,55353,0,
2026-05-16T16:07:48.102016,GET,/api/mixed/pipeline/1/,3.83,82,0,
2026-05-16T16:07:48.111183,GET,/api/mixed/db/1/,3.84,247,0,
2026-05-16T16:07:48.118333,GET,/api/mixed/db/1/,3.92,247,0,
2026-05-16T16:07:48.121976,GET,/api/mixed/db/1/,3.49,247,0,
2026-05-16T16:07:48.129015,GET,/api/mixed/db/1/,3.68,247,0,
2026-05-16T16:07:48.172155,GET,/api/mixed/http/,107.92,55353,0,
2026-05-16T16:07:48.189394,GET,/api/mixed/pipeline/1/,2.9,82,0,
2026-05-16T16:07:48.223972,GET,/api/mixed/pipeline/1/,3.24,82,0,
2026-05-16T16:07:48.227895,GET,/api/mixed/pipeline/1/,2.56,82,0,
2026-05-16T16:07:48.237064,GET,/api/mixed/pipeline/1/,2.88,82,0,
2026-05-16T16:07:48.249249,GET,/api/mixed/db/1/,4.84,247,0,
2026-05-16T16:07:48.253045,GET,/api/mixed/pipeline/1/,5.17,82,0,
2026-05-16T16:07:48.254560,GET,/api/mixed/db/1/,4.46,247,0,
2026-05-16T16:07:48.268966,GET,/api/mixed/pipeline/1/,3.15,82,0,
2026-05-16T16:07:48.282534,GET,/api/mixed/pipeline/1/,3.16,82,0,
2026-05-16T16:07:48.291376,GET,/api/mixed/pipeline/1/,3.37,82,0,
2026-05-16T16:07:48.314105,GET,/api/mixed/http/,108.49,55353,0,
2026-05-16T16:07:48.320407,GET,/api/mixed/pipeline/1/,2.93,82,0,
2026-05-16T16:07:48.340652,GET,/api/mixed/db/1/,3.91,247,0,
2026-05-16T16:07:48.348885,GET,/api/mixed/db/1/,3.86,247,0,
2026-05-16T16:07:48.369829,GET,/api/mixed/http/,107.92,55353,0,
2026-05-16T16:07:48.370303,GET,/api/mixed/db/1/,4.23,247,0,
2026-05-16T16:07:48.373797,GET,/api/mixed/http/,108.44,55353,0,
2026-05-16T16:07:48.399146,GET,/api/mixed/http/,107.66,55353,0,
2026-05-16T16:07:48.403711,GET,/api/mixed/http/,107.76,55353,0,
2026-05-16T16:07:48.408662,GET,/api/mixed/pipeline/1/,2.75,82,0,
2026-05-16T16:07:48.410154,GET,/api/mixed/http/,107.6,55353,0,
2026-05-16T16:07:48.415234,GET,/api/mixed/pipeline/1/,2.75,82,0,
2026-05-16T16:07:48.429314,GET,/api/mixed/db/1/,3.93,247,0,
2026-05-16T16:07:48.451071,GET,/api/mixed/db/1/,4.28,247,0,
2026-05-16T16:07:48.452362,GET,/api/mixed/db/1/,6.03,247,0,
2026-05-16T16:07:48.489193,GET,/api/mixed/pipeline/1/,2.92,82,0,
2026-05-16T16:07:48.500771,GET,/api/mixed/db/1/,3.71,247,0,
2026-05-16T16:07:48.512896,GET,/api/mixed/pipeline/1/,2.82,82,0,
2026-05-16T16:07:48.527621,GET,/api/mixed/pipeline/1/,2.74,82,0,
2026-05-16T16:07:48.535108,GET,/api/mixed/pipeline/1/,7.11,82,0,
2026-05-16T16:07:48.548732,GET,/api/mixed/db/1/,4.27,247,0,
2026-05-16T16:07:48.551198,GET,/api/mixed/http/,107.53,55353,0,
2026-05-16T16:07:48.554068,GET,/api/mixed/db/1/,4.12,247,0,
2026-05-16T16:07:48.563198,GET,/api/mixed/db/1/,3.77,247,0,
2026-05-16T16:07:48.567069,GET,/api/mixed/pipeline/1/,2.68,82,0,
2026-05-16T16:07:48.567722,GET,/api/mixed/http/,107.57,55353,0,
2026-05-16T16:07:48.577162,GET,/api/mixed/db/1/,4.29,247,0,
2026-05-16T16:07:48.583850,GET,/api/mixed/http/,108.1,55353,0,
2026-05-16T16:07:48.602193,GET,/api/mixed/http/,107.72,55353,0,
2026-05-16T16:07:48.609095,GET,/api/mixed/db/1/,4.5,247,0,
2026-05-16T16:07:48.617956,GET,/api/mixed/db/1/,4.49,247,0,
2026-05-16T16:07:48.618658,GET,/api/mixed/db/1/,4.15,247,0,
2026-05-16T16:07:48.624728,GET,/api/mixed/http/,108.38,55353,0,
2026-05-16T16:07:48.631902,GET,/api/mixed/pipeline/1/,3.95,82,0,
2026-05-16T16:07:48.639311,GET,/api/mixed/pipeline/1/,3.04,82,0,
2026-05-16T16:07:48.644186,GET,/api/mixed/pipeline/1/,2.67,82,0,
2026-05-16T16:07:48.655550,GET,/api/mixed/http/,108.61,55353,0,
2026-05-16T16:07:48.669733,GET,/api/mixed/db/1/,4.94,247,0,
2026-05-16T16:07:48.673998,GET,/api/mixed/pipeline/1/,2.92,82,0,
2026-05-16T16:07:48.682194,GET,/api/mixed/http/,108.34,55353,0,
2026-05-16T16:07:48.689050,GET,/api/mixed/db/1/,5.5,247,0,
2026-05-16T16:07:48.705317,GET,/api/mixed/db/1/,5.42,247,0,
2026-05-16T16:07:48.720198,GET,/api/mixed/pipeline/1/,4.61,82,0,
2026-05-16T16:07:48.749581,GET,/api/mixed/pipeline/1/,3.45,82,0,
2026-05-16T16:07:48.769122,GET,/api/mixed/http/,108.83,55353,0,
2026-05-16T16:07:48.769676,GET,/api/mixed/pipeline/1/,4.76,82,0,
2026-05-16T16:07:48.777806,GET,/api/mixed/pipeline/1/,6.86,82,0,
2026-05-16T16:07:48.788995,GET,/api/mixed/pipeline/1/,3.32,82,0,
2026-05-16T16:07:48.803842,GET,/api/mixed/db/1/,5.18,247,0,
2026-05-16T16:07:48.804345,GET,/api/mixed/http/,109.03,55353,0,
2026-05-16T16:07:48.829030,GET,/api/mixed/pipeline/1/,3.32,82,0,
2026-05-16T16:07:48.836906,GET,/api/mixed/http/,108.31,55353,0,
2026-05-16T16:07:48.852297,GET,/api/mixed/pipeline/1/,3.74,82,0,
2026-05-16T16:07:48.899185,GET,/api/mixed/pipeline/1/,3.38,82,0,
2026-05-16T16:07:48.915429,GET,/api/mixed/db/1/,4.66,247,0,
2026-05-16T16:07:48.930853,GET,/api/mixed/pipeline/1/,3.0,82,0,
2026-05-16T16:07:48.941459,GET,/api/mixed/db/1/,4.8,247,0,
2026-05-16T16:07:48.941883,GET,/api/mixed/db/1/,5.7,247,0,
2026-05-16T16:07:48.958466,GET,/api/mixed/pipeline/1/,2.9,82,0,
2026-05-16T16:07:48.963240,GET,/api/mixed/pipeline/1/,2.58,82,0,
2026-05-16T16:07:48.968922,GET,/api/mixed/db/1/,4.49,247,0,
2026-05-16T16:07:48.974283,GET,/api/mixed/http/,107.66,55353,0,
2026-05-16T16:07:48.976429,GET,/api/mixed/pipeline/1/,3.28,82,0,
2026-05-16T16:07:48.992861,GET,/api/mixed/http/,108.57,55353,0,
2026-05-16T16:07:48.998659,GET,/api/mixed/http/,108.66,55353,0,
2026-05-16T16:07:48.999375,GET,/api/mixed/http/,108.03,55353,0,
2026-05-16T16:07:49.003426,GET,/api/mixed/pipeline/1/,2.73,82,0,
2026-05-16T16:07:49.007066,GET,/api/mixed/http/,108.73,55353,0,
2026-05-16T16:07:49.010836,GET,/api/mixed/http/,107.43,55353,0,
2026-05-16T16:07:49.031127,GET,/api/mixed/pipeline/1/,3.05,82,0,
2026-05-16T16:07:49.032081,GET,/api/mixed/http/,108.41,55353,0,
2026-05-16T16:07:49.036468,GET,/api/mixed/http/,109.12,55353,0,
2026-05-16T16:07:49.044660,GET,/api/mixed/pipeline/1/,2.87,82,0,
2026-05-16T16:07:49.055674,GET,/api/mixed/pipeline/1/,2.85,82,0,
2026-05-16T16:07:49.061709,GET,/api/mixed/pipeline/1/,2.62,82,0,
2026-05-16T16:07:49.063753,GET,/api/mixed/http/,108.68,55353,0,
2026-05-16T16:07:49.072703,GET,/api/mixed/http/,107.82,55353,0,
2026-05-16T16:07:49.094091,GET,/api/mixed/pipeline/1/,2.98,82,0,
2026-05-16T16:07:49.120562,GET,/api/mixed/db/1/,5.18,247,0,
2026-05-16T16:07:49.121076,GET,/api/mixed/db/1/,4.38,247,0,
2026-05-16T16:07:49.131272,GET,/api/mixed/pipeline/1/,3.3,82,0,
2026-05-16T16:07:49.131688,GET,/api/mixed/pipeline/1/,3.03,82,0,
2026-05-16T16:07:49.135806,GET,/api/mixed/pipeline/1/,2.72,82,0,
2026-05-16T16:07:49.171551,GET,/api/mixed/pipeline/1/,3.51,82,0,
2026-05-16T16:07:49.174867,GET,/api/mixed/http/,107.85,55353,0,
2026-05-16T16:07:49.187223,GET,/api/mixed/db/1/,3.96,247,0,
2026-05-16T16:07:49.193298,GET,/api/mixed/db/1/,3.79,247,0,
2026-05-16T16:07:49.204572,GET,/api/mixed/pipeline/1/,2.92,82,0,
2026-05-16T16:07:49.210829,GET,/api/mixed/pipeline/1/,2.6,82,0,
2026-05-16T16:07:49.212311,GET,/api/mixed/db/1/,4.53,247,0,
2026-05-16T16:07:49.214484,GET,/api/mixed/pipeline/1/,3.53,82,0,
2026-05-16T16:07:49.224976,GET,/api/mixed/pipeline/1/,3.69,82,0,
2026-05-16T16:07:49.225543,GET,/api/mixed/db/1/,4.73,247,0,
2026-05-16T16:07:49.229719,GET,/api/mixed/http/,110.36,55353,0,
2026-05-16T16:07:49.235582,GET,/api/mixed/http/,108.64,55353,0,
2026-05-16T16:07:49.245763,GET,/api/mixed/db/1/,3.83,247,0,
2026-05-16T16:07:49.252036,GET,/api/mixed/pipeline/1/,3.88,82,0,
2026-05-16T16:07:49.254218,GET,/api/mixed/pipeline/1/,3.02,82,0,
2026-05-16T16:07:49.277400,GET,/api/mixed/http/,107.96,55353,0,
2026-05-16T16:07:49.281403,GET,/api/mixed/pipeline/1/,2.83,82,0,
2026-05-16T16:07:49.319351,GET,/api/mixed/http/,107.95,55353,0,
2026-05-16T16:07:49.324981,GET,/api/mixed/pipeline/1/,3.39,82,0,
2026-05-16T16:07:49.327341,GET,/api/mixed/db/1/,4.08,247,0,
2026-05-16T16:07:49.329914,GET,/api/mixed/http/,108.23,55353,0,
2026-05-16T16:07:49.347982,GET,/api/mixed/pipeline/1/,4.67,82,0,
2026-05-16T16:07:49.348912,GET,/api/mixed/db/1/,5.11,247,0,
2026-05-16T16:07:49.356857,GET,/api/mixed/http/,108.23,55353,0,
2026-05-16T16:07:49.366238,GET,/api/mixed/db/1/,4.11,247,0,
2026-05-16T16:07:49.387523,GET,/api/mixed/pipeline/1/,2.92,82,0,
2026-05-16T16:07:49.391890,GET,/api/mixed/pipeline/1/,2.98,82,0,
2026-05-16T16:07:49.392787,GET,/api/mixed/pipeline/1/,2.93,82,0,
2026-05-16T16:07:49.395819,GET,/api/mixed/db/1/,3.82,247,0,
2026-05-16T16:07:49.403944,GET,/api/mixed/http/,108.28,55353,0,
2026-05-16T16:07:49.406476,GET,/api/mixed/pipeline/1/,3.45,82,0,
2026-05-16T16:07:49.407783,GET,/api/mixed/http/,107.42,55353,0,
2026-05-16T16:07:49.416130,GET,/api/mixed/pipeline/1/,2.99,82,0,
2026-05-16T16:07:49.424629,GET,/api/mixed/http/,107.79,55353,0,
2026-05-16T16:07:49.433794,GET,/api/mixed/pipeline/1/,2.75,82,0,
2026-05-16T16:07:49.446959,GET,/api/mixed/db/1/,3.95,247,0,
2026-05-16T16:07:49.453287,GET,/api/mixed/db/1/,3.95,247,0,
2026-05-16T16:07:49.492918,GET,/api/mixed/db/1/,4.5,247,0,
2026-05-16T16:07:49.521030,GET,/api/mixed/db/1/,6.79,247,0,
2026-05-16T16:07:49.530819,GET,/api/mixed/db/1/,5.38,247,0,
2026-05-16T16:07:49.559428,GET,/api/mixed/pipeline/1/,3.15,82,0,
2026-05-16T16:07:49.571436,GET,/api/mixed/pipeline/1/,3.05,82,0,
2026-05-16T16:07:49.572738,GET,/api/mixed/db/1/,4.9,247,0,
2026-05-16T16:07:49.583917,GET,/api/mixed/db/1/,4.91,247,0,
2026-05-16T16:07:49.589888,GET,/api/mixed/pipeline/1/,3.77,82,0,
2026-05-16T16:07:49.591091,GET,/api/mixed/http/,109.39,55353,0,
2026-05-16T16:07:49.597522,GET,/api/mixed/http/,107.77,55353,0,
2026-05-16T16:07:49.605055,GET,/api/mixed/pipeline/1/,3.15,82,0,
2026-05-16T16:07:49.625589,GET,/api/mixed/http/,109.05,55353,0,
2026-05-16T16:07:49.626509,GET,/api/mixed/pipeline/1/,2.95,82,0,
2026-05-16T16:07:49.634212,GET,/api/mixed/http/,109.92,55353,0,
2026-05-16T16:07:49.638201,GET,/api/mixed/db/1/,3.84,247,0,
2026-05-16T16:07:49.654727,GET,/api/mixed/pipeline/1/,3.08,82,0,
2026-05-16T16:07:49.668139,GET,/api/mixed/pipeline/1/,3.69,82,0,
2026-05-16T16:07:49.687815,GET,/api/mixed/db/1/,4.24,247,0,
2026-05-16T16:07:49.713756,GET,/api/mixed/http/,108.57,55353,0,
2026-05-16T16:07:49.715718,GET,/api/mixed/db/1/,4.28,247,0,
2026-05-16T16:07:49.730934,GET,/api/mixed/http/,108.95,55353,0,
2026-05-16T16:07:49.738158,GET,/api/mixed/pipeline/1/,2.86,82,0,
2026-05-16T16:07:49.740899,GET,/api/mixed/pipeline/1/,2.62,82,0,
2026-05-16T16:07:49.766707,GET,/api/mixed/pipeline/1/,3.02,82,0,
2026-05-16T16:07:49.767618,GET,/api/mixed/pipeline/1/,4.48,82,0,
2026-05-16T16:07:49.775074,GET,/api/mixed/http/,110.07,55353,0,
2026-05-16T16:07:49.795037,GET,/api/mixed/pipeline/1/,4.58,82,0,
2026-05-16T16:07:49.795489,GET,/api/mixed/db/1/,4.53,247,0,
2026-05-16T16:07:49.798368,GET,/api/mixed/db/1/,4.48,247,0,
2026-05-16T16:07:49.812627,GET,/api/mixed/http/,108.41,55353,0,
2026-05-16T16:07:49.817726,GET,/api/mixed/pipeline/1/,2.7,82,0,
2026-05-16T16:07:49.828464,GET,/api/mixed/db/1/,3.92,247,0,
2026-05-16T16:07:49.832745,GET,/api/mixed/db/1/,4.15,247,0,
2026-05-16T16:07:49.835050,GET,/api/mixed/http/,108.06,55353,0,
2026-05-16T16:07:49.836904,GET,/api/mixed/pipeline/1/,2.89,82,0,
2026-05-16T16:07:49.842899,GET,/api/mixed/db/1/,4.73,247,0,
2026-05-16T16:07:49.846027,GET,/api/mixed/pipeline/1/,2.89,82,0,
2026-05-16T16:07:49.872525,GET,/api/mixed/pipeline/1/,3.02,82,0,
2026-05-16T16:07:49.874596,GET,/api/mixed/http/,109.22,55353,0,
2026-05-16T16:07:49.877479,GET,/api/mixed/http/,107.66,55353,0,
2026-05-16T16:07:49.881849,GET,/api/mixed/http/,108.87,55353,0,
2026-05-16T16:07:49.884589,GET,/api/mixed/http/,107.71,55353,0,
2026-05-16T16:07:49.929218,GET,/api/mixed/http/,108.18,55353,0,
2026-05-16T16:07:49.950400,GET,/api/mixed/http/,108.44,55353,0,
2026-05-16T16:07:49.953552,GET,/api/mixed/db/1/,4.58,247,0,
2026-05-16T16:07:49.973926,GET,/api/mixed/pipeline/1/,2.99,82,0,
2026-05-16T16:07:49.988225,GET,/api/mixed/pipeline/1/,2.97,82,0,
2026-05-16T16:07:50.005554,GET,/api/mixed/db/1/,4.06,247,0,
2026-05-16T16:07:50.029077,GET,/api/mixed/http/,108.06,55353,0,
2026-05-16T16:07:50.045267,GET,/api/mixed/pipeline/1/,3.03,82,0,
2026-05-16T16:07:50.051802,GET,/api/mixed/pipeline/1/,3.17,82,0,
2026-05-16T16:07:50.058463,GET,/api/mixed/http/,110.02,55353,0,
2026-05-16T16:07:50.063945,GET,/api/mixed/db/1/,4.35,247,0,
2026-05-16T16:07:50.087279,GET,/api/mixed/pipeline/1/,2.81,82,0,
2026-05-16T16:07:50.099289,GET,/api/mixed/db/1/,3.8,247,0,
2026-05-16T16:07:50.125116,GET,/api/mixed/db/1/,3.92,247,0,
2026-05-16T16:07:50.129337,GET,/api/mixed/pipeline/1/,2.83,82,0,
2026-05-16T16:07:50.135367,GET,/api/mixed/db/1/,3.64,247,0,
2026-05-16T16:07:50.140847,GET,/api/mixed/http/,108.31,55353,0,
2026-05-16T16:07:50.151897,GET,/api/mixed/pipeline/1/,2.84,82,0,
2026-05-16T16:07:50.160125,GET,/api/mixed/db/1/,3.85,247,0,
2026-05-16T16:07:50.166816,GET,/api/mixed/http/,108.23,55353,0,
2026-05-16T16:07:50.183036,GET,/api/mixed/pipeline/1/,2.88,82,0,
2026-05-16T16:07:50.191969,GET,/api/mixed/http/,108.6,55353,0,
2026-05-16T16:07:50.205076,GET,/api/mixed/db/1/,4.51,247,0,
2026-05-16T16:07:50.206115,GET,/api/mixed/pipeline/1/,3.04,82,0,
2026-05-16T16:07:50.216106,GET,/api/mixed/http/,107.5,55353,0,
2026-05-16T16:07:50.221261,GET,/api/mixed/db/1/,3.89,247,0,
2026-05-16T16:07:50.236421,GET,/api/mixed/db/1/,3.83,247,0,
2026-05-16T16:07:50.256558,GET,/api/mixed/pipeline/1/,4.44,82,0,
2026-05-16T16:07:50.291784,GET,/api/mixed/http/,107.39,55353,0,
2026-05-16T16:07:50.299460,GET,/api/mixed/http/,107.37,55353,0,
2026-05-16T16:07:50.321108,GET,/api/mixed/http/,107.8,55353,0,
2026-05-16T16:07:50.326151,GET,/api/mixed/pipeline/1/,2.8,82,0,
2026-05-16T16:07:50.339218,GET,/api/mixed/pipeline/1/,2.71,82,0,
2026-05-16T16:07:50.343015,GET,/api/mixed/http/,107.97,55353,0,
2026-05-16T16:07:50.358233,GET,/api/mixed/pipeline/1/,2.84,82,0,
2026-05-16T16:07:50.358694,GET,/api/mixed/db/1/,4.4,247,0,
2026-05-16T16:07:50.361357,GET,/api/mixed/http/,107.82,55353,0,
2026-05-16T16:07:50.377544,GET,/api/mixed/pipeline/1/,2.75,82,0,
2026-05-16T16:07:50.378794,GET,/api/mixed/db/1/,4.49,247,0,
2026-05-16T16:07:50.389073,GET,/api/mixed/pipeline/1/,3.02,82,0,
2026-05-16T16:07:50.397236,GET,/api/mixed/pipeline/1/,2.82,82,0,
2026-05-16T16:07:50.410845,GET,/api/mixed/pipeline/1/,2.8,82,0,
2026-05-16T16:07:50.417858,GET,/api/mixed/pipeline/1/,2.61,82,0,
2026-05-16T16:07:50.424580,GET,/api/mixed/http/,107.91,55353,0,
2026-05-16T16:07:50.443694,GET,/api/mixed/pipeline/1/,4.41,82,0,
2026-05-16T16:07:50.444171,GET,/api/mixed/db/1/,5.38,247,0,
2026-05-16T16:07:50.444559,GET,/api/mixed/pipeline/1/,3.29,82,0,
2026-05-16T16:07:50.444948,GET,/api/mixed/db/1/,4.41,247,0,
2026-05-16T16:07:50.477455,GET,/api/mixed/http/,107.77,55353,0,
2026-05-16T16:07:50.483233,GET,/api/mixed/pipeline/1/,3.53,82,0,
2026-05-16T16:07:50.512239,GET,/api/mixed/pipeline/1/,4.3,82,0,
2026-05-16T16:07:50.516420,GET,/api/mixed/http/,108.83,55353,0,
2026-05-16T16:07:50.523906,GET,/api/mixed/pipeline/1/,3.1,82,0,
2026-05-16T16:07:50.536241,GET,/api/mixed/pipeline/1/,2.66,82,0,
2026-05-16T16:07:50.538913,GET,/api/mixed/pipeline/1/,2.55,82,0,
2026-05-16T16:07:50.567748,GET,/api/mixed/http/,108.63,55353,0,
2026-05-16T16:07:50.573535,GET,/api/mixed/db/1/,4.4,247,0,
2026-05-16T16:07:50.577830,GET,/api/mixed/pipeline/1/,3.1,82,0,
2026-05-16T16:07:50.580415,GET,/api/mixed/pipeline/1/,3.36,82,0,
2026-05-16T16:07:50.587844,GET,/api/mixed/http/,107.69,55353,0,
2026-05-16T16:07:50.601919,GET,/api/mixed/pipeline/1/,2.82,82,0,
2026-05-16T16:07:50.634140,GET,/api/mixed/http/,108.46,55353,0,
2026-05-16T16:07:50.634665,GET,/api/mixed/http/,109.41,55353,0,
2026-05-16T16:07:50.638496,GET,/api/mixed/db/1/,3.73,247,0,
2026-05-16T16:07:50.664303,GET,/api/mixed/db/1/,4.46,247,0,
2026-05-16T16:07:50.677734,GET,/api/mixed/http/,107.55,55353,0,
2026-05-16T16:07:50.687411,GET,/api/mixed/http/,109.36,55353,0,
2026-05-16T16:07:50.690683,GET,/api/mixed/db/1/,6.58,247,0,
2026-05-16T16:07:50.691090,GET,/api/mixed/db/1/,4.89,247,0,
2026-05-16T16:07:50.691450,GET,/api/mixed/db/1/,6.06,247,0,
2026-05-16T16:07:50.692135,GET,/api/mixed/http/,107.45,55353,0,
2026-05-16T16:07:50.699890,GET,/api/mixed/pipeline/1/,3.57,82,0,
2026-05-16T16:07:50.700617,GET,/api/mixed/db/1/,3.87,247,0,
2026-05-16T16:07:50.721025,GET,/api/mixed/db/1/,4.06,247,0,
2026-05-16T16:07:50.741499,GET,/api/mixed/pipeline/1/,3.57,82,0,
2026-05-16T16:07:50.741944,GET,/api/mixed/db/1/,5.21,247,0,
2026-05-16T16:07:50.744054,GET,/api/mixed/pipeline/1/,3.61,82,0,
2026-05-16T16:07:50.749311,GET,/api/mixed/db/1/,3.91,247,0,
2026-05-16T16:07:50.758890,GET,/api/mixed/http/,109.21,55353,0,
2026-05-16T16:07:50.764820,GET,/api/mixed/http/,107.53,55353,0,
2026-05-16T16:07:50.765881,GET,/api/mixed/db/1/,3.8,247,0,
2026-05-16T16:07:50.767911,GET,/api/mixed/http/,107.61,55353,0,
2026-05-16T16:07:50.795137,GET,/api/mixed/http/,112.14,55353,0,
2026-05-16T16:07:50.801378,GET,/api/mixed/db/1/,3.91,247,0,
2026-05-16T16:07:50.828308,GET,/api/mixed/http/,108.72,55353,0,
2026-05-16T16:07:50.831193,GET,/api/mixed/pipeline/1/,2.76,82,0,
2026-05-16T16:07:50.844075,GET,/api/mixed/pipeline/1/,3.64,82,0,
2026-05-16T16:07:50.844500,GET,/api/mixed/pipeline/1/,3.4,82,0,
2026-05-16T16:07:50.875239,GET,/api/mixed/http/,108.18,55353,0,
2026-05-16T16:07:50.878249,GET,/api/mixed/pipeline/1/,2.87,82,0,
2026-05-16T16:07:50.891022,GET,/api/mixed/pipeline/1/,3.02,82,0,
2026-05-16T16:07:50.893066,GET,/api/mixed/db/1/,3.72,247,0,
2026-05-16T16:07:50.898500,GET,/api/mixed/http/,108.52,55353,0,
2026-05-16T16:07:50.914679,GET,/api/mixed/db/1/,3.92,247,0,
2026-05-16T16:07:50.919761,GET,/api/mixed/db/1/,3.74,247,0,
2026-05-16T16:07:50.935057,GET,/api/mixed/db/1/,3.88,247,0,
2026-05-16T16:07:50.960553,GET,/api/mixed/db/1/,4.14,247,0,
2026-05-16T16:07:50.984719,GET,/api/mixed/db/1/,3.92,247,0,
2026-05-16T16:07:50.985135,GET,/api/mixed/db/1/,5.23,247,0,
2026-05-16T16:07:50.993628,GET,/api/mixed/http/,109.17,55353,0,
2026-05-16T16:07:50.998848,GET,/api/mixed/db/1/,3.77,247,0,
2026-05-16T16:07:51.000582,GET,/api/mixed/pipeline/1/,3.06,82,0,
2026-05-16T16:07:51.008361,GET,/api/mixed/db/1/,7.65,247,0,
2026-05-16T16:07:51.011173,GET,/api/mixed/db/1/,6.89,247,0,
2026-05-16T16:07:51.022300,GET,/api/mixed/pipeline/1/,2.76,82,0,
2026-05-16T16:07:51.051386,GET,/api/mixed/pipeline/1/,3.25,82,0,
2026-05-16T16:07:51.054776,GET,/api/mixed/db/1/,4.21,247,0,
2026-05-16T16:07:51.059577,GET,/api/mixed/db/1/,3.49,247,0,
2026-05-16T16:07:51.062364,GET,/api/mixed/pipeline/1/,2.64,82,0,
2026-05-16T16:07:51.080680,GET,/api/mixed/pipeline/1/,3.03,82,0,
2026-05-16T16:07:51.085077,GET,/api/mixed/db/1/,4.26,247,0,
2026-05-16T16:07:51.088872,GET,/api/mixed/http/,108.46,55353,0,
2026-05-16T16:07:51.099093,GET,/api/mixed/db/1/,3.85,247,0,
2026-05-16T16:07:51.103364,GET,/api/mixed/pipeline/1/,2.91,82,0,
2026-05-16T16:07:51.120747,GET,/api/mixed/db/1/,4.16,247,0,
2026-05-16T16:07:51.146408,GET,/api/mixed/http/,107.84,55353,0,
2026-05-16T16:07:51.154904,GET,/api/mixed/db/1/,4.27,247,0,
2026-05-16T16:07:51.157834,GET,/api/mixed/pipeline/1/,3.83,82,0,
2026-05-16T16:07:51.178118,GET,/api/mixed/db/1/,3.98,247,0,
2026-05-16T16:07:51.178596,GET,/api/mixed/pipeline/1/,3.0,82,0,
2026-05-16T16:07:51.194145,GET,/api/mixed/http/,107.8,55353,0,
2026-05-16T16:07:51.196082,GET,/api/mixed/db/1/,4.29,247,0,
2026-05-16T16:07:51.196484,GET,/api/mixed/pipeline/1/,3.61,82,0,
2026-05-16T16:07:51.213940,GET,/api/mixed/db/1/,3.8,247,0,
2026-05-16T16:07:51.215213,GET,/api/mixed/http/,108.68,55353,0,
2026-05-16T16:07:51.217984,GET,/api/mixed/db/1/,3.93,247,0,
2026-05-16T16:07:51.221581,GET,/api/mixed/http/,107.58,55353,0,
2026-05-16T16:07:51.228710,GET,/api/mixed/http/,108.86,55353,0,
2026-05-16T16:07:51.230807,GET,/api/mixed/db/1/,3.99,247,0,
2026-05-16T16:07:51.231260,GET,/api/mixed/http/,107.81,55353,0,
2026-05-16T16:07:51.243553,GET,/api/mixed/http/,107.49,55353,0,
2026-05-16T16:07:51.265308,GET,/api/mixed/http/,109.77,55353,0,
2026-05-16T16:07:51.292162,GET,/api/mixed/pipeline/1/,3.37,82,0,
2026-05-16T16:07:51.293797,GET,/api/mixed/db/1/,3.74,247,0,
2026-05-16T16:07:51.306330,GET,/api/mixed/http/,107.63,55353,0,
2026-05-16T16:07:51.312405,GET,/api/mixed/pipeline/1/,2.75,82,0,
2026-05-16T16:07:51.328462,GET,/api/mixed/pipeline/1/,2.84,82,0,
2026-05-16T16:07:51.345473,GET,/api/mixed/db/1/,3.75,247,0,
2026-05-16T16:07:51.355497,GET,/api/mixed/http/,107.69,55353,0,
2026-05-16T16:07:51.359973,GET,/api/mixed/http/,107.5,55353,0,
2026-05-16T16:07:51.361880,GET,/api/mixed/db/1/,3.7,247,0,
2026-05-16T16:07:51.372436,GET,/api/mixed/db/1/,4.25,247,0,
2026-05-16T16:07:51.376527,GET,/api/mixed/db/1/,4.95,247,0,
2026-05-16T16:07:51.377034,GET,/api/mixed/http/,109.3,55353,0,
2026-05-16T16:07:51.379140,GET,/api/mixed/pipeline/1/,3.66,82,0,
2026-05-16T16:07:51.382424,GET,/api/mixed/http/,108.29,55353,0,
2026-05-16T16:07:51.387582,GET,/api/mixed/db/1/,3.81,247,0,
2026-05-16T16:07:51.415843,GET,/api/mixed/pipeline/1/,2.9,82,0,
2026-05-16T16:07:51.418452,GET,/api/mixed/pipeline/1/,2.5,82,0,
2026-05-16T16:07:51.423189,GET,/api/mixed/pipeline/1/,2.55,82,0,
2026-05-16T16:07:51.448270,GET,/api/mixed/pipeline/1/,2.9,82,0,
2026-05-16T16:07:51.466480,GET,/api/mixed/http/,108.75,55353,0,
2026-05-16T16:07:51.484833,GET,/api/mixed/pipeline/1/,4.63,82,0,
2026-05-16T16:07:51.485271,GET,/api/mixed/db/1/,4.6,247,0,
2026-05-16T16:07:51.508369,GET,/api/mixed/http/,111.6,55353,0,
2026-05-16T16:07:51.509939,GET,/api/mixed/http/,113.56,55353,0,
2026-05-16T16:07:51.510799,GET,/api/mixed/http/,114.89,55353,0,
2026-05-16T16:07:51.520408,GET,/api/mixed/pipeline/1/,3.34,82,0,
2026-05-16T16:07:51.546596,GET,/api/mixed/db/1/,3.97,247,0,
2026-05-16T16:07:51.563270,GET,/api/mixed/db/1/,3.9,247,0,
2026-05-16T16:07:51.576571,GET,/api/mixed/http/,107.75,55353,0,
2026-05-16T16:07:51.625704,GET,/api/mixed/http/,107.66,55353,0,
2026-05-16T16:07:51.629877,GET,/api/mixed/pipeline/1/,2.77,82,0,
2026-05-16T16:07:51.649371,GET,/api/mixed/pipeline/1/,2.82,82,0,
2026-05-16T16:07:51.655127,GET,/api/mixed/http/,107.23,55353,0,
2026-05-16T16:07:51.660315,GET,/api/mixed/pipeline/1/,2.85,82,0,
2026-05-16T16:07:51.666497,GET,/api/mixed/pipeline/1/,2.85,82,0,
2026-05-16T16:07:51.700595,GET,/api/mixed/http/,107.82,55353,0,
2026-05-16T16:07:51.702889,GET,/api/mixed/http/,107.52,55353,0,
2026-05-16T16:07:51.731261,GET,/api/mixed/pipeline/1/,3.02,82,0,
2026-05-16T16:07:51.732670,GET,/api/mixed/db/1/,4.81,247,0,
2026-05-16T16:07:51.733098,GET,/api/mixed/db/1/,5.79,247,0,
2026-05-16T16:07:51.744563,GET,/api/mixed/db/1/,4.08,247,0,
2026-05-16T16:07:51.752728,GET,/api/mixed/http/,113.46,55353,0,
2026-05-16T16:07:51.753385,GET,/api/mixed/http/,113.67,55353,0,
2026-05-16T16:07:51.782905,GET,/api/mixed/http/,107.92,55353,0,
2026-05-16T16:07:51.788640,GET,/api/mixed/db/1/,5.59,247,0,
2026-05-16T16:07:51.797372,GET,/api/mixed/pipeline/1/,4.07,82,0,
2026-05-16T16:07:51.797794,GET,/api/mixed/pipeline/1/,3.1,82,0,
2026-05-16T16:07:51.839818,GET,/api/mixed/db/1/,4.6,247,0,
2026-05-16T16:07:51.846252,GET,/api/mixed/pipeline/1/,3.18,82,0,
2026-05-16T16:07:51.853825,GET,/api/mixed/pipeline/1/,4.35,82,0,
2026-05-16T16:07:51.862193,GET,/api/mixed/http/,107.66,55353,0,
2026-05-16T16:07:51.864826,GET,/api/mixed/pipeline/1/,3.73,82,0,
2026-05-16T16:07:51.868434,GET,/api/mixed/pipeline/1/,4.58,82,0,
2026-05-16T16:07:51.873828,GET,/api/mixed/pipeline/1/,2.87,82,0,
2026-05-16T16:07:51.896257,GET,/api/mixed/http/,107.48,55353,0,
2026-05-16T16:07:51.903057,GET,/api/mixed/http/,109.3,55353,0,
2026-05-16T16:07:51.905608,GET,/api/mixed/pipeline/1/,4.07,82,0,
2026-05-16T16:07:51.908599,GET,/api/mixed/http/,108.63,55353,0,
2026-05-16T16:07:51.909649,GET,/api/mixed/db/1/,4.93,247,0,
2026-05-16T16:07:51.912076,GET,/api/mixed/pipeline/1/,4.59,82,0,
2026-05-16T16:07:51.912796,GET,/api/mixed/db/1/,4.07,247,0,
2026-05-16T16:07:51.915683,GET,/api/mixed/http/,107.77,55353,0,
2026-05-16T16:07:51.917050,GET,/api/mixed/db/1/,4.16,247,0,
2026-05-16T16:07:51.921227,GET,/api/mixed/http/,107.62,55353,0,
2026-05-16T16:07:51.931262,GET,/api/mixed/db/1/,3.81,247,0,
2026-05-16T16:07:51.938191,GET,/api/mixed/db/1/,3.74,247,0,
2026-05-16T16:07:51.954508,GET,/api/mixed/db/1/,3.87,247,0,
2026-05-16T16:07:51.960212,GET,/api/mixed/db/1/,4.53,247,0,
2026-05-16T16:07:51.998493,GET,/api/mixed/http/,109.49,55353,0,
2026-05-16T16:07:52.003566,GET,/api/mixed/pipeline/1/,2.75,82,0,
2026-05-16T16:07:52.006160,GET,/api/mixed/pipeline/1/,2.47,82,0,
2026-05-16T16:07:52.011740,GET,/api/mixed/pipeline/1/,3.27,82,0,
2026-05-16T16:07:52.013364,GET,/api/mixed/db/1/,3.71,247,0,
2026-05-16T16:07:52.025236,GET,/api/mixed/db/1/,3.68,247,0,
2026-05-16T16:07:52.044366,GET,/api/mixed/pipeline/1/,3.41,82,0,
2026-05-16T16:07:52.045229,GET,/api/mixed/pipeline/1/,2.91,82,0,
2026-05-16T16:07:52.046565,GET,/api/mixed/http/,108.25,55353,0,
2026-05-16T16:07:52.070093,GET,/api/mixed/http/,107.65,55353,0,
2026-05-16T16:07:52.077486,GET,/api/mixed/http/,107.51,55353,0,
2026-05-16T16:07:52.077938,GET,/api/mixed/pipeline/1/,3.64,82,0,
2026-05-16T16:07:52.094587,GET,/api/mixed/db/1/,3.86,247,0,
2026-05-16T16:07:52.095442,GET,/api/mixed/http/,107.84,55353,0,
2026-05-16T16:07:52.109516,GET,/api/mixed/db/1/,3.75,247,0,
2026-05-16T16:07:52.129782,GET,/api/mixed/pipeline/1/,2.87,82,0,
2026-05-16T16:07:52.136663,GET,/api/mixed/db/1/,3.7,247,0,
2026-05-16T16:07:52.146204,GET,/api/mixed/http/,107.72,55353,0,
2026-05-16T16:07:52.152231,GET,/api/mixed/http/,107.74,55353,0,
2026-05-16T16:07:52.167452,GET,/api/mixed/http/,107.61,55353,0,
2026-05-16T16:07:52.169640,GET,/api/mixed/pipeline/1/,3.21,82,0,
2026-05-16T16:07:52.172979,GET,/api/mixed/pipeline/1/,3.23,82,0,
2026-05-16T16:07:52.182632,GET,/api/mixed/http/,107.83,55353,0,
2026-05-16T16:07:52.185776,GET,/api/mixed/db/1/,4.22,247,0,
2026-05-16T16:07:52.189302,GET,/api/mixed/http/,108.04,55353,0,
2026-05-16T16:07:52.194319,GET,/api/mixed/db/1/,3.77,247,0,
2026-05-16T16:07:52.205009,GET,/api/mixed/pipeline/1/,3.45,82,0,
2026-05-16T16:07:52.206750,GET,/api/mixed/pipeline/1/,2.72,82,0,
2026-05-16T16:07:52.250171,GET,/api/mixed/db/1/,4.18,247,0,
2026-05-16T16:07:52.254936,GET,/api/mixed/http/,107.47,55353,0,
2026-05-16T16:07:52.278714,GET,/api/mixed/pipeline/1/,2.86,82,0,
2026-05-16T16:07:52.279139,GET,/api/mixed/db/1/,4.79,247,0,
2026-05-16T16:07:52.279571,GET,/api/mixed/http/,107.51,55353,0,
2026-05-16T16:07:52.284858,GET,/api/mixed/db/1/,3.92,247,0,
2026-05-16T16:07:52.297852,GET,/api/mixed/db/1/,4.75,247,0,
2026-05-16T16:07:52.303185,GET,/api/mixed/pipeline/1/,3.07,82,0,
2026-05-16T16:07:52.306077,GET,/api/mixed/pipeline/1/,2.77,82,0,
2026-05-16T16:07:52.321887,GET,/api/mixed/pipeline/1/,3.02,82,0,
2026-05-16T16:07:52.340934,GET,/api/mixed/pipeline/1/,4.79,82,0,
2026-05-16T16:07:52.343694,GET,/api/mixed/pipeline/1/,4.85,82,0,
2026-05-16T16:07:52.344128,GET,/api/mixed/pipeline/1/,3.95,82,0,
2026-05-16T16:07:52.369292,GET,/api/mixed/pipeline/1/,2.87,82,0,
2026-05-16T16:07:52.387547,GET,/api/mixed/pipeline/1/,2.91,82,0,
2026-05-16T16:07:52.396635,GET,/api/mixed/db/1/,3.78,247,0,
2026-05-16T16:07:52.401221,GET,/api/mixed/http/,107.58,55353,0,
2026-05-16T16:07:52.401653,GET,/api/mixed/pipeline/1/,2.75,82,0,
2026-05-16T16:07:52.417176,GET,/api/mixed/http/,107.91,55353,0,
2026-05-16T16:07:52.422310,GET,/api/mixed/pipeline/1/,2.78,82,0,
2026-05-16T16:07:52.424880,GET,/api/mixed/pipeline/1/,2.42,82,0,
2026-05-16T16:07:52.436038,GET,/api/mixed/pipeline/1/,2.79,82,0,
2026-05-16T16:07:52.436729,GET,/api/mixed/db/1/,4.47,247,0,
2026-05-16T16:07:52.441700,GET,/api/mixed/db/1/,3.64,247,0,
2026-05-16T16:07:52.492589,GET,/api/mixed/pipeline/1/,3.74,82,0,
2026-05-16T16:07:52.495398,GET,/api/mixed/pipeline/1/,3.92,82,0,
2026-05-16T16:07:52.495805,GET,/api/mixed/pipeline/1/,3.05,82,0,
2026-05-16T16:07:52.505751,GET,/api/mixed/pipeline/1/,2.6,82,0,
2026-05-16T16:07:52.520793,GET,/api/mixed/pipeline/1/,2.77,82,0,
2026-05-16T16:07:52.544863,GET,/api/mixed/db/1/,4.33,247,0,
2026-05-16T16:07:52.548529,GET,/api/mixed/db/1/,4.52,247,0,
2026-05-16T16:07:52.560030,GET,/api/mixed/db/1/,3.69,247,0,
2026-05-16T16:07:52.573560,GET,/api/mixed/http/,107.68,55353,0,
2026-05-16T16:07:52.576682,GET,/api/mixed/http/,107.3,55353,0,
2026-05-16T16:07:52.594048,GET,/api/mixed/pipeline/1/,2.99,82,0,
2026-05-16T16:07:52.599992,GET,/api/mixed/pipeline/1/,2.74,82,0,
2026-05-16T16:07:52.606911,GET,/api/mixed/pipeline/1/,2.59,82,0,
2026-05-16T16:07:52.611110,GET,/api/mixed/db/1/,4.09,247,0,
2026-05-16T16:07:52.622004,GET,/api/mixed/pipeline/1/,2.67,82,0,
2026-05-16T16:07:52.633996,GET,/api/mixed/pipeline/1/,2.77,82,0,
2026-05-16T16:07:52.636173,GET,/api/mixed/http/,108.01,55353,0,
2026-05-16T16:07:52.654721,GET,/api/mixed/http/,109.0,55353,0,
2026-05-16T16:07:52.661043,GET,/api/mixed/http/,108.26,55353,0,
2026-05-16T16:07:52.668942,GET,/api/mixed/http/,107.68,55353,0,
2026-05-16T16:07:52.701304,GET,/api/mixed/db/1/,3.87,247,0,
2026-05-16T16:07:52.709240,GET,/api/mixed/db/1/,3.69,247,0,
2026-05-16T16:07:52.715051,GET,/api/mixed/db/1/,3.55,247,0,
2026-05-16T16:07:52.718385,GET,/api/mixed/db/1/,4.54,247,0,
2026-05-16T16:07:52.718857,GET,/api/mixed/http/,108.64,55353,0,
2026-05-16T16:07:52.726404,GET,/api/mixed/http/,108.28,55353,0,
2026-05-16T16:07:52.731476,GET,/api/mixed/db/1/,3.72,247,0,
2026-05-16T16:07:52.748567,GET,/api/mixed/http/,108.08,55353,0,
2026-05-16T16:07:52.749052,GET,/api/mixed/http/,107.35,55353,0,
2026-05-16T16:07:52.759430,GET,/api/mixed/db/1/,3.97,247,0,
2026-05-16T16:07:52.771917,GET,/api/mixed/http/,107.67,55353,0,
2026-05-16T16:07:52.780502,GET,/api/mixed/db/1/,4.21,247,0,
2026-05-16T16:07:52.782731,GET,/api/mixed/pipeline/1/,3.16,82,0,
2026-05-16T16:07:52.814494,GET,/api/mixed/db/1/,3.87,247,0,
2026-05-16T16:07:52.830944,GET,/api/mixed/http/,107.87,55353,0,
2026-05-16T16:07:52.831831,GET,/api/mixed/db/1/,4.1,247,0,
2026-05-16T16:07:52.848146,GET,/api/mixed/http/,111.0,55353,0,
2026-05-16T16:07:52.875931,GET,/api/mixed/http/,108.29,55353,0,
2026-05-16T16:07:52.884729,GET,/api/mixed/http/,107.46,55353,0,
2026-05-16T16:07:52.886665,GET,/api/mixed/pipeline/1/,3.49,82,0,
2026-05-16T16:07:52.907780,GET,/api/mixed/pipeline/1/,3.75,82,0,
2026-05-16T16:07:52.910070,GET,/api/mixed/pipeline/1/,3.05,82,0,
2026-05-16T16:07:52.910881,GET,/api/mixed/http/,107.44,55353,0,
2026-05-16T16:07:52.911874,GET,/api/mixed/http/,108.93,55353,0,
2026-05-16T16:07:52.918606,GET,/api/mixed/http/,108.56,55353,0,
2026-05-16T16:07:52.923623,GET,/api/mixed/db/1/,3.68,247,0,
2026-05-16T16:07:52.942750,GET,/api/mixed/db/1/,3.92,247,0,
2026-05-16T16:07:52.956762,GET,/api/mixed/db/1/,3.7,247,0,
2026-05-16T16:07:52.959393,GET,/api/mixed/db/1/,3.86,247,0,
2026-05-16T16:07:52.972190,GET,/api/mixed/http/,107.7,55353,0,
2026-05-16T16:07:52.988806,GET,/api/mixed/db/1/,9.23,247,0,
2026-05-16T16:07:52.989269,GET,/api/mixed/db/1/,4.22,247,0,
2026-05-16T16:07:52.991233,GET,/api/mixed/pipeline/1/,3.48,82,0,
2026-05-16T16:07:53.010517,GET,/api/mixed/db/1/,3.99,247,0,
2026-05-16T16:07:53.012280,GET,/api/mixed/pipeline/1/,3.2,82,0,
2026-05-16T16:07:53.015032,GET,/api/mixed/http/,108.49,55353,0,
2026-05-16T16:07:53.024443,GET,/api/mixed/db/1/,3.85,247,0,
2026-05-16T16:07:53.036772,GET,/api/mixed/db/1/,4.01,247,0,
2026-05-16T16:07:53.041810,GET,/api/mixed/db/1/,3.69,247,0,
2026-05-16T16:07:53.067816,GET,/api/mixed/db/1/,3.79,247,0,
2026-05-16T16:07:53.074797,GET,/api/mixed/db/1/,3.59,247,0,
2026-05-16T16:07:53.092734,GET,/api/mixed/http/,109.98,55353,0,
2026-05-16T16:07:53.096680,GET,/api/mixed/pipeline/1/,3.17,82,0,
2026-05-16T16:07:53.097091,GET,/api/mixed/db/1/,5.32,247,0,
2026-05-16T16:07:53.127525,GET,/api/mixed/http/,108.13,55353,0,
2026-05-16T16:07:53.175227,GET,/api/mixed/db/1/,4.23,247,0,
2026-05-16T16:07:53.201221,GET,/api/mixed/http/,108.24,55353,0,
2026-05-16T16:07:53.220498,GET,/api/mixed/http/,108.09,55353,0,
2026-05-16T16:07:53.240962,GET,/api/mixed/db/1/,4.05,247,0,
2026-05-16T16:07:53.263701,GET,/api/mixed/pipeline/1/,6.4,82,0,
2026-05-16T16:07:53.267582,GET,/api/mixed/http/,112.67,55353,0,
2026-05-16T16:07:53.272511,GET,/api/mixed/pipeline/1/,2.79,82,0,
2026-05-16T16:07:53.279111,GET,/api/mixed/http/,108.6,55353,0,
2026-05-16T16:07:53.281930,GET,/api/mixed/pipeline/1/,2.69,82,0,
2026-05-16T16:07:53.287880,GET,/api/mixed/pipeline/1/,2.61,82,0,
2026-05-16T16:07:53.296143,GET,/api/mixed/http/,107.6,55353,0,
2026-05-16T16:07:53.305508,GET,/api/mixed/http/,107.48,55353,0,
2026-05-16T16:07:53.325646,GET,/api/mixed/pipeline/1/,2.93,82,0,
2026-05-16T16:07:53.361098,GET,/api/mixed/db/1/,4.66,247,0,
2026-05-16T16:07:53.387158,GET,/api/mixed/http/,109.44,55353,0,
2026-05-16T16:07:53.397506,GET,/api/mixed/http/,107.31,55353,0,
2026-05-16T16:07:53.409017,GET,/api/mixed/db/1/,3.74,247,0,
2026-05-16T16:07:53.428162,GET,/api/mixed/pipeline/1/,2.97,82,0,
2026-05-16T16:07:53.437356,GET,/api/mixed/http/,107.54,55353,0,
2026-05-16T16:07:53.446384,GET,/api/mixed/db/1/,3.81,247,0,
2026-05-16T16:07:53.459503,GET,/api/mixed/db/1/,3.77,247,0,
2026-05-16T16:07:53.465405,GET,/api/mixed/pipeline/1/,3.59,82,0,
2026-05-16T16:07:53.479121,GET,/api/mixed/db/1/,4.14,247,0,
2026-05-16T16:07:53.508944,GET,/api/mixed/http/,108.15,55353,0,
2026-05-16T16:07:53.516787,GET,/api/mixed/pipeline/1/,3.65,82,0,
2026-05-16T16:07:53.521639,GET,/api/mixed/pipeline/1/,2.5,82,0,
2026-05-16T16:07:53.529682,GET,/api/mixed/pipeline/1/,2.69,82,0,
2026-05-16T16:07:53.537595,GET,/api/mixed/pipeline/1/,3.26,82,0,
2026-05-16T16:07:53.539185,GET,/api/mixed/db/1/,3.91,247,0,
2026-05-16T16:07:53.543505,GET,/api/mixed/pipeline/1/,2.88,82,0,
2026-05-16T16:07:53.593683,GET,/api/mixed/pipeline/1/,2.9,82,0,
2026-05-16T16:07:53.615501,GET,/api/mixed/pipeline/1/,2.86,82,0,
2026-05-16T16:07:53.621255,GET,/api/mixed/http/,107.66,55353,0,
2026-05-16T16:07:53.642726,GET,/api/mixed/http/,108.84,55353,0,
2026-05-16T16:07:53.644293,GET,/api/mixed/db/1/,3.86,247,0,
2026-05-16T16:07:53.649347,GET,/api/mixed/db/1/,3.67,247,0,
2026-05-16T16:07:53.691224,GET,/api/mixed/db/1/,4.03,247,0,
2026-05-16T16:07:53.696187,GET,/api/mixed/db/1/,3.62,247,0,
2026-05-16T16:07:53.698094,GET,/api/mixed/pipeline/1/,3.13,82,0,
2026-05-16T16:07:53.707346,GET,/api/mixed/db/1/,4.05,247,0,
2026-05-16T16:07:53.710651,GET,/api/mixed/http/,107.56,55353,0,
2026-05-16T16:07:53.758188,GET,/api/mixed/http/,107.66,55353,0,
2026-05-16T16:07:53.774486,GET,/api/mixed/pipeline/1/,4.1,82,0,
2026-05-16T16:07:53.775806,GET,/api/mixed/http/,107.87,55353,0,
2026-05-16T16:07:53.776744,GET,/api/mixed/db/1/,5.12,247,0,
2026-05-16T16:07:53.777309,GET,/api/mixed/db/1/,4.62,247,0,
2026-05-16T16:07:53.782457,GET,/api/mixed/http/,107.95,55353,0,
2026-05-16T16:07:53.808759,GET,/api/mixed/db/1/,3.97,247,0,
2026-05-16T16:07:53.830541,GET,/api/mixed/db/1/,4.98,247,0,
2026-05-16T16:07:53.830984,GET,/api/mixed/db/1/,4.96,247,0,
2026-05-16T16:07:53.837771,GET,/api/mixed/pipeline/1/,3.71,82,0,
2026-05-16T16:07:53.839067,GET,/api/mixed/db/1/,5.46,247,0,
2026-05-16T16:07:53.849833,GET,/api/mixed/db/1/,3.98,247,0,
2026-05-16T16:07:53.857420,GET,/api/mixed/http/,108.34,55353,0,
2026-05-16T16:07:53.866804,GET,/api/mixed/db/1/,4.14,247,0,
2026-05-16T16:07:53.869014,GET,/api/mixed/http/,107.49,55353,0,
2026-05-16T16:07:53.875385,GET,/api/mixed/http/,109.36,55353,0,
2026-05-16T16:07:53.923999,GET,/api/mixed/pipeline/1/,2.8,82,0,
2026-05-16T16:07:53.927942,GET,/api/mixed/http/,107.97,55353,0,
2026-05-16T16:07:53.930204,GET,/api/mixed/pipeline/1/,3.14,82,0,
2026-05-16T16:07:53.937817,GET,/api/mixed/http/,108.27,55353,0,
2026-05-16T16:07:53.946318,GET,/api/mixed/http/,108.4,55353,0,
2026-05-16T16:07:53.968479,GET,/api/mixed/db/1/,3.98,247,0,
2026-05-16T16:07:53.976450,GET,/api/mixed/pipeline/1/,2.77,82,0,
2026-05-16T16:07:53.979678,GET,/api/mixed/http/,108.41,55353,0,
2026-05-16T16:07:53.988176,GET,/api/mixed/http/,107.45,55353,0,
2026-05-16T16:07:53.992694,GET,/api/mixed/http/,107.54,55353,0,
2026-05-16T16:07:53.993117,GET,/api/mixed/db/1/,3.77,247,0,
2026-05-16T16:07:54.006906,GET,/api/mixed/pipeline/1/,3.43,82,0,
2026-05-16T16:07:54.009119,GET,/api/mixed/pipeline/1/,3.08,82,0,
2026-05-16T16:07:54.009583,GET,/api/mixed/http/,107.94,55353,0,
2026-05-16T16:07:54.018495,GET,/api/mixed/db/1/,4.28,247,0,
2026-05-16T16:07:54.052742,GET,/api/mixed/db/1/,4.02,247,0,
2026-05-16T16:07:54.063666,GET,/api/mixed/db/1/,4.52,247,0,
2026-05-16T16:07:54.066280,GET,/api/mixed/http/,109.45,55353,0,
2026-05-16T16:07:54.066839,GET,/api/mixed/http/,112.03,55353,0,
2026-05-16T16:07:54.067230,GET,/api/mixed/db/1/,4.95,247,0,
2026-05-16T16:07:54.099915,GET,/api/mixed/pipeline/1/,2.81,82,0,
2026-05-16T16:07:54.113010,GET,/api/mixed/pipeline/1/,3.12,82,0,
2026-05-16T16:07:54.116396,GET,/api/mixed/db/1/,4.21,247,0,
2026-05-16T16:07:54.122003,GET,/api/mixed/http/,108.27,55353,0,
2026-05-16T16:07:54.122481,GET,/api/mixed/pipeline/1/,2.87,82,0,
2026-05-16T16:07:54.167053,GET,/api/mixed/http/,107.44,55353,0,
2026-05-16T16:07:54.182152,GET,/api/mixed/http/,107.79,55353,0,
2026-05-16T16:07:54.182752,GET,/api/mixed/db/1/,4.55,247,0,
2026-05-16T16:07:54.192472,GET,/api/mixed/http/,107.5,55353,0,
2026-05-16T16:07:54.204452,GET,/api/mixed/http/,109.94,55353,0,
2026-05-16T16:07:54.207530,GET,/api/mixed/pipeline/1/,2.95,82,0,
2026-05-16T16:07:54.215026,GET,/api/mixed/http/,107.87,55353,0,
2026-05-16T16:07:54.235303,GET,/api/mixed/db/1/,4.23,247,0,
2026-05-16T16:07:54.244813,GET,/api/mixed/pipeline/1/,3.27,82,0,
2026-05-16T16:07:54.253804,GET,/api/mixed/pipeline/1/,3.75,82,0,
2026-05-16T16:07:54.257335,GET,/api/mixed/db/1/,4.54,247,0,
2026-05-16T16:07:54.260423,GET,/api/mixed/db/1/,4.72,247,0,
2026-05-16T16:07:54.267583,GET,/api/mixed/http/,107.7,55353,0,
2026-05-16T16:07:54.287025,GET,/api/mixed/http/,109.78,55353,0,
2026-05-16T16:07:54.295428,GET,/api/mixed/db/1/,4.14,247,0,
2026-05-16T16:07:54.301538,GET,/api/mixed/db/1/,4.88,247,0,
2026-05-16T16:07:54.316910,GET,/api/mixed/db/1/,4.14,247,0,
2026-05-16T16:07:54.322782,GET,/api/mixed/http/,107.63,55353,0,
2026-05-16T16:07:54.334920,GET,/api/mixed/http/,108.36,55353,0,
2026-05-16T16:07:54.338701,GET,/api/mixed/db/1/,4.96,247,0,
2026-05-16T16:07:54.339133,GET,/api/mixed/db/1/,4.08,247,0,
2026-05-16T16:07:54.373522,GET,/api/mixed/pipeline/1/,2.94,82,0,
2026-05-16T16:07:54.373947,GET,/api/mixed/db/1/,4.87,247,0,
2026-05-16T16:07:54.389668,GET,/api/mixed/http/,108.75,55353,0,
2026-05-16T16:07:54.404990,GET,/api/mixed/http/,107.87,55353,0,
2026-05-16T16:07:54.450482,GET,/api/mixed/pipeline/1/,6.0,82,0,
2026-05-16T16:07:54.452905,GET,/api/mixed/http/,111.59,55353,0,
2026-05-16T16:07:54.453463,GET,/api/mixed/pipeline/1/,4.3,82,0,
2026-05-16T16:07:54.497491,GET,/api/mixed/http/,109.09,55353,0,
2026-05-16T16:07:54.503452,GET,/api/mixed/http/,108.17,55353,0,
2026-05-16T16:07:54.541996,GET,/api/mixed/http/,108.71,55353,0,
2026-05-16T16:07:54.545965,GET,/api/mixed/db/1/,5.52,247,0,
2026-05-16T16:07:54.547910,GET,/api/mixed/pipeline/1/,3.12,82,0,
2026-05-16T16:07:54.555373,GET,/api/mixed/db/1/,4.73,247,0,
2026-05-16T16:07:54.555817,GET,/api/mixed/db/1/,5.68,247,0,
2026-05-16T16:07:54.556918,GET,/api/mixed/db/1/,4.02,247,0,
2026-05-16T16:07:54.583460,GET,/api/mixed/pipeline/1/,3.31,82,0,
2026-05-16T16:07:54.603932,GET,/api/mixed/http/,109.05,55353,0,
2026-05-16T16:07:54.626921,GET,/api/mixed/pipeline/1/,3.15,82,0,
2026-05-16T16:07:54.629719,GET,/api/mixed/pipeline/1/,2.68,82,0,
2026-05-16T16:07:54.635790,GET,/api/mixed/http/,108.06,55353,0,
2026-05-16T16:07:54.650628,GET,/api/mixed/db/1/,4.17,247,0,
2026-05-16T16:07:54.661100,GET,/api/mixed/http/,109.3,55353,0,
2026-05-16T16:07:54.662866,GET,/api/mixed/pipeline/1/,5.29,82,0,
2026-05-16T16:07:54.663405,GET,/api/mixed/db/1/,7.81,247,0,
2026-05-16T16:07:54.668228,GET,/api/mixed/pipeline/1/,6.67,82,0,
2026-05-16T16:07:54.674408,GET,/api/mixed/db/1/,8.78,247,0,
2026-05-16T16:07:54.675119,GET,/api/mixed/db/1/,10.01,247,0,
2026-05-16T16:07:54.679110,GET,/api/mixed/pipeline/1/,3.83,82,0,
2026-05-16T16:07:54.696547,GET,/api/mixed/http/,108.85,55353,0,
2026-05-16T16:07:54.711116,GET,/api/mixed/http/,108.3,55353,0,
2026-05-16T16:07:54.713864,GET,/api/mixed/pipeline/1/,2.62,82,0,
2026-05-16T16:07:54.724405,GET,/api/mixed/db/1/,4.19,247,0,
2026-05-16T16:07:54.727297,GET,/api/mixed/pipeline/1/,2.65,82,0,
2026-05-16T16:07:54.727700,GET,/api/mixed/db/1/,4.17,247,0,
2026-05-16T16:07:54.738837,GET,/api/mixed/pipeline/1/,2.81,82,0,
2026-05-16T16:07:54.746670,GET,/api/mixed/http/,107.65,55353,0,
2026-05-16T16:07:54.747144,GET,/api/mixed/http/,109.15,55353,0,
2026-05-16T16:07:54.760895,GET,/api/mixed/http/,108.05,55353,0,
2026-05-16T16:07:54.761797,GET,/api/mixed/db/1/,4.5,247,0,
2026-05-16T16:07:54.764921,GET,/api/mixed/pipeline/1/,2.89,82,0,
2026-05-16T16:07:54.765976,GET,/api/mixed/pipeline/1/,2.63,82,0,
2026-05-16T16:07:54.768518,GET,/api/mixed/http/,109.43,55353,0,
2026-05-16T16:07:54.776204,GET,/api/mixed/http/,112.26,55353,0,
2026-05-16T16:07:54.776813,GET,/api/mixed/http/,112.16,55353,0,
2026-05-16T16:07:54.791205,GET,/api/mixed/http/,108.84,55353,0,
2026-05-16T16:07:54.802236,GET,/api/mixed/pipeline/1/,5.54,82,0,
2026-05-16T16:07:54.803755,GET,/api/mixed/db/1/,6.2,247,0,
2026-05-16T16:07:54.807322,GET,/api/mixed/http/,113.31,55353,0,
2026-05-16T16:07:54.812740,GET,/api/mixed/db/1/,7.33,247,0,
2026-05-16T16:07:54.815497,GET,/api/mixed/pipeline/1/,4.96,82,0,
2026-05-16T16:07:54.816475,GET,/api/mixed/http/,110.66,55353,0,
2026-05-16T16:07:54.838270,GET,/api/mixed/pipeline/1/,3.45,82,0,
2026-05-16T16:07:54.863274,GET,/api/mixed/db/1/,5.56,247,0,
2026-05-16T16:07:54.869985,GET,/api/mixed/db/1/,4.46,247,0,
2026-05-16T16:07:54.870785,GET,/api/mixed/http/,109.77,55353,0,
2026-05-16T16:07:54.896040,GET,/api/mixed/pipeline/1/,2.86,82,0,
2026-05-16T16:07:54.905908,GET,/api/mixed/http/,110.42,55353,0,
2026-05-16T16:07:54.906969,GET,/api/mixed/pipeline/1/,3.72,82,0,
2026-05-16T16:07:54.919956,GET,/api/mixed/http/,108.47,55353,0,
2026-05-16T16:07:54.930452,GET,/api/mixed/pipeline/1/,3.08,82,0,
2026-05-16T16:07:54.939867,GET,/api/mixed/db/1/,4.08,247,0,
2026-05-16T16:07:54.940269,GET,/api/mixed/db/1/,5.37,247,0,
2026-05-16T16:07:54.986049,GET,/api/mixed/pipeline/1/,3.04,82,0,
2026-05-16T16:07:54.991415,GET,/api/mixed/http/,108.98,55353,0,
2026-05-16T16:07:54.991873,GET,/api/mixed/http/,108.1,55353,0,
2026-05-16T16:07:55.012186,GET,/api/mixed/http/,108.38,55353,0,
2026-05-16T16:07:55.014092,GET,/api/mixed/db/1/,4.08,247,0,
2026-05-16T16:07:55.022075,GET,/api/mixed/http/,109.74,55353,0,
2026-05-16T16:07:55.025742,GET,/api/mixed/db/1/,6.07,247,0,
2026-05-16T16:07:55.037121,GET,/api/mixed/db/1/,4.0,247,0,
2026-05-16T16:07:55.052035,GET,/api/mixed/http/,107.38,55353,0,
2026-05-16T16:07:55.067212,GET,/api/mixed/db/1/,3.82,247,0,
2026-05-16T16:07:55.075318,GET,/api/mixed/pipeline/1/,2.74,82,0,
2026-05-16T16:07:55.080034,GET,/api/mixed/pipeline/1/,3.52,82,0,
2026-05-16T16:07:55.080491,GET,/api/mixed/pipeline/1/,3.57,82,0,
2026-05-16T16:07:55.086343,GET,/api/mixed/db/1/,3.68,247,0,
2026-05-16T16:07:55.099050,GET,/api/mixed/pipeline/1/,3.5,82,0,
2026-05-16T16:07:55.100476,GET,/api/mixed/db/1/,3.84,247,0,
2026-05-16T16:07:55.123997,GET,/api/mixed/http/,107.71,55353,0,
2026-05-16T16:07:55.132352,GET,/api/mixed/pipeline/1/,3.04,82,0,
2026-05-16T16:07:55.188270,GET,/api/mixed/pipeline/1/,3.31,82,0,
2026-05-16T16:07:55.210538,GET,/api/mixed/http/,107.69,55353,0,
2026-05-16T16:07:55.216217,GET,/api/mixed/http/,108.99,55353,0,
2026-05-16T16:07:55.222288,GET,/api/mixed/db/1/,3.75,247,0,
2026-05-16T16:07:55.226871,GET,/api/mixed/pipeline/1/,3.19,82,0,
2026-05-16T16:07:55.229023,GET,/api/mixed/pipeline/1/,3.03,82,0,
2026-05-16T16:07:55.231591,GET,/api/mixed/pipeline/1/,2.47,82,0,
2026-05-16T16:07:55.243548,GET,/api/mixed/pipeline/1/,2.72,82,0,
2026-05-16T16:07:55.253114,GET,/api/mixed/http/,108.58,55353,0,
2026-05-16T16:07:55.255553,GET,/api/mixed/pipeline/1/,3.76,82,0,
2026-05-16T16:07:55.255972,GET,/api/mixed/db/1/,5.19,247,0,
2026-05-16T16:07:55.256670,GET,/api/mixed/pipeline/1/,3.41,82,0,
2026-05-16T16:07:55.258725,GET,/api/mixed/db/1/,4.18,247,0,
2026-05-16T16:07:55.263378,GET,/api/mixed/http/,108.22,55353,0,
2026-05-16T16:07:55.268166,GET,/api/mixed/http/,108.31,55353,0,
2026-05-16T16:07:55.277948,GET,/api/mixed/http/,109.72,55353,0,
2026-05-16T16:07:55.283651,GET,/api/mixed/db/1/,4.33,247,0,
2026-05-16T16:07:55.285899,GET,/api/mixed/pipeline/1/,3.12,82,0,
2026-05-16T16:07:55.299045,GET,/api/mixed/db/1/,3.82,247,0,
2026-05-16T16:07:55.319882,GET,/api/mixed/pipeline/1/,2.67,82,0,
2026-05-16T16:07:55.320344,GET,/api/mixed/http/,107.57,55353,0,
2026-05-16T16:07:55.331361,GET,/api/mixed/db/1/,3.71,247,0,
2026-05-16T16:07:55.339405,GET,/api/mixed/pipeline/1/,2.75,82,0,
2026-05-16T16:07:55.348475,GET,/api/mixed/db/1/,3.73,247,0,
2026-05-16T16:07:55.355036,GET,/api/mixed/db/1/,4.35,247,0,
2026-05-16T16:07:55.357781,GET,/api/mixed/db/1/,3.82,247,0,
2026-05-16T16:07:55.370337,GET,/api/mixed/db/1/,3.82,247,0,
2026-05-16T16:07:55.374448,GET,/api/mixed/pipeline/1/,2.77,82,0,
2026-05-16T16:07:55.415882,GET,/api/mixed/http/,107.53,55353,0,
2026-05-16T16:07:55.421182,GET,/api/mixed/pipeline/1/,5.12,82,0,
2026-05-16T16:07:55.424285,GET,/api/mixed/http/,110.49,55353,0,
2026-05-16T16:07:55.427440,GET,/api/mixed/db/1/,5.63,247,0,
2026-05-16T16:07:55.444468,GET,/api/mixed/db/1/,3.87,247,0,
2026-05-16T16:07:55.471779,GET,/api/mixed/http/,107.65,55353,0,
2026-05-16T16:07:55.517096,GET,/api/mixed/http/,108.42,55353,0,
2026-05-16T16:07:55.520021,GET,/api/mixed/pipeline/1/,2.8,82,0,
2026-05-16T16:07:55.543498,GET,/api/mixed/db/1/,3.78,247,0,
2026-05-16T16:07:55.569275,GET,/api/mixed/db/1/,3.79,247,0,
2026-05-16T16:07:55.572907,GET,/api/mixed/db/1/,3.51,247,0,
2026-05-16T16:07:55.582821,GET,/api/mixed/db/1/,3.57,247,0,
2026-05-16T16:07:55.588933,GET,/api/mixed/pipeline/1/,2.94,82,0,
2026-05-16T16:07:55.612156,GET,/api/mixed/http/,108.94,55353,0,
2026-05-16T16:07:55.615653,GET,/api/mixed/http/,107.83,55353,0,
2026-05-16T16:07:55.641721,GET,/api/mixed/pipeline/1/,2.85,82,0,
2026-05-16T16:07:55.644027,GET,/api/mixed/http/,107.79,55353,0,
2026-05-16T16:07:55.656153,GET,/api/mixed/pipeline/1/,2.91,82,0,
2026-05-16T16:07:55.657194,GET,/api/mixed/pipeline/1/,2.55,82,0,
2026-05-16T16:07:55.665365,GET,/api/mixed/db/1/,3.91,247,0,
2026-05-16T16:07:55.668580,GET,/api/mixed/pipeline/1/,3.1,82,0,
2026-05-16T16:07:55.669915,GET,/api/mixed/db/1/,3.56,247,0,
2026-05-16T16:07:55.670416,GET,/api/mixed/http/,107.56,55353,0,
2026-05-16T16:07:55.687250,GET,/api/mixed/db/1/,6.62,247,0,
2026-05-16T16:07:55.703480,GET,/api/mixed/db/1/,3.97,247,0,
2026-05-16T16:07:55.708552,GET,/api/mixed/pipeline/1/,2.81,82,0,
2026-05-16T16:07:55.717490,GET,/api/mixed/http/,109.34,55353,0,
2026-05-16T16:07:55.718528,GET,/api/mixed/db/1/,3.75,247,0,
2026-05-16T16:07:55.721269,GET,/api/mixed/http/,110.09,55353,0,
2026-05-16T16:07:55.738237,GET,/api/mixed/db/1/,3.8,247,0,
2026-05-16T16:07:55.744146,GET,/api/mixed/db/1/,3.74,247,0,
2026-05-16T16:07:55.783853,GET,/api/mixed/db/1/,3.98,247,0,
2026-05-16T16:07:55.792980,GET,/api/mixed/db/1/,3.83,247,0,
2026-05-16T16:07:55.799706,GET,/api/mixed/db/1/,4.48,247,0,
2026-05-16T16:07:55.807809,GET,/api/mixed/pipeline/1/,2.74,82,0,
2026-05-16T16:07:55.826740,GET,/api/mixed/http/,107.67,55353,0,
2026-05-16T16:07:55.827702,GET,/api/mixed/http/,109.06,55353,0,
2026-05-16T16:07:55.831522,GET,/api/mixed/db/1/,4.65,247,0,
2026-05-16T16:07:55.834455,GET,/api/mixed/pipeline/1/,3.75,82,0,
2026-05-16T16:07:55.852329,GET,/api/mixed/pipeline/1/,2.95,82,0,
2026-05-16T16:07:55.861544,GET,/api/mixed/http/,108.12,55353,0,
2026-05-16T16:07:55.864414,GET,/api/mixed/pipeline/1/,3.83,82,0,
2026-05-16T16:07:55.866763,GET,/api/mixed/pipeline/1/,3.14,82,0,
2026-05-16T16:07:55.904070,GET,/api/mixed/pipeline/1/,4.91,82,0,
2026-05-16T16:07:55.906865,GET,/api/mixed/http/,108.0,55353,0,
2026-05-16T16:07:55.916015,GET,/api/mixed/pipeline/1/,2.87,82,0,
2026-05-16T16:07:55.924643,GET,/api/mixed/http/,110.68,55353,0,
2026-05-16T16:07:55.925072,GET,/api/mixed/db/1/,4.96,247,0,
2026-05-16T16:07:55.947508,GET,/api/mixed/http/,108.05,55353,0,
2026-05-16T16:07:55.989447,GET,/api/mixed/db/1/,3.67,247,0,
2026-05-16T16:07:56.011635,GET,/api/mixed/http/,108.55,55353,0,
2026-05-16T16:07:56.012137,GET,/api/mixed/http/,107.95,55353,0,
2026-05-16T16:07:56.028479,GET,/api/mixed/http/,111.03,55353,0,
2026-05-16T16:07:56.028916,GET,/api/mixed/db/1/,5.13,247,0,
2026-05-16T16:07:56.029396,GET,/api/mixed/http/,107.88,55353,0,
2026-05-16T16:07:56.034116,GET,/api/mixed/pipeline/1/,3.04,82,0,
2026-05-16T16:07:56.035103,GET,/api/mixed/http/,107.7,55353,0,
2026-05-16T16:07:56.045778,GET,/api/mixed/http/,107.81,55353,0,
2026-05-16T16:07:56.047255,GET,/api/mixed/db/1/,3.91,247,0,
2026-05-16T16:07:56.048887,GET,/api/mixed/http/,107.38,55353,0,
2026-05-16T16:07:56.066077,GET,/api/mixed/pipeline/1/,2.9,82,0,
2026-05-16T16:07:56.073959,GET,/api/mixed/db/1/,3.73,247,0,
2026-05-16T16:07:56.075997,GET,/api/mixed/pipeline/1/,3.32,82,0,
2026-05-16T16:07:56.076400,GET,/api/mixed/pipeline/1/,3.28,82,0,
2026-05-16T16:07:56.080375,GET,/api/mixed/http/,107.64,55353,0,
2026-05-16T16:07:56.088754,GET,/api/mixed/http/,107.49,55353,0,
2026-05-16T16:07:56.108308,GET,/api/mixed/pipeline/1/,3.4,82,0,
2026-05-16T16:07:56.115065,GET,/api/mixed/db/1/,3.77,247,0,
2026-05-16T16:07:56.130016,GET,/api/mixed/http/,108.72,55353,0,
2026-05-16T16:07:56.131808,GET,/api/mixed/http/,107.47,55353,0,
2026-05-16T16:07:56.139044,GET,/api/mixed/http/,108.44,55353,0,
2026-05-16T16:07:56.147372,GET,/api/mixed/db/1/,4.12,247,0,
2026-05-16T16:07:56.159563,GET,/api/mixed/db/1/,3.9,247,0,
2026-05-16T16:07:56.215948,GET,/api/mixed/http/,108.47,55353,0,
2026-05-16T16:07:56.394702,GET,/api/mixed/http/,219.83,55353,0,
2026-05-16T16:07:56.395260,GET,/api/mixed/http/,267.0,55353,0,
2026-05-16T16:07:56.396471,GET,/api/mixed/db/1/,204.21,247,0,
2026-05-16T16:07:56.396827,GET,/api/mixed/pipeline/1/,188.03,82,0,
2026-05-16T16:07:56.397172,GET,/api/mixed/pipeline/1/,212.56,82,0,
2026-05-16T16:07:56.404477,GET,/api/mixed/pipeline/1/,16.41,82,0,
2026-05-16T16:07:56.405738,GET,/api/mixed/db/1/,23.06,247,0,
2026-05-16T16:07:56.410802,GET,/api/mixed/db/1/,23.12,247,0,
2026-05-16T16:07:56.411499,GET,/api/mixed/pipeline/1/,25.77,82,0,
2026-05-16T16:07:56.412013,GET,/api/mixed/db/1/,21.27,247,0,
2026-05-16T16:07:56.412517,GET,/api/mixed/db/1/,28.33,247,0,
2026-05-16T16:07:56.412970,GET,/api/mixed/pipeline/1/,21.89,82,0,
2026-05-16T16:07:56.413377,GET,/api/mixed/pipeline/1/,23.06,82,0,
2026-05-16T16:07:56.414094,GET,/api/mixed/db/1/,24.54,247,0,
2026-05-16T16:07:56.414524,GET,/api/mixed/db/1/,22.11,247,0,
2026-05-16T16:07:56.414930,GET,/api/mixed/db/1/,22.2,247,0,
2026-05-16T16:07:56.415307,GET,/api/mixed/pipeline/1/,23.88,82,0,
2026-05-16T16:07:56.415687,GET,/api/mixed/pipeline/1/,23.61,82,0,
2026-05-16T16:07:56.416116,GET,/api/mixed/db/1/,23.06,247,0,
2026-05-16T16:07:56.416489,GET,/api/mixed/db/1/,24.74,247,0,
2026-05-16T16:07:56.416862,GET,/api/mixed/pipeline/1/,23.47,82,0,
2026-05-16T16:07:56.426305,GET,/api/mixed/pipeline/1/,3.07,82,0,
2026-05-16T16:07:56.455516,GET,/api/mixed/db/1/,3.95,247,0,
2026-05-16T16:07:56.478811,GET,/api/mixed/db/1/,4.07,247,0,
2026-05-16T16:07:56.486252,GET,/api/mixed/pipeline/1/,3.19,82,0,
2026-05-16T16:07:56.489818,GET,/api/mixed/http/,280.46,55353,0,
2026-05-16T16:07:56.492963,GET,/api/mixed/db/1/,4.51,247,0,
2026-05-16T16:07:56.508166,GET,/api/mixed/http/,120.97,55353,0,
2026-05-16T16:07:56.508653,GET,/api/mixed/http/,125.39,55353,0,
2026-05-16T16:07:56.510589,GET,/api/mixed/http/,125.92,55353,0,
2026-05-16T16:07:56.512517,GET,/api/mixed/http/,122.56,55353,0,
2026-05-16T16:07:56.513611,GET,/api/mixed/pipeline/1/,4.42,82,0,
2026-05-16T16:07:56.514033,GET,/api/mixed/pipeline/1/,5.28,82,0,
2026-05-16T16:07:56.514437,GET,/api/mixed/pipeline/1/,4.88,82,0,
2026-05-16T16:07:56.514857,GET,/api/mixed/http/,131.13,55353,0,
2026-05-16T16:07:56.516468,GET,/api/mixed/http/,120.9,55353,0,
2026-05-16T16:07:56.522774,GET,/api/mixed/db/1/,4.06,247,0,
2026-05-16T16:07:56.540595,GET,/api/mixed/pipeline/1/,3.4,82,0,
2026-05-16T16:07:56.541531,GET,/api/mixed/db/1/,4.88,247,0,
2026-05-16T16:07:56.555500,GET,/api/mixed/db/1/,3.97,247,0,
2026-05-16T16:07:56.563874,GET,/api/mixed/db/1/,3.97,247,0,
2026-05-16T16:07:56.568683,GET,/api/mixed/pipeline/1/,3.85,82,0,
2026-05-16T16:07:56.569235,GET,/api/mixed/db/1/,6.38,247,0,
2026-05-16T16:07:56.571111,GET,/api/mixed/pipeline/1/,3.59,82,0,
2026-05-16T16:07:56.577284,GET,/api/mixed/pipeline/1/,2.84,82,0,
2026-05-16T16:07:56.587730,GET,/api/mixed/pipeline/1/,3.07,82,0,
2026-05-16T16:07:56.616379,GET,/api/mixed/pipeline/1/,3.03,82,0,
2026-05-16T16:07:56.636989,GET,/api/mixed/http/,108.01,55353,0,
2026-05-16T16:07:56.640678,GET,/api/mixed/pipeline/1/,2.58,82,0,
2026-05-16T16:07:56.657765,GET,/api/mixed/http/,109.9,55353,0,
2026-05-16T16:07:56.664889,GET,/api/mixed/db/1/,3.77,247,0,
2026-05-16T16:07:56.672334,GET,/api/mixed/http/,109.94,55353,0,
2026-05-16T16:07:56.672797,GET,/api/mixed/http/,108.78,55353,0,
2026-05-16T16:07:56.673172,GET,/api/mixed/pipeline/1/,4.11,82,0,
2026-05-16T16:07:56.707637,GET,/api/mixed/http/,108.36,55353,0,
2026-05-16T16:07:56.710238,GET,/api/mixed/pipeline/1/,3.8,82,0,
2026-05-16T16:07:56.713972,GET,/api/mixed/http/,109.29,55353,0,
2026-05-16T16:07:56.734279,GET,/api/mixed/pipeline/1/,2.89,82,0,
2026-05-16T16:07:56.744470,GET,/api/mixed/db/1/,3.96,247,0,
2026-05-16T16:07:56.745684,GET,/api/mixed/http/,108.57,55353,0,
2026-05-16T16:07:56.755829,GET,/api/mixed/pipeline/1/,2.81,82,0,
2026-05-16T16:07:56.762988,GET,/api/mixed/db/1/,3.77,247,0,
2026-05-16T16:07:56.768917,GET,/api/mixed/db/1/,3.65,247,0,
2026-05-16T16:07:56.777428,GET,/api/mixed/http/,107.88,55353,0,
2026-05-16T16:07:56.795695,GET,/api/mixed/pipeline/1/,2.99,82,0,
2026-05-16T16:07:56.819645,GET,/api/mixed/db/1/,4.32,247,0,
2026-05-16T16:07:56.837225,GET,/api/mixed/pipeline/1/,2.83,82,0,
2026-05-16T16:07:56.851998,GET,/api/mixed/pipeline/1/,3.57,82,0,
2026-05-16T16:07:56.865289,GET,/api/mixed/pipeline/1/,2.92,82,0,
2026-05-16T16:07:56.875600,GET,/api/mixed/http/,107.82,55353,0,
2026-05-16T16:07:56.924188,GET,/api/mixed/http/,107.61,55353,0,
2026-05-16T16:07:56.932731,GET,/api/mixed/db/1/,3.73,247,0,
2026-05-16T16:07:56.934630,GET,/api/mixed/http/,107.62,55353,0,
2026-05-16T16:07:56.956354,GET,/api/mixed/db/1/,3.84,247,0,
2026-05-16T16:07:56.956848,GET,/api/mixed/http/,107.94,55353,0,
2026-05-16T16:07:56.976296,GET,/api/mixed/http/,107.77,55353,0,
2026-05-16T16:07:56.981793,GET,/api/mixed/db/1/,4.16,247,0,
2026-05-16T16:07:56.989639,GET,/api/mixed/http/,107.7,55353,0,
2026-05-16T16:07:57.010739,GET,/api/mixed/http/,108.27,55353,0,
2026-05-16T16:07:57.012882,GET,/api/mixed/http/,107.79,55353,0,
2026-05-16T16:07:57.015040,GET,/api/mixed/db/1/,4.12,247,0,
2026-05-16T16:07:57.019134,GET,/api/mixed/pipeline/1/,2.73,82,0,
2026-05-16T16:07:57.023210,GET,/api/mixed/http/,107.53,55353,0,
2026-05-16T16:07:57.030230,GET,/api/mixed/http/,107.98,55353,0,
2026-05-16T16:07:57.031801,GET,/api/mixed/pipeline/1/,3.37,82,0,
2026-05-16T16:07:57.034711,GET,/api/mixed/http/,108.29,55353,0,
2026-05-16T16:07:57.035506,GET,/api/mixed/db/1/,4.53,247,0,
2026-05-16T16:07:57.037535,GET,/api/mixed/db/1/,3.89,247,0,
2026-05-16T16:07:57.054779,GET,/api/mixed/http/,107.73,55353,0,
2026-05-16T16:07:57.089492,GET,/api/mixed/http/,108.52,55353,0,
2026-05-16T16:07:57.089982,GET,/api/mixed/http/,107.34,55353,0,
2026-05-16T16:07:57.108314,GET,/api/mixed/db/1/,4.01,247,0,
2026-05-16T16:07:57.118316,GET,/api/mixed/http/,108.55,55353,0,
2026-05-16T16:07:57.131551,GET,/api/mixed/db/1/,3.86,247,0,
2026-05-16T16:07:57.159998,GET,/api/mixed/pipeline/1/,4.07,82,0,
2026-05-16T16:07:57.172795,GET,/api/mixed/http/,107.81,55353,0,
2026-05-16T16:07:57.173885,GET,/api/mixed/pipeline/1/,2.65,82,0,
2026-05-16T16:07:57.174335,GET,/api/mixed/db/1/,4.56,247,0,
2026-05-16T16:07:57.180738,GET,/api/mixed/db/1/,4.19,247,0,
2026-05-16T16:07:57.219675,GET,/api/mixed/pipeline/1/,2.89,82,0,
2026-05-16T16:07:57.221899,GET,/api/mixed/http/,108.35,55353,0,
2026-05-16T16:07:57.258180,GET,/api/mixed/db/1/,4.05,247,0,
2026-05-16T16:07:57.269258,GET,/api/mixed/db/1/,3.73,247,0,
2026-05-16T16:07:57.275357,GET,/api/mixed/db/1/,3.77,247,0,
2026-05-16T16:07:57.277795,GET,/api/mixed/http/,108.55,55353,0,
2026-05-16T16:07:57.285771,GET,/api/mixed/http/,108.26,55353,0,
2026-05-16T16:07:57.299454,GET,/api/mixed/http/,108.31,55353,0,
2026-05-16T16:07:57.324290,GET,/api/mixed/db/1/,3.83,247,0,
2026-05-16T16:07:57.334430,GET,/api/mixed/pipeline/1/,2.9,82,0,
2026-05-16T16:07:57.367504,GET,/api/mixed/pipeline/1/,4.01,82,0,
2026-05-16T16:07:57.393405,GET,/api/mixed/db/1/,4.61,247,0,
2026-05-16T16:07:57.393843,GET,/api/mixed/db/1/,4.0,247,0,
2026-05-16T16:07:57.394772,GET,/api/mixed/http/,107.58,55353,0,
2026-05-16T16:07:57.419612,GET,/api/mixed/http/,107.8,55353,0,
2026-05-16T16:07:57.425508,GET,/api/mixed/pipeline/1/,3.16,82,0,
2026-05-16T16:07:57.426083,GET,/api/mixed/db/1/,4.15,247,0,
2026-05-16T16:07:57.430004,GET,/api/mixed/pipeline/1/,2.59,82,0,
2026-05-16T16:07:57.442860,GET,/api/mixed/pipeline/1/,3.48,82,0,
2026-05-16T16:07:57.444078,GET,/api/mixed/db/1/,3.63,247,0,
2026-05-16T16:07:57.447481,GET,/api/mixed/http/,107.7,55353,0,
2026-05-16T16:07:57.464338,GET,/api/mixed/db/1/,4.56,247,0,
2026-05-16T16:07:57.464827,GET,/api/mixed/db/1/,3.98,247,0,
2026-05-16T16:07:57.472813,GET,/api/mixed/http/,108.73,55353,0,
2026-05-16T16:07:57.473286,GET,/api/mixed/http/,108.83,55353,0,
2026-05-16T16:07:57.482528,GET,/api/mixed/http/,107.82,55353,0,
2026-05-16T16:07:57.482933,GET,/api/mixed/pipeline/1/,3.44,82,0,
2026-05-16T16:07:57.486133,GET,/api/mixed/http/,107.84,55353,0,
2026-05-16T16:07:57.489474,GET,/api/mixed/db/1/,4.18,247,0,
2026-05-16T16:07:57.497715,GET,/api/mixed/http/,108.37,55353,0,
2026-05-16T16:07:57.499535,GET,/api/mixed/db/1/,3.81,247,0,
2026-05-16T16:07:57.505496,GET,/api/mixed/db/1/,4.59,247,0,
2026-05-16T16:07:57.505895,GET,/api/mixed/db/1/,4.55,247,0,
2026-05-16T16:07:57.507696,GET,/api/mixed/pipeline/1/,3.49,82,0,
2026-05-16T16:07:57.518438,GET,/api/mixed/pipeline/1/,2.85,82,0,
2026-05-16T16:07:57.523805,GET,/api/mixed/http/,107.54,55353,0,
2026-05-16T16:07:57.527705,GET,/api/mixed/db/1/,3.75,247,0,
2026-05-16T16:07:57.539027,GET,/api/mixed/db/1/,5.99,247,0,
2026-05-16T16:07:57.539623,GET,/api/mixed/db/1/,5.35,247,0,
2026-05-16T16:07:57.544787,GET,/api/mixed/db/1/,3.79,247,0,
2026-05-16T16:07:57.557910,GET,/api/mixed/pipeline/1/,3.34,82,0,
2026-05-16T16:07:57.577018,GET,/api/mixed/db/1/,3.9,247,0,
2026-05-16T16:07:57.585040,GET,/api/mixed/pipeline/1/,2.73,82,0,
2026-05-16T16:07:57.601466,GET,/api/mixed/pipeline/1/,2.87,82,0,
2026-05-16T16:07:57.601912,GET,/api/mixed/pipeline/1/,3.81,82,0,
2026-05-16T16:07:57.611124,GET,/api/mixed/pipeline/1/,2.82,82,0,
2026-05-16T16:07:57.620582,GET,/api/mixed/http/,108.45,55353,0,
2026-05-16T16:07:57.621229,GET,/api/mixed/pipeline/1/,3.92,82,0,
2026-05-16T16:07:57.621677,GET,/api/mixed/pipeline/1/,3.87,82,0,
2026-05-16T16:07:57.632633,GET,/api/mixed/http/,109.93,55353,0,
2026-05-16T16:07:57.638632,GET,/api/mixed/pipeline/1/,7.15,82,0,
2026-05-16T16:07:57.645843,GET,/api/mixed/db/1/,3.89,247,0,
2026-05-16T16:07:57.648648,GET,/api/mixed/pipeline/1/,2.66,82,0,
2026-05-16T16:07:57.663530,GET,/api/mixed/http/,107.71,55353,0,
2026-05-16T16:07:57.664245,GET,/api/mixed/http/,110.16,55353,0,
2026-05-16T16:07:57.669300,GET,/api/mixed/pipeline/1/,2.86,82,0,
2026-05-16T16:07:57.698843,GET,/api/mixed/http/,108.45,55353,0,
2026-05-16T16:07:57.699733,GET,/api/mixed/pipeline/1/,3.26,82,0,
2026-05-16T16:07:57.701666,GET,/api/mixed/db/1/,4.31,247,0,
2026-05-16T16:07:57.706643,GET,/api/mixed/db/1/,3.71,247,0,
2026-05-16T16:07:57.708406,GET,/api/mixed/pipeline/1/,3.1,82,0,
2026-05-16T16:07:57.716511,GET,/api/mixed/pipeline/1/,2.81,82,0,
2026-05-16T16:07:57.734645,GET,/api/mixed/http/,108.74,55353,0,
2026-05-16T16:07:57.754978,GET,/api/mixed/db/1/,3.94,247,0,
2026-05-16T16:07:57.766653,GET,/api/mixed/http/,107.74,55353,0,
2026-05-16T16:07:57.770698,GET,/api/mixed/pipeline/1/,2.69,82,0,
2026-05-16T16:07:57.784219,GET,/api/mixed/db/1/,3.68,247,0,
2026-05-16T16:07:57.791791,GET,/api/mixed/db/1/,4.22,247,0,
2026-05-16T16:07:57.794046,GET,/api/mixed/pipeline/1/,3.14,82,0,
2026-05-16T16:07:57.796628,GET,/api/mixed/pipeline/1/,2.48,82,0,
2026-05-16T16:07:57.800178,GET,/api/mixed/http/,107.66,55353,0,
2026-05-16T16:07:57.804548,GET,/api/mixed/http/,108.52,55353,0,
2026-05-16T16:07:57.820322,GET,/api/mixed/pipeline/1/,3.46,82,0,
2026-05-16T16:07:57.821696,GET,/api/mixed/db/1/,3.84,247,0,
2026-05-16T16:07:57.860273,GET,/api/mixed/pipeline/1/,3.43,82,0,
2026-05-16T16:07:57.865863,GET,/api/mixed/http/,107.57,55353,0,
2026-05-16T16:07:57.887656,GET,/api/mixed/http/,110.61,55353,0,
2026-05-16T16:07:57.959137,GET,/api/mixed/pipeline/1/,3.05,82,0,
2026-05-16T16:07:57.964123,GET,/api/mixed/db/1/,3.77,247,0,
2026-05-16T16:07:57.965187,GET,/api/mixed/http/,107.8,55353,0,
2026-05-16T16:07:57.979470,GET,/api/mixed/db/1/,4.98,247,0,
2026-05-16T16:07:57.980672,GET,/api/mixed/http/,107.51,55353,0,
2026-05-16T16:07:57.990823,GET,/api/mixed/pipeline/1/,2.9,82,0,
2026-05-16T16:07:57.993740,GET,/api/mixed/http/,108.97,55353,0,
2026-05-16T16:07:58.007588,GET,/api/mixed/pipeline/1/,3.3,82,0,
2026-05-16T16:07:58.012519,GET,/api/mixed/db/1/,3.75,247,0,
2026-05-16T16:07:58.039894,GET,/api/mixed/db/1/,3.97,247,0,
2026-05-16T16:07:58.052081,GET,/api/mixed/db/1/,3.97,247,0,
2026-05-16T16:07:58.058020,GET,/api/mixed/db/1/,3.73,247,0,
2026-05-16T16:07:58.069950,GET,/api/mixed/pipeline/1/,2.74,82,0,
2026-05-16T16:07:58.086719,GET,/api/mixed/pipeline/1/,3.0,82,0,
2026-05-16T16:07:58.087131,GET,/api/mixed/db/1/,4.4,247,0,
2026-05-16T16:07:58.094757,GET,/api/mixed/db/1/,4.31,247,0,
2026-05-16T16:07:58.111269,GET,/api/mixed/http/,108.03,55353,0,
2026-05-16T16:07:58.115880,GET,/api/mixed/http/,109.16,55353,0,
2026-05-16T16:07:58.117755,GET,/api/mixed/pipeline/1/,4.25,82,0,
2026-05-16T16:07:58.132103,GET,/api/mixed/db/1/,7.06,247,0,
2026-05-16T16:07:58.155031,GET,/api/mixed/db/1/,4.08,247,0,
2026-05-16T16:07:58.163515,GET,/api/mixed/pipeline/1/,4.16,82,0,
2026-05-16T16:07:58.191384,GET,/api/mixed/http/,109.17,55353,0,
2026-05-16T16:07:58.197419,GET,/api/mixed/pipeline/1/,2.82,82,0,
2026-05-16T16:07:58.218734,GET,/api/mixed/db/1/,4.84,247,0,
2026-05-16T16:07:58.223007,GET,/api/mixed/http/,109.03,55353,0,
2026-05-16T16:07:58.223446,GET,/api/mixed/pipeline/1/,3.46,82,0,
2026-05-16T16:07:58.229390,GET,/api/mixed/db/1/,3.62,247,0,
2026-05-16T16:07:58.249124,GET,/api/mixed/db/1/,5.34,247,0,
2026-05-16T16:07:58.259545,GET,/api/mixed/http/,109.13,55353,0,
2026-05-16T16:07:58.269082,GET,/api/mixed/http/,109.28,55353,0,
2026-05-16T16:07:58.281925,GET,/api/mixed/http/,109.12,55353,0,
2026-05-16T16:07:58.282588,GET,/api/mixed/pipeline/1/,4.27,82,0,
2026-05-16T16:07:58.286240,GET,/api/mixed/pipeline/1/,3.54,82,0,
2026-05-16T16:07:58.292782,GET,/api/mixed/pipeline/1/,3.25,82,0,
2026-05-16T16:07:58.296466,GET,/api/mixed/db/1/,4.53,247,0,
2026-05-16T16:07:58.310167,GET,/api/mixed/http/,108.49,55353,0,
2026-05-16T16:07:58.317585,GET,/api/mixed/db/1/,5.13,247,0,
2026-05-16T16:07:58.324601,GET,/api/mixed/db/1/,4.68,247,0,
2026-05-16T16:07:58.327878,GET,/api/mixed/db/1/,4.31,247,0,
2026-05-16T16:07:58.330552,GET,/api/mixed/http/,109.29,55353,0,
2026-05-16T16:07:58.353372,GET,/api/mixed/pipeline/1/,2.86,82,0,
2026-05-16T16:07:58.361372,GET,/api/mixed/db/1/,3.79,247,0,
2026-05-16T16:07:58.381375,GET,/api/mixed/db/1/,3.81,247,0,
2026-05-16T16:07:58.391574,GET,/api/mixed/pipeline/1/,3.01,82,0,
2026-05-16T16:07:58.392319,GET,/api/mixed/http/,108.07,55353,0,
2026-05-16T16:07:58.396681,GET,/api/mixed/http/,108.09,55353,0,
2026-05-16T16:07:58.404234,GET,/api/mixed/pipeline/1/,3.26,82,0,
2026-05-16T16:07:58.408349,GET,/api/mixed/pipeline/1/,2.82,82,0,
2026-05-16T16:07:58.409410,GET,/api/mixed/pipeline/1/,2.57,82,0,
2026-05-16T16:07:58.449982,GET,/api/mixed/http/,109.04,55353,0,
2026-05-16T16:07:58.452355,GET,/api/mixed/pipeline/1/,3.38,82,0,
2026-05-16T16:07:58.467453,GET,/api/mixed/pipeline/1/,3.39,82,0,
2026-05-16T16:07:58.471315,GET,/api/mixed/db/1/,3.65,247,0,
2026-05-16T16:07:58.481178,GET,/api/mixed/http/,109.29,55353,0,
2026-05-16T16:07:58.483524,GET,/api/mixed/pipeline/1/,3.23,82,0,
2026-05-16T16:07:58.509786,GET,/api/mixed/http/,107.59,55353,0,
2026-05-16T16:07:58.516092,GET,/api/mixed/http/,107.63,55353,0,
2026-05-16T16:07:58.518414,GET,/api/mixed/http/,107.46,55353,0,
2026-05-16T16:07:58.527474,GET,/api/mixed/pipeline/1/,3.29,82,0,
2026-05-16T16:07:58.530717,GET,/api/mixed/db/1/,4.05,247,0,
2026-05-16T16:07:58.537835,GET,/api/mixed/pipeline/1/,2.76,82,0,
2026-05-16T16:07:58.558343,GET,/api/mixed/db/1/,3.73,247,0,
2026-05-16T16:07:58.563898,GET,/api/mixed/http/,107.27,55353,0,
2026-05-16T16:07:58.573560,GET,/api/mixed/db/1/,4.44,247,0,
2026-05-16T16:07:58.573985,GET,/api/mixed/db/1/,4.44,247,0,
2026-05-16T16:07:58.574695,GET,/api/mixed/http/,108.07,55353,0,
2026-05-16T16:07:58.584040,GET,/api/mixed/http/,107.55,55353,0,
2026-05-16T16:07:58.620249,GET,/api/mixed/pipeline/1/,2.7,82,0,
2026-05-16T16:07:58.627243,GET,/api/mixed/http/,107.5,55353,0,
2026-05-16T16:07:58.630052,GET,/api/mixed/pipeline/1/,2.7,82,0,
2026-05-16T16:07:58.636028,GET,/api/mixed/db/1/,3.63,247,0,
2026-05-16T16:07:58.655833,GET,/api/mixed/http/,107.66,55353,0,
2026-05-16T16:07:58.669756,GET,/api/mixed/http/,108.18,55353,0,
2026-05-16T16:07:58.697076,GET,/api/mixed/pipeline/1/,3.08,82,0,
2026-05-16T16:07:58.704196,GET,/api/mixed/http/,107.96,55353,0,
2026-05-16T16:07:58.704746,GET,/api/mixed/db/1/,4.48,247,0,
2026-05-16T16:07:58.706656,GET,/api/mixed/pipeline/1/,3.82,82,0,
2026-05-16T16:07:58.716799,GET,/api/mixed/http/,107.84,55353,0,
2026-05-16T16:07:58.723814,GET,/api/mixed/http/,108.29,55353,0,
2026-05-16T16:07:58.724650,GET,/api/mixed/http/,107.98,55353,0,
2026-05-16T16:07:58.729561,GET,/api/mixed/db/1/,3.75,247,0,
2026-05-16T16:07:58.730030,GET,/api/mixed/http/,107.57,55353,0,
2026-05-16T16:07:58.783070,GET,/api/mixed/pipeline/1/,3.04,82,0,
2026-05-16T16:07:58.810531,GET,/api/mixed/pipeline/1/,3.01,82,0,
2026-05-16T16:07:58.833293,GET,/api/mixed/pipeline/1/,3.04,82,0,
2026-05-16T16:07:58.839415,GET,/api/mixed/db/1/,3.78,247,0,
2026-05-16T16:07:58.852480,GET,/api/mixed/db/1/,3.87,247,0,
2026-05-16T16:07:58.864680,GET,/api/mixed/db/1/,5.94,247,0,
2026-05-16T16:07:58.865319,GET,/api/mixed/http/,110.07,55353,0,
2026-05-16T16:07:58.868877,GET,/api/mixed/db/1/,5.31,247,0,
2026-05-16T16:07:58.869326,GET,/api/mixed/db/1/,7.06,247,0,
2026-05-16T16:07:58.890138,GET,/api/mixed/db/1/,3.92,247,0,
2026-05-16T16:07:58.901674,GET,/api/mixed/db/1/,4.24,247,0,
2026-05-16T16:07:58.914473,GET,/api/mixed/pipeline/1/,3.43,82,0,
2026-05-16T16:07:58.916096,GET,/api/mixed/db/1/,3.8,247,0,
2026-05-16T16:07:58.919976,GET,/api/mixed/http/,108.22,55353,0,
2026-05-16T16:07:58.925987,GET,/api/mixed/pipeline/1/,2.67,82,0,
2026-05-16T16:07:58.940243,GET,/api/mixed/pipeline/1/,2.65,82,0,
2026-05-16T16:07:58.953226,GET,/api/mixed/db/1/,3.72,247,0,
2026-05-16T16:07:58.958021,GET,/api/mixed/db/1/,3.51,247,0,
2026-05-16T16:07:58.980566,GET,/api/mixed/http/,108.01,55353,0,
2026-05-16T16:07:58.982476,GET,/api/mixed/pipeline/1/,4.24,82,0,
2026-05-16T16:07:58.982881,GET,/api/mixed/db/1/,4.07,247,0,
2026-05-16T16:07:58.991946,GET,/api/mixed/db/1/,3.78,247,0,
2026-05-16T16:07:59.016979,GET,/api/mixed/db/1/,4.43,247,0,
2026-05-16T16:07:59.017415,GET,/api/mixed/pipeline/1/,3.65,82,0,
2026-05-16T16:07:59.034552,GET,/api/mixed/pipeline/1/,2.8,82,0,
2026-05-16T16:07:59.040437,GET,/api/mixed/pipeline/1/,2.61,82,0,
2026-05-16T16:07:59.044281,GET,/api/mixed/http/,107.94,55353,0,
2026-05-16T16:07:59.049182,GET,/api/mixed/pipeline/1/,2.69,82,0,
2026-05-16T16:07:59.069802,GET,/api/mixed/db/1/,3.74,247,0,
2026-05-16T16:07:59.081237,GET,/api/mixed/pipeline/1/,3.17,82,0,
2026-05-16T16:07:59.082941,GET,/api/mixed/db/1/,3.72,247,0,
2026-05-16T16:07:59.088963,GET,/api/mixed/db/1/,3.7,247,0,
2026-05-16T16:07:59.111432,GET,/api/mixed/db/1/,4.08,247,0,
2026-05-16T16:07:59.120192,GET,/api/mixed/pipeline/1/,3.52,82,0,
2026-05-16T16:07:59.122435,GET,/api/mixed/pipeline/1/,3.18,82,0,
2026-05-16T16:07:59.123282,GET,/api/mixed/http/,108.61,55353,0,
2026-05-16T16:07:59.123864,GET,/api/mixed/http/,108.82,55353,0,
2026-05-16T16:07:59.128979,GET,/api/mixed/pipeline/1/,2.9,82,0,
2026-05-16T16:07:59.136236,GET,/api/mixed/pipeline/1/,3.0,82,0,
2026-05-16T16:07:59.156650,GET,/api/mixed/pipeline/1/,3.21,82,0,
2026-05-16T16:07:59.165240,GET,/api/mixed/db/1/,4.28,247,0,
2026-05-16T16:07:59.165747,GET,/api/mixed/http/,108.37,55353,0,
2026-05-16T16:07:59.166198,GET,/api/mixed/http/,107.74,55353,0,
2026-05-16T16:07:59.173613,GET,/api/mixed/http/,108.72,55353,0,
2026-05-16T16:07:59.175654,GET,/api/mixed/pipeline/1/,3.19,82,0,
2026-05-16T16:07:59.194072,GET,/api/mixed/pipeline/1/,2.98,82,0,
2026-05-16T16:07:59.210003,GET,/api/mixed/pipeline/1/,3.64,82,0,
2026-05-16T16:07:59.210696,GET,/api/mixed/db/1/,3.82,247,0,
2026-05-16T16:07:59.222480,GET,/api/mixed/pipeline/1/,3.37,82,0,
2026-05-16T16:07:59.240582,GET,/api/mixed/db/1/,4.14,247,0,
2026-05-16T16:07:59.244285,GET,/api/mixed/db/1/,5.51,247,0,
2026-05-16T16:07:59.245714,GET,/api/mixed/db/1/,5.95,247,0,
2026-05-16T16:07:59.261806,GET,/api/mixed/pipeline/1/,2.91,82,0,
2026-05-16T16:07:59.267187,GET,/api/mixed/pipeline/1/,3.06,82,0,
2026-05-16T16:07:59.297151,GET,/api/mixed/db/1/,4.29,247,0,
2026-05-16T16:07:59.301056,GET,/api/mixed/db/1/,4.79,247,0,
2026-05-16T16:07:59.317472,GET,/api/mixed/db/1/,4.08,247,0,
2026-05-16T16:07:59.328205,GET,/api/mixed/http/,108.58,55353,0,
2026-05-16T16:07:59.332808,GET,/api/mixed/http/,107.19,55353,0,
2026-05-16T16:07:59.337958,GET,/api/mixed/http/,108.95,55353,0,
2026-05-16T16:07:59.343049,GET,/api/mixed/pipeline/1/,6.1,82,0,
2026-05-16T16:07:59.374704,GET,/api/mixed/http/,108.28,55353,0,
2026-05-16T16:07:59.392197,GET,/api/mixed/pipeline/1/,2.89,82,0,
2026-05-16T16:07:59.394933,GET,/api/mixed/http/,107.58,55353,0,
2026-05-16T16:07:59.404771,GET,/api/mixed/http/,109.49,55353,0,
2026-05-16T16:07:59.405694,GET,/api/mixed/pipeline/1/,2.74,82,0,
2026-05-16T16:07:59.416349,GET,/api/mixed/db/1/,3.79,247,0,
2026-05-16T16:07:59.429575,GET,/api/mixed/pipeline/1/,3.04,82,0,
2026-05-16T16:07:59.432604,GET,/api/mixed/http/,107.9,55353,0,
2026-05-16T16:07:59.450388,GET,/api/mixed/db/1/,3.9,247,0,
2026-05-16T16:07:59.452640,GET,/api/mixed/http/,108.13,55353,0,
2026-05-16T16:07:59.473780,GET,/api/mixed/db/1/,3.86,247,0,
2026-05-16T16:07:59.479679,GET,/api/mixed/pipeline/1/,2.73,82,0,
2026-05-16T16:07:59.481485,GET,/api/mixed/http/,108.5,55353,0,
2026-05-16T16:07:59.510182,GET,/api/mixed/http/,108.99,55353,0,
2026-05-16T16:07:59.510694,GET,/api/mixed/http/,108.49,55353,0,
2026-05-16T16:07:59.514567,GET,/api/mixed/db/1/,3.76,247,0,
2026-05-16T16:07:59.528765,GET,/api/mixed/db/1/,3.87,247,0,
2026-05-16T16:07:59.534383,GET,/api/mixed/db/1/,4.37,247,0,
2026-05-16T16:07:59.547018,GET,/api/mixed/http/,108.05,55353,0,
2026-05-16T16:07:59.547454,GET,/api/mixed/pipeline/1/,3.86,82,0,
2026-05-16T16:07:59.554795,GET,/api/mixed/db/1/,3.7,247,0,
2026-05-16T16:07:59.555668,GET,/api/mixed/db/1/,5.03,247,0,
2026-05-16T16:07:59.569336,GET,/api/mixed/db/1/,3.84,247,0,
2026-05-16T16:07:59.590063,GET,/api/mixed/pipeline/1/,3.27,82,0,
2026-05-16T16:07:59.599603,GET,/api/mixed/db/1/,3.8,247,0,
2026-05-16T16:07:59.607167,GET,/api/mixed/db/1/,4.16,247,0,
2026-05-16T16:07:59.620771,GET,/api/mixed/db/1/,4.5,247,0,
2026-05-16T16:07:59.639386,GET,/api/mixed/http/,108.12,55353,0,
2026-05-16T16:07:59.641192,GET,/api/mixed/pipeline/1/,3.2,82,0,
2026-05-16T16:07:59.663310,GET,/api/mixed/http/,107.52,55353,0,
2026-05-16T16:07:59.663769,GET,/api/mixed/http/,108.86,55353,0,
2026-05-16T16:07:59.673196,GET,/api/mixed/pipeline/1/,2.77,82,0,
2026-05-16T16:07:59.673599,GET,/api/mixed/db/1/,4.52,247,0,
2026-05-16T16:07:59.678244,GET,/api/mixed/db/1/,3.47,247,0,
2026-05-16T16:07:59.682918,GET,/api/mixed/pipeline/1/,3.28,82,0,
2026-05-16T16:07:59.684354,GET,/api/mixed/db/1/,3.76,247,0,
2026-05-16T16:07:59.695421,GET,/api/mixed/db/1/,3.7,247,0,
2026-05-16T16:07:59.703656,GET,/api/mixed/http/,108.33,55353,0,
2026-05-16T16:07:59.720335,GET,/api/mixed/http/,107.56,55353,0,
2026-05-16T16:07:59.724429,GET,/api/mixed/pipeline/1/,2.83,82,0,
2026-05-16T16:07:59.729485,GET,/api/mixed/db/1/,3.68,247,0,
2026-05-16T16:07:59.763075,GET,/api/mixed/http/,107.72,55353,0,
2026-05-16T16:07:59.767700,GET,/api/mixed/pipeline/1/,3.27,82,0,
2026-05-16T16:07:59.770495,GET,/api/mixed/pipeline/1/,3.57,82,0,
2026-05-16T16:07:59.770948,GET,/api/mixed/pipeline/1/,2.64,82,0,
2026-05-16T16:07:59.780912,GET,/api/mixed/pipeline/1/,2.73,82,0,
2026-05-16T16:07:59.802313,GET,/api/mixed/db/1/,4.13,247,0,
2026-05-16T16:07:59.876683,GET,/api/mixed/db/1/,3.94,247,0,
2026-05-16T16:07:59.907400,GET,/api/mixed/db/1/,4.41,247,0,
2026-05-16T16:07:59.914392,GET,/api/mixed/db/1/,3.71,247,0,
2026-05-16T16:07:59.924603,GET,/api/mixed/http/,108.36,55353,0,
2026-05-16T16:07:59.925118,GET,/api/mixed/http/,107.82,55353,0,
2026-05-16T16:07:59.925587,GET,/api/mixed/http/,109.81,55353,0,
2026-05-16T16:07:59.930495,GET,/api/mixed/http/,107.72,55353,0,
2026-05-16T16:07:59.938846,GET,/api/mixed/http/,111.54,55353,0,
2026-05-16T16:07:59.939314,GET,/api/mixed/http/,107.92,55353,0,
2026-05-16T16:07:59.951378,GET,/api/mixed/http/,107.73,55353,0,
2026-05-16T16:07:59.969646,GET,/api/mixed/http/,108.56,55353,0,
2026-05-16T16:07:59.973038,GET,/api/mixed/pipeline/1/,2.79,82,0,
2026-05-16T16:07:59.985167,GET,/api/mixed/db/1/,3.86,247,0,
2026-05-16T16:07:59.991213,GET,/api/mixed/pipeline/1/,2.69,82,0,
2026-05-16T16:07:59.998702,GET,/api/mixed/db/1/,3.78,247,0,
2026-05-16T16:08:00.006284,GET,/api/mixed/pipeline/1/,3.2,82,0,
2026-05-16T16:08:00.006749,GET,/api/mixed/pipeline/1/,2.71,82,0,
2026-05-16T16:08:00.021237,GET,/api/mixed/db/1/,6.38,247,0,
2026-05-16T16:08:00.036818,GET,/api/mixed/db/1/,4.94,247,0,
2026-05-16T16:08:00.037301,GET,/api/mixed/http/,108.67,55353,0,
2026-05-16T16:08:00.037781,GET,/api/mixed/http/,109.53,55353,0,
2026-05-16T16:08:00.038237,GET,/api/mixed/http/,110.43,55353,0,
2026-05-16T16:08:00.058500,GET,/api/mixed/http/,108.0,55353,0,
2026-05-16T16:08:00.076419,GET,/api/mixed/pipeline/1/,8.09,82,0,
2026-05-16T16:08:00.077839,GET,/api/mixed/pipeline/1/,9.98,82,0,
2026-05-16T16:08:00.078321,GET,/api/mixed/db/1/,9.05,247,0,
2026-05-16T16:08:00.081811,GET,/api/mixed/db/1/,6.59,247,0,
2026-05-16T16:08:00.082478,GET,/api/mixed/http/,114.08,55353,0,
2026-05-16T16:08:00.098907,GET,/api/mixed/db/1/,4.18,247,0,
2026-05-16T16:08:00.103319,GET,/api/mixed/http/,108.81,55353,0,
2026-05-16T16:08:00.117502,GET,/api/mixed/http/,107.56,55353,0,
2026-05-16T16:08:00.125612,GET,/api/mixed/http/,111.16,55353,0,
2026-05-16T16:08:00.127957,GET,/api/mixed/http/,108.17,55353,0,
2026-05-16T16:08:00.131968,GET,/api/mixed/db/1/,3.89,247,0,
2026-05-16T16:08:00.138651,GET,/api/mixed/pipeline/1/,3.44,82,0,
2026-05-16T16:08:00.140712,GET,/api/mixed/http/,107.67,55353,0,
2026-05-16T16:08:00.152288,GET,/api/mixed/pipeline/1/,3.23,82,0,
2026-05-16T16:08:00.166467,GET,/api/mixed/db/1/,5.91,247,0,
2026-05-16T16:08:00.182860,GET,/api/mixed/pipeline/1/,3.11,82,0,
2026-05-16T16:08:00.186873,GET,/api/mixed/http/,110.21,55353,0,
2026-05-16T16:08:00.200289,GET,/api/mixed/pipeline/1/,3.15,82,0,
2026-05-16T16:08:00.206233,GET,/api/mixed/http/,108.85,55353,0,
2026-05-16T16:08:00.226628,GET,/api/mixed/db/1/,3.99,247,0,
2026-05-16T16:08:00.230882,GET,/api/mixed/http/,108.1,55353,0,
2026-05-16T16:08:00.253764,GET,/api/mixed/db/1/,6.09,247,0,
2026-05-16T16:08:00.277642,GET,/api/mixed/http/,108.0,55353,0,
2026-05-16T16:08:00.279023,GET,/api/mixed/db/1/,4.07,247,0,
2026-05-16T16:08:00.282952,GET,/api/mixed/pipeline/1/,3.82,82,0,
2026-05-16T16:08:00.289777,GET,/api/mixed/http/,110.57,55353,0,
2026-05-16T16:08:00.290253,GET,/api/mixed/db/1/,4.11,247,0,
2026-05-16T16:08:00.294711,GET,/api/mixed/http/,109.31,55353,0,
2026-05-16T16:08:00.334941,GET,/api/mixed/db/1/,3.78,247,0,
2026-05-16T16:08:00.337691,GET,/api/mixed/db/1/,4.16,247,0,
2026-05-16T16:08:00.344576,GET,/api/mixed/pipeline/1/,2.75,82,0,
2026-05-16T16:08:00.346701,GET,/api/mixed/http/,107.59,55353,0,
2026-05-16T16:08:00.355655,GET,/api/mixed/db/1/,6.24,247,0,
2026-05-16T16:08:00.356110,GET,/api/mixed/db/1/,7.2,247,0,
2026-05-16T16:08:00.358221,GET,/api/mixed/http/,109.35,55353,0,
2026-05-16T16:08:00.360118,GET,/api/mixed/db/1/,7.59,247,0,
2026-05-16T16:08:00.371576,GET,/api/mixed/pipeline/1/,3.22,82,0,
2026-05-16T16:08:00.388756,GET,/api/mixed/pipeline/1/,3.16,82,0,
2026-05-16T16:08:00.402925,GET,/api/mixed/http/,109.21,55353,0,
2026-05-16T16:08:00.410287,GET,/api/mixed/db/1/,3.97,247,0,
2026-05-16T16:08:00.432445,GET,/api/mixed/db/1/,3.84,247,0,
2026-05-16T16:08:00.435041,GET,/api/mixed/http/,107.68,55353,0,
2026-05-16T16:08:00.456804,GET,/api/mixed/db/1/,3.92,247,0,
2026-05-16T16:08:00.462922,GET,/api/mixed/pipeline/1/,2.92,82,0,
2026-05-16T16:08:00.463607,GET,/api/mixed/http/,110.0,55353,0,
2026-05-16T16:08:00.479020,GET,/api/mixed/db/1/,4.92,247,0,
2026-05-16T16:08:00.487931,GET,/api/mixed/pipeline/1/,2.75,82,0,
2026-05-16T16:08:00.488413,GET,/api/mixed/http/,108.63,55353,0,
2026-05-16T16:08:00.516282,GET,/api/mixed/db/1/,3.59,247,0,
2026-05-16T16:08:00.533221,GET,/api/mixed/db/1/,3.79,247,0,
2026-05-16T16:08:00.549275,GET,/api/mixed/http/,107.98,55353,0,
2026-05-16T16:08:00.576277,GET,/api/mixed/http/,107.49,55353,0,
2026-05-16T16:08:00.583513,GET,/api/mixed/pipeline/1/,2.86,82,0,
2026-05-16T16:08:00.586104,GET,/api/mixed/pipeline/1/,2.48,82,0,
2026-05-16T16:08:00.602381,GET,/api/mixed/pipeline/1/,3.41,82,0,
2026-05-16T16:08:00.602785,GET,/api/mixed/pipeline/1/,3.35,82,0,
2026-05-16T16:08:00.616423,GET,/api/mixed/http/,107.68,55353,0,
2026-05-16T16:08:00.619173,GET,/api/mixed/http/,107.79,55353,0,
2026-05-16T16:08:00.621500,GET,/api/mixed/pipeline/1/,3.27,82,0,
2026-05-16T16:08:00.641298,GET,/api/mixed/http/,109.33,55353,0,
2026-05-16T16:08:00.641874,GET,/api/mixed/db/1/,5.16,247,0,
2026-05-16T16:08:00.649726,GET,/api/mixed/http/,109.8,55353,0,
2026-05-16T16:08:00.650664,GET,/api/mixed/pipeline/1/,4.6,82,0,
2026-05-16T16:08:00.655665,GET,/api/mixed/http/,110.3,55353,0,
2026-05-16T16:08:00.673547,GET,/api/mixed/http/,113.06,55353,0,
2026-05-16T16:08:00.697108,GET,/api/mixed/http/,108.64,55353,0,
2026-05-16T16:08:00.729936,GET,/api/mixed/db/1/,6.06,247,0,
2026-05-16T16:08:00.749734,GET,/api/mixed/pipeline/1/,3.98,82,0,
2026-05-16T16:08:00.756827,GET,/api/mixed/db/1/,4.8,247,0,
2026-05-16T16:08:00.773581,GET,/api/mixed/pipeline/1/,3.63,82,0,
2026-05-16T16:08:00.774923,GET,/api/mixed/db/1/,5.6,247,0,
2026-05-16T16:08:00.783162,GET,/api/mixed/pipeline/1/,5.75,82,0,
2026-05-16T16:08:00.810518,GET,/api/mixed/pipeline/1/,6.09,82,0,
2026-05-16T16:08:00.811922,GET,/api/mixed/db/1/,10.06,247,0,
2026-05-16T16:08:00.813252,GET,/api/mixed/db/1/,7.24,247,0,
2026-05-16T16:08:00.822623,GET,/api/mixed/http/,113.15,55353,0,
2026-05-16T16:08:00.828425,GET,/api/mixed/pipeline/1/,3.5,82,0,
2026-05-16T16:08:00.835495,GET,/api/mixed/pipeline/1/,4.37,82,0,
2026-05-16T16:08:00.838216,GET,/api/mixed/http/,110.52,55353,0,
2026-05-16T16:08:00.839622,GET,/api/mixed/http/,112.73,55353,0,
2026-05-16T16:08:00.872168,GET,/api/mixed/http/,109.02,55353,0,
2026-05-16T16:08:00.885824,GET,/api/mixed/db/1/,5.39,247,0,
2026-05-16T16:08:00.887747,GET,/api/mixed/http/,111.56,55353,0,
2026-05-16T16:08:00.892380,GET,/api/mixed/db/1/,4.48,247,0,
2026-05-16T16:08:00.920970,GET,/api/mixed/pipeline/1/,4.6,82,0,
2026-05-16T16:08:00.941871,GET,/api/mixed/db/1/,4.58,247,0,
2026-05-16T16:08:00.956337,GET,/api/mixed/pipeline/1/,3.2,82,0,
2026-05-16T16:08:00.963646,GET,/api/mixed/http/,108.73,55353,0,
2026-05-16T16:08:00.964798,GET,/api/mixed/pipeline/1/,5.6,82,0,
2026-05-16T16:08:00.966977,GET,/api/mixed/db/1/,4.88,247,0,
2026-05-16T16:08:00.971187,GET,/api/mixed/pipeline/1/,3.02,82,0,
2026-05-16T16:08:00.976372,GET,/api/mixed/db/1/,3.94,247,0,
2026-05-16T16:08:00.989666,GET,/api/mixed/db/1/,4.0,247,0,
2026-05-16T16:08:00.998721,GET,/api/mixed/pipeline/1/,2.72,82,0,
2026-05-16T16:08:01.009412,GET,/api/mixed/pipeline/1/,3.47,82,0,
2026-05-16T16:08:01.009909,GET,/api/mixed/http/,108.27,55353,0,
2026-05-16T16:08:01.010368,GET,/api/mixed/pipeline/1/,3.8,82,0,
2026-05-16T16:08:01.017077,GET,/api/mixed/http/,108.66,55353,0,
2026-05-16T16:08:01.024176,GET,/api/mixed/pipeline/1/,2.9,82,0,
2026-05-16T16:08:01.050074,GET,/api/mixed/db/1/,8.67,247,0,
2026-05-16T16:08:01.061052,GET,/api/mixed/db/1/,4.6,247,0,
2026-05-16T16:08:01.069557,GET,/api/mixed/http/,110.92,55353,0,
2026-05-16T16:08:01.098235,GET,/api/mixed/db/1/,4.34,247,0,
2026-05-16T16:08:01.126561,GET,/api/mixed/db/1/,4.02,247,0,
2026-05-16T16:08:01.131786,GET,/api/mixed/pipeline/1/,2.87,82,0,
2026-05-16T16:08:01.156640,GET,/api/mixed/http/,108.82,55353,0,
2026-05-16T16:08:01.169128,GET,/api/mixed/http/,109.27,55353,0,
2026-05-16T16:08:01.213139,GET,/api/mixed/db/1/,4.88,247,0,
2026-05-16T16:08:01.243320,GET,/api/mixed/pipeline/1/,3.67,82,0,
2026-05-16T16:08:01.248253,GET,/api/mixed/pipeline/1/,3.69,82,0,
2026-05-16T16:08:01.262971,GET,/api/mixed/db/1/,5.52,247,0,
2026-05-16T16:08:01.267129,GET,/api/mixed/http/,111.62,55353,0,
2026-05-16T16:08:01.293503,GET,/api/mixed/pipeline/1/,5.76,82,0,
2026-05-16T16:08:01.299113,GET,/api/mixed/http/,115.69,55353,0,
2026-05-16T16:08:01.305719,GET,/api/mixed/http/,113.33,55353,0,
2026-05-16T16:08:01.324272,GET,/api/mixed/db/1/,4.73,247,0,
2026-05-16T16:08:01.335274,GET,/api/mixed/pipeline/1/,5.18,82,0,
2026-05-16T16:08:01.337092,GET,/api/mixed/db/1/,6.54,247,0,
2026-05-16T16:08:01.340981,GET,/api/mixed/db/1/,7.3,247,0,
2026-05-16T16:08:01.382456,GET,/api/mixed/db/1/,5.88,247,0,
2026-05-16T16:08:01.412398,GET,/api/mixed/http/,110.04,55353,0,
2026-05-16T16:08:01.417082,GET,/api/mixed/db/1/,7.29,247,0,
2026-05-16T16:08:01.417768,GET,/api/mixed/db/1/,7.33,247,0,
2026-05-16T16:08:01.423289,GET,/api/mixed/http/,110.3,55353,0,
2026-05-16T16:08:01.430812,GET,/api/mixed/pipeline/1/,4.78,82,0,
2026-05-16T16:08:01.432915,GET,/api/mixed/db/1/,7.37,247,0,
2026-05-16T16:08:01.438727,GET,/api/mixed/http/,112.27,55353,0,
2026-05-16T16:08:01.441593,GET,/api/mixed/db/1/,5.45,247,0,
2026-05-16T16:08:01.447078,GET,/api/mixed/pipeline/1/,4.63,82,0,
2026-05-16T16:08:01.448184,GET,/api/mixed/db/1/,6.45,247,0,
2026-05-16T16:08:01.454438,GET,/api/mixed/http/,112.15,55353,0,
2026-05-16T16:08:01.457300,GET,/api/mixed/db/1/,5.85,247,0,
2026-05-16T16:08:01.460217,GET,/api/mixed/http/,111.14,55353,0,
2026-05-16T16:08:01.465212,GET,/api/mixed/db/1/,4.86,247,0,
2026-05-16T16:08:01.490577,GET,/api/mixed/http/,113.51,55353,0,
2026-05-16T16:08:01.492096,GET,/api/mixed/pipeline/1/,13.6,82,0,
2026-05-16T16:08:01.493451,GET,/api/mixed/db/1/,8.93,247,0,
2026-05-16T16:08:01.500194,GET,/api/mixed/pipeline/1/,3.51,82,0,
2026-05-16T16:08:01.509311,GET,/api/mixed/pipeline/1/,5.77,82,0,
2026-05-16T16:08:01.518322,GET,/api/mixed/pipeline/1/,5.66,82,0,
2026-05-16T16:08:01.526740,GET,/api/mixed/db/1/,7.0,247,0,
2026-05-16T16:08:01.552607,GET,/api/mixed/db/1/,8.19,247,0,
2026-05-16T16:08:01.596487,GET,/api/mixed/http/,117.4,55353,0,
2026-05-16T16:08:01.600563,GET,/api/mixed/pipeline/1/,6.51,82,0,
2026-05-16T16:08:01.601969,GET,/api/mixed/http/,119.56,55353,0,
2026-05-16T16:08:01.602983,GET,/api/mixed/http/,115.8,55353,0,
2026-05-16T16:08:01.607363,GET,/api/mixed/http/,125.8,55353,0,
2026-05-16T16:08:01.608480,GET,/api/mixed/http/,128.84,55353,0,
2026-05-16T16:08:01.623127,GET,/api/mixed/pipeline/1/,6.66,82,0,
2026-05-16T16:08:01.624352,GET,/api/mixed/pipeline/1/,6.24,82,0,
2026-05-16T16:08:01.625356,GET,/api/mixed/pipeline/1/,7.95,82,0,
2026-05-16T16:08:01.634120,GET,/api/mixed/db/1/,8.57,247,0,
2026-05-16T16:08:01.642167,GET,/api/mixed/db/1/,6.72,247,0,
2026-05-16T16:08:01.648565,GET,/api/mixed/http/,119.12,55353,0,
2026-05-16T16:08:01.656402,GET,/api/mixed/http/,115.67,55353,0,
2026-05-16T16:08:01.663428,GET,/api/mixed/http/,114.14,55353,0,
2026-05-16T16:08:01.667324,GET,/api/mixed/pipeline/1/,6.58,82,0,
2026-05-16T16:08:01.675454,GET,/api/mixed/http/,115.4,55353,0,
2026-05-16T16:08:01.676346,GET,/api/mixed/http/,115.52,55353,0,
2026-05-16T16:08:01.679534,GET,/api/mixed/pipeline/1/,6.85,82,0,
2026-05-16T16:08:01.690500,GET,/api/mixed/http/,114.56,55353,0,
2026-05-16T16:08:01.712236,GET,/api/mixed/db/1/,4.92,247,0,
2026-05-16T16:08:01.712835,GET,/api/mixed/db/1/,7.08,247,0,
2026-05-16T16:08:01.714962,GET,/api/mixed/pipeline/1/,3.93,82,0,
2026-05-16T16:08:01.723100,GET,/api/mixed/db/1/,5.91,247,0,
2026-05-16T16:08:01.725129,GET,/api/mixed/http/,112.33,55353,0,
2026-05-16T16:08:01.728338,GET,/api/mixed/db/1/,6.95,247,0,
2026-05-16T16:08:01.734599,GET,/api/mixed/db/1/,6.09,247,0,
2026-05-16T16:08:01.737849,GET,/api/mixed/db/1/,6.24,247,0,
2026-05-16T16:08:01.741346,GET,/api/mixed/http/,114.71,55353,0,
2026-05-16T16:08:01.752849,GET,/api/mixed/db/1/,6.15,247,0,
2026-05-16T16:08:01.764183,GET,/api/mixed/http/,115.31,55353,0,
2026-05-16T16:08:01.765039,GET,/api/mixed/http/,113.86,55353,0,
2026-05-16T16:08:01.790667,GET,/api/mixed/db/1/,7.17,247,0,
2026-05-16T16:08:01.803886,GET,/api/mixed/db/1/,5.98,247,0,
2026-05-16T16:08:01.817868,GET,/api/mixed/http/,110.94,55353,0,
2026-05-16T16:08:01.823352,GET,/api/mixed/db/1/,8.1,247,0,
2026-05-16T16:08:01.827481,GET,/api/mixed/pipeline/1/,6.45,82,0,
2026-05-16T16:08:01.835738,GET,/api/mixed/http/,115.06,55353,0,
2026-05-16T16:08:01.849639,GET,/api/mixed/pipeline/1/,5.68,82,0,
2026-05-16T16:08:01.852742,GET,/api/mixed/http/,114.71,55353,0,
2026-05-16T16:08:01.855816,GET,/api/mixed/pipeline/1/,4.88,82,0,
2026-05-16T16:08:01.864302,GET,/api/mixed/http/,113.61,55353,0,
2026-05-16T16:08:01.889738,GET,/api/mixed/http/,110.42,55353,0,
2026-05-16T16:08:01.892579,GET,/api/mixed/db/1/,5.34,247,0,
2026-05-16T16:08:01.902649,GET,/api/mixed/db/1/,6.32,247,0,
2026-05-16T16:08:01.904003,GET,/api/mixed/db/1/,9.14,247,0,
2026-05-16T16:08:01.905061,GET,/api/mixed/db/1/,7.71,247,0,
2026-05-16T16:08:01.909252,GET,/api/mixed/db/1/,6.43,247,0,
2026-05-16T16:08:01.932494,GET,/api/mixed/http/,110.77,55353,0,
2026-05-16T16:08:01.936023,GET,/api/mixed/db/1/,4.94,247,0,
2026-05-16T16:08:01.939831,GET,/api/mixed/db/1/,3.68,247,0,
2026-05-16T16:08:01.982321,GET,/api/mixed/pipeline/1/,2.77,82,0,
2026-05-16T16:08:01.985254,GET,/api/mixed/pipeline/1/,2.75,82,0,
2026-05-16T16:08:01.997311,GET,/api/mixed/http/,110.71,55353,0,
2026-05-16T16:08:02.005995,GET,/api/mixed/pipeline/1/,2.72,82,0,
2026-05-16T16:08:02.035408,GET,/api/mixed/http/,107.87,55353,0,
2026-05-16T16:08:02.057429,GET,/api/mixed/pipeline/1/,3.3,82,0,
2026-05-16T16:08:02.065339,GET,/api/mixed/db/1/,3.63,247,0,
2026-05-16T16:08:02.074663,GET,/api/mixed/http/,108.6,55353,0,
2026-05-16T16:08:02.076625,GET,/api/mixed/pipeline/1/,2.96,82,0,
2026-05-16T16:08:02.085390,GET,/api/mixed/http/,108.46,55353,0,
2026-05-16T16:08:02.087917,GET,/api/mixed/pipeline/1/,3.54,82,0,
2026-05-16T16:08:02.099984,GET,/api/mixed/db/1/,4.09,247,0,
2026-05-16T16:08:02.106596,GET,/api/mixed/http/,108.05,55353,0,
2026-05-16T16:08:02.113821,GET,/api/mixed/pipeline/1/,2.82,82,0,
2026-05-16T16:08:02.126032,GET,/api/mixed/http/,110.48,55353,0,
2026-05-16T16:08:02.148140,GET,/api/mixed/http/,108.52,55353,0,
2026-05-16T16:08:02.156695,GET,/api/mixed/pipeline/1/,3.24,82,0,
2026-05-16T16:08:02.173089,GET,/api/mixed/http/,107.62,55353,0,
2026-05-16T16:08:02.200767,GET,/api/mixed/http/,107.56,55353,0,
2026-05-16T16:08:02.224662,GET,/api/mixed/db/1/,8.88,247,0,
2026-05-16T16:08:02.230234,GET,/api/mixed/pipeline/1/,8.82,82,0,
2026-05-16T16:08:02.234451,GET,/api/mixed/db/1/,6.58,247,0,
2026-05-16T16:08:02.264881,GET,/api/mixed/db/1/,18.59,247,0,
2026-05-16T16:08:02.269737,GET,/api/mixed/db/1/,18.76,247,0,
2026-05-16T16:08:02.272224,GET,/api/mixed/http/,132.82,55353,0,
2026-05-16T16:08:02.273797,GET,/api/mixed/pipeline/1/,18.93,82,0,
2026-05-16T16:08:02.275565,GET,/api/mixed/http/,121.65,55353,0,
2026-05-16T16:08:02.276538,GET,/api/mixed/pipeline/1/,9.09,82,0,
2026-05-16T16:08:02.277323,GET,/api/mixed/http/,131.35,55353,0,
2026-05-16T16:08:02.285234,GET,/api/mixed/http/,118.26,55353,0,
2026-05-16T16:08:02.289863,GET,/api/mixed/db/1/,12.38,247,0,
2026-05-16T16:08:02.296750,GET,/api/mixed/db/1/,6.61,247,0,
2026-05-16T16:08:02.307538,GET,/api/mixed/db/1/,5.47,247,0,
2026-05-16T16:08:02.313949,GET,/api/mixed/http/,109.93,55353,0,
2026-05-16T16:08:02.338762,GET,/api/mixed/pipeline/1/,3.51,82,0,
2026-05-16T16:08:02.339295,GET,/api/mixed/pipeline/1/,4.6,82,0,
2026-05-16T16:08:02.343995,GET,/api/mixed/db/1/,4.57,247,0,
2026-05-16T16:08:02.353584,GET,/api/mixed/db/1/,4.39,247,0,
2026-05-16T16:08:02.358387,GET,/api/mixed/db/1/,4.66,247,0,
2026-05-16T16:08:02.359438,GET,/api/mixed/http/,116.6,55353,0,
2026-05-16T16:08:02.365840,GET,/api/mixed/pipeline/1/,3.14,82,0,
2026-05-16T16:08:02.414242,GET,/api/mixed/db/1/,4.01,247,0,
2026-05-16T16:08:02.429684,GET,/api/mixed/http/,108.43,55353,0,
2026-05-16T16:08:02.436749,GET,/api/mixed/db/1/,3.86,247,0,
2026-05-16T16:08:02.459906,GET,/api/mixed/pipeline/1/,2.98,82,0,
2026-05-16T16:08:02.477484,GET,/api/mixed/http/,108.48,55353,0,
2026-05-16T16:08:02.480477,GET,/api/mixed/http/,108.0,55353,0,
2026-05-16T16:08:02.493694,GET,/api/mixed/db/1/,4.07,247,0,
2026-05-16T16:08:02.494401,GET,/api/mixed/http/,108.52,55353,0,
2026-05-16T16:08:02.506963,GET,/api/mixed/http/,112.45,55353,0,
2026-05-16T16:08:02.507596,GET,/api/mixed/http/,112.11,55353,0,
2026-05-16T16:08:02.518119,GET,/api/mixed/http/,108.37,55353,0,
2026-05-16T16:08:02.524588,GET,/api/mixed/pipeline/1/,4.11,82,0,
2026-05-16T16:08:02.525346,GET,/api/mixed/db/1/,4.43,247,0,
2026-05-16T16:08:02.531428,GET,/api/mixed/http/,107.7,55353,0,
2026-05-16T16:08:02.540626,GET,/api/mixed/db/1/,3.82,247,0,
2026-05-16T16:08:02.545524,GET,/api/mixed/db/1/,3.56,247,0,
2026-05-16T16:08:02.554411,GET,/api/mixed/pipeline/1/,3.08,82,0,
2026-05-16T16:08:02.558370,GET,/api/mixed/pipeline/1/,2.59,82,0,
2026-05-16T16:08:02.569322,GET,/api/mixed/db/1/,3.7,247,0,
2026-05-16T16:08:02.591901,GET,/api/mixed/pipeline/1/,3.22,82,0,
2026-05-16T16:08:02.632429,GET,/api/mixed/db/1/,4.15,247,0,
2026-05-16T16:08:02.659943,GET,/api/mixed/http/,109.05,55353,0,
2026-05-16T16:08:02.666078,GET,/api/mixed/pipeline/1/,2.77,82,0,
2026-05-16T16:08:02.678009,GET,/api/mixed/db/1/,4.12,247,0,
2026-05-16T16:08:02.678560,GET,/api/mixed/db/1/,5.18,247,0,
2026-05-16T16:08:02.704813,GET,/api/mixed/pipeline/1/,3.31,82,0,
2026-05-16T16:08:02.725896,GET,/api/mixed/pipeline/1/,4.24,82,0,
2026-05-16T16:08:02.727462,GET,/api/mixed/db/1/,3.94,247,0,
2026-05-16T16:08:02.753329,GET,/api/mixed/http/,110.64,55353,0,
2026-05-16T16:08:02.754512,GET,/api/mixed/db/1/,4.89,247,0,
2026-05-16T16:08:02.756764,GET,/api/mixed/pipeline/1/,3.3,82,0,
2026-05-16T16:08:02.766147,GET,/api/mixed/db/1/,5.06,247,0,
2026-05-16T16:08:02.784647,GET,/api/mixed/db/1/,3.83,247,0,
2026-05-16T16:08:02.786601,GET,/api/mixed/pipeline/1/,3.32,82,0,
2026-05-16T16:08:02.804576,GET,/api/mixed/http/,108.66,55353,0,
2026-05-16T16:08:02.810700,GET,/api/mixed/http/,108.56,55353,0,
2026-05-16T16:08:02.813786,GET,/api/mixed/db/1/,5.89,247,0,
2026-05-16T16:08:02.827940,GET,/api/mixed/http/,107.78,55353,0,
2026-05-16T16:08:02.839653,GET,/api/mixed/pipeline/1/,4.42,82,0,
2026-05-16T16:08:02.840742,GET,/api/mixed/db/1/,5.06,247,0,
2026-05-16T16:08:02.841329,GET,/api/mixed/http/,109.7,55353,0,
2026-05-16T16:08:02.845299,GET,/api/mixed/http/,110.06,55353,0,
2026-05-16T16:08:02.858343,GET,/api/mixed/pipeline/1/,2.89,82,0,
2026-05-16T16:08:02.864294,GET,/api/mixed/db/1/,3.61,247,0,
2026-05-16T16:08:02.879366,GET,/api/mixed/http/,107.97,55353,0,
2026-05-16T16:08:02.881716,GET,/api/mixed/pipeline/1/,3.29,82,0,
2026-05-16T16:08:02.896898,GET,/api/mixed/pipeline/1/,2.9,82,0,
2026-05-16T16:08:02.909402,GET,/api/mixed/http/,107.61,55353,0,
2026-05-16T16:08:02.916640,GET,/api/mixed/http/,108.05,55353,0,
2026-05-16T16:08:02.927231,GET,/api/mixed/db/1/,3.76,247,0,
2026-05-16T16:08:02.931960,GET,/api/mixed/pipeline/1/,3.5,82,0,
2026-05-16T16:08:02.933599,GET,/api/mixed/db/1/,3.9,247,0,
2026-05-16T16:08:02.948688,GET,/api/mixed/db/1/,5.72,247,0,
2026-05-16T16:08:02.949201,GET,/api/mixed/db/1/,5.16,247,0,
2026-05-16T16:08:02.953210,GET,/api/mixed/http/,108.93,55353,0,
2026-05-16T16:08:02.958212,GET,/api/mixed/http/,108.25,55353,0,
2026-05-16T16:08:02.979007,GET,/api/mixed/pipeline/1/,3.46,82,0,
2026-05-16T16:08:02.979580,GET,/api/mixed/pipeline/1/,3.55,82,0,
2026-05-16T16:08:03.004735,GET,/api/mixed/db/1/,3.77,247,0,
2026-05-16T16:08:03.010539,GET,/api/mixed/http/,107.44,55353,0,
2026-05-16T16:08:03.025432,GET,/api/mixed/http/,107.5,55353,0,
2026-05-16T16:08:03.031860,GET,/api/mixed/db/1/,4.21,247,0,
2026-05-16T16:08:03.049002,GET,/api/mixed/db/1/,4.35,247,0,
2026-05-16T16:08:03.052016,GET,/api/mixed/db/1/,4.0,247,0,
2026-05-16T16:08:03.063074,GET,/api/mixed/http/,109.72,55353,0,
2026-05-16T16:08:03.063617,GET,/api/mixed/http/,109.73,55353,0,
2026-05-16T16:08:03.072777,GET,/api/mixed/pipeline/1/,4.38,82,0,
2026-05-16T16:08:03.074722,GET,/api/mixed/pipeline/1/,2.93,82,0,
2026-05-16T16:08:03.102208,GET,/api/mixed/pipeline/1/,3.57,82,0,
2026-05-16T16:08:03.102941,GET,/api/mixed/http/,109.99,55353,0,
2026-05-16T16:08:03.103521,GET,/api/mixed/db/1/,5.59,247,0,
2026-05-16T16:08:03.104653,GET,/api/mixed/http/,109.09,55353,0,
2026-05-16T16:08:03.119884,GET,/api/mixed/db/1/,3.91,247,0,
2026-05-16T16:08:03.135639,GET,/api/mixed/pipeline/1/,2.94,82,0,
2026-05-16T16:08:03.139119,GET,/api/mixed/http/,108.1,55353,0,
2026-05-16T16:08:03.148717,GET,/api/mixed/http/,107.69,55353,0,
2026-05-16T16:08:03.165387,GET,/api/mixed/http/,108.19,55353,0,
2026-05-16T16:08:03.171439,GET,/api/mixed/http/,107.72,55353,0,
2026-05-16T16:08:03.223037,GET,/api/mixed/http/,108.03,55353,0,
2026-05-16T16:08:03.225971,GET,/api/mixed/pipeline/1/,2.81,82,0,
2026-05-16T16:08:03.237195,GET,/api/mixed/http/,111.98,55353,0,
2026-05-16T16:08:03.239080,GET,/api/mixed/pipeline/1/,4.9,82,0,
2026-05-16T16:08:03.241687,GET,/api/mixed/pipeline/1/,4.36,82,0,
2026-05-16T16:08:03.250060,GET,/api/mixed/pipeline/1/,4.16,82,0,
2026-05-16T16:08:03.284942,GET,/api/mixed/db/1/,4.5,247,0,
2026-05-16T16:08:03.287091,GET,/api/mixed/pipeline/1/,3.03,82,0,
2026-05-16T16:08:03.295089,GET,/api/mixed/db/1/,3.75,247,0,
2026-05-16T16:08:03.298790,GET,/api/mixed/db/1/,3.59,247,0,
2026-05-16T16:08:03.303908,GET,/api/mixed/pipeline/1/,2.81,82,0,
2026-05-16T16:08:03.317065,GET,/api/mixed/pipeline/1/,2.87,82,0,
2026-05-16T16:08:03.321793,GET,/api/mixed/http/,107.92,55353,0,
2026-05-16T16:08:03.332040,GET,/api/mixed/pipeline/1/,2.99,82,0,
2026-05-16T16:08:03.346730,GET,/api/mixed/http/,108.88,55353,0,
2026-05-16T16:08:03.349492,GET,/api/mixed/pipeline/1/,2.64,82,0,
2026-05-16T16:08:03.356996,GET,/api/mixed/http/,109.68,55353,0,
2026-05-16T16:08:03.369236,GET,/api/mixed/pipeline/1/,2.96,82,0,
2026-05-16T16:08:03.402341,GET,/api/mixed/db/1/,4.31,247,0,
2026-05-16T16:08:03.402971,GET,/api/mixed/db/1/,3.99,247,0,
2026-05-16T16:08:03.411168,GET,/api/mixed/pipeline/1/,2.85,82,0,
2026-05-16T16:08:03.424862,GET,/api/mixed/pipeline/1/,2.84,82,0,
2026-05-16T16:08:03.446801,GET,/api/mixed/db/1/,3.75,247,0,
2026-05-16T16:08:03.451823,GET,/api/mixed/db/1/,3.65,247,0,
2026-05-16T16:08:03.482322,GET,/api/mixed/pipeline/1/,3.47,82,0,
2026-05-16T16:08:03.484371,GET,/api/mixed/http/,108.8,55353,0,
2026-05-16T16:08:03.487830,GET,/api/mixed/http/,108.71,55353,0,
2026-05-16T16:08:03.498386,GET,/api/mixed/http/,107.84,55353,0,
2026-05-16T16:08:03.516371,GET,/api/mixed/pipeline/1/,3.16,82,0,
2026-05-16T16:08:03.523329,GET,/api/mixed/http/,107.81,55353,0,
2026-05-16T16:08:03.529610,GET,/api/mixed/pipeline/1/,3.42,82,0,
2026-05-16T16:08:03.545588,GET,/api/mixed/http/,108.42,55353,0,
2026-05-16T16:08:03.553013,GET,/api/mixed/pipeline/1/,3.24,82,0,
2026-05-16T16:08:03.563222,GET,/api/mixed/pipeline/1/,3.02,82,0,
2026-05-16T16:08:03.578940,GET,/api/mixed/http/,109.9,55353,0,
2026-05-16T16:08:03.609210,GET,/api/mixed/http/,109.58,55353,0,
2026-05-16T16:08:03.612381,GET,/api/mixed/pipeline/1/,5.2,82,0,
2026-05-16T16:08:03.612864,GET,/api/mixed/db/1/,7.32,247,0,
2026-05-16T16:08:03.615275,GET,/api/mixed/pipeline/1/,4.02,82,0,
2026-05-16T16:08:03.621113,GET,/api/mixed/pipeline/1/,3.65,82,0,
2026-05-16T16:08:03.625481,GET,/api/mixed/db/1/,4.24,247,0,
2026-05-16T16:08:03.634384,GET,/api/mixed/http/,108.66,55353,0,
2026-05-16T16:08:03.644394,GET,/api/mixed/http/,108.35,55353,0,
2026-05-16T16:08:03.682061,GET,/api/mixed/pipeline/1/,3.36,82,0,
2026-05-16T16:08:03.687023,GET,/api/mixed/http/,110.59,55353,0,
2026-05-16T16:08:03.693194,GET,/api/mixed/http/,108.28,55353,0,
2026-05-16T16:08:03.699688,GET,/api/mixed/db/1/,5.17,247,0,
2026-05-16T16:08:03.707150,GET,/api/mixed/db/1/,5.04,247,0,
2026-05-16T16:08:03.708563,GET,/api/mixed/db/1/,7.53,247,0,
2026-05-16T16:08:03.711370,GET,/api/mixed/pipeline/1/,4.07,82,0,
2026-05-16T16:08:03.723926,GET,/api/mixed/db/1/,4.16,247,0,
2026-05-16T16:08:03.736237,GET,/api/mixed/pipeline/1/,3.28,82,0,
2026-05-16T16:08:03.743370,GET,/api/mixed/http/,107.77,55353,0,
2026-05-16T16:08:03.747841,GET,/api/mixed/pipeline/1/,3.08,82,0,
2026-05-16T16:08:03.754083,GET,/api/mixed/db/1/,3.94,247,0,
2026-05-16T16:08:03.770895,GET,/api/mixed/pipeline/1/,4.56,82,0,
2026-05-16T16:08:03.772671,GET,/api/mixed/db/1/,5.35,247,0,
2026-05-16T16:08:03.791751,GET,/api/mixed/http/,108.42,55353,0,
2026-05-16T16:08:03.803523,GET,/api/mixed/http/,108.35,55353,0,
2026-05-16T16:08:03.807200,GET,/api/mixed/db/1/,5.14,247,0,
2026-05-16T16:08:03.815965,GET,/api/mixed/http/,110.06,55353,0,
2026-05-16T16:08:03.824523,GET,/api/mixed/pipeline/1/,3.23,82,0,
2026-05-16T16:08:03.836207,GET,/api/mixed/http/,107.92,55353,0,
2026-05-16T16:08:03.872370,GET,/api/mixed/pipeline/1/,3.69,82,0,
2026-05-16T16:08:03.880104,GET,/api/mixed/http/,113.19,55353,0,
2026-05-16T16:08:03.886477,GET,/api/mixed/pipeline/1/,3.01,82,0,
2026-05-16T16:08:03.892244,GET,/api/mixed/db/1/,4.56,247,0,
2026-05-16T16:08:03.895931,GET,/api/mixed/http/,109.0,55353,0,
2026-05-16T16:08:03.935303,GET,/api/mixed/pipeline/1/,3.42,82,0,
2026-05-16T16:08:03.945223,GET,/api/mixed/http/,107.81,55353,0,
2026-05-16T16:08:03.954529,GET,/api/mixed/pipeline/1/,3.09,82,0,
2026-05-16T16:08:03.998162,GET,/api/mixed/db/1/,3.83,247,0,
2026-05-16T16:08:04.007497,GET,/api/mixed/pipeline/1/,3.0,82,0,
2026-05-16T16:08:04.020768,GET,/api/mixed/db/1/,4.85,247,0,
2026-05-16T16:08:04.024942,GET,/api/mixed/db/1/,5.17,247,0,
2026-05-16T16:08:04.028413,GET,/api/mixed/http/,110.23,55353,0,
2026-05-16T16:08:04.029759,GET,/api/mixed/pipeline/1/,3.58,82,0,
2026-05-16T16:08:04.035068,GET,/api/mixed/db/1/,3.95,247,0,
2026-05-16T16:08:04.072135,GET,/api/mixed/pipeline/1/,5.99,82,0,
2026-05-16T16:08:04.073350,GET,/api/mixed/db/1/,6.71,247,0,
2026-05-16T16:08:04.078524,GET,/api/mixed/db/1/,4.02,247,0,
2026-05-16T16:08:04.089262,GET,/api/mixed/db/1/,4.0,247,0,
2026-05-16T16:08:04.092949,GET,/api/mixed/db/1/,5.19,247,0,
2026-05-16T16:08:04.095010,GET,/api/mixed/pipeline/1/,4.05,82,0,
2026-05-16T16:08:04.097650,GET,/api/mixed/pipeline/1/,3.65,82,0,
2026-05-16T16:08:04.099199,GET,/api/mixed/http/,109.45,55353,0,
2026-05-16T16:08:04.128037,GET,/api/mixed/pipeline/1/,5.04,82,0,
2026-05-16T16:08:04.129423,GET,/api/mixed/db/1/,6.95,247,0,
2026-05-16T16:08:04.133741,GET,/api/mixed/db/1/,5.41,247,0,
2026-05-16T16:08:04.139139,GET,/api/mixed/db/1/,3.95,247,0,
2026-05-16T16:08:04.144950,GET,/api/mixed/db/1/,4.46,247,0,
2026-05-16T16:08:04.176410,GET,/api/mixed/http/,110.9,55353,0,
2026-05-16T16:08:04.190695,GET,/api/mixed/http/,109.01,55353,0,
2026-05-16T16:08:04.203104,GET,/api/mixed/pipeline/1/,7.09,82,0,
2026-05-16T16:08:04.216581,GET,/api/mixed/db/1/,4.95,247,0,
2026-05-16T16:08:04.224291,GET,/api/mixed/pipeline/1/,6.32,82,0,
2026-05-16T16:08:04.236949,GET,/api/mixed/http/,110.61,55353,0,
2026-05-16T16:08:04.241892,GET,/api/mixed/http/,110.46,55353,0,
2026-05-16T16:08:04.243101,GET,/api/mixed/db/1/,5.47,247,0,
2026-05-16T16:08:04.265506,GET,/api/mixed/db/1/,4.15,247,0,
2026-05-16T16:08:04.270098,GET,/api/mixed/db/1/,4.46,247,0,
2026-05-16T16:08:04.272474,GET,/api/mixed/http/,109.19,55353,0,
2026-05-16T16:08:04.281950,GET,/api/mixed/pipeline/1/,3.23,82,0,
2026-05-16T16:08:04.285476,GET,/api/mixed/db/1/,4.79,247,0,
2026-05-16T16:08:04.285950,GET,/api/mixed/db/1/,5.73,247,0,
2026-05-16T16:08:04.293750,GET,/api/mixed/http/,108.07,55353,0,
2026-05-16T16:08:04.321134,GET,/api/mixed/http/,108.1,55353,0,
2026-05-16T16:08:04.329544,GET,/api/mixed/db/1/,4.19,247,0,
2026-05-16T16:08:04.345208,GET,/api/mixed/http/,109.46,55353,0,
2026-05-16T16:08:04.351167,GET,/api/mixed/http/,109.11,55353,0,
2026-05-16T16:08:04.359112,GET,/api/mixed/http/,108.4,55353,0,
2026-05-16T16:08:04.368815,GET,/api/mixed/http/,108.54,55353,0,
2026-05-16T16:08:04.375246,GET,/api/mixed/db/1/,4.18,247,0,
2026-05-16T16:08:04.392681,GET,/api/mixed/pipeline/1/,3.09,82,0,
2026-05-16T16:08:04.393138,GET,/api/mixed/pipeline/1/,4.71,82,0,
2026-05-16T16:08:04.427891,GET,/api/mixed/pipeline/1/,5.18,82,0,
2026-05-16T16:08:04.434130,GET,/api/mixed/pipeline/1/,3.81,82,0,
2026-05-16T16:08:04.440611,GET,/api/mixed/http/,107.71,55353,0,
2026-05-16T16:08:04.450069,GET,/api/mixed/http/,112.85,55353,0,
2026-05-16T16:08:04.450717,GET,/api/mixed/pipeline/1/,4.26,82,0,
2026-05-16T16:08:04.451295,GET,/api/mixed/db/1/,8.77,247,0,
2026-05-16T16:08:04.452055,GET,/api/mixed/db/1/,6.24,247,0,
2026-05-16T16:08:04.460174,GET,/api/mixed/pipeline/1/,4.3,82,0,
2026-05-16T16:08:04.461209,GET,/api/mixed/db/1/,4.97,247,0,
2026-05-16T16:08:04.467331,GET,/api/mixed/db/1/,3.96,247,0,
2026-05-16T16:08:04.477819,GET,/api/mixed/pipeline/1/,2.88,82,0,
2026-05-16T16:08:04.498043,GET,/api/mixed/pipeline/1/,2.85,82,0,
2026-05-16T16:08:04.521464,GET,/api/mixed/http/,108.02,55353,0,
2026-05-16T16:08:04.526555,GET,/api/mixed/http/,108.41,55353,0,
2026-05-16T16:08:04.532078,GET,/api/mixed/db/1/,6.44,247,0,
2026-05-16T16:08:04.533704,GET,/api/mixed/http/,111.98,55353,0,
2026-05-16T16:08:04.534595,GET,/api/mixed/pipeline/1/,4.44,82,0,
2026-05-16T16:08:04.535267,GET,/api/mixed/http/,110.77,55353,0,
2026-05-16T16:08:04.535977,GET,/api/mixed/http/,112.89,55353,0,
2026-05-16T16:08:04.539889,GET,/api/mixed/http/,109.03,55353,0,
2026-05-16T16:08:04.549066,GET,/api/mixed/pipeline/1/,2.63,82,0,
2026-05-16T16:08:04.557270,GET,/api/mixed/db/1/,3.87,247,0,
2026-05-16T16:08:04.564622,GET,/api/mixed/http/,109.23,55353,0,
2026-05-16T16:08:04.569865,GET,/api/mixed/pipeline/1/,3.9,82,0,
2026-05-16T16:08:04.570841,GET,/api/mixed/db/1/,4.33,247,0,
2026-05-16T16:08:04.574781,GET,/api/mixed/http/,108.89,55353,0,
2026-05-16T16:08:04.588644,GET,/api/mixed/pipeline/1/,2.64,82,0,
2026-05-16T16:08:04.623017,GET,/api/mixed/pipeline/1/,3.02,82,0,
2026-05-16T16:08:04.640867,GET,/api/mixed/db/1/,3.75,247,0,
2026-05-16T16:08:04.652454,GET,/api/mixed/http/,108.42,55353,0,
2026-05-16T16:08:04.665679,GET,/api/mixed/db/1/,4.04,247,0,
2026-05-16T16:08:04.690662,GET,/api/mixed/http/,112.61,55353,0,
2026-05-16T16:08:04.692933,GET,/api/mixed/http/,111.36,55353,0,
2026-05-16T16:08:04.705137,GET,/api/mixed/db/1/,4.86,247,0,
2026-05-16T16:08:04.712240,GET,/api/mixed/db/1/,3.79,247,0,
2026-05-16T16:08:04.736124,GET,/api/mixed/db/1/,4.12,247,0,
2026-05-16T16:08:04.739090,GET,/api/mixed/http/,108.53,55353,0,
2026-05-16T16:08:04.741015,GET,/api/mixed/db/1/,4.76,247,0,
2026-05-16T16:08:04.741479,GET,/api/mixed/db/1/,4.68,247,0,
2026-05-16T16:08:04.754131,GET,/api/mixed/http/,108.08,55353,0,
2026-05-16T16:08:04.758264,GET,/api/mixed/db/1/,3.98,247,0,
2026-05-16T16:08:04.769484,GET,/api/mixed/pipeline/1/,2.94,82,0,
2026-05-16T16:08:04.775937,GET,/api/mixed/http/,107.92,55353,0,
2026-05-16T16:08:04.808766,GET,/api/mixed/http/,107.97,55353,0,
2026-05-16T16:08:04.819434,GET,/api/mixed/http/,108.53,55353,0,
2026-05-16T16:08:04.847056,GET,/api/mixed/pipeline/1/,5.14,82,0,
2026-05-16T16:08:04.848216,GET,/api/mixed/db/1/,5.7,247,0,
2026-05-16T16:08:04.851524,GET,/api/mixed/db/1/,4.34,247,0,
2026-05-16T16:08:04.855945,GET,/api/mixed/http/,108.14,55353,0,
2026-05-16T16:08:04.867289,GET,/api/mixed/pipeline/1/,2.99,82,0,
2026-05-16T16:08:04.874975,GET,/api/mixed/pipeline/1/,2.89,82,0,
2026-05-16T16:08:04.896866,GET,/api/mixed/http/,108.64,55353,0,
2026-05-16T16:08:04.901502,GET,/api/mixed/pipeline/1/,3.36,82,0,
2026-05-16T16:08:04.904443,GET,/api/mixed/http/,108.58,55353,0,
2026-05-16T16:08:04.918342,GET,/api/mixed/db/1/,4.6,247,0,
2026-05-16T16:08:04.920686,GET,/api/mixed/http/,108.74,55353,0,
2026-05-16T16:08:04.935356,GET,/api/mixed/db/1/,4.28,247,0,
2026-05-16T16:08:04.939970,GET,/api/mixed/pipeline/1/,2.84,82,0,
2026-05-16T16:08:04.948875,GET,/api/mixed/pipeline/1/,3.75,82,0,
2026-05-16T16:08:04.949391,GET,/api/mixed/db/1/,4.67,247,0,
2026-05-16T16:08:04.949851,GET,/api/mixed/pipeline/1/,5.57,82,0,
2026-05-16T16:08:04.972722,GET,/api/mixed/db/1/,3.92,247,0,
2026-05-16T16:08:04.976355,GET,/api/mixed/http/,107.89,55353,0,
2026-05-16T16:08:04.978564,GET,/api/mixed/pipeline/1/,3.63,82,0,
2026-05-16T16:08:04.994732,GET,/api/mixed/db/1/,3.8,247,0,
2026-05-16T16:08:05.004762,GET,/api/mixed/db/1/,5.13,247,0,
2026-05-16T16:08:05.014959,GET,/api/mixed/db/1/,3.77,247,0,
2026-05-16T16:08:05.025689,GET,/api/mixed/http/,108.36,55353,0,
2026-05-16T16:08:05.042118,GET,/api/mixed/http/,108.18,55353,0,
2026-05-16T16:08:05.054765,GET,/api/mixed/db/1/,4.42,247,0,
2026-05-16T16:08:05.068727,GET,/api/mixed/http/,107.66,55353,0,
2026-05-16T16:08:05.074880,GET,/api/mixed/db/1/,4.3,247,0,
2026-05-16T16:08:05.083635,GET,/api/mixed/db/1/,4.4,247,0,
2026-05-16T16:08:05.092215,GET,/api/mixed/db/1/,5.17,247,0,
2026-05-16T16:08:05.092683,GET,/api/mixed/db/1/,3.93,247,0,
2026-05-16T16:08:05.109277,GET,/api/mixed/http/,110.63,55353,0,
2026-05-16T16:08:05.113538,GET,/api/mixed/http/,115.5,55353,0,
2026-05-16T16:08:05.114791,GET,/api/mixed/http/,114.36,55353,0,
2026-05-16T16:08:05.158233,GET,/api/mixed/db/1/,4.2,247,0,
2026-05-16T16:08:05.167278,GET,/api/mixed/db/1/,3.84,247,0,
2026-05-16T16:08:05.180063,GET,/api/mixed/http/,110.08,55353,0,
2026-05-16T16:08:05.196291,GET,/api/mixed/http/,108.25,55353,0,
2026-05-16T16:08:05.202011,GET,/api/mixed/http/,108.02,55353,0,
2026-05-16T16:08:05.208543,GET,/api/mixed/db/1/,3.79,247,0,
2026-05-16T16:08:05.232667,GET,/api/mixed/db/1/,6.07,247,0,
2026-05-16T16:08:05.256924,GET,/api/mixed/db/1/,4.37,247,0,
2026-05-16T16:08:05.262568,GET,/api/mixed/db/1/,6.5,247,0,
2026-05-16T16:08:05.263394,GET,/api/mixed/pipeline/1/,3.61,82,0,
2026-05-16T16:08:05.264876,GET,/api/mixed/db/1/,5.68,247,0,
2026-05-16T16:08:05.275287,GET,/api/mixed/pipeline/1/,4.18,82,0,
2026-05-16T16:08:05.276296,GET,/api/mixed/http/,110.38,55353,0,
2026-05-16T16:08:05.276879,GET,/api/mixed/db/1/,4.73,247,0,
2026-05-16T16:08:05.278883,GET,/api/mixed/http/,111.47,55353,0,
2026-05-16T16:08:05.283290,GET,/api/mixed/http/,112.79,55353,0,
2026-05-16T16:08:05.283874,GET,/api/mixed/http/,111.06,55353,0,
2026-05-16T16:08:05.289192,GET,/api/mixed/db/1/,3.98,247,0,
2026-05-16T16:08:05.308932,GET,/api/mixed/http/,108.43,55353,0,
2026-05-16T16:08:05.322645,GET,/api/mixed/http/,107.83,55353,0,
2026-05-16T16:08:05.339707,GET,/api/mixed/http/,109.04,55353,0,
2026-05-16T16:08:05.373660,GET,/api/mixed/db/1/,4.02,247,0,
2026-05-16T16:08:05.379789,GET,/api/mixed/pipeline/1/,2.93,82,0,
2026-05-16T16:08:05.396073,GET,/api/mixed/db/1/,4.07,247,0,
2026-05-16T16:08:05.437771,GET,/api/mixed/db/1/,4.74,247,0,
2026-05-16T16:08:05.447214,GET,/api/mixed/db/1/,4.01,247,0,
2026-05-16T16:08:05.449379,GET,/api/mixed/pipeline/1/,3.6,82,0,
2026-05-16T16:08:05.459505,GET,/api/mixed/pipeline/1/,2.82,82,0,
2026-05-16T16:08:05.463899,GET,/api/mixed/http/,107.94,55353,0,
2026-05-16T16:08:05.479888,GET,/api/mixed/pipeline/1/,2.78,82,0,
2026-05-16T16:08:05.484666,GET,/api/mixed/pipeline/1/,3.42,82,0,
2026-05-16T16:08:05.495859,GET,/api/mixed/pipeline/1/,3.8,82,0,
2026-05-16T16:08:05.499386,GET,/api/mixed/db/1/,4.7,247,0,
2026-05-16T16:08:05.524810,GET,/api/mixed/http/,109.45,55353,0,
2026-05-16T16:08:05.538085,GET,/api/mixed/db/1/,3.96,247,0,
2026-05-16T16:08:05.545272,GET,/api/mixed/pipeline/1/,2.86,82,0,
2026-05-16T16:08:05.554432,GET,/api/mixed/http/,108.19,55353,0,
2026-05-16T16:08:05.578484,GET,/api/mixed/db/1/,3.83,247,0,
2026-05-16T16:08:05.590506,GET,/api/mixed/http/,108.83,55353,0,
2026-05-16T16:08:05.624589,GET,/api/mixed/http/,108.99,55353,0,
2026-05-16T16:08:05.644536,GET,/api/mixed/db/1/,3.73,247,0,
2026-05-16T16:08:05.664937,GET,/api/mixed/db/1/,10.02,247,0,
2026-05-16T16:08:05.671403,GET,/api/mixed/http/,107.62,55353,0,
2026-05-16T16:08:05.676453,GET,/api/mixed/pipeline/1/,3.71,82,0,
2026-05-16T16:08:05.681562,GET,/api/mixed/http/,108.19,55353,0,
2026-05-16T16:08:05.701642,GET,/api/mixed/http/,107.82,55353,0,
2026-05-16T16:08:05.712911,GET,/api/mixed/db/1/,3.91,247,0,
2026-05-16T16:08:05.732227,GET,/api/mixed/http/,108.6,55353,0,
2026-05-16T16:08:05.748691,GET,/api/mixed/http/,108.89,55353,0,
2026-05-16T16:08:05.764277,GET,/api/mixed/pipeline/1/,3.21,82,0,
2026-05-16T16:08:05.769260,GET,/api/mixed/http/,111.8,55353,0,
2026-05-16T16:08:05.770410,GET,/api/mixed/http/,110.69,55353,0,
2026-05-16T16:08:05.771017,GET,/api/mixed/http/,109.95,55353,0,
2026-05-16T16:08:05.771519,GET,/api/mixed/pipeline/1/,4.05,82,0,
2026-05-16T16:08:05.781088,GET,/api/mixed/http/,107.9,55353,0,
2026-05-16T16:08:05.812470,GET,/api/mixed/db/1/,5.82,247,0,
2026-05-16T16:08:05.851400,GET,/api/mixed/http/,109.87,55353,0,
2026-05-16T16:08:05.891166,GET,/api/mixed/http/,107.68,55353,0,
2026-05-16T16:08:05.897696,GET,/api/mixed/db/1/,4.38,247,0,
2026-05-16T16:08:05.904893,GET,/api/mixed/db/1/,8.06,247,0,
2026-05-16T16:08:05.914334,GET,/api/mixed/db/1/,4.1,247,0,
2026-05-16T16:08:05.916415,GET,/api/mixed/http/,109.3,55353,0,
2026-05-16T16:08:05.924567,GET,/api/mixed/db/1/,3.94,247,0,
2026-05-16T16:08:05.927505,GET,/api/mixed/db/1/,4.48,247,0,
2026-05-16T16:08:05.935093,GET,/api/mixed/db/1/,4.19,247,0,
2026-05-16T16:08:05.937635,GET,/api/mixed/pipeline/1/,3.39,82,0,
2026-05-16T16:08:05.943675,GET,/api/mixed/pipeline/1/,2.73,82,0,
2026-05-16T16:08:05.949739,GET,/api/mixed/pipeline/1/,2.83,82,0,
2026-05-16T16:08:05.952561,GET,/api/mixed/http/,107.92,55353,0,
2026-05-16T16:08:05.980367,GET,/api/mixed/http/,108.72,55353,0,
2026-05-16T16:08:05.980854,GET,/api/mixed/http/,108.16,55353,0,
2026-05-16T16:08:05.989746,GET,/api/mixed/pipeline/1/,3.42,82,0,
2026-05-16T16:08:05.990269,GET,/api/mixed/db/1/,5.25,247,0,
2026-05-16T16:08:05.991171,GET,/api/mixed/db/1/,3.95,247,0,
2026-05-16T16:08:06.025021,GET,/api/mixed/pipeline/1/,2.88,82,0,
2026-05-16T16:08:06.044240,GET,/api/mixed/http/,108.33,55353,0,
2026-05-16T16:08:06.047987,GET,/api/mixed/pipeline/1/,4.71,82,0,
2026-05-16T16:08:06.048743,GET,/api/mixed/db/1/,4.31,247,0,
2026-05-16T16:08:06.052871,GET,/api/mixed/pipeline/1/,2.75,82,0,
2026-05-16T16:08:06.079353,GET,/api/mixed/http/,108.41,55353,0,
2026-05-16T16:08:06.089482,GET,/api/mixed/db/1/,4.3,247,0,
2026-05-16T16:08:06.089892,GET,/api/mixed/db/1/,4.31,247,0,
2026-05-16T16:08:06.100142,GET,/api/mixed/pipeline/1/,4.01,82,0,
2026-05-16T16:08:06.108440,GET,/api/mixed/http/,107.92,55353,0,
2026-05-16T16:08:06.112645,GET,/api/mixed/pipeline/1/,2.84,82,0,
2026-05-16T16:08:06.130733,GET,/api/mixed/pipeline/1/,4.72,82,0,
2026-05-16T16:08:06.131485,GET,/api/mixed/pipeline/1/,4.36,82,0,
2026-05-16T16:08:06.157269,GET,/api/mixed/pipeline/1/,3.3,82,0,
2026-05-16T16:08:06.169389,GET,/api/mixed/pipeline/1/,3.18,82,0,
2026-05-16T16:08:06.176895,GET,/api/mixed/pipeline/1/,3.28,82,0,
2026-05-16T16:08:06.190780,GET,/api/mixed/http/,108.21,55353,0,
2026-05-16T16:08:06.196506,GET,/api/mixed/pipeline/1/,3.14,82,0,
2026-05-16T16:08:06.224375,GET,/api/mixed/pipeline/1/,3.09,82,0,
2026-05-16T16:08:06.229230,GET,/api/mixed/db/1/,3.63,247,0,
2026-05-16T16:08:06.235807,GET,/api/mixed/http/,107.85,55353,0,
2026-05-16T16:08:06.241361,GET,/api/mixed/http/,107.65,55353,0,
2026-05-16T16:08:06.251816,GET,/api/mixed/db/1/,6.7,247,0,
2026-05-16T16:08:06.254475,GET,/api/mixed/http/,113.26,55353,0,
2026-05-16T16:08:06.255875,GET,/api/mixed/db/1/,5.22,247,0,
2026-05-16T16:08:06.256857,GET,/api/mixed/pipeline/1/,4.15,82,0,
2026-05-16T16:08:06.269314,GET,/api/mixed/http/,107.84,55353,0,
2026-05-16T16:08:06.273772,GET,/api/mixed/pipeline/1/,3.21,82,0,
2026-05-16T16:08:06.275888,GET,/api/mixed/pipeline/1/,2.94,82,0,
2026-05-16T16:08:06.313664,GET,/api/mixed/pipeline/1/,2.99,82,0,
2026-05-16T16:08:06.330442,GET,/api/mixed/pipeline/1/,4.63,82,0,
2026-05-16T16:08:06.331064,GET,/api/mixed/pipeline/1/,4.78,82,0,
2026-05-16T16:08:06.331598,GET,/api/mixed/pipeline/1/,6.18,82,0,
2026-05-16T16:08:06.332678,GET,/api/mixed/http/,111.93,55353,0,
2026-05-16T16:08:06.335618,GET,/api/mixed/pipeline/1/,3.91,82,0,
2026-05-16T16:08:06.338053,GET,/api/mixed/pipeline/1/,3.24,82,0,
2026-05-16T16:08:06.351303,GET,/api/mixed/http/,108.76,55353,0,
2026-05-16T16:08:06.353809,GET,/api/mixed/pipeline/1/,3.53,82,0,
2026-05-16T16:08:06.359155,GET,/api/mixed/db/1/,3.98,247,0,
2026-05-16T16:08:06.362300,GET,/api/mixed/http/,109.11,55353,0,
2026-05-16T16:08:06.398675,GET,/api/mixed/http/,109.57,55353,0,
2026-05-16T16:08:06.400922,GET,/api/mixed/pipeline/1/,5.29,82,0,
2026-05-16T16:08:06.403828,GET,/api/mixed/pipeline/1/,4.06,82,0,
2026-05-16T16:08:06.412050,GET,/api/mixed/pipeline/1/,2.85,82,0,
2026-05-16T16:08:06.434226,GET,/api/mixed/http/,109.31,55353,0,
2026-05-16T16:08:06.441312,GET,/api/mixed/db/1/,3.75,247,0,
2026-05-16T16:08:06.470436,GET,/api/mixed/http/,109.07,55353,0,
2026-05-16T16:08:06.471862,GET,/api/mixed/http/,108.74,55353,0,
2026-05-16T16:08:06.480163,GET,/api/mixed/pipeline/1/,3.9,82,0,
2026-05-16T16:08:06.480882,GET,/api/mixed/db/1/,4.05,247,0,
2026-05-16T16:08:06.495486,GET,/api/mixed/db/1/,4.07,247,0,
2026-05-16T16:08:06.506195,GET,/api/mixed/http/,109.98,55353,0,
2026-05-16T16:08:06.509108,GET,/api/mixed/http/,110.03,55353,0,
2026-05-16T16:08:06.512677,GET,/api/mixed/db/1/,4.51,247,0,
2026-05-16T16:08:06.523043,GET,/api/mixed/pipeline/1/,3.15,82,0,
2026-05-16T16:08:06.523547,GET,/api/mixed/http/,108.3,55353,0,
2026-05-16T16:08:06.551622,GET,/api/mixed/pipeline/1/,3.14,82,0,
2026-05-16T16:08:06.553276,GET,/api/mixed/http/,108.78,55353,0,
2026-05-16T16:08:06.570127,GET,/api/mixed/db/1/,5.62,247,0,
2026-05-16T16:08:06.570753,GET,/api/mixed/db/1/,5.37,247,0,
2026-05-16T16:08:06.571314,GET,/api/mixed/db/1/,6.32,247,0,
2026-05-16T16:08:06.585112,GET,/api/mixed/pipeline/1/,3.47,82,0,
2026-05-16T16:08:06.586798,GET,/api/mixed/db/1/,4.12,247,0,
2026-05-16T16:08:06.596167,GET,/api/mixed/http/,109.93,55353,0,
2026-05-16T16:08:06.597166,GET,/api/mixed/http/,108.18,55353,0,
2026-05-16T16:08:06.618485,GET,/api/mixed/db/1/,4.6,247,0,
2026-05-16T16:08:06.643748,GET,/api/mixed/http/,110.87,55353,0,
2026-05-16T16:08:06.665392,GET,/api/mixed/pipeline/1/,2.77,82,0,
2026-05-16T16:08:06.670216,GET,/api/mixed/db/1/,4.71,247,0,
2026-05-16T16:08:06.692471,GET,/api/mixed/pipeline/1/,3.41,82,0,
2026-05-16T16:08:06.718849,GET,/api/mixed/pipeline/1/,3.11,82,0,
2026-05-16T16:08:06.722163,GET,/api/mixed/http/,108.81,55353,0,
2026-05-16T16:08:06.752468,GET,/api/mixed/db/1/,4.03,247,0,
2026-05-16T16:08:06.762463,GET,/api/mixed/db/1/,5.34,247,0,
2026-05-16T16:08:06.766556,GET,/api/mixed/db/1/,5.66,247,0,
2026-05-16T16:08:06.767751,GET,/api/mixed/http/,110.81,55353,0,
2026-05-16T16:08:06.775785,GET,/api/mixed/db/1/,4.05,247,0,
2026-05-16T16:08:06.783165,GET,/api/mixed/pipeline/1/,3.11,82,0,
2026-05-16T16:08:06.787204,GET,/api/mixed/http/,108.63,55353,0,
2026-05-16T16:08:06.806745,GET,/api/mixed/pipeline/1/,2.84,82,0,
2026-05-16T16:08:06.813891,GET,/api/mixed/db/1/,3.9,247,0,
2026-05-16T16:08:06.826478,GET,/api/mixed/pipeline/1/,3.25,82,0,
2026-05-16T16:08:06.832451,GET,/api/mixed/pipeline/1/,5.85,82,0,
2026-05-16T16:08:06.833040,GET,/api/mixed/pipeline/1/,7.48,82,0,
2026-05-16T16:08:06.843380,GET,/api/mixed/pipeline/1/,2.86,82,0,
2026-05-16T16:08:06.865524,GET,/api/mixed/http/,108.84,55353,0,
2026-05-16T16:08:06.868761,GET,/api/mixed/pipeline/1/,4.27,82,0,
2026-05-16T16:08:06.870951,GET,/api/mixed/pipeline/1/,3.14,82,0,
2026-05-16T16:08:06.875136,GET,/api/mixed/http/,108.45,55353,0,
2026-05-16T16:08:06.877687,GET,/api/mixed/pipeline/1/,3.52,82,0,
2026-05-16T16:08:06.885582,GET,/api/mixed/http/,112.51,55353,0,
2026-05-16T16:08:06.894389,GET,/api/mixed/pipeline/1/,3.07,82,0,
2026-05-16T16:08:06.894989,GET,/api/mixed/pipeline/1/,4.18,82,0,
2026-05-16T16:08:06.899383,GET,/api/mixed/db/1/,4.26,247,0,
2026-05-16T16:08:06.900100,GET,/api/mixed/http/,108.57,55353,0,
2026-05-16T16:08:06.913134,GET,/api/mixed/db/1/,4.63,247,0,
2026-05-16T16:08:06.935705,GET,/api/mixed/http/,108.26,55353,0,
2026-05-16T16:08:06.949436,GET,/api/mixed/db/1/,3.78,247,0,
2026-05-16T16:08:06.963743,GET,/api/mixed/pipeline/1/,2.96,82,0,
2026-05-16T16:08:06.974852,GET,/api/mixed/pipeline/1/,2.88,82,0,
2026-05-16T16:08:06.990326,GET,/api/mixed/db/1/,4.24,247,0,
2026-05-16T16:08:06.991354,GET,/api/mixed/http/,111.25,55353,0,
2026-05-16T16:08:06.999647,GET,/api/mixed/pipeline/1/,2.91,82,0,
2026-05-16T16:08:07.024555,GET,/api/mixed/pipeline/1/,3.02,82,0,
2026-05-16T16:08:07.041071,GET,/api/mixed/db/1/,4.19,247,0,
2026-05-16T16:08:07.044554,GET,/api/mixed/db/1/,4.33,247,0,
2026-05-16T16:08:07.050600,GET,/api/mixed/http/,107.51,55353,0,
2026-05-16T16:08:07.100169,GET,/api/mixed/db/1/,4.47,247,0,
2026-05-16T16:08:07.104062,GET,/api/mixed/db/1/,5.33,247,0,
2026-05-16T16:08:07.109355,GET,/api/mixed/http/,108.35,55353,0,
2026-05-16T16:08:07.123533,GET,/api/mixed/pipeline/1/,3.45,82,0,
2026-05-16T16:08:07.130470,GET,/api/mixed/pipeline/1/,7.8,82,0,
2026-05-16T16:08:07.164785,GET,/api/mixed/http/,108.82,55353,0,
2026-05-16T16:08:07.168767,GET,/api/mixed/pipeline/1/,4.92,82,0,
2026-05-16T16:08:07.169627,GET,/api/mixed/db/1/,6.32,247,0,
2026-05-16T16:08:07.176449,GET,/api/mixed/db/1/,4.56,247,0,
2026-05-16T16:08:07.178959,GET,/api/mixed/pipeline/1/,3.76,82,0,
2026-05-16T16:08:07.181277,GET,/api/mixed/pipeline/1/,3.24,82,0,
2026-05-16T16:08:07.189691,GET,/api/mixed/http/,108.17,55353,0,
2026-05-16T16:08:07.195395,GET,/api/mixed/http/,108.62,55353,0,
2026-05-16T16:08:07.195947,GET,/api/mixed/http/,109.64,55353,0,
2026-05-16T16:08:07.204401,GET,/api/mixed/http/,109.96,55353,0,
2026-05-16T16:08:07.207548,GET,/api/mixed/http/,108.27,55353,0,
2026-05-16T16:08:07.215993,GET,/api/mixed/http/,107.57,55353,0,
2026-05-16T16:08:07.217812,GET,/api/mixed/db/1/,4.05,247,0,
2026-05-16T16:08:07.233123,GET,/api/mixed/pipeline/1/,3.01,82,0,
2026-05-16T16:08:07.233726,GET,/api/mixed/db/1/,4.66,247,0,
2026-05-16T16:08:07.238294,GET,/api/mixed/http/,111.26,55353,0,
2026-05-16T16:08:07.261449,GET,/api/mixed/pipeline/1/,3.28,82,0,
2026-05-16T16:08:07.274212,GET,/api/mixed/http/,109.26,55353,0,
2026-05-16T16:08:07.281986,GET,/api/mixed/http/,109.1,55353,0,
2026-05-16T16:08:07.295967,GET,/api/mixed/http/,108.43,55353,0,
2026-05-16T16:08:07.306168,GET,/api/mixed/pipeline/1/,2.82,82,0,
2026-05-16T16:08:07.319448,GET,/api/mixed/pipeline/1/,2.9,82,0,
2026-05-16T16:08:07.345261,GET,/api/mixed/pipeline/1/,3.47,82,0,
2026-05-16T16:08:07.348419,GET,/api/mixed/db/1/,4.0,247,0,
2026-05-16T16:08:07.367193,GET,/api/mixed/http/,109.52,55353,0,
2026-05-16T16:08:07.375819,GET,/api/mixed/pipeline/1/,7.23,82,0,
2026-05-16T16:08:07.390241,GET,/api/mixed/http/,108.12,55353,0,
2026-05-16T16:08:07.397118,GET,/api/mixed/db/1/,4.51,247,0,
2026-05-16T16:08:07.400168,GET,/api/mixed/db/1/,4.14,247,0,
2026-05-16T16:08:07.403078,GET,/api/mixed/pipeline/1/,2.79,82,0,
2026-05-16T16:08:07.423672,GET,/api/mixed/http/,108.14,55353,0,
2026-05-16T16:08:07.448989,GET,/api/mixed/pipeline/1/,3.85,82,0,
2026-05-16T16:08:07.467943,GET,/api/mixed/pipeline/1/,2.79,82,0,
2026-05-16T16:08:07.473099,GET,/api/mixed/db/1/,3.87,247,0,
2026-05-16T16:08:07.486658,GET,/api/mixed/pipeline/1/,6.2,82,0,
2026-05-16T16:08:07.487215,GET,/api/mixed/db/1/,5.91,247,0,
2026-05-16T16:08:07.487752,GET,/api/mixed/db/1/,6.84,247,0,
2026-05-16T16:08:07.488187,GET,/api/mixed/db/1/,5.88,247,0,
2026-05-16T16:08:07.494426,GET,/api/mixed/pipeline/1/,3.43,82,0,
2026-05-16T16:08:07.505358,GET,/api/mixed/pipeline/1/,2.72,82,0,
2026-05-16T16:08:07.510153,GET,/api/mixed/db/1/,4.65,247,0,
2026-05-16T16:08:07.524053,GET,/api/mixed/http/,107.63,55353,0,
2026-05-16T16:08:07.555209,GET,/api/mixed/db/1/,5.94,247,0,
2026-05-16T16:08:07.556002,GET,/api/mixed/http/,110.38,55353,0,
2026-05-16T16:08:07.558083,GET,/api/mixed/pipeline/1/,4.39,82,0,
2026-05-16T16:08:07.591085,GET,/api/mixed/pipeline/1/,3.09,82,0,
2026-05-16T16:08:07.591517,GET,/api/mixed/pipeline/1/,4.06,82,0,
2026-05-16T16:08:07.599112,GET,/api/mixed/http/,108.57,55353,0,
2026-05-16T16:08:07.620712,GET,/api/mixed/http/,111.84,55353,0,
2026-05-16T16:08:07.636048,GET,/api/mixed/pipeline/1/,2.9,82,0,
2026-05-16T16:08:07.663785,GET,/api/mixed/http/,110.67,55353,0,
2026-05-16T16:08:07.681016,GET,/api/mixed/pipeline/1/,2.91,82,0,
2026-05-16T16:08:07.687781,GET,/api/mixed/pipeline/1/,4.11,82,0,
2026-05-16T16:08:07.688281,GET,/api/mixed/db/1/,5.83,247,0,
2026-05-16T16:08:07.691899,GET,/api/mixed/pipeline/1/,5.37,82,0,
2026-05-16T16:08:07.692629,GET,/api/mixed/pipeline/1/,3.82,82,0,
2026-05-16T16:08:07.693101,GET,/api/mixed/pipeline/1/,4.69,82,0,
2026-05-16T16:08:07.706074,GET,/api/mixed/http/,107.99,55353,0,
2026-05-16T16:08:07.710893,GET,/api/mixed/pipeline/1/,3.45,82,0,
2026-05-16T16:08:07.713230,GET,/api/mixed/pipeline/1/,3.47,82,0,
2026-05-16T16:08:07.720243,GET,/api/mixed/http/,108.51,55353,0,
2026-05-16T16:08:07.726544,GET,/api/mixed/pipeline/1/,2.94,82,0,
2026-05-16T16:08:07.738627,GET,/api/mixed/pipeline/1/,3.25,82,0,
2026-05-16T16:08:07.739447,GET,/api/mixed/db/1/,4.53,247,0,
2026-05-16T16:08:07.760026,GET,/api/mixed/db/1/,4.23,247,0,
2026-05-16T16:08:07.781281,GET,/api/mixed/pipeline/1/,2.91,82,0,
2026-05-16T16:08:07.791809,GET,/api/mixed/db/1/,4.8,247,0,
2026-05-16T16:08:07.794300,GET,/api/mixed/http/,109.79,55353,0,
2026-05-16T16:08:07.802592,GET,/api/mixed/pipeline/1/,3.06,82,0,
2026-05-16T16:08:07.824247,GET,/api/mixed/db/1/,4.29,247,0,
2026-05-16T16:08:07.827557,GET,/api/mixed/db/1/,4.15,247,0,
2026-05-16T16:08:07.830559,GET,/api/mixed/pipeline/1/,2.88,82,0,
2026-05-16T16:08:07.855889,GET,/api/mixed/pipeline/1/,2.97,82,0,
2026-05-16T16:08:07.864723,GET,/api/mixed/db/1/,5.46,247,0,
2026-05-16T16:08:07.895429,GET,/api/mixed/http/,108.9,55353,0,
2026-05-16T16:08:07.912786,GET,/api/mixed/pipeline/1/,3.0,82,0,
2026-05-16T16:08:07.921800,GET,/api/mixed/pipeline/1/,2.65,82,0,
2026-05-16T16:08:07.927444,GET,/api/mixed/db/1/,4.28,247,0,
2026-05-16T16:08:07.930760,GET,/api/mixed/db/1/,4.3,247,0,
2026-05-16T16:08:07.951524,GET,/api/mixed/pipeline/1/,4.02,82,0,
2026-05-16T16:08:07.952334,GET,/api/mixed/http/,109.14,55353,0,
2026-05-16T16:08:07.973815,GET,/api/mixed/db/1/,3.73,247,0,
2026-05-16T16:08:07.988212,GET,/api/mixed/db/1/,4.02,247,0,
2026-05-16T16:08:08.018436,GET,/api/mixed/db/1/,5.85,247,0,
2026-05-16T16:08:08.022060,GET,/api/mixed/db/1/,4.54,247,0,
2026-05-16T16:08:08.043378,GET,/api/mixed/pipeline/1/,2.92,82,0,
2026-05-16T16:08:08.054823,GET,/api/mixed/pipeline/1/,3.17,82,0,
2026-05-16T16:08:08.056284,GET,/api/mixed/http/,109.27,55353,0,
2026-05-16T16:08:08.074448,GET,/api/mixed/http/,107.89,55353,0,
2026-05-16T16:08:08.081008,GET,/api/mixed/db/1/,4.0,247,0,
2026-05-16T16:08:08.097016,GET,/api/mixed/db/1/,4.71,247,0,
2026-05-16T16:08:08.097473,GET,/api/mixed/db/1/,3.79,247,0,
2026-05-16T16:08:08.102189,GET,/api/mixed/db/1/,3.51,247,0,
2026-05-16T16:08:08.107240,GET,/api/mixed/db/1/,3.83,247,0,
2026-05-16T16:08:08.121246,GET,/api/mixed/pipeline/1/,3.84,82,0,
2026-05-16T16:08:08.121728,GET,/api/mixed/pipeline/1/,3.91,82,0,
2026-05-16T16:08:08.126109,GET,/api/mixed/http/,109.95,55353,0,
2026-05-16T16:08:08.148750,GET,/api/mixed/db/1/,4.8,247,0,
2026-05-16T16:08:08.164171,GET,/api/mixed/pipeline/1/,3.04,82,0,
2026-05-16T16:08:08.174549,GET,/api/mixed/db/1/,4.05,247,0,
2026-05-16T16:08:08.184205,GET,/api/mixed/http/,108.39,55353,0,
2026-05-16T16:08:08.215862,GET,/api/mixed/db/1/,5.38,247,0,
2026-05-16T16:08:08.222178,GET,/api/mixed/http/,108.56,55353,0,
2026-05-16T16:08:08.238661,GET,/api/mixed/http/,108.16,55353,0,
2026-05-16T16:08:08.252706,GET,/api/mixed/http/,108.26,55353,0,
2026-05-16T16:08:08.259943,GET,/api/mixed/pipeline/1/,2.86,82,0,
2026-05-16T16:08:08.268538,GET,/api/mixed/db/1/,4.28,247,0,
2026-05-16T16:08:08.270650,GET,/api/mixed/pipeline/1/,3.91,82,0,
2026-05-16T16:08:08.272593,GET,/api/mixed/db/1/,4.93,247,0,
2026-05-16T16:08:08.286605,GET,/api/mixed/http/,107.78,55353,0,
2026-05-16T16:08:08.294838,GET,/api/mixed/db/1/,3.89,247,0,
2026-05-16T16:08:08.304042,GET,/api/mixed/pipeline/1/,2.82,82,0,
2026-05-16T16:08:08.315233,GET,/api/mixed/pipeline/1/,2.95,82,0,
2026-05-16T16:08:08.324370,GET,/api/mixed/db/1/,3.8,247,0,
2026-05-16T16:08:08.328490,GET,/api/mixed/pipeline/1/,2.92,82,0,
2026-05-16T16:08:08.339729,GET,/api/mixed/db/1/,3.84,247,0,
2026-05-16T16:08:08.346740,GET,/api/mixed/http/,109.32,55353,0,
2026-05-16T16:08:08.405131,GET,/api/mixed/pipeline/1/,3.37,82,0,
2026-05-16T16:08:08.407720,GET,/api/mixed/pipeline/1/,3.57,82,0,
2026-05-16T16:08:08.412738,GET,/api/mixed/db/1/,3.6,247,0,
2026-05-16T16:08:08.424424,GET,/api/mixed/db/1/,4.01,247,0,
2026-05-16T16:08:08.424911,GET,/api/mixed/db/1/,5.76,247,0,
2026-05-16T16:08:08.448773,GET,/api/mixed/http/,108.92,55353,0,
2026-05-16T16:08:08.453979,GET,/api/mixed/pipeline/1/,2.83,82,0,
2026-05-16T16:08:08.458657,GET,/api/mixed/http/,108.55,55353,0,
2026-05-16T16:08:08.461413,GET,/api/mixed/pipeline/1/,2.64,82,0,
2026-05-16T16:08:08.470309,GET,/api/mixed/db/1/,5.02,247,0,
2026-05-16T16:08:08.495927,GET,/api/mixed/http/,110.59,55353,0,
2026-05-16T16:08:08.496794,GET,/api/mixed/http/,112.04,55353,0,
2026-05-16T16:08:08.498053,GET,/api/mixed/http/,111.46,55353,0,
2026-05-16T16:08:08.502826,GET,/api/mixed/db/1/,9.22,247,0,
2026-05-16T16:08:08.503379,GET,/api/mixed/db/1/,6.43,247,0,
2026-05-16T16:08:08.504856,GET,/api/mixed/http/,111.58,55353,0,
2026-05-16T16:08:08.510502,GET,/api/mixed/http/,109.69,55353,0,
2026-05-16T16:08:08.514647,GET,/api/mixed/db/1/,4.01,247,0,
2026-05-16T16:08:08.526806,GET,/api/mixed/pipeline/1/,3.77,82,0,
2026-05-16T16:08:08.527257,GET,/api/mixed/pipeline/1/,3.67,82,0,
2026-05-16T16:08:08.537881,GET,/api/mixed/pipeline/1/,3.43,82,0,
2026-05-16T16:08:08.541142,GET,/api/mixed/db/1/,4.22,247,0,
2026-05-16T16:08:08.555655,GET,/api/mixed/pipeline/1/,3.14,82,0,
2026-05-16T16:08:08.571674,GET,/api/mixed/pipeline/1/,3.78,82,0,
2026-05-16T16:08:08.575196,GET,/api/mixed/http/,110.57,55353,0,
2026-05-16T16:08:08.575955,GET,/api/mixed/http/,110.13,55353,0,
2026-05-16T16:08:08.576641,GET,/api/mixed/db/1/,6.05,247,0,
2026-05-16T16:08:08.577300,GET,/api/mixed/http/,113.66,55353,0,
2026-05-16T16:08:08.591777,GET,/api/mixed/db/1/,4.09,247,0,
2026-05-16T16:08:08.610136,GET,/api/mixed/db/1/,4.06,247,0,
2026-05-16T16:08:08.656134,GET,/api/mixed/pipeline/1/,3.0,82,0,
2026-05-16T16:08:08.661566,GET,/api/mixed/pipeline/1/,2.77,82,0,
2026-05-16T16:08:08.689582,GET,/api/mixed/db/1/,4.65,247,0,
2026-05-16T16:08:08.694791,GET,/api/mixed/db/1/,3.87,247,0,
2026-05-16T16:08:08.707480,GET,/api/mixed/db/1/,4.31,247,0,
2026-05-16T16:08:08.710253,GET,/api/mixed/pipeline/1/,3.68,82,0,
2026-05-16T16:08:08.732959,GET,/api/mixed/db/1/,4.05,247,0,
2026-05-16T16:08:08.749542,GET,/api/mixed/http/,108.19,55353,0,
2026-05-16T16:08:08.751397,GET,/api/mixed/db/1/,4.2,247,0,
2026-05-16T16:08:08.764733,GET,/api/mixed/pipeline/1/,3.15,82,0,
2026-05-16T16:08:08.765271,GET,/api/mixed/http/,107.77,55353,0,
2026-05-16T16:08:08.783449,GET,/api/mixed/pipeline/1/,3.44,82,0,
2026-05-16T16:08:08.784480,GET,/api/mixed/db/1/,4.97,247,0,
2026-05-16T16:08:08.810578,GET,/api/mixed/pipeline/1/,3.85,82,0,
2026-05-16T16:08:08.818125,GET,/api/mixed/http/,107.73,55353,0,
2026-05-16T16:08:08.855164,GET,/api/mixed/pipeline/1/,5.49,82,0,
2026-05-16T16:08:08.855716,GET,/api/mixed/db/1/,10.96,247,0,
2026-05-16T16:08:08.856206,GET,/api/mixed/db/1/,4.44,247,0,
2026-05-16T16:08:08.862378,GET,/api/mixed/pipeline/1/,2.93,82,0,
2026-05-16T16:08:08.871339,GET,/api/mixed/db/1/,3.74,247,0,
2026-05-16T16:08:08.893476,GET,/api/mixed/db/1/,4.56,247,0,
2026-05-16T16:08:08.915879,GET,/api/mixed/http/,108.65,55353,0,
2026-05-16T16:08:08.919981,GET,/api/mixed/db/1/,5.12,247,0,
2026-05-16T16:08:08.926661,GET,/api/mixed/http/,108.41,55353,0,
2026-05-16T16:08:08.937580,GET,/api/mixed/http/,108.64,55353,0,
2026-05-16T16:08:08.942629,GET,/api/mixed/pipeline/1/,3.7,82,0,
2026-05-16T16:08:08.959813,GET,/api/mixed/http/,113.89,55353,0,
2026-05-16T16:08:08.996786,GET,/api/mixed/http/,111.16,55353,0,
2026-05-16T16:08:08.997437,GET,/api/mixed/http/,109.16,55353,0,
2026-05-16T16:08:09,GET,/api/mixed/pipeline/1/,4.73,82,0,
2026-05-16T16:08:09.003000,GET,/api/mixed/http/,108.32,55353,0,
2026-05-16T16:08:09.043098,GET,/api/mixed/db/1/,4.16,247,0,
2026-05-16T16:08:09.050574,GET,/api/mixed/db/1/,7.32,247,0,
2026-05-16T16:08:09.051371,GET,/api/mixed/db/1/,7.43,247,0,
2026-05-16T16:08:09.055583,GET,/api/mixed/pipeline/1/,6.42,82,0,
2026-05-16T16:08:09.058940,GET,/api/mixed/pipeline/1/,4.53,82,0,
2026-05-16T16:08:09.059872,GET,/api/mixed/http/,110.93,55353,0,
2026-05-16T16:08:09.062372,GET,/api/mixed/pipeline/1/,4.81,82,0,
2026-05-16T16:08:09.072286,GET,/api/mixed/db/1/,4.65,247,0,
2026-05-16T16:08:09.072742,GET,/api/mixed/db/1/,4.62,247,0,
2026-05-16T16:08:09.082537,GET,/api/mixed/db/1/,4.24,247,0,
2026-05-16T16:08:09.100360,GET,/api/mixed/pipeline/1/,7.18,82,0,
2026-05-16T16:08:09.102815,GET,/api/mixed/pipeline/1/,5.15,82,0,
2026-05-16T16:08:09.107757,GET,/api/mixed/db/1/,7.12,247,0,
2026-05-16T16:08:09.109179,GET,/api/mixed/db/1/,7.87,247,0,
2026-05-16T16:08:09.113883,GET,/api/mixed/db/1/,5.94,247,0,
2026-05-16T16:08:09.118762,GET,/api/mixed/http/,110.35,55353,0,
2026-05-16T16:08:09.121473,GET,/api/mixed/db/1/,5.3,247,0,
2026-05-16T16:08:09.140217,GET,/api/mixed/http/,110.21,55353,0,
2026-05-16T16:08:09.147640,GET,/api/mixed/http/,109.81,55353,0,
2026-05-16T16:08:09.152127,GET,/api/mixed/db/1/,6.6,247,0,
2026-05-16T16:08:09.161679,GET,/api/mixed/db/1/,8.21,247,0,
2026-05-16T16:08:09.166567,GET,/api/mixed/http/,118.07,55353,0,
2026-05-16T16:08:09.167440,GET,/api/mixed/http/,115.44,55353,0,
2026-05-16T16:08:09.169453,GET,/api/mixed/db/1/,9.86,247,0,
2026-05-16T16:08:09.170156,GET,/api/mixed/db/1/,11.45,247,0,
2026-05-16T16:08:09.172902,GET,/api/mixed/db/1/,8.81,247,0,
2026-05-16T16:08:09.186481,GET,/api/mixed/http/,112.27,55353,0,
2026-05-16T16:08:09.236325,GET,/api/mixed/http/,108.56,55353,0,
2026-05-16T16:08:09.240447,GET,/api/mixed/pipeline/1/,3.91,82,0,
2026-05-16T16:08:09.241347,GET,/api/mixed/db/1/,6.46,247,0,
2026-05-16T16:08:09.265458,GET,/api/mixed/db/1/,5.27,247,0,
2026-05-16T16:08:09.271434,GET,/api/mixed/pipeline/1/,4.32,82,0,
2026-05-16T16:08:09.276256,GET,/api/mixed/http/,114.33,55353,0,
2026-05-16T16:08:09.276741,GET,/api/mixed/http/,114.0,55353,0,
2026-05-16T16:08:09.296120,GET,/api/mixed/pipeline/1/,3.81,82,0,
2026-05-16T16:08:09.296855,GET,/api/mixed/db/1/,5.06,247,0,
2026-05-16T16:08:09.300797,GET,/api/mixed/db/1/,5.79,247,0,
2026-05-16T16:08:09.306651,GET,/api/mixed/http/,109.84,55353,0,
2026-05-16T16:08:09.317759,GET,/api/mixed/db/1/,4.3,247,0,
2026-05-16T16:08:09.321268,GET,/api/mixed/db/1/,5.25,247,0,
2026-05-16T16:08:09.324087,GET,/api/mixed/pipeline/1/,3.97,82,0,
2026-05-16T16:08:09.356916,GET,/api/mixed/http/,112.34,55353,0,
2026-05-16T16:08:09.362141,GET,/api/mixed/pipeline/1/,2.78,82,0,
2026-05-16T16:08:09.363027,GET,/api/mixed/db/1/,4.73,247,0,
2026-05-16T16:08:09.377065,GET,/api/mixed/http/,110.4,55353,0,
2026-05-16T16:08:09.393229,GET,/api/mixed/http/,108.15,55353,0,
2026-05-16T16:08:09.415648,GET,/api/mixed/http/,107.77,55353,0,
2026-05-16T16:08:09.423931,GET,/api/mixed/db/1/,3.92,247,0,
2026-05-16T16:08:09.428624,GET,/api/mixed/http/,109.06,55353,0,
2026-05-16T16:08:09.432225,GET,/api/mixed/pipeline/1/,3.48,82,0,
2026-05-16T16:08:09.433957,GET,/api/mixed/db/1/,3.94,247,0,
2026-05-16T16:08:09.442071,GET,/api/mixed/pipeline/1/,2.75,82,0,
2026-05-16T16:08:09.448920,GET,/api/mixed/http/,108.57,55353,0,
2026-05-16T16:08:09.467483,GET,/api/mixed/db/1/,10.13,247,0,
2026-05-16T16:08:09.471912,GET,/api/mixed/pipeline/1/,7.25,82,0,
2026-05-16T16:08:09.494552,GET,/api/mixed/db/1/,7.09,247,0,
2026-05-16T16:08:09.495552,GET,/api/mixed/db/1/,9.07,247,0,
2026-05-16T16:08:09.502182,GET,/api/mixed/pipeline/1/,4.31,82,0,
2026-05-16T16:08:09.513252,GET,/api/mixed/pipeline/1/,5.67,82,0,
2026-05-16T16:08:09.517597,GET,/api/mixed/db/1/,5.86,247,0,
2026-05-16T16:08:09.532220,GET,/api/mixed/pipeline/1/,5.57,82,0,
2026-05-16T16:08:09.534468,GET,/api/mixed/db/1/,8.73,247,0,
2026-05-16T16:08:09.567512,GET,/api/mixed/db/1/,4.88,247,0,
2026-05-16T16:08:09.586237,GET,/api/mixed/http/,110.86,55353,0,
2026-05-16T16:08:09.590135,GET,/api/mixed/http/,109.13,55353,0,
2026-05-16T16:08:09.608900,GET,/api/mixed/db/1/,4.44,247,0,
2026-05-16T16:08:09.612238,GET,/api/mixed/http/,109.85,55353,0,
2026-05-16T16:08:09.613363,GET,/api/mixed/db/1/,6.46,247,0,
2026-05-16T16:08:09.616982,GET,/api/mixed/db/1/,4.61,247,0,
2026-05-16T16:08:09.625289,GET,/api/mixed/http/,109.12,55353,0,
2026-05-16T16:08:09.645167,GET,/api/mixed/pipeline/1/,3.48,82,0,
2026-05-16T16:08:09.648600,GET,/api/mixed/http/,109.8,55353,0,
2026-05-16T16:08:09.674142,GET,/api/mixed/db/1/,4.2,247,0,
2026-05-16T16:08:09.678174,GET,/api/mixed/db/1/,5.49,247,0,
2026-05-16T16:08:09.684974,GET,/api/mixed/http/,108.05,55353,0,
2026-05-16T16:08:09.703753,GET,/api/mixed/pipeline/1/,4.61,82,0,
2026-05-16T16:08:09.709013,GET,/api/mixed/http/,109.55,55353,0,
2026-05-16T16:08:09.718373,GET,/api/mixed/db/1/,4.01,247,0,
2026-05-16T16:08:09.762639,GET,/api/mixed/pipeline/1/,2.91,82,0,
2026-05-16T16:08:09.767506,GET,/api/mixed/pipeline/1/,2.53,82,0,
2026-05-16T16:08:09.774825,GET,/api/mixed/db/1/,3.94,247,0,
2026-05-16T16:08:09.781874,GET,/api/mixed/http/,108.67,55353,0,
2026-05-16T16:08:09.793163,GET,/api/mixed/pipeline/1/,2.97,82,0,
2026-05-16T16:08:09.799627,GET,/api/mixed/db/1/,4.06,247,0,
2026-05-16T16:08:09.800327,GET,/api/mixed/pipeline/1/,3.47,82,0,
2026-05-16T16:08:09.805589,GET,/api/mixed/http/,109.38,55353,0,
2026-05-16T16:08:09.810484,GET,/api/mixed/pipeline/1/,3.65,82,0,
2026-05-16T16:08:09.811818,GET,/api/mixed/pipeline/1/,3.71,82,0,
2026-05-16T16:08:09.823077,GET,/api/mixed/db/1/,3.96,247,0,
2026-05-16T16:08:09.827517,GET,/api/mixed/http/,107.73,55353,0,
2026-05-16T16:08:09.852444,GET,/api/mixed/http/,114.32,55353,0,
2026-05-16T16:08:09.874984,GET,/api/mixed/db/1/,5.33,247,0,
2026-05-16T16:08:09.883672,GET,/api/mixed/db/1/,6.37,247,0,
2026-05-16T16:08:09.920690,GET,/api/mixed/http/,111.64,55353,0,
2026-05-16T16:08:09.921858,GET,/api/mixed/db/1/,5.87,247,0,
2026-05-16T16:08:09.928384,GET,/api/mixed/db/1/,5.27,247,0,
2026-05-16T16:08:09.952705,GET,/api/mixed/pipeline/1/,3.12,82,0,
2026-05-16T16:08:09.966096,GET,/api/mixed/http/,108.39,55353,0,
2026-05-16T16:08:09.970408,GET,/api/mixed/pipeline/1/,2.94,82,0,
2026-05-16T16:08:09.982558,GET,/api/mixed/pipeline/1/,2.79,82,0,
2026-05-16T16:08:09.988741,GET,/api/mixed/db/1/,4.83,247,0,
2026-05-16T16:08:09.992978,GET,/api/mixed/http/,110.73,55353,0,
2026-05-16T16:08:10.013490,GET,/api/mixed/pipeline/1/,2.99,82,0,
2026-05-16T16:08:10.018434,GET,/api/mixed/pipeline/1/,3.55,82,0,
2026-05-16T16:08:10.033300,GET,/api/mixed/pipeline/1/,3.06,82,0,
2026-05-16T16:08:10.037373,GET,/api/mixed/http/,108.82,55353,0,
2026-05-16T16:08:10.051578,GET,/api/mixed/db/1/,3.97,247,0,
2026-05-16T16:08:10.068874,GET,/api/mixed/pipeline/1/,3.96,82,0,
2026-05-16T16:08:10.071304,GET,/api/mixed/pipeline/1/,3.73,82,0,
2026-05-16T16:08:10.085314,GET,/api/mixed/db/1/,4.66,247,0,
2026-05-16T16:08:10.095630,GET,/api/mixed/http/,110.75,55353,0,
2026-05-16T16:08:10.097188,GET,/api/mixed/http/,109.99,55353,0,
2026-05-16T16:08:10.102481,GET,/api/mixed/http/,109.38,55353,0,
2026-05-16T16:08:10.103289,GET,/api/mixed/http/,109.21,55353,0,
2026-05-16T16:08:10.106289,GET,/api/mixed/pipeline/1/,4.89,82,0,
2026-05-16T16:08:10.106741,GET,/api/mixed/pipeline/1/,3.27,82,0,
2026-05-16T16:08:10.118213,GET,/api/mixed/pipeline/1/,3.1,82,0,
2026-05-16T16:08:10.130667,GET,/api/mixed/http/,108.03,55353,0,
2026-05-16T16:08:10.143903,GET,/api/mixed/pipeline/1/,2.89,82,0,
2026-05-16T16:08:10.171888,GET,/api/mixed/pipeline/1/,4.74,82,0,
2026-05-16T16:08:10.173174,GET,/api/mixed/pipeline/1/,4.76,82,0,
2026-05-16T16:08:10.173891,GET,/api/mixed/pipeline/1/,3.19,82,0,
2026-05-16T16:08:10.186086,GET,/api/mixed/db/1/,4.86,247,0,
2026-05-16T16:08:10.189110,GET,/api/mixed/pipeline/1/,3.95,82,0,
2026-05-16T16:08:10.191122,GET,/api/mixed/db/1/,4.16,247,0,
2026-05-16T16:08:10.228185,GET,/api/mixed/pipeline/1/,3.05,82,0,
2026-05-16T16:08:10.250848,GET,/api/mixed/db/1/,4.6,247,0,
2026-05-16T16:08:10.265418,GET,/api/mixed/pipeline/1/,3.77,82,0,
2026-05-16T16:08:10.266712,GET,/api/mixed/pipeline/1/,3.47,82,0,
2026-05-16T16:08:10.273440,GET,/api/mixed/http/,109.14,55353,0,
2026-05-16T16:08:10.281706,GET,/api/mixed/pipeline/1/,3.05,82,0,
2026-05-16T16:08:10.307691,GET,/api/mixed/pipeline/1/,3.06,82,0,
2026-05-16T16:08:10.318343,GET,/api/mixed/http/,107.98,55353,0,
2026-05-16T16:08:10.342604,GET,/api/mixed/http/,109.06,55353,0,
2026-05-16T16:08:10.358302,GET,/api/mixed/http/,108.4,55353,0,
2026-05-16T16:08:10.360628,GET,/api/mixed/pipeline/1/,3.79,82,0,
2026-05-16T16:08:10.370544,GET,/api/mixed/http/,109.44,55353,0,
2026-05-16T16:08:10.374872,GET,/api/mixed/http/,108.05,55353,0,
2026-05-16T16:08:10.391189,GET,/api/mixed/pipeline/1/,3.04,82,0,
2026-05-16T16:08:10.406923,GET,/api/mixed/http/,107.98,55353,0,
2026-05-16T16:08:10.407676,GET,/api/mixed/pipeline/1/,3.26,82,0,
2026-05-16T16:08:10.508908,GET,/api/mixed/db/1/,4.13,247,0,
2026-05-16T16:08:10.516202,GET,/api/mixed/http/,108.39,55353,0,
2026-05-16T16:08:10.518459,GET,/api/mixed/db/1/,4.29,247,0,
2026-05-16T16:08:10.524482,GET,/api/mixed/pipeline/1/,2.68,82,0,
2026-05-16T16:08:10.530500,GET,/api/mixed/pipeline/1/,2.67,82,0,
2026-05-16T16:08:10.556917,GET,/api/mixed/http/,108.39,55353,0,
2026-05-16T16:08:10.564900,GET,/api/mixed/http/,107.59,55353,0,
2026-05-16T16:08:10.579966,GET,/api/mixed/db/1/,5.7,247,0,
2026-05-16T16:08:10.597343,GET,/api/mixed/http/,113.36,55353,0,
2026-05-16T16:08:10.612474,GET,/api/mixed/http/,108.82,55353,0,
2026-05-16T16:08:10.639686,GET,/api/mixed/pipeline/1/,2.93,82,0,
2026-05-16T16:08:10.651709,GET,/api/mixed/http/,107.98,55353,0,
2026-05-16T16:08:10.657859,GET,/api/mixed/pipeline/1/,2.78,82,0,
2026-05-16T16:08:10.665761,GET,/api/mixed/http/,109.81,55353,0,
2026-05-16T16:08:10.674718,GET,/api/mixed/pipeline/1/,4.64,82,0,
2026-05-16T16:08:10.675215,GET,/api/mixed/db/1/,4.67,247,0,
2026-05-16T16:08:10.691386,GET,/api/mixed/http/,108.95,55353,0,
2026-05-16T16:08:10.694792,GET,/api/mixed/pipeline/1/,4.45,82,0,
2026-05-16T16:08:10.696025,GET,/api/mixed/db/1/,4.51,247,0,
2026-05-16T16:08:10.706136,GET,/api/mixed/db/1/,3.81,247,0,
2026-05-16T16:08:10.709405,GET,/api/mixed/db/1/,4.57,247,0,
2026-05-16T16:08:10.714839,GET,/api/mixed/db/1/,6.24,247,0,
2026-05-16T16:08:10.715469,GET,/api/mixed/db/1/,5.83,247,0,
2026-05-16T16:08:10.716018,GET,/api/mixed/db/1/,5.74,247,0,
2026-05-16T16:08:10.716503,GET,/api/mixed/pipeline/1/,4.61,82,0,
2026-05-16T16:08:10.718327,GET,/api/mixed/http/,109.74,55353,0,
2026-05-16T16:08:10.736832,GET,/api/mixed/db/1/,4.1,247,0,
2026-05-16T16:08:10.744096,GET,/api/mixed/pipeline/1/,3.4,82,0,
2026-05-16T16:08:10.750379,GET,/api/mixed/db/1/,4.06,247,0,
2026-05-16T16:08:10.751008,GET,/api/mixed/http/,108.99,55353,0,
2026-05-16T16:08:10.754669,GET,/api/mixed/http/,108.2,55353,0,
2026-05-16T16:08:10.769981,GET,/api/mixed/http/,107.95,55353,0,
2026-05-16T16:08:10.785277,GET,/api/mixed/db/1/,3.79,247,0,
2026-05-16T16:08:10.792563,GET,/api/mixed/http/,110.08,55353,0,
2026-05-16T16:08:10.793161,GET,/api/mixed/http/,110.19,55353,0,
2026-05-16T16:08:10.793631,GET,/api/mixed/db/1/,5.15,247,0,
2026-05-16T16:08:10.799327,GET,/api/mixed/http/,109.43,55353,0,
2026-05-16T16:08:10.802222,GET,/api/mixed/pipeline/1/,2.77,82,0,
2026-05-16T16:08:10.818401,GET,/api/mixed/db/1/,3.81,247,0,
2026-05-16T16:08:10.847290,GET,/api/mixed/pipeline/1/,3.65,82,0,
2026-05-16T16:08:10.849675,GET,/api/mixed/http/,109.45,55353,0,
2026-05-16T16:08:10.854544,GET,/api/mixed/pipeline/1/,3.57,82,0,
2026-05-16T16:08:10.863472,GET,/api/mixed/pipeline/1/,3.69,82,0,
2026-05-16T16:08:10.867034,GET,/api/mixed/http/,109.06,55353,0,
2026-05-16T16:08:10.876391,GET,/api/mixed/http/,108.94,55353,0,
2026-05-16T16:08:10.882081,GET,/api/mixed/http/,107.74,55353,0,
2026-05-16T16:08:10.884217,GET,/api/mixed/pipeline/1/,3.61,82,0,
2026-05-16T16:08:10.890118,GET,/api/mixed/http/,109.07,55353,0,
2026-05-16T16:08:10.895259,GET,/api/mixed/db/1/,3.74,247,0,
2026-05-16T16:08:10.916958,GET,/api/mixed/http/,108.13,55353,0,
2026-05-16T16:08:10.939671,GET,/api/mixed/http/,110.01,55353,0,
2026-05-16T16:08:10.940830,GET,/api/mixed/pipeline/1/,3.93,82,0,
2026-05-16T16:08:10.943883,GET,/api/mixed/pipeline/1/,4.05,82,0,
2026-05-16T16:08:10.945253,GET,/api/mixed/db/1/,4.32,247,0,
2026-05-16T16:08:10.954885,GET,/api/mixed/pipeline/1/,2.93,82,0,
2026-05-16T16:08:10.956363,GET,/api/mixed/db/1/,4.88,247,0,
2026-05-16T16:08:10.962952,GET,/api/mixed/pipeline/1/,4.1,82,0,
2026-05-16T16:08:10.979162,GET,/api/mixed/pipeline/1/,3.91,82,0,
2026-05-16T16:08:10.980826,GET,/api/mixed/http/,110.49,55353,0,
2026-05-16T16:08:10.981558,GET,/api/mixed/http/,110.11,55353,0,
2026-05-16T16:08:11.005641,GET,/api/mixed/pipeline/1/,4.78,82,0,
2026-05-16T16:08:11.011761,GET,/api/mixed/pipeline/1/,5.95,82,0,
2026-05-16T16:08:11.013561,GET,/api/mixed/db/1/,6.23,247,0,
2026-05-16T16:08:11.030239,GET,/api/mixed/http/,109.87,55353,0,
2026-05-16T16:08:11.036309,GET,/api/mixed/http/,113.23,55353,0,
2026-05-16T16:08:11.054499,GET,/api/mixed/db/1/,4.93,247,0,
2026-05-16T16:08:11.055163,GET,/api/mixed/db/1/,4.49,247,0,
2026-05-16T16:08:11.084980,GET,/api/mixed/db/1/,4.52,247,0,
2026-05-16T16:08:11.089308,GET,/api/mixed/pipeline/1/,4.13,82,0,
2026-05-16T16:08:11.127659,GET,/api/mixed/pipeline/1/,4.71,82,0,
2026-05-16T16:08:11.151577,GET,/api/mixed/pipeline/1/,5.48,82,0,
2026-05-16T16:08:11.152308,GET,/api/mixed/db/1/,5.19,247,0,
2026-05-16T16:08:11.187358,GET,/api/mixed/pipeline/1/,3.15,82,0,
2026-05-16T16:08:11.198519,GET,/api/mixed/pipeline/1/,3.93,82,0,
2026-05-16T16:08:11.218879,GET,/api/mixed/pipeline/1/,2.96,82,0,
2026-05-16T16:08:11.226770,GET,/api/mixed/db/1/,5.57,247,0,
2026-05-16T16:08:11.227370,GET,/api/mixed/db/1/,5.75,247,0,
2026-05-16T16:08:11.230651,GET,/api/mixed/pipeline/1/,5.27,82,0,
2026-05-16T16:08:11.231441,GET,/api/mixed/db/1/,6.47,247,0,
2026-05-16T16:08:11.253617,GET,/api/mixed/pipeline/1/,3.85,82,0,
2026-05-16T16:08:11.257129,GET,/api/mixed/http/,110.41,55353,0,
2026-05-16T16:08:11.260711,GET,/api/mixed/http/,110.34,55353,0,
2026-05-16T16:08:11.262919,GET,/api/mixed/db/1/,4.55,247,0,
2026-05-16T16:08:11.274482,GET,/api/mixed/pipeline/1/,3.21,82,0,
2026-05-16T16:08:11.279961,GET,/api/mixed/http/,110.45,55353,0,
2026-05-16T16:08:11.285127,GET,/api/mixed/db/1/,3.78,247,0,
2026-05-16T16:08:11.293531,GET,/api/mixed/db/1/,4.04,247,0,
2026-05-16T16:08:11.300829,GET,/api/mixed/pipeline/1/,3.11,82,0,
2026-05-16T16:08:11.303363,GET,/api/mixed/http/,108.26,55353,0,
2026-05-16T16:08:11.326329,GET,/api/mixed/pipeline/1/,4.06,82,0,
2026-05-16T16:08:11.334894,GET,/api/mixed/http/,110.47,55353,0,
2026-05-16T16:08:11.351320,GET,/api/mixed/db/1/,4.01,247,0,
2026-05-16T16:08:11.361192,GET,/api/mixed/http/,108.68,55353,0,
2026-05-16T16:08:11.363209,GET,/api/mixed/pipeline/1/,3.61,82,0,
2026-05-16T16:08:11.375165,GET,/api/mixed/pipeline/1/,2.95,82,0,
2026-05-16T16:08:11.386976,GET,/api/mixed/db/1/,4.46,247,0,
2026-05-16T16:08:11.387523,GET,/api/mixed/db/1/,5.47,247,0,
2026-05-16T16:08:11.399262,GET,/api/mixed/db/1/,5.52,247,0,
2026-05-16T16:08:11.401559,GET,/api/mixed/pipeline/1/,4.15,82,0,
2026-05-16T16:08:11.403856,GET,/api/mixed/db/1/,3.86,247,0,
2026-05-16T16:08:11.413182,GET,/api/mixed/http/,107.5,55353,0,
2026-05-16T16:08:11.421451,GET,/api/mixed/db/1/,4.6,247,0,
2026-05-16T16:08:11.431391,GET,/api/mixed/http/,108.5,55353,0,
2026-05-16T16:08:11.439898,GET,/api/mixed/pipeline/1/,2.75,82,0,
2026-05-16T16:08:11.453494,GET,/api/mixed/pipeline/1/,2.8,82,0,
2026-05-16T16:08:11.454896,GET,/api/mixed/db/1/,4.76,247,0,
2026-05-16T16:08:11.476323,GET,/api/mixed/http/,107.76,55353,0,
2026-05-16T16:08:11.482490,GET,/api/mixed/db/1/,3.92,247,0,
2026-05-16T16:08:11.486121,GET,/api/mixed/http/,107.67,55353,0,
2026-05-16T16:08:11.494969,GET,/api/mixed/http/,108.96,55353,0,
2026-05-16T16:08:11.517433,GET,/api/mixed/pipeline/1/,3.26,82,0,
2026-05-16T16:08:11.521349,GET,/api/mixed/http/,108.05,55353,0,
2026-05-16T16:08:11.534167,GET,/api/mixed/http/,108.51,55353,0,
2026-05-16T16:08:11.538227,GET,/api/mixed/db/1/,6.19,247,0,
2026-05-16T16:08:11.539682,GET,/api/mixed/http/,109.54,55353,0,
2026-05-16T16:08:11.545524,GET,/api/mixed/db/1/,4.03,247,0,
2026-05-16T16:08:11.555746,GET,/api/mixed/db/1/,3.86,247,0,
2026-05-16T16:08:11.572852,GET,/api/mixed/pipeline/1/,3.76,82,0,
2026-05-16T16:08:11.594419,GET,/api/mixed/db/1/,4.18,247,0,
2026-05-16T16:08:11.599864,GET,/api/mixed/http/,109.58,55353,0,
2026-05-16T16:08:11.602232,GET,/api/mixed/pipeline/1/,3.3,82,0,
2026-05-16T16:08:11.609404,GET,/api/mixed/db/1/,4.0,247,0,
2026-05-16T16:08:11.621955,GET,/api/mixed/pipeline/1/,3.35,82,0,
2026-05-16T16:08:11.622405,GET,/api/mixed/pipeline/1/,2.84,82,0,
2026-05-16T16:08:11.641974,GET,/api/mixed/http/,110.4,55353,0,
2026-05-16T16:08:11.646462,GET,/api/mixed/pipeline/1/,3.12,82,0,
2026-05-16T16:08:11.649903,GET,/api/mixed/http/,108.86,55353,0,
2026-05-16T16:08:11.673185,GET,/api/mixed/pipeline/1/,3.56,82,0,
2026-05-16T16:08:11.681283,GET,/api/mixed/db/1/,3.81,247,0,
2026-05-16T16:08:11.695738,GET,/api/mixed/db/1/,3.71,247,0,
2026-05-16T16:08:11.704147,GET,/api/mixed/db/1/,4.19,247,0,
2026-05-16T16:08:11.704760,GET,/api/mixed/http/,109.08,55353,0,
2026-05-16T16:08:11.714482,GET,/api/mixed/http/,107.76,55353,0,
2026-05-16T16:08:11.722403,GET,/api/mixed/db/1/,5.17,247,0,
2026-05-16T16:08:11.739055,GET,/api/mixed/http/,111.26,55353,0,
2026-05-16T16:08:11.763827,GET,/api/mixed/pipeline/1/,8.32,82,0,
2026-05-16T16:08:11.767215,GET,/api/mixed/pipeline/1/,6.76,82,0,
2026-05-16T16:08:11.768904,GET,/api/mixed/db/1/,9.41,247,0,
2026-05-16T16:08:11.780855,GET,/api/mixed/http/,112.34,55353,0,
2026-05-16T16:08:11.781625,GET,/api/mixed/http/,111.03,55353,0,
2026-05-16T16:08:11.796853,GET,/api/mixed/http/,112.24,55353,0,
2026-05-16T16:08:11.801948,GET,/api/mixed/http/,113.67,55353,0,
2026-05-16T16:08:11.803597,GET,/api/mixed/http/,113.94,55353,0,
2026-05-16T16:08:11.815275,GET,/api/mixed/pipeline/1/,3.94,82,0,
2026-05-16T16:08:11.828757,GET,/api/mixed/http/,112.01,55353,0,
2026-05-16T16:08:11.838333,GET,/api/mixed/http/,112.63,55353,0,
2026-05-16T16:08:11.852921,GET,/api/mixed/db/1/,4.46,247,0,
2026-05-16T16:08:11.873135,GET,/api/mixed/pipeline/1/,3.74,82,0,
2026-05-16T16:08:11.882658,GET,/api/mixed/pipeline/1/,3.02,82,0,
2026-05-16T16:08:11.915202,GET,/api/mixed/pipeline/1/,4.76,82,0,
2026-05-16T16:08:11.928909,GET,/api/mixed/db/1/,11.19,247,0,
2026-05-16T16:08:11.937889,GET,/api/mixed/pipeline/1/,8.75,82,0,
2026-05-16T16:08:11.951907,GET,/api/mixed/http/,125.29,55353,0,
2026-05-16T16:08:11.955693,GET,/api/mixed/http/,128.32,55353,0,
2026-05-16T16:08:11.972815,GET,/api/mixed/pipeline/1/,7.34,82,0,
2026-05-16T16:08:11.978414,GET,/api/mixed/http/,113.66,55353,0,
2026-05-16T16:08:11.988980,GET,/api/mixed/pipeline/1/,5.18,82,0,
2026-05-16T16:08:12.011953,GET,/api/mixed/http/,113.99,55353,0,
2026-05-16T16:08:12.035287,GET,/api/mixed/http/,112.31,55353,0,
2026-05-16T16:08:12.037038,GET,/api/mixed/pipeline/1/,4.79,82,0,
2026-05-16T16:08:12.041325,GET,/api/mixed/pipeline/1/,5.87,82,0,
2026-05-16T16:08:12.043456,GET,/api/mixed/db/1/,6.2,247,0,
2026-05-16T16:08:12.044742,GET,/api/mixed/http/,112.78,55353,0,
2026-05-16T16:08:12.065899,GET,/api/mixed/http/,113.67,55353,0,
2026-05-16T16:08:12.067044,GET,/api/mixed/http/,110.98,55353,0,
2026-05-16T16:08:12.079163,GET,/api/mixed/http/,114.89,55353,0,
2026-05-16T16:08:12.089462,GET,/api/mixed/pipeline/1/,2.98,82,0,
2026-05-16T16:08:12.105340,GET,/api/mixed/http/,108.99,55353,0,
2026-05-16T16:08:12.129223,GET,/api/mixed/db/1/,4.24,247,0,
2026-05-16T16:08:12.147181,GET,/api/mixed/http/,111.18,55353,0,
2026-05-16T16:08:12.150534,GET,/api/mixed/db/1/,4.63,247,0,
2026-05-16T16:08:12.152539,GET,/api/mixed/http/,109.97,55353,0,
2026-05-16T16:08:12.167653,GET,/api/mixed/http/,114.0,55353,0,
2026-05-16T16:08:12.168320,GET,/api/mixed/db/1/,5.5,247,0,
2026-05-16T16:08:12.170838,GET,/api/mixed/pipeline/1/,4.88,82,0,
2026-05-16T16:08:12.184744,GET,/api/mixed/http/,109.43,55353,0,
2026-05-16T16:08:12.197105,GET,/api/mixed/pipeline/1/,4.99,82,0,
2026-05-16T16:08:12.202107,GET,/api/mixed/db/1/,4.88,247,0,
2026-05-16T16:08:12.208263,GET,/api/mixed/pipeline/1/,3.89,82,0,
2026-05-16T16:08:12.208908,GET,/api/mixed/http/,109.25,55353,0,
2026-05-16T16:08:12.216056,GET,/api/mixed/http/,108.48,55353,0,
2026-05-16T16:08:12.243767,GET,/api/mixed/http/,110.14,55353,0,
2026-05-16T16:08:12.246455,GET,/api/mixed/pipeline/1/,5.5,82,0,
2026-05-16T16:08:12.274326,GET,/api/mixed/pipeline/1/,3.94,82,0,
2026-05-16T16:08:12.287122,GET,/api/mixed/db/1/,4.44,247,0,
2026-05-16T16:08:12.308997,GET,/api/mixed/http/,116.14,55353,0,
2026-05-16T16:08:12.318708,GET,/api/mixed/db/1/,4.75,247,0,
2026-05-16T16:08:12.334627,GET,/api/mixed/db/1/,5.68,247,0,
2026-05-16T16:08:12.335234,GET,/api/mixed/db/1/,4.7,247,0,
2026-05-16T16:08:12.335877,GET,/api/mixed/http/,110.57,55353,0,
2026-05-16T16:08:12.336375,GET,/api/mixed/http/,110.53,55353,0,
2026-05-16T16:08:12.344579,GET,/api/mixed/db/1/,3.82,247,0,
2026-05-16T16:08:12.349755,GET,/api/mixed/pipeline/1/,2.76,82,0,
2026-05-16T16:08:12.356377,GET,/api/mixed/db/1/,4.24,247,0,
2026-05-16T16:08:12.362929,GET,/api/mixed/http/,110.11,55353,0,
2026-05-16T16:08:12.378341,GET,/api/mixed/db/1/,7.02,247,0,
2026-05-16T16:08:12.404344,GET,/api/mixed/pipeline/1/,3.68,82,0,
2026-05-16T16:08:12.413451,GET,/api/mixed/pipeline/1/,3.85,82,0,
2026-05-16T16:08:12.417239,GET,/api/mixed/http/,110.77,55353,0,
2026-05-16T16:08:12.454666,GET,/api/mixed/db/1/,4.07,247,0,
2026-05-16T16:08:12.466880,GET,/api/mixed/db/1/,4.55,247,0,
2026-05-16T16:08:12.483262,GET,/api/mixed/pipeline/1/,4.57,82,0,
2026-05-16T16:08:12.483778,GET,/api/mixed/http/,111.1,55353,0,
2026-05-16T16:08:12.519743,GET,/api/mixed/db/1/,6.47,247,0,
2026-05-16T16:08:12.523331,GET,/api/mixed/http/,108.65,55353,0,
2026-05-16T16:08:12.534922,GET,/api/mixed/http/,109.28,55353,0,
2026-05-16T16:08:12.537835,GET,/api/mixed/db/1/,5.29,247,0,
2026-05-16T16:08:12.540460,GET,/api/mixed/pipeline/1/,4.22,82,0,
2026-05-16T16:08:12.541028,GET,/api/mixed/http/,111.74,55353,0,
2026-05-16T16:08:12.546469,GET,/api/mixed/db/1/,5.01,247,0,
2026-05-16T16:08:12.553478,GET,/api/mixed/pipeline/1/,3.26,82,0,
2026-05-16T16:08:12.565493,GET,/api/mixed/pipeline/1/,3.11,82,0,
2026-05-16T16:08:12.569148,GET,/api/mixed/pipeline/1/,4.49,82,0,
2026-05-16T16:08:12.572840,GET,/api/mixed/pipeline/1/,4.77,82,0,
2026-05-16T16:08:12.576722,GET,/api/mixed/db/1/,5.31,247,0,
2026-05-16T16:08:12.604548,GET,/api/mixed/http/,108.19,55353,0,
2026-05-16T16:08:12.617357,GET,/api/mixed/pipeline/1/,3.57,82,0,
2026-05-16T16:08:12.621245,GET,/api/mixed/pipeline/1/,2.68,82,0,
2026-05-16T16:08:12.642165,GET,/api/mixed/db/1/,5.11,247,0,
2026-05-16T16:08:12.647978,GET,/api/mixed/pipeline/1/,4.63,82,0,
2026-05-16T16:08:12.650559,GET,/api/mixed/pipeline/1/,3.66,82,0,
2026-05-16T16:08:12.651658,GET,/api/mixed/http/,112.12,55353,0,
2026-05-16T16:08:12.655690,GET,/api/mixed/pipeline/1/,2.69,82,0,
2026-05-16T16:08:12.665824,GET,/api/mixed/http/,108.03,55353,0,
2026-05-16T16:08:12.680202,GET,/api/mixed/http/,108.29,55353,0,
2026-05-16T16:08:12.688721,GET,/api/mixed/http/,107.84,55353,0,
2026-05-16T16:08:12.698138,GET,/api/mixed/pipeline/1/,3.03,82,0,
2026-05-16T16:08:12.702454,GET,/api/mixed/http/,108.9,55353,0,
2026-05-16T16:08:12.716750,GET,/api/mixed/db/1/,4.06,247,0,
2026-05-16T16:08:12.742848,GET,/api/mixed/http/,108.4,55353,0,
2026-05-16T16:08:12.752473,GET,/api/mixed/http/,112.08,55353,0,
2026-05-16T16:08:12.753112,GET,/api/mixed/http/,110.52,55353,0,
2026-05-16T16:08:12.754787,GET,/api/mixed/http/,109.86,55353,0,
2026-05-16T16:08:12.761081,GET,/api/mixed/db/1/,3.94,247,0,
2026-05-16T16:08:12.766172,GET,/api/mixed/http/,108.13,55353,0,
2026-05-16T16:08:12.767442,GET,/api/mixed/pipeline/1/,3.13,82,0,
2026-05-16T16:08:12.801184,GET,/api/mixed/db/1/,5.22,247,0,
2026-05-16T16:08:12.801690,GET,/api/mixed/db/1/,3.93,247,0,
2026-05-16T16:08:12.814809,GET,/api/mixed/db/1/,4.48,247,0,
2026-05-16T16:08:12.825280,GET,/api/mixed/db/1/,4.05,247,0,
2026-05-16T16:08:12.839019,GET,/api/mixed/db/1/,4.5,247,0,
2026-05-16T16:08:12.860615,GET,/api/mixed/http/,109.48,55353,0,
2026-05-16T16:08:12.893060,GET,/api/mixed/db/1/,5.09,247,0,
2026-05-16T16:08:12.909496,GET,/api/mixed/db/1/,5.79,247,0,
2026-05-16T16:08:12.912417,GET,/api/mixed/db/1/,5.51,247,0,
2026-05-16T16:08:12.914886,GET,/api/mixed/http/,110.99,55353,0,
2026-05-16T16:08:12.919737,GET,/api/mixed/db/1/,4.67,247,0,
2026-05-16T16:08:12.974726,GET,/api/mixed/pipeline/1/,3.01,82,0,
2026-05-16T16:08:12.993758,GET,/api/mixed/pipeline/1/,3.16,82,0,
2026-05-16T16:08:12.998814,GET,/api/mixed/pipeline/1/,3.82,82,0,
2026-05-16T16:08:13.001322,GET,/api/mixed/http/,110.47,55353,0,
2026-05-16T16:08:13.006502,GET,/api/mixed/db/1/,3.83,247,0,
2026-05-16T16:08:13.022040,GET,/api/mixed/db/1/,5.03,247,0,
2026-05-16T16:08:13.023267,GET,/api/mixed/pipeline/1/,2.99,82,0,
2026-05-16T16:08:13.031471,GET,/api/mixed/http/,108.34,55353,0,
2026-05-16T16:08:13.045896,GET,/api/mixed/pipeline/1/,5.92,82,0,
2026-05-16T16:08:13.049976,GET,/api/mixed/http/,114.83,55353,0,
2026-05-16T16:08:13.052414,GET,/api/mixed/http/,111.7,55353,0,
2026-05-16T16:08:13.059930,GET,/api/mixed/http/,111.77,55353,0,
2026-05-16T16:08:13.065179,GET,/api/mixed/http/,108.3,55353,0,
2026-05-16T16:08:13.084889,GET,/api/mixed/http/,107.83,55353,0,
2026-05-16T16:08:13.106208,GET,/api/mixed/pipeline/1/,3.95,82,0,
2026-05-16T16:08:13.117568,GET,/api/mixed/db/1/,3.96,247,0,
2026-05-16T16:08:13.141501,GET,/api/mixed/pipeline/1/,3.65,82,0,
2026-05-16T16:08:13.147860,GET,/api/mixed/db/1/,3.86,247,0,
2026-05-16T16:08:13.159419,GET,/api/mixed/pipeline/1/,4.32,82,0,
2026-05-16T16:08:13.160903,GET,/api/mixed/db/1/,4.83,247,0,
2026-05-16T16:08:13.166942,GET,/api/mixed/http/,109.23,55353,0,
2026-05-16T16:08:13.170130,GET,/api/mixed/db/1/,4.27,247,0,
2026-05-16T16:08:13.186432,GET,/api/mixed/pipeline/1/,2.94,82,0,
2026-05-16T16:08:13.192405,GET,/api/mixed/db/1/,3.62,247,0,
2026-05-16T16:08:13.210624,GET,/api/mixed/http/,107.83,55353,0,
2026-05-16T16:08:13.224342,GET,/api/mixed/pipeline/1/,2.76,82,0,
2026-05-16T16:08:13.228882,GET,/api/mixed/pipeline/1/,3.18,82,0,
2026-05-16T16:08:13.237362,GET,/api/mixed/pipeline/1/,2.91,82,0,
2026-05-16T16:08:13.239078,GET,/api/mixed/db/1/,5.12,247,0,
2026-05-16T16:08:13.248949,GET,/api/mixed/http/,108.47,55353,0,
2026-05-16T16:08:13.250871,GET,/api/mixed/pipeline/1/,2.93,82,0,
2026-05-16T16:08:13.271434,GET,/api/mixed/http/,109.29,55353,0,
2026-05-16T16:08:13.296183,GET,/api/mixed/db/1/,6.8,247,0,
2026-05-16T16:08:13.307709,GET,/api/mixed/pipeline/1/,3.05,82,0,
2026-05-16T16:08:13.322733,GET,/api/mixed/http/,107.72,55353,0,
2026-05-16T16:08:13.331596,GET,/api/mixed/pipeline/1/,2.9,82,0,
2026-05-16T16:08:13.336320,GET,/api/mixed/http/,108.26,55353,0,
2026-05-16T16:08:13.345601,GET,/api/mixed/pipeline/1/,3.99,82,0,
2026-05-16T16:08:13.346148,GET,/api/mixed/pipeline/1/,3.75,82,0,
2026-05-16T16:08:13.347528,GET,/api/mixed/http/,110.02,55353,0,
2026-05-16T16:08:13.351855,GET,/api/mixed/http/,109.05,55353,0,
2026-05-16T16:08:13.368046,GET,/api/mixed/pipeline/1/,3.43,82,0,
2026-05-16T16:08:13.368508,GET,/api/mixed/db/1/,5.74,247,0,
2026-05-16T16:08:13.383098,GET,/api/mixed/http/,108.39,55353,0,
2026-05-16T16:08:13.385482,GET,/api/mixed/pipeline/1/,3.5,82,0,
2026-05-16T16:08:14.143426,GET,/api/mixed/http/,109.64,55353,0,
2026-05-16T16:08:14.153736,GET,/api/mixed/pipeline/1/,2.96,82,0,
2026-05-16T16:08:14.167470,GET,/api/mixed/http/,107.85,55353,0,
2026-05-16T16:08:14.176969,GET,/api/mixed/http/,108.17,55353,0,
2026-05-16T16:08:14.193458,GET,/api/mixed/http/,109.16,55353,0,
2026-05-16T16:08:14.197435,GET,/api/mixed/db/1/,3.85,247,0,
2026-05-16T16:08:14.199974,GET,/api/mixed/pipeline/1/,3.86,82,0,
2026-05-16T16:08:14.207363,GET,/api/mixed/db/1/,3.98,247,0,
2026-05-16T16:08:14.217368,GET,/api/mixed/http/,109.84,55353,0,
2026-05-16T16:08:14.217949,GET,/api/mixed/http/,112.07,55353,0,
2026-05-16T16:08:14.220843,GET,/api/mixed/pipeline/1/,2.79,82,0,
2026-05-16T16:08:14.237655,GET,/api/mixed/http/,109.24,55353,0,
2026-05-16T16:08:14.239022,GET,/api/mixed/http/,109.0,55353,0,
2026-05-16T16:08:14.240904,GET,/api/mixed/http/,109.55,55353,0,
2026-05-16T16:08:14.241406,GET,/api/mixed/pipeline/1/,3.6,82,0,
2026-05-16T16:08:14.262720,GET,/api/mixed/pipeline/1/,3.07,82,0,
2026-05-16T16:08:14.294344,GET,/api/mixed/db/1/,3.89,247,0,
2026-05-16T16:08:14.313650,GET,/api/mixed/pipeline/1/,3.98,82,0,
2026-05-16T16:08:14.317561,GET,/api/mixed/db/1/,3.8,247,0,
2026-05-16T16:08:14.322947,GET,/api/mixed/http/,109.3,55353,0,
2026-05-16T16:08:14.323816,GET,/api/mixed/db/1/,4.03,247,0,
2026-05-16T16:08:14.352379,GET,/api/mixed/db/1/,4.32,247,0,
2026-05-16T16:08:14.359175,GET,/api/mixed/db/1/,4.39,247,0,
2026-05-16T16:08:14.373908,GET,/api/mixed/http/,107.86,55353,0,
2026-05-16T16:08:14.394169,GET,/api/mixed/db/1/,4.14,247,0,
2026-05-16T16:08:14.399203,GET,/api/mixed/http/,111.56,55353,0,
2026-05-16T16:08:14.400892,GET,/api/mixed/pipeline/1/,5.44,82,0,
2026-05-16T16:08:14.412775,GET,/api/mixed/pipeline/1/,4.32,82,0,
2026-05-16T16:08:14.418245,GET,/api/mixed/pipeline/1/,2.97,82,0,
2026-05-16T16:08:14.425531,GET,/api/mixed/db/1/,5.92,247,0,
2026-05-16T16:08:14.453351,GET,/api/mixed/pipeline/1/,2.94,82,0,
2026-05-16T16:08:14.464207,GET,/api/mixed/http/,108.97,55353,0,
2026-05-16T16:08:14.481803,GET,/api/mixed/pipeline/1/,4.38,82,0,
2026-05-16T16:08:14.496490,GET,/api/mixed/http/,109.11,55353,0,
2026-05-16T16:08:14.524698,GET,/api/mixed/db/1/,8.95,247,0,
2026-05-16T16:08:14.526288,GET,/api/mixed/http/,114.42,55353,0,
2026-05-16T16:08:14.532137,GET,/api/mixed/pipeline/1/,12.37,82,0,
2026-05-16T16:08:14.533826,GET,/api/mixed/http/,113.78,55353,0,
2026-05-16T16:08:14.535683,GET,/api/mixed/db/1/,8.02,247,0,
2026-05-16T16:08:14.539005,GET,/api/mixed/pipeline/1/,4.48,82,0,
2026-05-16T16:08:14.540568,GET,/api/mixed/db/1/,4.73,247,0,
2026-05-16T16:08:14.552988,GET,/api/mixed/http/,109.21,55353,0,
2026-05-16T16:08:14.559561,GET,/api/mixed/pipeline/1/,5.39,82,0,
2026-05-16T16:08:14.561034,GET,/api/mixed/pipeline/1/,6.38,82,0,
2026-05-16T16:08:14.565950,GET,/api/mixed/db/1/,8.58,247,0,
2026-05-16T16:08:14.566726,GET,/api/mixed/db/1/,8.86,247,0,
2026-05-16T16:08:14.569696,GET,/api/mixed/db/1/,4.99,247,0,
2026-05-16T16:08:14.585136,GET,/api/mixed/db/1/,4.06,247,0,
2026-05-16T16:08:14.590221,GET,/api/mixed/db/1/,3.85,247,0,
2026-05-16T16:08:14.592680,GET,/api/mixed/pipeline/1/,3.86,82,0,
2026-05-16T16:08:14.609002,GET,/api/mixed/http/,107.93,55353,0,
2026-05-16T16:08:14.613419,GET,/api/mixed/db/1/,4.29,247,0,
2026-05-16T16:08:14.625935,GET,/api/mixed/http/,108.84,55353,0,
2026-05-16T16:08:14.626483,GET,/api/mixed/db/1/,4.85,247,0,
2026-05-16T16:08:14.637209,GET,/api/mixed/http/,112.29,55353,0,
2026-05-16T16:08:14.639175,GET,/api/mixed/http/,112.28,55353,0,
2026-05-16T16:08:14.644661,GET,/api/mixed/db/1/,4.27,247,0,
2026-05-16T16:08:14.645578,GET,/api/mixed/http/,111.63,55353,0,
2026-05-16T16:08:14.649555,GET,/api/mixed/pipeline/1/,2.62,82,0,
2026-05-16T16:08:14.659774,GET,/api/mixed/pipeline/1/,5.46,82,0,
2026-05-16T16:08:14.660423,GET,/api/mixed/pipeline/1/,5.69,82,0,
2026-05-16T16:08:14.661014,GET,/api/mixed/pipeline/1/,7.27,82,0,
2026-05-16T16:08:14.661500,GET,/api/mixed/pipeline/1/,5.74,82,0,
2026-05-16T16:08:14.724455,GET,/api/mixed/db/1/,4.98,247,0,
2026-05-16T16:08:14.775131,GET,/api/mixed/http/,111.36,55353,0,
2026-05-16T16:08:14.781285,GET,/api/mixed/pipeline/1/,2.91,82,0,
2026-05-16T16:08:14.792646,GET,/api/mixed/pipeline/1/,2.72,82,0,
2026-05-16T16:08:14.814172,GET,/api/mixed/db/1/,4.01,247,0,
2026-05-16T16:08:14.817117,GET,/api/mixed/db/1/,4.42,247,0,
2026-05-16T16:08:14.819091,GET,/api/mixed/pipeline/1/,3.27,82,0,
2026-05-16T16:08:14.843696,GET,/api/mixed/db/1/,4.2,247,0,
2026-05-16T16:08:14.847922,GET,/api/mixed/http/,109.05,55353,0,
2026-05-16T16:08:14.851984,GET,/api/mixed/pipeline/1/,3.1,82,0,
2026-05-16T16:08:14.852423,GET,/api/mixed/db/1/,5.44,247,0,
2026-05-16T16:08:14.863122,GET,/api/mixed/pipeline/1/,4.49,82,0,
2026-05-16T16:08:14.863619,GET,/api/mixed/pipeline/1/,4.09,82,0,
2026-05-16T16:08:14.873148,GET,/api/mixed/pipeline/1/,4.48,82,0,
2026-05-16T16:08:14.877104,GET,/api/mixed/pipeline/1/,2.74,82,0,
2026-05-16T16:08:14.895284,GET,/api/mixed/http/,109.75,55353,0,
2026-05-16T16:08:14.909103,GET,/api/mixed/pipeline/1/,3.24,82,0,
2026-05-16T16:08:14.909539,GET,/api/mixed/db/1/,4.8,247,0,
2026-05-16T16:08:14.915338,GET,/api/mixed/pipeline/1/,3.38,82,0,
2026-05-16T16:08:14.934318,GET,/api/mixed/pipeline/1/,3.55,82,0,
2026-05-16T16:08:14.939120,GET,/api/mixed/db/1/,5.62,247,0,
2026-05-16T16:08:14.942617,GET,/api/mixed/pipeline/1/,5.16,82,0,
2026-05-16T16:08:14.953619,GET,/api/mixed/pipeline/1/,4.4,82,0,
2026-05-16T16:08:14.970798,GET,/api/mixed/http/,111.66,55353,0,
2026-05-16T16:08:14.975628,GET,/api/mixed/http/,109.77,55353,0,
2026-05-16T16:08:14.986430,GET,/api/mixed/pipeline/1/,2.79,82,0,
2026-05-16T16:08:15.001589,GET,/api/mixed/db/1/,4.87,247,0,
2026-05-16T16:08:15.043570,GET,/api/mixed/db/1/,6.08,247,0,
2026-05-16T16:08:15.074756,GET,/api/mixed/db/1/,6.21,247,0,
2026-05-16T16:08:15.077215,GET,/api/mixed/db/1/,5.56,247,0,
2026-05-16T16:08:15.086269,GET,/api/mixed/http/,108.17,55353,0,
2026-05-16T16:08:15.091384,GET,/api/mixed/http/,110.49,55353,0,
2026-05-16T16:08:15.095188,GET,/api/mixed/db/1/,5.61,247,0,
2026-05-16T16:08:15.130605,GET,/api/mixed/http/,111.85,55353,0,
2026-05-16T16:08:15.136142,GET,/api/mixed/http/,108.35,55353,0,
2026-05-16T16:08:15.140394,GET,/api/mixed/pipeline/1/,2.87,82,0,
2026-05-16T16:08:15.145590,GET,/api/mixed/db/1/,3.75,247,0,
2026-05-16T16:08:15.164779,GET,/api/mixed/http/,110.94,55353,0,
2026-05-16T16:08:15.182300,GET,/api/mixed/pipeline/1/,3.11,82,0,
2026-05-16T16:08:15.202722,GET,/api/mixed/pipeline/1/,2.86,82,0,
2026-05-16T16:08:15.210142,GET,/api/mixed/db/1/,4.01,247,0,
2026-05-16T16:08:15.213071,GET,/api/mixed/http/,108.5,55353,0,
2026-05-16T16:08:15.232210,GET,/api/mixed/http/,108.72,55353,0,
2026-05-16T16:08:15.233358,GET,/api/mixed/pipeline/1/,3.38,82,0,
2026-05-16T16:08:15.263384,GET,/api/mixed/http/,109.53,55353,0,
2026-05-16T16:08:15.264202,GET,/api/mixed/db/1/,4.61,247,0,
2026-05-16T16:08:15.273760,GET,/api/mixed/pipeline/1/,4.97,82,0,
2026-05-16T16:08:15.299400,GET,/api/mixed/pipeline/1/,4.36,82,0,
2026-05-16T16:08:15.300302,GET,/api/mixed/http/,108.66,55353,0,
2026-05-16T16:08:15.303760,GET,/api/mixed/http/,109.41,55353,0,
2026-05-16T16:08:15.326442,GET,/api/mixed/db/1/,4.25,247,0,
2026-05-16T16:08:15.330874,GET,/api/mixed/db/1/,4.28,247,0,
2026-05-16T16:08:15.332940,GET,/api/mixed/http/,109.52,55353,0,
2026-05-16T16:08:15.382828,GET,/api/mixed/db/1/,4.05,247,0,
2026-05-16T16:08:15.385635,GET,/api/mixed/pipeline/1/,2.69,82,0,
2026-05-16T16:08:15.394832,GET,/api/mixed/db/1/,3.92,247,0,
2026-05-16T16:08:15.400337,GET,/api/mixed/db/1/,4.12,247,0,
2026-05-16T16:08:15.406343,GET,/api/mixed/db/1/,3.92,247,0,
2026-05-16T16:08:15.443155,GET,/api/mixed/http/,107.8,55353,0,
2026-05-16T16:08:15.447063,GET,/api/mixed/db/1/,3.78,247,0,
2026-05-16T16:08:15.456651,GET,/api/mixed/pipeline/1/,3.17,82,0,
2026-05-16T16:08:15.470009,GET,/api/mixed/pipeline/1/,2.98,82,0,
2026-05-16T16:08:15.475416,GET,/api/mixed/pipeline/1/,3.47,82,0,
2026-05-16T16:08:15.478728,GET,/api/mixed/http/,108.81,55353,0,
2026-05-16T16:08:15.508081,GET,/api/mixed/http/,108.57,55353,0,
2026-05-16T16:08:15.522618,GET,/api/mixed/http/,112.03,55353,0,
2026-05-16T16:08:15.527131,GET,/api/mixed/db/1/,5.93,247,0,
2026-05-16T16:08:15.528175,GET,/api/mixed/db/1/,5.41,247,0,
2026-05-16T16:08:15.531973,GET,/api/mixed/http/,108.68,55353,0,
2026-05-16T16:08:15.540511,GET,/api/mixed/http/,108.55,55353,0,
2026-05-16T16:08:15.558419,GET,/api/mixed/pipeline/1/,3.9,82,0,
2026-05-16T16:08:15.559067,GET,/api/mixed/db/1/,5.1,247,0,
2026-05-16T16:08:15.580652,GET,/api/mixed/db/1/,4.58,247,0,
2026-05-16T16:08:15.581322,GET,/api/mixed/http/,109.84,55353,0,
2026-05-16T16:08:15.591088,GET,/api/mixed/db/1/,4.77,247,0,
2026-05-16T16:08:15.591896,GET,/api/mixed/db/1/,5.13,247,0,
2026-05-16T16:08:15.597132,GET,/api/mixed/pipeline/1/,2.84,82,0,
2026-05-16T16:08:15.613020,GET,/api/mixed/http/,107.99,55353,0,
2026-05-16T16:08:15.639900,GET,/api/mixed/pipeline/1/,3.29,82,0,
2026-05-16T16:08:15.641133,GET,/api/mixed/db/1/,5.03,247,0,
2026-05-16T16:08:15.653484,GET,/api/mixed/pipeline/1/,3.11,82,0,
2026-05-16T16:08:15.671795,GET,/api/mixed/http/,108.32,55353,0,
2026-05-16T16:08:15.674200,GET,/api/mixed/db/1/,4.46,247,0,
2026-05-16T16:08:15.677029,GET,/api/mixed/db/1/,3.89,247,0,
2026-05-16T16:08:15.690766,GET,/api/mixed/http/,108.17,55353,0,
2026-05-16T16:08:15.692077,GET,/api/mixed/pipeline/1/,3.33,82,0,
2026-05-16T16:08:15.693090,GET,/api/mixed/pipeline/1/,5.8,82,0,
2026-05-16T16:08:15.698227,GET,/api/mixed/pipeline/1/,2.77,82,0,
2026-05-16T16:08:15.710273,GET,/api/mixed/pipeline/1/,2.63,82,0,
2026-05-16T16:08:15.725431,GET,/api/mixed/pipeline/1/,2.93,82,0,
2026-05-16T16:08:15.733769,GET,/api/mixed/http/,109.34,55353,0,
2026-05-16T16:08:15.763403,GET,/api/mixed/db/1/,4.32,247,0,
2026-05-16T16:08:15.778954,GET,/api/mixed/pipeline/1/,5.05,82,0,
2026-05-16T16:08:15.779746,GET,/api/mixed/db/1/,10.07,247,0,
2026-05-16T16:08:15.815539,GET,/api/mixed/pipeline/1/,3.32,82,0,
2026-05-16T16:08:15.827194,GET,/api/mixed/db/1/,6.64,247,0,
2026-05-16T16:08:15.847326,GET,/api/mixed/pipeline/1/,5.15,82,0,
2026-05-16T16:08:15.847904,GET,/api/mixed/pipeline/1/,7.16,82,0,
2026-05-16T16:08:15.859191,GET,/api/mixed/http/,109.94,55353,0,
2026-05-16T16:08:15.862413,GET,/api/mixed/db/1/,5.21,247,0,
2026-05-16T16:08:15.879790,GET,/api/mixed/http/,114.0,55353,0,
2026-05-16T16:08:15.882639,GET,/api/mixed/pipeline/1/,3.93,82,0,
2026-05-16T16:08:15.896216,GET,/api/mixed/pipeline/1/,3.3,82,0,
2026-05-16T16:08:15.898043,GET,/api/mixed/http/,108.79,55353,0,
2026-05-16T16:08:15.917003,GET,/api/mixed/pipeline/1/,2.84,82,0,
2026-05-16T16:08:15.926738,GET,/api/mixed/http/,109.81,55353,0,
2026-05-16T16:08:15.932086,GET,/api/mixed/pipeline/1/,3.03,82,0,
2026-05-16T16:08:15.935271,GET,/api/mixed/http/,109.04,55353,0,
2026-05-16T16:08:15.951777,GET,/api/mixed/http/,110.01,55353,0,
2026-05-16T16:08:15.952711,GET,/api/mixed/http/,111.35,55353,0,
2026-05-16T16:08:15.956719,GET,/api/mixed/http/,110.57,55353,0,
2026-05-16T16:08:15.959953,GET,/api/mixed/http/,108.28,55353,0,
2026-05-16T16:08:15.969498,GET,/api/mixed/db/1/,4.19,247,0,
2026-05-16T16:08:15.973064,GET,/api/mixed/pipeline/1/,3.44,82,0,
2026-05-16T16:08:15.976597,GET,/api/mixed/db/1/,4.42,247,0,
2026-05-16T16:08:16.010195,GET,/api/mixed/db/1/,4.52,247,0,
2026-05-16T16:08:16.018758,GET,/api/mixed/http/,108.36,55353,0,
2026-05-16T16:08:16.030373,GET,/api/mixed/http/,111.11,55353,0,
2026-05-16T16:08:16.039674,GET,/api/mixed/db/1/,3.9,247,0,
2026-05-16T16:08:16.048478,GET,/api/mixed/pipeline/1/,2.91,82,0,
2026-05-16T16:08:16.053135,GET,/api/mixed/http/,108.49,55353,0,
2026-05-16T16:08:16.061002,GET,/api/mixed/db/1/,5.44,247,0,
2026-05-16T16:08:16.061517,GET,/api/mixed/db/1/,4.59,247,0,
2026-05-16T16:08:16.066301,GET,/api/mixed/db/1/,4.66,247,0,
2026-05-16T16:08:16.066843,GET,/api/mixed/db/1/,4.07,247,0,
2026-05-16T16:08:16.073824,GET,/api/mixed/db/1/,4.16,247,0,
2026-05-16T16:08:16.074358,GET,/api/mixed/db/1/,5.14,247,0,
2026-05-16T16:08:16.090784,GET,/api/mixed/pipeline/1/,3.04,82,0,
2026-05-16T16:08:16.103352,GET,/api/mixed/http/,108.49,55353,0,
2026-05-16T16:08:16.117251,GET,/api/mixed/http/,107.96,55353,0,
2026-05-16T16:08:16.124673,GET,/api/mixed/http/,108.34,55353,0,
2026-05-16T16:08:16.125918,GET,/api/mixed/pipeline/1/,3.41,82,0,
2026-05-16T16:08:16.132385,GET,/api/mixed/http/,109.24,55353,0,
2026-05-16T16:08:16.140619,GET,/api/mixed/db/1/,3.83,247,0,
2026-05-16T16:08:16.149303,GET,/api/mixed/http/,108.42,55353,0,
2026-05-16T16:08:16.163501,GET,/api/mixed/http/,109.13,55353,0,
2026-05-16T16:08:16.175740,GET,/api/mixed/db/1/,4.49,247,0,
2026-05-16T16:08:16.185059,GET,/api/mixed/pipeline/1/,3.41,82,0,
2026-05-16T16:08:16.195534,GET,/api/mixed/db/1/,4.09,247,0,
2026-05-16T16:08:16.200061,GET,/api/mixed/pipeline/1/,3.28,82,0,
2026-05-16T16:08:16.202045,GET,/api/mixed/pipeline/1/,2.88,82,0,
2026-05-16T16:08:16.206924,GET,/api/mixed/http/,108.89,55353,0,
2026-05-16T16:08:16.213162,GET,/api/mixed/pipeline/1/,2.82,82,0,
2026-05-16T16:08:16.225305,GET,/api/mixed/pipeline/1/,2.9,82,0,
2026-05-16T16:08:16.236018,GET,/api/mixed/pipeline/1/,3.5,82,0,
2026-05-16T16:08:16.246220,GET,/api/mixed/db/1/,3.98,247,0,
2026-05-16T16:08:16.247602,GET,/api/mixed/db/1/,3.94,247,0,
2026-05-16T16:08:16.257279,GET,/api/mixed/pipeline/1/,3.09,82,0,
2026-05-16T16:08:16.258835,GET,/api/mixed/http/,108.28,55353,0,
2026-05-16T16:08:16.265118,GET,/api/mixed/http/,107.93,55353,0,
2026-05-16T16:08:16.283756,GET,/api/mixed/http/,112.99,55353,0,
2026-05-16T16:08:16.290448,GET,/api/mixed/http/,109.31,55353,0,
2026-05-16T16:08:16.294856,GET,/api/mixed/pipeline/1/,3.12,82,0,
2026-05-16T16:08:16.333597,GET,/api/mixed/db/1/,4.31,247,0,
2026-05-16T16:08:16.357925,GET,/api/mixed/http/,108.51,55353,0,
2026-05-16T16:08:16.358511,GET,/api/mixed/http/,109.59,55353,0,
2026-05-16T16:08:16.370999,GET,/api/mixed/db/1/,4.06,247,0,
2026-05-16T16:08:16.390668,GET,/api/mixed/pipeline/1/,3.35,82,0,
2026-05-16T16:08:16.391144,GET,/api/mixed/pipeline/1/,2.93,82,0,
2026-05-16T16:08:16.400369,GET,/api/mixed/db/1/,3.86,247,0,
2026-05-16T16:08:16.410644,GET,/api/mixed/http/,108.57,55353,0,
2026-05-16T16:08:16.412899,GET,/api/mixed/pipeline/1/,3.44,82,0,
2026-05-16T16:08:16.413458,GET,/api/mixed/http/,108.75,55353,0,
2026-05-16T16:08:16.419792,GET,/api/mixed/db/1/,3.89,247,0,
2026-05-16T16:08:16.438595,GET,/api/mixed/pipeline/1/,3.41,82,0,
2026-05-16T16:08:16.441764,GET,/api/mixed/db/1/,4.06,247,0,
2026-05-16T16:08:16.455119,GET,/api/mixed/http/,109.12,55353,0,
2026-05-16T16:08:16.455747,GET,/api/mixed/http/,108.55,55353,0,
2026-05-16T16:08:16.478755,GET,/api/mixed/http/,109.2,55353,0,
2026-05-16T16:08:16.484292,GET,/api/mixed/pipeline/1/,3.07,82,0,
2026-05-16T16:08:16.494052,GET,/api/mixed/http/,108.2,55353,0,
2026-05-16T16:08:16.502940,GET,/api/mixed/db/1/,4.56,247,0,
2026-05-16T16:08:16.540226,GET,/api/mixed/db/1/,6.08,247,0,
2026-05-16T16:08:16.557036,GET,/api/mixed/db/1/,3.99,247,0,
2026-05-16T16:08:16.581871,GET,/api/mixed/db/1/,4.45,247,0,
2026-05-16T16:08:16.588905,GET,/api/mixed/db/1/,4.68,247,0,
2026-05-16T16:08:16.607219,GET,/api/mixed/db/1/,6.04,247,0,
2026-05-16T16:08:16.612429,GET,/api/mixed/db/1/,3.84,247,0,
2026-05-16T16:08:16.624976,GET,/api/mixed/db/1/,5.8,247,0,
2026-05-16T16:08:16.640661,GET,/api/mixed/db/1/,5.94,247,0,
2026-05-16T16:08:16.645556,GET,/api/mixed/http/,113.26,55353,0,
2026-05-16T16:08:16.647866,GET,/api/mixed/http/,113.15,55353,0,
2026-05-16T16:08:16.652500,GET,/api/mixed/http/,110.84,55353,0,
2026-05-16T16:08:16.672092,GET,/api/mixed/pipeline/1/,4.18,82,0,
2026-05-16T16:08:16.692554,GET,/api/mixed/pipeline/1/,5.1,82,0,
2026-05-16T16:08:16.714292,GET,/api/mixed/pipeline/1/,3.2,82,0,
2026-05-16T16:08:16.718321,GET,/api/mixed/db/1/,3.91,247,0,
2026-05-16T16:08:16.726019,GET,/api/mixed/pipeline/1/,5.39,82,0,
2026-05-16T16:08:16.744564,GET,/api/mixed/http/,110.35,55353,0,
2026-05-16T16:08:16.768715,GET,/api/mixed/http/,109.67,55353,0,
2026-05-16T16:08:16.769373,GET,/api/mixed/http/,109.23,55353,0,
2026-05-16T16:08:16.769911,GET,/api/mixed/db/1/,6.09,247,0,
2026-05-16T16:08:16.784472,GET,/api/mixed/http/,113.36,55353,0,
2026-05-16T16:08:16.800499,GET,/api/mixed/http/,109.67,55353,0,
2026-05-16T16:08:16.807240,GET,/api/mixed/http/,109.83,55353,0,
2026-05-16T16:08:16.841548,GET,/api/mixed/http/,108.11,55353,0,
2026-05-16T16:08:16.845869,GET,/api/mixed/pipeline/1/,3.03,82,0,
2026-05-16T16:08:16.849281,GET,/api/mixed/http/,109.11,55353,0,
2026-05-16T16:08:16.867939,GET,/api/mixed/pipeline/1/,3.42,82,0,
2026-05-16T16:08:16.868491,GET,/api/mixed/http/,108.48,55353,0,
2026-05-16T16:08:16.897672,GET,/api/mixed/pipeline/1/,3.15,82,0,
2026-05-16T16:08:16.903138,GET,/api/mixed/http/,108.36,55353,0,
2026-05-16T16:08:16.927672,GET,/api/mixed/db/1/,4.39,247,0,
2026-05-16T16:08:16.929617,GET,/api/mixed/http/,108.54,55353,0,
2026-05-16T16:08:16.949464,GET,/api/mixed/pipeline/1/,3.91,82,0,
2026-05-16T16:08:16.963357,GET,/api/mixed/pipeline/1/,4.11,82,0,
2026-05-16T16:08:16.964807,GET,/api/mixed/db/1/,5.09,247,0,
2026-05-16T16:08:16.977455,GET,/api/mixed/pipeline/1/,4.34,82,0,
2026-05-16T16:08:16.994142,GET,/api/mixed/http/,108.2,55353,0,
2026-05-16T16:08:17.005830,GET,/api/mixed/pipeline/1/,3.83,82,0,
2026-05-16T16:08:17.007932,GET,/api/mixed/http/,109.0,55353,0,
2026-05-16T16:08:17.013562,GET,/api/mixed/http/,107.99,55353,0,
2026-05-16T16:08:17.016385,GET,/api/mixed/http/,108.49,55353,0,
2026-05-16T16:08:17.050320,GET,/api/mixed/pipeline/1/,4.15,82,0,
2026-05-16T16:08:17.050966,GET,/api/mixed/pipeline/1/,3.93,82,0,
2026-05-16T16:08:17.051588,GET,/api/mixed/db/1/,6.7,247,0,
2026-05-16T16:08:17.053969,GET,/api/mixed/http/,110.95,55353,0,
2026-05-16T16:08:17.056059,GET,/api/mixed/http/,111.97,55353,0,
2026-05-16T16:08:17.063623,GET,/api/mixed/http/,109.72,55353,0,
2026-05-16T16:08:17.064165,GET,/api/mixed/http/,109.1,55353,0,
2026-05-16T16:08:17.067776,GET,/api/mixed/pipeline/1/,3.45,82,0,
2026-05-16T16:08:17.069848,GET,/api/mixed/http/,108.91,55353,0,
2026-05-16T16:08:17.078607,GET,/api/mixed/pipeline/1/,3.0,82,0,
2026-05-16T16:08:17.080076,GET,/api/mixed/db/1/,4.93,247,0,
2026-05-16T16:08:17.090992,GET,/api/mixed/pipeline/1/,3.04,82,0,
2026-05-16T16:08:17.110652,GET,/api/mixed/db/1/,4.62,247,0,
2026-05-16T16:08:17.111571,GET,/api/mixed/http/,110.14,55353,0,
2026-05-16T16:08:17.136667,GET,/api/mixed/pipeline/1/,2.97,82,0,
2026-05-16T16:08:17.150504,GET,/api/mixed/pipeline/1/,3.52,82,0,
2026-05-16T16:08:17.174048,GET,/api/mixed/db/1/,4.12,247,0,
2026-05-16T16:08:17.192699,GET,/api/mixed/http/,109.37,55353,0,
2026-05-16T16:08:17.203619,GET,/api/mixed/pipeline/1/,3.04,82,0,
2026-05-16T16:08:17.213075,GET,/api/mixed/http/,109.75,55353,0,
2026-05-16T16:08:17.234252,GET,/api/mixed/pipeline/1/,3.16,82,0,
2026-05-16T16:08:17.238455,GET,/api/mixed/http/,108.6,55353,0,
2026-05-16T16:08:17.246379,GET,/api/mixed/pipeline/1/,3.53,82,0,
2026-05-16T16:08:17.248043,GET,/api/mixed/db/1/,4.19,247,0,
2026-05-16T16:08:17.256779,GET,/api/mixed/http/,108.76,55353,0,
2026-05-16T16:08:17.257216,GET,/api/mixed/db/1/,4.93,247,0,
2026-05-16T16:08:17.262599,GET,/api/mixed/pipeline/1/,2.95,82,0,
2026-05-16T16:08:17.287613,GET,/api/mixed/pipeline/1/,4.11,82,0,
2026-05-16T16:08:17.288660,GET,/api/mixed/pipeline/1/,5.76,82,0,
2026-05-16T16:08:17.292856,GET,/api/mixed/db/1/,6.34,247,0,
2026-05-16T16:08:17.293582,GET,/api/mixed/db/1/,5.78,247,0,
2026-05-16T16:08:17.296478,GET,/api/mixed/pipeline/1/,4.7,82,0,
2026-05-16T16:08:17.298796,GET,/api/mixed/pipeline/1/,3.58,82,0,
2026-05-16T16:08:17.300587,GET,/api/mixed/http/,109.21,55353,0,
2026-05-16T16:08:17.321744,GET,/api/mixed/db/1/,4.2,247,0,
2026-05-16T16:08:17.323846,GET,/api/mixed/http/,108.34,55353,0,
2026-05-16T16:08:17.368254,GET,/api/mixed/db/1/,4.29,247,0,
2026-05-16T16:08:17.386537,GET,/api/mixed/pipeline/1/,4.07,82,0,
2026-05-16T16:08:17.395731,GET,/api/mixed/pipeline/1/,3.8,82,0,
2026-05-16T16:08:17.396592,GET,/api/mixed/db/1/,4.2,247,0,
2026-05-16T16:08:17.402371,GET,/api/mixed/db/1/,4.39,247,0,
2026-05-16T16:08:17.410456,GET,/api/mixed/db/1/,3.88,247,0,
2026-05-16T16:08:17.414276,GET,/api/mixed/http/,108.31,55353,0,
2026-05-16T16:08:17.424906,GET,/api/mixed/pipeline/1/,2.89,82,0,
2026-05-16T16:08:17.434506,GET,/api/mixed/db/1/,4.3,247,0,
2026-05-16T16:08:17.436519,GET,/api/mixed/http/,108.3,55353,0,
2026-05-16T16:08:17.448589,GET,/api/mixed/pipeline/1/,3.69,82,0,
2026-05-16T16:08:17.449095,GET,/api/mixed/pipeline/1/,3.68,82,0,
2026-05-16T16:08:17.454385,GET,/api/mixed/http/,108.49,55353,0,
2026-05-16T16:08:17.461090,GET,/api/mixed/http/,108.32,55353,0,
2026-05-16T16:08:17.472080,GET,/api/mixed/http/,108.57,55353,0,
2026-05-16T16:08:17.478827,GET,/api/mixed/db/1/,3.99,247,0,
2026-05-16T16:08:17.500318,GET,/api/mixed/db/1/,4.07,247,0,
2026-05-16T16:08:17.509557,GET,/api/mixed/pipeline/1/,3.32,82,0,
2026-05-16T16:08:17.510045,GET,/api/mixed/pipeline/1/,4.48,82,0,
2026-05-16T16:08:17.528938,GET,/api/mixed/pipeline/1/,6.44,82,0,
2026-05-16T16:08:17.531764,GET,/api/mixed/db/1/,8.02,247,0,
2026-05-16T16:08:17.555303,GET,/api/mixed/pipeline/1/,3.11,82,0,
2026-05-16T16:08:17.555818,GET,/api/mixed/db/1/,4.93,247,0,
2026-05-16T16:08:17.565993,GET,/api/mixed/http/,108.39,55353,0,
2026-05-16T16:08:17.576484,GET,/api/mixed/pipeline/1/,3.08,82,0,
2026-05-16T16:08:17.580437,GET,/api/mixed/http/,108.24,55353,0,
2026-05-16T16:08:17.588687,GET,/api/mixed/pipeline/1/,2.87,82,0,
2026-05-16T16:08:17.595935,GET,/api/mixed/pipeline/1/,2.87,82,0,
2026-05-16T16:08:17.628084,GET,/api/mixed/db/1/,4.25,247,0,
2026-05-16T16:08:17.638149,GET,/api/mixed/pipeline/1/,3.36,82,0,
2026-05-16T16:08:17.641334,GET,/api/mixed/http/,108.16,55353,0,
2026-05-16T16:08:17.659864,GET,/api/mixed/db/1/,4.1,247,0,
2026-05-16T16:08:17.671251,GET,/api/mixed/db/1/,3.99,247,0,
2026-05-16T16:08:17.689774,GET,/api/mixed/db/1/,5.22,247,0,
2026-05-16T16:08:17.713722,GET,/api/mixed/db/1/,4.06,247,0,
2026-05-16T16:08:17.721126,GET,/api/mixed/pipeline/1/,2.98,82,0,
2026-05-16T16:08:17.724929,GET,/api/mixed/http/,108.58,55353,0,
2026-05-16T16:08:17.730496,GET,/api/mixed/http/,109.24,55353,0,
2026-05-16T16:08:17.733236,GET,/api/mixed/pipeline/1/,3.96,82,0,
2026-05-16T16:08:17.736675,GET,/api/mixed/http/,108.45,55353,0,
2026-05-16T16:08:17.806980,GET,/api/mixed/http/,107.98,55353,0,
2026-05-16T16:08:17.844847,GET,/api/mixed/http/,108.05,55353,0,
2026-05-16T16:08:17.862254,GET,/api/mixed/pipeline/1/,3.96,82,0,
2026-05-16T16:08:17.872704,GET,/api/mixed/http/,111.18,55353,0,
2026-05-16T16:08:17.875964,GET,/api/mixed/http/,111.75,55353,0,
2026-05-16T16:08:17.904139,GET,/api/mixed/http/,109.24,55353,0,
2026-05-16T16:08:17.911273,GET,/api/mixed/http/,113.47,55353,0,
2026-05-16T16:08:17.911965,GET,/api/mixed/pipeline/1/,3.51,82,0,
2026-05-16T16:08:17.912546,GET,/api/mixed/http/,114.16,55353,0,
2026-05-16T16:08:17.935426,GET,/api/mixed/db/1/,4.44,247,0,
2026-05-16T16:08:17.936070,GET,/api/mixed/http/,108.32,55353,0,
2026-05-16T16:08:17.971245,GET,/api/mixed/db/1/,4.08,247,0,
2026-05-16T16:08:17.976872,GET,/api/mixed/pipeline/1/,3.4,82,0,
2026-05-16T16:08:17.977455,GET,/api/mixed/http/,108.9,55353,0,
2026-05-16T16:08:17.984874,GET,/api/mixed/http/,108.77,55353,0,
2026-05-16T16:08:17.996291,GET,/api/mixed/http/,108.49,55353,0,
2026-05-16T16:08:18.023985,GET,/api/mixed/http/,109.05,55353,0,
2026-05-16T16:08:18.024528,GET,/api/mixed/db/1/,5.12,247,0,
2026-05-16T16:08:18.036520,GET,/api/mixed/http/,112.07,55353,0,
2026-05-16T16:08:18.060727,GET,/api/mixed/http/,110.34,55353,0,
2026-05-16T16:08:18.064026,GET,/api/mixed/pipeline/1/,4.59,82,0,
2026-05-16T16:08:18.065832,GET,/api/mixed/db/1/,8.0,247,0,
2026-05-16T16:08:18.066923,GET,/api/mixed/pipeline/1/,4.58,82,0,
2026-05-16T16:08:18.071411,GET,/api/mixed/pipeline/1/,3.08,82,0,
2026-05-16T16:08:18.081458,GET,/api/mixed/pipeline/1/,3.63,82,0,
2026-05-16T16:08:18.082661,GET,/api/mixed/db/1/,5.34,247,0,
2026-05-16T16:08:18.091165,GET,/api/mixed/http/,108.47,55353,0,
2026-05-16T16:08:18.101160,GET,/api/mixed/db/1/,4.65,247,0,
2026-05-16T16:08:18.119947,GET,/api/mixed/pipeline/1/,3.41,82,0,
2026-05-16T16:08:18.124340,GET,/api/mixed/http/,108.76,55353,0,
2026-05-16T16:08:18.165905,GET,/api/mixed/pipeline/1/,5.5,82,0,
2026-05-16T16:08:18.167974,GET,/api/mixed/db/1/,6.89,247,0,
2026-05-16T16:08:18.171900,GET,/api/mixed/http/,113.27,55353,0,
2026-05-16T16:08:18.172542,GET,/api/mixed/db/1/,8.31,247,0,
2026-05-16T16:08:18.173066,GET,/api/mixed/db/1/,6.84,247,0,
2026-05-16T16:08:18.180949,GET,/api/mixed/http/,108.27,55353,0,
2026-05-16T16:08:18.183421,GET,/api/mixed/pipeline/1/,4.08,82,0,
2026-05-16T16:08:18.193270,GET,/api/mixed/pipeline/1/,3.56,82,0,
2026-05-16T16:08:18.201919,GET,/api/mixed/pipeline/1/,3.35,82,0,
2026-05-16T16:08:18.226396,GET,/api/mixed/pipeline/1/,3.35,82,0,
2026-05-16T16:08:18.235614,GET,/api/mixed/http/,109.0,55353,0,
2026-05-16T16:08:18.267382,GET,/api/mixed/db/1/,5.3,247,0,
2026-05-16T16:08:18.278488,GET,/api/mixed/pipeline/1/,5.62,82,0,
2026-05-16T16:08:18.296923,GET,/api/mixed/db/1/,4.59,247,0,
2026-05-16T16:08:18.305217,GET,/api/mixed/pipeline/1/,3.91,82,0,
2026-05-16T16:08:18.311932,GET,/api/mixed/db/1/,5.4,247,0,
2026-05-16T16:08:18.324375,GET,/api/mixed/http/,109.16,55353,0,
2026-05-16T16:08:18.327177,GET,/api/mixed/http/,109.0,55353,0,
2026-05-16T16:08:18.335761,GET,/api/mixed/db/1/,5.37,247,0,
2026-05-16T16:08:18.370143,GET,/api/mixed/db/1/,5.0,247,0,
2026-05-16T16:08:18.372564,GET,/api/mixed/db/1/,4.56,247,0,
2026-05-16T16:08:18.400625,GET,/api/mixed/http/,109.48,55353,0,
2026-05-16T16:08:18.406808,GET,/api/mixed/pipeline/1/,3.78,82,0,
2026-05-16T16:08:18.408791,GET,/api/mixed/pipeline/1/,3.17,82,0,
2026-05-16T16:08:18.414114,GET,/api/mixed/pipeline/1/,2.92,82,0,
2026-05-16T16:08:18.422919,GET,/api/mixed/http/,109.68,55353,0,
2026-05-16T16:08:18.425503,GET,/api/mixed/http/,109.46,55353,0,
2026-05-16T16:08:18.441859,GET,/api/mixed/http/,109.94,55353,0,
2026-05-16T16:08:18.450199,GET,/api/mixed/pipeline/1/,3.92,82,0,
2026-05-16T16:08:18.451400,GET,/api/mixed/db/1/,6.27,247,0,
2026-05-16T16:08:18.453666,GET,/api/mixed/pipeline/1/,4.48,82,0,
2026-05-16T16:08:18.454158,GET,/api/mixed/pipeline/1/,3.8,82,0,
2026-05-16T16:08:18.466223,GET,/api/mixed/db/1/,4.73,247,0,
2026-05-16T16:08:18.489571,GET,/api/mixed/pipeline/1/,4.04,82,0,
2026-05-16T16:08:18.491166,GET,/api/mixed/db/1/,4.38,247,0,
2026-05-16T16:08:18.503455,GET,/api/mixed/pipeline/1/,7.33,82,0,
2026-05-16T16:08:18.503982,GET,/api/mixed/db/1/,6.87,247,0,
2026-05-16T16:08:18.516228,GET,/api/mixed/db/1/,5.11,247,0,
2026-05-16T16:08:18.517737,GET,/api/mixed/pipeline/1/,4.08,82,0,
2026-05-16T16:08:18.539219,GET,/api/mixed/http/,113.56,55353,0,
2026-05-16T16:08:18.540737,GET,/api/mixed/http/,111.29,55353,0,
2026-05-16T16:08:18.541893,GET,/api/mixed/http/,110.01,55353,0,
2026-05-16T16:08:18.555370,GET,/api/mixed/db/1/,4.09,247,0,
2026-05-16T16:08:18.561735,GET,/api/mixed/pipeline/1/,2.97,82,0,
2026-05-16T16:08:18.603117,GET,/api/mixed/http/,111.8,55353,0,
2026-05-16T16:08:18.609174,GET,/api/mixed/http/,112.53,55353,0,
2026-05-16T16:08:18.611677,GET,/api/mixed/pipeline/1/,3.64,82,0,
2026-05-16T16:08:18.618209,GET,/api/mixed/http/,109.73,55353,0,
2026-05-16T16:08:18.622304,GET,/api/mixed/db/1/,5.59,247,0,
2026-05-16T16:08:18.628904,GET,/api/mixed/pipeline/1/,3.2,82,0,
2026-05-16T16:08:18.648523,GET,/api/mixed/db/1/,4.35,247,0,
2026-05-16T16:08:18.657549,GET,/api/mixed/http/,109.24,55353,0,
2026-05-16T16:08:18.672402,GET,/api/mixed/db/1/,4.35,247,0,
2026-05-16T16:08:18.677168,GET,/api/mixed/pipeline/1/,3.33,82,0,
2026-05-16T16:08:18.689584,GET,/api/mixed/pipeline/1/,3.17,82,0,
2026-05-16T16:08:18.696616,GET,/api/mixed/pipeline/1/,4.85,82,0,
2026-05-16T16:08:18.697189,GET,/api/mixed/db/1/,6.32,247,0,
2026-05-16T16:08:18.697926,GET,/api/mixed/db/1/,5.72,247,0,
2026-05-16T16:08:18.703473,GET,/api/mixed/http/,110.28,55353,0,
2026-05-16T16:08:18.721209,GET,/api/mixed/pipeline/1/,3.41,82,0,
2026-05-16T16:08:18.726912,GET,/api/mixed/http/,108.51,55353,0,
2026-05-16T16:08:18.735764,GET,/api/mixed/db/1/,5.38,247,0,
2026-05-16T16:08:18.739084,GET,/api/mixed/db/1/,5.97,247,0,
2026-05-16T16:08:18.740555,GET,/api/mixed/http/,108.36,55353,0,
2026-05-16T16:08:18.760009,GET,/api/mixed/http/,109.01,55353,0,
2026-05-16T16:08:18.769619,GET,/api/mixed/pipeline/1/,4.31,82,0,
2026-05-16T16:08:18.801715,GET,/api/mixed/http/,110.36,55353,0,
2026-05-16T16:08:18.823609,GET,/api/mixed/pipeline/1/,3.22,82,0,
2026-05-16T16:08:18.847732,GET,/api/mixed/http/,108.5,55353,0,
2026-05-16T16:08:18.852241,GET,/api/mixed/pipeline/1/,3.22,82,0,
2026-05-16T16:08:18.899006,GET,/api/mixed/http/,108.92,55353,0,
2026-05-16T16:08:18.899662,GET,/api/mixed/http/,108.97,55353,0,
2026-05-16T16:08:18.910304,GET,/api/mixed/db/1/,4.24,247,0,
2026-05-16T16:08:18.913654,GET,/api/mixed/db/1/,4.43,247,0,
2026-05-16T16:08:18.914116,GET,/api/mixed/db/1/,5.44,247,0,
2026-05-16T16:08:18.917834,GET,/api/mixed/http/,109.72,55353,0,
2026-05-16T16:08:18.919909,GET,/api/mixed/http/,108.21,55353,0,
2026-05-16T16:08:18.942900,GET,/api/mixed/db/1/,4.5,247,0,
2026-05-16T16:08:18.949788,GET,/api/mixed/http/,108.83,55353,0,
2026-05-16T16:08:18.950781,GET,/api/mixed/http/,108.6,55353,0,
2026-05-16T16:08:18.956675,GET,/api/mixed/pipeline/1/,3.46,82,0,
2026-05-16T16:08:18.958305,GET,/api/mixed/db/1/,4.03,247,0,
2026-05-16T16:08:18.970426,GET,/api/mixed/http/,108.78,55353,0,
2026-05-16T16:08:18.978470,GET,/api/mixed/db/1/,4.67,247,0,
2026-05-16T16:08:18.980399,GET,/api/mixed/pipeline/1/,3.62,82,0,
2026-05-16T16:08:18.989306,GET,/api/mixed/db/1/,4.88,247,0,
2026-05-16T16:08:18.989732,GET,/api/mixed/db/1/,4.8,247,0,
2026-05-16T16:08:18.993508,GET,/api/mixed/http/,108.03,55353,0,
2026-05-16T16:08:19.019301,GET,/api/mixed/pipeline/1/,5.39,82,0,
2026-05-16T16:08:19.030458,GET,/api/mixed/pipeline/1/,3.46,82,0,
2026-05-16T16:08:19.041339,GET,/api/mixed/pipeline/1/,3.17,82,0,
2026-05-16T16:08:19.049265,GET,/api/mixed/http/,108.2,55353,0,
2026-05-16T16:08:19.052810,GET,/api/mixed/db/1/,5.21,247,0,
2026-05-16T16:08:19.057728,GET,/api/mixed/db/1/,5.82,247,0,
2026-05-16T16:08:19.077264,GET,/api/mixed/db/1/,4.14,247,0,
2026-05-16T16:08:19.089617,GET,/api/mixed/http/,108.02,55353,0,
2026-05-16T16:08:19.106307,GET,/api/mixed/pipeline/1/,3.47,82,0,
2026-05-16T16:08:19.116880,GET,/api/mixed/pipeline/1/,3.38,82,0,
2026-05-16T16:08:19.122269,GET,/api/mixed/pipeline/1/,7.02,82,0,
2026-05-16T16:08:19.124084,GET,/api/mixed/db/1/,9.3,247,0,
2026-05-16T16:08:19.124711,GET,/api/mixed/http/,110.19,55353,0,
2026-05-16T16:08:19.125241,GET,/api/mixed/db/1/,5.42,247,0,
2026-05-16T16:08:19.125639,GET,/api/mixed/db/1/,8.6,247,0,
2026-05-16T16:08:19.128766,GET,/api/mixed/db/1/,5.79,247,0,
2026-05-16T16:08:19.154424,GET,/api/mixed/db/1/,4.29,247,0,
2026-05-16T16:08:19.162101,GET,/api/mixed/http/,109.08,55353,0,
2026-05-16T16:08:19.163410,GET,/api/mixed/db/1/,4.72,247,0,
2026-05-16T16:08:19.163834,GET,/api/mixed/db/1/,4.03,247,0,
2026-05-16T16:08:19.178004,GET,/api/mixed/db/1/,4.72,247,0,
2026-05-16T16:08:19.190719,GET,/api/mixed/db/1/,4.39,247,0,
2026-05-16T16:08:19.192859,GET,/api/mixed/pipeline/1/,3.28,82,0,
2026-05-16T16:08:19.200739,GET,/api/mixed/http/,108.86,55353,0,
2026-05-16T16:08:19.201260,GET,/api/mixed/pipeline/1/,4.15,82,0,
2026-05-16T16:08:19.203248,GET,/api/mixed/http/,108.89,55353,0,
2026-05-16T16:08:19.204893,GET,/api/mixed/db/1/,5.43,247,0,
2026-05-16T16:08:19.208039,GET,/api/mixed/pipeline/1/,3.99,82,0,
2026-05-16T16:08:19.210012,GET,/api/mixed/db/1/,4.45,247,0,
2026-05-16T16:08:19.213002,GET,/api/mixed/pipeline/1/,3.89,82,0,
2026-05-16T16:08:19.219407,GET,/api/mixed/http/,108.78,55353,0,
2026-05-16T16:08:19.244665,GET,/api/mixed/http/,108.4,55353,0,
2026-05-16T16:08:19.256968,GET,/api/mixed/pipeline/1/,3.42,82,0,
2026-05-16T16:08:19.261130,GET,/api/mixed/pipeline/1/,2.77,82,0,
2026-05-16T16:08:19.298234,GET,/api/mixed/http/,109.19,55353,0,
2026-05-16T16:08:19.321666,GET,/api/mixed/http/,109.53,55353,0,
2026-05-16T16:08:19.322829,GET,/api/mixed/http/,109.67,55353,0,
2026-05-16T16:08:19.342353,GET,/api/mixed/db/1/,4.29,247,0,
2026-05-16T16:08:19.347638,GET,/api/mixed/pipeline/1/,2.9,82,0,
2026-05-16T16:08:19.360969,GET,/api/mixed/pipeline/1/,3.04,82,0,
2026-05-16T16:08:19.361679,GET,/api/mixed/http/,108.73,55353,0,
2026-05-16T16:08:19.379443,GET,/api/mixed/pipeline/1/,3.34,82,0,
2026-05-16T16:08:19.390740,GET,/api/mixed/pipeline/1/,3.03,82,0,
2026-05-16T16:08:19.402237,GET,/api/mixed/db/1/,4.06,247,0,
2026-05-16T16:08:19.409924,GET,/api/mixed/http/,108.22,55353,0,
2026-05-16T16:08:19.417213,GET,/api/mixed/db/1/,4.01,247,0,
2026-05-16T16:08:19.417726,GET,/api/mixed/http/,108.18,55353,0,
2026-05-16T16:08:19.426053,GET,/api/mixed/pipeline/1/,2.96,82,0,
2026-05-16T16:08:19.442472,GET,/api/mixed/pipeline/1/,2.9,82,0,
2026-05-16T16:08:19.451332,GET,/api/mixed/db/1/,3.91,247,0,
2026-05-16T16:08:19.480300,GET,/api/mixed/pipeline/1/,3.7,82,0,
2026-05-16T16:08:19.482642,GET,/api/mixed/pipeline/1/,3.27,82,0,
2026-05-16T16:08:19.484898,GET,/api/mixed/pipeline/1/,3.09,82,0,
2026-05-16T16:08:19.495658,GET,/api/mixed/pipeline/1/,3.38,82,0,
2026-05-16T16:08:19.496230,GET,/api/mixed/pipeline/1/,2.72,82,0,
2026-05-16T16:08:19.539468,GET,/api/mixed/db/1/,6.96,247,0,
2026-05-16T16:08:19.552876,GET,/api/mixed/http/,108.02,55353,0,
2026-05-16T16:08:19.561241,GET,/api/mixed/db/1/,4.11,247,0,
2026-05-16T16:08:19.571632,GET,/api/mixed/pipeline/1/,2.98,82,0,
2026-05-16T16:08:19.572796,GET,/api/mixed/db/1/,5.57,247,0,
2026-05-16T16:08:19.618412,GET,/api/mixed/http/,108.8,55353,0,
2026-05-16T16:08:19.627800,GET,/api/mixed/db/1/,3.99,247,0,
2026-05-16T16:08:19.639980,GET,/api/mixed/db/1/,3.91,247,0,
2026-05-16T16:08:19.649807,GET,/api/mixed/pipeline/1/,2.93,82,0,
2026-05-16T16:08:19.650271,GET,/api/mixed/pipeline/1/,3.91,82,0,
2026-05-16T16:08:19.655147,GET,/api/mixed/http/,108.46,55353,0,
2026-05-16T16:08:19.672485,GET,/api/mixed/http/,107.89,55353,0,
2026-05-16T16:08:19.673673,GET,/api/mixed/pipeline/1/,3.27,82,0,
2026-05-16T16:08:19.700232,GET,/api/mixed/http/,108.05,55353,0,
2026-05-16T16:08:19.725043,GET,/api/mixed/pipeline/1/,3.9,82,0,
2026-05-16T16:08:19.725643,GET,/api/mixed/pipeline/1/,5.21,82,0,
2026-05-16T16:08:19.731217,GET,/api/mixed/pipeline/1/,3.32,82,0,
2026-05-16T16:08:19.787662,GET,/api/mixed/pipeline/1/,7.35,82,0,
2026-05-16T16:08:19.794607,GET,/api/mixed/http/,108.53,55353,0,
2026-05-16T16:08:19.795403,GET,/api/mixed/pipeline/1/,2.96,82,0,
2026-05-16T16:08:19.799851,GET,/api/mixed/http/,108.11,55353,0,
2026-05-16T16:08:19.806124,GET,/api/mixed/pipeline/1/,2.86,82,0,
2026-05-16T16:08:19.816571,GET,/api/mixed/pipeline/1/,3.07,82,0,
2026-05-16T16:08:19.819739,GET,/api/mixed/http/,108.24,55353,0,
2026-05-16T16:08:19.828165,GET,/api/mixed/db/1/,4.0,247,0,
2026-05-16T16:08:19.864461,GET,/api/mixed/http/,108.8,55353,0,
2026-05-16T16:08:19.867793,GET,/api/mixed/db/1/,4.48,247,0,
2026-05-16T16:08:19.901668,GET,/api/mixed/http/,109.71,55353,0,
2026-05-16T16:08:19.903767,GET,/api/mixed/pipeline/1/,3.7,82,0,
2026-05-16T16:08:19.928262,GET,/api/mixed/pipeline/1/,4.04,82,0,
2026-05-16T16:08:19.928702,GET,/api/mixed/db/1/,4.09,247,0,
2026-05-16T16:08:19.931517,GET,/api/mixed/pipeline/1/,2.71,82,0,
2026-05-16T16:08:19.950934,GET,/api/mixed/pipeline/1/,3.02,82,0,
2026-05-16T16:08:19.965141,GET,/api/mixed/db/1/,3.82,247,0,
2026-05-16T16:08:19.981888,GET,/api/mixed/db/1/,3.87,247,0,
2026-05-16T16:08:20.007054,GET,/api/mixed/pipeline/1/,3.7,82,0,
2026-05-16T16:08:20.007731,GET,/api/mixed/pipeline/1/,3.18,82,0,
2026-05-16T16:08:20.009589,GET,/api/mixed/http/,108.98,55353,0,
2026-05-16T16:08:20.010768,GET,/api/mixed/http/,108.36,55353,0,
2026-05-16T16:08:20.033646,GET,/api/mixed/http/,109.9,55353,0,
2026-05-16T16:08:20.041374,GET,/api/mixed/pipeline/1/,6.82,82,0,
2026-05-16T16:08:20.043492,GET,/api/mixed/pipeline/1/,4.07,82,0,
2026-05-16T16:08:20.063637,GET,/api/mixed/pipeline/1/,4.21,82,0,
2026-05-16T16:08:20.069149,GET,/api/mixed/db/1/,4.26,247,0,
2026-05-16T16:08:20.076747,GET,/api/mixed/db/1/,4.31,247,0,
2026-05-16T16:08:20.077330,GET,/api/mixed/http/,108.78,55353,0,
2026-05-16T16:08:20.079626,GET,/api/mixed/pipeline/1/,3.8,82,0,
2026-05-16T16:08:20.085217,GET,/api/mixed/http/,108.19,55353,0,
2026-05-16T16:08:20.095156,GET,/api/mixed/http/,107.88,55353,0,
2026-05-16T16:08:20.098241,GET,/api/mixed/db/1/,4.41,247,0,
2026-05-16T16:08:20.102201,GET,/api/mixed/http/,107.7,55353,0,
2026-05-16T16:08:20.102686,GET,/api/mixed/http/,108.72,55353,0,
2026-05-16T16:08:20.125351,GET,/api/mixed/http/,108.29,55353,0,
2026-05-16T16:08:20.130511,GET,/api/mixed/pipeline/1/,2.89,82,0,
2026-05-16T16:08:20.142860,GET,/api/mixed/db/1/,3.97,247,0,
2026-05-16T16:08:20.161202,GET,/api/mixed/http/,108.39,55353,0,
2026-05-16T16:08:20.190697,GET,/api/mixed/db/1/,6.04,247,0,
2026-05-16T16:08:20.194568,GET,/api/mixed/db/1/,5.48,247,0,
2026-05-16T16:08:20.195956,GET,/api/mixed/http/,109.58,55353,0,
2026-05-16T16:08:20.198469,GET,/api/mixed/db/1/,5.85,247,0,
2026-05-16T16:08:20.220696,GET,/api/mixed/pipeline/1/,3.03,82,0,
2026-05-16T16:08:20.237413,GET,/api/mixed/db/1/,4.19,247,0,
2026-05-16T16:08:20.241450,GET,/api/mixed/pipeline/1/,2.82,82,0,
2026-05-16T16:08:20.244152,GET,/api/mixed/pipeline/1/,2.59,82,0,
2026-05-16T16:08:20.254293,GET,/api/mixed/db/1/,5.33,247,0,
2026-05-16T16:08:20.259235,GET,/api/mixed/http/,108.13,55353,0,
2026-05-16T16:08:20.262729,GET,/api/mixed/db/1/,5.15,247,0,
2026-05-16T16:08:20.292643,GET,/api/mixed/pipeline/1/,3.88,82,0,
2026-05-16T16:08:20.294005,GET,/api/mixed/db/1/,6.89,247,0,
2026-05-16T16:08:20.294499,GET,/api/mixed/db/1/,4.08,247,0,
2026-05-16T16:08:20.294955,GET,/api/mixed/http/,109.77,55353,0,
2026-05-16T16:08:20.302125,GET,/api/mixed/http/,108.76,55353,0,
2026-05-16T16:08:20.315278,GET,/api/mixed/http/,108.3,55353,0,
2026-05-16T16:08:20.335540,GET,/api/mixed/db/1/,4.76,247,0,
2026-05-16T16:08:20.373753,GET,/api/mixed/pipeline/1/,3.37,82,0,
2026-05-16T16:08:20.374552,GET,/api/mixed/pipeline/1/,4.8,82,0,
2026-05-16T16:08:20.381314,GET,/api/mixed/http/,109.14,55353,0,
2026-05-16T16:08:20.388267,GET,/api/mixed/db/1/,6.46,247,0,
2026-05-16T16:08:20.415881,GET,/api/mixed/db/1/,5.54,247,0,
2026-05-16T16:08:20.431028,GET,/api/mixed/pipeline/1/,4.79,82,0,
2026-05-16T16:08:20.431969,GET,/api/mixed/pipeline/1/,5.14,82,0,
2026-05-16T16:08:20.433094,GET,/api/mixed/http/,111.33,55353,0,
2026-05-16T16:08:20.448350,GET,/api/mixed/http/,111.52,55353,0,
2026-05-16T16:08:20.470753,GET,/api/mixed/pipeline/1/,11.55,82,0,
2026-05-16T16:08:20.475126,GET,/api/mixed/pipeline/1/,4.02,82,0,
2026-05-16T16:08:20.475730,GET,/api/mixed/db/1/,7.21,247,0,
2026-05-16T16:08:20.476225,GET,/api/mixed/db/1/,8.8,247,0,
2026-05-16T16:08:20.492088,GET,/api/mixed/http/,112.14,55353,0,
2026-05-16T16:08:20.493670,GET,/api/mixed/pipeline/1/,5.15,82,0,
2026-05-16T16:08:20.496438,GET,/api/mixed/pipeline/1/,6.68,82,0,
2026-05-16T16:08:20.502092,GET,/api/mixed/http/,113.64,55353,0,
2026-05-16T16:08:20.510820,GET,/api/mixed/db/1/,4.44,247,0,
2026-05-16T16:08:20.521763,GET,/api/mixed/pipeline/1/,4.74,82,0,
2026-05-16T16:08:20.525560,GET,/api/mixed/http/,111.31,55353,0,
2026-05-16T16:08:20.530529,GET,/api/mixed/pipeline/1/,7.38,82,0,
2026-05-16T16:08:20.533379,GET,/api/mixed/http/,115.12,55353,0,
2026-05-16T16:08:20.537764,GET,/api/mixed/db/1/,8.77,247,0,
2026-05-16T16:08:20.547298,GET,/api/mixed/http/,109.89,55353,0,
2026-05-16T16:08:20.555344,GET,/api/mixed/db/1/,3.98,247,0,
2026-05-16T16:08:20.572103,GET,/api/mixed/pipeline/1/,3.53,82,0,
2026-05-16T16:08:20.572977,GET,/api/mixed/http/,114.98,55353,0,
2026-05-16T16:08:20.592579,GET,/api/mixed/pipeline/1/,3.2,82,0,
2026-05-16T16:08:20.600359,GET,/api/mixed/pipeline/1/,3.75,82,0,
2026-05-16T16:08:20.604184,GET,/api/mixed/http/,109.35,55353,0,
2026-05-16T16:08:20.611013,GET,/api/mixed/pipeline/1/,4.6,82,0,
2026-05-16T16:08:20.621270,GET,/api/mixed/http/,109.15,55353,0,
2026-05-16T16:08:20.644990,GET,/api/mixed/db/1/,4.12,247,0,
2026-05-16T16:08:20.659441,GET,/api/mixed/http/,109.08,55353,0,
2026-05-16T16:08:20.659890,GET,/api/mixed/pipeline/1/,3.82,82,0,
2026-05-16T16:08:20.701344,GET,/api/mixed/db/1/,4.18,247,0,
2026-05-16T16:08:20.715752,GET,/api/mixed/http/,108.8,55353,0,
2026-05-16T16:08:20.721120,GET,/api/mixed/db/1/,4.09,247,0,
2026-05-16T16:08:20.757615,GET,/api/mixed/http/,108.25,55353,0,
2026-05-16T16:08:20.758097,GET,/api/mixed/pipeline/1/,3.88,82,0,
2026-05-16T16:08:20.758522,GET,/api/mixed/db/1/,4.94,247,0,
2026-05-16T16:08:20.766144,GET,/api/mixed/http/,109.5,55353,0,
2026-05-16T16:08:20.768199,GET,/api/mixed/pipeline/1/,3.44,82,0,
2026-05-16T16:08:20.779524,GET,/api/mixed/pipeline/1/,4.67,82,0,
2026-05-16T16:08:20.779944,GET,/api/mixed/pipeline/1/,5.63,82,0,
2026-05-16T16:08:20.793366,GET,/api/mixed/pipeline/1/,4.0,82,0,
2026-05-16T16:08:20.794461,GET,/api/mixed/pipeline/1/,3.87,82,0,
2026-05-16T16:08:20.808016,GET,/api/mixed/pipeline/1/,3.32,82,0,
2026-05-16T16:08:20.813806,GET,/api/mixed/pipeline/1/,3.49,82,0,
2026-05-16T16:08:20.814810,GET,/api/mixed/http/,109.15,55353,0,
2026-05-16T16:08:20.829273,GET,/api/mixed/http/,107.98,55353,0,
2026-05-16T16:08:20.831524,GET,/api/mixed/db/1/,4.8,247,0,
2026-05-16T16:08:20.836526,GET,/api/mixed/http/,109.6,55353,0,
2026-05-16T16:08:20.837010,GET,/api/mixed/http/,109.06,55353,0,
2026-05-16T16:08:20.860471,GET,/api/mixed/pipeline/1/,6.13,82,0,
2026-05-16T16:08:20.864344,GET,/api/mixed/db/1/,7.28,247,0,
2026-05-16T16:08:20.881095,GET,/api/mixed/http/,109.5,55353,0,
2026-05-16T16:08:20.882351,GET,/api/mixed/pipeline/1/,3.91,82,0,
2026-05-16T16:08:20.884904,GET,/api/mixed/pipeline/1/,3.67,82,0,
2026-05-16T16:08:20.888582,GET,/api/mixed/db/1/,4.64,247,0,
2026-05-16T16:08:20.894419,GET,/api/mixed/http/,112.01,55353,0,
2026-05-16T16:08:20.899817,GET,/api/mixed/pipeline/1/,4.16,82,0,
2026-05-16T16:08:20.936099,GET,/api/mixed/db/1/,5.05,247,0,
2026-05-16T16:08:20.936580,GET,/api/mixed/http/,110.56,55353,0,
2026-05-16T16:08:20.936963,GET,/api/mixed/db/1/,4.53,247,0,
2026-05-16T16:08:20.943480,GET,/api/mixed/pipeline/1/,4.34,82,0,
2026-05-16T16:08:20.950900,GET,/api/mixed/db/1/,4.2,247,0,
2026-05-16T16:08:20.955136,GET,/api/mixed/http/,108.81,55353,0,
2026-05-16T16:08:20.959445,GET,/api/mixed/db/1/,5.53,247,0,
2026-05-16T16:08:20.976105,GET,/api/mixed/http/,110.45,55353,0,
2026-05-16T16:08:20.982885,GET,/api/mixed/http/,109.01,55353,0,
2026-05-16T16:08:21.004467,GET,/api/mixed/http/,108.31,55353,0,
2026-05-16T16:08:21.005019,GET,/api/mixed/db/1/,5.32,247,0,
2026-05-16T16:08:21.009944,GET,/api/mixed/db/1/,4.79,247,0,
2026-05-16T16:08:21.010424,GET,/api/mixed/db/1/,4.09,247,0,
2026-05-16T16:08:21.049268,GET,/api/mixed/http/,108.32,55353,0,
2026-05-16T16:08:21.063347,GET,/api/mixed/http/,108.04,55353,0,
2026-05-16T16:08:21.063811,GET,/api/mixed/pipeline/1/,3.27,82,0,
2026-05-16T16:08:21.080493,GET,/api/mixed/db/1/,4.47,247,0,
2026-05-16T16:08:21.082671,GET,/api/mixed/pipeline/1/,3.81,82,0,
2026-05-16T16:08:21.091626,GET,/api/mixed/pipeline/1/,3.1,82,0,
2026-05-16T16:08:21.095757,GET,/api/mixed/http/,108.61,55353,0,
2026-05-16T16:08:21.121020,GET,/api/mixed/pipeline/1/,3.41,82,0,
2026-05-16T16:08:21.124137,GET,/api/mixed/db/1/,5.15,247,0,
2026-05-16T16:08:21.132687,GET,/api/mixed/db/1/,4.13,247,0,
2026-05-16T16:08:21.153011,GET,/api/mixed/http/,108.01,55353,0,
2026-05-16T16:08:21.177265,GET,/api/mixed/pipeline/1/,3.34,82,0,
2026-05-16T16:08:21.184835,GET,/api/mixed/pipeline/1/,3.25,82,0,
2026-05-16T16:08:21.191216,GET,/api/mixed/http/,108.43,55353,0,
2026-05-16T16:08:21.194336,GET,/api/mixed/db/1/,4.22,247,0,
2026-05-16T16:08:21.199774,GET,/api/mixed/pipeline/1/,3.1,82,0,
2026-05-16T16:08:21.208243,GET,/api/mixed/pipeline/1/,3.19,82,0,
2026-05-16T16:08:21.210520,GET,/api/mixed/http/,107.91,55353,0,
2026-05-16T16:08:21.211046,GET,/api/mixed/http/,108.97,55353,0,
2026-05-16T16:08:21.215356,GET,/api/mixed/pipeline/1/,3.02,82,0,
2026-05-16T16:08:21.219725,GET,/api/mixed/http/,108.18,55353,0,
2026-05-16T16:08:21.220694,GET,/api/mixed/db/1/,4.14,247,0,
2026-05-16T16:08:21.224496,GET,/api/mixed/http/,108.17,55353,0,
2026-05-16T16:08:21.233601,GET,/api/mixed/db/1/,4.91,247,0,
2026-05-16T16:08:21.234559,GET,/api/mixed/db/1/,4.74,247,0,
2026-05-16T16:08:21.251657,GET,/api/mixed/http/,108.52,55353,0,
2026-05-16T16:08:21.266198,GET,/api/mixed/http/,107.98,55353,0,
2026-05-16T16:08:21.330038,GET,/api/mixed/pipeline/1/,4.39,82,0,
2026-05-16T16:08:21.332376,GET,/api/mixed/db/1/,4.03,247,0,
2026-05-16T16:08:21.346687,GET,/api/mixed/pipeline/1/,2.91,82,0,
2026-05-16T16:08:21.347175,GET,/api/mixed/http/,108.37,55353,0,
2026-05-16T16:08:21.360598,GET,/api/mixed/pipeline/1/,3.13,82,0,
2026-05-16T16:08:21.365870,GET,/api/mixed/pipeline/1/,3.04,82,0,
2026-05-16T16:08:21.381004,GET,/api/mixed/db/1/,4.74,247,0,
2026-05-16T16:08:21.395911,GET,/api/mixed/db/1/,4.08,247,0,
2026-05-16T16:08:21.417787,GET,/api/mixed/pipeline/1/,3.55,82,0,
2026-05-16T16:08:21.426686,GET,/api/mixed/pipeline/1/,4.64,82,0,
2026-05-16T16:08:21.427307,GET,/api/mixed/pipeline/1/,4.27,82,0,
2026-05-16T16:08:21.442761,GET,/api/mixed/http/,107.96,55353,0,
2026-05-16T16:08:21.447509,GET,/api/mixed/http/,109.19,55353,0,
2026-05-16T16:08:21.449061,GET,/api/mixed/db/1/,5.08,247,0,
2026-05-16T16:08:21.461559,GET,/api/mixed/pipeline/1/,3.2,82,0,
2026-05-16T16:08:21.488374,GET,/api/mixed/http/,108.48,55353,0,
2026-05-16T16:08:21.491762,GET,/api/mixed/pipeline/1/,3.25,82,0,
2026-05-16T16:08:21.501146,GET,/api/mixed/db/1/,4.14,247,0,
2026-05-16T16:08:21.530108,GET,/api/mixed/db/1/,7.7,247,0,
2026-05-16T16:08:21.533979,GET,/api/mixed/http/,111.35,55353,0,
2026-05-16T16:08:21.559258,GET,/api/mixed/db/1/,3.91,247,0,
2026-05-16T16:08:21.574013,GET,/api/mixed/pipeline/1/,2.96,82,0,
2026-05-16T16:08:21.574488,GET,/api/mixed/db/1/,4.92,247,0,
2026-05-16T16:08:21.575354,GET,/api/mixed/db/1/,3.73,247,0,
2026-05-16T16:08:21.580480,GET,/api/mixed/pipeline/1/,2.77,82,0,
2026-05-16T16:08:21.602417,GET,/api/mixed/db/1/,3.94,247,0,
2026-05-16T16:08:21.612912,GET,/api/mixed/pipeline/1/,3.19,82,0,
2026-05-16T16:08:21.623748,GET,/api/mixed/pipeline/1/,3.21,82,0,
2026-05-16T16:08:21.631055,GET,/api/mixed/db/1/,3.94,247,0,
2026-05-16T16:08:21.651144,GET,/api/mixed/http/,107.77,55353,0,
2026-05-16T16:08:21.654295,GET,/api/mixed/db/1/,4.04,247,0,
2026-05-16T16:08:21.674127,GET,/api/mixed/db/1/,3.87,247,0,
2026-05-16T16:08:21.680232,GET,/api/mixed/db/1/,3.77,247,0,
2026-05-16T16:08:21.699121,GET,/api/mixed/http/,108.27,55353,0,
2026-05-16T16:08:21.699553,GET,/api/mixed/pipeline/1/,3.11,82,0,
2026-05-16T16:08:21.700126,GET,/api/mixed/http/,107.97,55353,0,
2026-05-16T16:08:21.707425,GET,/api/mixed/db/1/,3.98,247,0,
2026-05-16T16:08:21.720080,GET,/api/mixed/http/,107.96,55353,0,
2026-05-16T16:08:21.721568,GET,/api/mixed/db/1/,4.95,247,0,
2026-05-16T16:08:21.725037,GET,/api/mixed/db/1/,4.84,247,0,
2026-05-16T16:08:21.727496,GET,/api/mixed/pipeline/1/,3.4,82,0,
2026-05-16T16:08:21.728125,GET,/api/mixed/http/,108.06,55353,0,
2026-05-16T16:08:21.749035,GET,/api/mixed/db/1/,4.57,247,0,
2026-05-16T16:08:21.753341,GET,/api/mixed/http/,107.71,55353,0,
2026-05-16T16:08:21.778478,GET,/api/mixed/http/,110.88,55353,0,
2026-05-16T16:08:21.806049,GET,/api/mixed/db/1/,3.73,247,0,
2026-05-16T16:08:21.824772,GET,/api/mixed/http/,109.12,55353,0,
2026-05-16T16:08:21.827400,GET,/api/mixed/pipeline/1/,4.06,82,0,
2026-05-16T16:08:21.829586,GET,/api/mixed/pipeline/1/,3.14,82,0,
2026-05-16T16:08:21.837139,GET,/api/mixed/pipeline/1/,2.84,82,0,
2026-05-16T16:08:21.838489,GET,/api/mixed/db/1/,4.71,247,0,
2026-05-16T16:08:21.855595,GET,/api/mixed/db/1/,4.73,247,0,
2026-05-16T16:08:21.870586,GET,/api/mixed/http/,107.94,55353,0,
2026-05-16T16:08:21.885202,GET,/api/mixed/http/,107.98,55353,0,
2026-05-16T16:08:21.896967,GET,/api/mixed/http/,107.91,55353,0,
2026-05-16T16:08:21.898459,GET,/api/mixed/db/1/,3.72,247,0,
2026-05-16T16:08:21.908339,GET,/api/mixed/http/,108.57,55353,0,
2026-05-16T16:08:21.944618,GET,/api/mixed/db/1/,4.5,247,0,
2026-05-16T16:08:21.950084,GET,/api/mixed/http/,108.33,55353,0,
2026-05-16T16:08:21.953931,GET,/api/mixed/db/1/,3.72,247,0,
2026-05-16T16:08:21.960064,GET,/api/mixed/http/,108.6,55353,0,
2026-05-16T16:08:21.987660,GET,/api/mixed/http/,107.84,55353,0,
2026-05-16T16:08:21.989303,GET,/api/mixed/db/1/,4.03,247,0,
2026-05-16T16:08:22.002144,GET,/api/mixed/http/,108.75,55353,0,
2026-05-16T16:08:22.008280,GET,/api/mixed/pipeline/1/,2.8,82,0,
2026-05-16T16:08:22.025272,GET,/api/mixed/http/,108.72,55353,0,
2026-05-16T16:08:22.025804,GET,/api/mixed/http/,108.8,55353,0,
2026-05-16T16:08:22.053420,GET,/api/mixed/http/,109.83,55353,0,
2026-05-16T16:08:22.065024,GET,/api/mixed/pipeline/1/,3.28,82,0,
2026-05-16T16:08:22.073015,GET,/api/mixed/db/1/,4.61,247,0,
2026-05-16T16:08:22.073970,GET,/api/mixed/db/1/,4.56,247,0,
2026-05-16T16:08:22.077908,GET,/api/mixed/db/1/,3.81,247,0,
2026-05-16T16:08:22.078409,GET,/api/mixed/http/,108.16,55353,0,
2026-05-16T16:08:22.081822,GET,/api/mixed/pipeline/1/,3.31,82,0,
2026-05-16T16:08:22.082268,GET,/api/mixed/pipeline/1/,2.58,82,0,
2026-05-16T16:08:22.093684,GET,/api/mixed/http/,108.9,55353,0,
2026-05-16T16:08:22.113167,GET,/api/mixed/http/,108.64,55353,0,
2026-05-16T16:08:22.128313,GET,/api/mixed/db/1/,3.92,247,0,
2026-05-16T16:08:22.137942,GET,/api/mixed/db/1/,4.25,247,0,
2026-05-16T16:08:22.139937,GET,/api/mixed/http/,107.9,55353,0,
2026-05-16T16:08:22.151676,GET,/api/mixed/pipeline/1/,3.4,82,0,
2026-05-16T16:08:22.172457,GET,/api/mixed/http/,109.27,55353,0,
2026-05-16T16:08:22.175634,GET,/api/mixed/db/1/,8.65,247,0,
2026-05-16T16:08:22.182528,GET,/api/mixed/http/,109.37,55353,0,
2026-05-16T16:08:22.198486,GET,/api/mixed/pipeline/1/,3.04,82,0,
2026-05-16T16:08:22.201085,GET,/api/mixed/http/,108.62,55353,0,
2026-05-16T16:08:22.210162,GET,/api/mixed/pipeline/1/,4.75,82,0,
2026-05-16T16:08:22.215657,GET,/api/mixed/http/,108.3,55353,0,
2026-05-16T16:08:22.233229,GET,/api/mixed/pipeline/1/,3.21,82,0,
2026-05-16T16:08:22.240051,GET,/api/mixed/pipeline/1/,3.49,82,0,
2026-05-16T16:08:22.268160,GET,/api/mixed/pipeline/1/,3.25,82,0,
2026-05-16T16:08:22.272130,GET,/api/mixed/pipeline/1/,2.65,82,0,
2026-05-16T16:08:22.286238,GET,/api/mixed/pipeline/1/,2.87,82,0,
2026-05-16T16:08:22.286777,GET,/api/mixed/db/1/,4.47,247,0,
2026-05-16T16:08:22.298760,GET,/api/mixed/http/,107.96,55353,0,
2026-05-16T16:08:22.308846,GET,/api/mixed/pipeline/1/,2.85,82,0,
2026-05-16T16:08:22.347341,GET,/api/mixed/http/,108.15,55353,0,
2026-05-16T16:08:22.350604,GET,/api/mixed/pipeline/1/,3.14,82,0,
2026-05-16T16:08:22.353224,GET,/api/mixed/pipeline/1/,3.52,82,0,
2026-05-16T16:08:22.355992,GET,/api/mixed/pipeline/1/,3.54,82,0,
2026-05-16T16:08:22.360099,GET,/api/mixed/http/,107.87,55353,0,
2026-05-16T16:08:22.369263,GET,/api/mixed/db/1/,3.84,247,0,
2026-05-16T16:08:22.395997,GET,/api/mixed/http/,107.89,55353,0,
2026-05-16T16:08:22.402569,GET,/api/mixed/db/1/,3.97,247,0,
2026-05-16T16:08:22.409539,GET,/api/mixed/db/1/,4.77,247,0,
2026-05-16T16:08:22.411694,GET,/api/mixed/pipeline/1/,3.12,82,0,
2026-05-16T16:08:22.416480,GET,/api/mixed/db/1/,3.52,247,0,
2026-05-16T16:08:22.426486,GET,/api/mixed/http/,109.39,55353,0,
2026-05-16T16:08:22.437464,GET,/api/mixed/http/,109.06,55353,0,
2026-05-16T16:08:22.439960,GET,/api/mixed/pipeline/1/,3.65,82,0,
2026-05-16T16:08:22.452242,GET,/api/mixed/http/,108.1,55353,0,
2026-05-16T16:08:22.456863,GET,/api/mixed/pipeline/1/,4.47,82,0,
2026-05-16T16:08:22.458753,GET,/api/mixed/pipeline/1/,3.51,82,0,
2026-05-16T16:08:22.463506,GET,/api/mixed/http/,108.34,55353,0,
2026-05-16T16:08:22.478046,GET,/api/mixed/http/,107.58,55353,0,
2026-05-16T16:08:22.488317,GET,/api/mixed/pipeline/1/,3.0,82,0,
2026-05-16T16:08:22.502877,GET,/api/mixed/http/,108.0,55353,0,
2026-05-16T16:08:22.503303,GET,/api/mixed/db/1/,3.77,247,0,
2026-05-16T16:08:22.519611,GET,/api/mixed/pipeline/1/,3.03,82,0,
2026-05-16T16:08:22.614563,GET,/api/mixed/pipeline/1/,2.88,82,0,
2026-05-16T16:08:22.635800,GET,/api/mixed/http/,107.84,55353,0,
2026-05-16T16:08:22.646167,GET,/api/mixed/db/1/,3.89,247,0,
2026-05-16T16:08:22.657364,GET,/api/mixed/http/,107.9,55353,0,
2026-05-16T16:08:22.658374,GET,/api/mixed/db/1/,3.95,247,0,
2026-05-16T16:08:22.678585,GET,/api/mixed/db/1/,3.99,247,0,
2026-05-16T16:08:22.681058,GET,/api/mixed/http/,107.89,55353,0,
2026-05-16T16:08:22.684757,GET,/api/mixed/http/,107.53,55353,0,
2026-05-16T16:08:22.685223,GET,/api/mixed/http/,108.44,55353,0,
2026-05-16T16:08:22.688065,GET,/api/mixed/pipeline/1/,2.75,82,0,
2026-05-16T16:08:22.694471,GET,/api/mixed/db/1/,5.03,247,0,
2026-05-16T16:08:22.694893,GET,/api/mixed/db/1/,5.03,247,0,
2026-05-16T16:08:22.696747,GET,/api/mixed/http/,107.79,55353,0,
2026-05-16T16:08:22.697142,GET,/api/mixed/pipeline/1/,3.71,82,0,
2026-05-16T16:08:22.715880,GET,/api/mixed/http/,108.79,55353,0,
2026-05-16T16:08:22.729085,GET,/api/mixed/db/1/,3.92,247,0,
2026-05-16T16:08:22.735172,GET,/api/mixed/db/1/,3.9,247,0,
2026-05-16T16:08:22.746799,GET,/api/mixed/db/1/,4.41,247,0,
2026-05-16T16:08:22.749187,GET,/api/mixed/pipeline/1/,3.3,82,0,
2026-05-16T16:08:22.759141,GET,/api/mixed/db/1/,4.57,247,0,
2026-05-16T16:08:22.764103,GET,/api/mixed/pipeline/1/,2.73,82,0,
2026-05-16T16:08:22.767930,GET,/api/mixed/pipeline/1/,2.61,82,0,
2026-05-16T16:08:22.798500,GET,/api/mixed/pipeline/1/,3.17,82,0,
2026-05-16T16:08:22.804962,GET,/api/mixed/db/1/,4.18,247,0,
2026-05-16T16:08:22.814395,GET,/api/mixed/pipeline/1/,2.73,82,0,
2026-05-16T16:08:22.820772,GET,/api/mixed/db/1/,4.04,247,0,
2026-05-16T16:08:22.863141,GET,/api/mixed/db/1/,6.21,247,0,
2026-05-16T16:08:22.866849,GET,/api/mixed/db/1/,4.71,247,0,
2026-05-16T16:08:22.869004,GET,/api/mixed/pipeline/1/,3.22,82,0,
2026-05-16T16:08:22.898788,GET,/api/mixed/pipeline/1/,3.15,82,0,
2026-05-16T16:08:22.909807,GET,/api/mixed/db/1/,4.2,247,0,
2026-05-16T16:08:22.920424,GET,/api/mixed/http/,110.1,55353,0,
2026-05-16T16:08:22.925690,GET,/api/mixed/db/1/,7.95,247,0,
2026-05-16T16:08:22.926233,GET,/api/mixed/db/1/,7.57,247,0,
2026-05-16T16:08:22.926684,GET,/api/mixed/db/1/,5.84,247,0,
2026-05-16T16:08:22.952953,GET,/api/mixed/http/,108.63,55353,0,
2026-05-16T16:08:22.955044,GET,/api/mixed/db/1/,4.09,247,0,
2026-05-16T16:08:22.963224,GET,/api/mixed/db/1/,3.93,247,0,
2026-05-16T16:08:22.967042,GET,/api/mixed/http/,109.61,55353,0,
2026-05-16T16:08:22.967534,GET,/api/mixed/http/,108.75,55353,0,
2026-05-16T16:08:22.984609,GET,/api/mixed/pipeline/1/,2.99,82,0,
2026-05-16T16:08:22.990825,GET,/api/mixed/http/,108.58,55353,0,
2026-05-16T16:08:22.999629,GET,/api/mixed/http/,110.72,55353,0,
2026-05-16T16:08:23.013929,GET,/api/mixed/http/,108.9,55353,0,
2026-05-16T16:08:23.016928,GET,/api/mixed/pipeline/1/,4.02,82,0,
2026-05-16T16:08:23.020449,GET,/api/mixed/db/1/,4.38,247,0,
2026-05-16T16:08:23.041867,GET,/api/mixed/db/1/,4.09,247,0,
2026-05-16T16:08:23.067639,GET,/api/mixed/db/1/,5.52,247,0,
2026-05-16T16:08:23.069527,GET,/api/mixed/pipeline/1/,4.93,82,0,
2026-05-16T16:08:23.075632,GET,/api/mixed/pipeline/1/,2.83,82,0,
2026-05-16T16:08:23.084013,GET,/api/mixed/http/,108.23,55353,0,
2026-05-16T16:08:23.094140,GET,/api/mixed/http/,108.31,55353,0,
2026-05-16T16:08:23.101112,GET,/api/mixed/pipeline/1/,2.76,82,0,
2026-05-16T16:08:23.142424,GET,/api/mixed/pipeline/1/,3.06,82,0,
2026-05-16T16:08:23.150850,GET,/api/mixed/pipeline/1/,3.04,82,0,
2026-05-16T16:08:23.161442,GET,/api/mixed/db/1/,4.29,247,0,
2026-05-16T16:08:23.174687,GET,/api/mixed/http/,109.08,55353,0,
2026-05-16T16:08:23.188054,GET,/api/mixed/pipeline/1/,3.14,82,0,
2026-05-16T16:08:23.218608,GET,/api/mixed/pipeline/1/,3.26,82,0,
2026-05-16T16:08:23.228069,GET,/api/mixed/db/1/,4.09,247,0,
2026-05-16T16:08:23.233483,GET,/api/mixed/db/1/,4.07,247,0,
2026-05-16T16:08:23.235958,GET,/api/mixed/pipeline/1/,3.33,82,0,
2026-05-16T16:08:23.252531,GET,/api/mixed/pipeline/1/,2.89,82,0,
2026-05-16T16:08:23.303023,GET,/api/mixed/db/1/,3.87,247,0,
2026-05-16T16:08:23.354477,GET,/api/mixed/http/,108.69,55353,0,
2026-05-16T16:08:23.363625,GET,/api/mixed/http/,107.72,55353,0,
2026-05-16T16:08:23.378201,GET,/api/mixed/http/,107.86,55353,0,
2026-05-16T16:08:23.381125,GET,/api/mixed/pipeline/1/,2.79,82,0,
2026-05-16T16:08:23.388267,GET,/api/mixed/db/1/,3.82,247,0,
2026-05-16T16:08:23.396413,GET,/api/mixed/db/1/,3.94,247,0,
2026-05-16T16:08:23.397650,GET,/api/mixed/db/1/,3.75,247,0,
2026-05-16T16:08:23.406482,GET,/api/mixed/http/,108.51,55353,0,
2026-05-16T16:08:23.411641,GET,/api/mixed/http/,107.35,55353,0,
2026-05-16T16:08:23.435048,GET,/api/mixed/db/1/,4.02,247,0,
2026-05-16T16:08:23.451011,GET,/api/mixed/http/,108.13,55353,0,
2026-05-16T16:08:23.463322,GET,/api/mixed/http/,107.48,55353,0,
2026-05-16T16:08:23.479459,GET,/api/mixed/pipeline/1/,2.92,82,0,
2026-05-16T16:08:23.490000,GET,/api/mixed/db/1/,7.25,247,0,
2026-05-16T16:08:23.505654,GET,/api/mixed/http/,109.12,55353,0,
2026-05-16T16:08:23.508012,GET,/api/mixed/pipeline/1/,3.29,82,0,
2026-05-16T16:08:23.513906,GET,/api/mixed/db/1/,3.66,247,0,
2026-05-16T16:08:23.516178,GET,/api/mixed/http/,107.5,55353,0,
2026-05-16T16:08:23.557109,GET,/api/mixed/db/1/,4.8,247,0,
2026-05-16T16:08:23.559189,GET,/api/mixed/http/,108.05,55353,0,
2026-05-16T16:08:23.560458,GET,/api/mixed/http/,108.36,55353,0,
2026-05-16T16:08:23.562452,GET,/api/mixed/db/1/,4.14,247,0,
2026-05-16T16:08:23.564898,GET,/api/mixed/http/,107.35,55353,0,
2026-05-16T16:08:23.576028,GET,/api/mixed/db/1/,4.39,247,0,
2026-05-16T16:08:23.576453,GET,/api/mixed/db/1/,3.52,247,0,
2026-05-16T16:08:23.593158,GET,/api/mixed/http/,111.54,55353,0,
2026-05-16T16:08:23.609464,GET,/api/mixed/http/,108.25,55353,0,
2026-05-16T16:08:23.609933,GET,/api/mixed/http/,108.22,55353,0,
2026-05-16T16:08:23.627368,GET,/api/mixed/http/,107.78,55353,0,
2026-05-16T16:08:23.646360,GET,/api/mixed/db/1/,4.63,247,0,
2026-05-16T16:08:23.652640,GET,/api/mixed/http/,108.1,55353,0,
2026-05-16T16:08:23.653222,GET,/api/mixed/http/,109.17,55353,0,
2026-05-16T16:08:23.662626,GET,/api/mixed/pipeline/1/,5.16,82,0,
2026-05-16T16:08:23.664257,GET,/api/mixed/db/1/,5.17,247,0,
2026-05-16T16:08:23.664722,GET,/api/mixed/db/1/,4.82,247,0,
2026-05-16T16:08:23.669423,GET,/api/mixed/db/1/,6.64,247,0,
2026-05-16T16:08:23.674273,GET,/api/mixed/http/,108.21,55353,0,
2026-05-16T16:08:23.676335,GET,/api/mixed/db/1/,4.63,247,0,
2026-05-16T16:08:23.676725,GET,/api/mixed/pipeline/1/,3.89,82,0,
2026-05-16T16:08:23.685574,GET,/api/mixed/http/,107.78,55353,0,
2026-05-16T16:08:23.707185,GET,/api/mixed/http/,107.84,55353,0,
2026-05-16T16:08:23.721433,GET,/api/mixed/pipeline/1/,3.02,82,0,
2026-05-16T16:08:23.748175,GET,/api/mixed/db/1/,3.79,247,0,
2026-05-16T16:08:23.748612,GET,/api/mixed/db/1/,4.95,247,0,
2026-05-16T16:08:23.749034,GET,/api/mixed/http/,108.45,55353,0,
2026-05-16T16:08:23.767903,GET,/api/mixed/http/,109.32,55353,0,
2026-05-16T16:08:23.776459,GET,/api/mixed/db/1/,4.44,247,0,
2026-05-16T16:08:23.776873,GET,/api/mixed/pipeline/1/,2.94,82,0,
2026-05-16T16:08:23.784843,GET,/api/mixed/pipeline/1/,2.78,82,0,
2026-05-16T16:08:23.800801,GET,/api/mixed/db/1/,4.61,247,0,
2026-05-16T16:08:23.801221,GET,/api/mixed/db/1/,4.55,247,0,
2026-05-16T16:08:23.812847,GET,/api/mixed/pipeline/1/,2.96,82,0,
2026-05-16T16:08:23.825615,GET,/api/mixed/pipeline/1/,3.01,82,0,
2026-05-16T16:08:23.827408,GET,/api/mixed/db/1/,5.24,247,0,
2026-05-16T16:08:23.852516,GET,/api/mixed/db/1/,3.93,247,0,
2026-05-16T16:08:23.856511,GET,/api/mixed/http/,107.39,55353,0,
2026-05-16T16:08:23.871075,GET,/api/mixed/http/,107.5,55353,0,
2026-05-16T16:08:23.875108,GET,/api/mixed/http/,108.14,55353,0,
2026-05-16T16:08:23.880490,GET,/api/mixed/pipeline/1/,3.2,82,0,
2026-05-16T16:08:23.881047,GET,/api/mixed/http/,108.59,55353,0,
2026-05-16T16:08:23.892252,GET,/api/mixed/pipeline/1/,3.02,82,0,
2026-05-16T16:08:23.892709,GET,/api/mixed/db/1/,4.3,247,0,
2026-05-16T16:08:23.893348,GET,/api/mixed/db/1/,5.97,247,0,
2026-05-16T16:08:23.902522,GET,/api/mixed/db/1/,3.88,247,0,
2026-05-16T16:08:23.908617,GET,/api/mixed/http/,109.17,55353,0,
2026-05-16T16:08:23.923972,GET,/api/mixed/pipeline/1/,3.03,82,0,
2026-05-16T16:08:23.933839,GET,/api/mixed/db/1/,4.1,247,0,
2026-05-16T16:08:23.934313,GET,/api/mixed/db/1/,5.05,247,0,
2026-05-16T16:08:23.940643,GET,/api/mixed/http/,107.82,55353,0,
2026-05-16T16:08:23.950083,GET,/api/mixed/db/1/,5.61,247,0,
2026-05-16T16:08:23.950531,GET,/api/mixed/db/1/,6.55,247,0,
2026-05-16T16:08:23.952433,GET,/api/mixed/pipeline/1/,4.45,82,0,
2026-05-16T16:08:23.957428,GET,/api/mixed/pipeline/1/,2.64,82,0,
2026-05-16T16:08:23.964477,GET,/api/mixed/pipeline/1/,2.72,82,0,
2026-05-16T16:08:23.975008,GET,/api/mixed/http/,111.33,55353,0,
2026-05-16T16:08:23.977090,GET,/api/mixed/db/1/,7.4,247,0,
2026-05-16T16:08:23.978231,GET,/api/mixed/pipeline/1/,3.07,82,0,
2026-05-16T16:08:24.001910,GET,/api/mixed/db/1/,3.88,247,0,
2026-05-16T16:08:24.010860,GET,/api/mixed/pipeline/1/,3.64,82,0,
2026-05-16T16:08:24.028504,GET,/api/mixed/pipeline/1/,2.76,82,0,
2026-05-16T16:08:24.060804,GET,/api/mixed/db/1/,4.63,247,0,
2026-05-16T16:08:24.061251,GET,/api/mixed/db/1/,4.61,247,0,
2026-05-16T16:08:24.070342,GET,/api/mixed/pipeline/1/,2.9,82,0,
2026-05-16T16:08:24.075511,GET,/api/mixed/pipeline/1/,2.85,82,0,
2026-05-16T16:08:24.079441,GET,/api/mixed/pipeline/1/,2.58,82,0,
2026-05-16T16:08:24.083387,GET,/api/mixed/pipeline/1/,2.57,82,0,
2026-05-16T16:08:24.092275,GET,/api/mixed/http/,107.74,55353,0,
2026-05-16T16:08:24.098494,GET,/api/mixed/pipeline/1/,2.94,82,0,
2026-05-16T16:08:24.113018,GET,/api/mixed/db/1/,6.75,247,0,
2026-05-16T16:08:24.118596,GET,/api/mixed/http/,110.91,55353,0,
2026-05-16T16:08:24.130149,GET,/api/mixed/http/,107.93,55353,0,
2026-05-16T16:08:24.145731,GET,/api/mixed/http/,107.53,55353,0,
2026-05-16T16:08:24.146543,GET,/api/mixed/http/,108.87,55353,0,
2026-05-16T16:08:24.150557,GET,/api/mixed/db/1/,3.9,247,0,
2026-05-16T16:08:24.152526,GET,/api/mixed/pipeline/1/,3.43,82,0,
2026-05-16T16:08:24.196368,GET,/api/mixed/http/,107.79,55353,0,
2026-05-16T16:08:24.204765,GET,/api/mixed/db/1/,4.02,247,0,
2026-05-16T16:08:24.210451,GET,/api/mixed/http/,107.59,55353,0,
2026-05-16T16:08:24.214061,GET,/api/mixed/pipeline/1/,3.45,82,0,
2026-05-16T16:08:24.227546,GET,/api/mixed/db/1/,6.01,247,0,
2026-05-16T16:08:24.248527,GET,/api/mixed/pipeline/1/,3.58,82,0,
2026-05-16T16:08:24.265599,GET,/api/mixed/http/,107.77,55353,0,
2026-05-16T16:08:24.266205,GET,/api/mixed/db/1/,4.38,247,0,
2026-05-16T16:08:24.277823,GET,/api/mixed/db/1/,4.3,247,0,
2026-05-16T16:08:24.278549,GET,/api/mixed/db/1/,5.97,247,0,
2026-05-16T16:08:24.279010,GET,/api/mixed/db/1/,5.89,247,0,
2026-05-16T16:08:24.288520,GET,/api/mixed/db/1/,5.29,247,0,
2026-05-16T16:08:24.296364,GET,/api/mixed/http/,108.07,55353,0,
2026-05-16T16:08:24.308122,GET,/api/mixed/db/1/,5.5,247,0,
2026-05-16T16:08:24.310177,GET,/api/mixed/pipeline/1/,4.07,82,0,
2026-05-16T16:08:24.314310,GET,/api/mixed/pipeline/1/,4.01,82,0,
2026-05-16T16:08:24.329346,GET,/api/mixed/http/,111.7,55353,0,
2026-05-16T16:08:24.335241,GET,/api/mixed/http/,110.51,55353,0,
2026-05-16T16:08:24.337939,GET,/api/mixed/pipeline/1/,3.76,82,0,
2026-05-16T16:08:24.342716,GET,/api/mixed/db/1/,4.65,247,0,
2026-05-16T16:08:24.345568,GET,/api/mixed/pipeline/1/,3.89,82,0,
2026-05-16T16:08:24.348512,GET,/api/mixed/pipeline/1/,3.86,82,0,
2026-05-16T16:08:24.368797,GET,/api/mixed/db/1/,4.86,247,0,
2026-05-16T16:08:24.369230,GET,/api/mixed/pipeline/1/,3.89,82,0,
2026-05-16T16:08:24.397216,GET,/api/mixed/pipeline/1/,3.8,82,0,
2026-05-16T16:08:24.398599,GET,/api/mixed/http/,107.81,55353,0,
2026-05-16T16:08:24.399021,GET,/api/mixed/pipeline/1/,2.92,82,0,
2026-05-16T16:08:24.408187,GET,/api/mixed/pipeline/1/,3.9,82,0,
2026-05-16T16:08:24.425038,GET,/api/mixed/pipeline/1/,3.59,82,0,
2026-05-16T16:08:24.439863,GET,/api/mixed/pipeline/1/,5.84,82,0,
2026-05-16T16:08:24.444857,GET,/api/mixed/http/,114.13,55353,0,
2026-05-16T16:08:24.449064,GET,/api/mixed/http/,117.88,55353,0,
2026-05-16T16:08:24.467447,GET,/api/mixed/db/1/,10.1,247,0,
2026-05-16T16:08:24.476012,GET,/api/mixed/db/1/,5.27,247,0,
2026-05-16T16:08:24.479773,GET,/api/mixed/pipeline/1/,3.6,82,0,
2026-05-16T16:08:24.497776,GET,/api/mixed/pipeline/1/,3.79,82,0,
2026-05-16T16:08:24.500016,GET,/api/mixed/db/1/,4.84,247,0,
2026-05-16T16:08:24.502546,GET,/api/mixed/pipeline/1/,3.71,82,0,
2026-05-16T16:08:24.511106,GET,/api/mixed/db/1/,4.24,247,0,
2026-05-16T16:08:24.514291,GET,/api/mixed/db/1/,4.75,247,0,
2026-05-16T16:08:24.537801,GET,/api/mixed/pipeline/1/,4.26,82,0,
2026-05-16T16:08:24.546035,GET,/api/mixed/http/,113.8,55353,0,
2026-05-16T16:08:24.546659,GET,/api/mixed/http/,116.37,55353,0,
2026-05-16T16:08:24.547122,GET,/api/mixed/db/1/,4.93,247,0,
2026-05-16T16:08:24.572623,GET,/api/mixed/http/,114.61,55353,0,
2026-05-16T16:08:24.579277,GET,/api/mixed/http/,107.87,55353,0,
2026-05-16T16:08:24.584756,GET,/api/mixed/http/,107.54,55353,0,
2026-05-16T16:08:24.602549,GET,/api/mixed/db/1/,4.39,247,0,
2026-05-16T16:08:24.658997,GET,/api/mixed/db/1/,4.16,247,0,
2026-05-16T16:08:24.693980,GET,/api/mixed/http/,107.85,55353,0,
2026-05-16T16:08:24.698517,GET,/api/mixed/http/,107.91,55353,0,
2026-05-16T16:08:24.712210,GET,/api/mixed/db/1/,4.72,247,0,
2026-05-16T16:08:24.718143,GET,/api/mixed/db/1/,4.7,247,0,
2026-05-16T16:08:24.723408,GET,/api/mixed/pipeline/1/,4.04,82,0,
2026-05-16T16:08:24.747194,GET,/api/mixed/http/,108.39,55353,0,
2026-05-16T16:08:24.763618,GET,/api/mixed/pipeline/1/,3.72,82,0,
2026-05-16T16:08:24.770015,GET,/api/mixed/http/,109.74,55353,0,
2026-05-16T16:08:24.770661,GET,/api/mixed/pipeline/1/,4.84,82,0,
2026-05-16T16:08:24.775642,GET,/api/mixed/pipeline/1/,3.7,82,0,
2026-05-16T16:08:24.808564,GET,/api/mixed/http/,107.66,55353,0,
2026-05-16T16:08:24.821023,GET,/api/mixed/pipeline/1/,3.24,82,0,
2026-05-16T16:08:24.830508,GET,/api/mixed/db/1/,5.13,247,0,
2026-05-16T16:08:24.912390,GET,/api/mixed/http/,109.45,55353,0,
2026-05-16T16:08:24.912897,GET,/api/mixed/http/,108.82,55353,0,
2026-05-16T16:08:24.956407,GET,/api/mixed/http/,115.43,55353,0,
2026-05-16T16:08:24.975516,GET,/api/mixed/pipeline/1/,3.56,82,0,
2026-05-16T16:08:24.978184,GET,/api/mixed/http/,109.17,55353,0,
2026-05-16T16:08:24.987426,GET,/api/mixed/pipeline/1/,2.98,82,0,
2026-05-16T16:08:25.000498,GET,/api/mixed/http/,110.88,55353,0,
2026-05-16T16:08:25.003728,GET,/api/mixed/db/1/,4.33,247,0,
2026-05-16T16:08:25.004214,GET,/api/mixed/http/,109.3,55353,0,
2026-05-16T16:08:25.016282,GET,/api/mixed/pipeline/1/,2.91,82,0,
2026-05-16T16:08:25.020034,GET,/api/mixed/db/1/,3.62,247,0,
2026-05-16T16:08:25.025694,GET,/api/mixed/db/1/,4.31,247,0,
2026-05-16T16:08:25.029874,GET,/api/mixed/http/,107.69,55353,0,
2026-05-16T16:08:25.030357,GET,/api/mixed/pipeline/1/,3.44,82,0,
2026-05-16T16:08:25.050572,GET,/api/mixed/db/1/,3.86,247,0,
2026-05-16T16:08:25.060730,GET,/api/mixed/pipeline/1/,3.94,82,0,
2026-05-16T16:08:25.061602,GET,/api/mixed/http/,109.45,55353,0,
2026-05-16T16:08:25.066938,GET,/api/mixed/http/,109.12,55353,0,
2026-05-16T16:08:25.067411,GET,/api/mixed/http/,109.07,55353,0,
2026-05-16T16:08:25.077854,GET,/api/mixed/http/,112.53,55353,0,
2026-05-16T16:08:25.079444,GET,/api/mixed/pipeline/1/,5.83,82,0,
2026-05-16T16:08:25.090977,GET,/api/mixed/db/1/,7.47,247,0,
2026-05-16T16:08:25.105700,GET,/api/mixed/db/1/,6.12,247,0,
2026-05-16T16:08:25.106301,GET,/api/mixed/db/1/,8.04,247,0,
2026-05-16T16:08:25.107328,GET,/api/mixed/pipeline/1/,5.45,82,0,
2026-05-16T16:08:25.107837,GET,/api/mixed/db/1/,7.24,247,0,
2026-05-16T16:08:25.111062,GET,/api/mixed/pipeline/1/,4.6,82,0,
2026-05-16T16:08:25.114621,GET,/api/mixed/db/1/,4.65,247,0,
2026-05-16T16:08:25.131580,GET,/api/mixed/pipeline/1/,3.41,82,0,
2026-05-16T16:08:25.135914,GET,/api/mixed/http/,108.55,55353,0,
2026-05-16T16:08:25.144270,GET,/api/mixed/db/1/,4.1,247,0,
2026-05-16T16:08:25.149563,GET,/api/mixed/pipeline/1/,3.92,82,0,
2026-05-16T16:08:25.164277,GET,/api/mixed/db/1/,5.3,247,0,
2026-05-16T16:08:25.167414,GET,/api/mixed/pipeline/1/,4.08,82,0,
2026-05-16T16:08:25.169756,GET,/api/mixed/pipeline/1/,3.31,82,0,
2026-05-16T16:08:25.179089,GET,/api/mixed/pipeline/1/,2.95,82,0,
2026-05-16T16:08:25.187268,GET,/api/mixed/http/,109.05,55353,0,
2026-05-16T16:08:25.196998,GET,/api/mixed/http/,114.05,55353,0,
2026-05-16T16:08:25.199565,GET,/api/mixed/pipeline/1/,7.64,82,0,
2026-05-16T16:08:25.219239,GET,/api/mixed/pipeline/1/,4.57,82,0,
2026-05-16T16:08:25.224598,GET,/api/mixed/http/,109.84,55353,0,
2026-05-16T16:08:25.230560,GET,/api/mixed/http/,109.02,55353,0,
2026-05-16T16:08:25.232212,GET,/api/mixed/http/,108.17,55353,0,
2026-05-16T16:08:25.232787,GET,/api/mixed/http/,109.38,55353,0,
2026-05-16T16:08:25.240251,GET,/api/mixed/pipeline/1/,2.91,82,0,
2026-05-16T16:08:25.246907,GET,/api/mixed/pipeline/1/,3.3,82,0,
2026-05-16T16:08:25.250053,GET,/api/mixed/db/1/,4.13,247,0,
2026-05-16T16:08:25.254423,GET,/api/mixed/http/,107.51,55353,0,
2026-05-16T16:08:25.268713,GET,/api/mixed/pipeline/1/,3.08,82,0,
2026-05-16T16:08:25.274914,GET,/api/mixed/http/,107.38,55353,0,
2026-05-16T16:08:25.304407,GET,/api/mixed/http/,109.17,55353,0,
2026-05-16T16:08:25.312133,GET,/api/mixed/db/1/,4.36,247,0,
2026-05-16T16:08:25.318370,GET,/api/mixed/pipeline/1/,2.84,82,0,
2026-05-16T16:08:25.323702,GET,/api/mixed/http/,109.81,55353,0,
2026-05-16T16:08:25.330370,GET,/api/mixed/pipeline/1/,3.36,82,0,
2026-05-16T16:08:25.334948,GET,/api/mixed/db/1/,4.44,247,0,
2026-05-16T16:08:25.339692,GET,/api/mixed/http/,110.39,55353,0,
2026-05-16T16:08:25.341342,GET,/api/mixed/http/,108.46,55353,0,
2026-05-16T16:08:25.352722,GET,/api/mixed/db/1/,4.1,247,0,
2026-05-16T16:08:25.356541,GET,/api/mixed/db/1/,3.69,247,0,
2026-05-16T16:08:25.367254,GET,/api/mixed/db/1/,3.73,247,0,
2026-05-16T16:08:25.385396,GET,/api/mixed/http/,108.28,55353,0,
2026-05-16T16:08:25.410049,GET,/api/mixed/db/1/,5.71,247,0,
2026-05-16T16:08:25.412100,GET,/api/mixed/pipeline/1/,3.78,82,0,
2026-05-16T16:08:25.419901,GET,/api/mixed/pipeline/1/,3.51,82,0,
2026-05-16T16:08:25.421058,GET,/api/mixed/db/1/,4.19,247,0,
2026-05-16T16:08:25.435141,GET,/api/mixed/http/,109.13,55353,0,
2026-05-16T16:08:25.444045,GET,/api/mixed/pipeline/1/,2.97,82,0,
2026-05-16T16:08:25.464629,GET,/api/mixed/db/1/,4.15,247,0,
2026-05-16T16:08:25.468496,GET,/api/mixed/http/,107.63,55353,0,
2026-05-16T16:08:25.479307,GET,/api/mixed/pipeline/1/,4.44,82,0,
2026-05-16T16:08:25.484374,GET,/api/mixed/http/,107.92,55353,0,
2026-05-16T16:08:25.487860,GET,/api/mixed/db/1/,4.34,247,0,
2026-05-16T16:08:25.493858,GET,/api/mixed/db/1/,3.68,247,0,
2026-05-16T16:08:25.505031,GET,/api/mixed/http/,108.29,55353,0,
2026-05-16T16:08:25.512556,GET,/api/mixed/db/1/,3.84,247,0,
2026-05-16T16:08:25.533403,GET,/api/mixed/pipeline/1/,4.62,82,0,
2026-05-16T16:08:25.533814,GET,/api/mixed/pipeline/1/,2.8,82,0,
2026-05-16T16:08:25.546319,GET,/api/mixed/http/,110.58,55353,0,
2026-05-16T16:08:25.564285,GET,/api/mixed/db/1/,3.95,247,0,
2026-05-16T16:08:25.582845,GET,/api/mixed/pipeline/1/,3.81,82,0,
2026-05-16T16:08:25.584990,GET,/api/mixed/http/,108.58,55353,0,
2026-05-16T16:08:25.585434,GET,/api/mixed/http/,110.12,55353,0,
2026-05-16T16:08:25.601120,GET,/api/mixed/http/,108.41,55353,0,
2026-05-16T16:08:25.605186,GET,/api/mixed/db/1/,3.91,247,0,
2026-05-16T16:08:25.612002,GET,/api/mixed/pipeline/1/,2.63,82,0,
2026-05-16T16:08:25.615549,GET,/api/mixed/http/,108.14,55353,0,
2026-05-16T16:08:25.625294,GET,/api/mixed/http/,108.47,55353,0,
2026-05-16T16:08:25.639682,GET,/api/mixed/db/1/,4.1,247,0,
2026-05-16T16:08:25.645812,GET,/api/mixed/db/1/,3.8,247,0,
2026-05-16T16:08:25.650458,GET,/api/mixed/http/,107.84,55353,0,
2026-05-16T16:08:25.650980,GET,/api/mixed/http/,108.93,55353,0,
2026-05-16T16:08:25.668739,GET,/api/mixed/http/,109.02,55353,0,
2026-05-16T16:08:25.676534,GET,/api/mixed/http/,107.91,55353,0,
2026-05-16T16:08:25.688423,GET,/api/mixed/pipeline/1/,3.03,82,0,
2026-05-16T16:08:25.694640,GET,/api/mixed/db/1/,3.82,247,0,
2026-05-16T16:08:25.702511,GET,/api/mixed/http/,107.73,55353,0,
2026-05-16T16:08:25.708275,GET,/api/mixed/pipeline/1/,3.39,82,0,
2026-05-16T16:08:25.710017,GET,/api/mixed/db/1/,3.81,247,0,
2026-05-16T16:08:25.738638,GET,/api/mixed/http/,110.06,55353,0,
2026-05-16T16:08:25.752885,GET,/api/mixed/http/,108.38,55353,0,
2026-05-16T16:08:25.758345,GET,/api/mixed/db/1/,4.09,247,0,
2026-05-16T16:08:25.770559,GET,/api/mixed/pipeline/1/,2.96,82,0,
2026-05-16T16:08:25.785118,GET,/api/mixed/pipeline/1/,2.85,82,0,
2026-05-16T16:08:25.793533,GET,/api/mixed/http/,108.68,55353,0,
2026-05-16T16:08:25.820949,GET,/api/mixed/pipeline/1/,3.2,82,0,
2026-05-16T16:08:25.834764,GET,/api/mixed/pipeline/1/,3.54,82,0,
2026-05-16T16:08:25.844388,GET,/api/mixed/pipeline/1/,3.32,82,0,
2026-05-16T16:08:25.868349,GET,/api/mixed/pipeline/1/,3.58,82,0,
2026-05-16T16:08:25.886745,GET,/api/mixed/http/,108.92,55353,0,
2026-05-16T16:08:25.892848,GET,/api/mixed/db/1/,3.99,247,0,
2026-05-16T16:08:25.897657,GET,/api/mixed/http/,108.37,55353,0,
2026-05-16T16:08:25.904169,GET,/api/mixed/pipeline/1/,3.16,82,0,
2026-05-16T16:08:25.930640,GET,/api/mixed/pipeline/1/,6.89,82,0,
2026-05-16T16:08:25.936314,GET,/api/mixed/pipeline/1/,3.23,82,0,
2026-05-16T16:08:25.964033,GET,/api/mixed/http/,108.04,55353,0,
2026-05-16T16:08:25.973257,GET,/api/mixed/http/,107.93,55353,0,
2026-05-16T16:08:25.973705,GET,/api/mixed/db/1/,4.46,247,0,
2026-05-16T16:08:25.974158,GET,/api/mixed/pipeline/1/,3.87,82,0,
2026-05-16T16:08:25.985072,GET,/api/mixed/pipeline/1/,3.6,82,0,
2026-05-16T16:08:25.994129,GET,/api/mixed/http/,108.59,55353,0,
2026-05-16T16:08:25.995165,GET,/api/mixed/db/1/,3.91,247,0,
2026-05-16T16:08:26.052159,GET,/api/mixed/pipeline/1/,4.25,82,0,
2026-05-16T16:08:26.081347,GET,/api/mixed/pipeline/1/,4.37,82,0,
2026-05-16T16:08:26.084270,GET,/api/mixed/pipeline/1/,3.89,82,0,
2026-05-16T16:08:26.084716,GET,/api/mixed/db/1/,5.38,247,0,
2026-05-16T16:08:26.089384,GET,/api/mixed/http/,107.46,55353,0,
2026-05-16T16:08:26.101873,GET,/api/mixed/pipeline/1/,2.7,82,0,
2026-05-16T16:08:26.102374,GET,/api/mixed/http/,108.1,55353,0,
2026-05-16T16:08:26.115960,GET,/api/mixed/pipeline/1/,2.95,82,0,
2026-05-16T16:08:26.116369,GET,/api/mixed/pipeline/1/,3.86,82,0,
2026-05-16T16:08:26.130951,GET,/api/mixed/http/,107.98,55353,0,
2026-05-16T16:08:26.143312,GET,/api/mixed/http/,108.78,55353,0,
2026-05-16T16:08:26.157617,GET,/api/mixed/http/,111.44,55353,0,
2026-05-16T16:08:26.163068,GET,/api/mixed/pipeline/1/,3.03,82,0,
2026-05-16T16:08:26.181206,GET,/api/mixed/http/,107.79,55353,0,
2026-05-16T16:08:26.185480,GET,/api/mixed/db/1/,4.12,247,0,
2026-05-16T16:08:26.188988,GET,/api/mixed/http/,109.04,55353,0,
2026-05-16T16:08:26.199220,GET,/api/mixed/db/1/,3.99,247,0,
2026-05-16T16:08:26.200671,GET,/api/mixed/http/,107.98,55353,0,
2026-05-16T16:08:26.205491,GET,/api/mixed/http/,108.28,55353,0,
2026-05-16T16:08:26.205970,GET,/api/mixed/http/,108.26,55353,0,
2026-05-16T16:08:26.212342,GET,/api/mixed/db/1/,4.03,247,0,
2026-05-16T16:08:26.218330,GET,/api/mixed/db/1/,3.62,247,0,
2026-05-16T16:08:26.244594,GET,/api/mixed/pipeline/1/,3.95,82,0,
2026-05-16T16:08:26.245073,GET,/api/mixed/pipeline/1/,3.37,82,0,
2026-05-16T16:08:26.249669,GET,/api/mixed/pipeline/1/,3.39,82,0,
2026-05-16T16:08:26.258927,GET,/api/mixed/pipeline/1/,4.87,82,0,
2026-05-16T16:08:26.266625,GET,/api/mixed/db/1/,4.35,247,0,
2026-05-16T16:08:26.269730,GET,/api/mixed/db/1/,4.15,247,0,
2026-05-16T16:08:26.277254,GET,/api/mixed/pipeline/1/,2.85,82,0,
2026-05-16T16:08:26.295699,GET,/api/mixed/db/1/,4.09,247,0,
2026-05-16T16:08:26.323901,GET,/api/mixed/pipeline/1/,3.94,82,0,
2026-05-16T16:08:26.350326,GET,/api/mixed/http/,107.83,55353,0,
2026-05-16T16:08:26.363462,GET,/api/mixed/http/,108.75,55353,0,
2026-05-16T16:08:26.373143,GET,/api/mixed/db/1/,4.32,247,0,
2026-05-16T16:08:26.383085,GET,/api/mixed/http/,109.95,55353,0,
2026-05-16T16:08:26.424336,GET,/api/mixed/db/1/,4.81,247,0,
2026-05-16T16:08:26.431556,GET,/api/mixed/db/1/,4.93,247,0,
2026-05-16T16:08:26.434385,GET,/api/mixed/pipeline/1/,3.96,82,0,
2026-05-16T16:08:26.454492,GET,/api/mixed/db/1/,5.85,247,0,
2026-05-16T16:08:26.492073,GET,/api/mixed/http/,107.59,55353,0,
2026-05-16T16:08:26.498938,GET,/api/mixed/pipeline/1/,3.62,82,0,
2026-05-16T16:08:26.502557,GET,/api/mixed/http/,107.51,55353,0,
2026-05-16T16:08:26.537969,GET,/api/mixed/db/1/,4.21,247,0,
2026-05-16T16:08:26.543379,GET,/api/mixed/db/1/,4.08,247,0,
2026-05-16T16:08:26.549496,GET,/api/mixed/http/,110.6,55353,0,
2026-05-16T16:08:26.574272,GET,/api/mixed/pipeline/1/,7.14,82,0,
2026-05-16T16:08:26.612986,GET,/api/mixed/pipeline/1/,5.07,82,0,
2026-05-16T16:08:26.615334,GET,/api/mixed/db/1/,5.86,247,0,
2026-05-16T16:08:26.621313,GET,/api/mixed/pipeline/1/,5.73,82,0,
2026-05-16T16:08:26.626812,GET,/api/mixed/http/,109.89,55353,0,
2026-05-16T16:08:26.630683,GET,/api/mixed/db/1/,5.75,247,0,
2026-05-16T16:08:26.676831,GET,/api/mixed/http/,108.78,55353,0,
2026-05-16T16:08:26.685861,GET,/api/mixed/pipeline/1/,4.36,82,0,
2026-05-16T16:08:26.689284,GET,/api/mixed/db/1/,6.22,247,0,
2026-05-16T16:08:26.693097,GET,/api/mixed/db/1/,5.37,247,0,
2026-05-16T16:08:26.694042,GET,/api/mixed/http/,111.36,55353,0,
2026-05-16T16:08:26.713916,GET,/api/mixed/db/1/,5.42,247,0,
2026-05-16T16:08:26.719502,GET,/api/mixed/db/1/,4.87,247,0,
2026-05-16T16:08:26.737395,GET,/api/mixed/db/1/,5.6,247,0,
2026-05-16T16:08:26.737886,GET,/api/mixed/db/1/,4.95,247,0,
2026-05-16T16:08:26.744825,GET,/api/mixed/db/1/,3.97,247,0,
2026-05-16T16:08:26.760627,GET,/api/mixed/http/,108.66,55353,0,
2026-05-16T16:08:26.770189,GET,/api/mixed/db/1/,4.3,247,0,
2026-05-16T16:08:26.784279,GET,/api/mixed/http/,108.91,55353,0,
2026-05-16T16:08:26.803215,GET,/api/mixed/pipeline/1/,4.16,82,0,
2026-05-16T16:08:26.804418,GET,/api/mixed/db/1/,4.21,247,0,
2026-05-16T16:08:26.817686,GET,/api/mixed/pipeline/1/,2.88,82,0,
2026-05-16T16:08:26.822299,GET,/api/mixed/http/,109.7,55353,0,
2026-05-16T16:08:26.822811,GET,/api/mixed/http/,108.69,55353,0,
2026-05-16T16:08:26.841702,GET,/api/mixed/http/,107.96,55353,0,
2026-05-16T16:08:26.843923,GET,/api/mixed/db/1/,4.3,247,0,
2026-05-16T16:08:26.844321,GET,/api/mixed/db/1/,5.28,247,0,
2026-05-16T16:08:26.846300,GET,/api/mixed/http/,109.95,55353,0,
2026-05-16T16:08:26.846753,GET,/api/mixed/http/,108.7,55353,0,
2026-05-16T16:08:26.847788,GET,/api/mixed/http/,109.12,55353,0,
2026-05-16T16:08:26.848228,GET,/api/mixed/http/,108.84,55353,0,
2026-05-16T16:08:26.858831,GET,/api/mixed/http/,108.76,55353,0,
2026-05-16T16:08:26.873832,GET,/api/mixed/db/1/,5.7,247,0,
2026-05-16T16:08:26.883840,GET,/api/mixed/pipeline/1/,6.78,82,0,
2026-05-16T16:08:26.884427,GET,/api/mixed/db/1/,7.98,247,0,
2026-05-16T16:08:26.891291,GET,/api/mixed/http/,109.9,55353,0,
2026-05-16T16:08:26.891778,GET,/api/mixed/db/1/,5.05,247,0,
2026-05-16T16:08:26.892283,GET,/api/mixed/http/,109.08,55353,0,
2026-05-16T16:08:26.894248,GET,/api/mixed/http/,108.14,55353,0,
2026-05-16T16:08:26.908701,GET,/api/mixed/pipeline/1/,4.72,82,0,
2026-05-16T16:08:26.921199,GET,/api/mixed/db/1/,6.05,247,0,
2026-05-16T16:08:26.934477,GET,/api/mixed/pipeline/1/,3.84,82,0,
2026-05-16T16:08:26.942161,GET,/api/mixed/pipeline/1/,3.17,82,0,
2026-05-16T16:08:26.949376,GET,/api/mixed/pipeline/1/,5.92,82,0,
2026-05-16T16:08:26.950027,GET,/api/mixed/db/1/,7.7,247,0,
2026-05-16T16:08:26.963138,GET,/api/mixed/pipeline/1/,3.84,82,0,
2026-05-16T16:08:26.975172,GET,/api/mixed/pipeline/1/,5.62,82,0,
2026-05-16T16:08:26.976582,GET,/api/mixed/db/1/,11.14,247,0,
2026-05-16T16:08:26.990777,GET,/api/mixed/http/,115.57,55353,0,
2026-05-16T16:08:26.993347,GET,/api/mixed/pipeline/1/,4.49,82,0,
2026-05-16T16:08:26.994172,GET,/api/mixed/db/1/,4.62,247,0,
2026-05-16T16:08:27.012020,GET,/api/mixed/db/1/,4.58,247,0,
2026-05-16T16:08:27.081891,GET,/api/mixed/http/,115.4,55353,0,
2026-05-16T16:08:27.100861,GET,/api/mixed/pipeline/1/,8.26,82,0,
2026-05-16T16:08:27.122702,GET,/api/mixed/db/1/,15.98,247,0,
2026-05-16T16:08:27.125698,GET,/api/mixed/pipeline/1/,10.55,82,0,
2026-05-16T16:08:27.154943,GET,/api/mixed/http/,125.62,55353,0,
2026-05-16T16:08:27.156515,GET,/api/mixed/db/1/,10.22,247,0,
2026-05-16T16:08:27.164572,GET,/api/mixed/http/,115.75,55353,0,
2026-05-16T16:08:27.166207,GET,/api/mixed/db/1/,6.36,247,0,
2026-05-16T16:08:27.183630,GET,/api/mixed/pipeline/1/,5.07,82,0,
2026-05-16T16:08:27.220669,GET,/api/mixed/http/,119.3,55353,0,
2026-05-16T16:08:27.224021,GET,/api/mixed/pipeline/1/,6.51,82,0,
2026-05-16T16:08:27.228280,GET,/api/mixed/http/,119.26,55353,0,
2026-05-16T16:08:27.231932,GET,/api/mixed/http/,122.02,55353,0,
2026-05-16T16:08:27.233459,GET,/api/mixed/http/,125.57,55353,0,
2026-05-16T16:08:27.234603,GET,/api/mixed/pipeline/1/,6.11,82,0,
2026-05-16T16:08:27.236434,GET,/api/mixed/http/,131.54,55353,0,
2026-05-16T16:08:27.248266,GET,/api/mixed/http/,117.22,55353,0,
2026-05-16T16:08:27.257228,GET,/api/mixed/pipeline/1/,4.63,82,0,
2026-05-16T16:08:27.261092,GET,/api/mixed/pipeline/1/,5.05,82,0,
2026-05-16T16:08:27.262396,GET,/api/mixed/http/,119.93,55353,0,
2026-05-16T16:08:27.279989,GET,/api/mixed/pipeline/1/,4.05,82,0,
2026-05-16T16:08:27.295787,GET,/api/mixed/http/,110.79,55353,0,
2026-05-16T16:08:27.316727,GET,/api/mixed/db/1/,5.6,247,0,
2026-05-16T16:08:27.330190,GET,/api/mixed/pipeline/1/,8.16,82,0,
2026-05-16T16:08:27.331042,GET,/api/mixed/pipeline/1/,7.59,82,0,
2026-05-16T16:08:27.334944,GET,/api/mixed/db/1/,6.26,247,0,
2026-05-16T16:08:27.342336,GET,/api/mixed/db/1/,6.15,247,0,
2026-05-16T16:08:27.362198,GET,/api/mixed/http/,116.97,55353,0,
2026-05-16T16:08:27.381800,GET,/api/mixed/pipeline/1/,8.61,82,0,
2026-05-16T16:08:27.383318,GET,/api/mixed/db/1/,7.64,247,0,
2026-05-16T16:08:27.384256,GET,/api/mixed/db/1/,9.59,247,0,
2026-05-16T16:08:27.400287,GET,/api/mixed/http/,117.86,55353,0,
2026-05-16T16:08:27.424668,GET,/api/mixed/http/,110.19,55353,0,
2026-05-16T16:08:27.426222,GET,/api/mixed/pipeline/1/,4.54,82,0,
2026-05-16T16:08:27.437659,GET,/api/mixed/http/,116.69,55353,0,
2026-05-16T16:08:27.454060,GET,/api/mixed/pipeline/1/,4.85,82,0,
2026-05-16T16:08:27.454654,GET,/api/mixed/db/1/,7.69,247,0,
2026-05-16T16:08:27.462037,GET,/api/mixed/pipeline/1/,4.75,82,0,
2026-05-16T16:08:27.462736,GET,/api/mixed/pipeline/1/,3.99,82,0,
2026-05-16T16:08:27.466623,GET,/api/mixed/pipeline/1/,6.29,82,0,
2026-05-16T16:08:27.488311,GET,/api/mixed/pipeline/1/,5.61,82,0,
2026-05-16T16:08:27.515897,GET,/api/mixed/db/1/,5.26,247,0,
2026-05-16T16:08:27.525919,GET,/api/mixed/http/,114.24,55353,0,
2026-05-16T16:08:27.527148,GET,/api/mixed/http/,113.69,55353,0,
2026-05-16T16:08:27.528632,GET,/api/mixed/db/1/,6.77,247,0,
2026-05-16T16:08:27.541126,GET,/api/mixed/http/,113.59,55353,0,
2026-05-16T16:08:27.542044,GET,/api/mixed/http/,113.87,55353,0,
2026-05-16T16:08:27.547049,GET,/api/mixed/http/,114.78,55353,0,
2026-05-16T16:08:27.547686,GET,/api/mixed/http/,117.74,55353,0,
2026-05-16T16:08:27.558579,GET,/api/mixed/http/,112.56,55353,0,
2026-05-16T16:08:27.563275,GET,/api/mixed/pipeline/1/,4.44,82,0,
2026-05-16T16:08:27.589558,GET,/api/mixed/pipeline/1/,4.88,82,0,
2026-05-16T16:08:27.592672,GET,/api/mixed/http/,112.77,55353,0,
2026-05-16T16:08:27.595387,GET,/api/mixed/pipeline/1/,5.38,82,0,
2026-05-16T16:08:27.595992,GET,/api/mixed/http/,112.72,55353,0,
2026-05-16T16:08:27.608009,GET,/api/mixed/pipeline/1/,5.02,82,0,
2026-05-16T16:08:27.609047,GET,/api/mixed/db/1/,7.83,247,0,
2026-05-16T16:08:27.613263,GET,/api/mixed/db/1/,5.11,247,0,
2026-05-16T16:08:27.621712,GET,/api/mixed/pipeline/1/,3.09,82,0,
2026-05-16T16:08:27.637681,GET,/api/mixed/http/,116.51,55353,0,
2026-05-16T16:08:27.646874,GET,/api/mixed/pipeline/1/,3.81,82,0,
2026-05-16T16:08:27.658769,GET,/api/mixed/db/1/,4.61,247,0,
2026-05-16T16:08:27.661416,GET,/api/mixed/db/1/,4.59,247,0,
2026-05-16T16:08:27.668344,GET,/api/mixed/http/,112.41,55353,0,
2026-05-16T16:08:27.669090,GET,/api/mixed/http/,112.55,55353,0,
2026-05-16T16:08:27.671767,GET,/api/mixed/http/,109.91,55353,0,
2026-05-16T16:08:27.687612,GET,/api/mixed/http/,109.03,55353,0,
2026-05-16T16:08:27.688317,GET,/api/mixed/db/1/,4.81,247,0,
2026-05-16T16:08:27.704080,GET,/api/mixed/db/1/,4.49,247,0,
2026-05-16T16:08:27.714692,GET,/api/mixed/db/1/,5.04,247,0,
2026-05-16T16:08:27.726844,GET,/api/mixed/pipeline/1/,4.44,82,0,
2026-05-16T16:08:27.727742,GET,/api/mixed/db/1/,6.85,247,0,
2026-05-16T16:08:27.730552,GET,/api/mixed/pipeline/1/,5.09,82,0,
2026-05-16T16:08:27.742633,GET,/api/mixed/http/,112.64,55353,0,
2026-05-16T16:08:27.751683,GET,/api/mixed/pipeline/1/,3.75,82,0,
2026-05-16T16:08:27.752926,GET,/api/mixed/http/,109.27,55353,0,
2026-05-16T16:08:27.770716,GET,/api/mixed/pipeline/1/,3.14,82,0,
2026-05-16T16:08:27.783762,GET,/api/mixed/http/,107.81,55353,0,
2026-05-16T16:08:27.797221,GET,/api/mixed/db/1/,4.63,247,0,
2026-05-16T16:08:27.811449,GET,/api/mixed/http/,108.95,55353,0,
2026-05-16T16:08:27.812450,GET,/api/mixed/pipeline/1/,3.31,82,0,
2026-05-16T16:08:27.834503,GET,/api/mixed/db/1/,4.69,247,0,
2026-05-16T16:08:27.837666,GET,/api/mixed/db/1/,4.34,247,0,
2026-05-16T16:08:27.846182,GET,/api/mixed/db/1/,4.32,247,0,
2026-05-16T16:08:27.860066,GET,/api/mixed/pipeline/1/,5.6,82,0,
2026-05-16T16:08:27.860674,GET,/api/mixed/pipeline/1/,5.37,82,0,
2026-05-16T16:08:27.865530,GET,/api/mixed/http/,108.36,55353,0,
2026-05-16T16:08:27.877888,GET,/api/mixed/pipeline/1/,6.05,82,0,
2026-05-16T16:08:27.881202,GET,/api/mixed/http/,114.16,55353,0,
2026-05-16T16:08:27.887914,GET,/api/mixed/db/1/,4.3,247,0,
2026-05-16T16:08:27.888992,GET,/api/mixed/db/1/,3.71,247,0,
2026-05-16T16:08:27.895438,GET,/api/mixed/http/,110.45,55353,0,
2026-05-16T16:08:27.896241,GET,/api/mixed/pipeline/1/,3.97,82,0,
2026-05-16T16:08:27.907730,GET,/api/mixed/http/,108.13,55353,0,
2026-05-16T16:08:27.919715,GET,/api/mixed/db/1/,4.67,247,0,
2026-05-16T16:08:27.933847,GET,/api/mixed/http/,108.2,55353,0,
2026-05-16T16:08:27.934288,GET,/api/mixed/pipeline/1/,3.82,82,0,
2026-05-16T16:08:27.962900,GET,/api/mixed/db/1/,4.25,247,0,
2026-05-16T16:08:27.970490,GET,/api/mixed/db/1/,4.24,247,0,
2026-05-16T16:08:27.980280,GET,/api/mixed/pipeline/1/,4.84,82,0,
2026-05-16T16:08:27.991976,GET,/api/mixed/pipeline/1/,6.34,82,0,
2026-05-16T16:08:28.002436,GET,/api/mixed/http/,109.41,55353,0,
2026-05-16T16:08:28.013541,GET,/api/mixed/db/1/,8.68,247,0,
2026-05-16T16:08:28.034274,GET,/api/mixed/http/,118.71,55353,0,
2026-05-16T16:08:28.041077,GET,/api/mixed/http/,111.16,55353,0,
2026-05-16T16:08:28.043469,GET,/api/mixed/db/1/,6.88,247,0,
2026-05-16T16:08:28.046053,GET,/api/mixed/pipeline/1/,3.68,82,0,
2026-05-16T16:08:28.063996,GET,/api/mixed/pipeline/1/,4.32,82,0,
2026-05-16T16:08:28.076093,GET,/api/mixed/http/,109.4,55353,0,
2026-05-16T16:08:28.086617,GET,/api/mixed/http/,111.79,55353,0,
2026-05-16T16:08:28.089939,GET,/api/mixed/http/,109.51,55353,0,
2026-05-16T16:08:28.091033,GET,/api/mixed/http/,115.12,55353,0,
2026-05-16T16:08:28.104734,GET,/api/mixed/http/,110.5,55353,0,
2026-05-16T16:08:28.116413,GET,/api/mixed/http/,109.7,55353,0,
2026-05-16T16:08:28.137159,GET,/api/mixed/db/1/,6.45,247,0,
2026-05-16T16:08:28.137828,GET,/api/mixed/http/,110.0,55353,0,
2026-05-16T16:08:28.170746,GET,/api/mixed/pipeline/1/,6.33,82,0,
2026-05-16T16:08:28.192072,GET,/api/mixed/pipeline/1/,5.7,82,0,
2026-05-16T16:08:28.195601,GET,/api/mixed/db/1/,6.04,247,0,
2026-05-16T16:08:28.203813,GET,/api/mixed/http/,110.38,55353,0,
2026-05-16T16:08:28.214653,GET,/api/mixed/db/1/,4.59,247,0,
2026-05-16T16:08:28.236649,GET,/api/mixed/db/1/,5.72,247,0,
2026-05-16T16:08:28.255739,GET,/api/mixed/pipeline/1/,2.81,82,0,
2026-05-16T16:08:28.268256,GET,/api/mixed/db/1/,4.0,247,0,
2026-05-16T16:08:28.286526,GET,/api/mixed/db/1/,4.03,247,0,
2026-05-16T16:08:28.326272,GET,/api/mixed/http/,108.22,55353,0,
2026-05-16T16:08:28.328689,GET,/api/mixed/db/1/,4.71,247,0,
2026-05-16T16:08:28.329741,GET,/api/mixed/db/1/,4.85,247,0,
2026-05-16T16:08:28.335349,GET,/api/mixed/db/1/,4.31,247,0,
2026-05-16T16:08:28.339736,GET,/api/mixed/pipeline/1/,3.18,82,0,
2026-05-16T16:08:28.342281,GET,/api/mixed/pipeline/1/,3.34,82,0,
2026-05-16T16:08:28.352768,GET,/api/mixed/pipeline/1/,3.13,82,0,
2026-05-16T16:08:28.356792,GET,/api/mixed/http/,107.74,55353,0,
2026-05-16T16:08:28.376106,GET,/api/mixed/pipeline/1/,4.1,82,0,
2026-05-16T16:08:28.384785,GET,/api/mixed/db/1/,4.08,247,0,
2026-05-16T16:08:28.404241,GET,/api/mixed/pipeline/1/,3.09,82,0,
2026-05-16T16:08:28.416441,GET,/api/mixed/pipeline/1/,3.17,82,0,
2026-05-16T16:08:28.418469,GET,/api/mixed/http/,108.6,55353,0,
2026-05-16T16:08:28.422558,GET,/api/mixed/http/,107.65,55353,0,
2026-05-16T16:08:28.431730,GET,/api/mixed/http/,109.14,55353,0,
2026-05-16T16:08:28.434440,GET,/api/mixed/pipeline/1/,3.68,82,0,
2026-05-16T16:08:28.438589,GET,/api/mixed/db/1/,4.03,247,0,
2026-05-16T16:08:28.457721,GET,/api/mixed/pipeline/1/,3.15,82,0,
2026-05-16T16:08:28.468499,GET,/api/mixed/pipeline/1/,3.29,82,0,
2026-05-16T16:08:28.495965,GET,/api/mixed/db/1/,4.93,247,0,
2026-05-16T16:08:28.501889,GET,/api/mixed/db/1/,4.55,247,0,
2026-05-16T16:08:28.502340,GET,/api/mixed/db/1/,4.54,247,0,
2026-05-16T16:08:28.523186,GET,/api/mixed/http/,110.47,55353,0,
2026-05-16T16:08:28.525773,GET,/api/mixed/db/1/,5.22,247,0,
2026-05-16T16:08:28.536355,GET,/api/mixed/http/,108.53,55353,0,
2026-05-16T16:08:28.558325,GET,/api/mixed/pipeline/1/,4.6,82,0,
2026-05-16T16:08:28.563802,GET,/api/mixed/http/,109.87,55353,0,
2026-05-16T16:08:28.565818,GET,/api/mixed/db/1/,4.2,247,0,
2026-05-16T16:08:28.566326,GET,/api/mixed/http/,108.03,55353,0,
2026-05-16T16:08:28.577501,GET,/api/mixed/db/1/,7.38,247,0,
2026-05-16T16:08:28.577949,GET,/api/mixed/db/1/,8.31,247,0,
2026-05-16T16:08:28.578390,GET,/api/mixed/db/1/,5.16,247,0,
2026-05-16T16:08:28.587513,GET,/api/mixed/pipeline/1/,4.7,82,0,
2026-05-16T16:08:28.591399,GET,/api/mixed/db/1/,6.19,247,0,
2026-05-16T16:08:28.597623,GET,/api/mixed/http/,108.83,55353,0,
2026-05-16T16:08:28.645980,GET,/api/mixed/db/1/,4.2,247,0,
2026-05-16T16:08:28.654985,GET,/api/mixed/pipeline/1/,4.24,82,0,
2026-05-16T16:08:28.660435,GET,/api/mixed/db/1/,4.18,247,0,
2026-05-16T16:08:28.667619,GET,/api/mixed/pipeline/1/,2.83,82,0,
2026-05-16T16:08:28.681847,GET,/api/mixed/http/,110.3,55353,0,
2026-05-16T16:08:28.702977,GET,/api/mixed/db/1/,4.9,247,0,
2026-05-16T16:08:28.712535,GET,/api/mixed/db/1/,4.18,247,0,
2026-05-16T16:08:28.716657,GET,/api/mixed/pipeline/1/,2.77,82,0,
2026-05-16T16:08:28.723737,GET,/api/mixed/pipeline/1/,3.51,82,0,
2026-05-16T16:08:28.724294,GET,/api/mixed/db/1/,5.51,247,0,
2026-05-16T16:08:28.731251,GET,/api/mixed/http/,108.36,55353,0,
2026-05-16T16:08:28.732564,GET,/api/mixed/db/1/,4.05,247,0,
2026-05-16T16:08:28.739403,GET,/api/mixed/pipeline/1/,3.59,82,0,
2026-05-16T16:08:28.759363,GET,/api/mixed/http/,109.1,55353,0,
2026-05-16T16:08:28.764524,GET,/api/mixed/pipeline/1/,2.82,82,0,
2026-05-16T16:08:28.778061,GET,/api/mixed/http/,109.04,55353,0,
2026-05-16T16:08:28.778788,GET,/api/mixed/db/1/,4.01,247,0,
2026-05-16T16:08:28.794315,GET,/api/mixed/http/,108.19,55353,0,
2026-05-16T16:08:28.813348,GET,/api/mixed/db/1/,4.57,247,0,
2026-05-16T16:08:28.822884,GET,/api/mixed/pipeline/1/,3.24,82,0,
2026-05-16T16:08:28.825174,GET,/api/mixed/http/,108.4,55353,0,
2026-05-16T16:08:28.836169,GET,/api/mixed/db/1/,5.78,247,0,
2026-05-16T16:08:28.836599,GET,/api/mixed/db/1/,5.26,247,0,
2026-05-16T16:08:28.853612,GET,/api/mixed/pipeline/1/,7.07,82,0,
2026-05-16T16:08:28.864368,GET,/api/mixed/http/,108.74,55353,0,
2026-05-16T16:08:28.864943,GET,/api/mixed/pipeline/1/,3.9,82,0,
2026-05-16T16:08:28.865446,GET,/api/mixed/pipeline/1/,5.04,82,0,
2026-05-16T16:08:28.877869,GET,/api/mixed/pipeline/1/,3.25,82,0,
2026-05-16T16:08:28.882110,GET,/api/mixed/db/1/,5.09,247,0,
2026-05-16T16:08:28.889552,GET,/api/mixed/db/1/,4.17,247,0,
2026-05-16T16:08:28.895269,GET,/api/mixed/db/1/,5.59,247,0,
2026-05-16T16:08:28.907188,GET,/api/mixed/http/,108.34,55353,0,
2026-05-16T16:08:28.909698,GET,/api/mixed/pipeline/1/,4.22,82,0,
2026-05-16T16:08:28.912843,GET,/api/mixed/pipeline/1/,4.01,82,0,
2026-05-16T16:08:28.918162,GET,/api/mixed/http/,108.26,55353,0,
2026-05-16T16:08:28.923344,GET,/api/mixed/pipeline/1/,2.85,82,0,
2026-05-16T16:08:28.929258,GET,/api/mixed/pipeline/1/,3.6,82,0,
2026-05-16T16:08:28.946614,GET,/api/mixed/db/1/,5.13,247,0,
2026-05-16T16:08:28.949672,GET,/api/mixed/http/,110.69,55353,0,
2026-05-16T16:08:28.973991,GET,/api/mixed/pipeline/1/,4.48,82,0,
2026-05-16T16:08:28.980924,GET,/api/mixed/http/,109.08,55353,0,
2026-05-16T16:08:28.994276,GET,/api/mixed/pipeline/1/,5.08,82,0,
2026-05-16T16:08:29.015931,GET,/api/mixed/http/,109.77,55353,0,
2026-05-16T16:08:29.019795,GET,/api/mixed/pipeline/1/,3.49,82,0,
2026-05-16T16:08:29.028059,GET,/api/mixed/pipeline/1/,4.78,82,0,
2026-05-16T16:08:29.028684,GET,/api/mixed/pipeline/1/,4.92,82,0,
2026-05-16T16:08:29.042864,GET,/api/mixed/db/1/,4.92,247,0,
2026-05-16T16:08:29.055001,GET,/api/mixed/pipeline/1/,3.65,82,0,
2026-05-16T16:08:29.057839,GET,/api/mixed/http/,110.26,55353,0,
2026-05-16T16:08:29.058780,GET,/api/mixed/pipeline/1/,4.72,82,0,
2026-05-16T16:08:29.076015,GET,/api/mixed/http/,109.16,55353,0,
2026-05-16T16:08:29.079911,GET,/api/mixed/pipeline/1/,5.23,82,0,
2026-05-16T16:08:29.084213,GET,/api/mixed/http/,110.04,55353,0,
2026-05-16T16:08:29.086651,GET,/api/mixed/pipeline/1/,4.25,82,0,
2026-05-16T16:08:29.111978,GET,/api/mixed/http/,111.17,55353,0,
2026-05-16T16:08:29.112623,GET,/api/mixed/db/1/,7.33,247,0,
2026-05-16T16:08:29.133499,GET,/api/mixed/http/,109.22,55353,0,
2026-05-16T16:08:29.171297,GET,/api/mixed/pipeline/1/,3.46,82,0,
2026-05-16T16:08:29.185170,GET,/api/mixed/http/,108.98,55353,0,
2026-05-16T16:08:29.196787,GET,/api/mixed/db/1/,5.19,247,0,
2026-05-16T16:08:29.208197,GET,/api/mixed/http/,110.9,55353,0,
2026-05-16T16:08:29.209288,GET,/api/mixed/pipeline/1/,3.22,82,0,
2026-05-16T16:08:29.216518,GET,/api/mixed/pipeline/1/,3.05,82,0,
2026-05-16T16:08:29.219641,GET,/api/mixed/http/,109.97,55353,0,
2026-05-16T16:08:29.236966,GET,/api/mixed/db/1/,4.82,247,0,
2026-05-16T16:08:29.254695,GET,/api/mixed/pipeline/1/,4.51,82,0,
2026-05-16T16:08:29.260867,GET,/api/mixed/pipeline/1/,3.5,82,0,
2026-05-16T16:08:29.302911,GET,/api/mixed/http/,108.63,55353,0,
2026-05-16T16:08:29.323820,GET,/api/mixed/pipeline/1/,3.65,82,0,
2026-05-16T16:08:29.363380,GET,/api/mixed/http/,110.04,55353,0,
2026-05-16T16:08:29.365872,GET,/api/mixed/db/1/,5.29,247,0,
2026-05-16T16:08:29.376248,GET,/api/mixed/http/,108.81,55353,0,
2026-05-16T16:08:29.388253,GET,/api/mixed/db/1/,7.44,247,0,
2026-05-16T16:08:29.404522,GET,/api/mixed/http/,109.86,55353,0,
2026-05-16T16:08:29.421945,GET,/api/mixed/pipeline/1/,5.08,82,0,
2026-05-16T16:08:29.438482,GET,/api/mixed/db/1/,4.45,247,0,
2026-05-16T16:08:29.453456,GET,/api/mixed/http/,108.36,55353,0,
2026-05-16T16:08:29.459187,GET,/api/mixed/http/,109.0,55353,0,
2026-05-16T16:08:29.468940,GET,/api/mixed/pipeline/1/,3.16,82,0,
2026-05-16T16:08:29.476107,GET,/api/mixed/http/,108.84,55353,0,
2026-05-16T16:08:29.484512,GET,/api/mixed/http/,109.67,55353,0,
2026-05-16T16:08:29.487765,GET,/api/mixed/db/1/,4.39,247,0,
2026-05-16T16:08:29.490661,GET,/api/mixed/http/,110.43,55353,0,
2026-05-16T16:08:29.495863,GET,/api/mixed/pipeline/1/,2.96,82,0,
2026-05-16T16:08:29.501542,GET,/api/mixed/db/1/,4.38,247,0,
2026-05-16T16:08:29.515068,GET,/api/mixed/http/,109.25,55353,0,
2026-05-16T16:08:29.515777,GET,/api/mixed/http/,108.39,55353,0,
2026-05-16T16:08:29.519687,GET,/api/mixed/pipeline/1/,3.75,82,0,
2026-05-16T16:08:29.524360,GET,/api/mixed/pipeline/1/,4.07,82,0,
2026-05-16T16:08:29.526528,GET,/api/mixed/pipeline/1/,3.27,82,0,
2026-05-16T16:08:29.529313,GET,/api/mixed/http/,110.82,55353,0,
2026-05-16T16:08:29.531638,GET,/api/mixed/http/,109.47,55353,0,
2026-05-16T16:08:29.551527,GET,/api/mixed/http/,108.8,55353,0,
2026-05-16T16:08:29.551963,GET,/api/mixed/pipeline/1/,3.42,82,0,
2026-05-16T16:08:29.560674,GET,/api/mixed/http/,109.24,55353,0,
2026-05-16T16:08:29.592739,GET,/api/mixed/db/1/,5.67,247,0,
2026-05-16T16:08:29.593333,GET,/api/mixed/db/1/,5.65,247,0,
2026-05-16T16:08:29.596210,GET,/api/mixed/http/,108.31,55353,0,
2026-05-16T16:08:29.615590,GET,/api/mixed/db/1/,5.84,247,0,
2026-05-16T16:08:29.618219,GET,/api/mixed/pipeline/1/,3.76,82,0,
2026-05-16T16:08:29.628998,GET,/api/mixed/db/1/,5.51,247,0,
2026-05-16T16:08:29.629970,GET,/api/mixed/http/,110.15,55353,0,
2026-05-16T16:08:29.630966,GET,/api/mixed/pipeline/1/,4.76,82,0,
2026-05-16T16:08:29.637649,GET,/api/mixed/pipeline/1/,3.46,82,0,
2026-05-16T16:08:29.656667,GET,/api/mixed/http/,109.77,55353,0,
2026-05-16T16:08:29.688798,GET,/api/mixed/db/1/,4.63,247,0,
2026-05-16T16:08:29.705544,GET,/api/mixed/http/,108.06,55353,0,
2026-05-16T16:08:29.718571,GET,/api/mixed/http/,110.36,55353,0,
2026-05-16T16:08:29.722522,GET,/api/mixed/db/1/,5.7,247,0,
2026-05-16T16:08:29.731466,GET,/api/mixed/pipeline/1/,4.55,82,0,
2026-05-16T16:08:29.738528,GET,/api/mixed/pipeline/1/,4.79,82,0,
2026-05-16T16:08:29.756834,GET,/api/mixed/pipeline/1/,5.0,82,0,
2026-05-16T16:08:29.803913,GET,/api/mixed/db/1/,5.64,247,0,
2026-05-16T16:08:29.806148,GET,/api/mixed/http/,111.98,55353,0,
2026-05-16T16:08:29.810579,GET,/api/mixed/db/1/,6.44,247,0,
2026-05-16T16:08:29.814916,GET,/api/mixed/pipeline/1/,5.95,82,0,
2026-05-16T16:08:29.823747,GET,/api/mixed/pipeline/1/,4.09,82,0,
2026-05-16T16:08:29.829140,GET,/api/mixed/pipeline/1/,5.16,82,0,
2026-05-16T16:08:29.865193,GET,/api/mixed/http/,129.86,55353,0,
2026-05-16T16:08:29.866327,GET,/api/mixed/pipeline/1/,6.8,82,0,
2026-05-16T16:08:29.880712,GET,/api/mixed/http/,120.38,55353,0,
2026-05-16T16:08:29.891019,GET,/api/mixed/db/1/,15.72,247,0,
2026-05-16T16:08:29.893139,GET,/api/mixed/pipeline/1/,10.76,82,0,
2026-05-16T16:08:29.915673,GET,/api/mixed/db/1/,8.1,247,0,
2026-05-16T16:08:29.919422,GET,/api/mixed/pipeline/1/,6.02,82,0,
2026-05-16T16:08:29.920368,GET,/api/mixed/pipeline/1/,5.91,82,0,
2026-05-16T16:08:29.922187,GET,/api/mixed/db/1/,5.98,247,0,
2026-05-16T16:08:29.923189,GET,/api/mixed/http/,112.42,55353,0,
2026-05-16T16:08:29.926566,GET,/api/mixed/pipeline/1/,5.99,82,0,
2026-05-16T16:08:29.929105,GET,/api/mixed/http/,110.87,55353,0,
2026-05-16T16:08:29.929651,GET,/api/mixed/pipeline/1/,4.61,82,0,
2026-05-16T16:08:29.938792,GET,/api/mixed/pipeline/1/,3.87,82,0,
2026-05-16T16:08:29.943678,GET,/api/mixed/pipeline/1/,3.66,82,0,
2026-05-16T16:08:29.947822,GET,/api/mixed/pipeline/1/,3.96,82,0,
2026-05-16T16:08:29.972856,GET,/api/mixed/http/,115.25,55353,0,
2026-05-16T16:08:29.986967,GET,/api/mixed/http/,114.07,55353,0,
2026-05-16T16:08:30.000242,GET,/api/mixed/pipeline/1/,3.62,82,0,
2026-05-16T16:08:30.000798,GET,/api/mixed/db/1/,5.71,247,0,
2026-05-16T16:08:30.054413,GET,/api/mixed/pipeline/1/,4.89,82,0,
2026-05-16T16:08:30.058430,GET,/api/mixed/db/1/,5.46,247,0,
2026-05-16T16:08:30.073937,GET,/api/mixed/http/,109.62,55353,0,
2026-05-16T16:08:30.095558,GET,/api/mixed/http/,108.4,55353,0,
2026-05-16T16:08:30.099108,GET,/api/mixed/http/,108.72,55353,0,
2026-05-16T16:08:30.099764,GET,/api/mixed/http/,108.38,55353,0,
2026-05-16T16:08:30.100272,GET,/api/mixed/pipeline/1/,3.44,82,0,
2026-05-16T16:08:30.105765,GET,/api/mixed/pipeline/1/,4.27,82,0,
2026-05-16T16:08:30.109394,GET,/api/mixed/http/,108.44,55353,0,
2026-05-16T16:08:30.112889,GET,/api/mixed/db/1/,4.89,247,0,
2026-05-16T16:08:30.120622,GET,/api/mixed/db/1/,4.49,247,0,
2026-05-16T16:08:30.128985,GET,/api/mixed/pipeline/1/,6.08,82,0,
2026-05-16T16:08:30.129930,GET,/api/mixed/http/,111.17,55353,0,
2026-05-16T16:08:30.133191,GET,/api/mixed/http/,112.15,55353,0,
2026-05-16T16:08:30.141346,GET,/api/mixed/pipeline/1/,4.85,82,0,
2026-05-16T16:08:30.173343,GET,/api/mixed/pipeline/1/,3.09,82,0,
2026-05-16T16:08:30.194870,GET,/api/mixed/pipeline/1/,4.62,82,0,
2026-05-16T16:08:30.195357,GET,/api/mixed/pipeline/1/,4.0,82,0,
2026-05-16T16:08:30.204436,GET,/api/mixed/db/1/,4.86,247,0,
2026-05-16T16:08:30.212798,GET,/api/mixed/pipeline/1/,3.15,82,0,
2026-05-16T16:08:30.221218,GET,/api/mixed/db/1/,4.09,247,0,
2026-05-16T16:08:30.228553,GET,/api/mixed/pipeline/1/,3.91,82,0,
2026-05-16T16:08:30.229733,GET,/api/mixed/db/1/,4.52,247,0,
2026-05-16T16:08:30.262678,GET,/api/mixed/db/1/,4.69,247,0,
2026-05-16T16:08:30.263110,GET,/api/mixed/db/1/,4.52,247,0,
2026-05-16T16:08:30.271579,GET,/api/mixed/pipeline/1/,3.08,82,0,
2026-05-16T16:08:30.276226,GET,/api/mixed/http/,108.58,55353,0,
2026-05-16T16:08:30.287940,GET,/api/mixed/http/,108.37,55353,0,
2026-05-16T16:08:30.300522,GET,/api/mixed/http/,108.44,55353,0,
2026-05-16T16:08:30.314394,GET,/api/mixed/db/1/,4.51,247,0,
2026-05-16T16:08:30.314823,GET,/api/mixed/pipeline/1/,3.41,82,0,
2026-05-16T16:08:30.337564,GET,/api/mixed/db/1/,5.18,247,0,
2026-05-16T16:08:30.347756,GET,/api/mixed/db/1/,5.85,247,0,
2026-05-16T16:08:30.370767,GET,/api/mixed/db/1/,4.01,247,0,
2026-05-16T16:08:30.375641,GET,/api/mixed/pipeline/1/,3.51,82,0,
2026-05-16T16:08:30.376040,GET,/api/mixed/pipeline/1/,3.45,82,0,
2026-05-16T16:08:30.382927,GET,/api/mixed/pipeline/1/,2.67,82,0,
2026-05-16T16:08:30.409124,GET,/api/mixed/pipeline/1/,2.9,82,0,
2026-05-16T16:08:30.446798,GET,/api/mixed/db/1/,4.49,247,0,
2026-05-16T16:08:30.456496,GET,/api/mixed/db/1/,4.31,247,0,
2026-05-16T16:08:30.465745,GET,/api/mixed/http/,108.79,55353,0,
2026-05-16T16:08:30.467387,GET,/api/mixed/http/,107.71,55353,0,
2026-05-16T16:08:30.475440,GET,/api/mixed/http/,109.2,55353,0,
2026-05-16T16:08:30.489936,GET,/api/mixed/pipeline/1/,3.07,82,0,
2026-05-16T16:08:30.496782,GET,/api/mixed/pipeline/1/,3.08,82,0,
2026-05-16T16:08:30.498184,GET,/api/mixed/db/1/,5.0,247,0,
2026-05-16T16:08:30.500956,GET,/api/mixed/http/,107.8,55353,0,
2026-05-16T16:08:30.503586,GET,/api/mixed/http/,107.87,55353,0,
2026-05-16T16:08:30.518963,GET,/api/mixed/pipeline/1/,3.13,82,0,
2026-05-16T16:08:30.521196,GET,/api/mixed/http/,107.77,55353,0,
2026-05-16T16:08:30.524819,GET,/api/mixed/db/1/,4.63,247,0,
2026-05-16T16:08:30.528582,GET,/api/mixed/db/1/,4.85,247,0,
2026-05-16T16:08:30.543270,GET,/api/mixed/pipeline/1/,3.32,82,0,
2026-05-16T16:08:30.550462,GET,/api/mixed/http/,108.74,55353,0,
2026-05-16T16:08:30.550957,GET,/api/mixed/http/,109.62,55353,0,
2026-05-16T16:08:30.551444,GET,/api/mixed/http/,110.61,55353,0,
2026-05-16T16:08:30.572402,GET,/api/mixed/db/1/,4.1,247,0,
2026-05-16T16:08:30.572915,GET,/api/mixed/http/,108.31,55353,0,
2026-05-16T16:08:30.579753,GET,/api/mixed/pipeline/1/,3.27,82,0,
2026-05-16T16:08:30.590204,GET,/api/mixed/pipeline/1/,3.0,82,0,
2026-05-16T16:08:30.595088,GET,/api/mixed/pipeline/1/,2.69,82,0,
2026-05-16T16:08:30.608007,GET,/api/mixed/db/1/,3.92,247,0,
2026-05-16T16:08:30.626416,GET,/api/mixed/db/1/,5.43,247,0,
2026-05-16T16:08:30.628705,GET,/api/mixed/pipeline/1/,3.22,82,0,
2026-05-16T16:08:30.635895,GET,/api/mixed/pipeline/1/,2.8,82,0,
2026-05-16T16:08:30.647296,GET,/api/mixed/pipeline/1/,3.24,82,0,
2026-05-16T16:08:30.650194,GET,/api/mixed/pipeline/1/,3.77,82,0,
2026-05-16T16:08:30.651075,GET,/api/mixed/pipeline/1/,3.13,82,0,
2026-05-16T16:08:30.654948,GET,/api/mixed/db/1/,4.64,247,0,
2026-05-16T16:08:30.658026,GET,/api/mixed/db/1/,4.05,247,0,
2026-05-16T16:08:30.661302,GET,/api/mixed/http/,108.5,55353,0,
2026-05-16T16:08:30.661761,GET,/api/mixed/http/,107.41,55353,0,
2026-05-16T16:08:30.668569,GET,/api/mixed/http/,108.67,55353,0,
2026-05-16T16:08:30.670645,GET,/api/mixed/pipeline/1/,3.13,82,0,
2026-05-16T16:08:30.678199,GET,/api/mixed/db/1/,4.21,247,0,
2026-05-16T16:08:30.706714,GET,/api/mixed/http/,107.99,55353,0,
2026-05-16T16:08:30.707188,GET,/api/mixed/http/,108.91,55353,0,
2026-05-16T16:08:30.716945,GET,/api/mixed/http/,107.56,55353,0,
2026-05-16T16:08:30.717390,GET,/api/mixed/pipeline/1/,2.96,82,0,
2026-05-16T16:08:30.729587,GET,/api/mixed/http/,108.06,55353,0,
2026-05-16T16:08:30.737974,GET,/api/mixed/http/,109.16,55353,0,
2026-05-16T16:08:30.739919,GET,/api/mixed/pipeline/1/,3.15,82,0,
2026-05-16T16:08:30.753208,GET,/api/mixed/pipeline/1/,2.93,82,0,
2026-05-16T16:08:30.760197,GET,/api/mixed/pipeline/1/,2.82,82,0,
2026-05-16T16:08:30.769750,GET,/api/mixed/http/,107.89,55353,0,
2026-05-16T16:08:30.775584,GET,/api/mixed/db/1/,4.43,247,0,
2026-05-16T16:08:30.777841,GET,/api/mixed/pipeline/1/,3.24,82,0,
2026-05-16T16:08:30.784197,GET,/api/mixed/http/,107.82,55353,0,
2026-05-16T16:08:30.786395,GET,/api/mixed/pipeline/1/,3.34,82,0,
2026-05-16T16:08:30.796467,GET,/api/mixed/http/,108.07,55353,0,
2026-05-16T16:08:30.806719,GET,/api/mixed/db/1/,3.99,247,0,
2026-05-16T16:08:30.810560,GET,/api/mixed/db/1/,3.73,247,0,
2026-05-16T16:08:30.818916,GET,/api/mixed/db/1/,5.93,247,0,
2026-05-16T16:08:30.833568,GET,/api/mixed/http/,108.02,55353,0,
2026-05-16T16:08:30.837766,GET,/api/mixed/pipeline/1/,2.79,82,0,
2026-05-16T16:08:30.893902,GET,/api/mixed/pipeline/1/,3.56,82,0,
2026-05-16T16:08:30.915339,GET,/api/mixed/pipeline/1/,3.32,82,0,
2026-05-16T16:08:30.931419,GET,/api/mixed/db/1/,5.77,247,0,
2026-05-16T16:08:30.944542,GET,/api/mixed/pipeline/1/,3.76,82,0,
2026-05-16T16:08:30.951821,GET,/api/mixed/pipeline/1/,4.03,82,0,
2026-05-16T16:08:30.962610,GET,/api/mixed/pipeline/1/,3.5,82,0,
2026-05-16T16:08:30.980285,GET,/api/mixed/pipeline/1/,5.37,82,0,
2026-05-16T16:08:30.981085,GET,/api/mixed/pipeline/1/,4.49,82,0,
2026-05-16T16:08:30.986928,GET,/api/mixed/db/1/,4.62,247,0,
2026-05-16T16:08:31.015374,GET,/api/mixed/pipeline/1/,3.16,82,0,
2026-05-16T16:08:31.023262,GET,/api/mixed/http/,114.05,55353,0,
2026-05-16T16:08:31.028768,GET,/api/mixed/pipeline/1/,3.31,82,0,
2026-05-16T16:08:31.035310,GET,/api/mixed/pipeline/1/,4.31,82,0,
2026-05-16T16:08:31.037181,GET,/api/mixed/db/1/,5.02,247,0,
2026-05-16T16:08:31.040072,GET,/api/mixed/pipeline/1/,4.6,82,0,
2026-05-16T16:08:31.071270,GET,/api/mixed/pipeline/1/,4.8,82,0,
2026-05-16T16:08:31.095739,GET,/api/mixed/db/1/,6.04,247,0,
2026-05-16T16:08:31.101004,GET,/api/mixed/db/1/,6.79,247,0,
2026-05-16T16:08:31.151793,GET,/api/mixed/http/,111.53,55353,0,
2026-05-16T16:08:31.154893,GET,/api/mixed/db/1/,6.49,247,0,
2026-05-16T16:08:31.171096,GET,/api/mixed/pipeline/1/,4.88,82,0,
2026-05-16T16:08:31.172730,GET,/api/mixed/db/1/,5.14,247,0,
2026-05-16T16:08:31.180146,GET,/api/mixed/db/1/,7.28,247,0,
2026-05-16T16:08:31.180609,GET,/api/mixed/db/1/,4.74,247,0,
2026-05-16T16:08:31.197401,GET,/api/mixed/db/1/,7.48,247,0,
2026-05-16T16:08:31.216404,GET,/api/mixed/pipeline/1/,5.98,82,0,
2026-05-16T16:08:31.217198,GET,/api/mixed/pipeline/1/,7.46,82,0,
2026-05-16T16:08:31.221804,GET,/api/mixed/db/1/,7.42,247,0,
2026-05-16T16:08:31.231675,GET,/api/mixed/pipeline/1/,4.62,82,0,
2026-05-16T16:08:31.261912,GET,/api/mixed/db/1/,4.99,247,0,
2026-05-16T16:08:31.270633,GET,/api/mixed/pipeline/1/,3.44,82,0,
2026-05-16T16:08:31.271715,GET,/api/mixed/pipeline/1/,4.03,82,0,
2026-05-16T16:08:31.282117,GET,/api/mixed/db/1/,3.82,247,0,
2026-05-16T16:08:31.305573,GET,/api/mixed/pipeline/1/,3.54,82,0,
2026-05-16T16:08:31.309230,GET,/api/mixed/http/,108.59,55353,0,
2026-05-16T16:08:31.312522,GET,/api/mixed/db/1/,4.75,247,0,
2026-05-16T16:08:31.326572,GET,/api/mixed/http/,108.72,55353,0,
2026-05-16T16:08:31.341985,GET,/api/mixed/pipeline/1/,5.21,82,0,
2026-05-16T16:08:31.344195,GET,/api/mixed/pipeline/1/,3.65,82,0,
2026-05-16T16:08:31.374251,GET,/api/mixed/pipeline/1/,3.13,82,0,
2026-05-16T16:08:31.378424,GET,/api/mixed/http/,107.66,55353,0,
2026-05-16T16:08:31.382750,GET,/api/mixed/pipeline/1/,3.0,82,0,
2026-05-16T16:08:31.394166,GET,/api/mixed/db/1/,4.19,247,0,
2026-05-16T16:08:31.396135,GET,/api/mixed/http/,107.84,55353,0,
2026-05-16T16:08:31.422079,GET,/api/mixed/pipeline/1/,3.24,82,0,
2026-05-16T16:08:31.449664,GET,/api/mixed/http/,108.57,55353,0,
2026-05-16T16:08:31.462107,GET,/api/mixed/http/,107.63,55353,0,
2026-05-16T16:08:31.472676,GET,/api/mixed/http/,108.11,55353,0,
2026-05-16T16:08:31.479478,GET,/api/mixed/db/1/,4.15,247,0,
2026-05-16T16:08:31.497025,GET,/api/mixed/pipeline/1/,3.58,82,0,
2026-05-16T16:08:31.499123,GET,/api/mixed/pipeline/1/,3.14,82,0,
2026-05-16T16:08:31.502010,GET,/api/mixed/pipeline/1/,2.77,82,0,
2026-05-16T16:08:31.514460,GET,/api/mixed/http/,108.09,55353,0,
2026-05-16T16:08:31.517485,GET,/api/mixed/db/1/,4.19,247,0,
2026-05-16T16:08:31.520513,GET,/api/mixed/db/1/,4.46,247,0,
2026-05-16T16:08:31.522667,GET,/api/mixed/http/,108.59,55353,0,
2026-05-16T16:08:31.537400,GET,/api/mixed/pipeline/1/,5.5,82,0,
2026-05-16T16:08:31.553185,GET,/api/mixed/pipeline/1/,3.13,82,0,
2026-05-16T16:08:31.580470,GET,/api/mixed/http/,107.66,55353,0,
2026-05-16T16:08:31.582496,GET,/api/mixed/db/1/,4.92,247,0,
2026-05-16T16:08:31.599074,GET,/api/mixed/http/,108.34,55353,0,
2026-05-16T16:08:31.602727,GET,/api/mixed/db/1/,4.67,247,0,
2026-05-16T16:08:31.610197,GET,/api/mixed/pipeline/1/,3.16,82,0,
2026-05-16T16:08:31.630604,GET,/api/mixed/http/,108.88,55353,0,
2026-05-16T16:08:31.632578,GET,/api/mixed/db/1/,5.16,247,0,
2026-05-16T16:08:31.633015,GET,/api/mixed/pipeline/1/,3.79,82,0,
2026-05-16T16:08:31.633375,GET,/api/mixed/pipeline/1/,4.85,82,0,
2026-05-16T16:08:31.660960,GET,/api/mixed/http/,107.65,55353,0,
2026-05-16T16:08:31.663047,GET,/api/mixed/pipeline/1/,3.41,82,0,
2026-05-16T16:08:31.676409,GET,/api/mixed/pipeline/1/,3.13,82,0,
2026-05-16T16:08:31.676899,GET,/api/mixed/http/,107.99,55353,0,
2026-05-16T16:08:31.697016,GET,/api/mixed/http/,108.3,55353,0,
2026-05-16T16:08:31.697500,GET,/api/mixed/db/1/,4.22,247,0,
2026-05-16T16:08:31.703651,GET,/api/mixed/db/1/,4.01,247,0,
2026-05-16T16:08:31.736103,GET,/api/mixed/pipeline/1/,3.56,82,0,
2026-05-16T16:08:31.765187,GET,/api/mixed/db/1/,4.23,247,0,
2026-05-16T16:08:31.771479,GET,/api/mixed/pipeline/1/,3.01,82,0,
2026-05-16T16:08:31.785838,GET,/api/mixed/pipeline/1/,3.49,82,0,
2026-05-16T16:08:31.786296,GET,/api/mixed/pipeline/1/,4.56,82,0,
2026-05-16T16:08:31.789839,GET,/api/mixed/http/,107.69,55353,0,
2026-05-16T16:08:31.801778,GET,/api/mixed/http/,109.02,55353,0,
2026-05-16T16:08:31.823716,GET,/api/mixed/http/,107.73,55353,0,
2026-05-16T16:08:31.833060,GET,/api/mixed/db/1/,4.05,247,0,
2026-05-16T16:08:31.841573,GET,/api/mixed/db/1/,3.92,247,0,
2026-05-16T16:08:31.843044,GET,/api/mixed/http/,107.93,55353,0,
2026-05-16T16:08:31.869796,GET,/api/mixed/db/1/,3.92,247,0,
2026-05-16T16:08:31.891041,GET,/api/mixed/db/1/,4.69,247,0,
2026-05-16T16:08:31.894854,GET,/api/mixed/http/,110.0,55353,0,
2026-05-16T16:08:31.903924,GET,/api/mixed/http/,107.91,55353,0,
2026-05-16T16:08:31.917293,GET,/api/mixed/pipeline/1/,3.09,82,0,
2026-05-16T16:08:31.941826,GET,/api/mixed/http/,107.55,55353,0,
2026-05-16T16:08:31.946168,GET,/api/mixed/db/1/,4.09,247,0,
2026-05-16T16:08:31.953284,GET,/api/mixed/db/1/,4.73,247,0,
2026-05-16T16:08:31.955588,GET,/api/mixed/http/,108.32,55353,0,
2026-05-16T16:08:32.020044,GET,/api/mixed/db/1/,7.84,247,0,
2026-05-16T16:08:32.022003,GET,/api/mixed/pipeline/1/,3.06,82,0,
2026-05-16T16:08:32.031227,GET,/api/mixed/db/1/,4.01,247,0,
2026-05-16T16:08:32.057645,GET,/api/mixed/http/,107.86,55353,0,
2026-05-16T16:08:32.062668,GET,/api/mixed/http/,108.08,55353,0,
2026-05-16T16:08:32.078764,GET,/api/mixed/http/,107.9,55353,0,
2026-05-16T16:08:32.083297,GET,/api/mixed/http/,108.74,55353,0,
2026-05-16T16:08:32.086778,GET,/api/mixed/http/,108.6,55353,0,
2026-05-16T16:08:32.088922,GET,/api/mixed/pipeline/1/,3.68,82,0,
2026-05-16T16:08:32.089319,GET,/api/mixed/pipeline/1/,3.59,82,0,
2026-05-16T16:08:32.113748,GET,/api/mixed/db/1/,4.26,247,0,
2026-05-16T16:08:32.115753,GET,/api/mixed/pipeline/1/,3.24,82,0,
2026-05-16T16:08:32.116340,GET,/api/mixed/http/,107.7,55353,0,
2026-05-16T16:08:32.152674,GET,/api/mixed/pipeline/1/,2.99,82,0,
2026-05-16T16:08:32.156702,GET,/api/mixed/pipeline/1/,2.82,82,0,
2026-05-16T16:08:32.161884,GET,/api/mixed/http/,108.42,55353,0,
2026-05-16T16:08:32.181747,GET,/api/mixed/http/,107.85,55353,0,
2026-05-16T16:08:32.182643,GET,/api/mixed/db/1/,4.49,247,0,
2026-05-16T16:08:32.183056,GET,/api/mixed/db/1/,3.77,247,0,
2026-05-16T16:08:32.185761,GET,/api/mixed/http/,109.25,55353,0,
2026-05-16T16:08:32.193002,GET,/api/mixed/db/1/,4.94,247,0,
2026-05-16T16:08:32.196379,GET,/api/mixed/db/1/,4.29,247,0,
2026-05-16T16:08:32.221615,GET,/api/mixed/http/,109.6,55353,0,
2026-05-16T16:08:32.222222,GET,/api/mixed/db/1/,3.86,247,0,
2026-05-16T16:08:32.242557,GET,/api/mixed/db/1/,3.98,247,0,
2026-05-16T16:08:32.296519,GET,/api/mixed/http/,108.0,55353,0,
2026-05-16T16:08:32.323934,GET,/api/mixed/http/,109.32,55353,0,
2026-05-16T16:08:32.325832,GET,/api/mixed/pipeline/1/,3.08,82,0,
2026-05-16T16:08:32.348515,GET,/api/mixed/db/1/,3.64,247,0,
2026-05-16T16:08:32.355864,GET,/api/mixed/http/,108.02,55353,0,
2026-05-16T16:08:32.359550,GET,/api/mixed/db/1/,4.8,247,0,
2026-05-16T16:08:32.363130,GET,/api/mixed/pipeline/1/,5.15,82,0,
2026-05-16T16:08:32.363799,GET,/api/mixed/pipeline/1/,6.27,82,0,
2026-05-16T16:08:32.364593,GET,/api/mixed/http/,109.91,55353,0,
2026-05-16T16:08:32.365161,GET,/api/mixed/db/1/,4.02,247,0,
2026-05-16T16:08:32.365669,GET,/api/mixed/db/1/,5.28,247,0,
2026-05-16T16:08:32.366788,GET,/api/mixed/http/,110.32,55353,0,
2026-05-16T16:08:32.370548,GET,/api/mixed/http/,107.62,55353,0,
2026-05-16T16:08:32.371752,GET,/api/mixed/db/1/,3.78,247,0,
2026-05-16T16:08:32.373195,GET,/api/mixed/http/,107.77,55353,0,
2026-05-16T16:08:32.388132,GET,/api/mixed/http/,107.82,55353,0,
2026-05-16T16:08:32.394984,GET,/api/mixed/http/,108.11,55353,0,
2026-05-16T16:08:32.395845,GET,/api/mixed/pipeline/1/,3.43,82,0,
2026-05-16T16:08:32.397979,GET,/api/mixed/pipeline/1/,2.88,82,0,
2026-05-16T16:08:32.418484,GET,/api/mixed/http/,108.71,55353,0,
2026-05-16T16:08:32.429070,GET,/api/mixed/pipeline/1/,3.31,82,0,
2026-05-16T16:08:32.446663,GET,/api/mixed/db/1/,5.29,247,0,
2026-05-16T16:08:32.449451,GET,/api/mixed/http/,109.3,55353,0,
2026-05-16T16:08:32.450311,GET,/api/mixed/http/,108.86,55353,0,
2026-05-16T16:08:32.463935,GET,/api/mixed/pipeline/1/,7.22,82,0,
2026-05-16T16:08:32.475563,GET,/api/mixed/pipeline/1/,3.32,82,0,
2026-05-16T16:08:32.502503,GET,/api/mixed/pipeline/1/,10.44,82,0,
2026-05-16T16:08:32.508701,GET,/api/mixed/pipeline/1/,11.31,82,0,
2026-05-16T16:08:32.516646,GET,/api/mixed/db/1/,13.18,247,0,
2026-05-16T16:08:32.519654,GET,/api/mixed/http/,111.46,55353,0,
2026-05-16T16:08:32.520382,GET,/api/mixed/db/1/,4.82,247,0,
2026-05-16T16:08:32.553385,GET,/api/mixed/db/1/,4.35,247,0,
2026-05-16T16:08:32.571838,GET,/api/mixed/pipeline/1/,3.16,82,0,
2026-05-16T16:08:32.587253,GET,/api/mixed/http/,109.28,55353,0,
2026-05-16T16:08:32.587677,GET,/api/mixed/db/1/,4.64,247,0,
2026-05-16T16:08:32.611500,GET,/api/mixed/pipeline/1/,5.48,82,0,
2026-05-16T16:08:32.616072,GET,/api/mixed/pipeline/1/,4.41,82,0,
2026-05-16T16:08:32.631355,GET,/api/mixed/http/,109.68,55353,0,
2026-05-16T16:08:32.644109,GET,/api/mixed/db/1/,5.19,247,0,
2026-05-16T16:08:32.646290,GET,/api/mixed/http/,109.33,55353,0,
2026-05-16T16:08:32.647329,GET,/api/mixed/http/,114.14,55353,0,
2026-05-16T16:08:32.648358,GET,/api/mixed/http/,108.86,55353,0,
2026-05-16T16:08:32.668548,GET,/api/mixed/pipeline/1/,3.58,82,0,
2026-05-16T16:08:32.676430,GET,/api/mixed/db/1/,6.57,247,0,
2026-05-16T16:08:32.691333,GET,/api/mixed/pipeline/1/,3.95,82,0,
2026-05-16T16:08:32.700457,GET,/api/mixed/http/,109.51,55353,0,
2026-05-16T16:08:32.708084,GET,/api/mixed/db/1/,6.34,247,0,
2026-05-16T16:08:32.722763,GET,/api/mixed/db/1/,6.4,247,0,
2026-05-16T16:08:32.729269,GET,/api/mixed/db/1/,4.22,247,0,
2026-05-16T16:08:32.738592,GET,/api/mixed/db/1/,10.79,247,0,
2026-05-16T16:08:32.743730,GET,/api/mixed/http/,118.36,55353,0,
2026-05-16T16:08:32.744424,GET,/api/mixed/pipeline/1/,3.93,82,0,
2026-05-16T16:08:32.745002,GET,/api/mixed/db/1/,6.22,247,0,
2026-05-16T16:08:32.756860,GET,/api/mixed/pipeline/1/,5.55,82,0,
2026-05-16T16:08:32.758763,GET,/api/mixed/pipeline/1/,6.75,82,0,
2026-05-16T16:08:32.762820,GET,/api/mixed/db/1/,5.76,247,0,
2026-05-16T16:08:32.765069,GET,/api/mixed/http/,111.39,55353,0,
2026-05-16T16:08:32.773763,GET,/api/mixed/db/1/,4.42,247,0,
2026-05-16T16:08:32.774270,GET,/api/mixed/db/1/,5.95,247,0,
2026-05-16T16:08:32.780260,GET,/api/mixed/http/,108.35,55353,0,
2026-05-16T16:08:32.802933,GET,/api/mixed/db/1/,4.56,247,0,
2026-05-16T16:08:32.803419,GET,/api/mixed/http/,113.1,55353,0,
2026-05-16T16:08:32.804313,GET,/api/mixed/http/,112.32,55353,0,
2026-05-16T16:08:32.817110,GET,/api/mixed/pipeline/1/,3.55,82,0,
2026-05-16T16:08:32.823247,GET,/api/mixed/pipeline/1/,2.87,82,0,
2026-05-16T16:08:32.846786,GET,/api/mixed/pipeline/1/,4.58,82,0,
2026-05-16T16:08:32.851701,GET,/api/mixed/db/1/,6.54,247,0,
2026-05-16T16:08:32.856181,GET,/api/mixed/db/1/,6.75,247,0,
2026-05-16T16:08:32.870058,GET,/api/mixed/pipeline/1/,3.61,82,0,
2026-05-16T16:08:32.878028,GET,/api/mixed/http/,109.08,55353,0,
2026-05-16T16:08:32.901473,GET,/api/mixed/pipeline/1/,3.06,82,0,
2026-05-16T16:08:32.906583,GET,/api/mixed/http/,110.04,55353,0,
2026-05-16T16:08:32.910528,GET,/api/mixed/http/,109.33,55353,0,
2026-05-16T16:08:32.941769,GET,/api/mixed/http/,108.34,55353,0,
2026-05-16T16:08:32.962637,GET,/api/mixed/db/1/,5.6,247,0,
2026-05-16T16:08:32.965586,GET,/api/mixed/db/1/,4.19,247,0,
2026-05-16T16:08:32.975886,GET,/api/mixed/http/,113.37,55353,0,
2026-05-16T16:08:32.978389,GET,/api/mixed/pipeline/1/,7.12,82,0,
2026-05-16T16:08:32.979620,GET,/api/mixed/db/1/,10.77,247,0,
2026-05-16T16:08:32.998824,GET,/api/mixed/pipeline/1/,3.93,82,0,
2026-05-16T16:08:32.999941,GET,/api/mixed/pipeline/1/,3.54,82,0,
2026-05-16T16:08:33.002223,GET,/api/mixed/pipeline/1/,3.25,82,0,
2026-05-16T16:08:33.013280,GET,/api/mixed/http/,108.53,55353,0,
2026-05-16T16:08:33.026801,GET,/api/mixed/db/1/,4.09,247,0,
2026-05-16T16:08:33.035870,GET,/api/mixed/http/,108.93,55353,0,
2026-05-16T16:08:33.038472,GET,/api/mixed/db/1/,5.38,247,0,
2026-05-16T16:08:33.064054,GET,/api/mixed/pipeline/1/,3.28,82,0,
2026-05-16T16:08:33.069377,GET,/api/mixed/http/,109.14,55353,0,
2026-05-16T16:08:33.118741,GET,/api/mixed/http/,108.22,55353,0,
2026-05-16T16:08:33.125711,GET,/api/mixed/db/1/,4.74,247,0,
2026-05-16T16:08:33.128104,GET,/api/mixed/pipeline/1/,3.61,82,0,
2026-05-16T16:08:33.141475,GET,/api/mixed/pipeline/1/,3.13,82,0,
2026-05-16T16:08:33.176518,GET,/api/mixed/http/,109.18,55353,0,
2026-05-16T16:08:33.183212,GET,/api/mixed/pipeline/1/,4.2,82,0,
2026-05-16T16:08:33.183802,GET,/api/mixed/db/1/,6.06,247,0,
2026-05-16T16:08:33.186413,GET,/api/mixed/pipeline/1/,4.37,82,0,
2026-05-16T16:08:33.190479,GET,/api/mixed/http/,108.91,55353,0,
2026-05-16T16:08:33.191069,GET,/api/mixed/http/,110.77,55353,0,
2026-05-16T16:08:33.193254,GET,/api/mixed/pipeline/1/,4.18,82,0,
2026-05-16T16:08:33.198767,GET,/api/mixed/pipeline/1/,3.2,82,0,
2026-05-16T16:08:33.205734,GET,/api/mixed/http/,108.76,55353,0,
2026-05-16T16:08:33.206920,GET,/api/mixed/pipeline/1/,3.93,82,0,
2026-05-16T16:08:33.219544,GET,/api/mixed/db/1/,7.02,247,0,
2026-05-16T16:08:33.220144,GET,/api/mixed/db/1/,4.98,247,0,
2026-05-16T16:08:33.225227,GET,/api/mixed/pipeline/1/,3.86,82,0,
2026-05-16T16:08:33.226315,GET,/api/mixed/pipeline/1/,4.43,82,0,
2026-05-16T16:08:33.242410,GET,/api/mixed/pipeline/1/,3.56,82,0,
2026-05-16T16:08:33.267756,GET,/api/mixed/pipeline/1/,3.08,82,0,
2026-05-16T16:08:33.293487,GET,/api/mixed/http/,108.08,55353,0,
2026-05-16T16:08:33.311365,GET,/api/mixed/http/,107.81,55353,0,
2026-05-16T16:08:33.317106,GET,/api/mixed/db/1/,4.02,247,0,
2026-05-16T16:08:33.340962,GET,/api/mixed/db/1/,6.61,247,0,
2026-05-16T16:08:33.343128,GET,/api/mixed/db/1/,4.94,247,0,
2026-05-16T16:08:33.348512,GET,/api/mixed/db/1/,4.09,247,0,
2026-05-16T16:08:33.355303,GET,/api/mixed/db/1/,5.1,247,0,
2026-05-16T16:08:33.374142,GET,/api/mixed/pipeline/1/,4.52,82,0,
2026-05-16T16:08:33.375652,GET,/api/mixed/db/1/,4.55,247,0,
2026-05-16T16:08:33.380891,GET,/api/mixed/pipeline/1/,2.98,82,0,
2026-05-16T16:08:33.391149,GET,/api/mixed/db/1/,5.34,247,0,
2026-05-16T16:08:33.404947,GET,/api/mixed/pipeline/1/,3.53,82,0,
2026-05-16T16:08:33.405438,GET,/api/mixed/http/,108.74,55353,0,
2026-05-16T16:08:33.410174,GET,/api/mixed/http/,108.9,55353,0,
2026-05-16T16:08:33.419135,GET,/api/mixed/http/,109.27,55353,0,
2026-05-16T16:08:33.431937,GET,/api/mixed/pipeline/1/,3.05,82,0,
2026-05-16T16:08:33.446845,GET,/api/mixed/pipeline/1/,2.97,82,0,
2026-05-16T16:08:33.447251,GET,/api/mixed/pipeline/1/,3.93,82,0,
2026-05-16T16:08:33.459307,GET,/api/mixed/http/,112.16,55353,0,
2026-05-16T16:08:33.467363,GET,/api/mixed/http/,108.84,55353,0,
2026-05-16T16:08:33.476073,GET,/api/mixed/db/1/,4.14,247,0,
2026-05-16T16:08:33.479161,GET,/api/mixed/http/,110.87,55353,0,
2026-05-16T16:08:33.481478,GET,/api/mixed/pipeline/1/,5.27,82,0,
2026-05-16T16:08:33.482566,GET,/api/mixed/pipeline/1/,4.97,82,0,
2026-05-16T16:08:33.489186,GET,/api/mixed/http/,108.17,55353,0,
2026-05-16T16:08:33.504388,GET,/api/mixed/pipeline/1/,3.79,82,0,
2026-05-16T16:08:33.505422,GET,/api/mixed/db/1/,4.39,247,0,
2026-05-16T16:08:33.509676,GET,/api/mixed/http/,110.27,55353,0,
2026-05-16T16:08:33.521356,GET,/api/mixed/pipeline/1/,3.04,82,0,
2026-05-16T16:08:33.531090,GET,/api/mixed/http/,108.65,55353,0,
2026-05-16T16:08:33.537812,GET,/api/mixed/http/,109.43,55353,0,
2026-05-16T16:08:33.542370,GET,/api/mixed/db/1/,6.06,247,0,
2026-05-16T16:08:33.542777,GET,/api/mixed/db/1/,4.65,247,0,
2026-05-16T16:08:33.559740,GET,/api/mixed/db/1/,4.68,247,0,
2026-05-16T16:08:33.574146,GET,/api/mixed/http/,107.95,55353,0,
2026-05-16T16:08:33.589621,GET,/api/mixed/pipeline/1/,3.07,82,0,
2026-05-16T16:08:33.604805,GET,/api/mixed/http/,108.13,55353,0,
2026-05-16T16:08:33.616547,GET,/api/mixed/http/,107.93,55353,0,
2026-05-16T16:08:33.616967,GET,/api/mixed/db/1/,3.92,247,0,
2026-05-16T16:08:33.623275,GET,/api/mixed/db/1/,3.99,247,0,
2026-05-16T16:08:33.625165,GET,/api/mixed/pipeline/1/,3.45,82,0,
2026-05-16T16:08:33.629003,GET,/api/mixed/db/1/,3.73,247,0,
2026-05-16T16:08:33.636141,GET,/api/mixed/http/,109.54,55353,0,
2026-05-16T16:08:33.667419,GET,/api/mixed/http/,108.79,55353,0,
2026-05-16T16:08:33.669465,GET,/api/mixed/http/,107.29,55353,0,
2026-05-16T16:08:33.675637,GET,/api/mixed/pipeline/1/,2.87,82,0,
2026-05-16T16:08:33.683390,GET,/api/mixed/pipeline/1/,4.44,82,0,
2026-05-16T16:08:33.697841,GET,/api/mixed/db/1/,5.51,247,0,
2026-05-16T16:08:33.716715,GET,/api/mixed/pipeline/1/,3.62,82,0,
2026-05-16T16:08:33.717133,GET,/api/mixed/pipeline/1/,3.49,82,0,
2026-05-16T16:08:33.743720,GET,/api/mixed/http/,108.55,55353,0,
2026-05-16T16:08:33.750705,GET,/api/mixed/db/1/,3.76,247,0,
2026-05-16T16:08:33.760679,GET,/api/mixed/db/1/,4.72,247,0,
2026-05-16T16:08:33.766012,GET,/api/mixed/http/,107.71,55353,0,
2026-05-16T16:08:33.790493,GET,/api/mixed/http/,108.9,55353,0,
2026-05-16T16:08:33.792949,GET,/api/mixed/http/,107.35,55353,0,
2026-05-16T16:08:33.821578,GET,/api/mixed/pipeline/1/,2.69,82,0,
2026-05-16T16:08:33.844012,GET,/api/mixed/db/1/,4.21,247,0,
2026-05-16T16:08:33.861175,GET,/api/mixed/db/1/,3.91,247,0,
2026-05-16T16:08:33.867440,GET,/api/mixed/http/,107.77,55353,0,
2026-05-16T16:08:33.867855,GET,/api/mixed/db/1/,3.54,247,0,
2026-05-16T16:08:33.881657,GET,/api/mixed/pipeline/1/,3.15,82,0,
2026-05-16T16:08:33.883103,GET,/api/mixed/db/1/,3.68,247,0,
2026-05-16T16:08:33.887492,GET,/api/mixed/pipeline/1/,3.08,82,0,
2026-05-16T16:08:33.902587,GET,/api/mixed/pipeline/1/,2.85,82,0,
2026-05-16T16:08:33.911499,GET,/api/mixed/pipeline/1/,2.71,82,0,
2026-05-16T16:08:33.919307,GET,/api/mixed/db/1/,3.61,247,0,
2026-05-16T16:08:33.923345,GET,/api/mixed/http/,108.16,55353,0,
2026-05-16T16:08:33.923740,GET,/api/mixed/pipeline/1/,3.21,82,0,
2026-05-16T16:08:33.936428,GET,/api/mixed/pipeline/1/,5.04,82,0,
2026-05-16T16:08:33.942189,GET,/api/mixed/pipeline/1/,3.39,82,0,
2026-05-16T16:08:33.944240,GET,/api/mixed/pipeline/1/,2.95,82,0,
2026-05-16T16:08:33.950538,GET,/api/mixed/pipeline/1/,2.76,82,0,
2026-05-16T16:08:33.954918,GET,/api/mixed/db/1/,4.27,247,0,
2026-05-16T16:08:33.967022,GET,/api/mixed/db/1/,3.84,247,0,
2026-05-16T16:08:33.983764,GET,/api/mixed/http/,107.6,55353,0,
2026-05-16T16:08:33.993103,GET,/api/mixed/db/1/,4.09,247,0,
2026-05-16T16:08:33.995459,GET,/api/mixed/http/,108.76,55353,0,
2026-05-16T16:08:34.026135,GET,/api/mixed/db/1/,4.02,247,0,
2026-05-16T16:08:34.052164,GET,/api/mixed/db/1/,3.88,247,0,
2026-05-16T16:08:34.052674,GET,/api/mixed/http/,107.28,55353,0,
2026-05-16T16:08:34.059995,GET,/api/mixed/http/,108.94,55353,0,
2026-05-16T16:08:34.066233,GET,/api/mixed/db/1/,3.95,247,0,
2026-05-16T16:08:34.077561,GET,/api/mixed/http/,108.21,55353,0,
2026-05-16T16:08:34.081569,GET,/api/mixed/pipeline/1/,2.78,82,0,
2026-05-16T16:08:34.095912,GET,/api/mixed/pipeline/1/,2.87,82,0,
2026-05-16T16:08:34.109118,GET,/api/mixed/http/,107.44,55353,0,
2026-05-16T16:08:34.143213,GET,/api/mixed/http/,107.9,55353,0,
2026-05-16T16:08:34.146040,GET,/api/mixed/db/1/,4.85,247,0,
2026-05-16T16:08:34.150947,GET,/api/mixed/db/1/,3.7,247,0,
2026-05-16T16:08:34.152823,GET,/api/mixed/pipeline/1/,3.24,82,0,
2026-05-16T16:08:34.153266,GET,/api/mixed/http/,107.45,55353,0,
2026-05-16T16:08:34.171466,GET,/api/mixed/pipeline/1/,2.93,82,0,
2026-05-16T16:08:34.206384,GET,/api/mixed/db/1/,4.88,247,0,
2026-05-16T16:08:34.214366,GET,/api/mixed/pipeline/1/,3.63,82,0,
2026-05-16T16:08:34.219752,GET,/api/mixed/pipeline/1/,3.19,82,0,
2026-05-16T16:08:34.220980,GET,/api/mixed/db/1/,3.99,247,0,
2026-05-16T16:08:34.221858,GET,/api/mixed/http/,107.54,55353,0,
2026-05-16T16:08:34.244943,GET,/api/mixed/http/,108.24,55353,0,
2026-05-16T16:08:34.259241,GET,/api/mixed/pipeline/1/,3.04,82,0,
2026-05-16T16:08:34.280877,GET,/api/mixed/pipeline/1/,3.38,82,0,
2026-05-16T16:08:34.282100,GET,/api/mixed/db/1/,4.08,247,0,
2026-05-16T16:08:34.291637,GET,/api/mixed/pipeline/1/,2.69,82,0,
2026-05-16T16:08:34.296206,GET,/api/mixed/http/,107.51,55353,0,
2026-05-16T16:08:34.302855,GET,/api/mixed/db/1/,4.23,247,0,
2026-05-16T16:08:34.304727,GET,/api/mixed/pipeline/1/,3.59,82,0,
2026-05-16T16:08:34.310374,GET,/api/mixed/http/,107.85,55353,0,
2026-05-16T16:08:34.311030,GET,/api/mixed/http/,107.83,55353,0,
2026-05-16T16:08:34.318778,GET,/api/mixed/http/,107.56,55353,0,
2026-05-16T16:08:34.335991,GET,/api/mixed/db/1/,4.0,247,0,
2026-05-16T16:08:34.346255,GET,/api/mixed/pipeline/1/,2.92,82,0,
2026-05-16T16:08:34.389059,GET,/api/mixed/pipeline/1/,3.54,82,0,
2026-05-16T16:08:34.391314,GET,/api/mixed/pipeline/1/,3.15,82,0,
2026-05-16T16:08:34.393768,GET,/api/mixed/http/,107.45,55353,0,
2026-05-16T16:08:34.405952,GET,/api/mixed/db/1/,3.94,247,0,
2026-05-16T16:08:34.409810,GET,/api/mixed/http/,107.75,55353,0,
2026-05-16T16:08:34.420006,GET,/api/mixed/http/,107.66,55353,0,
2026-05-16T16:08:34.468010,GET,/api/mixed/pipeline/1/,2.89,82,0,
2026-05-16T16:08:34.490709,GET,/api/mixed/pipeline/1/,3.04,82,0,
2026-05-16T16:08:34.507239,GET,/api/mixed/db/1/,5.53,247,0,
2026-05-16T16:08:34.537418,GET,/api/mixed/http/,110.01,55353,0,
2026-05-16T16:08:34.538273,GET,/api/mixed/http/,108.09,55353,0,
2026-05-16T16:08:34.543396,GET,/api/mixed/db/1/,7.15,247,0,
2026-05-16T16:08:34.548719,GET,/api/mixed/db/1/,6.21,247,0,
2026-05-16T16:08:34.551269,GET,/api/mixed/pipeline/1/,3.63,82,0,
2026-05-16T16:08:34.560301,GET,/api/mixed/http/,107.71,55353,0,
2026-05-16T16:08:34.582026,GET,/api/mixed/http/,107.85,55353,0,
2026-05-16T16:08:34.582793,GET,/api/mixed/db/1/,4.34,247,0,
2026-05-16T16:08:34.589554,GET,/api/mixed/db/1/,4.5,247,0,
2026-05-16T16:08:34.592609,GET,/api/mixed/pipeline/1/,4.83,82,0,
2026-05-16T16:08:34.605303,GET,/api/mixed/db/1/,5.18,247,0,
2026-05-16T16:08:34.606790,GET,/api/mixed/http/,109.72,55353,0,
2026-05-16T16:08:34.608078,GET,/api/mixed/db/1/,5.06,247,0,
2026-05-16T16:08:34.610092,GET,/api/mixed/db/1/,4.64,247,0,
2026-05-16T16:08:34.617048,GET,/api/mixed/http/,110.73,55353,0,
2026-05-16T16:08:34.621072,GET,/api/mixed/pipeline/1/,2.81,82,0,
2026-05-16T16:08:34.656515,GET,/api/mixed/http/,107.67,55353,0,
2026-05-16T16:08:34.659015,GET,/api/mixed/pipeline/1/,4.01,82,0,
2026-05-16T16:08:34.660827,GET,/api/mixed/db/1/,3.96,247,0,
2026-05-16T16:08:34.673138,GET,/api/mixed/http/,109.49,55353,0,
2026-05-16T16:08:34.687263,GET,/api/mixed/pipeline/1/,3.33,82,0,
2026-05-16T16:08:34.688627,GET,/api/mixed/db/1/,5.24,247,0,
2026-05-16T16:08:34.700321,GET,/api/mixed/db/1/,4.16,247,0,
2026-05-16T16:08:34.705312,GET,/api/mixed/pipeline/1/,2.62,82,0,
2026-05-16T16:08:34.717694,GET,/api/mixed/db/1/,4.1,247,0,
2026-05-16T16:08:34.723766,GET,/api/mixed/db/1/,3.79,247,0,
2026-05-16T16:08:34.733290,GET,/api/mixed/http/,107.93,55353,0,
2026-05-16T16:08:34.740693,GET,/api/mixed/http/,108.61,55353,0,
2026-05-16T16:08:34.741236,GET,/api/mixed/http/,108.63,55353,0,
2026-05-16T16:08:34.758083,GET,/api/mixed/http/,108.7,55353,0,
2026-05-16T16:08:34.766671,GET,/api/mixed/db/1/,3.69,247,0,
2026-05-16T16:08:34.774474,GET,/api/mixed/db/1/,4.58,247,0,
2026-05-16T16:08:34.787707,GET,/api/mixed/pipeline/1/,3.01,82,0,
2026-05-16T16:08:34.804262,GET,/api/mixed/http/,109.09,55353,0,
2026-05-16T16:08:34.822949,GET,/api/mixed/pipeline/1/,3.51,82,0,
2026-05-16T16:08:34.842356,GET,/api/mixed/http/,107.65,55353,0,
2026-05-16T16:08:34.858055,GET,/api/mixed/pipeline/1/,2.84,82,0,
2026-05-16T16:08:34.859283,GET,/api/mixed/db/1/,4.62,247,0,
2026-05-16T16:08:34.866940,GET,/api/mixed/http/,107.49,55353,0,
2026-05-16T16:08:34.872947,GET,/api/mixed/db/1/,3.68,247,0,
2026-05-16T16:08:34.929780,GET,/api/mixed/http/,107.84,55353,0,
2026-05-16T16:08:34.935269,GET,/api/mixed/http/,108.37,55353,0,
2026-05-16T16:08:34.936196,GET,/api/mixed/pipeline/1/,4.25,82,0,
2026-05-16T16:08:34.939551,GET,/api/mixed/db/1/,4.14,247,0,
2026-05-16T16:08:34.945857,GET,/api/mixed/http/,107.53,55353,0,
2026-05-16T16:08:34.998466,GET,/api/mixed/pipeline/1/,3.19,82,0,
2026-05-16T16:08:35.005712,GET,/api/mixed/http/,108.35,55353,0,
2026-05-16T16:08:35.013878,GET,/api/mixed/db/1/,3.9,247,0,
2026-05-16T16:08:35.034291,GET,/api/mixed/pipeline/1/,3.01,82,0,
2026-05-16T16:08:35.043022,GET,/api/mixed/http/,109.19,55353,0,
2026-05-16T16:08:35.066039,GET,/api/mixed/pipeline/1/,2.72,82,0,
2026-05-16T16:08:35.074388,GET,/api/mixed/pipeline/1/,2.97,82,0,
2026-05-16T16:08:35.090712,GET,/api/mixed/pipeline/1/,5.67,82,0,
2026-05-16T16:08:35.091211,GET,/api/mixed/db/1/,5.69,247,0,
2026-05-16T16:08:35.093085,GET,/api/mixed/pipeline/1/,3.26,82,0,
2026-05-16T16:08:35.120328,GET,/api/mixed/db/1/,3.81,247,0,
2026-05-16T16:08:35.126636,GET,/api/mixed/pipeline/1/,3.92,82,0,
2026-05-16T16:08:35.150029,GET,/api/mixed/http/,108.51,55353,0,
2026-05-16T16:08:35.159643,GET,/api/mixed/pipeline/1/,2.75,82,0,
2026-05-16T16:08:35.168171,GET,/api/mixed/db/1/,4.36,247,0,
2026-05-16T16:08:35.168652,GET,/api/mixed/http/,108.96,55353,0,
2026-05-16T16:08:35.171469,GET,/api/mixed/db/1/,4.37,247,0,
2026-05-16T16:08:35.178439,GET,/api/mixed/db/1/,3.6,247,0,
2026-05-16T16:08:35.184320,GET,/api/mixed/pipeline/1/,2.69,82,0,
2026-05-16T16:08:35.187224,GET,/api/mixed/http/,107.65,55353,0,
2026-05-16T16:08:35.194468,GET,/api/mixed/http/,107.59,55353,0,
2026-05-16T16:08:35.195105,GET,/api/mixed/db/1/,3.68,247,0,
2026-05-16T16:08:35.204635,GET,/api/mixed/http/,107.85,55353,0,
2026-05-16T16:08:35.206145,GET,/api/mixed/http/,109.8,55353,0,
2026-05-16T16:08:35.213534,GET,/api/mixed/http/,107.88,55353,0,
2026-05-16T16:08:35.215601,GET,/api/mixed/http/,107.39,55353,0,
2026-05-16T16:08:35.221615,GET,/api/mixed/pipeline/1/,2.68,82,0,
2026-05-16T16:08:35.233348,GET,/api/mixed/http/,108.15,55353,0,
2026-05-16T16:08:35.233809,GET,/api/mixed/http/,108.17,55353,0,
2026-05-16T16:08:35.242804,GET,/api/mixed/db/1/,4.71,247,0,
2026-05-16T16:08:35.259437,GET,/api/mixed/db/1/,3.86,247,0,
2026-05-16T16:08:35.259841,GET,/api/mixed/db/1/,4.81,247,0,
2026-05-16T16:08:35.260737,GET,/api/mixed/http/,107.41,55353,0,
2026-05-16T16:08:35.272780,GET,/api/mixed/pipeline/1/,2.84,82,0,
2026-05-16T16:08:35.279697,GET,/api/mixed/pipeline/1/,2.68,82,0,
2026-05-16T16:08:35.300434,GET,/api/mixed/db/1/,4.38,247,0,
2026-05-16T16:08:35.301115,GET,/api/mixed/pipeline/1/,2.72,82,0,
2026-05-16T16:08:35.331847,GET,/api/mixed/pipeline/1/,2.86,82,0,
2026-05-16T16:08:35.353652,GET,/api/mixed/pipeline/1/,2.68,82,0,
2026-05-16T16:08:35.363736,GET,/api/mixed/db/1/,3.81,247,0,
2026-05-16T16:08:35.366294,GET,/api/mixed/db/1/,3.91,247,0,
2026-05-16T16:08:35.387681,GET,/api/mixed/pipeline/1/,5.0,82,0,
2026-05-16T16:08:35.404742,GET,/api/mixed/http/,107.65,55353,0,
2026-05-16T16:08:35.409816,GET,/api/mixed/db/1/,3.82,247,0,
2026-05-16T16:08:35.420273,GET,/api/mixed/db/1/,3.79,247,0,
2026-05-16T16:08:35.433368,GET,/api/mixed/http/,108.03,55353,0,
2026-05-16T16:08:35.439102,GET,/api/mixed/pipeline/1/,3.51,82,0,
2026-05-16T16:08:35.439546,GET,/api/mixed/pipeline/1/,3.46,82,0,
2026-05-16T16:08:35.444045,GET,/api/mixed/http/,108.0,55353,0,
2026-05-16T16:08:35.454997,GET,/api/mixed/db/1/,5.7,247,0,
2026-05-16T16:08:35.457770,GET,/api/mixed/http/,109.3,55353,0,
2026-05-16T16:08:35.460323,GET,/api/mixed/pipeline/1/,4.01,82,0,
2026-05-16T16:08:35.461672,GET,/api/mixed/db/1/,4.87,247,0,
2026-05-16T16:08:35.483358,GET,/api/mixed/pipeline/1/,3.13,82,0,
2026-05-16T16:08:35.495062,GET,/api/mixed/http/,108.44,55353,0,
2026-05-16T16:08:35.498329,GET,/api/mixed/db/1/,4.56,247,0,
2026-05-16T16:08:35.511840,GET,/api/mixed/pipeline/1/,2.78,82,0,
2026-05-16T16:08:35.519988,GET,/api/mixed/db/1/,4.9,247,0,
2026-05-16T16:08:35.522432,GET,/api/mixed/http/,108.37,55353,0,
2026-05-16T16:08:35.535126,GET,/api/mixed/db/1/,5.46,247,0,
2026-05-16T16:08:35.546306,GET,/api/mixed/db/1/,3.96,247,0,
2026-05-16T16:08:35.549362,GET,/api/mixed/pipeline/1/,4.52,82,0,
2026-05-16T16:08:35.559024,GET,/api/mixed/db/1/,4.78,247,0,
2026-05-16T16:08:35.559501,GET,/api/mixed/db/1/,4.3,247,0,
2026-05-16T16:08:35.561823,GET,/api/mixed/http/,109.03,55353,0,
2026-05-16T16:08:35.565880,GET,/api/mixed/http/,107.96,55353,0,
2026-05-16T16:08:35.568412,GET,/api/mixed/db/1/,4.41,247,0,
2026-05-16T16:08:35.570996,GET,/api/mixed/http/,109.19,55353,0,
2026-05-16T16:08:35.601487,GET,/api/mixed/db/1/,3.96,247,0,
2026-05-16T16:08:35.608342,GET,/api/mixed/http/,108.79,55353,0,
2026-05-16T16:08:35.613065,GET,/api/mixed/http/,107.9,55353,0,
2026-05-16T16:08:35.629124,GET,/api/mixed/db/1/,4.72,247,0,
2026-05-16T16:08:35.642329,GET,/api/mixed/pipeline/1/,3.44,82,0,
2026-05-16T16:08:35.659703,GET,/api/mixed/pipeline/1/,3.07,82,0,
2026-05-16T16:08:35.662805,GET,/api/mixed/http/,109.16,55353,0,
2026-05-16T16:08:35.674554,GET,/api/mixed/http/,108.53,55353,0,
2026-05-16T16:08:35.680075,GET,/api/mixed/pipeline/1/,3.69,82,0,
2026-05-16T16:08:35.681779,GET,/api/mixed/pipeline/1/,4.44,82,0,
2026-05-16T16:08:35.686703,GET,/api/mixed/pipeline/1/,3.59,82,0,
2026-05-16T16:08:35.697972,GET,/api/mixed/db/1/,5.0,247,0,
2026-05-16T16:08:35.704961,GET,/api/mixed/http/,109.63,55353,0,
2026-05-16T16:08:35.705547,GET,/api/mixed/pipeline/1/,2.96,82,0,
2026-05-16T16:08:35.735977,GET,/api/mixed/http/,107.86,55353,0,
2026-05-16T16:08:35.747156,GET,/api/mixed/pipeline/1/,2.94,82,0,
2026-05-16T16:08:35.747599,GET,/api/mixed/http/,108.19,55353,0,
2026-05-16T16:08:35.751670,GET,/api/mixed/pipeline/1/,2.83,82,0,
2026-05-16T16:08:35.756440,GET,/api/mixed/db/1/,4.65,247,0,
2026-05-16T16:08:35.764597,GET,/api/mixed/pipeline/1/,2.91,82,0,
2026-05-16T16:08:35.784814,GET,/api/mixed/http/,108.88,55353,0,
2026-05-16T16:08:35.787924,GET,/api/mixed/pipeline/1/,4.32,82,0,
2026-05-16T16:08:35.793037,GET,/api/mixed/http/,108.6,55353,0,
2026-05-16T16:08:35.800884,GET,/api/mixed/db/1/,5.56,247,0,
2026-05-16T16:08:35.802739,GET,/api/mixed/pipeline/1/,3.51,82,0,
2026-05-16T16:08:35.809425,GET,/api/mixed/http/,110.25,55353,0,
2026-05-16T16:08:35.810913,GET,/api/mixed/pipeline/1/,7.0,82,0,
2026-05-16T16:08:35.848485,GET,/api/mixed/pipeline/1/,3.16,82,0,
2026-05-16T16:08:35.876829,GET,/api/mixed/pipeline/1/,3.82,82,0,
2026-05-16T16:08:35.881691,GET,/api/mixed/pipeline/1/,3.22,82,0,
2026-05-16T16:08:35.882410,GET,/api/mixed/db/1/,4.39,247,0,
2026-05-16T16:08:35.883339,GET,/api/mixed/http/,108.34,55353,0,
2026-05-16T16:08:35.906966,GET,/api/mixed/db/1/,5.84,247,0,
2026-05-16T16:08:35.916825,GET,/api/mixed/http/,111.76,55353,0,
2026-05-16T16:08:35.918141,GET,/api/mixed/http/,108.55,55353,0,
2026-05-16T16:08:35.927467,GET,/api/mixed/pipeline/1/,4.09,82,0,
2026-05-16T16:08:35.927890,GET,/api/mixed/pipeline/1/,3.95,82,0,
2026-05-16T16:08:35.948801,GET,/api/mixed/http/,108.22,55353,0,
2026-05-16T16:08:35.957280,GET,/api/mixed/pipeline/1/,3.13,82,0,
2026-05-16T16:08:35.982702,GET,/api/mixed/http/,110.68,55353,0,
2026-05-16T16:08:35.983861,GET,/api/mixed/http/,109.72,55353,0,
2026-05-16T16:08:35.985905,GET,/api/mixed/db/1/,5.14,247,0,
2026-05-16T16:08:35.991796,GET,/api/mixed/http/,109.27,55353,0,
2026-05-16T16:08:35.992314,GET,/api/mixed/http/,108.12,55353,0,
2026-05-16T16:08:35.997784,GET,/api/mixed/pipeline/1/,3.21,82,0,
2026-05-16T16:08:36.003242,GET,/api/mixed/pipeline/1/,3.14,82,0,
2026-05-16T16:08:36.014641,GET,/api/mixed/db/1/,4.62,247,0,
2026-05-16T16:08:36.019724,GET,/api/mixed/pipeline/1/,3.84,82,0,
2026-05-16T16:08:36.020401,GET,/api/mixed/db/1/,4.01,247,0,
2026-05-16T16:08:36.033045,GET,/api/mixed/http/,108.71,55353,0,
2026-05-16T16:08:36.037907,GET,/api/mixed/db/1/,4.38,247,0,
2026-05-16T16:08:36.040537,GET,/api/mixed/pipeline/1/,3.58,82,0,
2026-05-16T16:08:36.084152,GET,/api/mixed/http/,109.45,55353,0,
2026-05-16T16:08:36.098285,GET,/api/mixed/db/1/,6.48,247,0,
2026-05-16T16:08:36.112929,GET,/api/mixed/http/,108.48,55353,0,
2026-05-16T16:08:36.121229,GET,/api/mixed/pipeline/1/,3.96,82,0,
2026-05-16T16:08:36.124378,GET,/api/mixed/db/1/,4.32,247,0,
2026-05-16T16:08:36.140965,GET,/api/mixed/http/,109.37,55353,0,
2026-05-16T16:08:36.148599,GET,/api/mixed/pipeline/1/,3.41,82,0,
2026-05-16T16:08:36.154455,GET,/api/mixed/http/,109.69,55353,0,
2026-05-16T16:08:36.155029,GET,/api/mixed/http/,109.65,55353,0,
2026-05-16T16:08:36.158279,GET,/api/mixed/db/1/,5.3,247,0,
2026-05-16T16:08:36.163731,GET,/api/mixed/pipeline/1/,3.22,82,0,
2026-05-16T16:08:36.164229,GET,/api/mixed/http/,108.91,55353,0,
2026-05-16T16:08:36.164681,GET,/api/mixed/http/,108.81,55353,0,
2026-05-16T16:08:36.187505,GET,/api/mixed/db/1/,4.44,247,0,
2026-05-16T16:08:36.201793,GET,/api/mixed/pipeline/1/,3.14,82,0,
2026-05-16T16:08:36.213790,GET,/api/mixed/http/,110.36,55353,0,
2026-05-16T16:08:36.214326,GET,/api/mixed/db/1/,6.3,247,0,
2026-05-16T16:08:36.216767,GET,/api/mixed/pipeline/1/,5.16,82,0,
2026-05-16T16:08:36.220745,GET,/api/mixed/db/1/,4.85,247,0,
2026-05-16T16:08:36.223893,GET,/api/mixed/db/1/,4.15,247,0,
2026-05-16T16:08:36.243787,GET,/api/mixed/http/,108.17,55353,0,
2026-05-16T16:08:36.247985,GET,/api/mixed/pipeline/1/,2.98,82,0,
2026-05-16T16:08:36.256562,GET,/api/mixed/db/1/,4.19,247,0,
2026-05-16T16:08:36.275759,GET,/api/mixed/pipeline/1/,3.0,82,0,
2026-05-16T16:08:36.296330,GET,/api/mixed/db/1/,4.32,247,0,
2026-05-16T16:08:36.304000,GET,/api/mixed/http/,108.12,55353,0,
2026-05-16T16:08:36.310363,GET,/api/mixed/db/1/,4.1,247,0,
2026-05-16T16:08:36.315841,GET,/api/mixed/pipeline/1/,3.18,82,0,
2026-05-16T16:08:36.323971,GET,/api/mixed/db/1/,3.94,247,0,
2026-05-16T16:08:36.335475,GET,/api/mixed/db/1/,4.26,247,0,
2026-05-16T16:08:36.342284,GET,/api/mixed/http/,108.0,55353,0,
2026-05-16T16:08:36.355220,GET,/api/mixed/pipeline/1/,5.5,82,0,
2026-05-16T16:08:36.394139,GET,/api/mixed/pipeline/1/,2.85,82,0,
2026-05-16T16:08:36.414322,GET,/api/mixed/db/1/,3.95,247,0,
2026-05-16T16:08:36.431254,GET,/api/mixed/pipeline/1/,3.12,82,0,
2026-05-16T16:08:36.432497,GET,/api/mixed/db/1/,4.93,247,0,
2026-05-16T16:08:36.458038,GET,/api/mixed/http/,109.49,55353,0,
2026-05-16T16:08:36.462185,GET,/api/mixed/db/1/,3.95,247,0,
2026-05-16T16:08:36.470573,GET,/api/mixed/pipeline/1/,2.99,82,0,
2026-05-16T16:08:36.489721,GET,/api/mixed/http/,108.14,55353,0,
2026-05-16T16:08:36.505283,GET,/api/mixed/db/1/,3.94,247,0,
2026-05-16T16:08:36.537033,GET,/api/mixed/db/1/,4.5,247,0,
2026-05-16T16:08:36.540531,GET,/api/mixed/db/1/,4.48,247,0,
2026-05-16T16:08:36.551648,GET,/api/mixed/db/1/,5.52,247,0,
2026-05-16T16:08:36.552137,GET,/api/mixed/db/1/,4.92,247,0,
2026-05-16T16:08:36.559088,GET,/api/mixed/pipeline/1/,3.55,82,0,
2026-05-16T16:08:36.568857,GET,/api/mixed/pipeline/1/,3.41,82,0,
2026-05-16T16:08:36.573892,GET,/api/mixed/db/1/,3.79,247,0,
2026-05-16T16:08:36.581944,GET,/api/mixed/db/1/,3.72,247,0,
2026-05-16T16:08:36.609705,GET,/api/mixed/pipeline/1/,3.11,82,0,
2026-05-16T16:08:36.618641,GET,/api/mixed/db/1/,4.76,247,0,
2026-05-16T16:08:36.622598,GET,/api/mixed/db/1/,5.22,247,0,
2026-05-16T16:08:36.623027,GET,/api/mixed/db/1/,4.25,247,0,
2026-05-16T16:08:36.630638,GET,/api/mixed/db/1/,4.35,247,0,
2026-05-16T16:08:36.631078,GET,/api/mixed/db/1/,4.24,247,0,
2026-05-16T16:08:36.639667,GET,/api/mixed/db/1/,4.31,247,0,
2026-05-16T16:08:36.656460,GET,/api/mixed/http/,108.45,55353,0,
2026-05-16T16:08:36.657326,GET,/api/mixed/pipeline/1/,4.41,82,0,
2026-05-16T16:08:36.660224,GET,/api/mixed/http/,109.45,55353,0,
2026-05-16T16:08:36.675043,GET,/api/mixed/http/,109.13,55353,0,
2026-05-16T16:08:36.687774,GET,/api/mixed/http/,108.18,55353,0,
2026-05-16T16:08:36.694181,GET,/api/mixed/pipeline/1/,3.14,82,0,
2026-05-16T16:08:36.729220,GET,/api/mixed/db/1/,4.21,247,0,
2026-05-16T16:08:36.762542,GET,/api/mixed/http/,107.94,55353,0,
2026-05-16T16:08:36.767749,GET,/api/mixed/db/1/,3.96,247,0,
2026-05-16T16:08:36.776298,GET,/api/mixed/db/1/,4.17,247,0,
2026-05-16T16:08:36.786042,GET,/api/mixed/db/1/,4.2,247,0,
2026-05-16T16:08:36.787545,GET,/api/mixed/http/,108.14,55353,0,
2026-05-16T16:08:36.812538,GET,/api/mixed/http/,107.89,55353,0,
2026-05-16T16:08:36.817785,GET,/api/mixed/pipeline/1/,2.87,82,0,
2026-05-16T16:08:36.825628,GET,/api/mixed/http/,108.36,55353,0,
2026-05-16T16:08:36.843349,GET,/api/mixed/http/,107.85,55353,0,
2026-05-16T16:08:36.857498,GET,/api/mixed/http/,108.33,55353,0,
2026-05-16T16:08:36.858801,GET,/api/mixed/db/1/,4.14,247,0,
2026-05-16T16:08:36.883827,GET,/api/mixed/http/,109.06,55353,0,
2026-05-16T16:08:36.896044,GET,/api/mixed/http/,108.38,55353,0,
2026-05-16T16:08:36.914098,GET,/api/mixed/pipeline/1/,2.88,82,0,
2026-05-16T16:08:36.934922,GET,/api/mixed/db/1/,3.92,247,0,
2026-05-16T16:08:36.946154,GET,/api/mixed/pipeline/1/,2.87,82,0,
2026-05-16T16:08:36.946601,GET,/api/mixed/pipeline/1/,3.75,82,0,
2026-05-16T16:08:36.965918,GET,/api/mixed/pipeline/1/,2.88,82,0,
2026-05-16T16:08:36.980569,GET,/api/mixed/db/1/,4.32,247,0,
2026-05-16T16:08:36.994505,GET,/api/mixed/pipeline/1/,3.52,82,0,
2026-05-16T16:08:36.996816,GET,/api/mixed/pipeline/1/,3.34,82,0,
2026-05-16T16:08:37.011243,GET,/api/mixed/http/,107.78,55353,0,
2026-05-16T16:08:37.011667,GET,/api/mixed/pipeline/1/,3.59,82,0,
2026-05-16T16:08:37.024116,GET,/api/mixed/http/,107.67,55353,0,
2026-05-16T16:08:37.045743,GET,/api/mixed/http/,108.48,55353,0,
2026-05-16T16:08:37.059457,GET,/api/mixed/db/1/,4.8,247,0,
2026-05-16T16:08:37.070604,GET,/api/mixed/http/,108.73,55353,0,
2026-05-16T16:08:37.071071,GET,/api/mixed/db/1/,5.4,247,0,
2026-05-16T16:08:37.072960,GET,/api/mixed/pipeline/1/,3.73,82,0,
2026-05-16T16:08:37.088986,GET,/api/mixed/pipeline/1/,3.8,82,0,
2026-05-16T16:08:37.121800,GET,/api/mixed/http/,107.91,55353,0,
2026-05-16T16:08:37.130409,GET,/api/mixed/db/1/,5.25,247,0,
2026-05-16T16:08:37.134978,GET,/api/mixed/pipeline/1/,4.36,82,0,
2026-05-16T16:08:37.135544,GET,/api/mixed/http/,108.04,55353,0,
2026-05-16T16:08:37.135996,GET,/api/mixed/db/1/,6.65,247,0,
2026-05-16T16:08:37.144023,GET,/api/mixed/pipeline/1/,3.68,82,0,
2026-05-16T16:08:37.150008,GET,/api/mixed/pipeline/1/,4.1,82,0,
2026-05-16T16:08:37.157585,GET,/api/mixed/db/1/,5.3,247,0,
2026-05-16T16:08:37.158234,GET,/api/mixed/http/,108.3,55353,0,
2026-05-16T16:08:37.165333,GET,/api/mixed/http/,109.14,55353,0,
2026-05-16T16:08:37.174609,GET,/api/mixed/http/,108.35,55353,0,
2026-05-16T16:08:37.180053,GET,/api/mixed/pipeline/1/,3.2,82,0,
2026-05-16T16:08:37.239402,GET,/api/mixed/http/,110.66,55353,0,
2026-05-16T16:08:37.251271,GET,/api/mixed/http/,108.3,55353,0,
2026-05-16T16:08:37.256839,GET,/api/mixed/db/1/,3.96,247,0,
2026-05-16T16:08:37.265915,GET,/api/mixed/http/,109.56,55353,0,
2026-05-16T16:08:37.266805,GET,/api/mixed/http/,110.97,55353,0,
2026-05-16T16:08:37.272717,GET,/api/mixed/http/,108.59,55353,0,
2026-05-16T16:08:37.275032,GET,/api/mixed/db/1/,4.5,247,0,
2026-05-16T16:08:37.301804,GET,/api/mixed/http/,112.48,55353,0,
2026-05-16T16:08:37.304791,GET,/api/mixed/db/1/,6.5,247,0,
2026-05-16T16:08:37.305770,GET,/api/mixed/http/,114.91,55353,0,
2026-05-16T16:08:37.324565,GET,/api/mixed/http/,108.07,55353,0,
2026-05-16T16:08:37.334580,GET,/api/mixed/db/1/,4.79,247,0,
2026-05-16T16:08:37.339651,GET,/api/mixed/db/1/,6.06,247,0,
2026-05-16T16:08:37.353021,GET,/api/mixed/db/1/,4.26,247,0,
2026-05-16T16:08:37.353475,GET,/api/mixed/db/1/,5.28,247,0,
2026-05-16T16:08:37.359228,GET,/api/mixed/http/,109.6,55353,0,
2026-05-16T16:08:37.374110,GET,/api/mixed/http/,109.29,55353,0,
2026-05-16T16:08:37.383146,GET,/api/mixed/db/1/,4.75,247,0,
2026-05-16T16:08:37.392230,GET,/api/mixed/pipeline/1/,3.3,82,0,
2026-05-16T16:08:37.392682,GET,/api/mixed/db/1/,5.16,247,0,
2026-05-16T16:08:37.404227,GET,/api/mixed/db/1/,4.34,247,0,
2026-05-16T16:08:37.409944,GET,/api/mixed/pipeline/1/,3.24,82,0,
2026-05-16T16:08:37.410419,GET,/api/mixed/db/1/,4.96,247,0,
2026-05-16T16:08:37.419683,GET,/api/mixed/http/,108.48,55353,0,
2026-05-16T16:08:37.422376,GET,/api/mixed/pipeline/1/,3.83,82,0,
2026-05-16T16:08:37.424596,GET,/api/mixed/pipeline/1/,3.32,82,0,
2026-05-16T16:08:37.456313,GET,/api/mixed/db/1/,4.54,247,0,
2026-05-16T16:08:37.490795,GET,/api/mixed/pipeline/1/,3.64,82,0,
2026-05-16T16:08:37.494259,GET,/api/mixed/db/1/,4.38,247,0,
2026-05-16T16:08:37.501289,GET,/api/mixed/pipeline/1/,2.81,82,0,
2026-05-16T16:08:37.508235,GET,/api/mixed/pipeline/1/,3.15,82,0,
2026-05-16T16:08:37.508955,GET,/api/mixed/db/1/,4.33,247,0,
2026-05-16T16:08:37.524644,GET,/api/mixed/db/1/,4.47,247,0,
2026-05-16T16:08:37.533825,GET,/api/mixed/pipeline/1/,2.97,82,0,
2026-05-16T16:08:37.555141,GET,/api/mixed/http/,108.14,55353,0,
2026-05-16T16:08:37.588223,GET,/api/mixed/http/,122.69,55353,0,
2026-05-16T16:08:37.588699,GET,/api/mixed/http/,134.35,55353,0,
2026-05-16T16:08:37.589249,GET,/api/mixed/pipeline/1/,32.89,82,0,
2026-05-16T16:08:37.598013,GET,/api/mixed/pipeline/1/,3.56,82,0,
2026-05-16T16:08:37.599315,GET,/api/mixed/db/1/,4.39,247,0,
2026-05-16T16:08:37.605589,GET,/api/mixed/pipeline/1/,3.03,82,0,
2026-05-16T16:08:37.630613,GET,/api/mixed/db/1/,4.19,247,0,
2026-05-16T16:08:37.639157,GET,/api/mixed/db/1/,4.1,247,0,
2026-05-16T16:08:37.648417,GET,/api/mixed/http/,108.22,55353,0,
2026-05-16T16:08:37.653676,GET,/api/mixed/pipeline/1/,2.98,82,0,
2026-05-16T16:08:37.708206,GET,/api/mixed/pipeline/1/,3.84,82,0,
2026-05-16T16:08:37.715429,GET,/api/mixed/http/,108.47,55353,0,
2026-05-16T16:08:37.721967,GET,/api/mixed/pipeline/1/,3.2,82,0,
2026-05-16T16:08:37.738215,GET,/api/mixed/db/1/,3.96,247,0,
2026-05-16T16:08:37.747903,GET,/api/mixed/pipeline/1/,2.78,82,0,
2026-05-16T16:08:37.775185,GET,/api/mixed/http/,114.17,55353,0,
2026-05-16T16:08:37.775824,GET,/api/mixed/db/1/,6.64,247,0,
2026-05-16T16:08:37.776968,GET,/api/mixed/http/,115.47,55353,0,
2026-05-16T16:08:37.797643,GET,/api/mixed/http/,114.23,55353,0,
2026-05-16T16:08:37.817672,GET,/api/mixed/http/,110.66,55353,0,
2026-05-16T16:08:37.818805,GET,/api/mixed/db/1/,5.74,247,0,
2026-05-16T16:08:37.837899,GET,/api/mixed/pipeline/1/,6.34,82,0,
2026-05-16T16:08:37.849486,GET,/api/mixed/http/,108.93,55353,0,
2026-05-16T16:08:37.858542,GET,/api/mixed/pipeline/1/,4.4,82,0,
2026-05-16T16:08:37.867154,GET,/api/mixed/pipeline/1/,4.61,82,0,
2026-05-16T16:08:37.877414,GET,/api/mixed/db/1/,5.98,247,0,
2026-05-16T16:08:37.880447,GET,/api/mixed/pipeline/1/,4.07,82,0,
2026-05-16T16:08:37.883897,GET,/api/mixed/db/1/,4.48,247,0,
2026-05-16T16:08:37.886048,GET,/api/mixed/http/,108.87,55353,0,
2026-05-16T16:08:37.893075,GET,/api/mixed/db/1/,4.74,247,0,
2026-05-16T16:08:37.894216,GET,/api/mixed/pipeline/1/,3.17,82,0,
2026-05-16T16:08:37.907469,GET,/api/mixed/http/,109.6,55353,0,
2026-05-16T16:08:37.921326,GET,/api/mixed/http/,109.76,55353,0,
2026-05-16T16:08:37.925847,GET,/api/mixed/pipeline/1/,3.26,82,0,
2026-05-16T16:08:37.933422,GET,/api/mixed/pipeline/1/,3.35,82,0,
2026-05-16T16:08:37.938874,GET,/api/mixed/pipeline/1/,4.19,82,0,
2026-05-16T16:08:37.943151,GET,/api/mixed/http/,114.53,55353,0,
2026-05-16T16:08:37.956629,GET,/api/mixed/http/,108.43,55353,0,
2026-05-16T16:08:37.963147,GET,/api/mixed/db/1/,4.19,247,0,
2026-05-16T16:08:37.970944,GET,/api/mixed/http/,110.12,55353,0,
2026-05-16T16:08:37.971414,GET,/api/mixed/http/,109.79,55353,0,
2026-05-16T16:08:37.980645,GET,/api/mixed/db/1/,4.47,247,0,
2026-05-16T16:08:37.981180,GET,/api/mixed/http/,108.55,55353,0,
2026-05-16T16:08:37.981618,GET,/api/mixed/http/,109.44,55353,0,
2026-05-16T16:08:37.995669,GET,/api/mixed/pipeline/1/,3.31,82,0,
2026-05-16T16:08:37.996104,GET,/api/mixed/db/1/,4.19,247,0,
2026-05-16T16:08:37.996473,GET,/api/mixed/db/1/,5.12,247,0,
2026-05-16T16:08:38.004525,GET,/api/mixed/db/1/,3.76,247,0,
2026-05-16T16:08:38.009773,GET,/api/mixed/db/1/,4.0,247,0,
2026-05-16T16:08:38.012211,GET,/api/mixed/pipeline/1/,3.78,82,0,
2026-05-16T16:08:38.014663,GET,/api/mixed/pipeline/1/,3.27,82,0,
2026-05-16T16:08:38.025126,GET,/api/mixed/db/1/,3.83,247,0,
2026-05-16T16:08:38.033176,GET,/api/mixed/db/1/,3.74,247,0,
2026-05-16T16:08:38.040366,GET,/api/mixed/db/1/,3.94,247,0,
2026-05-16T16:08:38.051004,GET,/api/mixed/db/1/,4.25,247,0,
2026-05-16T16:08:38.068439,GET,/api/mixed/db/1/,4.11,247,0,
2026-05-16T16:08:38.084871,GET,/api/mixed/http/,109.26,55353,0,
2026-05-16T16:08:38.089368,GET,/api/mixed/http/,107.66,55353,0,
2026-05-16T16:08:38.110362,GET,/api/mixed/pipeline/1/,3.37,82,0,
2026-05-16T16:08:38.110772,GET,/api/mixed/pipeline/1/,2.82,82,0,
2026-05-16T16:08:38.123553,GET,/api/mixed/http/,107.71,55353,0,
2026-05-16T16:08:38.129540,GET,/api/mixed/pipeline/1/,3.6,82,0,
2026-05-16T16:08:38.139979,GET,/api/mixed/db/1/,4.07,247,0,
2026-05-16T16:08:38.157094,GET,/api/mixed/http/,107.73,55353,0,
2026-05-16T16:08:38.172396,GET,/api/mixed/pipeline/1/,3.91,82,0,
2026-05-16T16:08:38.190923,GET,/api/mixed/http/,108.22,55353,0,
2026-05-16T16:08:38.203777,GET,/api/mixed/db/1/,4.76,247,0,
2026-05-16T16:08:38.204290,GET,/api/mixed/db/1/,4.22,247,0,
2026-05-16T16:08:38.220050,GET,/api/mixed/db/1/,4.37,247,0,
2026-05-16T16:08:38.222818,GET,/api/mixed/http/,109.86,55353,0,
2026-05-16T16:08:38.227397,GET,/api/mixed/pipeline/1/,3.29,82,0,
2026-05-16T16:08:38.235037,GET,/api/mixed/http/,107.74,55353,0,
2026-05-16T16:08:38.251374,GET,/api/mixed/http/,108.11,55353,0,
2026-05-16T16:08:38.262022,GET,/api/mixed/db/1/,4.31,247,0,
2026-05-16T16:08:38.265782,GET,/api/mixed/db/1/,5.27,247,0,
2026-05-16T16:08:38.268259,GET,/api/mixed/pipeline/1/,3.44,82,0,
2026-05-16T16:08:38.277147,GET,/api/mixed/http/,108.11,55353,0,
2026-05-16T16:08:38.285488,GET,/api/mixed/http/,108.89,55353,0,
2026-05-16T16:08:38.286412,GET,/api/mixed/http/,108.33,55353,0,
2026-05-16T16:08:38.297831,GET,/api/mixed/db/1/,4.35,247,0,
2026-05-16T16:08:38.300931,GET,/api/mixed/http/,107.61,55353,0,
2026-05-16T16:08:38.316602,GET,/api/mixed/db/1/,4.13,247,0,
2026-05-16T16:08:38.344154,GET,/api/mixed/db/1/,4.07,247,0,
2026-05-16T16:08:38.357435,GET,/api/mixed/pipeline/1/,3.06,82,0,
2026-05-16T16:08:38.370140,GET,/api/mixed/http/,107.7,55353,0,
2026-05-16T16:08:38.374224,GET,/api/mixed/db/1/,3.94,247,0,
2026-05-16T16:08:38.383484,GET,/api/mixed/db/1/,3.86,247,0,
2026-05-16T16:08:38.389062,GET,/api/mixed/pipeline/1/,3.25,82,0,
2026-05-16T16:08:38.393362,GET,/api/mixed/http/,109.02,55353,0,
2026-05-16T16:08:38.425077,GET,/api/mixed/pipeline/1/,3.39,82,0,
2026-05-16T16:08:38.429769,GET,/api/mixed/http/,111.76,55353,0,
2026-05-16T16:08:38.433209,GET,/api/mixed/http/,107.99,55353,0,
2026-05-16T16:08:38.497910,GET,/api/mixed/db/1/,7.61,247,0,
2026-05-16T16:08:38.505325,GET,/api/mixed/pipeline/1/,4.51,82,0,
2026-05-16T16:08:38.505775,GET,/api/mixed/db/1/,6.4,247,0,
2026-05-16T16:08:38.528583,GET,/api/mixed/db/1/,7.44,247,0,
2026-05-16T16:08:38.540504,GET,/api/mixed/pipeline/1/,3.68,82,0,
2026-05-16T16:08:38.542790,GET,/api/mixed/pipeline/1/,3.24,82,0,
2026-05-16T16:08:38.545409,GET,/api/mixed/http/,107.89,55353,0,
2026-05-16T16:08:38.556161,GET,/api/mixed/http/,108.02,55353,0,
2026-05-16T16:08:38.572670,GET,/api/mixed/pipeline/1/,4.27,82,0,
2026-05-16T16:08:38.574048,GET,/api/mixed/db/1/,4.06,247,0,
2026-05-16T16:08:38.574672,GET,/api/mixed/http/,116.46,55353,0,
2026-05-16T16:08:38.575130,GET,/api/mixed/http/,118.34,55353,0,
2026-05-16T16:08:38.584490,GET,/api/mixed/pipeline/1/,3.05,82,0,
2026-05-16T16:08:38.591732,GET,/api/mixed/pipeline/1/,2.95,82,0,
2026-05-16T16:08:38.640585,GET,/api/mixed/db/1/,4.78,247,0,
2026-05-16T16:08:38.671870,GET,/api/mixed/db/1/,4.48,247,0,
2026-05-16T16:08:38.684319,GET,/api/mixed/pipeline/1/,3.08,82,0,
2026-05-16T16:08:38.694249,GET,/api/mixed/db/1/,5.85,247,0,
2026-05-16T16:08:38.694797,GET,/api/mixed/db/1/,5.69,247,0,
2026-05-16T16:08:38.695217,GET,/api/mixed/db/1/,7.61,247,0,
2026-05-16T16:08:38.698084,GET,/api/mixed/pipeline/1/,5.32,82,0,
2026-05-16T16:08:38.737576,GET,/api/mixed/pipeline/1/,4.05,82,0,
2026-05-16T16:08:38.738055,GET,/api/mixed/pipeline/1/,3.35,82,0,
2026-05-16T16:08:38.748862,GET,/api/mixed/http/,109.43,55353,0,
2026-05-16T16:08:38.758329,GET,/api/mixed/pipeline/1/,3.2,82,0,
2026-05-16T16:08:38.774867,GET,/api/mixed/pipeline/1/,3.29,82,0,
2026-05-16T16:08:38.806609,GET,/api/mixed/db/1/,4.33,247,0,
2026-05-16T16:08:38.817199,GET,/api/mixed/http/,114.9,55353,0,
2026-05-16T16:08:38.819935,GET,/api/mixed/pipeline/1/,4.41,82,0,
2026-05-16T16:08:38.822975,GET,/api/mixed/db/1/,9.37,247,0,
2026-05-16T16:08:38.825552,GET,/api/mixed/http/,108.72,55353,0,
2026-05-16T16:08:38.834225,GET,/api/mixed/db/1/,4.35,247,0,
2026-05-16T16:08:38.839556,GET,/api/mixed/db/1/,3.96,247,0,
2026-05-16T16:08:38.847829,GET,/api/mixed/db/1/,5.84,247,0,
2026-05-16T16:08:38.848369,GET,/api/mixed/db/1/,3.87,247,0,
2026-05-16T16:08:38.853624,GET,/api/mixed/http/,108.3,55353,0,
2026-05-16T16:08:38.858878,GET,/api/mixed/pipeline/1/,3.06,82,0,
2026-05-16T16:08:38.865386,GET,/api/mixed/pipeline/1/,3.16,82,0,
2026-05-16T16:08:38.887855,GET,/api/mixed/pipeline/1/,3.0,82,0,
2026-05-16T16:08:38.905333,GET,/api/mixed/db/1/,4.25,247,0,
2026-05-16T16:08:38.911648,GET,/api/mixed/http/,107.81,55353,0,
2026-05-16T16:08:38.921187,GET,/api/mixed/pipeline/1/,3.16,82,0,
2026-05-16T16:08:38.925549,GET,/api/mixed/http/,116.38,55353,0,
2026-05-16T16:08:38.945292,GET,/api/mixed/db/1/,4.32,247,0,
2026-05-16T16:08:38.948772,GET,/api/mixed/pipeline/1/,4.99,82,0,
2026-05-16T16:08:38.950803,GET,/api/mixed/http/,108.2,55353,0,
2026-05-16T16:08:38.957298,GET,/api/mixed/db/1/,4.17,247,0,
2026-05-16T16:08:38.985197,GET,/api/mixed/http/,109.53,55353,0,
2026-05-16T16:08:38.986258,GET,/api/mixed/http/,109.07,55353,0,
2026-05-16T16:08:38.986880,GET,/api/mixed/http/,110.11,55353,0,
2026-05-16T16:08:38.988220,GET,/api/mixed/http/,108.02,55353,0,
2026-05-16T16:08:38.990327,GET,/api/mixed/db/1/,4.99,247,0,
2026-05-16T16:08:39.019438,GET,/api/mixed/pipeline/1/,3.32,82,0,
2026-05-16T16:08:39.025581,GET,/api/mixed/pipeline/1/,3.55,82,0,
2026-05-16T16:08:39.036220,GET,/api/mixed/db/1/,5.07,247,0,
2026-05-16T16:08:39.036713,GET,/api/mixed/db/1/,3.89,247,0,
2026-05-16T16:08:39.057309,GET,/api/mixed/http/,111.52,55353,0,
2026-05-16T16:08:39.063904,GET,/api/mixed/pipeline/1/,3.1,82,0,
2026-05-16T16:08:39.069184,GET,/api/mixed/http/,108.61,55353,0,
2026-05-16T16:08:39.070399,GET,/api/mixed/http/,110.87,55353,0,
2026-05-16T16:08:39.071532,GET,/api/mixed/db/1/,5.45,247,0,
2026-05-16T16:08:39.072708,GET,/api/mixed/pipeline/1/,4.82,82,0,
2026-05-16T16:08:39.074416,GET,/api/mixed/db/1/,4.96,247,0,
2026-05-16T16:08:39.076980,GET,/api/mixed/http/,107.74,55353,0,
2026-05-16T16:08:39.087406,GET,/api/mixed/db/1/,4.07,247,0,
2026-05-16T16:08:39.090118,GET,/api/mixed/http/,108.12,55353,0,
2026-05-16T16:08:39.112896,GET,/api/mixed/http/,109.34,55353,0,
2026-05-16T16:08:39.113432,GET,/api/mixed/http/,108.74,55353,0,
2026-05-16T16:08:39.113904,GET,/api/mixed/http/,109.73,55353,0,
2026-05-16T16:08:39.119968,GET,/api/mixed/pipeline/1/,3.88,82,0,
2026-05-16T16:08:39.132987,GET,/api/mixed/http/,108.22,55353,0,
2026-05-16T16:08:39.139410,GET,/api/mixed/http/,108.74,55353,0,
2026-05-16T16:08:39.142303,GET,/api/mixed/pipeline/1/,4.0,82,0,
2026-05-16T16:08:39.146619,GET,/api/mixed/db/1/,4.18,247,0,
2026-05-16T16:08:39.178337,GET,/api/mixed/http/,111.19,55353,0,
2026-05-16T16:08:39.196406,GET,/api/mixed/pipeline/1/,3.76,82,0,
2026-05-16T16:08:39.197915,GET,/api/mixed/db/1/,4.06,247,0,
2026-05-16T16:08:39.208912,GET,/api/mixed/pipeline/1/,3.39,82,0,
2026-05-16T16:08:39.209479,GET,/api/mixed/db/1/,5.33,247,0,
2026-05-16T16:08:39.211544,GET,/api/mixed/pipeline/1/,3.54,82,0,
2026-05-16T16:08:39.227452,GET,/api/mixed/http/,108.66,55353,0,
2026-05-16T16:08:39.240783,GET,/api/mixed/db/1/,4.08,247,0,
2026-05-16T16:08:39.247241,GET,/api/mixed/pipeline/1/,4.04,82,0,
2026-05-16T16:08:39.253147,GET,/api/mixed/pipeline/1/,2.7,82,0,
2026-05-16T16:08:39.272506,GET,/api/mixed/db/1/,5.14,247,0,
2026-05-16T16:08:39.286789,GET,/api/mixed/db/1/,6.0,247,0,
2026-05-16T16:08:39.289033,GET,/api/mixed/pipeline/1/,4.98,82,0,
2026-05-16T16:08:39.289427,GET,/api/mixed/pipeline/1/,4.84,82,0,
2026-05-16T16:08:39.309277,GET,/api/mixed/pipeline/1/,3.6,82,0,
2026-05-16T16:08:39.328131,GET,/api/mixed/http/,108.19,55353,0,
2026-05-16T16:08:39.351513,GET,/api/mixed/http/,107.83,55353,0,
2026-05-16T16:08:39.352874,GET,/api/mixed/http/,107.71,55353,0,
2026-05-16T16:08:39.362972,GET,/api/mixed/pipeline/1/,4.89,82,0,
2026-05-16T16:08:39.422122,GET,/api/mixed/http/,108.55,55353,0,
2026-05-16T16:08:39.438449,GET,/api/mixed/http/,108.02,55353,0,
2026-05-16T16:08:39.438864,GET,/api/mixed/db/1/,4.44,247,0,
2026-05-16T16:08:39.451164,GET,/api/mixed/pipeline/1/,3.63,82,0,
2026-05-16T16:08:39.458163,GET,/api/mixed/http/,108.11,55353,0,
2026-05-16T16:08:39.468659,GET,/api/mixed/pipeline/1/,3.47,82,0,
2026-05-16T16:08:39.469587,GET,/api/mixed/db/1/,5.14,247,0,
2026-05-16T16:08:39.471113,GET,/api/mixed/http/,109.76,55353,0,
2026-05-16T16:08:39.494537,GET,/api/mixed/pipeline/1/,3.06,82,0,
2026-05-16T16:08:39.499572,GET,/api/mixed/http/,108.84,55353,0,
2026-05-16T16:08:39.503810,GET,/api/mixed/pipeline/1/,5.17,82,0,
2026-05-16T16:08:39.506056,GET,/api/mixed/pipeline/1/,3.09,82,0,
2026-05-16T16:08:39.509811,GET,/api/mixed/http/,108.81,55353,0,
2026-05-16T16:08:39.536408,GET,/api/mixed/pipeline/1/,5.34,82,0,
2026-05-16T16:08:39.560787,GET,/api/mixed/http/,113.74,55353,0,
2026-05-16T16:08:39.561235,GET,/api/mixed/db/1/,5.62,247,0,
2026-05-16T16:08:39.562786,GET,/api/mixed/http/,108.32,55353,0,
2026-05-16T16:08:39.579458,GET,/api/mixed/pipeline/1/,5.93,82,0,
2026-05-16T16:08:39.582099,GET,/api/mixed/db/1/,6.76,247,0,
2026-05-16T16:08:39.583308,GET,/api/mixed/http/,114.51,55353,0,
2026-05-16T16:08:39.597996,GET,/api/mixed/db/1/,10.09,247,0,
2026-05-16T16:08:39.599462,GET,/api/mixed/db/1/,9.1,247,0,
2026-05-16T16:08:39.602045,GET,/api/mixed/pipeline/1/,5.17,82,0,
2026-05-16T16:08:39.602582,GET,/api/mixed/pipeline/1/,4.37,82,0,
2026-05-16T16:08:39.614684,GET,/api/mixed/http/,114.96,55353,0,
2026-05-16T16:08:39.615193,GET,/api/mixed/http/,113.9,55353,0,
2026-05-16T16:08:39.645182,GET,/api/mixed/http/,110.66,55353,0,
2026-05-16T16:08:39.650424,GET,/api/mixed/pipeline/1/,3.01,82,0,
2026-05-16T16:08:39.651367,GET,/api/mixed/http/,110.48,55353,0,
2026-05-16T16:08:39.653687,GET,/api/mixed/pipeline/1/,3.15,82,0,
2026-05-16T16:08:39.672322,GET,/api/mixed/http/,110.98,55353,0,
2026-05-16T16:08:39.688915,GET,/api/mixed/db/1/,4.37,247,0,
2026-05-16T16:08:39.695354,GET,/api/mixed/http/,111.85,55353,0,
2026-05-16T16:08:39.717768,GET,/api/mixed/pipeline/1/,4.96,82,0,
2026-05-16T16:08:39.719777,GET,/api/mixed/http/,112.84,55353,0,
2026-05-16T16:08:39.735344,GET,/api/mixed/pipeline/1/,3.14,82,0,
2026-05-16T16:08:39.761733,GET,/api/mixed/db/1/,5.37,247,0,
2026-05-16T16:08:39.764039,GET,/api/mixed/pipeline/1/,3.18,82,0,
2026-05-16T16:08:39.803017,GET,/api/mixed/http/,108.79,55353,0,
2026-05-16T16:08:39.819820,GET,/api/mixed/pipeline/1/,3.51,82,0,
2026-05-16T16:08:39.824646,GET,/api/mixed/http/,108.3,55353,0,
2026-05-16T16:08:39.827582,GET,/api/mixed/pipeline/1/,2.81,82,0,
2026-05-16T16:08:39.848814,GET,/api/mixed/http/,108.07,55353,0,
2026-05-16T16:08:39.851770,GET,/api/mixed/pipeline/1/,2.81,82,0,
2026-05-16T16:08:39.862470,GET,/api/mixed/pipeline/1/,3.32,82,0,
2026-05-16T16:08:39.865337,GET,/api/mixed/pipeline/1/,2.74,82,0,
2026-05-16T16:08:39.873178,GET,/api/mixed/pipeline/1/,3.03,82,0,
2026-05-16T16:08:39.874433,GET,/api/mixed/db/1/,4.75,247,0,
2026-05-16T16:08:39.879764,GET,/api/mixed/pipeline/1/,2.99,82,0,
2026-05-16T16:08:39.886017,GET,/api/mixed/db/1/,4.02,247,0,
2026-05-16T16:08:39.902313,GET,/api/mixed/http/,109.6,55353,0,
2026-05-16T16:08:39.903643,GET,/api/mixed/pipeline/1/,5.27,82,0,
2026-05-16T16:08:39.923530,GET,/api/mixed/pipeline/1/,2.99,82,0,
2026-05-16T16:08:39.923993,GET,/api/mixed/pipeline/1/,3.94,82,0,
2026-05-16T16:08:39.950703,GET,/api/mixed/db/1/,4.5,247,0,
2026-05-16T16:08:39.955516,GET,/api/mixed/pipeline/1/,2.78,82,0,
2026-05-16T16:08:39.997805,GET,/api/mixed/pipeline/1/,2.82,82,0,
2026-05-16T16:08:40.014056,GET,/api/mixed/db/1/,3.9,247,0,
2026-05-16T16:08:40.018117,GET,/api/mixed/pipeline/1/,2.78,82,0,
2026-05-16T16:08:40.020936,GET,/api/mixed/http/,108.76,55353,0,
2026-05-16T16:08:40.032183,GET,/api/mixed/pipeline/1/,2.86,82,0,
2026-05-16T16:08:40.043138,GET,/api/mixed/db/1/,4.69,247,0,
2026-05-16T16:08:40.043997,GET,/api/mixed/db/1/,4.96,247,0,
2026-05-16T16:08:40.058110,GET,/api/mixed/db/1/,3.95,247,0,
2026-05-16T16:08:40.058913,GET,/api/mixed/http/,109.15,55353,0,
2026-05-16T16:08:40.065300,GET,/api/mixed/http/,107.46,55353,0,
2026-05-16T16:08:40.069465,GET,/api/mixed/pipeline/1/,2.8,82,0,
2026-05-16T16:08:40.072203,GET,/api/mixed/pipeline/1/,2.63,82,0,
2026-05-16T16:08:40.094322,GET,/api/mixed/http/,108.09,55353,0,
2026-05-16T16:08:40.133817,GET,/api/mixed/pipeline/1/,3.0,82,0,
2026-05-16T16:08:40.142694,GET,/api/mixed/db/1/,4.54,247,0,
2026-05-16T16:08:40.145784,GET,/api/mixed/pipeline/1/,2.95,82,0,
2026-05-16T16:08:40.206554,GET,/api/mixed/pipeline/1/,3.47,82,0,
2026-05-16T16:08:40.210574,GET,/api/mixed/db/1/,4.93,247,0,
2026-05-16T16:08:40.225931,GET,/api/mixed/pipeline/1/,2.97,82,0,
2026-05-16T16:08:40.235594,GET,/api/mixed/db/1/,4.31,247,0,
2026-05-16T16:08:40.238900,GET,/api/mixed/db/1/,4.21,247,0,
2026-05-16T16:08:40.249752,GET,/api/mixed/db/1/,3.69,247,0,
2026-05-16T16:08:40.265725,GET,/api/mixed/db/1/,3.96,247,0,
2026-05-16T16:08:40.285437,GET,/api/mixed/db/1/,7.5,247,0,
2026-05-16T16:08:40.300402,GET,/api/mixed/db/1/,4.12,247,0,
2026-05-16T16:08:40.300811,GET,/api/mixed/db/1/,5.96,247,0,
2026-05-16T16:08:40.315382,GET,/api/mixed/db/1/,4.39,247,0,
2026-05-16T16:08:40.328329,GET,/api/mixed/db/1/,4.42,247,0,
2026-05-16T16:08:40.342611,GET,/api/mixed/pipeline/1/,3.21,82,0,
2026-05-16T16:08:40.346009,GET,/api/mixed/db/1/,4.23,247,0,
2026-05-16T16:08:40.355077,GET,/api/mixed/db/1/,4.13,247,0,
2026-05-16T16:08:40.359067,GET,/api/mixed/http/,109.2,55353,0,
2026-05-16T16:08:40.361957,GET,/api/mixed/http/,107.67,55353,0,
2026-05-16T16:08:40.362495,GET,/api/mixed/pipeline/1/,6.2,82,0,
2026-05-16T16:08:40.362869,GET,/api/mixed/pipeline/1/,6.12,82,0,
2026-05-16T16:08:40.363217,GET,/api/mixed/pipeline/1/,6.08,82,0,
2026-05-16T16:08:40.363570,GET,/api/mixed/pipeline/1/,4.37,82,0,
2026-05-16T16:08:40.391987,GET,/api/mixed/pipeline/1/,3.76,82,0,
2026-05-16T16:08:40.392429,GET,/api/mixed/pipeline/1/,4.73,82,0,
2026-05-16T16:08:40.392807,GET,/api/mixed/db/1/,4.21,247,0,
2026-05-16T16:08:40.396901,GET,/api/mixed/pipeline/1/,2.83,82,0,
2026-05-16T16:08:40.406923,GET,/api/mixed/pipeline/1/,2.65,82,0,
2026-05-16T16:08:40.413079,GET,/api/mixed/http/,107.97,55353,0,
2026-05-16T16:08:40.419560,GET,/api/mixed/http/,107.66,55353,0,
2026-05-16T16:08:40.429394,GET,/api/mixed/http/,108.76,55353,0,
2026-05-16T16:08:40.432261,GET,/api/mixed/http/,107.86,55353,0,
2026-05-16T16:08:40.443496,GET,/api/mixed/http/,107.81,55353,0,
2026-05-16T16:08:40.456206,GET,/api/mixed/http/,107.84,55353,0,
2026-05-16T16:08:40.462345,GET,/api/mixed/db/1/,3.89,247,0,
2026-05-16T16:08:40.466564,GET,/api/mixed/http/,108.94,55353,0,
2026-05-16T16:08:40.485441,GET,/api/mixed/http/,108.49,55353,0,
2026-05-16T16:08:40.493885,GET,/api/mixed/db/1/,4.11,247,0,
2026-05-16T16:08:40.497090,GET,/api/mixed/db/1/,4.25,247,0,
2026-05-16T16:08:40.497481,GET,/api/mixed/db/1/,5.09,247,0,
2026-05-16T16:08:40.512496,GET,/api/mixed/db/1/,3.8,247,0,
2026-05-16T16:08:40.535692,GET,/api/mixed/pipeline/1/,3.0,82,0,
2026-05-16T16:08:40.546257,GET,/api/mixed/http/,107.76,55353,0,
2026-05-16T16:08:40.565659,GET,/api/mixed/db/1/,4.03,247,0,
2026-05-16T16:08:40.570671,GET,/api/mixed/pipeline/1/,2.75,82,0,
2026-05-16T16:08:40.596645,GET,/api/mixed/db/1/,3.91,247,0,
2026-05-16T16:08:40.604863,GET,/api/mixed/db/1/,3.88,247,0,
2026-05-16T16:08:40.614847,GET,/api/mixed/db/1/,4.08,247,0,
2026-05-16T16:08:40.642202,GET,/api/mixed/pipeline/1/,3.63,82,0,
2026-05-16T16:08:40.642948,GET,/api/mixed/db/1/,5.67,247,0,
2026-05-16T16:08:40.643859,GET,/api/mixed/http/,108.06,55353,0,
2026-05-16T16:08:40.660150,GET,/api/mixed/pipeline/1/,3.04,82,0,
2026-05-16T16:08:40.665066,GET,/api/mixed/pipeline/1/,3.56,82,0,
2026-05-16T16:08:40.665479,GET,/api/mixed/db/1/,3.55,247,0,
2026-05-16T16:08:40.678243,GET,/api/mixed/http/,107.46,55353,0,
2026-05-16T16:08:40.686483,GET,/api/mixed/http/,108.28,55353,0,
2026-05-16T16:08:40.688431,GET,/api/mixed/db/1/,3.97,247,0,
2026-05-16T16:08:40.708386,GET,/api/mixed/pipeline/1/,3.12,82,0,
2026-05-16T16:08:40.709568,GET,/api/mixed/db/1/,4.9,247,0,
2026-05-16T16:08:40.728072,GET,/api/mixed/pipeline/1/,2.78,82,0,
2026-05-16T16:08:40.728714,GET,/api/mixed/db/1/,4.58,247,0,
2026-05-16T16:08:40.739093,GET,/api/mixed/http/,107.85,55353,0,
2026-05-16T16:08:40.741940,GET,/api/mixed/db/1/,4.04,247,0,
2026-05-16T16:08:40.747129,GET,/api/mixed/http/,110.33,55353,0,
2026-05-16T16:08:40.786148,GET,/api/mixed/pipeline/1/,3.0,82,0,
2026-05-16T16:08:40.788930,GET,/api/mixed/pipeline/1/,2.67,82,0,
2026-05-16T16:08:40.800136,GET,/api/mixed/db/1/,3.84,247,0,
2026-05-16T16:08:40.815064,GET,/api/mixed/db/1/,5.17,247,0,
2026-05-16T16:08:40.852617,GET,/api/mixed/pipeline/1/,3.17,82,0,
2026-05-16T16:08:40.858908,GET,/api/mixed/db/1/,3.84,247,0,
2026-05-16T16:08:40.861264,GET,/api/mixed/http/,107.76,55353,0,
2026-05-16T16:08:40.869641,GET,/api/mixed/http/,107.47,55353,0,
2026-05-16T16:08:40.880870,GET,/api/mixed/db/1/,3.97,247,0,
2026-05-16T16:08:40.882024,GET,/api/mixed/http/,108.9,55353,0,
2026-05-16T16:08:40.883696,GET,/api/mixed/http/,113.01,55353,0,
2026-05-16T16:08:40.885824,GET,/api/mixed/pipeline/1/,3.66,82,0,
2026-05-16T16:08:40.892832,GET,/api/mixed/pipeline/1/,2.71,82,0,
2026-05-16T16:08:40.909187,GET,/api/mixed/http/,107.7,55353,0,
2026-05-16T16:08:40.919375,GET,/api/mixed/http/,108.34,55353,0,
2026-05-16T16:08:40.919899,GET,/api/mixed/http/,108.47,55353,0,
2026-05-16T16:08:40.970571,GET,/api/mixed/http/,107.94,55353,0,
2026-05-16T16:08:40.993303,GET,/api/mixed/pipeline/1/,3.43,82,0,
2026-05-16T16:08:41.025614,GET,/api/mixed/db/1/,4.39,247,0,
2026-05-16T16:08:41.037450,GET,/api/mixed/db/1/,4.6,247,0,
2026-05-16T16:08:41.040273,GET,/api/mixed/pipeline/1/,3.85,82,0,
2026-05-16T16:08:41.041582,GET,/api/mixed/db/1/,3.98,247,0,
2026-05-16T16:08:41.046606,GET,/api/mixed/pipeline/1/,3.76,82,0,
2026-05-16T16:08:41.047235,GET,/api/mixed/db/1/,3.9,247,0,
2026-05-16T16:08:41.053517,GET,/api/mixed/pipeline/1/,2.99,82,0,
2026-05-16T16:08:41.061974,GET,/api/mixed/http/,108.81,55353,0,
2026-05-16T16:08:41.071712,GET,/api/mixed/pipeline/1/,4.92,82,0,
2026-05-16T16:08:41.074932,GET,/api/mixed/db/1/,5.36,247,0,
2026-05-16T16:08:41.080007,GET,/api/mixed/pipeline/1/,3.83,82,0,
2026-05-16T16:08:41.081462,GET,/api/mixed/db/1/,4.22,247,0,
2026-05-16T16:08:41.086966,GET,/api/mixed/http/,109.17,55353,0,
2026-05-16T16:08:41.111282,GET,/api/mixed/pipeline/1/,3.1,82,0,
2026-05-16T16:08:41.117160,GET,/api/mixed/http/,108.61,55353,0,
2026-05-16T16:08:41.132278,GET,/api/mixed/pipeline/1/,2.94,82,0,
2026-05-16T16:08:41.147640,GET,/api/mixed/db/1/,3.93,247,0,
2026-05-16T16:08:41.150825,GET,/api/mixed/db/1/,4.65,247,0,
2026-05-16T16:08:41.152927,GET,/api/mixed/pipeline/1/,3.24,82,0,
2026-05-16T16:08:41.154091,GET,/api/mixed/db/1/,4.84,247,0,
2026-05-16T16:08:41.165446,GET,/api/mixed/db/1/,4.13,247,0,
2026-05-16T16:08:41.172001,GET,/api/mixed/http/,108.75,55353,0,
2026-05-16T16:08:41.172475,GET,/api/mixed/pipeline/1/,2.69,82,0,
2026-05-16T16:08:41.172852,GET,/api/mixed/db/1/,5.15,247,0,
2026-05-16T16:08:41.173250,GET,/api/mixed/pipeline/1/,5.08,82,0,
2026-05-16T16:08:41.174046,GET,/api/mixed/http/,108.31,55353,0,
2026-05-16T16:08:41.179086,GET,/api/mixed/db/1/,3.83,247,0,
2026-05-16T16:08:41.235533,GET,/api/mixed/db/1/,3.99,247,0,
2026-05-16T16:08:41.240522,GET,/api/mixed/db/1/,3.63,247,0,
2026-05-16T16:08:41.251399,GET,/api/mixed/http/,108.72,55353,0,
2026-05-16T16:08:41.258657,GET,/api/mixed/pipeline/1/,2.9,82,0,
2026-05-16T16:08:41.290905,GET,/api/mixed/pipeline/1/,3.01,82,0,
2026-05-16T16:08:41.291578,GET,/api/mixed/http/,109.3,55353,0,
2026-05-16T16:08:41.306902,GET,/api/mixed/http/,107.92,55353,0,
2026-05-16T16:08:41.321334,GET,/api/mixed/http/,107.86,55353,0,
2026-05-16T16:08:41.324334,GET,/api/mixed/http/,108.17,55353,0,
2026-05-16T16:08:41.338255,GET,/api/mixed/pipeline/1/,4.03,82,0,
2026-05-16T16:08:41.339304,GET,/api/mixed/db/1/,5.62,247,0,
2026-05-16T16:08:41.348391,GET,/api/mixed/db/1/,3.84,247,0,
2026-05-16T16:08:41.359281,GET,/api/mixed/http/,109.59,55353,0,
2026-05-16T16:08:41.361123,GET,/api/mixed/db/1/,4.55,247,0,
2026-05-16T16:08:41.362270,GET,/api/mixed/pipeline/1/,2.86,82,0,
2026-05-16T16:08:41.381344,GET,/api/mixed/pipeline/1/,3.35,82,0,
2026-05-16T16:08:41.383666,GET,/api/mixed/pipeline/1/,3.19,82,0,
2026-05-16T16:08:41.424903,GET,/api/mixed/db/1/,4.27,247,0,
2026-05-16T16:08:41.442816,GET,/api/mixed/http/,108.19,55353,0,
2026-05-16T16:08:41.448912,GET,/api/mixed/pipeline/1/,2.84,82,0,
2026-05-16T16:08:41.472599,GET,/api/mixed/db/1/,4.48,247,0,
2026-05-16T16:08:41.474232,GET,/api/mixed/http/,107.77,55353,0,
2026-05-16T16:08:41.498947,GET,/api/mixed/db/1/,4.27,247,0,
2026-05-16T16:08:41.516801,GET,/api/mixed/http/,111.89,55353,0,
2026-05-16T16:08:41.533864,GET,/api/mixed/http/,107.55,55353,0,
2026-05-16T16:08:41.534403,GET,/api/mixed/pipeline/1/,2.84,82,0,
2026-05-16T16:08:41.537116,GET,/api/mixed/pipeline/1/,2.61,82,0,
2026-05-16T16:08:41.556245,GET,/api/mixed/pipeline/1/,3.78,82,0,
2026-05-16T16:08:41.580233,GET,/api/mixed/http/,108.81,55353,0,
2026-05-16T16:08:41.580919,GET,/api/mixed/http/,110.03,55353,0,
2026-05-16T16:08:41.587787,GET,/api/mixed/pipeline/1/,2.91,82,0,
2026-05-16T16:08:41.598854,GET,/api/mixed/db/1/,3.84,247,0,
2026-05-16T16:08:41.609747,GET,/api/mixed/http/,107.48,55353,0,
2026-05-16T16:08:41.621823,GET,/api/mixed/db/1/,3.87,247,0,
2026-05-16T16:08:41.628590,GET,/api/mixed/db/1/,3.96,247,0,
2026-05-16T16:08:41.630872,GET,/api/mixed/http/,109.82,55353,0,
2026-05-16T16:08:41.649056,GET,/api/mixed/pipeline/1/,2.95,82,0,
2026-05-16T16:08:41.661135,GET,/api/mixed/http/,107.59,55353,0,
2026-05-16T16:08:41.677295,GET,/api/mixed/db/1/,4.43,247,0,
2026-05-16T16:08:41.681281,GET,/api/mixed/pipeline/1/,3.34,82,0,
2026-05-16T16:08:41.688019,GET,/api/mixed/http/,108.86,55353,0,
2026-05-16T16:08:41.693042,GET,/api/mixed/pipeline/1/,2.74,82,0,
2026-05-16T16:08:41.704754,GET,/api/mixed/db/1/,4.33,247,0,
2026-05-16T16:08:41.720079,GET,/api/mixed/pipeline/1/,3.33,82,0,
2026-05-16T16:08:41.720735,GET,/api/mixed/pipeline/1/,4.47,82,0,
2026-05-16T16:08:41.732740,GET,/api/mixed/http/,108.56,55353,0,
2026-05-16T16:08:41.738692,GET,/api/mixed/pipeline/1/,2.97,82,0,
2026-05-16T16:08:41.739996,GET,/api/mixed/db/1/,4.72,247,0,
2026-05-16T16:08:41.761571,GET,/api/mixed/http/,109.14,55353,0,
2026-05-16T16:08:41.769673,GET,/api/mixed/db/1/,3.92,247,0,
2026-05-16T16:08:41.770698,GET,/api/mixed/http/,108.37,55353,0,
2026-05-16T16:08:41.774107,GET,/api/mixed/db/1/,4.28,247,0,
2026-05-16T16:08:41.785335,GET,/api/mixed/http/,108.9,55353,0,
2026-05-16T16:08:41.809109,GET,/api/mixed/http/,107.68,55353,0,
2026-05-16T16:08:41.811892,GET,/api/mixed/http/,108.04,55353,0,
2026-05-16T16:08:41.817609,GET,/api/mixed/pipeline/1/,3.35,82,0,
2026-05-16T16:08:41.832827,GET,/api/mixed/db/1/,4.17,247,0,
2026-05-16T16:08:41.834146,GET,/api/mixed/http/,110.08,55353,0,
2026-05-16T16:08:41.835884,GET,/api/mixed/http/,108.07,55353,0,
2026-05-16T16:08:41.840042,GET,/api/mixed/http/,108.5,55353,0,
2026-05-16T16:08:41.864277,GET,/api/mixed/http/,109.66,55353,0,
2026-05-16T16:08:41.866735,GET,/api/mixed/http/,108.06,55353,0,
2026-05-16T16:08:41.879497,GET,/api/mixed/pipeline/1/,3.48,82,0,
2026-05-16T16:08:41.896878,GET,/api/mixed/http/,110.11,55353,0,
2026-05-16T16:08:41.899115,GET,/api/mixed/pipeline/1/,5.4,82,0,
2026-05-16T16:08:41.899657,GET,/api/mixed/pipeline/1/,4.95,82,0,
2026-05-16T16:08:41.900988,GET,/api/mixed/db/1/,8.22,247,0,
2026-05-16T16:08:41.902271,GET,/api/mixed/http/,108.03,55353,0,
2026-05-16T16:08:41.930720,GET,/api/mixed/http/,114.01,55353,0,
2026-05-16T16:08:41.931376,GET,/api/mixed/db/1/,5.59,247,0,
2026-05-16T16:08:41.932261,GET,/api/mixed/http/,110.98,55353,0,
2026-05-16T16:08:41.953462,GET,/api/mixed/db/1/,4.06,247,0,
2026-05-16T16:08:41.959430,GET,/api/mixed/pipeline/1/,3.28,82,0,
2026-05-16T16:08:41.960638,GET,/api/mixed/db/1/,4.98,247,0,
2026-05-16T16:08:41.971360,GET,/api/mixed/pipeline/1/,3.47,82,0,
2026-05-16T16:08:41.971789,GET,/api/mixed/pipeline/1/,3.41,82,0,
2026-05-16T16:08:42.006581,GET,/api/mixed/http/,113.27,55353,0,
2026-05-16T16:08:42.021505,GET,/api/mixed/db/1/,4.64,247,0,
2026-05-16T16:08:42.024425,GET,/api/mixed/pipeline/1/,3.83,82,0,
2026-05-16T16:08:42.028315,GET,/api/mixed/db/1/,4.74,247,0,
2026-05-16T16:08:42.038489,GET,/api/mixed/http/,109.04,55353,0,
2026-05-16T16:08:42.053566,GET,/api/mixed/http/,109.92,55353,0,
2026-05-16T16:08:42.055427,GET,/api/mixed/http/,110.55,55353,0,
2026-05-16T16:08:42.057206,GET,/api/mixed/db/1/,6.43,247,0,
2026-05-16T16:08:42.060117,GET,/api/mixed/pipeline/1/,4.49,82,0,
2026-05-16T16:08:42.081663,GET,/api/mixed/pipeline/1/,4.13,82,0,
2026-05-16T16:08:42.085416,GET,/api/mixed/http/,109.37,55353,0,
2026-05-16T16:08:42.086592,GET,/api/mixed/db/1/,4.75,247,0,
2026-05-16T16:08:42.109171,GET,/api/mixed/db/1/,4.28,247,0,
2026-05-16T16:08:42.132719,GET,/api/mixed/db/1/,4.04,247,0,
2026-05-16T16:08:42.135230,GET,/api/mixed/http/,107.89,55353,0,
2026-05-16T16:08:42.136158,GET,/api/mixed/db/1/,4.81,247,0,
2026-05-16T16:08:42.140854,GET,/api/mixed/db/1/,5.48,247,0,
2026-05-16T16:08:42.152301,GET,/api/mixed/db/1/,4.16,247,0,
2026-05-16T16:08:42.164256,GET,/api/mixed/http/,110.5,55353,0,
2026-05-16T16:08:42.167497,GET,/api/mixed/http/,108.4,55353,0,
2026-05-16T16:08:42.178668,GET,/api/mixed/http/,107.88,55353,0,
2026-05-16T16:08:42.192778,GET,/api/mixed/pipeline/1/,2.89,82,0,
2026-05-16T16:08:42.194260,GET,/api/mixed/http/,108.7,55353,0,
2026-05-16T16:08:42.213285,GET,/api/mixed/db/1/,4.79,247,0,
2026-05-16T16:08:42.229886,GET,/api/mixed/db/1/,5.29,247,0,
2026-05-16T16:08:42.244623,GET,/api/mixed/pipeline/1/,3.24,82,0,
2026-05-16T16:08:42.251670,GET,/api/mixed/pipeline/1/,4.17,82,0,
2026-05-16T16:08:42.259836,GET,/api/mixed/db/1/,3.94,247,0,
2026-05-16T16:08:42.261482,GET,/api/mixed/http/,107.82,55353,0,
2026-05-16T16:08:42.271561,GET,/api/mixed/http/,108.34,55353,0,
2026-05-16T16:08:42.273745,GET,/api/mixed/db/1/,4.02,247,0,
2026-05-16T16:08:42.295972,GET,/api/mixed/pipeline/1/,3.39,82,0,
2026-05-16T16:08:42.309052,GET,/api/mixed/db/1/,4.82,247,0,
2026-05-16T16:08:42.311354,GET,/api/mixed/pipeline/1/,4.72,82,0,
2026-05-16T16:08:42.338299,GET,/api/mixed/pipeline/1/,3.53,82,0,
2026-05-16T16:08:42.368276,GET,/api/mixed/pipeline/1/,3.29,82,0,
2026-05-16T16:08:42.386407,GET,/api/mixed/http/,109.33,55353,0,
2026-05-16T16:08:42.389283,GET,/api/mixed/pipeline/1/,2.75,82,0,
2026-05-16T16:08:42.393805,GET,/api/mixed/pipeline/1/,3.15,82,0,
2026-05-16T16:08:42.401602,GET,/api/mixed/http/,107.96,55353,0,
2026-05-16T16:08:42.428136,GET,/api/mixed/pipeline/1/,3.17,82,0,
2026-05-16T16:08:42.436386,GET,/api/mixed/pipeline/1/,2.88,82,0,
2026-05-16T16:08:42.440029,GET,/api/mixed/http/,108.18,55353,0,
2026-05-16T16:08:42.450859,GET,/api/mixed/http/,108.35,55353,0,
2026-05-16T16:08:42.487664,GET,/api/mixed/db/1/,4.82,247,0,
2026-05-16T16:08:42.497442,GET,/api/mixed/db/1/,8.5,247,0,
2026-05-16T16:08:42.501136,GET,/api/mixed/http/,109.58,55353,0,
2026-05-16T16:08:42.502507,GET,/api/mixed/db/1/,3.82,247,0,
2026-05-16T16:08:42.518609,GET,/api/mixed/pipeline/1/,3.7,82,0,
2026-05-16T16:08:42.520029,GET,/api/mixed/db/1/,4.61,247,0,
2026-05-16T16:08:42.528728,GET,/api/mixed/pipeline/1/,3.89,82,0,
2026-05-16T16:08:42.529689,GET,/api/mixed/pipeline/1/,3.87,82,0,
2026-05-16T16:08:42.530299,GET,/api/mixed/db/1/,5.95,247,0,
2026-05-16T16:08:42.550693,GET,/api/mixed/pipeline/1/,2.96,82,0,
2026-05-16T16:08:42.559731,GET,/api/mixed/db/1/,3.7,247,0,
2026-05-16T16:08:42.563564,GET,/api/mixed/db/1/,3.72,247,0,
2026-05-16T16:08:42.568012,GET,/api/mixed/http/,107.79,55353,0,
2026-05-16T16:08:42.578171,GET,/api/mixed/db/1/,3.95,247,0,
2026-05-16T16:08:42.599643,GET,/api/mixed/pipeline/1/,3.7,82,0,
2026-05-16T16:08:42.600297,GET,/api/mixed/pipeline/1/,3.18,82,0,
2026-05-16T16:08:42.601771,GET,/api/mixed/db/1/,3.64,247,0,
2026-05-16T16:08:42.637206,GET,/api/mixed/http/,108.35,55353,0,
2026-05-16T16:08:42.643526,GET,/api/mixed/http/,108.42,55353,0,
2026-05-16T16:08:42.655350,GET,/api/mixed/pipeline/1/,3.06,82,0,
2026-05-16T16:08:42.673897,GET,/api/mixed/pipeline/1/,3.26,82,0,
2026-05-16T16:08:42.678044,GET,/api/mixed/pipeline/1/,2.79,82,0,
2026-05-16T16:08:42.686106,GET,/api/mixed/http/,109.43,55353,0,
2026-05-16T16:08:42.688551,GET,/api/mixed/db/1/,5.25,247,0,
2026-05-16T16:08:42.692216,GET,/api/mixed/db/1/,4.77,247,0,
2026-05-16T16:08:42.715163,GET,/api/mixed/db/1/,3.98,247,0,
2026-05-16T16:08:42.740821,GET,/api/mixed/db/1/,7.8,247,0,
2026-05-16T16:08:42.747878,GET,/api/mixed/pipeline/1/,3.7,82,0,
2026-05-16T16:08:42.750275,GET,/api/mixed/http/,107.79,55353,0,
2026-05-16T16:08:42.771730,GET,/api/mixed/pipeline/1/,3.09,82,0,
2026-05-16T16:08:42.782282,GET,/api/mixed/db/1/,5.33,247,0,
2026-05-16T16:08:42.792166,GET,/api/mixed/http/,107.84,55353,0,
2026-05-16T16:08:42.799391,GET,/api/mixed/http/,108.24,55353,0,
2026-05-16T16:08:42.815496,GET,/api/mixed/http/,108.1,55353,0,
2026-05-16T16:08:42.824237,GET,/api/mixed/db/1/,3.91,247,0,
2026-05-16T16:08:42.825861,GET,/api/mixed/http/,108.51,55353,0,
2026-05-16T16:08:42.836601,GET,/api/mixed/db/1/,3.92,247,0,
2026-05-16T16:08:42.837007,GET,/api/mixed/db/1/,4.81,247,0,
2026-05-16T16:08:42.870257,GET,/api/mixed/pipeline/1/,2.9,82,0,
2026-05-16T16:08:42.878872,GET,/api/mixed/pipeline/1/,3.25,82,0,
2026-05-16T16:08:42.900196,GET,/api/mixed/pipeline/1/,4.09,82,0,
2026-05-16T16:08:42.906116,GET,/api/mixed/pipeline/1/,5.78,82,0,
2026-05-16T16:08:42.906896,GET,/api/mixed/db/1/,6.08,247,0,
2026-05-16T16:08:42.924888,GET,/api/mixed/http/,108.02,55353,0,
2026-05-16T16:08:42.925938,GET,/api/mixed/pipeline/1/,3.65,82,0,
2026-05-16T16:08:42.926814,GET,/api/mixed/db/1/,4.03,247,0,
2026-05-16T16:08:42.933288,GET,/api/mixed/pipeline/1/,3.15,82,0,
2026-05-16T16:08:42.954166,GET,/api/mixed/http/,107.85,55353,0,
2026-05-16T16:08:42.957686,GET,/api/mixed/http/,107.72,55353,0,
2026-05-16T16:08:42.960439,GET,/api/mixed/pipeline/1/,3.79,82,0,
2026-05-16T16:08:42.960945,GET,/api/mixed/db/1/,5.51,247,0,
2026-05-16T16:08:42.961541,GET,/api/mixed/pipeline/1/,3.35,82,0,
2026-05-16T16:08:42.964401,GET,/api/mixed/db/1/,5.32,247,0,
2026-05-16T16:08:42.967317,GET,/api/mixed/http/,107.83,55353,0,
2026-05-16T16:08:42.985844,GET,/api/mixed/pipeline/1/,6.66,82,0,
2026-05-16T16:08:42.988854,GET,/api/mixed/http/,110.89,55353,0,
2026-05-16T16:08:42.997815,GET,/api/mixed/pipeline/1/,3.64,82,0,
2026-05-16T16:08:43.010626,GET,/api/mixed/http/,109.31,55353,0,
2026-05-16T16:08:43.029090,GET,/api/mixed/db/1/,5.16,247,0,
2026-05-16T16:08:43.033863,GET,/api/mixed/db/1/,3.81,247,0,
2026-05-16T16:08:43.039861,GET,/api/mixed/http/,108.29,55353,0,
2026-05-16T16:08:43.048635,GET,/api/mixed/http/,107.96,55353,0,
2026-05-16T16:08:43.049855,GET,/api/mixed/db/1/,3.81,247,0,
2026-05-16T16:08:43.052064,GET,/api/mixed/http/,108.33,55353,0,
2026-05-16T16:08:43.052532,GET,/api/mixed/http/,109.24,55353,0,
2026-05-16T16:08:43.065025,GET,/api/mixed/db/1/,4.13,247,0,
2026-05-16T16:08:43.087110,GET,/api/mixed/http/,108.41,55353,0,
2026-05-16T16:08:43.093261,GET,/api/mixed/db/1/,3.76,247,0,
2026-05-16T16:08:43.132124,GET,/api/mixed/pipeline/1/,3.01,82,0,
2026-05-16T16:08:43.132732,GET,/api/mixed/http/,107.69,55353,0,
2026-05-16T16:08:43.133325,GET,/api/mixed/db/1/,4.65,247,0,
2026-05-16T16:08:43.136998,GET,/api/mixed/http/,108.83,55353,0,
2026-05-16T16:08:43.167736,GET,/api/mixed/pipeline/1/,2.98,82,0,
2026-05-16T16:08:43.181527,GET,/api/mixed/db/1/,4.56,247,0,
2026-05-16T16:08:43.182018,GET,/api/mixed/db/1/,5.46,247,0,
2026-05-16T16:08:43.202181,GET,/api/mixed/http/,107.7,55353,0,
2026-05-16T16:08:43.210245,GET,/api/mixed/pipeline/1/,2.71,82,0,
2026-05-16T16:08:43.221739,GET,/api/mixed/db/1/,3.72,247,0,
2026-05-16T16:08:43.232508,GET,/api/mixed/http/,111.35,55353,0,
2026-05-16T16:08:43.242465,GET,/api/mixed/http/,107.91,55353,0,
2026-05-16T16:08:43.259725,GET,/api/mixed/http/,109.43,55353,0,
2026-05-16T16:08:43.264915,GET,/api/mixed/db/1/,3.91,247,0,
2026-05-16T16:08:43.271196,GET,/api/mixed/db/1/,4.04,247,0,
2026-05-16T16:08:43.285338,GET,/api/mixed/http/,109.25,55353,0,
2026-05-16T16:08:43.288934,GET,/api/mixed/http/,108.83,55353,0,
2026-05-16T16:08:43.289372,GET,/api/mixed/db/1/,3.91,247,0,
2026-05-16T16:08:43.308321,GET,/api/mixed/http/,109.57,55353,0,
2026-05-16T16:08:43.316793,GET,/api/mixed/pipeline/1/,3.5,82,0,
2026-05-16T16:08:43.317563,GET,/api/mixed/db/1/,4.86,247,0,
2026-05-16T16:08:43.319887,GET,/api/mixed/http/,108.31,55353,0,
2026-05-16T16:08:43.320406,GET,/api/mixed/http/,110.06,55353,0,
2026-05-16T16:08:43.328456,GET,/api/mixed/pipeline/1/,3.77,82,0,
2026-05-16T16:08:43.329751,GET,/api/mixed/db/1/,4.02,247,0,
2026-05-16T16:08:43.339534,GET,/api/mixed/http/,111.26,55353,0,
2026-05-16T16:08:43.340064,GET,/api/mixed/http/,109.18,55353,0,
2026-05-16T16:08:43.346280,GET,/api/mixed/pipeline/1/,2.86,82,0,
2026-05-16T16:08:43.372140,GET,/api/mixed/pipeline/1/,3.67,82,0,
2026-05-16T16:08:43.375803,GET,/api/mixed/db/1/,4.6,247,0,
2026-05-16T16:08:43.399433,GET,/api/mixed/db/1/,4.25,247,0,
2026-05-16T16:08:43.423955,GET,/api/mixed/pipeline/1/,3.14,82,0,
2026-05-16T16:08:43.439648,GET,/api/mixed/db/1/,4.23,247,0,
2026-05-16T16:08:43.441204,GET,/api/mixed/http/,108.12,55353,0,
2026-05-16T16:08:43.447578,GET,/api/mixed/db/1/,3.97,247,0,
2026-05-16T16:08:43.453664,GET,/api/mixed/db/1/,3.81,247,0,
2026-05-16T16:08:43.482240,GET,/api/mixed/pipeline/1/,4.29,82,0,
2026-05-16T16:08:43.482935,GET,/api/mixed/db/1/,8.06,247,0,
2026-05-16T16:08:43.483447,GET,/api/mixed/http/,111.11,55353,0,
2026-05-16T16:08:43.483834,GET,/api/mixed/db/1/,6.61,247,0,
2026-05-16T16:08:43.489381,GET,/api/mixed/db/1/,5.45,247,0,
2026-05-16T16:08:43.526369,GET,/api/mixed/db/1/,5.1,247,0,
2026-05-16T16:08:43.547860,GET,/api/mixed/http/,109.68,55353,0,
2026-05-16T16:08:43.564181,GET,/api/mixed/http/,108.12,55353,0,
2026-05-16T16:08:43.600851,GET,/api/mixed/http/,111.12,55353,0,
2026-05-16T16:08:43.625989,GET,/api/mixed/pipeline/1/,7.28,82,0,
2026-05-16T16:08:43.641765,GET,/api/mixed/pipeline/1/,5.04,82,0,
2026-05-16T16:08:43.643454,GET,/api/mixed/http/,109.76,55353,0,
2026-05-16T16:08:43.646306,GET,/api/mixed/db/1/,6.6,247,0,
2026-05-16T16:08:43.710268,GET,/api/mixed/db/1/,5.6,247,0,
2026-05-16T16:08:43.734722,GET,/api/mixed/http/,114.76,55353,0,
2026-05-16T16:08:43.737146,GET,/api/mixed/pipeline/1/,5.0,82,0,
2026-05-16T16:08:43.739058,GET,/api/mixed/http/,110.57,55353,0,
2026-05-16T16:08:43.747525,GET,/api/mixed/http/,112.83,55353,0,
2026-05-16T16:08:43.748241,GET,/api/mixed/http/,114.47,55353,0,
2026-05-16T16:08:43.753079,GET,/api/mixed/http/,109.45,55353,0,
2026-05-16T16:08:43.767084,GET,/api/mixed/db/1/,5.14,247,0,
2026-05-16T16:08:43.799970,GET,/api/mixed/db/1/,5.33,247,0,
2026-05-16T16:08:43.802046,GET,/api/mixed/db/1/,4.67,247,0,
2026-05-16T16:08:43.809227,GET,/api/mixed/pipeline/1/,2.94,82,0,
2026-05-16T16:08:43.818783,GET,/api/mixed/http/,109.65,55353,0,
2026-05-16T16:08:43.863872,GET,/api/mixed/http/,108.55,55353,0,
2026-05-16T16:08:43.872909,GET,/api/mixed/pipeline/1/,3.79,82,0,
2026-05-16T16:08:43.882638,GET,/api/mixed/http/,109.32,55353,0,
2026-05-16T16:08:43.884378,GET,/api/mixed/http/,108.31,55353,0,
2026-05-16T16:08:43.895085,GET,/api/mixed/db/1/,6.31,247,0,
2026-05-16T16:08:43.898323,GET,/api/mixed/pipeline/1/,5.0,82,0,
2026-05-16T16:08:43.916996,GET,/api/mixed/pipeline/1/,7.48,82,0,
2026-05-16T16:08:43.921249,GET,/api/mixed/pipeline/1/,8.59,82,0,
2026-05-16T16:08:43.930782,GET,/api/mixed/http/,110.69,55353,0,
2026-05-16T16:08:43.947294,GET,/api/mixed/http/,109.52,55353,0,
2026-05-16T16:08:43.954815,GET,/api/mixed/pipeline/1/,3.23,82,0,
2026-05-16T16:08:43.975133,GET,/api/mixed/db/1/,8.73,247,0,
2026-05-16T16:08:43.975848,GET,/api/mixed/http/,114.3,55353,0,
2026-05-16T16:08:43.980786,GET,/api/mixed/pipeline/1/,7.71,82,0,
2026-05-16T16:08:43.986847,GET,/api/mixed/pipeline/1/,5.87,82,0,
2026-05-16T16:08:43.987990,GET,/api/mixed/db/1/,10.26,247,0,
2026-05-16T16:08:43.991877,GET,/api/mixed/pipeline/1/,6.73,82,0,
2026-05-16T16:08:43.992660,GET,/api/mixed/pipeline/1/,8.1,82,0,
2026-05-16T16:08:44.003410,GET,/api/mixed/pipeline/1/,3.57,82,0,
2026-05-16T16:08:44.018208,GET,/api/mixed/http/,111.58,55353,0,
2026-05-16T16:08:44.020812,GET,/api/mixed/http/,112.3,55353,0,
2026-05-16T16:08:44.023169,GET,/api/mixed/db/1/,6.45,247,0,
2026-05-16T16:08:44.029736,GET,/api/mixed/http/,112.45,55353,0,
2026-05-16T16:08:44.033256,GET,/api/mixed/http/,108.64,55353,0,
2026-05-16T16:08:44.044221,GET,/api/mixed/http/,109.21,55353,0,
2026-05-16T16:08:44.069745,GET,/api/mixed/db/1/,5.89,247,0,
2026-05-16T16:08:44.104344,GET,/api/mixed/pipeline/1/,34.39,82,0,
2026-05-16T16:08:44.105551,GET,/api/mixed/pipeline/1/,34.94,82,0,
2026-05-16T16:08:44.112520,GET,/api/mixed/http/,119.65,55353,0,
2026-05-16T16:08:44.121431,GET,/api/mixed/pipeline/1/,27.74,82,0,
2026-05-16T16:08:44.126959,GET,/api/mixed/db/1/,25.7,247,0,
2026-05-16T16:08:44.131185,GET,/api/mixed/pipeline/1/,18.38,82,0,
2026-05-16T16:08:44.132241,GET,/api/mixed/db/1/,33.81,247,0,
2026-05-16T16:08:44.133298,GET,/api/mixed/db/1/,24.23,247,0,
2026-05-16T16:08:44.135065,GET,/api/mixed/pipeline/1/,39.94,82,0,
2026-05-16T16:08:44.159170,GET,/api/mixed/pipeline/1/,44.81,82,0,
2026-05-16T16:08:44.162301,GET,/api/mixed/http/,143.88,55353,0,
2026-05-16T16:08:44.168959,GET,/api/mixed/pipeline/1/,15.0,82,0,
2026-05-16T16:08:44.170274,GET,/api/mixed/pipeline/1/,10.73,82,0,
2026-05-16T16:08:44.171543,GET,/api/mixed/http/,118.98,55353,0,
2026-05-16T16:08:44.172764,GET,/api/mixed/pipeline/1/,25.09,82,0,
2026-05-16T16:08:44.177030,GET,/api/mixed/http/,116.45,55353,0,
2026-05-16T16:08:44.186623,GET,/api/mixed/pipeline/1/,6.23,82,0,
2026-05-16T16:08:44.187452,GET,/api/mixed/pipeline/1/,6.38,82,0,
2026-05-16T16:08:44.195082,GET,/api/mixed/db/1/,11.68,247,0,
2026-05-16T16:08:44.197535,GET,/api/mixed/pipeline/1/,11.99,82,0,
2026-05-16T16:08:44.199196,GET,/api/mixed/pipeline/1/,7.17,82,0,
2026-05-16T16:08:44.203894,GET,/api/mixed/pipeline/1/,4.53,82,0,
2026-05-16T16:08:44.206874,GET,/api/mixed/db/1/,5.88,247,0,
2026-05-16T16:08:44.224961,GET,/api/mixed/pipeline/1/,13.28,82,0,
2026-05-16T16:08:44.226707,GET,/api/mixed/pipeline/1/,10.7,82,0,
2026-05-16T16:08:44.229304,GET,/api/mixed/http/,131.86,55353,0,
2026-05-16T16:08:44.234114,GET,/api/mixed/http/,137.73,55353,0,
2026-05-16T16:08:44.235925,GET,/api/mixed/pipeline/1/,6.29,82,0,
2026-05-16T16:08:44.247189,GET,/api/mixed/db/1/,4.93,247,0,
2026-05-16T16:08:44.256561,GET,/api/mixed/pipeline/1/,5.05,82,0,
2026-05-16T16:08:44.262736,GET,/api/mixed/db/1/,7.83,247,0,
2026-05-16T16:08:44.267347,GET,/api/mixed/http/,139.21,55353,0,
2026-05-16T16:08:44.278250,GET,/api/mixed/pipeline/1/,6.51,82,0,
2026-05-16T16:08:44.281332,GET,/api/mixed/pipeline/1/,5.13,82,0,
2026-05-16T16:08:44.283217,GET,/api/mixed/db/1/,6.13,247,0,
2026-05-16T16:08:44.288749,GET,/api/mixed/db/1/,6.64,247,0,
2026-05-16T16:08:44.292575,GET,/api/mixed/http/,113.07,55353,0,
2026-05-16T16:08:44.302738,GET,/api/mixed/pipeline/1/,3.49,82,0,
2026-05-16T16:08:44.305401,GET,/api/mixed/http/,116.97,55353,0,
2026-05-16T16:08:44.306352,GET,/api/mixed/http/,116.09,55353,0,
2026-05-16T16:08:44.309540,GET,/api/mixed/http/,111.55,55353,0,
2026-05-16T16:08:44.317460,GET,/api/mixed/db/1/,4.69,247,0,
2026-05-16T16:08:44.337861,GET,/api/mixed/http/,117.36,55353,0,
2026-05-16T16:08:44.354381,GET,/api/mixed/db/1/,7.14,247,0,
2026-05-16T16:08:44.366338,GET,/api/mixed/pipeline/1/,6.65,82,0,
2026-05-16T16:08:44.375962,GET,/api/mixed/pipeline/1/,4.31,82,0,
2026-05-16T16:08:44.386759,GET,/api/mixed/db/1/,7.63,247,0,
2026-05-16T16:08:44.388222,GET,/api/mixed/http/,114.92,55353,0,
2026-05-16T16:08:44.399927,GET,/api/mixed/http/,108.75,55353,0,
2026-05-16T16:08:44.442431,GET,/api/mixed/http/,109.72,55353,0,
2026-05-16T16:08:44.460096,GET,/api/mixed/pipeline/1/,8.63,82,0,
2026-05-16T16:08:44.461741,GET,/api/mixed/db/1/,11.92,247,0,
2026-05-16T16:08:44.462672,GET,/api/mixed/http/,114.16,55353,0,
2026-05-16T16:08:44.474987,GET,/api/mixed/http/,112.6,55353,0,
2026-05-16T16:08:44.489471,GET,/api/mixed/http/,112.15,55353,0,
2026-05-16T16:08:44.489960,GET,/api/mixed/http/,110.36,55353,0,
2026-05-16T16:08:44.493922,GET,/api/mixed/pipeline/1/,2.67,82,0,
2026-05-16T16:08:44.494394,GET,/api/mixed/db/1/,4.33,247,0,
2026-05-16T16:08:44.501168,GET,/api/mixed/http/,109.58,55353,0,
2026-05-16T16:08:44.501807,GET,/api/mixed/http/,109.23,55353,0,
2026-05-16T16:08:44.518270,GET,/api/mixed/db/1/,6.16,247,0,
2026-05-16T16:08:44.527726,GET,/api/mixed/db/1/,5.39,247,0,
2026-05-16T16:08:44.528243,GET,/api/mixed/db/1/,6.63,247,0,
2026-05-16T16:08:44.552893,GET,/api/mixed/http/,119.47,55353,0,
2026-05-16T16:08:44.556800,GET,/api/mixed/pipeline/1/,7.78,82,0,
2026-05-16T16:08:44.558451,GET,/api/mixed/db/1/,7.14,247,0,
2026-05-16T16:08:44.561169,GET,/api/mixed/db/1/,5.67,247,0,
2026-05-16T16:08:44.572607,GET,/api/mixed/http/,112.32,55353,0,
2026-05-16T16:08:44.576277,GET,/api/mixed/http/,111.78,55353,0,
2026-05-16T16:08:44.582823,GET,/api/mixed/db/1/,7.87,247,0,
2026-05-16T16:08:44.595680,GET,/api/mixed/pipeline/1/,5.42,82,0,
2026-05-16T16:08:44.608572,GET,/api/mixed/pipeline/1/,6.53,82,0,
2026-05-16T16:08:44.609763,GET,/api/mixed/db/1/,5.91,247,0,
2026-05-16T16:08:44.616550,GET,/api/mixed/pipeline/1/,9.36,82,0,
2026-05-16T16:08:44.624203,GET,/api/mixed/pipeline/1/,3.58,82,0,
2026-05-16T16:08:44.657049,GET,/api/mixed/pipeline/1/,5.18,82,0,
2026-05-16T16:08:44.660133,GET,/api/mixed/db/1/,7.58,247,0,
2026-05-16T16:08:44.664806,GET,/api/mixed/db/1/,7.5,247,0,
2026-05-16T16:08:44.718368,GET,/api/mixed/http/,119.06,55353,0,
2026-05-16T16:08:44.725405,GET,/api/mixed/http/,112.71,55353,0,
2026-05-16T16:08:44.745586,GET,/api/mixed/http/,111.11,55353,0,
2026-05-16T16:08:44.756134,GET,/api/mixed/pipeline/1/,4.18,82,0,
2026-05-16T16:08:44.830851,GET,/api/mixed/http/,114.61,55353,0,
2026-05-16T16:08:44.840393,GET,/api/mixed/pipeline/1/,5.2,82,0,
2026-05-16T16:08:44.861850,GET,/api/mixed/pipeline/1/,5.27,82,0,
2026-05-16T16:08:44.862474,GET,/api/mixed/db/1/,6.72,247,0,
2026-05-16T16:08:44.869878,GET,/api/mixed/db/1/,4.16,247,0,
2026-05-16T16:08:44.870580,GET,/api/mixed/http/,108.1,55353,0,
2026-05-16T16:08:44.878031,GET,/api/mixed/pipeline/1/,3.22,82,0,
2026-05-16T16:08:44.902372,GET,/api/mixed/db/1/,4.05,247,0,
2026-05-16T16:08:44.905129,GET,/api/mixed/pipeline/1/,2.64,82,0,
2026-05-16T16:08:44.976283,GET,/api/mixed/pipeline/1/,5.43,82,0,
2026-05-16T16:08:44.983236,GET,/api/mixed/http/,109.34,55353,0,
2026-05-16T16:08:45.014546,GET,/api/mixed/db/1/,4.31,247,0,
2026-05-16T16:08:45.028286,GET,/api/mixed/pipeline/1/,3.33,82,0,
2026-05-16T16:08:45.047925,GET,/api/mixed/http/,108.53,55353,0,
2026-05-16T16:08:45.100180,GET,/api/mixed/http/,108.61,55353,0,
2026-05-16T16:08:45.108432,GET,/api/mixed/db/1/,5.95,247,0,
2026-05-16T16:08:45.111831,GET,/api/mixed/db/1/,4.45,247,0,
2026-05-16T16:08:45.114464,GET,/api/mixed/pipeline/1/,3.51,82,0,
2026-05-16T16:08:45.133751,GET,/api/mixed/db/1/,5.48,247,0,
2026-05-16T16:08:45.141328,GET,/api/mixed/http/,108.6,55353,0,
2026-05-16T16:08:45.172415,GET,/api/mixed/pipeline/1/,3.91,82,0,
2026-05-16T16:08:45.173120,GET,/api/mixed/db/1/,5.27,247,0,
2026-05-16T16:08:45.181218,GET,/api/mixed/db/1/,3.76,247,0,
2026-05-16T16:08:45.185490,GET,/api/mixed/http/,109.12,55353,0,
2026-05-16T16:08:45.189740,GET,/api/mixed/pipeline/1/,2.81,82,0,
2026-05-16T16:08:45.193641,GET,/api/mixed/pipeline/1/,2.7,82,0,
2026-05-16T16:08:45.199151,GET,/api/mixed/http/,107.77,55353,0,
2026-05-16T16:08:45.206532,GET,/api/mixed/pipeline/1/,5.71,82,0,
2026-05-16T16:08:45.220577,GET,/api/mixed/http/,108.63,55353,0,
2026-05-16T16:08:45.228089,GET,/api/mixed/db/1/,4.15,247,0,
2026-05-16T16:08:45.228773,GET,/api/mixed/http/,109.2,55353,0,
2026-05-16T16:08:45.229244,GET,/api/mixed/http/,110.53,55353,0,
2026-05-16T16:08:45.229677,GET,/api/mixed/http/,108.79,55353,0,
2026-05-16T16:08:45.237756,GET,/api/mixed/http/,108.99,55353,0,
2026-05-16T16:08:45.238643,GET,/api/mixed/db/1/,5.74,247,0,
2026-05-16T16:08:45.241466,GET,/api/mixed/http/,108.85,55353,0,
2026-05-16T16:08:45.251717,GET,/api/mixed/http/,109.01,55353,0,
2026-05-16T16:08:45.256049,GET,/api/mixed/db/1/,6.76,247,0,
2026-05-16T16:08:45.270637,GET,/api/mixed/pipeline/1/,5.45,82,0,
2026-05-16T16:08:45.273055,GET,/api/mixed/http/,108.83,55353,0,
2026-05-16T16:08:45.273811,GET,/api/mixed/db/1/,5.25,247,0,
2026-05-16T16:08:45.286011,GET,/api/mixed/pipeline/1/,3.99,82,0,
2026-05-16T16:08:45.308796,GET,/api/mixed/db/1/,4.11,247,0,
2026-05-16T16:08:45.337757,GET,/api/mixed/pipeline/1/,8.15,82,0,
2026-05-16T16:08:45.339474,GET,/api/mixed/db/1/,7.43,247,0,
2026-05-16T16:08:45.345188,GET,/api/mixed/pipeline/1/,3.39,82,0,
2026-05-16T16:08:45.351235,GET,/api/mixed/pipeline/1/,4.83,82,0,
2026-05-16T16:08:45.351659,GET,/api/mixed/pipeline/1/,4.61,82,0,
2026-05-16T16:08:45.356733,GET,/api/mixed/pipeline/1/,2.84,82,0,
2026-05-16T16:08:45.359755,GET,/api/mixed/http/,111.12,55353,0,
2026-05-16T16:08:45.365110,GET,/api/mixed/http/,109.98,55353,0,
2026-05-16T16:08:45.368553,GET,/api/mixed/pipeline/1/,5.47,82,0,
2026-05-16T16:08:45.377044,GET,/api/mixed/pipeline/1/,3.59,82,0,
2026-05-16T16:08:45.379446,GET,/api/mixed/http/,109.99,55353,0,
2026-05-16T16:08:45.391117,GET,/api/mixed/db/1/,4.16,247,0,
2026-05-16T16:08:45.394308,GET,/api/mixed/http/,108.11,55353,0,
2026-05-16T16:08:45.411229,GET,/api/mixed/db/1/,6.83,247,0,
2026-05-16T16:08:45.419109,GET,/api/mixed/db/1/,4.08,247,0,
2026-05-16T16:08:45.420542,GET,/api/mixed/http/,108.37,55353,0,
2026-05-16T16:08:45.427058,GET,/api/mixed/db/1/,4.23,247,0,
2026-05-16T16:08:45.436225,GET,/api/mixed/db/1/,4.78,247,0,
2026-05-16T16:08:45.439140,GET,/api/mixed/db/1/,3.98,247,0,
2026-05-16T16:08:45.441008,GET,/api/mixed/http/,110.78,55353,0,
2026-05-16T16:08:45.465740,GET,/api/mixed/http/,108.89,55353,0,
2026-05-16T16:08:45.466802,GET,/api/mixed/db/1/,4.44,247,0,
2026-05-16T16:08:45.467235,GET,/api/mixed/pipeline/1/,3.35,82,0,
2026-05-16T16:08:45.470666,GET,/api/mixed/pipeline/1/,3.33,82,0,
2026-05-16T16:08:45.471087,GET,/api/mixed/pipeline/1/,2.55,82,0,
2026-05-16T16:08:45.475607,GET,/api/mixed/http/,108.33,55353,0,
2026-05-16T16:08:45.485336,GET,/api/mixed/pipeline/1/,3.45,82,0,
2026-05-16T16:08:45.490393,GET,/api/mixed/pipeline/1/,3.19,82,0,
2026-05-16T16:08:45.490840,GET,/api/mixed/pipeline/1/,4.24,82,0,
2026-05-16T16:08:45.495056,GET,/api/mixed/http/,109.32,55353,0,
2026-05-16T16:08:45.497108,GET,/api/mixed/db/1/,5.05,247,0,
2026-05-16T16:08:45.508462,GET,/api/mixed/http/,108.87,55353,0,
2026-05-16T16:08:45.509148,GET,/api/mixed/pipeline/1/,4.69,82,0,
2026-05-16T16:08:45.514945,GET,/api/mixed/pipeline/1/,4.47,82,0,
2026-05-16T16:08:45.520417,GET,/api/mixed/http/,110.67,55353,0,
2026-05-16T16:08:45.523020,GET,/api/mixed/pipeline/1/,3.77,82,0,
2026-05-16T16:08:45.533753,GET,/api/mixed/db/1/,4.43,247,0,
2026-05-16T16:08:45.547068,GET,/api/mixed/pipeline/1/,3.52,82,0,
2026-05-16T16:08:45.589498,GET,/api/mixed/db/1/,4.69,247,0,
2026-05-16T16:08:45.598541,GET,/api/mixed/db/1/,4.3,247,0,
2026-05-16T16:08:45.643222,GET,/api/mixed/http/,109.33,55353,0,
2026-05-16T16:08:45.655243,GET,/api/mixed/db/1/,4.72,247,0,
2026-05-16T16:08:45.665457,GET,/api/mixed/pipeline/1/,4.69,82,0,
2026-05-16T16:08:45.685055,GET,/api/mixed/http/,109.45,55353,0,
2026-05-16T16:08:45.697689,GET,/api/mixed/pipeline/1/,9.33,82,0,
2026-05-16T16:08:45.700729,GET,/api/mixed/http/,112.2,55353,0,
2026-05-16T16:08:45.701345,GET,/api/mixed/http/,111.63,55353,0,
2026-05-16T16:08:45.701811,GET,/api/mixed/db/1/,6.53,247,0,
2026-05-16T16:08:45.712054,GET,/api/mixed/pipeline/1/,4.97,82,0,
2026-05-16T16:08:45.712591,GET,/api/mixed/db/1/,4.89,247,0,
2026-05-16T16:08:45.737579,GET,/api/mixed/http/,108.81,55353,0,
2026-05-16T16:08:45.738558,GET,/api/mixed/db/1/,4.7,247,0,
2026-05-16T16:08:45.740337,GET,/api/mixed/http/,110.97,55353,0,
2026-05-16T16:08:45.762842,GET,/api/mixed/http/,108.64,55353,0,
2026-05-16T16:08:45.767209,GET,/api/mixed/pipeline/1/,2.98,82,0,
2026-05-16T16:08:45.769900,GET,/api/mixed/http/,109.76,55353,0,
2026-05-16T16:08:45.777260,GET,/api/mixed/http/,108.51,55353,0,
2026-05-16T16:08:45.785644,GET,/api/mixed/db/1/,4.0,247,0,
2026-05-16T16:08:45.804403,GET,/api/mixed/http/,113.92,55353,0,
2026-05-16T16:08:45.827903,GET,/api/mixed/pipeline/1/,4.17,82,0,
2026-05-16T16:08:45.839305,GET,/api/mixed/pipeline/1/,4.05,82,0,
2026-05-16T16:08:45.852241,GET,/api/mixed/http/,108.6,55353,0,
2026-05-16T16:08:45.886370,GET,/api/mixed/pipeline/1/,4.82,82,0,
2026-05-16T16:08:45.892190,GET,/api/mixed/db/1/,5.64,247,0,
2026-05-16T16:08:45.903783,GET,/api/mixed/http/,109.71,55353,0,
2026-05-16T16:08:45.914929,GET,/api/mixed/pipeline/1/,3.87,82,0,
2026-05-16T16:08:45.950837,GET,/api/mixed/db/1/,5.61,247,0,
2026-05-16T16:08:45.962333,GET,/api/mixed/db/1/,4.2,247,0,
2026-05-16T16:08:45.968369,GET,/api/mixed/db/1/,4.63,247,0,
2026-05-16T16:08:45.971793,GET,/api/mixed/db/1/,4.55,247,0,
2026-05-16T16:08:45.993842,GET,/api/mixed/db/1/,4.8,247,0,
2026-05-16T16:08:45.997309,GET,/api/mixed/http/,110.2,55353,0,
2026-05-16T16:08:46.001040,GET,/api/mixed/http/,108.68,55353,0,
2026-05-16T16:08:46.020444,GET,/api/mixed/http/,108.82,55353,0,
2026-05-16T16:08:46.035997,GET,/api/mixed/pipeline/1/,4.57,82,0,
2026-05-16T16:08:46.036664,GET,/api/mixed/pipeline/1/,5.88,82,0,
2026-05-16T16:08:46.040369,GET,/api/mixed/db/1/,5.54,247,0,
2026-05-16T16:08:46.055372,GET,/api/mixed/http/,108.58,55353,0,
2026-05-16T16:08:46.065478,GET,/api/mixed/pipeline/1/,3.78,82,0,
2026-05-16T16:08:46.083944,GET,/api/mixed/db/1/,5.11,247,0,
2026-05-16T16:08:46.144005,GET,/api/mixed/pipeline/1/,35.79,82,0,
