timestamp,method,name,response_time_ms,response_length,failed,error
2026-05-16T15:58:31.598864,GET,/api/mixed/db/1/,3.78,247,0,
2026-05-16T15:58:31.644701,GET,/api/mixed/pipeline/1/,2.79,82,0,
2026-05-16T15:58:31.669308,GET,/api/mixed/db/1/,4.22,247,0,
2026-05-16T15:58:31.743758,GET,/api/mixed/http/,107.52,55353,0,
2026-05-16T15:58:31.776561,GET,/api/mixed/pipeline/1/,3.41,82,0,
2026-05-16T15:58:31.813909,GET,/api/mixed/http/,107.19,55353,0,
2026-05-16T15:58:31.881088,GET,/api/mixed/db/1/,4.09,247,0,
2026-05-16T15:58:31.890170,GET,/api/mixed/db/1/,3.86,247,0,
2026-05-16T15:58:31.967620,GET,/api/mixed/db/1/,4.16,247,0,
2026-05-16T15:58:32.037742,GET,/api/mixed/pipeline/1/,3.4,82,0,
2026-05-16T15:58:32.050576,GET,/api/mixed/db/1/,4.32,247,0,
2026-05-16T15:58:32.062930,GET,/api/mixed/pipeline/1/,3.0,82,0,
2026-05-16T15:58:32.072237,GET,/api/mixed/db/1/,3.99,247,0,
2026-05-16T15:58:32.193748,GET,/api/mixed/http/,107.16,55353,0,
2026-05-16T15:58:32.295534,GET,/api/mixed/http/,107.34,55353,0,
2026-05-16T15:58:32.349136,GET,/api/mixed/pipeline/1/,3.18,82,0,
2026-05-16T15:58:32.358195,GET,/api/mixed/db/1/,3.82,247,0,
2026-05-16T15:58:32.363068,GET,/api/mixed/db/1/,3.53,247,0,
2026-05-16T15:58:32.386087,GET,/api/mixed/db/1/,4.79,247,0,
2026-05-16T15:58:32.414814,GET,/api/mixed/http/,107.17,55353,0,
2026-05-16T15:58:32.429409,GET,/api/mixed/pipeline/1/,2.91,82,0,
2026-05-16T15:58:32.444733,GET,/api/mixed/pipeline/1/,2.97,82,0,
2026-05-16T15:58:32.469600,GET,/api/mixed/db/1/,4.62,247,0,
2026-05-16T15:58:32.521290,GET,/api/mixed/http/,107.87,55353,0,
2026-05-16T15:58:32.538629,GET,/api/mixed/pipeline/1/,4.77,82,0,
2026-05-16T15:58:32.580778,GET,/api/mixed/pipeline/1/,3.24,82,0,
2026-05-16T15:58:32.602904,GET,/api/mixed/pipeline/1/,2.89,82,0,
2026-05-16T15:58:32.667664,GET,/api/mixed/pipeline/1/,3.68,82,0,
2026-05-16T15:58:32.685529,GET,/api/mixed/http/,108.5,55353,0,
2026-05-16T15:58:32.716961,GET,/api/mixed/db/1/,4.18,247,0,
2026-05-16T15:58:32.758655,GET,/api/mixed/http/,107.36,55353,0,
2026-05-16T15:58:32.836734,GET,/api/mixed/db/1/,4.58,247,0,
2026-05-16T15:58:32.947456,GET,/api/mixed/pipeline/1/,3.25,82,0,
2026-05-16T15:58:33.067976,GET,/api/mixed/pipeline/1/,3.16,82,0,
2026-05-16T15:58:33.108438,GET,/api/mixed/pipeline/1/,3.15,82,0,
2026-05-16T15:58:33.148961,GET,/api/mixed/db/1/,4.16,247,0,
2026-05-16T15:58:33.161253,GET,/api/mixed/http/,107.19,55353,0,
2026-05-16T15:58:33.177625,GET,/api/mixed/pipeline/1/,3.14,82,0,
2026-05-16T15:58:33.201989,GET,/api/mixed/pipeline/1/,3.15,82,0,
2026-05-16T15:58:33.244797,GET,/api/mixed/db/1/,4.21,247,0,
2026-05-16T15:58:33.260710,GET,/api/mixed/db/1/,4.66,247,0,
2026-05-16T15:58:33.336004,GET,/api/mixed/db/1/,3.76,247,0,
2026-05-16T15:58:33.365291,GET,/api/mixed/pipeline/1/,3.01,82,0,
2026-05-16T15:58:33.378861,GET,/api/mixed/http/,107.45,55353,0,
2026-05-16T15:58:33.434567,GET,/api/mixed/pipeline/1/,4.13,82,0,
2026-05-16T15:58:33.435148,GET,/api/mixed/http/,107.69,55353,0,
2026-05-16T15:58:33.511886,GET,/api/mixed/pipeline/1/,4.38,82,0,
2026-05-16T15:58:33.538635,GET,/api/mixed/http/,107.61,55353,0,
2026-05-16T15:58:33.642883,GET,/api/mixed/db/1/,4.71,247,0,
2026-05-16T15:58:33.676377,GET,/api/mixed/db/1/,4.11,247,0,
2026-05-16T15:58:33.685651,GET,/api/mixed/db/1/,4.06,247,0,
2026-05-16T15:58:33.711416,GET,/api/mixed/http/,107.31,55353,0,
2026-05-16T15:58:33.830659,GET,/api/mixed/http/,107.9,55353,0,
2026-05-16T15:58:33.832573,GET,/api/mixed/db/1/,4.76,247,0,
2026-05-16T15:58:33.870842,GET,/api/mixed/db/1/,4.41,247,0,
2026-05-16T15:58:33.944978,GET,/api/mixed/http/,107.12,55353,0,
2026-05-16T15:58:33.956338,GET,/api/mixed/pipeline/1/,3.0,82,0,
2026-05-16T15:58:33.969920,GET,/api/mixed/pipeline/1/,2.71,82,0,
2026-05-16T15:58:33.988249,GET,/api/mixed/db/1/,4.11,247,0,
2026-05-16T15:58:34.002466,GET,/api/mixed/db/1/,4.82,247,0,
2026-05-16T15:58:34.014490,GET,/api/mixed/http/,107.32,55353,0,
2026-05-16T15:58:34.065705,GET,/api/mixed/http/,107.05,55353,0,
2026-05-16T15:58:34.213134,GET,/api/mixed/http/,107.19,55353,0,
2026-05-16T15:58:34.256516,GET,/api/mixed/db/1/,10.03,247,0,
2026-05-16T15:58:34.271828,GET,/api/mixed/http/,107.13,55353,0,
2026-05-16T15:58:34.282070,GET,/api/mixed/http/,107.71,55353,0,
2026-05-16T15:58:34.288242,GET,/api/mixed/pipeline/1/,2.98,82,0,
2026-05-16T15:58:34.353193,GET,/api/mixed/db/1/,4.17,247,0,
2026-05-16T15:58:34.371451,GET,/api/mixed/db/1/,3.94,247,0,
2026-05-16T15:58:34.399366,GET,/api/mixed/http/,106.81,55353,0,
2026-05-16T15:58:34.477836,GET,/api/mixed/db/1/,4.14,247,0,
2026-05-16T15:58:34.543132,GET,/api/mixed/http/,107.36,55353,0,
2026-05-16T15:58:34.590656,GET,/api/mixed/pipeline/1/,3.22,82,0,
2026-05-16T15:58:34.619076,GET,/api/mixed/pipeline/1/,5.21,82,0,
2026-05-16T15:58:34.631560,GET,/api/mixed/db/1/,4.13,247,0,
2026-05-16T15:58:34.807342,GET,/api/mixed/db/1/,4.66,247,0,
2026-05-16T15:58:34.832045,GET,/api/mixed/db/1/,4.22,247,0,
2026-05-16T15:58:34.835939,GET,/api/mixed/db/1/,3.73,247,0,
2026-05-16T15:58:34.854426,GET,/api/mixed/pipeline/1/,3.16,82,0,
2026-05-16T15:58:34.868964,GET,/api/mixed/http/,108.01,55353,0,
2026-05-16T15:58:34.991728,GET,/api/mixed/pipeline/1/,6.52,82,0,
2026-05-16T15:58:34.999804,GET,/api/mixed/pipeline/1/,2.87,82,0,
2026-05-16T15:58:35.082812,GET,/api/mixed/http/,109.54,55353,0,
2026-05-16T15:58:35.121201,GET,/api/mixed/http/,107.05,55353,0,
2026-05-16T15:58:35.134620,GET,/api/mixed/db/1/,4.18,247,0,
2026-05-16T15:58:35.144571,GET,/api/mixed/db/1/,4.05,247,0,
2026-05-16T15:58:35.148865,GET,/api/mixed/http/,107.78,55353,0,
2026-05-16T15:58:35.183471,GET,/api/mixed/db/1/,4.21,247,0,
2026-05-16T15:58:35.245049,GET,/api/mixed/http/,109.06,55353,0,
2026-05-16T15:58:35.259793,GET,/api/mixed/pipeline/1/,3.44,82,0,
2026-05-16T15:58:35.325130,GET,/api/mixed/pipeline/1/,3.02,82,0,
2026-05-16T15:58:35.339693,GET,/api/mixed/http/,107.26,55353,0,
2026-05-16T15:58:35.362930,GET,/api/mixed/db/1/,4.01,247,0,
2026-05-16T15:58:35.414296,GET,/api/mixed/pipeline/1/,3.12,82,0,
2026-05-16T15:58:35.424467,GET,/api/mixed/pipeline/1/,2.92,82,0,
2026-05-16T15:58:35.440458,GET,/api/mixed/http/,106.94,55353,0,
2026-05-16T15:58:35.495515,GET,/api/mixed/db/1/,4.75,247,0,
2026-05-16T15:58:35.694387,GET,/api/mixed/pipeline/1/,3.08,82,0,
2026-05-16T15:58:35.714610,GET,/api/mixed/db/1/,3.88,247,0,
2026-05-16T15:58:35.767417,GET,/api/mixed/db/1/,4.36,247,0,
2026-05-16T15:58:35.779598,GET,/api/mixed/pipeline/1/,2.84,82,0,
2026-05-16T15:58:35.792901,GET,/api/mixed/pipeline/1/,2.95,82,0,
2026-05-16T15:58:35.876303,GET,/api/mixed/pipeline/1/,3.01,82,0,
2026-05-16T15:58:35.884542,GET,/api/mixed/pipeline/1/,2.88,82,0,
2026-05-16T15:58:35.908954,GET,/api/mixed/pipeline/1/,3.08,82,0,
2026-05-16T15:58:35.956388,GET,/api/mixed/db/1/,4.19,247,0,
2026-05-16T15:58:35.957780,GET,/api/mixed/http/,107.36,55353,0,
2026-05-16T15:58:35.965760,GET,/api/mixed/http/,107.7,55353,0,
2026-05-16T15:58:36.101344,GET,/api/mixed/http/,107.34,55353,0,
2026-05-16T15:58:36.140245,GET,/api/mixed/http/,107.37,55353,0,
2026-05-16T15:58:36.151247,GET,/api/mixed/http/,106.76,55353,0,
2026-05-16T15:58:36.200024,GET,/api/mixed/pipeline/1/,3.62,82,0,
2026-05-16T15:58:36.207550,GET,/api/mixed/pipeline/1/,3.26,82,0,
2026-05-16T15:58:36.238599,GET,/api/mixed/pipeline/1/,3.49,82,0,
2026-05-16T15:58:36.262567,GET,/api/mixed/pipeline/1/,3.63,82,0,
2026-05-16T15:58:36.266611,GET,/api/mixed/http/,107.02,55353,0,
2026-05-16T15:58:36.329875,GET,/api/mixed/db/1/,4.12,247,0,
2026-05-16T15:58:36.442657,GET,/api/mixed/db/1/,4.32,247,0,
2026-05-16T15:58:36.471367,GET,/api/mixed/pipeline/1/,2.84,82,0,
2026-05-16T15:58:36.472102,GET,/api/mixed/db/1/,5.75,247,0,
2026-05-16T15:58:36.614770,GET,/api/mixed/http/,107.44,55353,0,
2026-05-16T15:58:36.695440,GET,/api/mixed/pipeline/1/,3.07,82,0,
2026-05-16T15:58:36.710410,GET,/api/mixed/http/,108.74,55353,0,
2026-05-16T15:58:36.774458,GET,/api/mixed/pipeline/1/,2.94,82,0,
2026-05-16T15:58:36.804980,GET,/api/mixed/http/,107.13,55353,0,
2026-05-16T15:58:36.809776,GET,/api/mixed/http/,107.35,55353,0,
2026-05-16T15:58:36.866689,GET,/api/mixed/http/,107.81,55353,0,
2026-05-16T15:58:36.971675,GET,/api/mixed/pipeline/1/,3.28,82,0,
2026-05-16T15:58:36.987626,GET,/api/mixed/http/,108.0,55353,0,
2026-05-16T15:58:37.136671,GET,/api/mixed/http/,107.63,55353,0,
2026-05-16T15:58:37.151623,GET,/api/mixed/http/,109.61,55353,0,
2026-05-16T15:58:37.176777,GET,/api/mixed/http/,107.71,55353,0,
2026-05-16T15:58:37.193609,GET,/api/mixed/pipeline/1/,3.54,82,0,
2026-05-16T15:58:37.194219,GET,/api/mixed/db/1/,4.64,247,0,
2026-05-16T15:58:37.197169,GET,/api/mixed/db/1/,4.48,247,0,
2026-05-16T15:58:37.210617,GET,/api/mixed/db/1/,4.06,247,0,
2026-05-16T15:58:37.286563,GET,/api/mixed/http/,107.56,55353,0,
2026-05-16T15:58:37.300853,GET,/api/mixed/pipeline/1/,3.06,82,0,
2026-05-16T15:58:37.356488,GET,/api/mixed/pipeline/1/,3.25,82,0,
2026-05-16T15:58:37.370982,GET,/api/mixed/http/,106.82,55353,0,
2026-05-16T15:58:37.409911,GET,/api/mixed/db/1/,4.63,247,0,
2026-05-16T15:58:37.467458,GET,/api/mixed/http/,107.81,55353,0,
2026-05-16T15:58:37.566719,GET,/api/mixed/pipeline/1/,4.17,82,0,
2026-05-16T15:58:37.659130,GET,/api/mixed/http/,107.34,55353,0,
2026-05-16T15:58:37.664303,GET,/api/mixed/db/1/,3.89,247,0,
2026-05-16T15:58:37.680611,GET,/api/mixed/http/,107.54,55353,0,
2026-05-16T15:58:37.695074,GET,/api/mixed/http/,110.45,55353,0,
2026-05-16T15:58:37.731357,GET,/api/mixed/pipeline/1/,3.03,82,0,
2026-05-16T15:58:37.787162,GET,/api/mixed/http/,107.67,55353,0,
2026-05-16T15:58:37.876026,GET,/api/mixed/db/1/,4.1,247,0,
2026-05-16T15:58:37.893588,GET,/api/mixed/db/1/,4.12,247,0,
2026-05-16T15:58:37.944256,GET,/api/mixed/pipeline/1/,3.24,82,0,
2026-05-16T15:58:38.057771,GET,/api/mixed/pipeline/1/,3.07,82,0,
2026-05-16T15:58:38.078989,GET,/api/mixed/http/,107.4,55353,0,
2026-05-16T15:58:38.082128,GET,/api/mixed/http/,106.78,55353,0,
2026-05-16T15:58:38.094674,GET,/api/mixed/db/1/,4.17,247,0,
2026-05-16T15:58:38.102890,GET,/api/mixed/http/,108.89,55353,0,
2026-05-16T15:58:38.109213,GET,/api/mixed/pipeline/1/,3.02,82,0,
2026-05-16T15:58:38.140793,GET,/api/mixed/pipeline/1/,5.87,82,0,
2026-05-16T15:58:38.149095,GET,/api/mixed/http/,107.01,55353,0,
2026-05-16T15:58:38.251291,GET,/api/mixed/pipeline/1/,3.01,82,0,
2026-05-16T15:58:38.270418,GET,/api/mixed/http/,108.11,55353,0,
2026-05-16T15:58:38.309688,GET,/api/mixed/pipeline/1/,3.03,82,0,
2026-05-16T15:58:38.331144,GET,/api/mixed/db/1/,4.63,247,0,
2026-05-16T15:58:38.432988,GET,/api/mixed/http/,108.02,55353,0,
2026-05-16T15:58:38.592452,GET,/api/mixed/http/,108.01,55353,0,
2026-05-16T15:58:38.619631,GET,/api/mixed/http/,107.34,55353,0,
2026-05-16T15:58:38.657470,GET,/api/mixed/pipeline/1/,3.23,82,0,
2026-05-16T15:58:38.677647,GET,/api/mixed/pipeline/1/,4.57,82,0,
2026-05-16T15:58:38.782154,GET,/api/mixed/http/,106.93,55353,0,
2026-05-16T15:58:38.812764,GET,/api/mixed/pipeline/1/,3.17,82,0,
2026-05-16T15:58:38.943394,GET,/api/mixed/pipeline/1/,3.1,82,0,
2026-05-16T15:58:38.973371,GET,/api/mixed/pipeline/1/,3.16,82,0,
2026-05-16T15:58:38.999683,GET,/api/mixed/db/1/,4.34,247,0,
2026-05-16T15:58:39.043037,GET,/api/mixed/pipeline/1/,3.08,82,0,
2026-05-16T15:58:39.059793,GET,/api/mixed/http/,107.01,55353,0,
2026-05-16T15:58:39.099591,GET,/api/mixed/http/,106.98,55353,0,
2026-05-16T15:58:39.106318,GET,/api/mixed/http/,107.5,55353,0,
2026-05-16T15:58:39.171115,GET,/api/mixed/http/,107.0,55353,0,
2026-05-16T15:58:39.205513,GET,/api/mixed/db/1/,5.02,247,0,
2026-05-16T15:58:39.208161,GET,/api/mixed/pipeline/1/,3.88,82,0,
2026-05-16T15:58:39.235539,GET,/api/mixed/db/1/,5.19,247,0,
2026-05-16T15:58:39.237833,GET,/api/mixed/pipeline/1/,3.53,82,0,
2026-05-16T15:58:39.305418,GET,/api/mixed/http/,118.07,55353,0,
2026-05-16T15:58:39.310735,GET,/api/mixed/db/1/,5.12,247,0,
2026-05-16T15:58:39.328046,GET,/api/mixed/db/1/,5.02,247,0,
2026-05-16T15:58:39.332484,GET,/api/mixed/http/,107.99,55353,0,
2026-05-16T15:58:39.377028,GET,/api/mixed/pipeline/1/,4.13,82,0,
2026-05-16T15:58:39.377702,GET,/api/mixed/http/,111.61,55353,0,
2026-05-16T15:58:39.378204,GET,/api/mixed/http/,109.16,55353,0,
2026-05-16T15:58:39.409640,GET,/api/mixed/http/,111.74,55353,0,
2026-05-16T15:58:39.416578,GET,/api/mixed/http/,108.27,55353,0,
2026-05-16T15:58:39.422082,GET,/api/mixed/pipeline/1/,3.23,82,0,
2026-05-16T15:58:39.474378,GET,/api/mixed/http/,107.54,55353,0,
2026-05-16T15:58:39.562194,GET,/api/mixed/db/1/,4.5,247,0,
2026-05-16T15:58:39.575694,GET,/api/mixed/http/,108.07,55353,0,
2026-05-16T15:58:39.630631,GET,/api/mixed/db/1/,4.53,247,0,
2026-05-16T15:58:39.685498,GET,/api/mixed/pipeline/1/,3.12,82,0,
2026-05-16T15:58:39.697812,GET,/api/mixed/db/1/,3.93,247,0,
2026-05-16T15:58:39.762942,GET,/api/mixed/pipeline/1/,3.79,82,0,
2026-05-16T15:58:39.774461,GET,/api/mixed/db/1/,4.25,247,0,
2026-05-16T15:58:39.845034,GET,/api/mixed/pipeline/1/,3.1,82,0,
2026-05-16T15:58:39.895055,GET,/api/mixed/pipeline/1/,4.78,82,0,
2026-05-16T15:58:40.066592,GET,/api/mixed/http/,107.11,55353,0,
2026-05-16T15:58:40.087551,GET,/api/mixed/http/,107.28,55353,0,
2026-05-16T15:58:40.165583,GET,/api/mixed/http/,110.44,55353,0,
2026-05-16T15:58:40.186941,GET,/api/mixed/pipeline/1/,3.12,82,0,
2026-05-16T15:58:40.194114,GET,/api/mixed/pipeline/1/,2.84,82,0,
2026-05-16T15:58:40.207895,GET,/api/mixed/http/,106.93,55353,0,
2026-05-16T15:58:40.263778,GET,/api/mixed/pipeline/1/,3.42,82,0,
2026-05-16T15:58:40.266895,GET,/api/mixed/db/1/,3.94,247,0,
2026-05-16T15:58:40.326088,GET,/api/mixed/pipeline/1/,3.03,82,0,
2026-05-16T15:58:40.388133,GET,/api/mixed/http/,107.87,55353,0,
2026-05-16T15:58:40.409609,GET,/api/mixed/db/1/,8.07,247,0,
2026-05-16T15:58:40.413396,GET,/api/mixed/http/,111.55,55353,0,
2026-05-16T15:58:40.488338,GET,/api/mixed/db/1/,4.13,247,0,
2026-05-16T15:58:40.525591,GET,/api/mixed/http/,106.87,55353,0,
2026-05-16T15:58:40.571023,GET,/api/mixed/pipeline/1/,3.17,82,0,
2026-05-16T15:58:40.578662,GET,/api/mixed/http/,107.24,55353,0,
2026-05-16T15:58:40.672442,GET,/api/mixed/pipeline/1/,3.22,82,0,
2026-05-16T15:58:40.729783,GET,/api/mixed/db/1/,4.07,247,0,
2026-05-16T15:58:40.769831,GET,/api/mixed/pipeline/1/,2.79,82,0,
2026-05-16T15:58:40.868616,GET,/api/mixed/http/,107.39,55353,0,
2026-05-16T15:58:41.026523,GET,/api/mixed/pipeline/1/,3.59,82,0,
2026-05-16T15:58:41.079483,GET,/api/mixed/http/,107.32,55353,0,
2026-05-16T15:58:41.108100,GET,/api/mixed/db/1/,4.3,247,0,
2026-05-16T15:58:41.126074,GET,/api/mixed/pipeline/1/,2.98,82,0,
2026-05-16T15:58:41.130767,GET,/api/mixed/http/,107.3,55353,0,
2026-05-16T15:58:41.177886,GET,/api/mixed/db/1/,4.86,247,0,
2026-05-16T15:58:41.208148,GET,/api/mixed/db/1/,4.04,247,0,
2026-05-16T15:58:41.222001,GET,/api/mixed/http/,107.58,55353,0,
2026-05-16T15:58:41.250790,GET,/api/mixed/db/1/,4.16,247,0,
2026-05-16T15:58:41.276249,GET,/api/mixed/pipeline/1/,3.01,82,0,
2026-05-16T15:58:41.293635,GET,/api/mixed/pipeline/1/,3.2,82,0,
2026-05-16T15:58:41.324815,GET,/api/mixed/http/,107.44,55353,0,
2026-05-16T15:58:41.345253,GET,/api/mixed/db/1/,4.06,247,0,
2026-05-16T15:58:41.429028,GET,/api/mixed/http/,107.14,55353,0,
2026-05-16T15:58:41.549101,GET,/api/mixed/db/1/,5.0,247,0,
2026-05-16T15:58:41.568590,GET,/api/mixed/http/,107.95,55353,0,
2026-05-16T15:58:41.592511,GET,/api/mixed/pipeline/1/,3.62,82,0,
2026-05-16T15:58:41.595892,GET,/api/mixed/db/1/,4.46,247,0,
2026-05-16T15:58:41.605459,GET,/api/mixed/pipeline/1/,3.21,82,0,
2026-05-16T15:58:41.625816,GET,/api/mixed/http/,107.16,55353,0,
2026-05-16T15:58:41.632481,GET,/api/mixed/db/1/,6.47,247,0,
2026-05-16T15:58:41.653857,GET,/api/mixed/http/,110.41,55353,0,
2026-05-16T15:58:41.684810,GET,/api/mixed/db/1/,3.95,247,0,
2026-05-16T15:58:41.696028,GET,/api/mixed/pipeline/1/,2.86,82,0,
2026-05-16T15:58:41.723395,GET,/api/mixed/pipeline/1/,3.13,82,0,
2026-05-16T15:58:41.745257,GET,/api/mixed/http/,107.02,55353,0,
2026-05-16T15:58:41.748663,GET,/api/mixed/http/,106.62,55353,0,
2026-05-16T15:58:41.755783,GET,/api/mixed/pipeline/1/,2.76,82,0,
2026-05-16T15:58:41.768600,GET,/api/mixed/http/,107.37,55353,0,
2026-05-16T15:58:41.798353,GET,/api/mixed/db/1/,4.13,247,0,
2026-05-16T15:58:41.822661,GET,/api/mixed/db/1/,4.12,247,0,
2026-05-16T15:58:41.883069,GET,/api/mixed/http/,109.72,55353,0,
2026-05-16T15:58:41.884227,GET,/api/mixed/http/,111.4,55353,0,
2026-05-16T15:58:41.939431,GET,/api/mixed/db/1/,4.21,247,0,
2026-05-16T15:58:41.997516,GET,/api/mixed/http/,106.95,55353,0,
2026-05-16T15:58:42.049240,GET,/api/mixed/pipeline/1/,3.29,82,0,
2026-05-16T15:58:42.054665,GET,/api/mixed/pipeline/1/,3.06,82,0,
2026-05-16T15:58:42.162791,GET,/api/mixed/http/,106.8,55353,0,
2026-05-16T15:58:42.163244,GET,/api/mixed/db/1/,4.43,247,0,
2026-05-16T15:58:42.178481,GET,/api/mixed/pipeline/1/,2.96,82,0,
2026-05-16T15:58:42.192478,GET,/api/mixed/http/,107.05,55353,0,
2026-05-16T15:58:42.206049,GET,/api/mixed/db/1/,4.24,247,0,
2026-05-16T15:58:42.255640,GET,/api/mixed/http/,107.49,55353,0,
2026-05-16T15:58:42.350115,GET,/api/mixed/db/1/,4.01,247,0,
2026-05-16T15:58:42.423047,GET,/api/mixed/http/,108.44,55353,0,
2026-05-16T15:58:42.457306,GET,/api/mixed/db/1/,4.13,247,0,
2026-05-16T15:58:42.487002,GET,/api/mixed/pipeline/1/,3.66,82,0,
2026-05-16T15:58:42.542758,GET,/api/mixed/http/,107.46,55353,0,
2026-05-16T15:58:42.561980,GET,/api/mixed/db/1/,4.03,247,0,
2026-05-16T15:58:42.583571,GET,/api/mixed/http/,106.89,55353,0,
2026-05-16T15:58:42.754665,GET,/api/mixed/pipeline/1/,3.25,82,0,
2026-05-16T15:58:42.807826,GET,/api/mixed/pipeline/1/,3.22,82,0,
2026-05-16T15:58:42.867966,GET,/api/mixed/db/1/,5.63,247,0,
2026-05-16T15:58:42.869010,GET,/api/mixed/http/,110.17,55353,0,
2026-05-16T15:58:42.920817,GET,/api/mixed/http/,107.7,55353,0,
2026-05-16T15:58:42.968309,GET,/api/mixed/db/1/,4.13,247,0,
2026-05-16T15:58:42.986597,GET,/api/mixed/http/,107.36,55353,0,
2026-05-16T15:58:42.988651,GET,/api/mixed/db/1/,4.07,247,0,
2026-05-16T15:58:43.018944,GET,/api/mixed/db/1/,3.95,247,0,
2026-05-16T15:58:43.106022,GET,/api/mixed/pipeline/1/,6.76,82,0,
2026-05-16T15:58:43.153779,GET,/api/mixed/http/,108.59,55353,0,
2026-05-16T15:58:43.221333,GET,/api/mixed/pipeline/1/,3.03,82,0,
2026-05-16T15:58:43.249795,GET,/api/mixed/db/1/,4.07,247,0,
2026-05-16T15:58:43.260388,GET,/api/mixed/http/,107.67,55353,0,
2026-05-16T15:58:43.284695,GET,/api/mixed/http/,107.64,55353,0,
2026-05-16T15:58:43.293368,GET,/api/mixed/http/,107.5,55353,0,
2026-05-16T15:58:43.338232,GET,/api/mixed/db/1/,4.64,247,0,
2026-05-16T15:58:43.492277,GET,/api/mixed/http/,107.79,55353,0,
2026-05-16T15:58:43.499072,GET,/api/mixed/http/,106.83,55353,0,
2026-05-16T15:58:43.533968,GET,/api/mixed/db/1/,4.49,247,0,
2026-05-16T15:58:43.543087,GET,/api/mixed/pipeline/1/,3.37,82,0,
2026-05-16T15:58:43.595752,GET,/api/mixed/pipeline/1/,5.41,82,0,
2026-05-16T15:58:43.602143,GET,/api/mixed/pipeline/1/,3.16,82,0,
2026-05-16T15:58:43.619638,GET,/api/mixed/db/1/,4.11,247,0,
2026-05-16T15:58:43.647246,GET,/api/mixed/http/,107.97,55353,0,
2026-05-16T15:58:43.672771,GET,/api/mixed/db/1/,4.08,247,0,
2026-05-16T15:58:43.688110,GET,/api/mixed/pipeline/1/,2.96,82,0,
2026-05-16T15:58:43.729555,GET,/api/mixed/pipeline/1/,3.16,82,0,
2026-05-16T15:58:43.753896,GET,/api/mixed/pipeline/1/,4.06,82,0,
2026-05-16T15:58:43.755111,GET,/api/mixed/db/1/,4.57,247,0,
2026-05-16T15:58:43.870259,GET,/api/mixed/pipeline/1/,3.1,82,0,
2026-05-16T15:58:43.870778,GET,/api/mixed/http/,107.31,55353,0,
2026-05-16T15:58:44.030317,GET,/api/mixed/http/,107.24,55353,0,
2026-05-16T15:58:44.036582,GET,/api/mixed/db/1/,4.4,247,0,
2026-05-16T15:58:44.053259,GET,/api/mixed/http/,107.26,55353,0,
2026-05-16T15:58:44.061742,GET,/api/mixed/pipeline/1/,4.13,82,0,
2026-05-16T15:58:44.062207,GET,/api/mixed/pipeline/1/,3.26,82,0,
2026-05-16T15:58:44.115710,GET,/api/mixed/db/1/,4.12,247,0,
2026-05-16T15:58:44.131761,GET,/api/mixed/http/,107.14,55353,0,
2026-05-16T15:58:44.139150,GET,/api/mixed/http/,107.52,55353,0,
2026-05-16T15:58:44.144232,GET,/api/mixed/pipeline/1/,2.71,82,0,
2026-05-16T15:58:44.155554,GET,/api/mixed/pipeline/1/,4.02,82,0,
2026-05-16T15:58:44.208910,GET,/api/mixed/db/1/,4.1,247,0,
2026-05-16T15:58:44.360788,GET,/api/mixed/pipeline/1/,3.83,82,0,
2026-05-16T15:58:44.477603,GET,/api/mixed/db/1/,4.46,247,0,
2026-05-16T15:58:44.497153,GET,/api/mixed/pipeline/1/,3.24,82,0,
2026-05-16T15:58:44.497930,GET,/api/mixed/http/,107.88,55353,0,
2026-05-16T15:58:44.549422,GET,/api/mixed/pipeline/1/,3.42,82,0,
2026-05-16T15:58:44.616639,GET,/api/mixed/http/,107.43,55353,0,
2026-05-16T15:58:44.692195,GET,/api/mixed/pipeline/1/,2.98,82,0,
2026-05-16T15:58:44.726206,GET,/api/mixed/db/1/,4.75,247,0,
2026-05-16T15:58:44.841177,GET,/api/mixed/db/1/,4.23,247,0,
2026-05-16T15:58:44.846966,GET,/api/mixed/http/,107.53,55353,0,
2026-05-16T15:58:44.853401,GET,/api/mixed/http/,107.22,55353,0,
2026-05-16T15:58:44.862185,GET,/api/mixed/pipeline/1/,3.43,82,0,
2026-05-16T15:58:44.869043,GET,/api/mixed/http/,107.46,55353,0,
2026-05-16T15:58:44.912243,GET,/api/mixed/pipeline/1/,3.47,82,0,
2026-05-16T15:58:44.932958,GET,/api/mixed/http/,107.67,55353,0,
2026-05-16T15:58:44.938428,GET,/api/mixed/db/1/,4.19,247,0,
2026-05-16T15:58:44.972952,GET,/api/mixed/db/1/,4.32,247,0,
2026-05-16T15:58:44.975590,GET,/api/mixed/http/,108.17,55353,0,
2026-05-16T15:58:45.121671,GET,/api/mixed/pipeline/1/,3.53,82,0,
2026-05-16T15:58:45.175624,GET,/api/mixed/db/1/,6.68,247,0,
2026-05-16T15:58:45.189763,GET,/api/mixed/pipeline/1/,3.61,82,0,
2026-05-16T15:58:45.229035,GET,/api/mixed/http/,108.26,55353,0,
2026-05-16T15:58:45.232971,GET,/api/mixed/http/,108.6,55353,0,
2026-05-16T15:58:45.344754,GET,/api/mixed/pipeline/1/,4.26,82,0,
2026-05-16T15:58:45.345479,GET,/api/mixed/pipeline/1/,5.49,82,0,
2026-05-16T15:58:45.376446,GET,/api/mixed/pipeline/1/,3.73,82,0,
2026-05-16T15:58:45.379132,GET,/api/mixed/pipeline/1/,3.76,82,0,
2026-05-16T15:58:45.449018,GET,/api/mixed/http/,109.57,55353,0,
2026-05-16T15:58:45.464363,GET,/api/mixed/pipeline/1/,3.85,82,0,
2026-05-16T15:58:45.484579,GET,/api/mixed/db/1/,7.86,247,0,
2026-05-16T15:58:45.564199,GET,/api/mixed/db/1/,4.98,247,0,
2026-05-16T15:58:45.573817,GET,/api/mixed/db/1/,4.48,247,0,
2026-05-16T15:58:45.602265,GET,/api/mixed/db/1/,4.23,247,0,
2026-05-16T15:58:45.613629,GET,/api/mixed/http/,107.74,55353,0,
2026-05-16T15:58:45.657807,GET,/api/mixed/http/,107.97,55353,0,
2026-05-16T15:58:45.672142,GET,/api/mixed/http/,107.79,55353,0,
2026-05-16T15:58:45.694167,GET,/api/mixed/http/,108.06,55353,0,
2026-05-16T15:58:45.744090,GET,/api/mixed/http/,107.2,55353,0,
2026-05-16T15:58:45.766417,GET,/api/mixed/db/1/,4.88,247,0,
2026-05-16T15:58:45.870692,GET,/api/mixed/db/1/,7.7,247,0,
2026-05-16T15:58:45.903043,GET,/api/mixed/pipeline/1/,4.95,82,0,
2026-05-16T15:58:45.929749,GET,/api/mixed/db/1/,4.18,247,0,
2026-05-16T15:58:46.028869,GET,/api/mixed/db/1/,5.77,247,0,
2026-05-16T15:58:46.030478,GET,/api/mixed/http/,108.07,55353,0,
2026-05-16T15:58:46.032197,GET,/api/mixed/http/,107.1,55353,0,
2026-05-16T15:58:46.064966,GET,/api/mixed/db/1/,4.4,247,0,
2026-05-16T15:58:46.122476,GET,/api/mixed/db/1/,4.17,247,0,
2026-05-16T15:58:46.192092,GET,/api/mixed/db/1/,7.16,247,0,
2026-05-16T15:58:46.353305,GET,/api/mixed/http/,107.91,55353,0,
2026-05-16T15:58:46.409901,GET,/api/mixed/http/,107.32,55353,0,
2026-05-16T15:58:46.433904,GET,/api/mixed/http/,109.21,55353,0,
2026-05-16T15:58:46.461300,GET,/api/mixed/pipeline/1/,3.16,82,0,
2026-05-16T15:58:46.479636,GET,/api/mixed/http/,106.99,55353,0,
2026-05-16T15:58:46.541872,GET,/api/mixed/pipeline/1/,3.21,82,0,
2026-05-16T15:58:46.554430,GET,/api/mixed/pipeline/1/,3.22,82,0,
2026-05-16T15:58:46.625395,GET,/api/mixed/http/,108.4,55353,0,
2026-05-16T15:58:46.663553,GET,/api/mixed/http/,107.89,55353,0,
2026-05-16T15:58:46.786085,GET,/api/mixed/http/,112.24,55353,0,
2026-05-16T15:58:46.795591,GET,/api/mixed/http/,107.87,55353,0,
2026-05-16T15:58:46.832870,GET,/api/mixed/db/1/,4.02,247,0,
2026-05-16T15:58:46.892302,GET,/api/mixed/http/,108.47,55353,0,
2026-05-16T15:58:46.905247,GET,/api/mixed/db/1/,4.02,247,0,
2026-05-16T15:58:46.968116,GET,/api/mixed/pipeline/1/,3.91,82,0,
2026-05-16T15:58:47.008572,GET,/api/mixed/db/1/,4.24,247,0,
2026-05-16T15:58:47.031139,GET,/api/mixed/pipeline/1/,7.22,82,0,
2026-05-16T15:58:47.063975,GET,/api/mixed/http/,108.44,55353,0,
2026-05-16T15:58:47.173314,GET,/api/mixed/db/1/,4.73,247,0,
2026-05-16T15:58:47.179731,GET,/api/mixed/http/,106.93,55353,0,
2026-05-16T15:58:47.229912,GET,/api/mixed/pipeline/1/,3.03,82,0,
2026-05-16T15:58:47.280543,GET,/api/mixed/http/,110.81,55353,0,
2026-05-16T15:58:47.285947,GET,/api/mixed/http/,107.37,55353,0,
2026-05-16T15:58:47.328630,GET,/api/mixed/http/,108.22,55353,0,
2026-05-16T15:58:47.388890,GET,/api/mixed/pipeline/1/,5.97,82,0,
2026-05-16T15:58:47.391157,GET,/api/mixed/db/1/,6.29,247,0,
2026-05-16T15:58:47.475582,GET,/api/mixed/db/1/,3.98,247,0,
2026-05-16T15:58:47.476019,GET,/api/mixed/pipeline/1/,3.1,82,0,
2026-05-16T15:58:47.539723,GET,/api/mixed/http/,110.29,55353,0,
2026-05-16T15:58:47.556218,GET,/api/mixed/http/,106.97,55353,0,
2026-05-16T15:58:47.565730,GET,/api/mixed/http/,106.76,55353,0,
2026-05-16T15:58:47.584528,GET,/api/mixed/db/1/,4.34,247,0,
2026-05-16T15:58:47.619610,GET,/api/mixed/http/,107.35,55353,0,
2026-05-16T15:58:47.627582,GET,/api/mixed/http/,109.33,55353,0,
2026-05-16T15:58:47.703754,GET,/api/mixed/pipeline/1/,3.72,82,0,
2026-05-16T15:58:47.707114,GET,/api/mixed/db/1/,4.33,247,0,
2026-05-16T15:58:47.717617,GET,/api/mixed/pipeline/1/,3.12,82,0,
2026-05-16T15:58:47.751180,GET,/api/mixed/pipeline/1/,3.27,82,0,
2026-05-16T15:58:47.786506,GET,/api/mixed/pipeline/1/,3.07,82,0,
2026-05-16T15:58:47.797749,GET,/api/mixed/pipeline/1/,3.02,82,0,
2026-05-16T15:58:47.837769,GET,/api/mixed/db/1/,4.75,247,0,
2026-05-16T15:58:47.841231,GET,/api/mixed/db/1/,4.34,247,0,
2026-05-16T15:58:47.870728,GET,/api/mixed/pipeline/1/,3.08,82,0,
2026-05-16T15:58:47.878095,GET,/api/mixed/pipeline/1/,3.05,82,0,
2026-05-16T15:58:47.966809,GET,/api/mixed/db/1/,4.48,247,0,
2026-05-16T15:58:48.001296,GET,/api/mixed/db/1/,4.2,247,0,
2026-05-16T15:58:48.119340,GET,/api/mixed/http/,111.38,55353,0,
2026-05-16T15:58:48.128318,GET,/api/mixed/db/1/,4.57,247,0,
2026-05-16T15:58:48.139623,GET,/api/mixed/db/1/,4.1,247,0,
2026-05-16T15:58:48.159362,GET,/api/mixed/db/1/,4.35,247,0,
2026-05-16T15:58:48.212325,GET,/api/mixed/http/,107.43,55353,0,
2026-05-16T15:58:48.337346,GET,/api/mixed/pipeline/1/,3.26,82,0,
2026-05-16T15:58:48.400007,GET,/api/mixed/http/,107.16,55353,0,
2026-05-16T15:58:48.422958,GET,/api/mixed/http/,107.27,55353,0,
2026-05-16T15:58:48.458353,GET,/api/mixed/pipeline/1/,3.04,82,0,
2026-05-16T15:58:48.481205,GET,/api/mixed/http/,110.44,55353,0,
2026-05-16T15:58:48.538880,GET,/api/mixed/pipeline/1/,3.31,82,0,
2026-05-16T15:58:48.672507,GET,/api/mixed/pipeline/1/,3.12,82,0,
2026-05-16T15:58:48.690182,GET,/api/mixed/http/,107.96,55353,0,
2026-05-16T15:58:48.699689,GET,/api/mixed/http/,107.51,55353,0,
2026-05-16T15:58:48.780135,GET,/api/mixed/db/1/,5.19,247,0,
2026-05-16T15:58:48.788283,GET,/api/mixed/pipeline/1/,3.83,82,0,
2026-05-16T15:58:48.921162,GET,/api/mixed/http/,107.59,55353,0,
2026-05-16T15:58:48.933702,GET,/api/mixed/pipeline/1/,3.28,82,0,
2026-05-16T15:58:48.970477,GET,/api/mixed/db/1/,4.5,247,0,
2026-05-16T15:58:49.008925,GET,/api/mixed/db/1/,4.19,247,0,
2026-05-16T15:58:49.027279,GET,/api/mixed/http/,109.67,55353,0,
2026-05-16T15:58:49.076867,GET,/api/mixed/pipeline/1/,2.98,82,0,
2026-05-16T15:58:49.116508,GET,/api/mixed/pipeline/1/,3.72,82,0,
2026-05-16T15:58:49.117028,GET,/api/mixed/pipeline/1/,4.82,82,0,
2026-05-16T15:58:49.139118,GET,/api/mixed/db/1/,6.39,247,0,
2026-05-16T15:58:49.183133,GET,/api/mixed/db/1/,4.74,247,0,
2026-05-16T15:58:49.223842,GET,/api/mixed/http/,108.33,55353,0,
2026-05-16T15:58:49.256208,GET,/api/mixed/pipeline/1/,3.99,82,0,
2026-05-16T15:58:49.343666,GET,/api/mixed/db/1/,5.35,247,0,
2026-05-16T15:58:49.397757,GET,/api/mixed/db/1/,4.8,247,0,
2026-05-16T15:58:49.419452,GET,/api/mixed/http/,109.33,55353,0,
2026-05-16T15:58:49.419902,GET,/api/mixed/db/1/,4.89,247,0,
2026-05-16T15:58:49.464959,GET,/api/mixed/db/1/,4.77,247,0,
2026-05-16T15:58:49.617291,GET,/api/mixed/db/1/,3.9,247,0,
2026-05-16T15:58:49.633651,GET,/api/mixed/pipeline/1/,2.96,82,0,
2026-05-16T15:58:49.702902,GET,/api/mixed/http/,107.33,55353,0,
2026-05-16T15:58:49.735367,GET,/api/mixed/db/1/,4.1,247,0,
2026-05-16T15:58:49.799055,GET,/api/mixed/pipeline/1/,3.43,82,0,
2026-05-16T15:58:50.020684,GET,/api/mixed/pipeline/1/,3.07,82,0,
2026-05-16T15:58:50.027029,GET,/api/mixed/pipeline/1/,2.99,82,0,
2026-05-16T15:58:50.029617,GET,/api/mixed/pipeline/1/,3.36,82,0,
2026-05-16T15:58:50.095085,GET,/api/mixed/pipeline/1/,3.92,82,0,
2026-05-16T15:58:50.187788,GET,/api/mixed/db/1/,6.42,247,0,
2026-05-16T15:58:50.201297,GET,/api/mixed/http/,109.6,55353,0,
2026-05-16T15:58:50.275194,GET,/api/mixed/pipeline/1/,3.2,82,0,
2026-05-16T15:58:50.304214,GET,/api/mixed/db/1/,5.96,247,0,
2026-05-16T15:58:50.329714,GET,/api/mixed/http/,108.04,55353,0,
2026-05-16T15:58:50.370547,GET,/api/mixed/db/1/,4.54,247,0,
2026-05-16T15:58:50.373139,GET,/api/mixed/http/,107.92,55353,0,
2026-05-16T15:58:50.387001,GET,/api/mixed/http/,107.45,55353,0,
2026-05-16T15:58:50.391545,GET,/api/mixed/pipeline/1/,3.33,82,0,
2026-05-16T15:58:50.429917,GET,/api/mixed/http/,107.43,55353,0,
2026-05-16T15:58:50.460773,GET,/api/mixed/db/1/,4.16,247,0,
2026-05-16T15:58:50.507047,GET,/api/mixed/pipeline/1/,3.66,82,0,
2026-05-16T15:58:50.531616,GET,/api/mixed/db/1/,4.26,247,0,
2026-05-16T15:58:50.539395,GET,/api/mixed/http/,107.26,55353,0,
2026-05-16T15:58:50.576826,GET,/api/mixed/db/1/,5.22,247,0,
2026-05-16T15:58:50.616900,GET,/api/mixed/pipeline/1/,3.16,82,0,
2026-05-16T15:58:50.683675,GET,/api/mixed/http/,107.99,55353,0,
2026-05-16T15:58:50.689053,GET,/api/mixed/pipeline/1/,3.0,82,0,
2026-05-16T15:58:50.783108,GET,/api/mixed/db/1/,5.2,247,0,
2026-05-16T15:58:50.801388,GET,/api/mixed/db/1/,5.83,247,0,
2026-05-16T15:58:50.807550,GET,/api/mixed/pipeline/1/,3.84,82,0,
2026-05-16T15:58:50.816709,GET,/api/mixed/http/,108.38,55353,0,
2026-05-16T15:58:50.821247,GET,/api/mixed/db/1/,4.28,247,0,
2026-05-16T15:58:50.894993,GET,/api/mixed/pipeline/1/,2.7,82,0,
2026-05-16T15:58:50.921433,GET,/api/mixed/http/,108.45,55353,0,
2026-05-16T15:58:50.935221,GET,/api/mixed/http/,110.65,55353,0,
2026-05-16T15:58:50.963906,GET,/api/mixed/pipeline/1/,5.44,82,0,
2026-05-16T15:58:50.965587,GET,/api/mixed/db/1/,5.94,247,0,
2026-05-16T15:58:50.997820,GET,/api/mixed/http/,108.16,55353,0,
2026-05-16T15:58:51.018782,GET,/api/mixed/db/1/,4.67,247,0,
2026-05-16T15:58:51.061623,GET,/api/mixed/http/,106.98,55353,0,
2026-05-16T15:58:51.062031,GET,/api/mixed/pipeline/1/,3.32,82,0,
2026-05-16T15:58:51.158142,GET,/api/mixed/http/,107.02,55353,0,
2026-05-16T15:58:51.234000,GET,/api/mixed/http/,108.37,55353,0,
2026-05-16T15:58:51.286225,GET,/api/mixed/db/1/,4.8,247,0,
2026-05-16T15:58:51.346556,GET,/api/mixed/http/,107.14,55353,0,
2026-05-16T15:58:51.445137,GET,/api/mixed/pipeline/1/,3.1,82,0,
2026-05-16T15:58:51.484939,GET,/api/mixed/db/1/,4.03,247,0,
2026-05-16T15:58:51.496170,GET,/api/mixed/pipeline/1/,3.9,82,0,
2026-05-16T15:58:51.554192,GET,/api/mixed/http/,106.69,55353,0,
2026-05-16T15:58:51.728604,GET,/api/mixed/http/,107.15,55353,0,
2026-05-16T15:58:51.741982,GET,/api/mixed/pipeline/1/,3.02,82,0,
2026-05-16T15:58:51.746443,GET,/api/mixed/pipeline/1/,3.09,82,0,
2026-05-16T15:58:51.764877,GET,/api/mixed/pipeline/1/,3.08,82,0,
2026-05-16T15:58:51.805441,GET,/api/mixed/db/1/,4.61,247,0,
2026-05-16T15:58:51.827077,GET,/api/mixed/pipeline/1/,2.85,82,0,
2026-05-16T15:58:51.880656,GET,/api/mixed/http/,107.55,55353,0,
2026-05-16T15:58:51.921845,GET,/api/mixed/http/,107.04,55353,0,
2026-05-16T15:58:52.153971,GET,/api/mixed/pipeline/1/,5.37,82,0,
2026-05-16T15:58:52.155568,GET,/api/mixed/pipeline/1/,4.7,82,0,
2026-05-16T15:58:52.155953,GET,/api/mixed/db/1/,5.91,247,0,
2026-05-16T15:58:52.196602,GET,/api/mixed/db/1/,4.33,247,0,
2026-05-16T15:58:52.259009,GET,/api/mixed/http/,109.54,55353,0,
2026-05-16T15:58:52.259525,GET,/api/mixed/http/,110.43,55353,0,
2026-05-16T15:58:52.294647,GET,/api/mixed/pipeline/1/,8.11,82,0,
2026-05-16T15:58:52.324636,GET,/api/mixed/pipeline/1/,3.07,82,0,
2026-05-16T15:58:52.333112,GET,/api/mixed/db/1/,4.48,247,0,
2026-05-16T15:58:52.350056,GET,/api/mixed/db/1/,4.46,247,0,
2026-05-16T15:58:52.368162,GET,/api/mixed/http/,107.29,55353,0,
2026-05-16T15:58:52.368691,GET,/api/mixed/pipeline/1/,3.23,82,0,
2026-05-16T15:58:52.380108,GET,/api/mixed/db/1/,4.12,247,0,
2026-05-16T15:58:52.405951,GET,/api/mixed/pipeline/1/,3.45,82,0,
2026-05-16T15:58:52.512531,GET,/api/mixed/http/,107.47,55353,0,
2026-05-16T15:58:52.775337,GET,/api/mixed/db/1/,4.95,247,0,
2026-05-16T15:58:52.830892,GET,/api/mixed/pipeline/1/,3.36,82,0,
2026-05-16T15:58:52.861255,GET,/api/mixed/pipeline/1/,3.11,82,0,
2026-05-16T15:58:52.878165,GET,/api/mixed/http/,108.68,55353,0,
2026-05-16T15:58:52.917421,GET,/api/mixed/pipeline/1/,5.02,82,0,
2026-05-16T15:58:52.930776,GET,/api/mixed/pipeline/1/,3.12,82,0,
2026-05-16T15:58:52.942009,GET,/api/mixed/db/1/,3.96,247,0,
2026-05-16T15:58:52.992932,GET,/api/mixed/pipeline/1/,4.38,82,0,
2026-05-16T15:58:52.997488,GET,/api/mixed/db/1/,4.31,247,0,
2026-05-16T15:58:53.015779,GET,/api/mixed/db/1/,3.95,247,0,
2026-05-16T15:58:53.806197,GET,/api/mixed/http/,108.47,55353,0,
2026-05-16T15:58:53.919403,GET,/api/mixed/http/,107.79,55353,0,
2026-05-16T15:58:53.936660,GET,/api/mixed/pipeline/1/,2.9,82,0,
2026-05-16T15:58:53.959204,GET,/api/mixed/http/,107.11,55353,0,
2026-05-16T15:58:54.068877,GET,/api/mixed/db/1/,4.2,247,0,
2026-05-16T15:58:54.120638,GET,/api/mixed/http/,107.2,55353,0,
2026-05-16T15:58:54.124869,GET,/api/mixed/pipeline/1/,2.84,82,0,
2026-05-16T15:58:54.191921,GET,/api/mixed/db/1/,4.16,247,0,
2026-05-16T15:58:54.201437,GET,/api/mixed/http/,107.19,55353,0,
2026-05-16T15:58:54.214923,GET,/api/mixed/http/,107.03,55353,0,
2026-05-16T15:58:54.251918,GET,/api/mixed/http/,110.71,55353,0,
2026-05-16T15:58:54.274893,GET,/api/mixed/pipeline/1/,3.47,82,0,
2026-05-16T15:58:54.328246,GET,/api/mixed/http/,107.1,55353,0,
2026-05-16T15:58:54.346587,GET,/api/mixed/pipeline/1/,3.06,82,0,
2026-05-16T15:58:54.409356,GET,/api/mixed/http/,107.26,55353,0,
2026-05-16T15:58:54.447579,GET,/api/mixed/db/1/,5.94,247,0,
2026-05-16T15:58:54.450513,GET,/api/mixed/pipeline/1/,4.03,82,0,
2026-05-16T15:58:54.456115,GET,/api/mixed/pipeline/1/,3.2,82,0,
2026-05-16T15:58:54.550193,GET,/api/mixed/db/1/,4.3,247,0,
2026-05-16T15:58:54.562657,GET,/api/mixed/pipeline/1/,3.13,82,0,
2026-05-16T15:58:54.564997,GET,/api/mixed/http/,107.53,55353,0,
2026-05-16T15:58:54.586694,GET,/api/mixed/http/,109.2,55353,0,
2026-05-16T15:58:54.587308,GET,/api/mixed/http/,108.34,55353,0,
2026-05-16T15:58:54.602580,GET,/api/mixed/db/1/,4.9,247,0,
2026-05-16T15:58:54.634141,GET,/api/mixed/db/1/,5.34,247,0,
2026-05-16T15:58:54.640082,GET,/api/mixed/pipeline/1/,3.65,82,0,
2026-05-16T15:58:54.659954,GET,/api/mixed/pipeline/1/,3.57,82,0,
2026-05-16T15:58:54.678795,GET,/api/mixed/http/,108.57,55353,0,
2026-05-16T15:58:54.994780,GET,/api/mixed/http/,117.21,55353,0,
2026-05-16T15:58:54.995771,GET,/api/mixed/pipeline/1/,8.28,82,0,
2026-05-16T15:58:54.997526,GET,/api/mixed/db/1/,13.92,247,0,
2026-05-16T15:58:55.063674,GET,/api/mixed/http/,109.15,55353,0,
2026-05-16T15:58:55.106442,GET,/api/mixed/pipeline/1/,4.15,82,0,
2026-05-16T15:58:55.121066,GET,/api/mixed/db/1/,5.16,247,0,
2026-05-16T15:58:55.131806,GET,/api/mixed/db/1/,6.42,247,0,
2026-05-16T15:58:55.169191,GET,/api/mixed/pipeline/1/,4.06,82,0,
2026-05-16T15:58:55.342634,GET,/api/mixed/pipeline/1/,2.95,82,0,
2026-05-16T15:58:55.357866,GET,/api/mixed/db/1/,3.99,247,0,
2026-05-16T15:58:55.426119,GET,/api/mixed/db/1/,5.25,247,0,
2026-05-16T15:58:55.429467,GET,/api/mixed/db/1/,4.95,247,0,
2026-05-16T15:58:55.429989,GET,/api/mixed/http/,108.04,55353,0,
2026-05-16T15:58:55.510137,GET,/api/mixed/http/,113.83,55353,0,
2026-05-16T15:58:55.541611,GET,/api/mixed/db/1/,5.78,247,0,
2026-05-16T15:58:55.548064,GET,/api/mixed/http/,108.73,55353,0,
2026-05-16T15:58:55.574283,GET,/api/mixed/pipeline/1/,3.96,82,0,
2026-05-16T15:58:55.629955,GET,/api/mixed/http/,108.54,55353,0,
2026-05-16T15:58:55.846740,GET,/api/mixed/db/1/,3.91,247,0,
2026-05-16T15:58:55.876696,GET,/api/mixed/http/,108.13,55353,0,
2026-05-16T15:58:55.878117,GET,/api/mixed/pipeline/1/,3.84,82,0,
2026-05-16T15:58:55.945718,GET,/api/mixed/http/,107.49,55353,0,
2026-05-16T15:58:55.975810,GET,/api/mixed/db/1/,4.79,247,0,
2026-05-16T15:58:56.074310,GET,/api/mixed/pipeline/1/,4.04,82,0,
2026-05-16T15:58:56.076452,GET,/api/mixed/db/1/,4.71,247,0,
2026-05-16T15:58:56.186505,GET,/api/mixed/http/,107.68,55353,0,
2026-05-16T15:58:56.193590,GET,/api/mixed/pipeline/1/,3.69,82,0,
2026-05-16T15:58:56.212205,GET,/api/mixed/db/1/,6.32,247,0,
2026-05-16T15:58:56.329000,GET,/api/mixed/db/1/,4.11,247,0,
2026-05-16T15:58:56.359631,GET,/api/mixed/pipeline/1/,3.1,82,0,
2026-05-16T15:58:56.438733,GET,/api/mixed/db/1/,4.73,247,0,
2026-05-16T15:58:56.442046,GET,/api/mixed/http/,107.7,55353,0,
2026-05-16T15:58:56.495575,GET,/api/mixed/pipeline/1/,3.08,82,0,
2026-05-16T15:58:56.581852,GET,/api/mixed/db/1/,5.14,247,0,
2026-05-16T15:58:56.585697,GET,/api/mixed/pipeline/1/,3.67,82,0,
2026-05-16T15:58:56.647426,GET,/api/mixed/pipeline/1/,4.06,82,0,
2026-05-16T15:58:56.654260,GET,/api/mixed/pipeline/1/,3.58,82,0,
2026-05-16T15:58:56.666003,GET,/api/mixed/http/,107.99,55353,0,
2026-05-16T15:58:56.681969,GET,/api/mixed/pipeline/1/,4.38,82,0,
2026-05-16T15:58:56.731622,GET,/api/mixed/http/,112.62,55353,0,
2026-05-16T15:58:56.883986,GET,/api/mixed/http/,107.14,55353,0,
2026-05-16T15:58:56.901346,GET,/api/mixed/pipeline/1/,3.01,82,0,
2026-05-16T15:58:56.922658,GET,/api/mixed/db/1/,3.97,247,0,
2026-05-16T15:58:56.993759,GET,/api/mixed/db/1/,7.67,247,0,
2026-05-16T15:58:56.999670,GET,/api/mixed/db/1/,4.68,247,0,
2026-05-16T15:58:57.054053,GET,/api/mixed/db/1/,4.25,247,0,
2026-05-16T15:58:57.105415,GET,/api/mixed/http/,113.27,55353,0,
2026-05-16T15:58:57.207900,GET,/api/mixed/http/,108.37,55353,0,
2026-05-16T15:58:57.211357,GET,/api/mixed/http/,107.39,55353,0,
2026-05-16T15:58:57.278612,GET,/api/mixed/db/1/,4.22,247,0,
2026-05-16T15:58:57.310313,GET,/api/mixed/db/1/,4.14,247,0,
2026-05-16T15:58:57.332072,GET,/api/mixed/http/,107.48,55353,0,
2026-05-16T15:58:57.385573,GET,/api/mixed/http/,106.81,55353,0,
2026-05-16T15:58:57.447645,GET,/api/mixed/db/1/,4.22,247,0,
2026-05-16T15:58:57.511551,GET,/api/mixed/http/,107.75,55353,0,
2026-05-16T15:58:57.512463,GET,/api/mixed/db/1/,5.33,247,0,
2026-05-16T15:58:57.539740,GET,/api/mixed/pipeline/1/,2.93,82,0,
2026-05-16T15:58:57.602315,GET,/api/mixed/pipeline/1/,5.26,82,0,
2026-05-16T15:58:57.640049,GET,/api/mixed/db/1/,4.38,247,0,
2026-05-16T15:58:57.641976,GET,/api/mixed/pipeline/1/,3.73,82,0,
2026-05-16T15:58:57.647675,GET,/api/mixed/db/1/,4.46,247,0,
2026-05-16T15:58:57.726110,GET,/api/mixed/db/1/,3.93,247,0,
2026-05-16T15:58:57.754079,GET,/api/mixed/http/,109.88,55353,0,
2026-05-16T15:58:57.926587,GET,/api/mixed/pipeline/1/,3.02,82,0,
2026-05-16T15:58:58.026748,GET,/api/mixed/http/,108.05,55353,0,
2026-05-16T15:58:58.051772,GET,/api/mixed/db/1/,4.68,247,0,
2026-05-16T15:58:58.055522,GET,/api/mixed/http/,107.72,55353,0,
2026-05-16T15:58:58.057657,GET,/api/mixed/http/,106.99,55353,0,
2026-05-16T15:58:58.076025,GET,/api/mixed/db/1/,4.02,247,0,
2026-05-16T15:58:58.085419,GET,/api/mixed/db/1/,3.81,247,0,
2026-05-16T15:58:58.188300,GET,/api/mixed/db/1/,3.89,247,0,
2026-05-16T15:58:58.191216,GET,/api/mixed/pipeline/1/,2.78,82,0,
2026-05-16T15:58:58.204285,GET,/api/mixed/pipeline/1/,2.91,82,0,
2026-05-16T15:58:58.255575,GET,/api/mixed/db/1/,9.19,247,0,
2026-05-16T15:58:58.286718,GET,/api/mixed/http/,107.0,55353,0,
2026-05-16T15:58:58.331130,GET,/api/mixed/http/,107.47,55353,0,
2026-05-16T15:58:58.331530,GET,/api/mixed/db/1/,4.32,247,0,
2026-05-16T15:58:58.434437,GET,/api/mixed/http/,108.43,55353,0,
2026-05-16T15:58:58.452843,GET,/api/mixed/pipeline/1/,2.98,82,0,
2026-05-16T15:58:58.481142,GET,/api/mixed/pipeline/1/,2.98,82,0,
2026-05-16T15:58:58.567855,GET,/api/mixed/pipeline/1/,5.09,82,0,
2026-05-16T15:58:58.578751,GET,/api/mixed/pipeline/1/,3.38,82,0,
2026-05-16T15:58:58.588684,GET,/api/mixed/db/1/,4.72,247,0,
2026-05-16T15:58:58.589153,GET,/api/mixed/db/1/,4.69,247,0,
2026-05-16T15:58:58.592196,GET,/api/mixed/http/,107.34,55353,0,
2026-05-16T15:58:58.592716,GET,/api/mixed/http/,108.33,55353,0,
2026-05-16T15:58:58.817241,GET,/api/mixed/pipeline/1/,3.23,82,0,
2026-05-16T15:58:58.871038,GET,/api/mixed/db/1/,4.46,247,0,
2026-05-16T15:58:58.892688,GET,/api/mixed/pipeline/1/,3.1,82,0,
2026-05-16T15:58:58.896603,GET,/api/mixed/http/,107.33,55353,0,
2026-05-16T15:58:58.907832,GET,/api/mixed/db/1/,4.96,247,0,
2026-05-16T15:58:58.962131,GET,/api/mixed/pipeline/1/,3.7,82,0,
2026-05-16T15:58:58.987418,GET,/api/mixed/pipeline/1/,2.97,82,0,
2026-05-16T15:58:59.031618,GET,/api/mixed/http/,107.51,55353,0,
2026-05-16T15:58:59.035777,GET,/api/mixed/pipeline/1/,2.86,82,0,
2026-05-16T15:58:59.036708,GET,/api/mixed/http/,106.91,55353,0,
2026-05-16T15:58:59.089034,GET,/api/mixed/db/1/,4.95,247,0,
2026-05-16T15:58:59.125533,GET,/api/mixed/db/1/,4.24,247,0,
2026-05-16T15:58:59.144606,GET,/api/mixed/http/,107.79,55353,0,
2026-05-16T15:58:59.183017,GET,/api/mixed/pipeline/1/,3.1,82,0,
2026-05-16T15:58:59.232510,GET,/api/mixed/db/1/,4.22,247,0,
2026-05-16T15:58:59.239473,GET,/api/mixed/pipeline/1/,3.66,82,0,
2026-05-16T15:58:59.275120,GET,/api/mixed/db/1/,4.37,247,0,
2026-05-16T15:58:59.326629,GET,/api/mixed/pipeline/1/,3.39,82,0,
2026-05-16T15:58:59.378003,GET,/api/mixed/pipeline/1/,3.26,82,0,
2026-05-16T15:58:59.396829,GET,/api/mixed/http/,107.25,55353,0,
2026-05-16T15:58:59.403050,GET,/api/mixed/pipeline/1/,2.98,82,0,
2026-05-16T15:58:59.461246,GET,/api/mixed/http/,107.34,55353,0,
2026-05-16T15:58:59.481463,GET,/api/mixed/pipeline/1/,3.2,82,0,
2026-05-16T15:58:59.537208,GET,/api/mixed/pipeline/1/,3.23,82,0,
2026-05-16T15:58:59.558223,GET,/api/mixed/http/,107.9,55353,0,
2026-05-16T15:58:59.575512,GET,/api/mixed/http/,108.0,55353,0,
2026-05-16T15:58:59.612070,GET,/api/mixed/http/,111.48,55353,0,
2026-05-16T15:58:59.612753,GET,/api/mixed/db/1/,5.0,247,0,
2026-05-16T15:58:59.616665,GET,/api/mixed/db/1/,6.13,247,0,
2026-05-16T15:58:59.732592,GET,/api/mixed/db/1/,4.21,247,0,
2026-05-16T15:58:59.914844,GET,/api/mixed/pipeline/1/,3.48,82,0,
2026-05-16T15:58:59.921586,GET,/api/mixed/db/1/,4.45,247,0,
2026-05-16T15:58:59.969666,GET,/api/mixed/db/1/,4.14,247,0,
2026-05-16T15:58:59.985038,GET,/api/mixed/pipeline/1/,3.07,82,0,
2026-05-16T15:59:00.068427,GET,/api/mixed/http/,107.57,55353,0,
2026-05-16T15:59:00.078748,GET,/api/mixed/db/1/,3.95,247,0,
2026-05-16T15:59:00.092206,GET,/api/mixed/pipeline/1/,2.9,82,0,
2026-05-16T15:59:00.095929,GET,/api/mixed/db/1/,3.6,247,0,
2026-05-16T15:59:00.175109,GET,/api/mixed/pipeline/1/,3.46,82,0,
2026-05-16T15:59:00.178926,GET,/api/mixed/db/1/,4.69,247,0,
2026-05-16T15:59:00.204192,GET,/api/mixed/http/,106.92,55353,0,
2026-05-16T15:59:00.289449,GET,/api/mixed/http/,108.27,55353,0,
2026-05-16T15:59:00.382924,GET,/api/mixed/db/1/,4.99,247,0,
2026-05-16T15:59:00.435728,GET,/api/mixed/db/1/,4.5,247,0,
2026-05-16T15:59:00.457343,GET,/api/mixed/pipeline/1/,3.31,82,0,
2026-05-16T15:59:00.475928,GET,/api/mixed/pipeline/1/,3.2,82,0,
2026-05-16T15:59:00.518326,GET,/api/mixed/db/1/,5.32,247,0,
2026-05-16T15:59:00.561699,GET,/api/mixed/pipeline/1/,3.03,82,0,
2026-05-16T15:59:00.627425,GET,/api/mixed/http/,107.38,55353,0,
2026-05-16T15:59:00.627910,GET,/api/mixed/http/,108.31,55353,0,
2026-05-16T15:59:00.637849,GET,/api/mixed/http/,107.08,55353,0,
2026-05-16T15:59:00.656491,GET,/api/mixed/db/1/,4.37,247,0,
2026-05-16T15:59:00.672054,GET,/api/mixed/pipeline/1/,3.12,82,0,
2026-05-16T15:59:00.766946,GET,/api/mixed/pipeline/1/,5.93,82,0,
2026-05-16T15:59:00.871119,GET,/api/mixed/http/,108.46,55353,0,
2026-05-16T15:59:00.971441,GET,/api/mixed/http/,108.18,55353,0,
2026-05-16T15:59:01.003786,GET,/api/mixed/db/1/,4.02,247,0,
2026-05-16T15:59:01.015448,GET,/api/mixed/db/1/,4.23,247,0,
2026-05-16T15:59:01.025661,GET,/api/mixed/http/,107.92,55353,0,
2026-05-16T15:59:01.073810,GET,/api/mixed/db/1/,4.02,247,0,
2026-05-16T15:59:01.120356,GET,/api/mixed/db/1/,4.07,247,0,
2026-05-16T15:59:01.136537,GET,/api/mixed/db/1/,3.86,247,0,
2026-05-16T15:59:01.227093,GET,/api/mixed/pipeline/1/,3.12,82,0,
2026-05-16T15:59:01.293407,GET,/api/mixed/pipeline/1/,3.29,82,0,
2026-05-16T15:59:01.297323,GET,/api/mixed/db/1/,3.77,247,0,
2026-05-16T15:59:01.372990,GET,/api/mixed/http/,109.37,55353,0,
2026-05-16T15:59:01.393405,GET,/api/mixed/db/1/,4.14,247,0,
2026-05-16T15:59:01.424228,GET,/api/mixed/pipeline/1/,4.05,82,0,
2026-05-16T15:59:01.435774,GET,/api/mixed/http/,107.07,55353,0,
2026-05-16T15:59:01.531963,GET,/api/mixed/http/,111.39,55353,0,
2026-05-16T15:59:01.532501,GET,/api/mixed/http/,112.85,55353,0,
2026-05-16T15:59:01.545817,GET,/api/mixed/db/1/,3.98,247,0,
2026-05-16T15:59:01.636236,GET,/api/mixed/pipeline/1/,3.6,82,0,
2026-05-16T15:59:01.661561,GET,/api/mixed/db/1/,4.98,247,0,
2026-05-16T15:59:01.717222,GET,/api/mixed/http/,108.2,55353,0,
2026-05-16T15:59:01.722848,GET,/api/mixed/db/1/,4.39,247,0,
2026-05-16T15:59:01.773752,GET,/api/mixed/pipeline/1/,9.47,82,0,
2026-05-16T15:59:01.777083,GET,/api/mixed/pipeline/1/,3.15,82,0,
2026-05-16T15:59:01.796324,GET,/api/mixed/pipeline/1/,3.04,82,0,
2026-05-16T15:59:01.817815,GET,/api/mixed/pipeline/1/,3.36,82,0,
2026-05-16T15:59:01.819018,GET,/api/mixed/db/1/,4.03,247,0,
2026-05-16T15:59:01.916433,GET,/api/mixed/http/,107.76,55353,0,
2026-05-16T15:59:01.919672,GET,/api/mixed/db/1/,4.32,247,0,
2026-05-16T15:59:02.016233,GET,/api/mixed/db/1/,6.2,247,0,
2026-05-16T15:59:02.024471,GET,/api/mixed/pipeline/1/,3.97,82,0,
2026-05-16T15:59:02.068776,GET,/api/mixed/pipeline/1/,3.04,82,0,
2026-05-16T15:59:02.141445,GET,/api/mixed/http/,107.57,55353,0,
2026-05-16T15:59:02.229359,GET,/api/mixed/http/,112.05,55353,0,
2026-05-16T15:59:02.249717,GET,/api/mixed/http/,106.95,55353,0,
2026-05-16T15:59:02.303732,GET,/api/mixed/pipeline/1/,3.19,82,0,
2026-05-16T15:59:02.412110,GET,/api/mixed/pipeline/1/,4.13,82,0,
2026-05-16T15:59:02.413981,GET,/api/mixed/db/1/,4.65,247,0,
2026-05-16T15:59:02.446601,GET,/api/mixed/db/1/,5.21,247,0,
2026-05-16T15:59:02.458131,GET,/api/mixed/pipeline/1/,3.26,82,0,
2026-05-16T15:59:02.463813,GET,/api/mixed/pipeline/1/,3.38,82,0,
2026-05-16T15:59:02.485285,GET,/api/mixed/http/,107.31,55353,0,
2026-05-16T15:59:02.505302,GET,/api/mixed/http/,107.52,55353,0,
2026-05-16T15:59:02.542363,GET,/api/mixed/http/,107.95,55353,0,
2026-05-16T15:59:02.659447,GET,/api/mixed/http/,107.66,55353,0,
2026-05-16T15:59:02.690152,GET,/api/mixed/http/,111.69,55353,0,
2026-05-16T15:59:02.787173,GET,/api/mixed/http/,113.75,55353,0,
2026-05-16T15:59:02.799545,GET,/api/mixed/db/1/,5.06,247,0,
2026-05-16T15:59:02.845219,GET,/api/mixed/http/,107.42,55353,0,
2026-05-16T15:59:02.847406,GET,/api/mixed/http/,106.91,55353,0,
2026-05-16T15:59:02.973455,GET,/api/mixed/pipeline/1/,3.08,82,0,
2026-05-16T15:59:02.998996,GET,/api/mixed/pipeline/1/,3.09,82,0,
2026-05-16T15:59:03.035952,GET,/api/mixed/http/,112.11,55353,0,
2026-05-16T15:59:03.039056,GET,/api/mixed/http/,107.36,55353,0,
2026-05-16T15:59:03.064893,GET,/api/mixed/pipeline/1/,3.14,82,0,
2026-05-16T15:59:03.083402,GET,/api/mixed/pipeline/1/,3.11,82,0,
2026-05-16T15:59:03.113786,GET,/api/mixed/http/,107.52,55353,0,
2026-05-16T15:59:03.140056,GET,/api/mixed/db/1/,4.04,247,0,
2026-05-16T15:59:03.148008,GET,/api/mixed/http/,107.23,55353,0,
2026-05-16T15:59:03.318592,GET,/api/mixed/db/1/,4.87,247,0,
2026-05-16T15:59:03.322596,GET,/api/mixed/db/1/,3.85,247,0,
2026-05-16T15:59:03.367555,GET,/api/mixed/db/1/,4.18,247,0,
2026-05-16T15:59:03.432929,GET,/api/mixed/http/,108.0,55353,0,
2026-05-16T15:59:03.445638,GET,/api/mixed/http/,109.24,55353,0,
2026-05-16T15:59:03.510782,GET,/api/mixed/db/1/,5.63,247,0,
2026-05-16T15:59:03.543089,GET,/api/mixed/db/1/,11.77,247,0,
2026-05-16T15:59:03.550195,GET,/api/mixed/pipeline/1/,3.86,82,0,
2026-05-16T15:59:03.652621,GET,/api/mixed/pipeline/1/,3.01,82,0,
2026-05-16T15:59:03.760206,GET,/api/mixed/pipeline/1/,3.52,82,0,
2026-05-16T15:59:03.798428,GET,/api/mixed/http/,108.52,55353,0,
2026-05-16T15:59:03.840706,GET,/api/mixed/db/1/,4.16,247,0,
2026-05-16T15:59:03.883550,GET,/api/mixed/pipeline/1/,3.21,82,0,
2026-05-16T15:59:03.918847,GET,/api/mixed/http/,106.99,55353,0,
2026-05-16T15:59:03.928245,GET,/api/mixed/db/1/,4.03,247,0,
2026-05-16T15:59:03.937392,GET,/api/mixed/pipeline/1/,2.96,82,0,
2026-05-16T15:59:03.967967,GET,/api/mixed/http/,107.06,55353,0,
2026-05-16T15:59:03.973476,GET,/api/mixed/http/,106.85,55353,0,
2026-05-16T15:59:04.048668,GET,/api/mixed/http/,106.96,55353,0,
2026-05-16T15:59:04.057276,GET,/api/mixed/db/1/,4.31,247,0,
2026-05-16T15:59:04.113033,GET,/api/mixed/pipeline/1/,3.16,82,0,
2026-05-16T15:59:04.122501,GET,/api/mixed/pipeline/1/,3.09,82,0,
2026-05-16T15:59:04.130842,GET,/api/mixed/db/1/,4.09,247,0,
2026-05-16T15:59:04.145253,GET,/api/mixed/db/1/,4.15,247,0,
2026-05-16T15:59:04.254939,GET,/api/mixed/pipeline/1/,3.26,82,0,
2026-05-16T15:59:04.322655,GET,/api/mixed/db/1/,4.17,247,0,
2026-05-16T15:59:04.340331,GET,/api/mixed/db/1/,3.95,247,0,
2026-05-16T15:59:04.386893,GET,/api/mixed/pipeline/1/,3.17,82,0,
2026-05-16T15:59:04.416476,GET,/api/mixed/db/1/,4.36,247,0,
2026-05-16T15:59:04.440663,GET,/api/mixed/http/,108.62,55353,0,
2026-05-16T15:59:04.511918,GET,/api/mixed/db/1/,4.73,247,0,
2026-05-16T15:59:04.589899,GET,/api/mixed/db/1/,4.72,247,0,
2026-05-16T15:59:04.596727,GET,/api/mixed/db/1/,4.56,247,0,
2026-05-16T15:59:04.611720,GET,/api/mixed/pipeline/1/,3.62,82,0,
2026-05-16T15:59:04.627242,GET,/api/mixed/pipeline/1/,3.58,82,0,
2026-05-16T15:59:04.627652,GET,/api/mixed/pipeline/1/,3.47,82,0,
2026-05-16T15:59:04.718817,GET,/api/mixed/http/,108.04,55353,0,
2026-05-16T15:59:04.734330,GET,/api/mixed/pipeline/1/,3.06,82,0,
2026-05-16T15:59:04.848985,GET,/api/mixed/pipeline/1/,2.88,82,0,
2026-05-16T15:59:04.857100,GET,/api/mixed/http/,107.43,55353,0,
2026-05-16T15:59:04.878220,GET,/api/mixed/pipeline/1/,4.85,82,0,
2026-05-16T15:59:04.881432,GET,/api/mixed/pipeline/1/,5.23,82,0,
2026-05-16T15:59:04.925999,GET,/api/mixed/db/1/,4.98,247,0,
2026-05-16T15:59:04.947792,GET,/api/mixed/http/,108.23,55353,0,
2026-05-16T15:59:04.975698,GET,/api/mixed/pipeline/1/,4.66,82,0,
2026-05-16T15:59:04.985955,GET,/api/mixed/http/,107.56,55353,0,
2026-05-16T15:59:05.090964,GET,/api/mixed/db/1/,4.58,247,0,
2026-05-16T15:59:05.133784,GET,/api/mixed/db/1/,5.34,247,0,
2026-05-16T15:59:05.156459,GET,/api/mixed/pipeline/1/,3.39,82,0,
2026-05-16T15:59:05.238008,GET,/api/mixed/http/,109.03,55353,0,
2026-05-16T15:59:05.293431,GET,/api/mixed/http/,107.57,55353,0,
2026-05-16T15:59:05.433322,GET,/api/mixed/http/,107.25,55353,0,
2026-05-16T15:59:05.477904,GET,/api/mixed/db/1/,4.27,247,0,
2026-05-16T15:59:05.511825,GET,/api/mixed/pipeline/1/,3.32,82,0,
2026-05-16T15:59:05.522417,GET,/api/mixed/db/1/,4.23,247,0,
2026-05-16T15:59:05.547995,GET,/api/mixed/pipeline/1/,3.07,82,0,
2026-05-16T15:59:05.598642,GET,/api/mixed/db/1/,4.39,247,0,
2026-05-16T15:59:05.619666,GET,/api/mixed/pipeline/1/,3.63,82,0,
2026-05-16T15:59:05.621935,GET,/api/mixed/pipeline/1/,3.31,82,0,
2026-05-16T15:59:05.631066,GET,/api/mixed/db/1/,3.87,247,0,
2026-05-16T15:59:05.755012,GET,/api/mixed/pipeline/1/,3.29,82,0,
2026-05-16T15:59:05.823432,GET,/api/mixed/db/1/,4.11,247,0,
2026-05-16T15:59:05.885677,GET,/api/mixed/pipeline/1/,3.88,82,0,
2026-05-16T15:59:05.896628,GET,/api/mixed/db/1/,4.56,247,0,
2026-05-16T15:59:05.937920,GET,/api/mixed/pipeline/1/,4.06,82,0,
2026-05-16T15:59:06.009813,GET,/api/mixed/http/,108.96,55353,0,
2026-05-16T15:59:06.011794,GET,/api/mixed/db/1/,5.39,247,0,
2026-05-16T15:59:06.131068,GET,/api/mixed/pipeline/1/,3.9,82,0,
2026-05-16T15:59:06.137846,GET,/api/mixed/db/1/,4.37,247,0,
2026-05-16T15:59:06.154731,GET,/api/mixed/http/,108.56,55353,0,
2026-05-16T15:59:06.223290,GET,/api/mixed/pipeline/1/,3.13,82,0,
2026-05-16T15:59:06.244214,GET,/api/mixed/db/1/,4.53,247,0,
2026-05-16T15:59:06.445735,GET,/api/mixed/db/1/,4.82,247,0,
2026-05-16T15:59:06.446185,GET,/api/mixed/db/1/,3.83,247,0,
2026-05-16T15:59:06.453419,GET,/api/mixed/db/1/,3.95,247,0,
2026-05-16T15:59:06.489969,GET,/api/mixed/db/1/,4.28,247,0,
2026-05-16T15:59:06.541436,GET,/api/mixed/pipeline/1/,3.11,82,0,
2026-05-16T15:59:06.550695,GET,/api/mixed/db/1/,4.35,247,0,
2026-05-16T15:59:06.589248,GET,/api/mixed/db/1/,4.22,247,0,
2026-05-16T15:59:06.654322,GET,/api/mixed/http/,108.54,55353,0,
2026-05-16T15:59:06.754728,GET,/api/mixed/pipeline/1/,3.05,82,0,
2026-05-16T15:59:06.772073,GET,/api/mixed/pipeline/1/,3.74,82,0,
2026-05-16T15:59:06.787220,GET,/api/mixed/pipeline/1/,2.96,82,0,
2026-05-16T15:59:06.839313,GET,/api/mixed/pipeline/1/,3.63,82,0,
2026-05-16T15:59:06.842675,GET,/api/mixed/http/,107.66,55353,0,
2026-05-16T15:59:06.913221,GET,/api/mixed/db/1/,4.34,247,0,
2026-05-16T15:59:06.944171,GET,/api/mixed/http/,107.47,55353,0,
2026-05-16T15:59:06.944659,GET,/api/mixed/http/,108.47,55353,0,
2026-05-16T15:59:06.953078,GET,/api/mixed/db/1/,4.1,247,0,
2026-05-16T15:59:06.958739,GET,/api/mixed/db/1/,4.39,247,0,
2026-05-16T15:59:06.986212,GET,/api/mixed/pipeline/1/,3.22,82,0,
2026-05-16T15:59:07.035200,GET,/api/mixed/http/,107.56,55353,0,
2026-05-16T15:59:07.061472,GET,/api/mixed/pipeline/1/,3.04,82,0,
2026-05-16T15:59:07.091720,GET,/api/mixed/db/1/,3.95,247,0,
2026-05-16T15:59:07.127840,GET,/api/mixed/http/,107.38,55353,0,
2026-05-16T15:59:07.220171,GET,/api/mixed/pipeline/1/,3.06,82,0,
2026-05-16T15:59:07.287532,GET,/api/mixed/db/1/,4.68,247,0,
2026-05-16T15:59:07.295070,GET,/api/mixed/pipeline/1/,3.07,82,0,
2026-05-16T15:59:07.303670,GET,/api/mixed/pipeline/1/,4.3,82,0,
2026-05-16T15:59:07.318366,GET,/api/mixed/db/1/,4.2,247,0,
2026-05-16T15:59:07.364175,GET,/api/mixed/http/,111.37,55353,0,
2026-05-16T15:59:07.392094,GET,/api/mixed/db/1/,4.07,247,0,
2026-05-16T15:59:07.408101,GET,/api/mixed/http/,107.85,55353,0,
2026-05-16T15:59:07.408730,GET,/api/mixed/http/,107.86,55353,0,
2026-05-16T15:59:07.498218,GET,/api/mixed/http/,110.62,55353,0,
2026-05-16T15:59:07.553775,GET,/api/mixed/http/,107.72,55353,0,
2026-05-16T15:59:07.583122,GET,/api/mixed/http/,107.29,55353,0,
2026-05-16T15:59:07.590493,GET,/api/mixed/db/1/,4.01,247,0,
2026-05-16T15:59:07.656114,GET,/api/mixed/db/1/,4.27,247,0,
2026-05-16T15:59:07.659344,GET,/api/mixed/pipeline/1/,3.07,82,0,
2026-05-16T15:59:07.762776,GET,/api/mixed/pipeline/1/,3.08,82,0,
2026-05-16T15:59:07.776041,GET,/api/mixed/http/,107.63,55353,0,
2026-05-16T15:59:07.786831,GET,/api/mixed/http/,107.94,55353,0,
2026-05-16T15:59:07.804974,GET,/api/mixed/db/1/,3.97,247,0,
2026-05-16T15:59:07.864346,GET,/api/mixed/db/1/,4.12,247,0,
2026-05-16T15:59:07.872556,GET,/api/mixed/db/1/,3.84,247,0,
2026-05-16T15:59:07.937534,GET,/api/mixed/pipeline/1/,2.9,82,0,
2026-05-16T15:59:07.944682,GET,/api/mixed/db/1/,3.81,247,0,
2026-05-16T15:59:08.001679,GET,/api/mixed/pipeline/1/,3.78,82,0,
2026-05-16T15:59:08.002131,GET,/api/mixed/pipeline/1/,3.74,82,0,
2026-05-16T15:59:08.030664,GET,/api/mixed/http/,107.67,55353,0,
2026-05-16T15:59:08.049276,GET,/api/mixed/pipeline/1/,3.35,82,0,
2026-05-16T15:59:08.121940,GET,/api/mixed/pipeline/1/,3.14,82,0,
2026-05-16T15:59:08.215352,GET,/api/mixed/pipeline/1/,4.19,82,0,
2026-05-16T15:59:08.215917,GET,/api/mixed/db/1/,4.31,247,0,
2026-05-16T15:59:08.310786,GET,/api/mixed/http/,107.39,55353,0,
2026-05-16T15:59:08.403750,GET,/api/mixed/db/1/,4.42,247,0,
2026-05-16T15:59:08.462277,GET,/api/mixed/pipeline/1/,3.35,82,0,
2026-05-16T15:59:08.515365,GET,/api/mixed/http/,107.32,55353,0,
2026-05-16T15:59:08.536820,GET,/api/mixed/http/,107.07,55353,0,
2026-05-16T15:59:08.566422,GET,/api/mixed/http/,108.1,55353,0,
2026-05-16T15:59:08.637891,GET,/api/mixed/http/,107.2,55353,0,
2026-05-16T15:59:08.695670,GET,/api/mixed/db/1/,4.38,247,0,
2026-05-16T15:59:08.820513,GET,/api/mixed/db/1/,4.04,247,0,
2026-05-16T15:59:08.911978,GET,/api/mixed/db/1/,4.03,247,0,
2026-05-16T15:59:08.935928,GET,/api/mixed/pipeline/1/,2.84,82,0,
2026-05-16T15:59:08.953812,GET,/api/mixed/http/,107.08,55353,0,
2026-05-16T15:59:08.961996,GET,/api/mixed/db/1/,3.9,247,0,
2026-05-16T15:59:08.970760,GET,/api/mixed/pipeline/1/,3.78,82,0,
2026-05-16T15:59:08.978561,GET,/api/mixed/http/,107.21,55353,0,
2026-05-16T15:59:09.032602,GET,/api/mixed/http/,107.25,55353,0,
2026-05-16T15:59:09.038173,GET,/api/mixed/pipeline/1/,3.29,82,0,
2026-05-16T15:59:09.074858,GET,/api/mixed/pipeline/1/,3.02,82,0,
2026-05-16T15:59:09.154141,GET,/api/mixed/http/,106.94,55353,0,
2026-05-16T15:59:09.177259,GET,/api/mixed/pipeline/1/,3.1,82,0,
2026-05-16T15:59:09.219849,GET,/api/mixed/db/1/,4.27,247,0,
2026-05-16T15:59:09.246250,GET,/api/mixed/pipeline/1/,3.17,82,0,
2026-05-16T15:59:09.270662,GET,/api/mixed/http/,107.29,55353,0,
2026-05-16T15:59:09.305121,GET,/api/mixed/db/1/,4.11,247,0,
2026-05-16T15:59:09.310221,GET,/api/mixed/pipeline/1/,2.72,82,0,
2026-05-16T15:59:09.364479,GET,/api/mixed/http/,107.0,55353,0,
2026-05-16T15:59:09.398241,GET,/api/mixed/pipeline/1/,3.24,82,0,
2026-05-16T15:59:09.525893,GET,/api/mixed/http/,107.28,55353,0,
2026-05-16T15:59:09.587398,GET,/api/mixed/pipeline/1/,3.19,82,0,
2026-05-16T15:59:09.587905,GET,/api/mixed/http/,108.36,55353,0,
2026-05-16T15:59:09.692610,GET,/api/mixed/http/,106.97,55353,0,
2026-05-16T15:59:09.704523,GET,/api/mixed/http/,110.35,55353,0,
2026-05-16T15:59:09.803457,GET,/api/mixed/db/1/,4.25,247,0,
2026-05-16T15:59:09.845002,GET,/api/mixed/http/,107.12,55353,0,
2026-05-16T15:59:09.854009,GET,/api/mixed/http/,107.64,55353,0,
2026-05-16T15:59:09.875005,GET,/api/mixed/db/1/,4.22,247,0,
2026-05-16T15:59:09.881666,GET,/api/mixed/pipeline/1/,3.33,82,0,
2026-05-16T15:59:09.961077,GET,/api/mixed/http/,108.16,55353,0,
2026-05-16T15:59:09.968704,GET,/api/mixed/http/,107.59,55353,0,
2026-05-16T15:59:10.037497,GET,/api/mixed/http/,107.26,55353,0,
2026-05-16T15:59:10.132251,GET,/api/mixed/http/,107.15,55353,0,
2026-05-16T15:59:10.180747,GET,/api/mixed/pipeline/1/,5.04,82,0,
2026-05-16T15:59:10.205068,GET,/api/mixed/db/1/,4.93,247,0,
2026-05-16T15:59:10.207123,GET,/api/mixed/pipeline/1/,3.27,82,0,
2026-05-16T15:59:10.211167,GET,/api/mixed/pipeline/1/,2.71,82,0,
2026-05-16T15:59:10.214999,GET,/api/mixed/http/,107.05,55353,0,
2026-05-16T15:59:10.254399,GET,/api/mixed/pipeline/1/,2.95,82,0,
2026-05-16T15:59:10.373693,GET,/api/mixed/db/1/,4.11,247,0,
2026-05-16T15:59:10.422392,GET,/api/mixed/db/1/,5.24,247,0,
2026-05-16T15:59:10.446640,GET,/api/mixed/http/,111.67,55353,0,
2026-05-16T15:59:10.455529,GET,/api/mixed/http/,110.97,55353,0,
2026-05-16T15:59:10.467738,GET,/api/mixed/http/,107.71,55353,0,
2026-05-16T15:59:10.502161,GET,/api/mixed/http/,107.04,55353,0,
2026-05-16T15:59:10.524096,GET,/api/mixed/http/,108.32,55353,0,
2026-05-16T15:59:10.525632,GET,/api/mixed/http/,107.18,55353,0,
2026-05-16T15:59:10.571923,GET,/api/mixed/db/1/,4.0,247,0,
2026-05-16T15:59:10.583074,GET,/api/mixed/http/,106.96,55353,0,
2026-05-16T15:59:10.759729,GET,/api/mixed/pipeline/1/,6.06,82,0,
2026-05-16T15:59:10.885152,GET,/api/mixed/pipeline/1/,4.05,82,0,
2026-05-16T15:59:10.963304,GET,/api/mixed/pipeline/1/,6.74,82,0,
2026-05-16T15:59:10.982924,GET,/api/mixed/db/1/,7.17,247,0,
2026-05-16T15:59:10.995719,GET,/api/mixed/db/1/,4.38,247,0,
2026-05-16T15:59:11.053033,GET,/api/mixed/http/,108.05,55353,0,
2026-05-16T15:59:11.062410,GET,/api/mixed/db/1/,4.12,247,0,
2026-05-16T15:59:11.086274,GET,/api/mixed/db/1/,4.43,247,0,
2026-05-16T15:59:11.129896,GET,/api/mixed/pipeline/1/,3.04,82,0,
2026-05-16T15:59:11.146167,GET,/api/mixed/db/1/,3.92,247,0,
2026-05-16T15:59:11.306204,GET,/api/mixed/http/,107.79,55353,0,
2026-05-16T15:59:11.319569,GET,/api/mixed/http/,107.51,55353,0,
2026-05-16T15:59:11.360064,GET,/api/mixed/db/1/,5.14,247,0,
2026-05-16T15:59:11.365002,GET,/api/mixed/http/,107.24,55353,0,
2026-05-16T15:59:11.423597,GET,/api/mixed/pipeline/1/,5.26,82,0,
2026-05-16T15:59:11.483375,GET,/api/mixed/pipeline/1/,3.24,82,0,
2026-05-16T15:59:11.509504,GET,/api/mixed/pipeline/1/,2.88,82,0,
2026-05-16T15:59:11.630625,GET,/api/mixed/pipeline/1/,3.17,82,0,
2026-05-16T15:59:11.668121,GET,/api/mixed/db/1/,6.19,247,0,
2026-05-16T15:59:11.671646,GET,/api/mixed/http/,109.52,55353,0,
2026-05-16T15:59:11.718857,GET,/api/mixed/http/,106.99,55353,0,
2026-05-16T15:59:11.731190,GET,/api/mixed/pipeline/1/,2.98,82,0,
2026-05-16T15:59:11.795311,GET,/api/mixed/db/1/,4.3,247,0,
2026-05-16T15:59:11.861098,GET,/api/mixed/pipeline/1/,3.37,82,0,
2026-05-16T15:59:11.867520,GET,/api/mixed/db/1/,4.06,247,0,
2026-05-16T15:59:11.872675,GET,/api/mixed/http/,107.27,55353,0,
2026-05-16T15:59:11.873715,GET,/api/mixed/db/1/,4.98,247,0,
2026-05-16T15:59:11.957361,GET,/api/mixed/db/1/,4.2,247,0,
2026-05-16T15:59:12.038224,GET,/api/mixed/pipeline/1/,3.55,82,0,
2026-05-16T15:59:12.119632,GET,/api/mixed/pipeline/1/,3.35,82,0,
2026-05-16T15:59:12.120243,GET,/api/mixed/http/,107.45,55353,0,
2026-05-16T15:59:12.173115,GET,/api/mixed/http/,107.52,55353,0,
2026-05-16T15:59:12.240361,GET,/api/mixed/pipeline/1/,3.04,82,0,
2026-05-16T15:59:12.290519,GET,/api/mixed/db/1/,4.15,247,0,
2026-05-16T15:59:12.303994,GET,/api/mixed/pipeline/1/,3.16,82,0,
2026-05-16T15:59:12.359910,GET,/api/mixed/pipeline/1/,3.35,82,0,
2026-05-16T15:59:12.368714,GET,/api/mixed/http/,107.11,55353,0,
2026-05-16T15:59:12.404643,GET,/api/mixed/pipeline/1/,7.63,82,0,
2026-05-16T15:59:12.418363,GET,/api/mixed/pipeline/1/,3.2,82,0,
2026-05-16T15:59:12.554600,GET,/api/mixed/pipeline/1/,5.27,82,0,
2026-05-16T15:59:12.558080,GET,/api/mixed/http/,108.53,55353,0,
2026-05-16T15:59:12.577307,GET,/api/mixed/pipeline/1/,3.97,82,0,
2026-05-16T15:59:12.605717,GET,/api/mixed/http/,107.33,55353,0,
2026-05-16T15:59:12.613163,GET,/api/mixed/pipeline/1/,3.13,82,0,
2026-05-16T15:59:12.675470,GET,/api/mixed/db/1/,4.21,247,0,
2026-05-16T15:59:12.689480,GET,/api/mixed/http/,106.94,55353,0,
2026-05-16T15:59:12.699691,GET,/api/mixed/db/1/,3.83,247,0,
2026-05-16T15:59:12.726631,GET,/api/mixed/http/,107.06,55353,0,
2026-05-16T15:59:12.799360,GET,/api/mixed/db/1/,4.09,247,0,
2026-05-16T15:59:12.872824,GET,/api/mixed/pipeline/1/,3.74,82,0,
2026-05-16T15:59:12.912555,GET,/api/mixed/http/,107.01,55353,0,
2026-05-16T15:59:12.914846,GET,/api/mixed/http/,106.67,55353,0,
2026-05-16T15:59:12.918831,GET,/api/mixed/http/,107.17,55353,0,
2026-05-16T15:59:12.921432,GET,/api/mixed/pipeline/1/,3.61,82,0,
2026-05-16T15:59:13.044753,GET,/api/mixed/pipeline/1/,3.01,82,0,
2026-05-16T15:59:13.056807,GET,/api/mixed/db/1/,3.9,247,0,
2026-05-16T15:59:13.113451,GET,/api/mixed/pipeline/1/,2.84,82,0,
2026-05-16T15:59:13.123678,GET,/api/mixed/pipeline/1/,2.88,82,0,
2026-05-16T15:59:13.165201,GET,/api/mixed/db/1/,3.74,247,0,
2026-05-16T15:59:13.196972,GET,/api/mixed/db/1/,3.98,247,0,
2026-05-16T15:59:13.209686,GET,/api/mixed/http/,108.52,55353,0,
2026-05-16T15:59:13.237391,GET,/api/mixed/pipeline/1/,3.4,82,0,
2026-05-16T15:59:13.265212,GET,/api/mixed/http/,107.53,55353,0,
2026-05-16T15:59:13.273383,GET,/api/mixed/http/,106.76,55353,0,
2026-05-16T15:59:13.449704,GET,/api/mixed/db/1/,3.83,247,0,
2026-05-16T15:59:13.544202,GET,/api/mixed/http/,107.05,55353,0,
2026-05-16T15:59:13.575241,GET,/api/mixed/http/,107.24,55353,0,
2026-05-16T15:59:13.610437,GET,/api/mixed/db/1/,4.25,247,0,
2026-05-16T15:59:13.644504,GET,/api/mixed/db/1/,4.73,247,0,
2026-05-16T15:59:13.685848,GET,/api/mixed/http/,107.31,55353,0,
2026-05-16T15:59:13.754017,GET,/api/mixed/http/,108.29,55353,0,
2026-05-16T15:59:13.772623,GET,/api/mixed/http/,107.24,55353,0,
2026-05-16T15:59:13.828831,GET,/api/mixed/db/1/,4.74,247,0,
2026-05-16T15:59:13.861331,GET,/api/mixed/http/,107.16,55353,0,
2026-05-16T15:59:13.892521,GET,/api/mixed/db/1/,3.95,247,0,
2026-05-16T15:59:13.903591,GET,/api/mixed/http/,107.63,55353,0,
2026-05-16T15:59:13.908632,GET,/api/mixed/db/1/,3.81,247,0,
2026-05-16T15:59:13.938989,GET,/api/mixed/pipeline/1/,3.01,82,0,
2026-05-16T15:59:13.965483,GET,/api/mixed/http/,107.37,55353,0,
2026-05-16T15:59:14.054299,GET,/api/mixed/pipeline/1/,3.36,82,0,
2026-05-16T15:59:14.108699,GET,/api/mixed/pipeline/1/,3.15,82,0,
2026-05-16T15:59:14.169587,GET,/api/mixed/pipeline/1/,2.95,82,0,
2026-05-16T15:59:14.177545,GET,/api/mixed/db/1/,4.16,247,0,
2026-05-16T15:59:14.177967,GET,/api/mixed/db/1/,5.05,247,0,
2026-05-16T15:59:14.230306,GET,/api/mixed/http/,107.26,55353,0,
2026-05-16T15:59:14.250393,GET,/api/mixed/http/,107.33,55353,0,
2026-05-16T15:59:14.314745,GET,/api/mixed/db/1/,4.07,247,0,
2026-05-16T15:59:14.365530,GET,/api/mixed/db/1/,4.12,247,0,
2026-05-16T15:59:14.412525,GET,/api/mixed/pipeline/1/,3.02,82,0,
2026-05-16T15:59:14.452670,GET,/api/mixed/db/1/,4.71,247,0,
2026-05-16T15:59:14.464052,GET,/api/mixed/db/1/,3.94,247,0,
2026-05-16T15:59:14.489405,GET,/api/mixed/http/,107.53,55353,0,
2026-05-16T15:59:14.496881,GET,/api/mixed/pipeline/1/,4.13,82,0,
2026-05-16T15:59:14.508672,GET,/api/mixed/db/1/,4.3,247,0,
2026-05-16T15:59:14.597732,GET,/api/mixed/db/1/,4.92,247,0,
2026-05-16T15:59:14.645250,GET,/api/mixed/db/1/,4.06,247,0,
2026-05-16T15:59:14.674464,GET,/api/mixed/http/,107.32,55353,0,
2026-05-16T15:59:14.698044,GET,/api/mixed/db/1/,5.94,247,0,
2026-05-16T15:59:14.698475,GET,/api/mixed/db/1/,5.57,247,0,
2026-05-16T15:59:14.780410,GET,/api/mixed/pipeline/1/,3.39,82,0,
2026-05-16T15:59:14.878649,GET,/api/mixed/db/1/,4.33,247,0,
2026-05-16T15:59:14.906967,GET,/api/mixed/http/,107.16,55353,0,
2026-05-16T15:59:14.924567,GET,/api/mixed/http/,107.09,55353,0,
2026-05-16T15:59:14.941824,GET,/api/mixed/pipeline/1/,3.01,82,0,
2026-05-16T15:59:15.018737,GET,/api/mixed/pipeline/1/,3.74,82,0,
2026-05-16T15:59:15.020811,GET,/api/mixed/pipeline/1/,3.11,82,0,
2026-05-16T15:59:15.037716,GET,/api/mixed/db/1/,4.59,247,0,
2026-05-16T15:59:15.096503,GET,/api/mixed/http/,110.27,55353,0,
2026-05-16T15:59:15.118983,GET,/api/mixed/db/1/,4.03,247,0,
2026-05-16T15:59:15.197828,GET,/api/mixed/http/,107.2,55353,0,
2026-05-16T15:59:15.212502,GET,/api/mixed/http/,106.8,55353,0,
2026-05-16T15:59:15.212985,GET,/api/mixed/http/,108.41,55353,0,
2026-05-16T15:59:15.237521,GET,/api/mixed/pipeline/1/,3.17,82,0,
2026-05-16T15:59:15.262912,GET,/api/mixed/pipeline/1/,3.02,82,0,
2026-05-16T15:59:15.264682,GET,/api/mixed/http/,107.15,55353,0,
2026-05-16T15:59:15.268879,GET,/api/mixed/pipeline/1/,2.82,82,0,
2026-05-16T15:59:15.273561,GET,/api/mixed/pipeline/1/,3.44,82,0,
2026-05-16T15:59:15.335787,GET,/api/mixed/db/1/,3.97,247,0,
2026-05-16T15:59:15.380145,GET,/api/mixed/http/,107.41,55353,0,
2026-05-16T15:59:15.414580,GET,/api/mixed/db/1/,4.08,247,0,
2026-05-16T15:59:15.486889,GET,/api/mixed/pipeline/1/,3.04,82,0,
2026-05-16T15:59:15.635836,GET,/api/mixed/pipeline/1/,3.19,82,0,
2026-05-16T15:59:15.763520,GET,/api/mixed/pipeline/1/,3.02,82,0,
2026-05-16T15:59:15.799068,GET,/api/mixed/db/1/,4.27,247,0,
2026-05-16T15:59:15.845629,GET,/api/mixed/db/1/,8.77,247,0,
2026-05-16T15:59:15.944593,GET,/api/mixed/http/,108.27,55353,0,
2026-05-16T15:59:15.990041,GET,/api/mixed/db/1/,4.47,247,0,
2026-05-16T15:59:16.054948,GET,/api/mixed/http/,108.07,55353,0,
2026-05-16T15:59:16.083275,GET,/api/mixed/pipeline/1/,3.11,82,0,
2026-05-16T15:59:16.096102,GET,/api/mixed/db/1/,5.35,247,0,
2026-05-16T15:59:16.098727,GET,/api/mixed/pipeline/1/,3.58,82,0,
2026-05-16T15:59:16.173842,GET,/api/mixed/http/,107.53,55353,0,
2026-05-16T15:59:16.255300,GET,/api/mixed/db/1/,4.49,247,0,
2026-05-16T15:59:16.278102,GET,/api/mixed/db/1/,4.49,247,0,
2026-05-16T15:59:16.284343,GET,/api/mixed/pipeline/1/,3.08,82,0,
2026-05-16T15:59:16.296820,GET,/api/mixed/http/,107.72,55353,0,
2026-05-16T15:59:16.339758,GET,/api/mixed/pipeline/1/,3.71,82,0,
2026-05-16T15:59:16.343716,GET,/api/mixed/db/1/,4.76,247,0,
2026-05-16T15:59:16.419585,GET,/api/mixed/db/1/,4.2,247,0,
2026-05-16T15:59:16.442749,GET,/api/mixed/db/1/,5.77,247,0,
2026-05-16T15:59:16.451284,GET,/api/mixed/db/1/,4.27,247,0,
2026-05-16T15:59:16.503979,GET,/api/mixed/pipeline/1/,3.11,82,0,
2026-05-16T15:59:16.504380,GET,/api/mixed/pipeline/1/,3.95,82,0,
2026-05-16T15:59:16.545764,GET,/api/mixed/http/,108.28,55353,0,
2026-05-16T15:59:16.605378,GET,/api/mixed/http/,107.8,55353,0,
2026-05-16T15:59:16.636891,GET,/api/mixed/http/,107.27,55353,0,
2026-05-16T15:59:16.655631,GET,/api/mixed/pipeline/1/,3.41,82,0,
2026-05-16T15:59:16.784560,GET,/api/mixed/http/,107.57,55353,0,
2026-05-16T15:59:16.828920,GET,/api/mixed/pipeline/1/,4.01,82,0,
2026-05-16T15:59:16.829427,GET,/api/mixed/db/1/,7.38,247,0,
2026-05-16T15:59:16.835664,GET,/api/mixed/http/,108.95,55353,0,
2026-05-16T15:59:16.836874,GET,/api/mixed/db/1/,6.19,247,0,
2026-05-16T15:59:16.890931,GET,/api/mixed/http/,107.48,55353,0,
2026-05-16T15:59:16.898568,GET,/api/mixed/http/,106.98,55353,0,
2026-05-16T15:59:16.904788,GET,/api/mixed/http/,106.59,55353,0,
2026-05-16T15:59:16.962623,GET,/api/mixed/http/,107.21,55353,0,
2026-05-16T15:59:16.990189,GET,/api/mixed/pipeline/1/,3.33,82,0,
2026-05-16T15:59:17.051416,GET,/api/mixed/pipeline/1/,3.98,82,0,
2026-05-16T15:59:17.170751,GET,/api/mixed/pipeline/1/,3.52,82,0,
2026-05-16T15:59:17.171172,GET,/api/mixed/pipeline/1/,4.45,82,0,
2026-05-16T15:59:17.199946,GET,/api/mixed/db/1/,4.11,247,0,
2026-05-16T15:59:17.240820,GET,/api/mixed/http/,107.05,55353,0,
2026-05-16T15:59:17.270381,GET,/api/mixed/db/1/,4.21,247,0,
2026-05-16T15:59:17.278933,GET,/api/mixed/http/,107.67,55353,0,
2026-05-16T15:59:17.463396,GET,/api/mixed/db/1/,4.14,247,0,
2026-05-16T15:59:17.483609,GET,/api/mixed/http/,106.95,55353,0,
2026-05-16T15:59:17.553472,GET,/api/mixed/pipeline/1/,3.5,82,0,
2026-05-16T15:59:17.572949,GET,/api/mixed/http/,108.28,55353,0,
2026-05-16T15:59:17.583193,GET,/api/mixed/db/1/,4.54,247,0,
2026-05-16T15:59:17.585817,GET,/api/mixed/db/1/,4.46,247,0,
2026-05-16T15:59:17.665965,GET,/api/mixed/pipeline/1/,3.18,82,0,
2026-05-16T15:59:17.703486,GET,/api/mixed/http/,107.3,55353,0,
2026-05-16T15:59:17.800768,GET,/api/mixed/db/1/,6.05,247,0,
2026-05-16T15:59:17.855622,GET,/api/mixed/db/1/,4.31,247,0,
2026-05-16T15:59:17.880112,GET,/api/mixed/db/1/,4.06,247,0,
2026-05-16T15:59:18.149912,GET,/api/mixed/http/,109.02,55353,0,
2026-05-16T15:59:18.180699,GET,/api/mixed/db/1/,4.37,247,0,
2026-05-16T15:59:18.181566,GET,/api/mixed/http/,107.93,55353,0,
2026-05-16T15:59:18.185446,GET,/api/mixed/db/1/,3.77,247,0,
2026-05-16T15:59:18.245533,GET,/api/mixed/db/1/,3.93,247,0,
2026-05-16T15:59:18.324101,GET,/api/mixed/http/,107.27,55353,0,
2026-05-16T15:59:18.413670,GET,/api/mixed/pipeline/1/,3.25,82,0,
2026-05-16T15:59:18.431091,GET,/api/mixed/pipeline/1/,3.07,82,0,
2026-05-16T15:59:18.431615,GET,/api/mixed/http/,107.37,55353,0,
2026-05-16T15:59:18.442869,GET,/api/mixed/db/1/,4.07,247,0,
2026-05-16T15:59:18.456783,GET,/api/mixed/http/,108.02,55353,0,
2026-05-16T15:59:18.470061,GET,/api/mixed/pipeline/1/,2.9,82,0,
2026-05-16T15:59:18.523633,GET,/api/mixed/http/,107.57,55353,0,
2026-05-16T15:59:18.527335,GET,/api/mixed/http/,106.71,55353,0,
2026-05-16T15:59:18.557946,GET,/api/mixed/db/1/,4.21,247,0,
2026-05-16T15:59:18.600588,GET,/api/mixed/http/,107.29,55353,0,
2026-05-16T15:59:18.621005,GET,/api/mixed/pipeline/1/,3.07,82,0,
2026-05-16T15:59:18.633184,GET,/api/mixed/db/1/,3.85,247,0,
2026-05-16T15:59:18.662946,GET,/api/mixed/db/1/,4.55,247,0,
2026-05-16T15:59:18.692354,GET,/api/mixed/http/,107.06,55353,0,
2026-05-16T15:59:18.696285,GET,/api/mixed/db/1/,3.81,247,0,
2026-05-16T15:59:18.744248,GET,/api/mixed/db/1/,4.56,247,0,
2026-05-16T15:59:18.830929,GET,/api/mixed/db/1/,4.13,247,0,
2026-05-16T15:59:18.848414,GET,/api/mixed/http/,107.59,55353,0,
2026-05-16T15:59:18.892930,GET,/api/mixed/pipeline/1/,3.08,82,0,
2026-05-16T15:59:18.966569,GET,/api/mixed/pipeline/1/,3.12,82,0,
2026-05-16T15:59:18.989114,GET,/api/mixed/pipeline/1/,3.2,82,0,
2026-05-16T15:59:19.014709,GET,/api/mixed/http/,107.39,55353,0,
2026-05-16T15:59:19.059334,GET,/api/mixed/db/1/,4.58,247,0,
2026-05-16T15:59:19.188959,GET,/api/mixed/http/,107.23,55353,0,
2026-05-16T15:59:19.233963,GET,/api/mixed/db/1/,4.02,247,0,
2026-05-16T15:59:19.240098,GET,/api/mixed/pipeline/1/,2.84,82,0,
2026-05-16T15:59:19.303312,GET,/api/mixed/http/,107.0,55353,0,
2026-05-16T15:59:19.329275,GET,/api/mixed/db/1/,4.68,247,0,
2026-05-16T15:59:19.335108,GET,/api/mixed/db/1/,4.59,247,0,
2026-05-16T15:59:19.355799,GET,/api/mixed/pipeline/1/,3.41,82,0,
2026-05-16T15:59:19.363515,GET,/api/mixed/http/,107.07,55353,0,
2026-05-16T15:59:19.396449,GET,/api/mixed/http/,107.4,55353,0,
2026-05-16T15:59:19.452688,GET,/api/mixed/db/1/,4.28,247,0,
2026-05-16T15:59:19.522511,GET,/api/mixed/db/1/,4.39,247,0,
2026-05-16T15:59:19.524169,GET,/api/mixed/http/,107.31,55353,0,
2026-05-16T15:59:19.722930,GET,/api/mixed/http/,107.29,55353,0,
2026-05-16T15:59:19.783310,GET,/api/mixed/http/,107.93,55353,0,
2026-05-16T15:59:19.822761,GET,/api/mixed/http/,107.7,55353,0,
2026-05-16T15:59:19.911643,GET,/api/mixed/http/,107.87,55353,0,
2026-05-16T15:59:19.948258,GET,/api/mixed/http/,111.05,55353,0,
2026-05-16T15:59:19.953715,GET,/api/mixed/db/1/,8.71,247,0,
2026-05-16T15:59:19.954423,GET,/api/mixed/db/1/,8.58,247,0,
2026-05-16T15:59:19.994571,GET,/api/mixed/http/,107.26,55353,0,
2026-05-16T15:59:20.072291,GET,/api/mixed/pipeline/1/,3.86,82,0,
2026-05-16T15:59:20.106505,GET,/api/mixed/db/1/,3.98,247,0,
2026-05-16T15:59:20.114544,GET,/api/mixed/http/,109.26,55353,0,
2026-05-16T15:59:20.235076,GET,/api/mixed/db/1/,7.25,247,0,
2026-05-16T15:59:20.270594,GET,/api/mixed/pipeline/1/,3.24,82,0,
2026-05-16T15:59:20.281696,GET,/api/mixed/http/,107.71,55353,0,
2026-05-16T15:59:20.348923,GET,/api/mixed/db/1/,4.11,247,0,
2026-05-16T15:59:20.396730,GET,/api/mixed/db/1/,4.11,247,0,
2026-05-16T15:59:20.408339,GET,/api/mixed/http/,107.36,55353,0,
2026-05-16T15:59:20.431665,GET,/api/mixed/pipeline/1/,3.12,82,0,
2026-05-16T15:59:20.467877,GET,/api/mixed/db/1/,3.99,247,0,
2026-05-16T15:59:20.482066,GET,/api/mixed/db/1/,3.88,247,0,
2026-05-16T15:59:20.487302,GET,/api/mixed/db/1/,3.83,247,0,
2026-05-16T15:59:20.566049,GET,/api/mixed/pipeline/1/,3.22,82,0,
2026-05-16T15:59:20.591520,GET,/api/mixed/db/1/,4.21,247,0,
2026-05-16T15:59:20.605818,GET,/api/mixed/pipeline/1/,3.05,82,0,
2026-05-16T15:59:20.628252,GET,/api/mixed/pipeline/1/,3.16,82,0,
2026-05-16T15:59:20.675870,GET,/api/mixed/pipeline/1/,3.2,82,0,
2026-05-16T15:59:20.683852,GET,/api/mixed/db/1/,3.76,247,0,
2026-05-16T15:59:20.850629,GET,/api/mixed/db/1/,5.03,247,0,
2026-05-16T15:59:20.852558,GET,/api/mixed/pipeline/1/,2.95,82,0,
2026-05-16T15:59:20.881458,GET,/api/mixed/http/,109.1,55353,0,
2026-05-16T15:59:20.905790,GET,/api/mixed/http/,108.88,55353,0,
2026-05-16T15:59:20.906685,GET,/api/mixed/db/1/,5.88,247,0,
2026-05-16T15:59:20.956609,GET,/api/mixed/http/,108.28,55353,0,
2026-05-16T15:59:21.052459,GET,/api/mixed/http/,110.4,55353,0,
2026-05-16T15:59:21.065855,GET,/api/mixed/pipeline/1/,3.98,82,0,
2026-05-16T15:59:21.125043,GET,/api/mixed/pipeline/1/,3.88,82,0,
2026-05-16T15:59:21.129796,GET,/api/mixed/pipeline/1/,3.53,82,0,
2026-05-16T15:59:21.133226,GET,/api/mixed/db/1/,4.47,247,0,
2026-05-16T15:59:21.233335,GET,/api/mixed/http/,111.63,55353,0,
2026-05-16T15:59:21.293384,GET,/api/mixed/http/,107.75,55353,0,
2026-05-16T15:59:21.294128,GET,/api/mixed/db/1/,3.97,247,0,
2026-05-16T15:59:21.347650,GET,/api/mixed/http/,107.06,55353,0,
2026-05-16T15:59:21.442375,GET,/api/mixed/db/1/,4.29,247,0,
2026-05-16T15:59:21.451774,GET,/api/mixed/pipeline/1/,3.02,82,0,
2026-05-16T15:59:21.536458,GET,/api/mixed/http/,107.13,55353,0,
2026-05-16T15:59:21.587080,GET,/api/mixed/pipeline/1/,3.17,82,0,
2026-05-16T15:59:21.594170,GET,/api/mixed/pipeline/1/,2.86,82,0,
2026-05-16T15:59:21.602154,GET,/api/mixed/http/,107.1,55353,0,
2026-05-16T15:59:21.666610,GET,/api/mixed/db/1/,5.3,247,0,
2026-05-16T15:59:21.671467,GET,/api/mixed/http/,107.72,55353,0,
2026-05-16T15:59:21.730976,GET,/api/mixed/http/,107.42,55353,0,
2026-05-16T15:59:21.770451,GET,/api/mixed/http/,108.0,55353,0,
2026-05-16T15:59:21.892175,GET,/api/mixed/db/1/,4.19,247,0,
2026-05-16T15:59:21.980211,GET,/api/mixed/pipeline/1/,3.45,82,0,
2026-05-16T15:59:22.082241,GET,/api/mixed/pipeline/1/,3.2,82,0,
2026-05-16T15:59:22.083443,GET,/api/mixed/pipeline/1/,2.94,82,0,
2026-05-16T15:59:22.111055,GET,/api/mixed/http/,107.43,55353,0,
2026-05-16T15:59:22.111681,GET,/api/mixed/pipeline/1/,3.03,82,0,
2026-05-16T15:59:22.157589,GET,/api/mixed/http/,107.2,55353,0,
2026-05-16T15:59:22.158217,GET,/api/mixed/pipeline/1/,3.79,82,0,
2026-05-16T15:59:22.158996,GET,/api/mixed/pipeline/1/,3.41,82,0,
2026-05-16T15:59:22.262567,GET,/api/mixed/http/,108.59,55353,0,
2026-05-16T15:59:22.278905,GET,/api/mixed/db/1/,4.08,247,0,
2026-05-16T15:59:22.302681,GET,/api/mixed/http/,107.15,55353,0,
2026-05-16T15:59:22.331767,GET,/api/mixed/http/,113.56,55353,0,
2026-05-16T15:59:22.403465,GET,/api/mixed/pipeline/1/,3.23,82,0,
2026-05-16T15:59:22.410901,GET,/api/mixed/http/,107.02,55353,0,
2026-05-16T15:59:22.484688,GET,/api/mixed/pipeline/1/,3.48,82,0,
2026-05-16T15:59:22.641633,GET,/api/mixed/db/1/,4.58,247,0,
2026-05-16T15:59:22.659666,GET,/api/mixed/http/,107.68,55353,0,
2026-05-16T15:59:22.664910,GET,/api/mixed/http/,108.0,55353,0,
2026-05-16T15:59:22.708776,GET,/api/mixed/pipeline/1/,3.82,82,0,
2026-05-16T15:59:22.719512,GET,/api/mixed/db/1/,4.41,247,0,
2026-05-16T15:59:22.737767,GET,/api/mixed/pipeline/1/,3.95,82,0,
2026-05-16T15:59:22.781035,GET,/api/mixed/pipeline/1/,3.76,82,0,
2026-05-16T15:59:22.803370,GET,/api/mixed/http/,108.17,55353,0,
2026-05-16T15:59:22.851375,GET,/api/mixed/pipeline/1/,3.03,82,0,
2026-05-16T15:59:22.869935,GET,/api/mixed/db/1/,3.84,247,0,
2026-05-16T15:59:22.881059,GET,/api/mixed/db/1/,3.79,247,0,
2026-05-16T15:59:22.911310,GET,/api/mixed/pipeline/1/,4.02,82,0,
2026-05-16T15:59:22.911908,GET,/api/mixed/db/1/,4.08,247,0,
2026-05-16T15:59:22.927295,GET,/api/mixed/http/,107.62,55353,0,
2026-05-16T15:59:22.930220,GET,/api/mixed/db/1/,4.11,247,0,
2026-05-16T15:59:22.966367,GET,/api/mixed/http/,110.65,55353,0,
2026-05-16T15:59:22.993317,GET,/api/mixed/db/1/,4.29,247,0,
2026-05-16T15:59:23.043500,GET,/api/mixed/pipeline/1/,3.68,82,0,
2026-05-16T15:59:23.117581,GET,/api/mixed/http/,107.56,55353,0,
2026-05-16T15:59:23.173256,GET,/api/mixed/db/1/,4.36,247,0,
2026-05-16T15:59:23.208176,GET,/api/mixed/http/,113.54,55353,0,
2026-05-16T15:59:23.209120,GET,/api/mixed/db/1/,10.94,247,0,
2026-05-16T15:59:23.218085,GET,/api/mixed/http/,107.93,55353,0,
2026-05-16T15:59:23.260335,GET,/api/mixed/pipeline/1/,3.36,82,0,
2026-05-16T15:59:23.263963,GET,/api/mixed/db/1/,4.43,247,0,
2026-05-16T15:59:23.284206,GET,/api/mixed/db/1/,3.99,247,0,
2026-05-16T15:59:23.284771,GET,/api/mixed/http/,107.3,55353,0,
2026-05-16T15:59:23.346489,GET,/api/mixed/http/,107.14,55353,0,
2026-05-16T15:59:23.414211,GET,/api/mixed/pipeline/1/,3.06,82,0,
2026-05-16T15:59:23.540781,GET,/api/mixed/db/1/,4.07,247,0,
2026-05-16T15:59:23.657121,GET,/api/mixed/pipeline/1/,3.01,82,0,
2026-05-16T15:59:23.717141,GET,/api/mixed/db/1/,4.08,247,0,
2026-05-16T15:59:23.721173,GET,/api/mixed/pipeline/1/,2.77,82,0,
2026-05-16T15:59:23.751630,GET,/api/mixed/http/,107.29,55353,0,
2026-05-16T15:59:23.772420,GET,/api/mixed/http/,106.92,55353,0,
2026-05-16T15:59:23.935986,GET,/api/mixed/pipeline/1/,2.92,82,0,
2026-05-16T15:59:23.946684,GET,/api/mixed/pipeline/1/,5.92,82,0,
2026-05-16T15:59:23.973581,GET,/api/mixed/db/1/,3.97,247,0,
2026-05-16T15:59:23.975825,GET,/api/mixed/http/,106.99,55353,0,
2026-05-16T15:59:23.984933,GET,/api/mixed/pipeline/1/,2.8,82,0,
2026-05-16T15:59:24.028473,GET,/api/mixed/http/,107.11,55353,0,
2026-05-16T15:59:24.041059,GET,/api/mixed/pipeline/1/,2.9,82,0,
2026-05-16T15:59:24.052956,GET,/api/mixed/http/,107.19,55353,0,
2026-05-16T15:59:24.135983,GET,/api/mixed/http/,107.37,55353,0,
2026-05-16T15:59:24.207582,GET,/api/mixed/http/,107.18,55353,0,
2026-05-16T15:59:24.215541,GET,/api/mixed/http/,107.48,55353,0,
2026-05-16T15:59:24.310889,GET,/api/mixed/pipeline/1/,3.12,82,0,
2026-05-16T15:59:24.400346,GET,/api/mixed/http/,111.35,55353,0,
2026-05-16T15:59:24.503369,GET,/api/mixed/pipeline/1/,3.05,82,0,
2026-05-16T15:59:24.515892,GET,/api/mixed/http/,107.08,55353,0,
2026-05-16T15:59:24.552448,GET,/api/mixed/pipeline/1/,3.14,82,0,
2026-05-16T15:59:24.614498,GET,/api/mixed/pipeline/1/,2.86,82,0,
2026-05-16T15:59:24.634815,GET,/api/mixed/db/1/,4.01,247,0,
2026-05-16T15:59:24.658739,GET,/api/mixed/pipeline/1/,3.51,82,0,
2026-05-16T15:59:24.688194,GET,/api/mixed/db/1/,4.12,247,0,
2026-05-16T15:59:24.708954,GET,/api/mixed/db/1/,4.44,247,0,
2026-05-16T15:59:24.715042,GET,/api/mixed/http/,107.22,55353,0,
2026-05-16T15:59:24.800793,GET,/api/mixed/http/,108.17,55353,0,
2026-05-16T15:59:24.842190,GET,/api/mixed/pipeline/1/,3.04,82,0,
2026-05-16T15:59:24.911307,GET,/api/mixed/http/,108.2,55353,0,
2026-05-16T15:59:24.929676,GET,/api/mixed/db/1/,5.74,247,0,
2026-05-16T15:59:25.072487,GET,/api/mixed/http/,107.45,55353,0,
2026-05-16T15:59:25.118629,GET,/api/mixed/db/1/,4.78,247,0,
2026-05-16T15:59:25.134206,GET,/api/mixed/pipeline/1/,3.16,82,0,
2026-05-16T15:59:25.155632,GET,/api/mixed/pipeline/1/,3.05,82,0,
2026-05-16T15:59:25.176665,GET,/api/mixed/db/1/,6.22,247,0,
2026-05-16T15:59:25.200171,GET,/api/mixed/pipeline/1/,3.09,82,0,
2026-05-16T15:59:25.258169,GET,/api/mixed/db/1/,4.87,247,0,
2026-05-16T15:59:25.332697,GET,/api/mixed/http/,107.28,55353,0,
2026-05-16T15:59:25.356151,GET,/api/mixed/pipeline/1/,2.62,82,0,
2026-05-16T15:59:25.413507,GET,/api/mixed/pipeline/1/,4.25,82,0,
2026-05-16T15:59:25.426704,GET,/api/mixed/pipeline/1/,6.64,82,0,
2026-05-16T15:59:25.433733,GET,/api/mixed/db/1/,4.96,247,0,
2026-05-16T15:59:25.459437,GET,/api/mixed/http/,107.4,55353,0,
2026-05-16T15:59:25.470811,GET,/api/mixed/pipeline/1/,3.09,82,0,
2026-05-16T15:59:25.475139,GET,/api/mixed/http/,107.61,55353,0,
2026-05-16T15:59:25.484546,GET,/api/mixed/http/,107.29,55353,0,
2026-05-16T15:59:25.501134,GET,/api/mixed/pipeline/1/,3.25,82,0,
2026-05-16T15:59:25.513501,GET,/api/mixed/db/1/,4.08,247,0,
2026-05-16T15:59:25.521709,GET,/api/mixed/db/1/,3.9,247,0,
2026-05-16T15:59:25.547485,GET,/api/mixed/http/,108.39,55353,0,
2026-05-16T15:59:25.666488,GET,/api/mixed/db/1/,4.51,247,0,
2026-05-16T15:59:25.713377,GET,/api/mixed/db/1/,4.57,247,0,
2026-05-16T15:59:25.771695,GET,/api/mixed/db/1/,4.42,247,0,
2026-05-16T15:59:25.772136,GET,/api/mixed/db/1/,5.48,247,0,
2026-05-16T15:59:25.795117,GET,/api/mixed/db/1/,4.34,247,0,
2026-05-16T15:59:25.855386,GET,/api/mixed/db/1/,4.21,247,0,
2026-05-16T15:59:25.937915,GET,/api/mixed/http/,107.59,55353,0,
2026-05-16T15:59:25.963387,GET,/api/mixed/pipeline/1/,3.46,82,0,
2026-05-16T15:59:25.973705,GET,/api/mixed/http/,109.09,55353,0,
2026-05-16T15:59:25.988551,GET,/api/mixed/db/1/,4.22,247,0,
2026-05-16T15:59:26.004003,GET,/api/mixed/pipeline/1/,3.23,82,0,
2026-05-16T15:59:26.009181,GET,/api/mixed/pipeline/1/,2.8,82,0,
2026-05-16T15:59:26.795074,GET,/api/mixed/http/,108.16,55353,0,
2026-05-16T15:59:26.819634,GET,/api/mixed/pipeline/1/,3.15,82,0,
2026-05-16T15:59:26.904428,GET,/api/mixed/db/1/,4.34,247,0,
2026-05-16T15:59:26.925017,GET,/api/mixed/pipeline/1/,3.44,82,0,
2026-05-16T15:59:26.959194,GET,/api/mixed/db/1/,4.89,247,0,
2026-05-16T15:59:26.962478,GET,/api/mixed/db/1/,4.3,247,0,
2026-05-16T15:59:27.014197,GET,/api/mixed/http/,107.45,55353,0,
2026-05-16T15:59:27.114134,GET,/api/mixed/http/,107.41,55353,0,
2026-05-16T15:59:27.158649,GET,/api/mixed/db/1/,4.22,247,0,
2026-05-16T15:59:27.276586,GET,/api/mixed/db/1/,4.54,247,0,
2026-05-16T15:59:27.316464,GET,/api/mixed/db/1/,5.58,247,0,
2026-05-16T15:59:27.325478,GET,/api/mixed/pipeline/1/,3.72,82,0,
2026-05-16T15:59:27.472125,GET,/api/mixed/db/1/,4.33,247,0,
2026-05-16T15:59:27.512416,GET,/api/mixed/db/1/,4.11,247,0,
2026-05-16T15:59:27.567581,GET,/api/mixed/http/,107.77,55353,0,
2026-05-16T15:59:27.596170,GET,/api/mixed/http/,108.61,55353,0,
2026-05-16T15:59:27.641867,GET,/api/mixed/http/,108.02,55353,0,
2026-05-16T15:59:27.759721,GET,/api/mixed/pipeline/1/,3.84,82,0,
2026-05-16T15:59:27.868647,GET,/api/mixed/http/,114.25,55353,0,
2026-05-16T15:59:27.879977,GET,/api/mixed/db/1/,4.06,247,0,
2026-05-16T15:59:27.880502,GET,/api/mixed/http/,107.52,55353,0,
2026-05-16T15:59:27.910917,GET,/api/mixed/http/,107.23,55353,0,
2026-05-16T15:59:27.978998,GET,/api/mixed/db/1/,4.42,247,0,
2026-05-16T15:59:28.098721,GET,/api/mixed/db/1/,4.5,247,0,
2026-05-16T15:59:28.119415,GET,/api/mixed/db/1/,4.38,247,0,
2026-05-16T15:59:28.221378,GET,/api/mixed/db/1/,4.91,247,0,
2026-05-16T15:59:28.252274,GET,/api/mixed/http/,107.49,55353,0,
2026-05-16T15:59:28.274110,GET,/api/mixed/http/,108.53,55353,0,
2026-05-16T15:59:28.276275,GET,/api/mixed/db/1/,4.25,247,0,
2026-05-16T15:59:28.279376,GET,/api/mixed/pipeline/1/,2.97,82,0,
2026-05-16T15:59:28.289854,GET,/api/mixed/db/1/,8.02,247,0,
2026-05-16T15:59:28.311722,GET,/api/mixed/http/,108.43,55353,0,
2026-05-16T15:59:28.314400,GET,/api/mixed/db/1/,5.3,247,0,
2026-05-16T15:59:28.319471,GET,/api/mixed/pipeline/1/,2.87,82,0,
2026-05-16T15:59:28.346637,GET,/api/mixed/db/1/,5.77,247,0,
2026-05-16T15:59:28.413936,GET,/api/mixed/http/,107.55,55353,0,
2026-05-16T15:59:28.450657,GET,/api/mixed/http/,109.08,55353,0,
2026-05-16T15:59:28.456435,GET,/api/mixed/pipeline/1/,3.68,82,0,
2026-05-16T15:59:28.503728,GET,/api/mixed/pipeline/1/,4.86,82,0,
2026-05-16T15:59:28.536466,GET,/api/mixed/db/1/,6.14,247,0,
2026-05-16T15:59:28.644545,GET,/api/mixed/http/,107.95,55353,0,
2026-05-16T15:59:28.713366,GET,/api/mixed/pipeline/1/,3.39,82,0,
2026-05-16T15:59:28.743188,GET,/api/mixed/pipeline/1/,4.06,82,0,
2026-05-16T15:59:28.799106,GET,/api/mixed/db/1/,4.61,247,0,
2026-05-16T15:59:28.838639,GET,/api/mixed/db/1/,5.6,247,0,
2026-05-16T15:59:28.853675,GET,/api/mixed/pipeline/1/,8.6,82,0,
2026-05-16T15:59:28.872925,GET,/api/mixed/http/,108.96,55353,0,
2026-05-16T15:59:28.888298,GET,/api/mixed/http/,107.55,55353,0,
2026-05-16T15:59:28.956375,GET,/api/mixed/http/,109.35,55353,0,
2026-05-16T15:59:28.969836,GET,/api/mixed/pipeline/1/,3.06,82,0,
2026-05-16T15:59:29.014731,GET,/api/mixed/pipeline/1/,3.64,82,0,
2026-05-16T15:59:29.015167,GET,/api/mixed/pipeline/1/,3.5,82,0,
2026-05-16T15:59:29.075425,GET,/api/mixed/pipeline/1/,3.23,82,0,
2026-05-16T15:59:29.113245,GET,/api/mixed/db/1/,4.39,247,0,
2026-05-16T15:59:29.136466,GET,/api/mixed/http/,107.99,55353,0,
2026-05-16T15:59:29.225475,GET,/api/mixed/pipeline/1/,4.26,82,0,
2026-05-16T15:59:29.233965,GET,/api/mixed/db/1/,4.2,247,0,
2026-05-16T15:59:29.281910,GET,/api/mixed/http/,108.11,55353,0,
2026-05-16T15:59:29.296659,GET,/api/mixed/http/,107.19,55353,0,
2026-05-16T15:59:29.322190,GET,/api/mixed/db/1/,4.25,247,0,
2026-05-16T15:59:29.561924,GET,/api/mixed/pipeline/1/,3.28,82,0,
2026-05-16T15:59:29.607508,GET,/api/mixed/db/1/,7.88,247,0,
2026-05-16T15:59:29.616195,GET,/api/mixed/pipeline/1/,3.42,82,0,
2026-05-16T15:59:29.632758,GET,/api/mixed/pipeline/1/,3.18,82,0,
2026-05-16T15:59:29.641776,GET,/api/mixed/http/,107.85,55353,0,
2026-05-16T15:59:29.663366,GET,/api/mixed/http/,107.67,55353,0,
2026-05-16T15:59:29.762376,GET,/api/mixed/http/,107.33,55353,0,
2026-05-16T15:59:29.815827,GET,/api/mixed/db/1/,5.39,247,0,
2026-05-16T15:59:29.834458,GET,/api/mixed/pipeline/1/,3.3,82,0,
2026-05-16T15:59:29.849934,GET,/api/mixed/db/1/,10.22,247,0,
2026-05-16T15:59:29.998429,GET,/api/mixed/pipeline/1/,3.22,82,0,
2026-05-16T15:59:30.048085,GET,/api/mixed/pipeline/1/,3.21,82,0,
2026-05-16T15:59:30.050857,GET,/api/mixed/http/,107.39,55353,0,
2026-05-16T15:59:30.112173,GET,/api/mixed/pipeline/1/,3.14,82,0,
2026-05-16T15:59:30.172170,GET,/api/mixed/http/,107.9,55353,0,
2026-05-16T15:59:30.183364,GET,/api/mixed/pipeline/1/,3.82,82,0,
2026-05-16T15:59:30.200088,GET,/api/mixed/db/1/,4.38,247,0,
2026-05-16T15:59:30.222050,GET,/api/mixed/http/,107.64,55353,0,
2026-05-16T15:59:30.240591,GET,/api/mixed/pipeline/1/,3.15,82,0,
2026-05-16T15:59:30.437583,GET,/api/mixed/http/,108.23,55353,0,
2026-05-16T15:59:30.475193,GET,/api/mixed/pipeline/1/,3.31,82,0,
2026-05-16T15:59:30.495987,GET,/api/mixed/db/1/,4.37,247,0,
2026-05-16T15:59:30.523742,GET,/api/mixed/http/,107.7,55353,0,
2026-05-16T15:59:30.551941,GET,/api/mixed/db/1/,4.59,247,0,
2026-05-16T15:59:30.556480,GET,/api/mixed/db/1/,4.41,247,0,
2026-05-16T15:59:30.566967,GET,/api/mixed/db/1/,4.24,247,0,
2026-05-16T15:59:30.606395,GET,/api/mixed/http/,108.16,55353,0,
2026-05-16T15:59:30.610632,GET,/api/mixed/pipeline/1/,3.03,82,0,
2026-05-16T15:59:30.625368,GET,/api/mixed/db/1/,4.32,247,0,
2026-05-16T15:59:30.660592,GET,/api/mixed/http/,108.06,55353,0,
2026-05-16T15:59:30.671793,GET,/api/mixed/db/1/,4.23,247,0,
2026-05-16T15:59:30.680165,GET,/api/mixed/pipeline/1/,3.08,82,0,
2026-05-16T15:59:30.767579,GET,/api/mixed/http/,108.19,55353,0,
2026-05-16T15:59:30.805105,GET,/api/mixed/db/1/,4.19,247,0,
2026-05-16T15:59:30.805620,GET,/api/mixed/http/,107.06,55353,0,
2026-05-16T15:59:30.842444,GET,/api/mixed/pipeline/1/,3.62,82,0,
2026-05-16T15:59:30.878850,GET,/api/mixed/db/1/,4.18,247,0,
2026-05-16T15:59:30.915652,GET,/api/mixed/db/1/,3.84,247,0,
2026-05-16T15:59:31.006938,GET,/api/mixed/pipeline/1/,3.76,82,0,
2026-05-16T15:59:31.012226,GET,/api/mixed/http/,107.18,55353,0,
2026-05-16T15:59:31.118939,GET,/api/mixed/http/,107.72,55353,0,
2026-05-16T15:59:31.185752,GET,/api/mixed/http/,108.47,55353,0,
2026-05-16T15:59:31.213002,GET,/api/mixed/db/1/,4.91,247,0,
2026-05-16T15:59:31.216457,GET,/api/mixed/db/1/,4.53,247,0,
2026-05-16T15:59:31.348428,GET,/api/mixed/http/,107.63,55353,0,
2026-05-16T15:59:31.479300,GET,/api/mixed/db/1/,4.2,247,0,
2026-05-16T15:59:31.519759,GET,/api/mixed/pipeline/1/,3.18,82,0,
2026-05-16T15:59:31.529848,GET,/api/mixed/http/,107.11,55353,0,
2026-05-16T15:59:31.572693,GET,/api/mixed/http/,107.22,55353,0,
2026-05-16T15:59:31.643423,GET,/api/mixed/db/1/,4.27,247,0,
2026-05-16T15:59:31.729176,GET,/api/mixed/db/1/,5.27,247,0,
2026-05-16T15:59:31.762594,GET,/api/mixed/pipeline/1/,3.28,82,0,
2026-05-16T15:59:31.772825,GET,/api/mixed/pipeline/1/,4.98,82,0,
2026-05-16T15:59:31.836395,GET,/api/mixed/http/,108.37,55353,0,
2026-05-16T15:59:31.871193,GET,/api/mixed/db/1/,4.13,247,0,
2026-05-16T15:59:31.884334,GET,/api/mixed/db/1/,3.9,247,0,
2026-05-16T15:59:31.962874,GET,/api/mixed/http/,108.05,55353,0,
2026-05-16T15:59:31.992935,GET,/api/mixed/db/1/,4.07,247,0,
2026-05-16T15:59:32.003542,GET,/api/mixed/db/1/,4.18,247,0,
2026-05-16T15:59:32.012763,GET,/api/mixed/http/,108.1,55353,0,
2026-05-16T15:59:32.020657,GET,/api/mixed/db/1/,4.52,247,0,
2026-05-16T15:59:32.055930,GET,/api/mixed/db/1/,7.97,247,0,
2026-05-16T15:59:32.075604,GET,/api/mixed/http/,108.34,55353,0,
2026-05-16T15:59:32.080330,GET,/api/mixed/db/1/,6.43,247,0,
2026-05-16T15:59:32.111598,GET,/api/mixed/db/1/,4.06,247,0,
2026-05-16T15:59:32.122879,GET,/api/mixed/db/1/,3.9,247,0,
2026-05-16T15:59:32.129462,GET,/api/mixed/http/,109.69,55353,0,
2026-05-16T15:59:32.140842,GET,/api/mixed/http/,107.75,55353,0,
2026-05-16T15:59:32.150318,GET,/api/mixed/pipeline/1/,3.13,82,0,
2026-05-16T15:59:32.184499,GET,/api/mixed/http/,108.68,55353,0,
2026-05-16T15:59:32.200074,GET,/api/mixed/pipeline/1/,3.22,82,0,
2026-05-16T15:59:32.241577,GET,/api/mixed/db/1/,4.2,247,0,
2026-05-16T15:59:32.315231,GET,/api/mixed/db/1/,4.2,247,0,
2026-05-16T15:59:32.458972,GET,/api/mixed/db/1/,9.26,247,0,
2026-05-16T15:59:32.544520,GET,/api/mixed/pipeline/1/,7.82,82,0,
2026-05-16T15:59:32.584128,GET,/api/mixed/db/1/,4.51,247,0,
2026-05-16T15:59:32.651960,GET,/api/mixed/http/,108.35,55353,0,
2026-05-16T15:59:32.661451,GET,/api/mixed/db/1/,5.14,247,0,
2026-05-16T15:59:32.672338,GET,/api/mixed/db/1/,4.05,247,0,
2026-05-16T15:59:32.767873,GET,/api/mixed/http/,107.73,55353,0,
2026-05-16T15:59:32.813442,GET,/api/mixed/http/,107.84,55353,0,
2026-05-16T15:59:32.821949,GET,/api/mixed/http/,108.72,55353,0,
2026-05-16T15:59:32.822370,GET,/api/mixed/db/1/,4.69,247,0,
2026-05-16T15:59:32.831625,GET,/api/mixed/db/1/,3.94,247,0,
2026-05-16T15:59:32.856748,GET,/api/mixed/db/1/,4.81,247,0,
2026-05-16T15:59:32.873679,GET,/api/mixed/db/1/,4.03,247,0,
2026-05-16T15:59:32.963159,GET,/api/mixed/http/,107.55,55353,0,
2026-05-16T15:59:32.997569,GET,/api/mixed/pipeline/1/,3.2,82,0,
2026-05-16T15:59:33.015807,GET,/api/mixed/http/,107.78,55353,0,
2026-05-16T15:59:33.023283,GET,/api/mixed/db/1/,4.24,247,0,
2026-05-16T15:59:33.057552,GET,/api/mixed/pipeline/1/,4.02,82,0,
2026-05-16T15:59:33.064105,GET,/api/mixed/pipeline/1/,3.14,82,0,
2026-05-16T15:59:33.138692,GET,/api/mixed/pipeline/1/,3.28,82,0,
2026-05-16T15:59:33.309420,GET,/api/mixed/pipeline/1/,3.3,82,0,
2026-05-16T15:59:33.473016,GET,/api/mixed/db/1/,5.33,247,0,
2026-05-16T15:59:33.473659,GET,/api/mixed/db/1/,4.86,247,0,
2026-05-16T15:59:33.483214,GET,/api/mixed/http/,107.21,55353,0,
2026-05-16T15:59:33.563721,GET,/api/mixed/db/1/,4.86,247,0,
2026-05-16T15:59:33.645332,GET,/api/mixed/pipeline/1/,3.1,82,0,
2026-05-16T15:59:33.656563,GET,/api/mixed/db/1/,3.98,247,0,
2026-05-16T15:59:33.683887,GET,/api/mixed/db/1/,3.97,247,0,
2026-05-16T15:59:33.714286,GET,/api/mixed/pipeline/1/,3.02,82,0,
2026-05-16T15:59:33.822505,GET,/api/mixed/http/,107.01,55353,0,
2026-05-16T15:59:33.832175,GET,/api/mixed/http/,107.03,55353,0,
2026-05-16T15:59:33.844252,GET,/api/mixed/pipeline/1/,2.88,82,0,
2026-05-16T15:59:33.966089,GET,/api/mixed/db/1/,4.53,247,0,
2026-05-16T15:59:33.982382,GET,/api/mixed/pipeline/1/,3.06,82,0,
2026-05-16T15:59:34.018823,GET,/api/mixed/pipeline/1/,3.23,82,0,
2026-05-16T15:59:34.048701,GET,/api/mixed/http/,110.11,55353,0,
2026-05-16T15:59:34.091150,GET,/api/mixed/pipeline/1/,3.03,82,0,
2026-05-16T15:59:34.100928,GET,/api/mixed/pipeline/1/,2.84,82,0,
2026-05-16T15:59:34.129635,GET,/api/mixed/db/1/,4.94,247,0,
2026-05-16T15:59:34.156574,GET,/api/mixed/pipeline/1/,3.18,82,0,
2026-05-16T15:59:34.200151,GET,/api/mixed/http/,107.58,55353,0,
2026-05-16T15:59:34.209168,GET,/api/mixed/http/,106.89,55353,0,
2026-05-16T15:59:34.260335,GET,/api/mixed/db/1/,6.74,247,0,
2026-05-16T15:59:34.280136,GET,/api/mixed/pipeline/1/,4.49,82,0,
2026-05-16T15:59:34.293059,GET,/api/mixed/http/,107.21,55353,0,
2026-05-16T15:59:34.331681,GET,/api/mixed/http/,109.26,55353,0,
2026-05-16T15:59:34.427539,GET,/api/mixed/db/1/,4.26,247,0,
2026-05-16T15:59:34.492549,GET,/api/mixed/http/,108.3,55353,0,
2026-05-16T15:59:34.576816,GET,/api/mixed/db/1/,8.64,247,0,
2026-05-16T15:59:34.584219,GET,/api/mixed/pipeline/1/,3.95,82,0,
2026-05-16T15:59:34.621875,GET,/api/mixed/pipeline/1/,3.41,82,0,
2026-05-16T15:59:34.624343,GET,/api/mixed/pipeline/1/,4.29,82,0,
2026-05-16T15:59:34.693955,GET,/api/mixed/pipeline/1/,3.38,82,0,
2026-05-16T15:59:34.694531,GET,/api/mixed/db/1/,4.51,247,0,
2026-05-16T15:59:34.710682,GET,/api/mixed/pipeline/1/,2.84,82,0,
2026-05-16T15:59:34.728092,GET,/api/mixed/pipeline/1/,3.05,82,0,
2026-05-16T15:59:34.731014,GET,/api/mixed/http/,107.68,55353,0,
2026-05-16T15:59:34.795855,GET,/api/mixed/pipeline/1/,3.6,82,0,
2026-05-16T15:59:34.875730,GET,/api/mixed/pipeline/1/,3.33,82,0,
2026-05-16T15:59:34.883730,GET,/api/mixed/http/,107.21,55353,0,
2026-05-16T15:59:34.913997,GET,/api/mixed/db/1/,4.03,247,0,
2026-05-16T15:59:35.126702,GET,/api/mixed/pipeline/1/,3.36,82,0,
2026-05-16T15:59:35.128046,GET,/api/mixed/db/1/,5.21,247,0,
2026-05-16T15:59:35.162678,GET,/api/mixed/http/,109.16,55353,0,
2026-05-16T15:59:35.170772,GET,/api/mixed/pipeline/1/,2.79,82,0,
2026-05-16T15:59:35.204290,GET,/api/mixed/http/,107.02,55353,0,
2026-05-16T15:59:35.222592,GET,/api/mixed/pipeline/1/,3.09,82,0,
2026-05-16T15:59:35.274653,GET,/api/mixed/http/,107.78,55353,0,
2026-05-16T15:59:35.311120,GET,/api/mixed/pipeline/1/,3.21,82,0,
2026-05-16T15:59:35.351718,GET,/api/mixed/db/1/,4.12,247,0,
2026-05-16T15:59:35.411295,GET,/api/mixed/db/1/,4.3,247,0,
2026-05-16T15:59:35.414468,GET,/api/mixed/pipeline/1/,3.04,82,0,
2026-05-16T15:59:35.511370,GET,/api/mixed/db/1/,4.5,247,0,
2026-05-16T15:59:35.528499,GET,/api/mixed/db/1/,4.84,247,0,
2026-05-16T15:59:35.606052,GET,/api/mixed/db/1/,4.19,247,0,
2026-05-16T15:59:35.691133,GET,/api/mixed/http/,108.97,55353,0,
2026-05-16T15:59:35.725676,GET,/api/mixed/http/,109.17,55353,0,
2026-05-16T15:59:35.743924,GET,/api/mixed/db/1/,4.84,247,0,
2026-05-16T15:59:35.799239,GET,/api/mixed/pipeline/1/,3.76,82,0,
2026-05-16T15:59:35.812871,GET,/api/mixed/db/1/,4.36,247,0,
2026-05-16T15:59:35.848290,GET,/api/mixed/pipeline/1/,3.15,82,0,
2026-05-16T15:59:35.851542,GET,/api/mixed/http/,107.5,55353,0,
2026-05-16T15:59:35.868372,GET,/api/mixed/db/1/,4.47,247,0,
2026-05-16T15:59:35.877650,GET,/api/mixed/db/1/,4.03,247,0,
2026-05-16T15:59:35.896076,GET,/api/mixed/pipeline/1/,3.18,82,0,
2026-05-16T15:59:35.982562,GET,/api/mixed/pipeline/1/,8.01,82,0,
2026-05-16T15:59:36.247670,GET,/api/mixed/pipeline/1/,3.32,82,0,
2026-05-16T15:59:36.264690,GET,/api/mixed/db/1/,4.72,247,0,
2026-05-16T15:59:36.295724,GET,/api/mixed/pipeline/1/,4.63,82,0,
2026-05-16T15:59:36.297576,GET,/api/mixed/db/1/,6.03,247,0,
2026-05-16T15:59:36.365132,GET,/api/mixed/pipeline/1/,4.96,82,0,
2026-05-16T15:59:36.434213,GET,/api/mixed/pipeline/1/,3.71,82,0,
2026-05-16T15:59:36.437949,GET,/api/mixed/db/1/,5.76,247,0,
2026-05-16T15:59:36.446455,GET,/api/mixed/http/,107.53,55353,0,
2026-05-16T15:59:36.495277,GET,/api/mixed/pipeline/1/,3.85,82,0,
2026-05-16T15:59:36.516825,GET,/api/mixed/db/1/,4.2,247,0,
2026-05-16T15:59:36.536159,GET,/api/mixed/pipeline/1/,3.28,82,0,
2026-05-16T15:59:36.590024,GET,/api/mixed/http/,107.62,55353,0,
2026-05-16T15:59:36.590511,GET,/api/mixed/http/,108.66,55353,0,
2026-05-16T15:59:36.610457,GET,/api/mixed/db/1/,4.7,247,0,
2026-05-16T15:59:36.625655,GET,/api/mixed/http/,107.53,55353,0,
2026-05-16T15:59:36.631256,GET,/api/mixed/db/1/,4.35,247,0,
2026-05-16T15:59:36.720480,GET,/api/mixed/http/,113.28,55353,0,
2026-05-16T15:59:36.721149,GET,/api/mixed/db/1/,4.9,247,0,
2026-05-16T15:59:36.731333,GET,/api/mixed/http/,107.62,55353,0,
2026-05-16T15:59:36.795414,GET,/api/mixed/http/,108.36,55353,0,
2026-05-16T15:59:36.819851,GET,/api/mixed/pipeline/1/,3.18,82,0,
2026-05-16T15:59:36.832299,GET,/api/mixed/pipeline/1/,3.18,82,0,
2026-05-16T15:59:36.840556,GET,/api/mixed/http/,107.83,55353,0,
2026-05-16T15:59:36.843049,GET,/api/mixed/pipeline/1/,3.63,82,0,
2026-05-16T15:59:36.961522,GET,/api/mixed/db/1/,9.99,247,0,
2026-05-16T15:59:37.104488,GET,/api/mixed/db/1/,4.63,247,0,
2026-05-16T15:59:37.116050,GET,/api/mixed/db/1/,4.27,247,0,
2026-05-16T15:59:37.140401,GET,/api/mixed/pipeline/1/,4.03,82,0,
2026-05-16T15:59:37.169573,GET,/api/mixed/db/1/,4.63,247,0,
2026-05-16T15:59:37.257796,GET,/api/mixed/pipeline/1/,3.35,82,0,
2026-05-16T15:59:37.289619,GET,/api/mixed/http/,107.67,55353,0,
2026-05-16T15:59:37.311221,GET,/api/mixed/pipeline/1/,3.18,82,0,
2026-05-16T15:59:37.323108,GET,/api/mixed/db/1/,4.44,247,0,
2026-05-16T15:59:37.336445,GET,/api/mixed/pipeline/1/,2.89,82,0,
2026-05-16T15:59:37.343123,GET,/api/mixed/http/,107.46,55353,0,
2026-05-16T15:59:37.426673,GET,/api/mixed/db/1/,4.29,247,0,
2026-05-16T15:59:37.438990,GET,/api/mixed/http/,108.67,55353,0,
2026-05-16T15:59:37.456678,GET,/api/mixed/http/,107.23,55353,0,
2026-05-16T15:59:37.562760,GET,/api/mixed/http/,108.5,55353,0,
2026-05-16T15:59:37.595032,GET,/api/mixed/db/1/,5.96,247,0,
2026-05-16T15:59:37.644402,GET,/api/mixed/http/,107.36,55353,0,
2026-05-16T15:59:37.765801,GET,/api/mixed/db/1/,3.97,247,0,
2026-05-16T15:59:37.812474,GET,/api/mixed/http/,108.8,55353,0,
2026-05-16T15:59:37.851256,GET,/api/mixed/pipeline/1/,3.5,82,0,
2026-05-16T15:59:37.877894,GET,/api/mixed/pipeline/1/,3.2,82,0,
2026-05-16T15:59:37.900570,GET,/api/mixed/http/,107.64,55353,0,
2026-05-16T15:59:37.910380,GET,/api/mixed/db/1/,4.35,247,0,
2026-05-16T15:59:37.942242,GET,/api/mixed/pipeline/1/,4.29,82,0,
2026-05-16T15:59:38.008845,GET,/api/mixed/db/1/,4.04,247,0,
2026-05-16T15:59:38.045591,GET,/api/mixed/pipeline/1/,2.81,82,0,
2026-05-16T15:59:38.051685,GET,/api/mixed/db/1/,3.75,247,0,
2026-05-16T15:59:38.147230,GET,/api/mixed/http/,108.07,55353,0,
2026-05-16T15:59:38.225717,GET,/api/mixed/db/1/,4.35,247,0,
2026-05-16T15:59:38.259846,GET,/api/mixed/http/,108.19,55353,0,
2026-05-16T15:59:38.295461,GET,/api/mixed/http/,107.97,55353,0,
2026-05-16T15:59:38.352492,GET,/api/mixed/http/,108.41,55353,0,
2026-05-16T15:59:38.367164,GET,/api/mixed/pipeline/1/,3.09,82,0,
2026-05-16T15:59:38.402508,GET,/api/mixed/db/1/,4.14,247,0,
2026-05-16T15:59:38.410826,GET,/api/mixed/db/1/,4.08,247,0,
2026-05-16T15:59:38.442976,GET,/api/mixed/pipeline/1/,6.44,82,0,
2026-05-16T15:59:38.478693,GET,/api/mixed/pipeline/1/,3.45,82,0,
2026-05-16T15:59:38.499257,GET,/api/mixed/db/1/,4.28,247,0,
2026-05-16T15:59:38.714905,GET,/api/mixed/db/1/,5.07,247,0,
2026-05-16T15:59:38.774091,GET,/api/mixed/pipeline/1/,6.26,82,0,
2026-05-16T15:59:38.783098,GET,/api/mixed/db/1/,4.65,247,0,
2026-05-16T15:59:38.823654,GET,/api/mixed/db/1/,4.19,247,0,
2026-05-16T15:59:38.844554,GET,/api/mixed/pipeline/1/,2.9,82,0,
2026-05-16T15:59:38.915806,GET,/api/mixed/db/1/,5.76,247,0,
2026-05-16T15:59:38.937979,GET,/api/mixed/http/,109.15,55353,0,
2026-05-16T15:59:38.940044,GET,/api/mixed/pipeline/1/,3.35,82,0,
2026-05-16T15:59:38.941411,GET,/api/mixed/db/1/,5.37,247,0,
2026-05-16T15:59:38.948623,GET,/api/mixed/http/,108.2,55353,0,
2026-05-16T15:59:38.972179,GET,/api/mixed/pipeline/1/,3.2,82,0,
2026-05-16T15:59:38.993456,GET,/api/mixed/pipeline/1/,3.05,82,0,
2026-05-16T15:59:39.000332,GET,/api/mixed/http/,107.5,55353,0,
2026-05-16T15:59:39.039872,GET,/api/mixed/pipeline/1/,3.23,82,0,
2026-05-16T15:59:39.080339,GET,/api/mixed/db/1/,4.04,247,0,
2026-05-16T15:59:39.088692,GET,/api/mixed/pipeline/1/,3.1,82,0,
2026-05-16T15:59:39.157098,GET,/api/mixed/db/1/,4.12,247,0,
2026-05-16T15:59:39.280285,GET,/api/mixed/http/,112.63,55353,0,
2026-05-16T15:59:39.282479,GET,/api/mixed/http/,109.29,55353,0,
2026-05-16T15:59:39.289822,GET,/api/mixed/http/,106.75,55353,0,
2026-05-16T15:59:39.350570,GET,/api/mixed/db/1/,4.34,247,0,
2026-05-16T15:59:39.360304,GET,/api/mixed/http/,107.68,55353,0,
2026-05-16T15:59:39.368451,GET,/api/mixed/http/,108.23,55353,0,
2026-05-16T15:59:39.498783,GET,/api/mixed/db/1/,5.88,247,0,
2026-05-16T15:59:39.502759,GET,/api/mixed/http/,108.06,55353,0,
2026-05-16T15:59:39.508026,GET,/api/mixed/pipeline/1/,2.96,82,0,
2026-05-16T15:59:39.532968,GET,/api/mixed/db/1/,4.98,247,0,
2026-05-16T15:59:39.548792,GET,/api/mixed/http/,107.25,55353,0,
2026-05-16T15:59:39.600489,GET,/api/mixed/http/,108.12,55353,0,
2026-05-16T15:59:39.618340,GET,/api/mixed/http/,107.92,55353,0,
2026-05-16T15:59:39.667395,GET,/api/mixed/db/1/,4.75,247,0,
2026-05-16T15:59:39.774551,GET,/api/mixed/db/1/,4.07,247,0,
2026-05-16T15:59:39.814690,GET,/api/mixed/db/1/,5.53,247,0,
2026-05-16T15:59:39.822755,GET,/api/mixed/http/,108.03,55353,0,
2026-05-16T15:59:39.868802,GET,/api/mixed/db/1/,5.73,247,0,
2026-05-16T15:59:39.876746,GET,/api/mixed/http/,109.05,55353,0,
2026-05-16T15:59:39.889882,GET,/api/mixed/db/1/,3.94,247,0,
2026-05-16T15:59:39.956495,GET,/api/mixed/pipeline/1/,3.13,82,0,
2026-05-16T15:59:39.963754,GET,/api/mixed/db/1/,3.92,247,0,
2026-05-16T15:59:39.972220,GET,/api/mixed/http/,108.58,55353,0,
2026-05-16T15:59:39.990489,GET,/api/mixed/http/,107.34,55353,0,
2026-05-16T15:59:40.075720,GET,/api/mixed/pipeline/1/,6.86,82,0,
2026-05-16T15:59:40.191582,GET,/api/mixed/pipeline/1/,3.15,82,0,
2026-05-16T15:59:40.335178,GET,/api/mixed/http/,107.22,55353,0,
2026-05-16T15:59:40.369056,GET,/api/mixed/http/,107.34,55353,0,
2026-05-16T15:59:40.377811,GET,/api/mixed/http/,107.56,55353,0,
2026-05-16T15:59:40.449615,GET,/api/mixed/http/,108.2,55353,0,
2026-05-16T15:59:40.474314,GET,/api/mixed/db/1/,4.3,247,0,
2026-05-16T15:59:40.519832,GET,/api/mixed/http/,107.77,55353,0,
2026-05-16T15:59:40.630618,GET,/api/mixed/http/,109.41,55353,0,
2026-05-16T15:59:40.648474,GET,/api/mixed/db/1/,4.46,247,0,
2026-05-16T15:59:40.713252,GET,/api/mixed/http/,109.21,55353,0,
2026-05-16T15:59:40.773375,GET,/api/mixed/http/,108.62,55353,0,
2026-05-16T15:59:40.781848,GET,/api/mixed/http/,110.32,55353,0,
2026-05-16T15:59:40.830944,GET,/api/mixed/http/,107.28,55353,0,
2026-05-16T15:59:40.853395,GET,/api/mixed/pipeline/1/,3.07,82,0,
2026-05-16T15:59:40.898853,GET,/api/mixed/db/1/,4.21,247,0,
2026-05-16T15:59:41.063304,GET,/api/mixed/pipeline/1/,3.33,82,0,
2026-05-16T15:59:41.123204,GET,/api/mixed/http/,108.86,55353,0,
2026-05-16T15:59:41.133367,GET,/api/mixed/http/,113.08,55353,0,
2026-05-16T15:59:41.138010,GET,/api/mixed/pipeline/1/,3.29,82,0,
2026-05-16T15:59:41.259047,GET,/api/mixed/pipeline/1/,3.13,82,0,
2026-05-16T15:59:41.259991,GET,/api/mixed/http/,108.75,55353,0,
2026-05-16T15:59:41.284846,GET,/api/mixed/http/,107.26,55353,0,
2026-05-16T15:59:41.299613,GET,/api/mixed/http/,107.19,55353,0,
2026-05-16T15:59:41.308209,GET,/api/mixed/pipeline/1/,3.37,82,0,
2026-05-16T15:59:41.316923,GET,/api/mixed/db/1/,4.46,247,0,
2026-05-16T15:59:41.324163,GET,/api/mixed/http/,108.11,55353,0,
2026-05-16T15:59:41.368624,GET,/api/mixed/pipeline/1/,3.12,82,0,
2026-05-16T15:59:41.378434,GET,/api/mixed/http/,109.27,55353,0,
2026-05-16T15:59:41.479480,GET,/api/mixed/http/,107.25,55353,0,
2026-05-16T15:59:41.503729,GET,/api/mixed/pipeline/1/,2.98,82,0,
2026-05-16T15:59:41.512585,GET,/api/mixed/db/1/,4.04,247,0,
2026-05-16T15:59:41.543082,GET,/api/mixed/pipeline/1/,3.07,82,0,
2026-05-16T15:59:41.549649,GET,/api/mixed/http/,107.8,55353,0,
2026-05-16T15:59:41.588693,GET,/api/mixed/pipeline/1/,3.57,82,0,
2026-05-16T15:59:41.598204,GET,/api/mixed/pipeline/1/,3.19,82,0,
2026-05-16T15:59:41.612242,GET,/api/mixed/http/,107.17,55353,0,
2026-05-16T15:59:41.636565,GET,/api/mixed/db/1/,4.06,247,0,
2026-05-16T15:59:41.711877,GET,/api/mixed/db/1/,4.01,247,0,
2026-05-16T15:59:41.725251,GET,/api/mixed/pipeline/1/,3.01,82,0,
2026-05-16T15:59:41.738420,GET,/api/mixed/pipeline/1/,2.94,82,0,
2026-05-16T15:59:41.762337,GET,/api/mixed/db/1/,4.94,247,0,
2026-05-16T15:59:41.816106,GET,/api/mixed/db/1/,4.11,247,0,
2026-05-16T15:59:41.864276,GET,/api/mixed/http/,110.64,55353,0,
2026-05-16T15:59:41.867939,GET,/api/mixed/http/,109.42,55353,0,
2026-05-16T15:59:41.872003,GET,/api/mixed/pipeline/1/,2.79,82,0,
2026-05-16T15:59:41.938199,GET,/api/mixed/db/1/,4.05,247,0,
2026-05-16T15:59:42.011539,GET,/api/mixed/http/,107.12,55353,0,
2026-05-16T15:59:42.061842,GET,/api/mixed/pipeline/1/,3.2,82,0,
2026-05-16T15:59:42.094525,GET,/api/mixed/pipeline/1/,3.29,82,0,
2026-05-16T15:59:42.126955,GET,/api/mixed/pipeline/1/,3.19,82,0,
2026-05-16T15:59:42.129239,GET,/api/mixed/http/,107.25,55353,0,
2026-05-16T15:59:42.271377,GET,/api/mixed/http/,107.81,55353,0,
2026-05-16T15:59:42.339056,GET,/api/mixed/http/,108.12,55353,0,
2026-05-16T15:59:42.357499,GET,/api/mixed/pipeline/1/,8.07,82,0,
2026-05-16T15:59:42.363036,GET,/api/mixed/db/1/,4.16,247,0,
2026-05-16T15:59:42.447030,GET,/api/mixed/http/,107.77,55353,0,
2026-05-16T15:59:42.456292,GET,/api/mixed/db/1/,4.01,247,0,
2026-05-16T15:59:42.495774,GET,/api/mixed/db/1/,4.09,247,0,
2026-05-16T15:59:42.536603,GET,/api/mixed/http/,108.05,55353,0,
2026-05-16T15:59:42.591598,GET,/api/mixed/db/1/,4.27,247,0,
2026-05-16T15:59:42.630606,GET,/api/mixed/db/1/,4.62,247,0,
2026-05-16T15:59:42.677144,GET,/api/mixed/db/1/,4.15,247,0,
2026-05-16T15:59:42.733976,GET,/api/mixed/http/,106.88,55353,0,
2026-05-16T15:59:42.734404,GET,/api/mixed/pipeline/1/,3.15,82,0,
2026-05-16T15:59:42.819148,GET,/api/mixed/http/,107.61,55353,0,
2026-05-16T15:59:42.848028,GET,/api/mixed/pipeline/1/,4.33,82,0,
2026-05-16T15:59:42.861228,GET,/api/mixed/pipeline/1/,2.98,82,0,
2026-05-16T15:59:42.879021,GET,/api/mixed/db/1/,4.46,247,0,
2026-05-16T15:59:42.914632,GET,/api/mixed/pipeline/1/,3.32,82,0,
2026-05-16T15:59:43.002826,GET,/api/mixed/http/,107.47,55353,0,
2026-05-16T15:59:43.146605,GET,/api/mixed/db/1/,4.98,247,0,
2026-05-16T15:59:43.178333,GET,/api/mixed/db/1/,4.38,247,0,
2026-05-16T15:59:43.191533,GET,/api/mixed/http/,110.27,55353,0,
2026-05-16T15:59:43.300263,GET,/api/mixed/db/1/,4.26,247,0,
2026-05-16T15:59:43.336134,GET,/api/mixed/db/1/,4.99,247,0,
2026-05-16T15:59:43.390585,GET,/api/mixed/db/1/,6.01,247,0,
2026-05-16T15:59:43.454137,GET,/api/mixed/db/1/,4.27,247,0,
2026-05-16T15:59:43.470424,GET,/api/mixed/pipeline/1/,3.36,82,0,
2026-05-16T15:59:43.470845,GET,/api/mixed/pipeline/1/,3.32,82,0,
2026-05-16T15:59:43.558167,GET,/api/mixed/db/1/,4.23,247,0,
2026-05-16T15:59:43.563594,GET,/api/mixed/http/,107.09,55353,0,
2026-05-16T15:59:43.613782,GET,/api/mixed/db/1/,4.22,247,0,
2026-05-16T15:59:43.651535,GET,/api/mixed/http/,109.36,55353,0,
2026-05-16T15:59:43.654446,GET,/api/mixed/pipeline/1/,2.79,82,0,
2026-05-16T15:59:43.676168,GET,/api/mixed/pipeline/1/,2.89,82,0,
2026-05-16T15:59:43.769473,GET,/api/mixed/http/,110.83,55353,0,
2026-05-16T15:59:43.782966,GET,/api/mixed/pipeline/1/,2.91,82,0,
2026-05-16T15:59:43.829406,GET,/api/mixed/http/,107.87,55353,0,
2026-05-16T15:59:43.913572,GET,/api/mixed/pipeline/1/,3.18,82,0,
2026-05-16T15:59:43.920956,GET,/api/mixed/http/,107.99,55353,0,
2026-05-16T15:59:43.941702,GET,/api/mixed/http/,108.0,55353,0,
2026-05-16T15:59:44.043113,GET,/api/mixed/pipeline/1/,3.15,82,0,
2026-05-16T15:59:44.052348,GET,/api/mixed/http/,108.26,55353,0,
2026-05-16T15:59:44.069645,GET,/api/mixed/pipeline/1/,3.38,82,0,
2026-05-16T15:59:44.070056,GET,/api/mixed/pipeline/1/,4.8,82,0,
2026-05-16T15:59:44.081373,GET,/api/mixed/pipeline/1/,2.97,82,0,
2026-05-16T15:59:44.097414,GET,/api/mixed/db/1/,4.73,247,0,
2026-05-16T15:59:44.200923,GET,/api/mixed/http/,107.06,55353,0,
2026-05-16T15:59:44.238361,GET,/api/mixed/pipeline/1/,3.09,82,0,
2026-05-16T15:59:44.351499,GET,/api/mixed/db/1/,4.32,247,0,
2026-05-16T15:59:44.370383,GET,/api/mixed/http/,107.75,55353,0,
2026-05-16T15:59:44.392573,GET,/api/mixed/http/,107.21,55353,0,
2026-05-16T15:59:44.421964,GET,/api/mixed/pipeline/1/,3.15,82,0,
2026-05-16T15:59:44.433131,GET,/api/mixed/db/1/,4.01,247,0,
2026-05-16T15:59:44.461603,GET,/api/mixed/http/,108.68,55353,0,
2026-05-16T15:59:44.477489,GET,/api/mixed/http/,106.91,55353,0,
2026-05-16T15:59:44.568432,GET,/api/mixed/http/,108.03,55353,0,
2026-05-16T15:59:44.613986,GET,/api/mixed/http/,108.16,55353,0,
2026-05-16T15:59:44.656768,GET,/api/mixed/pipeline/1/,3.51,82,0,
2026-05-16T15:59:44.687536,GET,/api/mixed/db/1/,4.5,247,0,
2026-05-16T15:59:44.833321,GET,/api/mixed/db/1/,5.09,247,0,
2026-05-16T15:59:44.843021,GET,/api/mixed/pipeline/1/,3.35,82,0,
2026-05-16T15:59:44.867757,GET,/api/mixed/http/,109.01,55353,0,
2026-05-16T15:59:44.969588,GET,/api/mixed/http/,109.31,55353,0,
2026-05-16T15:59:44.975016,GET,/api/mixed/pipeline/1/,3.17,82,0,
2026-05-16T15:59:45.008913,GET,/api/mixed/db/1/,4.43,247,0,
2026-05-16T15:59:45.074847,GET,/api/mixed/pipeline/1/,5.05,82,0,
2026-05-16T15:59:45.075618,GET,/api/mixed/db/1/,6.54,247,0,
2026-05-16T15:59:45.116104,GET,/api/mixed/db/1/,8.23,247,0,
2026-05-16T15:59:45.116570,GET,/api/mixed/pipeline/1/,4.78,82,0,
2026-05-16T15:59:45.170740,GET,/api/mixed/http/,111.48,55353,0,
2026-05-16T15:59:45.244643,GET,/api/mixed/pipeline/1/,3.13,82,0,
2026-05-16T15:59:45.249332,GET,/api/mixed/http/,108.47,55353,0,
2026-05-16T15:59:45.272306,GET,/api/mixed/db/1/,3.86,247,0,
2026-05-16T15:59:45.315778,GET,/api/mixed/db/1/,4.07,247,0,
2026-05-16T15:59:45.338685,GET,/api/mixed/pipeline/1/,3.54,82,0,
2026-05-16T15:59:45.344889,GET,/api/mixed/pipeline/1/,2.84,82,0,
2026-05-16T15:59:45.371863,GET,/api/mixed/http/,107.16,55353,0,
2026-05-16T15:59:45.401922,GET,/api/mixed/db/1/,4.37,247,0,
2026-05-16T15:59:45.414197,GET,/api/mixed/pipeline/1/,2.99,82,0,
2026-05-16T15:59:45.454526,GET,/api/mixed/http/,108.41,55353,0,
2026-05-16T15:59:45.489662,GET,/api/mixed/pipeline/1/,3.11,82,0,
2026-05-16T15:59:45.541752,GET,/api/mixed/http/,112.23,55353,0,
2026-05-16T15:59:45.555436,GET,/api/mixed/db/1/,4.42,247,0,
2026-05-16T15:59:45.578102,GET,/api/mixed/http/,108.18,55353,0,
2026-05-16T15:59:45.581370,GET,/api/mixed/db/1/,4.88,247,0,
2026-05-16T15:59:45.592385,GET,/api/mixed/db/1/,4.63,247,0,
2026-05-16T15:59:45.644030,GET,/api/mixed/http/,114.34,55353,0,
2026-05-16T15:59:45.676048,GET,/api/mixed/http/,108.22,55353,0,
2026-05-16T15:59:45.724799,GET,/api/mixed/pipeline/1/,3.4,82,0,
2026-05-16T15:59:45.840389,GET,/api/mixed/http/,107.36,55353,0,
2026-05-16T15:59:45.850925,GET,/api/mixed/db/1/,4.25,247,0,
2026-05-16T15:59:45.870193,GET,/api/mixed/pipeline/1/,3.03,82,0,
2026-05-16T15:59:46.154274,GET,/api/mixed/pipeline/1/,3.25,82,0,
2026-05-16T15:59:46.222040,GET,/api/mixed/pipeline/1/,3.26,82,0,
2026-05-16T15:59:46.299178,GET,/api/mixed/http/,108.35,55353,0,
2026-05-16T15:59:46.365123,GET,/api/mixed/db/1/,4.91,247,0,
2026-05-16T15:59:46.365641,GET,/api/mixed/db/1/,4.22,247,0,
2026-05-16T15:59:46.392013,GET,/api/mixed/pipeline/1/,3.08,82,0,
2026-05-16T15:59:46.409017,GET,/api/mixed/http/,108.4,55353,0,
2026-05-16T15:59:46.484272,GET,/api/mixed/http/,107.34,55353,0,
2026-05-16T15:59:46.563122,GET,/api/mixed/http/,109.61,55353,0,
2026-05-16T15:59:46.588519,GET,/api/mixed/db/1/,4.14,247,0,
2026-05-16T15:59:46.635730,GET,/api/mixed/pipeline/1/,3.27,82,0,
2026-05-16T15:59:46.706412,GET,/api/mixed/http/,109.66,55353,0,
2026-05-16T15:59:46.717336,GET,/api/mixed/http/,108.91,55353,0,
2026-05-16T15:59:46.720926,GET,/api/mixed/http/,108.74,55353,0,
2026-05-16T15:59:46.820688,GET,/api/mixed/pipeline/1/,3.01,82,0,
2026-05-16T15:59:46.837179,GET,/api/mixed/pipeline/1/,3.22,82,0,
2026-05-16T15:59:46.849779,GET,/api/mixed/pipeline/1/,3.25,82,0,
2026-05-16T15:59:46.907097,GET,/api/mixed/db/1/,4.24,247,0,
2026-05-16T15:59:46.980331,GET,/api/mixed/http/,108.18,55353,0,
2026-05-16T15:59:47.009454,GET,/api/mixed/pipeline/1/,3.62,82,0,
2026-05-16T15:59:47.074707,GET,/api/mixed/http/,109.3,55353,0,
2026-05-16T15:59:47.075272,GET,/api/mixed/db/1/,5.84,247,0,
2026-05-16T15:59:47.077497,GET,/api/mixed/pipeline/1/,4.32,82,0,
2026-05-16T15:59:47.095064,GET,/api/mixed/pipeline/1/,3.25,82,0,
2026-05-16T15:59:47.117805,GET,/api/mixed/http/,108.16,55353,0,
2026-05-16T15:59:47.173644,GET,/api/mixed/db/1/,4.73,247,0,
2026-05-16T15:59:47.219884,GET,/api/mixed/http/,107.58,55353,0,
2026-05-16T15:59:47.243789,GET,/api/mixed/http/,109.66,55353,0,
2026-05-16T15:59:47.304338,GET,/api/mixed/pipeline/1/,3.51,82,0,
2026-05-16T15:59:47.366641,GET,/api/mixed/http/,108.5,55353,0,
2026-05-16T15:59:47.377545,GET,/api/mixed/pipeline/1/,3.49,82,0,
2026-05-16T15:59:47.395359,GET,/api/mixed/pipeline/1/,3.08,82,0,
2026-05-16T15:59:47.420841,GET,/api/mixed/db/1/,4.52,247,0,
2026-05-16T15:59:47.463105,GET,/api/mixed/http/,108.35,55353,0,
2026-05-16T15:59:47.473487,GET,/api/mixed/pipeline/1/,3.02,82,0,
2026-05-16T15:59:47.524196,GET,/api/mixed/http/,108.46,55353,0,
2026-05-16T15:59:47.539491,GET,/api/mixed/db/1/,4.8,247,0,
2026-05-16T15:59:47.736581,GET,/api/mixed/db/1/,6.86,247,0,
2026-05-16T15:59:47.740423,GET,/api/mixed/http/,109.5,55353,0,
2026-05-16T15:59:47.869570,GET,/api/mixed/pipeline/1/,3.04,82,0,
2026-05-16T15:59:47.922605,GET,/api/mixed/http/,107.87,55353,0,
2026-05-16T15:59:47.972433,GET,/api/mixed/pipeline/1/,3.39,82,0,
2026-05-16T15:59:47.990724,GET,/api/mixed/db/1/,5.06,247,0,
2026-05-16T15:59:48.009608,GET,/api/mixed/db/1/,4.21,247,0,
2026-05-16T15:59:48.027744,GET,/api/mixed/pipeline/1/,7.49,82,0,
2026-05-16T15:59:48.091341,GET,/api/mixed/db/1/,4.33,247,0,
2026-05-16T15:59:48.157860,GET,/api/mixed/pipeline/1/,3.08,82,0,
2026-05-16T15:59:48.165996,GET,/api/mixed/db/1/,3.9,247,0,
2026-05-16T15:59:48.182008,GET,/api/mixed/pipeline/1/,3.02,82,0,
2026-05-16T15:59:48.214554,GET,/api/mixed/pipeline/1/,3.06,82,0,
2026-05-16T15:59:48.236881,GET,/api/mixed/pipeline/1/,2.93,82,0,
2026-05-16T15:59:48.276854,GET,/api/mixed/http/,107.42,55353,0,
2026-05-16T15:59:48.287012,GET,/api/mixed/pipeline/1/,2.82,82,0,
2026-05-16T15:59:48.347723,GET,/api/mixed/db/1/,4.29,247,0,
2026-05-16T15:59:48.417126,GET,/api/mixed/db/1/,6.79,247,0,
2026-05-16T15:59:48.452514,GET,/api/mixed/db/1/,4.93,247,0,
2026-05-16T15:59:48.560352,GET,/api/mixed/db/1/,4.41,247,0,
2026-05-16T15:59:48.638444,GET,/api/mixed/http/,107.5,55353,0,
2026-05-16T15:59:48.653482,GET,/api/mixed/db/1/,4.14,247,0,
2026-05-16T15:59:48.714459,GET,/api/mixed/http/,108.6,55353,0,
2026-05-16T15:59:48.727763,GET,/api/mixed/db/1/,4.87,247,0,
2026-05-16T15:59:48.728258,GET,/api/mixed/db/1/,4.03,247,0,
2026-05-16T15:59:48.745729,GET,/api/mixed/http/,108.33,55353,0,
2026-05-16T15:59:48.773412,GET,/api/mixed/pipeline/1/,3.12,82,0,
2026-05-16T15:59:48.807880,GET,/api/mixed/db/1/,4.04,247,0,
2026-05-16T15:59:48.837417,GET,/api/mixed/http/,107.87,55353,0,
2026-05-16T15:59:48.872705,GET,/api/mixed/db/1/,4.02,247,0,
2026-05-16T15:59:49.094275,GET,/api/mixed/http/,108.11,55353,0,
2026-05-16T15:59:49.124794,GET,/api/mixed/db/1/,4.17,247,0,
2026-05-16T15:59:49.130488,GET,/api/mixed/http/,112.3,55353,0,
2026-05-16T15:59:49.136495,GET,/api/mixed/pipeline/1/,2.81,82,0,
2026-05-16T15:59:49.304326,GET,/api/mixed/db/1/,4.13,247,0,
2026-05-16T15:59:49.382570,GET,/api/mixed/pipeline/1/,3.5,82,0,
2026-05-16T15:59:49.443724,GET,/api/mixed/http/,108.14,55353,0,
2026-05-16T15:59:49.447650,GET,/api/mixed/http/,108.27,55353,0,
2026-05-16T15:59:49.469996,GET,/api/mixed/pipeline/1/,3.16,82,0,
2026-05-16T15:59:49.524811,GET,/api/mixed/http/,107.83,55353,0,
2026-05-16T15:59:49.544848,GET,/api/mixed/http/,108.01,55353,0,
2026-05-16T15:59:49.549020,GET,/api/mixed/pipeline/1/,2.95,82,0,
2026-05-16T15:59:49.575362,GET,/api/mixed/db/1/,4.02,247,0,
2026-05-16T15:59:49.597306,GET,/api/mixed/pipeline/1/,2.87,82,0,
2026-05-16T15:59:49.630483,GET,/api/mixed/db/1/,3.94,247,0,
2026-05-16T15:59:49.663486,GET,/api/mixed/pipeline/1/,2.92,82,0,
2026-05-16T15:59:49.678700,GET,/api/mixed/db/1/,3.85,247,0,
2026-05-16T15:59:49.691362,GET,/api/mixed/http/,108.65,55353,0,
2026-05-16T15:59:49.736674,GET,/api/mixed/pipeline/1/,2.96,82,0,
2026-05-16T15:59:49.762310,GET,/api/mixed/http/,110.48,55353,0,
2026-05-16T15:59:49.789484,GET,/api/mixed/pipeline/1/,2.97,82,0,
2026-05-16T15:59:49.815323,GET,/api/mixed/db/1/,4.07,247,0,
2026-05-16T15:59:49.911805,GET,/api/mixed/http/,107.12,55353,0,
2026-05-16T15:59:49.926246,GET,/api/mixed/db/1/,4.02,247,0,
2026-05-16T15:59:49.957545,GET,/api/mixed/db/1/,4.07,247,0,
2026-05-16T15:59:50.006560,GET,/api/mixed/db/1/,5.7,247,0,
2026-05-16T15:59:50.042145,GET,/api/mixed/pipeline/1/,3.2,82,0,
2026-05-16T15:59:50.057425,GET,/api/mixed/db/1/,4.04,247,0,
2026-05-16T15:59:50.087751,GET,/api/mixed/pipeline/1/,2.98,82,0,
2026-05-16T15:59:50.210359,GET,/api/mixed/db/1/,4.19,247,0,
2026-05-16T15:59:50.218215,GET,/api/mixed/db/1/,4.63,247,0,
2026-05-16T15:59:50.279594,GET,/api/mixed/db/1/,4.18,247,0,
2026-05-16T15:59:50.284771,GET,/api/mixed/pipeline/1/,2.8,82,0,
2026-05-16T15:59:50.365919,GET,/api/mixed/db/1/,6.76,247,0,
2026-05-16T15:59:50.528649,GET,/api/mixed/http/,107.98,55353,0,
2026-05-16T15:59:50.586499,GET,/api/mixed/http/,107.08,55353,0,
2026-05-16T15:59:50.628947,GET,/api/mixed/http/,107.79,55353,0,
2026-05-16T15:59:50.682218,GET,/api/mixed/pipeline/1/,3.26,82,0,
2026-05-16T15:59:50.692471,GET,/api/mixed/http/,107.57,55353,0,
2026-05-16T15:59:50.737110,GET,/api/mixed/pipeline/1/,3.31,82,0,
2026-05-16T15:59:50.749721,GET,/api/mixed/http/,108.47,55353,0,
2026-05-16T15:59:50.750257,GET,/api/mixed/pipeline/1/,3.88,82,0,
2026-05-16T15:59:50.758258,GET,/api/mixed/db/1/,9.55,247,0,
2026-05-16T15:59:50.763051,GET,/api/mixed/db/1/,4.56,247,0,
2026-05-16T15:59:50.873909,GET,/api/mixed/db/1/,4.33,247,0,
2026-05-16T15:59:50.881309,GET,/api/mixed/pipeline/1/,2.96,82,0,
2026-05-16T15:59:50.918678,GET,/api/mixed/pipeline/1/,3.01,82,0,
2026-05-16T15:59:50.979896,GET,/api/mixed/http/,107.72,55353,0,
2026-05-16T15:59:51.008441,GET,/api/mixed/db/1/,5.04,247,0,
2026-05-16T15:59:51.090677,GET,/api/mixed/db/1/,6.27,247,0,
2026-05-16T15:59:51.112765,GET,/api/mixed/http/,108.13,55353,0,
2026-05-16T15:59:51.163172,GET,/api/mixed/pipeline/1/,3.09,82,0,
2026-05-16T15:59:51.188214,GET,/api/mixed/http/,108.48,55353,0,
2026-05-16T15:59:51.215624,GET,/api/mixed/pipeline/1/,3.12,82,0,
2026-05-16T15:59:51.232090,GET,/api/mixed/pipeline/1/,3.08,82,0,
2026-05-16T15:59:51.270527,GET,/api/mixed/pipeline/1/,3.17,82,0,
2026-05-16T15:59:51.284152,GET,/api/mixed/db/1/,4.41,247,0,
2026-05-16T15:59:51.305468,GET,/api/mixed/http/,108.05,55353,0,
2026-05-16T15:59:51.332335,GET,/api/mixed/db/1/,3.92,247,0,
2026-05-16T15:59:51.358655,GET,/api/mixed/db/1/,3.94,247,0,
2026-05-16T15:59:51.392802,GET,/api/mixed/pipeline/1/,2.79,82,0,
2026-05-16T15:59:51.416412,GET,/api/mixed/http/,107.58,55353,0,
2026-05-16T15:59:51.475014,GET,/api/mixed/http/,108.0,55353,0,
2026-05-16T15:59:51.480281,GET,/api/mixed/http/,107.62,55353,0,
2026-05-16T15:59:51.524765,GET,/api/mixed/pipeline/1/,3.05,82,0,
2026-05-16T15:59:51.555494,GET,/api/mixed/http/,109.69,55353,0,
2026-05-16T15:59:51.575767,GET,/api/mixed/pipeline/1/,2.95,82,0,
2026-05-16T15:59:51.651443,GET,/api/mixed/http/,110.38,55353,0,
2026-05-16T15:59:51.651928,GET,/api/mixed/pipeline/1/,3.77,82,0,
2026-05-16T15:59:51.719715,GET,/api/mixed/pipeline/1/,3.08,82,0,
2026-05-16T15:59:51.740404,GET,/api/mixed/db/1/,4.17,247,0,
2026-05-16T15:59:51.758567,GET,/api/mixed/http/,108.32,55353,0,
2026-05-16T15:59:51.818422,GET,/api/mixed/pipeline/1/,3.11,82,0,
2026-05-16T15:59:51.859423,GET,/api/mixed/http/,108.63,55353,0,
2026-05-16T15:59:51.873151,GET,/api/mixed/db/1/,4.42,247,0,
2026-05-16T15:59:51.889553,GET,/api/mixed/pipeline/1/,3.0,82,0,
2026-05-16T15:59:51.895464,GET,/api/mixed/pipeline/1/,2.78,82,0,
2026-05-16T15:59:52.051687,GET,/api/mixed/http/,107.87,55353,0,
2026-05-16T15:59:52.147443,GET,/api/mixed/db/1/,4.35,247,0,
2026-05-16T15:59:52.174347,GET,/api/mixed/pipeline/1/,4.51,82,0,
2026-05-16T15:59:52.254951,GET,/api/mixed/pipeline/1/,3.03,82,0,
2026-05-16T15:59:52.273011,GET,/api/mixed/http/,109.16,55353,0,
2026-05-16T15:59:52.279599,GET,/api/mixed/http/,109.22,55353,0,
2026-05-16T15:59:52.280374,GET,/api/mixed/db/1/,4.13,247,0,
2026-05-16T15:59:52.281502,GET,/api/mixed/pipeline/1/,2.91,82,0,
2026-05-16T15:59:52.405463,GET,/api/mixed/db/1/,4.09,247,0,
2026-05-16T15:59:52.434108,GET,/api/mixed/db/1/,4.1,247,0,
2026-05-16T15:59:52.447939,GET,/api/mixed/http/,109.12,55353,0,
2026-05-16T15:59:52.456251,GET,/api/mixed/db/1/,4.0,247,0,
2026-05-16T15:59:52.575931,GET,/api/mixed/pipeline/1/,3.12,82,0,
2026-05-16T15:59:52.628423,GET,/api/mixed/pipeline/1/,3.19,82,0,
2026-05-16T15:59:52.646154,GET,/api/mixed/http/,108.47,55353,0,
2026-05-16T15:59:52.648914,GET,/api/mixed/http/,107.47,55353,0,
2026-05-16T15:59:52.688547,GET,/api/mixed/http/,108.23,55353,0,
2026-05-16T15:59:52.798929,GET,/api/mixed/pipeline/1/,4.95,82,0,
2026-05-16T15:59:52.822591,GET,/api/mixed/db/1/,3.9,247,0,
2026-05-16T15:59:52.835817,GET,/api/mixed/http/,108.03,55353,0,
2026-05-16T15:59:52.910113,GET,/api/mixed/pipeline/1/,3.0,82,0,
2026-05-16T15:59:52.943685,GET,/api/mixed/http/,107.75,55353,0,
2026-05-16T15:59:52.964304,GET,/api/mixed/pipeline/1/,4.0,82,0,
2026-05-16T15:59:52.965049,GET,/api/mixed/pipeline/1/,6.6,82,0,
2026-05-16T15:59:52.988314,GET,/api/mixed/http/,106.92,55353,0,
2026-05-16T15:59:53.040473,GET,/api/mixed/pipeline/1/,3.63,82,0,
2026-05-16T15:59:53.042454,GET,/api/mixed/pipeline/1/,2.95,82,0,
2026-05-16T15:59:53.090918,GET,/api/mixed/pipeline/1/,3.12,82,0,
2026-05-16T15:59:53.160044,GET,/api/mixed/pipeline/1/,3.21,82,0,
2026-05-16T15:59:53.233446,GET,/api/mixed/db/1/,4.69,247,0,
2026-05-16T15:59:53.264928,GET,/api/mixed/http/,108.6,55353,0,
2026-05-16T15:59:53.280112,GET,/api/mixed/db/1/,3.97,247,0,
2026-05-16T15:59:53.316763,GET,/api/mixed/db/1/,4.38,247,0,
2026-05-16T15:59:53.342916,GET,/api/mixed/http/,108.19,55353,0,
2026-05-16T15:59:53.356436,GET,/api/mixed/db/1/,4.17,247,0,
2026-05-16T15:59:53.423578,GET,/api/mixed/pipeline/1/,3.17,82,0,
2026-05-16T15:59:53.466031,GET,/api/mixed/pipeline/1/,4.06,82,0,
2026-05-16T15:59:53.484149,GET,/api/mixed/pipeline/1/,2.89,82,0,
2026-05-16T15:59:53.501679,GET,/api/mixed/http/,108.07,55353,0,
2026-05-16T15:59:53.564395,GET,/api/mixed/pipeline/1/,3.45,82,0,
2026-05-16T15:59:53.684369,GET,/api/mixed/db/1/,4.45,247,0,
2026-05-16T15:59:53.808237,GET,/api/mixed/pipeline/1/,3.15,82,0,
2026-05-16T15:59:53.808936,GET,/api/mixed/http/,107.13,55353,0,
2026-05-16T15:59:53.825652,GET,/api/mixed/http/,111.14,55353,0,
2026-05-16T15:59:53.856309,GET,/api/mixed/http/,108.02,55353,0,
2026-05-16T15:59:53.934466,GET,/api/mixed/pipeline/1/,4.61,82,0,
2026-05-16T15:59:53.961777,GET,/api/mixed/http/,107.83,55353,0,
2026-05-16T15:59:54.119702,GET,/api/mixed/pipeline/1/,3.3,82,0,
2026-05-16T15:59:54.185804,GET,/api/mixed/pipeline/1/,3.24,82,0,
2026-05-16T15:59:54.230780,GET,/api/mixed/pipeline/1/,3.18,82,0,
2026-05-16T15:59:54.240361,GET,/api/mixed/http/,108.28,55353,0,
2026-05-16T15:59:54.271509,GET,/api/mixed/http/,107.71,55353,0,
2026-05-16T15:59:54.288505,GET,/api/mixed/db/1/,4.13,247,0,
2026-05-16T15:59:54.296699,GET,/api/mixed/http/,107.72,55353,0,
2026-05-16T15:59:54.331718,GET,/api/mixed/db/1/,5.47,247,0,
2026-05-16T15:59:54.332178,GET,/api/mixed/db/1/,5.05,247,0,
2026-05-16T15:59:54.369692,GET,/api/mixed/pipeline/1/,3.3,82,0,
2026-05-16T15:59:54.383088,GET,/api/mixed/http/,107.25,55353,0,
2026-05-16T15:59:54.419054,GET,/api/mixed/pipeline/1/,4.1,82,0,
2026-05-16T15:59:54.440578,GET,/api/mixed/pipeline/1/,3.22,82,0,
2026-05-16T15:59:54.483419,GET,/api/mixed/http/,113.53,55353,0,
2026-05-16T15:59:54.531822,GET,/api/mixed/db/1/,4.03,247,0,
2026-05-16T15:59:54.587324,GET,/api/mixed/db/1/,4.03,247,0,
2026-05-16T15:59:54.609732,GET,/api/mixed/pipeline/1/,2.99,82,0,
2026-05-16T15:59:54.630544,GET,/api/mixed/pipeline/1/,3.16,82,0,
2026-05-16T15:59:54.748624,GET,/api/mixed/pipeline/1/,3.57,82,0,
2026-05-16T15:59:54.749437,GET,/api/mixed/pipeline/1/,2.95,82,0,
2026-05-16T15:59:54.753953,GET,/api/mixed/http/,107.16,55353,0,
2026-05-16T15:59:54.776311,GET,/api/mixed/pipeline/1/,2.97,82,0,
2026-05-16T15:59:54.824426,GET,/api/mixed/db/1/,5.56,247,0,
2026-05-16T15:59:54.830401,GET,/api/mixed/http/,107.99,55353,0,
2026-05-16T15:59:54.856023,GET,/api/mixed/http/,108.97,55353,0,
2026-05-16T15:59:54.868300,GET,/api/mixed/db/1/,3.93,247,0,
2026-05-16T15:59:54.897265,GET,/api/mixed/db/1/,3.89,247,0,
2026-05-16T15:59:54.953360,GET,/api/mixed/http/,107.74,55353,0,
2026-05-16T15:59:54.980653,GET,/api/mixed/pipeline/1/,3.05,82,0,
2026-05-16T15:59:54.990629,GET,/api/mixed/http/,107.97,55353,0,
2026-05-16T15:59:55.093508,GET,/api/mixed/pipeline/1/,3.22,82,0,
2026-05-16T15:59:55.168388,GET,/api/mixed/db/1/,4.42,247,0,
2026-05-16T15:59:55.214840,GET,/api/mixed/db/1/,4.13,247,0,
2026-05-16T15:59:55.249085,GET,/api/mixed/db/1/,4.84,247,0,
2026-05-16T15:59:55.274431,GET,/api/mixed/pipeline/1/,2.99,82,0,
2026-05-16T15:59:55.280143,GET,/api/mixed/pipeline/1/,2.52,82,0,
2026-05-16T15:59:55.284088,GET,/api/mixed/pipeline/1/,2.74,82,0,
2026-05-16T15:59:55.316221,GET,/api/mixed/pipeline/1/,2.8,82,0,
2026-05-16T15:59:55.399842,GET,/api/mixed/pipeline/1/,5.12,82,0,
2026-05-16T15:59:55.439742,GET,/api/mixed/db/1/,4.31,247,0,
2026-05-16T15:59:55.546225,GET,/api/mixed/db/1/,5.16,247,0,
2026-05-16T15:59:55.563713,GET,/api/mixed/db/1/,4.29,247,0,
2026-05-16T15:59:55.639174,GET,/api/mixed/db/1/,4.49,247,0,
2026-05-16T15:59:55.669673,GET,/api/mixed/db/1/,4.13,247,0,
2026-05-16T15:59:55.672894,GET,/api/mixed/http/,106.81,55353,0,
2026-05-16T15:59:55.734972,GET,/api/mixed/http/,107.9,55353,0,
2026-05-16T15:59:55.790348,GET,/api/mixed/db/1/,3.98,247,0,
2026-05-16T15:59:55.800096,GET,/api/mixed/http/,107.9,55353,0,
2026-05-16T15:59:55.818085,GET,/api/mixed/db/1/,4.02,247,0,
2026-05-16T15:59:55.827643,GET,/api/mixed/db/1/,4.27,247,0,
2026-05-16T15:59:55.852259,GET,/api/mixed/pipeline/1/,2.79,82,0,
2026-05-16T15:59:55.934957,GET,/api/mixed/http/,108.17,55353,0,
2026-05-16T15:59:55.952117,GET,/api/mixed/http/,107.26,55353,0,
2026-05-16T15:59:56.010901,GET,/api/mixed/http/,112.41,55353,0,
2026-05-16T15:59:56.022689,GET,/api/mixed/http/,108.05,55353,0,
2026-05-16T15:59:56.142257,GET,/api/mixed/http/,108.16,55353,0,
2026-05-16T15:59:56.245917,GET,/api/mixed/db/1/,4.14,247,0,
2026-05-16T15:59:56.433233,GET,/api/mixed/db/1/,3.94,247,0,
2026-05-16T15:59:56.458098,GET,/api/mixed/http/,108.65,55353,0,
2026-05-16T15:59:56.459858,GET,/api/mixed/db/1/,4.34,247,0,
2026-05-16T15:59:56.471962,GET,/api/mixed/pipeline/1/,2.91,82,0,
2026-05-16T15:59:56.489232,GET,/api/mixed/db/1/,3.98,247,0,
2026-05-16T15:59:56.511337,GET,/api/mixed/http/,107.09,55353,0,
2026-05-16T15:59:56.627967,GET,/api/mixed/http/,107.27,55353,0,
2026-05-16T15:59:56.869728,GET,/api/mixed/db/1/,4.93,247,0,
2026-05-16T15:59:56.897408,GET,/api/mixed/pipeline/1/,3.32,82,0,
2026-05-16T15:59:56.940741,GET,/api/mixed/db/1/,3.99,247,0,
2026-05-16T15:59:56.958536,GET,/api/mixed/pipeline/1/,2.78,82,0,
2026-05-16T15:59:56.976238,GET,/api/mixed/http/,110.22,55353,0,
2026-05-16T15:59:56.976704,GET,/api/mixed/http/,111.25,55353,0,
2026-05-16T15:59:56.993941,GET,/api/mixed/db/1/,3.89,247,0,
2026-05-16T15:59:57.058105,GET,/api/mixed/http/,107.92,55353,0,
2026-05-16T15:59:57.088593,GET,/api/mixed/pipeline/1/,3.21,82,0,
2026-05-16T15:59:57.136224,GET,/api/mixed/pipeline/1/,3.22,82,0,
2026-05-16T15:59:57.158627,GET,/api/mixed/db/1/,4.18,247,0,
2026-05-16T15:59:57.324322,GET,/api/mixed/http/,108.41,55353,0,
2026-05-16T15:59:57.382367,GET,/api/mixed/pipeline/1/,3.22,82,0,
2026-05-16T15:59:57.430079,GET,/api/mixed/pipeline/1/,2.85,82,0,
2026-05-16T15:59:57.442224,GET,/api/mixed/http/,108.64,55353,0,
2026-05-16T15:59:57.451255,GET,/api/mixed/pipeline/1/,2.75,82,0,
2026-05-16T15:59:57.461333,GET,/api/mixed/db/1/,3.83,247,0,
2026-05-16T15:59:57.519562,GET,/api/mixed/pipeline/1/,3.58,82,0,
2026-05-16T15:59:57.520113,GET,/api/mixed/http/,108.45,55353,0,
2026-05-16T15:59:57.522018,GET,/api/mixed/pipeline/1/,3.41,82,0,
2026-05-16T15:59:57.571002,GET,/api/mixed/http/,107.42,55353,0,
2026-05-16T15:59:57.716241,GET,/api/mixed/db/1/,4.42,247,0,
2026-05-16T15:59:57.793412,GET,/api/mixed/pipeline/1/,3.25,82,0,
2026-05-16T15:59:57.832399,GET,/api/mixed/http/,107.78,55353,0,
2026-05-16T15:59:57.876605,GET,/api/mixed/http/,111.27,55353,0,
2026-05-16T15:59:57.880784,GET,/api/mixed/db/1/,4.06,247,0,
2026-05-16T15:59:57.968704,GET,/api/mixed/db/1/,3.86,247,0,
2026-05-16T15:59:57.980554,GET,/api/mixed/http/,110.62,55353,0,
2026-05-16T15:59:58.061473,GET,/api/mixed/http/,110.29,55353,0,
2026-05-16T15:59:58.079461,GET,/api/mixed/pipeline/1/,3.22,82,0,
2026-05-16T15:59:58.149996,GET,/api/mixed/pipeline/1/,3.25,82,0,
2026-05-16T15:59:58.168309,GET,/api/mixed/http/,108.17,55353,0,
2026-05-16T15:59:58.190423,GET,/api/mixed/http/,108.62,55353,0,
2026-05-16T15:59:58.220758,GET,/api/mixed/http/,109.63,55353,0,
2026-05-16T15:59:58.224801,GET,/api/mixed/db/1/,3.91,247,0,
2026-05-16T15:59:58.254577,GET,/api/mixed/pipeline/1/,3.08,82,0,
2026-05-16T15:59:58.265517,GET,/api/mixed/http/,108.19,55353,0,
2026-05-16T15:59:58.279798,GET,/api/mixed/db/1/,3.95,247,0,
2026-05-16T15:59:58.299243,GET,/api/mixed/db/1/,4.08,247,0,
2026-05-16T15:59:58.344200,GET,/api/mixed/pipeline/1/,3.08,82,0,
2026-05-16T15:59:58.349385,GET,/api/mixed/pipeline/1/,2.83,82,0,
2026-05-16T15:59:58.372052,GET,/api/mixed/pipeline/1/,3.31,82,0,
2026-05-16T15:59:58.387097,GET,/api/mixed/pipeline/1/,2.72,82,0,
2026-05-16T15:59:58.428345,GET,/api/mixed/http/,107.93,55353,0,
2026-05-16T15:59:58.428738,GET,/api/mixed/pipeline/1/,3.37,82,0,
2026-05-16T15:59:58.508912,GET,/api/mixed/db/1/,4.14,247,0,
2026-05-16T15:59:58.562781,GET,/api/mixed/db/1/,4.47,247,0,
2026-05-16T15:59:58.577982,GET,/api/mixed/http/,106.93,55353,0,
2026-05-16T15:59:58.666867,GET,/api/mixed/http/,108.02,55353,0,
2026-05-16T15:59:58.813061,GET,/api/mixed/http/,113.76,55353,0,
2026-05-16T15:59:58.829001,GET,/api/mixed/pipeline/1/,3.49,82,0,
2026-05-16T15:59:58.833007,GET,/api/mixed/pipeline/1/,4.89,82,0,
2026-05-16T15:59:58.900212,GET,/api/mixed/pipeline/1/,2.96,82,0,
2026-05-16T15:59:58.900611,GET,/api/mixed/pipeline/1/,3.9,82,0,
2026-05-16T15:59:58.912349,GET,/api/mixed/http/,108.97,55353,0,
2026-05-16T15:59:58.938400,GET,/api/mixed/http/,108.68,55353,0,
2026-05-16T15:59:58.990910,GET,/api/mixed/pipeline/1/,3.28,82,0,
2026-05-16T15:59:59.747035,GET,/api/mixed/db/1/,4.13,247,0,
2026-05-16T15:59:59.841607,GET,/api/mixed/http/,108.24,55353,0,
2026-05-16T15:59:59.853921,GET,/api/mixed/pipeline/1/,3.05,82,0,
2026-05-16T15:59:59.936141,GET,/api/mixed/http/,108.35,55353,0,
2026-05-16T15:59:59.983029,GET,/api/mixed/db/1/,3.96,247,0,
2026-05-16T16:00:00.070362,GET,/api/mixed/http/,107.99,55353,0,
2026-05-16T16:00:00.148548,GET,/api/mixed/http/,108.11,55353,0,
2026-05-16T16:00:00.164156,GET,/api/mixed/pipeline/1/,3.32,82,0,
2026-05-16T16:00:00.188128,GET,/api/mixed/db/1/,3.98,247,0,
2026-05-16T16:00:00.202207,GET,/api/mixed/db/1/,3.86,247,0,
2026-05-16T16:00:00.261479,GET,/api/mixed/pipeline/1/,3.11,82,0,
2026-05-16T16:00:00.272879,GET,/api/mixed/http/,108.6,55353,0,
2026-05-16T16:00:00.274054,GET,/api/mixed/db/1/,4.36,247,0,
2026-05-16T16:00:00.289401,GET,/api/mixed/db/1/,4.01,247,0,
2026-05-16T16:00:00.301730,GET,/api/mixed/db/1/,3.95,247,0,
2026-05-16T16:00:00.315908,GET,/api/mixed/http/,108.36,55353,0,
2026-05-16T16:00:00.360479,GET,/api/mixed/pipeline/1/,3.31,82,0,
2026-05-16T16:00:00.458749,GET,/api/mixed/db/1/,6.73,247,0,
2026-05-16T16:00:00.469793,GET,/api/mixed/db/1/,4.46,247,0,
2026-05-16T16:00:00.479948,GET,/api/mixed/pipeline/1/,2.8,82,0,
2026-05-16T16:00:00.600322,GET,/api/mixed/http/,108.0,55353,0,
2026-05-16T16:00:00.606983,GET,/api/mixed/http/,108.08,55353,0,
2026-05-16T16:00:00.648014,GET,/api/mixed/pipeline/1/,3.0,82,0,
2026-05-16T16:00:00.673405,GET,/api/mixed/db/1/,4.13,247,0,
2026-05-16T16:00:00.696406,GET,/api/mixed/db/1/,3.97,247,0,
2026-05-16T16:00:00.728530,GET,/api/mixed/pipeline/1/,3.15,82,0,
2026-05-16T16:00:00.739081,GET,/api/mixed/http/,107.75,55353,0,
2026-05-16T16:00:00.791711,GET,/api/mixed/http/,107.93,55353,0,
2026-05-16T16:00:00.816653,GET,/api/mixed/http/,110.77,55353,0,
2026-05-16T16:00:00.900802,GET,/api/mixed/http/,107.72,55353,0,
2026-05-16T16:00:00.932269,GET,/api/mixed/pipeline/1/,5.16,82,0,
2026-05-16T16:00:00.968765,GET,/api/mixed/http/,107.28,55353,0,
2026-05-16T16:00:00.970828,GET,/api/mixed/pipeline/1/,3.33,82,0,
2026-05-16T16:00:00.974813,GET,/api/mixed/db/1/,3.88,247,0,
2026-05-16T16:00:01.029162,GET,/api/mixed/db/1/,3.95,247,0,
2026-05-16T16:00:01.083322,GET,/api/mixed/pipeline/1/,3.0,82,0,
2026-05-16T16:00:01.127612,GET,/api/mixed/db/1/,3.98,247,0,
2026-05-16T16:00:01.165425,GET,/api/mixed/http/,110.89,55353,0,
2026-05-16T16:00:01.167617,GET,/api/mixed/db/1/,6.69,247,0,
2026-05-16T16:00:01.281062,GET,/api/mixed/pipeline/1/,3.03,82,0,
2026-05-16T16:00:01.327672,GET,/api/mixed/db/1/,4.33,247,0,
2026-05-16T16:00:01.336835,GET,/api/mixed/db/1/,3.96,247,0,
2026-05-16T16:00:01.371988,GET,/api/mixed/pipeline/1/,2.93,82,0,
2026-05-16T16:00:01.377285,GET,/api/mixed/http/,110.07,55353,0,
2026-05-16T16:00:01.480041,GET,/api/mixed/http/,107.93,55353,0,
2026-05-16T16:00:01.516474,GET,/api/mixed/pipeline/1/,3.16,82,0,
2026-05-16T16:00:01.676611,GET,/api/mixed/http/,108.85,55353,0,
2026-05-16T16:00:01.717644,GET,/api/mixed/http/,108.02,55353,0,
2026-05-16T16:00:01.755311,GET,/api/mixed/http/,107.87,55353,0,
2026-05-16T16:00:01.758351,GET,/api/mixed/pipeline/1/,2.92,82,0,
2026-05-16T16:00:01.781336,GET,/api/mixed/db/1/,4.73,247,0,
2026-05-16T16:00:01.857980,GET,/api/mixed/pipeline/1/,3.15,82,0,
2026-05-16T16:00:01.970283,GET,/api/mixed/db/1/,4.17,247,0,
2026-05-16T16:00:02.022363,GET,/api/mixed/db/1/,4.26,247,0,
2026-05-16T16:00:02.024543,GET,/api/mixed/http/,108.3,55353,0,
2026-05-16T16:00:02.169000,GET,/api/mixed/http/,108.05,55353,0,
2026-05-16T16:00:02.228327,GET,/api/mixed/pipeline/1/,3.19,82,0,
2026-05-16T16:00:02.280635,GET,/api/mixed/db/1/,4.04,247,0,
2026-05-16T16:00:02.295159,GET,/api/mixed/db/1/,9.16,247,0,
2026-05-16T16:00:02.301527,GET,/api/mixed/db/1/,4.05,247,0,
2026-05-16T16:00:02.309818,GET,/api/mixed/http/,108.28,55353,0,
2026-05-16T16:00:02.338161,GET,/api/mixed/pipeline/1/,3.13,82,0,
2026-05-16T16:00:02.357456,GET,/api/mixed/db/1/,3.93,247,0,
2026-05-16T16:00:02.363536,GET,/api/mixed/db/1/,3.75,247,0,
2026-05-16T16:00:02.378715,GET,/api/mixed/pipeline/1/,2.9,82,0,
2026-05-16T16:00:02.492012,GET,/api/mixed/pipeline/1/,5.15,82,0,
2026-05-16T16:00:02.523646,GET,/api/mixed/db/1/,4.21,247,0,
2026-05-16T16:00:02.536290,GET,/api/mixed/http/,108.13,55353,0,
2026-05-16T16:00:02.583521,GET,/api/mixed/pipeline/1/,2.82,82,0,
2026-05-16T16:00:02.607846,GET,/api/mixed/pipeline/1/,2.91,82,0,
2026-05-16T16:00:02.637690,GET,/api/mixed/pipeline/1/,2.86,82,0,
2026-05-16T16:00:02.648947,GET,/api/mixed/http/,112.11,55353,0,
2026-05-16T16:00:02.676694,GET,/api/mixed/http/,107.69,55353,0,
2026-05-16T16:00:02.724571,GET,/api/mixed/pipeline/1/,3.12,82,0,
2026-05-16T16:00:02.728037,GET,/api/mixed/http/,107.79,55353,0,
2026-05-16T16:00:02.742470,GET,/api/mixed/pipeline/1/,3.09,82,0,
2026-05-16T16:00:02.813727,GET,/api/mixed/http/,107.79,55353,0,
2026-05-16T16:00:02.829154,GET,/api/mixed/db/1/,4.04,247,0,
2026-05-16T16:00:02.912981,GET,/api/mixed/http/,107.94,55353,0,
2026-05-16T16:00:02.915289,GET,/api/mixed/http/,107.44,55353,0,
2026-05-16T16:00:02.944791,GET,/api/mixed/pipeline/1/,3.26,82,0,
2026-05-16T16:00:03.065472,GET,/api/mixed/http/,108.46,55353,0,
2026-05-16T16:00:03.099226,GET,/api/mixed/db/1/,3.94,247,0,
2026-05-16T16:00:03.107244,GET,/api/mixed/pipeline/1/,2.98,82,0,
2026-05-16T16:00:03.196526,GET,/api/mixed/http/,108.72,55353,0,
2026-05-16T16:00:03.209083,GET,/api/mixed/http/,108.41,55353,0,
2026-05-16T16:00:03.243372,GET,/api/mixed/db/1/,4.34,247,0,
2026-05-16T16:00:03.292022,GET,/api/mixed/db/1/,4.33,247,0,
2026-05-16T16:00:03.331431,GET,/api/mixed/http/,108.02,55353,0,
2026-05-16T16:00:03.339637,GET,/api/mixed/pipeline/1/,2.82,82,0,
2026-05-16T16:00:03.385956,GET,/api/mixed/http/,111.13,55353,0,
2026-05-16T16:00:03.428948,GET,/api/mixed/pipeline/1/,3.05,82,0,
2026-05-16T16:00:03.469611,GET,/api/mixed/http/,107.62,55353,0,
2026-05-16T16:00:03.474380,GET,/api/mixed/http/,106.85,55353,0,
2026-05-16T16:00:03.483278,GET,/api/mixed/http/,108.27,55353,0,
2026-05-16T16:00:03.531762,GET,/api/mixed/http/,110.6,55353,0,
2026-05-16T16:00:03.612693,GET,/api/mixed/db/1/,4.35,247,0,
2026-05-16T16:00:03.629750,GET,/api/mixed/http/,111.13,55353,0,
2026-05-16T16:00:03.682082,GET,/api/mixed/db/1/,4.1,247,0,
2026-05-16T16:00:03.773422,GET,/api/mixed/pipeline/1/,6.94,82,0,
2026-05-16T16:00:03.796344,GET,/api/mixed/http/,107.06,55353,0,
2026-05-16T16:00:03.852749,GET,/api/mixed/pipeline/1/,3.19,82,0,
2026-05-16T16:00:03.894770,GET,/api/mixed/pipeline/1/,3.12,82,0,
2026-05-16T16:00:03.967677,GET,/api/mixed/http/,110.53,55353,0,
