timestamp,method,name,response_time_ms,response_length,failed,error
2026-05-16T16:28:00.525607,POST,/api/articles/bulk/,1478.42,34,0,
2026-05-16T16:28:00.541023,POST,/api/articles/bulk/,1479.08,34,0,
2026-05-16T16:28:00.545768,POST,/api/articles/analyze/,1456.04,58,0,
2026-05-16T16:28:00.547845,POST,/api/articles/analyze/,1456.27,58,0,
2026-05-16T16:28:00.558350,POST,/api/articles/analyze/,1474.5,58,0,
2026-05-16T16:28:00.561693,GET,/api/articles/list/small/,1464.25,23002,0,
2026-05-16T16:28:00.582601,POST,/api/articles/bulk/,1434.55,34,0,
2026-05-16T16:28:00.583325,POST,/api/articles/analyze/,1468.6,58,0,
2026-05-16T16:28:00.585120,GET,/api/articles/list/large/,1391.75,471824,0,
2026-05-16T16:28:00.585978,POST,/api/articles/bulk/,1466.36,34,0,
2026-05-16T16:28:00.586892,GET,/api/articles/list/small/,1411.32,23002,0,
2026-05-16T16:28:00.594672,GET,/api/articles/list/large/,1464.27,471824,0,
2026-05-16T16:28:00.595962,GET,/api/articles/list/large/,1345.73,471824,0,
2026-05-16T16:28:00.597099,GET,/api/articles/list/large/,1468.43,471824,0,
2026-05-16T16:28:00.598942,GET,/api/articles/list/small/,1431.22,23002,0,
2026-05-16T16:28:00.716888,GET,/api/articles/list/large/,1503.79,471824,0,
2026-05-16T16:28:00.718038,POST,/api/articles/analyze/,1510.97,58,0,
2026-05-16T16:28:00.724977,GET,/api/articles/list/small/,1446.56,23002,0,
2026-05-16T16:28:00.776322,POST,/api/articles/bulk/,1541.9,34,0,
2026-05-16T16:28:00.794246,GET,/api/articles/list/small/,1551.67,23002,0,
2026-05-16T16:28:00.821600,POST,/api/articles/analyze/,1246.35,58,0,
2026-05-16T16:28:00.887829,GET,/api/articles/list/small/,1414.12,23002,0,
2026-05-16T16:28:00.888204,POST,/api/articles/bulk/,1483.96,34,0,
2026-05-16T16:28:00.891397,GET,/api/articles/list/large/,1466.36,471824,0,
2026-05-16T16:28:00.924052,POST,/api/articles/analyze/,1447.5,58,0,
2026-05-16T16:28:00.927871,POST,/api/articles/analyze/,1361.44,58,0,
2026-05-16T16:28:00.928037,POST,/api/articles/analyze/,1371.57,58,0,
2026-05-16T16:28:00.929442,GET,/api/articles/list/small/,1525.68,23002,0,
2026-05-16T16:28:00.929804,POST,/api/articles/bulk/,1419.49,34,0,
2026-05-16T16:28:00.931016,GET,/api/articles/list/large/,1546.64,471824,0,
2026-05-16T16:28:00.936271,GET,/api/articles/list/large/,1513.83,471824,0,
2026-05-16T16:28:00.937121,POST,/api/articles/analyze/,1357.93,58,0,
2026-05-16T16:28:00.945294,POST,/api/articles/bulk/,1358.29,34,0,
2026-05-16T16:28:00.946754,GET,/api/articles/list/small/,1296.82,23002,0,
2026-05-16T16:28:00.947953,GET,/api/articles/list/large/,1336.81,471824,0,
2026-05-16T16:28:00.948546,POST,/api/articles/analyze/,1536.09,58,0,
2026-05-16T16:28:00.997780,POST,/api/articles/bulk/,1577.4,34,0,
2026-05-16T16:28:01.001858,POST,/api/articles/analyze/,1383.79,58,0,
2026-05-16T16:28:01.003462,POST,/api/articles/bulk/,1357.61,34,0,
2026-05-16T16:28:01.071574,GET,/api/articles/list/small/,1418.95,23002,0,
2026-05-16T16:28:01.087210,GET,/api/articles/list/large/,1406.31,471824,0,
2026-05-16T16:28:01.091987,POST,/api/articles/analyze/,1371.92,58,0,
2026-05-16T16:28:01.117168,POST,/api/articles/bulk/,1404.4,34,0,
2026-05-16T16:28:01.126093,POST,/api/articles/bulk/,1412.26,34,0,
2026-05-16T16:28:01.127704,POST,/api/articles/analyze/,1329.99,58,0,
2026-05-16T16:28:01.134186,GET,/api/articles/list/small/,1399.59,23002,0,
2026-05-16T16:28:01.135648,POST,/api/articles/bulk/,1298.9,34,0,
2026-05-16T16:28:01.138428,POST,/api/articles/analyze/,1272.23,58,0,
2026-05-16T16:28:01.184477,GET,/api/articles/list/large/,1412.11,471824,0,
2026-05-16T16:28:01.193230,GET,/api/articles/list/small/,1311.22,23002,0,
2026-05-16T16:28:01.194112,POST,/api/articles/bulk/,1320.91,34,0,
2026-05-16T16:28:01.197907,GET,/api/articles/list/small/,1272.58,23002,0,
2026-05-16T16:28:01.199177,GET,/api/articles/list/large/,1417.92,471824,0,
2026-05-16T16:28:01.201881,GET,/api/articles/list/large/,1278.54,471824,0,
2026-05-16T16:28:01.238783,POST,/api/articles/analyze/,1368.69,58,0,
2026-05-16T16:28:01.243500,POST,/api/articles/bulk/,1314.9,34,0,
2026-05-16T16:28:01.244855,GET,/api/articles/list/small/,1340.01,23002,0,
2026-05-16T16:28:01.247246,GET,/api/articles/list/small/,1374.39,23002,0,
2026-05-16T16:28:01.260081,GET,/api/articles/list/large/,1470.05,471824,0,
2026-05-16T16:28:01.263114,POST,/api/articles/analyze/,1337.34,58,0,
2026-05-16T16:28:01.265877,GET,/api/articles/list/small/,1387.96,23002,0,
2026-05-16T16:28:01.269285,POST,/api/articles/analyze/,1363.99,58,0,
2026-05-16T16:28:01.290446,GET,/api/articles/list/large/,1306.85,471824,0,
2026-05-16T16:28:01.295836,GET,/api/articles/list/large/,1223.46,471824,0,
2026-05-16T16:28:01.296483,GET,/api/articles/list/small/,1245.79,23002,0,
2026-05-16T16:28:01.334453,GET,/api/articles/list/small/,1370.05,23002,0,
2026-05-16T16:28:01.354641,GET,/api/articles/list/large/,1373.0,471824,0,
2026-05-16T16:28:01.355619,POST,/api/articles/bulk/,1350.01,34,0,
2026-05-16T16:28:01.357154,GET,/api/articles/list/small/,1321.25,23002,0,
2026-05-16T16:28:01.358260,POST,/api/articles/analyze/,1237.83,58,0,
2026-05-16T16:28:01.392356,GET,/api/articles/list/small/,1307.21,23002,0,
2026-05-16T16:28:01.398441,GET,/api/articles/list/large/,1390.32,471824,0,
2026-05-16T16:28:01.399838,POST,/api/articles/bulk/,1205.7,34,0,
2026-05-16T16:28:01.408387,GET,/api/articles/list/large/,1247.72,471824,0,
2026-05-16T16:28:01.411140,POST,/api/articles/analyze/,1345.63,58,0,
2026-05-16T16:28:01.423422,POST,/api/articles/bulk/,1189.5,34,0,
2026-05-16T16:28:01.430436,GET,/api/articles/list/small/,1185.82,23002,0,
2026-05-16T16:28:01.442298,POST,/api/articles/analyze/,1189.38,58,0,
2026-05-16T16:28:01.444352,POST,/api/articles/analyze/,1174.95,58,0,
2026-05-16T16:28:01.481581,POST,/api/articles/bulk/,1165.38,34,0,
2026-05-16T16:28:01.488440,GET,/api/articles/list/small/,1186.07,23002,0,
2026-05-16T16:28:01.489024,POST,/api/articles/bulk/,1230.74,34,0,
2026-05-16T16:28:01.489681,POST,/api/articles/analyze/,1193.45,58,0,
2026-05-16T16:28:01.511263,GET,/api/articles/list/small/,1146.87,23002,0,
2026-05-16T16:28:01.517882,GET,/api/articles/list/small/,1100.11,23002,0,
2026-05-16T16:28:01.518812,POST,/api/articles/analyze/,1115.54,58,0,
2026-05-16T16:28:01.519613,POST,/api/articles/analyze/,1106.38,58,0,
2026-05-16T16:28:01.593587,POST,/api/articles/analyze/,1161.58,58,0,
2026-05-16T16:28:01.596634,GET,/api/articles/list/large/,1165.05,471824,0,
2026-05-16T16:28:01.643683,POST,/api/articles/bulk/,1191.13,34,0,
2026-05-16T16:28:01.644461,GET,/api/articles/list/small/,1172.54,23002,0,
2026-05-16T16:28:01.645017,GET,/api/articles/list/small/,1156.48,23002,0,
2026-05-16T16:28:01.645475,POST,/api/articles/analyze/,1141.79,58,0,
2026-05-16T16:28:01.652829,POST,/api/articles/analyze/,1177.42,58,0,
2026-05-16T16:28:01.658316,GET,/api/articles/list/large/,1130.45,471824,0,
2026-05-16T16:28:01.663608,POST,/api/articles/analyze/,1112.59,58,0,
2026-05-16T16:28:01.734009,POST,/api/articles/bulk/,1106.85,34,0,
2026-05-16T16:28:01.743950,GET,/api/articles/list/large/,1152.87,471824,0,
2026-05-16T16:28:01.747510,POST,/api/articles/analyze/,1142.42,58,0,
2026-05-16T16:28:01.758152,POST,/api/articles/analyze/,1099.97,58,0,
2026-05-16T16:28:01.761920,GET,/api/articles/list/large/,1114.57,471824,0,
2026-05-16T16:28:01.762959,GET,/api/articles/list/small/,1087.95,23002,0,
2026-05-16T16:28:01.764008,POST,/api/articles/analyze/,1020.17,58,0,
2026-05-16T16:28:01.769830,GET,/api/articles/list/small/,1031.62,23002,0,
2026-05-16T16:28:01.819912,GET,/api/articles/list/small/,1142.05,23002,0,
2026-05-16T16:28:01.822216,POST,/api/articles/analyze/,1059.57,58,0,
2026-05-16T16:28:01.823261,POST,/api/articles/analyze/,1081.27,58,0,
2026-05-16T16:28:01.841818,POST,/api/articles/analyze/,1031.29,58,0,
2026-05-16T16:28:01.842894,GET,/api/articles/list/small/,946.27,23002,0,
2026-05-16T16:28:01.845213,POST,/api/articles/bulk/,918.24,34,0,
2026-05-16T16:28:01.846915,POST,/api/articles/analyze/,992.85,58,0,
2026-05-16T16:28:01.850196,POST,/api/articles/bulk/,970.35,34,0,
2026-05-16T16:28:01.853507,POST,/api/articles/bulk/,925.07,34,0,
2026-05-16T16:28:01.856538,GET,/api/articles/list/large/,944.04,471824,0,
2026-05-16T16:28:01.858619,POST,/api/articles/analyze/,983.6,58,0,
2026-05-16T16:28:01.859733,POST,/api/articles/bulk/,909.99,34,0,
2026-05-16T16:28:01.894443,GET,/api/articles/list/large/,882.99,471824,0,
2026-05-16T16:28:01.896356,POST,/api/articles/analyze/,924.03,58,0,
2026-05-16T16:28:01.899641,POST,/api/articles/analyze/,937.25,58,0,
2026-05-16T16:28:01.901277,GET,/api/articles/list/large/,893.59,471824,0,
2026-05-16T16:28:01.906459,GET,/api/articles/list/large/,911.19,471824,0,
2026-05-16T16:28:01.908773,POST,/api/articles/bulk/,954.65,34,0,
2026-05-16T16:28:01.910856,GET,/api/articles/list/small/,866.46,23002,0,
2026-05-16T16:28:01.980209,POST,/api/articles/analyze/,866.97,58,0,
2026-05-16T16:28:01.981398,GET,/api/articles/list/small/,848.83,23002,0,
2026-05-16T16:28:01.982915,GET,/api/articles/list/large/,805.96,471824,0,
2026-05-16T16:28:02.038793,POST,/api/articles/analyze/,878.06,58,0,
2026-05-16T16:28:02.043186,POST,/api/articles/bulk/,883.55,34,0,
2026-05-16T16:28:02.044046,GET,/api/articles/list/small/,874.04,23002,0,
2026-05-16T16:28:02.045734,POST,/api/articles/analyze/,885.38,58,0,
2026-05-16T16:28:02.054092,POST,/api/articles/analyze/,832.48,58,0,
2026-05-16T16:28:02.059322,POST,/api/articles/bulk/,844.16,34,0,
2026-05-16T16:28:02.059699,POST,/api/articles/analyze/,815.35,58,0,
2026-05-16T16:28:02.060663,GET,/api/articles/list/large/,864.38,471824,0,
2026-05-16T16:28:02.061470,POST,/api/articles/bulk/,874.75,34,0,
2026-05-16T16:28:02.062091,GET,/api/articles/list/small/,812.64,23002,0,
2026-05-16T16:28:02.080658,POST,/api/articles/analyze/,822.01,58,0,
2026-05-16T16:28:02.084964,GET,/api/articles/list/small/,808.44,23002,0,
2026-05-16T16:28:02.120244,POST,/api/articles/bulk/,855.91,34,0,
2026-05-16T16:28:02.134270,GET,/api/articles/list/large/,847.63,471824,0,
2026-05-16T16:28:02.185021,GET,/api/articles/list/large/,726.64,471824,0,
2026-05-16T16:28:02.186278,GET,/api/articles/list/small/,735.73,23002,0,
2026-05-16T16:28:02.199717,POST,/api/articles/analyze/,633.09,58,0,
2026-05-16T16:28:02.207887,GET,/api/articles/list/small/,649.07,23002,0,
2026-05-16T16:28:02.208264,POST,/api/articles/analyze/,605.39,58,0,
2026-05-16T16:28:02.218115,POST,/api/articles/bulk/,657.39,34,0,
2026-05-16T16:28:02.219566,GET,/api/articles/list/small/,570.65,23002,0,
2026-05-16T16:28:02.221015,POST,/api/articles/bulk/,635.85,34,0,
2026-05-16T16:28:02.222131,GET,/api/articles/list/large/,627.25,471824,0,
2026-05-16T16:28:02.255084,GET,/api/articles/list/small/,664.49,23002,0,
2026-05-16T16:28:02.255682,GET,/api/articles/list/small/,685.25,23002,0,
2026-05-16T16:28:02.277530,GET,/api/articles/list/small/,608.59,23002,0,
2026-05-16T16:28:02.278060,POST,/api/articles/bulk/,611.13,34,0,
2026-05-16T16:28:02.287670,GET,/api/articles/list/large/,594.17,471824,0,
2026-05-16T16:28:02.295802,POST,/api/articles/analyze/,614.9,58,0,
2026-05-16T16:28:02.351668,GET,/api/articles/list/large/,573.58,471824,0,
2026-05-16T16:28:02.398973,POST,/api/articles/bulk/,534.0,34,0,
2026-05-16T16:28:03.198720,POST,/api/articles/analyze/,557.36,58,0,
2026-05-16T16:28:03.204247,POST,/api/articles/analyze/,559.07,58,0,
2026-05-16T16:28:03.238190,POST,/api/articles/bulk/,579.94,34,0,
2026-05-16T16:28:03.247243,GET,/api/articles/list/large/,549.77,471824,0,
2026-05-16T16:28:03.254280,GET,/api/articles/list/small/,538.71,23002,0,
2026-05-16T16:28:03.255439,GET,/api/articles/list/small/,482.53,23002,0,
2026-05-16T16:28:03.296663,POST,/api/articles/bulk/,587.3,34,0,
2026-05-16T16:28:03.298016,POST,/api/articles/bulk/,580.16,34,0,
2026-05-16T16:28:03.312608,GET,/api/articles/list/large/,495.07,471824,0,
2026-05-16T16:28:03.318276,GET,/api/articles/list/small/,507.56,23002,0,
2026-05-16T16:28:03.318978,POST,/api/articles/analyze/,533.61,58,0,
2026-05-16T16:28:03.322119,POST,/api/articles/analyze/,522.42,58,0,
2026-05-16T16:28:03.322971,POST,/api/articles/analyze/,526.36,58,0,
2026-05-16T16:28:03.366453,POST,/api/articles/analyze/,477.32,58,0,
2026-05-16T16:28:03.366898,GET,/api/articles/list/small/,481.41,23002,0,
2026-05-16T16:28:03.373061,GET,/api/articles/list/small/,483.52,23002,0,
2026-05-16T16:28:03.374429,POST,/api/articles/bulk/,529.18,34,0,
2026-05-16T16:28:03.410094,POST,/api/articles/analyze/,536.01,58,0,
2026-05-16T16:28:03.446563,GET,/api/articles/list/large/,582.07,471824,0,
2026-05-16T16:28:03.449982,POST,/api/articles/bulk/,568.61,34,0,
2026-05-16T16:28:03.460346,GET,/api/articles/list/large/,565.98,471824,0,
2026-05-16T16:28:03.551444,GET,/api/articles/list/large/,623.72,471824,0,
2026-05-16T16:28:03.584251,POST,/api/articles/analyze/,606.86,58,0,
2026-05-16T16:28:03.612437,POST,/api/articles/analyze/,595.84,58,0,
2026-05-16T16:28:03.639475,GET,/api/articles/list/large/,576.38,471824,0,
2026-05-16T16:28:03.640443,GET,/api/articles/list/small/,574.34,23002,0,
2026-05-16T16:28:03.643918,POST,/api/articles/bulk/,581.93,34,0,
2026-05-16T16:28:03.651992,GET,/api/articles/list/large/,541.72,471824,0,
2026-05-16T16:28:03.652462,POST,/api/articles/analyze/,586.73,58,0,
2026-05-16T16:28:03.655175,GET,/api/articles/list/large/,600.07,471824,0,
2026-05-16T16:28:03.676332,POST,/api/articles/analyze/,542.17,58,0,
2026-05-16T16:28:03.680085,GET,/api/articles/list/large/,505.25,471824,0,
2026-05-16T16:28:03.680908,POST,/api/articles/analyze/,516.66,58,0,
2026-05-16T16:28:03.682820,GET,/api/articles/list/large/,518.11,471824,0,
2026-05-16T16:28:03.689647,POST,/api/articles/bulk/,517.13,34,0,
2026-05-16T16:28:03.729378,POST,/api/articles/bulk/,575.27,34,0,
2026-05-16T16:28:03.730445,GET,/api/articles/list/large/,563.81,471824,0,
2026-05-16T16:28:03.777974,POST,/api/articles/analyze/,581.61,58,0,
2026-05-16T16:28:03.781689,GET,/api/articles/list/small/,584.81,23002,0,
2026-05-16T16:28:03.782849,POST,/api/articles/bulk/,559.26,34,0,
2026-05-16T16:28:03.799678,POST,/api/articles/analyze/,535.08,58,0,
2026-05-16T16:28:03.842246,GET,/api/articles/list/small/,617.91,23002,0,
2026-05-16T16:28:03.879528,POST,/api/articles/bulk/,588.0,34,0,
2026-05-16T16:28:03.921423,POST,/api/articles/bulk/,652.96,34,0,
2026-05-16T16:28:03.949317,GET,/api/articles/list/small/,617.1,23002,0,
2026-05-16T16:28:03.951528,POST,/api/articles/bulk/,601.39,34,0,
2026-05-16T16:28:03.960956,POST,/api/articles/analyze/,591.88,58,0,
2026-05-16T16:28:03.972068,GET,/api/articles/list/large/,559.75,471824,0,
2026-05-16T16:28:03.973079,GET,/api/articles/list/large/,572.68,471824,0,
2026-05-16T16:28:03.980721,POST,/api/articles/bulk/,601.11,34,0,
2026-05-16T16:28:03.981474,GET,/api/articles/list/small/,592.82,23002,0,
2026-05-16T16:28:03.981995,POST,/api/articles/analyze/,568.98,58,0,
2026-05-16T16:28:03.997324,GET,/api/articles/list/small/,576.67,23002,0,
2026-05-16T16:28:04.002088,GET,/api/articles/list/small/,533.62,23002,0,
2026-05-16T16:28:04.004222,GET,/api/articles/list/small/,472.47,23002,0,
2026-05-16T16:28:04.008744,GET,/api/articles/list/small/,486.66,23002,0,
2026-05-16T16:28:04.009642,GET,/api/articles/list/large/,544.01,471824,0,
2026-05-16T16:28:04.018026,POST,/api/articles/analyze/,499.82,58,0,
2026-05-16T16:28:04.166492,GET,/api/articles/list/large/,692.93,471824,0,
2026-05-16T16:28:04.172365,GET,/api/articles/list/small/,706.16,23002,0,
2026-05-16T16:28:04.175437,POST,/api/articles/analyze/,616.68,58,0,
2026-05-16T16:28:04.176422,GET,/api/articles/list/small/,606.17,23002,0,
2026-05-16T16:28:04.194195,GET,/api/articles/list/large/,620.37,471824,0,
2026-05-16T16:28:04.204209,GET,/api/articles/list/small/,612.71,23002,0,
2026-05-16T16:28:04.204889,POST,/api/articles/analyze/,642.3,58,0,
2026-05-16T16:28:04.231284,POST,/api/articles/bulk/,625.9,34,0,
2026-05-16T16:28:04.425699,POST,/api/articles/analyze/,766.31,58,0,
2026-05-16T16:28:04.436998,GET,/api/articles/list/small/,787.2,23002,0,
2026-05-16T16:28:04.450459,GET,/api/articles/list/small/,703.83,23002,0,
2026-05-16T16:28:04.455949,GET,/api/articles/list/small/,741.36,23002,0,
2026-05-16T16:28:04.458162,POST,/api/articles/analyze/,724.52,58,0,
2026-05-16T16:28:04.459036,POST,/api/articles/analyze/,710.58,58,0,
2026-05-16T16:28:04.463317,POST,/api/articles/analyze/,711.14,58,0,
2026-05-16T16:28:04.464075,POST,/api/articles/bulk/,691.99,34,0,
2026-05-16T16:28:04.465222,POST,/api/articles/bulk/,729.74,34,0,
2026-05-16T16:28:04.468963,GET,/api/articles/list/small/,740.53,23002,0,
2026-05-16T16:28:04.469712,POST,/api/articles/bulk/,772.84,34,0,
2026-05-16T16:28:04.470445,GET,/api/articles/list/small/,714.42,23002,0,
2026-05-16T16:28:04.481004,GET,/api/articles/list/small/,776.28,23002,0,
2026-05-16T16:28:04.485177,POST,/api/articles/bulk/,710.98,34,0,
2026-05-16T16:28:04.487072,GET,/api/articles/list/large/,788.03,471824,0,
2026-05-16T16:28:04.490303,GET,/api/articles/list/small/,709.07,23002,0,
2026-05-16T16:28:04.491107,GET,/api/articles/list/large/,670.05,471824,0,
2026-05-16T16:28:04.491726,POST,/api/articles/bulk/,722.89,34,0,
2026-05-16T16:28:04.495111,POST,/api/articles/analyze/,680.74,58,0,
2026-05-16T16:28:04.555823,POST,/api/articles/analyze/,768.76,58,0,
2026-05-16T16:28:04.569596,POST,/api/articles/analyze/,764.09,58,0,
2026-05-16T16:28:04.575228,GET,/api/articles/list/large/,770.27,471824,0,
2026-05-16T16:28:04.626987,POST,/api/articles/analyze/,713.23,58,0,
2026-05-16T16:28:04.653831,POST,/api/articles/analyze/,808.34,58,0,
2026-05-16T16:28:04.661075,POST,/api/articles/bulk/,727.4,34,0,
2026-05-16T16:28:04.694380,POST,/api/articles/bulk/,819.21,34,0,
2026-05-16T16:28:04.695905,GET,/api/articles/list/large/,846.58,471824,0,
2026-05-16T16:28:04.766592,GET,/api/articles/list/small/,806.46,23002,0,
2026-05-16T16:28:04.883046,GET,/api/articles/list/small/,896.45,23002,0,
2026-05-16T16:28:04.893122,GET,/api/articles/list/large/,778.9,471824,0,
2026-05-16T16:28:04.904435,POST,/api/articles/analyze/,821.54,58,0,
2026-05-16T16:28:04.906798,POST,/api/articles/analyze/,855.32,58,0,
2026-05-16T16:28:04.907807,POST,/api/articles/bulk/,745.13,34,0,
2026-05-16T16:28:04.908340,POST,/api/articles/analyze/,882.97,58,0,
2026-05-16T16:28:04.909462,POST,/api/articles/bulk/,817.57,34,0,
2026-05-16T16:28:04.912102,POST,/api/articles/bulk/,904.71,34,0,
2026-05-16T16:28:04.913294,POST,/api/articles/bulk/,781.07,34,0,
2026-05-16T16:28:04.913846,POST,/api/articles/bulk/,838.07,34,0,
2026-05-16T16:28:04.916533,GET,/api/articles/list/small/,873.16,23002,0,
2026-05-16T16:28:04.919103,POST,/api/articles/bulk/,812.84,34,0,
2026-05-16T16:28:04.926908,GET,/api/articles/list/small/,906.61,23002,0,
2026-05-16T16:28:04.929784,POST,/api/articles/analyze/,899.47,58,0,
2026-05-16T16:28:04.930956,POST,/api/articles/analyze/,823.87,58,0,
2026-05-16T16:28:04.932488,GET,/api/articles/list/small/,767.24,23002,0,
2026-05-16T16:28:04.934578,GET,/api/articles/list/small/,792.0,23002,0,
2026-05-16T16:28:04.935480,POST,/api/articles/bulk/,720.3,34,0,
2026-05-16T16:28:04.936581,POST,/api/articles/analyze/,862.76,58,0,
2026-05-16T16:28:04.939522,POST,/api/articles/analyze/,778.01,58,0,
2026-05-16T16:28:04.950141,GET,/api/articles/list/small/,779.34,23002,0,
2026-05-16T16:28:04.951270,GET,/api/articles/list/large/,784.59,471824,0,
2026-05-16T16:28:04.955293,POST,/api/articles/analyze/,762.79,58,0,
2026-05-16T16:28:04.956801,POST,/api/articles/analyze/,784.91,58,0,
2026-05-16T16:28:04.995952,POST,/api/articles/analyze/,750.23,58,0,
2026-05-16T16:28:04.997081,POST,/api/articles/bulk/,714.63,34,0,
2026-05-16T16:28:04.999103,GET,/api/articles/list/large/,809.44,471824,0,
2026-05-16T16:28:05.012065,GET,/api/articles/list/small/,752.48,23002,0,
2026-05-16T16:28:05.015902,POST,/api/articles/bulk/,715.13,34,0,
2026-05-16T16:28:05.017055,POST,/api/articles/bulk/,692.01,34,0,
2026-05-16T16:28:05.018555,GET,/api/articles/list/small/,778.72,23002,0,
2026-05-16T16:28:05.026473,GET,/api/articles/list/small/,694.19,23002,0,
2026-05-16T16:28:05.039573,GET,/api/articles/list/large/,819.26,471824,0,
2026-05-16T16:28:05.083947,GET,/api/articles/list/large/,720.94,471824,0,
2026-05-16T16:28:05.087041,POST,/api/articles/analyze/,717.09,58,0,
2026-05-16T16:28:05.088021,POST,/api/articles/analyze/,703.7,58,0,
2026-05-16T16:28:05.094166,GET,/api/articles/list/large/,719.5,471824,0,
2026-05-16T16:28:05.248005,GET,/api/articles/list/small/,823.07,23002,0,
2026-05-16T16:28:05.339573,GET,/api/articles/list/large/,849.74,471824,0,
2026-05-16T16:28:05.352759,POST,/api/articles/analyze/,889.94,58,0,
2026-05-16T16:28:05.416439,POST,/api/articles/analyze/,868.09,58,0,
2026-05-16T16:28:05.421811,POST,/api/articles/bulk/,871.5,34,0,
2026-05-16T16:28:05.422586,POST,/api/articles/analyze/,901.09,58,0,
2026-05-16T16:28:05.424707,POST,/api/articles/analyze/,910.09,58,0,
2026-05-16T16:28:05.508702,POST,/api/articles/analyze/,866.0,58,0,
2026-05-16T16:28:05.509891,GET,/api/articles/list/small/,926.37,23002,0,
2026-05-16T16:28:05.514759,POST,/api/articles/analyze/,878.48,58,0,
2026-05-16T16:28:05.515607,POST,/api/articles/bulk/,907.05,34,0,
2026-05-16T16:28:05.516210,POST,/api/articles/bulk/,866.6,34,0,
2026-05-16T16:28:05.519045,GET,/api/articles/list/small/,915.14,23002,0,
2026-05-16T16:28:05.519517,POST,/api/articles/analyze/,939.07,58,0,
2026-05-16T16:28:05.523525,POST,/api/articles/analyze/,926.51,58,0,
2026-05-16T16:28:05.526133,GET,/api/articles/list/large/,938.9,471824,0,
2026-05-16T16:28:05.534832,GET,/api/articles/list/large/,898.08,471824,0,
2026-05-16T16:28:05.575300,POST,/api/articles/analyze/,905.97,58,0,
2026-05-16T16:28:05.578571,POST,/api/articles/analyze/,881.46,58,0,
2026-05-16T16:28:05.582569,GET,/api/articles/list/large/,893.58,471824,0,
2026-05-16T16:28:05.583284,POST,/api/articles/bulk/,887.25,34,0,
2026-05-16T16:28:05.589577,POST,/api/articles/analyze/,910.42,58,0,
2026-05-16T16:28:05.598098,GET,/api/articles/list/large/,921.8,471824,0,
2026-05-16T16:28:05.610937,GET,/api/articles/list/large/,843.04,471824,0,
2026-05-16T16:28:05.615050,POST,/api/articles/analyze/,878.65,58,0,
2026-05-16T16:28:05.618287,POST,/api/articles/bulk/,864.91,34,0,
2026-05-16T16:28:05.636467,POST,/api/articles/analyze/,834.83,58,0,
2026-05-16T16:28:05.643078,POST,/api/articles/bulk/,839.51,34,0,
2026-05-16T16:28:05.643743,POST,/api/articles/analyze/,816.71,58,0,
2026-05-16T16:28:05.644456,POST,/api/articles/analyze/,840.25,58,0,
2026-05-16T16:28:05.645155,GET,/api/articles/list/small/,828.12,23002,0,
2026-05-16T16:28:05.650560,GET,/api/articles/list/small/,858.81,23002,0,
2026-05-16T16:28:05.659682,POST,/api/articles/bulk/,834.88,34,0,
2026-05-16T16:28:05.663418,GET,/api/articles/list/small/,848.26,23002,0,
2026-05-16T16:28:05.673434,POST,/api/articles/analyze/,813.18,58,0,
2026-05-16T16:28:05.674524,POST,/api/articles/analyze/,808.32,58,0,
2026-05-16T16:28:05.675165,POST,/api/articles/bulk/,805.03,34,0,
2026-05-16T16:28:05.774814,GET,/api/articles/list/small/,896.45,23002,0,
2026-05-16T16:28:05.811356,GET,/api/articles/list/large/,928.76,471824,0,
2026-05-16T16:28:05.833875,POST,/api/articles/analyze/,932.46,58,0,
2026-05-16T16:28:05.875818,POST,/api/articles/bulk/,969.85,34,0,
2026-05-16T16:28:05.886613,GET,/api/articles/list/large/,968.84,471824,0,
2026-05-16T16:28:05.962533,GET,/api/articles/list/large/,1040.18,471824,0,
2026-05-16T16:28:05.963219,GET,/api/articles/list/small/,1039.09,23002,0,
2026-05-16T16:28:05.970549,POST,/api/articles/analyze/,1040.58,58,0,
2026-05-16T16:28:05.995498,GET,/api/articles/list/small/,1047.6,23002,0,
2026-05-16T16:28:05.996557,POST,/api/articles/analyze/,995.15,58,0,
2026-05-16T16:28:05.997320,GET,/api/articles/list/small/,1043.84,23002,0,
2026-05-16T16:28:06.003718,GET,/api/articles/list/large/,1058.99,471824,0,
2026-05-16T16:28:06.039099,GET,/api/articles/list/small/,1059.08,23002,0,
2026-05-16T16:28:06.042598,POST,/api/articles/analyze/,1073.48,58,0,
2026-05-16T16:28:06.056605,POST,/api/articles/bulk/,945.15,34,0,
2026-05-16T16:28:06.057198,GET,/api/articles/list/small/,1050.79,23002,0,
2026-05-16T16:28:06.093977,POST,/api/articles/bulk/,1083.67,34,0,
2026-05-16T16:28:06.094881,GET,/api/articles/list/small/,1067.17,23002,0,
2026-05-16T16:28:06.111325,GET,/api/articles/list/small/,1062.47,23002,0,
2026-05-16T16:28:06.147663,POST,/api/articles/bulk/,1035.46,34,0,
2026-05-16T16:28:06.148310,POST,/api/articles/bulk/,1073.58,34,0,
2026-05-16T16:28:06.153250,POST,/api/articles/bulk/,1118.63,34,0,
2026-05-16T16:28:06.200215,POST,/api/articles/analyze/,1064.64,58,0,
2026-05-16T16:28:06.202329,GET,/api/articles/list/large/,1011.62,471824,0,
2026-05-16T16:28:06.203123,POST,/api/articles/bulk/,980.66,34,0,
2026-05-16T16:28:06.203649,POST,/api/articles/analyze/,1007.63,58,0,
2026-05-16T16:28:06.206592,POST,/api/articles/analyze/,988.04,58,0,
2026-05-16T16:28:06.229907,GET,/api/articles/list/large/,967.47,471824,0,
2026-05-16T16:28:06.234699,GET,/api/articles/list/large/,996.92,471824,0,
2026-05-16T16:28:06.235606,GET,/api/articles/list/small/,964.45,23002,0,
2026-05-16T16:28:06.236521,POST,/api/articles/analyze/,962.56,58,0,
2026-05-16T16:28:06.244628,POST,/api/articles/bulk/,957.01,34,0,
2026-05-16T16:28:06.261178,GET,/api/articles/list/small/,960.41,23002,0,
2026-05-16T16:28:06.264397,GET,/api/articles/list/large/,936.0,471824,0,
2026-05-16T16:28:06.265136,POST,/api/articles/analyze/,943.7,58,0,
2026-05-16T16:28:06.289379,GET,/api/articles/list/large/,934.2,471824,0,
2026-05-16T16:28:06.292075,GET,/api/articles/list/large/,943.22,471824,0,
2026-05-16T16:28:06.297347,GET,/api/articles/list/small/,945.01,23002,0,
2026-05-16T16:28:06.301913,GET,/api/articles/list/small/,965.75,23002,0,
2026-05-16T16:28:06.309129,POST,/api/articles/bulk/,951.23,34,0,
2026-05-16T16:28:06.351899,GET,/api/articles/list/small/,966.08,23002,0,
2026-05-16T16:28:06.352991,GET,/api/articles/list/small/,979.05,23002,0,
2026-05-16T16:28:06.392528,GET,/api/articles/list/large/,1000.93,471824,0,
2026-05-16T16:28:06.399069,GET,/api/articles/list/small/,995.68,23002,0,
2026-05-16T16:28:06.414590,GET,/api/articles/list/large/,966.49,471824,0,
2026-05-16T16:28:06.457627,GET,/api/articles/list/small/,939.12,23002,0,
2026-05-16T16:28:06.458408,POST,/api/articles/analyze/,965.61,58,0,
2026-05-16T16:28:06.458749,POST,/api/articles/analyze/,943.85,58,0,
2026-05-16T16:28:06.459499,GET,/api/articles/list/large/,990.51,471824,0,
2026-05-16T16:28:06.506847,POST,/api/articles/analyze/,999.28,58,0,
2026-05-16T16:28:06.510156,GET,/api/articles/list/large/,1019.2,471824,0,
2026-05-16T16:28:06.569227,POST,/api/articles/bulk/,1032.11,34,0,
2026-05-16T16:28:06.604397,GET,/api/articles/list/small/,990.04,23002,0,
2026-05-16T16:28:06.605825,GET,/api/articles/list/small/,1055.42,23002,0,
2026-05-16T16:28:06.637442,GET,/api/articles/list/small/,1031.06,23002,0,
2026-05-16T16:28:06.638695,POST,/api/articles/analyze/,1028.66,58,0,
2026-05-16T16:28:06.746644,GET,/api/articles/list/small/,1110.97,23002,0,
2026-05-16T16:28:06.758303,POST,/api/articles/analyze/,1088.61,58,0,
2026-05-16T16:28:06.758995,POST,/api/articles/analyze/,1059.61,58,0,
2026-05-16T16:28:06.777026,POST,/api/articles/analyze/,1077.07,58,0,
2026-05-16T16:28:06.819402,POST,/api/articles/analyze/,1080.26,58,0,
2026-05-16T16:28:06.820382,GET,/api/articles/list/small/,1078.17,23002,0,
2026-05-16T16:28:06.822764,POST,/api/articles/bulk/,1086.58,34,0,
2026-05-16T16:28:06.825150,GET,/api/articles/list/large/,1034.7,471824,0,
2026-05-16T16:28:06.827913,GET,/api/articles/list/large/,1057.0,471824,0,
2026-05-16T16:28:06.829015,POST,/api/articles/analyze/,1016.45,58,0,
2026-05-16T16:28:06.851647,GET,/api/articles/list/small/,1014.54,23002,0,
2026-05-16T16:28:06.852997,POST,/api/articles/analyze/,1007.07,58,0,
2026-05-16T16:28:06.860340,POST,/api/articles/analyze/,1022.41,58,0,
2026-05-16T16:28:06.863793,POST,/api/articles/bulk/,1034.35,34,0,
2026-05-16T16:28:06.875991,POST,/api/articles/analyze/,962.01,58,0,
2026-05-16T16:28:06.876738,POST,/api/articles/analyze/,938.72,58,0,
2026-05-16T16:28:06.877971,GET,/api/articles/list/large/,911.58,471824,0,
2026-05-16T16:28:06.878355,POST,/api/articles/bulk/,941.85,34,0,
2026-05-16T16:28:06.879173,GET,/api/articles/list/large/,975.22,471824,0,
2026-05-16T16:28:06.882121,POST,/api/articles/analyze/,983.22,58,0,
2026-05-16T16:28:06.883917,GET,/api/articles/list/small/,947.94,23002,0,
2026-05-16T16:28:06.918880,GET,/api/articles/list/large/,1035.8,471824,0,
2026-05-16T16:28:06.935393,GET,/api/articles/list/large/,953.12,471824,0,
2026-05-16T16:28:06.941243,POST,/api/articles/analyze/,926.27,58,0,
2026-05-16T16:28:06.983962,POST,/api/articles/bulk/,995.93,34,0,
2026-05-16T16:28:06.985817,POST,/api/articles/bulk/,966.01,34,0,
2026-05-16T16:28:07.029032,GET,/api/articles/list/small/,940.11,23002,0,
2026-05-16T16:28:07.029936,POST,/api/articles/bulk/,983.12,34,0,
2026-05-16T16:28:07.030483,POST,/api/articles/analyze/,954.77,58,0,
2026-05-16T16:28:07.036573,GET,/api/articles/list/large/,976.14,471824,0,
2026-05-16T16:28:07.037750,POST,/api/articles/bulk/,937.62,34,0,
2026-05-16T16:28:07.038267,GET,/api/articles/list/small/,956.04,23002,0,
2026-05-16T16:28:07.050439,GET,/api/articles/list/large/,970.9,471824,0,
2026-05-16T16:28:07.060128,POST,/api/articles/analyze/,999.29,58,0,
2026-05-16T16:28:07.065997,POST,/api/articles/bulk/,932.41,34,0,
2026-05-16T16:28:07.152321,GET,/api/articles/list/small/,943.24,23002,0,
2026-05-16T16:28:07.153684,POST,/api/articles/bulk/,903.34,34,0,
2026-05-16T16:28:07.154076,GET,/api/articles/list/small/,947.95,23002,0,
2026-05-16T16:28:07.165527,POST,/api/articles/analyze/,946.88,58,0,
2026-05-16T16:28:07.179578,GET,/api/articles/list/large/,962.72,471824,0,
2026-05-16T16:28:07.180259,POST,/api/articles/analyze/,945.4,58,0,
2026-05-16T16:28:07.181732,POST,/api/articles/analyze/,931.87,58,0,
2026-05-16T16:28:07.230356,POST,/api/articles/bulk/,988.63,34,0,
2026-05-16T16:28:07.271976,GET,/api/articles/list/small/,1015.4,23002,0,
2026-05-16T16:28:07.290377,GET,/api/articles/list/small/,1009.99,23002,0,
2026-05-16T16:28:07.300932,GET,/api/articles/list/small/,1012.42,23002,0,
2026-05-16T16:28:07.303748,GET,/api/articles/list/large/,1017.41,471824,0,
2026-05-16T16:28:07.323002,GET,/api/articles/list/large/,935.07,471824,0,
2026-05-16T16:28:07.327284,POST,/api/articles/bulk/,999.94,34,0,
2026-05-16T16:28:07.407018,POST,/api/articles/bulk/,1009.12,34,0,
2026-05-16T16:28:07.411258,GET,/api/articles/list/large/,1047.03,471824,0,
2026-05-16T16:28:07.422952,POST,/api/articles/analyze/,1015.33,58,0,
2026-05-16T16:28:07.436171,POST,/api/articles/bulk/,1028.07,34,0,
2026-05-16T16:28:07.555683,GET,/api/articles/list/large/,1128.84,471824,0,
2026-05-16T16:28:07.556686,POST,/api/articles/bulk/,1078.62,34,0,
2026-05-16T16:28:07.557739,POST,/api/articles/bulk/,1128.06,34,0,
2026-05-16T16:28:07.558547,POST,/api/articles/bulk/,1112.9,34,0,
2026-05-16T16:28:07.560320,POST,/api/articles/bulk/,1008.57,34,0,
2026-05-16T16:28:07.560991,POST,/api/articles/bulk/,1070.11,34,0,
2026-05-16T16:28:07.565318,POST,/api/articles/analyze/,1034.42,58,0,
2026-05-16T16:28:07.566318,GET,/api/articles/list/small/,1126.36,23002,0,
2026-05-16T16:28:07.568070,GET,/api/articles/list/small/,1047.45,23002,0,
2026-05-16T16:28:07.600900,POST,/api/articles/bulk/,1043.79,34,0,
2026-05-16T16:28:07.601312,POST,/api/articles/bulk/,1135.58,34,0,
2026-05-16T16:28:07.625044,POST,/api/articles/analyze/,1056.37,58,0,
2026-05-16T16:28:07.629184,POST,/api/articles/analyze/,1052.51,58,0,
2026-05-16T16:28:07.630523,POST,/api/articles/analyze/,1068.04,58,0,
2026-05-16T16:28:07.634373,GET,/api/articles/list/small/,1014.28,23002,0,
2026-05-16T16:28:07.635582,POST,/api/articles/bulk/,1059.9,34,0,
2026-05-16T16:28:07.652850,GET,/api/articles/list/large/,957.84,471824,0,
2026-05-16T16:28:07.653373,GET,/api/articles/list/small/,1010.45,23002,0,
2026-05-16T16:28:07.653875,GET,/api/articles/list/small/,944.27,23002,0,
2026-05-16T16:28:07.657313,POST,/api/articles/bulk/,977.56,34,0,
2026-05-16T16:28:07.660266,POST,/api/articles/analyze/,973.17,58,0,
2026-05-16T16:28:07.664837,GET,/api/articles/list/large/,957.08,471824,0,
2026-05-16T16:28:07.679989,POST,/api/articles/bulk/,935.74,34,0,
2026-05-16T16:28:07.800338,POST,/api/articles/analyze/,1046.36,58,0,
2026-05-16T16:28:07.814751,POST,/api/articles/bulk/,1046.55,34,0,
2026-05-16T16:28:07.815578,POST,/api/articles/analyze/,1010.26,58,0,
2026-05-16T16:28:07.864501,POST,/api/articles/analyze/,1037.47,58,0,
2026-05-16T16:28:07.865168,POST,/api/articles/analyze/,1018.93,58,0,
2026-05-16T16:28:07.902090,GET,/api/articles/list/large/,1053.08,471824,0,
2026-05-16T16:28:07.903268,GET,/api/articles/list/large/,1060.83,471824,0,
2026-05-16T16:28:07.933254,GET,/api/articles/list/small/,1025.96,23002,0,
2026-05-16T16:28:07.939143,GET,/api/articles/list/large/,1047.8,471824,0,
2026-05-16T16:28:07.939905,POST,/api/articles/analyze/,1046.91,58,0,
2026-05-16T16:28:07.940255,POST,/api/articles/bulk/,1052.11,34,0,
2026-05-16T16:28:07.941270,GET,/api/articles/list/large/,1069.22,471824,0,
2026-05-16T16:28:07.943036,POST,/api/articles/bulk/,1032.92,34,0,
2026-05-16T16:28:07.950381,GET,/api/articles/list/large/,1054.72,471824,0,
2026-05-16T16:28:07.951401,GET,/api/articles/list/small/,1031.3,23002,0,
2026-05-16T16:28:08.029026,GET,/api/articles/list/large/,1095.17,471824,0,
2026-05-16T16:28:08.031006,GET,/api/articles/list/small/,1086.52,23002,0,
2026-05-16T16:28:08.032583,GET,/api/articles/list/small/,1071.57,23002,0,
2026-05-16T16:28:08.036740,GET,/api/articles/list/small/,1068.09,23002,0,
2026-05-16T16:28:08.047670,POST,/api/articles/bulk/,1102.73,34,0,
2026-05-16T16:28:08.048831,GET,/api/articles/list/small/,1090.64,23002,0,
2026-05-16T16:28:08.306459,GET,/api/articles/list/large/,1226.7,471824,0,
2026-05-16T16:28:08.309505,GET,/api/articles/list/small/,1174.29,23002,0,
2026-05-16T16:28:08.312600,GET,/api/articles/list/small/,1206.3,23002,0,
2026-05-16T16:28:08.314127,GET,/api/articles/list/large/,1158.13,471824,0,
2026-05-16T16:28:08.314567,POST,/api/articles/bulk/,1159.26,34,0,
2026-05-16T16:28:08.315090,POST,/api/articles/analyze/,1227.7,58,0,
2026-05-16T16:28:08.315579,POST,/api/articles/analyze/,1240.39,58,0,
2026-05-16T16:28:08.336766,GET,/api/articles/list/large/,1259.7,471824,0,
2026-05-16T16:28:08.344303,POST,/api/articles/bulk/,1197.23,34,0,
2026-05-16T16:28:08.355021,GET,/api/articles/list/small/,1177.25,23002,0,
2026-05-16T16:28:08.358774,GET,/api/articles/list/large/,1170.83,471824,0,
2026-05-16T16:28:08.378556,GET,/api/articles/list/large/,1168.76,471824,0,
2026-05-16T16:28:08.418231,POST,/api/articles/analyze/,1133.0,58,0,
2026-05-16T16:28:08.419535,POST,/api/articles/bulk/,1160.84,34,0,
2026-05-16T16:28:08.453266,GET,/api/articles/list/large/,1146.45,471824,0,
2026-05-16T16:28:08.454565,GET,/api/articles/list/large/,1138.86,471824,0,
2026-05-16T16:28:08.478207,POST,/api/articles/bulk/,1111.95,34,0,
2026-05-16T16:28:08.484192,GET,/api/articles/list/small/,1132.79,23002,0,
2026-05-16T16:28:08.488033,GET,/api/articles/list/large/,1094.03,471824,0,
2026-05-16T16:28:08.489698,GET,/api/articles/list/large/,1152.15,471824,0,
2026-05-16T16:28:08.490223,GET,/api/articles/list/small/,1123.23,23002,0,
2026-05-16T16:28:08.490558,POST,/api/articles/analyze/,1109.64,58,0,
2026-05-16T16:28:08.595923,GET,/api/articles/list/small/,1204.18,23002,0,
2026-05-16T16:28:08.597843,GET,/api/articles/list/large/,1228.7,471824,0,
2026-05-16T16:28:08.604850,POST,/api/articles/analyze/,1180.69,58,0,
2026-05-16T16:28:08.606330,GET,/api/articles/list/small/,1212.7,23002,0,
2026-05-16T16:28:08.610206,GET,/api/articles/list/small/,1185.61,23002,0,
2026-05-16T16:28:08.611798,GET,/api/articles/list/large/,1120.6,471824,0,
2026-05-16T16:28:08.615770,GET,/api/articles/list/large/,1156.37,471824,0,
2026-05-16T16:28:08.618862,POST,/api/articles/analyze/,1131.57,58,0,
2026-05-16T16:28:08.636058,POST,/api/articles/analyze/,1083.35,58,0,
2026-05-16T16:28:08.637045,GET,/api/articles/list/large/,1109.11,471824,0,
2026-05-16T16:28:08.644121,POST,/api/articles/bulk/,1070.82,34,0,
2026-05-16T16:28:08.651355,POST,/api/articles/bulk/,1052.06,34,0,
2026-05-16T16:28:08.702633,POST,/api/articles/analyze/,1108.23,58,0,
2026-05-16T16:28:08.703092,GET,/api/articles/list/small/,1098.6,23002,0,
2026-05-16T16:28:08.756572,GET,/api/articles/list/small/,1134.07,23002,0,
2026-05-16T16:28:08.806361,POST,/api/articles/bulk/,1160.35,34,0,
2026-05-16T16:28:08.808579,POST,/api/articles/bulk/,1149.38,34,0,
2026-05-16T16:28:08.852314,GET,/api/articles/list/small/,1194.86,23002,0,
2026-05-16T16:28:08.931743,POST,/api/articles/analyze/,1245.49,58,0,
2026-05-16T16:28:08.932679,POST,/api/articles/bulk/,1262.52,34,0,
2026-05-16T16:28:08.933767,GET,/api/articles/list/small/,1210.28,23002,0,
2026-05-16T16:28:08.934415,POST,/api/articles/bulk/,1137.49,34,0,
2026-05-16T16:28:08.965303,POST,/api/articles/bulk/,1263.14,34,0,
2026-05-16T16:28:08.969043,GET,/api/articles/list/small/,1214.66,23002,0,
2026-05-16T16:28:09.002947,POST,/api/articles/analyze/,1294.44,58,0,
2026-05-16T16:28:09.006585,GET,/api/articles/list/small/,1241.36,23002,0,
2026-05-16T16:28:09.016280,POST,/api/articles/analyze/,1241.26,58,0,
2026-05-16T16:28:09.024280,POST,/api/articles/analyze/,1174.36,58,0,
2026-05-16T16:28:09.028825,GET,/api/articles/list/small/,1214.5,23002,0,
2026-05-16T16:28:09.034058,GET,/api/articles/list/small/,1189.01,23002,0,
2026-05-16T16:28:09.047139,POST,/api/articles/analyze/,1183.86,58,0,
2026-05-16T16:28:09.047885,POST,/api/articles/analyze/,1175.43,58,0,
2026-05-16T16:28:09.049083,GET,/api/articles/list/large/,1171.7,471824,0,
2026-05-16T16:28:09.050039,GET,/api/articles/list/large/,1170.92,471824,0,
2026-05-16T16:28:09.051381,GET,/api/articles/list/large/,1141.98,471824,0,
2026-05-16T16:28:09.056085,POST,/api/articles/analyze/,1156.3,58,0,
2026-05-16T16:28:09.076277,POST,/api/articles/analyze/,1145.1,58,0,
2026-05-16T16:28:09.077310,GET,/api/articles/list/small/,1179.46,23002,0,
2026-05-16T16:28:09.078720,POST,/api/articles/analyze/,1172.24,58,0,
2026-05-16T16:28:09.099334,POST,/api/articles/bulk/,1150.47,34,0,
2026-05-16T16:28:09.101151,GET,/api/articles/list/small/,1088.12,23002,0,
2026-05-16T16:28:09.102949,POST,/api/articles/analyze/,1127.68,58,0,
2026-05-16T16:28:09.105114,GET,/api/articles/list/small/,1134.66,23002,0,
2026-05-16T16:28:09.109409,GET,/api/articles/list/small/,1155.72,23002,0,
2026-05-16T16:28:09.124194,GET,/api/articles/list/large/,1141.84,471824,0,
2026-05-16T16:28:09.126462,POST,/api/articles/bulk/,1082.36,34,0,
2026-05-16T16:28:09.128067,GET,/api/articles/list/large/,1064.95,471824,0,
2026-05-16T16:28:09.130188,GET,/api/articles/list/large/,968.66,471824,0,
2026-05-16T16:28:09.137004,POST,/api/articles/analyze/,982.41,58,0,
2026-05-16T16:28:09.137871,POST,/api/articles/analyze/,1058.94,58,0,
2026-05-16T16:28:09.144992,GET,/api/articles/list/small/,1060.24,23002,0,
2026-05-16T16:28:09.183619,POST,/api/articles/analyze/,1016.36,58,0,
2026-05-16T16:28:09.183997,POST,/api/articles/analyze/,946.1,58,0,
2026-05-16T16:28:09.190401,GET,/api/articles/list/large/,987.45,471824,0,
2026-05-16T16:28:09.191620,POST,/api/articles/analyze/,979.74,58,0,
2026-05-16T16:28:09.193996,POST,/api/articles/bulk/,984.21,34,0,
2026-05-16T16:28:09.197313,GET,/api/articles/list/small/,980.64,23002,0,
2026-05-16T16:28:09.200560,POST,/api/articles/bulk/,1023.67,34,0,
2026-05-16T16:28:09.244249,GET,/api/articles/list/large/,1069.16,471824,0,
2026-05-16T16:28:09.250921,POST,/api/articles/bulk/,976.84,34,0,
2026-05-16T16:28:09.251333,GET,/api/articles/list/small/,970.0,23002,0,
2026-05-16T16:28:09.252225,GET,/api/articles/list/large/,970.44,471824,0,
2026-05-16T16:28:09.252674,GET,/api/articles/list/small/,948.34,23002,0,
2026-05-16T16:28:09.253098,GET,/api/articles/list/small/,954.76,23002,0,
2026-05-16T16:28:09.255766,POST,/api/articles/bulk/,966.15,34,0,
2026-05-16T16:28:09.310522,GET,/api/articles/list/large/,989.77,471824,0,
2026-05-16T16:28:09.371231,GET,/api/articles/list/small/,993.79,23002,0,
2026-05-16T16:28:09.404158,POST,/api/articles/bulk/,1004.33,34,0,
2026-05-16T16:28:09.419930,POST,/api/articles/analyze/,1031.15,58,0,
2026-05-16T16:28:09.433655,GET,/api/articles/list/small/,1011.87,23002,0,
2026-05-16T16:28:09.502870,POST,/api/articles/analyze/,1029.08,58,0,
2026-05-16T16:28:09.504257,GET,/api/articles/list/small/,1053.55,23002,0,
2026-05-16T16:28:09.563949,GET,/api/articles/list/small/,1000.29,23002,0,
2026-05-16T16:28:09.564336,POST,/api/articles/analyze/,1055.69,58,0,
2026-05-16T16:28:09.594976,POST,/api/articles/analyze/,1004.41,58,0,
2026-05-16T16:28:09.598568,GET,/api/articles/list/small/,1091.79,23002,0,
2026-05-16T16:28:09.603041,GET,/api/articles/list/large/,1021.18,471824,0,
2026-05-16T16:28:09.603908,POST,/api/articles/analyze/,1091.24,58,0,
2026-05-16T16:28:09.604254,POST,/api/articles/bulk/,1024.69,34,0,
2026-05-16T16:28:09.609270,POST,/api/articles/analyze/,1129.78,58,0,
2026-05-16T16:28:09.625966,GET,/api/articles/list/large/,996.88,471824,0,
2026-05-16T16:28:09.638329,POST,/api/articles/bulk/,984.73,34,0,
2026-05-16T16:28:09.641895,GET,/api/articles/list/large/,992.61,471824,0,
2026-05-16T16:28:09.642440,POST,/api/articles/analyze/,995.03,58,0,
2026-05-16T16:28:09.691215,GET,/api/articles/list/small/,959.15,23002,0,
2026-05-16T16:28:09.692454,POST,/api/articles/analyze/,971.13,58,0,
2026-05-16T16:28:09.695436,GET,/api/articles/list/large/,922.59,471824,0,
2026-05-16T16:28:09.697457,POST,/api/articles/analyze/,946.54,58,0,
2026-05-16T16:28:09.708566,POST,/api/articles/bulk/,983.24,34,0,
2026-05-16T16:28:09.715892,GET,/api/articles/list/large/,894.02,471824,0,
2026-05-16T16:28:09.716372,POST,/api/articles/analyze/,920.57,58,0,
2026-05-16T16:28:09.730430,POST,/api/articles/bulk/,892.62,34,0,
2026-05-16T16:28:09.732697,GET,/api/articles/list/small/,891.38,23002,0,
2026-05-16T16:28:09.734933,POST,/api/articles/analyze/,894.93,58,0,
2026-05-16T16:28:09.741843,POST,/api/articles/bulk/,901.49,34,0,
2026-05-16T16:28:09.748032,GET,/api/articles/list/small/,778.83,23002,0,
2026-05-16T16:28:09.748445,POST,/api/articles/analyze/,747.22,58,0,
2026-05-16T16:28:09.787234,GET,/api/articles/list/large/,856.63,471824,0,
2026-05-16T16:28:09.824762,POST,/api/articles/bulk/,849.82,34,0,
2026-05-16T16:28:09.913884,GET,/api/articles/list/small/,887.31,23002,0,
2026-05-16T16:28:09.944044,POST,/api/articles/analyze/,912.85,58,0,
2026-05-16T16:28:09.948969,GET,/api/articles/list/small/,916.42,23002,0,
2026-05-16T16:28:10.027928,GET,/api/articles/list/small/,994.99,23002,0,
2026-05-16T16:28:10.039020,GET,/api/articles/list/large/,986.33,471824,0,
2026-05-16T16:28:10.040182,GET,/api/articles/list/large/,970.0,471824,0,
2026-05-16T16:28:10.254311,POST,/api/articles/analyze/,1191.01,58,0,
2026-05-16T16:28:10.264190,POST,/api/articles/bulk/,1189.13,34,0,
2026-05-16T16:28:10.318460,GET,/api/articles/list/large/,1213.21,471824,0,
2026-05-16T16:28:10.327644,POST,/api/articles/bulk/,1232.77,34,0,
2026-05-16T16:28:10.343779,GET,/api/articles/list/small/,1251.81,23002,0,
2026-05-16T16:28:10.421019,POST,/api/articles/bulk/,1271.73,34,0,
2026-05-16T16:28:10.443446,POST,/api/articles/bulk/,1211.23,34,0,
2026-05-16T16:28:10.446745,POST,/api/articles/analyze/,1277.16,58,0,
2026-05-16T16:28:10.450502,POST,/api/articles/analyze/,1225.67,58,0,
2026-05-16T16:28:10.481038,GET,/api/articles/list/large/,1213.76,471824,0,
2026-05-16T16:28:10.483073,POST,/api/articles/bulk/,1200.32,34,0,
2026-05-16T16:28:10.485870,GET,/api/articles/list/large/,1219.16,471824,0,
2026-05-16T16:28:10.492446,GET,/api/articles/list/small/,1199.4,23002,0,
2026-05-16T16:28:10.494479,POST,/api/articles/bulk/,1218.99,34,0,
2026-05-16T16:28:10.498833,POST,/api/articles/bulk/,1205.29,34,0,
2026-05-16T16:28:10.507166,GET,/api/articles/list/large/,1211.38,471824,0,
2026-05-16T16:28:10.558194,GET,/api/articles/list/large/,1248.49,471824,0,
2026-05-16T16:28:10.559096,GET,/api/articles/list/large/,1209.31,471824,0,
2026-05-16T16:28:10.562299,GET,/api/articles/list/large/,1251.61,471824,0,
2026-05-16T16:28:10.577481,GET,/api/articles/list/small/,1225.78,23002,0,
2026-05-16T16:28:10.578434,GET,/api/articles/list/large/,1210.0,471824,0,
2026-05-16T16:28:10.584136,GET,/api/articles/list/large/,1188.88,471824,0,
2026-05-16T16:28:10.587941,POST,/api/articles/analyze/,1227.43,58,0,
2026-05-16T16:28:10.592022,POST,/api/articles/analyze/,1190.84,58,0,
2026-05-16T16:28:10.595934,POST,/api/articles/bulk/,1168.73,34,0,
2026-05-16T16:28:10.613180,GET,/api/articles/list/small/,1178.31,23002,0,
2026-05-16T16:28:10.617087,POST,/api/articles/bulk/,1162.53,34,0,
2026-05-16T16:28:10.620907,GET,/api/articles/list/large/,1172.14,471824,0,
2026-05-16T16:28:10.623610,GET,/api/articles/list/large/,1251.1,471824,0,
2026-05-16T16:28:10.725248,GET,/api/articles/list/small/,1226.57,23002,0,
2026-05-16T16:28:10.830536,GET,/api/articles/list/small/,1255.13,23002,0,
2026-05-16T16:28:10.830964,GET,/api/articles/list/small/,1246.91,23002,0,
2026-05-16T16:28:10.832061,GET,/api/articles/list/large/,1268.99,471824,0,
2026-05-16T16:28:10.833102,GET,/api/articles/list/large/,1266.31,471824,0,
2026-05-16T16:28:10.934961,POST,/api/articles/bulk/,1333.01,34,0,
2026-05-16T16:28:11.068095,POST,/api/articles/analyze/,1430.88,58,0,
2026-05-16T16:28:11.070799,POST,/api/articles/analyze/,1453.32,58,0,
2026-05-16T16:28:11.088622,POST,/api/articles/bulk/,1404.12,34,0,
2026-05-16T16:28:11.089858,GET,/api/articles/list/small/,1434.02,23002,0,
2026-05-16T16:28:11.092610,GET,/api/articles/list/large/,1428.94,471824,0,
2026-05-16T16:28:11.121647,POST,/api/articles/analyze/,1431.33,58,0,
2026-05-16T16:28:11.122071,POST,/api/articles/bulk/,1428.31,34,0,
2026-05-16T16:28:11.129759,GET,/api/articles/list/small/,1422.07,23002,0,
2026-05-16T16:28:11.133819,POST,/api/articles/analyze/,1346.42,58,0,
2026-05-16T16:28:11.175780,GET,/api/articles/list/large/,1364.24,471824,0,
2026-05-16T16:28:11.181436,POST,/api/articles/bulk/,1461.88,34,0,
2026-05-16T16:28:11.185095,POST,/api/articles/bulk/,1218.88,34,0,
2026-05-16T16:28:11.188819,POST,/api/articles/analyze/,1353.74,58,0,
2026-05-16T16:28:11.190899,GET,/api/articles/list/small/,1435.2,23002,0,
2026-05-16T16:28:11.192524,POST,/api/articles/bulk/,1402.24,34,0,
2026-05-16T16:28:11.223189,POST,/api/articles/analyze/,1345.67,58,0,
2026-05-16T16:28:11.224769,GET,/api/articles/list/small/,1425.01,23002,0,
2026-05-16T16:28:11.225560,GET,/api/articles/list/large/,1368.4,471824,0,
2026-05-16T16:28:11.226856,POST,/api/articles/analyze/,1474.16,58,0,
2026-05-16T16:28:11.262637,GET,/api/articles/list/large/,1273.3,471824,0,
2026-05-16T16:28:11.263527,POST,/api/articles/analyze/,1402.54,58,0,
2026-05-16T16:28:11.264204,POST,/api/articles/analyze/,1346.05,58,0,
2026-05-16T16:28:11.265940,GET,/api/articles/list/small/,1398.14,23002,0,
2026-05-16T16:28:11.289318,POST,/api/articles/bulk/,1378.85,34,0,
2026-05-16T16:28:11.290199,GET,/api/articles/list/small/,1295.05,23002,0,
2026-05-16T16:28:11.295598,POST,/api/articles/analyze/,1369.65,58,0,
2026-05-16T16:28:11.296424,POST,/api/articles/analyze/,1127.99,58,0,
2026-05-16T16:28:11.296789,POST,/api/articles/analyze/,1153.46,58,0,
2026-05-16T16:28:11.297160,GET,/api/articles/list/small/,1311.7,23002,0,
2026-05-16T16:28:11.298874,GET,/api/articles/list/large/,1296.99,471824,0,
2026-05-16T16:28:11.299323,POST,/api/articles/analyze/,1265.28,58,0,
2026-05-16T16:28:11.301321,POST,/api/articles/bulk/,1211.57,34,0,
2026-05-16T16:28:11.301670,POST,/api/articles/bulk/,1110.04,34,0,
2026-05-16T16:28:11.302891,POST,/api/articles/bulk/,1160.35,34,0,
2026-05-16T16:28:11.304241,GET,/api/articles/list/small/,1273.01,23002,0,
2026-05-16T16:28:11.308931,GET,/api/articles/list/large/,1175.27,471824,0,
2026-05-16T16:28:11.309429,POST,/api/articles/analyze/,1126.01,58,0,
2026-05-16T16:28:11.312545,POST,/api/articles/analyze/,1249.48,58,0,
2026-05-16T16:28:11.314583,POST,/api/articles/bulk/,1197.33,34,0,
2026-05-16T16:28:11.323104,POST,/api/articles/analyze/,1221.91,58,0,
2026-05-16T16:28:11.323480,POST,/api/articles/analyze/,1117.59,58,0,
2026-05-16T16:28:11.324399,GET,/api/articles/list/small/,1072.12,23002,0,
2026-05-16T16:28:11.325113,GET,/api/articles/list/small/,1076.23,23002,0,
2026-05-16T16:28:11.325473,POST,/api/articles/analyze/,1268.97,58,0,
2026-05-16T16:28:11.327087,GET,/api/articles/list/large/,1265.7,471824,0,
2026-05-16T16:28:11.328368,POST,/api/articles/analyze/,1106.55,58,0,
2026-05-16T16:28:11.329519,GET,/api/articles/list/large/,1080.12,471824,0,
2026-05-16T16:28:11.331916,GET,/api/articles/list/large/,1053.77,471824,0,
2026-05-16T16:28:11.336409,POST,/api/articles/bulk/,1038.95,34,0,
2026-05-16T16:28:11.337741,GET,/api/articles/list/large/,1061.56,471824,0,
2026-05-16T16:28:11.344347,POST,/api/articles/bulk/,1068.9,34,0,
2026-05-16T16:28:11.455800,POST,/api/articles/bulk/,1054.79,34,0,
2026-05-16T16:28:11.490983,POST,/api/articles/bulk/,1060.6,34,0,
2026-05-16T16:28:11.535904,POST,/api/articles/analyze/,1087.82,58,0,
2026-05-16T16:28:11.581097,GET,/api/articles/list/large/,1127.32,471824,0,
2026-05-16T16:28:11.590036,POST,/api/articles/analyze/,1125.33,58,0,
2026-05-16T16:28:11.604397,POST,/api/articles/bulk/,1111.8,34,0,
2026-05-16T16:28:11.636638,GET,/api/articles/list/small/,1138.31,23002,0,
2026-05-16T16:28:11.638511,GET,/api/articles/list/large/,1112.52,471824,0,
2026-05-16T16:28:11.640449,GET,/api/articles/list/small/,1120.98,23002,0,
2026-05-16T16:28:11.647044,GET,/api/articles/list/small/,1123.73,23002,0,
2026-05-16T16:28:11.691810,POST,/api/articles/analyze/,1132.59,58,0,
2026-05-16T16:28:11.693590,GET,/api/articles/list/small/,1110.28,23002,0,
2026-05-16T16:28:11.694544,POST,/api/articles/bulk/,1113.9,34,0,
2026-05-16T16:28:11.698018,POST,/api/articles/analyze/,1102.84,58,0,
2026-05-16T16:28:11.768530,GET,/api/articles/list/small/,1101.18,23002,0,
2026-05-16T16:28:11.772778,POST,/api/articles/analyze/,1155.57,58,0,
2026-05-16T16:28:11.815097,POST,/api/articles/analyze/,1187.3,58,0,
2026-05-16T16:28:11.815914,GET,/api/articles/list/large/,1078.89,471824,0,
2026-05-16T16:28:11.849931,POST,/api/articles/bulk/,1115.06,34,0,
2026-05-16T16:28:11.855507,GET,/api/articles/list/small/,1188.64,23002,0,
2026-05-16T16:28:11.858529,POST,/api/articles/bulk/,1104.03,34,0,
2026-05-16T16:28:11.861221,POST,/api/articles/bulk/,1136.78,34,0,
2026-05-16T16:28:11.904521,GET,/api/articles/list/large/,1099.99,471824,0,
2026-05-16T16:28:11.905829,POST,/api/articles/analyze/,1160.15,58,0,
2026-05-16T16:28:11.908393,POST,/api/articles/bulk/,986.88,34,0,
2026-05-16T16:28:11.909495,POST,/api/articles/analyze/,1129.88,58,0,
2026-05-16T16:28:11.910975,POST,/api/articles/bulk/,1090.52,34,0,
2026-05-16T16:28:11.918193,POST,/api/articles/bulk/,1037.71,34,0,
2026-05-16T16:28:11.933296,POST,/api/articles/analyze/,922.07,58,0,
2026-05-16T16:28:11.933881,POST,/api/articles/bulk/,976.59,34,0,
2026-05-16T16:28:11.934426,POST,/api/articles/analyze/,945.94,58,0,
2026-05-16T16:28:11.934861,POST,/api/articles/bulk/,1052.03,34,0,
2026-05-16T16:28:11.940529,POST,/api/articles/analyze/,1038.69,58,0,
2026-05-16T16:28:11.945349,GET,/api/articles/list/large/,1032.64,471824,0,
2026-05-16T16:28:11.952269,GET,/api/articles/list/large/,935.22,471824,0,
2026-05-16T16:28:11.963591,GET,/api/articles/list/small/,969.08,23002,0,
2026-05-16T16:28:12.000115,GET,/api/articles/list/small/,939.1,23002,0,
2026-05-16T16:28:12.001355,POST,/api/articles/analyze/,950.3,58,0,
2026-05-16T16:28:12.057154,GET,/api/articles/list/large/,956.28,471824,0,
2026-05-16T16:28:12.057849,GET,/api/articles/list/small/,947.63,23002,0,
2026-05-16T16:28:12.118727,GET,/api/articles/list/large/,1008.98,471824,0,
2026-05-16T16:28:12.282469,GET,/api/articles/list/small/,1156.15,23002,0,
2026-05-16T16:28:12.316059,POST,/api/articles/bulk/,1160.17,34,0,
2026-05-16T16:28:12.319859,GET,/api/articles/list/large/,1129.72,471824,0,
2026-05-16T16:28:12.320944,GET,/api/articles/list/large/,1133.92,471824,0,
2026-05-16T16:28:12.324741,GET,/api/articles/list/small/,1173.72,23002,0,
2026-05-16T16:28:12.344507,GET,/api/articles/list/small/,1133.51,23002,0,
2026-05-16T16:28:12.347221,GET,/api/articles/list/large/,1143.45,471824,0,
2026-05-16T16:28:12.354008,POST,/api/articles/analyze/,1091.23,58,0,
2026-05-16T16:28:12.450064,GET,/api/articles/list/large/,1214.0,471824,0,
2026-05-16T16:28:12.453585,POST,/api/articles/bulk/,1151.56,34,0,
2026-05-16T16:28:12.456601,POST,/api/articles/analyze/,1156.06,58,0,
2026-05-16T16:28:12.482565,POST,/api/articles/bulk/,1162.7,34,0,
2026-05-16T16:28:12.487638,GET,/api/articles/list/small/,1176.26,23002,0,
2026-05-16T16:28:12.581247,GET,/api/articles/list/small/,1218.12,23002,0,
2026-05-16T16:28:12.582288,GET,/api/articles/list/large/,1184.28,471824,0,
2026-05-16T16:28:12.612991,POST,/api/articles/analyze/,1233.8,58,0,
2026-05-16T16:28:12.616471,POST,/api/articles/bulk/,1244.52,34,0,
2026-05-16T16:28:12.644957,GET,/api/articles/list/large/,1282.3,471824,0,
2026-05-16T16:28:12.697039,POST,/api/articles/bulk/,1268.33,34,0,
2026-05-16T16:28:12.698181,POST,/api/articles/bulk/,1252.59,34,0,
2026-05-16T16:28:12.734302,GET,/api/articles/list/large/,1315.44,471824,0,
2026-05-16T16:28:12.741530,POST,/api/articles/analyze/,1301.59,58,0,
2026-05-16T16:28:12.745558,POST,/api/articles/analyze/,1269.21,58,0,
2026-05-16T16:28:12.747066,POST,/api/articles/analyze/,1303.28,58,0,
2026-05-16T16:28:12.758618,POST,/api/articles/analyze/,1263.4,58,0,
2026-05-16T16:28:12.760080,POST,/api/articles/bulk/,1228.18,34,0,
2026-05-16T16:28:12.761121,GET,/api/articles/list/large/,1303.63,471824,0,
2026-05-16T16:28:12.763710,GET,/api/articles/list/small/,1238.57,23002,0,
2026-05-16T16:28:12.768893,GET,/api/articles/list/large/,1231.67,471824,0,
2026-05-16T16:28:12.770810,GET,/api/articles/list/large/,1267.19,471824,0,
2026-05-16T16:28:12.803413,POST,/api/articles/analyze/,1287.16,58,0,
2026-05-16T16:28:12.809244,GET,/api/articles/list/large/,1312.11,471824,0,
2026-05-16T16:28:12.824070,GET,/api/articles/list/small/,1251.22,23002,0,
2026-05-16T16:28:12.876493,GET,/api/articles/list/small/,1277.19,23002,0,
2026-05-16T16:28:12.899710,GET,/api/articles/list/large/,1397.89,471824,0,
2026-05-16T16:28:12.903978,GET,/api/articles/list/small/,1261.84,23002,0,
2026-05-16T16:28:12.904427,GET,/api/articles/list/small/,1258.55,23002,0,
2026-05-16T16:28:12.913553,GET,/api/articles/list/large/,1283.04,471824,0,
2026-05-16T16:28:12.915445,POST,/api/articles/bulk/,1270.65,34,0,
2026-05-16T16:28:12.956065,GET,/api/articles/list/large/,1314.35,471824,0,
2026-05-16T16:28:12.957768,POST,/api/articles/analyze/,1335.13,58,0,
2026-05-16T16:28:12.958712,GET,/api/articles/list/small/,1293.3,23002,0,
2026-05-16T16:28:12.992578,POST,/api/articles/bulk/,1368.05,34,0,
2026-05-16T16:28:13.090616,GET,/api/articles/list/small/,1349.46,23002,0,
2026-05-16T16:28:13.129983,POST,/api/articles/analyze/,1399.71,58,0,
2026-05-16T16:28:13.132982,GET,/api/articles/list/large/,1344.87,471824,0,
2026-05-16T16:28:13.136473,POST,/api/articles/bulk/,1381.51,34,0,
2026-05-16T16:28:13.151416,GET,/api/articles/list/small/,1338.41,23002,0,
2026-05-16T16:28:13.153208,GET,/api/articles/list/large/,1235.96,471824,0,
2026-05-16T16:28:13.156030,GET,/api/articles/list/large/,1392.84,471824,0,
2026-05-16T16:28:13.157199,GET,/api/articles/list/large/,1307.12,471824,0,
2026-05-16T16:28:13.177698,POST,/api/articles/bulk/,1349.52,34,0,
2026-05-16T16:28:13.194120,POST,/api/articles/analyze/,1326.7,58,0,
2026-05-16T16:28:13.195187,GET,/api/articles/list/large/,1315.92,471824,0,
2026-05-16T16:28:13.197239,POST,/api/articles/bulk/,1284.04,34,0,
2026-05-16T16:28:13.262317,GET,/api/articles/list/large/,1307.78,471824,0,
2026-05-16T16:28:13.283179,POST,/api/articles/analyze/,1334.39,58,0,
2026-05-16T16:28:13.284000,GET,/api/articles/list/small/,1297.73,23002,0,
2026-05-16T16:28:13.285149,GET,/api/articles/list/small/,1309.31,23002,0,
2026-05-16T16:28:13.286642,GET,/api/articles/list/large/,1308.97,471824,0,
2026-05-16T16:28:13.287067,GET,/api/articles/list/small/,1248.45,23002,0,
2026-05-16T16:28:13.293247,POST,/api/articles/analyze/,1261.46,58,0,
2026-05-16T16:28:13.331667,POST,/api/articles/bulk/,1351.39,34,0,
2026-05-16T16:28:13.338880,POST,/api/articles/bulk/,1330.32,34,0,
2026-05-16T16:28:13.347241,POST,/api/articles/analyze/,1268.02,58,0,
2026-05-16T16:28:13.350615,GET,/api/articles/list/large/,1284.03,471824,0,
2026-05-16T16:28:13.354057,GET,/api/articles/list/large/,1278.76,471824,0,
2026-05-16T16:28:13.354634,POST,/api/articles/analyze/,1296.68,58,0,
2026-05-16T16:28:13.355269,GET,/api/articles/list/small/,1294.47,23002,0,
2026-05-16T16:28:13.404167,POST,/api/articles/bulk/,1317.09,34,0,
2026-05-16T16:28:13.408232,GET,/api/articles/list/small/,1313.04,23002,0,
2026-05-16T16:28:13.408770,POST,/api/articles/analyze/,1313.14,58,0,
2026-05-16T16:28:13.410932,POST,/api/articles/analyze/,1200.7,58,0,
2026-05-16T16:28:13.412382,GET,/api/articles/list/small/,1231.01,23002,0,
2026-05-16T16:28:13.465362,GET,/api/articles/list/large/,1295.83,471824,0,
2026-05-16T16:28:13.519782,GET,/api/articles/list/large/,1176.13,471824,0,
2026-05-16T16:28:13.520643,POST,/api/articles/analyze/,1226.88,58,0,
2026-05-16T16:28:13.521301,POST,/api/articles/bulk/,1394.53,34,0,
2026-05-16T16:28:13.522480,GET,/api/articles/list/small/,1367.75,23002,0,
2026-05-16T16:28:13.523355,GET,/api/articles/list/large/,1400.37,471824,0,
2026-05-16T16:28:13.596410,POST,/api/articles/bulk/,1227.63,34,0,
2026-05-16T16:28:13.598421,POST,/api/articles/analyze/,1230.17,58,0,
2026-05-16T16:28:13.599481,POST,/api/articles/bulk/,1182.34,34,0,
2026-05-16T16:28:13.656960,POST,/api/articles/analyze/,1311.39,58,0,
2026-05-16T16:28:13.700200,GET,/api/articles/list/small/,1235.02,23002,0,
2026-05-16T16:28:13.712112,GET,/api/articles/list/large/,1252.14,471824,0,
2026-05-16T16:28:13.803507,GET,/api/articles/list/small/,1264.0,23002,0,
2026-05-16T16:28:13.804320,POST,/api/articles/analyze/,1312.22,58,0,
2026-05-16T16:28:13.805420,GET,/api/articles/list/small/,1290.89,23002,0,
2026-05-16T16:28:13.806359,GET,/api/articles/list/small/,1298.05,23002,0,
2026-05-16T16:28:13.807179,POST,/api/articles/bulk/,1314.12,34,0,
2026-05-16T16:28:13.951124,POST,/api/articles/analyze/,1339.0,58,0,
2026-05-16T16:28:13.953416,POST,/api/articles/bulk/,1368.24,34,0,
2026-05-16T16:28:13.954560,POST,/api/articles/analyze/,1372.16,58,0,
2026-05-16T16:28:13.955523,GET,/api/articles/list/small/,1340.99,23002,0,
2026-05-16T16:28:13.956361,POST,/api/articles/analyze/,1308.06,58,0,
2026-05-16T16:28:13.958233,GET,/api/articles/list/large/,1315.49,471824,0,
2026-05-16T16:28:14.011878,GET,/api/articles/list/small/,1288.44,23002,0,
2026-05-16T16:28:14.013189,GET,/api/articles/list/small/,1272.59,23002,0,
2026-05-16T16:28:14.036214,GET,/api/articles/list/large/,1372.78,471824,0,
2026-05-16T16:28:14.047015,GET,/api/articles/list/small/,1259.5,23002,0,
2026-05-16T16:28:14.048430,POST,/api/articles/analyze/,1297.15,58,0,
2026-05-16T16:28:14.051363,POST,/api/articles/bulk/,1264.93,34,0,
2026-05-16T16:28:14.054525,POST,/api/articles/bulk/,1285.41,34,0,
2026-05-16T16:28:14.057827,GET,/api/articles/list/large/,1261.12,471824,0,
2026-05-16T16:28:14.065999,GET,/api/articles/list/small/,1255.52,23002,0,
2026-05-16T16:28:14.088390,GET,/api/articles/list/large/,1299.31,471824,0,
2026-05-16T16:28:14.108125,POST,/api/articles/bulk/,1276.3,34,0,
2026-05-16T16:28:14.110617,GET,/api/articles/list/large/,1288.31,471824,0,
2026-05-16T16:28:14.143527,POST,/api/articles/analyze/,1164.84,58,0,
2026-05-16T16:28:14.184550,POST,/api/articles/bulk/,1281.72,34,0,
2026-05-16T16:28:14.189323,GET,/api/articles/list/large/,1214.41,471824,0,
2026-05-16T16:28:14.228555,GET,/api/articles/list/small/,1293.86,23002,0,
2026-05-16T16:28:14.246603,GET,/api/articles/list/large/,1244.76,471824,0,
2026-05-16T16:28:14.248813,GET,/api/articles/list/small/,1240.19,23002,0,
2026-05-16T16:28:14.260837,GET,/api/articles/list/large/,1211.45,471824,0,
2026-05-16T16:28:14.264955,POST,/api/articles/bulk/,1230.38,34,0,
2026-05-16T16:28:14.272694,GET,/api/articles/list/large/,1225.14,471824,0,
2026-05-16T16:28:14.273153,POST,/api/articles/analyze/,1240.57,58,0,
2026-05-16T16:28:14.318948,POST,/api/articles/bulk/,1241.8,34,0,
2026-05-16T16:28:14.324105,POST,/api/articles/analyze/,1249.93,58,0,
2026-05-16T16:28:14.329229,POST,/api/articles/bulk/,1227.28,34,0,
2026-05-16T16:28:14.335800,POST,/api/articles/bulk/,1211.81,34,0,
2026-05-16T16:28:14.367568,POST,/api/articles/bulk/,1232.33,34,0,
2026-05-16T16:28:14.371472,GET,/api/articles/list/large/,1231.72,471824,0,
2026-05-16T16:28:14.375715,GET,/api/articles/list/large/,1231.14,471824,0,
2026-05-16T16:28:14.376281,POST,/api/articles/analyze/,1250.04,58,0,
2026-05-16T16:28:14.385747,POST,/api/articles/bulk/,1264.95,34,0,
2026-05-16T16:28:14.392091,GET,/api/articles/list/large/,1287.94,471824,0,
2026-05-16T16:28:14.453728,GET,/api/articles/list/small/,1223.2,23002,0,
2026-05-16T16:28:14.457271,POST,/api/articles/bulk/,1264.19,34,0,
2026-05-16T16:28:14.491062,GET,/api/articles/list/large/,1255.75,471824,0,
2026-05-16T16:28:14.508750,POST,/api/articles/analyze/,1269.78,58,0,
2026-05-16T16:28:14.527027,POST,/api/articles/bulk/,1286.25,34,0,
2026-05-16T16:28:14.528719,GET,/api/articles/list/small/,1280.27,23002,0,
2026-05-16T16:28:14.531985,GET,/api/articles/list/small/,1284.23,23002,0,
2026-05-16T16:28:14.644911,POST,/api/articles/bulk/,1388.19,34,0,
2026-05-16T16:28:14.646005,POST,/api/articles/bulk/,1374.46,34,0,
2026-05-16T16:28:14.649537,POST,/api/articles/analyze/,1397.51,58,0,
2026-05-16T16:28:14.664707,GET,/api/articles/list/small/,1347.54,23002,0,
2026-05-16T16:28:14.730184,POST,/api/articles/analyze/,1412.53,58,0,
2026-05-16T16:28:14.771463,GET,/api/articles/list/small/,1460.2,23002,0,
2026-05-16T16:28:14.779827,GET,/api/articles/list/small/,1418.28,23002,0,
2026-05-16T16:28:14.781556,POST,/api/articles/bulk/,1421.1,34,0,
2026-05-16T16:28:14.820236,POST,/api/articles/bulk/,1476.12,34,0,
2026-05-16T16:28:14.855788,GET,/api/articles/list/small/,1482.15,23002,0,
2026-05-16T16:28:14.861082,GET,/api/articles/list/small/,1478.1,23002,0,
2026-05-16T16:28:14.862149,GET,/api/articles/list/small/,1467.21,23002,0,
2026-05-16T16:28:14.863896,GET,/api/articles/list/large/,1485.6,471824,0,
2026-05-16T16:28:14.864350,GET,/api/articles/list/small/,1477.08,23002,0,
2026-05-16T16:28:14.865925,GET,/api/articles/list/small/,1470.47,23002,0,
2026-05-16T16:28:14.867454,GET,/api/articles/list/large/,1481.79,471824,0,
2026-05-16T16:28:14.870288,GET,/api/articles/list/small/,1499.07,23002,0,
2026-05-16T16:28:14.877418,POST,/api/articles/bulk/,1428.78,34,0,
2026-05-16T16:28:14.890239,POST,/api/articles/analyze/,1404.68,58,0,
2026-05-16T16:28:14.892047,POST,/api/articles/bulk/,1420.47,34,0,
2026-05-16T16:28:14.902785,GET,/api/articles/list/large/,1423.01,471824,0,
2026-05-16T16:28:14.903247,GET,/api/articles/list/small/,1400.5,23002,0,
2026-05-16T16:28:14.911836,POST,/api/articles/bulk/,1341.94,34,0,
2026-05-16T16:28:14.918359,GET,/api/articles/list/large/,1328.97,471824,0,
2026-05-16T16:28:14.919996,POST,/api/articles/bulk/,1338.83,34,0,
2026-05-16T16:28:14.921244,POST,/api/articles/bulk/,1375.63,34,0,
2026-05-16T16:28:14.927495,POST,/api/articles/analyze/,1342.07,58,0,
2026-05-16T16:28:14.941956,POST,/api/articles/analyze/,1341.25,58,0,
2026-05-16T16:28:14.985017,GET,/api/articles/list/small/,1353.49,23002,0,
2026-05-16T16:28:15.059814,GET,/api/articles/list/large/,1389.49,471824,0,
2026-05-16T16:28:15.060357,GET,/api/articles/list/small/,1364.68,23002,0,
2026-05-16T16:28:15.094048,POST,/api/articles/analyze/,1442.65,58,0,
2026-05-16T16:28:15.096707,POST,/api/articles/bulk/,1424.23,34,0,
2026-05-16T16:28:15.097434,POST,/api/articles/bulk/,1439.26,34,0,
2026-05-16T16:28:15.104628,POST,/api/articles/analyze/,1410.94,58,0,
2026-05-16T16:28:15.105093,GET,/api/articles/list/small/,1369.84,23002,0,
2026-05-16T16:28:15.108384,GET,/api/articles/list/large/,1436.24,471824,0,
2026-05-16T16:28:15.108955,GET,/api/articles/list/small/,1362.78,23002,0,
2026-05-16T16:28:15.109569,POST,/api/articles/analyze/,1378.16,58,0,
2026-05-16T16:28:15.124979,POST,/api/articles/bulk/,1393.01,34,0,
2026-05-16T16:28:15.134320,POST,/api/articles/analyze/,1351.39,58,0,
2026-05-16T16:28:15.136170,GET,/api/articles/list/large/,1374.21,471824,0,
2026-05-16T16:28:15.137872,GET,/api/articles/list/large/,1345.97,471824,0,
2026-05-16T16:28:15.139397,POST,/api/articles/bulk/,1378.19,34,0,
2026-05-16T16:28:15.140599,GET,/api/articles/list/small/,1277.34,23002,0,
2026-05-16T16:28:15.143310,GET,/api/articles/list/large/,1281.9,471824,0,
2026-05-16T16:28:15.143702,POST,/api/articles/analyze/,1317.31,58,0,
2026-05-16T16:28:15.190895,POST,/api/articles/analyze/,1315.91,58,0,
2026-05-16T16:28:15.195139,POST,/api/articles/bulk/,1282.84,34,0,
2026-05-16T16:28:15.197336,GET,/api/articles/list/large/,1285.53,471824,0,
2026-05-16T16:28:15.199676,GET,/api/articles/list/large/,1230.62,471824,0,
2026-05-16T16:28:15.201802,GET,/api/articles/list/large/,1283.29,471824,0,
2026-05-16T16:28:15.207987,POST,/api/articles/analyze/,1239.56,58,0,
2026-05-16T16:28:15.221562,POST,/api/articles/analyze/,1203.12,58,0,
2026-05-16T16:28:15.230910,GET,/api/articles/list/large/,1234.86,471824,0,
2026-05-16T16:28:15.233606,GET,/api/articles/list/large/,1204.52,471824,0,
2026-05-16T16:28:15.234835,GET,/api/articles/list/small/,1209.53,23002,0,
2026-05-16T16:28:15.347242,GET,/api/articles/list/small/,1240.65,23002,0,
2026-05-16T16:28:15.385078,POST,/api/articles/bulk/,1273.22,34,0,
2026-05-16T16:28:15.437987,GET,/api/articles/list/large/,1277.25,471824,0,
2026-05-16T16:28:15.438887,GET,/api/articles/list/large/,1248.34,471824,0,
2026-05-16T16:28:15.439448,GET,/api/articles/list/small/,1262.81,23002,0,
2026-05-16T16:28:15.443442,POST,/api/articles/bulk/,1259.91,34,0,
2026-05-16T16:28:15.445480,GET,/api/articles/list/large/,1227.4,471824,0,
2026-05-16T16:28:15.453014,POST,/api/articles/analyze/,1216.44,58,0,
2026-05-16T16:28:15.458095,POST,/api/articles/analyze/,1247.82,58,0,
2026-05-16T16:28:15.458516,GET,/api/articles/list/small/,1215.51,23002,0,
2026-05-16T16:28:15.461035,GET,/api/articles/list/large/,1230.22,471824,0,
2026-05-16T16:28:15.463300,POST,/api/articles/analyze/,1224.95,58,0,
2026-05-16T16:28:15.479734,POST,/api/articles/bulk/,1204.37,34,0,
2026-05-16T16:28:15.484056,POST,/api/articles/analyze/,1204.64,58,0,
2026-05-16T16:28:15.486168,POST,/api/articles/bulk/,1137.27,34,0,
2026-05-16T16:28:15.526756,POST,/api/articles/analyze/,1213.04,58,0,
2026-05-16T16:28:15.540139,POST,/api/articles/analyze/,1159.57,58,0,
2026-05-16T16:28:15.543149,GET,/api/articles/list/large/,1199.1,471824,0,
2026-05-16T16:28:15.585043,GET,/api/articles/list/small/,1184.65,23002,0,
2026-05-16T16:28:15.592581,POST,/api/articles/bulk/,1122.91,34,0,
2026-05-16T16:28:15.593865,POST,/api/articles/bulk/,1147.5,34,0,
2026-05-16T16:28:15.594791,POST,/api/articles/analyze/,1025.74,58,0,
2026-05-16T16:28:15.597674,GET,/api/articles/list/large/,1076.69,471824,0,
2026-05-16T16:28:15.646188,POST,/api/articles/analyze/,1114.01,58,0,
2026-05-16T16:28:15.646868,GET,/api/articles/list/small/,1118.59,23002,0,
2026-05-16T16:28:15.647707,GET,/api/articles/list/small/,1049.0,23002,0,
2026-05-16T16:28:15.649513,GET,/api/articles/list/large/,1074.62,471824,0,
2026-05-16T16:28:15.650537,POST,/api/articles/bulk/,1037.09,34,0,
2026-05-16T16:28:15.652708,POST,/api/articles/analyze/,1022.13,58,0,
2026-05-16T16:28:15.686572,POST,/api/articles/analyze/,1136.56,58,0,
2026-05-16T16:28:15.690146,GET,/api/articles/list/small/,1042.93,23002,0,
2026-05-16T16:28:15.708576,POST,/api/articles/analyze/,996.99,58,0,
2026-05-16T16:28:15.709964,GET,/api/articles/list/small/,995.48,23002,0,
2026-05-16T16:28:15.712350,POST,/api/articles/analyze/,1024.37,58,0,
2026-05-16T16:28:15.713065,POST,/api/articles/analyze/,1020.28,58,0,
2026-05-16T16:28:15.751253,GET,/api/articles/list/large/,1029.93,471824,0,
2026-05-16T16:28:15.753131,POST,/api/articles/analyze/,1000.71,58,0,
2026-05-16T16:28:15.767533,POST,/api/articles/analyze/,950.83,58,0,
2026-05-16T16:28:15.768320,GET,/api/articles/list/small/,925.99,23002,0,
2026-05-16T16:28:15.769347,GET,/api/articles/list/large/,973.54,471824,0,
2026-05-16T16:28:15.788998,GET,/api/articles/list/small/,956.52,23002,0,
2026-05-16T16:28:15.852278,GET,/api/articles/list/large/,928.84,471824,0,
2026-05-16T16:28:15.894793,GET,/api/articles/list/small/,957.8,23002,0,
2026-05-16T16:28:15.895182,GET,/api/articles/list/small/,856.1,23002,0,
2026-05-16T16:28:15.926729,GET,/api/articles/list/small/,999.66,23002,0,
2026-05-16T16:28:15.930598,GET,/api/articles/list/small/,883.77,23002,0,
2026-05-16T16:28:15.963048,GET,/api/articles/list/small/,930.82,23002,0,
2026-05-16T16:28:15.964006,GET,/api/articles/list/large/,912.53,471824,0,
2026-05-16T16:28:16.185770,POST,/api/articles/analyze/,1223.58,58,0,
2026-05-16T16:28:16.200395,GET,/api/articles/list/large/,1108.62,471824,0,
2026-05-16T16:28:16.229192,GET,/api/articles/list/large/,1090.58,471824,0,
2026-05-16T16:28:16.248369,GET,/api/articles/list/large/,1082.42,471824,0,
2026-05-16T16:28:16.249990,GET,/api/articles/list/small/,1040.73,23002,0,
2026-05-16T16:28:16.297045,POST,/api/articles/analyze/,1110.19,58,0,
2026-05-16T16:28:16.357646,POST,/api/articles/bulk/,1103.5,34,0,
2026-05-16T16:28:16.408715,POST,/api/articles/analyze/,1084.01,58,0,
2026-05-16T16:28:16.416483,POST,/api/articles/analyze/,1092.3,58,0,
2026-05-16T16:28:16.424031,GET,/api/articles/list/small/,1098.51,23002,0,
2026-05-16T16:28:16.469326,GET,/api/articles/list/large/,1155.08,471824,0,
2026-05-16T16:28:16.486978,GET,/api/articles/list/small/,1142.45,23002,0,
2026-05-16T16:28:16.488445,GET,/api/articles/list/small/,1102.16,23002,0,
2026-05-16T16:28:16.502685,GET,/api/articles/list/large/,1139.29,471824,0,
2026-05-16T16:28:16.509266,POST,/api/articles/analyze/,1151.82,58,0,
2026-05-16T16:28:16.511320,POST,/api/articles/analyze/,1169.17,58,0,
2026-05-16T16:28:16.523249,GET,/api/articles/list/large/,1096.61,471824,0,
2026-05-16T16:28:16.525229,POST,/api/articles/analyze/,1135.17,58,0,
2026-05-16T16:28:16.526790,POST,/api/articles/analyze/,1081.15,58,0,
2026-05-16T16:28:16.529945,GET,/api/articles/list/large/,1086.34,471824,0,
2026-05-16T16:28:16.537575,GET,/api/articles/list/large/,1134.77,471824,0,
2026-05-16T16:28:16.541056,GET,/api/articles/list/large/,1107.59,471824,0,
2026-05-16T16:28:16.552832,POST,/api/articles/bulk/,1085.24,34,0,
2026-05-16T16:28:16.629303,POST,/api/articles/analyze/,1123.74,58,0,
2026-05-16T16:28:16.715975,POST,/api/articles/analyze/,1213.49,58,0,
2026-05-16T16:28:16.728980,GET,/api/articles/list/small/,1168.74,23002,0,
2026-05-16T16:28:16.730751,GET,/api/articles/list/small/,1198.77,23002,0,
2026-05-16T16:28:16.770645,GET,/api/articles/list/large/,1222.23,471824,0,
2026-05-16T16:28:16.957352,GET,/api/articles/list/small/,1345.44,23002,0,
2026-05-16T16:28:16.960163,GET,/api/articles/list/large/,1347.76,471824,0,
2026-05-16T16:28:16.961536,POST,/api/articles/analyze/,1325.3,58,0,
2026-05-16T16:28:16.989956,POST,/api/articles/bulk/,1318.36,34,0,
2026-05-16T16:28:16.991935,GET,/api/articles/list/large/,1339.87,471824,0,
2026-05-16T16:28:16.993008,POST,/api/articles/bulk/,1329.58,34,0,
2026-05-16T16:28:16.993637,GET,/api/articles/list/small/,1342.0,23002,0,
2026-05-16T16:28:16.995197,POST,/api/articles/bulk/,1352.93,34,0,
2026-05-16T16:28:16.996397,GET,/api/articles/list/large/,1350.98,471824,0,
2026-05-16T16:28:17.019073,GET,/api/articles/list/small/,1331.17,23002,0,
2026-05-16T16:28:17.019958,POST,/api/articles/analyze/,1308.66,58,0,
2026-05-16T16:28:17.020650,POST,/api/articles/bulk/,1292.03,34,0,
2026-05-16T16:28:17.040778,POST,/api/articles/bulk/,1330.57,34,0,
2026-05-16T16:28:17.104649,GET,/api/articles/list/large/,1280.77,471824,0,
2026-05-16T16:28:17.144567,GET,/api/articles/list/small/,1348.28,23002,0,
2026-05-16T16:28:17.180610,POST,/api/articles/bulk/,1375.55,34,0,
2026-05-16T16:28:17.224118,POST,/api/articles/bulk/,1432.86,34,0,
2026-05-16T16:28:17.237002,POST,/api/articles/bulk/,1379.49,34,0,
2026-05-16T16:28:17.237970,POST,/api/articles/analyze/,1426.82,58,0,
2026-05-16T16:28:17.238871,POST,/api/articles/analyze/,1390.13,58,0,
2026-05-16T16:28:17.240411,GET,/api/articles/list/large/,1376.3,471824,0,
2026-05-16T16:28:17.244534,GET,/api/articles/list/large/,1395.26,471824,0,
2026-05-16T16:28:17.245173,GET,/api/articles/list/small/,1358.19,23002,0,
2026-05-16T16:28:17.254135,POST,/api/articles/analyze/,1390.42,58,0,
2026-05-16T16:28:17.270875,GET,/api/articles/list/large/,1258.78,471824,0,
2026-05-16T16:28:17.271852,POST,/api/articles/analyze/,1098.33,58,0,
2026-05-16T16:28:17.272592,POST,/api/articles/analyze/,1110.89,58,0,
2026-05-16T16:28:17.273509,POST,/api/articles/bulk/,1277.68,34,0,
2026-05-16T16:28:17.274035,POST,/api/articles/bulk/,1261.5,34,0,
2026-05-16T16:28:17.274587,GET,/api/articles/list/small/,1121.23,23002,0,
2026-05-16T16:28:17.274950,GET,/api/articles/list/small/,1322.24,23002,0,
2026-05-16T16:28:17.275519,GET,/api/articles/list/small/,1250.69,23002,0,
2026-05-16T16:28:17.276203,POST,/api/articles/bulk/,1115.82,34,0,
2026-05-16T16:28:17.277578,GET,/api/articles/list/small/,1254.58,23002,0,
2026-05-16T16:28:17.278446,POST,/api/articles/analyze/,1098.91,58,0,
2026-05-16T16:28:17.280153,GET,/api/articles/list/large/,1308.92,471824,0,
2026-05-16T16:28:17.280958,GET,/api/articles/list/small/,1320.41,23002,0,
2026-05-16T16:28:17.282114,GET,/api/articles/list/large/,1302.02,471824,0,
2026-05-16T16:28:17.282519,GET,/api/articles/list/small/,1237.95,23002,0,
2026-05-16T16:28:17.284026,POST,/api/articles/bulk/,1202.37,34,0,
2026-05-16T16:28:17.285904,POST,/api/articles/bulk/,1392.15,34,0,
2026-05-16T16:28:17.287192,POST,/api/articles/analyze/,1195.02,58,0,
2026-05-16T16:28:17.289807,POST,/api/articles/analyze/,1176.64,58,0,
2026-05-16T16:28:17.290975,POST,/api/articles/analyze/,1351.16,58,0,
2026-05-16T16:28:17.305906,GET,/api/articles/list/large/,1259.31,471824,0,
2026-05-16T16:28:17.306701,GET,/api/articles/list/small/,1110.79,23002,0,
2026-05-16T16:28:17.307203,POST,/api/articles/bulk/,1115.15,34,0,
2026-05-16T16:28:17.307836,POST,/api/articles/analyze/,1088.94,58,0,
2026-05-16T16:28:17.308897,GET,/api/articles/list/large/,1154.93,471824,0,
2026-05-16T16:28:17.310813,POST,/api/articles/bulk/,1104.13,34,0,
2026-05-16T16:28:17.541367,POST,/api/articles/analyze/,1295.89,58,0,
2026-05-16T16:28:17.543104,POST,/api/articles/bulk/,1264.03,34,0,
2026-05-16T16:28:17.581939,POST,/api/articles/bulk/,1331.65,34,0,
2026-05-16T16:28:17.640640,GET,/api/articles/list/small/,1290.25,23002,0,
2026-05-16T16:28:17.647392,GET,/api/articles/list/small/,1302.08,23002,0,
2026-05-16T16:28:17.729936,POST,/api/articles/bulk/,1382.65,34,0,
2026-05-16T16:28:17.730331,POST,/api/articles/bulk/,1350.9,34,0,
2026-05-16T16:28:17.733715,GET,/api/articles/list/large/,1355.95,471824,0,
2026-05-16T16:28:17.734807,GET,/api/articles/list/large/,1304.42,471824,0,
2026-05-16T16:28:17.735473,POST,/api/articles/bulk/,1357.2,34,0,
2026-05-16T16:28:17.742371,POST,/api/articles/bulk/,1346.88,34,0,
2026-05-16T16:28:17.744389,GET,/api/articles/list/small/,1290.64,23002,0,
2026-05-16T16:28:17.745817,GET,/api/articles/list/small/,1347.02,23002,0,
2026-05-16T16:28:17.782196,GET,/api/articles/list/large/,1323.47,471824,0,
2026-05-16T16:28:17.797868,POST,/api/articles/bulk/,1376.03,34,0,
2026-05-16T16:28:17.838423,POST,/api/articles/analyze/,1319.82,58,0,
2026-05-16T16:28:17.966285,GET,/api/articles/list/large/,1395.12,471824,0,
2026-05-16T16:28:17.976316,POST,/api/articles/bulk/,1360.22,34,0,
2026-05-16T16:28:18.057935,POST,/api/articles/analyze/,1308.89,58,0,
2026-05-16T16:28:18.061096,POST,/api/articles/analyze/,1418.12,58,0,
2026-05-16T16:28:18.062075,GET,/api/articles/list/large/,1409.15,471824,0,
2026-05-16T16:28:18.062694,POST,/api/articles/analyze/,1431.46,58,0,
2026-05-16T16:28:18.063632,GET,/api/articles/list/large/,1383.37,471824,0,
2026-05-16T16:28:18.064347,POST,/api/articles/bulk/,1396.37,34,0,
2026-05-16T16:28:18.065392,GET,/api/articles/list/small/,1384.62,23002,0,
2026-05-16T16:28:18.079637,GET,/api/articles/list/large/,1440.56,471824,0,
2026-05-16T16:28:18.081359,POST,/api/articles/analyze/,1451.9,58,0,
2026-05-16T16:28:18.089044,POST,/api/articles/analyze/,1376.16,58,0,
2026-05-16T16:28:18.105546,GET,/api/articles/list/large/,1281.68,471824,0,
2026-05-16T16:28:18.107478,GET,/api/articles/list/small/,1238.04,23002,0,
2026-05-16T16:28:18.109740,GET,/api/articles/list/large/,1326.74,471824,0,
2026-05-16T16:28:18.110705,POST,/api/articles/analyze/,1241.74,58,0,
2026-05-16T16:28:18.111444,POST,/api/articles/analyze/,1333.55,58,0,
2026-05-16T16:28:18.113434,GET,/api/articles/list/large/,1385.62,471824,0,
2026-05-16T16:28:18.113987,POST,/api/articles/bulk/,1290.88,34,0,
2026-05-16T16:28:18.119427,GET,/api/articles/list/small/,1392.12,23002,0,
2026-05-16T16:28:18.135696,GET,/api/articles/list/small/,1239.01,23002,0,
2026-05-16T16:28:18.136904,GET,/api/articles/list/small/,1164.24,23002,0,
2026-05-16T16:28:18.138065,POST,/api/articles/analyze/,1171.31,58,0,
2026-05-16T16:28:18.138749,GET,/api/articles/list/small/,1250.51,23002,0,
2026-05-16T16:28:18.142476,GET,/api/articles/list/small/,1215.18,23002,0,
2026-05-16T16:28:18.178015,POST,/api/articles/analyze/,1287.96,58,0,
2026-05-16T16:28:18.188718,GET,/api/articles/list/large/,1271.24,471824,0,
2026-05-16T16:28:18.194608,GET,/api/articles/list/large/,1257.45,471824,0,
2026-05-16T16:28:18.203860,POST,/api/articles/bulk/,1195.12,34,0,
2026-05-16T16:28:18.283891,GET,/api/articles/list/large/,1281.15,471824,0,
2026-05-16T16:28:18.323340,POST,/api/articles/bulk/,1286.45,34,0,
2026-05-16T16:28:18.326355,POST,/api/articles/analyze/,1300.46,58,0,
2026-05-16T16:28:18.352277,POST,/api/articles/bulk/,1277.38,34,0,
2026-05-16T16:28:18.355003,POST,/api/articles/bulk/,1296.92,34,0,
2026-05-16T16:28:18.356001,POST,/api/articles/bulk/,1186.57,34,0,
2026-05-16T16:28:18.404682,POST,/api/articles/bulk/,1304.01,34,0,
2026-05-16T16:28:18.412810,GET,/api/articles/list/large/,1329.55,471824,0,
2026-05-16T16:28:18.413249,POST,/api/articles/bulk/,1340.65,34,0,
2026-05-16T16:28:18.413588,POST,/api/articles/bulk/,1245.07,34,0,
2026-05-16T16:28:18.414153,POST,/api/articles/analyze/,1331.49,58,0,
2026-05-16T16:28:18.414606,POST,/api/articles/analyze/,1327.63,58,0,
2026-05-16T16:28:18.415122,GET,/api/articles/list/small/,1251.19,23002,0,
2026-05-16T16:28:18.416106,GET,/api/articles/list/large/,1333.91,471824,0,
2026-05-16T16:28:18.416516,GET,/api/articles/list/small/,1254.39,23002,0,
2026-05-16T16:28:18.417257,GET,/api/articles/list/small/,1231.01,23002,0,
2026-05-16T16:28:18.418103,POST,/api/articles/bulk/,1274.6,34,0,
2026-05-16T16:28:18.418729,GET,/api/articles/list/small/,1229.81,23002,0,
2026-05-16T16:28:18.419376,POST,/api/articles/analyze/,1213.79,58,0,
2026-05-16T16:28:18.420867,GET,/api/articles/list/large/,1303.89,471824,0,
2026-05-16T16:28:18.421875,GET,/api/articles/list/small/,1247.58,23002,0,
2026-05-16T16:28:18.452627,POST,/api/articles/analyze/,1313.79,58,0,
2026-05-16T16:28:18.457478,POST,/api/articles/bulk/,1262.91,34,0,
2026-05-16T16:28:18.486482,GET,/api/articles/list/small/,1306.48,23002,0,
2026-05-16T16:28:18.551783,POST,/api/articles/bulk/,1294.29,34,0,
2026-05-16T16:28:18.605477,GET,/api/articles/list/small/,1316.73,23002,0,
2026-05-16T16:28:18.608632,POST,/api/articles/analyze/,1325.04,58,0,
2026-05-16T16:28:18.635603,POST,/api/articles/analyze/,1339.47,58,0,
2026-05-16T16:28:18.637143,GET,/api/articles/list/small/,1312.13,23002,0,
2026-05-16T16:28:18.637985,POST,/api/articles/bulk/,1240.86,34,0,
2026-05-16T16:28:18.639744,POST,/api/articles/bulk/,1125.0,34,0,
2026-05-16T16:28:18.667200,GET,/api/articles/list/large/,1349.16,471824,0,
2026-05-16T16:28:18.668558,POST,/api/articles/analyze/,1270.78,58,0,
2026-05-16T16:28:18.670271,POST,/api/articles/bulk/,1279.17,34,0,
2026-05-16T16:28:18.671042,POST,/api/articles/analyze/,1262.37,58,0,
2026-05-16T16:28:18.671704,POST,/api/articles/bulk/,1281.35,34,0,
2026-05-16T16:28:18.676143,POST,/api/articles/bulk/,1227.23,34,0,
2026-05-16T16:28:18.676746,POST,/api/articles/bulk/,1248.14,34,0,
2026-05-16T16:28:18.714112,GET,/api/articles/list/large/,1264.43,471824,0,
2026-05-16T16:28:18.719093,GET,/api/articles/list/large/,1325.74,471824,0,
2026-05-16T16:28:18.726205,GET,/api/articles/list/small/,1338.46,23002,0,
2026-05-16T16:28:18.726583,POST,/api/articles/analyze/,1133.29,58,0,
2026-05-16T16:28:18.727247,GET,/api/articles/list/small/,1342.4,23002,0,
2026-05-16T16:28:18.732375,GET,/api/articles/list/small/,1132.21,23002,0,
2026-05-16T16:28:18.746201,POST,/api/articles/analyze/,1215.25,58,0,
2026-05-16T16:28:18.746845,POST,/api/articles/bulk/,1204.71,34,0,
2026-05-16T16:28:18.749034,GET,/api/articles/list/large/,1115.14,471824,0,
2026-05-16T16:28:18.749498,GET,/api/articles/list/small/,1083.84,23002,0,
2026-05-16T16:28:18.771961,POST,/api/articles/bulk/,1134.24,34,0,
2026-05-16T16:28:18.772728,POST,/api/articles/bulk/,1042.31,34,0,
2026-05-16T16:28:18.784464,GET,/api/articles/list/large/,1032.47,471824,0,
2026-05-16T16:28:18.785917,GET,/api/articles/list/small/,1002.52,23002,0,
2026-05-16T16:28:18.829917,GET,/api/articles/list/large/,1059.24,471824,0,
2026-05-16T16:28:18.835142,GET,/api/articles/list/large/,1064.06,471824,0,
2026-05-16T16:28:18.836045,GET,/api/articles/list/small/,1045.87,23002,0,
2026-05-16T16:28:18.844531,GET,/api/articles/list/small/,1083.71,23002,0,
2026-05-16T16:28:18.850425,GET,/api/articles/list/large/,1032.29,471824,0,
2026-05-16T16:28:18.855703,POST,/api/articles/bulk/,1007.05,34,0,
2026-05-16T16:28:18.857757,GET,/api/articles/list/small/,999.6,23002,0,
2026-05-16T16:28:18.863771,POST,/api/articles/bulk/,1032.37,34,0,
2026-05-16T16:28:18.883087,POST,/api/articles/bulk/,866.11,34,0,
2026-05-16T16:28:18.883455,POST,/api/articles/analyze/,858.36,58,0,
2026-05-16T16:28:18.883806,GET,/api/articles/list/small/,917.34,23002,0,
2026-05-16T16:28:18.891957,POST,/api/articles/bulk/,890.37,34,0,
2026-05-16T16:28:18.898338,POST,/api/articles/analyze/,902.63,58,0,
2026-05-16T16:28:18.937345,GET,/api/articles/list/small/,912.9,23002,0,
2026-05-16T16:28:18.950481,GET,/api/articles/list/small/,874.83,23002,0,
2026-05-16T16:28:18.955548,GET,/api/articles/list/large/,881.3,471824,0,
2026-05-16T16:28:18.973904,GET,/api/articles/list/small/,855.73,23002,0,
2026-05-16T16:28:18.989057,POST,/api/articles/analyze/,847.36,58,0,
2026-05-16T16:28:18.992750,GET,/api/articles/list/small/,862.98,23002,0,
2026-05-16T16:28:18.994287,POST,/api/articles/analyze/,803.01,58,0,
2026-05-16T16:28:19.007210,POST,/api/articles/bulk/,745.34,34,0,
2026-05-16T16:28:19.007945,POST,/api/articles/bulk/,707.88,34,0,
2026-05-16T16:28:19.008586,POST,/api/articles/bulk/,808.76,34,0,
2026-05-16T16:28:19.009514,GET,/api/articles/list/small/,742.4,23002,0,
2026-05-16T16:28:19.010917,POST,/api/articles/analyze/,800.76,58,0,
2026-05-16T16:28:19.012942,GET,/api/articles/list/large/,709.6,471824,0,
2026-05-16T16:28:19.014368,POST,/api/articles/analyze/,727.16,58,0,
2026-05-16T16:28:19.019039,POST,/api/articles/analyze/,800.02,58,0,
2026-05-16T16:28:19.024660,GET,/api/articles/list/small/,698.75,23002,0,
2026-05-16T16:28:19.066027,POST,/api/articles/analyze/,669.39,58,0,
2026-05-16T16:28:19.069956,POST,/api/articles/bulk/,723.04,34,0,
2026-05-16T16:28:19.070299,POST,/api/articles/analyze/,677.36,58,0,
2026-05-16T16:28:19.072197,GET,/api/articles/list/small/,685.07,23002,0,
2026-05-16T16:28:19.073805,POST,/api/articles/bulk/,730.03,34,0,
2026-05-16T16:28:19.074173,POST,/api/articles/analyze/,711.92,58,0,
2026-05-16T16:28:19.085587,POST,/api/articles/analyze/,677.74,58,0,
2026-05-16T16:28:19.086708,GET,/api/articles/list/small/,660.63,23002,0,
2026-05-16T16:28:19.125736,POST,/api/articles/bulk/,669.35,34,0,
2026-05-16T16:28:19.132017,GET,/api/articles/list/large/,552.68,471824,0,
2026-05-16T16:28:19.134295,POST,/api/articles/bulk/,565.3,34,0,
2026-05-16T16:28:19.135251,POST,/api/articles/bulk/,559.06,34,0,
2026-05-16T16:28:19.176390,GET,/api/articles/list/small/,559.15,23002,0,
2026-05-16T16:28:19.180200,POST,/api/articles/bulk/,572.33,34,0,
2026-05-16T16:28:19.181634,POST,/api/articles/bulk/,557.67,34,0,
2026-05-16T16:28:19.182681,GET,/api/articles/list/small/,594.55,23002,0,
2026-05-16T16:28:19.189210,GET,/api/articles/list/small/,540.24,23002,0,
2026-05-16T16:28:19.191198,POST,/api/articles/analyze/,563.06,58,0,
2026-05-16T16:28:19.234186,POST,/api/articles/bulk/,589.24,34,0,
2026-05-16T16:28:19.249175,POST,/api/articles/analyze/,569.28,58,0,
2026-05-16T16:28:19.339153,GET,/api/articles/list/large/,606.62,471824,0,
2026-05-16T16:28:19.353103,POST,/api/articles/bulk/,598.39,34,0,
2026-05-16T16:28:19.435918,GET,/api/articles/list/large/,665.07,471824,0,
2026-05-16T16:28:19.439586,GET,/api/articles/list/small/,626.42,23002,0,
2026-05-16T16:28:19.446874,POST,/api/articles/analyze/,598.2,58,0,
2026-05-16T16:28:19.514769,GET,/api/articles/list/large/,673.48,471824,0,
2026-05-16T16:28:19.524141,POST,/api/articles/analyze/,647.19,58,0,
2026-05-16T16:28:19.563928,GET,/api/articles/list/large/,693.89,471824,0,
2026-05-16T16:28:19.658047,GET,/api/articles/list/small/,753.48,23002,0,
2026-05-16T16:28:19.658492,POST,/api/articles/analyze/,732.74,58,0,
2026-05-16T16:28:19.668035,GET,/api/articles/list/large/,722.42,471824,0,
2026-05-16T16:28:19.669504,GET,/api/articles/list/large/,759.11,471824,0,
2026-05-16T16:28:19.708027,GET,/api/articles/list/small/,794.92,23002,0,
2026-05-16T16:28:19.810122,POST,/api/articles/analyze/,841.28,58,0,
2026-05-16T16:28:19.835348,GET,/api/articles/list/large/,848.25,471824,0,
2026-05-16T16:28:19.848225,GET,/api/articles/list/large/,856.95,471824,0,
2026-05-16T16:28:19.880796,GET,/api/articles/list/large/,862.21,471824,0,
2026-05-16T16:28:19.884939,GET,/api/articles/list/large/,863.36,471824,0,
2026-05-16T16:28:19.960887,POST,/api/articles/analyze/,889.45,58,0,
2026-05-16T16:28:20.022498,GET,/api/articles/list/small/,963.74,23002,0,
2026-05-16T16:28:20.022969,GET,/api/articles/list/small/,960.3,23002,0,
2026-05-16T16:28:20.032506,GET,/api/articles/list/large/,987.63,471824,0,
2026-05-16T16:28:20.049921,GET,/api/articles/list/large/,928.07,471824,0,
2026-05-16T16:28:20.058265,POST,/api/articles/bulk/,973.76,34,0,
2026-05-16T16:28:20.073547,GET,/api/articles/list/large/,955.58,471824,0,
2026-05-16T16:28:20.111596,GET,/api/articles/list/large/,937.23,471824,0,
2026-05-16T16:28:20.118523,POST,/api/articles/bulk/,919.34,34,0,
2026-05-16T16:28:20.191369,GET,/api/articles/list/small/,1048.86,23002,0,
2026-05-16T16:28:20.195813,GET,/api/articles/list/large/,1001.4,471824,0,
2026-05-16T16:28:20.202995,POST,/api/articles/analyze/,995.01,58,0,
2026-05-16T16:28:20.208573,POST,/api/articles/bulk/,986.59,34,0,
2026-05-16T16:28:20.214632,GET,/api/articles/list/large/,1013.29,471824,0,
2026-05-16T16:28:20.215685,GET,/api/articles/list/small/,977.72,23002,0,
2026-05-16T16:28:20.256705,GET,/api/articles/list/small/,1022.38,23002,0,
2026-05-16T16:28:20.259244,POST,/api/articles/bulk/,1031.04,34,0,
2026-05-16T16:28:20.280746,GET,/api/articles/list/small/,1036.98,23002,0,
2026-05-16T16:28:20.336291,POST,/api/articles/analyze/,1026.21,58,0,
2026-05-16T16:28:20.339346,POST,/api/articles/bulk/,1061.37,34,0,
2026-05-16T16:28:20.341471,POST,/api/articles/analyze/,1041.26,58,0,
2026-05-16T16:28:20.379318,POST,/api/articles/bulk/,1123.93,34,0,
2026-05-16T16:28:20.381303,POST,/api/articles/analyze/,1126.81,58,0,
2026-05-16T16:28:20.385560,GET,/api/articles/list/large/,1051.3,471824,0,
2026-05-16T16:28:20.427178,GET,/api/articles/list/large/,1103.81,471824,0,
2026-05-16T16:28:20.431480,GET,/api/articles/list/large/,1069.12,471824,0,
2026-05-16T16:28:20.442989,GET,/api/articles/list/large/,1032.72,471824,0,
2026-05-16T16:28:20.465565,POST,/api/articles/bulk/,1051.43,34,0,
2026-05-16T16:28:20.511274,GET,/api/articles/list/small/,1080.03,23002,0,
2026-05-16T16:28:20.513793,GET,/api/articles/list/small/,1020.39,23002,0,
2026-05-16T16:28:20.516843,POST,/api/articles/analyze/,1069.63,58,0,
2026-05-16T16:28:20.611612,POST,/api/articles/bulk/,1120.4,34,0,
2026-05-16T16:28:20.616075,GET,/api/articles/list/large/,1092.56,471824,0,
2026-05-16T16:28:20.630177,POST,/api/articles/bulk/,1164.35,34,0,
2026-05-16T16:28:20.652099,GET,/api/articles/list/large/,1129.1,471824,0,
2026-05-16T16:28:20.666023,POST,/api/articles/bulk/,1099.83,34,0,
2026-05-16T16:28:20.767461,GET,/api/articles/list/large/,1183.28,471824,0,
2026-05-16T16:28:20.775038,POST,/api/articles/analyze/,1213.19,58,0,
2026-05-16T16:28:20.819601,GET,/api/articles/list/small/,1231.83,23002,0,
2026-05-16T16:28:20.822245,GET,/api/articles/list/large/,1065.97,471824,0,
2026-05-16T16:28:20.823119,POST,/api/articles/analyze/,1241.76,58,0,
2026-05-16T16:28:20.824484,GET,/api/articles/list/small/,1147.65,23002,0,
2026-05-16T16:28:20.844178,POST,/api/articles/bulk/,1164.47,34,0,
2026-05-16T16:28:20.845675,GET,/api/articles/list/large/,1180.55,471824,0,
2026-05-16T16:28:20.885051,GET,/api/articles/list/small/,1184.29,23002,0,
2026-05-16T16:28:20.923140,GET,/api/articles/list/small/,1197.86,23002,0,
2026-05-16T16:28:20.937760,GET,/api/articles/list/small/,1134.08,23002,0,
2026-05-16T16:28:20.939002,GET,/api/articles/list/large/,1227.62,471824,0,
2026-05-16T16:28:20.939749,POST,/api/articles/analyze/,1142.45,58,0,
2026-05-16T16:28:20.942431,POST,/api/articles/analyze/,1168.16,58,0,
2026-05-16T16:28:20.943284,GET,/api/articles/list/small/,1127.86,23002,0,
2026-05-16T16:28:20.973289,GET,/api/articles/list/small/,1117.8,23002,0,
2026-05-16T16:28:21.034378,GET,/api/articles/list/small/,1127.81,23002,0,
2026-05-16T16:28:21.040244,GET,/api/articles/list/small/,1193.61,23002,0,
2026-05-16T16:28:21.055489,POST,/api/articles/analyze/,1172.23,58,0,
2026-05-16T16:28:21.056357,GET,/api/articles/list/large/,1146.95,471824,0,
2026-05-16T16:28:21.059558,POST,/api/articles/bulk/,1185.06,34,0,
2026-05-16T16:28:21.212666,GET,/api/articles/list/large/,1230.06,471824,0,
2026-05-16T16:28:21.218998,POST,/api/articles/bulk/,1230.71,34,0,
2026-05-16T16:28:21.220663,GET,/api/articles/list/small/,1218.15,23002,0,
2026-05-16T16:28:21.221691,GET,/api/articles/list/small/,1310.47,23002,0,
2026-05-16T16:28:21.222524,GET,/api/articles/list/large/,1200.98,471824,0,
2026-05-16T16:28:21.257046,POST,/api/articles/analyze/,1254.96,58,0,
2026-05-16T16:28:21.258821,POST,/api/articles/bulk/,1308.26,34,0,
2026-05-16T16:28:21.293699,GET,/api/articles/list/small/,1316.47,23002,0,
2026-05-16T16:28:21.330052,GET,/api/articles/list/small/,1353.21,23002,0,
2026-05-16T16:28:21.331229,POST,/api/articles/analyze/,1334.95,58,0,
2026-05-16T16:28:21.332665,POST,/api/articles/bulk/,1342.31,34,0,
2026-05-16T16:28:21.335046,POST,/api/articles/bulk/,1364.95,34,0,
2026-05-16T16:28:21.341492,POST,/api/articles/analyze/,1362.51,58,0,
2026-05-16T16:28:21.342886,POST,/api/articles/analyze/,1372.01,58,0,
2026-05-16T16:28:21.343829,POST,/api/articles/bulk/,1327.49,34,0,
2026-05-16T16:28:21.363118,GET,/api/articles/list/large/,1297.45,471824,0,
2026-05-16T16:28:21.365225,GET,/api/articles/list/large/,1309.2,471824,0,
2026-05-16T16:28:21.366391,GET,/api/articles/list/large/,1314.2,471824,0,
2026-05-16T16:28:21.399245,GET,/api/articles/list/large/,1327.94,471824,0,
2026-05-16T16:28:21.432056,POST,/api/articles/analyze/,1344.73,58,0,
2026-05-16T16:28:21.707470,GET,/api/articles/list/large/,1549.76,471824,0,
2026-05-16T16:28:21.710112,GET,/api/articles/list/large/,1605.55,471824,0,
2026-05-16T16:28:21.711502,POST,/api/articles/analyze/,1517.04,58,0,
2026-05-16T16:28:21.711846,POST,/api/articles/analyze/,1599.02,58,0,
2026-05-16T16:28:21.714654,POST,/api/articles/analyze/,1545.94,58,0,
2026-05-16T16:28:21.786495,GET,/api/articles/list/small/,1635.66,23002,0,
2026-05-16T16:28:21.862084,POST,/api/articles/bulk/,1600.62,34,0,
2026-05-16T16:28:21.973040,POST,/api/articles/analyze/,1705.47,58,0,
2026-05-16T16:28:21.988217,GET,/api/articles/list/large/,1703.24,471824,0,
2026-05-16T16:28:21.991605,GET,/api/articles/list/small/,1714.11,23002,0,
2026-05-16T16:28:21.995163,GET,/api/articles/list/large/,1637.64,471824,0,
2026-05-16T16:28:22.018771,POST,/api/articles/analyze/,1698.78,58,0,
2026-05-16T16:28:22.019432,POST,/api/articles/analyze/,1697.35,58,0,
2026-05-16T16:28:22.020062,POST,/api/articles/analyze/,1673.39,58,0,
2026-05-16T16:28:22.021429,GET,/api/articles/list/large/,1689.53,471824,0,
2026-05-16T16:28:22.022704,GET,/api/articles/list/large/,1660.37,471824,0,
2026-05-16T16:28:22.102172,GET,/api/articles/list/large/,1719.56,471824,0,
2026-05-16T16:28:22.162664,GET,/api/articles/list/large/,1768.53,471824,0,
2026-05-16T16:28:22.163405,GET,/api/articles/list/small/,1749.68,23002,0,
2026-05-16T16:28:22.164096,POST,/api/articles/bulk/,1722.77,34,0,
2026-05-16T16:28:22.166391,GET,/api/articles/list/large/,1733.68,471824,0,
2026-05-16T16:28:22.173075,POST,/api/articles/bulk/,1781.27,34,0,
2026-05-16T16:28:22.176342,POST,/api/articles/analyze/,1740.92,58,0,
2026-05-16T16:28:22.211805,GET,/api/articles/list/large/,1766.54,471824,0,
2026-05-16T16:28:22.351520,POST,/api/articles/bulk/,1850.59,34,0,
2026-05-16T16:28:22.352909,GET,/api/articles/list/large/,1833.62,471824,0,
2026-05-16T16:28:22.354437,GET,/api/articles/list/large/,1832.35,471824,0,
2026-05-16T16:28:22.355202,GET,/api/articles/list/small/,1820.32,23002,0,
2026-05-16T16:28:22.367295,GET,/api/articles/list/large/,1831.65,471824,0,
2026-05-16T16:28:22.368681,GET,/api/articles/list/large/,1860.64,471824,0,
2026-05-16T16:28:22.413592,GET,/api/articles/list/small/,1888.36,23002,0,
2026-05-16T16:28:22.436949,GET,/api/articles/list/small/,1842.99,23002,0,
2026-05-16T16:28:22.446142,GET,/api/articles/list/large/,1877.89,471824,0,
2026-05-16T16:28:22.446624,POST,/api/articles/analyze/,1850.84,58,0,
2026-05-16T16:28:22.447698,GET,/api/articles/list/large/,1795.46,471824,0,
2026-05-16T16:28:22.448520,POST,/api/articles/analyze/,1887.27,58,0,
2026-05-16T16:28:22.449879,POST,/api/articles/analyze/,1808.39,58,0,
2026-05-16T16:28:22.451083,POST,/api/articles/analyze/,1797.14,58,0,
2026-05-16T16:28:22.509949,POST,/api/articles/bulk/,1941.28,34,0,
2026-05-16T16:28:22.517564,GET,/api/articles/list/small/,1897.05,23002,0,
2026-05-16T16:28:22.550407,GET,/api/articles/list/small/,1935.21,23002,0,
2026-05-16T16:28:22.559088,GET,/api/articles/list/large/,1915.73,471824,0,
2026-05-16T16:28:22.580124,POST,/api/articles/analyze/,1810.81,58,0,
2026-05-16T16:28:22.580514,POST,/api/articles/bulk/,1825.31,34,0,
2026-05-16T16:28:22.580901,GET,/api/articles/list/small/,1815.22,23002,0,
2026-05-16T16:28:22.582365,GET,/api/articles/list/large/,1904.35,471824,0,
2026-05-16T16:28:22.582842,GET,/api/articles/list/small/,1911.62,23002,0,
2026-05-16T16:28:22.583371,POST,/api/articles/analyze/,1859.43,58,0,
2026-05-16T16:28:22.584047,POST,/api/articles/analyze/,1827.77,58,0,
2026-05-16T16:28:22.588266,GET,/api/articles/list/large/,1890.24,471824,0,
2026-05-16T16:28:22.592212,POST,/api/articles/bulk/,1852.32,34,0,
2026-05-16T16:28:22.674025,GET,/api/articles/list/small/,1918.04,23002,0,
2026-05-16T16:28:22.692232,GET,/api/articles/list/small/,1888.97,23002,0,
2026-05-16T16:28:22.708038,GET,/api/articles/list/small/,1895.97,23002,0,
2026-05-16T16:28:22.900863,GET,/api/articles/list/large/,2048.91,471824,0,
2026-05-16T16:28:22.902020,GET,/api/articles/list/large/,1977.69,471824,0,
2026-05-16T16:28:22.938815,GET,/api/articles/list/large/,2059.78,471824,0,
2026-05-16T16:28:22.982925,POST,/api/articles/bulk/,2089.62,34,0,
2026-05-16T16:28:23.022937,GET,/api/articles/list/small/,2161.14,23002,0,
2026-05-16T16:28:23.044480,POST,/api/articles/bulk/,2173.66,34,0,
2026-05-16T16:28:23.053480,POST,/api/articles/bulk/,2103.99,34,0,
2026-05-16T16:28:23.060081,GET,/api/articles/list/large/,2123.94,471824,0,
2026-05-16T16:28:23.060777,POST,/api/articles/bulk/,2099.01,34,0,
2026-05-16T16:28:23.103454,GET,/api/articles/list/small/,2065.83,23002,0,
2026-05-16T16:28:23.104563,GET,/api/articles/list/large/,2072.1,471824,0,
2026-05-16T16:28:23.105037,GET,/api/articles/list/small/,2132.63,23002,0,
2026-05-16T16:28:23.105387,POST,/api/articles/bulk/,2062.92,34,0,
2026-05-16T16:28:23.106056,POST,/api/articles/bulk/,1998.27,34,0,
2026-05-16T16:28:23.106808,POST,/api/articles/bulk/,2120.96,34,0,
2026-05-16T16:28:23.107616,POST,/api/articles/bulk/,2061.12,34,0,
2026-05-16T16:28:23.108459,POST,/api/articles/analyze/,2137.42,58,0,
2026-05-16T16:28:23.148729,GET,/api/articles/list/small/,2068.92,23002,0,
2026-05-16T16:28:23.168329,POST,/api/articles/analyze/,2051.51,58,0,
2026-05-16T16:28:23.169188,POST,/api/articles/bulk/,2048.67,34,0,
2026-05-16T16:28:23.169542,POST,/api/articles/analyze/,2015.26,58,0,
2026-05-16T16:28:23.171550,POST,/api/articles/analyze/,1994.4,58,0,
2026-05-16T16:28:23.172388,POST,/api/articles/bulk/,1976.34,34,0,
2026-05-16T16:28:23.180023,GET,/api/articles/list/small/,2081.1,23002,0,
2026-05-16T16:28:23.182749,POST,/api/articles/bulk/,2068.83,34,0,
2026-05-16T16:28:23.183843,POST,/api/articles/bulk/,2041.86,34,0,
2026-05-16T16:28:23.230307,GET,/api/articles/list/large/,2030.75,471824,0,
2026-05-16T16:28:23.241397,POST,/api/articles/bulk/,1975.94,34,0,
2026-05-16T16:28:23.242677,GET,/api/articles/list/large/,2035.93,471824,0,
2026-05-16T16:28:23.243086,POST,/api/articles/bulk/,1893.97,34,0,
2026-05-16T16:28:23.243423,POST,/api/articles/bulk/,2026.19,34,0,
2026-05-16T16:28:23.243777,GET,/api/articles/list/small/,1977.39,23002,0,
2026-05-16T16:28:23.244143,GET,/api/articles/list/small/,1947.18,23002,0,
2026-05-16T16:28:23.245761,POST,/api/articles/analyze/,2036.21,58,0,
2026-05-16T16:28:23.246961,GET,/api/articles/list/large/,2024.31,471824,0,
2026-05-16T16:28:23.249702,POST,/api/articles/bulk/,1936.76,34,0,
2026-05-16T16:28:23.251858,GET,/api/articles/list/small/,1975.48,23002,0,
2026-05-16T16:28:23.368671,POST,/api/articles/analyze/,1990.05,58,0,
2026-05-16T16:28:23.484206,GET,/api/articles/list/large/,2110.55,471824,0,
2026-05-16T16:28:23.542272,GET,/api/articles/list/large/,2162.31,471824,0,
2026-05-16T16:28:23.550870,POST,/api/articles/bulk/,2071.56,34,0,
2026-05-16T16:28:23.552527,POST,/api/articles/bulk/,2156.03,34,0,
2026-05-16T16:28:23.554685,GET,/api/articles/list/large/,1920.96,471824,0,
2026-05-16T16:28:23.555520,POST,/api/articles/analyze/,2076.72,58,0,
2026-05-16T16:28:23.557475,GET,/api/articles/list/large/,2034.21,471824,0,
2026-05-16T16:28:23.559121,GET,/api/articles/list/large/,2112.11,471824,0,
2026-05-16T16:28:23.560225,GET,/api/articles/list/small/,1901.89,23002,0,
2026-05-16T16:28:23.561112,POST,/api/articles/analyze/,2150.92,58,0,
2026-05-16T16:28:23.561799,POST,/api/articles/bulk/,1874.33,34,0,
2026-05-16T16:28:23.562497,GET,/api/articles/list/small/,2044.48,23002,0,
2026-05-16T16:28:23.565357,GET,/api/articles/list/small/,2112.39,23002,0,
2026-05-16T16:28:23.566013,POST,/api/articles/analyze/,1969.99,58,0,
2026-05-16T16:28:23.567169,POST,/api/articles/analyze/,2047.5,58,0,
2026-05-16T16:28:23.568346,GET,/api/articles/list/small/,2003.21,23002,0,
2026-05-16T16:28:23.569392,GET,/api/articles/list/large/,1915.63,471824,0,
2026-05-16T16:28:23.570654,GET,/api/articles/list/small/,2124.34,23002,0,
2026-05-16T16:28:23.572381,GET,/api/articles/list/small/,2173.0,23002,0,
2026-05-16T16:28:23.573231,POST,/api/articles/bulk/,2143.75,34,0,
2026-05-16T16:28:23.573575,POST,/api/articles/bulk/,1976.53,34,0,
2026-05-16T16:28:23.573900,POST,/api/articles/bulk/,2059.07,34,0,
2026-05-16T16:28:23.574380,POST,/api/articles/analyze/,1974.63,58,0,
2026-05-16T16:28:23.578694,POST,/api/articles/analyze/,1924.35,58,0,
2026-05-16T16:28:23.581374,POST,/api/articles/analyze/,1983.59,58,0,
2026-05-16T16:28:23.597951,GET,/api/articles/list/small/,1898.19,23002,0,
2026-05-16T16:28:23.598913,GET,/api/articles/list/large/,1772.72,471824,0,
2026-05-16T16:28:23.600304,POST,/api/articles/analyze/,1863.42,58,0,
2026-05-16T16:28:23.600892,POST,/api/articles/analyze/,1837.82,58,0,
2026-05-16T16:28:23.601479,POST,/api/articles/analyze/,1789.35,58,0,
2026-05-16T16:28:23.602286,POST,/api/articles/bulk/,1796.55,34,0,
2026-05-16T16:28:23.602667,GET,/api/articles/list/small/,1865.25,23002,0,
2026-05-16T16:28:23.609315,GET,/api/articles/list/large/,1788.04,471824,0,
2026-05-16T16:28:23.610427,POST,/api/articles/analyze/,1762.99,58,0,
2026-05-16T16:28:23.643256,POST,/api/articles/bulk/,1890.42,34,0,
2026-05-16T16:28:23.654465,GET,/api/articles/list/small/,1897.1,23002,0,
2026-05-16T16:28:23.700935,GET,/api/articles/list/large/,1874.32,471824,0,
2026-05-16T16:28:23.702017,POST,/api/articles/bulk/,1787.9,34,0,
2026-05-16T16:28:23.708366,POST,/api/articles/bulk/,1818.95,34,0,
2026-05-16T16:28:23.709753,POST,/api/articles/bulk/,1834.35,34,0,
2026-05-16T16:28:23.710205,GET,/api/articles/list/small/,1856.62,23002,0,
2026-05-16T16:28:23.711147,POST,/api/articles/analyze/,1802.01,58,0,
2026-05-16T16:28:23.711589,GET,/api/articles/list/small/,1844.02,23002,0,
2026-05-16T16:28:23.711950,POST,/api/articles/analyze/,1823.34,58,0,
2026-05-16T16:28:23.793954,GET,/api/articles/list/large/,1797.54,471824,0,
2026-05-16T16:28:23.921391,GET,/api/articles/list/small/,1890.48,23002,0,
2026-05-16T16:28:23.973754,GET,/api/articles/list/large/,1828.24,471824,0,
2026-05-16T16:28:23.974746,GET,/api/articles/list/small/,1823.42,23002,0,
2026-05-16T16:28:24.006101,GET,/api/articles/list/large/,1800.69,471824,0,
2026-05-16T16:28:24.006575,GET,/api/articles/list/small/,1823.11,23002,0,
2026-05-16T16:28:24.009109,GET,/api/articles/list/large/,1789.92,471824,0,
2026-05-16T16:28:24.010297,GET,/api/articles/list/large/,1780.18,471824,0,
2026-05-16T16:28:24.010766,POST,/api/articles/analyze/,1831.22,58,0,
2026-05-16T16:28:24.011270,POST,/api/articles/analyze/,1818.0,58,0,
2026-05-16T16:28:24.060212,GET,/api/articles/list/large/,1775.06,471824,0,
2026-05-16T16:28:24.062932,GET,/api/articles/list/large/,1772.77,471824,0,
2026-05-16T16:28:24.071746,GET,/api/articles/list/large/,1780.82,471824,0,
2026-05-16T16:28:24.086659,GET,/api/articles/list/large/,1784.06,471824,0,
2026-05-16T16:28:24.092564,GET,/api/articles/list/small/,1729.14,23002,0,
2026-05-16T16:28:24.094306,GET,/api/articles/list/small/,1709.34,23002,0,
2026-05-16T16:28:24.111845,POST,/api/articles/analyze/,1690.98,58,0,
2026-05-16T16:28:24.117054,GET,/api/articles/list/large/,1606.89,471824,0,
2026-05-16T16:28:24.119352,GET,/api/articles/list/small/,1587.53,23002,0,
2026-05-16T16:28:24.121608,GET,/api/articles/list/small/,1631.86,23002,0,
2026-05-16T16:28:24.202847,POST,/api/articles/bulk/,1595.35,34,0,
2026-05-16T16:28:24.204407,POST,/api/articles/bulk/,1760.23,34,0,
2026-05-16T16:28:24.210032,GET,/api/articles/list/large/,1653.01,471824,0,
2026-05-16T16:28:24.216278,GET,/api/articles/list/small/,1616.76,23002,0,
2026-05-16T16:28:24.224773,GET,/api/articles/list/large/,1564.78,471824,0,
2026-05-16T16:28:24.276213,GET,/api/articles/list/large/,1482.85,471824,0,
2026-05-16T16:28:24.276655,GET,/api/articles/list/small/,1480.5,23002,0,
2026-05-16T16:28:24.280667,GET,/api/articles/list/large/,1557.17,471824,0,
2026-05-16T16:28:24.281330,POST,/api/articles/bulk/,1534.24,34,0,
2026-05-16T16:28:24.311203,GET,/api/articles/list/small/,1603.64,23002,0,
2026-05-16T16:28:24.317013,POST,/api/articles/bulk/,1570.68,34,0,
2026-05-16T16:28:24.332534,POST,/api/articles/bulk/,1417.35,34,0,
2026-05-16T16:28:24.333136,GET,/api/articles/list/small/,1320.67,23002,0,
2026-05-16T16:28:24.333510,GET,/api/articles/list/small/,1641.15,23002,0,
2026-05-16T16:28:24.334249,GET,/api/articles/list/large/,1435.55,471824,0,
2026-05-16T16:28:24.346044,POST,/api/articles/analyze/,1363.95,58,0,
2026-05-16T16:28:24.359158,POST,/api/articles/bulk/,1327.9,34,0,
2026-05-16T16:28:24.359738,POST,/api/articles/bulk/,1430.34,34,0,
2026-05-16T16:28:24.365594,GET,/api/articles/list/small/,1329.14,23002,0,
2026-05-16T16:28:24.366154,POST,/api/articles/bulk/,1318.45,34,0,
2026-05-16T16:28:24.368983,POST,/api/articles/bulk/,1348.53,34,0,
2026-05-16T16:28:24.412448,GET,/api/articles/list/large/,1361.34,471824,0,
2026-05-16T16:28:24.459884,GET,/api/articles/list/small/,1302.91,23002,0,
2026-05-16T16:28:24.517398,POST,/api/articles/analyze/,1348.93,58,0,
2026-05-16T16:28:24.518710,POST,/api/articles/bulk/,1322.62,34,0,
2026-05-16T16:28:24.640892,GET,/api/articles/list/large/,1402.29,471824,0,
2026-05-16T16:28:24.641995,POST,/api/articles/analyze/,1394.92,58,0,
2026-05-16T16:28:24.643668,POST,/api/articles/analyze/,1317.65,58,0,
2026-05-16T16:28:24.696907,GET,/api/articles/list/large/,1447.65,471824,0,
2026-05-16T16:28:24.705967,POST,/api/articles/bulk/,1206.17,34,0,
2026-05-16T16:28:24.707223,POST,/api/articles/bulk/,1192.17,34,0,
2026-05-16T16:28:24.707966,POST,/api/articles/bulk/,1250.06,34,0,
2026-05-16T16:28:24.711326,GET,/api/articles/list/small/,1248.98,23002,0,
2026-05-16T16:28:24.719033,POST,/api/articles/bulk/,1323.33,34,0,
2026-05-16T16:28:24.720104,GET,/api/articles/list/large/,1349.19,471824,0,
2026-05-16T16:28:24.772105,POST,/api/articles/bulk/,1162.65,34,0,
2026-05-16T16:28:24.775321,GET,/api/articles/list/large/,1207.64,471824,0,
2026-05-16T16:28:24.776048,POST,/api/articles/bulk/,1188.45,34,0,
2026-05-16T16:28:24.778001,GET,/api/articles/list/small/,1176.36,23002,0,
2026-05-16T16:28:24.824092,POST,/api/articles/bulk/,1121.61,34,0,
2026-05-16T16:28:24.825416,POST,/api/articles/bulk/,1126.47,34,0,
2026-05-16T16:28:24.825949,POST,/api/articles/analyze/,1068.93,58,0,
2026-05-16T16:28:24.826933,POST,/api/articles/bulk/,1175.41,34,0,
2026-05-16T16:28:24.828267,GET,/api/articles/list/small/,1090.72,23002,0,
2026-05-16T16:28:24.834689,POST,/api/articles/analyze/,1198.79,58,0,
2026-05-16T16:28:24.873519,GET,/api/articles/list/large/,1199.77,471824,0,
2026-05-16T16:28:24.883505,GET,/api/articles/list/large/,1151.96,471824,0,
2026-05-16T16:28:24.884379,GET,/api/articles/list/small/,1087.12,23002,0,
2026-05-16T16:28:24.887486,GET,/api/articles/list/large/,1058.34,471824,0,
2026-05-16T16:28:24.971928,POST,/api/articles/bulk/,1154.31,34,0,
2026-05-16T16:28:24.972587,GET,/api/articles/list/small/,1152.97,23002,0,
2026-05-16T16:28:24.978239,GET,/api/articles/list/large/,1020.67,471824,0,
2026-05-16T16:28:24.983360,GET,/api/articles/list/large/,1050.76,471824,0,
2026-05-16T16:28:24.992100,POST,/api/articles/bulk/,1051.66,34,0,
2026-05-16T16:28:25.029819,GET,/api/articles/list/large/,1016.35,471824,0,
2026-05-16T16:28:25.031140,GET,/api/articles/list/large/,1053.18,471824,0,
2026-05-16T16:28:25.031600,POST,/api/articles/analyze/,1037.9,58,0,
2026-05-16T16:28:25.033757,POST,/api/articles/analyze/,1011.44,58,0,
2026-05-16T16:28:25.093849,POST,/api/articles/bulk/,1075.57,34,0,
2026-05-16T16:28:25.095475,POST,/api/articles/analyze/,1019.51,58,0,
2026-05-16T16:28:25.135750,GET,/api/articles/list/large/,1033.16,471824,0,
2026-05-16T16:28:25.136116,POST,/api/articles/analyze/,1049.28,58,0,
2026-05-16T16:28:25.137774,GET,/api/articles/list/small/,1010.95,23002,0,
2026-05-16T16:28:25.196744,GET,/api/articles/list/large/,1011.74,471824,0,
2026-05-16T16:28:25.202936,POST,/api/articles/bulk/,1005.1,34,0,
2026-05-16T16:28:25.204845,GET,/api/articles/list/large/,1090.75,471824,0,
2026-05-16T16:28:25.208561,POST,/api/articles/bulk/,1036.79,34,0,
2026-05-16T16:28:25.216523,POST,/api/articles/analyze/,914.77,58,0,
2026-05-16T16:28:25.217325,GET,/api/articles/list/small/,974.28,23002,0,
2026-05-16T16:28:25.220663,GET,/api/articles/list/large/,961.34,471824,0,
2026-05-16T16:28:25.226671,GET,/api/articles/list/large/,967.79,471824,0,
2026-05-16T16:28:25.246220,POST,/api/articles/bulk/,930.76,34,0,
2026-05-16T16:28:25.263872,GET,/api/articles/list/large/,890.53,471824,0,
2026-05-16T16:28:25.265444,POST,/api/articles/bulk/,884.48,34,0,
2026-05-16T16:28:25.302251,GET,/api/articles/list/small/,900.19,23002,0,
2026-05-16T16:28:25.304432,GET,/api/articles/list/large/,890.71,471824,0,
2026-05-16T16:28:25.364273,POST,/api/articles/analyze/,899.4,58,0,
2026-05-16T16:28:25.365978,POST,/api/articles/bulk/,911.51,34,0,
2026-05-16T16:28:25.399700,POST,/api/articles/analyze/,923.07,58,0,
2026-05-16T16:28:25.401253,GET,/api/articles/list/small/,940.1,23002,0,
2026-05-16T16:28:25.438563,GET,/api/articles/list/small/,987.99,23002,0,
2026-05-16T16:28:25.447636,POST,/api/articles/analyze/,927.69,58,0,
2026-05-16T16:28:25.449836,GET,/api/articles/list/small/,916.66,23002,0,
2026-05-16T16:28:25.484792,POST,/api/articles/bulk/,909.85,34,0,
2026-05-16T16:28:25.487338,POST,/api/articles/analyze/,954.7,58,0,
2026-05-16T16:28:25.487928,POST,/api/articles/analyze/,917.89,58,0,
2026-05-16T16:28:25.533314,GET,/api/articles/list/large/,873.36,471824,0,
2026-05-16T16:28:25.535625,GET,/api/articles/list/small/,1020.06,23002,0,
2026-05-16T16:28:25.536223,POST,/api/articles/analyze/,923.09,58,0,
2026-05-16T16:28:25.536607,POST,/api/articles/bulk/,940.64,34,0,
2026-05-16T16:28:25.572027,POST,/api/articles/analyze/,977.94,58,0,
2026-05-16T16:28:25.595278,POST,/api/articles/analyze/,884.45,58,0,
2026-05-16T16:28:25.595933,POST,/api/articles/bulk/,935.5,34,0,
2026-05-16T16:28:25.624698,POST,/api/articles/analyze/,892.32,58,0,
2026-05-16T16:28:25.645197,GET,/api/articles/list/small/,877.34,23002,0,
2026-05-16T16:28:25.645593,POST,/api/articles/bulk/,885.0,34,0,
2026-05-16T16:28:25.646755,POST,/api/articles/analyze/,869.52,58,0,
2026-05-16T16:28:25.759221,GET,/api/articles/list/large/,958.74,471824,0,
2026-05-16T16:28:25.760692,GET,/api/articles/list/large/,916.78,471824,0,
2026-05-16T16:28:25.785782,POST,/api/articles/bulk/,905.02,34,0,
2026-05-16T16:28:25.786939,GET,/api/articles/list/large/,851.77,471824,0,
2026-05-16T16:28:25.787417,POST,/api/articles/analyze/,838.4,58,0,
2026-05-16T16:28:25.790671,POST,/api/articles/analyze/,839.85,58,0,
2026-05-16T16:28:25.831256,POST,/api/articles/bulk/,909.36,34,0,
2026-05-16T16:28:25.836325,GET,/api/articles/list/large/,952.64,471824,0,
2026-05-16T16:28:25.855439,GET,/api/articles/list/large/,880.61,471824,0,
2026-05-16T16:28:25.889764,GET,/api/articles/list/large/,838.9,471824,0,
2026-05-16T16:28:25.890374,POST,/api/articles/analyze/,885.29,58,0,
2026-05-16T16:28:25.901459,GET,/api/articles/list/large/,903.11,471824,0,
2026-05-16T16:28:25.907771,GET,/api/articles/list/small/,865.76,23002,0,
2026-05-16T16:28:25.917626,POST,/api/articles/bulk/,854.89,34,0,
2026-05-16T16:28:25.934119,POST,/api/articles/bulk/,841.06,34,0,
2026-05-16T16:28:25.935006,POST,/api/articles/analyze/,839.42,58,0,
2026-05-16T16:28:25.939035,POST,/api/articles/analyze/,838.66,58,0,
2026-05-16T16:28:25.949689,POST,/api/articles/bulk/,875.81,34,0,
2026-05-16T16:28:26.035267,POST,/api/articles/bulk/,895.24,34,0,
2026-05-16T16:28:26.037061,POST,/api/articles/bulk/,871.58,34,0,
2026-05-16T16:28:26.038220,GET,/api/articles/list/large/,890.07,471824,0,
2026-05-16T16:28:26.045823,GET,/api/articles/list/large/,872.6,471824,0,
2026-05-16T16:28:26.048811,POST,/api/articles/bulk/,878.66,34,0,
2026-05-16T16:28:26.053302,GET,/api/articles/list/small/,918.69,23002,0,
2026-05-16T16:28:26.061012,GET,/api/articles/list/small/,952.71,23002,0,
2026-05-16T16:28:26.146913,POST,/api/articles/analyze/,949.9,58,0,
2026-05-16T16:28:26.156571,POST,/api/articles/analyze/,952.91,58,0,
2026-05-16T16:28:26.159272,GET,/api/articles/list/small/,949.49,23002,0,
2026-05-16T16:28:26.167540,POST,/api/articles/analyze/,945.6,58,0,
2026-05-16T16:28:26.171115,POST,/api/articles/bulk/,953.68,34,0,
2026-05-16T16:28:26.176028,POST,/api/articles/analyze/,963.02,58,0,
2026-05-16T16:28:26.180841,POST,/api/articles/bulk/,957.52,34,0,
2026-05-16T16:28:26.185912,GET,/api/articles/list/large/,973.36,471824,0,
2026-05-16T16:28:26.195973,GET,/api/articles/list/small/,962.97,23002,0,
2026-05-16T16:28:26.196515,POST,/api/articles/bulk/,944.0,34,0,
2026-05-16T16:28:26.342158,POST,/api/articles/analyze/,1024.62,58,0,
2026-05-16T16:28:26.351420,POST,/api/articles/bulk/,1026.37,34,0,
2026-05-16T16:28:26.352467,POST,/api/articles/analyze/,1015.85,58,0,
2026-05-16T16:28:26.359620,POST,/api/articles/bulk/,1067.58,34,0,
2026-05-16T16:28:26.365011,POST,/api/articles/bulk/,1035.64,34,0,
2026-05-16T16:28:26.366809,GET,/api/articles/list/small/,1047.39,23002,0,
2026-05-16T16:28:26.373056,GET,/api/articles/list/small/,1094.36,23002,0,
2026-05-16T16:28:26.389929,GET,/api/articles/list/small/,971.68,23002,0,
2026-05-16T16:28:26.390355,GET,/api/articles/list/small/,1017.36,23002,0,
2026-05-16T16:28:26.390848,GET,/api/articles/list/small/,1043.41,23002,0,
2026-05-16T16:28:26.391764,POST,/api/articles/analyze/,1022.59,58,0,
2026-05-16T16:28:26.395930,POST,/api/articles/analyze/,992.48,58,0,
2026-05-16T16:28:26.397000,GET,/api/articles/list/small/,1023.62,23002,0,
2026-05-16T16:28:26.399447,POST,/api/articles/bulk/,1015.37,34,0,
2026-05-16T16:28:26.400130,POST,/api/articles/bulk/,980.7,34,0,
2026-05-16T16:28:26.410258,GET,/api/articles/list/small/,942.19,23002,0,
2026-05-16T16:28:26.419746,GET,/api/articles/list/large/,960.05,471824,0,
2026-05-16T16:28:26.421710,GET,/api/articles/list/small/,941.01,23002,0,
2026-05-16T16:28:26.422642,POST,/api/articles/analyze/,959.22,58,0,
2026-05-16T16:28:26.429358,GET,/api/articles/list/small/,978.34,23002,0,
2026-05-16T16:28:26.506675,POST,/api/articles/bulk/,981.02,34,0,
2026-05-16T16:28:26.514039,POST,/api/articles/bulk/,940.28,34,0,
2026-05-16T16:28:26.521237,GET,/api/articles/list/small/,1019.43,23002,0,
2026-05-16T16:28:26.522403,POST,/api/articles/analyze/,1021.06,58,0,
2026-05-16T16:28:26.536714,GET,/api/articles/list/large/,946.73,471824,0,
2026-05-16T16:28:26.538951,GET,/api/articles/list/large/,940.75,471824,0,
2026-05-16T16:28:26.539525,POST,/api/articles/analyze/,939.61,58,0,
2026-05-16T16:28:26.568482,POST,/api/articles/analyze/,922.41,58,0,
2026-05-16T16:28:26.586524,GET,/api/articles/list/small/,883.28,23002,0,
2026-05-16T16:28:26.588071,GET,/api/articles/list/large/,933.86,471824,0,
2026-05-16T16:28:26.589274,POST,/api/articles/analyze/,919.14,58,0,
2026-05-16T16:28:26.594122,GET,/api/articles/list/large/,907.99,471824,0,
2026-05-16T16:28:26.595005,GET,/api/articles/list/large/,943.3,471824,0,
2026-05-16T16:28:26.595841,GET,/api/articles/list/large/,879.91,471824,0,
2026-05-16T16:28:26.600261,GET,/api/articles/list/small/,894.14,23002,0,
2026-05-16T16:28:26.603536,POST,/api/articles/bulk/,899.73,34,0,
2026-05-16T16:28:26.606224,GET,/api/articles/list/small/,936.63,23002,0,
2026-05-16T16:28:26.700642,POST,/api/articles/bulk/,946.15,34,0,
2026-05-16T16:28:26.703042,POST,/api/articles/bulk/,937.02,34,0,
2026-05-16T16:28:26.766901,GET,/api/articles/list/small/,954.2,23002,0,
2026-05-16T16:28:26.769682,GET,/api/articles/list/small/,963.81,23002,0,
2026-05-16T16:28:26.775447,POST,/api/articles/analyze/,990.58,58,0,
2026-05-16T16:28:26.780999,POST,/api/articles/analyze/,980.11,58,0,
2026-05-16T16:28:26.932182,GET,/api/articles/list/large/,1079.62,471824,0,
2026-05-16T16:28:26.975665,GET,/api/articles/list/small/,1120.9,23002,0,
2026-05-16T16:28:26.989476,GET,/api/articles/list/large/,1113.54,471824,0,
2026-05-16T16:28:26.989914,POST,/api/articles/analyze/,1107.89,58,0,
2026-05-16T16:28:26.990556,POST,/api/articles/bulk/,1102.79,34,0,
2026-05-16T16:28:26.991151,POST,/api/articles/bulk/,1076.05,34,0,
2026-05-16T16:28:27.019540,POST,/api/articles/bulk/,1074.23,34,0,
2026-05-16T16:28:27.020334,POST,/api/articles/analyze/,1067.37,58,0,
2026-05-16T16:28:27.183392,POST,/api/articles/analyze/,1216.7,58,0,
2026-05-16T16:28:27.184362,POST,/api/articles/analyze/,1226.55,58,0,
2026-05-16T16:28:27.240119,GET,/api/articles/list/small/,1250.53,23002,0,
2026-05-16T16:28:27.360485,GET,/api/articles/list/small/,1349.79,23002,0,
2026-05-16T16:28:27.373745,POST,/api/articles/bulk/,1337.86,34,0,
2026-05-16T16:28:27.376144,GET,/api/articles/list/large/,1321.57,471824,0,
2026-05-16T16:28:27.378380,GET,/api/articles/list/large/,1313.14,471824,0,
2026-05-16T16:28:27.380383,GET,/api/articles/list/small/,1333.16,23002,0,
2026-05-16T16:28:27.432939,GET,/api/articles/list/small/,1286.85,23002,0,
2026-05-16T16:28:27.433780,GET,/api/articles/list/large/,1283.28,471824,0,
2026-05-16T16:28:27.434185,POST,/api/articles/analyze/,1273.68,58,0,
2026-05-16T16:28:27.434541,GET,/api/articles/list/small/,1273.53,23002,0,
2026-05-16T16:28:27.434886,POST,/api/articles/bulk/,1280.11,34,0,
2026-05-16T16:28:27.436554,POST,/api/articles/bulk/,1360.45,34,0,
2026-05-16T16:28:27.444306,POST,/api/articles/bulk/,1333.75,34,0,
2026-05-16T16:28:27.464950,POST,/api/articles/bulk/,1173.07,34,0,
2026-05-16T16:28:27.465379,GET,/api/articles/list/small/,1179.94,23002,0,
2026-05-16T16:28:27.466247,POST,/api/articles/bulk/,1214.09,34,0,
2026-05-16T16:28:27.467325,GET,/api/articles/list/large/,1253.76,471824,0,
2026-05-16T16:28:27.468652,POST,/api/articles/analyze/,1138.81,58,0,
2026-05-16T16:28:27.469597,POST,/api/articles/analyze/,1224.27,58,0,
2026-05-16T16:28:27.471395,GET,/api/articles/list/large/,1235.03,471824,0,
2026-05-16T16:28:27.472935,GET,/api/articles/list/large/,1268.2,471824,0,
2026-05-16T16:28:27.475879,POST,/api/articles/bulk/,1156.19,34,0,
2026-05-16T16:28:27.480332,GET,/api/articles/list/large/,1194.41,471824,0,
2026-05-16T16:28:27.483272,GET,/api/articles/list/large/,1188.41,471824,0,
2026-05-16T16:28:27.494362,POST,/api/articles/bulk/,1135.41,34,0,
2026-05-16T16:28:27.495186,GET,/api/articles/list/small/,1133.47,23002,0,
2026-05-16T16:28:27.495787,GET,/api/articles/list/small/,1140.13,23002,0,
2026-05-16T16:28:27.499785,GET,/api/articles/list/small/,1139.73,23002,0,
2026-05-16T16:28:27.521513,POST,/api/articles/bulk/,1125.46,34,0,
2026-05-16T16:28:27.534579,POST,/api/articles/analyze/,1139.11,58,0,
2026-05-16T16:28:27.554039,GET,/api/articles/list/large/,1090.42,471824,0,
2026-05-16T16:28:27.555016,POST,/api/articles/analyze/,1129.18,58,0,
2026-05-16T16:28:27.650736,GET,/api/articles/list/small/,1139.38,23002,0,
2026-05-16T16:28:27.651615,POST,/api/articles/analyze/,1140.74,58,0,
2026-05-16T16:28:27.653145,POST,/api/articles/bulk/,1166.19,34,0,
2026-05-16T16:28:27.653715,POST,/api/articles/analyze/,1174.45,58,0,
2026-05-16T16:28:27.655330,GET,/api/articles/list/large/,1160.36,471824,0,
2026-05-16T16:28:27.657616,POST,/api/articles/bulk/,1183.31,34,0,
2026-05-16T16:28:27.695595,GET,/api/articles/list/large/,1170.96,471824,0,
2026-05-16T16:28:27.696107,GET,/api/articles/list/small/,1171.03,23002,0,
2026-05-16T16:28:27.724068,GET,/api/articles/list/large/,1251.6,471824,0,
2026-05-16T16:28:27.725376,POST,/api/articles/analyze/,1176.85,58,0,
2026-05-16T16:28:27.733495,POST,/api/articles/analyze/,1200.58,58,0,
2026-05-16T16:28:27.801609,POST,/api/articles/analyze/,1266.87,58,0,
2026-05-16T16:28:27.853724,GET,/api/articles/list/large/,1312.92,471824,0,
2026-05-16T16:28:27.877504,POST,/api/articles/bulk/,1318.06,34,0,
2026-05-16T16:28:27.880214,GET,/api/articles/list/small/,1317.56,23002,0,
2026-05-16T16:28:28.159521,POST,/api/articles/bulk/,1363.28,34,0,
2026-05-16T16:28:28.160464,GET,/api/articles/list/small/,1444.02,23002,0,
2026-05-16T16:28:28.163405,POST,/api/articles/analyze/,1399.75,58,0,
2026-05-16T16:28:28.181498,GET,/api/articles/list/small/,1281.98,23002,0,
2026-05-16T16:28:28.191201,POST,/api/articles/bulk/,1274.12,34,0,
2026-05-16T16:28:28.191921,POST,/api/articles/bulk/,1309.24,34,0,
2026-05-16T16:28:28.192288,GET,/api/articles/list/small/,1284.05,23002,0,
2026-05-16T16:28:28.192604,POST,/api/articles/bulk/,1303.74,34,0,
2026-05-16T16:28:28.193622,GET,/api/articles/list/large/,1352.8,471824,0,
2026-05-16T16:28:28.194220,POST,/api/articles/bulk/,1272.1,34,0,
2026-05-16T16:28:28.195574,GET,/api/articles/list/small/,1271.38,23002,0,
2026-05-16T16:28:28.197284,POST,/api/articles/bulk/,1246.85,34,0,
2026-05-16T16:28:28.202275,POST,/api/articles/analyze/,1312.69,58,0,
2026-05-16T16:28:28.208434,POST,/api/articles/bulk/,1281.48,34,0,
2026-05-16T16:28:28.211251,POST,/api/articles/bulk/,1313.81,34,0,
2026-05-16T16:28:28.228045,GET,/api/articles/list/large/,1239.59,471824,0,
2026-05-16T16:28:28.232477,POST,/api/articles/bulk/,1413.83,34,0,
2026-05-16T16:28:28.236024,GET,/api/articles/list/small/,1225.56,23002,0,
2026-05-16T16:28:28.236893,POST,/api/articles/bulk/,1242.45,34,0,
2026-05-16T16:28:28.238887,POST,/api/articles/bulk/,1256.93,34,0,
2026-05-16T16:28:28.284164,GET,/api/articles/list/large/,1210.94,471824,0,
2026-05-16T16:28:28.287365,POST,/api/articles/analyze/,1149.62,58,0,
2026-05-16T16:28:28.289082,GET,/api/articles/list/large/,1264.55,471824,0,
2026-05-16T16:28:28.289507,GET,/api/articles/list/small/,1144.94,23002,0,
2026-05-16T16:28:28.290836,GET,/api/articles/list/small/,1239.62,23002,0,
2026-05-16T16:28:28.291808,POST,/api/articles/bulk/,1145.38,34,0,
2026-05-16T16:28:28.292535,POST,/api/articles/bulk/,1186.18,34,0,
2026-05-16T16:28:28.293948,GET,/api/articles/list/large/,1121.31,471824,0,
2026-05-16T16:28:28.294999,POST,/api/articles/analyze/,1177.35,58,0,
2026-05-16T16:28:28.297111,GET,/api/articles/list/small/,1267.82,23002,0,
2026-05-16T16:28:28.298271,POST,/api/articles/analyze/,1279.18,58,0,
2026-05-16T16:28:28.302242,GET,/api/articles/list/small/,1160.49,23002,0,
2026-05-16T16:28:28.316305,GET,/api/articles/list/large/,1132.7,471824,0,
2026-05-16T16:28:28.425782,POST,/api/articles/bulk/,1215.43,34,0,
2026-05-16T16:28:28.431372,GET,/api/articles/list/small/,1248.92,23002,0,
2026-05-16T16:28:28.434911,GET,/api/articles/list/small/,1243.93,23002,0,
2026-05-16T16:28:28.465587,POST,/api/articles/analyze/,1271.88,58,0,
2026-05-16T16:28:28.471907,POST,/api/articles/analyze/,1237.25,58,0,
2026-05-16T16:28:28.488058,GET,/api/articles/list/large/,1161.91,471824,0,
2026-05-16T16:28:28.488651,POST,/api/articles/analyze/,1212.54,58,0,
2026-05-16T16:28:28.489063,POST,/api/articles/bulk/,1231.03,34,0,
2026-05-16T16:28:28.495730,POST,/api/articles/analyze/,1189.28,58,0,
2026-05-16T16:28:28.497069,POST,/api/articles/bulk/,1250.69,34,0,
2026-05-16T16:28:28.506136,POST,/api/articles/analyze/,1259.01,58,0,
2026-05-16T16:28:28.508397,GET,/api/articles/list/large/,1203.8,471824,0,
2026-05-16T16:28:28.544266,GET,/api/articles/list/large/,1208.37,471824,0,
2026-05-16T16:28:28.552433,GET,/api/articles/list/large/,1275.81,471824,0,
2026-05-16T16:28:28.561101,POST,/api/articles/analyze/,1227.11,58,0,
2026-05-16T16:28:28.563290,GET,/api/articles/list/large/,1169.61,471824,0,
2026-05-16T16:28:28.621132,POST,/api/articles/bulk/,1233.57,34,0,
2026-05-16T16:28:28.630454,GET,/api/articles/list/small/,1210.28,23002,0,
2026-05-16T16:28:28.686272,GET,/api/articles/list/small/,1243.99,23002,0,
2026-05-16T16:28:28.687623,GET,/api/articles/list/small/,1290.15,23002,0,
2026-05-16T16:28:28.727149,GET,/api/articles/list/small/,1285.37,23002,0,
2026-05-16T16:28:28.728017,POST,/api/articles/analyze/,1241.53,58,0,
2026-05-16T16:28:28.823792,GET,/api/articles/list/small/,1336.8,23002,0,
2026-05-16T16:28:28.832446,GET,/api/articles/list/small/,1337.92,23002,0,
2026-05-16T16:28:28.847398,GET,/api/articles/list/large/,1339.21,471824,0,
2026-05-16T16:28:28.938266,GET,/api/articles/list/large/,1371.97,471824,0,
2026-05-16T16:28:28.939847,GET,/api/articles/list/large/,1335.27,471824,0,
2026-05-16T16:28:28.942032,GET,/api/articles/list/small/,1333.91,23002,0,
2026-05-16T16:28:28.944149,GET,/api/articles/list/small/,1372.1,23002,0,
2026-05-16T16:28:28.945109,GET,/api/articles/list/large/,1363.29,471824,0,
2026-05-16T16:28:28.947894,GET,/api/articles/list/large/,1402.45,471824,0,
2026-05-16T16:28:28.948690,POST,/api/articles/bulk/,1341.21,34,0,
2026-05-16T16:28:28.951119,POST,/api/articles/analyze/,1406.26,58,0,
2026-05-16T16:28:28.954457,POST,/api/articles/bulk/,1396.24,34,0,
2026-05-16T16:28:28.958521,POST,/api/articles/bulk/,1411.18,34,0,
2026-05-16T16:28:28.965373,POST,/api/articles/bulk/,1284.64,34,0,
2026-05-16T16:28:28.965984,POST,/api/articles/analyze/,1312.17,58,0,
2026-05-16T16:28:28.969130,POST,/api/articles/bulk/,1292.61,34,0,
2026-05-16T16:28:28.971289,GET,/api/articles/list/large/,1312.4,471824,0,
2026-05-16T16:28:29.006359,POST,/api/articles/analyze/,1300.03,58,0,
2026-05-16T16:28:29.012094,POST,/api/articles/analyze/,1330.16,58,0,
2026-05-16T16:28:29.051539,GET,/api/articles/list/small/,1256.43,23002,0,
2026-05-16T16:28:29.051926,POST,/api/articles/bulk/,1232.81,34,0,
2026-05-16T16:28:29.053226,GET,/api/articles/list/large/,1234.48,471824,0,
2026-05-16T16:28:29.054955,POST,/api/articles/bulk/,1322.21,34,0,
2026-05-16T16:28:29.055470,POST,/api/articles/analyze/,1209.56,58,0,
2026-05-16T16:28:29.060012,POST,/api/articles/bulk/,1204.03,34,0,
2026-05-16T16:28:29.070931,POST,/api/articles/bulk/,1266.12,34,0,
2026-05-16T16:28:29.074351,GET,/api/articles/list/small/,1318.29,23002,0,
2026-05-16T16:28:29.077596,POST,/api/articles/bulk/,1294.68,34,0,
2026-05-16T16:28:29.086959,GET,/api/articles/list/large/,1181.71,471824,0,
2026-05-16T16:28:29.087406,GET,/api/articles/list/small/,1172.13,23002,0,
2026-05-16T16:28:29.090252,GET,/api/articles/list/small/,1277.3,23002,0,
2026-05-16T16:28:29.093352,POST,/api/articles/bulk/,1120.76,34,0,
2026-05-16T16:28:29.126566,GET,/api/articles/list/small/,1234.11,23002,0,
2026-05-16T16:28:29.174114,POST,/api/articles/analyze/,1289.67,58,0,
2026-05-16T16:28:29.185444,GET,/api/articles/list/large/,1455.83,471824,0,
2026-05-16T16:28:29.186350,POST,/api/articles/analyze/,1190.69,58,0,
2026-05-16T16:28:29.189107,GET,/api/articles/list/large/,1129.55,471824,0,
2026-05-16T16:28:29.192189,POST,/api/articles/bulk/,1193.65,34,0,
2026-05-16T16:28:29.195321,POST,/api/articles/analyze/,1224.61,58,0,
2026-05-16T16:28:29.197923,GET,/api/articles/list/small/,1260.13,23002,0,
2026-05-16T16:28:29.204214,GET,/api/articles/list/small/,1163.53,23002,0,
2026-05-16T16:28:29.205087,POST,/api/articles/bulk/,1259.55,34,0,
2026-05-16T16:28:29.206067,GET,/api/articles/list/small/,1269.0,23002,0,
2026-05-16T16:28:29.252453,POST,/api/articles/analyze/,1107.96,58,0,
2026-05-16T16:28:29.255633,POST,/api/articles/bulk/,1162.1,34,0,
2026-05-16T16:28:29.256566,GET,/api/articles/list/small/,1130.91,23002,0,
2026-05-16T16:28:29.277453,GET,/api/articles/list/large/,1140.88,471824,0,
2026-05-16T16:28:29.281484,GET,/api/articles/list/large/,1169.6,471824,0,
2026-05-16T16:28:29.292762,POST,/api/articles/analyze/,1191.97,58,0,
2026-05-16T16:28:29.322025,GET,/api/articles/list/small/,1115.65,23002,0,
2026-05-16T16:28:29.365311,GET,/api/articles/list/large/,1137.12,471824,0,
2026-05-16T16:28:29.370133,GET,/api/articles/list/large/,1111.03,471824,0,
2026-05-16T16:28:29.375926,POST,/api/articles/analyze/,1101.95,58,0,
2026-05-16T16:28:29.377152,GET,/api/articles/list/small/,1080.99,23002,0,
2026-05-16T16:28:29.386110,POST,/api/articles/analyze/,1080.59,58,0,
2026-05-16T16:28:29.431678,GET,/api/articles/list/small/,997.53,23002,0,
2026-05-16T16:28:29.432495,GET,/api/articles/list/small/,1007.56,23002,0,
2026-05-16T16:28:29.433691,GET,/api/articles/list/large/,1039.53,471824,0,
2026-05-16T16:28:29.439990,POST,/api/articles/bulk/,999.68,34,0,
2026-05-16T16:28:29.448311,POST,/api/articles/bulk/,1119.42,34,0,
2026-05-16T16:28:29.453807,POST,/api/articles/analyze/,1100.49,58,0,
2026-05-16T16:28:29.456377,GET,/api/articles/list/large/,1083.09,471824,0,
2026-05-16T16:28:29.467943,GET,/api/articles/list/small/,929.03,23002,0,
2026-05-16T16:28:29.476593,GET,/api/articles/list/small/,855.31,23002,0,
2026-05-16T16:28:29.478241,POST,/api/articles/analyze/,930.73,58,0,
2026-05-16T16:28:29.529049,POST,/api/articles/analyze/,978.68,58,0,
2026-05-16T16:28:29.531058,GET,/api/articles/list/large/,953.4,471824,0,
2026-05-16T16:28:29.532010,POST,/api/articles/analyze/,943.64,58,0,
2026-05-16T16:28:29.532610,POST,/api/articles/analyze/,920.28,58,0,
2026-05-16T16:28:29.567923,GET,/api/articles/list/small/,955.15,23002,0,
2026-05-16T16:28:29.571514,POST,/api/articles/bulk/,973.27,34,0,
2026-05-16T16:28:29.571897,GET,/api/articles/list/small/,987.29,23002,0,
2026-05-16T16:28:29.577709,GET,/api/articles/list/small/,1017.44,23002,0,
2026-05-16T16:28:29.584903,POST,/api/articles/analyze/,903.42,58,0,
2026-05-16T16:28:29.586045,POST,/api/articles/analyze/,870.05,58,0,
2026-05-16T16:28:29.587086,POST,/api/articles/analyze/,850.9,58,0,
2026-05-16T16:28:29.593681,GET,/api/articles/list/small/,939.95,23002,0,
2026-05-16T16:28:29.594346,POST,/api/articles/analyze/,877.81,58,0,
2026-05-16T16:28:29.601844,POST,/api/articles/bulk/,921.26,34,0,
2026-05-16T16:28:29.615413,POST,/api/articles/bulk/,812.24,34,0,
2026-05-16T16:28:29.668817,GET,/api/articles/list/large/,844.88,471824,0,
2026-05-16T16:28:29.678617,GET,/api/articles/list/large/,763.66,471824,0,
2026-05-16T16:28:29.683029,POST,/api/articles/bulk/,832.35,34,0,
2026-05-16T16:28:29.689956,POST,/api/articles/bulk/,736.25,34,0,
2026-05-16T16:28:29.726313,POST,/api/articles/bulk/,779.42,34,0,
2026-05-16T16:28:29.799034,POST,/api/articles/bulk/,773.66,34,0,
2026-05-16T16:28:29.799946,GET,/api/articles/list/small/,755.92,23002,0,
2026-05-16T16:28:29.864169,POST,/api/articles/bulk/,890.69,34,0,
2026-05-16T16:28:29.865991,GET,/api/articles/list/large/,828.49,471824,0,
2026-05-16T16:28:29.866665,POST,/api/articles/analyze/,791.07,58,0,
2026-05-16T16:28:29.867569,POST,/api/articles/analyze/,825.32,58,0,
2026-05-16T16:28:29.868535,GET,/api/articles/list/large/,802.83,471824,0,
2026-05-16T16:28:29.870857,GET,/api/articles/list/small/,811.54,23002,0,
2026-05-16T16:28:29.955895,GET,/api/articles/list/small/,806.86,23002,0,
2026-05-16T16:28:29.956698,GET,/api/articles/list/small/,830.95,23002,0,
2026-05-16T16:28:29.957507,POST,/api/articles/analyze/,872.71,58,0,
2026-05-16T16:28:29.959679,POST,/api/articles/bulk/,798.74,34,0,
2026-05-16T16:28:29.972288,POST,/api/articles/analyze/,783.04,58,0,
2026-05-16T16:28:29.987957,GET,/api/articles/list/large/,769.63,471824,0,
2026-05-16T16:28:29.988382,POST,/api/articles/analyze/,727.67,58,0,
2026-05-16T16:28:29.989065,GET,/api/articles/list/small/,784.69,23002,0,
2026-05-16T16:28:30.026004,POST,/api/articles/bulk/,793.83,34,0,
2026-05-16T16:28:30.169599,GET,/api/articles/list/small/,875.59,23002,0,
2026-05-16T16:28:30.182663,GET,/api/articles/list/large/,890.95,471824,0,
2026-05-16T16:28:30.186945,GET,/api/articles/list/large/,847.65,471824,0,
2026-05-16T16:28:30.188248,GET,/api/articles/list/large/,854.72,471824,0,
2026-05-16T16:28:30.196832,POST,/api/articles/analyze/,835.65,58,0,
2026-05-16T16:28:30.197704,POST,/api/articles/bulk/,867.36,34,0,
2026-05-16T16:28:30.204388,POST,/api/articles/bulk/,879.13,34,0,
2026-05-16T16:28:30.208784,GET,/api/articles/list/large/,868.85,471824,0,
2026-05-16T16:28:30.219696,POST,/api/articles/analyze/,811.32,58,0,
2026-05-16T16:28:30.223252,GET,/api/articles/list/large/,841.5,471824,0,
2026-05-16T16:28:30.224171,POST,/api/articles/analyze/,811.09,58,0,
2026-05-16T16:28:30.228772,POST,/api/articles/bulk/,852.7,34,0,
2026-05-16T16:28:30.231427,GET,/api/articles/list/large/,829.86,471824,0,
2026-05-16T16:28:30.232709,POST,/api/articles/bulk/,842.38,34,0,
2026-05-16T16:28:30.284190,POST,/api/articles/analyze/,831.92,58,0,
2026-05-16T16:28:30.381219,GET,/api/articles/list/large/,807.1,471824,0,
2026-05-16T16:28:30.388571,GET,/api/articles/list/large/,876.09,471824,0,
2026-05-16T16:28:30.389461,POST,/api/articles/analyze/,871.19,58,0,
2026-05-16T16:28:30.393650,GET,/api/articles/list/large/,839.81,471824,0,
2026-05-16T16:28:30.394122,GET,/api/articles/list/small/,865.55,23002,0,
2026-05-16T16:28:30.401738,POST,/api/articles/analyze/,842.09,58,0,
2026-05-16T16:28:30.411951,GET,/api/articles/list/large/,894.4,471824,0,
2026-05-16T16:28:30.414231,GET,/api/articles/list/small/,823.93,23002,0,
2026-05-16T16:28:30.549243,POST,/api/articles/analyze/,882.8,58,0,
2026-05-16T16:28:30.586154,GET,/api/articles/list/small/,955.37,23002,0,
2026-05-16T16:28:30.589448,POST,/api/articles/bulk/,965.82,34,0,
2026-05-16T16:28:30.630580,POST,/api/articles/bulk/,949.75,34,0,
2026-05-16T16:28:30.653511,GET,/api/articles/list/large/,934.12,471824,0,
2026-05-16T16:28:30.662882,POST,/api/articles/bulk/,967.74,34,0,
2026-05-16T16:28:30.667319,POST,/api/articles/bulk/,824.51,34,0,
2026-05-16T16:28:30.669321,GET,/api/articles/list/large/,824.14,471824,0,
2026-05-16T16:28:30.670627,GET,/api/articles/list/large/,859.97,471824,0,
2026-05-16T16:28:30.672673,POST,/api/articles/bulk/,833.22,34,0,
2026-05-16T16:28:30.678905,GET,/api/articles/list/small/,935.36,23002,0,
2026-05-16T16:28:30.680423,POST,/api/articles/bulk/,806.3,34,0,
2026-05-16T16:28:30.697413,POST,/api/articles/analyze/,821.83,58,0,
2026-05-16T16:28:30.699298,GET,/api/articles/list/small/,824.39,23002,0,
2026-05-16T16:28:30.718682,GET,/api/articles/list/small/,803.68,23002,0,
2026-05-16T16:28:30.720485,GET,/api/articles/list/small/,805.19,23002,0,
2026-05-16T16:28:30.721411,GET,/api/articles/list/small/,776.05,23002,0,
2026-05-16T16:28:30.722635,POST,/api/articles/analyze/,796.21,58,0,
2026-05-16T16:28:30.723702,POST,/api/articles/analyze/,809.23,58,0,
2026-05-16T16:28:30.808006,GET,/api/articles/list/small/,828.08,23002,0,
2026-05-16T16:28:30.810444,POST,/api/articles/analyze/,831.07,58,0,
2026-05-16T16:28:30.812950,GET,/api/articles/list/large/,836.46,471824,0,
2026-05-16T16:28:30.856619,POST,/api/articles/bulk/,817.62,34,0,
2026-05-16T16:28:30.860251,GET,/api/articles/list/large/,852.44,471824,0,
2026-05-16T16:28:30.861155,GET,/api/articles/list/small/,855.09,23002,0,
2026-05-16T16:28:30.862116,GET,/api/articles/list/large/,867.81,471824,0,
2026-05-16T16:28:30.932714,GET,/api/articles/list/large/,946.82,471824,0,
2026-05-16T16:28:30.941948,GET,/api/articles/list/small/,912.67,23002,0,
2026-05-16T16:28:30.975409,GET,/api/articles/list/large/,851.0,471824,0,
2026-05-16T16:28:30.977042,POST,/api/articles/analyze/,832.6,58,0,
2026-05-16T16:28:31.116801,POST,/api/articles/bulk/,923.33,34,0,
2026-05-16T16:28:31.170447,GET,/api/articles/list/small/,948.52,23002,0,
2026-05-16T16:28:31.171076,GET,/api/articles/list/small/,957.01,23002,0,
2026-05-16T16:28:31.216515,POST,/api/articles/bulk/,912.21,34,0,
2026-05-16T16:28:31.218964,POST,/api/articles/analyze/,948.21,58,0,
2026-05-16T16:28:31.220266,GET,/api/articles/list/small/,1003.42,23002,0,
2026-05-16T16:28:31.265303,POST,/api/articles/analyze/,1022.48,58,0,
2026-05-16T16:28:31.276805,POST,/api/articles/analyze/,918.18,58,0,
2026-05-16T16:28:31.278713,POST,/api/articles/bulk/,1022.11,34,0,
2026-05-16T16:28:31.282663,POST,/api/articles/analyze/,987.29,58,0,
2026-05-16T16:28:31.283867,GET,/api/articles/list/large/,1042.9,471824,0,
2026-05-16T16:28:31.287090,GET,/api/articles/list/large/,980.48,471824,0,
2026-05-16T16:28:31.306233,GET,/api/articles/list/large/,996.94,471824,0,
2026-05-16T16:28:31.308930,GET,/api/articles/list/large/,909.61,471824,0,
2026-05-16T16:28:31.311408,GET,/api/articles/list/large/,925.9,471824,0,
2026-05-16T16:28:31.313880,GET,/api/articles/list/small/,1001.99,23002,0,
2026-05-16T16:28:31.333075,GET,/api/articles/list/large/,923.43,471824,0,
2026-05-16T16:28:31.346414,GET,/api/articles/list/large/,945.35,471824,0,
2026-05-16T16:28:31.350325,POST,/api/articles/analyze/,930.88,58,0,
2026-05-16T16:28:31.357157,GET,/api/articles/list/small/,948.01,23002,0,
2026-05-16T16:28:31.364446,POST,/api/articles/analyze/,954.25,58,0,
2026-05-16T16:28:31.369058,POST,/api/articles/bulk/,949.13,34,0,
2026-05-16T16:28:31.380067,POST,/api/articles/bulk/,940.07,34,0,
2026-05-16T16:28:31.392996,POST,/api/articles/bulk/,943.58,34,0,
2026-05-16T16:28:31.394826,GET,/api/articles/list/large/,922.49,471824,0,
2026-05-16T16:28:31.397137,POST,/api/articles/analyze/,939.56,58,0,
2026-05-16T16:28:31.398072,GET,/api/articles/list/small/,967.87,23002,0,
2026-05-16T16:28:31.414522,POST,/api/articles/bulk/,850.49,34,0,
2026-05-16T16:28:31.426223,GET,/api/articles/list/small/,855.2,23002,0,
2026-05-16T16:28:31.436312,GET,/api/articles/list/small/,908.92,23002,0,
2026-05-16T16:28:31.437265,GET,/api/articles/list/small/,874.98,23002,0,
2026-05-16T16:28:31.438068,GET,/api/articles/list/large/,883.58,471824,0,
2026-05-16T16:28:31.493268,GET,/api/articles/list/large/,965.39,471824,0,
2026-05-16T16:28:31.493816,POST,/api/articles/analyze/,894.15,58,0,
2026-05-16T16:28:31.531757,POST,/api/articles/bulk/,906.14,34,0,
2026-05-16T16:28:31.537776,GET,/api/articles/list/small/,918.61,23002,0,
2026-05-16T16:28:31.543124,GET,/api/articles/list/large/,919.21,471824,0,
2026-05-16T16:28:31.590342,GET,/api/articles/list/small/,989.87,23002,0,
2026-05-16T16:28:31.858893,GET,/api/articles/list/small/,1152.36,23002,0,
2026-05-16T16:28:31.917560,POST,/api/articles/bulk/,1166.88,34,0,
2026-05-16T16:28:31.920222,GET,/api/articles/list/small/,1115.09,23002,0,
2026-05-16T16:28:31.921659,GET,/api/articles/list/small/,1117.89,23002,0,
2026-05-16T16:28:31.923067,GET,/api/articles/list/small/,1189.11,23002,0,
2026-05-16T16:28:31.935549,GET,/api/articles/list/small/,1194.75,23002,0,
2026-05-16T16:28:31.944072,GET,/api/articles/list/small/,1139.78,23002,0,
2026-05-16T16:28:31.946512,POST,/api/articles/bulk/,1139.45,34,0,
2026-05-16T16:28:31.947951,POST,/api/articles/analyze/,1136.32,58,0,
2026-05-16T16:28:31.966593,POST,/api/articles/bulk/,1093.26,34,0,
2026-05-16T16:28:31.968519,POST,/api/articles/bulk/,1129.11,34,0,
2026-05-16T16:28:31.969171,POST,/api/articles/analyze/,1044.42,58,0,
2026-05-16T16:28:31.969636,POST,/api/articles/bulk/,1067.26,34,0,
2026-05-16T16:28:31.970136,POST,/api/articles/analyze/,1085.65,58,0,
2026-05-16T16:28:31.977713,POST,/api/articles/analyze/,1147.2,58,0,
2026-05-16T16:28:31.983868,GET,/api/articles/list/small/,1053.13,23002,0,
2026-05-16T16:28:31.994845,POST,/api/articles/bulk/,1012.61,34,0,
2026-05-16T16:28:31.995820,GET,/api/articles/list/large/,991.86,471824,0,
2026-05-16T16:28:31.996783,POST,/api/articles/analyze/,1013.51,58,0,
2026-05-16T16:28:31.997860,GET,/api/articles/list/large/,960.01,471824,0,
2026-05-16T16:28:32.081592,GET,/api/articles/list/small/,1046.42,23002,0,
2026-05-16T16:28:32.100665,GET,/api/articles/list/large/,1054.42,471824,0,
2026-05-16T16:28:32.134939,GET,/api/articles/list/small/,1048.1,23002,0,
2026-05-16T16:28:32.138929,POST,/api/articles/analyze/,1048.19,58,0,
2026-05-16T16:28:32.145057,GET,/api/articles/list/large/,1051.61,471824,0,
2026-05-16T16:28:32.146152,POST,/api/articles/bulk/,1045.73,34,0,
2026-05-16T16:28:32.149559,GET,/api/articles/list/small/,1071.5,23002,0,
2026-05-16T16:28:32.150905,GET,/api/articles/list/small/,1065.93,23002,0,
2026-05-16T16:28:32.154490,GET,/api/articles/list/large/,1068.75,471824,0,
2026-05-16T16:28:32.175128,GET,/api/articles/list/small/,1075.12,23002,0,
2026-05-16T16:28:32.216436,POST,/api/articles/bulk/,1106.73,34,0,
2026-05-16T16:28:32.219110,GET,/api/articles/list/large/,1063.07,471824,0,
2026-05-16T16:28:32.219916,POST,/api/articles/analyze/,1111.27,58,0,
2026-05-16T16:28:32.221222,GET,/api/articles/list/large/,1060.4,471824,0,
2026-05-16T16:28:32.228501,POST,/api/articles/analyze/,1091.23,58,0,
2026-05-16T16:28:32.231472,POST,/api/articles/analyze/,1077.3,58,0,
2026-05-16T16:28:32.245568,GET,/api/articles/list/large/,989.62,471824,0,
2026-05-16T16:28:32.247132,GET,/api/articles/list/small/,1035.96,23002,0,
2026-05-16T16:28:32.248869,GET,/api/articles/list/large/,991.13,471824,0,
2026-05-16T16:28:32.250547,GET,/api/articles/list/large/,1035.04,471824,0,
2026-05-16T16:28:32.295733,POST,/api/articles/bulk/,1070.12,34,0,
2026-05-16T16:28:32.328262,POST,/api/articles/analyze/,1141.01,58,0,
2026-05-16T16:28:32.329447,POST,/api/articles/bulk/,1084.41,34,0,
2026-05-16T16:28:32.330008,GET,/api/articles/list/small/,1109.61,23002,0,
2026-05-16T16:28:32.331333,POST,/api/articles/analyze/,1085.03,58,0,
2026-05-16T16:28:32.365409,POST,/api/articles/analyze/,1153.5,58,0,
2026-05-16T16:28:32.398733,POST,/api/articles/bulk/,1113.2,34,0,
2026-05-16T16:28:32.524453,POST,/api/articles/analyze/,1227.79,58,0,
2026-05-16T16:28:32.531340,POST,/api/articles/analyze/,1228.73,58,0,
2026-05-16T16:28:32.558639,GET,/api/articles/list/small/,1218.8,23002,0,
2026-05-16T16:28:32.569359,GET,/api/articles/list/large/,1207.94,471824,0,
2026-05-16T16:28:32.718510,POST,/api/articles/analyze/,1379.18,58,0,
2026-05-16T16:28:32.732005,GET,/api/articles/list/large/,1384.76,471824,0,
2026-05-16T16:28:32.733656,POST,/api/articles/bulk/,1384.29,34,0,
2026-05-16T16:28:32.736357,GET,/api/articles/list/small/,1349.02,23002,0,
2026-05-16T16:28:32.744792,POST,/api/articles/bulk/,1381.0,34,0,
2026-05-16T16:28:32.845344,POST,/api/articles/analyze/,1446.08,58,0,
2026-05-16T16:28:32.850786,GET,/api/articles/list/small/,1451.1,23002,0,
2026-05-16T16:28:32.859703,GET,/api/articles/list/large/,1456.2,471824,0,
2026-05-16T16:28:32.863885,GET,/api/articles/list/large/,1448.94,471824,0,
2026-05-16T16:28:32.865135,POST,/api/articles/bulk/,1448.58,34,0,
2026-05-16T16:28:32.865845,POST,/api/articles/bulk/,1452.04,34,0,
2026-05-16T16:28:32.870081,POST,/api/articles/analyze/,1463.79,58,0,
2026-05-16T16:28:32.873749,POST,/api/articles/bulk/,1450.17,34,0,
2026-05-16T16:28:32.877430,POST,/api/articles/bulk/,1437.16,34,0,
2026-05-16T16:28:32.922030,POST,/api/articles/bulk/,1451.76,34,0,
2026-05-16T16:28:32.922705,POST,/api/articles/analyze/,1475.23,58,0,
2026-05-16T16:28:32.923051,POST,/api/articles/analyze/,1460.71,58,0,
2026-05-16T16:28:32.927108,GET,/api/articles/list/large/,1414.65,471824,0,
2026-05-16T16:28:32.928574,GET,/api/articles/list/large/,1430.57,471824,0,
2026-05-16T16:28:32.966686,POST,/api/articles/analyze/,1425.08,58,0,
2026-05-16T16:28:32.969159,GET,/api/articles/list/large/,1464.44,471824,0,
2026-05-16T16:28:32.998609,POST,/api/articles/bulk/,1328.42,34,0,
2026-05-16T16:28:32.999355,POST,/api/articles/bulk/,1424.03,34,0,
2026-05-16T16:28:33.040176,POST,/api/articles/bulk/,1457.61,34,0,
2026-05-16T16:28:33.045743,GET,/api/articles/list/large/,1368.51,471824,0,
2026-05-16T16:28:33.051363,GET,/api/articles/list/small/,1387.84,23002,0,
2026-05-16T16:28:33.055031,GET,/api/articles/list/large/,1402.37,471824,0,
2026-05-16T16:28:33.063498,POST,/api/articles/analyze/,1403.91,58,0,
2026-05-16T16:28:33.073292,POST,/api/articles/bulk/,1381.54,34,0,
2026-05-16T16:28:33.074312,POST,/api/articles/analyze/,1297.42,58,0,
2026-05-16T16:28:33.082324,POST,/api/articles/analyze/,1347.93,58,0,
2026-05-16T16:28:33.082961,POST,/api/articles/analyze/,1339.81,58,0,
2026-05-16T16:28:33.089100,POST,/api/articles/bulk/,1379.23,34,0,
2026-05-16T16:28:33.098888,GET,/api/articles/list/large/,1409.87,471824,0,
2026-05-16T16:28:33.110668,POST,/api/articles/analyze/,1385.97,58,0,
2026-05-16T16:28:33.111414,POST,/api/articles/bulk/,1391.01,34,0,
2026-05-16T16:28:33.117754,POST,/api/articles/bulk/,1298.88,34,0,
2026-05-16T16:28:33.184064,GET,/api/articles/list/small/,1349.94,23002,0,
2026-05-16T16:28:33.232020,POST,/api/articles/analyze/,1363.86,58,0,
2026-05-16T16:28:33.253400,POST,/api/articles/analyze/,1329.05,58,0,
2026-05-16T16:28:33.258567,POST,/api/articles/bulk/,1323.74,34,0,
2026-05-16T16:28:33.259458,POST,/api/articles/analyze/,1346.37,58,0,
2026-05-16T16:28:33.262286,GET,/api/articles/list/small/,1321.53,23002,0,
2026-05-16T16:28:33.353064,GET,/api/articles/list/large/,1438.0,471824,0,
2026-05-16T16:28:33.386157,POST,/api/articles/analyze/,1448.09,58,0,
2026-05-16T16:28:33.420015,GET,/api/articles/list/small/,1478.81,23002,0,
2026-05-16T16:28:33.423135,GET,/api/articles/list/large/,1479.91,471824,0,
2026-05-16T16:28:33.446782,POST,/api/articles/analyze/,1466.86,58,0,
2026-05-16T16:28:33.455860,POST,/api/articles/analyze/,1479.46,58,0,
2026-05-16T16:28:33.596851,POST,/api/articles/bulk/,1551.91,34,0,
2026-05-16T16:28:33.597747,GET,/api/articles/list/large/,1607.69,471824,0,
2026-05-16T16:28:33.598620,GET,/api/articles/list/large/,1590.6,471824,0,
2026-05-16T16:28:33.598970,POST,/api/articles/analyze/,1532.84,58,0,
2026-05-16T16:28:33.600531,POST,/api/articles/bulk/,1527.56,34,0,
2026-05-16T16:28:33.603268,POST,/api/articles/analyze/,1575.31,58,0,
2026-05-16T16:28:33.661950,POST,/api/articles/bulk/,1516.76,34,0,
2026-05-16T16:28:33.662695,POST,/api/articles/bulk/,1521.51,34,0,
2026-05-16T16:28:33.663505,GET,/api/articles/list/large/,1565.59,471824,0,
2026-05-16T16:28:33.664451,GET,/api/articles/list/small/,1522.29,23002,0,
2026-05-16T16:28:33.665222,POST,/api/articles/bulk/,1509.47,34,0,
2026-05-16T16:28:33.723199,POST,/api/articles/analyze/,1605.27,58,0,
2026-05-16T16:28:33.739234,POST,/api/articles/bulk/,1574.37,34,0,
2026-05-16T16:28:33.763331,POST,/api/articles/analyze/,1456.35,58,0,
2026-05-16T16:28:33.764365,GET,/api/articles/list/large/,1414.59,471824,0,
2026-05-16T16:28:33.765096,GET,/api/articles/list/small/,1450.29,23002,0,
2026-05-16T16:28:33.765596,GET,/api/articles/list/small/,1503.72,23002,0,
2026-05-16T16:28:33.767647,POST,/api/articles/bulk/,1511.12,34,0,
2026-05-16T16:28:33.768850,POST,/api/articles/analyze/,1516.1,58,0,
2026-05-16T16:28:33.770850,GET,/api/articles/list/large/,1426.71,471824,0,
2026-05-16T16:28:33.810850,GET,/api/articles/list/large/,1474.35,471824,0,
2026-05-16T16:28:33.813068,POST,/api/articles/bulk/,1529.83,34,0,
2026-05-16T16:28:33.815510,POST,/api/articles/bulk/,1480.04,34,0,
2026-05-16T16:28:33.818960,POST,/api/articles/analyze/,1549.54,58,0,
2026-05-16T16:28:33.832175,GET,/api/articles/list/large/,1411.0,471824,0,
2026-05-16T16:28:33.832794,GET,/api/articles/list/small/,1455.1,23002,0,
2026-05-16T16:28:33.833463,POST,/api/articles/bulk/,1370.39,34,0,
2026-05-16T16:28:33.846326,GET,/api/articles/list/small/,1447.44,23002,0,
2026-05-16T16:28:33.853895,GET,/api/articles/list/small/,1433.23,23002,0,
2026-05-16T16:28:33.855135,GET,/api/articles/list/large/,1470.94,471824,0,
2026-05-16T16:28:33.903563,GET,/api/articles/list/large/,1359.92,471824,0,
2026-05-16T16:28:33.906419,GET,/api/articles/list/small/,1408.1,23002,0,
2026-05-16T16:28:33.910991,GET,/api/articles/list/small/,1382.58,23002,0,
2026-05-16T16:28:33.913100,GET,/api/articles/list/large/,1387.4,471824,0,
2026-05-16T16:28:33.941259,GET,/api/articles/list/large/,1251.57,471824,0,
2026-05-16T16:28:33.942193,POST,/api/articles/bulk/,1268.81,34,0,
2026-05-16T16:28:33.942524,POST,/api/articles/analyze/,1354.01,58,0,
2026-05-16T16:28:33.943507,GET,/api/articles/list/large/,1374.01,471824,0,
2026-05-16T16:28:33.943912,GET,/api/articles/list/small/,1309.94,23002,0,
2026-05-16T16:28:33.945198,GET,/api/articles/list/small/,1310.7,23002,0,
2026-05-16T16:28:33.946475,POST,/api/articles/analyze/,1308.09,58,0,
2026-05-16T16:28:33.948747,GET,/api/articles/list/small/,1245.15,23002,0,
2026-05-16T16:28:33.986219,GET,/api/articles/list/small/,1332.81,23002,0,
2026-05-16T16:28:33.988557,POST,/api/articles/bulk/,1412.34,34,0,
2026-05-16T16:28:33.989398,POST,/api/articles/bulk/,1285.31,34,0,
2026-05-16T16:28:33.994969,POST,/api/articles/bulk/,1395.42,34,0,
2026-05-16T16:28:34.002565,GET,/api/articles/list/large/,1419.94,471824,0,
2026-05-16T16:28:34.017522,POST,/api/articles/analyze/,1275.18,58,0,
2026-05-16T16:28:34.055941,GET,/api/articles/list/large/,1294.89,471824,0,
2026-05-16T16:28:34.058367,POST,/api/articles/analyze/,1320.79,58,0,
2026-05-16T16:28:34.109870,GET,/api/articles/list/small/,1327.91,23002,0,
2026-05-16T16:28:34.112057,POST,/api/articles/bulk/,1260.08,34,0,
2026-05-16T16:28:34.145858,GET,/api/articles/list/large/,1308.08,471824,0,
2026-05-16T16:28:34.148104,POST,/api/articles/analyze/,1327.09,58,0,
2026-05-16T16:28:34.150723,POST,/api/articles/bulk/,1333.05,34,0,
2026-05-16T16:28:34.155989,GET,/api/articles/list/small/,1377.07,23002,0,
2026-05-16T16:28:34.369524,POST,/api/articles/bulk/,1467.84,34,0,
2026-05-16T16:28:34.376510,GET,/api/articles/list/large/,1456.58,471824,0,
2026-05-16T16:28:34.432525,POST,/api/articles/analyze/,1375.23,58,0,
2026-05-16T16:28:34.433811,POST,/api/articles/bulk/,1413.15,34,0,
2026-05-16T16:28:34.435715,POST,/api/articles/analyze/,1370.0,58,0,
2026-05-16T16:28:34.436853,POST,/api/articles/bulk/,1411.13,34,0,
2026-05-16T16:28:34.437880,POST,/api/articles/analyze/,1436.29,58,0,
2026-05-16T16:28:34.438400,GET,/api/articles/list/small/,1432.1,23002,0,
2026-05-16T16:28:34.445525,GET,/api/articles/list/large/,1404.09,471824,0,
2026-05-16T16:28:34.463925,POST,/api/articles/analyze/,1466.48,58,0,
2026-05-16T16:28:34.470436,POST,/api/articles/analyze/,1461.41,58,0,
2026-05-16T16:28:34.470998,GET,/api/articles/list/small/,1260.63,23002,0,
2026-05-16T16:28:34.481190,GET,/api/articles/list/small/,1399.66,23002,0,
2026-05-16T16:28:34.494764,POST,/api/articles/bulk/,1406.42,34,0,
2026-05-16T16:28:34.501495,POST,/api/articles/analyze/,1381.5,58,0,
2026-05-16T16:28:34.502008,GET,/api/articles/list/small/,1375.06,23002,0,
2026-05-16T16:28:34.506069,POST,/api/articles/bulk/,1260.98,34,0,
2026-05-16T16:28:34.507041,GET,/api/articles/list/small/,1377.38,23002,0,
2026-05-16T16:28:34.508454,GET,/api/articles/list/large/,1313.16,471824,0,
2026-05-16T16:28:34.511531,GET,/api/articles/list/small/,1276.25,23002,0,
2026-05-16T16:28:34.597691,GET,/api/articles/list/large/,1262.6,471824,0,
2026-05-16T16:28:34.648143,POST,/api/articles/analyze/,1384.65,58,0,
2026-05-16T16:28:34.655145,GET,/api/articles/list/large/,1378.83,471824,0,
2026-05-16T16:28:34.660144,GET,/api/articles/list/large/,1303.84,471824,0,
2026-05-16T16:28:34.693017,GET,/api/articles/list/small/,1168.62,23002,0,
2026-05-16T16:28:34.693824,POST,/api/articles/bulk/,1243.77,34,0,
2026-05-16T16:28:34.694193,GET,/api/articles/list/small/,1210.62,23002,0,
2026-05-16T16:28:34.695444,GET,/api/articles/list/large/,1315.41,471824,0,
2026-05-16T16:28:34.695837,POST,/api/articles/bulk/,1138.66,34,0,
2026-05-16T16:28:34.696184,POST,/api/articles/bulk/,1252.84,34,0,
2026-05-16T16:28:34.704073,GET,/api/articles/list/large/,1120.18,471824,0,
2026-05-16T16:28:34.709387,POST,/api/articles/analyze/,1194.87,58,0,
2026-05-16T16:28:34.813956,GET,/api/articles/list/large/,1241.58,471824,0,
2026-05-16T16:28:34.814867,POST,/api/articles/analyze/,1233.71,58,0,
2026-05-16T16:28:34.819299,POST,/api/articles/analyze/,1444.17,58,0,
2026-05-16T16:28:34.829662,GET,/api/articles/list/large/,1336.07,471824,0,
2026-05-16T16:28:34.830754,GET,/api/articles/list/large/,1283.39,471824,0,
2026-05-16T16:28:34.831671,GET,/api/articles/list/small/,1221.18,23002,0,
2026-05-16T16:28:34.837544,POST,/api/articles/analyze/,1344.66,58,0,
2026-05-16T16:28:34.872217,GET,/api/articles/list/large/,1222.08,471824,0,
2026-05-16T16:28:34.873106,GET,/api/articles/list/small/,1218.1,23002,0,
2026-05-16T16:28:34.875667,POST,/api/articles/bulk/,1264.75,34,0,
2026-05-16T16:28:34.971280,POST,/api/articles/bulk/,1310.6,34,0,
2026-05-16T16:28:34.993310,GET,/api/articles/list/small/,1241.81,23002,0,
2026-05-16T16:28:34.996792,POST,/api/articles/bulk/,1300.37,34,0,
2026-05-16T16:28:35.058859,POST,/api/articles/analyze/,1271.45,58,0,
2026-05-16T16:28:35.059463,POST,/api/articles/analyze/,1275.93,58,0,
2026-05-16T16:28:35.093082,POST,/api/articles/analyze/,1290.4,58,0,
2026-05-16T16:28:35.093660,POST,/api/articles/analyze/,1310.59,58,0,
2026-05-16T16:28:35.094041,GET,/api/articles/list/small/,1331.63,23002,0,
2026-05-16T16:28:35.095989,GET,/api/articles/list/large/,1294.12,471824,0,
2026-05-16T16:28:35.099524,GET,/api/articles/list/large/,1287.45,471824,0,
2026-05-16T16:28:35.117213,GET,/api/articles/list/small/,1231.03,23002,0,
2026-05-16T16:28:35.118039,POST,/api/articles/bulk/,1316.94,34,0,
2026-05-16T16:28:35.119178,POST,/api/articles/bulk/,1235.14,34,0,
2026-05-16T16:28:35.124361,GET,/api/articles/list/large/,1249.09,471824,0,
2026-05-16T16:28:35.126966,POST,/api/articles/analyze/,1262.63,58,0,
2026-05-16T16:28:35.140455,POST,/api/articles/analyze/,1243.63,58,0,
2026-05-16T16:28:35.141005,POST,/api/articles/bulk/,1226.67,34,0,
2026-05-16T16:28:35.142066,POST,/api/articles/analyze/,1236.47,58,0,
2026-05-16T16:28:35.144590,POST,/api/articles/bulk/,1225.06,34,0,
2026-05-16T16:28:35.182986,POST,/api/articles/bulk/,1251.15,34,0,
2026-05-16T16:28:35.193348,GET,/api/articles/list/small/,1220.22,23002,0,
2026-05-16T16:28:35.194107,POST,/api/articles/bulk/,1249.84,34,0,
2026-05-16T16:28:35.194750,POST,/api/articles/analyze/,1253.34,58,0,
2026-05-16T16:28:35.196939,GET,/api/articles/list/large/,1221.15,471824,0,
2026-05-16T16:28:35.203683,GET,/api/articles/list/small/,1231.05,23002,0,
2026-05-16T16:28:35.205010,GET,/api/articles/list/large/,1249.08,471824,0,
2026-05-16T16:28:35.246472,GET,/api/articles/list/large/,1247.27,471824,0,
2026-05-16T16:28:35.251432,POST,/api/articles/bulk/,1215.87,34,0,
2026-05-16T16:28:35.252936,GET,/api/articles/list/large/,1204.53,471824,0,
2026-05-16T16:28:35.253557,POST,/api/articles/analyze/,1213.97,58,0,
2026-05-16T16:28:35.255732,POST,/api/articles/analyze/,1206.57,58,0,
2026-05-16T16:28:35.267874,POST,/api/articles/analyze/,1110.66,58,0,
2026-05-16T16:28:35.270973,GET,/api/articles/list/large/,1205.39,471824,0,
2026-05-16T16:28:35.277264,GET,/api/articles/list/small/,1257.49,23002,0,
2026-05-16T16:28:35.277652,POST,/api/articles/analyze/,1191.21,58,0,
2026-05-16T16:28:35.277973,POST,/api/articles/bulk/,1161.74,34,0,
2026-05-16T16:28:35.287417,GET,/api/articles/list/large/,1157.95,471824,0,
2026-05-16T16:28:35.295081,GET,/api/articles/list/small/,1157.82,23002,0,
2026-05-16T16:28:35.313181,POST,/api/articles/analyze/,1072.99,58,0,
2026-05-16T16:28:35.314375,POST,/api/articles/analyze/,1138.35,58,0,
2026-05-16T16:28:35.314733,POST,/api/articles/bulk/,1131.84,34,0,
2026-05-16T16:28:35.315431,POST,/api/articles/bulk/,1036.87,34,0,
2026-05-16T16:28:35.350307,POST,/api/articles/bulk/,1113.32,34,0,
2026-05-16T16:28:35.399607,GET,/api/articles/list/large/,1152.68,471824,0,
2026-05-16T16:28:35.407365,GET,/api/articles/list/large/,1088.54,471824,0,
2026-05-16T16:28:36.187492,POST,/api/articles/analyze/,1111.98,58,0,
2026-05-16T16:28:36.199832,POST,/api/articles/analyze/,1076.45,58,0,
2026-05-16T16:28:36.250063,GET,/api/articles/list/small/,1056.71,23002,0,
2026-05-16T16:28:36.250986,POST,/api/articles/bulk/,1128.66,34,0,
2026-05-16T16:28:36.251629,POST,/api/articles/analyze/,1140.2,58,0,
2026-05-16T16:28:36.285114,GET,/api/articles/list/large/,1068.31,471824,0,
2026-05-16T16:28:36.298909,POST,/api/articles/analyze/,981.6,58,0,
2026-05-16T16:28:36.311788,GET,/api/articles/list/large/,1014.33,471824,0,
2026-05-16T16:28:36.322249,POST,/api/articles/analyze/,934.46,58,0,
2026-05-16T16:28:36.322622,POST,/api/articles/bulk/,951.04,34,0,
2026-05-16T16:28:36.350901,POST,/api/articles/bulk/,919.93,34,0,
2026-05-16T16:28:36.399655,GET,/api/articles/list/small/,1003.68,23002,0,
2026-05-16T16:28:36.435688,POST,/api/articles/bulk/,1016.89,34,0,
2026-05-16T16:28:36.438667,GET,/api/articles/list/small/,907.01,23002,0,
2026-05-16T16:28:36.440229,GET,/api/articles/list/large/,879.55,471824,0,
2026-05-16T16:28:36.441644,POST,/api/articles/bulk/,945.17,34,0,
2026-05-16T16:28:36.443314,GET,/api/articles/list/small/,1033.27,23002,0,
2026-05-16T16:28:36.450229,POST,/api/articles/bulk/,994.96,34,0,
2026-05-16T16:28:36.463348,GET,/api/articles/list/large/,923.98,471824,0,
2026-05-16T16:28:36.463499,POST,/api/articles/analyze/,1025.77,58,0,
2026-05-16T16:28:36.467140,POST,/api/articles/analyze/,942.42,58,0,
2026-05-16T16:28:36.479462,GET,/api/articles/list/large/,854.3,471824,0,
2026-05-16T16:28:36.485086,GET,/api/articles/list/large/,861.64,471824,0,
2026-05-16T16:28:36.491405,POST,/api/articles/analyze/,874.45,58,0,
2026-05-16T16:28:36.493147,GET,/api/articles/list/small/,836.29,23002,0,
2026-05-16T16:28:36.493909,POST,/api/articles/bulk/,881.56,34,0,
2026-05-16T16:28:36.530278,GET,/api/articles/list/small/,914.66,23002,0,
2026-05-16T16:28:36.600838,POST,/api/articles/analyze/,896.27,58,0,
2026-05-16T16:28:36.606664,POST,/api/articles/analyze/,908.59,58,0,
2026-05-16T16:28:36.607759,GET,/api/articles/list/small/,905.8,23002,0,
2026-05-16T16:28:36.620974,POST,/api/articles/bulk/,951.22,34,0,
2026-05-16T16:28:36.635667,POST,/api/articles/bulk/,844.23,34,0,
2026-05-16T16:28:36.638732,GET,/api/articles/list/small/,861.19,23002,0,
2026-05-16T16:28:36.642147,POST,/api/articles/analyze/,884.56,58,0,
2026-05-16T16:28:36.683485,POST,/api/articles/bulk/,829.16,34,0,
2026-05-16T16:28:36.686964,POST,/api/articles/bulk/,816.74,34,0,
2026-05-16T16:28:36.699250,GET,/api/articles/list/small/,809.69,23002,0,
2026-05-16T16:28:36.699621,POST,/api/articles/analyze/,777.27,58,0,
2026-05-16T16:28:36.699947,POST,/api/articles/analyze/,818.0,58,0,
2026-05-16T16:28:36.702717,GET,/api/articles/list/large/,794.46,471824,0,
2026-05-16T16:28:36.736557,GET,/api/articles/list/small/,822.32,23002,0,
2026-05-16T16:28:36.737632,GET,/api/articles/list/large/,848.87,471824,0,
2026-05-16T16:28:36.738830,GET,/api/articles/list/small/,816.89,23002,0,
2026-05-16T16:28:36.739432,POST,/api/articles/bulk/,855.6,34,0,
2026-05-16T16:28:36.739987,POST,/api/articles/bulk/,824.1,34,0,
2026-05-16T16:28:36.746650,POST,/api/articles/bulk/,780.78,34,0,
2026-05-16T16:28:36.759195,GET,/api/articles/list/small/,788.22,23002,0,
2026-05-16T16:28:36.761579,POST,/api/articles/bulk/,815.79,34,0,
2026-05-16T16:28:36.830671,GET,/api/articles/list/large/,798.52,471824,0,
2026-05-16T16:28:36.869650,GET,/api/articles/list/large/,841.91,471824,0,
2026-05-16T16:28:36.905252,GET,/api/articles/list/large/,868.43,471824,0,
2026-05-16T16:28:36.916501,GET,/api/articles/list/small/,857.07,23002,0,
2026-05-16T16:28:36.917318,POST,/api/articles/bulk/,800.01,34,0,
2026-05-16T16:28:36.917731,POST,/api/articles/bulk/,819.57,34,0,
2026-05-16T16:28:36.918686,POST,/api/articles/bulk/,789.21,34,0,
2026-05-16T16:28:36.928515,POST,/api/articles/bulk/,858.22,34,0,
2026-05-16T16:28:36.941553,GET,/api/articles/list/small/,798.85,23002,0,
2026-05-16T16:28:36.959511,POST,/api/articles/bulk/,783.73,34,0,
2026-05-16T16:28:36.962202,POST,/api/articles/analyze/,810.09,58,0,
2026-05-16T16:28:36.967804,GET,/api/articles/list/small/,809.87,23002,0,
2026-05-16T16:28:36.977779,POST,/api/articles/bulk/,760.04,34,0,
2026-05-16T16:28:36.984963,GET,/api/articles/list/small/,727.1,23002,0,
2026-05-16T16:28:37.076149,GET,/api/articles/list/small/,796.91,23002,0,
2026-05-16T16:28:37.115384,GET,/api/articles/list/large/,836.6,471824,0,
2026-05-16T16:28:37.150718,POST,/api/articles/bulk/,857.38,34,0,
2026-05-16T16:28:37.194272,GET,/api/articles/list/large/,863.66,471824,0,
2026-05-16T16:28:37.199151,GET,/api/articles/list/small/,873.28,23002,0,
2026-05-16T16:28:37.213591,GET,/api/articles/list/small/,857.48,23002,0,
2026-05-16T16:28:37.216252,GET,/api/articles/list/large/,801.68,471824,0,
2026-05-16T16:28:37.217294,GET,/api/articles/list/small/,816.45,23002,0,
2026-05-16T16:28:37.225618,GET,/api/articles/list/large/,828.79,471824,0,
2026-05-16T16:28:37.238749,GET,/api/articles/list/small/,796.44,23002,0,
2026-05-16T16:28:37.270989,GET,/api/articles/list/small/,811.31,23002,0,
2026-05-16T16:28:37.310987,POST,/api/articles/bulk/,847.1,34,0,
2026-05-16T16:28:37.314791,POST,/api/articles/bulk/,853.04,34,0,
2026-05-16T16:28:37.368385,POST,/api/articles/bulk/,910.86,34,0,
2026-05-16T16:28:37.385584,POST,/api/articles/analyze/,798.76,58,0,
2026-05-16T16:28:37.386535,GET,/api/articles/list/large/,859.61,471824,0,
2026-05-16T16:28:37.387027,POST,/api/articles/bulk/,866.94,34,0,
2026-05-16T16:28:37.392220,GET,/api/articles/list/small/,824.74,23002,0,
2026-05-16T16:28:37.401087,GET,/api/articles/list/small/,854.49,23002,0,
2026-05-16T16:28:37.403820,POST,/api/articles/analyze/,805.47,58,0,
2026-05-16T16:28:37.407139,GET,/api/articles/list/large/,820.78,471824,0,
2026-05-16T16:28:37.434270,GET,/api/articles/list/large/,792.49,471824,0,
2026-05-16T16:28:37.467796,GET,/api/articles/list/small/,845.58,23002,0,
2026-05-16T16:28:37.472600,GET,/api/articles/list/large/,854.59,471824,0,
2026-05-16T16:28:37.474256,GET,/api/articles/list/small/,833.76,23002,0,
2026-05-16T16:28:37.567807,GET,/api/articles/list/small/,902.19,23002,0,
2026-05-16T16:28:37.625123,POST,/api/articles/analyze/,938.04,58,0,
2026-05-16T16:28:37.626798,POST,/api/articles/analyze/,939.3,58,0,
2026-05-16T16:28:37.638513,POST,/api/articles/analyze/,941.38,58,0,
2026-05-16T16:28:37.638910,POST,/api/articles/analyze/,911.94,58,0,
2026-05-16T16:28:37.644840,GET,/api/articles/list/small/,912.96,23002,0,
2026-05-16T16:28:37.651241,GET,/api/articles/list/small/,909.08,23002,0,
2026-05-16T16:28:37.729950,GET,/api/articles/list/large/,962.12,471824,0,
2026-05-16T16:28:37.731957,GET,/api/articles/list/large/,966.04,471824,0,
2026-05-16T16:28:37.751869,GET,/api/articles/list/large/,976.03,471824,0,
2026-05-16T16:28:37.752698,POST,/api/articles/bulk/,969.05,34,0,
2026-05-16T16:28:37.772490,POST,/api/articles/bulk/,943.59,34,0,
2026-05-16T16:28:37.773029,POST,/api/articles/bulk/,896.3,34,0,
2026-05-16T16:28:37.773432,GET,/api/articles/list/small/,933.14,23002,0,
2026-05-16T16:28:37.779109,POST,/api/articles/analyze/,914.74,58,0,
2026-05-16T16:28:37.831292,POST,/api/articles/bulk/,941.31,34,0,
2026-05-16T16:28:37.838776,GET,/api/articles/list/large/,892.2,471824,0,
2026-05-16T16:28:37.842450,GET,/api/articles/list/small/,967.53,23002,0,
2026-05-16T16:28:37.852059,GET,/api/articles/list/large/,897.67,471824,0,
2026-05-16T16:28:37.853937,GET,/api/articles/list/small/,911.15,23002,0,
2026-05-16T16:28:37.855488,POST,/api/articles/analyze/,897.73,58,0,
2026-05-16T16:28:37.856946,GET,/api/articles/list/large/,901.72,471824,0,
2026-05-16T16:28:37.894212,GET,/api/articles/list/small/,937.24,23002,0,
2026-05-16T16:28:37.898146,POST,/api/articles/bulk/,939.73,34,0,
2026-05-16T16:28:37.914392,POST,/api/articles/analyze/,882.77,58,0,
2026-05-16T16:28:37.915946,POST,/api/articles/analyze/,852.04,58,0,
2026-05-16T16:28:37.916632,POST,/api/articles/bulk/,881.09,34,0,
2026-05-16T16:28:37.929315,POST,/api/articles/bulk/,940.0,34,0,
2026-05-16T16:28:37.939592,GET,/api/articles/list/large/,893.62,471824,0,
2026-05-16T16:28:37.940371,POST,/api/articles/bulk/,851.01,34,0,
2026-05-16T16:28:37.974124,POST,/api/articles/bulk/,870.32,34,0,
2026-05-16T16:28:37.974616,POST,/api/articles/bulk/,899.78,34,0,
2026-05-16T16:28:37.976422,POST,/api/articles/bulk/,839.82,34,0,
2026-05-16T16:28:37.977807,GET,/api/articles/list/small/,852.09,23002,0,
2026-05-16T16:28:38.023291,GET,/api/articles/list/small/,917.29,23002,0,
2026-05-16T16:28:38.024726,POST,/api/articles/bulk/,930.13,34,0,
2026-05-16T16:28:38.026548,GET,/api/articles/list/large/,879.14,471824,0,
2026-05-16T16:28:38.027039,POST,/api/articles/analyze/,915.66,58,0,
2026-05-16T16:28:38.035052,POST,/api/articles/bulk/,953.99,34,0,
2026-05-16T16:28:38.037965,POST,/api/articles/bulk/,879.95,34,0,
2026-05-16T16:28:38.064355,GET,/api/articles/list/small/,872.0,23002,0,
2026-05-16T16:28:38.132348,GET,/api/articles/list/small/,833.34,23002,0,
2026-05-16T16:28:38.132952,POST,/api/articles/analyze/,858.21,58,0,
2026-05-16T16:28:38.135051,POST,/api/articles/analyze/,865.58,58,0,
2026-05-16T16:28:38.137320,GET,/api/articles/list/large/,824.14,471824,0,
2026-05-16T16:28:38.138917,POST,/api/articles/analyze/,922.49,58,0,
2026-05-16T16:28:38.139338,POST,/api/articles/analyze/,894.26,58,0,
2026-05-16T16:28:38.177986,GET,/api/articles/list/small/,915.35,23002,0,
2026-05-16T16:28:38.188427,POST,/api/articles/analyze/,937.69,58,0,
2026-05-16T16:28:38.191371,GET,/api/articles/list/small/,847.99,23002,0,
2026-05-16T16:28:38.225661,POST,/api/articles/analyze/,868.89,58,0,
2026-05-16T16:28:38.226470,POST,/api/articles/analyze/,882.62,58,0,
2026-05-16T16:28:38.270855,GET,/api/articles/list/large/,897.3,471824,0,
2026-05-16T16:28:38.271342,POST,/api/articles/analyze/,899.69,58,0,
2026-05-16T16:28:38.311766,POST,/api/articles/analyze/,901.33,58,0,
2026-05-16T16:28:38.320331,POST,/api/articles/bulk/,988.28,34,0,
2026-05-16T16:28:38.328013,POST,/api/articles/analyze/,927.79,58,0,
2026-05-16T16:28:38.329544,POST,/api/articles/analyze/,852.2,58,0,
2026-05-16T16:28:38.330825,POST,/api/articles/bulk/,906.41,34,0,
2026-05-16T16:28:38.331631,POST,/api/articles/bulk/,899.6,34,0,
2026-05-16T16:28:38.373034,POST,/api/articles/analyze/,943.08,58,0,
2026-05-16T16:28:38.374218,GET,/api/articles/list/large/,956.82,471824,0,
2026-05-16T16:28:38.375481,GET,/api/articles/list/large/,900.0,471824,0,
2026-05-16T16:28:38.444527,GET,/api/articles/list/small/,905.01,23002,0,
2026-05-16T16:28:38.447215,POST,/api/articles/analyze/,836.27,58,0,
2026-05-16T16:28:38.459165,GET,/api/articles/list/small/,868.06,23002,0,
2026-05-16T16:28:38.459820,POST,/api/articles/analyze/,841.9,58,0,
2026-05-16T16:28:38.467341,POST,/api/articles/analyze/,842.9,58,0,
2026-05-16T16:28:38.469030,GET,/api/articles/list/small/,725.63,23002,0,
2026-05-16T16:28:38.474404,GET,/api/articles/list/small/,808.87,23002,0,
2026-05-16T16:28:38.478396,GET,/api/articles/list/large/,810.04,471824,0,
2026-05-16T16:28:38.484978,GET,/api/articles/list/small/,778.58,23002,0,
2026-05-16T16:28:38.525910,POST,/api/articles/analyze/,849.53,58,0,
2026-05-16T16:28:38.538705,POST,/api/articles/analyze/,817.5,58,0,
2026-05-16T16:28:38.548210,GET,/api/articles/list/large/,810.86,471824,0,
2026-05-16T16:28:38.562874,GET,/api/articles/list/large/,814.66,471824,0,
2026-05-16T16:28:38.564529,GET,/api/articles/list/large/,808.55,471824,0,
2026-05-16T16:28:38.584363,GET,/api/articles/list/large/,798.51,471824,0,
2026-05-16T16:28:38.622974,POST,/api/articles/analyze/,837.64,58,0,
2026-05-16T16:28:38.645245,GET,/api/articles/list/large/,822.7,471824,0,
2026-05-16T16:28:38.659060,POST,/api/articles/analyze/,866.31,58,0,
2026-05-16T16:28:38.663320,GET,/api/articles/list/large/,860.57,471824,0,
2026-05-16T16:28:38.663764,POST,/api/articles/analyze/,850.17,58,0,
2026-05-16T16:28:38.682321,POST,/api/articles/bulk/,798.39,34,0,
2026-05-16T16:28:38.734726,POST,/api/articles/analyze/,865.54,58,0,
2026-05-16T16:28:38.742149,POST,/api/articles/bulk/,859.01,34,0,
2026-05-16T16:28:38.776951,POST,/api/articles/analyze/,862.41,58,0,
2026-05-16T16:28:38.806201,POST,/api/articles/analyze/,790.68,58,0,
2026-05-16T16:28:38.815173,POST,/api/articles/bulk/,850.94,34,0,
2026-05-16T16:28:38.816631,POST,/api/articles/analyze/,843.74,58,0,
2026-05-16T16:28:38.858557,GET,/api/articles/list/small/,908.07,23002,0,
2026-05-16T16:28:38.861287,POST,/api/articles/bulk/,847.2,34,0,
2026-05-16T16:28:38.862375,GET,/api/articles/list/small/,844.02,23002,0,
2026-05-16T16:28:38.863528,POST,/api/articles/analyze/,848.69,58,0,
2026-05-16T16:28:38.864083,POST,/api/articles/analyze/,922.5,58,0,
2026-05-16T16:28:38.864820,GET,/api/articles/list/large/,891.17,471824,0,
2026-05-16T16:28:38.874519,POST,/api/articles/bulk/,904.11,34,0,
2026-05-16T16:28:39.068603,POST,/api/articles/bulk/,1004.1,34,0,
2026-05-16T16:28:39.118909,GET,/api/articles/list/small/,1033.1,23002,0,
2026-05-16T16:28:39.122302,GET,/api/articles/list/large/,1019.12,471824,0,
2026-05-16T16:28:39.124400,GET,/api/articles/list/small/,1068.18,23002,0,
2026-05-16T16:28:39.143793,POST,/api/articles/bulk/,1021.58,34,0,
2026-05-16T16:28:39.184741,GET,/api/articles/list/small/,1098.42,23002,0,
2026-05-16T16:28:39.222121,POST,/api/articles/bulk/,1039.79,34,0,
2026-05-16T16:28:39.232799,GET,/api/articles/list/small/,1026.84,23002,0,
2026-05-16T16:28:39.236662,GET,/api/articles/list/large/,1041.0,471824,0,
2026-05-16T16:28:39.237533,POST,/api/articles/bulk/,998.67,34,0,
2026-05-16T16:28:39.239415,POST,/api/articles/bulk/,1037.85,34,0,
2026-05-16T16:28:39.242044,POST,/api/articles/bulk/,1008.39,34,0,
2026-05-16T16:28:39.269680,POST,/api/articles/bulk/,1011.65,34,0,
2026-05-16T16:28:39.304757,GET,/api/articles/list/large/,1009.68,471824,0,
2026-05-16T16:28:39.305238,POST,/api/articles/bulk/,1026.65,34,0,
2026-05-16T16:28:39.305681,GET,/api/articles/list/small/,1000.72,23002,0,
2026-05-16T16:28:39.306205,GET,/api/articles/list/small/,1016.03,23002,0,
2026-05-16T16:28:39.330610,GET,/api/articles/list/small/,960.34,23002,0,
2026-05-16T16:28:39.333521,GET,/api/articles/list/large/,961.35,471824,0,
2026-05-16T16:28:39.336158,POST,/api/articles/bulk/,974.23,34,0,
2026-05-16T16:28:39.351954,POST,/api/articles/analyze/,936.64,58,0,
2026-05-16T16:28:39.356772,GET,/api/articles/list/small/,929.23,23002,0,
2026-05-16T16:28:39.357333,POST,/api/articles/bulk/,955.29,34,0,
2026-05-16T16:28:39.357842,GET,/api/articles/list/small/,983.48,23002,0,
2026-05-16T16:28:39.369035,POST,/api/articles/analyze/,938.59,58,0,
2026-05-16T16:28:39.395107,POST,/api/articles/analyze/,944.53,58,0,
2026-05-16T16:28:39.396947,GET,/api/articles/list/large/,954.62,471824,0,
2026-05-16T16:28:39.407247,GET,/api/articles/list/large/,948.6,471824,0,
2026-05-16T16:28:39.492575,POST,/api/articles/analyze/,996.26,58,0,
2026-05-16T16:28:39.496637,GET,/api/articles/list/large/,962.42,471824,0,
2026-05-16T16:28:39.497848,GET,/api/articles/list/large/,961.18,471824,0,
2026-05-16T16:28:39.498462,POST,/api/articles/analyze/,986.65,58,0,
2026-05-16T16:28:39.499064,POST,/api/articles/analyze/,964.33,58,0,
2026-05-16T16:28:39.502883,POST,/api/articles/analyze/,954.53,58,0,
2026-05-16T16:28:39.542256,POST,/api/articles/analyze/,993.44,58,0,
2026-05-16T16:28:39.592224,POST,/api/articles/bulk/,980.78,34,0,
2026-05-16T16:28:39.672125,POST,/api/articles/analyze/,1104.19,58,0,
2026-05-16T16:28:39.751005,POST,/api/articles/bulk/,1182.72,34,0,
2026-05-16T16:28:39.752832,GET,/api/articles/list/large/,1175.46,471824,0,
2026-05-16T16:28:39.789096,POST,/api/articles/bulk/,1223.32,34,0,
2026-05-16T16:28:39.792013,GET,/api/articles/list/small/,1184.4,23002,0,
2026-05-16T16:28:39.873095,POST,/api/articles/bulk/,1170.6,34,0,
2026-05-16T16:28:39.943248,GET,/api/articles/list/small/,1219.33,23002,0,
2026-05-16T16:28:39.947407,GET,/api/articles/list/small/,1265.88,23002,0,
2026-05-16T16:28:39.948560,GET,/api/articles/list/small/,1262.77,23002,0,
2026-05-16T16:28:39.957438,POST,/api/articles/bulk/,1289.51,34,0,
2026-05-16T16:28:39.957883,GET,/api/articles/list/small/,1294.02,23002,0,
2026-05-16T16:28:39.976620,GET,/api/articles/list/small/,1273.4,23002,0,
2026-05-16T16:28:39.979252,POST,/api/articles/analyze/,1270.14,58,0,
2026-05-16T16:28:39.984486,GET,/api/articles/list/small/,1223.72,23002,0,
2026-05-16T16:28:40.000595,POST,/api/articles/analyze/,1257.17,58,0,
2026-05-16T16:28:40.001962,GET,/api/articles/list/small/,1217.75,23002,0,
2026-05-16T16:28:40.005213,POST,/api/articles/analyze/,1254.18,58,0,
2026-05-16T16:28:40.007667,POST,/api/articles/bulk/,1182.78,34,0,
2026-05-16T16:28:40.012237,GET,/api/articles/list/large/,1265.86,471824,0,
2026-05-16T16:28:40.013396,POST,/api/articles/analyze/,1168.2,58,0,
2026-05-16T16:28:40.014104,POST,/api/articles/bulk/,1177.96,34,0,
2026-05-16T16:28:40.019317,POST,/api/articles/bulk/,1189.14,34,0,
2026-05-16T16:28:40.033215,GET,/api/articles/list/small/,1217.9,23002,0,
2026-05-16T16:28:40.036438,POST,/api/articles/analyze/,1231.89,58,0,
2026-05-16T16:28:40.038382,GET,/api/articles/list/small/,1184.35,23002,0,
2026-05-16T16:28:40.096314,POST,/api/articles/analyze/,1081.01,58,0,
2026-05-16T16:28:40.098194,POST,/api/articles/analyze/,1134.23,58,0,
2026-05-16T16:28:40.098910,POST,/api/articles/analyze/,1040.33,58,0,
2026-05-16T16:28:40.099873,GET,/api/articles/list/large/,1240.03,471824,0,
2026-05-16T16:28:40.102193,GET,/api/articles/list/large/,1044.42,471824,0,
2026-05-16T16:28:40.105208,GET,/api/articles/list/large/,1095.06,471824,0,
2026-05-16T16:28:40.123020,GET,/api/articles/list/large/,1041.12,471824,0,
2026-05-16T16:28:40.123456,POST,/api/articles/analyze/,1220.53,58,0,
2026-05-16T16:28:40.131002,POST,/api/articles/analyze/,1094.62,58,0,
2026-05-16T16:28:40.131867,POST,/api/articles/analyze/,1130.78,58,0,
2026-05-16T16:28:40.133190,GET,/api/articles/list/large/,1089.84,471824,0,
2026-05-16T16:28:40.134750,GET,/api/articles/list/large/,1048.95,471824,0,
2026-05-16T16:28:40.135162,POST,/api/articles/bulk/,1073.78,34,0,
2026-05-16T16:28:40.136192,POST,/api/articles/bulk/,1020.6,34,0,
2026-05-16T16:28:40.137191,GET,/api/articles/list/large/,1093.04,471824,0,
2026-05-16T16:28:40.223315,POST,/api/articles/analyze/,1032.27,58,0,
2026-05-16T16:28:40.268380,GET,/api/articles/list/large/,1068.16,471824,0,
2026-05-16T16:28:40.276289,POST,/api/articles/analyze/,1096.56,58,0,
2026-05-16T16:28:40.289175,GET,/api/articles/list/large/,1062.09,471824,0,
2026-05-16T16:28:40.290495,POST,/api/articles/analyze/,1120.98,58,0,
2026-05-16T16:28:40.291361,GET,/api/articles/list/small/,1110.53,23002,0,
2026-05-16T16:28:40.294460,POST,/api/articles/bulk/,1076.34,34,0,
2026-05-16T16:28:40.295824,GET,/api/articles/list/large/,1083.81,471824,0,
2026-05-16T16:28:40.296312,POST,/api/articles/analyze/,1144.47,58,0,
2026-05-16T16:28:40.297096,GET,/api/articles/list/small/,1148.14,23002,0,
2026-05-16T16:28:40.297752,POST,/api/articles/bulk/,1071.4,34,0,
2026-05-16T16:28:40.298783,POST,/api/articles/bulk/,1154.86,34,0,
2026-05-16T16:28:40.299505,POST,/api/articles/analyze/,1069.58,58,0,
2026-05-16T16:28:40.312484,POST,/api/articles/analyze/,1112.64,58,0,
2026-05-16T16:28:40.323143,POST,/api/articles/bulk/,1090.19,34,0,
2026-05-16T16:28:40.336690,POST,/api/articles/analyze/,1102.15,58,0,
2026-05-16T16:28:40.474455,GET,/api/articles/list/small/,1133.03,23002,0,
2026-05-16T16:28:40.475949,GET,/api/articles/list/small/,1190.06,23002,0,
2026-05-16T16:28:40.539125,GET,/api/articles/list/large/,1184.85,471824,0,
2026-05-16T16:28:40.544727,GET,/api/articles/list/small/,1169.44,23002,0,
2026-05-16T16:28:40.595343,GET,/api/articles/list/small/,1204.16,23002,0,
2026-05-16T16:28:40.597026,POST,/api/articles/bulk/,1193.86,34,0,
2026-05-16T16:28:40.599309,POST,/api/articles/bulk/,1136.7,34,0,
2026-05-16T16:28:40.620040,POST,/api/articles/analyze/,1205.18,58,0,
2026-05-16T16:28:40.621525,GET,/api/articles/list/small/,1195.35,23002,0,
2026-05-16T16:28:40.622263,GET,/api/articles/list/small/,1144.39,23002,0,
2026-05-16T16:28:40.623988,GET,/api/articles/list/large/,1197.36,471824,0,
2026-05-16T16:28:40.626448,GET,/api/articles/list/large/,1146.68,471824,0,
2026-05-16T16:28:40.680826,GET,/api/articles/list/large/,1179.57,471824,0,
2026-05-16T16:28:40.682723,GET,/api/articles/list/small/,1178.6,23002,0,
2026-05-16T16:28:40.769336,GET,/api/articles/list/small/,1206.79,23002,0,
2026-05-16T16:28:40.779457,POST,/api/articles/analyze/,1159.13,58,0,
2026-05-16T16:28:40.783486,POST,/api/articles/bulk/,1170.24,34,0,
2026-05-16T16:28:40.804602,POST,/api/articles/analyze/,1201.12,58,0,
2026-05-16T16:28:40.806169,POST,/api/articles/analyze/,1050.13,58,0,
2026-05-16T16:28:40.807047,GET,/api/articles/list/small/,1125.11,23002,0,
2026-05-16T16:28:40.808986,POST,/api/articles/analyze/,1086.72,58,0,
2026-05-16T16:28:40.809770,GET,/api/articles/list/small/,1131.5,23002,0,
2026-05-16T16:28:40.810785,POST,/api/articles/bulk/,1149.4,34,0,
2026-05-16T16:28:40.811668,GET,/api/articles/list/small/,1172.58,23002,0,
2026-05-16T16:28:40.812649,POST,/api/articles/bulk/,1246.26,34,0,
2026-05-16T16:28:40.814606,GET,/api/articles/list/large/,1115.93,471824,0,
2026-05-16T16:28:40.816332,POST,/api/articles/analyze/,1107.78,58,0,
2026-05-16T16:28:40.818271,GET,/api/articles/list/large/,972.65,471824,0,
2026-05-16T16:28:40.818967,GET,/api/articles/list/small/,1142.57,23002,0,
2026-05-16T16:28:40.820290,GET,/api/articles/list/large/,1121.92,471824,0,
2026-05-16T16:28:40.837933,POST,/api/articles/bulk/,1096.76,34,0,
2026-05-16T16:28:40.840198,GET,/api/articles/list/large/,1045.98,471824,0,
2026-05-16T16:28:40.843049,GET,/api/articles/list/small/,1145.12,23002,0,
2026-05-16T16:28:40.873797,POST,/api/articles/analyze/,1034.79,58,0,
2026-05-16T16:28:40.875200,POST,/api/articles/bulk/,1032.64,34,0,
2026-05-16T16:28:40.938398,POST,/api/articles/analyze/,1097.54,58,0,
2026-05-16T16:28:40.941288,GET,/api/articles/list/small/,984.69,23002,0,
2026-05-16T16:28:40.944528,POST,/api/articles/analyze/,1076.04,58,0,
2026-05-16T16:28:40.945536,GET,/api/articles/list/small/,1058.2,23002,0,
2026-05-16T16:28:40.947707,POST,/api/articles/analyze/,1077.26,58,0,
2026-05-16T16:28:40.964436,GET,/api/articles/list/large/,1061.99,471824,0,
2026-05-16T16:28:40.966314,POST,/api/articles/analyze/,1054.35,58,0,
2026-05-16T16:28:40.993226,POST,/api/articles/bulk/,1008.59,34,0,
2026-05-16T16:28:41.208238,GET,/api/articles/list/large/,1201.2,471824,0,
2026-05-16T16:28:41.227827,POST,/api/articles/bulk/,1159.77,34,0,
2026-05-16T16:28:41.233441,GET,/api/articles/list/large/,1171.8,471824,0,
2026-05-16T16:28:41.290018,GET,/api/articles/list/large/,1222.33,471824,0,
2026-05-16T16:28:41.291867,POST,/api/articles/bulk/,1196.67,34,0,
2026-05-16T16:28:41.303327,POST,/api/articles/bulk/,1190.53,34,0,
2026-05-16T16:28:41.315177,POST,/api/articles/bulk/,1211.01,34,0,
2026-05-16T16:28:41.325901,POST,/api/articles/bulk/,1190.63,34,0,
2026-05-16T16:28:41.372782,GET,/api/articles/list/small/,1205.01,23002,0,
2026-05-16T16:28:41.398222,GET,/api/articles/list/small/,1135.94,23002,0,
2026-05-16T16:28:41.398939,POST,/api/articles/bulk/,1130.38,34,0,
2026-05-16T16:28:41.399940,POST,/api/articles/analyze/,1135.67,58,0,
2026-05-16T16:28:41.401197,GET,/api/articles/list/large/,1178.68,471824,0,
2026-05-16T16:28:41.415896,GET,/api/articles/list/large/,1236.22,471824,0,
2026-05-16T16:28:41.427566,POST,/api/articles/bulk/,1188.71,34,0,
2026-05-16T16:28:41.438674,POST,/api/articles/bulk/,1060.32,34,0,
2026-05-16T16:28:41.439937,POST,/api/articles/analyze/,1112.59,58,0,
2026-05-16T16:28:41.441555,POST,/api/articles/analyze/,1072.37,58,0,
2026-05-16T16:28:41.442088,POST,/api/articles/bulk/,1022.45,34,0,
2026-05-16T16:28:41.444512,GET,/api/articles/list/small/,1044.77,23002,0,
2026-05-16T16:28:41.445506,GET,/api/articles/list/small/,1017.63,23002,0,
2026-05-16T16:28:41.447059,POST,/api/articles/bulk/,1067.95,34,0,
2026-05-16T16:28:41.448446,POST,/api/articles/bulk/,1023.12,34,0,
2026-05-16T16:28:41.449536,POST,/api/articles/bulk/,1035.35,34,0,
2026-05-16T16:28:41.453966,GET,/api/articles/list/small/,1041.47,23002,0,
2026-05-16T16:28:41.468350,GET,/api/articles/list/large/,1132.38,471824,0,
2026-05-16T16:28:41.468785,POST,/api/articles/analyze/,1143.36,58,0,
2026-05-16T16:28:41.473777,GET,/api/articles/list/large/,1044.25,471824,0,
2026-05-16T16:28:41.474193,POST,/api/articles/analyze/,1012.1,58,0,
2026-05-16T16:28:41.475076,GET,/api/articles/list/large/,1075.84,471824,0,
2026-05-16T16:28:41.475458,POST,/api/articles/analyze/,1028.28,58,0,
2026-05-16T16:28:41.476773,GET,/api/articles/list/large/,977.61,471824,0,
2026-05-16T16:28:41.480131,GET,/api/articles/list/large/,1004.06,471824,0,
2026-05-16T16:28:41.481026,POST,/api/articles/analyze/,976.04,58,0,
2026-05-16T16:28:41.484959,POST,/api/articles/bulk/,1000.17,34,0,
2026-05-16T16:28:41.489549,POST,/api/articles/bulk/,975.7,34,0,
2026-05-16T16:28:41.503531,POST,/api/articles/bulk/,971.42,34,0,
2026-05-16T16:28:41.526369,GET,/api/articles/list/small/,990.08,23002,0,
2026-05-16T16:28:41.638730,GET,/api/articles/list/large/,1038.25,471824,0,
2026-05-16T16:28:41.728354,POST,/api/articles/bulk/,1058.06,34,0,
2026-05-16T16:28:41.773098,GET,/api/articles/list/small/,1132.54,23002,0,
2026-05-16T16:28:41.778183,GET,/api/articles/list/large/,1143.43,471824,0,
2026-05-16T16:28:41.804388,POST,/api/articles/analyze/,1077.04,58,0,
2026-05-16T16:28:41.805539,POST,/api/articles/analyze/,1157.26,58,0,
2026-05-16T16:28:41.806209,GET,/api/articles/list/small/,1142.13,23002,0,
2026-05-16T16:28:41.809203,POST,/api/articles/bulk/,1112.11,34,0,
2026-05-16T16:28:41.810750,POST,/api/articles/analyze/,1139.15,58,0,
2026-05-16T16:28:41.826350,POST,/api/articles/bulk/,1049.74,34,0,
2026-05-16T16:28:41.827805,POST,/api/articles/bulk/,1040.07,34,0,
2026-05-16T16:28:41.830170,GET,/api/articles/list/small/,1064.94,23002,0,
2026-05-16T16:28:41.924202,POST,/api/articles/bulk/,1116.17,34,0,
2026-05-16T16:28:41.933546,GET,/api/articles/list/small/,1100.98,23002,0,
2026-05-16T16:28:41.941109,POST,/api/articles/analyze/,1068.18,58,0,
2026-05-16T16:28:41.953662,GET,/api/articles/list/small/,1079.01,23002,0,
2026-05-16T16:28:41.962842,GET,/api/articles/list/small/,1023.15,23002,0,
2026-05-16T16:28:41.964104,POST,/api/articles/bulk/,1040.49,34,0,
2026-05-16T16:28:41.967857,GET,/api/articles/list/large/,1068.51,471824,0,
2026-05-16T16:28:41.968259,POST,/api/articles/analyze/,1084.84,58,0,
2026-05-16T16:28:42.005935,GET,/api/articles/list/large/,1088.03,471824,0,
2026-05-16T16:28:42.036254,POST,/api/articles/bulk/,1090.6,34,0,
2026-05-16T16:28:42.040013,POST,/api/articles/bulk/,1152.69,34,0,
2026-05-16T16:28:42.041042,GET,/api/articles/list/small/,1125.65,23002,0,
2026-05-16T16:28:42.042411,POST,/api/articles/analyze/,1146.89,58,0,
2026-05-16T16:28:42.053715,POST,/api/articles/analyze/,1049.89,58,0,
2026-05-16T16:28:42.054428,POST,/api/articles/analyze/,1053.99,58,0,
2026-05-16T16:28:42.055373,POST,/api/articles/bulk/,1076.81,34,0,
2026-05-16T16:28:42.056539,POST,/api/articles/bulk/,1065.8,34,0,
2026-05-16T16:28:42.106825,POST,/api/articles/bulk/,1100.34,34,0,
2026-05-16T16:28:42.107840,GET,/api/articles/list/large/,986.19,471824,0,
2026-05-16T16:28:42.108254,GET,/api/articles/list/small/,997.5,23002,0,
2026-05-16T16:28:42.139350,GET,/api/articles/list/small/,1003.57,23002,0,
2026-05-16T16:28:42.140143,GET,/api/articles/list/small/,1139.2,23002,0,
2026-05-16T16:28:42.140844,POST,/api/articles/bulk/,1013.4,34,0,
2026-05-16T16:28:42.143631,POST,/api/articles/analyze/,1027.85,58,0,
2026-05-16T16:28:42.144634,POST,/api/articles/analyze/,962.97,58,0,
2026-05-16T16:28:42.145521,GET,/api/articles/list/large/,1095.0,471824,0,
2026-05-16T16:28:42.145950,GET,/api/articles/list/small/,952.29,23002,0,
2026-05-16T16:28:42.146281,POST,/api/articles/bulk/,1079.92,34,0,
2026-05-16T16:28:42.166580,GET,/api/articles/list/large/,1135.92,471824,0,
2026-05-16T16:28:42.169838,POST,/api/articles/bulk/,973.31,34,0,
2026-05-16T16:28:42.179895,GET,/api/articles/list/small/,954.24,23002,0,
2026-05-16T16:28:42.250351,POST,/api/articles/analyze/,1024.16,58,0,
2026-05-16T16:28:42.366613,GET,/api/articles/list/small/,1056.18,23002,0,
2026-05-16T16:28:42.373787,GET,/api/articles/list/large/,1033.54,471824,0,
2026-05-16T16:28:42.380967,GET,/api/articles/list/large/,1073.38,471824,0,
2026-05-16T16:28:42.461430,POST,/api/articles/bulk/,1083.3,34,0,
2026-05-16T16:28:42.497185,POST,/api/articles/bulk/,1126.97,34,0,
2026-05-16T16:28:42.507479,POST,/api/articles/analyze/,1136.51,58,0,
2026-05-16T16:28:42.524036,POST,/api/articles/analyze/,1120.55,58,0,
2026-05-16T16:28:42.527471,GET,/api/articles/list/large/,1110.17,471824,0,
2026-05-16T16:28:42.528529,GET,/api/articles/list/large/,1108.12,471824,0,
2026-05-16T16:28:42.557824,GET,/api/articles/list/large/,1098.57,471824,0,
2026-05-16T16:28:42.614758,GET,/api/articles/list/large/,1150.65,471824,0,
2026-05-16T16:28:42.615510,GET,/api/articles/list/small/,1136.4,23002,0,
2026-05-16T16:28:42.617233,POST,/api/articles/bulk/,1128.7,34,0,
2026-05-16T16:28:42.668456,GET,/api/articles/list/small/,1181.21,23002,0,
2026-05-16T16:28:42.673205,POST,/api/articles/analyze/,1194.5,58,0,
2026-05-16T16:28:42.677417,POST,/api/articles/analyze/,1106.6,58,0,
2026-05-16T16:28:42.679916,GET,/api/articles/list/small/,1159.8,23002,0,
2026-05-16T16:28:42.680998,GET,/api/articles/list/large/,1090.42,471824,0,
2026-05-16T16:28:42.681390,POST,/api/articles/analyze/,1106.61,58,0,
2026-05-16T16:28:42.693204,GET,/api/articles/list/large/,1169.16,471824,0,
2026-05-16T16:28:42.693680,POST,/api/articles/bulk/,1165.07,34,0,
2026-05-16T16:28:42.699276,POST,/api/articles/bulk/,1190.43,34,0,
2026-05-16T16:28:42.754908,GET,/api/articles/list/small/,1125.65,23002,0,
2026-05-16T16:28:42.826091,GET,/api/articles/list/small/,1210.63,23002,0,
2026-05-16T16:28:42.874683,GET,/api/articles/list/large/,1204.68,471824,0,
2026-05-16T16:28:42.876595,POST,/api/articles/bulk/,1154.37,34,0,
2026-05-16T16:28:42.920478,GET,/api/articles/list/large/,1229.49,471824,0,
2026-05-16T16:28:42.924969,POST,/api/articles/bulk/,1182.3,34,0,
2026-05-16T16:28:42.966373,GET,/api/articles/list/small/,1257.26,23002,0,
2026-05-16T16:28:42.967224,GET,/api/articles/list/large/,1167.45,471824,0,
2026-05-16T16:28:42.967939,GET,/api/articles/list/small/,1170.53,23002,0,
2026-05-16T16:28:42.969434,GET,/api/articles/list/large/,1169.3,471824,0,
2026-05-16T16:28:42.969824,POST,/api/articles/bulk/,1167.96,34,0,
2026-05-16T16:28:42.972279,GET,/api/articles/list/large/,1174.34,471824,0,
2026-05-16T16:28:42.997649,POST,/api/articles/analyze/,1163.24,58,0,
2026-05-16T16:28:43.061893,POST,/api/articles/bulk/,1155.96,34,0,
2026-05-16T16:28:43.094595,POST,/api/articles/analyze/,1213.37,58,0,
2026-05-16T16:28:43.096289,GET,/api/articles/list/small/,1225.96,23002,0,
2026-05-16T16:28:43.097335,GET,/api/articles/list/small/,1211.07,23002,0,
2026-05-16T16:28:43.101351,GET,/api/articles/list/large/,1222.14,471824,0,
2026-05-16T16:28:43.114568,GET,/api/articles/list/small/,1227.77,23002,0,
2026-05-16T16:28:43.121324,GET,/api/articles/list/small/,1244.09,23002,0,
2026-05-16T16:28:43.131281,GET,/api/articles/list/small/,1190.04,23002,0,
2026-05-16T16:28:43.144762,GET,/api/articles/list/large/,1214.13,471824,0,
2026-05-16T16:28:43.146660,POST,/api/articles/bulk/,1197.69,34,0,
2026-05-16T16:28:43.148659,GET,/api/articles/list/small/,1165.89,23002,0,
2026-05-16T16:28:43.237925,POST,/api/articles/bulk/,1204.51,34,0,
2026-05-16T16:28:43.242403,GET,/api/articles/list/small/,1217.17,23002,0,
2026-05-16T16:28:43.250438,POST,/api/articles/bulk/,1283.71,34,0,
2026-05-16T16:28:43.261509,POST,/api/articles/bulk/,1233.38,34,0,
2026-05-16T16:28:43.263621,GET,/api/articles/list/large/,1212.93,471824,0,
2026-05-16T16:28:43.269876,GET,/api/articles/list/large/,1203.31,471824,0,
2026-05-16T16:28:43.273727,GET,/api/articles/list/small/,1184.06,23002,0,
2026-05-16T16:28:43.279975,GET,/api/articles/list/small/,1191.96,23002,0,
2026-05-16T16:28:43.288590,GET,/api/articles/list/large/,1223.84,471824,0,
2026-05-16T16:28:43.289753,GET,/api/articles/list/large/,1207.57,471824,0,
2026-05-16T16:28:43.293569,GET,/api/articles/list/large/,1183.1,471824,0,
2026-05-16T16:28:43.299133,GET,/api/articles/list/small/,1155.37,23002,0,
2026-05-16T16:28:43.299757,POST,/api/articles/analyze/,1136.46,58,0,
2026-05-16T16:28:43.302837,GET,/api/articles/list/large/,1147.19,471824,0,
2026-05-16T16:28:43.364247,GET,/api/articles/list/small/,1183.09,23002,0,
2026-05-16T16:28:43.365675,GET,/api/articles/list/small/,1150.67,23002,0,
2026-05-16T16:28:43.366352,POST,/api/articles/analyze/,1109.69,58,0,
2026-05-16T16:28:43.406072,GET,/api/articles/list/large/,1121.24,471824,0,
2026-05-16T16:28:43.406993,POST,/api/articles/bulk/,1133.43,34,0,
2026-05-16T16:28:43.413316,GET,/api/articles/list/small/,1047.98,23002,0,
2026-05-16T16:28:43.417232,GET,/api/articles/list/small/,1125.46,23002,0,
2026-05-16T16:28:43.424739,GET,/api/articles/list/small/,1148.91,23002,0,
2026-05-16T16:28:43.527830,GET,/api/articles/list/large/,1162.98,471824,0,
2026-05-16T16:28:43.543855,POST,/api/articles/bulk/,1161.66,34,0,
2026-05-16T16:28:43.555204,POST,/api/articles/bulk/,1218.41,34,0,
2026-05-16T16:28:43.556350,GET,/api/articles/list/small/,1181.32,23002,0,
2026-05-16T16:28:43.568333,POST,/api/articles/analyze/,1074.97,58,0,
2026-05-16T16:28:43.597487,POST,/api/articles/analyze/,1090.43,58,0,
2026-05-16T16:28:43.645057,GET,/api/articles/list/small/,1159.31,23002,0,
2026-05-16T16:28:43.646515,GET,/api/articles/list/large/,1143.22,471824,0,
2026-05-16T16:28:43.647047,POST,/api/articles/bulk/,1165.52,34,0,
2026-05-16T16:28:43.647824,POST,/api/articles/bulk/,1222.95,34,0,
2026-05-16T16:28:43.651296,GET,/api/articles/list/large/,1232.94,471824,0,
2026-05-16T16:28:43.651733,POST,/api/articles/analyze/,1186.05,58,0,
2026-05-16T16:28:43.654679,POST,/api/articles/analyze/,1231.51,58,0,
2026-05-16T16:28:43.762231,POST,/api/articles/analyze/,1209.46,58,0,
2026-05-16T16:28:43.763165,GET,/api/articles/list/small/,1174.13,23002,0,
2026-05-16T16:28:43.765279,GET,/api/articles/list/small/,1175.75,23002,0,
2026-05-16T16:28:43.831859,GET,/api/articles/list/large/,1192.38,471824,0,
2026-05-16T16:28:43.930437,POST,/api/articles/analyze/,1242.06,58,0,
2026-05-16T16:28:43.931382,POST,/api/articles/bulk/,1242.3,34,0,
2026-05-16T16:28:43.963891,GET,/api/articles/list/small/,1287.44,23002,0,
2026-05-16T16:28:43.967745,POST,/api/articles/bulk/,1278.01,34,0,
2026-05-16T16:28:43.975896,POST,/api/articles/analyze/,1293.3,58,0,
2026-05-16T16:28:43.979823,POST,/api/articles/bulk/,1281.41,34,0,
2026-05-16T16:28:43.996848,GET,/api/articles/list/small/,1277.02,23002,0,
2026-05-16T16:28:43.997817,POST,/api/articles/bulk/,1243.98,34,0,
2026-05-16T16:28:44.007482,POST,/api/articles/bulk/,1148.06,34,0,
2026-05-16T16:28:44.015435,GET,/api/articles/list/large/,1232.26,471824,0,
2026-05-16T16:28:44.016404,POST,/api/articles/analyze/,1143.06,58,0,
2026-05-16T16:28:44.019069,GET,/api/articles/list/large/,1104.59,471824,0,
2026-05-16T16:28:44.022110,POST,/api/articles/analyze/,1122.6,58,0,
2026-05-16T16:28:44.023400,GET,/api/articles/list/large/,1143.61,471824,0,
2026-05-16T16:28:44.024071,GET,/api/articles/list/small/,1156.42,23002,0,
2026-05-16T16:28:44.026919,POST,/api/articles/bulk/,1124.47,34,0,
2026-05-16T16:28:44.033622,GET,/api/articles/list/large/,1065.57,471824,0,
2026-05-16T16:28:44.036284,POST,/api/articles/bulk/,1086.07,34,0,
2026-05-16T16:28:44.056436,GET,/api/articles/list/large/,1088.04,471824,0,
2026-05-16T16:28:44.057160,POST,/api/articles/analyze/,1084.76,58,0,
2026-05-16T16:28:44.057864,POST,/api/articles/bulk/,1092.61,34,0,
2026-05-16T16:28:44.108869,GET,/api/articles/list/large/,1116.7,471824,0,
2026-05-16T16:28:44.161330,POST,/api/articles/bulk/,1157.94,34,0,
2026-05-16T16:28:44.162258,POST,/api/articles/bulk/,1152.39,34,0,
2026-05-16T16:28:44.163408,GET,/api/articles/list/small/,1129.62,23002,0,
2026-05-16T16:28:44.166576,POST,/api/articles/bulk/,1158.91,34,0,
2026-05-16T16:28:44.169444,GET,/api/articles/list/large/,1145.54,471824,0,
2026-05-16T16:28:44.240572,POST,/api/articles/analyze/,1237.66,58,0,
2026-05-16T16:28:44.286429,GET,/api/articles/list/small/,1190.01,23002,0,
2026-05-16T16:28:44.328917,GET,/api/articles/list/large/,1226.24,471824,0,
2026-05-16T16:28:44.330740,GET,/api/articles/list/small/,1211.97,23002,0,
2026-05-16T16:28:44.331691,POST,/api/articles/bulk/,1200.28,34,0,
2026-05-16T16:28:44.346650,POST,/api/articles/bulk/,1198.96,34,0,
2026-05-16T16:28:44.347032,POST,/api/articles/bulk/,1179.93,34,0,
2026-05-16T16:28:44.349907,GET,/api/articles/list/large/,1129.55,471824,0,
2026-05-16T16:28:44.352768,POST,/api/articles/analyze/,1198.5,58,0,
2026-05-16T16:28:44.353380,GET,/api/articles/list/small/,1175.39,23002,0,
2026-05-16T16:28:44.353933,POST,/api/articles/bulk/,1184.69,34,0,
2026-05-16T16:28:44.361771,GET,/api/articles/list/large/,1167.09,471824,0,
2026-05-16T16:28:44.363876,GET,/api/articles/list/large/,1190.51,471824,0,
2026-05-16T16:28:44.368725,POST,/api/articles/analyze/,1168.23,58,0,
2026-05-16T16:28:44.369873,POST,/api/articles/analyze/,1208.71,58,0,
2026-05-16T16:28:44.391071,POST,/api/articles/analyze/,1139.37,58,0,
2026-05-16T16:28:44.393936,GET,/api/articles/list/small/,1156.99,23002,0,
2026-05-16T16:28:44.519041,POST,/api/articles/bulk/,1246.05,34,0,
2026-05-16T16:28:44.519648,GET,/api/articles/list/small/,1241.41,23002,0,
2026-05-16T16:28:44.530344,POST,/api/articles/analyze/,1249.1,58,0,
2026-05-16T16:28:44.545786,GET,/api/articles/list/small/,1244.01,23002,0,
2026-05-16T16:28:44.567218,POST,/api/articles/bulk/,1219.91,34,0,
2026-05-16T16:28:44.574947,GET,/api/articles/list/large/,1183.16,471824,0,
2026-05-16T16:28:44.579237,POST,/api/articles/bulk/,1203.69,34,0,
2026-05-16T16:28:44.583452,GET,/api/articles/list/large/,1191.2,471824,0,
2026-05-16T16:28:44.596521,POST,/api/articles/analyze/,1077.6,58,0,
2026-05-16T16:28:44.597897,POST,/api/articles/bulk/,1197.83,34,0,
2026-05-16T16:28:44.599970,POST,/api/articles/analyze/,1133.28,58,0,
2026-05-16T16:28:44.602746,GET,/api/articles/list/large/,1163.75,471824,0,
2026-05-16T16:28:44.604344,POST,/api/articles/analyze/,1111.96,58,0,
2026-05-16T16:28:44.612219,GET,/api/articles/list/large/,1122.6,471824,0,
2026-05-16T16:28:44.615434,GET,/api/articles/list/large/,1088.62,471824,0,
2026-05-16T16:28:44.617016,POST,/api/articles/analyze/,1164.18,58,0,
2026-05-16T16:28:44.619194,GET,/api/articles/list/small/,1125.04,23002,0,
2026-05-16T16:28:44.628249,GET,/api/articles/list/small/,1060.71,23002,0,
2026-05-16T16:28:44.635747,GET,/api/articles/list/large/,1081.62,471824,0,
2026-05-16T16:28:44.642950,GET,/api/articles/list/small/,1031.85,23002,0,
2026-05-16T16:28:44.780422,GET,/api/articles/list/small/,1211.96,23002,0,
2026-05-16T16:28:44.787861,GET,/api/articles/list/small/,1192.58,23002,0,
2026-05-16T16:28:44.788271,GET,/api/articles/list/small/,1185.52,23002,0,
2026-05-16T16:28:44.788612,GET,/api/articles/list/small/,1174.92,23002,0,
2026-05-16T16:28:44.789204,POST,/api/articles/analyze/,1182.73,58,0,
2026-05-16T16:28:44.806513,POST,/api/articles/bulk/,1136.65,34,0,
2026-05-16T16:28:44.877662,POST,/api/articles/analyze/,1223.7,58,0,
2026-05-16T16:28:44.888599,GET,/api/articles/list/small/,1228.45,23002,0,
2026-05-16T16:28:44.962070,GET,/api/articles/list/large/,1219.82,471824,0,
2026-05-16T16:28:44.962818,POST,/api/articles/bulk/,1238.19,34,0,
2026-05-16T16:28:44.968514,GET,/api/articles/list/large/,1267.36,471824,0,
2026-05-16T16:28:44.975937,GET,/api/articles/list/large/,1257.14,471824,0,
2026-05-16T16:28:45.005828,POST,/api/articles/bulk/,1283.24,34,0,
2026-05-16T16:28:45.023906,POST,/api/articles/analyze/,1294.36,58,0,
2026-05-16T16:28:45.024716,GET,/api/articles/list/small/,1315.73,23002,0,
2026-05-16T16:28:45.037556,GET,/api/articles/list/small/,1269.12,23002,0,
2026-05-16T16:28:45.103015,POST,/api/articles/analyze/,1322.73,58,0,
2026-05-16T16:28:45.108754,POST,/api/articles/analyze/,1275.62,58,0,
2026-05-16T16:28:45.118948,POST,/api/articles/analyze/,1175.31,58,0,
2026-05-16T16:28:45.122013,GET,/api/articles/list/small/,1205.75,23002,0,
2026-05-16T16:28:45.128145,POST,/api/articles/bulk/,1269.02,34,0,
2026-05-16T16:28:45.129326,POST,/api/articles/analyze/,1230.03,58,0,
2026-05-16T16:28:45.176443,GET,/api/articles/list/small/,1203.52,23002,0,
2026-05-16T16:28:45.394165,POST,/api/articles/bulk/,1346.47,34,0,
2026-05-16T16:28:45.396554,POST,/api/articles/bulk/,1352.04,34,0,
2026-05-16T16:28:45.410302,GET,/api/articles/list/large/,1262.28,471824,0,
2026-05-16T16:28:45.411206,POST,/api/articles/bulk/,1309.16,34,0,
2026-05-16T16:28:45.412137,GET,/api/articles/list/small/,1304.57,23002,0,
2026-05-16T16:28:45.412808,GET,/api/articles/list/small/,1282.28,23002,0,
2026-05-16T16:28:45.429558,GET,/api/articles/list/large/,1287.13,471824,0,
2026-05-16T16:28:45.434120,GET,/api/articles/list/large/,1219.41,471824,0,
2026-05-16T16:28:45.435245,GET,/api/articles/list/large/,1267.4,471824,0,
2026-05-16T16:28:45.435640,POST,/api/articles/analyze/,1198.13,58,0,
2026-05-16T16:28:45.436717,POST,/api/articles/analyze/,1290.47,58,0,
2026-05-16T16:28:45.438098,GET,/api/articles/list/small/,1240.25,23002,0,
2026-05-16T16:28:45.441206,GET,/api/articles/list/large/,1333.22,471824,0,
2026-05-16T16:28:45.493832,POST,/api/articles/bulk/,1242.87,34,0,
2026-05-16T16:28:45.494444,POST,/api/articles/bulk/,1320.71,34,0,
2026-05-16T16:28:45.498215,POST,/api/articles/bulk/,1251.34,34,0,
2026-05-16T16:28:45.507682,POST,/api/articles/analyze/,1225.68,58,0,
2026-05-16T16:28:45.545634,GET,/api/articles/list/small/,1306.27,23002,0,
2026-05-16T16:28:45.548296,POST,/api/articles/bulk/,1250.63,34,0,
2026-05-16T16:28:45.552076,GET,/api/articles/list/large/,1253.69,471824,0,
2026-05-16T16:28:45.635233,POST,/api/articles/bulk/,1306.16,34,0,
2026-05-16T16:28:45.718136,GET,/api/articles/list/small/,1365.78,23002,0,
2026-05-16T16:28:45.727372,GET,/api/articles/list/large/,1345.39,471824,0,
2026-05-16T16:28:45.761919,POST,/api/articles/analyze/,1383.81,58,0,
2026-05-16T16:28:45.762529,POST,/api/articles/analyze/,1397.82,58,0,
2026-05-16T16:28:45.763503,POST,/api/articles/bulk/,1265.42,34,0,
2026-05-16T16:28:45.808344,POST,/api/articles/analyze/,1414.88,58,0,
2026-05-16T16:28:45.850461,GET,/api/articles/list/small/,1460.65,23002,0,
2026-05-16T16:28:45.853833,POST,/api/articles/bulk/,1443.43,34,0,
2026-05-16T16:28:45.855846,GET,/api/articles/list/large/,1368.18,471824,0,
2026-05-16T16:28:45.872305,GET,/api/articles/list/large/,1481.1,471824,0,
2026-05-16T16:28:45.891832,POST,/api/articles/bulk/,1386.62,34,0,
2026-05-16T16:28:45.897376,GET,/api/articles/list/large/,1407.91,471824,0,
2026-05-16T16:28:45.905801,POST,/api/articles/bulk/,1371.21,34,0,
2026-05-16T16:28:45.982758,GET,/api/articles/list/small/,1432.59,23002,0,
2026-05-16T16:28:45.986433,GET,/api/articles/list/large/,1447.61,471824,0,
2026-05-16T16:28:46.159732,GET,/api/articles/list/large/,1568.94,471824,0,
2026-05-16T16:28:46.218758,GET,/api/articles/list/large/,1584.17,471824,0,
2026-05-16T16:28:46.219250,GET,/api/articles/list/small/,1441.25,23002,0,
2026-05-16T16:28:46.219765,GET,/api/articles/list/small/,1442.25,23002,0,
2026-05-16T16:28:46.222135,GET,/api/articles/list/small/,1484.68,23002,0,
2026-05-16T16:28:46.232582,POST,/api/articles/analyze/,1595.3,58,0,
2026-05-16T16:28:46.277291,GET,/api/articles/list/large/,1654.86,471824,0,
2026-05-16T16:28:46.278158,POST,/api/articles/analyze/,1572.72,58,0,
2026-05-16T16:28:46.289398,GET,/api/articles/list/large/,1610.14,471824,0,
2026-05-16T16:28:46.292449,POST,/api/articles/bulk/,1479.74,34,0,
2026-05-16T16:28:46.292860,GET,/api/articles/list/small/,1472.95,23002,0,
2026-05-16T16:28:46.298610,POST,/api/articles/analyze/,1460.88,58,0,
2026-05-16T16:28:46.301195,POST,/api/articles/analyze/,1530.77,58,0,
2026-05-16T16:28:46.301984,POST,/api/articles/analyze/,1481.59,58,0,
2026-05-16T16:28:46.303580,GET,/api/articles/list/large/,1475.21,471824,0,
2026-05-16T16:28:46.305120,GET,/api/articles/list/large/,1522.3,471824,0,
2026-05-16T16:28:46.338227,POST,/api/articles/bulk/,1498.69,34,0,
2026-05-16T16:28:46.344893,POST,/api/articles/analyze/,1509.96,58,0,
2026-05-16T16:28:46.353089,POST,/api/articles/bulk/,1504.6,34,0,
2026-05-16T16:28:46.360021,GET,/api/articles/list/small/,1506.62,23002,0,
2026-05-16T16:28:46.360894,POST,/api/articles/analyze/,1487.71,58,0,
2026-05-16T16:28:46.362433,POST,/api/articles/analyze/,1532.36,58,0,
2026-05-16T16:28:46.363157,POST,/api/articles/analyze/,1575.8,58,0,
2026-05-16T16:28:46.370046,GET,/api/articles/list/large/,1474.2,471824,0,
2026-05-16T16:28:46.374304,GET,/api/articles/list/large/,1390.09,471824,0,
2026-05-16T16:28:46.375239,GET,/api/articles/list/small/,1349.3,23002,0,
2026-05-16T16:28:46.375748,GET,/api/articles/list/small/,1369.75,23002,0,
2026-05-16T16:28:46.376080,POST,/api/articles/bulk/,1450.3,34,0,
2026-05-16T16:28:46.393265,POST,/api/articles/analyze/,1365.61,58,0,
2026-05-16T16:28:46.395270,POST,/api/articles/analyze/,1423.56,58,0,
2026-05-16T16:28:46.397514,GET,/api/articles/list/small/,1431.42,23002,0,
2026-05-16T16:28:46.398672,GET,/api/articles/list/small/,1381.08,23002,0,
2026-05-16T16:28:46.403691,POST,/api/articles/bulk/,1403.23,34,0,
2026-05-16T16:28:46.405412,GET,/api/articles/list/small/,1352.52,23002,0,
2026-05-16T16:28:46.480366,POST,/api/articles/bulk/,1452.34,34,0,
2026-05-16T16:28:46.496259,POST,/api/articles/bulk/,1397.7,34,0,
2026-05-16T16:28:46.542099,GET,/api/articles/list/large/,1466.34,471824,0,
2026-05-16T16:28:46.542549,POST,/api/articles/bulk/,1494.77,34,0,
2026-05-16T16:28:46.543117,GET,/api/articles/list/small/,1441.37,23002,0,
2026-05-16T16:28:46.606663,POST,/api/articles/analyze/,1500.82,58,0,
2026-05-16T16:28:46.612956,POST,/api/articles/bulk/,1497.61,34,0,
2026-05-16T16:28:46.619622,POST,/api/articles/analyze/,1474.04,58,0,
2026-05-16T16:28:46.621810,GET,/api/articles/list/small/,1446.23,23002,0,
2026-05-16T16:28:46.643912,POST,/api/articles/bulk/,1456.47,34,0,
2026-05-16T16:28:46.644972,GET,/api/articles/list/large/,1462.09,471824,0,
2026-05-16T16:28:46.678449,GET,/api/articles/list/large/,1395.17,471824,0,
2026-05-16T16:28:46.678878,POST,/api/articles/bulk/,1444.82,34,0,
2026-05-16T16:28:46.679208,POST,/api/articles/bulk/,1376.5,34,0,
2026-05-16T16:28:46.681281,POST,/api/articles/bulk/,1491.89,34,0,
2026-05-16T16:28:46.681701,POST,/api/articles/bulk/,1498.38,34,0,
2026-05-16T16:28:46.682041,POST,/api/articles/bulk/,1390.52,34,0,
2026-05-16T16:28:46.689341,GET,/api/articles/list/large/,1482.97,471824,0,
2026-05-16T16:28:46.695081,GET,/api/articles/list/large/,1490.7,471824,0,
2026-05-16T16:28:46.754499,POST,/api/articles/bulk/,1368.91,34,0,
2026-05-16T16:28:46.794070,GET,/api/articles/list/small/,1417.3,23002,0,
2026-05-16T16:28:46.802234,GET,/api/articles/list/large/,1450.48,471824,0,
2026-05-16T16:28:46.811024,POST,/api/articles/bulk/,1465.66,34,0,
2026-05-16T16:28:46.866278,GET,/api/articles/list/large/,1452.22,471824,0,
2026-05-16T16:28:46.867860,POST,/api/articles/bulk/,1462.06,34,0,
2026-05-16T16:28:46.916843,POST,/api/articles/analyze/,1470.97,58,0,
2026-05-16T16:28:46.932239,GET,/api/articles/list/small/,1483.28,23002,0,
2026-05-16T16:28:47.041171,POST,/api/articles/analyze/,1590.31,58,0,
2026-05-16T16:28:47.099942,POST,/api/articles/analyze/,1541.25,58,0,
2026-05-16T16:28:47.142593,GET,/api/articles/list/small/,1620.31,23002,0,
2026-05-16T16:28:47.143924,GET,/api/articles/list/large/,1637.26,471824,0,
2026-05-16T16:28:47.175670,POST,/api/articles/analyze/,1618.99,58,0,
2026-05-16T16:28:47.204800,GET,/api/articles/list/large/,1544.3,471824,0,
2026-05-16T16:28:47.209397,GET,/api/articles/list/small/,1653.13,23002,0,
2026-05-16T16:28:47.210701,GET,/api/articles/list/small/,1592.59,23002,0,
2026-05-16T16:28:47.211813,GET,/api/articles/list/large/,1614.35,471824,0,
2026-05-16T16:28:47.212830,POST,/api/articles/bulk/,1487.19,34,0,
2026-05-16T16:28:47.213286,POST,/api/articles/analyze/,1608.42,58,0,
2026-05-16T16:28:47.214189,GET,/api/articles/list/small/,1508.31,23002,0,
2026-05-16T16:28:47.215749,POST,/api/articles/bulk/,1593.85,34,0,
2026-05-16T16:28:47.218935,GET,/api/articles/list/large/,1573.31,471824,0,
2026-05-16T16:28:47.220298,POST,/api/articles/bulk/,1527.65,34,0,
2026-05-16T16:28:47.303822,GET,/api/articles/list/small/,1566.88,23002,0,
2026-05-16T16:28:47.308150,POST,/api/articles/analyze/,1438.91,58,0,
2026-05-16T16:28:47.310157,POST,/api/articles/analyze/,1524.42,58,0,
2026-05-16T16:28:47.313480,POST,/api/articles/analyze/,1483.41,58,0,
2026-05-16T16:28:47.316473,GET,/api/articles/list/small/,1486.88,23002,0,
2026-05-16T16:28:47.326672,POST,/api/articles/analyze/,1467.43,58,0,
2026-05-16T16:28:47.342181,POST,/api/articles/analyze/,1527.59,58,0,
2026-05-16T16:28:47.343262,POST,/api/articles/bulk/,1456.67,34,0,
2026-05-16T16:28:47.389782,GET,/api/articles/list/large/,1595.04,471824,0,
2026-05-16T16:28:47.450248,GET,/api/articles/list/large/,1529.28,471824,0,
2026-05-16T16:28:47.462249,POST,/api/articles/analyze/,1483.99,58,0,
2026-05-16T16:28:47.464449,POST,/api/articles/analyze/,1525.51,58,0,
2026-05-16T16:28:47.470714,POST,/api/articles/bulk/,1523.41,34,0,
2026-05-16T16:28:47.471527,POST,/api/articles/analyze/,1555.42,58,0,
2026-05-16T16:28:47.473102,GET,/api/articles/list/large/,1511.76,471824,0,
2026-05-16T16:28:47.520099,GET,/api/articles/list/small/,1580.67,23002,0,
2026-05-16T16:28:47.537696,GET,/api/articles/list/small/,1480.47,23002,0,
2026-05-16T16:28:47.543218,GET,/api/articles/list/large/,1526.52,471824,0,
2026-05-16T16:28:47.561023,GET,/api/articles/list/small/,1484.87,23002,0,
2026-05-16T16:28:47.564755,GET,/api/articles/list/large/,1504.69,471824,0,
2026-05-16T16:28:47.569064,POST,/api/articles/bulk/,1523.61,34,0,
2026-05-16T16:28:47.570562,POST,/api/articles/bulk/,1407.51,34,0,
2026-05-16T16:28:47.572650,GET,/api/articles/list/large/,1503.04,471824,0,
2026-05-16T16:28:47.573024,POST,/api/articles/analyze/,1534.5,58,0,
2026-05-16T16:28:47.580607,POST,/api/articles/bulk/,1468.48,34,0,
2026-05-16T16:28:47.581559,GET,/api/articles/list/small/,1494.6,23002,0,
2026-05-16T16:28:47.582971,GET,/api/articles/list/large/,1528.42,471824,0,
2026-05-16T16:28:47.618541,GET,/api/articles/list/small/,1420.84,23002,0,
2026-05-16T16:28:47.625189,GET,/api/articles/list/large/,1441.05,471824,0,
2026-05-16T16:28:47.667860,POST,/api/articles/bulk/,1579.04,34,0,
2026-05-16T16:28:47.675620,GET,/api/articles/list/large/,1480.71,471824,0,
2026-05-16T16:28:47.684481,GET,/api/articles/list/large/,1419.4,471824,0,
2026-05-16T16:28:47.685251,POST,/api/articles/bulk/,1461.89,34,0,
2026-05-16T16:28:47.686612,GET,/api/articles/list/small/,1432.2,23002,0,
2026-05-16T16:28:47.689092,GET,/api/articles/list/large/,1450.01,471824,0,
2026-05-16T16:28:47.690594,POST,/api/articles/bulk/,1445.83,34,0,
2026-05-16T16:28:47.744734,GET,/api/articles/list/small/,1492.05,23002,0,
2026-05-16T16:28:47.770378,GET,/api/articles/list/small/,1538.21,23002,0,
2026-05-16T16:28:47.772540,POST,/api/articles/bulk/,1548.51,34,0,
2026-05-16T16:28:47.876705,GET,/api/articles/list/large/,1581.67,471824,0,
2026-05-16T16:28:47.878622,GET,/api/articles/list/small/,1521.46,23002,0,
2026-05-16T16:28:47.880519,GET,/api/articles/list/small/,1477.59,23002,0,
2026-05-16T16:28:47.884826,GET,/api/articles/list/large/,1582.02,471824,0,
2026-05-16T16:28:47.923975,POST,/api/articles/analyze/,1568.68,58,0,
2026-05-16T16:28:47.950704,POST,/api/articles/bulk/,1527.34,34,0,
2026-05-16T16:28:47.952106,GET,/api/articles/list/large/,1542.47,471824,0,
2026-05-16T16:28:47.953235,POST,/api/articles/bulk/,1480.57,34,0,
2026-05-16T16:28:48.018897,POST,/api/articles/bulk/,1602.47,34,0,
2026-05-16T16:28:48.020516,POST,/api/articles/analyze/,1548.23,58,0,
2026-05-16T16:28:48.022683,GET,/api/articles/list/large/,1558.26,471824,0,
2026-05-16T16:28:48.030661,POST,/api/articles/bulk/,1616.26,34,0,
2026-05-16T16:28:48.035450,POST,/api/articles/bulk/,1455.01,34,0,
2026-05-16T16:28:48.054452,GET,/api/articles/list/large/,1562.86,471824,0,
2026-05-16T16:28:48.054991,POST,/api/articles/bulk/,1537.55,34,0,
2026-05-16T16:28:48.058760,POST,/api/articles/analyze/,1525.49,58,0,
2026-05-16T16:28:48.060138,POST,/api/articles/analyze/,1549.54,58,0,
2026-05-16T16:28:48.060541,POST,/api/articles/bulk/,1536.22,34,0,
2026-05-16T16:28:48.099265,GET,/api/articles/list/small/,1576.68,23002,0,
2026-05-16T16:28:48.113336,POST,/api/articles/analyze/,1498.16,58,0,
2026-05-16T16:28:48.113938,POST,/api/articles/analyze/,1477.03,58,0,
2026-05-16T16:28:48.121906,GET,/api/articles/list/small/,1390.43,23002,0,
2026-05-16T16:28:48.126057,GET,/api/articles/list/small/,1514.14,23002,0,
2026-05-16T16:28:48.159565,POST,/api/articles/analyze/,1533.51,58,0,
2026-05-16T16:28:48.173529,POST,/api/articles/analyze/,1524.4,58,0,
2026-05-16T16:28:48.173934,POST,/api/articles/bulk/,1497.45,34,0,
2026-05-16T16:28:48.174813,GET,/api/articles/list/small/,1500.57,23002,0,
2026-05-16T16:28:48.175740,GET,/api/articles/list/small/,1530.64,23002,0,
2026-05-16T16:28:48.177633,GET,/api/articles/list/large/,1528.84,471824,0,
2026-05-16T16:28:48.299382,GET,/api/articles/list/large/,1563.09,471824,0,
2026-05-16T16:28:48.300353,GET,/api/articles/list/small/,1499.59,23002,0,
2026-05-16T16:28:48.300962,POST,/api/articles/bulk/,1561.99,34,0,
2026-05-16T16:28:48.301914,POST,/api/articles/bulk/,1508.65,34,0,
2026-05-16T16:28:48.303001,POST,/api/articles/bulk/,1543.58,34,0,
2026-05-16T16:28:48.346178,POST,/api/articles/bulk/,1548.4,34,0,
2026-05-16T16:28:48.351995,GET,/api/articles/list/large/,1595.26,471824,0,
2026-05-16T16:28:48.352642,GET,/api/articles/list/small/,1582.22,23002,0,
2026-05-16T16:28:48.354329,POST,/api/articles/bulk/,1580.09,34,0,
2026-05-16T16:28:48.433417,POST,/api/articles/analyze/,1595.22,58,0,
2026-05-16T16:28:48.434124,GET,/api/articles/list/small/,1620.85,23002,0,
2026-05-16T16:28:48.434646,POST,/api/articles/bulk/,1614.63,34,0,
2026-05-16T16:28:48.437865,GET,/api/articles/list/large/,1576.07,471824,0,
2026-05-16T16:28:48.477254,GET,/api/articles/list/large/,1629.19,471824,0,
2026-05-16T16:28:48.497686,GET,/api/articles/list/small/,1530.99,23002,0,
2026-05-16T16:28:48.510591,GET,/api/articles/list/large/,1571.7,471824,0,
2026-05-16T16:28:48.511375,POST,/api/articles/bulk/,1500.18,34,0,
2026-05-16T16:28:48.516932,GET,/api/articles/list/small/,1578.47,23002,0,
2026-05-16T16:28:48.522869,GET,/api/articles/list/small/,1434.38,23002,0,
2026-05-16T16:28:48.524528,POST,/api/articles/analyze/,1339.92,58,0,
2026-05-16T16:28:48.524986,POST,/api/articles/analyze/,1423.71,58,0,
2026-05-16T16:28:48.525358,GET,/api/articles/list/small/,1461.84,23002,0,
2026-05-16T16:28:48.525790,POST,/api/articles/bulk/,1337.43,34,0,
2026-05-16T16:28:48.526602,GET,/api/articles/list/large/,1345.61,471824,0,
2026-05-16T16:28:48.563784,POST,/api/articles/bulk/,1385.9,34,0,
2026-05-16T16:28:48.569616,GET,/api/articles/list/large/,1420.4,471824,0,
2026-05-16T16:28:48.577902,GET,/api/articles/list/small/,1466.73,23002,0,
2026-05-16T16:28:48.638008,GET,/api/articles/list/large/,1418.94,471824,0,
2026-05-16T16:28:48.655281,POST,/api/articles/analyze/,1378.72,58,0,
2026-05-16T16:28:48.656992,GET,/api/articles/list/small/,1372.51,23002,0,
2026-05-16T16:28:48.688593,POST,/api/articles/analyze/,1394.27,58,0,
2026-05-16T16:28:48.696850,GET,/api/articles/list/large/,1384.19,471824,0,
2026-05-16T16:28:48.773249,GET,/api/articles/list/small/,1428.74,23002,0,
2026-05-16T16:28:48.774166,GET,/api/articles/list/large/,1429.27,471824,0,
2026-05-16T16:28:48.776019,POST,/api/articles/analyze/,1328.32,58,0,
2026-05-16T16:28:48.777544,POST,/api/articles/bulk/,1422.85,34,0,
2026-05-16T16:28:48.779379,GET,/api/articles/list/large/,1412.45,471824,0,
2026-05-16T16:28:48.786060,GET,/api/articles/list/large/,1397.35,471824,0,
2026-05-16T16:28:48.822364,POST,/api/articles/analyze/,1434.08,58,0,
2026-05-16T16:28:48.826806,POST,/api/articles/analyze/,1489.96,58,0,
2026-05-16T16:28:48.850919,GET,/api/articles/list/large/,1336.38,471824,0,
2026-05-16T16:28:48.852189,GET,/api/articles/list/large/,1391.72,471824,0,
2026-05-16T16:28:48.854306,GET,/api/articles/list/large/,1331.01,471824,0,
2026-05-16T16:28:48.878175,GET,/api/articles/list/small/,1347.15,23002,0,
2026-05-16T16:28:48.879635,GET,/api/articles/list/large/,1332.22,471824,0,
2026-05-16T16:28:48.908174,GET,/api/articles/list/small/,1326.51,23002,0,
2026-05-16T16:28:48.911737,POST,/api/articles/analyze/,1245.05,58,0,
2026-05-16T16:28:48.917782,POST,/api/articles/analyze/,1346.24,58,0,
2026-05-16T16:28:48.972440,GET,/api/articles/list/large/,1239.22,471824,0,
2026-05-16T16:28:49.026611,POST,/api/articles/bulk/,1304.84,34,0,
2026-05-16T16:28:49.029166,POST,/api/articles/analyze/,1338.46,58,0,
2026-05-16T16:28:49.031587,POST,/api/articles/analyze/,1287.75,58,0,
2026-05-16T16:28:49.038674,POST,/api/articles/bulk/,1254.67,34,0,
2026-05-16T16:28:49.044732,POST,/api/articles/bulk/,1262.96,34,0,
2026-05-16T16:28:49.050036,GET,/api/articles/list/large/,1196.43,471824,0,
2026-05-16T16:28:49.051767,POST,/api/articles/analyze/,1248.32,58,0,
2026-05-16T16:28:49.065113,GET,/api/articles/list/large/,1123.88,471824,0,
2026-05-16T16:28:49.074703,GET,/api/articles/list/large/,1175.6,471824,0,
2026-05-16T16:28:49.076041,GET,/api/articles/list/large/,1176.43,471824,0,
2026-05-16T16:28:49.116512,POST,/api/articles/analyze/,1120.05,58,0,
2026-05-16T16:28:49.117309,GET,/api/articles/list/small/,1117.26,23002,0,
2026-05-16T16:28:49.118242,POST,/api/articles/bulk/,1118.85,34,0,
2026-05-16T16:28:49.120038,POST,/api/articles/analyze/,1079.38,58,0,
2026-05-16T16:28:49.124224,GET,/api/articles/list/large/,1090.38,471824,0,
2026-05-16T16:28:49.148415,POST,/api/articles/bulk/,1043.88,34,0,
2026-05-16T16:28:49.158580,GET,/api/articles/list/small/,1061.56,23002,0,
2026-05-16T16:28:49.171287,POST,/api/articles/analyze/,1025.22,58,0,
2026-05-16T16:28:49.180394,GET,/api/articles/list/small/,1054.82,23002,0,
2026-05-16T16:28:49.181060,GET,/api/articles/list/small/,1073.29,23002,0,
2026-05-16T16:28:49.213087,POST,/api/articles/bulk/,1082.53,34,0,
2026-05-16T16:28:49.233569,POST,/api/articles/analyze/,1102.32,58,0,
2026-05-16T16:28:49.248046,GET,/api/articles/list/small/,1109.83,23002,0,
2026-05-16T16:28:49.250529,POST,/api/articles/analyze/,997.24,58,0,
2026-05-16T16:28:49.252222,POST,/api/articles/analyze/,998.15,58,0,
2026-05-16T16:28:49.253277,POST,/api/articles/bulk/,1050.38,34,0,
2026-05-16T16:28:49.254955,POST,/api/articles/bulk/,1026.86,34,0,
2026-05-16T16:28:49.259129,GET,/api/articles/list/large/,980.32,471824,0,
2026-05-16T16:28:49.271766,POST,/api/articles/analyze/,977.07,58,0,
2026-05-16T16:28:49.273240,POST,/api/articles/bulk/,911.94,34,0,
2026-05-16T16:28:49.286316,GET,/api/articles/list/small/,931.76,23002,0,
2026-05-16T16:28:49.302000,GET,/api/articles/list/large/,922.49,471824,0,
2026-05-16T16:28:49.304644,GET,/api/articles/list/small/,930.06,23002,0,
2026-05-16T16:28:49.308611,GET,/api/articles/list/small/,920.13,23002,0,
2026-05-16T16:28:49.309387,POST,/api/articles/analyze/,882.01,58,0,
2026-05-16T16:28:49.310521,POST,/api/articles/analyze/,879.13,58,0,
2026-05-16T16:28:49.311469,GET,/api/articles/list/small/,1012.73,23002,0,
2026-05-16T16:28:49.380418,POST,/api/articles/analyze/,944.54,58,0,
2026-05-16T16:28:49.396177,POST,/api/articles/analyze/,927.11,58,0,
2026-05-16T16:28:49.397660,GET,/api/articles/list/small/,938.52,23002,0,
2026-05-16T16:28:49.404889,GET,/api/articles/list/large/,895.18,471824,0,
2026-05-16T16:28:49.449312,POST,/api/articles/analyze/,930.14,58,0,
2026-05-16T16:28:49.450487,GET,/api/articles/list/small/,898.24,23002,0,
2026-05-16T16:28:49.451405,GET,/api/articles/list/small/,920.63,23002,0,
2026-05-16T16:28:49.453142,POST,/api/articles/analyze/,872.06,58,0,
2026-05-16T16:28:49.456999,POST,/api/articles/bulk/,917.42,34,0,
2026-05-16T16:28:49.460353,POST,/api/articles/analyze/,885.43,58,0,
2026-05-16T16:28:49.466389,POST,/api/articles/analyze/,874.4,58,0,
2026-05-16T16:28:49.470962,GET,/api/articles/list/small/,846.16,23002,0,
2026-05-16T16:28:49.509503,POST,/api/articles/analyze/,876.24,58,0,
2026-05-16T16:28:49.510148,POST,/api/articles/analyze/,921.16,58,0,
2026-05-16T16:28:49.515933,GET,/api/articles/list/small/,895.01,23002,0,
2026-05-16T16:28:49.516319,POST,/api/articles/bulk/,866.05,34,0,
2026-05-16T16:28:49.518494,GET,/api/articles/list/large/,828.68,471824,0,
2026-05-16T16:28:49.519675,GET,/api/articles/list/small/,868.29,23002,0,
2026-05-16T16:28:49.522630,POST,/api/articles/bulk/,769.28,34,0,
2026-05-16T16:28:49.527771,POST,/api/articles/analyze/,835.06,58,0,
2026-05-16T16:28:49.530095,POST,/api/articles/bulk/,852.83,34,0,
2026-05-16T16:28:49.530902,POST,/api/articles/bulk/,819.9,34,0,
2026-05-16T16:28:49.532771,POST,/api/articles/analyze/,828.66,58,0,
2026-05-16T16:28:49.533698,POST,/api/articles/analyze/,794.39,58,0,
2026-05-16T16:28:49.539818,GET,/api/articles/list/small/,855.34,23002,0,
2026-05-16T16:28:49.540503,POST,/api/articles/bulk/,824.41,34,0,
2026-05-16T16:28:49.559951,GET,/api/articles/list/small/,756.56,23002,0,
2026-05-16T16:28:49.599169,GET,/api/articles/list/small/,752.34,23002,0,
2026-05-16T16:28:49.602555,GET,/api/articles/list/small/,743.96,23002,0,
2026-05-16T16:28:49.605508,POST,/api/articles/bulk/,759.6,34,0,
2026-05-16T16:28:49.606808,GET,/api/articles/list/small/,763.71,23002,0,
2026-05-16T16:28:49.618302,GET,/api/articles/list/large/,743.95,471824,0,
2026-05-16T16:28:49.660032,GET,/api/articles/list/large/,788.63,471824,0,
2026-05-16T16:28:49.725980,POST,/api/articles/analyze/,801.92,58,0,
2026-05-16T16:28:49.726541,POST,/api/articles/analyze/,822.72,58,0,
2026-05-16T16:28:49.733102,GET,/api/articles/list/small/,773.69,23002,0,
2026-05-16T16:28:49.740289,GET,/api/articles/list/small/,809.35,23002,0,
2026-05-16T16:28:49.752064,GET,/api/articles/list/large/,810.41,471824,0,
2026-05-16T16:28:49.848798,GET,/api/articles/list/large/,793.84,471824,0,
2026-05-16T16:28:49.866783,POST,/api/articles/analyze/,780.52,58,0,
2026-05-16T16:28:49.876478,POST,/api/articles/bulk/,734.93,34,0,
2026-05-16T16:28:49.877733,POST,/api/articles/bulk/,790.98,34,0,
2026-05-16T16:28:49.914152,GET,/api/articles/list/small/,812.16,23002,0,
2026-05-16T16:28:49.928875,GET,/api/articles/list/large/,778.22,471824,0,
2026-05-16T16:28:49.945423,POST,/api/articles/bulk/,770.89,34,0,
2026-05-16T16:28:49.954159,GET,/api/articles/list/large/,730.83,471824,0,
2026-05-16T16:28:49.957429,GET,/api/articles/list/small/,716.65,23002,0,
2026-05-16T16:28:49.964324,GET,/api/articles/list/large/,721.75,471824,0,
2026-05-16T16:28:49.970376,POST,/api/articles/bulk/,716.34,34,0,
2026-05-16T16:28:50.026233,POST,/api/articles/bulk/,768.49,34,0,
2026-05-16T16:28:50.028153,GET,/api/articles/list/small/,782.82,23002,0,
2026-05-16T16:28:50.036182,GET,/api/articles/list/large/,755.12,471824,0,
2026-05-16T16:28:50.041615,GET,/api/articles/list/small/,742.91,23002,0,
2026-05-16T16:28:50.085571,POST,/api/articles/analyze/,825.21,58,0,
2026-05-16T16:28:50.099308,GET,/api/articles/list/small/,749.13,23002,0,
2026-05-16T16:28:50.106797,GET,/api/articles/list/large/,805.71,471824,0,
2026-05-16T16:28:50.116145,GET,/api/articles/list/small/,788.71,23002,0,
2026-05-16T16:28:50.125141,GET,/api/articles/list/small/,768.15,23002,0,
2026-05-16T16:28:50.125566,POST,/api/articles/analyze/,737.1,58,0,
2026-05-16T16:28:50.126278,POST,/api/articles/analyze/,807.62,58,0,
2026-05-16T16:28:50.131232,GET,/api/articles/list/small/,744.57,23002,0,
2026-05-16T16:28:50.236666,GET,/api/articles/list/large/,813.51,471824,0,
2026-05-16T16:28:50.238853,POST,/api/articles/analyze/,790.75,58,0,
2026-05-16T16:28:50.241615,GET,/api/articles/list/small/,789.21,23002,0,
2026-05-16T16:28:50.272238,GET,/api/articles/list/small/,815.7,23002,0,
2026-05-16T16:28:50.284294,GET,/api/articles/list/small/,800.07,23002,0,
2026-05-16T16:28:50.286616,GET,/api/articles/list/small/,777.66,23002,0,
2026-05-16T16:28:50.292326,POST,/api/articles/bulk/,753.53,34,0,
2026-05-16T16:28:50.308471,GET,/api/articles/list/small/,748.35,23002,0,
2026-05-16T16:28:50.311861,GET,/api/articles/list/small/,774.98,23002,0,
2026-05-16T16:28:50.316515,GET,/api/articles/list/large/,764.61,471824,0,
2026-05-16T16:28:50.320689,POST,/api/articles/bulk/,770.94,34,0,
2026-05-16T16:28:50.458923,POST,/api/articles/analyze/,862.54,58,0,
2026-05-16T16:28:50.459725,POST,/api/articles/analyze/,873.02,58,0,
2026-05-16T16:28:50.461018,GET,/api/articles/list/small/,889.02,23002,0,
2026-05-16T16:28:50.462894,POST,/api/articles/analyze/,879.06,58,0,
2026-05-16T16:28:50.465188,GET,/api/articles/list/large/,872.73,471824,0,
2026-05-16T16:28:50.478007,POST,/api/articles/analyze/,860.99,58,0,
2026-05-16T16:28:50.479245,POST,/api/articles/bulk/,837.85,34,0,
2026-05-16T16:28:50.479856,POST,/api/articles/analyze/,820.94,58,0,
2026-05-16T16:28:50.482660,POST,/api/articles/bulk/,851.45,34,0,
2026-05-16T16:28:50.483470,POST,/api/articles/bulk/,862.62,34,0,
2026-05-16T16:28:50.483950,POST,/api/articles/bulk/,857.87,34,0,
2026-05-16T16:28:50.516193,GET,/api/articles/list/large/,812.51,471824,0,
2026-05-16T16:28:50.519955,GET,/api/articles/list/large/,807.63,471824,0,
2026-05-16T16:28:50.526026,GET,/api/articles/list/large/,785.58,471824,0,
2026-05-16T16:28:50.528601,POST,/api/articles/analyze/,803.79,58,0,
2026-05-16T16:28:50.531577,GET,/api/articles/list/small/,781.26,23002,0,
2026-05-16T16:28:50.728793,POST,/api/articles/bulk/,920.54,34,0,
2026-05-16T16:28:50.747272,GET,/api/articles/list/small/,885.27,23002,0,
2026-05-16T16:28:50.757922,GET,/api/articles/list/small/,896.86,23002,0,
2026-05-16T16:28:50.875892,GET,/api/articles/list/small/,1000.23,23002,0,
2026-05-16T16:28:50.959553,GET,/api/articles/list/large/,1081.7,471824,0,
2026-05-16T16:28:50.961546,GET,/api/articles/list/large/,1040.12,471824,0,
2026-05-16T16:28:50.962648,GET,/api/articles/list/large/,1085.82,471824,0,
2026-05-16T16:28:50.963037,POST,/api/articles/analyze/,1071.58,58,0,
2026-05-16T16:28:50.965870,GET,/api/articles/list/large/,1061.44,471824,0,
2026-05-16T16:28:51.099118,POST,/api/articles/bulk/,1124.48,34,0,
2026-05-16T16:28:51.111905,POST,/api/articles/analyze/,1083.4,58,0,
2026-05-16T16:28:51.127998,POST,/api/articles/analyze/,1048.27,58,0,
2026-05-16T16:28:51.130557,POST,/api/articles/analyze/,1103.11,58,0,
2026-05-16T16:28:51.177951,POST,/api/articles/analyze/,1126.11,58,0,
2026-05-16T16:28:51.194273,GET,/api/articles/list/small/,1112.43,23002,0,
2026-05-16T16:28:51.195127,GET,/api/articles/list/large/,1121.82,471824,0,
2026-05-16T16:28:51.198263,POST,/api/articles/analyze/,1084.19,58,0,
2026-05-16T16:28:51.204269,GET,/api/articles/list/small/,1121.96,23002,0,
2026-05-16T16:28:51.205219,GET,/api/articles/list/small/,1137.48,23002,0,
2026-05-16T16:28:51.206276,GET,/api/articles/list/small/,1121.42,23002,0,
2026-05-16T16:28:51.222654,POST,/api/articles/bulk/,1052.34,34,0,
2026-05-16T16:28:51.225240,GET,/api/articles/list/large/,1055.9,471824,0,
2026-05-16T16:28:51.226052,POST,/api/articles/analyze/,1057.04,58,0,
2026-05-16T16:28:51.228461,POST,/api/articles/analyze/,1099.01,58,0,
2026-05-16T16:28:51.268163,GET,/api/articles/list/large/,1099.64,471824,0,
2026-05-16T16:28:51.282248,POST,/api/articles/bulk/,1068.19,34,0,
2026-05-16T16:28:51.283090,GET,/api/articles/list/large/,1070.83,471824,0,
2026-05-16T16:28:51.284281,GET,/api/articles/list/large/,1046.44,471824,0,
2026-05-16T16:28:51.320380,GET,/api/articles/list/large/,1110.12,471824,0,
2026-05-16T16:28:51.394423,GET,/api/articles/list/large/,1135.23,471824,0,
2026-05-16T16:28:51.623014,POST,/api/articles/bulk/,1328.23,34,0,
2026-05-16T16:28:51.625548,GET,/api/articles/list/small/,1347.96,23002,0,
2026-05-16T16:28:51.627001,POST,/api/articles/bulk/,1347.13,34,0,
2026-05-16T16:28:51.634941,POST,/api/articles/analyze/,1349.4,58,0,
2026-05-16T16:28:51.647210,GET,/api/articles/list/large/,1350.89,471824,0,
2026-05-16T16:28:51.704522,POST,/api/articles/analyze/,1384.79,58,0,
2026-05-16T16:28:51.709186,GET,/api/articles/list/small/,1411.76,23002,0,
2026-05-16T16:28:51.751411,POST,/api/articles/analyze/,1287.77,58,0,
2026-05-16T16:28:51.788192,GET,/api/articles/list/small/,1433.93,23002,0,
2026-05-16T16:28:51.789741,POST,/api/articles/analyze/,1403.96,58,0,
2026-05-16T16:28:51.790514,POST,/api/articles/bulk/,1327.51,34,0,
2026-05-16T16:28:51.791612,POST,/api/articles/bulk/,1406.65,34,0,
2026-05-16T16:28:51.792380,POST,/api/articles/analyze/,1351.57,58,0,
2026-05-16T16:28:51.793434,GET,/api/articles/list/small/,1372.53,23002,0,
2026-05-16T16:28:51.797374,GET,/api/articles/list/large/,1444.98,471824,0,
2026-05-16T16:28:51.798668,POST,/api/articles/analyze/,1407.83,58,0,
2026-05-16T16:28:51.799989,POST,/api/articles/analyze/,1389.05,58,0,
2026-05-16T16:28:51.905529,GET,/api/articles/list/small/,1428.37,23002,0,
2026-05-16T16:28:51.982184,GET,/api/articles/list/small/,1483.01,23002,0,
2026-05-16T16:28:51.995074,GET,/api/articles/list/large/,1488.73,471824,0,
2026-05-16T16:28:52.017418,GET,/api/articles/list/large/,1490.13,471824,0,
2026-05-16T16:28:52.018008,POST,/api/articles/bulk/,1488.17,34,0,
2026-05-16T16:28:52.050569,GET,/api/articles/list/large/,1511.77,471824,0,
2026-05-16T16:28:52.051727,GET,/api/articles/list/large/,1472.74,471824,0,
2026-05-16T16:28:52.052166,GET,/api/articles/list/small/,1364.57,23002,0,
2026-05-16T16:28:52.052584,POST,/api/articles/bulk/,1346.78,34,0,
2026-05-16T16:28:52.053522,GET,/api/articles/list/small/,1444.93,23002,0,
2026-05-16T16:28:52.054324,POST,/api/articles/analyze/,1490.66,58,0,
2026-05-16T16:28:52.054999,GET,/api/articles/list/small/,1402.37,23002,0,
2026-05-16T16:28:52.055350,POST,/api/articles/bulk/,1474.41,34,0,
2026-05-16T16:28:52.056102,POST,/api/articles/bulk/,1273.4,34,0,
2026-05-16T16:28:52.058285,GET,/api/articles/list/large/,1426.66,471824,0,
2026-05-16T16:28:52.059860,POST,/api/articles/bulk/,1463.57,34,0,
2026-05-16T16:28:52.061973,GET,/api/articles/list/large/,1385.31,471824,0,
2026-05-16T16:28:52.062819,GET,/api/articles/list/small/,1443.29,23002,0,
2026-05-16T16:28:52.064286,GET,/api/articles/list/large/,1412.51,471824,0,
2026-05-16T16:28:52.064767,POST,/api/articles/bulk/,1365.2,34,0,
2026-05-16T16:28:52.067209,POST,/api/articles/bulk/,1424.56,34,0,
2026-05-16T16:28:52.072929,POST,/api/articles/analyze/,1428.15,58,0,
2026-05-16T16:28:52.076741,GET,/api/articles/list/large/,1352.45,471824,0,
2026-05-16T16:28:52.078517,POST,/api/articles/bulk/,1352.22,34,0,
2026-05-16T16:28:52.078957,GET,/api/articles/list/small/,1351.66,23002,0,
2026-05-16T16:28:52.089343,POST,/api/articles/bulk/,1375.3,34,0,
2026-05-16T16:28:52.092244,POST,/api/articles/analyze/,1265.56,58,0,
2026-05-16T16:28:52.096346,POST,/api/articles/bulk/,1335.22,34,0,
2026-05-16T16:28:52.097824,POST,/api/articles/analyze/,1296.79,58,0,
2026-05-16T16:28:52.138705,GET,/api/articles/list/small/,1316.64,23002,0,
2026-05-16T16:28:52.140256,POST,/api/articles/bulk/,1359.8,34,0,
2026-05-16T16:28:52.141049,POST,/api/articles/bulk/,1318.54,34,0,
2026-05-16T16:28:52.164386,POST,/api/articles/analyze/,1267.36,58,0,
2026-05-16T16:28:52.165344,GET,/api/articles/list/small/,1329.91,23002,0,
2026-05-16T16:28:52.167994,GET,/api/articles/list/large/,1336.38,471824,0,
2026-05-16T16:28:52.204276,GET,/api/articles/list/large/,1273.2,471824,0,
2026-05-16T16:28:52.205141,GET,/api/articles/list/small/,1330.61,23002,0,
2026-05-16T16:28:52.205529,POST,/api/articles/analyze/,1320.66,58,0,
2026-05-16T16:28:52.207621,POST,/api/articles/analyze/,1324.71,58,0,
2026-05-16T16:28:52.213950,GET,/api/articles/list/small/,1320.29,23002,0,
2026-05-16T16:28:52.224313,GET,/api/articles/list/small/,1349.19,23002,0,
2026-05-16T16:28:52.232417,POST,/api/articles/bulk/,1366.27,34,0,
2026-05-16T16:28:52.246494,GET,/api/articles/list/small/,1349.86,23002,0,
2026-05-16T16:28:52.365579,POST,/api/articles/analyze/,1290.99,58,0,
2026-05-16T16:28:52.366919,POST,/api/articles/bulk/,1376.42,34,0,
2026-05-16T16:28:52.367770,POST,/api/articles/analyze/,1407.68,58,0,
2026-05-16T16:28:52.374798,POST,/api/articles/bulk/,1416.81,34,0,
2026-05-16T16:28:52.445763,GET,/api/articles/list/small/,1445.84,23002,0,
2026-05-16T16:28:52.459595,GET,/api/articles/list/large/,1502.62,471824,0,
2026-05-16T16:28:52.461012,GET,/api/articles/list/large/,1462.19,471824,0,
2026-05-16T16:28:52.478611,GET,/api/articles/list/large/,1402.12,471824,0,
2026-05-16T16:28:52.481867,POST,/api/articles/analyze/,1456.07,58,0,
2026-05-16T16:28:52.484381,POST,/api/articles/analyze/,1417.89,58,0,
2026-05-16T16:28:52.489978,POST,/api/articles/bulk/,1424.25,34,0,
2026-05-16T16:28:52.510376,GET,/api/articles/list/small/,1432.23,23002,0,
2026-05-16T16:28:52.550928,POST,/api/articles/analyze/,1442.48,58,0,
2026-05-16T16:28:52.617758,POST,/api/articles/bulk/,1504.57,34,0,
2026-05-16T16:28:52.618619,POST,/api/articles/analyze/,1432.42,58,0,
2026-05-16T16:28:52.629127,POST,/api/articles/bulk/,1503.79,34,0,
2026-05-16T16:28:52.716961,POST,/api/articles/analyze/,1523.97,58,0,
2026-05-16T16:28:52.757623,POST,/api/articles/bulk/,1488.23,34,0,
2026-05-16T16:28:52.760191,POST,/api/articles/bulk/,1510.46,34,0,
2026-05-16T16:28:52.763437,GET,/api/articles/list/large/,1480.23,471824,0,
2026-05-16T16:28:52.820555,GET,/api/articles/list/large/,1482.77,471824,0,
2026-05-16T16:28:52.822836,GET,/api/articles/list/small/,1535.1,23002,0,
2026-05-16T16:28:52.827245,GET,/api/articles/list/small/,1536.78,23002,0,
2026-05-16T16:28:52.841275,GET,/api/articles/list/large/,1399.97,471824,0,
2026-05-16T16:28:52.841748,POST,/api/articles/analyze/,1477.26,58,0,
2026-05-16T16:28:52.842122,POST,/api/articles/bulk/,1482.42,34,0,
2026-05-16T16:28:52.842441,POST,/api/articles/analyze/,1479.62,58,0,
2026-05-16T16:28:52.843291,POST,/api/articles/bulk/,1440.64,34,0,
2026-05-16T16:28:52.844269,GET,/api/articles/list/large/,1346.69,471824,0,
2026-05-16T16:28:52.845177,GET,/api/articles/list/large/,1301.15,471824,0,
2026-05-16T16:28:52.845605,POST,/api/articles/analyze/,1370.98,58,0,
2026-05-16T16:28:52.845954,POST,/api/articles/bulk/,1477.1,34,0,
2026-05-16T16:28:52.846273,POST,/api/articles/analyze/,1480.04,58,0,
2026-05-16T16:28:52.846588,POST,/api/articles/bulk/,1317.33,34,0,
2026-05-16T16:28:52.846928,POST,/api/articles/bulk/,1417.79,34,0,
2026-05-16T16:28:52.848215,GET,/api/articles/list/large/,1297.34,471824,0,
2026-05-16T16:28:52.849067,GET,/api/articles/list/large/,1392.31,471824,0,
2026-05-16T16:28:52.850345,GET,/api/articles/list/small/,1355.69,23002,0,
2026-05-16T16:28:52.853890,POST,/api/articles/analyze/,1338.65,58,0,
2026-05-16T16:28:52.856335,POST,/api/articles/bulk/,1394.83,34,0,
2026-05-16T16:28:52.857109,POST,/api/articles/bulk/,1446.17,34,0,
2026-05-16T16:28:52.857784,POST,/api/articles/analyze/,1324.5,58,0,
2026-05-16T16:28:52.859045,POST,/api/articles/analyze/,1327.47,58,0,
2026-05-16T16:28:52.862839,GET,/api/articles/list/small/,1285.36,23002,0,
2026-05-16T16:28:52.863704,POST,/api/articles/bulk/,1415.61,34,0,
2026-05-16T16:28:52.865618,POST,/api/articles/analyze/,1357.37,58,0,
2026-05-16T16:28:52.866562,POST,/api/articles/analyze/,1416.46,58,0,
2026-05-16T16:28:52.877111,GET,/api/articles/list/small/,1261.74,23002,0,
2026-05-16T16:28:52.879556,GET,/api/articles/list/small/,1236.36,23002,0,
2026-05-16T16:28:52.885231,POST,/api/articles/analyze/,1219.82,58,0,
2026-05-16T16:28:52.903676,POST,/api/articles/bulk/,1199.02,34,0,
2026-05-16T16:28:52.904512,GET,/api/articles/list/large/,1173.56,471824,0,
2026-05-16T16:28:52.904890,POST,/api/articles/bulk/,1139.25,34,0,
2026-05-16T16:28:52.905488,POST,/api/articles/bulk/,1018.92,34,0,
2026-05-16T16:28:52.906047,GET,/api/articles/list/small/,1163.29,23002,0,
2026-05-16T16:28:52.907130,POST,/api/articles/analyze/,1188.28,58,0,
2026-05-16T16:28:52.910556,GET,/api/articles/list/small/,1192.14,23002,0,
2026-05-16T16:28:52.916138,POST,/api/articles/bulk/,1170.58,34,0,
2026-05-16T16:28:52.916976,GET,/api/articles/list/small/,1235.63,23002,0,
2026-05-16T16:28:52.929198,GET,/api/articles/list/large/,1145.28,471824,0,
2026-05-16T16:28:52.983585,GET,/api/articles/list/large/,1166.15,471824,0,
2026-05-16T16:28:52.986801,POST,/api/articles/bulk/,1171.57,34,0,
2026-05-16T16:28:52.988284,POST,/api/articles/analyze/,1094.49,58,0,
2026-05-16T16:28:52.999784,GET,/api/articles/list/large/,1039.84,471824,0,
2026-05-16T16:28:53.000294,POST,/api/articles/analyze/,1069.17,58,0,
2026-05-16T16:28:53.002503,POST,/api/articles/bulk/,1091.49,34,0,
2026-05-16T16:28:53.004308,POST,/api/articles/bulk/,1067.3,34,0,
2026-05-16T16:28:53.005590,POST,/api/articles/analyze/,1093.8,58,0,
2026-05-16T16:28:53.007373,GET,/api/articles/list/small/,1102.73,23002,0,
2026-05-16T16:28:53.013541,POST,/api/articles/bulk/,1054.4,34,0,
2026-05-16T16:28:53.021758,GET,/api/articles/list/small/,1028.05,23002,0,
2026-05-16T16:28:53.022872,POST,/api/articles/analyze/,1025.32,58,0,
2026-05-16T16:28:53.064412,GET,/api/articles/list/large/,1086.37,471824,0,
2026-05-16T16:28:53.066765,POST,/api/articles/bulk/,1074.46,34,0,
2026-05-16T16:28:53.067468,POST,/api/articles/analyze/,1063.02,58,0,
2026-05-16T16:28:53.078081,POST,/api/articles/analyze/,1031.18,58,0,
2026-05-16T16:28:53.078504,GET,/api/articles/list/small/,1024.86,23002,0,
2026-05-16T16:28:53.078857,GET,/api/articles/list/small/,1001.2,23002,0,
2026-05-16T16:28:53.134723,POST,/api/articles/bulk/,1006.64,34,0,
2026-05-16T16:28:53.172369,POST,/api/articles/analyze/,977.12,58,0,
2026-05-16T16:28:53.213482,GET,/api/articles/list/small/,817.53,23002,0,
2026-05-16T16:28:53.221589,POST,/api/articles/analyze/,979.88,58,0,
2026-05-16T16:28:53.222213,GET,/api/articles/list/small/,848.21,23002,0,
2026-05-16T16:28:53.222987,POST,/api/articles/bulk/,884.26,34,0,
2026-05-16T16:28:53.224084,GET,/api/articles/list/large/,981.83,471824,0,
2026-05-16T16:28:53.225497,GET,/api/articles/list/small/,910.87,23002,0,
2026-05-16T16:28:53.225855,POST,/api/articles/analyze/,781.8,58,0,
2026-05-16T16:28:53.231904,GET,/api/articles/list/small/,887.02,23002,0,
2026-05-16T16:28:53.232450,GET,/api/articles/list/small/,948.71,23002,0,
2026-05-16T16:28:53.235402,POST,/api/articles/analyze/,857.22,58,0,
2026-05-16T16:28:53.236954,POST,/api/articles/bulk/,819.06,34,0,
2026-05-16T16:28:53.253061,POST,/api/articles/analyze/,761.85,58,0,
2026-05-16T16:28:53.293313,POST,/api/articles/bulk/,810.07,34,0,
2026-05-16T16:28:53.300696,GET,/api/articles/list/large/,773.04,471824,0,
2026-05-16T16:28:53.350049,GET,/api/articles/list/small/,600.54,23002,0,
2026-05-16T16:28:53.351088,POST,/api/articles/analyze/,658.94,58,0,
2026-05-16T16:28:53.351957,POST,/api/articles/analyze/,691.72,58,0,
2026-05-16T16:28:53.354249,POST,/api/articles/analyze/,718.88,58,0,
2026-05-16T16:28:53.367066,GET,/api/articles/list/large/,651.74,471824,0,
2026-05-16T16:28:53.378396,GET,/api/articles/list/large/,572.6,471824,0,
2026-05-16T16:28:53.379889,POST,/api/articles/analyze/,574.57,58,0,
2026-05-16T16:28:53.380979,POST,/api/articles/analyze/,606.42,58,0,
2026-05-16T16:28:53.384199,POST,/api/articles/analyze/,615.56,58,0,
2026-05-16T16:28:53.385394,POST,/api/articles/analyze/,595.93,58,0,
2026-05-16T16:28:53.392176,GET,/api/articles/list/small/,575.25,23002,0,
2026-05-16T16:28:53.396692,POST,/api/articles/analyze/,570.6,58,0,
2026-05-16T16:28:53.397928,GET,/api/articles/list/large/,625.13,471824,0,
2026-05-16T16:28:53.402882,GET,/api/articles/list/small/,574.45,23002,0,
2026-05-16T16:28:53.485647,POST,/api/articles/bulk/,646.57,34,0,
2026-05-16T16:28:53.533192,GET,/api/articles/list/large/,649.29,471824,0,
2026-05-16T16:28:53.578658,POST,/api/articles/analyze/,679.21,58,0,
2026-05-16T16:28:53.593080,GET,/api/articles/list/large/,616.1,471824,0,
2026-05-16T16:28:53.623352,POST,/api/articles/analyze/,689.81,58,0,
2026-05-16T16:28:53.626838,POST,/api/articles/bulk/,691.46,34,0,
2026-05-16T16:28:53.684168,POST,/api/articles/bulk/,635.06,34,0,
2026-05-16T16:28:53.699077,POST,/api/articles/analyze/,634.5,58,0,
2026-05-16T16:28:53.718106,POST,/api/articles/analyze/,640.86,58,0,
2026-05-16T16:28:53.722142,GET,/api/articles/list/large/,633.13,471824,0,
2026-05-16T16:28:53.723956,GET,/api/articles/list/small/,612.23,23002,0,
2026-05-16T16:28:53.724670,POST,/api/articles/analyze/,643.67,58,0,
2026-05-16T16:28:53.727131,GET,/api/articles/list/large/,647.84,471824,0,
2026-05-16T16:28:53.732328,POST,/api/articles/bulk/,623.38,34,0,
2026-05-16T16:28:53.733935,POST,/api/articles/bulk/,618.59,34,0,
2026-05-16T16:28:53.741474,GET,/api/articles/list/large/,596.76,471824,0,
2026-05-16T16:28:53.742918,POST,/api/articles/bulk/,610.5,34,0,
2026-05-16T16:28:53.744282,GET,/api/articles/list/small/,544.56,23002,0,
2026-05-16T16:28:53.752405,POST,/api/articles/bulk/,619.25,34,0,
2026-05-16T16:28:53.754217,GET,/api/articles/list/large/,612.2,471824,0,
2026-05-16T16:28:53.766507,POST,/api/articles/analyze/,541.74,58,0,
2026-05-16T16:28:53.768056,GET,/api/articles/list/small/,551.35,23002,0,
2026-05-16T16:28:53.783584,GET,/api/articles/list/large/,556.24,471824,0,
2026-05-16T16:28:53.816641,GET,/api/articles/list/large/,571.51,471824,0,
2026-05-16T16:28:53.826939,POST,/api/articles/bulk/,566.68,34,0,
2026-05-16T16:28:53.831961,POST,/api/articles/analyze/,565.93,58,0,
2026-05-16T16:28:53.832316,POST,/api/articles/bulk/,566.98,34,0,
2026-05-16T16:28:53.832664,GET,/api/articles/list/small/,566.05,23002,0,
2026-05-16T16:28:53.889248,GET,/api/articles/list/small/,557.31,23002,0,
2026-05-16T16:28:53.891432,POST,/api/articles/bulk/,543.56,34,0,
2026-05-16T16:28:53.904051,POST,/api/articles/bulk/,539.53,34,0,
2026-05-16T16:28:53.907941,GET,/api/articles/list/small/,537.16,23002,0,
2026-05-16T16:28:53.912679,GET,/api/articles/list/small/,537.0,23002,0,
2026-05-16T16:28:53.915683,POST,/api/articles/bulk/,525.05,34,0,
2026-05-16T16:28:53.934440,POST,/api/articles/analyze/,462.81,58,0,
2026-05-16T16:28:53.934864,GET,/api/articles/list/small/,524.6,23002,0,
2026-05-16T16:28:53.937178,POST,/api/articles/bulk/,474.67,34,0,
2026-05-16T16:28:53.942168,GET,/api/articles/list/large/,499.2,471824,0,
2026-05-16T16:28:53.947768,POST,/api/articles/bulk/,540.72,34,0,
2026-05-16T16:28:53.948557,POST,/api/articles/analyze/,502.83,58,0,
2026-05-16T16:28:53.959980,POST,/api/articles/analyze/,431.14,58,0,
2026-05-16T16:28:53.961039,POST,/api/articles/analyze/,436.12,58,0,
2026-05-16T16:28:53.966816,POST,/api/articles/bulk/,427.35,34,0,
2026-05-16T16:28:53.967678,GET,/api/articles/list/large/,404.97,471824,0,
2026-05-16T16:28:53.968604,POST,/api/articles/bulk/,421.99,34,0,
2026-05-16T16:28:53.981419,POST,/api/articles/bulk/,310.35,34,0,
2026-05-16T16:28:53.990818,POST,/api/articles/analyze/,305.41,58,0,
2026-05-16T16:28:54.030146,POST,/api/articles/bulk/,292.86,34,0,
2026-05-16T16:28:54.032617,POST,/api/articles/bulk/,337.22,34,0,
2026-05-16T16:28:54.049924,POST,/api/articles/bulk/,314.75,34,0,
2026-05-16T16:28:54.050719,GET,/api/articles/list/small/,319.4,23002,0,
2026-05-16T16:28:54.077510,POST,/api/articles/analyze/,276.71,58,0,
2026-05-16T16:28:54.081912,POST,/api/articles/analyze/,272.2,58,0,
2026-05-16T16:28:54.088370,POST,/api/articles/analyze/,238.47,58,0,
2026-05-16T16:28:54.096157,GET,/api/articles/list/small/,222.34,23002,0,
2026-05-16T16:28:54.098989,POST,/api/articles/analyze/,218.42,58,0,
2026-05-16T16:28:54.103137,GET,/api/articles/list/large/,208.21,471824,0,
2026-05-16T16:28:54.103722,POST,/api/articles/bulk/,185.58,34,0,
2026-05-16T16:28:54.105518,POST,/api/articles/analyze/,224.54,58,0,
2026-05-16T16:28:54.111934,POST,/api/articles/bulk/,200.04,34,0,
2026-05-16T16:28:54.112817,POST,/api/articles/bulk/,222.34,34,0,
2026-05-16T16:28:54.113190,GET,/api/articles/list/small/,191.39,23002,0,
2026-05-16T16:28:54.115878,POST,/api/articles/bulk/,171.52,34,0,
2026-05-16T16:28:54.121873,POST,/api/articles/analyze/,207.68,58,0,
2026-05-16T16:28:54.167600,POST,/api/articles/analyze/,222.54,58,0,
2026-05-16T16:28:54.201333,POST,/api/articles/bulk/,246.6,34,0,
2026-05-16T16:28:54.208353,GET,/api/articles/list/small/,247.2,23002,0,
2026-05-16T16:28:54.233375,POST,/api/articles/analyze/,219.29,58,0,
2026-05-16T16:28:54.238041,POST,/api/articles/bulk/,219.09,34,0,
2026-05-16T16:28:54.273103,GET,/api/articles/list/large/,222.26,471824,0,
2026-05-16T16:28:54.278735,GET,/api/articles/list/large/,241.91,471824,0,
2026-05-16T16:28:54.316756,GET,/api/articles/list/small/,265.55,23002,0,
2026-05-16T16:28:54.319363,GET,/api/articles/list/small/,267.65,23002,0,
2026-05-16T16:28:54.389483,POST,/api/articles/bulk/,308.63,34,0,
2026-05-16T16:28:54.448118,GET,/api/articles/list/large/,328.02,471824,0,
2026-05-16T16:28:54.454222,GET,/api/articles/list/large/,345.47,471824,0,
2026-05-16T16:28:54.491365,POST,/api/articles/analyze/,354.84,58,0,
2026-05-16T16:28:54.496484,GET,/api/articles/list/large/,362.49,471824,0,
2026-05-16T16:28:54.496913,GET,/api/articles/list/small/,302.4,23002,0,
2026-05-16T16:28:54.497818,GET,/api/articles/list/large/,363.37,471824,0,
2026-05-16T16:28:54.498393,POST,/api/articles/analyze/,373.32,58,0,
2026-05-16T16:28:54.502914,POST,/api/articles/analyze/,337.58,58,0,
2026-05-16T16:28:54.556988,POST,/api/articles/analyze/,394.36,58,0,
2026-05-16T16:28:54.557574,GET,/api/articles/list/small/,380.81,23002,0,
2026-05-16T16:28:54.564012,GET,/api/articles/list/small/,358.45,23002,0,
2026-05-16T16:28:54.597565,POST,/api/articles/bulk/,431.54,34,0,
2026-05-16T16:28:54.698155,GET,/api/articles/list/large/,432.44,471824,0,
2026-05-16T16:28:54.705874,GET,/api/articles/list/small/,469.42,23002,0,
2026-05-16T16:28:54.706376,POST,/api/articles/analyze/,462.4,58,0,
2026-05-16T16:28:54.711816,POST,/api/articles/analyze/,416.99,58,0,
2026-05-16T16:28:54.715930,GET,/api/articles/list/small/,443.77,23002,0,
2026-05-16T16:28:54.717477,GET,/api/articles/list/large/,476.26,471824,0,
2026-05-16T16:28:54.718308,POST,/api/articles/bulk/,454.54,34,0,
2026-05-16T16:28:54.723919,POST,/api/articles/bulk/,462.19,34,0,
2026-05-16T16:28:54.732557,POST,/api/articles/analyze/,384.9,58,0,
2026-05-16T16:28:54.734312,GET,/api/articles/list/large/,415.72,471824,0,
2026-05-16T16:28:54.734871,POST,/api/articles/bulk/,439.63,34,0,
2026-05-16T16:28:54.735406,GET,/api/articles/list/small/,405.61,23002,0,
2026-05-16T16:28:54.735981,POST,/api/articles/analyze/,452.99,58,0,
2026-05-16T16:28:54.775164,GET,/api/articles/list/large/,471.74,471824,0,
2026-05-16T16:28:54.830774,GET,/api/articles/list/large/,442.11,471824,0,
2026-05-16T16:28:55.064420,POST,/api/articles/analyze/,621.6,58,0,
2026-05-16T16:28:55.066531,GET,/api/articles/list/small/,628.61,23002,0,
2026-05-16T16:28:55.076791,GET,/api/articles/list/small/,633.6,23002,0,
2026-05-16T16:28:55.088622,GET,/api/articles/list/large/,635.87,471824,0,
2026-05-16T16:28:55.089661,GET,/api/articles/list/small/,600.29,23002,0,
2026-05-16T16:28:55.090831,POST,/api/articles/bulk/,605.58,34,0,
2026-05-16T16:28:55.093985,GET,/api/articles/list/large/,638.5,471824,0,
2026-05-16T16:28:55.105273,GET,/api/articles/list/large/,591.84,471824,0,
2026-05-16T16:28:55.107218,GET,/api/articles/list/small/,608.72,23002,0,
2026-05-16T16:28:55.110442,GET,/api/articles/list/small/,629.15,23002,0,
2026-05-16T16:28:55.112981,GET,/api/articles/list/small/,628.05,23002,0,
2026-05-16T16:28:55.113680,POST,/api/articles/analyze/,609.09,58,0,
2026-05-16T16:28:55.117766,GET,/api/articles/list/large/,645.56,471824,0,
2026-05-16T16:28:55.122078,GET,/api/articles/list/small/,617.91,23002,0,
2026-05-16T16:28:55.122835,GET,/api/articles/list/large/,586.65,471824,0,
2026-05-16T16:28:55.199127,GET,/api/articles/list/large/,615.4,471824,0,
2026-05-16T16:28:55.214349,GET,/api/articles/list/large/,676.37,471824,0,
2026-05-16T16:28:55.227039,GET,/api/articles/list/small/,644.89,23002,0,
2026-05-16T16:28:55.230130,POST,/api/articles/analyze/,651.83,58,0,
2026-05-16T16:28:55.236680,POST,/api/articles/analyze/,557.05,58,0,
2026-05-16T16:28:55.317167,GET,/api/articles/list/large/,647.33,471824,0,
2026-05-16T16:28:55.581957,GET,/api/articles/list/large/,838.69,471824,0,
2026-05-16T16:28:55.584203,GET,/api/articles/list/small/,836.34,23002,0,
2026-05-16T16:28:55.588507,GET,/api/articles/list/large/,863.34,471824,0,
2026-05-16T16:28:55.640991,POST,/api/articles/bulk/,903.76,34,0,
2026-05-16T16:28:55.673393,GET,/api/articles/list/small/,894.99,23002,0,
2026-05-16T16:28:55.677136,POST,/api/articles/analyze/,813.19,58,0,
2026-05-16T16:28:55.686350,POST,/api/articles/analyze/,906.17,58,0,
2026-05-16T16:28:55.691254,POST,/api/articles/analyze/,882.25,58,0,
2026-05-16T16:28:55.707812,GET,/api/articles/list/large/,814.37,471824,0,
2026-05-16T16:28:55.708242,GET,/api/articles/list/small/,892.32,23002,0,
2026-05-16T16:28:55.715667,GET,/api/articles/list/large/,819.5,471824,0,
2026-05-16T16:28:55.718521,GET,/api/articles/list/small/,836.95,23002,0,
2026-05-16T16:28:55.721082,POST,/api/articles/bulk/,827.1,34,0,
2026-05-16T16:28:55.773768,GET,/api/articles/list/small/,912.65,23002,0,
2026-05-16T16:28:55.775366,GET,/api/articles/list/small/,873.52,23002,0,
2026-05-16T16:28:55.807402,POST,/api/articles/bulk/,887.81,34,0,
2026-05-16T16:28:55.811204,POST,/api/articles/analyze/,840.69,58,0,
2026-05-16T16:28:55.874143,POST,/api/articles/bulk/,926.26,34,0,
2026-05-16T16:28:55.875095,GET,/api/articles/list/large/,880.08,471824,0,
2026-05-16T16:28:56.007550,GET,/api/articles/list/large/,1023.14,471824,0,
2026-05-16T16:28:56.016090,GET,/api/articles/list/small/,1028.88,23002,0,
2026-05-16T16:28:56.017964,GET,/api/articles/list/large/,1005.81,471824,0,
2026-05-16T16:28:56.025928,POST,/api/articles/analyze/,1017.57,58,0,
2026-05-16T16:28:56.102413,POST,/api/articles/bulk/,1075.64,34,0,
2026-05-16T16:28:56.110339,GET,/api/articles/list/large/,1094.34,471824,0,
2026-05-16T16:28:56.114781,GET,/api/articles/list/small/,1119.05,23002,0,
2026-05-16T16:28:56.170401,GET,/api/articles/list/large/,1102.93,471824,0,
2026-05-16T16:28:56.172793,POST,/api/articles/analyze/,1107.05,58,0,
2026-05-16T16:28:56.175691,POST,/api/articles/analyze/,1108.79,58,0,
2026-05-16T16:28:56.292147,POST,/api/articles/bulk/,1208.29,34,0,
2026-05-16T16:28:56.325902,GET,/api/articles/list/large/,1248.75,471824,0,
2026-05-16T16:28:56.414434,GET,/api/articles/list/large/,1338.09,471824,0,
2026-05-16T16:28:56.416111,POST,/api/articles/bulk/,1331.56,34,0,
2026-05-16T16:28:56.431966,POST,/api/articles/analyze/,1336.49,58,0,
2026-05-16T16:28:56.433156,POST,/api/articles/bulk/,1340.47,34,0,
2026-05-16T16:28:56.443093,POST,/api/articles/analyze/,1342.93,58,0,
2026-05-16T16:28:56.501598,POST,/api/articles/analyze/,1325.72,58,0,
2026-05-16T16:28:56.502665,POST,/api/articles/bulk/,1303.13,34,0,
2026-05-16T16:28:56.511361,GET,/api/articles/list/large/,1384.34,471824,0,
2026-05-16T16:28:56.514011,GET,/api/articles/list/large/,1342.94,471824,0,
2026-05-16T16:28:56.515621,POST,/api/articles/analyze/,1317.43,58,0,
2026-05-16T16:28:56.519653,GET,/api/articles/list/large/,1319.47,471824,0,
2026-05-16T16:28:56.529263,POST,/api/articles/bulk/,1383.38,34,0,
2026-05-16T16:28:56.532815,POST,/api/articles/analyze/,1322.85,58,0,
2026-05-16T16:28:56.539884,GET,/api/articles/list/small/,1324.27,23002,0,
2026-05-16T16:28:56.547242,POST,/api/articles/bulk/,1334.68,34,0,
2026-05-16T16:28:56.613225,GET,/api/articles/list/large/,1355.3,471824,0,
2026-05-16T16:28:56.615051,POST,/api/articles/bulk/,1320.55,34,0,
2026-05-16T16:28:56.615916,POST,/api/articles/analyze/,1337.09,58,0,
2026-05-16T16:28:56.616937,POST,/api/articles/analyze/,1352.28,58,0,
2026-05-16T16:28:56.618757,GET,/api/articles/list/large/,1390.51,471824,0,
2026-05-16T16:28:56.620215,POST,/api/articles/analyze/,1387.94,58,0,
2026-05-16T16:28:56.621226,GET,/api/articles/list/small/,1318.12,23002,0,
2026-05-16T16:28:56.656938,POST,/api/articles/analyze/,1367.22,58,0,
2026-05-16T16:28:56.659289,POST,/api/articles/analyze/,1364.09,58,0,
2026-05-16T16:28:56.666294,GET,/api/articles/list/small/,1401.3,23002,0,
2026-05-16T16:28:56.677235,POST,/api/articles/bulk/,1413.5,34,0,
2026-05-16T16:28:56.683837,GET,/api/articles/list/large/,1378.09,471824,0,
2026-05-16T16:28:56.687782,GET,/api/articles/list/small/,1353.3,23002,0,
2026-05-16T16:28:56.732266,GET,/api/articles/list/large/,1416.89,471824,0,
2026-05-16T16:28:56.787558,POST,/api/articles/analyze/,1374.36,58,0,
2026-05-16T16:28:56.819403,POST,/api/articles/analyze/,1384.24,58,0,
2026-05-16T16:28:56.824698,GET,/api/articles/list/large/,1495.28,471824,0,
2026-05-16T16:28:56.826542,GET,/api/articles/list/small/,1375.65,23002,0,
2026-05-16T16:28:56.841397,POST,/api/articles/analyze/,1425.31,58,0,
2026-05-16T16:28:56.842217,GET,/api/articles/list/small/,1381.4,23002,0,
2026-05-16T16:28:56.844724,POST,/api/articles/analyze/,1485.37,58,0,
2026-05-16T16:28:56.877952,POST,/api/articles/bulk/,1443.76,34,0,
2026-05-16T16:28:56.913116,POST,/api/articles/analyze/,1493.37,58,0,
2026-05-16T16:28:56.940198,POST,/api/articles/analyze/,1546.94,58,0,
2026-05-16T16:28:56.942692,GET,/api/articles/list/large/,1474.32,471824,0,
2026-05-16T16:28:56.944129,GET,/api/articles/list/large/,1451.02,471824,0,
2026-05-16T16:28:56.945988,GET,/api/articles/list/large/,1464.71,471824,0,
2026-05-16T16:28:56.953307,POST,/api/articles/bulk/,1472.66,34,0,
2026-05-16T16:28:56.954522,GET,/api/articles/list/small/,1476.55,23002,0,
2026-05-16T16:28:56.996413,POST,/api/articles/analyze/,1532.76,58,0,
2026-05-16T16:28:56.998873,POST,/api/articles/bulk/,1504.06,34,0,
2026-05-16T16:28:57.005631,POST,/api/articles/bulk/,1531.69,34,0,
2026-05-16T16:28:57.027004,POST,/api/articles/analyze/,1521.35,58,0,
2026-05-16T16:28:57.030556,GET,/api/articles/list/small/,1507.07,23002,0,
2026-05-16T16:28:57.031665,GET,/api/articles/list/small/,1510.1,23002,0,
2026-05-16T16:28:57.038268,GET,/api/articles/list/small/,1491.14,23002,0,
2026-05-16T16:28:57.083665,POST,/api/articles/analyze/,1513.53,58,0,
2026-05-16T16:28:57.116080,POST,/api/articles/analyze/,1533.92,58,0,
2026-05-16T16:28:57.118358,GET,/api/articles/list/large/,1581.13,471824,0,
2026-05-16T16:28:57.206507,GET,/api/articles/list/small/,1595.8,23002,0,
2026-05-16T16:28:57.217276,POST,/api/articles/analyze/,1576.87,58,0,
2026-05-16T16:28:57.217692,POST,/api/articles/bulk/,1586.05,34,0,
2026-05-16T16:28:57.218830,POST,/api/articles/analyze/,1600.12,58,0,
2026-05-16T16:28:57.219952,POST,/api/articles/bulk/,1604.4,34,0,
2026-05-16T16:28:57.237870,GET,/api/articles/list/large/,1625.37,471824,0,
2026-05-16T16:28:57.258995,POST,/api/articles/bulk/,1544.47,34,0,
2026-05-16T16:28:57.261327,GET,/api/articles/list/large/,1549.93,471824,0,
2026-05-16T16:28:57.324948,GET,/api/articles/list/large/,1493.53,471824,0,
2026-05-16T16:28:57.337715,GET,/api/articles/list/large/,1577.2,471824,0,
2026-05-16T16:28:57.339889,POST,/api/articles/bulk/,1555.32,34,0,
2026-05-16T16:28:57.340530,POST,/api/articles/bulk/,1574.19,34,0,
2026-05-16T16:28:57.345746,POST,/api/articles/analyze/,1504.5,58,0,
2026-05-16T16:28:57.358693,POST,/api/articles/analyze/,1504.52,58,0,
2026-05-16T16:28:57.359758,POST,/api/articles/bulk/,1494.11,34,0,
2026-05-16T16:28:57.397424,POST,/api/articles/analyze/,1477.14,58,0,
2026-05-16T16:28:57.400127,POST,/api/articles/analyze/,1431.64,58,0,
2026-05-16T16:28:57.400757,GET,/api/articles/list/small/,1407.52,23002,0,
2026-05-16T16:28:57.402685,GET,/api/articles/list/large/,1543.24,471824,0,
2026-05-16T16:28:57.403080,POST,/api/articles/analyze/,1537.95,58,0,
2026-05-16T16:28:57.403627,GET,/api/articles/list/small/,1446.95,23002,0,
2026-05-16T16:28:57.406010,POST,/api/articles/bulk/,1452.66,34,0,
2026-05-16T16:28:57.406990,GET,/api/articles/list/large/,1512.82,471824,0,
2026-05-16T16:28:57.448296,GET,/api/articles/list/large/,1479.26,471824,0,
2026-05-16T16:28:57.452522,POST,/api/articles/analyze/,1538.24,58,0,
2026-05-16T16:28:57.463256,GET,/api/articles/list/small/,1450.39,23002,0,
2026-05-16T16:28:57.463630,POST,/api/articles/bulk/,1443.24,34,0,
2026-05-16T16:28:57.464514,GET,/api/articles/list/small/,1377.17,23002,0,
2026-05-16T16:28:57.465329,POST,/api/articles/analyze/,1448.04,58,0,
2026-05-16T16:28:57.466002,POST,/api/articles/bulk/,1346.02,34,0,
2026-05-16T16:28:57.466546,POST,/api/articles/analyze/,1379.7,58,0,
2026-05-16T16:28:57.469247,GET,/api/articles/list/small/,1406.06,23002,0,
2026-05-16T16:28:57.472934,GET,/api/articles/list/large/,1432.71,471824,0,
2026-05-16T16:28:57.478136,POST,/api/articles/bulk/,1403.16,34,0,
2026-05-16T16:28:57.540696,GET,/api/articles/list/small/,1404.7,23002,0,
2026-05-16T16:28:57.545307,GET,/api/articles/list/small/,1416.07,23002,0,
2026-05-16T16:28:57.552384,POST,/api/articles/analyze/,1339.8,58,0,
2026-05-16T16:28:57.553773,GET,/api/articles/list/small/,1384.5,23002,0,
2026-05-16T16:28:57.562535,POST,/api/articles/analyze/,1356.77,58,0,
2026-05-16T16:28:57.563631,GET,/api/articles/list/small/,1375.7,23002,0,
2026-05-16T16:28:57.621441,GET,/api/articles/list/small/,1381.92,23002,0,
2026-05-16T16:28:57.621856,POST,/api/articles/analyze/,1373.64,58,0,
2026-05-16T16:28:57.626393,GET,/api/articles/list/large/,1363.63,471824,0,
2026-05-16T16:28:57.627603,GET,/api/articles/list/large/,1368.61,471824,0,
2026-05-16T16:28:57.670152,GET,/api/articles/list/small/,1246.81,23002,0,
2026-05-16T16:28:57.670641,POST,/api/articles/bulk/,1438.28,34,0,
2026-05-16T16:28:57.731914,POST,/api/articles/bulk/,1412.49,34,0,
2026-05-16T16:28:57.733006,GET,/api/articles/list/large/,1400.86,471824,0,
2026-05-16T16:28:57.733762,POST,/api/articles/analyze/,1354.77,58,0,
2026-05-16T16:28:57.734437,POST,/api/articles/bulk/,1395.51,34,0,
2026-05-16T16:28:57.734792,POST,/api/articles/bulk/,1448.34,34,0,
2026-05-16T16:28:57.735909,GET,/api/articles/list/small/,1356.15,23002,0,
2026-05-16T16:28:57.737806,POST,/api/articles/bulk/,1367.1,34,0,
2026-05-16T16:28:57.749834,POST,/api/articles/analyze/,1360.39,58,0,
2026-05-16T16:28:57.778468,GET,/api/articles/list/large/,1329.4,471824,0,
2026-05-16T16:28:57.791149,GET,/api/articles/list/small/,1346.87,23002,0,
2026-05-16T16:28:57.792544,POST,/api/articles/analyze/,1307.45,58,0,
2026-05-16T16:28:57.795191,POST,/api/articles/bulk/,1325.25,34,0,
2026-05-16T16:28:57.796238,GET,/api/articles/list/small/,1310.59,23002,0,
2026-05-16T16:28:57.810365,POST,/api/articles/analyze/,1300.67,58,0,
2026-05-16T16:28:57.818715,GET,/api/articles/list/large/,1262.17,471824,0,
2026-05-16T16:28:57.822380,POST,/api/articles/bulk/,1273.9,34,0,
2026-05-16T16:28:57.826530,POST,/api/articles/bulk/,1226.65,34,0,
2026-05-16T16:28:57.828734,POST,/api/articles/analyze/,1265.52,58,0,
2026-05-16T16:28:57.835449,POST,/api/articles/analyze/,1280.84,58,0,
2026-05-16T16:28:57.843415,GET,/api/articles/list/large/,1249.4,471824,0,
2026-05-16T16:28:57.849432,POST,/api/articles/analyze/,1235.18,58,0,
2026-05-16T16:28:57.852871,GET,/api/articles/list/small/,1207.41,23002,0,
2026-05-16T16:28:57.858406,GET,/api/articles/list/small/,1204.35,23002,0,
2026-05-16T16:28:57.859106,POST,/api/articles/analyze/,1239.28,58,0,
2026-05-16T16:28:57.859708,GET,/api/articles/list/small/,1240.27,23002,0,
2026-05-16T16:28:57.860354,GET,/api/articles/list/small/,1223.41,23002,0,
2026-05-16T16:28:57.861437,POST,/api/articles/bulk/,1220.13,34,0,
2026-05-16T16:28:57.862632,GET,/api/articles/list/small/,1242.05,23002,0,
2026-05-16T16:28:57.869044,GET,/api/articles/list/large/,1231.59,471824,0,
2026-05-16T16:28:57.872524,POST,/api/articles/analyze/,1205.04,58,0,
2026-05-16T16:28:57.878641,GET,/api/articles/list/small/,1184.59,23002,0,
2026-05-16T16:28:57.882687,GET,/api/articles/list/small/,1209.49,23002,0,
2026-05-16T16:28:57.886951,POST,/api/articles/analyze/,1183.13,58,0,
2026-05-16T16:28:57.887964,POST,/api/articles/bulk/,1157.13,34,0,
2026-05-16T16:28:57.888691,POST,/api/articles/bulk/,1176.05,34,0,
2026-05-16T16:28:57.890173,GET,/api/articles/list/small/,1120.43,23002,0,
2026-05-16T16:28:57.892187,GET,/api/articles/list/small/,1121.81,23002,0,
2026-05-16T16:28:57.894547,POST,/api/articles/analyze/,1210.58,58,0,
2026-05-16T16:28:57.895959,GET,/api/articles/list/large/,1133.06,471824,0,
2026-05-16T16:28:57.904114,GET,/api/articles/list/large/,1055.58,471824,0,
2026-05-16T16:28:57.904860,POST,/api/articles/bulk/,1126.84,34,0,
2026-05-16T16:28:57.905578,POST,/api/articles/bulk/,1057.67,34,0,
2026-05-16T16:28:57.905966,GET,/api/articles/list/small/,1121.73,23002,0,
2026-05-16T16:28:57.906325,GET,/api/articles/list/small/,1109.61,23002,0,
2026-05-16T16:28:57.906917,POST,/api/articles/analyze/,1019.98,58,0,
2026-05-16T16:28:57.908784,GET,/api/articles/list/large/,1099.87,471824,0,
2026-05-16T16:28:57.909200,POST,/api/articles/analyze/,1100.69,58,0,
2026-05-16T16:28:57.909604,POST,/api/articles/bulk/,1066.19,34,0,
2026-05-16T16:28:57.949352,POST,/api/articles/bulk/,1147.82,34,0,
2026-05-16T16:28:57.956640,POST,/api/articles/analyze/,1077.46,58,0,
2026-05-16T16:28:57.958684,POST,/api/articles/bulk/,1004.06,34,0,
2026-05-16T16:28:57.959078,GET,/api/articles/list/small/,973.85,23002,0,
2026-05-16T16:28:57.959403,POST,/api/articles/analyze/,948.54,58,0,
2026-05-16T16:28:57.959719,POST,/api/articles/analyze/,1004.51,58,0,
2026-05-16T16:28:57.993322,POST,/api/articles/bulk/,1041.14,34,0,
2026-05-16T16:28:57.994355,POST,/api/articles/bulk/,1011.28,34,0,
2026-05-16T16:28:58.023748,POST,/api/articles/analyze/,948.99,58,0,
2026-05-16T16:28:58.072059,GET,/api/articles/list/small/,869.19,23002,0,
2026-05-16T16:28:58.072719,POST,/api/articles/analyze/,882.79,58,0,
2026-05-16T16:28:58.074382,GET,/api/articles/list/small/,863.64,23002,0,
2026-05-16T16:28:58.076830,POST,/api/articles/bulk/,851.58,34,0,
2026-05-16T16:28:58.082397,POST,/api/articles/bulk/,858.31,34,0,
2026-05-16T16:28:58.083209,GET,/api/articles/list/small/,826.13,23002,0,
2026-05-16T16:28:58.094782,POST,/api/articles/analyze/,794.17,58,0,
2026-05-16T16:28:58.095973,GET,/api/articles/list/small/,821.42,23002,0,
2026-05-16T16:28:58.096968,GET,/api/articles/list/small/,786.91,23002,0,
2026-05-16T16:28:58.099567,GET,/api/articles/list/large/,700.45,471824,0,
2026-05-16T16:28:58.100981,GET,/api/articles/list/small/,738.99,23002,0,
2026-05-16T16:28:58.106114,GET,/api/articles/list/small/,734.36,23002,0,
2026-05-16T16:28:58.144677,GET,/api/articles/list/small/,624.46,23002,0,
2026-05-16T16:28:58.147654,GET,/api/articles/list/large/,653.28,471824,0,
2026-05-16T16:28:58.151275,POST,/api/articles/bulk/,541.32,34,0,
2026-05-16T16:28:58.159980,POST,/api/articles/analyze/,622.95,58,0,
2026-05-16T16:28:58.160922,GET,/api/articles/list/small/,553.1,23002,0,
2026-05-16T16:28:58.166575,POST,/api/articles/analyze/,457.92,58,0,
2026-05-16T16:28:58.169066,POST,/api/articles/analyze/,452.72,58,0,
2026-05-16T16:28:58.170120,GET,/api/articles/list/large/,466.28,471824,0,
2026-05-16T16:28:58.170692,GET,/api/articles/list/small/,514.9,23002,0,
2026-05-16T16:28:58.180770,POST,/api/articles/analyze/,417.7,58,0,
2026-05-16T16:28:58.275562,POST,/api/articles/analyze/,406.37,58,0,
2026-05-16T16:28:58.275958,POST,/api/articles/analyze/,473.17,58,0,
2026-05-16T16:28:58.278839,GET,/api/articles/list/large/,410.96,471824,0,
2026-05-16T16:28:58.281362,POST,/api/articles/bulk/,392.57,34,0,
2026-05-16T16:28:58.288491,GET,/api/articles/list/small/,403.52,23002,0,
2026-05-16T16:28:58.293887,GET,/api/articles/list/small/,372.03,23002,0,
2026-05-16T16:28:58.304207,GET,/api/articles/list/small/,325.22,23002,0,
2026-05-16T16:28:58.305413,GET,/api/articles/list/small/,301.01,23002,0,
2026-05-16T16:28:58.306949,GET,/api/articles/list/large/,307.39,471824,0,
2026-05-16T16:28:58.309013,GET,/api/articles/list/small/,289.86,23002,0,
2026-05-16T16:28:58.322272,GET,/api/articles/list/small/,311.09,23002,0,
2026-05-16T16:28:58.326541,POST,/api/articles/analyze/,297.94,58,0,
2026-05-16T16:28:58.330757,GET,/api/articles/list/large/,302.74,471824,0,
2026-05-16T16:28:58.387574,POST,/api/articles/bulk/,244.45,34,0,
2026-05-16T16:28:58.389805,GET,/api/articles/list/small/,273.06,23002,0,
2026-05-16T16:28:58.399249,POST,/api/articles/analyze/,284.4,58,0,
2026-05-16T16:28:58.399960,POST,/api/articles/analyze/,246.8,58,0,
2026-05-16T16:28:58.400858,POST,/api/articles/bulk/,248.36,34,0,
2026-05-16T16:28:58.440438,POST,/api/articles/analyze/,326.08,58,0,
2026-05-16T16:28:58.441767,GET,/api/articles/list/large/,226.74,471824,0,
2026-05-16T16:28:58.487123,POST,/api/articles/bulk/,259.28,34,0,
2026-05-16T16:28:58.497211,GET,/api/articles/list/small/,272.31,23002,0,
2026-05-16T16:28:58.498143,GET,/api/articles/list/small/,241.05,23002,0,
2026-05-16T16:28:58.587089,POST,/api/articles/bulk/,301.22,34,0,
2026-05-16T16:28:58.590394,GET,/api/articles/list/large/,299.7,471824,0,
2026-05-16T16:28:58.632512,GET,/api/articles/list/small/,334.38,23002,0,
2026-05-16T16:28:58.634027,GET,/api/articles/list/large/,335.21,471824,0,
2026-05-16T16:28:58.636880,GET,/api/articles/list/small/,315.34,23002,0,
2026-05-16T16:28:58.644335,POST,/api/articles/bulk/,325.1,34,0,
2026-05-16T16:28:58.688279,GET,/api/articles/list/large/,340.21,471824,0,
2026-05-16T16:28:58.701352,GET,/api/articles/list/large/,334.31,471824,0,
2026-05-16T16:28:58.723411,GET,/api/articles/list/large/,338.56,471824,0,
2026-05-16T16:28:58.767095,POST,/api/articles/analyze/,360.98,58,0,
2026-05-16T16:28:58.772811,GET,/api/articles/list/large/,357.95,471824,0,
2026-05-16T16:28:58.777822,POST,/api/articles/analyze/,316.63,58,0,
2026-05-16T16:28:58.781012,GET,/api/articles/list/small/,333.02,23002,0,
2026-05-16T16:28:58.790709,POST,/api/articles/analyze/,335.14,58,0,
2026-05-16T16:28:58.795789,POST,/api/articles/analyze/,341.04,58,0,
2026-05-16T16:28:58.827852,POST,/api/articles/analyze/,347.9,58,0,
2026-05-16T16:28:58.840060,POST,/api/articles/analyze/,341.79,58,0,
2026-05-16T16:28:58.862936,GET,/api/articles/list/small/,349.99,23002,0,
2026-05-16T16:28:58.863876,POST,/api/articles/bulk/,331.78,34,0,
2026-05-16T16:28:58.869020,GET,/api/articles/list/large/,283.45,471824,0,
2026-05-16T16:28:58.869790,GET,/api/articles/list/small/,368.67,23002,0,
2026-05-16T16:28:58.874751,GET,/api/articles/list/small/,285.79,23002,0,
2026-05-16T16:28:58.889916,POST,/api/articles/bulk/,285.32,34,0,
2026-05-16T16:28:58.891575,POST,/api/articles/analyze/,265.75,58,0,
2026-05-16T16:28:58.896478,GET,/api/articles/list/large/,226.87,471824,0,
2026-05-16T16:28:58.898322,POST,/api/articles/bulk/,217.82,34,0,
2026-05-16T16:28:58.904871,GET,/api/articles/list/small/,265.78,23002,0,
2026-05-16T16:28:58.905564,POST,/api/articles/analyze/,231.05,58,0,
2026-05-16T16:28:58.908173,POST,/api/articles/bulk/,213.42,34,0,
2026-05-16T16:28:58.909265,POST,/api/articles/bulk/,210.46,34,0,
2026-05-16T16:28:58.912151,POST,/api/articles/bulk/,221.6,34,0,
2026-05-16T16:28:58.956057,POST,/api/articles/bulk/,240.43,34,0,
2026-05-16T16:28:58.962166,POST,/api/articles/analyze/,214.43,58,0,
2026-05-16T16:28:58.963425,POST,/api/articles/analyze/,204.68,58,0,
2026-05-16T16:28:58.970939,POST,/api/articles/bulk/,195.81,34,0,
2026-05-16T16:28:58.980699,GET,/api/articles/list/small/,200.73,23002,0,
2026-05-16T16:28:58.985634,GET,/api/articles/list/large/,173.66,471824,0,
2026-05-16T16:28:58.986468,GET,/api/articles/list/small/,161.68,23002,0,
2026-05-16T16:28:58.996277,GET,/api/articles/list/small/,139.94,23002,0,
2026-05-16T16:28:59.025151,POST,/api/articles/bulk/,142.22,34,0,
2026-05-16T16:28:59.052155,GET,/api/articles/list/small/,145.37,23002,0,
2026-05-16T16:28:59.055640,POST,/api/articles/bulk/,140.33,34,0,
2026-05-16T16:28:59.058140,GET,/api/articles/list/small/,119.92,23002,0,
2026-05-16T16:28:59.059138,GET,/api/articles/list/small/,131.74,23002,0,
2026-05-16T16:28:59.069804,POST,/api/articles/analyze/,128.77,58,0,
2026-05-16T16:28:59.078874,POST,/api/articles/bulk/,112.46,34,0,
2026-05-16T16:28:59.087243,GET,/api/articles/list/small/,122.58,23002,0,
2026-05-16T16:28:59.094160,POST,/api/articles/analyze/,122.0,58,0,
2026-05-16T16:28:59.143033,POST,/api/articles/analyze/,160.11,58,0,
2026-05-16T16:28:59.144387,POST,/api/articles/analyze/,158.62,58,0,
2026-05-16T16:28:59.148132,GET,/api/articles/list/small/,164.81,23002,0,
2026-05-16T16:28:59.151845,POST,/api/articles/bulk/,158.95,34,0,
2026-05-16T16:28:59.163602,POST,/api/articles/analyze/,145.17,58,0,
2026-05-16T16:28:59.164056,POST,/api/articles/bulk/,148.61,34,0,
2026-05-16T16:28:59.165313,POST,/api/articles/analyze/,156.85,58,0,
2026-05-16T16:28:59.205932,GET,/api/articles/list/large/,172.87,471824,0,
2026-05-16T16:28:59.211603,POST,/api/articles/analyze/,184.25,58,0,
2026-05-16T16:28:59.213651,POST,/api/articles/bulk/,190.51,34,0,
2026-05-16T16:28:59.306870,POST,/api/articles/bulk/,255.44,34,0,
2026-05-16T16:28:59.313578,GET,/api/articles/list/large/,243.63,471824,0,
2026-05-16T16:28:59.314259,POST,/api/articles/analyze/,231.17,58,0,
2026-05-16T16:28:59.319757,POST,/api/articles/bulk/,251.48,34,0,
2026-05-16T16:28:59.329410,POST,/api/articles/bulk/,227.75,34,0,
2026-05-16T16:28:59.330866,GET,/api/articles/list/large/,223.2,471824,0,
2026-05-16T16:28:59.364652,POST,/api/articles/analyze/,271.34,58,0,
2026-05-16T16:28:59.367759,POST,/api/articles/analyze/,247.87,58,0,
2026-05-16T16:28:59.370714,POST,/api/articles/analyze/,258.47,58,0,
2026-05-16T16:28:59.485856,GET,/api/articles/list/large/,339.31,471824,0,
2026-05-16T16:28:59.565316,GET,/api/articles/list/large/,370.02,471824,0,
2026-05-16T16:28:59.579165,GET,/api/articles/list/large/,404.65,471824,0,
2026-05-16T16:28:59.579866,GET,/api/articles/list/small/,349.17,23002,0,
2026-05-16T16:28:59.616902,GET,/api/articles/list/large/,392.03,471824,0,
2026-05-16T16:28:59.617357,GET,/api/articles/list/small/,380.9,23002,0,
2026-05-16T16:28:59.618231,POST,/api/articles/bulk/,369.08,34,0,
2026-05-16T16:28:59.624254,GET,/api/articles/list/large/,371.43,471824,0,
2026-05-16T16:28:59.670476,GET,/api/articles/list/small/,414.2,23002,0,
2026-05-16T16:28:59.708418,GET,/api/articles/list/large/,453.75,471824,0,
2026-05-16T16:28:59.720457,GET,/api/articles/list/small/,469.25,23002,0,
2026-05-16T16:28:59.837286,GET,/api/articles/list/small/,558.73,23002,0,
2026-05-16T16:28:59.931665,POST,/api/articles/analyze/,634.23,58,0,
2026-05-16T16:29:00.023079,GET,/api/articles/list/large/,694.15,471824,0,
2026-05-16T16:29:00.027503,POST,/api/articles/bulk/,689.19,34,0,
2026-05-16T16:29:00.030880,GET,/api/articles/list/large/,700.75,471824,0,
2026-05-16T16:29:00.041975,GET,/api/articles/list/large/,696.6,471824,0,
2026-05-16T16:29:00.051755,POST,/api/articles/bulk/,688.45,34,0,
2026-05-16T16:29:00.056427,GET,/api/articles/list/large/,680.51,471824,0,
2026-05-16T16:29:00.069876,POST,/api/articles/analyze/,630.31,58,0,
2026-05-16T16:29:00.071120,POST,/api/articles/bulk/,627.67,34,0,
2026-05-16T16:29:00.072106,GET,/api/articles/list/small/,615.95,23002,0,
2026-05-16T16:29:00.072827,POST,/api/articles/analyze/,590.93,58,0,
2026-05-16T16:29:00.142665,GET,/api/articles/list/large/,736.9,471824,0,
2026-05-16T16:29:00.143455,POST,/api/articles/bulk/,689.41,34,0,
2026-05-16T16:29:00.143818,GET,/api/articles/list/small/,659.2,23002,0,
2026-05-16T16:29:00.146767,POST,/api/articles/bulk/,687.06,34,0,
2026-05-16T16:29:00.160474,POST,/api/articles/bulk/,642.55,34,0,
2026-05-16T16:29:00.191104,POST,/api/articles/bulk/,664.58,34,0,
2026-05-16T16:29:00.202959,GET,/api/articles/list/large/,756.52,471824,0,
2026-05-16T16:29:00.203415,POST,/api/articles/analyze/,688.35,58,0,
2026-05-16T16:29:00.258689,GET,/api/articles/list/large/,773.72,471824,0,
2026-05-16T16:29:00.261852,POST,/api/articles/bulk/,754.2,34,0,
2026-05-16T16:29:00.363146,POST,/api/articles/analyze/,824.66,58,0,
2026-05-16T16:29:00.363996,GET,/api/articles/list/small/,839.13,23002,0,
2026-05-16T16:29:00.398343,GET,/api/articles/list/small/,848.94,23002,0,
2026-05-16T16:29:00.501797,GET,/api/articles/list/small/,944.76,23002,0,
2026-05-16T16:29:00.504069,GET,/api/articles/list/large/,951.8,471824,0,
2026-05-16T16:29:00.651982,GET,/api/articles/list/small/,1088.29,23002,0,
2026-05-16T16:29:00.677288,POST,/api/articles/analyze/,1073.24,58,0,
2026-05-16T16:29:00.701915,POST,/api/articles/analyze/,1099.58,58,0,
2026-05-16T16:29:00.704425,GET,/api/articles/list/large/,1127.77,471824,0,
2026-05-16T16:29:00.705077,POST,/api/articles/analyze/,1111.18,58,0,
2026-05-16T16:29:00.710457,GET,/api/articles/list/large/,1122.34,471824,0,
2026-05-16T16:29:00.711011,POST,/api/articles/analyze/,1111.36,58,0,
2026-05-16T16:29:00.743948,GET,/api/articles/list/small/,1117.45,23002,0,
2026-05-16T16:29:00.746343,GET,/api/articles/list/small/,1058.8,23002,0,
2026-05-16T16:29:00.755343,GET,/api/articles/list/large/,1072.6,471824,0,
2026-05-16T16:29:00.766233,POST,/api/articles/bulk/,1124.9,34,0,
2026-05-16T16:29:00.775501,GET,/api/articles/list/large/,1133.23,471824,0,
2026-05-16T16:29:00.775925,POST,/api/articles/analyze/,1014.32,58,0,
2026-05-16T16:29:00.776790,POST,/api/articles/analyze/,1068.19,58,0,
2026-05-16T16:29:00.784392,GET,/api/articles/list/small/,1033.99,23002,0,
2026-05-16T16:29:00.795079,GET,/api/articles/list/large/,1039.9,471824,0,
2026-05-16T16:29:00.797849,GET,/api/articles/list/small/,1081.26,23002,0,
2026-05-16T16:29:00.801317,POST,/api/articles/analyze/,1039.18,58,0,
2026-05-16T16:29:00.802920,GET,/api/articles/list/small/,1053.18,23002,0,
2026-05-16T16:29:00.805628,POST,/api/articles/bulk/,1052.94,34,0,
2026-05-16T16:29:00.819710,GET,/api/articles/list/large/,1053.66,471824,0,
2026-05-16T16:29:00.820873,GET,/api/articles/list/large/,1036.93,471824,0,
2026-05-16T16:29:00.822188,GET,/api/articles/list/large/,1007.58,471824,0,
2026-05-16T16:29:00.822646,POST,/api/articles/bulk/,991.44,34,0,
2026-05-16T16:29:00.822982,POST,/api/articles/bulk/,1045.19,34,0,
2026-05-16T16:29:00.831814,POST,/api/articles/analyze/,1014.37,58,0,
2026-05-16T16:29:00.838453,POST,/api/articles/analyze/,1040.75,58,0,
2026-05-16T16:29:00.863425,POST,/api/articles/bulk/,1005.23,34,0,
2026-05-16T16:29:00.869566,GET,/api/articles/list/large/,1033.15,471824,0,
2026-05-16T16:29:00.875129,GET,/api/articles/list/small/,1017.68,23002,0,
2026-05-16T16:29:00.877303,GET,/api/articles/list/large/,979.49,471824,0,
2026-05-16T16:29:00.878526,GET,/api/articles/list/large/,1031.78,471824,0,
2026-05-16T16:29:00.885848,POST,/api/articles/analyze/,1048.06,58,0,
2026-05-16T16:29:00.892392,POST,/api/articles/bulk/,985.23,34,0,
2026-05-16T16:29:00.896715,GET,/api/articles/list/small/,1015.7,23002,0,
2026-05-16T16:29:00.898519,POST,/api/articles/bulk/,1030.77,34,0,
2026-05-16T16:29:00.899257,POST,/api/articles/bulk/,1047.76,34,0,
2026-05-16T16:29:00.907850,GET,/api/articles/list/large/,979.77,471824,0,
2026-05-16T16:29:00.908263,POST,/api/articles/analyze/,1015.37,58,0,
2026-05-16T16:29:00.912075,POST,/api/articles/bulk/,992.65,34,0,
2026-05-16T16:29:00.979032,POST,/api/articles/analyze/,1078.58,58,0,
2026-05-16T16:29:01.228621,POST,/api/articles/bulk/,1223.85,34,0,
2026-05-16T16:29:01.301952,POST,/api/articles/bulk/,1312.54,34,0,
2026-05-16T16:29:01.574805,GET,/api/articles/list/small/,1546.09,23002,0,
2026-05-16T16:29:01.606810,GET,/api/articles/list/small/,1552.83,23002,0,
2026-05-16T16:29:01.608356,POST,/api/articles/bulk/,1515.68,34,0,
2026-05-16T16:29:01.609155,GET,/api/articles/list/small/,1554.77,23002,0,
2026-05-16T16:29:01.612166,POST,/api/articles/bulk/,1554.46,34,0,
2026-05-16T16:29:01.645698,GET,/api/articles/list/small/,1552.31,23002,0,
2026-05-16T16:29:01.646515,POST,/api/articles/bulk/,1505.39,34,0,
2026-05-16T16:29:01.648291,POST,/api/articles/analyze/,1527.08,58,0,
2026-05-16T16:29:01.649311,GET,/api/articles/list/small/,1574.28,23002,0,
2026-05-16T16:29:01.652537,GET,/api/articles/list/small/,1540.23,23002,0,
2026-05-16T16:29:01.656969,POST,/api/articles/analyze/,1567.35,58,0,
2026-05-16T16:29:01.705801,GET,/api/articles/list/small/,1545.18,23002,0,
2026-05-16T16:29:01.746650,POST,/api/articles/bulk/,1570.32,34,0,
2026-05-16T16:29:01.753742,POST,/api/articles/analyze/,1589.34,58,0,
2026-05-16T16:29:01.756475,GET,/api/articles/list/small/,1596.44,23002,0,
2026-05-16T16:29:01.764766,POST,/api/articles/bulk/,1559.22,34,0,
2026-05-16T16:29:01.773448,POST,/api/articles/analyze/,1505.04,58,0,
2026-05-16T16:29:01.775162,GET,/api/articles/list/large/,1460.74,471824,0,
2026-05-16T16:29:01.780690,POST,/api/articles/analyze/,1486.8,58,0,
2026-05-16T16:29:01.782654,GET,/api/articles/list/small/,1522.69,23002,0,
2026-05-16T16:29:01.784625,POST,/api/articles/analyze/,1445.39,58,0,
2026-05-16T16:29:01.785916,POST,/api/articles/analyze/,1520.54,58,0,
2026-05-16T16:29:01.787104,GET,/api/articles/list/large/,1482.6,471824,0,
2026-05-16T16:29:01.789902,GET,/api/articles/list/small/,1495.43,23002,0,
2026-05-16T16:29:01.793667,POST,/api/articles/analyze/,1524.88,58,0,
2026-05-16T16:29:01.802577,POST,/api/articles/analyze/,1370.02,58,0,
2026-05-16T16:29:01.803431,POST,/api/articles/bulk/,1451.24,34,0,
2026-05-16T16:29:01.805620,GET,/api/articles/list/large/,1404.82,471824,0,
2026-05-16T16:29:01.807046,GET,/api/articles/list/large/,1445.13,471824,0,
2026-05-16T16:29:01.808111,GET,/api/articles/list/large/,1476.27,471824,0,
2026-05-16T16:29:01.809797,POST,/api/articles/analyze/,1549.13,58,0,
2026-05-16T16:29:01.811433,GET,/api/articles/list/small/,1380.7,23002,0,
2026-05-16T16:29:01.814336,POST,/api/articles/bulk/,1481.64,34,0,
2026-05-16T16:29:01.815729,POST,/api/articles/bulk/,1490.04,34,0,
2026-05-16T16:29:01.818816,GET,/api/articles/list/small/,1468.51,23002,0,
2026-05-16T16:29:01.819910,POST,/api/articles/bulk/,1424.6,34,0,
2026-05-16T16:29:01.820517,POST,/api/articles/analyze/,1387.6,58,0,
2026-05-16T16:29:01.822712,POST,/api/articles/bulk/,1457.47,34,0,
2026-05-16T16:29:01.868307,GET,/api/articles/list/large/,1415.49,471824,0,
2026-05-16T16:29:01.874031,GET,/api/articles/list/large/,1544.37,471824,0,
2026-05-16T16:29:01.886829,GET,/api/articles/list/small/,1348.98,23002,0,
2026-05-16T16:29:01.888064,GET,/api/articles/list/small/,1296.86,23002,0,
2026-05-16T16:29:01.888699,POST,/api/articles/analyze/,1365.57,58,0,
2026-05-16T16:29:01.889725,GET,/api/articles/list/large/,1356.69,471824,0,
2026-05-16T16:29:01.890142,POST,/api/articles/bulk/,1385.91,34,0,
2026-05-16T16:29:01.928617,GET,/api/articles/list/large/,1421.96,471824,0,
2026-05-16T16:29:01.929108,POST,/api/articles/analyze/,1321.25,58,0,
2026-05-16T16:29:01.936889,GET,/api/articles/list/large/,1340.01,471824,0,
2026-05-16T16:29:01.973571,POST,/api/articles/analyze/,1398.99,58,0,
2026-05-16T16:29:01.973996,GET,/api/articles/list/small/,1389.52,23002,0,
2026-05-16T16:29:01.975963,GET,/api/articles/list/large/,1510.97,471824,0,
2026-05-16T16:29:01.984075,POST,/api/articles/bulk/,1461.65,34,0,
2026-05-16T16:29:01.984707,GET,/api/articles/list/small/,1494.55,23002,0,
2026-05-16T16:29:01.992734,POST,/api/articles/analyze/,1530.05,58,0,
2026-05-16T16:29:02.040405,GET,/api/articles/list/large/,1427.64,471824,0,
2026-05-16T16:29:02.041915,POST,/api/articles/analyze/,1404.33,58,0,
2026-05-16T16:29:02.077329,GET,/api/articles/list/small/,1426.18,23002,0,
2026-05-16T16:29:02.079775,POST,/api/articles/bulk/,1410.09,34,0,
2026-05-16T16:29:02.082488,POST,/api/articles/bulk/,1419.04,34,0,
2026-05-16T16:29:02.094503,POST,/api/articles/analyze/,1455.03,58,0,
2026-05-16T16:29:02.184333,POST,/api/articles/analyze/,1500.78,58,0,
2026-05-16T16:29:02.184890,POST,/api/articles/bulk/,1498.44,34,0,
2026-05-16T16:29:02.221270,POST,/api/articles/analyze/,1548.4,58,0,
2026-05-16T16:29:02.296152,POST,/api/articles/analyze/,1621.51,58,0,
2026-05-16T16:29:02.305279,GET,/api/articles/list/small/,1625.77,23002,0,
2026-05-16T16:29:02.333706,POST,/api/articles/analyze/,1614.47,58,0,
2026-05-16T16:29:02.476960,GET,/api/articles/list/large/,1755.82,471824,0,
2026-05-16T16:29:02.497740,GET,/api/articles/list/large/,1794.76,471824,0,
2026-05-16T16:29:02.619943,POST,/api/articles/bulk/,1767.27,34,0,
2026-05-16T16:29:02.625106,GET,/api/articles/list/large/,1777.35,471824,0,
2026-05-16T16:29:02.646061,GET,/api/articles/list/large/,1748.36,471824,0,
2026-05-16T16:29:02.648971,GET,/api/articles/list/large/,1759.98,471824,0,
2026-05-16T16:29:02.649979,POST,/api/articles/bulk/,1754.32,34,0,
2026-05-16T16:29:02.665093,POST,/api/articles/analyze/,1745.8,58,0,
2026-05-16T16:29:02.666473,POST,/api/articles/bulk/,1708.26,34,0,
2026-05-16T16:29:02.668302,POST,/api/articles/bulk/,1703.89,34,0,
2026-05-16T16:29:02.672098,GET,/api/articles/list/large/,1724.71,471824,0,
2026-05-16T16:29:02.683393,GET,/api/articles/list/large/,1744.24,471824,0,
2026-05-16T16:29:02.683857,POST,/api/articles/analyze/,1736.89,58,0,
2026-05-16T16:29:02.701022,GET,/api/articles/list/large/,1592.85,471824,0,
2026-05-16T16:29:02.703464,GET,/api/articles/list/small/,1649.48,23002,0,
2026-05-16T16:29:02.706284,GET,/api/articles/list/large/,1639.18,471824,0,
2026-05-16T16:29:02.707023,POST,/api/articles/bulk/,1520.95,34,0,
2026-05-16T16:29:02.707780,POST,/api/articles/bulk/,1696.51,34,0,
2026-05-16T16:29:02.710777,POST,/api/articles/bulk/,1687.32,34,0,
2026-05-16T16:29:02.712027,GET,/api/articles/list/small/,1552.04,23002,0,
2026-05-16T16:29:02.712783,POST,/api/articles/bulk/,1528.8,34,0,
2026-05-16T16:29:02.714253,GET,/api/articles/list/large/,1659.93,471824,0,
2026-05-16T16:29:02.747767,POST,/api/articles/analyze/,1577.54,58,0,
2026-05-16T16:29:02.762053,GET,/api/articles/list/large/,1709.79,471824,0,
2026-05-16T16:29:02.762741,POST,/api/articles/bulk/,1680.83,34,0,
2026-05-16T16:29:02.766611,GET,/api/articles/list/large/,1600.1,471824,0,
2026-05-16T16:29:02.802030,GET,/api/articles/list/small/,1753.54,23002,0,
2026-05-16T16:29:02.808141,GET,/api/articles/list/small/,1486.97,23002,0,
2026-05-16T16:29:02.809445,GET,/api/articles/list/large/,1386.05,471824,0,
2026-05-16T16:29:02.809910,GET,/api/articles/list/small/,1543.57,23002,0,
2026-05-16T16:29:02.810259,POST,/api/articles/analyze/,1597.1,58,0,
2026-05-16T16:29:02.813303,GET,/api/articles/list/large/,1297.16,471824,0,
2026-05-16T16:29:02.814811,POST,/api/articles/bulk/,1542.95,34,0,
2026-05-16T16:29:02.815799,GET,/api/articles/list/small/,1598.23,23002,0,
2026-05-16T16:29:02.816797,GET,/api/articles/list/small/,1489.81,23002,0,
2026-05-16T16:29:02.817314,POST,/api/articles/bulk/,1361.99,34,0,
2026-05-16T16:29:02.817778,GET,/api/articles/list/small/,1369.32,23002,0,
2026-05-16T16:29:02.818466,POST,/api/articles/analyze/,1357.63,58,0,
2026-05-16T16:29:02.819005,POST,/api/articles/analyze/,1539.23,58,0,
2026-05-16T16:29:02.820120,POST,/api/articles/analyze/,1351.1,58,0,
2026-05-16T16:29:02.822415,GET,/api/articles/list/small/,1321.98,23002,0,
2026-05-16T16:29:02.828857,POST,/api/articles/analyze/,1558.7,58,0,
2026-05-16T16:29:02.830789,GET,/api/articles/list/small/,1478.97,23002,0,
2026-05-16T16:29:02.831351,GET,/api/articles/list/small/,1595.63,23002,0,
2026-05-16T16:29:02.833809,GET,/api/articles/list/small/,1599.88,23002,0,
2026-05-16T16:29:02.834170,POST,/api/articles/bulk/,1534.22,34,0,
2026-05-16T16:29:02.839006,POST,/api/articles/bulk/,1484.21,34,0,
2026-05-16T16:29:02.839850,GET,/api/articles/list/small/,1599.29,23002,0,
2026-05-16T16:29:02.840630,POST,/api/articles/bulk/,1546.98,34,0,
2026-05-16T16:29:02.841417,POST,/api/articles/analyze/,1535.06,58,0,
2026-05-16T16:29:02.842706,GET,/api/articles/list/small/,1392.16,23002,0,
2026-05-16T16:29:02.844008,GET,/api/articles/list/small/,1346.37,23002,0,
2026-05-16T16:29:02.852784,GET,/api/articles/list/large/,1400.34,471824,0,
2026-05-16T16:29:02.899179,GET,/api/articles/list/small/,1333.19,23002,0,
2026-05-16T16:29:02.950800,GET,/api/articles/list/large/,1348.66,471824,0,
2026-05-16T16:29:02.951433,POST,/api/articles/analyze/,1348.8,58,0,
2026-05-16T16:29:02.956081,GET,/api/articles/list/small/,1349.98,23002,0,
2026-05-16T16:29:03.004026,POST,/api/articles/bulk/,1382.62,34,0,
2026-05-16T16:29:03.014616,GET,/api/articles/list/large/,1367.0,471824,0,
2026-05-16T16:29:03.145061,POST,/api/articles/bulk/,1420.0,34,0,
2026-05-16T16:29:03.158841,POST,/api/articles/bulk/,1363.92,34,0,
2026-05-16T16:29:03.212204,GET,/api/articles/list/small/,1373.27,23002,0,
2026-05-16T16:29:03.214961,GET,/api/articles/list/large/,1413.93,471824,0,
2026-05-16T16:29:03.255672,GET,/api/articles/list/small/,1392.92,23002,0,
2026-05-16T16:29:03.256654,POST,/api/articles/bulk/,1394.96,34,0,
2026-05-16T16:29:03.257427,GET,/api/articles/list/large/,1398.65,471824,0,
2026-05-16T16:29:03.268224,POST,/api/articles/analyze/,1368.88,58,0,
2026-05-16T16:29:03.269682,POST,/api/articles/analyze/,1331.49,58,0,
2026-05-16T16:29:03.271325,POST,/api/articles/analyze/,1353.24,58,0,
2026-05-16T16:29:03.315102,POST,/api/articles/bulk/,1309.95,34,0,
2026-05-16T16:29:03.315930,GET,/api/articles/list/large/,1262.71,471824,0,
2026-05-16T16:29:03.318613,GET,/api/articles/list/small/,1410.38,23002,0,
2026-05-16T16:29:03.320758,POST,/api/articles/bulk/,1319.84,34,0,
2026-05-16T16:29:03.322996,POST,/api/articles/bulk/,1243.95,34,0,
2026-05-16T16:29:03.337314,POST,/api/articles/analyze/,1220.57,58,0,
2026-05-16T16:29:03.338332,GET,/api/articles/list/large/,1332.0,471824,0,
2026-05-16T16:29:03.341047,POST,/api/articles/analyze/,1182.37,58,0,
2026-05-16T16:29:03.344323,GET,/api/articles/list/small/,1091.49,23002,0,
2026-05-16T16:29:03.346087,POST,/api/articles/analyze/,1125.37,58,0,
2026-05-16T16:29:03.381962,GET,/api/articles/list/small/,1290.39,23002,0,
2026-05-16T16:29:03.383559,POST,/api/articles/analyze/,1205.8,58,0,
2026-05-16T16:29:03.468274,GET,/api/articles/list/large/,1282.11,471824,0,
2026-05-16T16:29:03.472086,GET,/api/articles/list/small/,1046.82,23002,0,
2026-05-16T16:29:03.472801,POST,/api/articles/analyze/,1075.25,58,0,
2026-05-16T16:29:03.473894,GET,/api/articles/list/small/,1145.3,23002,0,
2026-05-16T16:29:03.477543,POST,/api/articles/bulk/,1111.17,34,0,
2026-05-16T16:29:03.484113,POST,/api/articles/analyze/,993.72,58,0,
2026-05-16T16:29:03.487330,GET,/api/articles/list/small/,1095.56,23002,0,
2026-05-16T16:29:03.487955,POST,/api/articles/bulk/,1003.73,34,0,
2026-05-16T16:29:03.489403,GET,/api/articles/list/large/,1149.49,471824,0,
2026-05-16T16:29:03.491255,GET,/api/articles/list/large/,1143.61,471824,0,
2026-05-16T16:29:03.491634,POST,/api/articles/analyze/,1033.3,58,0,
2026-05-16T16:29:03.492288,POST,/api/articles/analyze/,981.26,58,0,
2026-05-16T16:29:03.493363,GET,/api/articles/list/large/,1021.01,471824,0,
2026-05-16T16:29:03.548746,GET,/api/articles/list/large/,1016.79,471824,0,
2026-05-16T16:29:03.555911,POST,/api/articles/analyze/,1016.88,58,0,
2026-05-16T16:29:03.585994,GET,/api/articles/list/large/,990.84,471824,0,
2026-05-16T16:29:03.589217,POST,/api/articles/bulk/,1006.3,34,0,
2026-05-16T16:29:03.663522,POST,/api/articles/analyze/,1060.58,58,0,
2026-05-16T16:29:03.675700,GET,/api/articles/list/large/,1036.31,471824,0,
2026-05-16T16:29:03.819172,GET,/api/articles/list/small/,1079.86,23002,0,
2026-05-16T16:29:03.820726,POST,/api/articles/analyze/,1083.04,58,0,
2026-05-16T16:29:03.862083,GET,/api/articles/list/large/,1157.43,471824,0,
2026-05-16T16:29:03.898214,POST,/api/articles/analyze/,1100.37,58,0,
2026-05-16T16:29:03.901726,POST,/api/articles/analyze/,1090.23,58,0,
2026-05-16T16:29:03.939878,GET,/api/articles/list/large/,1159.88,471824,0,
2026-05-16T16:29:03.940724,POST,/api/articles/analyze/,1119.41,58,0,
2026-05-16T16:29:03.941071,POST,/api/articles/bulk/,1206.54,34,0,
2026-05-16T16:29:03.942148,GET,/api/articles/list/large/,1134.86,471824,0,
2026-05-16T16:29:03.966968,POST,/api/articles/analyze/,1109.98,58,0,
2026-05-16T16:29:03.982040,POST,/api/articles/analyze/,1105.09,58,0,
2026-05-16T16:29:03.986139,GET,/api/articles/list/large/,1101.77,471824,0,
2026-05-16T16:29:03.992707,GET,/api/articles/list/small/,1108.88,23002,0,
2026-05-16T16:29:03.993769,GET,/api/articles/list/small/,1036.46,23002,0,
2026-05-16T16:29:03.996522,POST,/api/articles/bulk/,1087.15,34,0,
2026-05-16T16:29:04.009538,GET,/api/articles/list/small/,1029.26,23002,0,
2026-05-16T16:29:04.078165,POST,/api/articles/bulk/,1066.54,34,0,
2026-05-16T16:29:04.125113,GET,/api/articles/list/large/,1084.93,471824,0,
2026-05-16T16:29:04.127021,GET,/api/articles/list/large/,1088.64,471824,0,
2026-05-16T16:29:04.127748,GET,/api/articles/list/small/,1063.34,23002,0,
2026-05-16T16:29:04.134983,GET,/api/articles/list/small/,1065.22,23002,0,
2026-05-16T16:29:04.137239,GET,/api/articles/list/small/,1068.23,23002,0,
2026-05-16T16:29:04.139033,GET,/api/articles/list/small/,1097.24,23002,0,
2026-05-16T16:29:04.140580,GET,/api/articles/list/small/,1102.66,23002,0,
2026-05-16T16:29:04.167414,POST,/api/articles/bulk/,1058.08,34,0,
2026-05-16T16:29:04.172943,POST,/api/articles/analyze/,1025.61,58,0,
2026-05-16T16:29:04.173858,POST,/api/articles/analyze/,1038.88,58,0,
2026-05-16T16:29:04.175418,GET,/api/articles/list/large/,1063.07,471824,0,
2026-05-16T16:29:04.176180,POST,/api/articles/bulk/,1096.69,34,0,
2026-05-16T16:29:04.180885,GET,/api/articles/list/large/,1061.63,471824,0,
2026-05-16T16:29:04.181327,POST,/api/articles/analyze/,1077.84,58,0,
2026-05-16T16:29:04.183832,GET,/api/articles/list/large/,1066.56,471824,0,
2026-05-16T16:29:04.185162,GET,/api/articles/list/small/,1046.25,23002,0,
2026-05-16T16:29:04.209646,GET,/api/articles/list/large/,1010.35,471824,0,
2026-05-16T16:29:04.225575,GET,/api/articles/list/large/,957.77,471824,0,
2026-05-16T16:29:04.229525,POST,/api/articles/analyze/,933.02,58,0,
2026-05-16T16:29:04.278131,GET,/api/articles/list/large/,1024.89,471824,0,
2026-05-16T16:29:04.382962,POST,/api/articles/bulk/,1085.98,34,0,
2026-05-16T16:29:04.427222,POST,/api/articles/bulk/,1121.93,34,0,
2026-05-16T16:29:04.428243,POST,/api/articles/analyze/,1122.15,58,0,
2026-05-16T16:29:04.608541,POST,/api/articles/bulk/,1233.02,34,0,
2026-05-16T16:29:04.660069,GET,/api/articles/list/large/,1257.2,471824,0,
2026-05-16T16:29:04.674698,GET,/api/articles/list/large/,1257.97,471824,0,
2026-05-16T16:29:04.675839,GET,/api/articles/list/large/,1246.88,471824,0,
2026-05-16T16:29:04.705766,POST,/api/articles/bulk/,1241.84,34,0,
2026-05-16T16:29:04.743612,POST,/api/articles/bulk/,1254.03,34,0,
2026-05-16T16:29:04.754963,POST,/api/articles/bulk/,1243.41,34,0,
2026-05-16T16:29:04.755646,POST,/api/articles/bulk/,1236.94,34,0,
2026-05-16T16:29:04.928655,GET,/api/articles/list/small/,1278.74,23002,0,
2026-05-16T16:29:04.929620,POST,/api/articles/analyze/,1348.39,58,0,
2026-05-16T16:29:04.932963,GET,/api/articles/list/large/,1291.35,471824,0,
2026-05-16T16:29:04.933845,POST,/api/articles/analyze/,1340.44,58,0,
2026-05-16T16:29:04.936093,POST,/api/articles/analyze/,1349.96,58,0,
2026-05-16T16:29:04.942835,GET,/api/articles/list/small/,1333.82,23002,0,
2026-05-16T16:29:04.943538,POST,/api/articles/analyze/,1336.35,58,0,
2026-05-16T16:29:04.945885,POST,/api/articles/analyze/,1296.5,58,0,
2026-05-16T16:29:04.954999,GET,/api/articles/list/large/,1235.08,471824,0,
2026-05-16T16:29:04.956403,GET,/api/articles/list/small/,1234.54,23002,0,
2026-05-16T16:29:04.963518,GET,/api/articles/list/large/,1173.94,471824,0,
2026-05-16T16:29:04.964621,GET,/api/articles/list/large/,1252.76,471824,0,
2026-05-16T16:29:04.965022,GET,/api/articles/list/small/,1335.24,23002,0,
2026-05-16T16:29:04.965607,GET,/api/articles/list/small/,1216.01,23002,0,
2026-05-16T16:29:04.969232,POST,/api/articles/bulk/,1162.59,34,0,
2026-05-16T16:29:04.970101,POST,/api/articles/bulk/,1164.64,34,0,
2026-05-16T16:29:04.973425,GET,/api/articles/list/large/,1276.46,471824,0,
2026-05-16T16:29:04.986997,GET,/api/articles/list/large/,1143.17,471824,0,
2026-05-16T16:29:05.030312,GET,/api/articles/list/large/,1182.85,471824,0,
2026-05-16T16:29:05.030810,GET,/api/articles/list/small/,1199.84,23002,0,
2026-05-16T16:29:05.032929,POST,/api/articles/bulk/,1109.01,34,0,
2026-05-16T16:29:05.039249,GET,/api/articles/list/large/,1198.35,471824,0,
2026-05-16T16:29:05.053761,GET,/api/articles/list/small/,1164.16,23002,0,
2026-05-16T16:29:05.057231,GET,/api/articles/list/small/,1188.85,23002,0,
2026-05-16T16:29:05.058067,GET,/api/articles/list/large/,1142.02,471824,0,
2026-05-16T16:29:05.061126,GET,/api/articles/list/large/,1175.87,471824,0,
2026-05-16T16:29:05.103100,POST,/api/articles/analyze/,1196.11,58,0,
2026-05-16T16:29:05.107292,POST,/api/articles/analyze/,1208.28,58,0,
2026-05-16T16:29:05.121872,POST,/api/articles/analyze/,1153.18,58,0,
2026-05-16T16:29:05.126397,GET,/api/articles/list/small/,1171.01,23002,0,
2026-05-16T16:29:05.182988,POST,/api/articles/bulk/,1224.76,34,0,
2026-05-16T16:29:05.190661,GET,/api/articles/list/large/,1222.36,471824,0,
2026-05-16T16:29:05.238220,POST,/api/articles/bulk/,1247.81,34,0,
2026-05-16T16:29:05.471217,GET,/api/articles/list/small/,1454.44,23002,0,
2026-05-16T16:29:05.472193,GET,/api/articles/list/large/,1430.12,471824,0,
2026-05-16T16:29:05.472762,POST,/api/articles/bulk/,1362.45,34,0,
2026-05-16T16:29:05.502691,GET,/api/articles/list/small/,1411.76,23002,0,
2026-05-16T16:29:05.544607,GET,/api/articles/list/large/,1524.93,471824,0,
2026-05-16T16:29:05.546691,GET,/api/articles/list/small/,1453.89,23002,0,
2026-05-16T16:29:05.588823,GET,/api/articles/list/small/,1551.66,23002,0,
2026-05-16T16:29:05.592037,GET,/api/articles/list/large/,1549.59,471824,0,
2026-05-16T16:29:05.592542,GET,/api/articles/list/small/,1513.12,23002,0,
2026-05-16T16:29:05.651020,GET,/api/articles/list/small/,1626.55,23002,0,
2026-05-16T16:29:05.651762,POST,/api/articles/bulk/,1542.23,34,0,
2026-05-16T16:29:05.652942,POST,/api/articles/analyze/,1528.78,58,0,
2026-05-16T16:29:05.655662,POST,/api/articles/analyze/,1524.73,58,0,
2026-05-16T16:29:05.773633,GET,/api/articles/list/small/,1608.78,23002,0,
2026-05-16T16:29:05.792538,POST,/api/articles/bulk/,1612.82,34,0,
2026-05-16T16:29:05.793598,GET,/api/articles/list/large/,1605.17,471824,0,
2026-05-16T16:29:05.794421,POST,/api/articles/bulk/,1620.45,34,0,
2026-05-16T16:29:05.796792,POST,/api/articles/analyze/,1605.35,58,0,
2026-05-16T16:29:05.839423,GET,/api/articles/list/large/,1582.63,471824,0,
2026-05-16T16:29:05.840769,POST,/api/articles/bulk/,1612.93,34,0,
2026-05-16T16:29:05.869352,POST,/api/articles/analyze/,1516.57,58,0,
2026-05-16T16:29:05.870234,POST,/api/articles/analyze/,1473.99,58,0,
2026-05-16T16:29:05.870868,GET,/api/articles/list/small/,1582.73,23002,0,
2026-05-16T16:29:05.871426,POST,/api/articles/bulk/,1575.9,34,0,
2026-05-16T16:29:05.872797,POST,/api/articles/bulk/,1534.28,34,0,
2026-05-16T16:29:05.873268,POST,/api/articles/analyze/,1546.72,58,0,
2026-05-16T16:29:05.873688,POST,/api/articles/analyze/,1442.22,58,0,
2026-05-16T16:29:05.874945,GET,/api/articles/list/small/,1581.21,23002,0,
2026-05-16T16:29:05.881719,GET,/api/articles/list/large/,1594.32,471824,0,
2026-05-16T16:29:05.921416,GET,/api/articles/list/small/,1607.69,23002,0,
2026-05-16T16:29:05.933806,POST,/api/articles/bulk/,1521.6,34,0,
2026-05-16T16:29:05.949345,GET,/api/articles/list/large/,1416.3,471824,0,
2026-05-16T16:29:05.949816,POST,/api/articles/bulk/,1383.28,34,0,
2026-05-16T16:29:05.951789,GET,/api/articles/list/large/,1397.55,471824,0,
2026-05-16T16:29:05.952646,GET,/api/articles/list/small/,1489.76,23002,0,
2026-05-16T16:29:05.953932,GET,/api/articles/list/large/,1490.57,471824,0,
2026-05-16T16:29:05.954311,POST,/api/articles/analyze/,1478.77,58,0,
2026-05-16T16:29:05.955270,GET,/api/articles/list/large/,1306.97,471824,0,
2026-05-16T16:29:05.958394,GET,/api/articles/list/large/,1475.87,471824,0,
2026-05-16T16:29:05.959445,GET,/api/articles/list/large/,1448.19,471824,0,
2026-05-16T16:29:05.960472,GET,/api/articles/list/large/,1405.76,471824,0,
2026-05-16T16:29:06.003136,GET,/api/articles/list/small/,1507.76,23002,0,
2026-05-16T16:29:06.004211,GET,/api/articles/list/small/,1482.02,23002,0,
2026-05-16T16:29:06.043331,POST,/api/articles/bulk/,1570.12,34,0,
2026-05-16T16:29:06.045186,POST,/api/articles/bulk/,1504.16,34,0,
2026-05-16T16:29:06.048748,POST,/api/articles/bulk/,1594.15,34,0,
2026-05-16T16:29:06.058317,POST,/api/articles/bulk/,1450.93,34,0,
2026-05-16T16:29:06.059905,GET,/api/articles/list/large/,1489.13,471824,0,
2026-05-16T16:29:06.102954,GET,/api/articles/list/large/,1522.32,471824,0,
2026-05-16T16:29:06.107860,GET,/api/articles/list/large/,1530.07,471824,0,
2026-05-16T16:29:06.149319,GET,/api/articles/list/large/,1467.25,471824,0,
2026-05-16T16:29:06.160926,POST,/api/articles/analyze/,1448.9,58,0,
2026-05-16T16:29:06.165423,GET,/api/articles/list/large/,1430.87,471824,0,
2026-05-16T16:29:06.166730,GET,/api/articles/list/small/,1450.89,23002,0,
2026-05-16T16:29:06.176024,POST,/api/articles/bulk/,1430.17,34,0,
2026-05-16T16:29:06.247493,POST,/api/articles/bulk/,1524.96,34,0,
2026-05-16T16:29:06.267568,POST,/api/articles/analyze/,1498.79,58,0,
2026-05-16T16:29:06.395454,GET,/api/articles/list/large/,1621.93,471824,0,
2026-05-16T16:29:06.444179,POST,/api/articles/analyze/,1609.51,58,0,
2026-05-16T16:29:06.446005,POST,/api/articles/analyze/,1680.16,58,0,
2026-05-16T16:29:06.453084,GET,/api/articles/list/small/,1572.39,23002,0,
2026-05-16T16:29:06.576833,POST,/api/articles/bulk/,1778.38,34,0,
2026-05-16T16:29:06.624897,POST,/api/articles/bulk/,1709.27,34,0,
2026-05-16T16:29:06.627543,POST,/api/articles/analyze/,1686.88,58,0,
2026-05-16T16:29:06.630892,POST,/api/articles/analyze/,1711.72,58,0,
2026-05-16T16:29:06.665566,GET,/api/articles/list/small/,1749.29,23002,0,
2026-05-16T16:29:06.723118,GET,/api/articles/list/small/,1755.58,23002,0,
2026-05-16T16:29:06.730663,POST,/api/articles/bulk/,1727.23,34,0,
2026-05-16T16:29:06.736000,GET,/api/articles/list/large/,1782.84,471824,0,
2026-05-16T16:29:06.784619,POST,/api/articles/analyze/,1763.76,58,0,
2026-05-16T16:29:06.786056,GET,/api/articles/list/large/,1740.54,471824,0,
2026-05-16T16:29:06.790241,GET,/api/articles/list/large/,1785.97,471824,0,
2026-05-16T16:29:06.821527,POST,/api/articles/bulk/,1822.27,34,0,
2026-05-16T16:29:06.825118,POST,/api/articles/bulk/,1787.82,34,0,
2026-05-16T16:29:06.847165,GET,/api/articles/list/small/,1755.79,23002,0,
2026-05-16T16:29:06.847935,GET,/api/articles/list/small/,1772.82,23002,0,
2026-05-16T16:29:06.849066,GET,/api/articles/list/large/,1792.32,471824,0,
2026-05-16T16:29:06.854308,POST,/api/articles/bulk/,1716.69,34,0,
2026-05-16T16:29:06.858020,GET,/api/articles/list/large/,1781.29,471824,0,
2026-05-16T16:29:06.865066,POST,/api/articles/analyze/,1793.64,58,0,
2026-05-16T16:29:06.892376,POST,/api/articles/analyze/,1771.35,58,0,
2026-05-16T16:29:06.897178,GET,/api/articles/list/large/,1730.43,471824,0,
2026-05-16T16:29:06.903471,GET,/api/articles/list/large/,1763.7,471824,0,
2026-05-16T16:29:06.929158,POST,/api/articles/analyze/,1483.28,58,0,
2026-05-16T16:29:06.930694,GET,/api/articles/list/large/,1732.78,471824,0,
2026-05-16T16:29:06.931100,POST,/api/articles/analyze/,1487.84,58,0,
2026-05-16T16:29:06.931756,GET,/api/articles/list/small/,1489.18,23002,0,
2026-05-16T16:29:06.933181,POST,/api/articles/analyze/,1583.84,58,0,
2026-05-16T16:29:06.933789,POST,/api/articles/analyze/,1644.87,58,0,
2026-05-16T16:29:06.934130,POST,/api/articles/bulk/,1509.66,34,0,
2026-05-16T16:29:06.935000,POST,/api/articles/bulk/,1708.26,34,0,
2026-05-16T16:29:06.938465,GET,/api/articles/list/small/,1701.94,23002,0,
2026-05-16T16:29:06.939556,GET,/api/articles/list/small/,1546.76,23002,0,
2026-05-16T16:29:06.941074,GET,/api/articles/list/small/,1566.76,23002,0,
2026-05-16T16:29:06.943995,GET,/api/articles/list/large/,1686.83,471824,0,
2026-05-16T16:29:06.944418,GET,/api/articles/list/small/,1699.99,23002,0,
2026-05-16T16:29:06.944778,POST,/api/articles/analyze/,1641.95,58,0,
2026-05-16T16:29:06.948694,GET,/api/articles/list/small/,1642.02,23002,0,
2026-05-16T16:29:06.950174,GET,/api/articles/list/large/,1534.54,471824,0,
2026-05-16T16:29:06.951473,GET,/api/articles/list/large/,1575.35,471824,0,
2026-05-16T16:29:06.952276,GET,/api/articles/list/small/,1458.54,23002,0,
2026-05-16T16:29:07.105302,POST,/api/articles/bulk/,1598.34,34,0,
2026-05-16T16:29:07.107332,GET,/api/articles/list/small/,1499.08,23002,0,
2026-05-16T16:29:07.108566,POST,/api/articles/analyze/,1476.64,58,0,
2026-05-16T16:29:07.115989,POST,/api/articles/analyze/,1648.42,58,0,
2026-05-16T16:29:07.117611,GET,/api/articles/list/large/,1615.62,471824,0,
2026-05-16T16:29:07.151465,POST,/api/articles/analyze/,1577.51,58,0,
2026-05-16T16:29:07.152055,POST,/api/articles/bulk/,1637.04,34,0,
2026-05-16T16:29:07.153376,POST,/api/articles/analyze/,1674.36,58,0,
2026-05-16T16:29:07.155191,GET,/api/articles/list/large/,1561.45,471824,0,
2026-05-16T16:29:07.158480,GET,/api/articles/list/small/,1555.01,23002,0,
2026-05-16T16:29:07.159269,GET,/api/articles/list/small/,1660.83,23002,0,
2026-05-16T16:29:07.160536,GET,/api/articles/list/large/,1525.74,471824,0,
2026-05-16T16:29:07.160966,GET,/api/articles/list/small/,1655.73,23002,0,
2026-05-16T16:29:07.220642,GET,/api/articles/list/large/,1658.51,471824,0,
2026-05-16T16:29:07.221192,POST,/api/articles/analyze/,1666.22,58,0,
2026-05-16T16:29:07.254034,POST,/api/articles/analyze/,1610.46,58,0,
2026-05-16T16:29:07.256151,POST,/api/articles/analyze/,1606.02,58,0,
2026-05-16T16:29:07.257961,GET,/api/articles/list/large/,1606.81,471824,0,
2026-05-16T16:29:07.318112,GET,/api/articles/list/large/,1584.0,471824,0,
2026-05-16T16:29:07.359097,POST,/api/articles/bulk/,1639.14,34,0,
2026-05-16T16:29:07.359717,GET,/api/articles/list/small/,1626.67,23002,0,
2026-05-16T16:29:07.360067,POST,/api/articles/analyze/,1614.62,58,0,
2026-05-16T16:29:07.365978,GET,/api/articles/list/small/,1612.58,23002,0,
2026-05-16T16:29:07.412453,GET,/api/articles/list/large/,1626.24,471824,0,
2026-05-16T16:29:07.414134,GET,/api/articles/list/large/,1610.12,471824,0,
2026-05-16T16:29:07.465829,POST,/api/articles/analyze/,1609.0,58,0,
2026-05-16T16:29:07.471172,POST,/api/articles/analyze/,1624.2,58,0,
2026-05-16T16:29:07.480789,POST,/api/articles/bulk/,1643.32,34,0,
2026-05-16T16:29:07.491625,POST,/api/articles/bulk/,1626.84,34,0,
2026-05-16T16:29:07.503100,POST,/api/articles/bulk/,1607.09,34,0,
2026-05-16T16:29:07.506319,POST,/api/articles/analyze/,1575.65,58,0,
2026-05-16T16:29:07.509678,GET,/api/articles/list/small/,1516.86,23002,0,
2026-05-16T16:29:07.523157,POST,/api/articles/analyze/,1581.15,58,0,
2026-05-16T16:29:07.531708,GET,/api/articles/list/small/,1585.85,23002,0,
2026-05-16T16:29:07.546321,GET,/api/articles/list/small/,1594.41,23002,0,
2026-05-16T16:29:07.547263,GET,/api/articles/list/small/,1534.82,23002,0,
2026-05-16T16:29:07.555081,POST,/api/articles/analyze/,1507.73,58,0,
2026-05-16T16:29:07.559915,GET,/api/articles/list/large/,1434.04,471824,0,
2026-05-16T16:29:07.560503,POST,/api/articles/analyze/,1465.57,58,0,
2026-05-16T16:29:07.561641,GET,/api/articles/list/small/,1435.41,23002,0,
2026-05-16T16:29:07.562420,POST,/api/articles/bulk/,1414.46,34,0,
2026-05-16T16:29:07.563281,POST,/api/articles/analyze/,1429.27,58,0,
2026-05-16T16:29:07.565415,GET,/api/articles/list/large/,1460.31,471824,0,
2026-05-16T16:29:07.577015,GET,/api/articles/list/small/,1457.91,23002,0,
2026-05-16T16:29:07.584039,GET,/api/articles/list/large/,1426.1,471824,0,
2026-05-16T16:29:07.586118,GET,/api/articles/list/large/,1349.94,471824,0,
2026-05-16T16:29:07.592286,GET,/api/articles/list/small/,1343.56,23002,0,
2026-05-16T16:29:07.597657,GET,/api/articles/list/small/,1240.49,23002,0,
2026-05-16T16:29:07.598034,POST,/api/articles/analyze/,1412.71,58,0,
2026-05-16T16:29:07.607244,POST,/api/articles/bulk/,1227.83,34,0,
2026-05-16T16:29:07.607989,GET,/api/articles/list/small/,1234.76,23002,0,
2026-05-16T16:29:07.608332,POST,/api/articles/bulk/,1221.64,34,0,
2026-05-16T16:29:07.610697,POST,/api/articles/bulk/,1329.93,34,0,
2026-05-16T16:29:07.617046,GET,/api/articles/list/large/,1302.86,471824,0,
2026-05-16T16:29:07.617565,GET,/api/articles/list/small/,1257.52,23002,0,
2026-05-16T16:29:07.618545,GET,/api/articles/list/small/,1327.1,23002,0,
2026-05-16T16:29:07.624084,GET,/api/articles/list/small/,1194.36,23002,0,
2026-05-16T16:29:07.624594,POST,/api/articles/bulk/,1365.09,34,0,
2026-05-16T16:29:07.626255,POST,/api/articles/analyze/,1181.04,58,0,
2026-05-16T16:29:07.626617,POST,/api/articles/bulk/,1268.88,34,0,
2026-05-16T16:29:07.627990,POST,/api/articles/bulk/,1286.0,34,0,
2026-05-16T16:29:07.630904,POST,/api/articles/analyze/,1267.3,58,0,
2026-05-16T16:29:07.652252,POST,/api/articles/analyze/,1128.98,58,0,
2026-05-16T16:29:07.652816,GET,/api/articles/list/small/,1162.47,23002,0,
2026-05-16T16:29:07.676272,GET,/api/articles/list/large/,1084.02,471824,0,
2026-05-16T16:29:07.678592,GET,/api/articles/list/small/,1065.65,23002,0,
2026-05-16T16:29:07.680280,POST,/api/articles/analyze/,1074.17,58,0,
2026-05-16T16:29:07.681239,POST,/api/articles/analyze/,1027.08,58,0,
2026-05-16T16:29:07.682172,GET,/api/articles/list/small/,1027.5,23002,0,
2026-05-16T16:29:07.723418,POST,/api/articles/analyze/,996.11,58,0,
2026-05-16T16:29:07.724264,POST,/api/articles/analyze/,1050.44,58,0,
2026-05-16T16:29:07.740231,POST,/api/articles/analyze/,959.06,58,0,
2026-05-16T16:29:07.742524,POST,/api/articles/bulk/,972.45,34,0,
2026-05-16T16:29:07.743965,POST,/api/articles/bulk/,908.14,34,0,
2026-05-16T16:29:07.745165,POST,/api/articles/bulk/,895.99,34,0,
2026-05-16T16:29:07.745574,GET,/api/articles/list/small/,911.55,23002,0,
2026-05-16T16:29:07.747849,POST,/api/articles/analyze/,922.61,58,0,
2026-05-16T16:29:07.750098,GET,/api/articles/list/small/,988.89,23002,0,
2026-05-16T16:29:07.755244,POST,/api/articles/analyze/,908.96,58,0,
2026-05-16T16:29:07.790238,POST,/api/articles/analyze/,934.75,58,0,
2026-05-16T16:29:07.791043,POST,/api/articles/analyze/,935.15,58,0,
2026-05-16T16:29:07.792113,GET,/api/articles/list/small/,916.01,23002,0,
2026-05-16T16:29:07.853762,GET,/api/articles/list/small/,806.59,23002,0,
2026-05-16T16:29:07.854816,POST,/api/articles/analyze/,877.4,58,0,
2026-05-16T16:29:07.889540,POST,/api/articles/analyze/,908.99,58,0,
2026-05-16T16:29:07.890328,POST,/api/articles/bulk/,963.59,34,0,
2026-05-16T16:29:07.895689,GET,/api/articles/list/small/,932.24,23002,0,
2026-05-16T16:29:07.896821,POST,/api/articles/bulk/,818.58,34,0,
2026-05-16T16:29:07.897489,POST,/api/articles/analyze/,809.88,58,0,
2026-05-16T16:29:07.898642,POST,/api/articles/bulk/,753.75,34,0,
2026-05-16T16:29:07.899474,POST,/api/articles/analyze/,721.29,58,0,
2026-05-16T16:29:07.900072,POST,/api/articles/analyze/,865.35,58,0,
2026-05-16T16:29:07.900915,POST,/api/articles/bulk/,720.79,34,0,
2026-05-16T16:29:07.904088,GET,/api/articles/list/small/,697.49,23002,0,
2026-05-16T16:29:07.911466,POST,/api/articles/analyze/,796.49,58,0,
2026-05-16T16:29:07.911827,POST,/api/articles/analyze/,718.12,58,0,
2026-05-16T16:29:07.915439,POST,/api/articles/analyze/,733.38,58,0,
2026-05-16T16:29:07.926002,GET,/api/articles/list/small/,687.56,23002,0,
2026-05-16T16:29:07.932120,GET,/api/articles/list/large/,647.88,471824,0,
2026-05-16T16:29:07.937122,GET,/api/articles/list/small/,592.88,23002,0,
2026-05-16T16:29:07.937521,POST,/api/articles/analyze/,596.16,58,0,
2026-05-16T16:29:07.950946,GET,/api/articles/list/large/,496.53,471824,0,
2026-05-16T16:29:07.954829,POST,/api/articles/bulk/,496.61,34,0,
2026-05-16T16:29:07.962201,GET,/api/articles/list/small/,468.26,23002,0,
2026-05-16T16:29:07.964593,POST,/api/articles/analyze/,454.25,58,0,
2026-05-16T16:29:07.966687,GET,/api/articles/list/large/,425.75,471824,0,
2026-05-16T16:29:07.967073,POST,/api/articles/analyze/,457.29,58,0,
2026-05-16T16:29:07.969996,GET,/api/articles/list/large/,460.88,471824,0,
2026-05-16T16:29:07.970884,POST,/api/articles/analyze/,429.51,58,0,
2026-05-16T16:29:07.977752,GET,/api/articles/list/small/,402.29,23002,0,
2026-05-16T16:29:08.009968,POST,/api/articles/analyze/,483.59,58,0,
2026-05-16T16:29:08.014676,GET,/api/articles/list/small/,442.99,23002,0,
2026-05-16T16:29:08.035114,GET,/api/articles/list/small/,417.19,23002,0,
2026-05-16T16:29:08.035794,POST,/api/articles/analyze/,420.24,58,0,
2026-05-16T16:29:08.119624,GET,/api/articles/list/small/,448.59,23002,0,
2026-05-16T16:29:08.162177,GET,/api/articles/list/small/,478.82,23002,0,
2026-05-16T16:29:08.172965,POST,/api/articles/bulk/,369.95,34,0,
2026-05-16T16:29:08.176831,GET,/api/articles/list/large/,424.57,471824,0,
2026-05-16T16:29:08.180249,POST,/api/articles/analyze/,402.71,58,0,
2026-05-16T16:29:08.184160,GET,/api/articles/list/small/,383.88,23002,0,
2026-05-16T16:29:08.188034,POST,/api/articles/analyze/,355.96,58,0,
2026-05-16T16:29:08.190605,GET,/api/articles/list/large/,356.63,471824,0,
2026-05-16T16:29:08.191247,POST,/api/articles/bulk/,390.28,34,0,
2026-05-16T16:29:08.191689,POST,/api/articles/analyze/,314.63,58,0,
2026-05-16T16:29:08.197196,POST,/api/articles/bulk/,316.27,34,0,
2026-05-16T16:29:08.198987,GET,/api/articles/list/small/,347.91,23002,0,
2026-05-16T16:29:08.200327,POST,/api/articles/bulk/,297.2,34,0,
2026-05-16T16:29:08.201417,GET,/api/articles/list/large/,318.48,471824,0,
2026-05-16T16:29:08.213876,GET,/api/articles/list/large/,305.29,471824,0,
2026-05-16T16:29:08.268600,POST,/api/articles/analyze/,324.91,58,0,
2026-05-16T16:29:08.271171,POST,/api/articles/analyze/,305.37,58,0,
2026-05-16T16:29:08.271890,POST,/api/articles/analyze/,281.75,58,0,
2026-05-16T16:29:08.279963,POST,/api/articles/bulk/,248.03,34,0,
2026-05-16T16:29:08.281024,POST,/api/articles/analyze/,226.01,58,0,
2026-05-16T16:29:08.283482,GET,/api/articles/list/small/,182.55,23002,0,
2026-05-16T16:29:08.291633,POST,/api/articles/bulk/,166.71,34,0,
2026-05-16T16:29:08.292030,GET,/api/articles/list/small/,150.97,23002,0,
2026-05-16T16:29:08.293423,POST,/api/articles/analyze/,145.51,58,0,
2026-05-16T16:29:08.294833,GET,/api/articles/list/large/,144.17,471824,0,
2026-05-16T16:29:08.372203,POST,/api/articles/analyze/,164.46,58,0,
2026-05-16T16:29:08.375746,GET,/api/articles/list/large/,158.64,471824,0,
2026-05-16T16:29:08.413423,GET,/api/articles/list/small/,168.34,23002,0,
2026-05-16T16:29:09.260887,POST,/api/articles/analyze/,210.68,58,0,
2026-05-16T16:29:09.269546,POST,/api/articles/bulk/,200.53,34,0,
2026-05-16T16:29:09.272176,POST,/api/articles/analyze/,172.61,58,0,
2026-05-16T16:29:09.272747,POST,/api/articles/bulk/,151.87,34,0,
2026-05-16T16:29:09.273136,POST,/api/articles/bulk/,208.44,34,0,
2026-05-16T16:29:09.274001,GET,/api/articles/list/large/,212.19,471824,0,
2026-05-16T16:29:09.277435,GET,/api/articles/list/small/,155.74,23002,0,
2026-05-16T16:29:09.283079,POST,/api/articles/analyze/,201.83,58,0,
2026-05-16T16:29:09.284913,GET,/api/articles/list/large/,195.21,471824,0,
2026-05-16T16:29:09.285548,POST,/api/articles/bulk/,210.48,34,0,
2026-05-16T16:29:09.346625,POST,/api/articles/analyze/,177.38,58,0,
2026-05-16T16:29:09.358793,GET,/api/articles/list/small/,186.58,23002,0,
2026-05-16T16:29:09.400707,GET,/api/articles/list/large/,185.93,471824,0,
2026-05-16T16:29:09.401758,GET,/api/articles/list/small/,148.87,23002,0,
2026-05-16T16:29:09.405373,GET,/api/articles/list/small/,182.08,23002,0,
2026-05-16T16:29:09.437358,GET,/api/articles/list/small/,216.77,23002,0,
2026-05-16T16:29:09.480252,POST,/api/articles/analyze/,231.25,58,0,
2026-05-16T16:29:09.490653,GET,/api/articles/list/small/,219.2,23002,0,
2026-05-16T16:29:09.503998,GET,/api/articles/list/large/,222.37,471824,0,
2026-05-16T16:29:09.507231,GET,/api/articles/list/large/,223.17,471824,0,
2026-05-16T16:29:09.512209,GET,/api/articles/list/small/,203.66,23002,0,
2026-05-16T16:29:09.514052,GET,/api/articles/list/large/,218.29,471824,0,
2026-05-16T16:29:09.514670,POST,/api/articles/analyze/,188.85,58,0,
2026-05-16T16:29:09.515774,POST,/api/articles/bulk/,202.54,34,0,
2026-05-16T16:29:09.516845,POST,/api/articles/analyze/,198.65,58,0,
2026-05-16T16:29:09.557612,POST,/api/articles/analyze/,229.0,58,0,
2026-05-16T16:29:09.642375,GET,/api/articles/list/large/,254.21,471824,0,
2026-05-16T16:29:09.642817,POST,/api/articles/bulk/,278.62,34,0,
2026-05-16T16:29:09.647584,POST,/api/articles/analyze/,210.64,58,0,
2026-05-16T16:29:09.648884,GET,/api/articles/list/small/,276.55,23002,0,
2026-05-16T16:29:09.652344,GET,/api/articles/list/large/,214.87,471824,0,
2026-05-16T16:29:09.654251,GET,/api/articles/list/small/,168.8,23002,0,
2026-05-16T16:29:09.662569,GET,/api/articles/list/small/,252.01,23002,0,
2026-05-16T16:29:09.758029,POST,/api/articles/bulk/,263.21,34,0,
2026-05-16T16:29:09.798627,POST,/api/articles/analyze/,294.47,58,0,
2026-05-16T16:29:09.799557,GET,/api/articles/list/small/,284.76,23002,0,
2026-05-16T16:29:09.810205,POST,/api/articles/analyze/,265.96,58,0,
2026-05-16T16:29:09.813436,GET,/api/articles/list/small/,259.48,23002,0,
2026-05-16T16:29:09.816002,GET,/api/articles/list/large/,284.08,471824,0,
2026-05-16T16:29:09.817278,POST,/api/articles/bulk/,260.66,34,0,
2026-05-16T16:29:09.818193,POST,/api/articles/analyze/,281.67,58,0,
2026-05-16T16:29:09.818903,POST,/api/articles/bulk/,254.16,34,0,
2026-05-16T16:29:09.823591,GET,/api/articles/list/small/,238.65,23002,0,
2026-05-16T16:29:09.823968,POST,/api/articles/bulk/,284.71,34,0,
2026-05-16T16:29:09.830242,GET,/api/articles/list/small/,272.49,23002,0,
2026-05-16T16:29:09.832890,POST,/api/articles/bulk/,263.97,34,0,
2026-05-16T16:29:09.836990,POST,/api/articles/analyze/,307.92,58,0,
2026-05-16T16:29:09.851763,GET,/api/articles/list/small/,262.18,23002,0,
2026-05-16T16:29:09.894126,POST,/api/articles/bulk/,318.22,34,0,
2026-05-16T16:29:09.971943,POST,/api/articles/bulk/,344.75,34,0,
2026-05-16T16:29:10.017038,POST,/api/articles/bulk/,381.61,34,0,
2026-05-16T16:29:10.034569,GET,/api/articles/list/small/,373.22,23002,0,
2026-05-16T16:29:10.039407,POST,/api/articles/analyze/,373.61,58,0,
2026-05-16T16:29:10.045054,GET,/api/articles/list/small/,373.28,23002,0,
2026-05-16T16:29:10.046288,POST,/api/articles/analyze/,388.81,58,0,
2026-05-16T16:29:10.051739,POST,/api/articles/analyze/,396.22,58,0,
2026-05-16T16:29:10.052775,POST,/api/articles/analyze/,374.97,58,0,
2026-05-16T16:29:10.063219,POST,/api/articles/analyze/,344.9,58,0,
2026-05-16T16:29:10.064271,GET,/api/articles/list/large/,373.95,471824,0,
2026-05-16T16:29:10.065247,POST,/api/articles/analyze/,331.22,58,0,
2026-05-16T16:29:10.105225,GET,/api/articles/list/large/,432.78,471824,0,
2026-05-16T16:29:10.111825,POST,/api/articles/analyze/,385.6,58,0,
2026-05-16T16:29:10.113814,GET,/api/articles/list/large/,375.94,471824,0,
2026-05-16T16:29:10.122549,GET,/api/articles/list/small/,351.27,23002,0,
2026-05-16T16:29:10.124025,GET,/api/articles/list/small/,357.64,23002,0,
2026-05-16T16:29:10.201993,GET,/api/articles/list/large/,436.55,471824,0,
2026-05-16T16:29:10.381738,GET,/api/articles/list/small/,563.42,23002,0,
2026-05-16T16:29:10.382975,POST,/api/articles/analyze/,572.64,58,0,
2026-05-16T16:29:10.395399,POST,/api/articles/bulk/,573.05,34,0,
2026-05-16T16:29:10.397355,GET,/api/articles/list/large/,584.35,471824,0,
2026-05-16T16:29:10.406832,GET,/api/articles/list/small/,574.35,23002,0,
2026-05-16T16:29:10.453886,GET,/api/articles/list/large/,580.08,471824,0,
2026-05-16T16:29:10.458813,GET,/api/articles/list/large/,598.82,471824,0,
2026-05-16T16:29:10.471206,POST,/api/articles/analyze/,544.89,58,0,
2026-05-16T16:29:10.472935,GET,/api/articles/list/large/,565.34,471824,0,
2026-05-16T16:29:10.478625,GET,/api/articles/list/large/,545.2,471824,0,
2026-05-16T16:29:10.511486,POST,/api/articles/bulk/,630.91,34,0,
2026-05-16T16:29:10.519373,GET,/api/articles/list/large/,625.66,471824,0,
2026-05-16T16:29:10.521050,POST,/api/articles/bulk/,590.79,34,0,
2026-05-16T16:29:10.523356,POST,/api/articles/bulk/,565.25,34,0,
2026-05-16T16:29:10.567201,POST,/api/articles/analyze/,583.95,58,0,
2026-05-16T16:29:10.577294,GET,/api/articles/list/large/,574.02,471824,0,
2026-05-16T16:29:10.631205,POST,/api/articles/analyze/,629.79,58,0,
2026-05-16T16:29:10.786249,POST,/api/articles/bulk/,752.92,34,0,
2026-05-16T16:29:10.806135,POST,/api/articles/analyze/,776.74,58,0,
2026-05-16T16:29:10.911572,GET,/api/articles/list/large/,864.02,471824,0,
2026-05-16T16:29:10.922471,GET,/api/articles/list/large/,830.52,471824,0,
2026-05-16T16:29:10.944643,GET,/api/articles/list/large/,836.11,471824,0,
2026-05-16T16:29:10.969254,GET,/api/articles/list/small/,779.22,23002,0,
2026-05-16T16:29:10.974252,GET,/api/articles/list/large/,797.13,471824,0,
2026-05-16T16:29:10.988589,POST,/api/articles/bulk/,732.18,34,0,
2026-05-16T16:29:10.989908,POST,/api/articles/bulk/,837.93,34,0,
2026-05-16T16:29:10.990605,GET,/api/articles/list/small/,839.38,23002,0,
2026-05-16T16:29:11.004196,GET,/api/articles/list/small/,733.87,23002,0,
2026-05-16T16:29:11.007241,GET,/api/articles/list/small/,871.98,23002,0,
2026-05-16T16:29:11.007986,POST,/api/articles/bulk/,800.96,34,0,
2026-05-16T16:29:11.008381,GET,/api/articles/list/small/,805.14,23002,0,
2026-05-16T16:29:11.009927,GET,/api/articles/list/large/,740.34,471824,0,
2026-05-16T16:29:11.052377,GET,/api/articles/list/small/,833.58,23002,0,
2026-05-16T16:29:11.071423,POST,/api/articles/bulk/,797.38,34,0,
2026-05-16T16:29:11.074144,POST,/api/articles/analyze/,833.63,58,0,
2026-05-16T16:29:11.075324,GET,/api/articles/list/small/,797.24,23002,0,
2026-05-16T16:29:11.076541,GET,/api/articles/list/large/,861.42,471824,0,
2026-05-16T16:29:11.096493,GET,/api/articles/list/small/,776.74,23002,0,
2026-05-16T16:29:11.134408,GET,/api/articles/list/small/,800.44,23002,0,
2026-05-16T16:29:11.135780,GET,/api/articles/list/large/,813.15,471824,0,
2026-05-16T16:29:11.136661,POST,/api/articles/bulk/,806.65,34,0,
2026-05-16T16:29:11.140130,POST,/api/articles/bulk/,770.78,34,0,
2026-05-16T16:29:11.141827,GET,/api/articles/list/small/,801.96,23002,0,
2026-05-16T16:29:11.143071,GET,/api/articles/list/large/,808.77,471824,0,
2026-05-16T16:29:11.219577,POST,/api/articles/bulk/,890.26,34,0,
2026-05-16T16:29:11.255450,GET,/api/articles/list/small/,917.33,23002,0,
2026-05-16T16:29:11.259183,GET,/api/articles/list/small/,927.1,23002,0,
2026-05-16T16:29:11.260106,POST,/api/articles/bulk/,928.79,34,0,
2026-05-16T16:29:11.320333,GET,/api/articles/list/large/,939.08,471824,0,
2026-05-16T16:29:11.321219,GET,/api/articles/list/small/,936.54,23002,0,
2026-05-16T16:29:11.415577,POST,/api/articles/analyze/,1023.01,58,0,
2026-05-16T16:29:11.446133,POST,/api/articles/analyze/,1061.96,58,0,
2026-05-16T16:29:11.542007,POST,/api/articles/bulk/,1126.06,34,0,
2026-05-16T16:29:11.545990,POST,/api/articles/analyze/,1134.92,58,0,
2026-05-16T16:29:11.548957,GET,/api/articles/list/small/,1132.31,23002,0,
2026-05-16T16:29:11.680319,POST,/api/articles/bulk/,1241.74,34,0,
2026-05-16T16:29:11.682143,POST,/api/articles/bulk/,1227.36,34,0,
2026-05-16T16:29:11.716894,POST,/api/articles/bulk/,1256.84,34,0,
2026-05-16T16:29:11.796937,GET,/api/articles/list/small/,1308.26,23002,0,
2026-05-16T16:29:11.801885,GET,/api/articles/list/large/,1316.99,471824,0,
2026-05-16T16:29:11.867325,POST,/api/articles/bulk/,1283.64,34,0,
2026-05-16T16:29:11.867770,POST,/api/articles/analyze/,1319.21,58,0,
2026-05-16T16:29:11.868867,POST,/api/articles/bulk/,1351.39,34,0,
2026-05-16T16:29:11.869252,GET,/api/articles/list/small/,1311.69,23002,0,
2026-05-16T16:29:11.870032,POST,/api/articles/bulk/,1251.33,34,0,
2026-05-16T16:29:11.872088,GET,/api/articles/list/large/,1273.42,471824,0,
2026-05-16T16:29:11.896054,GET,/api/articles/list/small/,1319.64,23002,0,
2026-05-16T16:29:11.899682,POST,/api/articles/analyze/,1285.75,58,0,
2026-05-16T16:29:11.901050,GET,/api/articles/list/large/,1320.27,471824,0,
2026-05-16T16:29:11.901473,GET,/api/articles/list/small/,1293.2,23002,0,
2026-05-16T16:29:11.904334,GET,/api/articles/list/large/,1307.55,471824,0,
2026-05-16T16:29:11.935274,GET,/api/articles/list/large/,1294.8,471824,0,
2026-05-16T16:29:12.034273,POST,/api/articles/analyze/,1338.0,58,0,
2026-05-16T16:29:12.034742,POST,/api/articles/analyze/,1345.43,58,0,
2026-05-16T16:29:12.035271,POST,/api/articles/analyze/,1290.12,58,0,
2026-05-16T16:29:12.038575,GET,/api/articles/list/large/,1322.25,471824,0,
2026-05-16T16:29:12.039126,POST,/api/articles/bulk/,1344.85,34,0,
2026-05-16T16:29:12.040329,GET,/api/articles/list/large/,1335.06,471824,0,
2026-05-16T16:29:12.134824,GET,/api/articles/list/large/,1418.87,471824,0,
2026-05-16T16:29:12.178367,GET,/api/articles/list/large/,1431.26,471824,0,
2026-05-16T16:29:12.232670,GET,/api/articles/list/large/,1453.89,471824,0,
2026-05-16T16:29:12.233118,POST,/api/articles/bulk/,1455.1,34,0,
2026-05-16T16:29:12.298830,GET,/api/articles/list/large/,1498.26,471824,0,
2026-05-16T16:29:12.317320,GET,/api/articles/list/large/,1511.91,471824,0,
2026-05-16T16:29:12.320404,GET,/api/articles/list/large/,1460.71,471824,0,
2026-05-16T16:29:12.413878,POST,/api/articles/analyze/,1578.48,58,0,
2026-05-16T16:29:12.417367,GET,/api/articles/list/small/,1586.8,23002,0,
2026-05-16T16:29:12.430720,POST,/api/articles/analyze/,1592.19,58,0,
2026-05-16T16:29:12.512837,POST,/api/articles/bulk/,1645.46,34,0,
2026-05-16T16:29:12.519873,GET,/api/articles/list/large/,1635.16,471824,0,
2026-05-16T16:29:12.520971,GET,/api/articles/list/small/,1610.91,23002,0,
2026-05-16T16:29:12.522007,POST,/api/articles/bulk/,1626.61,34,0,
2026-05-16T16:29:12.524938,POST,/api/articles/bulk/,1624.99,34,0,
2026-05-16T16:29:12.530676,GET,/api/articles/list/large/,1631.09,471824,0,
2026-05-16T16:29:12.537167,POST,/api/articles/analyze/,1660.42,58,0,
2026-05-16T16:29:12.611464,GET,/api/articles/list/large/,1684.52,471824,0,
2026-05-16T16:29:12.645254,GET,/api/articles/list/small/,1720.5,23002,0,
2026-05-16T16:29:12.820720,POST,/api/articles/analyze/,1894.14,58,0,
2026-05-16T16:29:12.829622,POST,/api/articles/analyze/,1879.74,58,0,
2026-05-16T16:29:13.020441,POST,/api/articles/analyze/,2031.22,58,0,
2026-05-16T16:29:13.021710,GET,/api/articles/list/small/,2031.7,23002,0,
2026-05-16T16:29:13.024303,POST,/api/articles/analyze/,2046.82,58,0,
2026-05-16T16:29:13.045187,POST,/api/articles/analyze/,2044.93,58,0,
2026-05-16T16:29:13.050916,POST,/api/articles/analyze/,2004.83,58,0,
2026-05-16T16:29:13.065698,GET,/api/articles/list/large/,2049.49,471824,0,
2026-05-16T16:29:13.121919,POST,/api/articles/analyze/,2003.09,58,0,
2026-05-16T16:29:13.123985,GET,/api/articles/list/large/,2063.23,471824,0,
2026-05-16T16:29:13.125216,GET,/api/articles/list/small/,2023.07,23002,0,
2026-05-16T16:29:13.126947,GET,/api/articles/list/large/,2043.08,471824,0,
2026-05-16T16:29:13.128038,GET,/api/articles/list/large/,2031.0,471824,0,
2026-05-16T16:29:13.130251,GET,/api/articles/list/large/,2031.25,471824,0,
2026-05-16T16:29:13.131649,GET,/api/articles/list/small/,2069.79,23002,0,
2026-05-16T16:29:13.164787,GET,/api/articles/list/small/,2069.78,23002,0,
2026-05-16T16:29:13.165383,POST,/api/articles/analyze/,2071.21,58,0,
2026-05-16T16:29:13.168310,POST,/api/articles/bulk/,2046.44,34,0,
2026-05-16T16:29:13.173011,POST,/api/articles/bulk/,2088.0,34,0,
2026-05-16T16:29:13.175253,GET,/api/articles/list/large/,2082.97,471824,0,
2026-05-16T16:29:13.178407,GET,/api/articles/list/small/,2074.34,23002,0,
2026-05-16T16:29:13.180599,GET,/api/articles/list/small/,2092.54,23002,0,
2026-05-16T16:29:13.201731,POST,/api/articles/analyze/,1980.95,58,0,
2026-05-16T16:29:13.203277,POST,/api/articles/bulk/,1983.49,34,0,
2026-05-16T16:29:13.204562,POST,/api/articles/analyze/,2046.25,58,0,
2026-05-16T16:29:13.208374,GET,/api/articles/list/large/,1992.81,471824,0,
2026-05-16T16:29:13.209115,GET,/api/articles/list/small/,1954.8,23002,0,
2026-05-16T16:29:13.210745,GET,/api/articles/list/large/,2072.57,471824,0,
2026-05-16T16:29:13.213545,GET,/api/articles/list/small/,1965.0,23002,0,
2026-05-16T16:29:13.214762,POST,/api/articles/bulk/,2063.71,34,0,
2026-05-16T16:29:13.218018,GET,/api/articles/list/large/,2046.76,471824,0,
2026-05-16T16:29:13.220343,POST,/api/articles/analyze/,2001.86,58,0,
2026-05-16T16:29:13.221251,POST,/api/articles/bulk/,2023.01,34,0,
2026-05-16T16:29:13.223143,GET,/api/articles/list/large/,2078.79,471824,0,
2026-05-16T16:29:13.232364,GET,/api/articles/list/large/,2096.41,471824,0,
2026-05-16T16:29:13.264807,GET,/api/articles/list/large/,1990.43,471824,0,
2026-05-16T16:29:13.266280,GET,/api/articles/list/small/,2104.07,23002,0,
2026-05-16T16:29:13.273472,POST,/api/articles/analyze/,1988.2,58,0,
2026-05-16T16:29:13.277537,GET,/api/articles/list/large/,1965.41,471824,0,
2026-05-16T16:29:13.346645,POST,/api/articles/bulk/,2005.12,34,0,
2026-05-16T16:29:13.347674,POST,/api/articles/analyze/,1815.74,58,0,
2026-05-16T16:29:13.349855,GET,/api/articles/list/large/,1888.42,471824,0,
2026-05-16T16:29:13.351271,POST,/api/articles/bulk/,1882.92,34,0,
2026-05-16T16:29:13.385332,GET,/api/articles/list/large/,1990.89,471824,0,
2026-05-16T16:29:13.386043,POST,/api/articles/bulk/,1957.18,34,0,
2026-05-16T16:29:13.386651,POST,/api/articles/analyze/,1914.11,58,0,
2026-05-16T16:29:13.590889,GET,/api/articles/list/small/,2115.51,23002,0,
2026-05-16T16:29:13.596131,GET,/api/articles/list/large/,2189.8,471824,0,
2026-05-16T16:29:13.604408,GET,/api/articles/list/large/,2127.13,471824,0,
2026-05-16T16:29:13.615071,GET,/api/articles/list/large/,2231.64,471824,0,
2026-05-16T16:29:13.616844,POST,/api/articles/analyze/,2266.4,58,0,
2026-05-16T16:29:13.624411,POST,/api/articles/analyze/,2191.26,58,0,
2026-05-16T16:29:13.625862,GET,/api/articles/list/large/,2281.11,471824,0,
2026-05-16T16:29:13.640824,POST,/api/articles/analyze/,2073.59,58,0,
2026-05-16T16:29:13.641398,GET,/api/articles/list/small/,1990.85,23002,0,
2026-05-16T16:29:13.641788,POST,/api/articles/analyze/,2063.67,58,0,
2026-05-16T16:29:13.642254,POST,/api/articles/bulk/,2111.82,34,0,
2026-05-16T16:29:13.642616,GET,/api/articles/list/small/,2123.16,23002,0,
2026-05-16T16:29:13.642988,POST,/api/articles/analyze/,2134.59,58,0,
2026-05-16T16:29:13.643367,POST,/api/articles/analyze/,2097.25,58,0,
2026-05-16T16:29:13.644188,POST,/api/articles/bulk/,2145.14,34,0,
2026-05-16T16:29:13.645973,GET,/api/articles/list/small/,1902.93,23002,0,
2026-05-16T16:29:13.646708,POST,/api/articles/bulk/,2065.82,34,0,
2026-05-16T16:29:13.647150,GET,/api/articles/list/small/,2070.91,23002,0,
2026-05-16T16:29:13.648445,GET,/api/articles/list/small/,2055.64,23002,0,
2026-05-16T16:29:13.686685,GET,/api/articles/list/small/,2029.23,23002,0,
2026-05-16T16:29:13.690647,POST,/api/articles/bulk/,2100.4,34,0,
2026-05-16T16:29:13.866859,GET,/api/articles/list/large/,2252.28,471824,0,
2026-05-16T16:29:13.917873,GET,/api/articles/list/small/,2224.64,23002,0,
2026-05-16T16:29:13.918819,POST,/api/articles/analyze/,2138.63,58,0,
2026-05-16T16:29:13.920033,GET,/api/articles/list/large/,2235.67,471824,0,
2026-05-16T16:29:13.921989,GET,/api/articles/list/large/,2184.46,471824,0,
2026-05-16T16:29:13.923141,POST,/api/articles/analyze/,2183.93,58,0,
2026-05-16T16:29:13.923516,GET,/api/articles/list/small/,2231.27,23002,0,
2026-05-16T16:29:13.924237,POST,/api/articles/bulk/,2189.05,34,0,
2026-05-16T16:29:13.924564,POST,/api/articles/analyze/,2230.97,58,0,
2026-05-16T16:29:13.956443,POST,/api/articles/bulk/,2169.3,34,0,
2026-05-16T16:29:14.059282,POST,/api/articles/analyze/,2257.22,58,0,
2026-05-16T16:29:14.060407,POST,/api/articles/bulk/,2227.52,34,0,
2026-05-16T16:29:14.302458,GET,/api/articles/list/large/,2442.29,471824,0,
2026-05-16T16:29:14.304784,GET,/api/articles/list/large/,2425.45,471824,0,
2026-05-16T16:29:14.451122,POST,/api/articles/bulk/,2533.51,34,0,
2026-05-16T16:29:14.481167,POST,/api/articles/analyze/,2493.33,58,0,
2026-05-16T16:29:14.482661,GET,/api/articles/list/small/,2497.74,23002,0,
2026-05-16T16:29:14.490588,GET,/api/articles/list/large/,2536.71,471824,0,
2026-05-16T16:29:14.500989,POST,/api/articles/bulk/,2553.37,34,0,
2026-05-16T16:29:14.509954,GET,/api/articles/list/large/,2294.64,471824,0,
2026-05-16T16:29:14.511379,GET,/api/articles/list/small/,2317.91,23002,0,
2026-05-16T16:29:14.523185,POST,/api/articles/analyze/,2355.2,58,0,
2026-05-16T16:29:14.558169,POST,/api/articles/bulk/,2479.32,34,0,
2026-05-16T16:29:14.558730,GET,/api/articles/list/large/,2540.18,471824,0,
2026-05-16T16:29:14.559433,GET,/api/articles/list/small/,2395.32,23002,0,
2026-05-16T16:29:14.560757,GET,/api/articles/list/large/,2558.11,471824,0,
2026-05-16T16:29:14.598218,GET,/api/articles/list/small/,2418.55,23002,0,
2026-05-16T16:29:14.599467,POST,/api/articles/bulk/,2383.63,34,0,
2026-05-16T16:29:14.604455,GET,/api/articles/list/small/,2493.32,23002,0,
2026-05-16T16:29:14.605639,GET,/api/articles/list/small/,2547.99,23002,0,
2026-05-16T16:29:14.655867,POST,/api/articles/analyze/,2287.7,58,0,
2026-05-16T16:29:14.656543,GET,/api/articles/list/small/,2237.91,23002,0,
2026-05-16T16:29:14.657578,POST,/api/articles/bulk/,2255.36,34,0,
2026-05-16T16:29:14.659225,GET,/api/articles/list/large/,2291.58,471824,0,
2026-05-16T16:29:14.660283,GET,/api/articles/list/large/,2371.44,471824,0,
2026-05-16T16:29:14.666145,GET,/api/articles/list/large/,2237.06,471824,0,
2026-05-16T16:29:14.667350,GET,/api/articles/list/large/,2374.76,471824,0,
2026-05-16T16:29:14.674448,GET,/api/articles/list/large/,2443.96,471824,0,
2026-05-16T16:29:14.676906,POST,/api/articles/bulk/,2404.27,34,0,
2026-05-16T16:29:14.679259,POST,/api/articles/bulk/,2250.91,34,0,
2026-05-16T16:29:14.680244,POST,/api/articles/bulk/,2380.13,34,0,
2026-05-16T16:29:14.696802,GET,/api/articles/list/large/,2257.87,471824,0,
2026-05-16T16:29:14.697656,POST,/api/articles/analyze/,2158.22,58,0,
2026-05-16T16:29:14.703479,POST,/api/articles/analyze/,2250.28,58,0,
2026-05-16T16:29:14.705765,GET,/api/articles/list/large/,2222.71,471824,0,
2026-05-16T16:29:14.743438,GET,/api/articles/list/large/,2297.44,471824,0,
2026-05-16T16:29:14.749352,GET,/api/articles/list/large/,2296.52,471824,0,
2026-05-16T16:29:14.769480,POST,/api/articles/analyze/,2154.71,58,0,
2026-05-16T16:29:14.770525,GET,/api/articles/list/large/,2187.97,471824,0,
2026-05-16T16:29:14.770965,GET,/api/articles/list/small/,1985.69,23002,0,
2026-05-16T16:29:14.801699,POST,/api/articles/bulk/,2081.05,34,0,
2026-05-16T16:29:14.802440,POST,/api/articles/analyze/,2238.09,58,0,
2026-05-16T16:29:14.803113,POST,/api/articles/analyze/,2183.52,58,0,
2026-05-16T16:29:14.806043,POST,/api/articles/bulk/,2008.37,34,0,
2026-05-16T16:29:14.806545,POST,/api/articles/bulk/,2064.14,34,0,
2026-05-16T16:29:14.807008,POST,/api/articles/analyze/,2042.07,58,0,
2026-05-16T16:29:14.808302,GET,/api/articles/list/large/,2069.36,471824,0,
2026-05-16T16:29:14.809428,GET,/api/articles/list/large/,2002.06,471824,0,
2026-05-16T16:29:14.810534,GET,/api/articles/list/large/,2208.13,471824,0,
2026-05-16T16:29:14.810975,GET,/api/articles/list/small/,2054.99,23002,0,
2026-05-16T16:29:14.814820,GET,/api/articles/list/large/,2138.08,471824,0,
2026-05-16T16:29:14.822206,GET,/api/articles/list/large/,2152.67,471824,0,
2026-05-16T16:29:14.935989,POST,/api/articles/analyze/,2151.71,58,0,
2026-05-16T16:29:15.023118,GET,/api/articles/list/large/,2184.76,471824,0,
2026-05-16T16:29:15.155418,POST,/api/articles/analyze/,2119.89,58,0,
2026-05-16T16:29:15.156952,GET,/api/articles/list/large/,2231.32,471824,0,
2026-05-16T16:29:15.157626,POST,/api/articles/bulk/,2216.06,34,0,
2026-05-16T16:29:15.158144,GET,/api/articles/list/small/,2171.13,23002,0,
2026-05-16T16:29:15.159342,GET,/api/articles/list/large/,2168.41,471824,0,
2026-05-16T16:29:15.166998,GET,/api/articles/list/small/,2170.58,23002,0,
2026-05-16T16:29:15.244766,POST,/api/articles/bulk/,2231.28,34,0,
2026-05-16T16:29:15.263254,GET,/api/articles/list/small/,2194.26,23002,0,
2026-05-16T16:29:15.394279,GET,/api/articles/list/large/,2311.14,471824,0,
2026-05-16T16:29:15.394792,GET,/api/articles/list/small/,2291.12,23002,0,
2026-05-16T16:29:15.397029,POST,/api/articles/bulk/,2316.22,34,0,
2026-05-16T16:29:15.400004,GET,/api/articles/list/large/,2313.66,471824,0,
2026-05-16T16:29:15.401308,POST,/api/articles/analyze/,2237.92,58,0,
2026-05-16T16:29:15.407423,GET,/api/articles/list/large/,2309.68,471824,0,
2026-05-16T16:29:15.426953,GET,/api/articles/list/small/,2196.72,23002,0,
2026-05-16T16:29:15.511388,POST,/api/articles/bulk/,2256.01,34,0,
2026-05-16T16:29:15.511862,POST,/api/articles/analyze/,2184.07,58,0,
2026-05-16T16:29:15.512510,POST,/api/articles/analyze/,1886.49,58,0,
2026-05-16T16:29:15.521288,GET,/api/articles/list/large/,2245.33,471824,0,
2026-05-16T16:29:15.593012,GET,/api/articles/list/large/,2253.64,471824,0,
2026-05-16T16:29:15.593985,POST,/api/articles/analyze/,2248.18,58,0,
2026-05-16T16:29:15.596677,GET,/api/articles/list/large/,2224.19,471824,0,
2026-05-16T16:29:15.603715,GET,/api/articles/list/large/,2193.9,471824,0,
2026-05-16T16:29:15.605142,GET,/api/articles/list/large/,2242.55,471824,0,
2026-05-16T16:29:15.605543,GET,/api/articles/list/small/,2004.04,23002,0,
2026-05-16T16:29:15.606096,POST,/api/articles/bulk/,2217.23,34,0,
2026-05-16T16:29:15.606845,POST,/api/articles/bulk/,1997.1,34,0,
2026-05-16T16:29:15.616113,POST,/api/articles/bulk/,2135.47,34,0,
2026-05-16T16:29:15.623967,GET,/api/articles/list/large/,2101.81,471824,0,
2026-05-16T16:29:15.663689,GET,/api/articles/list/small/,2224.02,23002,0,
2026-05-16T16:29:15.665413,POST,/api/articles/analyze/,2137.36,58,0,
2026-05-16T16:29:15.676492,GET,/api/articles/list/large/,2281.53,471824,0,
2026-05-16T16:29:15.715382,POST,/api/articles/analyze/,2038.62,58,0,
2026-05-16T16:29:15.716115,GET,/api/articles/list/small/,1906.57,23002,0,
2026-05-16T16:29:15.717941,GET,/api/articles/list/large/,1953.89,471824,0,
2026-05-16T16:29:15.718416,POST,/api/articles/bulk/,1994.27,34,0,
2026-05-16T16:29:15.718760,POST,/api/articles/analyze/,1991.77,58,0,
2026-05-16T16:29:15.720484,GET,/api/articles/list/large/,2012.51,471824,0,
2026-05-16T16:29:15.720865,POST,/api/articles/analyze/,1871.78,58,0,
2026-05-16T16:29:15.729097,GET,/api/articles/list/small/,1882.95,23002,0,
2026-05-16T16:29:15.731472,GET,/api/articles/list/large/,1919.96,471824,0,
2026-05-16T16:29:15.731981,GET,/api/articles/list/small/,2017.98,23002,0,
2026-05-16T16:29:15.825576,POST,/api/articles/analyze/,1781.81,58,0,
2026-05-16T16:29:15.827657,GET,/api/articles/list/large/,1790.76,471824,0,
2026-05-16T16:29:15.828095,POST,/api/articles/bulk/,1905.96,34,0,
2026-05-16T16:29:15.828456,POST,/api/articles/bulk/,1908.28,34,0,
2026-05-16T16:29:15.829403,GET,/api/articles/list/large/,1789.51,471824,0,
2026-05-16T16:29:15.860947,GET,/api/articles/list/small/,1975.75,23002,0,
2026-05-16T16:29:15.985735,POST,/api/articles/analyze/,1777.0,58,0,
2026-05-16T16:29:15.987394,POST,/api/articles/bulk/,1934.65,34,0,
2026-05-16T16:29:15.988527,POST,/api/articles/bulk/,1878.86,34,0,
2026-05-16T16:29:15.992532,GET,/api/articles/list/large/,1721.77,471824,0,
2026-05-16T16:29:15.993233,GET,/api/articles/list/small/,1800.62,23002,0,
2026-05-16T16:29:16.027173,GET,/api/articles/list/large/,1866.13,471824,0,
2026-05-16T16:29:16.028280,POST,/api/articles/analyze/,1958.55,58,0,
2026-05-16T16:29:16.033418,GET,/api/articles/list/large/,1871.9,471824,0,
2026-05-16T16:29:16.132530,GET,/api/articles/list/large/,1755.28,471824,0,
2026-05-16T16:29:16.162671,GET,/api/articles/list/small/,1760.49,23002,0,
2026-05-16T16:29:16.164353,GET,/api/articles/list/small/,1749.53,23002,0,
2026-05-16T16:29:16.169991,POST,/api/articles/bulk/,1787.9,34,0,
2026-05-16T16:29:16.174819,POST,/api/articles/analyze/,1769.82,58,0,
2026-05-16T16:29:16.192062,GET,/api/articles/list/small/,1705.57,23002,0,
2026-05-16T16:29:16.194820,POST,/api/articles/bulk/,1694.68,34,0,
2026-05-16T16:29:16.201436,GET,/api/articles/list/large/,1710.66,471824,0,
2026-05-16T16:29:16.219084,POST,/api/articles/bulk/,1743.6,34,0,
2026-05-16T16:29:16.223501,POST,/api/articles/bulk/,1678.74,34,0,
2026-05-16T16:29:16.224535,GET,/api/articles/list/large/,1691.3,471824,0,
2026-05-16T16:29:16.224939,GET,/api/articles/list/small/,1709.26,23002,0,
2026-05-16T16:29:16.225263,POST,/api/articles/bulk/,1681.22,34,0,
2026-05-16T16:29:16.225615,POST,/api/articles/bulk/,1668.46,34,0,
2026-05-16T16:29:16.227137,POST,/api/articles/bulk/,1694.67,34,0,
2026-05-16T16:29:16.227821,POST,/api/articles/analyze/,1682.19,58,0,
2026-05-16T16:29:16.231719,GET,/api/articles/list/small/,1594.99,23002,0,
2026-05-16T16:29:16.234797,GET,/api/articles/list/small/,1671.8,23002,0,
2026-05-16T16:29:16.249782,GET,/api/articles/list/large/,1621.91,471824,0,
2026-05-16T16:29:16.252535,GET,/api/articles/list/large/,1580.87,471824,0,
2026-05-16T16:29:16.253495,POST,/api/articles/bulk/,1601.0,34,0,
2026-05-16T16:29:16.254770,GET,/api/articles/list/large/,1596.79,471824,0,
2026-05-16T16:29:16.255680,GET,/api/articles/list/small/,1584.36,23002,0,
2026-05-16T16:29:16.268941,POST,/api/articles/bulk/,1612.29,34,0,
2026-05-16T16:29:16.269724,POST,/api/articles/analyze/,1598.81,58,0,
2026-05-16T16:29:16.281403,GET,/api/articles/list/large/,1551.09,471824,0,
2026-05-16T16:29:16.282281,GET,/api/articles/list/large/,1595.8,471824,0,
2026-05-16T16:29:16.285021,POST,/api/articles/bulk/,1534.46,34,0,
2026-05-16T16:29:16.292770,GET,/api/articles/list/large/,1588.65,471824,0,
2026-05-16T16:29:16.346033,GET,/api/articles/list/small/,1515.61,23002,0,
2026-05-16T16:29:16.346800,POST,/api/articles/analyze/,1497.04,58,0,
2026-05-16T16:29:16.347232,POST,/api/articles/analyze/,1557.94,58,0,
2026-05-16T16:29:16.347960,POST,/api/articles/analyze/,1517.11,58,0,
2026-05-16T16:29:16.411755,POST,/api/articles/bulk/,1459.47,34,0,
2026-05-16T16:29:16.417511,GET,/api/articles/list/large/,1448.05,471824,0,
2026-05-16T16:29:16.418642,GET,/api/articles/list/large/,1515.28,471824,0,
2026-05-16T16:29:16.419676,GET,/api/articles/list/large/,1425.48,471824,0,
2026-05-16T16:29:16.467502,POST,/api/articles/analyze/,1498.83,58,0,
2026-05-16T16:29:16.469923,GET,/api/articles/list/small/,1444.49,23002,0,
2026-05-16T16:29:16.470878,POST,/api/articles/bulk/,1514.41,34,0,
2026-05-16T16:29:16.471852,GET,/api/articles/list/small/,1361.58,23002,0,
2026-05-16T16:29:16.472426,GET,/api/articles/list/small/,1330.34,23002,0,
2026-05-16T16:29:16.533951,GET,/api/articles/list/small/,1313.65,23002,0,
2026-05-16T16:29:16.535240,POST,/api/articles/analyze/,1385.25,58,0,
2026-05-16T16:29:16.595576,GET,/api/articles/list/small/,1439.97,23002,0,
2026-05-16T16:29:16.687830,POST,/api/articles/analyze/,1482.47,58,0,
2026-05-16T16:29:16.698237,GET,/api/articles/list/small/,1331.64,23002,0,
2026-05-16T16:29:16.698657,POST,/api/articles/bulk/,1338.23,34,0,
2026-05-16T16:29:16.702391,POST,/api/articles/analyze/,1445.41,58,0,
2026-05-16T16:29:16.762308,POST,/api/articles/analyze/,1475.76,58,0,
2026-05-16T16:29:16.807845,GET,/api/articles/list/small/,1487.32,23002,0,
2026-05-16T16:29:16.828218,POST,/api/articles/bulk/,1385.04,34,0,
2026-05-16T16:29:16.848288,GET,/api/articles/list/large/,1295.72,471824,0,
2026-05-16T16:29:16.855042,POST,/api/articles/analyze/,1312.47,58,0,
2026-05-16T16:29:16.856963,POST,/api/articles/analyze/,1323.38,58,0,
2026-05-16T16:29:16.893810,POST,/api/articles/analyze/,1332.09,58,0,
2026-05-16T16:29:16.900032,GET,/api/articles/list/large/,1296.17,471824,0,
2026-05-16T16:29:16.901379,POST,/api/articles/analyze/,1302.43,58,0,
2026-05-16T16:29:16.903604,GET,/api/articles/list/small/,1252.83,23002,0,
2026-05-16T16:29:16.907363,GET,/api/articles/list/large/,1266.25,471824,0,
2026-05-16T16:29:16.910473,POST,/api/articles/analyze/,1281.26,58,0,
2026-05-16T16:29:16.919231,POST,/api/articles/bulk/,1226.5,34,0,
2026-05-16T16:29:16.953160,GET,/api/articles/list/large/,1300.63,471824,0,
2026-05-16T16:29:16.958094,POST,/api/articles/analyze/,1257.19,58,0,
2026-05-16T16:29:16.991608,POST,/api/articles/analyze/,1249.46,58,0,
2026-05-16T16:29:17.002386,GET,/api/articles/list/small/,1185.06,23002,0,
2026-05-16T16:29:17.003595,GET,/api/articles/list/large/,1250.56,471824,0,
2026-05-16T16:29:17.004012,POST,/api/articles/analyze/,1065.86,58,0,
2026-05-16T16:29:17.005535,GET,/api/articles/list/large/,1097.09,471824,0,
2026-05-16T16:29:17.006522,POST,/api/articles/bulk/,1089.56,34,0,
2026-05-16T16:29:17.007308,GET,/api/articles/list/small/,1064.04,23002,0,
2026-05-16T16:29:17.007825,POST,/api/articles/bulk/,1114.09,34,0,
2026-05-16T16:29:17.008345,GET,/api/articles/list/small/,1095.93,23002,0,
2026-05-16T16:29:17.009166,GET,/api/articles/list/small/,1115.81,23002,0,
2026-05-16T16:29:17.011703,GET,/api/articles/list/small/,1118.99,23002,0,
2026-05-16T16:29:17.013067,POST,/api/articles/analyze/,1100.12,58,0,
2026-05-16T16:29:17.015043,GET,/api/articles/list/large/,1165.32,471824,0,
2026-05-16T16:29:17.015463,POST,/api/articles/bulk/,1131.06,34,0,
2026-05-16T16:29:17.016314,GET,/api/articles/list/large/,1092.08,471824,0,
2026-05-16T16:29:17.016707,POST,/api/articles/bulk/,1059.31,34,0,
2026-05-16T16:29:17.017282,POST,/api/articles/analyze/,1205.26,58,0,
2026-05-16T16:29:17.017903,POST,/api/articles/bulk/,1181.28,34,0,
2026-05-16T16:29:17.018241,POST,/api/articles/bulk/,1139.03,34,0,
2026-05-16T16:29:17.029155,POST,/api/articles/analyze/,1150.82,58,0,
2026-05-16T16:29:17.031337,POST,/api/articles/analyze/,1105.19,58,0,
2026-05-16T16:29:17.032713,POST,/api/articles/bulk/,948.16,34,0,
2026-05-16T16:29:17.033931,GET,/api/articles/list/small/,1009.01,23002,0,
2026-05-16T16:29:17.034951,POST,/api/articles/bulk/,1044.23,34,0,
2026-05-16T16:29:17.035756,POST,/api/articles/bulk/,1049.34,34,0,
2026-05-16T16:29:17.044844,GET,/api/articles/list/large/,1004.15,471824,0,
2026-05-16T16:29:17.045554,POST,/api/articles/bulk/,1066.87,34,0,
2026-05-16T16:29:17.062823,GET,/api/articles/list/large/,945.98,471824,0,
2026-05-16T16:29:17.157724,GET,/api/articles/list/small/,1000.91,23002,0,
2026-05-16T16:29:17.226262,GET,/api/articles/list/small/,1059.71,23002,0,
2026-05-16T16:29:17.274156,POST,/api/articles/analyze/,1070.51,58,0,
2026-05-16T16:29:17.341466,POST,/api/articles/analyze/,1122.83,58,0,
2026-05-16T16:29:17.347346,GET,/api/articles/list/large/,1156.1,471824,0,
2026-05-16T16:29:17.367766,POST,/api/articles/analyze/,1110.87,58,0,
2026-05-16T16:29:17.368938,GET,/api/articles/list/large/,1126.96,471824,0,
2026-05-16T16:29:17.378345,GET,/api/articles/list/large/,1117.71,471824,0,
2026-05-16T16:29:17.442408,POST,/api/articles/analyze/,1037.14,58,0,
2026-05-16T16:29:17.442929,POST,/api/articles/analyze/,1057.56,58,0,
2026-05-16T16:29:17.473488,GET,/api/articles/list/small/,1032.29,23002,0,
2026-05-16T16:29:17.475107,POST,/api/articles/analyze/,938.64,58,0,
2026-05-16T16:29:17.475666,POST,/api/articles/analyze/,1005.45,58,0,
2026-05-16T16:29:17.477030,POST,/api/articles/bulk/,1052.12,34,0,
2026-05-16T16:29:17.550752,POST,/api/articles/bulk/,1102.71,34,0,
2026-05-16T16:29:17.596457,POST,/api/articles/analyze/,1071.71,58,0,
2026-05-16T16:29:17.597765,GET,/api/articles/list/small/,996.98,23002,0,
2026-05-16T16:29:17.598839,GET,/api/articles/list/large/,1067.18,471824,0,
2026-05-16T16:29:17.601306,GET,/api/articles/list/large/,947.88,471824,0,
2026-05-16T16:29:17.606569,POST,/api/articles/bulk/,1114.94,34,0,
2026-05-16T16:29:17.609419,POST,/api/articles/analyze/,966.91,58,0,
2026-05-16T16:29:17.610943,GET,/api/articles/list/large/,1021.61,471824,0,
2026-05-16T16:29:17.614455,GET,/api/articles/list/large/,1143.48,471824,0,
2026-05-16T16:29:17.634626,GET,/api/articles/list/large/,1116.81,471824,0,
2026-05-16T16:29:17.635373,POST,/api/articles/bulk/,910.5,34,0,
2026-05-16T16:29:17.638172,POST,/api/articles/analyze/,940.84,58,0,
2026-05-16T16:29:17.646269,POST,/api/articles/analyze/,941.56,58,0,
2026-05-16T16:29:17.648625,POST,/api/articles/bulk/,913.57,34,0,
2026-05-16T16:29:17.662603,POST,/api/articles/bulk/,875.58,34,0,
2026-05-16T16:29:17.669865,GET,/api/articles/list/small/,892.32,23002,0,
2026-05-16T16:29:17.670696,GET,/api/articles/list/large/,870.89,471824,0,
2026-05-16T16:29:17.671115,GET,/api/articles/list/small/,884.75,23002,0,
2026-05-16T16:29:17.755801,POST,/api/articles/bulk/,962.75,34,0,
2026-05-16T16:29:17.937875,POST,/api/articles/bulk/,1102.38,34,0,
2026-05-16T16:29:17.964775,GET,/api/articles/list/large/,1113.17,471824,0,
2026-05-16T16:29:18.014139,GET,/api/articles/list/small/,1105.5,23002,0,
2026-05-16T16:29:18.035859,GET,/api/articles/list/small/,1126.78,23002,0,
2026-05-16T16:29:18.049317,POST,/api/articles/bulk/,1166.29,34,0,
2026-05-16T16:29:18.050824,POST,/api/articles/analyze/,1150.6,58,0,
2026-05-16T16:29:18.097826,GET,/api/articles/list/large/,1183.15,471824,0,
2026-05-16T16:29:18.100226,GET,/api/articles/list/large/,1185.06,471824,0,
2026-05-16T16:29:18.105968,GET,/api/articles/list/large/,1148.53,471824,0,
2026-05-16T16:29:18.106636,GET,/api/articles/list/small/,1183.12,23002,0,
2026-05-16T16:29:18.119959,POST,/api/articles/bulk/,1109.59,34,0,
2026-05-16T16:29:18.129780,POST,/api/articles/analyze/,1132.92,58,0,
2026-05-16T16:29:18.135975,POST,/api/articles/bulk/,1131.85,34,0,
2026-05-16T16:29:18.179382,POST,/api/articles/analyze/,1130.9,58,0,
2026-05-16T16:29:18.187514,POST,/api/articles/bulk/,1139.75,34,0,
2026-05-16T16:29:18.206775,GET,/api/articles/list/large/,1109.06,471824,0,
2026-05-16T16:29:18.209710,POST,/api/articles/bulk/,1144.24,34,0,
2026-05-16T16:29:18.218197,GET,/api/articles/list/large/,1163.77,471824,0,
2026-05-16T16:29:18.315632,GET,/api/articles/list/large/,1126.89,471824,0,
2026-05-16T16:29:18.316689,GET,/api/articles/list/large/,1251.62,471824,0,
2026-05-16T16:29:18.317180,POST,/api/articles/bulk/,1085.71,34,0,
2026-05-16T16:29:18.317568,POST,/api/articles/bulk/,1095.21,34,0,
2026-05-16T16:29:18.322352,POST,/api/articles/analyze/,1076.67,58,0,
2026-05-16T16:29:18.323351,POST,/api/articles/bulk/,1199.84,34,0,
2026-05-16T16:29:18.325198,GET,/api/articles/list/large/,1153.22,471824,0,
2026-05-16T16:29:18.326104,GET,/api/articles/list/large/,1120.59,471824,0,
2026-05-16T16:29:18.326649,POST,/api/articles/analyze/,1080.46,58,0,
2026-05-16T16:29:18.327460,GET,/api/articles/list/large/,1065.38,471824,0,
2026-05-16T16:29:18.327882,GET,/api/articles/list/small/,1146.07,23002,0,
2026-05-16T16:29:18.416270,GET,/api/articles/list/small/,1119.79,23002,0,
2026-05-16T16:29:18.418974,GET,/api/articles/list/small/,1280.18,23002,0,
2026-05-16T16:29:18.421777,GET,/api/articles/list/small/,1124.96,23002,0,
2026-05-16T16:29:18.471272,POST,/api/articles/analyze/,1116.24,58,0,
2026-05-16T16:29:18.472405,GET,/api/articles/list/small/,1170.54,23002,0,
2026-05-16T16:29:18.473057,POST,/api/articles/bulk/,1150.48,34,0,
2026-05-16T16:29:18.473992,GET,/api/articles/list/large/,1203.08,471824,0,
2026-05-16T16:29:18.474389,POST,/api/articles/bulk/,1196.0,34,0,
2026-05-16T16:29:18.474977,GET,/api/articles/list/small/,1121.73,23002,0,
2026-05-16T16:29:18.475651,POST,/api/articles/bulk/,1180.0,34,0,
2026-05-16T16:29:18.488462,GET,/api/articles/list/small/,1149.81,23002,0,
2026-05-16T16:29:18.501453,GET,/api/articles/list/small/,1167.6,23002,0,
2026-05-16T16:29:18.511749,GET,/api/articles/list/large/,1163.2,471824,0,
2026-05-16T16:29:18.516819,GET,/api/articles/list/small/,1118.04,23002,0,
2026-05-16T16:29:18.600804,GET,/api/articles/list/small/,1225.67,23002,0,
2026-05-16T16:29:18.613520,GET,/api/articles/list/small/,1201.86,23002,0,
2026-05-16T16:29:18.614743,GET,/api/articles/list/small/,1189.48,23002,0,
2026-05-16T16:29:18.615693,POST,/api/articles/analyze/,1200.27,58,0,
2026-05-16T16:29:18.700610,GET,/api/articles/list/large/,1242.32,471824,0,
2026-05-16T16:29:18.725557,POST,/api/articles/bulk/,1280.47,34,0,
2026-05-16T16:29:18.726341,POST,/api/articles/analyze/,1231.82,58,0,
2026-05-16T16:29:18.727122,GET,/api/articles/list/small/,1140.68,23002,0,
2026-05-16T16:29:18.728565,GET,/api/articles/list/small/,1157.53,23002,0,
2026-05-16T16:29:18.730701,POST,/api/articles/bulk/,1184.93,34,0,
2026-05-16T16:29:18.731253,GET,/api/articles/list/small/,1195.24,23002,0,
2026-05-16T16:29:18.733626,GET,/api/articles/list/large/,1157.81,471824,0,
2026-05-16T16:29:18.734693,GET,/api/articles/list/large/,1122.64,471824,0,
2026-05-16T16:29:18.735087,POST,/api/articles/bulk/,1250.77,34,0,
2026-05-16T16:29:18.743931,GET,/api/articles/list/small/,1214.01,23002,0,
2026-05-16T16:29:18.757484,POST,/api/articles/bulk/,1144.61,34,0,
2026-05-16T16:29:18.758603,POST,/api/articles/analyze/,1156.06,58,0,
2026-05-16T16:29:18.759581,GET,/api/articles/list/small/,1156.6,23002,0,
2026-05-16T16:29:18.760159,GET,/api/articles/list/small/,1286.5,23002,0,
2026-05-16T16:29:18.765564,GET,/api/articles/list/large/,1152.08,471824,0,
2026-05-16T16:29:18.779002,GET,/api/articles/list/large/,1130.25,471824,0,
2026-05-16T16:29:18.838911,GET,/api/articles/list/large/,1205.78,471824,0,
2026-05-16T16:29:18.839328,POST,/api/articles/analyze/,1181.92,58,0,
2026-05-16T16:29:18.841506,POST,/api/articles/analyze/,1167.2,58,0,
2026-05-16T16:29:18.855795,POST,/api/articles/bulk/,1137.63,34,0,
2026-05-16T16:29:18.863342,GET,/api/articles/list/small/,1119.71,23002,0,
2026-05-16T16:29:18.864745,GET,/api/articles/list/small/,1161.62,23002,0,
2026-05-16T16:29:18.868643,POST,/api/articles/analyze/,972.68,58,0,
2026-05-16T16:29:18.870403,POST,/api/articles/bulk/,1087.35,34,0,
2026-05-16T16:29:18.874974,POST,/api/articles/bulk/,1073.93,34,0,
2026-05-16T16:29:18.885266,GET,/api/articles/list/large/,966.41,471824,0,
2026-05-16T16:29:18.890152,POST,/api/articles/analyze/,1085.92,58,0,
2026-05-16T16:29:18.890598,POST,/api/articles/analyze/,1070.39,58,0,
2026-05-16T16:29:18.896732,POST,/api/articles/analyze/,1107.48,58,0,
2026-05-16T16:29:18.897328,POST,/api/articles/bulk/,1059.48,34,0,
2026-05-16T16:29:18.898899,GET,/api/articles/list/large/,1072.79,471824,0,
2026-05-16T16:29:18.937582,GET,/api/articles/list/large/,961.51,471824,0,
2026-05-16T16:29:18.938372,POST,/api/articles/analyze/,980.46,58,0,
2026-05-16T16:29:18.954046,GET,/api/articles/list/large/,1001.9,471824,0,
2026-05-16T16:29:18.956639,POST,/api/articles/analyze/,898.61,58,0,
2026-05-16T16:29:18.995983,GET,/api/articles/list/small/,958.72,23002,0,
2026-05-16T16:29:19.012925,POST,/api/articles/bulk/,969.07,34,0,
2026-05-16T16:29:19.022688,GET,/api/articles/list/small/,939.08,23002,0,
2026-05-16T16:29:19.024832,GET,/api/articles/list/small/,956.89,23002,0,
2026-05-16T16:29:19.225672,POST,/api/articles/analyze/,1146.92,58,0,
2026-05-16T16:29:19.227053,POST,/api/articles/analyze/,1143.08,58,0,
2026-05-16T16:29:19.251744,POST,/api/articles/analyze/,1127.53,58,0,
2026-05-16T16:29:19.254272,POST,/api/articles/bulk/,1093.28,34,0,
2026-05-16T16:29:19.286908,POST,/api/articles/analyze/,1127.77,58,0,
2026-05-16T16:29:19.290614,GET,/api/articles/list/small/,1094.67,23002,0,
2026-05-16T16:29:19.300684,GET,/api/articles/list/large/,1149.45,471824,0,
2026-05-16T16:29:19.339435,POST,/api/articles/analyze/,1045.98,58,0,
2026-05-16T16:29:19.340897,POST,/api/articles/analyze/,1093.44,58,0,
2026-05-16T16:29:19.346225,POST,/api/articles/bulk/,1057.97,34,0,
2026-05-16T16:29:19.353133,POST,/api/articles/analyze/,1093.78,58,0,
2026-05-16T16:29:19.355190,GET,/api/articles/list/small/,1035.45,23002,0,
2026-05-16T16:29:19.359937,GET,/api/articles/list/small/,1025.85,23002,0,
2026-05-16T16:29:19.361900,POST,/api/articles/analyze/,1053.6,58,0,
2026-05-16T16:29:19.362260,POST,/api/articles/analyze/,1041.83,58,0,
2026-05-16T16:29:19.363352,POST,/api/articles/analyze/,1005.5,58,0,
2026-05-16T16:29:19.377893,POST,/api/articles/bulk/,1009.1,34,0,
2026-05-16T16:29:19.381391,GET,/api/articles/list/large/,979.14,471824,0,
2026-05-16T16:29:19.398977,GET,/api/articles/list/small/,1009.72,23002,0,
2026-05-16T16:29:19.402858,GET,/api/articles/list/small/,1021.88,23002,0,
2026-05-16T16:29:19.404157,GET,/api/articles/list/small/,1015.38,23002,0,
2026-05-16T16:29:19.411922,GET,/api/articles/list/large/,950.91,471824,0,
2026-05-16T16:29:19.419225,GET,/api/articles/list/small/,940.34,23002,0,
2026-05-16T16:29:19.422194,POST,/api/articles/analyze/,922.59,58,0,
2026-05-16T16:29:19.428583,POST,/api/articles/analyze/,932.86,58,0,
2026-05-16T16:29:19.430160,POST,/api/articles/analyze/,881.32,58,0,
2026-05-16T16:29:19.431955,POST,/api/articles/bulk/,934.35,34,0,
2026-05-16T16:29:19.479786,POST,/api/articles/analyze/,849.97,58,0,
2026-05-16T16:29:19.490563,POST,/api/articles/bulk/,906.81,34,0,
2026-05-16T16:29:19.491428,GET,/api/articles/list/large/,962.39,471824,0,
2026-05-16T16:29:19.491861,GET,/api/articles/list/small/,897.77,23002,0,
2026-05-16T16:29:19.529571,POST,/api/articles/analyze/,897.89,58,0,
2026-05-16T16:29:19.570721,GET,/api/articles/list/small/,946.76,23002,0,
2026-05-16T16:29:19.572887,POST,/api/articles/analyze/,912.48,58,0,
2026-05-16T16:29:19.581014,GET,/api/articles/list/large/,887.65,471824,0,
2026-05-16T16:29:19.590858,POST,/api/articles/analyze/,912.48,58,0,
2026-05-16T16:29:19.642036,GET,/api/articles/list/large/,923.26,471824,0,
2026-05-16T16:29:19.642995,POST,/api/articles/analyze/,936.89,58,0,
2026-05-16T16:29:19.643821,POST,/api/articles/analyze/,925.82,58,0,
2026-05-16T16:29:19.646661,GET,/api/articles/list/small/,947.65,23002,0,
2026-05-16T16:29:19.741867,POST,/api/articles/bulk/,943.61,34,0,
2026-05-16T16:29:19.756675,POST,/api/articles/bulk/,979.85,34,0,
2026-05-16T16:29:19.770777,POST,/api/articles/analyze/,984.56,58,0,
2026-05-16T16:29:19.824492,POST,/api/articles/bulk/,983.92,34,0,
2026-05-16T16:29:19.881313,GET,/api/articles/list/large/,1016.99,471824,0,
2026-05-16T16:29:19.890253,POST,/api/articles/analyze/,966.25,58,0,
2026-05-16T16:29:19.892824,POST,/api/articles/bulk/,998.01,34,0,
2026-05-16T16:29:19.896545,GET,/api/articles/list/large/,964.71,471824,0,
2026-05-16T16:29:19.900619,GET,/api/articles/list/large/,988.47,471824,0,
2026-05-16T16:29:19.917814,POST,/api/articles/analyze/,981.29,58,0,
2026-05-16T16:29:19.954197,POST,/api/articles/bulk/,990.5,34,0,
2026-05-16T16:29:19.954656,POST,/api/articles/bulk/,1001.95,34,0,
2026-05-16T16:29:19.956024,GET,/api/articles/list/small/,1005.58,23002,0,
2026-05-16T16:29:19.960460,GET,/api/articles/list/large/,1000.5,471824,0,
2026-05-16T16:29:19.963393,GET,/api/articles/list/small/,1019.78,23002,0,
2026-05-16T16:29:20.021618,POST,/api/articles/bulk/,1016.87,34,0,
2026-05-16T16:29:20.085242,POST,/api/articles/analyze/,1070.04,58,0,
2026-05-16T16:29:20.087109,POST,/api/articles/analyze/,921.54,58,0,
2026-05-16T16:29:20.089063,POST,/api/articles/bulk/,1059.06,34,0,
2026-05-16T16:29:20.176212,POST,/api/articles/bulk/,1000.4,34,0,
2026-05-16T16:29:20.179703,POST,/api/articles/bulk/,1056.44,34,0,
2026-05-16T16:29:20.186447,POST,/api/articles/analyze/,1149.29,58,0,
2026-05-16T16:29:20.223382,GET,/api/articles/list/small/,1093.94,23002,0,
2026-05-16T16:29:20.224105,POST,/api/articles/analyze/,1123.97,58,0,
2026-05-16T16:29:20.233675,GET,/api/articles/list/large/,1000.55,471824,0,
2026-05-16T16:29:20.234149,GET,/api/articles/list/small/,1195.12,23002,0,
2026-05-16T16:29:20.234513,POST,/api/articles/analyze/,1107.99,58,0,
2026-05-16T16:29:20.234836,POST,/api/articles/bulk/,990.72,34,0,
2026-05-16T16:29:20.235844,GET,/api/articles/list/small/,1004.55,23002,0,
2026-05-16T16:29:20.236826,POST,/api/articles/bulk/,1105.41,34,0,
2026-05-16T16:29:20.240477,POST,/api/articles/bulk/,1065.84,34,0,
2026-05-16T16:29:20.241165,POST,/api/articles/bulk/,1161.35,34,0,
2026-05-16T16:29:20.268009,POST,/api/articles/analyze/,959.65,58,0,
2026-05-16T16:29:20.269571,POST,/api/articles/analyze/,942.39,58,0,
2026-05-16T16:29:20.303017,GET,/api/articles/list/small/,940.2,23002,0,
2026-05-16T16:29:20.310226,GET,/api/articles/list/large/,1002.29,471824,0,
2026-05-16T16:29:20.354769,POST,/api/articles/bulk/,1002.34,34,0,
2026-05-16T16:29:20.358411,GET,/api/articles/list/small/,997.1,23002,0,
2026-05-16T16:29:20.360966,GET,/api/articles/list/large/,1003.56,471824,0,
2026-05-16T16:29:20.361597,POST,/api/articles/bulk/,1000.98,34,0,
2026-05-16T16:29:20.409575,GET,/api/articles/list/small/,1029.03,23002,0,
2026-05-16T16:29:20.412477,POST,/api/articles/analyze/,1024.61,58,0,
2026-05-16T16:29:20.434064,GET,/api/articles/list/large/,1034.96,471824,0,
2026-05-16T16:29:20.438009,GET,/api/articles/list/small/,1023.91,23002,0,
2026-05-16T16:29:20.496621,POST,/api/articles/bulk/,1077.05,34,0,
2026-05-16T16:29:20.497917,GET,/api/articles/list/small/,1079.41,23002,0,
2026-05-16T16:29:20.499067,GET,/api/articles/list/large/,1083.24,471824,0,
2026-05-16T16:29:20.499490,POST,/api/articles/bulk/,1075.1,34,0,
2026-05-16T16:29:20.500695,GET,/api/articles/list/large/,1059.58,471824,0,
2026-05-16T16:29:20.573843,GET,/api/articles/list/large/,1026.25,471824,0,
2026-05-16T16:29:20.574988,POST,/api/articles/bulk/,1071.89,34,0,
2026-05-16T16:29:20.575301,POST,/api/articles/analyze/,1040.47,58,0,
2026-05-16T16:29:20.580126,POST,/api/articles/bulk/,1104.16,34,0,
2026-05-16T16:29:20.581307,GET,/api/articles/list/large/,1041.5,471824,0,
2026-05-16T16:29:20.583778,GET,/api/articles/list/large/,1027.51,471824,0,
2026-05-16T16:29:20.584860,POST,/api/articles/bulk/,1071.58,34,0,
2026-05-16T16:29:20.607353,POST,/api/articles/analyze/,1022.06,58,0,
2026-05-16T16:29:20.684505,POST,/api/articles/bulk/,1096.47,34,0,
2026-05-16T16:29:20.703540,GET,/api/articles/list/large/,1055.66,471824,0,
2026-05-16T16:29:20.708517,GET,/api/articles/list/small/,1063.47,23002,0,
2026-05-16T16:29:20.738649,GET,/api/articles/list/large/,1074.07,471824,0,
2026-05-16T16:29:20.748118,GET,/api/articles/list/small/,1062.78,23002,0,
2026-05-16T16:29:20.815768,GET,/api/articles/list/large/,1125.55,471824,0,
2026-05-16T16:29:20.830599,POST,/api/articles/analyze/,1085.49,58,0,
2026-05-16T16:29:20.838808,POST,/api/articles/analyze/,1101.76,58,0,
2026-05-16T16:29:20.847933,GET,/api/articles/list/small/,1090.03,23002,0,
2026-05-16T16:29:20.848964,GET,/api/articles/list/small/,1061.44,23002,0,
2026-05-16T16:29:20.855100,POST,/api/articles/analyze/,1068.23,58,0,
2026-05-16T16:29:20.857499,GET,/api/articles/list/large/,1051.46,471824,0,
2026-05-16T16:29:20.858515,POST,/api/articles/analyze/,1058.27,58,0,
2026-05-16T16:29:20.862451,POST,/api/articles/analyze/,1081.43,58,0,
2026-05-16T16:29:20.905449,POST,/api/articles/bulk/,1045.75,34,0,
2026-05-16T16:29:20.906147,GET,/api/articles/list/small/,1087.97,23002,0,
2026-05-16T16:29:20.906499,POST,/api/articles/bulk/,1026.52,34,0,
2026-05-16T16:29:20.908868,POST,/api/articles/bulk/,1078.89,34,0,
2026-05-16T16:29:20.954313,GET,/api/articles/list/large/,1121.24,471824,0,
2026-05-16T16:29:20.985781,GET,/api/articles/list/small/,1168.06,23002,0,
2026-05-16T16:29:20.990605,POST,/api/articles/analyze/,1123.67,58,0,
2026-05-16T16:29:20.992447,POST,/api/articles/bulk/,1168.99,34,0,
2026-05-16T16:29:21.000935,POST,/api/articles/bulk/,1088.1,34,0,
2026-05-16T16:29:21.034212,GET,/api/articles/list/small/,1127.27,23002,0,
2026-05-16T16:29:21.091863,POST,/api/articles/analyze/,1168.82,58,0,
2026-05-16T16:29:21.095283,POST,/api/articles/bulk/,1169.04,34,0,
2026-05-16T16:29:21.096683,GET,/api/articles/list/small/,1120.4,23002,0,
2026-05-16T16:29:21.097643,GET,/api/articles/list/large/,1156.14,471824,0,
2026-05-16T16:29:21.162936,GET,/api/articles/list/large/,1187.12,471824,0,
2026-05-16T16:29:21.216010,GET,/api/articles/list/small/,1255.27,23002,0,
2026-05-16T16:29:21.216903,GET,/api/articles/list/small/,1216.57,23002,0,
2026-05-16T16:29:21.217543,GET,/api/articles/list/small/,1156.65,23002,0,
2026-05-16T16:29:21.220813,POST,/api/articles/bulk/,1159.28,34,0,
2026-05-16T16:29:21.258122,GET,/api/articles/list/small/,1179.8,23002,0,
2026-05-16T16:29:21.275654,POST,/api/articles/bulk/,1180.26,34,0,
2026-05-16T16:29:21.276722,POST,/api/articles/bulk/,1189.33,34,0,
2026-05-16T16:29:21.277553,POST,/api/articles/bulk/,1119.83,34,0,
2026-05-16T16:29:21.279816,POST,/api/articles/bulk/,1086.52,34,0,
2026-05-16T16:29:21.280646,GET,/api/articles/list/small/,1108.72,23002,0,
2026-05-16T16:29:21.281699,GET,/api/articles/list/large/,1091.03,471824,0,
2026-05-16T16:29:21.282149,POST,/api/articles/analyze/,1099.16,58,0,
2026-05-16T16:29:21.282491,POST,/api/articles/bulk/,1196.5,34,0,
2026-05-16T16:29:21.282797,POST,/api/articles/analyze/,1163.0,58,0,
2026-05-16T16:29:21.291668,POST,/api/articles/bulk/,1090.76,34,0,
2026-05-16T16:29:21.307810,POST,/api/articles/bulk/,1080.54,34,0,
2026-05-16T16:29:21.311243,POST,/api/articles/analyze/,1057.85,58,0,
2026-05-16T16:29:21.353783,GET,/api/articles/list/small/,1076.3,23002,0,
2026-05-16T16:29:21.367271,GET,/api/articles/list/small/,1096.5,23002,0,
2026-05-16T16:29:21.408660,GET,/api/articles/list/large/,1092.63,471824,0,
2026-05-16T16:29:21.409843,GET,/api/articles/list/large/,1085.92,471824,0,
2026-05-16T16:29:21.410600,POST,/api/articles/analyze/,1095.13,58,0,
2026-05-16T16:29:21.412011,POST,/api/articles/analyze/,1030.42,58,0,
2026-05-16T16:29:21.423909,GET,/api/articles/list/large/,1049.11,471824,0,
2026-05-16T16:29:21.425420,GET,/api/articles/list/large/,1014.15,471824,0,
2026-05-16T16:29:21.436023,GET,/api/articles/list/small/,1022.3,23002,0,
2026-05-16T16:29:21.437241,POST,/api/articles/bulk/,1028.79,34,0,
2026-05-16T16:29:21.487691,POST,/api/articles/bulk/,1060.03,34,0,
2026-05-16T16:29:21.490924,GET,/api/articles/list/large/,1081.77,471824,0,
2026-05-16T16:29:21.492529,GET,/api/articles/list/large/,1031.59,471824,0,
2026-05-16T16:29:21.495895,GET,/api/articles/list/large/,1040.06,471824,0,
2026-05-16T16:29:21.497850,GET,/api/articles/list/large/,1037.5,471824,0,
2026-05-16T16:29:21.499180,POST,/api/articles/bulk/,1010.4,34,0,
2026-05-16T16:29:21.510629,POST,/api/articles/analyze/,961.24,58,0,
2026-05-16T16:29:21.557993,POST,/api/articles/analyze/,1035.3,58,0,
2026-05-16T16:29:21.558740,POST,/api/articles/analyze/,1023.11,58,0,
2026-05-16T16:29:21.570887,GET,/api/articles/list/large/,1064.98,471824,0,
2026-05-16T16:29:21.577448,POST,/api/articles/analyze/,988.43,58,0,
2026-05-16T16:29:21.580851,GET,/api/articles/list/small/,1050.19,23002,0,
2026-05-16T16:29:21.588827,POST,/api/articles/bulk/,1014.83,34,0,
2026-05-16T16:29:21.635186,POST,/api/articles/bulk/,1059.47,34,0,
2026-05-16T16:29:21.636473,POST,/api/articles/bulk/,967.02,34,0,
2026-05-16T16:29:21.636911,GET,/api/articles/list/small/,1014.36,23002,0,
2026-05-16T16:29:21.670234,GET,/api/articles/list/small/,999.93,23002,0,
2026-05-16T16:29:21.785793,POST,/api/articles/analyze/,1054.97,58,0,
2026-05-16T16:29:21.792486,GET,/api/articles/list/large/,1040.1,471824,0,
2026-05-16T16:29:21.793559,POST,/api/articles/bulk/,1029.31,34,0,
2026-05-16T16:29:21.808918,GET,/api/articles/list/small/,980.91,23002,0,
2026-05-16T16:29:21.813459,GET,/api/articles/list/large/,980.7,471824,0,
2026-05-16T16:29:21.840381,POST,/api/articles/bulk/,976.72,34,0,
2026-05-16T16:29:21.857421,POST,/api/articles/bulk/,920.29,34,0,
2026-05-16T16:29:21.859164,GET,/api/articles/list/small/,877.78,23002,0,
2026-05-16T16:29:21.863938,POST,/api/articles/analyze/,904.37,58,0,
2026-05-16T16:29:21.905239,GET,/api/articles/list/small/,935.74,23002,0,
2026-05-16T16:29:21.906648,GET,/api/articles/list/large/,947.57,471824,0,
2026-05-16T16:29:21.922527,GET,/api/articles/list/small/,890.03,23002,0,
2026-05-16T16:29:21.923736,POST,/api/articles/bulk/,879.34,34,0,
2026-05-16T16:29:21.924905,GET,/api/articles/list/large/,883.12,471824,0,
2026-05-16T16:29:21.933536,GET,/api/articles/list/small/,892.39,23002,0,
2026-05-16T16:29:21.938901,GET,/api/articles/list/small/,918.88,23002,0,
2026-05-16T16:29:21.942472,GET,/api/articles/list/small/,910.35,23002,0,
2026-05-16T16:29:21.951850,POST,/api/articles/analyze/,948.7,58,0,
2026-05-16T16:29:21.958134,GET,/api/articles/list/large/,920.71,471824,0,
2026-05-16T16:29:21.973893,POST,/api/articles/analyze/,829.7,58,0,
2026-05-16T16:29:21.974305,POST,/api/articles/bulk/,872.45,34,0,
2026-05-16T16:29:21.974624,POST,/api/articles/bulk/,882.59,34,0,
2026-05-16T16:29:21.975580,GET,/api/articles/list/large/,909.13,471824,0,
2026-05-16T16:29:21.976566,GET,/api/articles/list/large/,829.54,471824,0,
2026-05-16T16:29:21.976980,POST,/api/articles/analyze/,863.99,58,0,
2026-05-16T16:29:21.977297,POST,/api/articles/bulk/,901.22,34,0,
2026-05-16T16:29:21.979669,POST,/api/articles/bulk/,912.82,34,0,
2026-05-16T16:29:21.989137,GET,/api/articles/list/small/,816.9,23002,0,
2026-05-16T16:29:21.997064,POST,/api/articles/analyze/,717.11,58,0,
2026-05-16T16:29:21.999676,POST,/api/articles/analyze/,712.44,58,0,
2026-05-16T16:29:22.058599,GET,/api/articles/list/small/,736.9,23002,0,
2026-05-16T16:29:22.094603,POST,/api/articles/bulk/,781.14,34,0,
2026-05-16T16:29:22.105104,GET,/api/articles/list/small/,782.51,23002,0,
2026-05-16T16:29:22.116847,POST,/api/articles/analyze/,757.7,58,0,
2026-05-16T16:29:22.117746,POST,/api/articles/analyze/,759.64,58,0,
2026-05-16T16:29:22.180545,POST,/api/articles/bulk/,732.76,34,0,
2026-05-16T16:29:22.181275,POST,/api/articles/analyze/,776.6,58,0,
2026-05-16T16:29:22.182033,GET,/api/articles/list/large/,784.25,471824,0,
2026-05-16T16:29:22.182837,POST,/api/articles/analyze/,789.94,58,0,
2026-05-16T16:29:22.190306,GET,/api/articles/list/small/,823.52,23002,0,
2026-05-16T16:29:22.278452,GET,/api/articles/list/small/,858.23,23002,0,
2026-05-16T16:29:22.278939,GET,/api/articles/list/small/,824.97,23002,0,
2026-05-16T16:29:22.280141,POST,/api/articles/analyze/,811.42,58,0,
2026-05-16T16:29:22.281259,POST,/api/articles/bulk/,844.9,34,0,
2026-05-16T16:29:22.282732,GET,/api/articles/list/small/,847.57,23002,0,
2026-05-16T16:29:22.285882,POST,/api/articles/analyze/,863.07,58,0,
2026-05-16T16:29:22.330767,GET,/api/articles/list/small/,832.79,23002,0,
2026-05-16T16:29:22.371204,GET,/api/articles/list/small/,868.86,23002,0,
2026-05-16T16:29:22.419144,POST,/api/articles/analyze/,879.81,58,0,
2026-05-16T16:29:22.429383,POST,/api/articles/analyze/,890.57,58,0,
2026-05-16T16:29:22.429766,GET,/api/articles/list/small/,926.96,23002,0,
2026-05-16T16:29:22.475389,GET,/api/articles/list/small/,894.97,23002,0,
2026-05-16T16:29:22.477305,POST,/api/articles/bulk/,887.25,34,0,
2026-05-16T16:29:22.479357,GET,/api/articles/list/large/,848.3,471824,0,
2026-05-16T16:29:22.479799,GET,/api/articles/list/small/,908.77,23002,0,
2026-05-16T16:29:22.480557,GET,/api/articles/list/large/,868.34,471824,0,
2026-05-16T16:29:22.495629,POST,/api/articles/bulk/,849.52,34,0,
2026-05-16T16:29:22.512241,POST,/api/articles/analyze/,832.09,58,0,
2026-05-16T16:29:22.513873,GET,/api/articles/list/small/,790.61,23002,0,
2026-05-16T16:29:22.514240,GET,/api/articles/list/small/,810.57,23002,0,
2026-05-16T16:29:22.516923,GET,/api/articles/list/small/,801.41,23002,0,
2026-05-16T16:29:22.517890,POST,/api/articles/analyze/,747.89,58,0,
2026-05-16T16:29:22.519772,POST,/api/articles/bulk/,809.25,34,0,
2026-05-16T16:29:22.522801,POST,/api/articles/analyze/,819.71,58,0,
2026-05-16T16:29:22.559767,GET,/api/articles/list/large/,766.84,471824,0,
2026-05-16T16:29:22.561835,GET,/api/articles/list/small/,815.68,23002,0,
2026-05-16T16:29:22.563953,GET,/api/articles/list/small/,776.87,23002,0,
2026-05-16T16:29:22.566350,GET,/api/articles/list/large/,774.87,471824,0,
2026-05-16T16:29:22.567145,POST,/api/articles/bulk/,777.15,34,0,
2026-05-16T16:29:22.568296,POST,/api/articles/bulk/,777.64,34,0,
2026-05-16T16:29:22.610402,GET,/api/articles/list/large/,809.32,471824,0,
2026-05-16T16:29:22.715314,GET,/api/articles/list/large/,907.18,471824,0,
2026-05-16T16:29:22.752165,POST,/api/articles/analyze/,909.57,58,0,
2026-05-16T16:29:22.768405,GET,/api/articles/list/large/,888.45,471824,0,
2026-05-16T16:29:22.810495,GET,/api/articles/list/small/,954.99,23002,0,
2026-05-16T16:29:22.811517,POST,/api/articles/analyze/,939.38,58,0,
2026-05-16T16:29:22.813269,GET,/api/articles/list/large/,929.68,471824,0,
2026-05-16T16:29:22.845327,POST,/api/articles/analyze/,989.18,58,0,
2026-05-16T16:29:22.919442,POST,/api/articles/bulk/,1034.23,34,0,
2026-05-16T16:29:22.962751,GET,/api/articles/list/small/,1017.07,23002,0,
2026-05-16T16:29:22.968715,GET,/api/articles/list/large/,1044.86,471824,0,
2026-05-16T16:29:22.999116,GET,/api/articles/list/small/,1037.58,23002,0,
2026-05-16T16:29:23.006410,GET,/api/articles/list/small/,1049.13,23002,0,
2026-05-16T16:29:23.021112,POST,/api/articles/analyze/,1038.29,58,0,
2026-05-16T16:29:23.033599,GET,/api/articles/list/large/,1050.1,471824,0,
2026-05-16T16:29:23.048423,GET,/api/articles/list/large/,1025.09,471824,0,
2026-05-16T16:29:23.094619,POST,/api/articles/bulk/,1004.09,34,0,
2026-05-16T16:29:23.095012,POST,/api/articles/bulk/,1086.01,34,0,
2026-05-16T16:29:23.097481,POST,/api/articles/analyze/,1037.6,58,0,
2026-05-16T16:29:23.098390,GET,/api/articles/list/large/,999.51,471824,0,
2026-05-16T16:29:23.103550,POST,/api/articles/analyze/,1006.7,58,0,
2026-05-16T16:29:23.104790,GET,/api/articles/list/large/,1005.4,471824,0,
2026-05-16T16:29:23.105470,POST,/api/articles/bulk/,1041.81,34,0,
2026-05-16T16:29:23.105861,POST,/api/articles/bulk/,1053.53,34,0,
2026-05-16T16:29:23.110149,GET,/api/articles/list/small/,1043.34,23002,0,
2026-05-16T16:29:23.111750,POST,/api/articles/analyze/,1018.89,58,0,
2026-05-16T16:29:23.121168,GET,/api/articles/list/small/,999.03,23002,0,
2026-05-16T16:29:23.121986,POST,/api/articles/bulk/,1000.84,34,0,
2026-05-16T16:29:23.122845,GET,/api/articles/list/large/,1005.81,471824,0,
2026-05-16T16:29:23.123266,POST,/api/articles/analyze/,1004.0,58,0,
2026-05-16T16:29:23.124305,POST,/api/articles/analyze/,972.9,58,0,
2026-05-16T16:29:23.145761,GET,/api/articles/list/large/,1023.97,471824,0,
2026-05-16T16:29:23.146626,GET,/api/articles/list/small/,954.04,23002,0,
2026-05-16T16:29:23.147154,POST,/api/articles/analyze/,895.47,58,0,
2026-05-16T16:29:23.148102,GET,/api/articles/list/large/,951.02,471824,0,
2026-05-16T16:29:23.159425,GET,/api/articles/list/large/,982.1,471824,0,
2026-05-16T16:29:23.168103,GET,/api/articles/list/large/,967.23,471824,0,
2026-05-16T16:29:23.169740,GET,/api/articles/list/large/,947.05,471824,0,
2026-05-16T16:29:23.184112,POST,/api/articles/bulk/,987.66,34,0,
2026-05-16T16:29:23.184907,POST,/api/articles/analyze/,876.76,58,0,
2026-05-16T16:29:23.237571,POST,/api/articles/bulk/,955.88,34,0,
2026-05-16T16:29:23.242714,POST,/api/articles/bulk/,909.73,34,0,
2026-05-16T16:29:23.244514,POST,/api/articles/bulk/,910.82,34,0,
2026-05-16T16:29:23.245880,GET,/api/articles/list/small/,901.9,23002,0,
2026-05-16T16:29:23.324656,POST,/api/articles/bulk/,896.31,34,0,
2026-05-16T16:29:23.426910,GET,/api/articles/list/small/,969.77,23002,0,
2026-05-16T16:29:23.451871,GET,/api/articles/list/large/,1003.55,471824,0,
2026-05-16T16:29:23.462112,POST,/api/articles/bulk/,958.18,34,0,
2026-05-16T16:29:23.541508,POST,/api/articles/analyze/,1015.54,58,0,
2026-05-16T16:29:23.588400,GET,/api/articles/list/small/,1014.93,23002,0,
2026-05-16T16:29:23.590790,GET,/api/articles/list/small/,1009.51,23002,0,
2026-05-16T16:29:23.597997,POST,/api/articles/bulk/,1016.36,34,0,
2026-05-16T16:29:23.682880,GET,/api/articles/list/small/,1072.34,23002,0,
2026-05-16T16:29:23.684879,POST,/api/articles/bulk/,1046.32,34,0,
2026-05-16T16:29:23.687146,POST,/api/articles/bulk/,1050.87,34,0,
2026-05-16T16:29:23.701584,POST,/api/articles/bulk/,935.72,34,0,
2026-05-16T16:29:23.704090,GET,/api/articles/list/small/,1031.51,23002,0,
2026-05-16T16:29:23.709688,GET,/api/articles/list/large/,1013.27,471824,0,
2026-05-16T16:29:23.731693,GET,/api/articles/list/small/,959.07,23002,0,
2026-05-16T16:29:23.732368,POST,/api/articles/bulk/,982.9,34,0,
2026-05-16T16:29:23.732732,POST,/api/articles/analyze/,975.35,58,0,
2026-05-16T16:29:23.733563,POST,/api/articles/analyze/,998.95,58,0,
2026-05-16T16:29:23.734661,GET,/api/articles/list/small/,840.44,23002,0,
2026-05-16T16:29:23.735442,GET,/api/articles/list/small/,968.84,23002,0,
2026-05-16T16:29:23.735866,GET,/api/articles/list/small/,971.7,23002,0,
2026-05-16T16:29:23.737843,GET,/api/articles/list/large/,895.44,471824,0,
2026-05-16T16:29:23.787305,GET,/api/articles/list/small/,918.57,23002,0,
2026-05-16T16:29:23.787760,GET,/api/articles/list/small/,935.12,23002,0,
2026-05-16T16:29:23.788540,GET,/api/articles/list/large/,954.79,471824,0,
2026-05-16T16:29:23.789313,GET,/api/articles/list/large/,837.67,471824,0,
2026-05-16T16:29:23.790022,POST,/api/articles/bulk/,845.48,34,0,
2026-05-16T16:29:23.791128,GET,/api/articles/list/large/,856.39,471824,0,
2026-05-16T16:29:23.803254,POST,/api/articles/analyze/,967.6,58,0,
2026-05-16T16:29:23.815295,POST,/api/articles/bulk/,953.74,34,0,
2026-05-16T16:29:23.816981,POST,/api/articles/bulk/,846.98,34,0,
2026-05-16T16:29:23.827828,POST,/api/articles/bulk/,837.21,34,0,
2026-05-16T16:29:23.828520,GET,/api/articles/list/small/,846.42,23002,0,
2026-05-16T16:29:23.859271,GET,/api/articles/list/large/,870.3,471824,0,
2026-05-16T16:29:23.864718,GET,/api/articles/list/large/,864.33,471824,0,
2026-05-16T16:29:23.909570,GET,/api/articles/list/large/,882.82,471824,0,
2026-05-16T16:29:23.966291,POST,/api/articles/bulk/,946.42,34,0,
2026-05-16T16:29:23.992695,GET,/api/articles/list/large/,947.04,471824,0,
2026-05-16T16:29:23.995775,GET,/api/articles/list/large/,917.24,471824,0,
2026-05-16T16:29:23.996894,POST,/api/articles/analyze/,952.01,58,0,
2026-05-16T16:29:23.997610,POST,/api/articles/analyze/,942.94,58,0,
2026-05-16T16:29:24.042579,GET,/api/articles/list/small/,958.19,23002,0,
2026-05-16T16:29:24.054952,POST,/api/articles/bulk/,926.38,34,0,
2026-05-16T16:29:24.055584,GET,/api/articles/list/small/,922.5,23002,0,
2026-05-16T16:29:24.061551,GET,/api/articles/list/small/,935.09,23002,0,
2026-05-16T16:29:24.096733,GET,/api/articles/list/large/,940.38,471824,0,
2026-05-16T16:29:24.126688,POST,/api/articles/analyze/,949.7,58,0,
2026-05-16T16:29:24.128286,POST,/api/articles/bulk/,941.21,34,0,
2026-05-16T16:29:24.154246,POST,/api/articles/analyze/,976.78,58,0,
2026-05-16T16:29:24.155050,POST,/api/articles/analyze/,914.78,58,0,
2026-05-16T16:29:24.193754,POST,/api/articles/bulk/,958.26,34,0,
2026-05-16T16:29:24.196277,GET,/api/articles/list/small/,958.57,23002,0,
2026-05-16T16:29:24.274840,POST,/api/articles/bulk/,1026.71,34,0,
2026-05-16T16:29:24.279754,GET,/api/articles/list/large/,979.63,471824,0,
2026-05-16T16:29:24.280522,POST,/api/articles/bulk/,1083.35,34,0,
2026-05-16T16:29:24.331738,POST,/api/articles/bulk/,1022.79,34,0,
2026-05-16T16:29:24.353008,GET,/api/articles/list/small/,1070.87,23002,0,
2026-05-16T16:29:24.353407,GET,/api/articles/list/small/,1085.09,23002,0,
2026-05-16T16:29:24.354143,POST,/api/articles/bulk/,952.91,34,0,
2026-05-16T16:29:24.355147,GET,/api/articles/list/large/,1000.67,471824,0,
2026-05-16T16:29:24.358866,POST,/api/articles/analyze/,1014.13,58,0,
2026-05-16T16:29:24.360690,POST,/api/articles/bulk/,1020.05,34,0,
2026-05-16T16:29:24.363455,GET,/api/articles/list/small/,998.1,23002,0,
2026-05-16T16:29:24.364782,GET,/api/articles/list/small/,1038.88,23002,0,
2026-05-16T16:29:24.366034,POST,/api/articles/bulk/,929.83,34,0,
2026-05-16T16:29:24.378314,POST,/api/articles/analyze/,1001.98,58,0,
2026-05-16T16:29:24.456998,GET,/api/articles/list/large/,1008.6,471824,0,
2026-05-16T16:29:24.471593,POST,/api/articles/analyze/,902.94,58,0,
2026-05-16T16:29:24.510057,GET,/api/articles/list/small/,937.65,23002,0,
2026-05-16T16:29:24.511686,GET,/api/articles/list/small/,1005.33,23002,0,
2026-05-16T16:29:24.514009,POST,/api/articles/bulk/,1002.82,34,0,
2026-05-16T16:29:24.515335,POST,/api/articles/bulk/,1031.97,34,0,
2026-05-16T16:29:24.516670,GET,/api/articles/list/small/,950.87,23002,0,
2026-05-16T16:29:24.529968,POST,/api/articles/bulk/,1024.36,34,0,
2026-05-16T16:29:24.542976,POST,/api/articles/bulk/,962.81,34,0,
2026-05-16T16:29:24.584038,POST,/api/articles/bulk/,996.41,34,0,
2026-05-16T16:29:24.660856,POST,/api/articles/analyze/,1025.79,58,0,
2026-05-16T16:29:24.864131,POST,/api/articles/analyze/,1181.75,58,0,
2026-05-16T16:29:24.865489,GET,/api/articles/list/small/,1237.3,23002,0,
2026-05-16T16:29:24.871997,POST,/api/articles/bulk/,1260.91,34,0,
2026-05-16T16:29:24.878443,POST,/api/articles/bulk/,1228.59,34,0,
2026-05-16T16:29:24.894076,GET,/api/articles/list/large/,1284.84,471824,0,
2026-05-16T16:29:24.896765,GET,/api/articles/list/large/,1174.82,471824,0,
2026-05-16T16:29:24.898435,POST,/api/articles/bulk/,1154.32,34,0,
2026-05-16T16:29:24.905078,GET,/api/articles/list/large/,1204.61,471824,0,
2026-05-16T16:29:24.931161,POST,/api/articles/bulk/,1202.37,34,0,
2026-05-16T16:29:24.932501,GET,/api/articles/list/small/,1198.81,23002,0,
2026-05-16T16:29:24.941570,POST,/api/articles/analyze/,1165.82,58,0,
2026-05-16T16:29:24.943109,GET,/api/articles/list/large/,1179.86,471824,0,
2026-05-16T16:29:25.019627,GET,/api/articles/list/small/,1285.55,23002,0,
2026-05-16T16:29:25.029597,POST,/api/articles/analyze/,1231.27,58,0,
2026-05-16T16:29:25.030273,POST,/api/articles/bulk/,1267.84,34,0,
2026-05-16T16:29:25.092764,POST,/api/articles/bulk/,1251.1,34,0,
2026-05-16T16:29:25.094261,GET,/api/articles/list/large/,1269.08,471824,0,
2026-05-16T16:29:25.132489,POST,/api/articles/bulk/,1300.73,34,0,
2026-05-16T16:29:25.133912,GET,/api/articles/list/large/,1324.43,471824,0,
2026-05-16T16:29:25.187557,GET,/api/articles/list/large/,1340.89,471824,0,
2026-05-16T16:29:25.218432,POST,/api/articles/analyze/,1377.29,58,0,
2026-05-16T16:29:25.221904,POST,/api/articles/analyze/,1245.38,58,0,
2026-05-16T16:29:25.229323,GET,/api/articles/list/small/,1385.34,23002,0,
2026-05-16T16:29:25.230548,POST,/api/articles/bulk/,1347.59,34,0,
2026-05-16T16:29:25.250164,POST,/api/articles/bulk/,1333.6,34,0,
2026-05-16T16:29:25.250559,GET,/api/articles/list/small/,1336.77,23002,0,
2026-05-16T16:29:25.251617,GET,/api/articles/list/large/,1319.09,471824,0,
2026-05-16T16:29:25.253241,POST,/api/articles/bulk/,1316.96,34,0,
2026-05-16T16:29:25.254209,POST,/api/articles/analyze/,1313.81,58,0,
2026-05-16T16:29:25.261079,GET,/api/articles/list/large/,1313.86,471824,0,
2026-05-16T16:29:25.277314,POST,/api/articles/analyze/,1351.72,58,0,
2026-05-16T16:29:25.278277,POST,/api/articles/bulk/,1291.87,34,0,
2026-05-16T16:29:25.279680,GET,/api/articles/list/large/,1262.99,471824,0,
2026-05-16T16:29:25.280417,POST,/api/articles/analyze/,1260.97,58,0,
2026-05-16T16:29:25.281107,POST,/api/articles/analyze/,1285.2,58,0,
2026-05-16T16:29:25.290912,POST,/api/articles/bulk/,1254.66,34,0,
2026-05-16T16:29:25.340861,POST,/api/articles/analyze/,1341.07,58,0,
2026-05-16T16:29:25.356532,POST,/api/articles/analyze/,1291.66,58,0,
2026-05-16T16:29:25.397009,GET,/api/articles/list/small/,1345.09,23002,0,
2026-05-16T16:29:25.399065,GET,/api/articles/list/small/,1344.49,23002,0,
2026-05-16T16:29:25.454684,GET,/api/articles/list/large/,1353.16,471824,0,
2026-05-16T16:29:25.455967,POST,/api/articles/bulk/,1351.74,34,0,
2026-05-16T16:29:25.500722,GET,/api/articles/list/large/,1405.28,471824,0,
2026-05-16T16:29:25.587151,GET,/api/articles/list/small/,1439.85,23002,0,
2026-05-16T16:29:25.600443,POST,/api/articles/analyze/,1473.59,58,0,
2026-05-16T16:29:25.601980,GET,/api/articles/list/large/,1466.48,471824,0,
2026-05-16T16:29:25.627601,POST,/api/articles/analyze/,1400.93,58,0,
2026-05-16T16:29:25.646793,GET,/api/articles/list/small/,1459.66,23002,0,
2026-05-16T16:29:25.690795,GET,/api/articles/list/large/,1521.56,471824,0,
2026-05-16T16:29:25.691753,POST,/api/articles/bulk/,1496.77,34,0,
2026-05-16T16:29:25.692850,GET,/api/articles/list/large/,1503.76,471824,0,
2026-05-16T16:29:25.700988,GET,/api/articles/list/small/,1446.22,23002,0,
2026-05-16T16:29:25.706610,POST,/api/articles/analyze/,1443.08,58,0,
2026-05-16T16:29:25.729553,GET,/api/articles/list/large/,1485.93,471824,0,
2026-05-16T16:29:25.810934,POST,/api/articles/bulk/,1528.18,34,0,
2026-05-16T16:29:25.818135,POST,/api/articles/analyze/,1541.57,58,0,
2026-05-16T16:29:25.871571,POST,/api/articles/analyze/,1519.47,58,0,
2026-05-16T16:29:25.935059,POST,/api/articles/analyze/,1500.82,58,0,
2026-05-16T16:29:25.937112,POST,/api/articles/bulk/,1513.49,34,0,
2026-05-16T16:29:26.025543,POST,/api/articles/analyze/,1591.81,58,0,
2026-05-16T16:29:26.028438,GET,/api/articles/list/large/,1613.7,471824,0,
2026-05-16T16:29:26.039052,GET,/api/articles/list/small/,1590.9,23002,0,
2026-05-16T16:29:26.040428,POST,/api/articles/analyze/,1569.68,58,0,
2026-05-16T16:29:26.041439,GET,/api/articles/list/small/,1520.53,23002,0,
2026-05-16T16:29:26.042845,GET,/api/articles/list/large/,1575.59,471824,0,
2026-05-16T16:29:26.043574,GET,/api/articles/list/small/,1530.57,23002,0,
2026-05-16T16:29:26.045101,POST,/api/articles/analyze/,1568.47,58,0,
2026-05-16T16:29:26.047024,POST,/api/articles/analyze/,1570.94,58,0,
2026-05-16T16:29:26.136061,POST,/api/articles/analyze/,1596.75,58,0,
2026-05-16T16:29:26.136970,GET,/api/articles/list/large/,1608.2,471824,0,
2026-05-16T16:29:26.137381,POST,/api/articles/bulk/,1625.49,34,0,
2026-05-16T16:29:26.140626,GET,/api/articles/list/large/,1548.72,471824,0,
2026-05-16T16:29:26.143249,POST,/api/articles/bulk/,1580.94,34,0,
2026-05-16T16:29:26.155677,POST,/api/articles/analyze/,1551.39,58,0,
2026-05-16T16:29:26.164172,GET,/api/articles/list/large/,1585.06,471824,0,
2026-05-16T16:29:26.168323,GET,/api/articles/list/large/,1563.59,471824,0,
2026-05-16T16:29:26.171987,POST,/api/articles/analyze/,1572.64,58,0,
2026-05-16T16:29:26.174437,GET,/api/articles/list/small/,1474.17,23002,0,
2026-05-16T16:29:26.208896,POST,/api/articles/bulk/,1506.48,34,0,
2026-05-16T16:29:26.209442,POST,/api/articles/analyze/,1482.63,58,0,
2026-05-16T16:29:26.209781,POST,/api/articles/bulk/,1395.14,34,0,
2026-05-16T16:29:26.210102,POST,/api/articles/analyze/,1337.91,58,0,
2026-05-16T16:29:26.210436,POST,/api/articles/analyze/,1430.47,58,0,
2026-05-16T16:29:26.210740,POST,/api/articles/bulk/,1420.81,34,0,
2026-05-16T16:29:26.211084,POST,/api/articles/bulk/,1350.97,34,0,
2026-05-16T16:29:26.211396,POST,/api/articles/analyze/,1404.89,58,0,
2026-05-16T16:29:26.211739,POST,/api/articles/bulk/,1487.43,34,0,
2026-05-16T16:29:26.213072,POST,/api/articles/analyze/,1438.19,58,0,
2026-05-16T16:29:26.213710,GET,/api/articles/list/small/,1479.78,23002,0,
2026-05-16T16:29:26.214370,POST,/api/articles/analyze/,1409.86,58,0,
2026-05-16T16:29:26.219809,POST,/api/articles/analyze/,1518.59,58,0,
2026-05-16T16:29:26.220230,POST,/api/articles/analyze/,1336.25,58,0,
2026-05-16T16:29:26.221018,GET,/api/articles/list/large/,1343.4,471824,0,
2026-05-16T16:29:26.224474,GET,/api/articles/list/small/,1338.49,23002,0,
2026-05-16T16:29:26.339109,GET,/api/articles/list/large/,1399.08,471824,0,
2026-05-16T16:29:26.342405,GET,/api/articles/list/small/,1392.09,23002,0,
2026-05-16T16:29:26.343013,GET,/api/articles/list/small/,1408.21,23002,0,
2026-05-16T16:29:26.344198,GET,/api/articles/list/small/,1347.98,23002,0,
2026-05-16T16:29:26.349687,GET,/api/articles/list/large/,1405.24,471824,0,
2026-05-16T16:29:26.477979,GET,/api/articles/list/large/,1429.44,471824,0,
2026-05-16T16:29:26.479084,GET,/api/articles/list/large/,1457.21,471824,0,
2026-05-16T16:29:26.479478,POST,/api/articles/bulk/,1425.06,34,0,
2026-05-16T16:29:26.480771,GET,/api/articles/list/small/,1407.21,23002,0,
2026-05-16T16:29:26.484413,POST,/api/articles/analyze/,1421.9,58,0,
2026-05-16T16:29:26.501919,GET,/api/articles/list/small/,1347.74,23002,0,
2026-05-16T16:29:26.503857,GET,/api/articles/list/small/,1404.26,23002,0,
2026-05-16T16:29:26.504656,POST,/api/articles/bulk/,1382.35,34,0,
2026-05-16T16:29:26.509199,POST,/api/articles/analyze/,1399.8,58,0,
2026-05-16T16:29:26.510068,POST,/api/articles/bulk/,1380.42,34,0,
2026-05-16T16:29:26.518247,GET,/api/articles/list/large/,1356.09,471824,0,
2026-05-16T16:29:26.523095,GET,/api/articles/list/large/,1392.42,471824,0,
2026-05-16T16:29:26.598069,GET,/api/articles/list/large/,1371.95,471824,0,
2026-05-16T16:29:26.609193,GET,/api/articles/list/large/,1401.33,471824,0,
2026-05-16T16:29:26.612691,POST,/api/articles/analyze/,1370.94,58,0,
2026-05-16T16:29:26.674308,POST,/api/articles/analyze/,1407.94,58,0,
2026-05-16T16:29:26.678819,GET,/api/articles/list/small/,1429.47,23002,0,
2026-05-16T16:29:26.751260,POST,/api/articles/bulk/,1463.96,34,0,
2026-05-16T16:29:26.755982,POST,/api/articles/analyze/,1421.11,58,0,
2026-05-16T16:29:26.756612,GET,/api/articles/list/small/,1451.6,23002,0,
2026-05-16T16:29:26.798288,POST,/api/articles/analyze/,1496.14,58,0,
2026-05-16T16:29:26.845975,POST,/api/articles/bulk/,1408.77,34,0,
2026-05-16T16:29:26.848986,POST,/api/articles/bulk/,1499.88,34,0,
2026-05-16T16:29:26.851772,GET,/api/articles/list/small/,1480.66,23002,0,
2026-05-16T16:29:26.852518,POST,/api/articles/bulk/,1497.83,34,0,
2026-05-16T16:29:26.854518,GET,/api/articles/list/large/,1496.75,471824,0,
2026-05-16T16:29:26.889720,POST,/api/articles/bulk/,1481.41,34,0,
2026-05-16T16:29:26.899920,GET,/api/articles/list/large/,1540.45,471824,0,
2026-05-16T16:29:26.900414,GET,/api/articles/list/small/,1550.6,23002,0,
2026-05-16T16:29:26.900817,GET,/api/articles/list/small/,1527.64,23002,0,
2026-05-16T16:29:26.935456,POST,/api/articles/bulk/,1441.21,34,0,
2026-05-16T16:29:26.938683,GET,/api/articles/list/large/,1383.72,471824,0,
2026-05-16T16:29:26.939566,POST,/api/articles/analyze/,1362.31,58,0,
2026-05-16T16:29:26.940051,POST,/api/articles/analyze/,1453.77,58,0,
2026-05-16T16:29:26.940519,POST,/api/articles/analyze/,1426.56,58,0,
2026-05-16T16:29:26.941959,GET,/api/articles/list/large/,1328.11,471824,0,
2026-05-16T16:29:26.943164,POST,/api/articles/analyze/,1371.86,58,0,
2026-05-16T16:29:26.944016,POST,/api/articles/analyze/,1527.55,58,0,
2026-05-16T16:29:26.951561,POST,/api/articles/analyze/,1513.57,58,0,
2026-05-16T16:29:26.952394,POST,/api/articles/analyze/,1538.89,58,0,
2026-05-16T16:29:26.954520,GET,/api/articles/list/large/,1488.18,471824,0,
2026-05-16T16:29:26.958546,POST,/api/articles/bulk/,1510.64,34,0,
2026-05-16T16:29:27.013484,POST,/api/articles/analyze/,1348.84,58,0,
2026-05-16T16:29:27.014354,POST,/api/articles/analyze/,1401.07,58,0,
2026-05-16T16:29:27.018004,POST,/api/articles/bulk/,1357.87,34,0,
2026-05-16T16:29:27.021994,GET,/api/articles/list/small/,1382.99,23002,0,
2026-05-16T16:29:27.030155,POST,/api/articles/bulk/,1348.14,34,0,
2026-05-16T16:29:27.032769,POST,/api/articles/analyze/,1314.89,58,0,
2026-05-16T16:29:27.078324,POST,/api/articles/bulk/,1316.97,34,0,
2026-05-16T16:29:27.079407,GET,/api/articles/list/small/,1289.04,23002,0,
2026-05-16T16:29:27.080358,POST,/api/articles/bulk/,1326.22,34,0,
2026-05-16T16:29:27.086998,GET,/api/articles/list/large/,1320.29,471824,0,
2026-05-16T16:29:27.088810,POST,/api/articles/analyze/,1360.12,58,0,
2026-05-16T16:29:27.099085,POST,/api/articles/analyze/,1315.64,58,0,
2026-05-16T16:29:27.144698,POST,/api/articles/bulk/,1265.86,34,0,
2026-05-16T16:29:27.148776,GET,/api/articles/list/small/,1299.47,23002,0,
2026-05-16T16:29:27.161819,GET,/api/articles/list/large/,1325.4,471824,0,
2026-05-16T16:29:27.166652,GET,/api/articles/list/small/,1248.35,23002,0,
2026-05-16T16:29:27.182011,GET,/api/articles/list/large/,1203.52,471824,0,
2026-05-16T16:29:27.188854,GET,/api/articles/list/large/,1219.46,471824,0,
2026-05-16T16:29:27.190316,POST,/api/articles/analyze/,1239.96,58,0,
2026-05-16T16:29:27.201029,GET,/api/articles/list/large/,1170.37,471824,0,
2026-05-16T16:29:27.203222,POST,/api/articles/analyze/,1195.89,58,0,
2026-05-16T16:29:27.207353,POST,/api/articles/analyze/,1182.28,58,0,
2026-05-16T16:29:27.249273,GET,/api/articles/list/large/,1233.92,471824,0,
2026-05-16T16:29:27.342331,POST,/api/articles/analyze/,1268.57,58,0,
2026-05-16T16:29:27.343194,GET,/api/articles/list/small/,1269.91,23002,0,
2026-05-16T16:29:27.346857,POST,/api/articles/bulk/,1266.22,34,0,
2026-05-16T16:29:27.353122,GET,/api/articles/list/large/,1248.83,471824,0,
2026-05-16T16:29:27.356027,GET,/api/articles/list/small/,1274.35,23002,0,
2026-05-16T16:29:27.356672,POST,/api/articles/bulk/,1232.42,34,0,
2026-05-16T16:29:27.357260,POST,/api/articles/bulk/,1231.87,34,0,
2026-05-16T16:29:27.357872,POST,/api/articles/bulk/,1243.68,34,0,
2026-05-16T16:29:27.463858,GET,/api/articles/list/small/,1264.69,23002,0,
2026-05-16T16:29:27.464294,POST,/api/articles/analyze/,1271.83,58,0,
2026-05-16T16:29:27.517586,GET,/api/articles/list/large/,1326.91,471824,0,
2026-05-16T16:29:27.597900,POST,/api/articles/analyze/,1395.81,58,0,
2026-05-16T16:29:27.613054,POST,/api/articles/analyze/,1342.31,58,0,
2026-05-16T16:29:27.657123,GET,/api/articles/list/large/,1326.48,471824,0,
2026-05-16T16:29:27.711210,POST,/api/articles/bulk/,1294.02,34,0,
2026-05-16T16:29:27.712442,GET,/api/articles/list/large/,1259.62,471824,0,
2026-05-16T16:29:27.713308,POST,/api/articles/bulk/,1312.37,34,0,
2026-05-16T16:29:27.718177,POST,/api/articles/bulk/,1283.64,34,0,
2026-05-16T16:29:27.784606,POST,/api/articles/bulk/,1272.3,34,0,
2026-05-16T16:29:27.811823,GET,/api/articles/list/large/,1238.46,471824,0,
2026-05-16T16:29:27.812435,GET,/api/articles/list/small/,1281.06,23002,0,
2026-05-16T16:29:27.812846,POST,/api/articles/analyze/,1260.88,58,0,
2026-05-16T16:29:27.813981,POST,/api/articles/bulk/,1276.74,34,0,
2026-05-16T16:29:27.815758,GET,/api/articles/list/large/,1236.58,471824,0,
2026-05-16T16:29:27.817136,POST,/api/articles/analyze/,1246.66,58,0,
2026-05-16T16:29:27.817530,POST,/api/articles/bulk/,1250.92,34,0,
2026-05-16T16:29:27.822504,POST,/api/articles/bulk/,1252.64,34,0,
2026-05-16T16:29:27.839834,GET,/api/articles/list/small/,1244.93,23002,0,
2026-05-16T16:29:27.840697,POST,/api/articles/bulk/,1264.52,34,0,
2026-05-16T16:29:27.842462,GET,/api/articles/list/small/,1246.0,23002,0,
2026-05-16T16:29:27.895172,GET,/api/articles/list/small/,1285.83,23002,0,
2026-05-16T16:29:27.909951,POST,/api/articles/analyze/,1269.81,58,0,
2026-05-16T16:29:27.913304,POST,/api/articles/analyze/,1246.21,58,0,
2026-05-16T16:29:27.954528,POST,/api/articles/analyze/,1219.86,58,0,
2026-05-16T16:29:27.955840,GET,/api/articles/list/large/,1236.81,471824,0,
2026-05-16T16:29:27.959038,GET,/api/articles/list/large/,1240.93,471824,0,
2026-05-16T16:29:27.967091,GET,/api/articles/list/small/,1234.24,23002,0,
2026-05-16T16:29:27.969968,POST,/api/articles/bulk/,1184.73,34,0,
2026-05-16T16:29:27.972110,POST,/api/articles/analyze/,1216.59,58,0,
2026-05-16T16:29:27.972595,POST,/api/articles/bulk/,1219.05,34,0,
2026-05-16T16:29:27.972955,POST,/api/articles/bulk/,1199.3,34,0,
2026-05-16T16:29:27.976009,GET,/api/articles/list/large/,1201.55,471824,0,
2026-05-16T16:29:27.976939,GET,/api/articles/list/large/,1193.62,471824,0,
2026-05-16T16:29:27.977682,POST,/api/articles/analyze/,1157.69,58,0,
2026-05-16T16:29:28.013768,POST,/api/articles/analyze/,1253.97,58,0,
2026-05-16T16:29:28.017388,GET,/api/articles/list/large/,1183.29,471824,0,
2026-05-16T16:29:28.017811,POST,/api/articles/bulk/,1218.21,34,0,
2026-05-16T16:29:28.076539,GET,/api/articles/list/small/,1204.08,23002,0,
2026-05-16T16:29:28.077688,POST,/api/articles/analyze/,1180.72,58,0,
2026-05-16T16:29:28.117546,GET,/api/articles/list/large/,1267.24,471824,0,
2026-05-16T16:29:28.119491,POST,/api/articles/analyze/,1255.7,58,0,
2026-05-16T16:29:28.122984,POST,/api/articles/bulk/,1206.93,34,0,
2026-05-16T16:29:28.140626,GET,/api/articles/list/large/,1195.36,471824,0,
2026-05-16T16:29:28.144503,POST,/api/articles/analyze/,1192.8,58,0,
2026-05-16T16:29:28.210850,GET,/api/articles/list/small/,1236.21,23002,0,
2026-05-16T16:29:28.211849,POST,/api/articles/bulk/,1232.09,34,0,
2026-05-16T16:29:28.222024,GET,/api/articles/list/large/,1230.16,471824,0,
2026-05-16T16:29:28.255262,POST,/api/articles/analyze/,1290.53,58,0,
2026-05-16T16:29:28.255719,POST,/api/articles/bulk/,1278.15,34,0,
2026-05-16T16:29:28.288772,POST,/api/articles/analyze/,1268.44,58,0,
2026-05-16T16:29:28.293012,POST,/api/articles/bulk/,1253.77,34,0,
2026-05-16T16:29:28.315562,POST,/api/articles/bulk/,1214.24,34,0,
2026-05-16T16:29:28.316442,POST,/api/articles/bulk/,1220.36,34,0,
2026-05-16T16:29:28.355938,GET,/api/articles/list/large/,1223.51,471824,0,
2026-05-16T16:29:28.391143,POST,/api/articles/bulk/,1301.15,34,0,
2026-05-16T16:29:28.392594,POST,/api/articles/analyze/,1280.24,58,0,
2026-05-16T16:29:28.398892,POST,/api/articles/bulk/,1287.45,34,0,
2026-05-16T16:29:28.399960,POST,/api/articles/bulk/,1262.67,34,0,
2026-05-16T16:29:28.429107,GET,/api/articles/list/large/,1260.23,471824,0,
2026-05-16T16:29:28.430728,POST,/api/articles/analyze/,1242.93,58,0,
2026-05-16T16:29:28.448147,GET,/api/articles/list/large/,1245.45,471824,0,
2026-05-16T16:29:28.449309,GET,/api/articles/list/large/,1128.6,471824,0,
2026-05-16T16:29:28.465930,GET,/api/articles/list/small/,1137.37,23002,0,
2026-05-16T16:29:28.468614,POST,/api/articles/analyze/,1197.66,58,0,
2026-05-16T16:29:28.484707,GET,/api/articles/list/large/,1130.28,471824,0,
2026-05-16T16:29:28.586260,POST,/api/articles/bulk/,1163.06,34,0,
2026-05-16T16:29:28.588497,GET,/api/articles/list/small/,1142.8,23002,0,
2026-05-16T16:29:28.629380,POST,/api/articles/analyze/,1213.27,58,0,
2026-05-16T16:29:28.631396,GET,/api/articles/list/small/,1203.34,23002,0,
2026-05-16T16:29:28.648261,GET,/api/articles/list/small/,1220.79,23002,0,
2026-05-16T16:29:28.658074,GET,/api/articles/list/large/,1244.91,471824,0,
2026-05-16T16:29:28.658750,GET,/api/articles/list/small/,1146.84,23002,0,
2026-05-16T16:29:28.702453,GET,/api/articles/list/small/,1119.63,23002,0,
2026-05-16T16:29:28.703835,POST,/api/articles/bulk/,1198.29,34,0,
2026-05-16T16:29:28.792915,GET,/api/articles/list/large/,1259.02,471824,0,
2026-05-16T16:29:28.794706,POST,/api/articles/bulk/,1234.65,34,0,
2026-05-16T16:29:28.845480,GET,/api/articles/list/small/,1132.87,23002,0,
2026-05-16T16:29:28.855784,POST,/api/articles/bulk/,1175.45,34,0,
2026-05-16T16:29:28.856552,GET,/api/articles/list/small/,1139.89,23002,0,
2026-05-16T16:29:28.861981,GET,/api/articles/list/large/,1151.94,471824,0,
2026-05-16T16:29:28.863594,GET,/api/articles/list/large/,1154.03,471824,0,
2026-05-16T16:29:28.916488,POST,/api/articles/bulk/,1155.93,34,0,
2026-05-16T16:29:28.918624,POST,/api/articles/bulk/,1164.29,34,0,
2026-05-16T16:29:28.919549,GET,/api/articles/list/small/,1191.08,23002,0,
2026-05-16T16:29:28.985218,POST,/api/articles/analyze/,1171.08,58,0,
2026-05-16T16:29:28.987280,POST,/api/articles/analyze/,1189.15,58,0,
2026-05-16T16:29:28.987906,POST,/api/articles/analyze/,1171.57,58,0,
2026-05-16T16:29:28.990572,GET,/api/articles/list/small/,1186.49,23002,0,
2026-05-16T16:29:28.992920,GET,/api/articles/list/small/,1171.08,23002,0,
2026-05-16T16:29:28.997470,GET,/api/articles/list/small/,1189.58,23002,0,
2026-05-16T16:29:29.017244,GET,/api/articles/list/small/,1129.41,23002,0,
2026-05-16T16:29:29.017687,GET,/api/articles/list/small/,1123.2,23002,0,
2026-05-16T16:29:29.018270,POST,/api/articles/analyze/,1163.62,58,0,
2026-05-16T16:29:29.018627,POST,/api/articles/analyze/,1143.59,58,0,
2026-05-16T16:29:29.019764,POST,/api/articles/bulk/,1150.47,34,0,
2026-05-16T16:29:29.020302,POST,/api/articles/analyze/,1157.9,58,0,
2026-05-16T16:29:29.031319,GET,/api/articles/list/large/,1174.78,471824,0,
2026-05-16T16:29:29.034648,GET,/api/articles/list/large/,1161.28,471824,0,
2026-05-16T16:29:29.063638,GET,/api/articles/list/large/,1106.53,471824,0,
2026-05-16T16:29:29.064481,GET,/api/articles/list/small/,1104.22,23002,0,
2026-05-16T16:29:29.065278,POST,/api/articles/bulk/,1150.76,34,0,
2026-05-16T16:29:29.067516,POST,/api/articles/bulk/,1113.9,34,0,
2026-05-16T16:29:29.076449,POST,/api/articles/analyze/,1118.91,58,0,
2026-05-16T16:29:29.085587,POST,/api/articles/analyze/,1124.82,58,0,
2026-05-16T16:29:29.086045,POST,/api/articles/bulk/,1117.14,34,0,
2026-05-16T16:29:29.086443,GET,/api/articles/list/small/,1040.24,23002,0,
2026-05-16T16:29:29.086815,POST,/api/articles/bulk/,1116.38,34,0,
2026-05-16T16:29:29.087332,POST,/api/articles/analyze/,1071.33,58,0,
2026-05-16T16:29:29.088559,GET,/api/articles/list/large/,1121.33,471824,0,
2026-05-16T16:29:29.089928,GET,/api/articles/list/large/,1110.04,471824,0,
2026-05-16T16:29:29.095050,GET,/api/articles/list/large/,1071.66,471824,0,
2026-05-16T16:29:29.096409,POST,/api/articles/bulk/,1047.29,34,0,
2026-05-16T16:29:29.098866,POST,/api/articles/bulk/,1106.26,34,0,
2026-05-16T16:29:29.112862,POST,/api/articles/bulk/,1042.38,34,0,
2026-05-16T16:29:29.120501,POST,/api/articles/bulk/,1020.66,34,0,
2026-05-16T16:29:29.120895,GET,/api/articles/list/small/,1030.03,23002,0,
2026-05-16T16:29:29.165529,POST,/api/articles/bulk/,1007.9,34,0,
2026-05-16T16:29:29.179343,GET,/api/articles/list/small/,1018.59,23002,0,
2026-05-16T16:29:29.193303,GET,/api/articles/list/small/,1026.3,23002,0,
2026-05-16T16:29:29.202203,GET,/api/articles/list/small/,1047.49,23002,0,
2026-05-16T16:29:29.203182,POST,/api/articles/analyze/,1042.06,58,0,
2026-05-16T16:29:29.203894,GET,/api/articles/list/small/,1068.66,23002,0,
2026-05-16T16:29:29.210428,GET,/api/articles/list/large/,1005.41,471824,0,
2026-05-16T16:29:29.215302,GET,/api/articles/list/large/,986.95,471824,0,
2026-05-16T16:29:29.217008,POST,/api/articles/bulk/,957.1,34,0,
2026-05-16T16:29:29.229984,POST,/api/articles/bulk/,988.81,34,0,
2026-05-16T16:29:29.253993,POST,/api/articles/analyze/,951.66,58,0,
2026-05-16T16:29:29.255707,POST,/api/articles/analyze/,952.87,58,0,
2026-05-16T16:29:29.315658,POST,/api/articles/bulk/,950.47,34,0,
2026-05-16T16:29:29.318909,GET,/api/articles/list/small/,920.55,23002,0,
2026-05-16T16:29:29.361698,POST,/api/articles/bulk/,988.26,34,0,
2026-05-16T16:29:29.402860,POST,/api/articles/bulk/,1055.17,34,0,
2026-05-16T16:29:29.403901,POST,/api/articles/analyze/,967.0,58,0,
2026-05-16T16:29:29.505155,GET,/api/articles/list/small/,1099.93,23002,0,
2026-05-16T16:29:29.521619,GET,/api/articles/list/small/,1078.83,23002,0,
2026-05-16T16:29:29.547483,GET,/api/articles/list/small/,1065.52,23002,0,
2026-05-16T16:29:29.552564,GET,/api/articles/list/large/,1069.98,471824,0,
2026-05-16T16:29:29.589636,POST,/api/articles/bulk/,1018.81,34,0,
2026-05-16T16:29:29.593418,POST,/api/articles/bulk/,1073.44,34,0,
2026-05-16T16:29:29.604288,POST,/api/articles/bulk/,970.71,34,0,
2026-05-16T16:29:29.607721,POST,/api/articles/analyze/,967.83,58,0,
2026-05-16T16:29:29.625054,GET,/api/articles/list/small/,910.08,23002,0,
2026-05-16T16:29:29.627077,POST,/api/articles/analyze/,940.06,58,0,
2026-05-16T16:29:29.629862,POST,/api/articles/analyze/,925.79,58,0,
2026-05-16T16:29:29.631619,POST,/api/articles/analyze/,883.72,58,0,
2026-05-16T16:29:29.633035,POST,/api/articles/bulk/,845.52,34,0,
2026-05-16T16:29:29.633741,POST,/api/articles/bulk/,946.2,34,0,
2026-05-16T16:29:29.638334,POST,/api/articles/analyze/,881.13,58,0,
2026-05-16T16:29:29.644094,POST,/api/articles/analyze/,875.68,58,0,
2026-05-16T16:29:29.658053,GET,/api/articles/list/large/,851.09,471824,0,
2026-05-16T16:29:29.800048,POST,/api/articles/analyze/,958.91,58,0,
2026-05-16T16:29:29.872958,GET,/api/articles/list/large/,1007.86,471824,0,
2026-05-16T16:29:29.887395,GET,/api/articles/list/large/,1025.25,471824,0,
2026-05-16T16:29:29.901987,GET,/api/articles/list/small/,967.4,23002,0,
2026-05-16T16:29:29.902969,GET,/api/articles/list/large/,946.36,471824,0,
2026-05-16T16:29:29.903405,GET,/api/articles/list/small/,955.76,23002,0,
2026-05-16T16:29:29.941268,POST,/api/articles/analyze/,990.61,58,0,
2026-05-16T16:29:29.943840,GET,/api/articles/list/small/,1046.44,23002,0,
2026-05-16T16:29:29.947218,POST,/api/articles/bulk/,972.85,34,0,
2026-05-16T16:29:29.953382,POST,/api/articles/bulk/,1025.96,34,0,
2026-05-16T16:29:29.957108,POST,/api/articles/analyze/,1041.28,58,0,
2026-05-16T16:29:29.959503,POST,/api/articles/bulk/,982.86,34,0,
2026-05-16T16:29:29.969779,GET,/api/articles/list/large/,1050.08,471824,0,
2026-05-16T16:29:29.986312,POST,/api/articles/analyze/,996.21,58,0,
2026-05-16T16:29:30.012859,GET,/api/articles/list/small/,1021.89,23002,0,
2026-05-16T16:29:30.013276,POST,/api/articles/analyze/,977.33,58,0,
2026-05-16T16:29:30.014461,POST,/api/articles/analyze/,975.67,58,0,
2026-05-16T16:29:30.022853,GET,/api/articles/list/large/,1006.04,471824,0,
2026-05-16T16:29:30.080964,POST,/api/articles/analyze/,1024.33,58,0,
2026-05-16T16:29:30.207281,GET,/api/articles/list/small/,1088.32,23002,0,
2026-05-16T16:29:30.208348,POST,/api/articles/analyze/,1063.26,58,0,
2026-05-16T16:29:30.209819,GET,/api/articles/list/large/,1061.51,471824,0,
2026-05-16T16:29:30.211075,GET,/api/articles/list/small/,1005.98,23002,0,
2026-05-16T16:29:30.211889,POST,/api/articles/bulk/,1041.4,34,0,
2026-05-16T16:29:30.212524,GET,/api/articles/list/small/,1043.73,23002,0,
2026-05-16T16:29:30.227718,POST,/api/articles/bulk/,1098.94,34,0,
2026-05-16T16:29:30.229799,GET,/api/articles/list/large/,1107.73,471824,0,
2026-05-16T16:29:30.231047,GET,/api/articles/list/small/,1115.91,23002,0,
2026-05-16T16:29:30.232771,POST,/api/articles/bulk/,1069.08,34,0,
2026-05-16T16:29:30.246432,GET,/api/articles/list/large/,1055.4,471824,0,
2026-05-16T16:29:30.250273,GET,/api/articles/list/large/,1101.4,471824,0,
2026-05-16T16:29:30.251499,POST,/api/articles/bulk/,1073.38,34,0,
2026-05-16T16:29:30.256841,GET,/api/articles/list/small/,1083.33,23002,0,
2026-05-16T16:29:30.258328,GET,/api/articles/list/large/,1072.16,471824,0,
2026-05-16T16:29:30.260980,GET,/api/articles/list/small/,1064.32,23002,0,
2026-05-16T16:29:30.277022,GET,/api/articles/list/small/,1066.36,23002,0,
2026-05-16T16:29:30.279617,GET,/api/articles/list/large/,1068.22,471824,0,
2026-05-16T16:29:30.282755,POST,/api/articles/bulk/,1033.58,34,0,
2026-05-16T16:29:30.287735,POST,/api/articles/analyze/,1042.17,58,0,
2026-05-16T16:29:30.291646,GET,/api/articles/list/small/,1075.47,23002,0,
2026-05-16T16:29:30.303326,POST,/api/articles/bulk/,1038.24,34,0,
2026-05-16T16:29:30.431685,POST,/api/articles/bulk/,1143.13,34,0,
2026-05-16T16:29:30.489900,POST,/api/articles/analyze/,1143.49,58,0,
2026-05-16T16:29:30.531485,GET,/api/articles/list/small/,1147.53,23002,0,
2026-05-16T16:29:30.569070,POST,/api/articles/bulk/,1179.26,34,0,
2026-05-16T16:29:30.571061,GET,/api/articles/list/large/,1232.73,471824,0,
2026-05-16T16:29:30.573376,POST,/api/articles/analyze/,1075.82,58,0,
2026-05-16T16:29:30.580154,GET,/api/articles/list/large/,1115.92,471824,0,
2026-05-16T16:29:30.587965,POST,/api/articles/bulk/,1103.94,34,0,
2026-05-16T16:29:30.590493,GET,/api/articles/list/small/,1115.35,23002,0,
2026-05-16T16:29:30.592822,GET,/api/articles/list/small/,1132.48,23002,0,
2026-05-16T16:29:30.639884,POST,/api/articles/bulk/,1124.42,34,0,
2026-05-16T16:29:30.644284,POST,/api/articles/analyze/,1255.38,58,0,
2026-05-16T16:29:30.924085,GET,/api/articles/list/small/,1515.93,23002,0,
2026-05-16T16:29:30.978277,GET,/api/articles/list/large/,1454.34,471824,0,
2026-05-16T16:29:31.038458,POST,/api/articles/analyze/,1463.29,58,0,
2026-05-16T16:29:31.041899,POST,/api/articles/bulk/,1483.08,34,0,
2026-05-16T16:29:31.067745,POST,/api/articles/analyze/,1453.7,58,0,
2026-05-16T16:29:31.266254,GET,/api/articles/list/large/,1584.9,471824,0,
2026-05-16T16:29:31.268630,GET,/api/articles/list/large/,1570.28,471824,0,
2026-05-16T16:29:31.269421,POST,/api/articles/bulk/,1562.55,34,0,
2026-05-16T16:29:31.270133,POST,/api/articles/bulk/,1564.0,34,0,
2026-05-16T16:29:31.270750,POST,/api/articles/bulk/,1570.43,34,0,
2026-05-16T16:29:31.274237,GET,/api/articles/list/large/,1618.83,471824,0,
2026-05-16T16:29:31.275222,POST,/api/articles/analyze/,1526.96,58,0,
2026-05-16T16:29:31.323325,GET,/api/articles/list/large/,1620.83,471824,0,
2026-05-16T16:29:31.342417,POST,/api/articles/analyze/,1521.9,58,0,
2026-05-16T16:29:31.346031,GET,/api/articles/list/small/,1529.35,23002,0,
2026-05-16T16:29:31.348009,GET,/api/articles/list/large/,1578.75,471824,0,
2026-05-16T16:29:31.349697,GET,/api/articles/list/small/,1508.22,23002,0,
2026-05-16T16:29:31.423430,POST,/api/articles/analyze/,1623.92,58,0,
2026-05-16T16:29:31.424859,POST,/api/articles/analyze/,1524.21,58,0,
2026-05-16T16:29:31.431022,POST,/api/articles/analyze/,1478.5,58,0,
2026-05-16T16:29:31.432672,GET,/api/articles/list/large/,1529.15,471824,0,
2026-05-16T16:29:31.433186,GET,/api/articles/list/small/,1495.66,23002,0,
2026-05-16T16:29:31.434500,GET,/api/articles/list/large/,1528.24,471824,0,
2026-05-16T16:29:31.480027,POST,/api/articles/bulk/,1558.91,34,0,
2026-05-16T16:29:31.505189,POST,/api/articles/bulk/,1511.61,34,0,
2026-05-16T16:29:31.516616,POST,/api/articles/analyze/,1591.16,58,0,
2026-05-16T16:29:31.517295,GET,/api/articles/list/small/,1554.12,23002,0,
2026-05-16T16:29:31.517752,POST,/api/articles/analyze/,1525.1,58,0,
2026-05-16T16:29:31.657160,POST,/api/articles/bulk/,1677.82,34,0,
2026-05-16T16:29:31.660310,GET,/api/articles/list/large/,1624.77,471824,0,
2026-05-16T16:29:31.663875,GET,/api/articles/list/large/,1705.41,471824,0,
2026-05-16T16:29:31.784492,GET,/api/articles/list/large/,1744.87,471824,0,
2026-05-16T16:29:31.889964,GET,/api/articles/list/small/,1767.84,23002,0,
2026-05-16T16:29:31.890673,POST,/api/articles/analyze/,1796.08,58,0,
2026-05-16T16:29:31.932690,POST,/api/articles/bulk/,1797.64,34,0,
2026-05-16T16:29:32.021068,POST,/api/articles/bulk/,1927.03,34,0,
2026-05-16T16:29:32.023860,POST,/api/articles/bulk/,1930.57,34,0,
2026-05-16T16:29:32.159672,POST,/api/articles/bulk/,2051.82,34,0,
2026-05-16T16:29:32.187815,POST,/api/articles/bulk/,2002.78,34,0,
2026-05-16T16:29:32.202726,GET,/api/articles/list/large/,2005.74,471824,0,
2026-05-16T16:29:32.250234,GET,/api/articles/list/large/,2102.53,471824,0,
2026-05-16T16:29:32.251144,POST,/api/articles/bulk/,2087.5,34,0,
2026-05-16T16:29:32.339321,POST,/api/articles/bulk/,2111.39,34,0,
2026-05-16T16:29:32.340286,GET,/api/articles/list/large/,2120.42,471824,0,
2026-05-16T16:29:32.341140,GET,/api/articles/list/large/,2124.39,471824,0,
