timestamp,method,name,response_time_ms,response_length,failed,error
2026-05-16T16:11:38.330402,GET,/api/mixed/http/,108.26,55353,0,
2026-05-16T16:11:38.375096,GET,/api/mixed/db/1/,8.29,247,0,
2026-05-16T16:11:38.420719,GET,/api/mixed/pipeline/1/,3.03,82,0,
2026-05-16T16:11:38.465964,GET,/api/mixed/db/1/,5.03,247,0,
2026-05-16T16:11:38.477727,GET,/api/mixed/http/,109.9,55353,0,
2026-05-16T16:11:38.482195,GET,/api/mixed/pipeline/1/,3.06,82,0,
2026-05-16T16:11:38.593275,GET,/api/mixed/db/1/,4.24,247,0,
2026-05-16T16:11:38.619572,GET,/api/mixed/db/1/,4.02,247,0,
2026-05-16T16:11:38.643647,GET,/api/mixed/pipeline/1/,3.69,82,0,
2026-05-16T16:11:38.654867,GET,/api/mixed/http/,108.24,55353,0,
2026-05-16T16:11:38.685267,GET,/api/mixed/http/,108.65,55353,0,
2026-05-16T16:11:38.714632,GET,/api/mixed/http/,108.07,55353,0,
2026-05-16T16:11:38.790246,GET,/api/mixed/db/1/,4.16,247,0,
2026-05-16T16:11:38.821239,GET,/api/mixed/pipeline/1/,4.12,82,0,
2026-05-16T16:11:38.858622,GET,/api/mixed/pipeline/1/,3.15,82,0,
2026-05-16T16:11:39.019741,GET,/api/mixed/http/,108.72,55353,0,
2026-05-16T16:11:39.023663,GET,/api/mixed/pipeline/1/,5.43,82,0,
2026-05-16T16:11:39.032016,GET,/api/mixed/http/,108.43,55353,0,
2026-05-16T16:11:39.062289,GET,/api/mixed/pipeline/1/,3.2,82,0,
2026-05-16T16:11:39.149829,GET,/api/mixed/http/,108.38,55353,0,
2026-05-16T16:11:39.178439,GET,/api/mixed/http/,108.78,55353,0,
2026-05-16T16:11:39.225747,GET,/api/mixed/db/1/,4.29,247,0,
2026-05-16T16:11:39.241348,GET,/api/mixed/db/1/,4.31,247,0,
2026-05-16T16:11:39.276893,GET,/api/mixed/pipeline/1/,3.31,82,0,
2026-05-16T16:11:39.324697,GET,/api/mixed/http/,107.82,55353,0,
2026-05-16T16:11:39.350495,GET,/api/mixed/db/1/,3.8,247,0,
2026-05-16T16:11:39.427691,GET,/api/mixed/db/1/,4.08,247,0,
2026-05-16T16:11:39.447883,GET,/api/mixed/http/,107.83,55353,0,
2026-05-16T16:11:39.496646,GET,/api/mixed/http/,107.79,55353,0,
2026-05-16T16:11:39.559587,GET,/api/mixed/http/,114.63,55353,0,
2026-05-16T16:11:39.608016,GET,/api/mixed/db/1/,4.13,247,0,
2026-05-16T16:11:39.642749,GET,/api/mixed/http/,108.8,55353,0,
2026-05-16T16:11:39.690197,GET,/api/mixed/pipeline/1/,2.8,82,0,
2026-05-16T16:11:39.690940,GET,/api/mixed/db/1/,4.79,247,0,
2026-05-16T16:11:39.727717,GET,/api/mixed/pipeline/1/,3.58,82,0,
2026-05-16T16:11:39.799337,GET,/api/mixed/pipeline/1/,11.82,82,0,
2026-05-16T16:11:39.895994,GET,/api/mixed/db/1/,4.1,247,0,
2026-05-16T16:11:40.005331,GET,/api/mixed/pipeline/1/,3.28,82,0,
2026-05-16T16:11:40.009134,GET,/api/mixed/http/,108.79,55353,0,
2026-05-16T16:11:40.012653,GET,/api/mixed/db/1/,4.47,247,0,
2026-05-16T16:11:40.039858,GET,/api/mixed/db/1/,5.24,247,0,
2026-05-16T16:11:40.085125,GET,/api/mixed/http/,109.15,55353,0,
2026-05-16T16:11:40.088532,GET,/api/mixed/http/,108.86,55353,0,
2026-05-16T16:11:40.132889,GET,/api/mixed/pipeline/1/,3.12,82,0,
2026-05-16T16:11:40.161066,GET,/api/mixed/db/1/,3.95,247,0,
2026-05-16T16:11:40.194052,GET,/api/mixed/http/,107.75,55353,0,
2026-05-16T16:11:40.261352,GET,/api/mixed/pipeline/1/,3.17,82,0,
2026-05-16T16:11:40.304066,GET,/api/mixed/http/,108.72,55353,0,
2026-05-16T16:11:40.345513,GET,/api/mixed/db/1/,4.2,247,0,
2026-05-16T16:11:40.386462,GET,/api/mixed/db/1/,5.71,247,0,
2026-05-16T16:11:40.388757,GET,/api/mixed/pipeline/1/,4.23,82,0,
2026-05-16T16:11:40.455566,GET,/api/mixed/pipeline/1/,3.36,82,0,
2026-05-16T16:11:40.488153,GET,/api/mixed/db/1/,4.31,247,0,
2026-05-16T16:11:40.535710,GET,/api/mixed/pipeline/1/,3.28,82,0,
2026-05-16T16:11:40.696367,GET,/api/mixed/pipeline/1/,4.24,82,0,
2026-05-16T16:11:40.719984,GET,/api/mixed/http/,107.85,55353,0,
2026-05-16T16:11:40.734897,GET,/api/mixed/pipeline/1/,3.06,82,0,
2026-05-16T16:11:40.800830,GET,/api/mixed/http/,108.16,55353,0,
2026-05-16T16:11:40.809301,GET,/api/mixed/pipeline/1/,3.14,82,0,
2026-05-16T16:11:40.839759,GET,/api/mixed/http/,108.48,55353,0,
2026-05-16T16:11:40.871885,GET,/api/mixed/pipeline/1/,3.1,82,0,
2026-05-16T16:11:40.898329,GET,/api/mixed/http/,108.04,55353,0,
2026-05-16T16:11:40.921729,GET,/api/mixed/pipeline/1/,3.09,82,0,
2026-05-16T16:11:40.927036,GET,/api/mixed/db/1/,3.87,247,0,
2026-05-16T16:11:40.956722,GET,/api/mixed/http/,108.57,55353,0,
2026-05-16T16:11:41.050299,GET,/api/mixed/pipeline/1/,2.98,82,0,
2026-05-16T16:11:41.086570,GET,/api/mixed/pipeline/1/,2.98,82,0,
2026-05-16T16:11:41.215684,GET,/api/mixed/pipeline/1/,2.98,82,0,
2026-05-16T16:11:41.309372,GET,/api/mixed/pipeline/1/,3.23,82,0,
2026-05-16T16:11:41.335817,GET,/api/mixed/http/,108.56,55353,0,
2026-05-16T16:11:41.355362,GET,/api/mixed/db/1/,5.17,247,0,
2026-05-16T16:11:41.399227,GET,/api/mixed/http/,108.23,55353,0,
2026-05-16T16:11:41.410318,GET,/api/mixed/db/1/,4.67,247,0,
2026-05-16T16:11:41.458374,GET,/api/mixed/db/1/,4.88,247,0,
2026-05-16T16:11:41.544946,GET,/api/mixed/http/,108.11,55353,0,
2026-05-16T16:11:41.566346,GET,/api/mixed/http/,109.15,55353,0,
2026-05-16T16:11:41.571828,GET,/api/mixed/pipeline/1/,3.26,82,0,
2026-05-16T16:11:41.622721,GET,/api/mixed/http/,108.62,55353,0,
2026-05-16T16:11:41.627632,GET,/api/mixed/pipeline/1/,3.62,82,0,
2026-05-16T16:11:41.643638,GET,/api/mixed/pipeline/1/,3.72,82,0,
2026-05-16T16:11:41.706372,GET,/api/mixed/pipeline/1/,4.39,82,0,
2026-05-16T16:11:41.749038,GET,/api/mixed/pipeline/1/,4.28,82,0,
2026-05-16T16:11:41.805017,GET,/api/mixed/db/1/,4.7,247,0,
2026-05-16T16:11:41.832691,GET,/api/mixed/db/1/,6.17,247,0,
2026-05-16T16:11:41.857444,GET,/api/mixed/db/1/,4.46,247,0,
2026-05-16T16:11:41.872942,GET,/api/mixed/db/1/,4.19,247,0,
2026-05-16T16:11:42.058815,GET,/api/mixed/http/,124.55,55353,0,
2026-05-16T16:11:42.118812,GET,/api/mixed/db/1/,7.81,247,0,
2026-05-16T16:11:42.141349,GET,/api/mixed/pipeline/1/,5.44,82,0,
2026-05-16T16:11:42.173383,GET,/api/mixed/db/1/,6.69,247,0,
2026-05-16T16:11:42.207602,GET,/api/mixed/http/,117.21,55353,0,
2026-05-16T16:11:42.209266,GET,/api/mixed/http/,117.47,55353,0,
2026-05-16T16:11:42.238623,GET,/api/mixed/http/,110.41,55353,0,
2026-05-16T16:11:42.306950,GET,/api/mixed/pipeline/1/,3.64,82,0,
2026-05-16T16:11:42.364279,GET,/api/mixed/http/,109.35,55353,0,
2026-05-16T16:11:42.367095,GET,/api/mixed/pipeline/1/,2.69,82,0,
2026-05-16T16:11:42.436981,GET,/api/mixed/db/1/,4.79,247,0,
2026-05-16T16:11:42.461388,GET,/api/mixed/pipeline/1/,3.17,82,0,
2026-05-16T16:11:42.483302,GET,/api/mixed/http/,107.93,55353,0,
2026-05-16T16:11:42.540892,GET,/api/mixed/http/,108.17,55353,0,
2026-05-16T16:11:42.542861,GET,/api/mixed/pipeline/1/,3.3,82,0,
2026-05-16T16:11:42.572895,GET,/api/mixed/pipeline/1/,3.17,82,0,
2026-05-16T16:11:42.582087,GET,/api/mixed/db/1/,3.86,247,0,
2026-05-16T16:11:42.604130,GET,/api/mixed/db/1/,4.77,247,0,
2026-05-16T16:11:42.606020,GET,/api/mixed/pipeline/1/,3.12,82,0,
2026-05-16T16:11:42.613931,GET,/api/mixed/pipeline/1/,3.75,82,0,
2026-05-16T16:11:42.640640,GET,/api/mixed/db/1/,4.23,247,0,
2026-05-16T16:11:42.662530,GET,/api/mixed/http/,108.49,55353,0,
2026-05-16T16:11:42.684052,GET,/api/mixed/db/1/,4.23,247,0,
2026-05-16T16:11:42.750248,GET,/api/mixed/http/,108.39,55353,0,
2026-05-16T16:11:42.783636,GET,/api/mixed/db/1/,4.1,247,0,
2026-05-16T16:11:42.784047,GET,/api/mixed/pipeline/1/,2.97,82,0,
2026-05-16T16:11:42.795535,GET,/api/mixed/pipeline/1/,3.26,82,0,
2026-05-16T16:11:42.869208,GET,/api/mixed/pipeline/1/,3.22,82,0,
2026-05-16T16:11:42.875655,GET,/api/mixed/db/1/,4.2,247,0,
2026-05-16T16:11:42.953223,GET,/api/mixed/db/1/,5.28,247,0,
2026-05-16T16:11:43.038803,GET,/api/mixed/pipeline/1/,3.12,82,0,
2026-05-16T16:11:43.055090,GET,/api/mixed/db/1/,3.97,247,0,
2026-05-16T16:11:43.079607,GET,/api/mixed/http/,108.11,55353,0,
2026-05-16T16:11:43.158020,GET,/api/mixed/pipeline/1/,3.26,82,0,
2026-05-16T16:11:43.264978,GET,/api/mixed/db/1/,12.31,247,0,
2026-05-16T16:11:43.333230,GET,/api/mixed/db/1/,3.98,247,0,
2026-05-16T16:11:43.370648,GET,/api/mixed/db/1/,3.96,247,0,
2026-05-16T16:11:43.432804,GET,/api/mixed/http/,108.11,55353,0,
2026-05-16T16:11:43.499982,GET,/api/mixed/db/1/,4.18,247,0,
2026-05-16T16:11:43.534256,GET,/api/mixed/db/1/,4.0,247,0,
2026-05-16T16:11:43.543995,GET,/api/mixed/http/,107.84,55353,0,
2026-05-16T16:11:43.630159,GET,/api/mixed/pipeline/1/,2.92,82,0,
2026-05-16T16:11:43.681706,GET,/api/mixed/pipeline/1/,3.12,82,0,
2026-05-16T16:11:43.699293,GET,/api/mixed/db/1/,4.2,247,0,
2026-05-16T16:11:43.719408,GET,/api/mixed/http/,107.95,55353,0,
2026-05-16T16:11:43.844146,GET,/api/mixed/pipeline/1/,3.25,82,0,
2026-05-16T16:11:43.852242,GET,/api/mixed/db/1/,3.85,247,0,
2026-05-16T16:11:43.871081,GET,/api/mixed/pipeline/1/,3.63,82,0,
2026-05-16T16:11:43.903392,GET,/api/mixed/db/1/,3.9,247,0,
2026-05-16T16:11:43.921512,GET,/api/mixed/db/1/,3.9,247,0,
2026-05-16T16:11:43.939418,GET,/api/mixed/pipeline/1/,2.9,82,0,
2026-05-16T16:11:43.999050,GET,/api/mixed/pipeline/1/,3.37,82,0,
2026-05-16T16:11:44.041525,GET,/api/mixed/http/,108.75,55353,0,
2026-05-16T16:11:44.115489,GET,/api/mixed/db/1/,4.62,247,0,
2026-05-16T16:11:44.149925,GET,/api/mixed/http/,109.59,55353,0,
2026-05-16T16:11:44.195548,GET,/api/mixed/db/1/,4.11,247,0,
2026-05-16T16:11:44.289927,GET,/api/mixed/http/,110.11,55353,0,
2026-05-16T16:11:44.295024,GET,/api/mixed/db/1/,4.87,247,0,
2026-05-16T16:11:44.356453,GET,/api/mixed/pipeline/1/,3.16,82,0,
2026-05-16T16:11:44.379955,GET,/api/mixed/pipeline/1/,3.26,82,0,
2026-05-16T16:11:44.405211,GET,/api/mixed/pipeline/1/,2.99,82,0,
2026-05-16T16:11:44.426975,GET,/api/mixed/http/,108.65,55353,0,
2026-05-16T16:11:44.435332,GET,/api/mixed/pipeline/1/,2.96,82,0,
2026-05-16T16:11:44.661011,GET,/api/mixed/pipeline/1/,3.11,82,0,
2026-05-16T16:11:44.723674,GET,/api/mixed/pipeline/1/,6.27,82,0,
2026-05-16T16:11:44.736444,GET,/api/mixed/http/,124.7,55353,0,
2026-05-16T16:11:44.804907,GET,/api/mixed/pipeline/1/,6.83,82,0,
2026-05-16T16:11:44.938217,GET,/api/mixed/pipeline/1/,4.34,82,0,
2026-05-16T16:11:44.969614,GET,/api/mixed/pipeline/1/,3.29,82,0,
2026-05-16T16:11:45.031340,GET,/api/mixed/http/,108.85,55353,0,
2026-05-16T16:11:45.062073,GET,/api/mixed/http/,109.5,55353,0,
2026-05-16T16:11:45.076398,GET,/api/mixed/pipeline/1/,3.42,82,0,
2026-05-16T16:11:45.083668,GET,/api/mixed/pipeline/1/,2.99,82,0,
2026-05-16T16:11:45.139229,GET,/api/mixed/pipeline/1/,4.26,82,0,
2026-05-16T16:11:45.142803,GET,/api/mixed/db/1/,4.84,247,0,
2026-05-16T16:11:45.156339,GET,/api/mixed/http/,109.5,55353,0,
2026-05-16T16:11:45.159174,GET,/api/mixed/db/1/,4.08,247,0,
2026-05-16T16:11:45.169951,GET,/api/mixed/http/,109.03,55353,0,
2026-05-16T16:11:45.310933,GET,/api/mixed/pipeline/1/,3.08,82,0,
2026-05-16T16:11:45.335549,GET,/api/mixed/pipeline/1/,3.71,82,0,
2026-05-16T16:11:45.355358,GET,/api/mixed/http/,107.92,55353,0,
2026-05-16T16:11:45.361351,GET,/api/mixed/pipeline/1/,2.78,82,0,
2026-05-16T16:11:45.371920,GET,/api/mixed/http/,112.1,55353,0,
2026-05-16T16:11:45.417273,GET,/api/mixed/pipeline/1/,3.08,82,0,
2026-05-16T16:11:45.419866,GET,/api/mixed/http/,107.58,55353,0,
2026-05-16T16:11:45.431307,GET,/api/mixed/pipeline/1/,3.09,82,0,
2026-05-16T16:11:45.441878,GET,/api/mixed/pipeline/1/,3.07,82,0,
2026-05-16T16:11:45.478569,GET,/api/mixed/db/1/,4.43,247,0,
2026-05-16T16:11:45.497359,GET,/api/mixed/pipeline/1/,3.71,82,0,
2026-05-16T16:11:45.518461,GET,/api/mixed/db/1/,16.38,247,0,
2026-05-16T16:11:45.568131,GET,/api/mixed/pipeline/1/,3.81,82,0,
2026-05-16T16:11:45.585676,GET,/api/mixed/http/,107.94,55353,0,
2026-05-16T16:11:45.659972,GET,/api/mixed/http/,108.23,55353,0,
2026-05-16T16:11:45.675733,GET,/api/mixed/http/,108.76,55353,0,
2026-05-16T16:11:45.723974,GET,/api/mixed/db/1/,4.04,247,0,
2026-05-16T16:11:45.771302,GET,/api/mixed/db/1/,8.55,247,0,
2026-05-16T16:11:45.788825,GET,/api/mixed/db/1/,4.06,247,0,
2026-05-16T16:11:45.801187,GET,/api/mixed/pipeline/1/,4.09,82,0,
2026-05-16T16:11:45.835282,GET,/api/mixed/http/,107.98,55353,0,
2026-05-16T16:11:45.840176,GET,/api/mixed/http/,108.3,55353,0,
2026-05-16T16:11:45.891967,GET,/api/mixed/pipeline/1/,3.5,82,0,
2026-05-16T16:11:46.032538,GET,/api/mixed/pipeline/1/,3.09,82,0,
2026-05-16T16:11:46.060056,GET,/api/mixed/pipeline/1/,3.2,82,0,
2026-05-16T16:11:46.128614,GET,/api/mixed/db/1/,4.27,247,0,
2026-05-16T16:11:46.161219,GET,/api/mixed/http/,108.14,55353,0,
2026-05-16T16:11:46.287632,GET,/api/mixed/db/1/,4.34,247,0,
2026-05-16T16:11:46.358301,GET,/api/mixed/http/,114.24,55353,0,
2026-05-16T16:11:46.391815,GET,/api/mixed/db/1/,4.07,247,0,
2026-05-16T16:11:46.485338,GET,/api/mixed/pipeline/1/,3.05,82,0,
2026-05-16T16:11:46.504832,GET,/api/mixed/pipeline/1/,3.11,82,0,
2026-05-16T16:11:46.559435,GET,/api/mixed/db/1/,7.3,247,0,
2026-05-16T16:11:46.559833,GET,/api/mixed/db/1/,5.68,247,0,
2026-05-16T16:11:46.611952,GET,/api/mixed/db/1/,6.81,247,0,
2026-05-16T16:11:46.670107,GET,/api/mixed/pipeline/1/,2.87,82,0,
2026-05-16T16:11:46.776069,GET,/api/mixed/http/,109.59,55353,0,
2026-05-16T16:11:46.812777,GET,/api/mixed/pipeline/1/,3.66,82,0,
2026-05-16T16:11:46.822795,GET,/api/mixed/http/,108.4,55353,0,
2026-05-16T16:11:46.861471,GET,/api/mixed/pipeline/1/,3.23,82,0,
2026-05-16T16:11:46.895294,GET,/api/mixed/http/,107.93,55353,0,
2026-05-16T16:11:46.930464,GET,/api/mixed/pipeline/1/,4.9,82,0,
2026-05-16T16:11:46.939632,GET,/api/mixed/db/1/,3.83,247,0,
2026-05-16T16:11:47.075933,GET,/api/mixed/http/,107.9,55353,0,
2026-05-16T16:11:47.083328,GET,/api/mixed/pipeline/1/,2.57,82,0,
2026-05-16T16:11:47.091329,GET,/api/mixed/db/1/,3.8,247,0,
2026-05-16T16:11:47.109741,GET,/api/mixed/pipeline/1/,3.45,82,0,
2026-05-16T16:11:47.125170,GET,/api/mixed/pipeline/1/,3.18,82,0,
2026-05-16T16:11:47.128912,GET,/api/mixed/http/,108.1,55353,0,
2026-05-16T16:11:47.140405,GET,/api/mixed/pipeline/1/,4.2,82,0,
2026-05-16T16:11:47.155176,GET,/api/mixed/pipeline/1/,2.77,82,0,
2026-05-16T16:11:47.160147,GET,/api/mixed/http/,107.58,55353,0,
2026-05-16T16:11:47.172111,GET,/api/mixed/db/1/,4.02,247,0,
2026-05-16T16:11:47.184893,GET,/api/mixed/http/,107.57,55353,0,
2026-05-16T16:11:47.188032,GET,/api/mixed/http/,108.23,55353,0,
2026-05-16T16:11:47.191249,GET,/api/mixed/pipeline/1/,4.13,82,0,
2026-05-16T16:11:47.221587,GET,/api/mixed/db/1/,4.1,247,0,
2026-05-16T16:11:47.257556,GET,/api/mixed/http/,107.79,55353,0,
2026-05-16T16:11:47.270920,GET,/api/mixed/http/,107.55,55353,0,
2026-05-16T16:11:47.295797,GET,/api/mixed/http/,107.58,55353,0,
2026-05-16T16:11:47.356184,GET,/api/mixed/pipeline/1/,2.98,82,0,
2026-05-16T16:11:47.373369,GET,/api/mixed/pipeline/1/,3.01,82,0,
2026-05-16T16:11:47.384633,GET,/api/mixed/db/1/,3.92,247,0,
2026-05-16T16:11:47.698805,GET,/api/mixed/pipeline/1/,3.3,82,0,
2026-05-16T16:11:47.731758,GET,/api/mixed/pipeline/1/,3.68,82,0,
2026-05-16T16:11:47.738395,GET,/api/mixed/pipeline/1/,3.28,82,0,
2026-05-16T16:11:47.838160,GET,/api/mixed/db/1/,3.96,247,0,
2026-05-16T16:11:47.862991,GET,/api/mixed/http/,108.34,55353,0,
2026-05-16T16:11:47.919208,GET,/api/mixed/http/,107.83,55353,0,
2026-05-16T16:11:47.919681,GET,/api/mixed/http/,108.9,55353,0,
2026-05-16T16:11:47.941189,GET,/api/mixed/pipeline/1/,3.22,82,0,
2026-05-16T16:11:47.978477,GET,/api/mixed/db/1/,4.06,247,0,
2026-05-16T16:11:48.065910,GET,/api/mixed/pipeline/1/,3.36,82,0,
2026-05-16T16:11:48.094852,GET,/api/mixed/http/,108.07,55353,0,
2026-05-16T16:11:48.104041,GET,/api/mixed/db/1/,4.88,247,0,
2026-05-16T16:11:48.129148,GET,/api/mixed/pipeline/1/,3.78,82,0,
2026-05-16T16:11:48.129609,GET,/api/mixed/pipeline/1/,3.54,82,0,
2026-05-16T16:11:48.327551,GET,/api/mixed/http/,108.69,55353,0,
2026-05-16T16:11:48.334065,GET,/api/mixed/http/,109.48,55353,0,
2026-05-16T16:11:48.341455,GET,/api/mixed/db/1/,4.02,247,0,
2026-05-16T16:11:48.371934,GET,/api/mixed/pipeline/1/,3.12,82,0,
2026-05-16T16:11:48.472883,GET,/api/mixed/pipeline/1/,3.34,82,0,
2026-05-16T16:11:48.524500,GET,/api/mixed/pipeline/1/,3.26,82,0,
2026-05-16T16:11:48.573065,GET,/api/mixed/db/1/,4.18,247,0,
2026-05-16T16:11:48.588474,GET,/api/mixed/http/,108.28,55353,0,
2026-05-16T16:11:48.610895,GET,/api/mixed/db/1/,4.24,247,0,
2026-05-16T16:11:48.621084,GET,/api/mixed/pipeline/1/,3.01,82,0,
2026-05-16T16:11:48.645301,GET,/api/mixed/pipeline/1/,2.97,82,0,
2026-05-16T16:11:48.782536,GET,/api/mixed/pipeline/1/,2.86,82,0,
2026-05-16T16:11:48.791888,GET,/api/mixed/http/,108.18,55353,0,
2026-05-16T16:11:48.872631,GET,/api/mixed/http/,108.16,55353,0,
2026-05-16T16:11:48.887354,GET,/api/mixed/http/,109.1,55353,0,
2026-05-16T16:11:48.914052,GET,/api/mixed/pipeline/1/,3.41,82,0,
2026-05-16T16:11:48.918132,GET,/api/mixed/http/,108.95,55353,0,
2026-05-16T16:11:48.923357,GET,/api/mixed/pipeline/1/,2.99,82,0,
2026-05-16T16:11:48.944178,GET,/api/mixed/pipeline/1/,4.57,82,0,
2026-05-16T16:11:48.969104,GET,/api/mixed/db/1/,4.54,247,0,
2026-05-16T16:11:49.049184,GET,/api/mixed/http/,108.19,55353,0,
2026-05-16T16:11:49.057670,GET,/api/mixed/db/1/,4.19,247,0,
2026-05-16T16:11:49.091460,GET,/api/mixed/db/1/,4.2,247,0,
2026-05-16T16:11:49.145603,GET,/api/mixed/http/,108.22,55353,0,
2026-05-16T16:11:49.175302,GET,/api/mixed/http/,108.38,55353,0,
2026-05-16T16:11:49.207569,GET,/api/mixed/http/,108.86,55353,0,
2026-05-16T16:11:49.219290,GET,/api/mixed/http/,107.9,55353,0,
2026-05-16T16:11:49.263018,GET,/api/mixed/http/,108.16,55353,0,
2026-05-16T16:11:49.371744,GET,/api/mixed/db/1/,3.88,247,0,
2026-05-16T16:11:49.437514,GET,/api/mixed/http/,109.2,55353,0,
2026-05-16T16:11:49.442753,GET,/api/mixed/db/1/,3.83,247,0,
2026-05-16T16:11:49.457917,GET,/api/mixed/http/,107.7,55353,0,
2026-05-16T16:11:49.466170,GET,/api/mixed/pipeline/1/,2.96,82,0,
2026-05-16T16:11:49.501628,GET,/api/mixed/pipeline/1/,12.66,82,0,
2026-05-16T16:11:49.528677,GET,/api/mixed/db/1/,3.87,247,0,
2026-05-16T16:11:49.542883,GET,/api/mixed/db/1/,3.89,247,0,
2026-05-16T16:11:49.582315,GET,/api/mixed/pipeline/1/,3.17,82,0,
2026-05-16T16:11:49.598542,GET,/api/mixed/pipeline/1/,3.0,82,0,
2026-05-16T16:11:49.740837,GET,/api/mixed/db/1/,6.36,247,0,
2026-05-16T16:11:49.908261,GET,/api/mixed/pipeline/1/,3.17,82,0,
2026-05-16T16:11:49.919457,GET,/api/mixed/db/1/,3.97,247,0,
2026-05-16T16:11:49.925965,GET,/api/mixed/http/,107.71,55353,0,
2026-05-16T16:11:49.949665,GET,/api/mixed/http/,108.44,55353,0,
2026-05-16T16:11:50.040077,GET,/api/mixed/http/,107.73,55353,0,
2026-05-16T16:11:50.065543,GET,/api/mixed/pipeline/1/,2.99,82,0,
2026-05-16T16:11:50.076676,GET,/api/mixed/db/1/,3.85,247,0,
2026-05-16T16:11:50.102068,GET,/api/mixed/db/1/,4.07,247,0,
2026-05-16T16:11:50.139001,GET,/api/mixed/http/,107.9,55353,0,
2026-05-16T16:11:50.240402,GET,/api/mixed/http/,122.18,55353,0,
2026-05-16T16:11:50.241462,GET,/api/mixed/http/,109.59,55353,0,
2026-05-16T16:11:50.267068,GET,/api/mixed/pipeline/1/,3.12,82,0,
2026-05-16T16:11:50.294181,GET,/api/mixed/pipeline/1/,2.89,82,0,
2026-05-16T16:11:50.310135,GET,/api/mixed/pipeline/1/,2.75,82,0,
2026-05-16T16:11:50.456741,GET,/api/mixed/http/,108.21,55353,0,
2026-05-16T16:11:50.510533,GET,/api/mixed/db/1/,4.42,247,0,
2026-05-16T16:11:50.535634,GET,/api/mixed/db/1/,4.12,247,0,
2026-05-16T16:11:50.580929,GET,/api/mixed/db/1/,3.9,247,0,
2026-05-16T16:11:50.639268,GET,/api/mixed/http/,108.38,55353,0,
2026-05-16T16:11:50.657848,GET,/api/mixed/db/1/,3.93,247,0,
2026-05-16T16:11:50.721010,GET,/api/mixed/pipeline/1/,11.92,82,0,
2026-05-16T16:11:50.725304,GET,/api/mixed/http/,108.96,55353,0,
2026-05-16T16:11:50.863314,GET,/api/mixed/http/,108.72,55353,0,
2026-05-16T16:11:50.974427,GET,/api/mixed/db/1/,6.49,247,0,
2026-05-16T16:11:51.005687,GET,/api/mixed/http/,108.11,55353,0,
2026-05-16T16:11:51.063707,GET,/api/mixed/http/,111.87,55353,0,
2026-05-16T16:11:51.126062,GET,/api/mixed/http/,108.1,55353,0,
2026-05-16T16:11:51.171610,GET,/api/mixed/http/,107.76,55353,0,
2026-05-16T16:11:51.184277,GET,/api/mixed/http/,109.77,55353,0,
2026-05-16T16:11:51.193215,GET,/api/mixed/http/,108.04,55353,0,
2026-05-16T16:11:51.241588,GET,/api/mixed/db/1/,4.1,247,0,
2026-05-16T16:11:51.472830,GET,/api/mixed/db/1/,5.45,247,0,
2026-05-16T16:11:51.513537,GET,/api/mixed/pipeline/1/,3.26,82,0,
2026-05-16T16:11:51.529097,GET,/api/mixed/http/,107.89,55353,0,
2026-05-16T16:11:51.567460,GET,/api/mixed/pipeline/1/,2.92,82,0,
2026-05-16T16:11:51.572609,GET,/api/mixed/pipeline/1/,2.82,82,0,
2026-05-16T16:11:51.643379,GET,/api/mixed/http/,108.09,55353,0,
2026-05-16T16:11:51.657760,GET,/api/mixed/pipeline/1/,3.15,82,0,
2026-05-16T16:11:51.664735,GET,/api/mixed/http/,107.73,55353,0,
2026-05-16T16:11:51.691209,GET,/api/mixed/http/,108.34,55353,0,
2026-05-16T16:11:51.788159,GET,/api/mixed/pipeline/1/,3.2,82,0,
2026-05-16T16:11:51.830746,GET,/api/mixed/http/,111.84,55353,0,
2026-05-16T16:11:51.846066,GET,/api/mixed/db/1/,4.02,247,0,
2026-05-16T16:11:51.867762,GET,/api/mixed/http/,108.98,55353,0,
2026-05-16T16:11:51.871354,GET,/api/mixed/db/1/,4.73,247,0,
2026-05-16T16:11:51.879440,GET,/api/mixed/db/1/,3.9,247,0,
2026-05-16T16:11:51.882233,GET,/api/mixed/db/1/,4.15,247,0,
2026-05-16T16:11:51.900533,GET,/api/mixed/pipeline/1/,3.04,82,0,
2026-05-16T16:11:51.928751,GET,/api/mixed/http/,108.16,55353,0,
2026-05-16T16:11:51.978257,GET,/api/mixed/pipeline/1/,3.1,82,0,
2026-05-16T16:11:52.087839,GET,/api/mixed/pipeline/1/,3.32,82,0,
2026-05-16T16:11:52.124126,GET,/api/mixed/pipeline/1/,3.24,82,0,
2026-05-16T16:11:52.129337,GET,/api/mixed/http/,107.69,55353,0,
2026-05-16T16:11:52.188655,GET,/api/mixed/db/1/,5.01,247,0,
2026-05-16T16:11:52.199407,GET,/api/mixed/pipeline/1/,3.47,82,0,
2026-05-16T16:11:52.219309,GET,/api/mixed/http/,108.04,55353,0,
2026-05-16T16:11:52.253717,GET,/api/mixed/pipeline/1/,3.15,82,0,
2026-05-16T16:11:52.352596,GET,/api/mixed/pipeline/1/,3.77,82,0,
2026-05-16T16:11:52.362240,GET,/api/mixed/db/1/,3.67,247,0,
2026-05-16T16:11:52.434313,GET,/api/mixed/http/,108.11,55353,0,
2026-05-16T16:11:52.463061,GET,/api/mixed/http/,108.09,55353,0,
2026-05-16T16:11:52.474284,GET,/api/mixed/db/1/,3.94,247,0,
2026-05-16T16:11:52.563641,GET,/api/mixed/pipeline/1/,2.97,82,0,
2026-05-16T16:11:52.575588,GET,/api/mixed/db/1/,4.67,247,0,
2026-05-16T16:11:52.586585,GET,/api/mixed/pipeline/1/,3.13,82,0,
2026-05-16T16:11:52.587248,GET,/api/mixed/db/1/,4.33,247,0,
2026-05-16T16:11:52.617813,GET,/api/mixed/db/1/,4.19,247,0,
2026-05-16T16:11:52.644430,GET,/api/mixed/db/1/,4.21,247,0,
2026-05-16T16:11:52.661391,GET,/api/mixed/db/1/,4.58,247,0,
2026-05-16T16:11:52.683947,GET,/api/mixed/db/1/,4.16,247,0,
2026-05-16T16:11:52.824018,GET,/api/mixed/http/,107.7,55353,0,
2026-05-16T16:11:52.898484,GET,/api/mixed/http/,108.52,55353,0,
2026-05-16T16:11:52.922507,GET,/api/mixed/http/,107.85,55353,0,
2026-05-16T16:11:53.020183,GET,/api/mixed/pipeline/1/,3.24,82,0,
2026-05-16T16:11:53.024418,GET,/api/mixed/pipeline/1/,2.84,82,0,
2026-05-16T16:11:53.145830,GET,/api/mixed/db/1/,4.04,247,0,
2026-05-16T16:11:53.192128,GET,/api/mixed/db/1/,10.35,247,0,
2026-05-16T16:11:53.233592,GET,/api/mixed/pipeline/1/,3.13,82,0,
2026-05-16T16:11:53.264251,GET,/api/mixed/http/,108.12,55353,0,
2026-05-16T16:11:53.288770,GET,/api/mixed/http/,108.09,55353,0,
2026-05-16T16:11:53.293747,GET,/api/mixed/pipeline/1/,2.7,82,0,
2026-05-16T16:11:53.304721,GET,/api/mixed/pipeline/1/,2.72,82,0,
2026-05-16T16:11:53.354185,GET,/api/mixed/pipeline/1/,3.13,82,0,
2026-05-16T16:11:53.363075,GET,/api/mixed/db/1/,3.67,247,0,
2026-05-16T16:11:53.365812,GET,/api/mixed/db/1/,3.92,247,0,
2026-05-16T16:11:53.394868,GET,/api/mixed/http/,108.35,55353,0,
2026-05-16T16:11:53.480799,GET,/api/mixed/pipeline/1/,4.2,82,0,
2026-05-16T16:11:53.552048,GET,/api/mixed/db/1/,4.89,247,0,
2026-05-16T16:11:53.597484,GET,/api/mixed/db/1/,4.06,247,0,
2026-05-16T16:11:53.649876,GET,/api/mixed/pipeline/1/,3.01,82,0,
2026-05-16T16:11:53.673423,GET,/api/mixed/db/1/,4.08,247,0,
2026-05-16T16:11:53.713705,GET,/api/mixed/db/1/,4.12,247,0,
2026-05-16T16:11:53.736113,GET,/api/mixed/db/1/,4.14,247,0,
2026-05-16T16:11:53.786444,GET,/api/mixed/http/,107.74,55353,0,
2026-05-16T16:11:53.826490,GET,/api/mixed/http/,107.56,55353,0,
2026-05-16T16:11:53.829861,GET,/api/mixed/http/,107.36,55353,0,
2026-05-16T16:11:53.877083,GET,/api/mixed/http/,107.75,55353,0,
2026-05-16T16:11:53.891015,GET,/api/mixed/pipeline/1/,3.19,82,0,
2026-05-16T16:11:53.892318,GET,/api/mixed/db/1/,4.99,247,0,
2026-05-16T16:11:53.910458,GET,/api/mixed/pipeline/1/,2.94,82,0,
2026-05-16T16:11:53.930830,GET,/api/mixed/http/,108.1,55353,0,
2026-05-16T16:11:53.970486,GET,/api/mixed/db/1/,4.19,247,0,
2026-05-16T16:11:54.043876,GET,/api/mixed/pipeline/1/,2.96,82,0,
2026-05-16T16:11:54.088917,GET,/api/mixed/pipeline/1/,3.34,82,0,
2026-05-16T16:11:54.091441,GET,/api/mixed/pipeline/1/,3.34,82,0,
2026-05-16T16:11:54.166916,GET,/api/mixed/db/1/,7.2,247,0,
2026-05-16T16:11:54.226094,GET,/api/mixed/pipeline/1/,3.08,82,0,
2026-05-16T16:11:54.234409,GET,/api/mixed/db/1/,3.96,247,0,
2026-05-16T16:11:54.274583,GET,/api/mixed/http/,111.2,55353,0,
2026-05-16T16:11:54.361912,GET,/api/mixed/pipeline/1/,4.94,82,0,
2026-05-16T16:11:54.369560,GET,/api/mixed/db/1/,4.13,247,0,
2026-05-16T16:11:54.431389,GET,/api/mixed/pipeline/1/,3.57,82,0,
2026-05-16T16:11:54.455576,GET,/api/mixed/pipeline/1/,10.41,82,0,
2026-05-16T16:11:54.535131,GET,/api/mixed/db/1/,4.05,247,0,
2026-05-16T16:11:54.617601,GET,/api/mixed/pipeline/1/,3.31,82,0,
2026-05-16T16:11:54.644500,GET,/api/mixed/db/1/,3.98,247,0,
2026-05-16T16:11:54.668313,GET,/api/mixed/http/,107.77,55353,0,
2026-05-16T16:11:54.719910,GET,/api/mixed/pipeline/1/,3.23,82,0,
2026-05-16T16:11:54.737787,GET,/api/mixed/http/,107.95,55353,0,
2026-05-16T16:11:54.760325,GET,/api/mixed/http/,107.53,55353,0,
2026-05-16T16:11:54.869914,GET,/api/mixed/pipeline/1/,3.17,82,0,
2026-05-16T16:11:54.918473,GET,/api/mixed/pipeline/1/,3.19,82,0,
2026-05-16T16:11:54.959650,GET,/api/mixed/http/,122.02,55353,0,
2026-05-16T16:11:55.065876,GET,/api/mixed/db/1/,7.12,247,0,
2026-05-16T16:11:55.093006,GET,/api/mixed/db/1/,3.97,247,0,
2026-05-16T16:11:55.098485,GET,/api/mixed/http/,107.61,55353,0,
2026-05-16T16:11:55.112861,GET,/api/mixed/db/1/,4.99,247,0,
2026-05-16T16:11:55.173749,GET,/api/mixed/pipeline/1/,3.2,82,0,
2026-05-16T16:11:55.179359,GET,/api/mixed/http/,108.0,55353,0,
2026-05-16T16:11:55.222586,GET,/api/mixed/http/,108.5,55353,0,
2026-05-16T16:11:55.247969,GET,/api/mixed/db/1/,3.99,247,0,
2026-05-16T16:11:55.287592,GET,/api/mixed/pipeline/1/,3.02,82,0,
2026-05-16T16:11:55.342876,GET,/api/mixed/db/1/,4.12,247,0,
2026-05-16T16:11:55.411018,GET,/api/mixed/pipeline/1/,3.2,82,0,
2026-05-16T16:11:55.423346,GET,/api/mixed/http/,108.39,55353,0,
2026-05-16T16:11:55.459763,GET,/api/mixed/pipeline/1/,8.11,82,0,
2026-05-16T16:11:55.460938,GET,/api/mixed/http/,113.72,55353,0,
2026-05-16T16:11:55.474572,GET,/api/mixed/db/1/,4.22,247,0,
2026-05-16T16:11:55.556012,GET,/api/mixed/db/1/,4.38,247,0,
2026-05-16T16:11:55.557675,GET,/api/mixed/http/,114.01,55353,0,
2026-05-16T16:11:55.625898,GET,/api/mixed/http/,108.06,55353,0,
2026-05-16T16:11:55.676011,GET,/api/mixed/http/,108.99,55353,0,
2026-05-16T16:11:55.676497,GET,/api/mixed/http/,107.99,55353,0,
2026-05-16T16:11:55.817667,GET,/api/mixed/pipeline/1/,3.71,82,0,
2026-05-16T16:11:56.027894,GET,/api/mixed/db/1/,4.86,247,0,
2026-05-16T16:11:56.028824,GET,/api/mixed/http/,108.65,55353,0,
2026-05-16T16:11:56.065379,GET,/api/mixed/db/1/,3.87,247,0,
2026-05-16T16:11:56.079717,GET,/api/mixed/pipeline/1/,3.71,82,0,
2026-05-16T16:11:56.096963,GET,/api/mixed/pipeline/1/,2.87,82,0,
2026-05-16T16:11:56.134817,GET,/api/mixed/db/1/,4.45,247,0,
2026-05-16T16:11:56.135296,GET,/api/mixed/db/1/,3.85,247,0,
2026-05-16T16:11:56.139575,GET,/api/mixed/http/,107.52,55353,0,
2026-05-16T16:11:56.240527,GET,/api/mixed/http/,107.84,55353,0,
2026-05-16T16:11:56.244294,GET,/api/mixed/db/1/,5.44,247,0,
2026-05-16T16:11:56.244714,GET,/api/mixed/db/1/,4.04,247,0,
2026-05-16T16:11:56.340452,GET,/api/mixed/db/1/,4.04,247,0,
2026-05-16T16:11:56.364722,GET,/api/mixed/http/,107.78,55353,0,
2026-05-16T16:11:56.372728,GET,/api/mixed/http/,109.35,55353,0,
2026-05-16T16:11:56.382648,GET,/api/mixed/http/,108.46,55353,0,
2026-05-16T16:11:56.415418,GET,/api/mixed/http/,112.74,55353,0,
2026-05-16T16:11:56.429818,GET,/api/mixed/db/1/,3.96,247,0,
2026-05-16T16:11:56.439276,GET,/api/mixed/db/1/,4.03,247,0,
2026-05-16T16:11:56.477125,GET,/api/mixed/http/,108.12,55353,0,
2026-05-16T16:11:56.489453,GET,/api/mixed/db/1/,3.93,247,0,
2026-05-16T16:11:56.516800,GET,/api/mixed/pipeline/1/,3.0,82,0,
2026-05-16T16:11:56.543993,GET,/api/mixed/db/1/,3.95,247,0,
2026-05-16T16:11:56.606455,GET,/api/mixed/db/1/,4.26,247,0,
2026-05-16T16:11:56.812866,GET,/api/mixed/db/1/,4.45,247,0,
2026-05-16T16:11:56.823108,GET,/api/mixed/db/1/,3.82,247,0,
2026-05-16T16:11:56.875200,GET,/api/mixed/http/,108.0,55353,0,
2026-05-16T16:11:56.905804,GET,/api/mixed/pipeline/1/,2.9,82,0,
2026-05-16T16:11:56.910449,GET,/api/mixed/http/,107.63,55353,0,
2026-05-16T16:11:56.985658,GET,/api/mixed/pipeline/1/,3.06,82,0,
2026-05-16T16:11:57.010343,GET,/api/mixed/http/,108.79,55353,0,
2026-05-16T16:11:57.040295,GET,/api/mixed/http/,108.52,55353,0,
2026-05-16T16:11:57.095950,GET,/api/mixed/db/1/,4.11,247,0,
2026-05-16T16:11:57.166793,GET,/api/mixed/pipeline/1/,3.03,82,0,
2026-05-16T16:11:57.244375,GET,/api/mixed/db/1/,4.14,247,0,
2026-05-16T16:11:57.252965,GET,/api/mixed/http/,107.82,55353,0,
2026-05-16T16:11:57.438179,GET,/api/mixed/pipeline/1/,3.11,82,0,
2026-05-16T16:11:57.465591,GET,/api/mixed/pipeline/1/,10.75,82,0,
2026-05-16T16:11:57.468917,GET,/api/mixed/http/,112.52,55353,0,
2026-05-16T16:11:57.484609,GET,/api/mixed/pipeline/1/,4.11,82,0,
2026-05-16T16:11:57.506001,GET,/api/mixed/pipeline/1/,3.05,82,0,
2026-05-16T16:11:57.522893,GET,/api/mixed/db/1/,4.68,247,0,
2026-05-16T16:11:57.573264,GET,/api/mixed/db/1/,4.08,247,0,
2026-05-16T16:11:57.588627,GET,/api/mixed/pipeline/1/,3.0,82,0,
2026-05-16T16:11:57.720107,GET,/api/mixed/http/,108.07,55353,0,
2026-05-16T16:11:57.755667,GET,/api/mixed/pipeline/1/,3.13,82,0,
2026-05-16T16:11:57.762184,GET,/api/mixed/pipeline/1/,4.16,82,0,
2026-05-16T16:11:57.770629,GET,/api/mixed/http/,107.8,55353,0,
2026-05-16T16:11:57.811100,GET,/api/mixed/pipeline/1/,3.22,82,0,
2026-05-16T16:11:57.869651,GET,/api/mixed/http/,108.33,55353,0,
2026-05-16T16:11:57.926528,GET,/api/mixed/db/1/,4.45,247,0,
2026-05-16T16:11:57.943630,GET,/api/mixed/http/,109.22,55353,0,
2026-05-16T16:11:57.977163,GET,/api/mixed/pipeline/1/,3.26,82,0,
2026-05-16T16:11:58.011486,GET,/api/mixed/db/1/,4.05,247,0,
2026-05-16T16:11:58.067387,GET,/api/mixed/db/1/,3.98,247,0,
2026-05-16T16:11:58.071397,GET,/api/mixed/pipeline/1/,2.83,82,0,
2026-05-16T16:11:58.123966,GET,/api/mixed/db/1/,4.03,247,0,
2026-05-16T16:11:58.144852,GET,/api/mixed/http/,108.02,55353,0,
2026-05-16T16:11:58.154180,GET,/api/mixed/pipeline/1/,2.97,82,0,
2026-05-16T16:11:58.179858,GET,/api/mixed/db/1/,4.49,247,0,
2026-05-16T16:11:58.185088,GET,/api/mixed/db/1/,3.88,247,0,
2026-05-16T16:11:58.225568,GET,/api/mixed/db/1/,12.93,247,0,
2026-05-16T16:11:58.349317,GET,/api/mixed/db/1/,3.82,247,0,
2026-05-16T16:11:58.441012,GET,/api/mixed/http/,107.8,55353,0,
2026-05-16T16:11:58.448143,GET,/api/mixed/http/,108.22,55353,0,
2026-05-16T16:11:58.454291,GET,/api/mixed/pipeline/1/,2.9,82,0,
2026-05-16T16:11:58.520899,GET,/api/mixed/db/1/,4.07,247,0,
2026-05-16T16:11:58.522170,GET,/api/mixed/http/,109.47,55353,0,
2026-05-16T16:11:58.534740,GET,/api/mixed/http/,108.4,55353,0,
2026-05-16T16:11:58.567035,GET,/api/mixed/pipeline/1/,2.97,82,0,
2026-05-16T16:11:58.580635,GET,/api/mixed/http/,107.91,55353,0,
2026-05-16T16:11:58.621527,GET,/api/mixed/db/1/,4.03,247,0,
2026-05-16T16:11:58.693188,GET,/api/mixed/http/,108.37,55353,0,
2026-05-16T16:11:58.731484,GET,/api/mixed/db/1/,4.01,247,0,
2026-05-16T16:11:58.748220,GET,/api/mixed/http/,108.34,55353,0,
2026-05-16T16:11:58.860172,GET,/api/mixed/db/1/,5.81,247,0,
2026-05-16T16:11:58.865733,GET,/api/mixed/pipeline/1/,4.26,82,0,
2026-05-16T16:11:58.939338,GET,/api/mixed/http/,108.69,55353,0,
2026-05-16T16:11:58.979898,GET,/api/mixed/pipeline/1/,3.25,82,0,
2026-05-16T16:11:58.988079,GET,/api/mixed/http/,107.84,55353,0,
2026-05-16T16:11:58.988548,GET,/api/mixed/db/1/,4.37,247,0,
2026-05-16T16:11:59.031826,GET,/api/mixed/db/1/,3.99,247,0,
2026-05-16T16:11:59.047960,GET,/api/mixed/pipeline/1/,2.89,82,0,
2026-05-16T16:11:59.168590,GET,/api/mixed/db/1/,6.85,247,0,
2026-05-16T16:11:59.464909,GET,/api/mixed/pipeline/1/,10.07,82,0,
2026-05-16T16:11:59.471646,GET,/api/mixed/db/1/,18.96,247,0,
2026-05-16T16:11:59.473742,GET,/api/mixed/db/1/,20.65,247,0,
2026-05-16T16:11:59.498930,GET,/api/mixed/pipeline/1/,4.74,82,0,
2026-05-16T16:11:59.563368,GET,/api/mixed/http/,109.42,55353,0,
2026-05-16T16:11:59.581411,GET,/api/mixed/http/,127.91,55353,0,
2026-05-16T16:11:59.731691,GET,/api/mixed/db/1/,4.61,247,0,
2026-05-16T16:11:59.764139,GET,/api/mixed/db/1/,4.02,247,0,
2026-05-16T16:11:59.873905,GET,/api/mixed/pipeline/1/,3.81,82,0,
2026-05-16T16:11:59.874475,GET,/api/mixed/db/1/,4.88,247,0,
2026-05-16T16:11:59.876353,GET,/api/mixed/pipeline/1/,3.34,82,0,
2026-05-16T16:11:59.884438,GET,/api/mixed/pipeline/1/,2.77,82,0,
2026-05-16T16:11:59.903616,GET,/api/mixed/db/1/,3.8,247,0,
2026-05-16T16:11:59.919905,GET,/api/mixed/db/1/,4.04,247,0,
2026-05-16T16:11:59.924207,GET,/api/mixed/http/,108.62,55353,0,
2026-05-16T16:11:59.947760,GET,/api/mixed/http/,108.4,55353,0,
2026-05-16T16:12:00.017822,GET,/api/mixed/http/,108.98,55353,0,
2026-05-16T16:12:00.055575,GET,/api/mixed/db/1/,7.39,247,0,
2026-05-16T16:12:00.056059,GET,/api/mixed/db/1/,7.22,247,0,
2026-05-16T16:12:00.056505,GET,/api/mixed/db/1/,5.82,247,0,
2026-05-16T16:12:00.072942,GET,/api/mixed/db/1/,4.95,247,0,
2026-05-16T16:12:00.088574,GET,/api/mixed/http/,108.55,55353,0,
2026-05-16T16:12:00.130276,GET,/api/mixed/http/,109.11,55353,0,
2026-05-16T16:12:00.181374,GET,/api/mixed/pipeline/1/,3.03,82,0,
2026-05-16T16:12:00.184311,GET,/api/mixed/http/,108.18,55353,0,
2026-05-16T16:12:00.214587,GET,/api/mixed/pipeline/1/,4.32,82,0,
2026-05-16T16:12:00.260028,GET,/api/mixed/http/,108.48,55353,0,
2026-05-16T16:12:00.260497,GET,/api/mixed/http/,107.52,55353,0,
2026-05-16T16:12:00.409681,GET,/api/mixed/db/1/,4.18,247,0,
2026-05-16T16:12:00.452809,GET,/api/mixed/http/,108.03,55353,0,
2026-05-16T16:12:00.483671,GET,/api/mixed/pipeline/1/,3.38,82,0,
2026-05-16T16:12:00.502048,GET,/api/mixed/db/1/,4.05,247,0,
2026-05-16T16:12:00.508451,GET,/api/mixed/http/,107.73,55353,0,
2026-05-16T16:12:00.538590,GET,/api/mixed/pipeline/1/,2.92,82,0,
2026-05-16T16:12:00.571668,GET,/api/mixed/http/,115.76,55353,0,
2026-05-16T16:12:00.616867,GET,/api/mixed/pipeline/1/,3.46,82,0,
2026-05-16T16:12:00.617590,GET,/api/mixed/db/1/,4.7,247,0,
2026-05-16T16:12:00.660161,GET,/api/mixed/pipeline/1/,3.31,82,0,
2026-05-16T16:12:00.750555,GET,/api/mixed/pipeline/1/,3.16,82,0,
2026-05-16T16:12:00.763906,GET,/api/mixed/pipeline/1/,3.09,82,0,
2026-05-16T16:12:00.871474,GET,/api/mixed/pipeline/1/,3.25,82,0,
2026-05-16T16:12:00.922521,GET,/api/mixed/http/,108.33,55353,0,
2026-05-16T16:12:00.998024,GET,/api/mixed/pipeline/1/,3.16,82,0,
2026-05-16T16:12:01.024311,GET,/api/mixed/pipeline/1/,3.04,82,0,
2026-05-16T16:12:01.051598,GET,/api/mixed/db/1/,4.05,247,0,
2026-05-16T16:12:01.060458,GET,/api/mixed/db/1/,3.67,247,0,
2026-05-16T16:12:01.088943,GET,/api/mixed/pipeline/1/,4.0,82,0,
2026-05-16T16:12:01.224068,GET,/api/mixed/pipeline/1/,5.24,82,0,
2026-05-16T16:12:01.224626,GET,/api/mixed/pipeline/1/,4.69,82,0,
2026-05-16T16:12:01.230463,GET,/api/mixed/http/,108.53,55353,0,
2026-05-16T16:12:01.292030,GET,/api/mixed/pipeline/1/,3.92,82,0,
2026-05-16T16:12:01.470321,GET,/api/mixed/http/,108.93,55353,0,
2026-05-16T16:12:01.478497,GET,/api/mixed/db/1/,4.01,247,0,
2026-05-16T16:12:01.548325,GET,/api/mixed/db/1/,8.78,247,0,
2026-05-16T16:12:01.564572,GET,/api/mixed/db/1/,4.88,247,0,
2026-05-16T16:12:01.603080,GET,/api/mixed/pipeline/1/,3.12,82,0,
2026-05-16T16:12:01.624899,GET,/api/mixed/db/1/,5.51,247,0,
2026-05-16T16:12:01.629015,GET,/api/mixed/http/,108.25,55353,0,
2026-05-16T16:12:01.654831,GET,/api/mixed/db/1/,4.74,247,0,
2026-05-16T16:12:01.690522,GET,/api/mixed/db/1/,5.06,247,0,
2026-05-16T16:12:01.717286,GET,/api/mixed/db/1/,6.4,247,0,
2026-05-16T16:12:01.739888,GET,/api/mixed/db/1/,6.16,247,0,
2026-05-16T16:12:01.751427,GET,/api/mixed/http/,109.15,55353,0,
2026-05-16T16:12:01.800458,GET,/api/mixed/pipeline/1/,3.74,82,0,
2026-05-16T16:12:01.843222,GET,/api/mixed/http/,108.73,55353,0,
2026-05-16T16:12:01.903802,GET,/api/mixed/http/,110.04,55353,0,
2026-05-16T16:12:01.904283,GET,/api/mixed/db/1/,5.3,247,0,
2026-05-16T16:12:01.961911,GET,/api/mixed/db/1/,4.38,247,0,
2026-05-16T16:12:01.975710,GET,/api/mixed/db/1/,4.43,247,0,
2026-05-16T16:12:02.004243,GET,/api/mixed/pipeline/1/,3.14,82,0,
2026-05-16T16:12:02.018230,GET,/api/mixed/db/1/,5.57,247,0,
2026-05-16T16:12:02.026529,GET,/api/mixed/pipeline/1/,3.03,82,0,
2026-05-16T16:12:02.259617,GET,/api/mixed/db/1/,4.36,247,0,
2026-05-16T16:12:02.264848,GET,/api/mixed/pipeline/1/,3.85,82,0,
2026-05-16T16:12:02.265640,GET,/api/mixed/db/1/,4.18,247,0,
2026-05-16T16:12:02.301494,GET,/api/mixed/pipeline/1/,3.26,82,0,
2026-05-16T16:12:02.333996,GET,/api/mixed/db/1/,5.19,247,0,
2026-05-16T16:12:02.367742,GET,/api/mixed/db/1/,4.46,247,0,
2026-05-16T16:12:02.428327,GET,/api/mixed/db/1/,4.16,247,0,
2026-05-16T16:12:02.514961,GET,/api/mixed/pipeline/1/,3.68,82,0,
2026-05-16T16:12:02.531057,GET,/api/mixed/db/1/,5.68,247,0,
2026-05-16T16:12:02.610679,GET,/api/mixed/pipeline/1/,4.14,82,0,
2026-05-16T16:12:02.722754,GET,/api/mixed/http/,107.73,55353,0,
2026-05-16T16:12:02.723456,GET,/api/mixed/http/,109.54,55353,0,
2026-05-16T16:12:02.765745,GET,/api/mixed/http/,109.2,55353,0,
2026-05-16T16:12:02.811075,GET,/api/mixed/db/1/,4.76,247,0,
2026-05-16T16:12:02.813705,GET,/api/mixed/http/,114.27,55353,0,
2026-05-16T16:12:02.831128,GET,/api/mixed/pipeline/1/,3.03,82,0,
2026-05-16T16:12:02.860085,GET,/api/mixed/db/1/,5.59,247,0,
2026-05-16T16:12:02.888069,GET,/api/mixed/http/,108.07,55353,0,
2026-05-16T16:12:02.892044,GET,/api/mixed/db/1/,3.85,247,0,
2026-05-16T16:12:02.911309,GET,/api/mixed/http/,107.75,55353,0,
2026-05-16T16:12:02.917103,GET,/api/mixed/pipeline/1/,3.44,82,0,
2026-05-16T16:12:02.924207,GET,/api/mixed/pipeline/1/,2.78,82,0,
2026-05-16T16:12:02.984802,GET,/api/mixed/http/,108.28,55353,0,
2026-05-16T16:12:03.056952,GET,/api/mixed/http/,111.53,55353,0,
2026-05-16T16:12:03.064031,GET,/api/mixed/http/,113.42,55353,0,
2026-05-16T16:12:03.112150,GET,/api/mixed/http/,108.9,55353,0,
2026-05-16T16:12:03.115471,GET,/api/mixed/pipeline/1/,4.44,82,0,
2026-05-16T16:12:03.214640,GET,/api/mixed/pipeline/1/,12.18,82,0,
2026-05-16T16:12:03.216421,GET,/api/mixed/db/1/,8.07,247,0,
2026-05-16T16:12:03.246041,GET,/api/mixed/pipeline/1/,3.23,82,0,
2026-05-16T16:12:03.376518,GET,/api/mixed/pipeline/1/,3.29,82,0,
2026-05-16T16:12:03.399373,GET,/api/mixed/http/,107.91,55353,0,
2026-05-16T16:12:03.439674,GET,/api/mixed/pipeline/1/,3.17,82,0,
2026-05-16T16:12:03.447669,GET,/api/mixed/pipeline/1/,2.8,82,0,
2026-05-16T16:12:03.516764,GET,/api/mixed/http/,108.02,55353,0,
2026-05-16T16:12:03.567101,GET,/api/mixed/db/1/,3.97,247,0,
2026-05-16T16:12:03.593459,GET,/api/mixed/db/1/,4.91,247,0,
2026-05-16T16:12:03.712716,GET,/api/mixed/pipeline/1/,6.07,82,0,
2026-05-16T16:12:03.955732,GET,/api/mixed/db/1/,5.37,247,0,
2026-05-16T16:12:03.987087,GET,/api/mixed/pipeline/1/,2.97,82,0,
2026-05-16T16:12:04.003691,GET,/api/mixed/db/1/,4.28,247,0,
2026-05-16T16:12:04.013506,GET,/api/mixed/http/,108.11,55353,0,
2026-05-16T16:12:04.032734,GET,/api/mixed/db/1/,4.01,247,0,
2026-05-16T16:12:04.072064,GET,/api/mixed/pipeline/1/,3.03,82,0,
2026-05-16T16:12:04.086444,GET,/api/mixed/http/,108.33,55353,0,
2026-05-16T16:12:04.111794,GET,/api/mixed/pipeline/1/,3.04,82,0,
2026-05-16T16:12:04.131502,GET,/api/mixed/pipeline/1/,3.0,82,0,
2026-05-16T16:12:04.151798,GET,/api/mixed/db/1/,3.91,247,0,
2026-05-16T16:12:04.222658,GET,/api/mixed/http/,107.71,55353,0,
2026-05-16T16:12:04.266567,GET,/api/mixed/pipeline/1/,3.05,82,0,
2026-05-16T16:12:04.378404,GET,/api/mixed/pipeline/1/,3.23,82,0,
2026-05-16T16:12:04.404567,GET,/api/mixed/http/,108.56,55353,0,
2026-05-16T16:12:04.418039,GET,/api/mixed/http/,108.57,55353,0,
2026-05-16T16:12:04.447670,GET,/api/mixed/db/1/,7.63,247,0,
2026-05-16T16:12:05.354709,GET,/api/mixed/http/,109.35,55353,0,
2026-05-16T16:12:05.380777,GET,/api/mixed/http/,108.95,55353,0,
2026-05-16T16:12:05.432835,GET,/api/mixed/pipeline/1/,3.94,82,0,
2026-05-16T16:12:05.438231,GET,/api/mixed/pipeline/1/,4.01,82,0,
2026-05-16T16:12:05.452579,GET,/api/mixed/pipeline/1/,3.98,82,0,
2026-05-16T16:12:05.476476,GET,/api/mixed/http/,108.44,55353,0,
2026-05-16T16:12:05.497108,GET,/api/mixed/pipeline/1/,2.99,82,0,
2026-05-16T16:12:05.508022,GET,/api/mixed/http/,115.62,55353,0,
2026-05-16T16:12:05.526316,GET,/api/mixed/http/,109.39,55353,0,
2026-05-16T16:12:05.606067,GET,/api/mixed/pipeline/1/,3.05,82,0,
2026-05-16T16:12:05.618422,GET,/api/mixed/http/,118.57,55353,0,
2026-05-16T16:12:05.640261,GET,/api/mixed/http/,108.64,55353,0,
2026-05-16T16:12:05.668913,GET,/api/mixed/db/1/,4.02,247,0,
2026-05-16T16:12:05.686410,GET,/api/mixed/db/1/,4.11,247,0,
2026-05-16T16:12:05.747791,GET,/api/mixed/http/,109.13,55353,0,
2026-05-16T16:12:05.859097,GET,/api/mixed/db/1/,4.21,247,0,
2026-05-16T16:12:05.870996,GET,/api/mixed/http/,107.78,55353,0,
2026-05-16T16:12:05.915704,GET,/api/mixed/http/,108.69,55353,0,
2026-05-16T16:12:05.980322,GET,/api/mixed/http/,107.96,55353,0,
2026-05-16T16:12:06.017104,GET,/api/mixed/db/1/,6.36,247,0,
2026-05-16T16:12:06.018007,GET,/api/mixed/http/,111.69,55353,0,
2026-05-16T16:12:06.019115,GET,/api/mixed/http/,109.29,55353,0,
2026-05-16T16:12:06.019629,GET,/api/mixed/http/,109.37,55353,0,
2026-05-16T16:12:06.092583,GET,/api/mixed/pipeline/1/,3.28,82,0,
2026-05-16T16:12:06.103608,GET,/api/mixed/http/,107.94,55353,0,
2026-05-16T16:12:06.168163,GET,/api/mixed/pipeline/1/,3.27,82,0,
2026-05-16T16:12:06.184127,GET,/api/mixed/db/1/,6.61,247,0,
2026-05-16T16:12:06.264961,GET,/api/mixed/db/1/,8.81,247,0,
2026-05-16T16:12:06.323837,GET,/api/mixed/pipeline/1/,3.18,82,0,
2026-05-16T16:12:06.395002,GET,/api/mixed/db/1/,5.71,247,0,
2026-05-16T16:12:06.437768,GET,/api/mixed/pipeline/1/,3.13,82,0,
2026-05-16T16:12:06.438257,GET,/api/mixed/db/1/,4.83,247,0,
2026-05-16T16:12:06.515219,GET,/api/mixed/db/1/,7.43,247,0,
2026-05-16T16:12:06.522422,GET,/api/mixed/db/1/,3.82,247,0,
2026-05-16T16:12:06.547571,GET,/api/mixed/http/,107.97,55353,0,
2026-05-16T16:12:06.640988,GET,/api/mixed/pipeline/1/,4.99,82,0,
2026-05-16T16:12:06.851363,GET,/api/mixed/pipeline/1/,3.05,82,0,
2026-05-16T16:12:06.852470,GET,/api/mixed/http/,107.92,55353,0,
2026-05-16T16:12:06.867075,GET,/api/mixed/pipeline/1/,3.42,82,0,
2026-05-16T16:12:06.976296,GET,/api/mixed/pipeline/1/,3.76,82,0,
2026-05-16T16:12:06.994716,GET,/api/mixed/db/1/,4.13,247,0,
2026-05-16T16:12:07.149593,GET,/api/mixed/pipeline/1/,3.33,82,0,
2026-05-16T16:12:07.155000,GET,/api/mixed/pipeline/1/,3.1,82,0,
2026-05-16T16:12:07.188423,GET,/api/mixed/pipeline/1/,3.14,82,0,
2026-05-16T16:12:07.215754,GET,/api/mixed/pipeline/1/,3.12,82,0,
2026-05-16T16:12:07.306178,GET,/api/mixed/pipeline/1/,3.18,82,0,
2026-05-16T16:12:07.339073,GET,/api/mixed/pipeline/1/,3.17,82,0,
2026-05-16T16:12:07.343823,GET,/api/mixed/http/,108.84,55353,0,
2026-05-16T16:12:07.357036,GET,/api/mixed/http/,108.1,55353,0,
2026-05-16T16:12:07.422472,GET,/api/mixed/http/,109.02,55353,0,
2026-05-16T16:12:07.472040,GET,/api/mixed/db/1/,4.33,247,0,
2026-05-16T16:12:07.477014,GET,/api/mixed/db/1/,3.64,247,0,
2026-05-16T16:12:07.490434,GET,/api/mixed/pipeline/1/,3.08,82,0,
2026-05-16T16:12:07.565371,GET,/api/mixed/db/1/,3.94,247,0,
2026-05-16T16:12:07.605223,GET,/api/mixed/pipeline/1/,2.95,82,0,
2026-05-16T16:12:07.634559,GET,/api/mixed/pipeline/1/,2.98,82,0,
2026-05-16T16:12:07.638892,GET,/api/mixed/http/,110.22,55353,0,
2026-05-16T16:12:07.646449,GET,/api/mixed/http/,107.62,55353,0,
2026-05-16T16:12:07.683412,GET,/api/mixed/http/,107.66,55353,0,
2026-05-16T16:12:07.735292,GET,/api/mixed/pipeline/1/,2.73,82,0,
2026-05-16T16:12:07.762321,GET,/api/mixed/pipeline/1/,8.61,82,0,
2026-05-16T16:12:07.768017,GET,/api/mixed/db/1/,13.68,247,0,
2026-05-16T16:12:07.769503,GET,/api/mixed/http/,119.6,55353,0,
2026-05-16T16:12:07.781645,GET,/api/mixed/db/1/,4.27,247,0,
2026-05-16T16:12:07.797175,GET,/api/mixed/pipeline/1/,3.12,82,0,
2026-05-16T16:12:07.832745,GET,/api/mixed/http/,107.88,55353,0,
2026-05-16T16:12:07.862367,GET,/api/mixed/http/,109.88,55353,0,
2026-05-16T16:12:07.914921,GET,/api/mixed/pipeline/1/,3.08,82,0,
2026-05-16T16:12:08.077528,GET,/api/mixed/db/1/,4.52,247,0,
2026-05-16T16:12:08.081100,GET,/api/mixed/db/1/,4.5,247,0,
2026-05-16T16:12:08.088043,GET,/api/mixed/db/1/,3.6,247,0,
2026-05-16T16:12:08.132737,GET,/api/mixed/http/,108.63,55353,0,
2026-05-16T16:12:08.190848,GET,/api/mixed/db/1/,4.68,247,0,
2026-05-16T16:12:08.256565,GET,/api/mixed/db/1/,8.5,247,0,
2026-05-16T16:12:08.328295,GET,/api/mixed/http/,108.15,55353,0,
2026-05-16T16:12:08.342674,GET,/api/mixed/db/1/,4.1,247,0,
2026-05-16T16:12:08.367966,GET,/api/mixed/db/1/,3.93,247,0,
2026-05-16T16:12:08.384903,GET,/api/mixed/db/1/,3.77,247,0,
2026-05-16T16:12:08.397032,GET,/api/mixed/http/,108.76,55353,0,
2026-05-16T16:12:08.434159,GET,/api/mixed/db/1/,4.06,247,0,
2026-05-16T16:12:08.465391,GET,/api/mixed/db/1/,3.91,247,0,
2026-05-16T16:12:08.505504,GET,/api/mixed/db/1/,5.77,247,0,
2026-05-16T16:12:08.522344,GET,/api/mixed/http/,109.92,55353,0,
2026-05-16T16:12:08.586202,GET,/api/mixed/http/,109.5,55353,0,
2026-05-16T16:12:08.738112,GET,/api/mixed/db/1/,4.28,247,0,
2026-05-16T16:12:08.744393,GET,/api/mixed/pipeline/1/,2.99,82,0,
2026-05-16T16:12:08.976850,GET,/api/mixed/db/1/,5.57,247,0,
2026-05-16T16:12:09.025411,GET,/api/mixed/pipeline/1/,4.15,82,0,
2026-05-16T16:12:09.067146,GET,/api/mixed/pipeline/1/,4.11,82,0,
2026-05-16T16:12:09.096756,GET,/api/mixed/pipeline/1/,4.35,82,0,
2026-05-16T16:12:09.120377,GET,/api/mixed/db/1/,4.37,247,0,
2026-05-16T16:12:09.135448,GET,/api/mixed/http/,109.78,55353,0,
2026-05-16T16:12:09.184283,GET,/api/mixed/pipeline/1/,3.39,82,0,
2026-05-16T16:12:09.189695,GET,/api/mixed/db/1/,4.19,247,0,
2026-05-16T16:12:09.225988,GET,/api/mixed/db/1/,4.37,247,0,
2026-05-16T16:12:09.307971,GET,/api/mixed/http/,108.08,55353,0,
2026-05-16T16:12:09.390522,GET,/api/mixed/http/,110.23,55353,0,
2026-05-16T16:12:09.392660,GET,/api/mixed/http/,107.61,55353,0,
2026-05-16T16:12:09.404816,GET,/api/mixed/db/1/,3.86,247,0,
2026-05-16T16:12:09.412951,GET,/api/mixed/pipeline/1/,2.78,82,0,
2026-05-16T16:12:09.555208,GET,/api/mixed/pipeline/1/,3.5,82,0,
2026-05-16T16:12:09.568384,GET,/api/mixed/http/,108.2,55353,0,
2026-05-16T16:12:09.588700,GET,/api/mixed/pipeline/1/,2.99,82,0,
2026-05-16T16:12:09.602142,GET,/api/mixed/db/1/,4.06,247,0,
2026-05-16T16:12:09.660254,GET,/api/mixed/http/,109.08,55353,0,
2026-05-16T16:12:09.666396,GET,/api/mixed/pipeline/1/,2.78,82,0,
2026-05-16T16:12:09.798380,GET,/api/mixed/pipeline/1/,3.26,82,0,
2026-05-16T16:12:09.874920,GET,/api/mixed/http/,112.63,55353,0,
2026-05-16T16:12:09.908537,GET,/api/mixed/db/1/,4.47,247,0,
2026-05-16T16:12:09.908943,GET,/api/mixed/db/1/,5.31,247,0,
2026-05-16T16:12:09.936464,GET,/api/mixed/http/,108.81,55353,0,
2026-05-16T16:12:09.938718,GET,/api/mixed/pipeline/1/,3.63,82,0,
2026-05-16T16:12:09.949090,GET,/api/mixed/pipeline/1/,2.95,82,0,
2026-05-16T16:12:09.968994,GET,/api/mixed/db/1/,4.12,247,0,
2026-05-16T16:12:10.011617,GET,/api/mixed/http/,114.7,55353,0,
2026-05-16T16:12:10.057055,GET,/api/mixed/http/,107.77,55353,0,
2026-05-16T16:12:10.094363,GET,/api/mixed/http/,111.0,55353,0,
2026-05-16T16:12:10.095369,GET,/api/mixed/pipeline/1/,3.25,82,0,
2026-05-16T16:12:10.202418,GET,/api/mixed/db/1/,4.37,247,0,
2026-05-16T16:12:10.215770,GET,/api/mixed/db/1/,4.0,247,0,
2026-05-16T16:12:10.340339,GET,/api/mixed/pipeline/1/,3.21,82,0,
2026-05-16T16:12:10.358501,GET,/api/mixed/pipeline/1/,3.14,82,0,
2026-05-16T16:12:10.363748,GET,/api/mixed/db/1/,3.87,247,0,
2026-05-16T16:12:10.417604,GET,/api/mixed/http/,108.27,55353,0,
2026-05-16T16:12:10.452564,GET,/api/mixed/http/,107.86,55353,0,
2026-05-16T16:12:10.498210,GET,/api/mixed/db/1/,4.24,247,0,
2026-05-16T16:12:10.555956,GET,/api/mixed/pipeline/1/,2.93,82,0,
2026-05-16T16:12:10.601344,GET,/api/mixed/pipeline/1/,3.1,82,0,
2026-05-16T16:12:10.658484,GET,/api/mixed/pipeline/1/,3.87,82,0,
2026-05-16T16:12:10.658959,GET,/api/mixed/http/,108.67,55353,0,
2026-05-16T16:12:10.744529,GET,/api/mixed/db/1/,4.11,247,0,
2026-05-16T16:12:10.800311,GET,/api/mixed/db/1/,4.06,247,0,
2026-05-16T16:12:10.835810,GET,/api/mixed/pipeline/1/,3.24,82,0,
2026-05-16T16:12:10.840395,GET,/api/mixed/http/,108.78,55353,0,
2026-05-16T16:12:10.878165,GET,/api/mixed/pipeline/1/,3.52,82,0,
2026-05-16T16:12:10.883285,GET,/api/mixed/db/1/,3.78,247,0,
2026-05-16T16:12:10.892435,GET,/api/mixed/http/,109.48,55353,0,
2026-05-16T16:12:10.893301,GET,/api/mixed/http/,108.5,55353,0,
2026-05-16T16:12:10.907776,GET,/api/mixed/db/1/,3.95,247,0,
2026-05-16T16:12:10.915957,GET,/api/mixed/db/1/,3.84,247,0,
2026-05-16T16:12:10.949294,GET,/api/mixed/db/1/,3.99,247,0,
2026-05-16T16:12:10.999440,GET,/api/mixed/db/1/,4.87,247,0,
2026-05-16T16:12:10.999994,GET,/api/mixed/db/1/,4.88,247,0,
2026-05-16T16:12:11.026263,GET,/api/mixed/pipeline/1/,3.67,82,0,
2026-05-16T16:12:11.129298,GET,/api/mixed/db/1/,5.46,247,0,
2026-05-16T16:12:11.233920,GET,/api/mixed/pipeline/1/,3.3,82,0,
2026-05-16T16:12:11.238207,GET,/api/mixed/http/,108.71,55353,0,
2026-05-16T16:12:11.315624,GET,/api/mixed/pipeline/1/,2.99,82,0,
2026-05-16T16:12:11.402245,GET,/api/mixed/db/1/,4.2,247,0,
2026-05-16T16:12:11.417665,GET,/api/mixed/pipeline/1/,3.07,82,0,
2026-05-16T16:12:11.430832,GET,/api/mixed/pipeline/1/,2.85,82,0,
2026-05-16T16:12:11.494349,GET,/api/mixed/pipeline/1/,3.47,82,0,
2026-05-16T16:12:11.583593,GET,/api/mixed/http/,108.4,55353,0,
2026-05-16T16:12:11.715340,GET,/api/mixed/pipeline/1/,3.15,82,0,
2026-05-16T16:12:11.774792,GET,/api/mixed/http/,110.71,55353,0,
2026-05-16T16:12:11.804076,GET,/api/mixed/http/,108.07,55353,0,
2026-05-16T16:12:11.825491,GET,/api/mixed/pipeline/1/,3.03,82,0,
2026-05-16T16:12:11.841426,GET,/api/mixed/pipeline/1/,3.55,82,0,
2026-05-16T16:12:11.879370,GET,/api/mixed/db/1/,5.03,247,0,
2026-05-16T16:12:11.897974,GET,/api/mixed/http/,108.9,55353,0,
2026-05-16T16:12:11.948622,GET,/api/mixed/http/,108.31,55353,0,
2026-05-16T16:12:12.012507,GET,/api/mixed/http/,115.92,55353,0,
2026-05-16T16:12:12.018490,GET,/api/mixed/db/1/,5.82,247,0,
2026-05-16T16:12:12.048796,GET,/api/mixed/db/1/,4.96,247,0,
2026-05-16T16:12:12.068187,GET,/api/mixed/pipeline/1/,4.0,82,0,
2026-05-16T16:12:12.163481,GET,/api/mixed/pipeline/1/,3.56,82,0,
2026-05-16T16:12:12.171690,GET,/api/mixed/db/1/,4.94,247,0,
2026-05-16T16:12:12.174312,GET,/api/mixed/db/1/,4.77,247,0,
2026-05-16T16:12:12.221145,GET,/api/mixed/http/,109.42,55353,0,
2026-05-16T16:12:12.291513,GET,/api/mixed/http/,108.77,55353,0,
2026-05-16T16:12:12.313439,GET,/api/mixed/pipeline/1/,4.05,82,0,
2026-05-16T16:12:12.338404,GET,/api/mixed/db/1/,4.69,247,0,
2026-05-16T16:12:12.347847,GET,/api/mixed/http/,110.42,55353,0,
2026-05-16T16:12:12.351294,GET,/api/mixed/db/1/,4.86,247,0,
2026-05-16T16:12:12.364991,GET,/api/mixed/db/1/,4.46,247,0,
2026-05-16T16:12:12.401258,GET,/api/mixed/http/,110.9,55353,0,
2026-05-16T16:12:12.404561,GET,/api/mixed/pipeline/1/,5.99,82,0,
2026-05-16T16:12:12.412069,GET,/api/mixed/http/,109.33,55353,0,
2026-05-16T16:12:12.414773,GET,/api/mixed/http/,108.34,55353,0,
2026-05-16T16:12:12.510993,GET,/api/mixed/http/,114.69,55353,0,
2026-05-16T16:12:12.512453,GET,/api/mixed/http/,113.03,55353,0,
2026-05-16T16:12:12.591588,GET,/api/mixed/db/1/,4.18,247,0,
2026-05-16T16:12:12.624905,GET,/api/mixed/http/,108.1,55353,0,
2026-05-16T16:12:12.640796,GET,/api/mixed/pipeline/1/,3.01,82,0,
2026-05-16T16:12:12.677925,GET,/api/mixed/pipeline/1/,2.91,82,0,
2026-05-16T16:12:12.735923,GET,/api/mixed/http/,107.79,55353,0,
2026-05-16T16:12:12.772621,GET,/api/mixed/db/1/,4.35,247,0,
2026-05-16T16:12:12.780873,GET,/api/mixed/pipeline/1/,2.88,82,0,
2026-05-16T16:12:12.809009,GET,/api/mixed/http/,107.81,55353,0,
2026-05-16T16:12:12.832765,GET,/api/mixed/http/,107.89,55353,0,
2026-05-16T16:12:12.863932,GET,/api/mixed/db/1/,3.93,247,0,
2026-05-16T16:12:13.024372,GET,/api/mixed/http/,107.89,55353,0,
2026-05-16T16:12:13.050974,GET,/api/mixed/http/,107.75,55353,0,
2026-05-16T16:12:13.060403,GET,/api/mixed/http/,107.68,55353,0,
2026-05-16T16:12:13.105121,GET,/api/mixed/pipeline/1/,3.48,82,0,
2026-05-16T16:12:13.114016,GET,/api/mixed/http/,111.48,55353,0,
2026-05-16T16:12:13.125656,GET,/api/mixed/db/1/,8.28,247,0,
2026-05-16T16:12:13.127685,GET,/api/mixed/http/,112.83,55353,0,
2026-05-16T16:12:13.140781,GET,/api/mixed/db/1/,5.69,247,0,
2026-05-16T16:12:13.199637,GET,/api/mixed/pipeline/1/,3.57,82,0,
2026-05-16T16:12:13.369320,GET,/api/mixed/http/,114.88,55353,0,
2026-05-16T16:12:13.449635,GET,/api/mixed/http/,108.76,55353,0,
2026-05-16T16:12:13.547656,GET,/api/mixed/http/,108.06,55353,0,
2026-05-16T16:12:13.575189,GET,/api/mixed/pipeline/1/,3.1,82,0,
2026-05-16T16:12:13.603633,GET,/api/mixed/pipeline/1/,3.15,82,0,
2026-05-16T16:12:13.615827,GET,/api/mixed/pipeline/1/,2.88,82,0,
2026-05-16T16:12:13.632926,GET,/api/mixed/db/1/,3.88,247,0,
2026-05-16T16:12:13.760130,GET,/api/mixed/http/,112.82,55353,0,
2026-05-16T16:12:13.793441,GET,/api/mixed/http/,108.58,55353,0,
2026-05-16T16:12:13.855720,GET,/api/mixed/pipeline/1/,3.17,82,0,
2026-05-16T16:12:13.927445,GET,/api/mixed/db/1/,4.66,247,0,
2026-05-16T16:12:13.936876,GET,/api/mixed/db/1/,5.17,247,0,
2026-05-16T16:12:13.937560,GET,/api/mixed/http/,108.79,55353,0,
2026-05-16T16:12:13.970127,GET,/api/mixed/http/,108.22,55353,0,
2026-05-16T16:12:14.012397,GET,/api/mixed/pipeline/1/,4.28,82,0,
2026-05-16T16:12:14.031289,GET,/api/mixed/pipeline/1/,4.57,82,0,
2026-05-16T16:12:14.055856,GET,/api/mixed/pipeline/1/,3.22,82,0,
2026-05-16T16:12:14.088452,GET,/api/mixed/http/,108.89,55353,0,
2026-05-16T16:12:14.096399,GET,/api/mixed/pipeline/1/,4.59,82,0,
2026-05-16T16:12:14.144967,GET,/api/mixed/db/1/,4.13,247,0,
2026-05-16T16:12:14.193550,GET,/api/mixed/db/1/,4.22,247,0,
2026-05-16T16:12:14.201669,GET,/api/mixed/http/,108.59,55353,0,
2026-05-16T16:12:14.224831,GET,/api/mixed/db/1/,4.8,247,0,
2026-05-16T16:12:14.234814,GET,/api/mixed/db/1/,4.69,247,0,
2026-05-16T16:12:14.298152,GET,/api/mixed/db/1/,4.92,247,0,
2026-05-16T16:12:14.390304,GET,/api/mixed/db/1/,4.56,247,0,
2026-05-16T16:12:14.419894,GET,/api/mixed/db/1/,6.29,247,0,
2026-05-16T16:12:14.437368,GET,/api/mixed/db/1/,5.23,247,0,
2026-05-16T16:12:14.454974,GET,/api/mixed/pipeline/1/,3.24,82,0,
2026-05-16T16:12:14.486426,GET,/api/mixed/pipeline/1/,3.19,82,0,
2026-05-16T16:12:14.506540,GET,/api/mixed/db/1/,4.8,247,0,
2026-05-16T16:12:14.540314,GET,/api/mixed/db/1/,4.05,247,0,
2026-05-16T16:12:14.614059,GET,/api/mixed/http/,108.42,55353,0,
2026-05-16T16:12:14.710225,GET,/api/mixed/http/,108.45,55353,0,
2026-05-16T16:12:14.843137,GET,/api/mixed/http/,113.89,55353,0,
2026-05-16T16:12:14.843790,GET,/api/mixed/http/,115.12,55353,0,
2026-05-16T16:12:14.912467,GET,/api/mixed/db/1/,4.03,247,0,
2026-05-16T16:12:14.914741,GET,/api/mixed/http/,109.23,55353,0,
2026-05-16T16:12:14.985772,GET,/api/mixed/pipeline/1/,3.57,82,0,
2026-05-16T16:12:15.088384,GET,/api/mixed/http/,109.0,55353,0,
2026-05-16T16:12:15.090762,GET,/api/mixed/http/,108.16,55353,0,
2026-05-16T16:12:15.143956,GET,/api/mixed/pipeline/1/,3.61,82,0,
2026-05-16T16:12:15.180455,GET,/api/mixed/pipeline/1/,4.18,82,0,
2026-05-16T16:12:15.185833,GET,/api/mixed/http/,108.55,55353,0,
2026-05-16T16:12:15.194886,GET,/api/mixed/http/,108.88,55353,0,
2026-05-16T16:12:15.246814,GET,/api/mixed/pipeline/1/,12.58,82,0,
2026-05-16T16:12:15.277974,GET,/api/mixed/db/1/,4.79,247,0,
2026-05-16T16:12:15.294174,GET,/api/mixed/db/1/,4.84,247,0,
2026-05-16T16:12:15.323796,GET,/api/mixed/pipeline/1/,3.3,82,0,
2026-05-16T16:12:15.361260,GET,/api/mixed/db/1/,4.21,247,0,
2026-05-16T16:12:15.410236,GET,/api/mixed/http/,107.78,55353,0,
2026-05-16T16:12:15.427407,GET,/api/mixed/db/1/,3.87,247,0,
2026-05-16T16:12:15.454615,GET,/api/mixed/pipeline/1/,2.97,82,0,
2026-05-16T16:12:15.473222,GET,/api/mixed/db/1/,5.31,247,0,
2026-05-16T16:12:15.476963,GET,/api/mixed/db/1/,4.75,247,0,
2026-05-16T16:12:15.515604,GET,/api/mixed/http/,108.1,55353,0,
2026-05-16T16:12:15.581308,GET,/api/mixed/http/,107.71,55353,0,
2026-05-16T16:12:15.581816,GET,/api/mixed/db/1/,5.11,247,0,
2026-05-16T16:12:15.608174,GET,/api/mixed/http/,108.8,55353,0,
2026-05-16T16:12:15.677408,GET,/api/mixed/pipeline/1/,3.27,82,0,
2026-05-16T16:12:15.678785,GET,/api/mixed/http/,108.74,55353,0,
2026-05-16T16:12:15.764668,GET,/api/mixed/http/,109.26,55353,0,
2026-05-16T16:12:15.839995,GET,/api/mixed/pipeline/1/,3.04,82,0,
2026-05-16T16:12:15.861664,GET,/api/mixed/pipeline/1/,3.38,82,0,
2026-05-16T16:12:15.936203,GET,/api/mixed/pipeline/1/,3.23,82,0,
2026-05-16T16:12:15.942709,GET,/api/mixed/db/1/,4.29,247,0,
2026-05-16T16:12:15.971146,GET,/api/mixed/http/,108.16,55353,0,
2026-05-16T16:12:16.041396,GET,/api/mixed/db/1/,4.34,247,0,
2026-05-16T16:12:16.056965,GET,/api/mixed/http/,107.98,55353,0,
2026-05-16T16:12:16.063445,GET,/api/mixed/db/1/,4.09,247,0,
2026-05-16T16:12:16.125430,GET,/api/mixed/http/,108.03,55353,0,
2026-05-16T16:12:16.135634,GET,/api/mixed/db/1/,3.96,247,0,
2026-05-16T16:12:16.193533,GET,/api/mixed/db/1/,4.51,247,0,
2026-05-16T16:12:16.254035,GET,/api/mixed/pipeline/1/,3.06,82,0,
2026-05-16T16:12:16.417736,GET,/api/mixed/http/,108.25,55353,0,
2026-05-16T16:12:16.481255,GET,/api/mixed/pipeline/1/,3.07,82,0,
2026-05-16T16:12:16.528382,GET,/api/mixed/db/1/,5.04,247,0,
2026-05-16T16:12:16.603870,GET,/api/mixed/http/,112.77,55353,0,
2026-05-16T16:12:16.641721,GET,/api/mixed/http/,108.05,55353,0,
2026-05-16T16:12:16.670174,GET,/api/mixed/pipeline/1/,3.19,82,0,
2026-05-16T16:12:16.737168,GET,/api/mixed/http/,107.87,55353,0,
2026-05-16T16:12:16.788533,GET,/api/mixed/pipeline/1/,3.66,82,0,
2026-05-16T16:12:16.800732,GET,/api/mixed/http/,111.31,55353,0,
2026-05-16T16:12:16.830956,GET,/api/mixed/http/,108.79,55353,0,
2026-05-16T16:12:16.845252,GET,/api/mixed/db/1/,3.93,247,0,
2026-05-16T16:12:16.901704,GET,/api/mixed/pipeline/1/,3.16,82,0,
2026-05-16T16:12:16.932980,GET,/api/mixed/http/,107.99,55353,0,
2026-05-16T16:12:16.961370,GET,/api/mixed/db/1/,4.12,247,0,
2026-05-16T16:12:17.020055,GET,/api/mixed/db/1/,3.78,247,0,
2026-05-16T16:12:17.117011,GET,/api/mixed/http/,108.41,55353,0,
2026-05-16T16:12:17.118955,GET,/api/mixed/pipeline/1/,3.04,82,0,
2026-05-16T16:12:17.154547,GET,/api/mixed/pipeline/1/,3.51,82,0,
2026-05-16T16:12:17.155410,GET,/api/mixed/db/1/,4.9,247,0,
2026-05-16T16:12:17.187432,GET,/api/mixed/http/,107.96,55353,0,
2026-05-16T16:12:17.204921,GET,/api/mixed/http/,108.58,55353,0,
2026-05-16T16:12:17.300757,GET,/api/mixed/http/,108.03,55353,0,
2026-05-16T16:12:17.330500,GET,/api/mixed/pipeline/1/,4.46,82,0,
2026-05-16T16:12:17.332100,GET,/api/mixed/db/1/,7.04,247,0,
2026-05-16T16:12:17.366255,GET,/api/mixed/pipeline/1/,4.96,82,0,
2026-05-16T16:12:17.441835,GET,/api/mixed/http/,108.44,55353,0,
2026-05-16T16:12:17.464242,GET,/api/mixed/db/1/,4.08,247,0,
2026-05-16T16:12:17.544122,GET,/api/mixed/pipeline/1/,3.99,82,0,
2026-05-16T16:12:17.551150,GET,/api/mixed/pipeline/1/,2.72,82,0,
2026-05-16T16:12:17.580497,GET,/api/mixed/pipeline/1/,3.17,82,0,
2026-05-16T16:12:17.635736,GET,/api/mixed/http/,108.31,55353,0,
2026-05-16T16:12:17.703118,GET,/api/mixed/db/1/,4.16,247,0,
2026-05-16T16:12:17.707492,GET,/api/mixed/pipeline/1/,3.18,82,0,
2026-05-16T16:12:17.778988,GET,/api/mixed/pipeline/1/,2.97,82,0,
2026-05-16T16:12:17.792166,GET,/api/mixed/pipeline/1/,2.82,82,0,
2026-05-16T16:12:17.802530,GET,/api/mixed/db/1/,3.99,247,0,
2026-05-16T16:12:17.825619,GET,/api/mixed/http/,107.76,55353,0,
2026-05-16T16:12:17.841939,GET,/api/mixed/db/1/,3.94,247,0,
2026-05-16T16:12:17.856238,GET,/api/mixed/http/,114.94,55353,0,
2026-05-16T16:12:17.866154,GET,/api/mixed/http/,108.01,55353,0,
2026-05-16T16:12:17.909739,GET,/api/mixed/http/,108.67,55353,0,
2026-05-16T16:12:17.947229,GET,/api/mixed/pipeline/1/,3.84,82,0,
2026-05-16T16:12:17.963629,GET,/api/mixed/http/,108.48,55353,0,
2026-05-16T16:12:17.977157,GET,/api/mixed/http/,107.77,55353,0,
2026-05-16T16:12:17.985340,GET,/api/mixed/db/1/,3.95,247,0,
2026-05-16T16:12:18.051500,GET,/api/mixed/pipeline/1/,3.05,82,0,
2026-05-16T16:12:18.085285,GET,/api/mixed/db/1/,4.36,247,0,
2026-05-16T16:12:18.108000,GET,/api/mixed/http/,108.3,55353,0,
2026-05-16T16:12:18.194969,GET,/api/mixed/pipeline/1/,3.41,82,0,
2026-05-16T16:12:18.263952,GET,/api/mixed/db/1/,5.72,247,0,
2026-05-16T16:12:18.331083,GET,/api/mixed/pipeline/1/,3.17,82,0,
2026-05-16T16:12:18.365436,GET,/api/mixed/pipeline/1/,3.06,82,0,
2026-05-16T16:12:18.388350,GET,/api/mixed/http/,108.06,55353,0,
2026-05-16T16:12:18.426490,GET,/api/mixed/pipeline/1/,3.07,82,0,
2026-05-16T16:12:18.450632,GET,/api/mixed/db/1/,4.58,247,0,
2026-05-16T16:12:18.455877,GET,/api/mixed/pipeline/1/,2.91,82,0,
2026-05-16T16:12:18.504871,GET,/api/mixed/db/1/,10.27,247,0,
2026-05-16T16:12:18.509496,GET,/api/mixed/http/,107.76,55353,0,
2026-05-16T16:12:18.539052,GET,/api/mixed/http/,107.37,55353,0,
2026-05-16T16:12:18.624872,GET,/api/mixed/http/,108.03,55353,0,
2026-05-16T16:12:18.660072,GET,/api/mixed/db/1/,3.96,247,0,
2026-05-16T16:12:18.731698,GET,/api/mixed/pipeline/1/,3.28,82,0,
2026-05-16T16:12:18.873953,GET,/api/mixed/http/,107.98,55353,0,
2026-05-16T16:12:18.900426,GET,/api/mixed/pipeline/1/,3.07,82,0,
2026-05-16T16:12:18.941642,GET,/api/mixed/db/1/,5.62,247,0,
2026-05-16T16:12:19.054359,GET,/api/mixed/db/1/,5.03,247,0,
2026-05-16T16:12:19.111311,GET,/api/mixed/http/,109.24,55353,0,
2026-05-16T16:12:19.113242,GET,/api/mixed/pipeline/1/,3.04,82,0,
2026-05-16T16:12:19.155165,GET,/api/mixed/http/,109.31,55353,0,
2026-05-16T16:12:19.188753,GET,/api/mixed/pipeline/1/,3.16,82,0,
2026-05-16T16:12:19.252867,GET,/api/mixed/db/1/,14.36,247,0,
2026-05-16T16:12:19.304419,GET,/api/mixed/db/1/,4.15,247,0,
2026-05-16T16:12:19.363093,GET,/api/mixed/pipeline/1/,2.85,82,0,
2026-05-16T16:12:19.413454,GET,/api/mixed/pipeline/1/,3.34,82,0,
2026-05-16T16:12:19.433932,GET,/api/mixed/db/1/,4.05,247,0,
2026-05-16T16:12:19.438481,GET,/api/mixed/http/,107.84,55353,0,
2026-05-16T16:12:19.463559,GET,/api/mixed/http/,107.84,55353,0,
2026-05-16T16:12:19.467104,GET,/api/mixed/http/,107.83,55353,0,
2026-05-16T16:12:19.506010,GET,/api/mixed/http/,110.54,55353,0,
2026-05-16T16:12:19.549795,GET,/api/mixed/http/,107.91,55353,0,
2026-05-16T16:12:19.588119,GET,/api/mixed/pipeline/1/,3.07,82,0,
2026-05-16T16:12:19.613832,GET,/api/mixed/db/1/,3.85,247,0,
2026-05-16T16:12:19.615793,GET,/api/mixed/http/,107.54,55353,0,
2026-05-16T16:12:19.712359,GET,/api/mixed/http/,108.91,55353,0,
2026-05-16T16:12:19.715027,GET,/api/mixed/pipeline/1/,3.74,82,0,
2026-05-16T16:12:19.751865,GET,/api/mixed/pipeline/1/,3.94,82,0,
2026-05-16T16:12:19.838172,GET,/api/mixed/db/1/,4.31,247,0,
2026-05-16T16:12:19.856557,GET,/api/mixed/http/,107.98,55353,0,
2026-05-16T16:12:19.870890,GET,/api/mixed/http/,107.7,55353,0,
2026-05-16T16:12:19.883736,GET,/api/mixed/db/1/,4.46,247,0,
2026-05-16T16:12:19.920358,GET,/api/mixed/db/1/,4.54,247,0,
2026-05-16T16:12:19.996809,GET,/api/mixed/db/1/,11.99,247,0,
2026-05-16T16:12:19.998294,GET,/api/mixed/http/,115.49,55353,0,
2026-05-16T16:12:20.003730,GET,/api/mixed/db/1/,4.1,247,0,
2026-05-16T16:12:20.014904,GET,/api/mixed/pipeline/1/,2.89,82,0,
2026-05-16T16:12:20.065279,GET,/api/mixed/db/1/,4.16,247,0,
2026-05-16T16:12:20.071382,GET,/api/mixed/pipeline/1/,2.79,82,0,
2026-05-16T16:12:20.120784,GET,/api/mixed/pipeline/1/,3.01,82,0,
2026-05-16T16:12:20.141430,GET,/api/mixed/db/1/,4.08,247,0,
2026-05-16T16:12:20.333754,GET,/api/mixed/http/,108.86,55353,0,
2026-05-16T16:12:20.334283,GET,/api/mixed/http/,108.77,55353,0,
2026-05-16T16:12:20.360870,GET,/api/mixed/http/,108.22,55353,0,
2026-05-16T16:12:20.449614,GET,/api/mixed/db/1/,4.31,247,0,
2026-05-16T16:12:20.516096,GET,/api/mixed/pipeline/1/,3.18,82,0,
2026-05-16T16:12:20.521175,GET,/api/mixed/pipeline/1/,2.73,82,0,
2026-05-16T16:12:20.561641,GET,/api/mixed/db/1/,4.1,247,0,
2026-05-16T16:12:20.650996,GET,/api/mixed/pipeline/1/,3.2,82,0,
2026-05-16T16:12:20.672529,GET,/api/mixed/http/,107.69,55353,0,
2026-05-16T16:12:20.687237,GET,/api/mixed/http/,107.89,55353,0,
2026-05-16T16:12:20.711821,GET,/api/mixed/db/1/,4.22,247,0,
2026-05-16T16:12:20.744148,GET,/api/mixed/db/1/,10.45,247,0,
2026-05-16T16:12:20.745977,GET,/api/mixed/http/,113.93,55353,0,
2026-05-16T16:12:20.858824,GET,/api/mixed/http/,108.62,55353,0,
2026-05-16T16:12:20.973085,GET,/api/mixed/http/,107.89,55353,0,
2026-05-16T16:12:20.990175,GET,/api/mixed/http/,110.41,55353,0,
2026-05-16T16:12:20.995686,GET,/api/mixed/db/1/,4.12,247,0,
2026-05-16T16:12:21.012010,GET,/api/mixed/db/1/,4.01,247,0,
2026-05-16T16:12:21.018439,GET,/api/mixed/http/,108.17,55353,0,
2026-05-16T16:12:21.125291,GET,/api/mixed/http/,108.08,55353,0,
2026-05-16T16:12:21.277198,GET,/api/mixed/db/1/,4.3,247,0,
2026-05-16T16:12:21.318087,GET,/api/mixed/http/,108.1,55353,0,
2026-05-16T16:12:21.331768,GET,/api/mixed/http/,112.05,55353,0,
2026-05-16T16:12:21.332543,GET,/api/mixed/pipeline/1/,3.23,82,0,
2026-05-16T16:12:21.372722,GET,/api/mixed/db/1/,6.61,247,0,
2026-05-16T16:12:21.390375,GET,/api/mixed/http/,107.8,55353,0,
2026-05-16T16:12:21.427629,GET,/api/mixed/pipeline/1/,3.03,82,0,
2026-05-16T16:12:21.444950,GET,/api/mixed/db/1/,4.03,247,0,
2026-05-16T16:12:21.525177,GET,/api/mixed/db/1/,4.14,247,0,
2026-05-16T16:12:21.566753,GET,/api/mixed/pipeline/1/,3.14,82,0,
2026-05-16T16:12:21.578263,GET,/api/mixed/http/,110.0,55353,0,
2026-05-16T16:12:21.614392,GET,/api/mixed/pipeline/1/,3.37,82,0,
2026-05-16T16:12:21.669314,GET,/api/mixed/db/1/,4.0,247,0,
2026-05-16T16:12:21.689368,GET,/api/mixed/http/,107.85,55353,0,
2026-05-16T16:12:21.697459,GET,/api/mixed/db/1/,3.86,247,0,
2026-05-16T16:12:21.710965,GET,/api/mixed/pipeline/1/,3.3,82,0,
2026-05-16T16:12:21.740208,GET,/api/mixed/http/,108.49,55353,0,
2026-05-16T16:12:21.755790,GET,/api/mixed/pipeline/1/,3.1,82,0,
2026-05-16T16:12:21.824217,GET,/api/mixed/http/,107.9,55353,0,
2026-05-16T16:12:21.919444,GET,/api/mixed/http/,108.42,55353,0,
2026-05-16T16:12:21.919960,GET,/api/mixed/http/,108.42,55353,0,
2026-05-16T16:12:21.932030,GET,/api/mixed/db/1/,4.72,247,0,
2026-05-16T16:12:21.999626,GET,/api/mixed/pipeline/1/,3.34,82,0,
2026-05-16T16:12:22.076860,GET,/api/mixed/http/,110.37,55353,0,
2026-05-16T16:12:22.156688,GET,/api/mixed/pipeline/1/,3.47,82,0,
2026-05-16T16:12:22.231380,GET,/api/mixed/http/,117.07,55353,0,
2026-05-16T16:12:22.232045,GET,/api/mixed/db/1/,12.68,247,0,
2026-05-16T16:12:22.239354,GET,/api/mixed/pipeline/1/,3.0,82,0,
2026-05-16T16:12:22.256005,GET,/api/mixed/db/1/,3.81,247,0,
2026-05-16T16:12:22.354615,GET,/api/mixed/pipeline/1/,3.09,82,0,
2026-05-16T16:12:22.357236,GET,/api/mixed/http/,107.64,55353,0,
2026-05-16T16:12:22.368201,GET,/api/mixed/db/1/,4.62,247,0,
2026-05-16T16:12:22.372419,GET,/api/mixed/pipeline/1/,2.85,82,0,
2026-05-16T16:12:22.377853,GET,/api/mixed/pipeline/1/,4.08,82,0,
2026-05-16T16:12:22.378244,GET,/api/mixed/pipeline/1/,4.04,82,0,
2026-05-16T16:12:22.440160,GET,/api/mixed/db/1/,3.99,247,0,
2026-05-16T16:12:22.452270,GET,/api/mixed/db/1/,3.77,247,0,
2026-05-16T16:12:22.478200,GET,/api/mixed/http/,113.39,55353,0,
2026-05-16T16:12:22.484587,GET,/api/mixed/pipeline/1/,3.17,82,0,
2026-05-16T16:12:22.498165,GET,/api/mixed/http/,108.74,55353,0,
2026-05-16T16:12:22.558100,GET,/api/mixed/pipeline/1/,5.3,82,0,
2026-05-16T16:12:22.826576,GET,/api/mixed/pipeline/1/,3.42,82,0,
2026-05-16T16:12:22.899970,GET,/api/mixed/http/,109.03,55353,0,
2026-05-16T16:12:22.951807,GET,/api/mixed/db/1/,4.56,247,0,
2026-05-16T16:12:22.952397,GET,/api/mixed/http/,109.37,55353,0,
2026-05-16T16:12:22.963696,GET,/api/mixed/db/1/,4.14,247,0,
2026-05-16T16:12:22.979843,GET,/api/mixed/db/1/,16.02,247,0,
2026-05-16T16:12:23.034807,GET,/api/mixed/pipeline/1/,2.8,82,0,
2026-05-16T16:12:23.134059,GET,/api/mixed/http/,107.95,55353,0,
2026-05-16T16:12:23.155772,GET,/api/mixed/http/,108.6,55353,0,
2026-05-16T16:12:23.162302,GET,/api/mixed/http/,107.42,55353,0,
2026-05-16T16:12:23.227015,GET,/api/mixed/pipeline/1/,15.05,82,0,
2026-05-16T16:12:23.232889,GET,/api/mixed/http/,109.64,55353,0,
2026-05-16T16:12:23.267269,GET,/api/mixed/db/1/,4.15,247,0,
2026-05-16T16:12:23.281695,GET,/api/mixed/pipeline/1/,3.06,82,0,
2026-05-16T16:12:23.321497,GET,/api/mixed/db/1/,4.6,247,0,
2026-05-16T16:12:23.330943,GET,/api/mixed/http/,114.22,55353,0,
2026-05-16T16:12:23.352508,GET,/api/mixed/db/1/,4.24,247,0,
2026-05-16T16:12:23.471209,GET,/api/mixed/pipeline/1/,6.86,82,0,
2026-05-16T16:12:23.583618,GET,/api/mixed/http/,108.18,55353,0,
2026-05-16T16:12:23.634753,GET,/api/mixed/http/,108.57,55353,0,
2026-05-16T16:12:23.666827,GET,/api/mixed/http/,108.65,55353,0,
2026-05-16T16:12:23.720288,GET,/api/mixed/pipeline/1/,10.9,82,0,
2026-05-16T16:12:23.818383,GET,/api/mixed/pipeline/1/,4.61,82,0,
2026-05-16T16:12:23.819195,GET,/api/mixed/db/1/,5.95,247,0,
2026-05-16T16:12:23.827178,GET,/api/mixed/http/,115.7,55353,0,
2026-05-16T16:12:23.860514,GET,/api/mixed/db/1/,4.06,247,0,
2026-05-16T16:12:23.882875,GET,/api/mixed/pipeline/1/,3.03,82,0,
2026-05-16T16:12:23.913228,GET,/api/mixed/db/1/,4.13,247,0,
2026-05-16T16:12:23.978293,GET,/api/mixed/pipeline/1/,3.19,82,0,
2026-05-16T16:12:24.059890,GET,/api/mixed/http/,108.48,55353,0,
2026-05-16T16:12:24.072603,GET,/api/mixed/pipeline/1/,3.34,82,0,
2026-05-16T16:12:24.189202,GET,/api/mixed/pipeline/1/,3.34,82,0,
2026-05-16T16:12:24.223648,GET,/api/mixed/db/1/,4.99,247,0,
2026-05-16T16:12:24.258138,GET,/api/mixed/db/1/,4.23,247,0,
2026-05-16T16:12:24.280888,GET,/api/mixed/http/,108.75,55353,0,
2026-05-16T16:12:24.328043,GET,/api/mixed/http/,107.98,55353,0,
2026-05-16T16:12:24.354534,GET,/api/mixed/pipeline/1/,4.2,82,0,
2026-05-16T16:12:24.404664,GET,/api/mixed/pipeline/1/,3.15,82,0,
2026-05-16T16:12:24.471259,GET,/api/mixed/http/,111.45,55353,0,
2026-05-16T16:12:24.512954,GET,/api/mixed/db/1/,4.57,247,0,
2026-05-16T16:12:24.538959,GET,/api/mixed/pipeline/1/,3.78,82,0,
2026-05-16T16:12:24.539650,GET,/api/mixed/pipeline/1/,3.3,82,0,
2026-05-16T16:12:24.557416,GET,/api/mixed/db/1/,4.5,247,0,
2026-05-16T16:12:24.568980,GET,/api/mixed/pipeline/1/,3.3,82,0,
2026-05-16T16:12:24.578529,GET,/api/mixed/db/1/,4.3,247,0,
2026-05-16T16:12:24.603809,GET,/api/mixed/http/,108.33,55353,0,
2026-05-16T16:12:24.715179,GET,/api/mixed/pipeline/1/,4.73,82,0,
2026-05-16T16:12:24.788184,GET,/api/mixed/pipeline/1/,3.37,82,0,
2026-05-16T16:12:24.797570,GET,/api/mixed/db/1/,4.09,247,0,
2026-05-16T16:12:24.899846,GET,/api/mixed/db/1/,4.04,247,0,
2026-05-16T16:12:24.907961,GET,/api/mixed/db/1/,3.74,247,0,
2026-05-16T16:12:24.927368,GET,/api/mixed/pipeline/1/,3.08,82,0,
2026-05-16T16:12:24.941564,GET,/api/mixed/db/1/,3.82,247,0,
2026-05-16T16:12:24.964761,GET,/api/mixed/db/1/,12.72,247,0,
2026-05-16T16:12:25.003835,GET,/api/mixed/http/,108.56,55353,0,
2026-05-16T16:12:25.016528,GET,/api/mixed/pipeline/1/,3.3,82,0,
2026-05-16T16:12:25.052551,GET,/api/mixed/pipeline/1/,3.14,82,0,
2026-05-16T16:12:25.072471,GET,/api/mixed/db/1/,4.58,247,0,
2026-05-16T16:12:25.077952,GET,/api/mixed/http/,109.82,55353,0,
2026-05-16T16:12:25.079644,GET,/api/mixed/http/,107.77,55353,0,
2026-05-16T16:12:25.093973,GET,/api/mixed/pipeline/1/,3.13,82,0,
2026-05-16T16:12:25.136591,GET,/api/mixed/http/,108.86,55353,0,
2026-05-16T16:12:25.162194,GET,/api/mixed/pipeline/1/,3.24,82,0,
2026-05-16T16:12:25.229720,GET,/api/mixed/db/1/,4.21,247,0,
2026-05-16T16:12:25.231116,GET,/api/mixed/db/1/,3.99,247,0,
2026-05-16T16:12:25.261279,GET,/api/mixed/pipeline/1/,2.93,82,0,
2026-05-16T16:12:25.459690,GET,/api/mixed/http/,110.03,55353,0,
2026-05-16T16:12:25.466192,GET,/api/mixed/db/1/,4.08,247,0,
2026-05-16T16:12:25.569303,GET,/api/mixed/pipeline/1/,3.73,82,0,
2026-05-16T16:12:25.578863,GET,/api/mixed/db/1/,4.13,247,0,
2026-05-16T16:12:25.599212,GET,/api/mixed/http/,108.71,55353,0,
2026-05-16T16:12:25.713898,GET,/api/mixed/http/,111.31,55353,0,
2026-05-16T16:12:25.752668,GET,/api/mixed/db/1/,4.32,247,0,
2026-05-16T16:12:25.794832,GET,/api/mixed/http/,108.6,55353,0,
2026-05-16T16:12:25.795813,GET,/api/mixed/pipeline/1/,3.1,82,0,
2026-05-16T16:12:25.806891,GET,/api/mixed/pipeline/1/,2.89,82,0,
2026-05-16T16:12:25.830383,GET,/api/mixed/pipeline/1/,3.15,82,0,
2026-05-16T16:12:25.862998,GET,/api/mixed/db/1/,3.97,247,0,
2026-05-16T16:12:25.867622,GET,/api/mixed/http/,107.64,55353,0,
2026-05-16T16:12:25.893915,GET,/api/mixed/pipeline/1/,3.05,82,0,
2026-05-16T16:12:25.901064,GET,/api/mixed/pipeline/1/,2.75,82,0,
2026-05-16T16:12:25.958541,GET,/api/mixed/http/,116.79,55353,0,
2026-05-16T16:12:26.059702,GET,/api/mixed/db/1/,4.64,247,0,
2026-05-16T16:12:26.109962,GET,/api/mixed/db/1/,4.3,247,0,
2026-05-16T16:12:26.150990,GET,/api/mixed/pipeline/1/,3.04,82,0,
2026-05-16T16:12:26.171718,GET,/api/mixed/http/,108.72,55353,0,
2026-05-16T16:12:26.249653,GET,/api/mixed/http/,108.4,55353,0,
2026-05-16T16:12:26.308249,GET,/api/mixed/pipeline/1/,3.32,82,0,
2026-05-16T16:12:26.314090,GET,/api/mixed/db/1/,4.57,247,0,
2026-05-16T16:12:26.351241,GET,/api/mixed/http/,108.07,55353,0,
2026-05-16T16:12:26.386860,GET,/api/mixed/pipeline/1/,2.99,82,0,
2026-05-16T16:12:26.392266,GET,/api/mixed/db/1/,4.02,247,0,
2026-05-16T16:12:26.418530,GET,/api/mixed/pipeline/1/,3.0,82,0,
2026-05-16T16:12:26.427215,GET,/api/mixed/db/1/,4.2,247,0,
2026-05-16T16:12:26.500507,GET,/api/mixed/db/1/,5.03,247,0,
2026-05-16T16:12:26.526188,GET,/api/mixed/http/,107.54,55353,0,
2026-05-16T16:12:26.597091,GET,/api/mixed/pipeline/1/,3.13,82,0,
2026-05-16T16:12:26.604443,GET,/api/mixed/http/,108.42,55353,0,
2026-05-16T16:12:26.636824,GET,/api/mixed/pipeline/1/,3.12,82,0,
2026-05-16T16:12:26.695641,GET,/api/mixed/http/,116.04,55353,0,
2026-05-16T16:12:26.702233,GET,/api/mixed/http/,108.85,55353,0,
2026-05-16T16:12:26.749930,GET,/api/mixed/http/,108.93,55353,0,
2026-05-16T16:12:26.770084,GET,/api/mixed/http/,109.31,55353,0,
2026-05-16T16:12:26.865112,GET,/api/mixed/db/1/,4.68,247,0,
2026-05-16T16:12:26.955964,GET,/api/mixed/pipeline/1/,12.19,82,0,
2026-05-16T16:12:26.985491,GET,/api/mixed/pipeline/1/,2.98,82,0,
2026-05-16T16:12:27.126764,GET,/api/mixed/http/,107.9,55353,0,
2026-05-16T16:12:27.151986,GET,/api/mixed/pipeline/1/,2.71,82,0,
2026-05-16T16:12:27.152893,GET,/api/mixed/db/1/,4.75,247,0,
2026-05-16T16:12:27.155392,GET,/api/mixed/pipeline/1/,3.28,82,0,
2026-05-16T16:12:27.299209,GET,/api/mixed/http/,109.14,55353,0,
2026-05-16T16:12:27.307509,GET,/api/mixed/db/1/,3.86,247,0,
2026-05-16T16:12:27.316551,GET,/api/mixed/pipeline/1/,2.7,82,0,
2026-05-16T16:12:27.340826,GET,/api/mixed/pipeline/1/,2.9,82,0,
2026-05-16T16:12:27.343641,GET,/api/mixed/pipeline/1/,2.71,82,0,
2026-05-16T16:12:27.362093,GET,/api/mixed/pipeline/1/,3.08,82,0,
2026-05-16T16:12:27.409374,GET,/api/mixed/db/1/,4.78,247,0,
2026-05-16T16:12:27.493794,GET,/api/mixed/pipeline/1/,2.8,82,0,
2026-05-16T16:12:27.507919,GET,/api/mixed/db/1/,3.82,247,0,
2026-05-16T16:12:27.513819,GET,/api/mixed/db/1/,3.55,247,0,
2026-05-16T16:12:27.537867,GET,/api/mixed/pipeline/1/,3.8,82,0,
2026-05-16T16:12:27.598198,GET,/api/mixed/http/,108.35,55353,0,
2026-05-16T16:12:27.615449,GET,/api/mixed/pipeline/1/,2.94,82,0,
2026-05-16T16:12:27.689043,GET,/api/mixed/pipeline/1/,2.74,82,0,
2026-05-16T16:12:27.720586,GET,/api/mixed/db/1/,4.17,247,0,
2026-05-16T16:12:27.764819,GET,/api/mixed/http/,107.97,55353,0,
2026-05-16T16:12:27.791076,GET,/api/mixed/db/1/,4.73,247,0,
2026-05-16T16:12:27.791576,GET,/api/mixed/http/,109.04,55353,0,
2026-05-16T16:12:27.834789,GET,/api/mixed/pipeline/1/,3.01,82,0,
2026-05-16T16:12:27.873023,GET,/api/mixed/pipeline/1/,2.96,82,0,
2026-05-16T16:12:27.895457,GET,/api/mixed/db/1/,4.1,247,0,
2026-05-16T16:12:27.898988,GET,/api/mixed/http/,108.95,55353,0,
2026-05-16T16:12:27.916959,GET,/api/mixed/http/,107.65,55353,0,
2026-05-16T16:12:27.972454,GET,/api/mixed/pipeline/1/,4.0,82,0,
2026-05-16T16:12:28.046169,GET,/api/mixed/pipeline/1/,3.27,82,0,
2026-05-16T16:12:28.094315,GET,/api/mixed/http/,108.52,55353,0,
2026-05-16T16:12:28.187116,GET,/api/mixed/http/,107.74,55353,0,
2026-05-16T16:12:28.228353,GET,/api/mixed/pipeline/1/,3.48,82,0,
2026-05-16T16:12:28.228820,GET,/api/mixed/db/1/,5.07,247,0,
2026-05-16T16:12:28.313078,GET,/api/mixed/http/,113.09,55353,0,
2026-05-16T16:12:28.355316,GET,/api/mixed/pipeline/1/,2.97,82,0,
2026-05-16T16:12:28.438633,GET,/api/mixed/pipeline/1/,3.22,82,0,
2026-05-16T16:12:28.439313,GET,/api/mixed/http/,108.72,55353,0,
2026-05-16T16:12:28.496574,GET,/api/mixed/http/,107.81,55353,0,
2026-05-16T16:12:28.518601,GET,/api/mixed/pipeline/1/,3.65,82,0,
2026-05-16T16:12:28.519010,GET,/api/mixed/pipeline/1/,3.5,82,0,
2026-05-16T16:12:28.542188,GET,/api/mixed/db/1/,3.84,247,0,
2026-05-16T16:12:28.549227,GET,/api/mixed/db/1/,3.83,247,0,
2026-05-16T16:12:28.600103,GET,/api/mixed/pipeline/1/,2.79,82,0,
2026-05-16T16:12:28.690488,GET,/api/mixed/pipeline/1/,3.06,82,0,
2026-05-16T16:12:28.699347,GET,/api/mixed/http/,107.63,55353,0,
2026-05-16T16:12:28.772346,GET,/api/mixed/pipeline/1/,3.73,82,0,
2026-05-16T16:12:28.775005,GET,/api/mixed/db/1/,5.02,247,0,
2026-05-16T16:12:28.872386,GET,/api/mixed/pipeline/1/,2.96,82,0,
2026-05-16T16:12:28.880169,GET,/api/mixed/db/1/,4.39,247,0,
2026-05-16T16:12:28.984826,GET,/api/mixed/http/,108.07,55353,0,
2026-05-16T16:12:29.082806,GET,/api/mixed/pipeline/1/,3.02,82,0,
2026-05-16T16:12:29.090121,GET,/api/mixed/pipeline/1/,2.91,82,0,
2026-05-16T16:12:29.103441,GET,/api/mixed/pipeline/1/,2.94,82,0,
2026-05-16T16:12:29.110151,GET,/api/mixed/http/,107.89,55353,0,
2026-05-16T16:12:29.151262,GET,/api/mixed/http/,108.28,55353,0,
2026-05-16T16:12:29.153360,GET,/api/mixed/pipeline/1/,3.91,82,0,
2026-05-16T16:12:29.194039,GET,/api/mixed/pipeline/1/,3.1,82,0,
2026-05-16T16:12:29.246275,GET,/api/mixed/db/1/,4.92,247,0,
2026-05-16T16:12:29.293665,GET,/api/mixed/db/1/,4.03,247,0,
2026-05-16T16:12:29.314319,GET,/api/mixed/db/1/,3.9,247,0,
2026-05-16T16:12:29.393586,GET,/api/mixed/pipeline/1/,3.79,82,0,
2026-05-16T16:12:29.409474,GET,/api/mixed/http/,108.61,55353,0,
2026-05-16T16:12:29.447970,GET,/api/mixed/pipeline/1/,3.98,82,0,
2026-05-16T16:12:29.599505,GET,/api/mixed/pipeline/1/,3.05,82,0,
2026-05-16T16:12:29.602723,GET,/api/mixed/http/,108.44,55353,0,
2026-05-16T16:12:29.603347,GET,/api/mixed/db/1/,3.69,247,0,
2026-05-16T16:12:29.633619,GET,/api/mixed/http/,108.09,55353,0,
2026-05-16T16:12:29.640347,GET,/api/mixed/http/,108.05,55353,0,
2026-05-16T16:12:29.651328,GET,/api/mixed/db/1/,3.78,247,0,
2026-05-16T16:12:29.663589,GET,/api/mixed/http/,109.27,55353,0,
2026-05-16T16:12:29.703098,GET,/api/mixed/db/1/,4.11,247,0,
2026-05-16T16:12:29.769633,GET,/api/mixed/http/,108.05,55353,0,
2026-05-16T16:12:29.794961,GET,/api/mixed/pipeline/1/,3.21,82,0,
2026-05-16T16:12:29.818134,GET,/api/mixed/pipeline/1/,2.98,82,0,
2026-05-16T16:12:29.869940,GET,/api/mixed/http/,108.57,55353,0,
2026-05-16T16:12:29.899539,GET,/api/mixed/http/,108.27,55353,0,
2026-05-16T16:12:29.946822,GET,/api/mixed/pipeline/1/,3.95,82,0,
2026-05-16T16:12:29.948123,GET,/api/mixed/db/1/,4.68,247,0,
2026-05-16T16:12:30.085509,GET,/api/mixed/db/1/,4.83,247,0,
2026-05-16T16:12:30.162405,GET,/api/mixed/http/,109.59,55353,0,
2026-05-16T16:12:30.187752,GET,/api/mixed/pipeline/1/,3.13,82,0,
2026-05-16T16:12:30.199542,GET,/api/mixed/http/,107.63,55353,0,
2026-05-16T16:12:30.203633,GET,/api/mixed/pipeline/1/,2.87,82,0,
2026-05-16T16:12:30.263889,GET,/api/mixed/pipeline/1/,3.29,82,0,
2026-05-16T16:12:30.296163,GET,/api/mixed/pipeline/1/,2.93,82,0,
2026-05-16T16:12:30.307360,GET,/api/mixed/pipeline/1/,2.86,82,0,
2026-05-16T16:12:30.316843,GET,/api/mixed/http/,107.94,55353,0,
2026-05-16T16:12:30.334219,GET,/api/mixed/db/1/,3.98,247,0,
2026-05-16T16:12:30.403495,GET,/api/mixed/pipeline/1/,3.75,82,0,
2026-05-16T16:12:30.404558,GET,/api/mixed/db/1/,4.28,247,0,
2026-05-16T16:12:30.436534,GET,/api/mixed/pipeline/1/,3.65,82,0,
2026-05-16T16:12:30.544977,GET,/api/mixed/pipeline/1/,3.23,82,0,
2026-05-16T16:12:30.589730,GET,/api/mixed/pipeline/1/,3.4,82,0,
2026-05-16T16:12:30.688372,GET,/api/mixed/pipeline/1/,3.33,82,0,
2026-05-16T16:12:30.689703,GET,/api/mixed/pipeline/1/,3.04,82,0,
2026-05-16T16:12:30.760499,GET,/api/mixed/http/,108.34,55353,0,
2026-05-16T16:12:30.762511,GET,/api/mixed/db/1/,4.51,247,0,
2026-05-16T16:12:30.769765,GET,/api/mixed/db/1/,3.88,247,0,
2026-05-16T16:12:30.810626,GET,/api/mixed/pipeline/1/,3.35,82,0,
2026-05-16T16:12:30.850846,GET,/api/mixed/pipeline/1/,3.84,82,0,
2026-05-16T16:12:30.885030,GET,/api/mixed/pipeline/1/,2.76,82,0,
2026-05-16T16:12:30.890280,GET,/api/mixed/db/1/,3.94,247,0,
2026-05-16T16:12:30.901111,GET,/api/mixed/db/1/,3.63,247,0,
2026-05-16T16:12:30.935398,GET,/api/mixed/db/1/,4.96,247,0,
2026-05-16T16:12:30.936407,GET,/api/mixed/pipeline/1/,2.74,82,0,
2026-05-16T16:12:30.966115,GET,/api/mixed/http/,108.83,55353,0,
2026-05-16T16:12:30.983045,GET,/api/mixed/db/1/,14.0,247,0,
2026-05-16T16:12:30.986810,GET,/api/mixed/http/,109.08,55353,0,
2026-05-16T16:12:30.991889,GET,/api/mixed/pipeline/1/,2.77,82,0,
2026-05-16T16:12:31.033045,GET,/api/mixed/pipeline/1/,2.94,82,0,
2026-05-16T16:12:31.038408,GET,/api/mixed/http/,107.46,55353,0,
2026-05-16T16:12:31.042293,GET,/api/mixed/db/1/,3.77,247,0,
2026-05-16T16:12:31.089474,GET,/api/mixed/http/,110.11,55353,0,
2026-05-16T16:12:31.122733,GET,/api/mixed/db/1/,4.03,247,0,
2026-05-16T16:12:31.185432,GET,/api/mixed/pipeline/1/,3.22,82,0,
2026-05-16T16:12:31.339902,GET,/api/mixed/pipeline/1/,3.19,82,0,
2026-05-16T16:12:31.347697,GET,/api/mixed/http/,107.99,55353,0,
2026-05-16T16:12:31.362145,GET,/api/mixed/db/1/,4.07,247,0,
2026-05-16T16:12:31.375663,GET,/api/mixed/pipeline/1/,3.15,82,0,
2026-05-16T16:12:31.553468,GET,/api/mixed/pipeline/1/,3.31,82,0,
2026-05-16T16:12:31.565426,GET,/api/mixed/http/,108.04,55353,0,
2026-05-16T16:12:31.583029,GET,/api/mixed/db/1/,4.19,247,0,
2026-05-16T16:12:31.630500,GET,/api/mixed/http/,108.25,55353,0,
2026-05-16T16:12:31.763901,GET,/api/mixed/http/,108.05,55353,0,
2026-05-16T16:12:31.804435,GET,/api/mixed/db/1/,4.11,247,0,
2026-05-16T16:12:31.808649,GET,/api/mixed/http/,108.02,55353,0,
2026-05-16T16:12:31.868619,GET,/api/mixed/pipeline/1/,3.21,82,0,
2026-05-16T16:12:31.921357,GET,/api/mixed/http/,112.57,55353,0,
2026-05-16T16:12:31.958959,GET,/api/mixed/db/1/,4.18,247,0,
2026-05-16T16:12:32.078692,GET,/api/mixed/http/,108.14,55353,0,
2026-05-16T16:12:32.079276,GET,/api/mixed/http/,114.47,55353,0,
2026-05-16T16:12:32.136273,GET,/api/mixed/db/1/,4.59,247,0,
2026-05-16T16:12:32.160358,GET,/api/mixed/pipeline/1/,2.99,82,0,
2026-05-16T16:12:32.204326,GET,/api/mixed/http/,107.79,55353,0,
2026-05-16T16:12:32.213049,GET,/api/mixed/http/,108.99,55353,0,
2026-05-16T16:12:32.244582,GET,/api/mixed/http/,109.24,55353,0,
2026-05-16T16:12:32.258627,GET,/api/mixed/http/,107.84,55353,0,
2026-05-16T16:12:32.281931,GET,/api/mixed/pipeline/1/,2.95,82,0,
2026-05-16T16:12:32.339644,GET,/api/mixed/http/,108.33,55353,0,
2026-05-16T16:12:32.371819,GET,/api/mixed/pipeline/1/,3.58,82,0,
2026-05-16T16:12:32.394441,GET,/api/mixed/db/1/,3.98,247,0,
2026-05-16T16:12:32.455030,GET,/api/mixed/http/,108.99,55353,0,
2026-05-16T16:12:32.463139,GET,/api/mixed/pipeline/1/,4.69,82,0,
2026-05-16T16:12:32.479871,GET,/api/mixed/http/,116.21,55353,0,
2026-05-16T16:12:32.506242,GET,/api/mixed/http/,107.45,55353,0,
2026-05-16T16:12:32.524388,GET,/api/mixed/pipeline/1/,2.92,82,0,
2026-05-16T16:12:32.545648,GET,/api/mixed/db/1/,3.83,247,0,
2026-05-16T16:12:32.586980,GET,/api/mixed/db/1/,4.04,247,0,
2026-05-16T16:12:32.594433,GET,/api/mixed/db/1/,3.84,247,0,
2026-05-16T16:12:32.629695,GET,/api/mixed/pipeline/1/,2.79,82,0,
2026-05-16T16:12:32.715649,GET,/api/mixed/http/,107.92,55353,0,
2026-05-16T16:12:32.722119,GET,/api/mixed/db/1/,7.54,247,0,
2026-05-16T16:12:32.735255,GET,/api/mixed/http/,115.84,55353,0,
2026-05-16T16:12:32.773811,GET,/api/mixed/http/,107.82,55353,0,
2026-05-16T16:12:32.843367,GET,/api/mixed/http/,110.53,55353,0,
2026-05-16T16:12:32.957181,GET,/api/mixed/http/,108.44,55353,0,
2026-05-16T16:12:33.049060,GET,/api/mixed/http/,111.31,55353,0,
2026-05-16T16:12:33.062312,GET,/api/mixed/http/,107.88,55353,0,
2026-05-16T16:12:33.063277,GET,/api/mixed/db/1/,3.88,247,0,
2026-05-16T16:12:33.070234,GET,/api/mixed/pipeline/1/,2.79,82,0,
2026-05-16T16:12:33.138373,GET,/api/mixed/db/1/,4.72,247,0,
2026-05-16T16:12:33.189603,GET,/api/mixed/pipeline/1/,3.31,82,0,
2026-05-16T16:12:33.192931,GET,/api/mixed/db/1/,4.29,247,0,
2026-05-16T16:12:33.297158,GET,/api/mixed/http/,112.51,55353,0,
2026-05-16T16:12:33.307250,GET,/api/mixed/pipeline/1/,2.74,82,0,
2026-05-16T16:12:33.348821,GET,/api/mixed/pipeline/1/,3.35,82,0,
2026-05-16T16:12:33.352182,GET,/api/mixed/db/1/,4.19,247,0,
2026-05-16T16:12:33.401643,GET,/api/mixed/http/,110.46,55353,0,
2026-05-16T16:12:33.602671,GET,/api/mixed/http/,113.75,55353,0,
2026-05-16T16:12:33.659890,GET,/api/mixed/db/1/,4.02,247,0,
2026-05-16T16:12:33.691358,GET,/api/mixed/pipeline/1/,3.09,82,0,
2026-05-16T16:12:33.732909,GET,/api/mixed/db/1/,4.24,247,0,
2026-05-16T16:12:33.741797,GET,/api/mixed/http/,107.79,55353,0,
2026-05-16T16:12:33.800405,GET,/api/mixed/http/,107.85,55353,0,
2026-05-16T16:12:33.805540,GET,/api/mixed/db/1/,3.77,247,0,
2026-05-16T16:12:33.819994,GET,/api/mixed/db/1/,4.23,247,0,
2026-05-16T16:12:33.831230,GET,/api/mixed/http/,111.65,55353,0,
2026-05-16T16:12:33.961395,GET,/api/mixed/http/,107.91,55353,0,
2026-05-16T16:12:34.015005,GET,/api/mixed/http/,107.94,55353,0,
2026-05-16T16:12:34.104020,GET,/api/mixed/pipeline/1/,6.04,82,0,
2026-05-16T16:12:34.165421,GET,/api/mixed/http/,108.07,55353,0,
2026-05-16T16:12:34.171527,GET,/api/mixed/pipeline/1/,2.88,82,0,
2026-05-16T16:12:34.198554,GET,/api/mixed/db/1/,4.62,247,0,
2026-05-16T16:12:34.207707,GET,/api/mixed/http/,108.88,55353,0,
2026-05-16T16:12:34.222556,GET,/api/mixed/pipeline/1/,10.99,82,0,
2026-05-16T16:12:34.265423,GET,/api/mixed/db/1/,3.91,247,0,
2026-05-16T16:12:34.339818,GET,/api/mixed/http/,108.79,55353,0,
2026-05-16T16:12:34.369327,GET,/api/mixed/http/,114.49,55353,0,
2026-05-16T16:12:34.381297,GET,/api/mixed/http/,108.55,55353,0,
2026-05-16T16:12:34.492300,GET,/api/mixed/db/1/,4.33,247,0,
2026-05-16T16:12:34.504357,GET,/api/mixed/pipeline/1/,2.83,82,0,
2026-05-16T16:12:34.579224,GET,/api/mixed/db/1/,4.36,247,0,
2026-05-16T16:12:34.638711,GET,/api/mixed/pipeline/1/,3.57,82,0,
2026-05-16T16:12:34.678026,GET,/api/mixed/pipeline/1/,3.16,82,0,
2026-05-16T16:12:34.698104,GET,/api/mixed/http/,108.64,55353,0,
2026-05-16T16:12:34.729258,GET,/api/mixed/http/,111.81,55353,0,
2026-05-16T16:12:34.746208,GET,/api/mixed/http/,108.34,55353,0,
2026-05-16T16:12:34.950351,GET,/api/mixed/pipeline/1/,3.18,82,0,
2026-05-16T16:12:35.056617,GET,/api/mixed/db/1/,4.39,247,0,
2026-05-16T16:12:35.062161,GET,/api/mixed/http/,107.52,55353,0,
2026-05-16T16:12:35.079412,GET,/api/mixed/db/1/,3.87,247,0,
2026-05-16T16:12:35.103871,GET,/api/mixed/db/1/,4.13,247,0,
2026-05-16T16:12:35.109172,GET,/api/mixed/http/,107.69,55353,0,
2026-05-16T16:12:35.181036,GET,/api/mixed/db/1/,4.46,247,0,
2026-05-16T16:12:35.216136,GET,/api/mixed/db/1/,8.54,247,0,
2026-05-16T16:12:35.230436,GET,/api/mixed/pipeline/1/,4.64,82,0,
2026-05-16T16:12:35.262715,GET,/api/mixed/db/1/,3.95,247,0,
2026-05-16T16:12:35.301689,GET,/api/mixed/http/,108.12,55353,0,
2026-05-16T16:12:35.334909,GET,/api/mixed/http/,108.23,55353,0,
2026-05-16T16:12:35.401552,GET,/api/mixed/db/1/,4.44,247,0,
2026-05-16T16:12:35.441814,GET,/api/mixed/http/,108.9,55353,0,
2026-05-16T16:12:35.482902,GET,/api/mixed/db/1/,19.67,247,0,
2026-05-16T16:12:35.510507,GET,/api/mixed/http/,108.77,55353,0,
2026-05-16T16:12:35.525338,GET,/api/mixed/pipeline/1/,3.36,82,0,
2026-05-16T16:12:35.613092,GET,/api/mixed/db/1/,5.31,247,0,
2026-05-16T16:12:35.687603,GET,/api/mixed/http/,110.0,55353,0,
2026-05-16T16:12:35.692605,GET,/api/mixed/pipeline/1/,2.96,82,0,
2026-05-16T16:12:35.693857,GET,/api/mixed/db/1/,4.78,247,0,
2026-05-16T16:12:35.731864,GET,/api/mixed/pipeline/1/,3.58,82,0,
2026-05-16T16:12:35.740944,GET,/api/mixed/pipeline/1/,2.83,82,0,
2026-05-16T16:12:35.902227,GET,/api/mixed/pipeline/1/,5.52,82,0,
2026-05-16T16:12:35.914876,GET,/api/mixed/db/1/,5.18,247,0,
2026-05-16T16:12:36.016020,GET,/api/mixed/pipeline/1/,2.94,82,0,
2026-05-16T16:12:36.092568,GET,/api/mixed/pipeline/1/,3.18,82,0,
2026-05-16T16:12:36.114333,GET,/api/mixed/db/1/,3.87,247,0,
2026-05-16T16:12:36.117338,GET,/api/mixed/http/,108.13,55353,0,
2026-05-16T16:12:36.125709,GET,/api/mixed/http/,107.28,55353,0,
2026-05-16T16:12:36.162817,GET,/api/mixed/http/,108.88,55353,0,
2026-05-16T16:12:36.210229,GET,/api/mixed/db/1/,6.66,247,0,
2026-05-16T16:12:36.225503,GET,/api/mixed/http/,121.56,55353,0,
2026-05-16T16:12:36.226216,GET,/api/mixed/db/1/,15.73,247,0,
2026-05-16T16:12:36.366993,GET,/api/mixed/pipeline/1/,3.19,82,0,
2026-05-16T16:12:36.395487,GET,/api/mixed/pipeline/1/,3.12,82,0,
2026-05-16T16:12:36.421313,GET,/api/mixed/pipeline/1/,3.14,82,0,
2026-05-16T16:12:36.487944,GET,/api/mixed/db/1/,4.2,247,0,
2026-05-16T16:12:36.517837,GET,/api/mixed/db/1/,4.6,247,0,
2026-05-16T16:12:36.525312,GET,/api/mixed/db/1/,4.23,247,0,
2026-05-16T16:12:36.535028,GET,/api/mixed/pipeline/1/,2.76,82,0,
2026-05-16T16:12:36.564278,GET,/api/mixed/pipeline/1/,2.92,82,0,
2026-05-16T16:12:36.596037,GET,/api/mixed/pipeline/1/,3.05,82,0,
2026-05-16T16:12:36.636933,GET,/api/mixed/http/,108.39,55353,0,
2026-05-16T16:12:36.658271,GET,/api/mixed/pipeline/1/,4.01,82,0,
2026-05-16T16:12:36.673120,GET,/api/mixed/http/,107.63,55353,0,
2026-05-16T16:12:36.699159,GET,/api/mixed/pipeline/1/,3.09,82,0,
2026-05-16T16:12:36.705573,GET,/api/mixed/pipeline/1/,3.02,82,0,
2026-05-16T16:12:36.716194,GET,/api/mixed/pipeline/1/,3.3,82,0,
2026-05-16T16:12:36.738878,GET,/api/mixed/db/1/,9.78,247,0,
2026-05-16T16:12:36.765809,GET,/api/mixed/http/,108.86,55353,0,
2026-05-16T16:12:36.789792,GET,/api/mixed/http/,108.44,55353,0,
2026-05-16T16:12:36.843312,GET,/api/mixed/http/,121.41,55353,0,
2026-05-16T16:12:36.870998,GET,/api/mixed/db/1/,4.31,247,0,
2026-05-16T16:12:36.911564,GET,/api/mixed/db/1/,4.32,247,0,
2026-05-16T16:12:37.037769,GET,/api/mixed/http/,107.93,55353,0,
2026-05-16T16:12:37.048515,GET,/api/mixed/db/1/,4.27,247,0,
2026-05-16T16:12:37.235536,GET,/api/mixed/pipeline/1/,9.19,82,0,
2026-05-16T16:12:37.289795,GET,/api/mixed/pipeline/1/,3.04,82,0,
2026-05-16T16:12:37.365168,GET,/api/mixed/pipeline/1/,3.23,82,0,
2026-05-16T16:12:37.370034,GET,/api/mixed/http/,108.05,55353,0,
2026-05-16T16:12:37.432272,GET,/api/mixed/db/1/,4.78,247,0,
2026-05-16T16:12:37.453458,GET,/api/mixed/http/,108.34,55353,0,
2026-05-16T16:12:37.463920,GET,/api/mixed/db/1/,4.21,247,0,
2026-05-16T16:12:37.574588,GET,/api/mixed/db/1/,4.24,247,0,
2026-05-16T16:12:38.445384,GET,/api/mixed/db/1/,4.49,247,0,
2026-05-16T16:12:38.473694,GET,/api/mixed/db/1/,4.99,247,0,
2026-05-16T16:12:38.474885,GET,/api/mixed/pipeline/1/,3.4,82,0,
2026-05-16T16:12:38.481321,GET,/api/mixed/http/,109.4,55353,0,
2026-05-16T16:12:38.550241,GET,/api/mixed/pipeline/1/,3.23,82,0,
2026-05-16T16:12:38.579333,GET,/api/mixed/pipeline/1/,3.8,82,0,
2026-05-16T16:12:38.588536,GET,/api/mixed/http/,108.39,55353,0,
2026-05-16T16:12:38.591520,GET,/api/mixed/pipeline/1/,2.86,82,0,
2026-05-16T16:12:38.663252,GET,/api/mixed/pipeline/1/,3.27,82,0,
2026-05-16T16:12:38.680665,GET,/api/mixed/pipeline/1/,3.11,82,0,
2026-05-16T16:12:38.711797,GET,/api/mixed/pipeline/1/,3.7,82,0,
2026-05-16T16:12:38.713185,GET,/api/mixed/db/1/,4.52,247,0,
2026-05-16T16:12:38.791043,GET,/api/mixed/pipeline/1/,15.17,82,0,
2026-05-16T16:12:38.815082,GET,/api/mixed/db/1/,4.26,247,0,
2026-05-16T16:12:38.837142,GET,/api/mixed/db/1/,4.83,247,0,
2026-05-16T16:12:38.839596,GET,/api/mixed/pipeline/1/,3.61,82,0,
2026-05-16T16:12:38.859135,GET,/api/mixed/db/1/,4.31,247,0,
2026-05-16T16:12:38.915322,GET,/api/mixed/pipeline/1/,2.94,82,0,
2026-05-16T16:12:38.999420,GET,/api/mixed/db/1/,4.82,247,0,
2026-05-16T16:12:39.047692,GET,/api/mixed/db/1/,4.55,247,0,
2026-05-16T16:12:39.053717,GET,/api/mixed/db/1/,3.81,247,0,
2026-05-16T16:12:39.057569,GET,/api/mixed/db/1/,5.19,247,0,
2026-05-16T16:12:39.212602,GET,/api/mixed/db/1/,4.25,247,0,
2026-05-16T16:12:39.232828,GET,/api/mixed/db/1/,4.01,247,0,
2026-05-16T16:12:39.257848,GET,/api/mixed/db/1/,4.63,247,0,
2026-05-16T16:12:39.261843,GET,/api/mixed/db/1/,4.87,247,0,
2026-05-16T16:12:39.264255,GET,/api/mixed/pipeline/1/,3.54,82,0,
2026-05-16T16:12:39.328292,GET,/api/mixed/http/,108.3,55353,0,
2026-05-16T16:12:39.351547,GET,/api/mixed/db/1/,3.92,247,0,
2026-05-16T16:12:39.476863,GET,/api/mixed/http/,108.07,55353,0,
2026-05-16T16:12:39.509663,GET,/api/mixed/db/1/,4.71,247,0,
2026-05-16T16:12:39.540456,GET,/api/mixed/db/1/,5.27,247,0,
2026-05-16T16:12:39.556172,GET,/api/mixed/http/,113.37,55353,0,
2026-05-16T16:12:39.556960,GET,/api/mixed/http/,111.22,55353,0,
2026-05-16T16:12:39.596147,GET,/api/mixed/http/,107.95,55353,0,
2026-05-16T16:12:39.614599,GET,/api/mixed/db/1/,3.89,247,0,
2026-05-16T16:12:39.658880,GET,/api/mixed/db/1/,4.04,247,0,
2026-05-16T16:12:39.766514,GET,/api/mixed/http/,108.97,55353,0,
2026-05-16T16:12:39.830366,GET,/api/mixed/pipeline/1/,3.43,82,0,
2026-05-16T16:12:39.831569,GET,/api/mixed/db/1/,5.18,247,0,
2026-05-16T16:12:39.842030,GET,/api/mixed/http/,108.62,55353,0,
2026-05-16T16:12:39.868435,GET,/api/mixed/pipeline/1/,3.04,82,0,
2026-05-16T16:12:39.989557,GET,/api/mixed/db/1/,4.35,247,0,
2026-05-16T16:12:40.006837,GET,/api/mixed/http/,108.12,55353,0,
2026-05-16T16:12:40.038563,GET,/api/mixed/http/,108.23,55353,0,
2026-05-16T16:12:40.098241,GET,/api/mixed/pipeline/1/,3.24,82,0,
2026-05-16T16:12:40.200683,GET,/api/mixed/pipeline/1/,3.02,82,0,
2026-05-16T16:12:40.230233,GET,/api/mixed/db/1/,3.99,247,0,
2026-05-16T16:12:40.264477,GET,/api/mixed/db/1/,5.0,247,0,
2026-05-16T16:12:40.317336,GET,/api/mixed/db/1/,18.42,247,0,
2026-05-16T16:12:40.385211,GET,/api/mixed/pipeline/1/,3.46,82,0,
2026-05-16T16:12:40.395756,GET,/api/mixed/pipeline/1/,3.33,82,0,
2026-05-16T16:12:40.417884,GET,/api/mixed/http/,113.45,55353,0,
2026-05-16T16:12:40.558275,GET,/api/mixed/http/,117.05,55353,0,
2026-05-16T16:12:40.589537,GET,/api/mixed/db/1/,4.8,247,0,
2026-05-16T16:12:40.608185,GET,/api/mixed/db/1/,4.29,247,0,
2026-05-16T16:12:40.638988,GET,/api/mixed/db/1/,4.24,247,0,
2026-05-16T16:12:40.645486,GET,/api/mixed/pipeline/1/,3.12,82,0,
2026-05-16T16:12:40.779883,GET,/api/mixed/pipeline/1/,2.97,82,0,
2026-05-16T16:12:40.813406,GET,/api/mixed/pipeline/1/,10.89,82,0,
2026-05-16T16:12:40.838170,GET,/api/mixed/http/,107.82,55353,0,
2026-05-16T16:12:40.844080,GET,/api/mixed/http/,108.24,55353,0,
2026-05-16T16:12:40.915546,GET,/api/mixed/http/,116.31,55353,0,
2026-05-16T16:12:40.920781,GET,/api/mixed/http/,108.8,55353,0,
2026-05-16T16:12:40.934524,GET,/api/mixed/http/,108.03,55353,0,
2026-05-16T16:12:40.938247,GET,/api/mixed/http/,108.03,55353,0,
2026-05-16T16:12:40.982570,GET,/api/mixed/http/,108.1,55353,0,
2026-05-16T16:12:41.002489,GET,/api/mixed/http/,108.47,55353,0,
2026-05-16T16:12:41.038446,GET,/api/mixed/pipeline/1/,2.99,82,0,
2026-05-16T16:12:41.046406,GET,/api/mixed/db/1/,3.64,247,0,
2026-05-16T16:12:41.059881,GET,/api/mixed/http/,114.25,55353,0,
2026-05-16T16:12:41.083711,GET,/api/mixed/db/1/,4.24,247,0,
2026-05-16T16:12:41.120953,GET,/api/mixed/http/,109.13,55353,0,
2026-05-16T16:12:41.126023,GET,/api/mixed/pipeline/1/,2.74,82,0,
2026-05-16T16:12:41.170540,GET,/api/mixed/db/1/,4.17,247,0,
2026-05-16T16:12:41.183852,GET,/api/mixed/pipeline/1/,2.92,82,0,
2026-05-16T16:12:41.258661,GET,/api/mixed/db/1/,4.13,247,0,
2026-05-16T16:12:41.319495,GET,/api/mixed/db/1/,4.42,247,0,
2026-05-16T16:12:41.341072,GET,/api/mixed/db/1/,4.18,247,0,
2026-05-16T16:12:41.402895,GET,/api/mixed/db/1/,3.94,247,0,
2026-05-16T16:12:41.437595,GET,/api/mixed/db/1/,4.07,247,0,
2026-05-16T16:12:41.463730,GET,/api/mixed/pipeline/1/,3.77,82,0,
2026-05-16T16:12:41.479899,GET,/api/mixed/db/1/,3.97,247,0,
2026-05-16T16:12:41.489927,GET,/api/mixed/http/,107.65,55353,0,
2026-05-16T16:12:41.565702,GET,/api/mixed/db/1/,12.57,247,0,
2026-05-16T16:12:41.653596,GET,/api/mixed/pipeline/1/,3.03,82,0,
2026-05-16T16:12:41.698005,GET,/api/mixed/http/,107.92,55353,0,
2026-05-16T16:12:41.732429,GET,/api/mixed/db/1/,4.02,247,0,
2026-05-16T16:12:41.736478,GET,/api/mixed/http/,107.59,55353,0,
2026-05-16T16:12:41.838855,GET,/api/mixed/db/1/,5.72,247,0,
2026-05-16T16:12:41.854407,GET,/api/mixed/pipeline/1/,3.15,82,0,
2026-05-16T16:12:41.881010,GET,/api/mixed/http/,108.3,55353,0,
2026-05-16T16:12:41.905767,GET,/api/mixed/db/1/,4.4,247,0,
2026-05-16T16:12:41.994250,GET,/api/mixed/http/,108.8,55353,0,
2026-05-16T16:12:41.996362,GET,/api/mixed/pipeline/1/,3.27,82,0,
2026-05-16T16:12:42.072704,GET,/api/mixed/pipeline/1/,4.96,82,0,
2026-05-16T16:12:42.074178,GET,/api/mixed/db/1/,9.43,247,0,
2026-05-16T16:12:42.098670,GET,/api/mixed/pipeline/1/,3.1,82,0,
2026-05-16T16:12:42.116174,GET,/api/mixed/http/,108.47,55353,0,
2026-05-16T16:12:42.162763,GET,/api/mixed/http/,108.1,55353,0,
2026-05-16T16:12:42.193002,GET,/api/mixed/pipeline/1/,2.98,82,0,
2026-05-16T16:12:42.197880,GET,/api/mixed/pipeline/1/,2.66,82,0,
2026-05-16T16:12:42.208107,GET,/api/mixed/pipeline/1/,2.88,82,0,
2026-05-16T16:12:42.262844,GET,/api/mixed/db/1/,4.26,247,0,
2026-05-16T16:12:42.287263,GET,/api/mixed/db/1/,5.14,247,0,
2026-05-16T16:12:42.290042,GET,/api/mixed/pipeline/1/,4.54,82,0,
2026-05-16T16:12:42.337540,GET,/api/mixed/db/1/,4.28,247,0,
2026-05-16T16:12:42.450955,GET,/api/mixed/http/,108.08,55353,0,
2026-05-16T16:12:42.519562,GET,/api/mixed/db/1/,6.28,247,0,
2026-05-16T16:12:42.553746,GET,/api/mixed/http/,108.23,55353,0,
2026-05-16T16:12:42.635890,GET,/api/mixed/http/,108.93,55353,0,
2026-05-16T16:12:42.640696,GET,/api/mixed/http/,108.55,55353,0,
2026-05-16T16:12:42.641126,GET,/api/mixed/db/1/,3.9,247,0,
2026-05-16T16:12:42.778521,GET,/api/mixed/db/1/,4.21,247,0,
2026-05-16T16:12:42.801117,GET,/api/mixed/pipeline/1/,3.18,82,0,
2026-05-16T16:12:42.915303,GET,/api/mixed/pipeline/1/,2.81,82,0,
2026-05-16T16:12:42.951352,GET,/api/mixed/http/,108.13,55353,0,
2026-05-16T16:12:42.975683,GET,/api/mixed/http/,107.85,55353,0,
2026-05-16T16:12:42.981772,GET,/api/mixed/http/,108.25,55353,0,
2026-05-16T16:12:42.987102,GET,/api/mixed/db/1/,3.96,247,0,
2026-05-16T16:12:43.007870,GET,/api/mixed/http/,107.89,55353,0,
2026-05-16T16:12:43.073461,GET,/api/mixed/pipeline/1/,3.69,82,0,
2026-05-16T16:12:43.084818,GET,/api/mixed/http/,109.01,55353,0,
2026-05-16T16:12:43.242695,GET,/api/mixed/pipeline/1/,5.16,82,0,
2026-05-16T16:12:43.264997,GET,/api/mixed/db/1/,4.3,247,0,
2026-05-16T16:12:43.295639,GET,/api/mixed/db/1/,5.24,247,0,
2026-05-16T16:12:43.322011,GET,/api/mixed/db/1/,5.6,247,0,
2026-05-16T16:12:43.369736,GET,/api/mixed/http/,109.53,55353,0,
2026-05-16T16:12:43.412315,GET,/api/mixed/pipeline/1/,3.14,82,0,
2026-05-16T16:12:43.425559,GET,/api/mixed/db/1/,3.89,247,0,
2026-05-16T16:12:43.517363,GET,/api/mixed/pipeline/1/,3.36,82,0,
2026-05-16T16:12:43.529994,GET,/api/mixed/db/1/,4.31,247,0,
2026-05-16T16:12:43.577115,GET,/api/mixed/db/1/,13.17,247,0,
2026-05-16T16:12:43.577572,GET,/api/mixed/db/1/,10.84,247,0,
2026-05-16T16:12:43.641241,GET,/api/mixed/pipeline/1/,3.32,82,0,
2026-05-16T16:12:43.691802,GET,/api/mixed/http/,107.97,55353,0,
2026-05-16T16:12:43.715386,GET,/api/mixed/pipeline/1/,3.27,82,0,
2026-05-16T16:12:43.799422,GET,/api/mixed/db/1/,4.01,247,0,
2026-05-16T16:12:43.865800,GET,/api/mixed/http/,108.14,55353,0,
2026-05-16T16:12:43.905683,GET,/api/mixed/db/1/,6.61,247,0,
2026-05-16T16:12:43.979159,GET,/api/mixed/pipeline/1/,3.03,82,0,
2026-05-16T16:12:44.112701,GET,/api/mixed/pipeline/1/,3.06,82,0,
2026-05-16T16:12:44.122182,GET,/api/mixed/db/1/,4.2,247,0,
2026-05-16T16:12:44.138862,GET,/api/mixed/pipeline/1/,3.32,82,0,
2026-05-16T16:12:44.191946,GET,/api/mixed/http/,108.13,55353,0,
2026-05-16T16:12:44.213361,GET,/api/mixed/db/1/,4.08,247,0,
2026-05-16T16:12:44.238897,GET,/api/mixed/pipeline/1/,3.16,82,0,
2026-05-16T16:12:44.290352,GET,/api/mixed/pipeline/1/,3.2,82,0,
2026-05-16T16:12:44.308726,GET,/api/mixed/pipeline/1/,3.15,82,0,
2026-05-16T16:12:44.333081,GET,/api/mixed/pipeline/1/,3.12,82,0,
2026-05-16T16:12:44.340597,GET,/api/mixed/pipeline/1/,3.13,82,0,
2026-05-16T16:12:44.376116,GET,/api/mixed/pipeline/1/,3.23,82,0,
2026-05-16T16:12:44.386248,GET,/api/mixed/db/1/,4.81,247,0,
2026-05-16T16:12:44.444844,GET,/api/mixed/pipeline/1/,3.36,82,0,
2026-05-16T16:12:44.492471,GET,/api/mixed/http/,108.19,55353,0,
2026-05-16T16:12:44.497731,GET,/api/mixed/db/1/,3.86,247,0,
2026-05-16T16:12:44.502711,GET,/api/mixed/http/,108.2,55353,0,
2026-05-16T16:12:44.532884,GET,/api/mixed/pipeline/1/,2.96,82,0,
2026-05-16T16:12:44.539811,GET,/api/mixed/db/1/,3.58,247,0,
2026-05-16T16:12:44.546981,GET,/api/mixed/pipeline/1/,2.8,82,0,
2026-05-16T16:12:44.575521,GET,/api/mixed/db/1/,4.26,247,0,
2026-05-16T16:12:44.619659,GET,/api/mixed/db/1/,4.08,247,0,
2026-05-16T16:12:44.687333,GET,/api/mixed/pipeline/1/,3.16,82,0,
2026-05-16T16:12:44.691565,GET,/api/mixed/http/,108.65,55353,0,
2026-05-16T16:12:44.828346,GET,/api/mixed/http/,113.42,55353,0,
2026-05-16T16:12:44.854371,GET,/api/mixed/http/,107.94,55353,0,
2026-05-16T16:12:44.888656,GET,/api/mixed/db/1/,3.83,247,0,
2026-05-16T16:12:44.907311,GET,/api/mixed/db/1/,4.45,247,0,
2026-05-16T16:12:44.909688,GET,/api/mixed/pipeline/1/,3.28,82,0,
2026-05-16T16:12:44.944724,GET,/api/mixed/http/,107.81,55353,0,
2026-05-16T16:12:44.957942,GET,/api/mixed/http/,108.47,55353,0,
2026-05-16T16:12:44.992103,GET,/api/mixed/http/,108.52,55353,0,
2026-05-16T16:12:45.074267,GET,/api/mixed/pipeline/1/,10.34,82,0,
2026-05-16T16:12:45.174886,GET,/api/mixed/db/1/,4.29,247,0,
2026-05-16T16:12:45.183127,GET,/api/mixed/http/,114.11,55353,0,
2026-05-16T16:12:45.286523,GET,/api/mixed/db/1/,4.2,247,0,
2026-05-16T16:12:45.305713,GET,/api/mixed/db/1/,3.94,247,0,
2026-05-16T16:12:45.316327,GET,/api/mixed/http/,108.94,55353,0,
2026-05-16T16:12:45.332409,GET,/api/mixed/db/1/,9.24,247,0,
2026-05-16T16:12:45.352789,GET,/api/mixed/db/1/,4.0,247,0,
2026-05-16T16:12:45.362127,GET,/api/mixed/pipeline/1/,2.71,82,0,
2026-05-16T16:12:45.376363,GET,/api/mixed/db/1/,4.91,247,0,
2026-05-16T16:12:45.460663,GET,/api/mixed/http/,107.76,55353,0,
2026-05-16T16:12:45.461192,GET,/api/mixed/db/1/,4.25,247,0,
2026-05-16T16:12:45.486586,GET,/api/mixed/pipeline/1/,4.17,82,0,
2026-05-16T16:12:45.487561,GET,/api/mixed/pipeline/1/,4.64,82,0,
2026-05-16T16:12:45.488809,GET,/api/mixed/db/1/,5.5,247,0,
2026-05-16T16:12:45.591035,GET,/api/mixed/db/1/,3.94,247,0,
2026-05-16T16:12:45.737008,GET,/api/mixed/db/1/,5.1,247,0,
2026-05-16T16:12:45.804251,GET,/api/mixed/pipeline/1/,3.08,82,0,
2026-05-16T16:12:45.882717,GET,/api/mixed/db/1/,6.74,247,0,
2026-05-16T16:12:45.887479,GET,/api/mixed/pipeline/1/,4.53,82,0,
2026-05-16T16:12:45.897423,GET,/api/mixed/http/,108.12,55353,0,
2026-05-16T16:12:45.949103,GET,/api/mixed/db/1/,4.91,247,0,
2026-05-16T16:12:45.949600,GET,/api/mixed/db/1/,4.83,247,0,
2026-05-16T16:12:45.954427,GET,/api/mixed/pipeline/1/,3.59,82,0,
2026-05-16T16:12:46.009794,GET,/api/mixed/http/,108.05,55353,0,
2026-05-16T16:12:46.034301,GET,/api/mixed/db/1/,4.12,247,0,
2026-05-16T16:12:46.074974,GET,/api/mixed/pipeline/1/,11.01,82,0,
2026-05-16T16:12:46.108734,GET,/api/mixed/http/,107.88,55353,0,
2026-05-16T16:12:46.142877,GET,/api/mixed/db/1/,3.9,247,0,
2026-05-16T16:12:46.187651,GET,/api/mixed/pipeline/1/,2.92,82,0,
2026-05-16T16:12:46.230945,GET,/api/mixed/db/1/,4.06,247,0,
2026-05-16T16:12:46.270588,GET,/api/mixed/pipeline/1/,4.16,82,0,
2026-05-16T16:12:46.283607,GET,/api/mixed/http/,109.49,55353,0,
2026-05-16T16:12:46.305338,GET,/api/mixed/pipeline/1/,4.42,82,0,
2026-05-16T16:12:46.340190,GET,/api/mixed/pipeline/1/,3.06,82,0,
2026-05-16T16:12:46.349086,GET,/api/mixed/db/1/,3.6,247,0,
2026-05-16T16:12:46.444741,GET,/api/mixed/db/1/,4.23,247,0,
2026-05-16T16:12:46.458456,GET,/api/mixed/http/,108.06,55353,0,
2026-05-16T16:12:46.519695,GET,/api/mixed/db/1/,4.23,247,0,
2026-05-16T16:12:46.543610,GET,/api/mixed/http/,109.64,55353,0,
2026-05-16T16:12:46.597561,GET,/api/mixed/http/,107.73,55353,0,
2026-05-16T16:12:46.683932,GET,/api/mixed/db/1/,4.07,247,0,
2026-05-16T16:12:46.734610,GET,/api/mixed/http/,108.64,55353,0,
2026-05-16T16:12:46.827752,GET,/api/mixed/pipeline/1/,3.07,82,0,
2026-05-16T16:12:46.854439,GET,/api/mixed/db/1/,4.02,247,0,
2026-05-16T16:12:46.865737,GET,/api/mixed/pipeline/1/,3.92,82,0,
2026-05-16T16:12:46.948968,GET,/api/mixed/pipeline/1/,3.09,82,0,
2026-05-16T16:12:46.974465,GET,/api/mixed/db/1/,4.14,247,0,
2026-05-16T16:12:47.028926,GET,/api/mixed/http/,107.81,55353,0,
2026-05-16T16:12:47.163155,GET,/api/mixed/http/,111.75,55353,0,
2026-05-16T16:12:47.187587,GET,/api/mixed/db/1/,4.15,247,0,
2026-05-16T16:12:47.188111,GET,/api/mixed/http/,107.94,55353,0,
2026-05-16T16:12:47.211859,GET,/api/mixed/pipeline/1/,2.89,82,0,
2026-05-16T16:12:47.303219,GET,/api/mixed/http/,107.92,55353,0,
2026-05-16T16:12:47.328929,GET,/api/mixed/http/,107.74,55353,0,
2026-05-16T16:12:47.346123,GET,/api/mixed/http/,108.39,55353,0,
2026-05-16T16:12:47.404609,GET,/api/mixed/http/,118.93,55353,0,
2026-05-16T16:12:47.441716,GET,/api/mixed/pipeline/1/,3.69,82,0,
2026-05-16T16:12:47.444059,GET,/api/mixed/pipeline/1/,3.27,82,0,
2026-05-16T16:12:47.476343,GET,/api/mixed/pipeline/1/,3.07,82,0,
2026-05-16T16:12:47.531763,GET,/api/mixed/pipeline/1/,3.05,82,0,
2026-05-16T16:12:47.579207,GET,/api/mixed/db/1/,4.06,247,0,
2026-05-16T16:12:47.667931,GET,/api/mixed/db/1/,4.08,247,0,
2026-05-16T16:12:47.750171,GET,/api/mixed/pipeline/1/,3.9,82,0,
2026-05-16T16:12:47.773558,GET,/api/mixed/db/1/,4.07,247,0,
2026-05-16T16:12:47.810830,GET,/api/mixed/pipeline/1/,3.0,82,0,
2026-05-16T16:12:47.870127,GET,/api/mixed/pipeline/1/,3.22,82,0,
2026-05-16T16:12:47.920590,GET,/api/mixed/pipeline/1/,3.57,82,0,
2026-05-16T16:12:47.923517,GET,/api/mixed/db/1/,3.9,247,0,
2026-05-16T16:12:47.961099,GET,/api/mixed/http/,107.79,55353,0,
2026-05-16T16:12:47.990252,GET,/api/mixed/http/,107.81,55353,0,
2026-05-16T16:12:48.001350,GET,/api/mixed/db/1/,3.78,247,0,
2026-05-16T16:12:48.065541,GET,/api/mixed/db/1/,3.96,247,0,
2026-05-16T16:12:48.083736,GET,/api/mixed/pipeline/1/,2.81,82,0,
2026-05-16T16:12:48.088575,GET,/api/mixed/pipeline/1/,2.55,82,0,
2026-05-16T16:12:48.114082,GET,/api/mixed/pipeline/1/,2.77,82,0,
2026-05-16T16:12:48.116055,GET,/api/mixed/http/,107.36,55353,0,
2026-05-16T16:12:48.134228,GET,/api/mixed/pipeline/1/,2.86,82,0,
2026-05-16T16:12:48.214982,GET,/api/mixed/http/,112.15,55353,0,
2026-05-16T16:12:48.243163,GET,/api/mixed/pipeline/1/,2.91,82,0,
2026-05-16T16:12:48.266308,GET,/api/mixed/pipeline/1/,2.98,82,0,
2026-05-16T16:12:48.289951,GET,/api/mixed/pipeline/1/,9.76,82,0,
2026-05-16T16:12:48.315738,GET,/api/mixed/pipeline/1/,3.03,82,0,
2026-05-16T16:12:48.348152,GET,/api/mixed/pipeline/1/,3.05,82,0,
2026-05-16T16:12:48.519024,GET,/api/mixed/http/,107.64,55353,0,
2026-05-16T16:12:48.543214,GET,/api/mixed/http/,108.24,55353,0,
2026-05-16T16:12:48.571575,GET,/api/mixed/pipeline/1/,3.09,82,0,
2026-05-16T16:12:48.582477,GET,/api/mixed/pipeline/1/,3.6,82,0,
2026-05-16T16:12:48.691595,GET,/api/mixed/db/1/,4.13,247,0,
2026-05-16T16:12:48.703466,GET,/api/mixed/http/,107.77,55353,0,
2026-05-16T16:12:48.749238,GET,/api/mixed/pipeline/1/,5.24,82,0,
2026-05-16T16:12:48.775354,GET,/api/mixed/http/,115.59,55353,0,
2026-05-16T16:12:48.775956,GET,/api/mixed/pipeline/1/,11.29,82,0,
2026-05-16T16:12:48.866578,GET,/api/mixed/db/1/,4.07,247,0,
2026-05-16T16:12:48.893022,GET,/api/mixed/db/1/,4.04,247,0,
2026-05-16T16:12:49.045442,GET,/api/mixed/http/,108.17,55353,0,
2026-05-16T16:12:49.081456,GET,/api/mixed/http/,108.5,55353,0,
2026-05-16T16:12:49.093501,GET,/api/mixed/db/1/,3.82,247,0,
2026-05-16T16:12:49.100587,GET,/api/mixed/pipeline/1/,2.77,82,0,
2026-05-16T16:12:49.208708,GET,/api/mixed/db/1/,3.98,247,0,
2026-05-16T16:12:49.229956,GET,/api/mixed/pipeline/1/,2.94,82,0,
2026-05-16T16:12:49.235956,GET,/api/mixed/pipeline/1/,2.67,82,0,
2026-05-16T16:12:49.275020,GET,/api/mixed/http/,114.03,55353,0,
2026-05-16T16:12:49.423294,GET,/api/mixed/db/1/,4.08,247,0,
2026-05-16T16:12:49.437780,GET,/api/mixed/pipeline/1/,3.15,82,0,
2026-05-16T16:12:49.553541,GET,/api/mixed/http/,107.43,55353,0,
2026-05-16T16:12:49.559616,GET,/api/mixed/db/1/,3.74,247,0,
2026-05-16T16:12:49.577209,GET,/api/mixed/http/,107.63,55353,0,
2026-05-16T16:12:49.641325,GET,/api/mixed/http/,108.09,55353,0,
2026-05-16T16:12:49.644823,GET,/api/mixed/db/1/,4.61,247,0,
2026-05-16T16:12:49.683697,GET,/api/mixed/http/,107.87,55353,0,
2026-05-16T16:12:49.695883,GET,/api/mixed/pipeline/1/,2.82,82,0,
2026-05-16T16:12:49.700569,GET,/api/mixed/pipeline/1/,3.33,82,0,
2026-05-16T16:12:49.701859,GET,/api/mixed/db/1/,4.23,247,0,
2026-05-16T16:12:49.705061,GET,/api/mixed/http/,108.14,55353,0,
2026-05-16T16:12:49.739406,GET,/api/mixed/http/,108.83,55353,0,
2026-05-16T16:12:49.763135,GET,/api/mixed/http/,119.27,55353,0,
2026-05-16T16:12:49.860781,GET,/api/mixed/db/1/,4.11,247,0,
2026-05-16T16:12:49.900230,GET,/api/mixed/pipeline/1/,3.04,82,0,
2026-05-16T16:12:49.920290,GET,/api/mixed/pipeline/1/,2.87,82,0,
2026-05-16T16:12:50.006290,GET,/api/mixed/pipeline/1/,5.53,82,0,
2026-05-16T16:12:50.055496,GET,/api/mixed/db/1/,4.15,247,0,
2026-05-16T16:12:50.057442,GET,/api/mixed/pipeline/1/,3.53,82,0,
2026-05-16T16:12:50.096787,GET,/api/mixed/http/,109.13,55353,0,
2026-05-16T16:12:50.138106,GET,/api/mixed/pipeline/1/,3.12,82,0,
2026-05-16T16:12:50.155181,GET,/api/mixed/http/,107.64,55353,0,
2026-05-16T16:12:50.163224,GET,/api/mixed/pipeline/1/,2.83,82,0,
2026-05-16T16:12:50.225276,GET,/api/mixed/http/,108.25,55353,0,
2026-05-16T16:12:50.351890,GET,/api/mixed/http/,112.35,55353,0,
2026-05-16T16:12:50.384275,GET,/api/mixed/pipeline/1/,3.03,82,0,
2026-05-16T16:12:50.661243,GET,/api/mixed/http/,108.43,55353,0,
2026-05-16T16:12:50.674440,GET,/api/mixed/pipeline/1/,2.91,82,0,
2026-05-16T16:12:50.696291,GET,/api/mixed/pipeline/1/,2.88,82,0,
2026-05-16T16:12:50.723098,GET,/api/mixed/http/,107.97,55353,0,
2026-05-16T16:12:50.742520,GET,/api/mixed/http/,116.66,55353,0,
2026-05-16T16:12:50.746570,GET,/api/mixed/pipeline/1/,8.74,82,0,
2026-05-16T16:12:50.749471,GET,/api/mixed/http/,111.11,55353,0,
2026-05-16T16:12:50.805005,GET,/api/mixed/http/,107.49,55353,0,
2026-05-16T16:12:50.851549,GET,/api/mixed/http/,116.78,55353,0,
2026-05-16T16:12:50.865729,GET,/api/mixed/db/1/,3.95,247,0,
2026-05-16T16:12:50.895302,GET,/api/mixed/pipeline/1/,2.74,82,0,
2026-05-16T16:12:50.990649,GET,/api/mixed/pipeline/1/,5.88,82,0,
2026-05-16T16:12:50.993266,GET,/api/mixed/http/,110.16,55353,0,
2026-05-16T16:12:50.993735,GET,/api/mixed/http/,111.67,55353,0,
2026-05-16T16:12:51.011328,GET,/api/mixed/pipeline/1/,2.8,82,0,
2026-05-16T16:12:51.015816,GET,/api/mixed/db/1/,4.36,247,0,
2026-05-16T16:12:51.027967,GET,/api/mixed/pipeline/1/,2.79,82,0,
2026-05-16T16:12:51.033289,GET,/api/mixed/http/,107.62,55353,0,
2026-05-16T16:12:51.086443,GET,/api/mixed/pipeline/1/,4.54,82,0,
2026-05-16T16:12:51.108615,GET,/api/mixed/http/,107.54,55353,0,
2026-05-16T16:12:51.248168,GET,/api/mixed/http/,108.3,55353,0,
2026-05-16T16:12:51.262672,GET,/api/mixed/pipeline/1/,2.98,82,0,
2026-05-16T16:12:51.282779,GET,/api/mixed/pipeline/1/,2.91,82,0,
2026-05-16T16:12:51.302188,GET,/api/mixed/db/1/,4.1,247,0,
2026-05-16T16:12:51.337297,GET,/api/mixed/http/,113.64,55353,0,
2026-05-16T16:12:51.340220,GET,/api/mixed/pipeline/1/,2.78,82,0,
2026-05-16T16:12:51.476274,GET,/api/mixed/pipeline/1/,9.26,82,0,
2026-05-16T16:12:51.510345,GET,/api/mixed/db/1/,4.09,247,0,
2026-05-16T16:12:51.570503,GET,/api/mixed/db/1/,4.76,247,0,
2026-05-16T16:12:51.581244,GET,/api/mixed/db/1/,4.04,247,0,
2026-05-16T16:12:51.659693,GET,/api/mixed/db/1/,3.96,247,0,
2026-05-16T16:12:51.677589,GET,/api/mixed/http/,108.19,55353,0,
2026-05-16T16:12:51.734297,GET,/api/mixed/db/1/,11.03,247,0,
2026-05-16T16:12:51.790668,GET,/api/mixed/pipeline/1/,2.98,82,0,
2026-05-16T16:12:51.846467,GET,/api/mixed/pipeline/1/,3.41,82,0,
2026-05-16T16:12:51.939885,GET,/api/mixed/db/1/,4.35,247,0,
2026-05-16T16:12:51.948195,GET,/api/mixed/db/1/,3.94,247,0,
2026-05-16T16:12:51.974493,GET,/api/mixed/http/,115.67,55353,0,
2026-05-16T16:12:52.052769,GET,/api/mixed/db/1/,5.07,247,0,
2026-05-16T16:12:52.055413,GET,/api/mixed/pipeline/1/,5.07,82,0,
2026-05-16T16:12:52.056096,GET,/api/mixed/pipeline/1/,5.29,82,0,
2026-05-16T16:12:52.073351,GET,/api/mixed/pipeline/1/,3.07,82,0,
2026-05-16T16:12:52.082051,GET,/api/mixed/http/,108.57,55353,0,
2026-05-16T16:12:52.180228,GET,/api/mixed/db/1/,3.97,247,0,
2026-05-16T16:12:52.254666,GET,/api/mixed/db/1/,4.03,247,0,
2026-05-16T16:12:52.288985,GET,/api/mixed/pipeline/1/,3.07,82,0,
2026-05-16T16:12:52.321312,GET,/api/mixed/db/1/,4.12,247,0,
2026-05-16T16:12:52.364513,GET,/api/mixed/db/1/,5.97,247,0,
2026-05-16T16:12:52.486832,GET,/api/mixed/http/,108.0,55353,0,
2026-05-16T16:12:52.493547,GET,/api/mixed/http/,108.04,55353,0,
2026-05-16T16:12:52.522834,GET,/api/mixed/pipeline/1/,2.98,82,0,
2026-05-16T16:12:52.533827,GET,/api/mixed/db/1/,4.24,247,0,
2026-05-16T16:12:52.575119,GET,/api/mixed/http/,112.53,55353,0,
2026-05-16T16:12:52.575577,GET,/api/mixed/http/,108.92,55353,0,
2026-05-16T16:12:52.635430,GET,/api/mixed/http/,108.24,55353,0,
2026-05-16T16:12:52.665173,GET,/api/mixed/db/1/,4.12,247,0,
2026-05-16T16:12:52.666973,GET,/api/mixed/http/,107.94,55353,0,
2026-05-16T16:12:52.680335,GET,/api/mixed/pipeline/1/,3.01,82,0,
2026-05-16T16:12:52.714496,GET,/api/mixed/http/,114.6,55353,0,
2026-05-16T16:12:52.822494,GET,/api/mixed/pipeline/1/,4.4,82,0,
2026-05-16T16:12:52.824374,GET,/api/mixed/pipeline/1/,2.83,82,0,
2026-05-16T16:12:52.850629,GET,/api/mixed/http/,108.25,55353,0,
2026-05-16T16:12:52.851230,GET,/api/mixed/http/,109.35,55353,0,
2026-05-16T16:12:52.927536,GET,/api/mixed/http/,108.89,55353,0,
2026-05-16T16:12:52.956880,GET,/api/mixed/db/1/,4.04,247,0,
2026-05-16T16:12:53.120221,GET,/api/mixed/http/,108.88,55353,0,
2026-05-16T16:12:53.136711,GET,/api/mixed/pipeline/1/,3.07,82,0,
2026-05-16T16:12:53.142530,GET,/api/mixed/http/,108.34,55353,0,
2026-05-16T16:12:53.253059,GET,/api/mixed/http/,108.08,55353,0,
2026-05-16T16:12:53.259473,GET,/api/mixed/http/,107.7,55353,0,
2026-05-16T16:12:53.298662,GET,/api/mixed/db/1/,4.12,247,0,
2026-05-16T16:12:53.379904,GET,/api/mixed/http/,108.11,55353,0,
2026-05-16T16:12:53.413580,GET,/api/mixed/db/1/,5.28,247,0,
2026-05-16T16:12:53.433219,GET,/api/mixed/http/,108.15,55353,0,
2026-05-16T16:12:53.453476,GET,/api/mixed/http/,107.73,55353,0,
2026-05-16T16:12:53.491299,GET,/api/mixed/pipeline/1/,3.17,82,0,
2026-05-16T16:12:53.510535,GET,/api/mixed/db/1/,3.87,247,0,
2026-05-16T16:12:53.543714,GET,/api/mixed/pipeline/1/,2.81,82,0,
2026-05-16T16:12:53.625084,GET,/api/mixed/http/,108.18,55353,0,
2026-05-16T16:12:53.638758,GET,/api/mixed/http/,108.36,55353,0,
2026-05-16T16:12:53.691478,GET,/api/mixed/http/,109.36,55353,0,
2026-05-16T16:12:53.691956,GET,/api/mixed/http/,108.7,55353,0,
2026-05-16T16:12:53.710002,GET,/api/mixed/db/1/,5.66,247,0,
2026-05-16T16:12:53.790445,GET,/api/mixed/http/,108.32,55353,0,
2026-05-16T16:12:53.794526,GET,/api/mixed/db/1/,3.92,247,0,
2026-05-16T16:12:53.797305,GET,/api/mixed/pipeline/1/,2.67,82,0,
2026-05-16T16:12:53.843089,GET,/api/mixed/pipeline/1/,2.96,82,0,
2026-05-16T16:12:53.863212,GET,/api/mixed/db/1/,3.96,247,0,
2026-05-16T16:12:53.896674,GET,/api/mixed/db/1/,4.07,247,0,
2026-05-16T16:12:53.915485,GET,/api/mixed/http/,107.86,55353,0,
2026-05-16T16:12:54.063004,GET,/api/mixed/pipeline/1/,3.09,82,0,
2026-05-16T16:12:54.196735,GET,/api/mixed/pipeline/1/,3.2,82,0,
2026-05-16T16:12:54.224954,GET,/api/mixed/pipeline/1/,4.61,82,0,
2026-05-16T16:12:54.245362,GET,/api/mixed/http/,108.89,55353,0,
2026-05-16T16:12:54.246242,GET,/api/mixed/http/,108.35,55353,0,
2026-05-16T16:12:54.356547,GET,/api/mixed/http/,112.3,55353,0,
2026-05-16T16:12:54.378426,GET,/api/mixed/db/1/,5.45,247,0,
2026-05-16T16:12:54.381277,GET,/api/mixed/db/1/,5.28,247,0,
2026-05-16T16:12:54.418187,GET,/api/mixed/http/,108.75,55353,0,
2026-05-16T16:12:54.436469,GET,/api/mixed/http/,108.44,55353,0,
2026-05-16T16:12:54.439771,GET,/api/mixed/pipeline/1/,3.17,82,0,
2026-05-16T16:12:54.568400,GET,/api/mixed/db/1/,4.16,247,0,
2026-05-16T16:12:54.656679,GET,/api/mixed/pipeline/1/,3.01,82,0,
2026-05-16T16:12:54.782454,GET,/api/mixed/http/,108.13,55353,0,
2026-05-16T16:12:54.809930,GET,/api/mixed/db/1/,3.88,247,0,
2026-05-16T16:12:54.880205,GET,/api/mixed/http/,108.08,55353,0,
2026-05-16T16:12:54.904628,GET,/api/mixed/http/,107.74,55353,0,
2026-05-16T16:12:54.915620,GET,/api/mixed/http/,110.03,55353,0,
2026-05-16T16:12:54.995037,GET,/api/mixed/db/1/,4.16,247,0,
2026-05-16T16:12:55.004178,GET,/api/mixed/pipeline/1/,2.88,82,0,
2026-05-16T16:12:55.083345,GET,/api/mixed/http/,108.28,55353,0,
2026-05-16T16:12:55.122865,GET,/api/mixed/db/1/,4.21,247,0,
2026-05-16T16:12:55.199014,GET,/api/mixed/pipeline/1/,3.72,82,0,
2026-05-16T16:12:55.201550,GET,/api/mixed/pipeline/1/,3.51,82,0,
2026-05-16T16:12:55.229201,GET,/api/mixed/pipeline/1/,3.27,82,0,
2026-05-16T16:12:55.243242,GET,/api/mixed/pipeline/1/,2.84,82,0,
2026-05-16T16:12:55.255274,GET,/api/mixed/pipeline/1/,2.67,82,0,
2026-05-16T16:12:55.264519,GET,/api/mixed/db/1/,3.83,247,0,
2026-05-16T16:12:55.371874,GET,/api/mixed/pipeline/1/,2.9,82,0,
2026-05-16T16:12:55.380193,GET,/api/mixed/db/1/,4.02,247,0,
2026-05-16T16:12:55.387740,GET,/api/mixed/http/,107.61,55353,0,
2026-05-16T16:12:55.427232,GET,/api/mixed/db/1/,4.26,247,0,
2026-05-16T16:12:55.445861,GET,/api/mixed/http/,108.02,55353,0,
2026-05-16T16:12:55.476653,GET,/api/mixed/http/,117.25,55353,0,
2026-05-16T16:12:55.546500,GET,/api/mixed/pipeline/1/,6.68,82,0,
2026-05-16T16:12:55.589221,GET,/api/mixed/http/,109.23,55353,0,
2026-05-16T16:12:55.592003,GET,/api/mixed/pipeline/1/,3.87,82,0,
2026-05-16T16:12:55.623522,GET,/api/mixed/pipeline/1/,3.27,82,0,
2026-05-16T16:12:55.658170,GET,/api/mixed/http/,109.28,55353,0,
2026-05-16T16:12:55.663427,GET,/api/mixed/db/1/,3.86,247,0,
2026-05-16T16:12:55.738821,GET,/api/mixed/pipeline/1/,3.37,82,0,
2026-05-16T16:12:55.831114,GET,/api/mixed/http/,119.64,55353,0,
2026-05-16T16:12:55.850855,GET,/api/mixed/http/,107.65,55353,0,
2026-05-16T16:12:55.853950,GET,/api/mixed/db/1/,4.5,247,0,
2026-05-16T16:12:55.877554,GET,/api/mixed/http/,107.85,55353,0,
2026-05-16T16:12:56.006258,GET,/api/mixed/pipeline/1/,3.18,82,0,
2026-05-16T16:12:56.066155,GET,/api/mixed/db/1/,6.6,247,0,
2026-05-16T16:12:56.072970,GET,/api/mixed/pipeline/1/,3.14,82,0,
2026-05-16T16:12:56.107241,GET,/api/mixed/pipeline/1/,3.0,82,0,
2026-05-16T16:12:56.156906,GET,/api/mixed/db/1/,4.25,247,0,
2026-05-16T16:12:56.175202,GET,/api/mixed/pipeline/1/,3.0,82,0,
2026-05-16T16:12:56.230832,GET,/api/mixed/pipeline/1/,3.22,82,0,
2026-05-16T16:12:56.278735,GET,/api/mixed/db/1/,4.17,247,0,
2026-05-16T16:12:56.342841,GET,/api/mixed/http/,107.77,55353,0,
2026-05-16T16:12:56.351531,GET,/api/mixed/http/,107.82,55353,0,
2026-05-16T16:12:56.362760,GET,/api/mixed/db/1/,3.91,247,0,
2026-05-16T16:12:56.474614,GET,/api/mixed/db/1/,7.05,247,0,
2026-05-16T16:12:56.499123,GET,/api/mixed/pipeline/1/,3.22,82,0,
2026-05-16T16:12:56.584201,GET,/api/mixed/http/,108.2,55353,0,
2026-05-16T16:12:56.647355,GET,/api/mixed/pipeline/1/,4.06,82,0,
2026-05-16T16:12:56.727469,GET,/api/mixed/http/,116.89,55353,0,
2026-05-16T16:12:56.773486,GET,/api/mixed/http/,109.78,55353,0,
2026-05-16T16:12:56.888142,GET,/api/mixed/pipeline/1/,3.28,82,0,
2026-05-16T16:12:56.889765,GET,/api/mixed/db/1/,5.4,247,0,
2026-05-16T16:12:56.903945,GET,/api/mixed/http/,108.1,55353,0,
2026-05-16T16:12:56.949039,GET,/api/mixed/pipeline/1/,3.0,82,0,
2026-05-16T16:12:56.976414,GET,/api/mixed/http/,108.87,55353,0,
2026-05-16T16:12:56.997375,GET,/api/mixed/http/,108.53,55353,0,
2026-05-16T16:12:57.030029,GET,/api/mixed/db/1/,7.41,247,0,
2026-05-16T16:12:57.040509,GET,/api/mixed/http/,110.1,55353,0,
2026-05-16T16:12:57.087636,GET,/api/mixed/pipeline/1/,3.02,82,0,
2026-05-16T16:12:57.124180,GET,/api/mixed/pipeline/1/,3.08,82,0,
2026-05-16T16:12:57.138627,GET,/api/mixed/http/,110.28,55353,0,
2026-05-16T16:12:57.147083,GET,/api/mixed/http/,107.64,55353,0,
2026-05-16T16:12:57.152668,GET,/api/mixed/http/,107.54,55353,0,
2026-05-16T16:12:57.174932,GET,/api/mixed/db/1/,3.94,247,0,
2026-05-16T16:12:57.191816,GET,/api/mixed/pipeline/1/,3.75,82,0,
2026-05-16T16:12:57.192312,GET,/api/mixed/pipeline/1/,4.73,82,0,
2026-05-16T16:12:57.192685,GET,/api/mixed/db/1/,6.41,247,0,
2026-05-16T16:12:57.229188,GET,/api/mixed/db/1/,13.67,247,0,
2026-05-16T16:12:57.247593,GET,/api/mixed/http/,107.77,55353,0,
2026-05-16T16:12:57.400095,GET,/api/mixed/pipeline/1/,3.22,82,0,
2026-05-16T16:12:57.419784,GET,/api/mixed/http/,110.61,55353,0,
2026-05-16T16:12:57.432473,GET,/api/mixed/db/1/,4.27,247,0,
2026-05-16T16:12:57.475681,GET,/api/mixed/db/1/,11.28,247,0,
2026-05-16T16:12:57.495219,GET,/api/mixed/db/1/,4.18,247,0,
2026-05-16T16:12:57.511553,GET,/api/mixed/db/1/,4.02,247,0,
2026-05-16T16:12:57.620109,GET,/api/mixed/db/1/,4.24,247,0,
2026-05-16T16:12:57.699846,GET,/api/mixed/pipeline/1/,3.16,82,0,
2026-05-16T16:12:57.782298,GET,/api/mixed/pipeline/1/,3.13,82,0,
2026-05-16T16:12:57.794611,GET,/api/mixed/pipeline/1/,2.99,82,0,
2026-05-16T16:12:57.819676,GET,/api/mixed/db/1/,4.96,247,0,
2026-05-16T16:12:57.823669,GET,/api/mixed/db/1/,5.01,247,0,
2026-05-16T16:12:57.900332,GET,/api/mixed/db/1/,4.1,247,0,
2026-05-16T16:12:57.913481,GET,/api/mixed/http/,108.6,55353,0,
2026-05-16T16:12:57.982554,GET,/api/mixed/pipeline/1/,3.11,82,0,
2026-05-16T16:12:58.036937,GET,/api/mixed/db/1/,4.11,247,0,
2026-05-16T16:12:58.059770,GET,/api/mixed/http/,107.95,55353,0,
2026-05-16T16:12:58.064973,GET,/api/mixed/pipeline/1/,2.82,82,0,
2026-05-16T16:12:58.158734,GET,/api/mixed/db/1/,8.19,247,0,
2026-05-16T16:12:58.162015,GET,/api/mixed/pipeline/1/,5.69,82,0,
2026-05-16T16:12:58.193628,GET,/api/mixed/db/1/,4.18,247,0,
2026-05-16T16:12:58.256510,GET,/api/mixed/pipeline/1/,3.63,82,0,
2026-05-16T16:12:58.257882,GET,/api/mixed/db/1/,3.87,247,0,
2026-05-16T16:12:58.429627,GET,/api/mixed/db/1/,4.12,247,0,
2026-05-16T16:12:58.445139,GET,/api/mixed/db/1/,4.11,247,0,
2026-05-16T16:12:58.490487,GET,/api/mixed/http/,107.9,55353,0,
2026-05-16T16:12:58.570971,GET,/api/mixed/pipeline/1/,3.06,82,0,
2026-05-16T16:12:58.599083,GET,/api/mixed/db/1/,3.92,247,0,
2026-05-16T16:12:58.636529,GET,/api/mixed/db/1/,4.59,247,0,
2026-05-16T16:12:58.644619,GET,/api/mixed/http/,107.78,55353,0,
2026-05-16T16:12:58.647850,GET,/api/mixed/http/,107.44,55353,0,
2026-05-16T16:12:58.694140,GET,/api/mixed/http/,107.82,55353,0,
2026-05-16T16:12:58.726743,GET,/api/mixed/http/,120.32,55353,0,
2026-05-16T16:12:58.740837,GET,/api/mixed/http/,107.78,55353,0,
2026-05-16T16:12:58.763243,GET,/api/mixed/db/1/,4.12,247,0,
2026-05-16T16:12:58.820108,GET,/api/mixed/db/1/,3.86,247,0,
2026-05-16T16:12:58.856478,GET,/api/mixed/http/,107.89,55353,0,
2026-05-16T16:12:58.921843,GET,/api/mixed/db/1/,4.89,247,0,
2026-05-16T16:12:58.922269,GET,/api/mixed/http/,110.73,55353,0,
2026-05-16T16:12:58.925183,GET,/api/mixed/db/1/,5.56,247,0,
2026-05-16T16:12:59.035170,GET,/api/mixed/pipeline/1/,2.92,82,0,
2026-05-16T16:12:59.092643,GET,/api/mixed/http/,108.06,55353,0,
2026-05-16T16:12:59.145930,GET,/api/mixed/pipeline/1/,3.12,82,0,
2026-05-16T16:12:59.211374,GET,/api/mixed/http/,109.34,55353,0,
2026-05-16T16:12:59.316815,GET,/api/mixed/db/1/,6.66,247,0,
2026-05-16T16:12:59.355224,GET,/api/mixed/pipeline/1/,3.05,82,0,
2026-05-16T16:12:59.388537,GET,/api/mixed/pipeline/1/,3.11,82,0,
2026-05-16T16:12:59.436165,GET,/api/mixed/pipeline/1/,3.24,82,0,
2026-05-16T16:12:59.477413,GET,/api/mixed/pipeline/1/,10.82,82,0,
2026-05-16T16:12:59.494460,GET,/api/mixed/pipeline/1/,2.99,82,0,
2026-05-16T16:12:59.540490,GET,/api/mixed/db/1/,4.27,247,0,
2026-05-16T16:12:59.540963,GET,/api/mixed/db/1/,3.79,247,0,
2026-05-16T16:12:59.552099,GET,/api/mixed/pipeline/1/,2.81,82,0,
2026-05-16T16:12:59.611854,GET,/api/mixed/pipeline/1/,2.85,82,0,
2026-05-16T16:12:59.637524,GET,/api/mixed/http/,107.79,55353,0,
2026-05-16T16:12:59.712627,GET,/api/mixed/http/,108.3,55353,0,
2026-05-16T16:12:59.733849,GET,/api/mixed/http/,118.69,55353,0,
2026-05-16T16:12:59.734756,GET,/api/mixed/http/,114.09,55353,0,
2026-05-16T16:12:59.846837,GET,/api/mixed/db/1/,6.98,247,0,
2026-05-16T16:12:59.867116,GET,/api/mixed/http/,113.01,55353,0,
2026-05-16T16:12:59.873137,GET,/api/mixed/pipeline/1/,3.75,82,0,
2026-05-16T16:12:59.881741,GET,/api/mixed/pipeline/1/,3.35,82,0,
2026-05-16T16:12:59.980355,GET,/api/mixed/pipeline/1/,6.86,82,0,
2026-05-16T16:13:00.029275,GET,/api/mixed/http/,109.05,55353,0,
2026-05-16T16:13:00.061404,GET,/api/mixed/pipeline/1/,3.85,82,0,
2026-05-16T16:13:00.073941,GET,/api/mixed/db/1/,4.25,247,0,
2026-05-16T16:13:00.107418,GET,/api/mixed/http/,108.63,55353,0,
2026-05-16T16:13:00.111439,GET,/api/mixed/http/,107.76,55353,0,
2026-05-16T16:13:00.130004,GET,/api/mixed/http/,108.57,55353,0,
2026-05-16T16:13:00.131843,GET,/api/mixed/http/,107.75,55353,0,
2026-05-16T16:13:00.132324,GET,/api/mixed/db/1/,4.69,247,0,
2026-05-16T16:13:00.167209,GET,/api/mixed/http/,108.47,55353,0,
2026-05-16T16:13:00.228188,GET,/api/mixed/db/1/,12.48,247,0,
2026-05-16T16:13:00.254213,GET,/api/mixed/db/1/,4.74,247,0,
2026-05-16T16:13:00.303137,GET,/api/mixed/db/1/,3.79,247,0,
2026-05-16T16:13:00.403837,GET,/api/mixed/http/,110.21,55353,0,
2026-05-16T16:13:00.456936,GET,/api/mixed/pipeline/1/,3.73,82,0,
2026-05-16T16:13:00.457485,GET,/api/mixed/pipeline/1/,3.12,82,0,
2026-05-16T16:13:00.619123,GET,/api/mixed/pipeline/1/,3.01,82,0,
2026-05-16T16:13:00.733965,GET,/api/mixed/db/1/,4.47,247,0,
2026-05-16T16:13:00.774756,GET,/api/mixed/db/1/,4.73,247,0,
2026-05-16T16:13:00.802162,GET,/api/mixed/pipeline/1/,3.07,82,0,
2026-05-16T16:13:00.870226,GET,/api/mixed/http/,108.09,55353,0,
2026-05-16T16:13:00.932167,GET,/api/mixed/http/,108.8,55353,0,
2026-05-16T16:13:00.975643,GET,/api/mixed/db/1/,11.05,247,0,
2026-05-16T16:13:00.977087,GET,/api/mixed/http/,112.0,55353,0,
2026-05-16T16:13:01.052212,GET,/api/mixed/http/,107.66,55353,0,
2026-05-16T16:13:01.091841,GET,/api/mixed/pipeline/1/,5.28,82,0,
2026-05-16T16:13:01.109468,GET,/api/mixed/http/,108.01,55353,0,
2026-05-16T16:13:01.114931,GET,/api/mixed/db/1/,4.04,247,0,
2026-05-16T16:13:01.130257,GET,/api/mixed/http/,108.29,55353,0,
2026-05-16T16:13:01.136498,GET,/api/mixed/db/1/,3.98,247,0,
2026-05-16T16:13:01.175850,GET,/api/mixed/pipeline/1/,3.15,82,0,
2026-05-16T16:13:01.220619,GET,/api/mixed/db/1/,12.39,247,0,
2026-05-16T16:13:01.334182,GET,/api/mixed/db/1/,4.08,247,0,
2026-05-16T16:13:01.393625,GET,/api/mixed/db/1/,4.2,247,0,
2026-05-16T16:13:01.413559,GET,/api/mixed/http/,108.18,55353,0,
2026-05-16T16:13:01.541958,GET,/api/mixed/http/,108.0,55353,0,
2026-05-16T16:13:01.551164,GET,/api/mixed/http/,107.48,55353,0,
2026-05-16T16:13:01.599348,GET,/api/mixed/db/1/,4.0,247,0,
2026-05-16T16:13:01.623891,GET,/api/mixed/pipeline/1/,3.14,82,0,
2026-05-16T16:13:01.644739,GET,/api/mixed/pipeline/1/,3.46,82,0,
2026-05-16T16:13:01.648970,GET,/api/mixed/http/,108.44,55353,0,
2026-05-16T16:13:01.678650,GET,/api/mixed/http/,108.15,55353,0,
2026-05-16T16:13:01.725634,GET,/api/mixed/db/1/,10.09,247,0,
2026-05-16T16:13:01.771699,GET,/api/mixed/pipeline/1/,5.19,82,0,
2026-05-16T16:13:01.775742,GET,/api/mixed/pipeline/1/,3.86,82,0,
2026-05-16T16:13:01.792803,GET,/api/mixed/http/,108.73,55353,0,
2026-05-16T16:13:01.830570,GET,/api/mixed/http/,109.63,55353,0,
2026-05-16T16:13:01.838540,GET,/api/mixed/http/,107.72,55353,0,
2026-05-16T16:13:01.898474,GET,/api/mixed/pipeline/1/,3.27,82,0,
2026-05-16T16:13:01.944119,GET,/api/mixed/pipeline/1/,2.79,82,0,
2026-05-16T16:13:01.985084,GET,/api/mixed/db/1/,4.68,247,0,
2026-05-16T16:13:01.998566,GET,/api/mixed/pipeline/1/,3.17,82,0,
2026-05-16T16:13:02.013548,GET,/api/mixed/pipeline/1/,3.08,82,0,
2026-05-16T16:13:02.048555,GET,/api/mixed/http/,108.7,55353,0,
2026-05-16T16:13:02.107194,GET,/api/mixed/db/1/,4.17,247,0,
2026-05-16T16:13:02.112889,GET,/api/mixed/http/,108.05,55353,0,
2026-05-16T16:13:02.186287,GET,/api/mixed/db/1/,4.12,247,0,
2026-05-16T16:13:02.421301,GET,/api/mixed/http/,109.49,55353,0,
2026-05-16T16:13:02.551748,GET,/api/mixed/db/1/,6.39,247,0,
2026-05-16T16:13:02.592276,GET,/api/mixed/http/,108.59,55353,0,
2026-05-16T16:13:02.644488,GET,/api/mixed/http/,109.83,55353,0,
2026-05-16T16:13:02.793434,GET,/api/mixed/pipeline/1/,4.45,82,0,
2026-05-16T16:13:02.793940,GET,/api/mixed/pipeline/1/,3.8,82,0,
2026-05-16T16:13:02.844561,GET,/api/mixed/db/1/,4.23,247,0,
2026-05-16T16:13:02.849611,GET,/api/mixed/pipeline/1/,2.82,82,0,
2026-05-16T16:13:02.879976,GET,/api/mixed/pipeline/1/,4.05,82,0,
2026-05-16T16:13:02.964252,GET,/api/mixed/db/1/,12.31,247,0,
2026-05-16T16:13:02.985192,GET,/api/mixed/http/,108.53,55353,0,
2026-05-16T16:13:03.001252,GET,/api/mixed/http/,107.9,55353,0,
2026-05-16T16:13:03.013503,GET,/api/mixed/db/1/,3.83,247,0,
2026-05-16T16:13:03.016452,GET,/api/mixed/pipeline/1/,2.82,82,0,
2026-05-16T16:13:03.021155,GET,/api/mixed/http/,107.85,55353,0,
2026-05-16T16:13:03.043484,GET,/api/mixed/db/1/,4.02,247,0,
2026-05-16T16:13:03.054602,GET,/api/mixed/db/1/,3.9,247,0,
2026-05-16T16:13:03.081465,GET,/api/mixed/db/1/,4.56,247,0,
2026-05-16T16:13:03.086171,GET,/api/mixed/http/,107.56,55353,0,
2026-05-16T16:13:03.217264,GET,/api/mixed/http/,115.53,55353,0,
2026-05-16T16:13:03.272430,GET,/api/mixed/pipeline/1/,3.24,82,0,
2026-05-16T16:13:03.297992,GET,/api/mixed/db/1/,4.25,247,0,
2026-05-16T16:13:03.347117,GET,/api/mixed/db/1/,4.08,247,0,
2026-05-16T16:13:03.371323,GET,/api/mixed/db/1/,3.94,247,0,
2026-05-16T16:13:03.388701,GET,/api/mixed/pipeline/1/,3.02,82,0,
2026-05-16T16:13:03.397349,GET,/api/mixed/db/1/,4.41,247,0,
2026-05-16T16:13:03.421394,GET,/api/mixed/http/,108.06,55353,0,
2026-05-16T16:13:03.500513,GET,/api/mixed/pipeline/1/,3.1,82,0,
2026-05-16T16:13:03.549625,GET,/api/mixed/http/,108.01,55353,0,
2026-05-16T16:13:03.624644,GET,/api/mixed/http/,107.75,55353,0,
2026-05-16T16:13:03.794275,GET,/api/mixed/http/,109.19,55353,0,
2026-05-16T16:13:04.135049,GET,/api/mixed/http/,413.01,55353,0,
2026-05-16T16:13:04.135501,GET,/api/mixed/pipeline/1/,371.98,82,0,
2026-05-16T16:13:04.135892,GET,/api/mixed/pipeline/1/,404.86,82,0,
2026-05-16T16:13:04.139450,GET,/api/mixed/pipeline/1/,6.88,82,0,
2026-05-16T16:13:04.140461,GET,/api/mixed/db/1/,11.35,247,0,
2026-05-16T16:13:04.140853,GET,/api/mixed/db/1/,7.48,247,0,
2026-05-16T16:13:04.141590,GET,/api/mixed/db/1/,13.4,247,0,
2026-05-16T16:13:04.163969,GET,/api/mixed/pipeline/1/,3.04,82,0,
2026-05-16T16:13:04.251518,GET,/api/mixed/http/,119.79,55353,0,
2026-05-16T16:13:04.252766,GET,/api/mixed/http/,122.58,55353,0,
2026-05-16T16:13:04.311266,GET,/api/mixed/pipeline/1/,3.38,82,0,
2026-05-16T16:13:04.313465,GET,/api/mixed/db/1/,4.05,247,0,
2026-05-16T16:13:04.326243,GET,/api/mixed/http/,107.84,55353,0,
2026-05-16T16:13:04.335401,GET,/api/mixed/db/1/,4.83,247,0,
2026-05-16T16:13:04.386085,GET,/api/mixed/http/,107.96,55353,0,
2026-05-16T16:13:04.427577,GET,/api/mixed/http/,107.78,55353,0,
2026-05-16T16:13:04.428343,GET,/api/mixed/pipeline/1/,3.02,82,0,
2026-05-16T16:13:04.453667,GET,/api/mixed/pipeline/1/,2.99,82,0,
2026-05-16T16:13:04.548481,GET,/api/mixed/db/1/,4.05,247,0,
2026-05-16T16:13:04.565993,GET,/api/mixed/pipeline/1/,3.23,82,0,
2026-05-16T16:13:04.575013,GET,/api/mixed/pipeline/1/,2.8,82,0,
2026-05-16T16:13:04.585871,GET,/api/mixed/pipeline/1/,2.68,82,0,
2026-05-16T16:13:04.631273,GET,/api/mixed/pipeline/1/,2.77,82,0,
2026-05-16T16:13:04.718389,GET,/api/mixed/http/,107.81,55353,0,
2026-05-16T16:13:04.720558,GET,/api/mixed/http/,107.33,55353,0,
2026-05-16T16:13:04.781661,GET,/api/mixed/db/1/,4.29,247,0,
2026-05-16T16:13:04.788943,GET,/api/mixed/pipeline/1/,2.95,82,0,
2026-05-16T16:13:04.803983,GET,/api/mixed/db/1/,3.83,247,0,
2026-05-16T16:13:04.822709,GET,/api/mixed/pipeline/1/,3.42,82,0,
2026-05-16T16:13:05.021349,GET,/api/mixed/pipeline/1/,3.2,82,0,
2026-05-16T16:13:05.029955,GET,/api/mixed/http/,107.82,55353,0,
2026-05-16T16:13:05.069244,GET,/api/mixed/http/,108.06,55353,0,
2026-05-16T16:13:05.133908,GET,/api/mixed/pipeline/1/,4.24,82,0,
2026-05-16T16:13:05.137348,GET,/api/mixed/db/1/,4.95,247,0,
2026-05-16T16:13:05.149664,GET,/api/mixed/pipeline/1/,3.64,82,0,
2026-05-16T16:13:05.326744,GET,/api/mixed/db/1/,4.0,247,0,
2026-05-16T16:13:05.336772,GET,/api/mixed/pipeline/1/,3.11,82,0,
2026-05-16T16:13:05.371217,GET,/api/mixed/db/1/,4.03,247,0,
2026-05-16T16:13:05.401890,GET,/api/mixed/db/1/,4.27,247,0,
2026-05-16T16:13:05.420234,GET,/api/mixed/http/,108.14,55353,0,
2026-05-16T16:13:05.436439,GET,/api/mixed/http/,108.42,55353,0,
2026-05-16T16:13:05.438292,GET,/api/mixed/pipeline/1/,2.95,82,0,
2026-05-16T16:13:05.442147,GET,/api/mixed/pipeline/1/,2.53,82,0,
2026-05-16T16:13:05.463244,GET,/api/mixed/pipeline/1/,2.9,82,0,
2026-05-16T16:13:05.474317,GET,/api/mixed/db/1/,3.75,247,0,
2026-05-16T16:13:05.546872,GET,/api/mixed/db/1/,4.0,247,0,
2026-05-16T16:13:05.549631,GET,/api/mixed/pipeline/1/,2.62,82,0,
2026-05-16T16:13:05.608735,GET,/api/mixed/http/,113.72,55353,0,
2026-05-16T16:13:05.626469,GET,/api/mixed/http/,108.52,55353,0,
2026-05-16T16:13:05.635794,GET,/api/mixed/db/1/,3.99,247,0,
2026-05-16T16:13:05.670602,GET,/api/mixed/db/1/,4.58,247,0,
2026-05-16T16:13:05.686833,GET,/api/mixed/db/1/,3.87,247,0,
2026-05-16T16:13:05.775537,GET,/api/mixed/http/,108.38,55353,0,
2026-05-16T16:13:05.938145,GET,/api/mixed/db/1/,4.29,247,0,
2026-05-16T16:13:05.943312,GET,/api/mixed/db/1/,3.78,247,0,
2026-05-16T16:13:06.026484,GET,/api/mixed/pipeline/1/,3.93,82,0,
2026-05-16T16:13:06.041594,GET,/api/mixed/pipeline/1/,4.14,82,0,
2026-05-16T16:13:06.041991,GET,/api/mixed/pipeline/1/,4.08,82,0,
2026-05-16T16:13:06.045941,GET,/api/mixed/pipeline/1/,2.63,82,0,
2026-05-16T16:13:06.061249,GET,/api/mixed/pipeline/1/,2.98,82,0,
2026-05-16T16:13:06.081689,GET,/api/mixed/pipeline/1/,3.11,82,0,
2026-05-16T16:13:06.105764,GET,/api/mixed/http/,114.22,55353,0,
2026-05-16T16:13:06.122802,GET,/api/mixed/http/,108.02,55353,0,
2026-05-16T16:13:06.139550,GET,/api/mixed/http/,109.74,55353,0,
2026-05-16T16:13:06.253022,GET,/api/mixed/http/,114.51,55353,0,
2026-05-16T16:13:06.283426,GET,/api/mixed/pipeline/1/,3.13,82,0,
2026-05-16T16:13:06.409676,GET,/api/mixed/db/1/,4.12,247,0,
2026-05-16T16:13:06.414057,GET,/api/mixed/http/,108.42,55353,0,
2026-05-16T16:13:06.439306,GET,/api/mixed/http/,107.75,55353,0,
2026-05-16T16:13:06.585971,GET,/api/mixed/db/1/,5.97,247,0,
2026-05-16T16:13:06.586489,GET,/api/mixed/db/1/,4.02,247,0,
2026-05-16T16:13:06.590735,GET,/api/mixed/pipeline/1/,2.95,82,0,
2026-05-16T16:13:06.591209,GET,/api/mixed/db/1/,4.63,247,0,
2026-05-16T16:13:06.643259,GET,/api/mixed/db/1/,4.06,247,0,
2026-05-16T16:13:06.708465,GET,/api/mixed/db/1/,5.91,247,0,
2026-05-16T16:13:06.716819,GET,/api/mixed/http/,109.38,55353,0,
2026-05-16T16:13:06.815585,GET,/api/mixed/http/,108.48,55353,0,
2026-05-16T16:13:06.828777,GET,/api/mixed/db/1/,3.95,247,0,
2026-05-16T16:13:06.915870,GET,/api/mixed/pipeline/1/,3.66,82,0,
2026-05-16T16:13:06.918328,GET,/api/mixed/pipeline/1/,3.36,82,0,
2026-05-16T16:13:06.925274,GET,/api/mixed/db/1/,3.78,247,0,
2026-05-16T16:13:06.939633,GET,/api/mixed/pipeline/1/,2.92,82,0,
2026-05-16T16:13:06.962341,GET,/api/mixed/db/1/,4.17,247,0,
2026-05-16T16:13:07.025076,GET,/api/mixed/db/1/,4.39,247,0,
2026-05-16T16:13:07.073499,GET,/api/mixed/pipeline/1/,3.15,82,0,
2026-05-16T16:13:07.171195,GET,/api/mixed/db/1/,4.09,247,0,
2026-05-16T16:13:07.183410,GET,/api/mixed/db/1/,3.86,247,0,
2026-05-16T16:13:07.295847,GET,/api/mixed/pipeline/1/,3.14,82,0,
2026-05-16T16:13:07.321329,GET,/api/mixed/pipeline/1/,3.2,82,0,
2026-05-16T16:13:07.346679,GET,/api/mixed/db/1/,4.02,247,0,
2026-05-16T16:13:07.380305,GET,/api/mixed/db/1/,4.6,247,0,
2026-05-16T16:13:07.412692,GET,/api/mixed/pipeline/1/,3.18,82,0,
2026-05-16T16:13:07.458008,GET,/api/mixed/db/1/,4.05,247,0,
2026-05-16T16:13:07.474156,GET,/api/mixed/http/,108.08,55353,0,
2026-05-16T16:13:07.497119,GET,/api/mixed/http/,114.37,55353,0,
2026-05-16T16:13:07.606564,GET,/api/mixed/db/1/,6.64,247,0,
2026-05-16T16:13:07.679416,GET,/api/mixed/db/1/,4.18,247,0,
2026-05-16T16:13:07.706564,GET,/api/mixed/http/,112.28,55353,0,
2026-05-16T16:13:07.752415,GET,/api/mixed/pipeline/1/,11.22,82,0,
2026-05-16T16:13:07.794436,GET,/api/mixed/db/1/,4.82,247,0,
2026-05-16T16:13:07.811596,GET,/api/mixed/http/,107.96,55353,0,
2026-05-16T16:13:07.816800,GET,/api/mixed/db/1/,3.84,247,0,
2026-05-16T16:13:07.819506,GET,/api/mixed/pipeline/1/,2.59,82,0,
2026-05-16T16:13:07.891986,GET,/api/mixed/db/1/,4.21,247,0,
2026-05-16T16:13:07.902497,GET,/api/mixed/pipeline/1/,3.15,82,0,
2026-05-16T16:13:08.001957,GET,/api/mixed/db/1/,12.07,247,0,
2026-05-16T16:13:08.025578,GET,/api/mixed/db/1/,4.29,247,0,
2026-05-16T16:13:08.049817,GET,/api/mixed/http/,109.98,55353,0,
2026-05-16T16:13:08.055839,GET,/api/mixed/http/,107.99,55353,0,
2026-05-16T16:13:08.116114,GET,/api/mixed/db/1/,4.05,247,0,
2026-05-16T16:13:08.178699,GET,/api/mixed/pipeline/1/,3.77,82,0,
2026-05-16T16:13:08.194572,GET,/api/mixed/http/,108.33,55353,0,
2026-05-16T16:13:08.198839,GET,/api/mixed/pipeline/1/,2.83,82,0,
2026-05-16T16:13:08.257748,GET,/api/mixed/db/1/,14.38,247,0,
2026-05-16T16:13:08.260391,GET,/api/mixed/http/,110.99,55353,0,
2026-05-16T16:13:08.284230,GET,/api/mixed/http/,107.85,55353,0,
2026-05-16T16:13:08.323616,GET,/api/mixed/db/1/,3.9,247,0,
2026-05-16T16:13:08.331542,GET,/api/mixed/pipeline/1/,2.73,82,0,
2026-05-16T16:13:08.409388,GET,/api/mixed/http/,107.79,55353,0,
2026-05-16T16:13:08.414556,GET,/api/mixed/http/,108.29,55353,0,
2026-05-16T16:13:08.481978,GET,/api/mixed/pipeline/1/,5.0,82,0,
2026-05-16T16:13:08.506914,GET,/api/mixed/pipeline/1/,3.53,82,0,
2026-05-16T16:13:08.578447,GET,/api/mixed/pipeline/1/,2.95,82,0,
2026-05-16T16:13:08.599666,GET,/api/mixed/db/1/,3.9,247,0,
2026-05-16T16:13:08.669466,GET,/api/mixed/pipeline/1/,6.04,82,0,
2026-05-16T16:13:08.706299,GET,/api/mixed/http/,108.01,55353,0,
2026-05-16T16:13:08.720876,GET,/api/mixed/db/1/,4.19,247,0,
2026-05-16T16:13:08.784845,GET,/api/mixed/http/,108.07,55353,0,
2026-05-16T16:13:08.809688,GET,/api/mixed/http/,108.23,55353,0,
2026-05-16T16:13:08.853988,GET,/api/mixed/db/1/,4.06,247,0,
2026-05-16T16:13:08.903004,GET,/api/mixed/http/,107.81,55353,0,
2026-05-16T16:13:08.917571,GET,/api/mixed/http/,108.85,55353,0,
2026-05-16T16:13:08.958077,GET,/api/mixed/db/1/,4.07,247,0,
2026-05-16T16:13:09.004968,GET,/api/mixed/http/,112.74,55353,0,
2026-05-16T16:13:09.023905,GET,/api/mixed/http/,109.67,55353,0,
2026-05-16T16:13:09.057375,GET,/api/mixed/pipeline/1/,3.05,82,0,
2026-05-16T16:13:09.264637,GET,/api/mixed/pipeline/1/,3.2,82,0,
2026-05-16T16:13:09.298169,GET,/api/mixed/http/,109.17,55353,0,
2026-05-16T16:13:09.300560,GET,/api/mixed/http/,107.64,55353,0,
2026-05-16T16:13:09.355220,GET,/api/mixed/http/,115.5,55353,0,
2026-05-16T16:13:09.543812,GET,/api/mixed/db/1/,5.02,247,0,
2026-05-16T16:13:09.544367,GET,/api/mixed/db/1/,4.16,247,0,
2026-05-16T16:13:09.688826,GET,/api/mixed/pipeline/1/,3.88,82,0,
2026-05-16T16:13:09.713194,GET,/api/mixed/db/1/,4.13,247,0,
2026-05-16T16:13:09.734392,GET,/api/mixed/db/1/,5.3,247,0,
2026-05-16T16:13:09.759366,GET,/api/mixed/pipeline/1/,3.31,82,0,
2026-05-16T16:13:09.789626,GET,/api/mixed/pipeline/1/,3.97,82,0,
2026-05-16T16:13:09.791043,GET,/api/mixed/http/,109.95,55353,0,
2026-05-16T16:13:09.828101,GET,/api/mixed/db/1/,4.27,247,0,
2026-05-16T16:13:09.837295,GET,/api/mixed/http/,108.82,55353,0,
2026-05-16T16:13:09.859721,GET,/api/mixed/http/,112.55,55353,0,
2026-05-16T16:13:09.894844,GET,/api/mixed/pipeline/1/,3.83,82,0,
2026-05-16T16:13:09.931843,GET,/api/mixed/http/,109.5,55353,0,
2026-05-16T16:13:09.960443,GET,/api/mixed/pipeline/1/,3.17,82,0,
2026-05-16T16:13:10.002178,GET,/api/mixed/http/,108.39,55353,0,
2026-05-16T16:13:10.016480,GET,/api/mixed/http/,108.74,55353,0,
2026-05-16T16:13:10.033758,GET,/api/mixed/http/,108.22,55353,0,
2026-05-16T16:13:10.087202,GET,/api/mixed/pipeline/1/,3.03,82,0,
2026-05-16T16:13:10.114553,GET,/api/mixed/pipeline/1/,3.02,82,0,
2026-05-16T16:13:10.190236,GET,/api/mixed/pipeline/1/,6.02,82,0,
2026-05-16T16:13:10.190947,GET,/api/mixed/pipeline/1/,5.88,82,0,
