timestamp,method,name,response_time_ms,response_length,failed,error
2026-05-16T17:07:11.795964,GET,/api/mixed/db/1/,12.33,247,0,
2026-05-16T17:07:11.867749,GET,/api/mixed/http/,113.04,55353,0,
2026-05-16T17:07:11.920791,GET,/api/mixed/pipeline/1/,9.67,82,0,
2026-05-16T17:07:11.999236,GET,/api/mixed/pipeline/1/,9.84,82,0,
2026-05-16T17:07:12.018293,GET,/api/mixed/http/,114.1,55353,0,
2026-05-16T17:07:12.168344,GET,/api/mixed/db/1/,10.3,247,0,
2026-05-16T17:07:12.233181,GET,/api/mixed/http/,114.4,55353,0,
2026-05-16T17:07:12.253744,GET,/api/mixed/db/1/,10.3,247,0,
2026-05-16T17:07:12.305271,GET,/api/mixed/pipeline/1/,10.4,82,0,
2026-05-16T17:07:12.315030,GET,/api/mixed/pipeline/1/,9.6,82,0,
2026-05-16T17:07:12.350014,GET,/api/mixed/db/1/,11.72,247,0,
2026-05-16T17:07:12.358008,GET,/api/mixed/pipeline/1/,11.78,82,0,
2026-05-16T17:07:12.405950,GET,/api/mixed/http/,117.03,55353,0,
2026-05-16T17:07:12.406750,GET,/api/mixed/http/,124.7,55353,0,
2026-05-16T17:07:12.418196,GET,/api/mixed/db/1/,10.08,247,0,
2026-05-16T17:07:12.516946,GET,/api/mixed/http/,128.72,55353,0,
2026-05-16T17:07:12.519611,GET,/api/mixed/db/1/,19.13,247,0,
2026-05-16T17:07:12.536193,GET,/api/mixed/http/,113.55,55353,0,
2026-05-16T17:07:12.582198,GET,/api/mixed/http/,114.68,55353,0,
2026-05-16T17:07:12.596845,GET,/api/mixed/http/,114.24,55353,0,
2026-05-16T17:07:12.638190,GET,/api/mixed/db/1/,32.06,247,0,
2026-05-16T17:07:12.641663,GET,/api/mixed/pipeline/1/,33.68,82,0,
2026-05-16T17:07:12.646919,GET,/api/mixed/pipeline/1/,34.33,82,0,
2026-05-16T17:07:12.692352,GET,/api/mixed/pipeline/1/,10.62,82,0,
2026-05-16T17:07:12.776652,GET,/api/mixed/db/1/,10.72,247,0,
2026-05-16T17:07:12.798439,GET,/api/mixed/db/1/,15.48,247,0,
2026-05-16T17:07:12.869019,GET,/api/mixed/pipeline/1/,10.21,82,0,
2026-05-16T17:07:12.905745,GET,/api/mixed/http/,118.71,55353,0,
2026-05-16T17:07:12.925445,GET,/api/mixed/http/,113.66,55353,0,
2026-05-16T17:07:12.943579,GET,/api/mixed/db/1/,10.88,247,0,
2026-05-16T17:07:13.048560,GET,/api/mixed/pipeline/1/,10.55,82,0,
2026-05-16T17:07:13.068079,GET,/api/mixed/http/,113.24,55353,0,
2026-05-16T17:07:13.096836,GET,/api/mixed/pipeline/1/,10.42,82,0,
2026-05-16T17:07:13.212788,GET,/api/mixed/http/,113.73,55353,0,
2026-05-16T17:07:13.277057,GET,/api/mixed/pipeline/1/,9.97,82,0,
2026-05-16T17:07:13.285375,GET,/api/mixed/http/,113.3,55353,0,
2026-05-16T17:07:13.305863,GET,/api/mixed/http/,113.71,55353,0,
2026-05-16T17:07:13.322466,GET,/api/mixed/db/1/,10.34,247,0,
2026-05-16T17:07:13.366168,GET,/api/mixed/pipeline/1/,10.25,82,0,
2026-05-16T17:07:13.418343,GET,/api/mixed/db/1/,10.94,247,0,
2026-05-16T17:07:13.435211,GET,/api/mixed/db/1/,10.51,247,0,
2026-05-16T17:07:13.506157,GET,/api/mixed/http/,125.72,55353,0,
2026-05-16T17:07:13.513539,GET,/api/mixed/pipeline/1/,35.04,82,0,
2026-05-16T17:07:13.514393,GET,/api/mixed/pipeline/1/,35.42,82,0,
2026-05-16T17:07:13.520574,GET,/api/mixed/pipeline/1/,26.79,82,0,
2026-05-16T17:07:13.526122,GET,/api/mixed/pipeline/1/,13.71,82,0,
2026-05-16T17:07:13.563431,GET,/api/mixed/db/1/,10.87,247,0,
2026-05-16T17:07:13.602243,GET,/api/mixed/pipeline/1/,14.51,82,0,
2026-05-16T17:07:13.605871,GET,/api/mixed/pipeline/1/,13.16,82,0,
2026-05-16T17:07:13.739140,GET,/api/mixed/pipeline/1/,11.82,82,0,
2026-05-16T17:07:13.745863,GET,/api/mixed/pipeline/1/,11.67,82,0,
2026-05-16T17:07:13.815441,GET,/api/mixed/pipeline/1/,10.92,82,0,
2026-05-16T17:07:13.877756,GET,/api/mixed/pipeline/1/,9.91,82,0,
2026-05-16T17:07:13.910637,GET,/api/mixed/db/1/,10.6,247,0,
2026-05-16T17:07:13.955433,GET,/api/mixed/db/1/,10.51,247,0,
2026-05-16T17:07:14.094918,GET,/api/mixed/db/1/,10.63,247,0,
2026-05-16T17:07:14.171750,GET,/api/mixed/http/,113.36,55353,0,
2026-05-16T17:07:14.212614,GET,/api/mixed/pipeline/1/,13.32,82,0,
2026-05-16T17:07:14.242553,GET,/api/mixed/pipeline/1/,14.76,82,0,
2026-05-16T17:07:14.282326,GET,/api/mixed/db/1/,10.54,247,0,
2026-05-16T17:07:14.316213,GET,/api/mixed/http/,116.47,55353,0,
2026-05-16T17:07:14.338710,GET,/api/mixed/http/,113.76,55353,0,
2026-05-16T17:07:14.347248,GET,/api/mixed/http/,116.55,55353,0,
2026-05-16T17:07:14.357784,GET,/api/mixed/db/1/,12.84,247,0,
2026-05-16T17:07:14.369275,GET,/api/mixed/pipeline/1/,10.1,82,0,
2026-05-16T17:07:14.388297,GET,/api/mixed/db/1/,10.65,247,0,
2026-05-16T17:07:14.511859,GET,/api/mixed/db/1/,12.33,247,0,
2026-05-16T17:07:14.522421,GET,/api/mixed/pipeline/1/,17.04,82,0,
2026-05-16T17:07:14.526549,GET,/api/mixed/pipeline/1/,12.48,82,0,
2026-05-16T17:07:14.549956,GET,/api/mixed/pipeline/1/,14.08,82,0,
2026-05-16T17:07:14.654908,GET,/api/mixed/http/,118.61,55353,0,
2026-05-16T17:07:14.719823,GET,/api/mixed/pipeline/1/,10.06,82,0,
2026-05-16T17:07:14.735380,GET,/api/mixed/pipeline/1/,9.99,82,0,
2026-05-16T17:07:14.761211,GET,/api/mixed/db/1/,10.43,247,0,
2026-05-16T17:07:14.784507,GET,/api/mixed/http/,114.62,55353,0,
2026-05-16T17:07:14.793677,GET,/api/mixed/db/1/,12.07,247,0,
2026-05-16T17:07:14.895809,GET,/api/mixed/db/1/,12.12,247,0,
2026-05-16T17:07:14.915280,GET,/api/mixed/http/,115.32,55353,0,
2026-05-16T17:07:14.922846,GET,/api/mixed/db/1/,18.66,247,0,
2026-05-16T17:07:14.939472,GET,/api/mixed/http/,114.57,55353,0,
2026-05-16T17:07:14.968245,GET,/api/mixed/http/,113.29,55353,0,
2026-05-16T17:07:14.985030,GET,/api/mixed/http/,113.21,55353,0,
2026-05-16T17:07:15.005081,GET,/api/mixed/pipeline/1/,9.78,82,0,
2026-05-16T17:07:15.026540,GET,/api/mixed/db/1/,11.14,247,0,
2026-05-16T17:07:15.054999,GET,/api/mixed/db/1/,13.16,247,0,
2026-05-16T17:07:15.072032,GET,/api/mixed/pipeline/1/,12.77,82,0,
2026-05-16T17:07:15.086177,GET,/api/mixed/pipeline/1/,9.81,82,0,
2026-05-16T17:07:15.110424,GET,/api/mixed/pipeline/1/,9.91,82,0,
2026-05-16T17:07:15.183797,GET,/api/mixed/http/,116.55,55353,0,
2026-05-16T17:07:15.272589,GET,/api/mixed/http/,112.89,55353,0,
2026-05-16T17:07:15.429727,GET,/api/mixed/http/,112.77,55353,0,
2026-05-16T17:07:15.452829,GET,/api/mixed/db/1/,11.85,247,0,
2026-05-16T17:07:15.467543,GET,/api/mixed/pipeline/1/,17.71,82,0,
2026-05-16T17:07:15.469467,GET,/api/mixed/pipeline/1/,17.84,82,0,
2026-05-16T17:07:15.478618,GET,/api/mixed/pipeline/1/,13.52,82,0,
2026-05-16T17:07:15.534776,GET,/api/mixed/pipeline/1/,9.93,82,0,
2026-05-16T17:07:15.647289,GET,/api/mixed/http/,113.58,55353,0,
2026-05-16T17:07:15.674174,GET,/api/mixed/http/,116.1,55353,0,
2026-05-16T17:07:15.676937,GET,/api/mixed/pipeline/1/,18.2,82,0,
2026-05-16T17:07:15.707498,GET,/api/mixed/pipeline/1/,10.29,82,0,
2026-05-16T17:07:15.739952,GET,/api/mixed/db/1/,11.61,247,0,
2026-05-16T17:07:15.822888,GET,/api/mixed/http/,114.88,55353,0,
2026-05-16T17:07:15.858360,GET,/api/mixed/pipeline/1/,12.01,82,0,
2026-05-16T17:07:15.865727,GET,/api/mixed/db/1/,12.45,247,0,
2026-05-16T17:07:15.943333,GET,/api/mixed/pipeline/1/,11.42,82,0,
2026-05-16T17:07:16.007851,GET,/api/mixed/http/,112.76,55353,0,
2026-05-16T17:07:16.051157,GET,/api/mixed/http/,121.05,55353,0,
2026-05-16T17:07:16.067909,GET,/api/mixed/pipeline/1/,30.8,82,0,
2026-05-16T17:07:16.076469,GET,/api/mixed/db/1/,31.38,247,0,
2026-05-16T17:07:16.078923,GET,/api/mixed/db/1/,26.54,247,0,
2026-05-16T17:07:16.224399,GET,/api/mixed/db/1/,10.81,247,0,
2026-05-16T17:07:16.295523,GET,/api/mixed/http/,113.88,55353,0,
2026-05-16T17:07:16.310741,GET,/api/mixed/pipeline/1/,9.81,82,0,
2026-05-16T17:07:16.327232,GET,/api/mixed/db/1/,10.23,247,0,
2026-05-16T17:07:16.371854,GET,/api/mixed/db/1/,15.35,247,0,
2026-05-16T17:07:16.387531,GET,/api/mixed/http/,116.85,55353,0,
2026-05-16T17:07:16.388451,GET,/api/mixed/pipeline/1/,23.16,82,0,
2026-05-16T17:07:16.491235,GET,/api/mixed/http/,127.83,55353,0,
2026-05-16T17:07:16.511917,GET,/api/mixed/http/,115.07,55353,0,
2026-05-16T17:07:16.518749,GET,/api/mixed/pipeline/1/,15.16,82,0,
2026-05-16T17:07:16.580840,GET,/api/mixed/db/1/,10.79,247,0,
2026-05-16T17:07:16.608772,GET,/api/mixed/pipeline/1/,10.67,82,0,
2026-05-16T17:07:16.759548,GET,/api/mixed/http/,113.42,55353,0,
2026-05-16T17:07:16.867346,GET,/api/mixed/http/,120.4,55353,0,
2026-05-16T17:07:16.908517,GET,/api/mixed/http/,126.49,55353,0,
2026-05-16T17:07:16.910591,GET,/api/mixed/http/,121.67,55353,0,
2026-05-16T17:07:16.913562,GET,/api/mixed/db/1/,31.73,247,0,
2026-05-16T17:07:16.936148,GET,/api/mixed/http/,113.18,55353,0,
2026-05-16T17:07:17.020031,GET,/api/mixed/http/,123.28,55353,0,
2026-05-16T17:07:17.054633,GET,/api/mixed/pipeline/1/,10.13,82,0,
2026-05-16T17:07:17.154258,GET,/api/mixed/pipeline/1/,10.29,82,0,
2026-05-16T17:07:17.183164,GET,/api/mixed/http/,114.25,55353,0,
2026-05-16T17:07:17.344584,GET,/api/mixed/http/,114.14,55353,0,
2026-05-16T17:07:17.388939,GET,/api/mixed/pipeline/1/,10.94,82,0,
2026-05-16T17:07:17.421882,GET,/api/mixed/db/1/,10.98,247,0,
2026-05-16T17:07:17.432310,GET,/api/mixed/pipeline/1/,11.55,82,0,
2026-05-16T17:07:17.466213,GET,/api/mixed/pipeline/1/,10.42,82,0,
2026-05-16T17:07:17.509147,GET,/api/mixed/http/,116.04,55353,0,
2026-05-16T17:07:17.584973,GET,/api/mixed/db/1/,12.39,247,0,
2026-05-16T17:07:17.593210,GET,/api/mixed/pipeline/1/,11.53,82,0,
2026-05-16T17:07:17.609945,GET,/api/mixed/pipeline/1/,10.37,82,0,
2026-05-16T17:07:17.619495,GET,/api/mixed/http/,119.02,55353,0,
2026-05-16T17:07:17.635522,GET,/api/mixed/db/1/,10.76,247,0,
2026-05-16T17:07:17.671461,GET,/api/mixed/pipeline/1/,11.4,82,0,
2026-05-16T17:07:17.713625,GET,/api/mixed/db/1/,14.95,247,0,
2026-05-16T17:07:17.713981,GET,/api/mixed/db/1/,17.14,247,0,
2026-05-16T17:07:17.736230,GET,/api/mixed/pipeline/1/,10.0,82,0,
2026-05-16T17:07:17.818327,GET,/api/mixed/db/1/,10.94,247,0,
2026-05-16T17:07:17.836431,GET,/api/mixed/db/1/,10.81,247,0,
2026-05-16T17:07:17.846076,GET,/api/mixed/pipeline/1/,10.59,82,0,
2026-05-16T17:07:17.982666,GET,/api/mixed/http/,114.25,55353,0,
2026-05-16T17:07:18.094392,GET,/api/mixed/pipeline/1/,10.33,82,0,
2026-05-16T17:07:18.150836,GET,/api/mixed/db/1/,17.11,247,0,
2026-05-16T17:07:18.153269,GET,/api/mixed/db/1/,17.64,247,0,
2026-05-16T17:07:18.168088,GET,/api/mixed/db/1/,15.96,247,0,
2026-05-16T17:07:18.191624,GET,/api/mixed/pipeline/1/,10.04,82,0,
2026-05-16T17:07:18.249968,GET,/api/mixed/pipeline/1/,11.06,82,0,
2026-05-16T17:07:18.273946,GET,/api/mixed/http/,118.45,55353,0,
2026-05-16T17:07:18.286116,GET,/api/mixed/db/1/,10.85,247,0,
2026-05-16T17:07:18.335143,GET,/api/mixed/db/1/,10.71,247,0,
2026-05-16T17:07:18.431487,GET,/api/mixed/http/,113.94,55353,0,
2026-05-16T17:07:18.463954,GET,/api/mixed/http/,125.58,55353,0,
2026-05-16T17:07:18.475194,GET,/api/mixed/http/,125.66,55353,0,
2026-05-16T17:07:18.478855,GET,/api/mixed/http/,116.43,55353,0,
2026-05-16T17:07:18.481238,GET,/api/mixed/pipeline/1/,38.45,82,0,
2026-05-16T17:07:18.502126,GET,/api/mixed/pipeline/1/,10.48,82,0,
2026-05-16T17:07:18.616442,GET,/api/mixed/pipeline/1/,10.5,82,0,
2026-05-16T17:07:18.662137,GET,/api/mixed/db/1/,10.27,247,0,
2026-05-16T17:07:18.698588,GET,/api/mixed/db/1/,11.39,247,0,
2026-05-16T17:07:18.758036,GET,/api/mixed/http/,113.22,55353,0,
2026-05-16T17:07:18.827071,GET,/api/mixed/db/1/,10.38,247,0,
2026-05-16T17:07:18.848332,GET,/api/mixed/db/1/,11.02,247,0,
2026-05-16T17:07:18.891917,GET,/api/mixed/pipeline/1/,10.28,82,0,
2026-05-16T17:07:18.926948,GET,/api/mixed/http/,115.21,55353,0,
2026-05-16T17:07:19.024434,GET,/api/mixed/pipeline/1/,10.96,82,0,
2026-05-16T17:07:19.034292,GET,/api/mixed/pipeline/1/,9.67,82,0,
2026-05-16T17:07:19.048836,GET,/api/mixed/pipeline/1/,10.1,82,0,
2026-05-16T17:07:19.072232,GET,/api/mixed/pipeline/1/,11.06,82,0,
2026-05-16T17:07:19.296029,GET,/api/mixed/pipeline/1/,11.22,82,0,
2026-05-16T17:07:19.336852,GET,/api/mixed/db/1/,10.44,247,0,
2026-05-16T17:07:19.378245,GET,/api/mixed/pipeline/1/,10.91,82,0,
2026-05-16T17:07:19.427423,GET,/api/mixed/pipeline/1/,11.79,82,0,
2026-05-16T17:07:19.487351,GET,/api/mixed/pipeline/1/,12.41,82,0,
2026-05-16T17:07:19.523499,GET,/api/mixed/db/1/,11.85,247,0,
2026-05-16T17:07:19.582452,GET,/api/mixed/db/1/,10.63,247,0,
2026-05-16T17:07:19.594730,GET,/api/mixed/http/,115.96,55353,0,
2026-05-16T17:07:19.699248,GET,/api/mixed/db/1/,14.93,247,0,
2026-05-16T17:07:19.716947,GET,/api/mixed/http/,123.01,55353,0,
2026-05-16T17:07:19.721832,GET,/api/mixed/pipeline/1/,29.59,82,0,
2026-05-16T17:07:19.727787,GET,/api/mixed/pipeline/1/,16.49,82,0,
2026-05-16T17:07:19.784205,GET,/api/mixed/pipeline/1/,9.98,82,0,
2026-05-16T17:07:19.812486,GET,/api/mixed/pipeline/1/,10.84,82,0,
2026-05-16T17:07:19.826924,GET,/api/mixed/http/,124.42,55353,0,
2026-05-16T17:07:19.858232,GET,/api/mixed/pipeline/1/,11.06,82,0,
2026-05-16T17:07:19.874138,GET,/api/mixed/pipeline/1/,14.5,82,0,
2026-05-16T17:07:19.878298,GET,/api/mixed/db/1/,12.92,247,0,
2026-05-16T17:07:19.929816,GET,/api/mixed/http/,118.14,55353,0,
2026-05-16T17:07:19.936672,GET,/api/mixed/pipeline/1/,19.07,82,0,
2026-05-16T17:07:20.073020,GET,/api/mixed/pipeline/1/,11.67,82,0,
2026-05-16T17:07:20.114198,GET,/api/mixed/db/1/,10.86,247,0,
2026-05-16T17:07:20.149898,GET,/api/mixed/pipeline/1/,10.4,82,0,
2026-05-16T17:07:20.200975,GET,/api/mixed/pipeline/1/,11.61,82,0,
2026-05-16T17:07:20.209153,GET,/api/mixed/db/1/,12.97,247,0,
2026-05-16T17:07:20.247987,GET,/api/mixed/db/1/,10.62,247,0,
2026-05-16T17:07:20.287314,GET,/api/mixed/db/1/,10.86,247,0,
2026-05-16T17:07:20.314002,GET,/api/mixed/db/1/,11.38,247,0,
2026-05-16T17:07:20.351483,GET,/api/mixed/db/1/,13.12,247,0,
2026-05-16T17:07:20.493535,GET,/api/mixed/db/1/,10.49,247,0,
2026-05-16T17:07:20.532905,GET,/api/mixed/pipeline/1/,12.03,82,0,
2026-05-16T17:07:20.551508,GET,/api/mixed/http/,114.44,55353,0,
2026-05-16T17:07:20.580444,GET,/api/mixed/pipeline/1/,27.65,82,0,
2026-05-16T17:07:20.584697,GET,/api/mixed/db/1/,31.54,247,0,
2026-05-16T17:07:20.586688,GET,/api/mixed/http/,120.67,55353,0,
2026-05-16T17:07:20.588899,GET,/api/mixed/db/1/,30.0,247,0,
2026-05-16T17:07:20.650034,GET,/api/mixed/db/1/,10.7,247,0,
2026-05-16T17:07:20.671462,GET,/api/mixed/db/1/,10.09,247,0,
2026-05-16T17:07:20.772325,GET,/api/mixed/http/,116.82,55353,0,
2026-05-16T17:07:20.792494,GET,/api/mixed/db/1/,10.68,247,0,
2026-05-16T17:07:20.825826,GET,/api/mixed/db/1/,11.07,247,0,
2026-05-16T17:07:20.837683,GET,/api/mixed/http/,113.92,55353,0,
2026-05-16T17:07:20.865320,GET,/api/mixed/http/,113.5,55353,0,
2026-05-16T17:07:20.883449,GET,/api/mixed/http/,116.77,55353,0,
2026-05-16T17:07:20.910897,GET,/api/mixed/pipeline/1/,10.13,82,0,
2026-05-16T17:07:20.959334,GET,/api/mixed/pipeline/1/,11.21,82,0,
2026-05-16T17:07:21.020090,GET,/api/mixed/pipeline/1/,10.24,82,0,
2026-05-16T17:07:21.069237,GET,/api/mixed/db/1/,10.71,247,0,
2026-05-16T17:07:21.083385,GET,/api/mixed/http/,114.68,55353,0,
2026-05-16T17:07:21.092994,GET,/api/mixed/db/1/,10.46,247,0,
2026-05-16T17:07:21.180335,GET,/api/mixed/pipeline/1/,11.05,82,0,
2026-05-16T17:07:21.337833,GET,/api/mixed/http/,115.7,55353,0,
2026-05-16T17:07:21.402358,GET,/api/mixed/pipeline/1/,10.08,82,0,
2026-05-16T17:07:21.466470,GET,/api/mixed/pipeline/1/,9.64,82,0,
2026-05-16T17:07:21.597494,GET,/api/mixed/db/1/,10.6,247,0,
2026-05-16T17:07:21.714878,GET,/api/mixed/db/1/,11.05,247,0,
2026-05-16T17:07:21.724897,GET,/api/mixed/pipeline/1/,9.77,82,0,
2026-05-16T17:07:21.761672,GET,/api/mixed/http/,121.84,55353,0,
2026-05-16T17:07:21.769158,GET,/api/mixed/pipeline/1/,18.15,82,0,
2026-05-16T17:07:21.771234,GET,/api/mixed/db/1/,25.09,247,0,
2026-05-16T17:07:21.878375,GET,/api/mixed/db/1/,12.16,247,0,
2026-05-16T17:07:21.894432,GET,/api/mixed/http/,118.02,55353,0,
2026-05-16T17:07:21.915715,GET,/api/mixed/http/,130.09,55353,0,
2026-05-16T17:07:21.918012,GET,/api/mixed/http/,131.58,55353,0,
2026-05-16T17:07:21.922491,GET,/api/mixed/pipeline/1/,40.81,82,0,
2026-05-16T17:07:21.956409,GET,/api/mixed/db/1/,10.61,247,0,
2026-05-16T17:07:22.030993,GET,/api/mixed/http/,141.58,55353,0,
2026-05-16T17:07:22.035227,GET,/api/mixed/http/,135.55,55353,0,
2026-05-16T17:07:22.040778,GET,/api/mixed/db/1/,25.0,247,0,
2026-05-16T17:07:22.076659,GET,/api/mixed/pipeline/1/,10.44,82,0,
2026-05-16T17:07:22.089851,GET,/api/mixed/db/1/,10.78,247,0,
2026-05-16T17:07:22.122336,GET,/api/mixed/http/,115.43,55353,0,
2026-05-16T17:07:22.129992,GET,/api/mixed/pipeline/1/,11.95,82,0,
2026-05-16T17:07:22.187155,GET,/api/mixed/db/1/,10.87,247,0,
2026-05-16T17:07:22.206177,GET,/api/mixed/http/,112.93,55353,0,
2026-05-16T17:07:22.216176,GET,/api/mixed/db/1/,10.85,247,0,
2026-05-16T17:07:22.229278,GET,/api/mixed/pipeline/1/,10.87,82,0,
2026-05-16T17:07:22.265397,GET,/api/mixed/db/1/,11.88,247,0,
2026-05-16T17:07:22.367115,GET,/api/mixed/pipeline/1/,11.46,82,0,
2026-05-16T17:07:22.484584,GET,/api/mixed/db/1/,18.76,247,0,
2026-05-16T17:07:22.485781,GET,/api/mixed/db/1/,18.11,247,0,
2026-05-16T17:07:22.589630,GET,/api/mixed/db/1/,10.6,247,0,
2026-05-16T17:07:22.616169,GET,/api/mixed/db/1/,16.05,247,0,
2026-05-16T17:07:22.618440,GET,/api/mixed/db/1/,16.36,247,0,
2026-05-16T17:07:22.696151,GET,/api/mixed/db/1/,14.07,247,0,
2026-05-16T17:07:22.746776,GET,/api/mixed/db/1/,14.26,247,0,
2026-05-16T17:07:22.806943,GET,/api/mixed/http/,116.82,55353,0,
2026-05-16T17:07:22.827721,GET,/api/mixed/db/1/,10.32,247,0,
2026-05-16T17:07:22.857022,GET,/api/mixed/http/,118.45,55353,0,
2026-05-16T17:07:22.884177,GET,/api/mixed/db/1/,10.71,247,0,
2026-05-16T17:07:22.897133,GET,/api/mixed/db/1/,10.57,247,0,
2026-05-16T17:07:22.936452,GET,/api/mixed/db/1/,16.06,247,0,
2026-05-16T17:07:22.937885,GET,/api/mixed/db/1/,16.92,247,0,
2026-05-16T17:07:22.963525,GET,/api/mixed/db/1/,11.27,247,0,
2026-05-16T17:07:23.034595,GET,/api/mixed/pipeline/1/,9.73,82,0,
2026-05-16T17:07:23.086670,GET,/api/mixed/http/,113.81,55353,0,
2026-05-16T17:07:23.099124,GET,/api/mixed/db/1/,11.08,247,0,
2026-05-16T17:07:23.260885,GET,/api/mixed/http/,118.46,55353,0,
2026-05-16T17:07:23.271422,GET,/api/mixed/db/1/,24.68,247,0,
2026-05-16T17:07:23.275608,GET,/api/mixed/db/1/,15.63,247,0,
2026-05-16T17:07:23.336145,GET,/api/mixed/pipeline/1/,21.3,82,0,
2026-05-16T17:07:23.340780,GET,/api/mixed/db/1/,17.7,247,0,
2026-05-16T17:07:23.469011,GET,/api/mixed/db/1/,15.44,247,0,
2026-05-16T17:07:23.473474,GET,/api/mixed/db/1/,17.07,247,0,
2026-05-16T17:07:23.495726,GET,/api/mixed/db/1/,10.99,247,0,
2026-05-16T17:07:23.583484,GET,/api/mixed/http/,115.59,55353,0,
2026-05-16T17:07:23.689115,GET,/api/mixed/pipeline/1/,12.83,82,0,
2026-05-16T17:07:23.798686,GET,/api/mixed/http/,120.35,55353,0,
2026-05-16T17:07:23.816462,GET,/api/mixed/db/1/,10.26,247,0,
2026-05-16T17:07:23.837536,GET,/api/mixed/pipeline/1/,10.7,82,0,
2026-05-16T17:07:23.937646,GET,/api/mixed/db/1/,12.69,247,0,
2026-05-16T17:07:23.962638,GET,/api/mixed/db/1/,10.53,247,0,
2026-05-16T17:07:24.002822,GET,/api/mixed/http/,116.83,55353,0,
2026-05-16T17:07:24.015175,GET,/api/mixed/db/1/,22.27,247,0,
2026-05-16T17:07:24.015550,GET,/api/mixed/db/1/,19.83,247,0,
2026-05-16T17:07:24.049969,GET,/api/mixed/db/1/,11.02,247,0,
2026-05-16T17:07:24.128397,GET,/api/mixed/pipeline/1/,9.97,82,0,
2026-05-16T17:07:24.148287,GET,/api/mixed/pipeline/1/,9.62,82,0,
2026-05-16T17:07:24.226324,GET,/api/mixed/db/1/,12.44,247,0,
2026-05-16T17:07:24.300519,GET,/api/mixed/db/1/,13.77,247,0,
2026-05-16T17:07:24.319856,GET,/api/mixed/db/1/,11.03,247,0,
2026-05-16T17:07:24.331086,GET,/api/mixed/db/1/,13.35,247,0,
2026-05-16T17:07:24.353367,GET,/api/mixed/pipeline/1/,11.89,82,0,
2026-05-16T17:07:24.430790,GET,/api/mixed/db/1/,12.25,247,0,
2026-05-16T17:07:24.493273,GET,/api/mixed/http/,116.64,55353,0,
2026-05-16T17:07:24.512154,GET,/api/mixed/db/1/,13.54,247,0,
2026-05-16T17:07:24.517857,GET,/api/mixed/db/1/,14.46,247,0,
2026-05-16T17:07:24.554944,GET,/api/mixed/pipeline/1/,9.74,82,0,
2026-05-16T17:07:24.611560,GET,/api/mixed/pipeline/1/,10.38,82,0,
2026-05-16T17:07:24.674398,GET,/api/mixed/pipeline/1/,13.57,82,0,
2026-05-16T17:07:24.714870,GET,/api/mixed/db/1/,10.27,247,0,
2026-05-16T17:07:24.724965,GET,/api/mixed/http/,115.7,55353,0,
2026-05-16T17:07:24.732174,GET,/api/mixed/db/1/,13.09,247,0,
2026-05-16T17:07:24.781576,GET,/api/mixed/http/,115.8,55353,0,
2026-05-16T17:07:24.791406,GET,/api/mixed/db/1/,10.98,247,0,
2026-05-16T17:07:24.806874,GET,/api/mixed/pipeline/1/,10.24,82,0,
2026-05-16T17:07:24.931575,GET,/api/mixed/pipeline/1/,11.98,82,0,
2026-05-16T17:07:24.976029,GET,/api/mixed/http/,113.87,55353,0,
2026-05-16T17:07:24.999817,GET,/api/mixed/pipeline/1/,9.77,82,0,
2026-05-16T17:07:25.035194,GET,/api/mixed/http/,116.05,55353,0,
2026-05-16T17:07:25.046608,GET,/api/mixed/http/,112.62,55353,0,
2026-05-16T17:07:25.075627,GET,/api/mixed/pipeline/1/,9.75,82,0,
2026-05-16T17:07:25.101492,GET,/api/mixed/http/,114.22,55353,0,
2026-05-16T17:07:25.134148,GET,/api/mixed/pipeline/1/,10.29,82,0,
2026-05-16T17:07:25.182912,GET,/api/mixed/pipeline/1/,12.48,82,0,
2026-05-16T17:07:25.202659,GET,/api/mixed/pipeline/1/,9.53,82,0,
2026-05-16T17:07:25.254624,GET,/api/mixed/pipeline/1/,16.84,82,0,
2026-05-16T17:07:25.257342,GET,/api/mixed/pipeline/1/,14.68,82,0,
2026-05-16T17:07:25.294652,GET,/api/mixed/http/,120.37,55353,0,
2026-05-16T17:07:25.297585,GET,/api/mixed/pipeline/1/,21.99,82,0,
2026-05-16T17:07:25.303648,GET,/api/mixed/db/1/,18.19,247,0,
2026-05-16T17:07:25.355995,GET,/api/mixed/http/,118.66,55353,0,
2026-05-16T17:07:25.357761,GET,/api/mixed/pipeline/1/,16.85,82,0,
2026-05-16T17:07:25.377199,GET,/api/mixed/db/1/,16.2,247,0,
2026-05-16T17:07:25.378999,GET,/api/mixed/db/1/,15.37,247,0,
2026-05-16T17:07:25.462892,GET,/api/mixed/pipeline/1/,9.57,82,0,
2026-05-16T17:07:25.558616,GET,/api/mixed/http/,113.17,55353,0,
2026-05-16T17:07:25.583156,GET,/api/mixed/db/1/,10.27,247,0,
2026-05-16T17:07:25.602580,GET,/api/mixed/pipeline/1/,10.17,82,0,
2026-05-16T17:07:25.616867,GET,/api/mixed/db/1/,9.88,247,0,
2026-05-16T17:07:25.660511,GET,/api/mixed/db/1/,10.25,247,0,
2026-05-16T17:07:25.717630,GET,/api/mixed/http/,115.84,55353,0,
2026-05-16T17:07:25.826623,GET,/api/mixed/http/,121.79,55353,0,
2026-05-16T17:07:25.837981,GET,/api/mixed/pipeline/1/,10.07,82,0,
2026-05-16T17:07:25.883117,GET,/api/mixed/db/1/,10.57,247,0,
2026-05-16T17:07:25.950675,GET,/api/mixed/http/,113.4,55353,0,
2026-05-16T17:07:26.045022,GET,/api/mixed/pipeline/1/,9.76,82,0,
2026-05-16T17:07:26.056156,GET,/api/mixed/pipeline/1/,9.68,82,0,
2026-05-16T17:07:26.088043,GET,/api/mixed/pipeline/1/,10.49,82,0,
2026-05-16T17:07:26.155479,GET,/api/mixed/pipeline/1/,10.22,82,0,
2026-05-16T17:07:26.169335,GET,/api/mixed/db/1/,10.61,247,0,
2026-05-16T17:07:26.261568,GET,/api/mixed/pipeline/1/,9.75,82,0,
2026-05-16T17:07:26.288031,GET,/api/mixed/http/,114.35,55353,0,
2026-05-16T17:07:26.420426,GET,/api/mixed/pipeline/1/,12.65,82,0,
2026-05-16T17:07:26.455397,GET,/api/mixed/db/1/,11.78,247,0,
2026-05-16T17:07:26.463710,GET,/api/mixed/db/1/,12.17,247,0,
2026-05-16T17:07:26.511177,GET,/api/mixed/pipeline/1/,13.22,82,0,
2026-05-16T17:07:26.521126,GET,/api/mixed/http/,118.65,55353,0,
2026-05-16T17:07:26.524482,GET,/api/mixed/db/1/,20.66,247,0,
2026-05-16T17:07:26.543069,GET,/api/mixed/http/,115.34,55353,0,
2026-05-16T17:07:26.570829,GET,/api/mixed/pipeline/1/,9.53,82,0,
2026-05-16T17:07:26.585086,GET,/api/mixed/db/1/,10.89,247,0,
2026-05-16T17:07:26.629904,GET,/api/mixed/db/1/,10.31,247,0,
2026-05-16T17:07:26.667365,GET,/api/mixed/http/,113.02,55353,0,
2026-05-16T17:07:26.709855,GET,/api/mixed/http/,113.47,55353,0,
2026-05-16T17:07:26.763924,GET,/api/mixed/pipeline/1/,9.6,82,0,
2026-05-16T17:07:26.774591,GET,/api/mixed/pipeline/1/,11.44,82,0,
2026-05-16T17:07:26.795969,GET,/api/mixed/db/1/,10.0,247,0,
2026-05-16T17:07:26.834317,GET,/api/mixed/pipeline/1/,9.71,82,0,
2026-05-16T17:07:26.849789,GET,/api/mixed/pipeline/1/,16.3,82,0,
2026-05-16T17:07:26.852112,GET,/api/mixed/http/,114.85,55353,0,
2026-05-16T17:07:26.886909,GET,/api/mixed/http/,116.55,55353,0,
2026-05-16T17:07:26.892572,GET,/api/mixed/db/1/,18.12,247,0,
2026-05-16T17:07:26.931033,GET,/api/mixed/pipeline/1/,10.18,82,0,
2026-05-16T17:07:26.970460,GET,/api/mixed/pipeline/1/,10.14,82,0,
2026-05-16T17:07:26.979974,GET,/api/mixed/pipeline/1/,9.38,82,0,
2026-05-16T17:07:27.019947,GET,/api/mixed/db/1/,10.73,247,0,
2026-05-16T17:07:27.074384,GET,/api/mixed/pipeline/1/,10.02,82,0,
2026-05-16T17:07:27.233898,GET,/api/mixed/pipeline/1/,14.69,82,0,
2026-05-16T17:07:27.240901,GET,/api/mixed/pipeline/1/,12.09,82,0,
2026-05-16T17:07:27.260159,GET,/api/mixed/http/,112.3,55353,0,
2026-05-16T17:07:27.346241,GET,/api/mixed/http/,125.17,55353,0,
2026-05-16T17:07:27.361524,GET,/api/mixed/db/1/,19.02,247,0,
2026-05-16T17:07:27.363351,GET,/api/mixed/pipeline/1/,14.82,82,0,
2026-05-16T17:07:27.505738,GET,/api/mixed/pipeline/1/,9.74,82,0,
2026-05-16T17:07:27.610470,GET,/api/mixed/pipeline/1/,14.86,82,0,
2026-05-16T17:07:27.620333,GET,/api/mixed/pipeline/1/,21.91,82,0,
2026-05-16T17:07:27.620802,GET,/api/mixed/http/,114.91,55353,0,
2026-05-16T17:07:27.649444,GET,/api/mixed/http/,115.82,55353,0,
2026-05-16T17:07:27.659567,GET,/api/mixed/pipeline/1/,17.71,82,0,
2026-05-16T17:07:27.663094,GET,/api/mixed/pipeline/1/,14.42,82,0,
2026-05-16T17:07:27.675266,GET,/api/mixed/db/1/,9.88,247,0,
2026-05-16T17:07:27.757029,GET,/api/mixed/http/,122.0,55353,0,
2026-05-16T17:07:27.883109,GET,/api/mixed/http/,113.64,55353,0,
2026-05-16T17:07:27.947230,GET,/api/mixed/http/,120.68,55353,0,
2026-05-16T17:07:27.956327,GET,/api/mixed/pipeline/1/,11.87,82,0,
2026-05-16T17:07:28.016487,GET,/api/mixed/pipeline/1/,9.96,82,0,
2026-05-16T17:07:28.062875,GET,/api/mixed/pipeline/1/,9.68,82,0,
2026-05-16T17:07:28.082519,GET,/api/mixed/db/1/,10.3,247,0,
2026-05-16T17:07:28.238206,GET,/api/mixed/http/,113.44,55353,0,
2026-05-16T17:07:28.299190,GET,/api/mixed/http/,114.52,55353,0,
2026-05-16T17:07:28.312605,GET,/api/mixed/pipeline/1/,14.21,82,0,
2026-05-16T17:07:28.317321,GET,/api/mixed/db/1/,13.65,247,0,
2026-05-16T17:07:28.358476,GET,/api/mixed/http/,118.94,55353,0,
2026-05-16T17:07:28.368505,GET,/api/mixed/pipeline/1/,22.83,82,0,
2026-05-16T17:07:28.369100,GET,/api/mixed/pipeline/1/,19.86,82,0,
2026-05-16T17:07:28.508969,GET,/api/mixed/db/1/,12.06,247,0,
2026-05-16T17:07:28.548139,GET,/api/mixed/pipeline/1/,9.74,82,0,
2026-05-16T17:07:28.568696,GET,/api/mixed/db/1/,10.32,247,0,
2026-05-16T17:07:28.632195,GET,/api/mixed/pipeline/1/,24.26,82,0,
2026-05-16T17:07:28.633191,GET,/api/mixed/pipeline/1/,24.77,82,0,
2026-05-16T17:07:28.637691,GET,/api/mixed/pipeline/1/,25.42,82,0,
2026-05-16T17:07:28.641890,GET,/api/mixed/db/1/,18.8,247,0,
2026-05-16T17:07:28.703499,GET,/api/mixed/db/1/,14.65,247,0,
2026-05-16T17:07:28.719088,GET,/api/mixed/db/1/,10.31,247,0,
2026-05-16T17:07:28.780914,GET,/api/mixed/http/,114.64,55353,0,
2026-05-16T17:07:28.804390,GET,/api/mixed/pipeline/1/,9.25,82,0,
2026-05-16T17:07:28.814508,GET,/api/mixed/db/1/,9.99,247,0,
2026-05-16T17:07:28.891325,GET,/api/mixed/http/,120.97,55353,0,
2026-05-16T17:07:28.986426,GET,/api/mixed/pipeline/1/,9.65,82,0,
2026-05-16T17:07:29.037055,GET,/api/mixed/db/1/,10.12,247,0,
2026-05-16T17:07:29.143366,GET,/api/mixed/db/1/,9.63,247,0,
2026-05-16T17:07:29.165962,GET,/api/mixed/db/1/,10.24,247,0,
2026-05-16T17:07:29.200686,GET,/api/mixed/http/,113.86,55353,0,
2026-05-16T17:07:29.239078,GET,/api/mixed/http/,113.23,55353,0,
2026-05-16T17:07:29.264484,GET,/api/mixed/db/1/,10.17,247,0,
2026-05-16T17:07:29.306150,GET,/api/mixed/db/1/,11.24,247,0,
2026-05-16T17:07:29.350672,GET,/api/mixed/db/1/,28.32,247,0,
2026-05-16T17:07:29.351322,GET,/api/mixed/http/,124.02,55353,0,
2026-05-16T17:07:29.353034,GET,/api/mixed/db/1/,28.74,247,0,
2026-05-16T17:07:29.420276,GET,/api/mixed/db/1/,10.86,247,0,
2026-05-16T17:07:29.517059,GET,/api/mixed/http/,114.75,55353,0,
2026-05-16T17:07:29.587053,GET,/api/mixed/db/1/,28.43,247,0,
2026-05-16T17:07:29.595055,GET,/api/mixed/db/1/,35.69,247,0,
2026-05-16T17:07:29.597951,GET,/api/mixed/pipeline/1/,38.89,82,0,
2026-05-16T17:07:29.605570,GET,/api/mixed/db/1/,36.2,247,0,
2026-05-16T17:07:29.606256,GET,/api/mixed/db/1/,33.19,247,0,
2026-05-16T17:07:29.612413,GET,/api/mixed/pipeline/1/,17.24,82,0,
2026-05-16T17:07:29.638247,GET,/api/mixed/http/,113.9,55353,0,
2026-05-16T17:07:29.693360,GET,/api/mixed/pipeline/1/,10.81,82,0,
2026-05-16T17:07:29.730771,GET,/api/mixed/http/,116.2,55353,0,
2026-05-16T17:07:29.759541,GET,/api/mixed/pipeline/1/,9.55,82,0,
2026-05-16T17:07:29.805222,GET,/api/mixed/db/1/,10.32,247,0,
2026-05-16T17:07:29.912259,GET,/api/mixed/db/1/,10.65,247,0,
2026-05-16T17:07:29.970570,GET,/api/mixed/pipeline/1/,9.79,82,0,
2026-05-16T17:07:30.028371,GET,/api/mixed/http/,116.89,55353,0,
2026-05-16T17:07:30.038705,GET,/api/mixed/db/1/,17.12,247,0,
2026-05-16T17:07:30.048304,GET,/api/mixed/pipeline/1/,10.41,82,0,
2026-05-16T17:07:30.073519,GET,/api/mixed/db/1/,9.93,247,0,
2026-05-16T17:07:30.093515,GET,/api/mixed/db/1/,17.61,247,0,
2026-05-16T17:07:30.094904,GET,/api/mixed/http/,114.1,55353,0,
2026-05-16T17:07:30.131016,GET,/api/mixed/pipeline/1/,9.86,82,0,
2026-05-16T17:07:30.142550,GET,/api/mixed/http/,119.06,55353,0,
2026-05-16T17:07:30.297179,GET,/api/mixed/http/,113.26,55353,0,
2026-05-16T17:07:30.339970,GET,/api/mixed/db/1/,14.4,247,0,
2026-05-16T17:07:30.382507,GET,/api/mixed/db/1/,10.19,247,0,
2026-05-16T17:07:30.410166,GET,/api/mixed/db/1/,10.25,247,0,
2026-05-16T17:07:30.445490,GET,/api/mixed/http/,116.28,55353,0,
2026-05-16T17:07:30.467654,GET,/api/mixed/pipeline/1/,9.82,82,0,
2026-05-16T17:07:30.643855,GET,/api/mixed/pipeline/1/,9.5,82,0,
2026-05-16T17:07:30.670229,GET,/api/mixed/db/1/,10.03,247,0,
2026-05-16T17:07:30.705848,GET,/api/mixed/pipeline/1/,10.63,82,0,
2026-05-16T17:07:30.768380,GET,/api/mixed/db/1/,10.23,247,0,
2026-05-16T17:07:30.848885,GET,/api/mixed/pipeline/1/,9.33,82,0,
2026-05-16T17:07:30.884982,GET,/api/mixed/pipeline/1/,9.58,82,0,
2026-05-16T17:07:30.908156,GET,/api/mixed/pipeline/1/,19.85,82,0,
2026-05-16T17:07:30.910464,GET,/api/mixed/http/,115.84,55353,0,
2026-05-16T17:07:30.914375,GET,/api/mixed/db/1/,23.23,247,0,
2026-05-16T17:07:30.932045,GET,/api/mixed/pipeline/1/,9.35,82,0,
2026-05-16T17:07:30.948045,GET,/api/mixed/http/,112.21,55353,0,
2026-05-16T17:07:30.997116,GET,/api/mixed/pipeline/1/,15.65,82,0,
2026-05-16T17:07:31.078027,GET,/api/mixed/db/1/,10.48,247,0,
2026-05-16T17:07:31.096766,GET,/api/mixed/db/1/,11.29,247,0,
2026-05-16T17:07:31.106186,GET,/api/mixed/db/1/,10.89,247,0,
2026-05-16T17:07:31.158636,GET,/api/mixed/http/,113.03,55353,0,
2026-05-16T17:07:31.317274,GET,/api/mixed/http/,112.38,55353,0,
2026-05-16T17:07:31.396310,GET,/api/mixed/pipeline/1/,9.62,82,0,
2026-05-16T17:07:31.446762,GET,/api/mixed/pipeline/1/,12.88,82,0,
2026-05-16T17:07:31.493751,GET,/api/mixed/db/1/,10.6,247,0,
2026-05-16T17:07:31.507215,GET,/api/mixed/pipeline/1/,10.26,82,0,
2026-05-16T17:07:31.522514,GET,/api/mixed/http/,114.8,55353,0,
2026-05-16T17:07:31.523544,GET,/api/mixed/pipeline/1/,18.75,82,0,
2026-05-16T17:07:31.554359,GET,/api/mixed/http/,114.73,55353,0,
2026-05-16T17:07:31.581277,GET,/api/mixed/pipeline/1/,9.66,82,0,
2026-05-16T17:07:31.676279,GET,/api/mixed/db/1/,11.65,247,0,
2026-05-16T17:07:31.745293,GET,/api/mixed/http/,115.53,55353,0,
2026-05-16T17:07:31.765197,GET,/api/mixed/http/,113.44,55353,0,
2026-05-16T17:07:31.787285,GET,/api/mixed/http/,114.81,55353,0,
2026-05-16T17:07:31.838407,GET,/api/mixed/db/1/,11.82,247,0,
2026-05-16T17:07:31.858494,GET,/api/mixed/http/,120.94,55353,0,
2026-05-16T17:07:31.893286,GET,/api/mixed/pipeline/1/,10.65,82,0,
2026-05-16T17:07:31.904376,GET,/api/mixed/http/,115.67,55353,0,
2026-05-16T17:07:31.921073,GET,/api/mixed/pipeline/1/,9.39,82,0,
2026-05-16T17:07:31.979222,GET,/api/mixed/http/,118.37,55353,0,
2026-05-16T17:07:32.013690,GET,/api/mixed/http/,123.16,55353,0,
2026-05-16T17:07:32.020759,GET,/api/mixed/db/1/,13.27,247,0,
2026-05-16T17:07:32.038901,GET,/api/mixed/db/1/,9.84,247,0,
2026-05-16T17:07:32.056346,GET,/api/mixed/db/1/,10.08,247,0,
2026-05-16T17:07:32.081101,GET,/api/mixed/pipeline/1/,10.41,82,0,
2026-05-16T17:07:32.094826,GET,/api/mixed/db/1/,12.48,247,0,
2026-05-16T17:07:32.206760,GET,/api/mixed/http/,121.77,55353,0,
2026-05-16T17:07:32.207375,GET,/api/mixed/pipeline/1/,32.26,82,0,
2026-05-16T17:07:32.216234,GET,/api/mixed/pipeline/1/,38.81,82,0,
2026-05-16T17:07:32.218139,GET,/api/mixed/db/1/,34.32,247,0,
2026-05-16T17:07:32.221771,GET,/api/mixed/pipeline/1/,22.17,82,0,
2026-05-16T17:07:32.293633,GET,/api/mixed/http/,117.81,55353,0,
2026-05-16T17:07:32.320238,GET,/api/mixed/pipeline/1/,9.63,82,0,
2026-05-16T17:07:32.412071,GET,/api/mixed/http/,113.19,55353,0,
2026-05-16T17:07:32.442351,GET,/api/mixed/http/,121.75,55353,0,
2026-05-16T17:07:32.442789,GET,/api/mixed/http/,123.28,55353,0,
2026-05-16T17:07:32.477655,GET,/api/mixed/pipeline/1/,14.43,82,0,
2026-05-16T17:07:32.480983,GET,/api/mixed/db/1/,15.02,247,0,
2026-05-16T17:07:32.583150,GET,/api/mixed/db/1/,9.76,247,0,
2026-05-16T17:07:32.655635,GET,/api/mixed/http/,113.23,55353,0,
2026-05-16T17:07:32.671049,GET,/api/mixed/db/1/,10.17,247,0,
2026-05-16T17:07:32.740629,GET,/api/mixed/db/1/,10.49,247,0,
2026-05-16T17:07:32.767298,GET,/api/mixed/db/1/,10.26,247,0,
2026-05-16T17:07:32.920504,GET,/api/mixed/db/1/,11.96,247,0,
2026-05-16T17:07:32.953999,GET,/api/mixed/http/,113.29,55353,0,
2026-05-16T17:07:32.982832,GET,/api/mixed/pipeline/1/,9.43,82,0,
2026-05-16T17:07:33.082952,GET,/api/mixed/db/1/,13.68,247,0,
2026-05-16T17:07:33.188972,GET,/api/mixed/http/,115.81,55353,0,
2026-05-16T17:07:33.207163,GET,/api/mixed/http/,112.8,55353,0,
2026-05-16T17:07:33.323604,GET,/api/mixed/db/1/,10.13,247,0,
2026-05-16T17:07:33.336255,GET,/api/mixed/db/1/,10.2,247,0,
2026-05-16T17:07:33.385896,GET,/api/mixed/http/,118.3,55353,0,
2026-05-16T17:07:33.389827,GET,/api/mixed/db/1/,21.34,247,0,
2026-05-16T17:07:33.505716,GET,/api/mixed/http/,114.48,55353,0,
2026-05-16T17:07:33.510062,GET,/api/mixed/db/1/,17.73,247,0,
2026-05-16T17:07:33.557838,GET,/api/mixed/db/1/,10.37,247,0,
2026-05-16T17:07:33.668959,GET,/api/mixed/db/1/,12.64,247,0,
2026-05-16T17:07:33.676327,GET,/api/mixed/db/1/,13.01,247,0,
2026-05-16T17:07:33.691545,GET,/api/mixed/http/,112.4,55353,0,
2026-05-16T17:07:33.847983,GET,/api/mixed/pipeline/1/,9.41,82,0,
2026-05-16T17:07:33.908454,GET,/api/mixed/http/,162.48,55353,0,
2026-05-16T17:07:33.914634,GET,/api/mixed/http/,117.84,55353,0,
2026-05-16T17:07:33.917105,GET,/api/mixed/pipeline/1/,52.87,82,0,
2026-05-16T17:07:33.964118,GET,/api/mixed/pipeline/1/,10.05,82,0,
2026-05-16T17:07:33.972177,GET,/api/mixed/pipeline/1/,10.31,82,0,
2026-05-16T17:07:33.984767,GET,/api/mixed/pipeline/1/,9.28,82,0,
2026-05-16T17:07:34.015540,GET,/api/mixed/http/,132.32,55353,0,
2026-05-16T17:07:34.026796,GET,/api/mixed/db/1/,9.97,247,0,
2026-05-16T17:07:34.061735,GET,/api/mixed/http/,122.3,55353,0,
2026-05-16T17:07:34.062996,GET,/api/mixed/http/,117.62,55353,0,
2026-05-16T17:07:34.074204,GET,/api/mixed/db/1/,31.0,247,0,
2026-05-16T17:07:34.074940,GET,/api/mixed/db/1/,20.01,247,0,
2026-05-16T17:07:34.113068,GET,/api/mixed/http/,113.12,55353,0,
2026-05-16T17:07:34.199185,GET,/api/mixed/db/1/,10.68,247,0,
2026-05-16T17:07:34.209089,GET,/api/mixed/pipeline/1/,9.75,82,0,
2026-05-16T17:07:34.270611,GET,/api/mixed/pipeline/1/,9.73,82,0,
2026-05-16T17:07:34.292450,GET,/api/mixed/pipeline/1/,14.43,82,0,
2026-05-16T17:07:34.296089,GET,/api/mixed/pipeline/1/,14.25,82,0,
2026-05-16T17:07:34.322115,GET,/api/mixed/http/,113.81,55353,0,
2026-05-16T17:07:34.349566,GET,/api/mixed/pipeline/1/,10.17,82,0,
2026-05-16T17:07:34.451350,GET,/api/mixed/pipeline/1/,12.31,82,0,
2026-05-16T17:07:34.460231,GET,/api/mixed/http/,113.01,55353,0,
2026-05-16T17:07:34.595170,GET,/api/mixed/http/,114.72,55353,0,
2026-05-16T17:07:34.626002,GET,/api/mixed/pipeline/1/,9.54,82,0,
2026-05-16T17:07:34.647047,GET,/api/mixed/pipeline/1/,19.63,82,0,
2026-05-16T17:07:34.649002,GET,/api/mixed/db/1/,20.89,247,0,
2026-05-16T17:07:34.667071,GET,/api/mixed/db/1/,9.71,247,0,
2026-05-16T17:07:34.705764,GET,/api/mixed/http/,116.35,55353,0,
2026-05-16T17:07:34.751448,GET,/api/mixed/http/,120.61,55353,0,
2026-05-16T17:07:34.801105,GET,/api/mixed/pipeline/1/,15.25,82,0,
2026-05-16T17:07:34.919295,GET,/api/mixed/http/,131.68,55353,0,
2026-05-16T17:07:34.926655,GET,/api/mixed/http/,137.3,55353,0,
2026-05-16T17:07:34.927470,GET,/api/mixed/http/,122.15,55353,0,
2026-05-16T17:07:34.930599,GET,/api/mixed/http/,113.55,55353,0,
2026-05-16T17:07:35.026434,GET,/api/mixed/pipeline/1/,9.64,82,0,
2026-05-16T17:07:35.133757,GET,/api/mixed/pipeline/1/,9.73,82,0,
2026-05-16T17:07:35.174631,GET,/api/mixed/pipeline/1/,9.43,82,0,
2026-05-16T17:07:35.243128,GET,/api/mixed/db/1/,10.25,247,0,
2026-05-16T17:07:35.338500,GET,/api/mixed/db/1/,9.78,247,0,
2026-05-16T17:07:35.359595,GET,/api/mixed/http/,113.85,55353,0,
2026-05-16T17:07:35.483686,GET,/api/mixed/pipeline/1/,9.6,82,0,
2026-05-16T17:07:35.583568,GET,/api/mixed/db/1/,16.1,247,0,
2026-05-16T17:07:35.587119,GET,/api/mixed/db/1/,13.79,247,0,
2026-05-16T17:07:35.609507,GET,/api/mixed/http/,119.44,55353,0,
2026-05-16T17:07:35.609925,GET,/api/mixed/http/,114.03,55353,0,
2026-05-16T17:07:35.637911,GET,/api/mixed/http/,115.12,55353,0,
2026-05-16T17:07:35.649111,GET,/api/mixed/http/,113.41,55353,0,
2026-05-16T17:07:35.750522,GET,/api/mixed/http/,121.36,55353,0,
2026-05-16T17:07:35.781427,GET,/api/mixed/pipeline/1/,8.77,82,0,
2026-05-16T17:07:35.861406,GET,/api/mixed/http/,117.95,55353,0,
2026-05-16T17:07:35.883582,GET,/api/mixed/http/,115.79,55353,0,
2026-05-16T17:07:35.890743,GET,/api/mixed/db/1/,22.96,247,0,
2026-05-16T17:07:35.893973,GET,/api/mixed/pipeline/1/,17.48,82,0,
2026-05-16T17:07:35.909928,GET,/api/mixed/pipeline/1/,9.69,82,0,
2026-05-16T17:07:35.955694,GET,/api/mixed/pipeline/1/,16.55,82,0,
2026-05-16T17:07:35.959746,GET,/api/mixed/pipeline/1/,17.88,82,0,
2026-05-16T17:07:36.008699,GET,/api/mixed/db/1/,10.15,247,0,
2026-05-16T17:07:36.072495,GET,/api/mixed/db/1/,22.09,247,0,
2026-05-16T17:07:36.076003,GET,/api/mixed/http/,126.45,55353,0,
2026-05-16T17:07:36.077524,GET,/api/mixed/http/,115.61,55353,0,
2026-05-16T17:07:36.100831,GET,/api/mixed/http/,113.1,55353,0,
2026-05-16T17:07:36.150637,GET,/api/mixed/pipeline/1/,9.52,82,0,
2026-05-16T17:07:36.215930,GET,/api/mixed/pipeline/1/,10.13,82,0,
2026-05-16T17:07:36.293947,GET,/api/mixed/http/,113.06,55353,0,
2026-05-16T17:07:36.360287,GET,/api/mixed/http/,116.18,55353,0,
2026-05-16T17:07:36.360874,GET,/api/mixed/http/,120.61,55353,0,
2026-05-16T17:07:36.457382,GET,/api/mixed/db/1/,29.28,247,0,
2026-05-16T17:07:36.462537,GET,/api/mixed/db/1/,25.47,247,0,
2026-05-16T17:07:36.464052,GET,/api/mixed/pipeline/1/,26.32,82,0,
2026-05-16T17:07:36.519137,GET,/api/mixed/db/1/,9.81,247,0,
2026-05-16T17:07:36.642196,GET,/api/mixed/http/,112.78,55353,0,
2026-05-16T17:07:36.709156,GET,/api/mixed/http/,113.86,55353,0,
2026-05-16T17:07:36.755192,GET,/api/mixed/db/1/,10.76,247,0,
2026-05-16T17:07:36.770618,GET,/api/mixed/http/,112.98,55353,0,
2026-05-16T17:07:36.822015,GET,/api/mixed/pipeline/1/,13.09,82,0,
2026-05-16T17:07:36.827059,GET,/api/mixed/db/1/,13.31,247,0,
2026-05-16T17:07:36.899921,GET,/api/mixed/pipeline/1/,10.56,82,0,
2026-05-16T17:07:36.981290,GET,/api/mixed/http/,112.83,55353,0,
2026-05-16T17:07:36.998174,GET,/api/mixed/pipeline/1/,9.65,82,0,
2026-05-16T17:07:37.026897,GET,/api/mixed/pipeline/1/,9.44,82,0,
2026-05-16T17:07:37.049509,GET,/api/mixed/http/,114.35,55353,0,
2026-05-16T17:07:37.091247,GET,/api/mixed/pipeline/1/,13.6,82,0,
2026-05-16T17:07:37.100051,GET,/api/mixed/pipeline/1/,9.68,82,0,
2026-05-16T17:07:37.117978,GET,/api/mixed/db/1/,9.93,247,0,
2026-05-16T17:07:37.175539,GET,/api/mixed/http/,115.66,55353,0,
2026-05-16T17:07:37.182103,GET,/api/mixed/pipeline/1/,11.88,82,0,
2026-05-16T17:07:37.197435,GET,/api/mixed/http/,115.88,55353,0,
2026-05-16T17:07:37.215736,GET,/api/mixed/http/,112.37,55353,0,
2026-05-16T17:07:37.320547,GET,/api/mixed/db/1/,10.15,247,0,
2026-05-16T17:07:37.403306,GET,/api/mixed/http/,112.94,55353,0,
2026-05-16T17:07:37.469413,GET,/api/mixed/pipeline/1/,9.6,82,0,
2026-05-16T17:07:37.567487,GET,/api/mixed/pipeline/1/,9.58,82,0,
2026-05-16T17:07:37.615242,GET,/api/mixed/db/1/,10.5,247,0,
2026-05-16T17:07:37.639847,GET,/api/mixed/pipeline/1/,15.31,82,0,
2026-05-16T17:07:37.641667,GET,/api/mixed/pipeline/1/,15.37,82,0,
2026-05-16T17:07:37.679710,GET,/api/mixed/db/1/,10.35,247,0,
2026-05-16T17:07:37.784156,GET,/api/mixed/db/1/,10.18,247,0,
2026-05-16T17:07:37.874638,GET,/api/mixed/pipeline/1/,10.95,82,0,
2026-05-16T17:07:37.898719,GET,/api/mixed/db/1/,9.79,247,0,
2026-05-16T17:07:37.911360,GET,/api/mixed/pipeline/1/,9.26,82,0,
2026-05-16T17:07:37.948236,GET,/api/mixed/http/,112.72,55353,0,
2026-05-16T17:07:37.986639,GET,/api/mixed/http/,114.15,55353,0,
2026-05-16T17:07:37.999573,GET,/api/mixed/pipeline/1/,9.53,82,0,
2026-05-16T17:07:38.023995,GET,/api/mixed/pipeline/1/,9.15,82,0,
2026-05-16T17:07:38.046189,GET,/api/mixed/http/,116.45,55353,0,
2026-05-16T17:07:38.083233,GET,/api/mixed/http/,115.72,55353,0,
2026-05-16T17:07:38.084099,GET,/api/mixed/db/1/,19.74,247,0,
2026-05-16T17:07:38.123092,GET,/api/mixed/http/,116.3,55353,0,
2026-05-16T17:07:38.129797,GET,/api/mixed/pipeline/1/,15.46,82,0,
2026-05-16T17:07:38.164739,GET,/api/mixed/http/,113.23,55353,0,
2026-05-16T17:07:38.197998,GET,/api/mixed/http/,122.76,55353,0,
2026-05-16T17:07:38.203931,GET,/api/mixed/db/1/,20.79,247,0,
2026-05-16T17:07:38.307404,GET,/api/mixed/pipeline/1/,23.09,82,0,
2026-05-16T17:07:38.309825,GET,/api/mixed/http/,121.95,55353,0,
2026-05-16T17:07:38.348202,GET,/api/mixed/db/1/,17.1,247,0,
2026-05-16T17:07:38.348595,GET,/api/mixed/db/1/,17.07,247,0,
2026-05-16T17:07:38.421735,GET,/api/mixed/pipeline/1/,9.8,82,0,
2026-05-16T17:07:38.484759,GET,/api/mixed/http/,114.7,55353,0,
2026-05-16T17:07:38.495169,GET,/api/mixed/db/1/,11.26,247,0,
2026-05-16T17:07:38.516567,GET,/api/mixed/db/1/,10.22,247,0,
2026-05-16T17:07:38.544359,GET,/api/mixed/db/1/,10.48,247,0,
2026-05-16T17:07:38.561030,GET,/api/mixed/pipeline/1/,10.33,82,0,
2026-05-16T17:07:38.570299,GET,/api/mixed/pipeline/1/,10.1,82,0,
2026-05-16T17:07:38.598547,GET,/api/mixed/http/,128.1,55353,0,
2026-05-16T17:07:38.600957,GET,/api/mixed/http/,125.73,55353,0,
2026-05-16T17:07:38.606461,GET,/api/mixed/pipeline/1/,14.87,82,0,
2026-05-16T17:07:38.643052,GET,/api/mixed/db/1/,10.19,247,0,
2026-05-16T17:07:38.705866,GET,/api/mixed/pipeline/1/,10.28,82,0,
2026-05-16T17:07:38.889052,GET,/api/mixed/http/,114.98,55353,0,
2026-05-16T17:07:38.896758,GET,/api/mixed/db/1/,14.59,247,0,
2026-05-16T17:07:39.017076,GET,/api/mixed/pipeline/1/,9.12,82,0,
2026-05-16T17:07:39.031965,GET,/api/mixed/pipeline/1/,10.66,82,0,
2026-05-16T17:07:39.062534,GET,/api/mixed/http/,115.36,55353,0,
2026-05-16T17:07:39.109794,GET,/api/mixed/http/,113.79,55353,0,
2026-05-16T17:07:39.145679,GET,/api/mixed/pipeline/1/,9.63,82,0,
2026-05-16T17:07:39.172983,GET,/api/mixed/db/1/,16.9,247,0,
2026-05-16T17:07:39.173406,GET,/api/mixed/http/,118.19,55353,0,
2026-05-16T17:07:39.187426,GET,/api/mixed/db/1/,9.72,247,0,
2026-05-16T17:07:39.265700,GET,/api/mixed/db/1/,10.18,247,0,
2026-05-16T17:07:39.304878,GET,/api/mixed/pipeline/1/,12.53,82,0,
2026-05-16T17:07:39.349433,GET,/api/mixed/http/,112.73,55353,0,
2026-05-16T17:07:39.362130,GET,/api/mixed/pipeline/1/,9.35,82,0,
2026-05-16T17:07:39.410477,GET,/api/mixed/http/,118.56,55353,0,
2026-05-16T17:07:39.437936,GET,/api/mixed/http/,112.63,55353,0,
2026-05-16T17:07:39.575033,GET,/api/mixed/http/,119.69,55353,0,
2026-05-16T17:07:39.575546,GET,/api/mixed/http/,115.19,55353,0,
2026-05-16T17:07:39.619380,GET,/api/mixed/http/,117.27,55353,0,
2026-05-16T17:07:39.619840,GET,/api/mixed/http/,120.53,55353,0,
2026-05-16T17:07:39.657711,GET,/api/mixed/http/,112.87,55353,0,
2026-05-16T17:07:39.739207,GET,/api/mixed/http/,114.18,55353,0,
2026-05-16T17:07:39.751962,GET,/api/mixed/db/1/,10.33,247,0,
2026-05-16T17:07:39.766868,GET,/api/mixed/pipeline/1/,10.61,82,0,
2026-05-16T17:07:39.775257,GET,/api/mixed/db/1/,11.21,247,0,
2026-05-16T17:07:39.798228,GET,/api/mixed/pipeline/1/,12.59,82,0,
2026-05-16T17:07:39.804417,GET,/api/mixed/db/1/,13.01,247,0,
2026-05-16T17:07:39.852015,GET,/api/mixed/pipeline/1/,10.32,82,0,
2026-05-16T17:07:39.873884,GET,/api/mixed/pipeline/1/,9.4,82,0,
2026-05-16T17:07:40.071616,GET,/api/mixed/pipeline/1/,16.29,82,0,
2026-05-16T17:07:40.072947,GET,/api/mixed/http/,114.65,55353,0,
2026-05-16T17:07:40.111501,GET,/api/mixed/db/1/,10.22,247,0,
2026-05-16T17:07:40.125401,GET,/api/mixed/pipeline/1/,9.54,82,0,
2026-05-16T17:07:40.242483,GET,/api/mixed/http/,113.56,55353,0,
2026-05-16T17:07:40.275179,GET,/api/mixed/db/1/,15.27,247,0,
2026-05-16T17:07:40.277508,GET,/api/mixed/pipeline/1/,14.86,82,0,
2026-05-16T17:07:40.314703,GET,/api/mixed/db/1/,10.97,247,0,
2026-05-16T17:07:40.340998,GET,/api/mixed/pipeline/1/,9.41,82,0,
2026-05-16T17:07:40.430514,GET,/api/mixed/http/,112.45,55353,0,
2026-05-16T17:07:40.440874,GET,/api/mixed/http/,112.98,55353,0,
2026-05-16T17:07:40.513407,GET,/api/mixed/db/1/,12.95,247,0,
2026-05-16T17:07:40.620058,GET,/api/mixed/http/,115.8,55353,0,
2026-05-16T17:07:40.668298,GET,/api/mixed/pipeline/1/,9.81,82,0,
2026-05-16T17:07:40.724809,GET,/api/mixed/db/1/,14.21,247,0,
2026-05-16T17:07:40.733722,GET,/api/mixed/db/1/,16.28,247,0,
2026-05-16T17:07:40.806717,GET,/api/mixed/pipeline/1/,9.58,82,0,
2026-05-16T17:07:40.836993,GET,/api/mixed/http/,116.81,55353,0,
2026-05-16T17:07:40.916296,GET,/api/mixed/pipeline/1/,9.75,82,0,
2026-05-16T17:07:40.957670,GET,/api/mixed/db/1/,12.87,247,0,
2026-05-16T17:07:41.046569,GET,/api/mixed/db/1/,10.1,247,0,
2026-05-16T17:07:41.065314,GET,/api/mixed/http/,116.75,55353,0,
2026-05-16T17:07:41.116834,GET,/api/mixed/pipeline/1/,14.89,82,0,
2026-05-16T17:07:41.121342,GET,/api/mixed/db/1/,14.59,247,0,
2026-05-16T17:07:41.140812,GET,/api/mixed/http/,116.82,55353,0,
2026-05-16T17:07:41.161500,GET,/api/mixed/pipeline/1/,9.45,82,0,
2026-05-16T17:07:41.180457,GET,/api/mixed/pipeline/1/,9.69,82,0,
2026-05-16T17:07:41.203942,GET,/api/mixed/pipeline/1/,9.3,82,0,
2026-05-16T17:07:41.219963,GET,/api/mixed/db/1/,9.77,247,0,
2026-05-16T17:07:41.283933,GET,/api/mixed/pipeline/1/,9.59,82,0,
2026-05-16T17:07:41.328861,GET,/api/mixed/pipeline/1/,13.53,82,0,
2026-05-16T17:07:41.380266,GET,/api/mixed/db/1/,10.17,247,0,
2026-05-16T17:07:41.442004,GET,/api/mixed/db/1/,10.39,247,0,
2026-05-16T17:07:41.471934,GET,/api/mixed/pipeline/1/,13.72,82,0,
2026-05-16T17:07:41.476911,GET,/api/mixed/db/1/,13.94,247,0,
2026-05-16T17:07:41.512739,GET,/api/mixed/pipeline/1/,9.63,82,0,
2026-05-16T17:07:41.564849,GET,/api/mixed/pipeline/1/,9.7,82,0,
2026-05-16T17:07:41.577343,GET,/api/mixed/pipeline/1/,12.37,82,0,
2026-05-16T17:07:41.584282,GET,/api/mixed/db/1/,11.55,247,0,
2026-05-16T17:07:41.647486,GET,/api/mixed/db/1/,10.24,247,0,
2026-05-16T17:07:41.688243,GET,/api/mixed/pipeline/1/,9.48,82,0,
2026-05-16T17:07:41.730330,GET,/api/mixed/http/,119.95,55353,0,
2026-05-16T17:07:41.730745,GET,/api/mixed/http/,122.23,55353,0,
2026-05-16T17:07:41.781895,GET,/api/mixed/http/,113.09,55353,0,
2026-05-16T17:07:41.901000,GET,/api/mixed/pipeline/1/,9.58,82,0,
2026-05-16T17:07:41.949582,GET,/api/mixed/pipeline/1/,10.44,82,0,
2026-05-16T17:07:41.959972,GET,/api/mixed/http/,112.65,55353,0,
2026-05-16T17:07:41.980465,GET,/api/mixed/pipeline/1/,10.12,82,0,
2026-05-16T17:07:42.002351,GET,/api/mixed/pipeline/1/,9.52,82,0,
2026-05-16T17:07:42.017281,GET,/api/mixed/pipeline/1/,9.59,82,0,
2026-05-16T17:07:42.028355,GET,/api/mixed/db/1/,9.76,247,0,
2026-05-16T17:07:42.049172,GET,/api/mixed/http/,115.81,55353,0,
2026-05-16T17:07:42.167325,GET,/api/mixed/http/,118.89,55353,0,
2026-05-16T17:07:42.171954,GET,/api/mixed/http/,131.38,55353,0,
2026-05-16T17:07:42.176999,GET,/api/mixed/db/1/,21.13,247,0,
2026-05-16T17:07:42.295234,GET,/api/mixed/db/1/,11.71,247,0,
2026-05-16T17:07:42.323867,GET,/api/mixed/http/,115.54,55353,0,
2026-05-16T17:07:42.326823,GET,/api/mixed/db/1/,22.17,247,0,
2026-05-16T17:07:42.331926,GET,/api/mixed/db/1/,20.49,247,0,
2026-05-16T17:07:42.355764,GET,/api/mixed/db/1/,10.46,247,0,
2026-05-16T17:07:42.521594,GET,/api/mixed/http/,115.54,55353,0,
2026-05-16T17:07:42.546484,GET,/api/mixed/http/,116.68,55353,0,
2026-05-16T17:07:42.547112,GET,/api/mixed/http/,121.09,55353,0,
2026-05-16T17:07:42.601480,GET,/api/mixed/http/,116.33,55353,0,
2026-05-16T17:07:42.621343,GET,/api/mixed/pipeline/1/,9.54,82,0,
2026-05-16T17:07:42.642494,GET,/api/mixed/http/,130.54,55353,0,
2026-05-16T17:07:42.642920,GET,/api/mixed/http/,124.14,55353,0,
2026-05-16T17:07:42.715695,GET,/api/mixed/http/,125.2,55353,0,
2026-05-16T17:07:42.726820,GET,/api/mixed/pipeline/1/,30.49,82,0,
2026-05-16T17:07:42.732466,GET,/api/mixed/pipeline/1/,22.21,82,0,
2026-05-16T17:07:42.733146,GET,/api/mixed/db/1/,22.42,247,0,
2026-05-16T17:07:42.818159,GET,/api/mixed/http/,122.3,55353,0,
2026-05-16T17:07:42.842797,GET,/api/mixed/db/1/,10.19,247,0,
2026-05-16T17:07:42.939763,GET,/api/mixed/pipeline/1/,12.77,82,0,
2026-05-16T17:07:42.958165,GET,/api/mixed/http/,113.96,55353,0,
2026-05-16T17:07:42.993922,GET,/api/mixed/http/,112.67,55353,0,
2026-05-16T17:07:43.016591,GET,/api/mixed/pipeline/1/,9.42,82,0,
2026-05-16T17:07:43.067540,GET,/api/mixed/pipeline/1/,9.44,82,0,
2026-05-16T17:07:43.109993,GET,/api/mixed/http/,114.81,55353,0,
2026-05-16T17:07:43.122479,GET,/api/mixed/db/1/,12.34,247,0,
2026-05-16T17:07:44.101127,GET,/api/mixed/db/1/,18.76,247,0,
2026-05-16T17:07:44.103544,GET,/api/mixed/http/,117.18,55353,0,
2026-05-16T17:07:44.191657,GET,/api/mixed/pipeline/1/,9.66,82,0,
2026-05-16T17:07:44.209808,GET,/api/mixed/http/,121.51,55353,0,
2026-05-16T17:07:44.354409,GET,/api/mixed/db/1/,10.24,247,0,
2026-05-16T17:07:44.399054,GET,/api/mixed/http/,112.8,55353,0,
2026-05-16T17:07:44.413547,GET,/api/mixed/http/,114.29,55353,0,
2026-05-16T17:07:44.476840,GET,/api/mixed/http/,112.23,55353,0,
2026-05-16T17:07:44.508231,GET,/api/mixed/db/1/,9.98,247,0,
2026-05-16T17:07:44.629062,GET,/api/mixed/pipeline/1/,9.47,82,0,
2026-05-16T17:07:44.683560,GET,/api/mixed/http/,113.8,55353,0,
2026-05-16T17:07:44.711442,GET,/api/mixed/http/,115.63,55353,0,
2026-05-16T17:07:44.717662,GET,/api/mixed/pipeline/1/,14.81,82,0,
2026-05-16T17:07:44.727576,GET,/api/mixed/db/1/,9.8,247,0,
2026-05-16T17:07:44.755917,GET,/api/mixed/pipeline/1/,10.07,82,0,
2026-05-16T17:07:44.807597,GET,/api/mixed/pipeline/1/,10.32,82,0,
2026-05-16T17:07:44.829382,GET,/api/mixed/pipeline/1/,10.51,82,0,
2026-05-16T17:07:44.853801,GET,/api/mixed/http/,118.77,55353,0,
2026-05-16T17:07:44.856982,GET,/api/mixed/db/1/,23.27,247,0,
2026-05-16T17:07:44.859895,GET,/api/mixed/pipeline/1/,23.44,82,0,
2026-05-16T17:07:44.899385,GET,/api/mixed/http/,114.22,55353,0,
2026-05-16T17:07:44.990489,GET,/api/mixed/db/1/,10.71,247,0,
2026-05-16T17:07:45.037979,GET,/api/mixed/http/,114.33,55353,0,
2026-05-16T17:07:45.041593,GET,/api/mixed/db/1/,17.7,247,0,
2026-05-16T17:07:45.092563,GET,/api/mixed/pipeline/1/,9.72,82,0,
2026-05-16T17:07:45.243396,GET,/api/mixed/pipeline/1/,21.42,82,0,
2026-05-16T17:07:45.292491,GET,/api/mixed/db/1/,11.64,247,0,
2026-05-16T17:07:45.308027,GET,/api/mixed/db/1/,13.18,247,0,
2026-05-16T17:07:45.354973,GET,/api/mixed/http/,131.24,55353,0,
2026-05-16T17:07:45.356864,GET,/api/mixed/http/,132.75,55353,0,
2026-05-16T17:07:45.366577,GET,/api/mixed/pipeline/1/,21.31,82,0,
2026-05-16T17:07:45.412133,GET,/api/mixed/http/,116.91,55353,0,
2026-05-16T17:07:45.452621,GET,/api/mixed/db/1/,10.23,247,0,
2026-05-16T17:07:45.473265,GET,/api/mixed/http/,119.04,55353,0,
2026-05-16T17:07:45.547016,GET,/api/mixed/pipeline/1/,9.6,82,0,
2026-05-16T17:07:45.571678,GET,/api/mixed/pipeline/1/,11.7,82,0,
2026-05-16T17:07:45.591020,GET,/api/mixed/http/,112.54,55353,0,
2026-05-16T17:07:45.667564,GET,/api/mixed/db/1/,10.47,247,0,
2026-05-16T17:07:45.704904,GET,/api/mixed/pipeline/1/,15.97,82,0,
2026-05-16T17:07:45.706231,GET,/api/mixed/db/1/,16.85,247,0,
2026-05-16T17:07:45.715051,GET,/api/mixed/pipeline/1/,10.88,82,0,
2026-05-16T17:07:45.730269,GET,/api/mixed/http/,113.0,55353,0,
2026-05-16T17:07:45.766855,GET,/api/mixed/pipeline/1/,9.75,82,0,
2026-05-16T17:07:45.823882,GET,/api/mixed/pipeline/1/,9.61,82,0,
2026-05-16T17:07:45.865149,GET,/api/mixed/http/,125.56,55353,0,
2026-05-16T17:07:45.865921,GET,/api/mixed/http/,125.96,55353,0,
2026-05-16T17:07:45.869771,GET,/api/mixed/pipeline/1/,25.8,82,0,
2026-05-16T17:07:45.881829,GET,/api/mixed/db/1/,12.74,247,0,
2026-05-16T17:07:45.888493,GET,/api/mixed/db/1/,12.26,247,0,
2026-05-16T17:07:45.942567,GET,/api/mixed/http/,113.43,55353,0,
2026-05-16T17:07:45.966958,GET,/api/mixed/db/1/,10.12,247,0,
2026-05-16T17:07:46.068850,GET,/api/mixed/db/1/,10.43,247,0,
2026-05-16T17:07:46.100283,GET,/api/mixed/pipeline/1/,11.07,82,0,
2026-05-16T17:07:46.137489,GET,/api/mixed/pipeline/1/,10.91,82,0,
2026-05-16T17:07:46.150311,GET,/api/mixed/db/1/,15.79,247,0,
2026-05-16T17:07:46.255253,GET,/api/mixed/http/,118.87,55353,0,
2026-05-16T17:07:46.284289,GET,/api/mixed/pipeline/1/,9.66,82,0,
2026-05-16T17:07:46.322855,GET,/api/mixed/db/1/,10.38,247,0,
2026-05-16T17:07:46.333139,GET,/api/mixed/http/,113.45,55353,0,
2026-05-16T17:07:46.424845,GET,/api/mixed/pipeline/1/,9.32,82,0,
2026-05-16T17:07:46.475261,GET,/api/mixed/db/1/,12.12,247,0,
2026-05-16T17:07:46.525278,GET,/api/mixed/http/,113.58,55353,0,
2026-05-16T17:07:46.562068,GET,/api/mixed/pipeline/1/,9.52,82,0,
2026-05-16T17:07:46.585303,GET,/api/mixed/http/,115.29,55353,0,
2026-05-16T17:07:46.601230,GET,/api/mixed/http/,113.59,55353,0,
2026-05-16T17:07:46.740930,GET,/api/mixed/db/1/,10.2,247,0,
2026-05-16T17:07:46.809341,GET,/api/mixed/db/1/,10.01,247,0,
2026-05-16T17:07:46.896211,GET,/api/mixed/pipeline/1/,16.41,82,0,
2026-05-16T17:07:46.897033,GET,/api/mixed/http/,114.62,55353,0,
2026-05-16T17:07:47.014743,GET,/api/mixed/http/,112.43,55353,0,
2026-05-16T17:07:47.134071,GET,/api/mixed/db/1/,10.0,247,0,
2026-05-16T17:07:47.186949,GET,/api/mixed/http/,113.74,55353,0,
2026-05-16T17:07:47.229837,GET,/api/mixed/pipeline/1/,10.6,82,0,
2026-05-16T17:07:47.247827,GET,/api/mixed/db/1/,10.78,247,0,
2026-05-16T17:07:47.303219,GET,/api/mixed/http/,112.84,55353,0,
2026-05-16T17:07:47.316498,GET,/api/mixed/db/1/,10.04,247,0,
2026-05-16T17:07:47.325807,GET,/api/mixed/db/1/,10.05,247,0,
2026-05-16T17:07:47.356586,GET,/api/mixed/pipeline/1/,9.5,82,0,
2026-05-16T17:07:47.468521,GET,/api/mixed/pipeline/1/,9.56,82,0,
2026-05-16T17:07:47.490324,GET,/api/mixed/pipeline/1/,9.45,82,0,
2026-05-16T17:07:47.522479,GET,/api/mixed/http/,115.48,55353,0,
2026-05-16T17:07:47.544346,GET,/api/mixed/pipeline/1/,9.64,82,0,
2026-05-16T17:07:47.617274,GET,/api/mixed/db/1/,10.06,247,0,
2026-05-16T17:07:47.651690,GET,/api/mixed/db/1/,14.07,247,0,
2026-05-16T17:07:47.672339,GET,/api/mixed/pipeline/1/,12.44,82,0,
2026-05-16T17:07:47.712034,GET,/api/mixed/http/,114.76,55353,0,
2026-05-16T17:07:47.718828,GET,/api/mixed/pipeline/1/,16.21,82,0,
2026-05-16T17:07:47.757224,GET,/api/mixed/http/,116.78,55353,0,
2026-05-16T17:07:47.766580,GET,/api/mixed/db/1/,10.48,247,0,
2026-05-16T17:07:47.779912,GET,/api/mixed/http/,115.24,55353,0,
2026-05-16T17:07:47.911148,GET,/api/mixed/http/,115.83,55353,0,
2026-05-16T17:07:47.936946,GET,/api/mixed/http/,115.83,55353,0,
2026-05-16T17:07:47.996858,GET,/api/mixed/http/,113.29,55353,0,
2026-05-16T17:07:48.047525,GET,/api/mixed/http/,118.1,55353,0,
2026-05-16T17:07:48.056597,GET,/api/mixed/pipeline/1/,9.94,82,0,
2026-05-16T17:07:48.071283,GET,/api/mixed/pipeline/1/,9.42,82,0,
2026-05-16T17:07:48.197608,GET,/api/mixed/http/,115.1,55353,0,
2026-05-16T17:07:48.200829,GET,/api/mixed/pipeline/1/,17.42,82,0,
2026-05-16T17:07:48.218290,GET,/api/mixed/pipeline/1/,9.28,82,0,
2026-05-16T17:07:48.237008,GET,/api/mixed/http/,114.74,55353,0,
2026-05-16T17:07:48.278479,GET,/api/mixed/db/1/,10.14,247,0,
2026-05-16T17:07:48.304462,GET,/api/mixed/db/1/,12.75,247,0,
2026-05-16T17:07:48.316838,GET,/api/mixed/http/,113.62,55353,0,
2026-05-16T17:07:48.324820,GET,/api/mixed/pipeline/1/,11.1,82,0,
2026-05-16T17:07:48.383013,GET,/api/mixed/pipeline/1/,12.8,82,0,
2026-05-16T17:07:48.414587,GET,/api/mixed/http/,115.64,55353,0,
2026-05-16T17:07:48.442735,GET,/api/mixed/db/1/,11.08,247,0,
2026-05-16T17:07:48.452334,GET,/api/mixed/db/1/,10.43,247,0,
2026-05-16T17:07:48.465207,GET,/api/mixed/pipeline/1/,10.46,82,0,
2026-05-16T17:07:48.485649,GET,/api/mixed/http/,114.98,55353,0,
2026-05-16T17:07:48.527762,GET,/api/mixed/pipeline/1/,9.8,82,0,
2026-05-16T17:07:48.544044,GET,/api/mixed/http/,115.12,55353,0,
2026-05-16T17:07:48.545043,GET,/api/mixed/db/1/,18.04,247,0,
2026-05-16T17:07:48.558756,GET,/api/mixed/pipeline/1/,9.52,82,0,
2026-05-16T17:07:48.651624,GET,/api/mixed/db/1/,10.26,247,0,
2026-05-16T17:07:48.687696,GET,/api/mixed/pipeline/1/,9.64,82,0,
2026-05-16T17:07:48.781425,GET,/api/mixed/http/,115.38,55353,0,
2026-05-16T17:07:48.788834,GET,/api/mixed/db/1/,17.61,247,0,
2026-05-16T17:07:48.825355,GET,/api/mixed/http/,113.41,55353,0,
2026-05-16T17:07:48.874398,GET,/api/mixed/pipeline/1/,13.81,82,0,
2026-05-16T17:07:48.945750,GET,/api/mixed/db/1/,11.21,247,0,
2026-05-16T17:07:48.980221,GET,/api/mixed/http/,116.85,55353,0,
2026-05-16T17:07:48.998583,GET,/api/mixed/http/,112.93,55353,0,
2026-05-16T17:07:49.069461,GET,/api/mixed/pipeline/1/,9.59,82,0,
2026-05-16T17:07:49.087538,GET,/api/mixed/http/,119.36,55353,0,
2026-05-16T17:07:49.095183,GET,/api/mixed/pipeline/1/,11.41,82,0,
2026-05-16T17:07:49.152000,GET,/api/mixed/db/1/,14.48,247,0,
2026-05-16T17:07:49.298604,GET,/api/mixed/pipeline/1/,13.4,82,0,
2026-05-16T17:07:49.302927,GET,/api/mixed/pipeline/1/,12.95,82,0,
2026-05-16T17:07:49.311561,GET,/api/mixed/pipeline/1/,9.36,82,0,
2026-05-16T17:07:49.353407,GET,/api/mixed/pipeline/1/,9.61,82,0,
2026-05-16T17:07:49.365580,GET,/api/mixed/http/,114.23,55353,0,
2026-05-16T17:07:49.567497,GET,/api/mixed/http/,112.47,55353,0,
2026-05-16T17:07:49.603444,GET,/api/mixed/pipeline/1/,9.51,82,0,
2026-05-16T17:07:49.630233,GET,/api/mixed/pipeline/1/,9.45,82,0,
2026-05-16T17:07:49.671726,GET,/api/mixed/db/1/,16.41,247,0,
2026-05-16T17:07:49.672192,GET,/api/mixed/db/1/,18.72,247,0,
2026-05-16T17:07:49.684852,GET,/api/mixed/db/1/,10.41,247,0,
2026-05-16T17:07:49.749387,GET,/api/mixed/db/1/,10.3,247,0,
2026-05-16T17:07:49.767316,GET,/api/mixed/pipeline/1/,9.7,82,0,
2026-05-16T17:07:49.825286,GET,/api/mixed/pipeline/1/,9.55,82,0,
2026-05-16T17:07:49.961675,GET,/api/mixed/http/,117.98,55353,0,
2026-05-16T17:07:49.979743,GET,/api/mixed/db/1/,11.58,247,0,
2026-05-16T17:07:50.023440,GET,/api/mixed/http/,113.86,55353,0,
2026-05-16T17:07:50.079765,GET,/api/mixed/http/,130.27,55353,0,
2026-05-16T17:07:50.161096,GET,/api/mixed/http/,116.27,55353,0,
2026-05-16T17:07:50.192522,GET,/api/mixed/http/,121.18,55353,0,
2026-05-16T17:07:50.196950,GET,/api/mixed/pipeline/1/,17.35,82,0,
2026-05-16T17:07:50.366359,GET,/api/mixed/http/,113.13,55353,0,
2026-05-16T17:07:50.386544,GET,/api/mixed/db/1/,9.97,247,0,
2026-05-16T17:07:50.506708,GET,/api/mixed/pipeline/1/,13.95,82,0,
2026-05-16T17:07:50.525590,GET,/api/mixed/db/1/,11.51,247,0,
2026-05-16T17:07:50.538781,GET,/api/mixed/pipeline/1/,9.94,82,0,
2026-05-16T17:07:50.615017,GET,/api/mixed/http/,121.91,55353,0,
2026-05-16T17:07:50.617044,GET,/api/mixed/http/,127.16,55353,0,
2026-05-16T17:07:50.676328,GET,/api/mixed/http/,112.27,55353,0,
2026-05-16T17:07:50.699348,GET,/api/mixed/http/,115.18,55353,0,
2026-05-16T17:07:50.711427,GET,/api/mixed/pipeline/1/,9.87,82,0,
2026-05-16T17:07:50.726608,GET,/api/mixed/http/,121.63,55353,0,
2026-05-16T17:07:50.764786,GET,/api/mixed/pipeline/1/,9.87,82,0,
2026-05-16T17:07:50.793340,GET,/api/mixed/http/,112.72,55353,0,
2026-05-16T17:07:50.809869,GET,/api/mixed/http/,115.51,55353,0,
2026-05-16T17:07:50.882287,GET,/api/mixed/pipeline/1/,10.99,82,0,
2026-05-16T17:07:50.890017,GET,/api/mixed/pipeline/1/,10.89,82,0,
2026-05-16T17:07:50.987191,GET,/api/mixed/pipeline/1/,11.72,82,0,
2026-05-16T17:07:51.022847,GET,/api/mixed/db/1/,10.4,247,0,
2026-05-16T17:07:51.097361,GET,/api/mixed/http/,115.07,55353,0,
2026-05-16T17:07:51.113716,GET,/api/mixed/http/,114.1,55353,0,
2026-05-16T17:07:51.147271,GET,/api/mixed/pipeline/1/,9.43,82,0,
2026-05-16T17:07:51.226697,GET,/api/mixed/pipeline/1/,9.69,82,0,
2026-05-16T17:07:51.241688,GET,/api/mixed/http/,112.71,55353,0,
2026-05-16T17:07:51.255987,GET,/api/mixed/db/1/,9.94,247,0,
2026-05-16T17:07:51.287499,GET,/api/mixed/db/1/,10.26,247,0,
2026-05-16T17:07:51.412608,GET,/api/mixed/http/,113.75,55353,0,
2026-05-16T17:07:51.465284,GET,/api/mixed/http/,114.62,55353,0,
2026-05-16T17:07:51.472630,GET,/api/mixed/db/1/,19.68,247,0,
2026-05-16T17:07:51.556426,GET,/api/mixed/pipeline/1/,10.46,82,0,
2026-05-16T17:07:51.572500,GET,/api/mixed/db/1/,11.89,247,0,
2026-05-16T17:07:51.600051,GET,/api/mixed/http/,113.04,55353,0,
2026-05-16T17:07:51.659083,GET,/api/mixed/pipeline/1/,9.76,82,0,
2026-05-16T17:07:51.706655,GET,/api/mixed/http/,118.92,55353,0,
2026-05-16T17:07:51.722069,GET,/api/mixed/db/1/,10.17,247,0,
2026-05-16T17:07:51.742114,GET,/api/mixed/http/,112.82,55353,0,
2026-05-16T17:07:51.773362,GET,/api/mixed/pipeline/1/,9.74,82,0,
2026-05-16T17:07:51.811891,GET,/api/mixed/db/1/,11.11,247,0,
2026-05-16T17:07:51.839698,GET,/api/mixed/db/1/,9.76,247,0,
2026-05-16T17:07:51.937792,GET,/api/mixed/http/,113.65,55353,0,
2026-05-16T17:07:51.942425,GET,/api/mixed/db/1/,17.75,247,0,
2026-05-16T17:07:51.992316,GET,/api/mixed/http/,113.37,55353,0,
2026-05-16T17:07:52.028218,GET,/api/mixed/pipeline/1/,17.51,82,0,
2026-05-16T17:07:52.036044,GET,/api/mixed/db/1/,21.6,247,0,
2026-05-16T17:07:52.037955,GET,/api/mixed/db/1/,19.9,247,0,
2026-05-16T17:07:52.083539,GET,/api/mixed/db/1/,10.28,247,0,
2026-05-16T17:07:52.317947,GET,/api/mixed/pipeline/1/,10.77,82,0,
2026-05-16T17:07:52.360419,GET,/api/mixed/http/,115.12,55353,0,
2026-05-16T17:07:52.364671,GET,/api/mixed/pipeline/1/,17.25,82,0,
2026-05-16T17:07:52.429329,GET,/api/mixed/db/1/,10.23,247,0,
2026-05-16T17:07:52.524408,GET,/api/mixed/pipeline/1/,9.75,82,0,
2026-05-16T17:07:52.544902,GET,/api/mixed/db/1/,10.26,247,0,
2026-05-16T17:07:52.558434,GET,/api/mixed/http/,113.79,55353,0,
2026-05-16T17:07:52.586944,GET,/api/mixed/http/,113.34,55353,0,
2026-05-16T17:07:52.616047,GET,/api/mixed/pipeline/1/,18.83,82,0,
2026-05-16T17:07:52.617605,GET,/api/mixed/db/1/,19.63,247,0,
2026-05-16T17:07:52.634377,GET,/api/mixed/db/1/,12.43,247,0,
2026-05-16T17:07:52.701923,GET,/api/mixed/db/1/,11.4,247,0,
2026-05-16T17:07:52.709828,GET,/api/mixed/db/1/,11.49,247,0,
2026-05-16T17:07:52.744659,GET,/api/mixed/http/,115.74,55353,0,
2026-05-16T17:07:52.774195,GET,/api/mixed/http/,114.54,55353,0,
2026-05-16T17:07:52.780729,GET,/api/mixed/db/1/,17.65,247,0,
2026-05-16T17:07:52.800066,GET,/api/mixed/db/1/,10.02,247,0,
2026-05-16T17:07:52.837695,GET,/api/mixed/pipeline/1/,17.27,82,0,
2026-05-16T17:07:52.842613,GET,/api/mixed/db/1/,17.37,247,0,
2026-05-16T17:07:52.884249,GET,/api/mixed/db/1/,14.44,247,0,
2026-05-16T17:07:52.892385,GET,/api/mixed/db/1/,11.57,247,0,
2026-05-16T17:07:52.903999,GET,/api/mixed/pipeline/1/,9.24,82,0,
2026-05-16T17:07:52.937744,GET,/api/mixed/pipeline/1/,9.53,82,0,
2026-05-16T17:07:53.056061,GET,/api/mixed/pipeline/1/,10.78,82,0,
2026-05-16T17:07:53.086711,GET,/api/mixed/db/1/,10.13,247,0,
2026-05-16T17:07:53.137001,GET,/api/mixed/pipeline/1/,9.16,82,0,
2026-05-16T17:07:53.182723,GET,/api/mixed/pipeline/1/,9.45,82,0,
2026-05-16T17:07:53.194604,GET,/api/mixed/db/1/,10.49,247,0,
2026-05-16T17:07:53.237469,GET,/api/mixed/http/,113.39,55353,0,
2026-05-16T17:07:53.246799,GET,/api/mixed/pipeline/1/,9.19,82,0,
2026-05-16T17:07:53.464646,GET,/api/mixed/db/1/,17.17,247,0,
2026-05-16T17:07:53.475688,GET,/api/mixed/http/,114.44,55353,0,
2026-05-16T17:07:53.516610,GET,/api/mixed/pipeline/1/,9.52,82,0,
2026-05-16T17:07:53.557120,GET,/api/mixed/http/,116.68,55353,0,
2026-05-16T17:07:53.566583,GET,/api/mixed/http/,121.35,55353,0,
2026-05-16T17:07:53.585217,GET,/api/mixed/http/,121.71,55353,0,
2026-05-16T17:07:53.609671,GET,/api/mixed/db/1/,10.21,247,0,
2026-05-16T17:07:53.651794,GET,/api/mixed/http/,113.0,55353,0,
2026-05-16T17:07:53.722766,GET,/api/mixed/pipeline/1/,13.56,82,0,
2026-05-16T17:07:53.748512,GET,/api/mixed/http/,112.38,55353,0,
2026-05-16T17:07:53.828980,GET,/api/mixed/http/,117.0,55353,0,
2026-05-16T17:07:53.839651,GET,/api/mixed/http/,114.43,55353,0,
2026-05-16T17:07:53.850204,GET,/api/mixed/db/1/,23.05,247,0,
2026-05-16T17:07:53.861120,GET,/api/mixed/db/1/,17.64,247,0,
2026-05-16T17:07:53.863269,GET,/api/mixed/db/1/,20.41,247,0,
2026-05-16T17:07:53.886590,GET,/api/mixed/pipeline/1/,9.99,82,0,
2026-05-16T17:07:53.914801,GET,/api/mixed/http/,113.54,55353,0,
2026-05-16T17:07:54.013862,GET,/api/mixed/http/,113.09,55353,0,
2026-05-16T17:07:54.136030,GET,/api/mixed/http/,116.82,55353,0,
2026-05-16T17:07:54.142922,GET,/api/mixed/pipeline/1/,18.91,82,0,
2026-05-16T17:07:54.260833,GET,/api/mixed/db/1/,9.85,247,0,
2026-05-16T17:07:54.292213,GET,/api/mixed/http/,113.01,55353,0,
2026-05-16T17:07:54.312659,GET,/api/mixed/http/,113.32,55353,0,
2026-05-16T17:07:54.328051,GET,/api/mixed/http/,112.89,55353,0,
2026-05-16T17:07:54.451551,GET,/api/mixed/http/,119.09,55353,0,
2026-05-16T17:07:54.498664,GET,/api/mixed/http/,124.2,55353,0,
2026-05-16T17:07:54.504828,GET,/api/mixed/pipeline/1/,28.01,82,0,
2026-05-16T17:07:54.594628,GET,/api/mixed/pipeline/1/,9.54,82,0,
2026-05-16T17:07:54.612997,GET,/api/mixed/http/,121.31,55353,0,
2026-05-16T17:07:54.628953,GET,/api/mixed/pipeline/1/,9.53,82,0,
2026-05-16T17:07:54.640215,GET,/api/mixed/db/1/,10.03,247,0,
2026-05-16T17:07:54.656540,GET,/api/mixed/http/,113.47,55353,0,
2026-05-16T17:07:54.675019,GET,/api/mixed/http/,119.9,55353,0,
2026-05-16T17:07:54.676069,GET,/api/mixed/http/,117.02,55353,0,
2026-05-16T17:07:54.753208,GET,/api/mixed/pipeline/1/,9.95,82,0,
2026-05-16T17:07:54.806187,GET,/api/mixed/db/1/,10.57,247,0,
2026-05-16T17:07:54.877880,GET,/api/mixed/pipeline/1/,10.32,82,0,
2026-05-16T17:07:54.972487,GET,/api/mixed/db/1/,10.25,247,0,
2026-05-16T17:07:55.001743,GET,/api/mixed/http/,112.49,55353,0,
2026-05-16T17:07:55.017703,GET,/api/mixed/http/,112.4,55353,0,
2026-05-16T17:07:55.069202,GET,/api/mixed/db/1/,13.12,247,0,
2026-05-16T17:07:55.074781,GET,/api/mixed/pipeline/1/,12.71,82,0,
2026-05-16T17:07:55.086085,GET,/api/mixed/http/,113.4,55353,0,
2026-05-16T17:07:55.114893,GET,/api/mixed/pipeline/1/,9.44,82,0,
2026-05-16T17:07:55.200499,GET,/api/mixed/pipeline/1/,10.13,82,0,
2026-05-16T17:07:55.212952,GET,/api/mixed/db/1/,10.01,247,0,
2026-05-16T17:07:55.247392,GET,/api/mixed/db/1/,10.11,247,0,
2026-05-16T17:07:55.281149,GET,/api/mixed/pipeline/1/,10.34,82,0,
2026-05-16T17:07:55.367915,GET,/api/mixed/pipeline/1/,9.49,82,0,
2026-05-16T17:07:55.435061,GET,/api/mixed/pipeline/1/,9.66,82,0,
2026-05-16T17:07:55.468562,GET,/api/mixed/db/1/,10.21,247,0,
2026-05-16T17:07:55.495926,GET,/api/mixed/http/,112.71,55353,0,
2026-05-16T17:07:55.517625,GET,/api/mixed/pipeline/1/,9.46,82,0,
2026-05-16T17:07:55.546119,GET,/api/mixed/db/1/,12.18,247,0,
2026-05-16T17:07:55.553438,GET,/api/mixed/pipeline/1/,13.61,82,0,
2026-05-16T17:07:55.700713,GET,/api/mixed/pipeline/1/,9.73,82,0,
2026-05-16T17:07:55.717016,GET,/api/mixed/pipeline/1/,9.27,82,0,
2026-05-16T17:07:55.758860,GET,/api/mixed/pipeline/1/,9.62,82,0,
2026-05-16T17:07:55.813479,GET,/api/mixed/http/,112.61,55353,0,
2026-05-16T17:07:55.844535,GET,/api/mixed/db/1/,12.6,247,0,
2026-05-16T17:07:55.853901,GET,/api/mixed/pipeline/1/,15.18,82,0,
2026-05-16T17:07:55.912653,GET,/api/mixed/pipeline/1/,9.61,82,0,
2026-05-16T17:07:55.963776,GET,/api/mixed/http/,119.95,55353,0,
2026-05-16T17:07:55.965941,GET,/api/mixed/pipeline/1/,21.69,82,0,
2026-05-16T17:07:55.984106,GET,/api/mixed/http/,112.91,55353,0,
2026-05-16T17:07:56.006199,GET,/api/mixed/db/1/,10.75,247,0,
2026-05-16T17:07:56.064462,GET,/api/mixed/http/,122.95,55353,0,
2026-05-16T17:07:56.065459,GET,/api/mixed/http/,124.39,55353,0,
2026-05-16T17:07:56.153347,GET,/api/mixed/pipeline/1/,9.4,82,0,
2026-05-16T17:07:56.167344,GET,/api/mixed/pipeline/1/,9.63,82,0,
2026-05-16T17:07:56.177576,GET,/api/mixed/http/,114.11,55353,0,
2026-05-16T17:07:56.228420,GET,/api/mixed/db/1/,10.46,247,0,
2026-05-16T17:07:56.365161,GET,/api/mixed/http/,115.5,55353,0,
2026-05-16T17:07:56.431406,GET,/api/mixed/pipeline/1/,19.82,82,0,
2026-05-16T17:07:56.432503,GET,/api/mixed/db/1/,19.08,247,0,
2026-05-16T17:07:56.452043,GET,/api/mixed/http/,112.35,55353,0,
2026-05-16T17:07:56.477758,GET,/api/mixed/http/,127.05,55353,0,
2026-05-16T17:07:56.479493,GET,/api/mixed/http/,125.03,55353,0,
2026-05-16T17:07:56.480758,GET,/api/mixed/db/1/,25.31,247,0,
2026-05-16T17:07:56.508161,GET,/api/mixed/db/1/,10.12,247,0,
2026-05-16T17:07:56.532934,GET,/api/mixed/http/,118.85,55353,0,
2026-05-16T17:07:56.629228,GET,/api/mixed/http/,112.68,55353,0,
2026-05-16T17:07:56.697066,GET,/api/mixed/http/,112.76,55353,0,
2026-05-16T17:07:56.725611,GET,/api/mixed/http/,113.39,55353,0,
2026-05-16T17:07:56.739133,GET,/api/mixed/db/1/,10.28,247,0,
2026-05-16T17:07:56.837257,GET,/api/mixed/pipeline/1/,15.51,82,0,
2026-05-16T17:07:56.839311,GET,/api/mixed/db/1/,17.08,247,0,
2026-05-16T17:07:56.934105,GET,/api/mixed/db/1/,10.46,247,0,
2026-05-16T17:07:57.028177,GET,/api/mixed/db/1/,15.31,247,0,
2026-05-16T17:07:57.036278,GET,/api/mixed/db/1/,15.55,247,0,
2026-05-16T17:07:57.045611,GET,/api/mixed/pipeline/1/,9.2,82,0,
2026-05-16T17:07:57.062123,GET,/api/mixed/http/,112.6,55353,0,
2026-05-16T17:07:57.149091,GET,/api/mixed/pipeline/1/,12.06,82,0,
2026-05-16T17:07:57.251896,GET,/api/mixed/http/,115.29,55353,0,
2026-05-16T17:07:57.272296,GET,/api/mixed/db/1/,10.06,247,0,
2026-05-16T17:07:57.287948,GET,/api/mixed/pipeline/1/,10.29,82,0,
2026-05-16T17:07:57.346892,GET,/api/mixed/pipeline/1/,15.67,82,0,
2026-05-16T17:07:57.347762,GET,/api/mixed/http/,114.14,55353,0,
2026-05-16T17:07:57.419382,GET,/api/mixed/db/1/,17.12,247,0,
2026-05-16T17:07:57.424836,GET,/api/mixed/db/1/,13.13,247,0,
2026-05-16T17:07:57.436330,GET,/api/mixed/http/,115.08,55353,0,
2026-05-16T17:07:57.443342,GET,/api/mixed/db/1/,16.31,247,0,
2026-05-16T17:07:57.522663,GET,/api/mixed/http/,118.59,55353,0,
2026-05-16T17:07:57.523145,GET,/api/mixed/db/1/,18.54,247,0,
2026-05-16T17:07:57.532702,GET,/api/mixed/db/1/,10.98,247,0,
2026-05-16T17:07:57.553021,GET,/api/mixed/db/1/,13.89,247,0,
2026-05-16T17:07:57.557991,GET,/api/mixed/db/1/,14.12,247,0,
2026-05-16T17:07:57.573781,GET,/api/mixed/db/1/,11.53,247,0,
2026-05-16T17:07:57.788349,GET,/api/mixed/db/1/,10.11,247,0,
2026-05-16T17:07:57.858992,GET,/api/mixed/db/1/,13.25,247,0,
2026-05-16T17:07:57.873726,GET,/api/mixed/pipeline/1/,9.36,82,0,
2026-05-16T17:07:57.887339,GET,/api/mixed/pipeline/1/,13.49,82,0,
2026-05-16T17:07:57.893950,GET,/api/mixed/db/1/,15.26,247,0,
2026-05-16T17:07:57.901085,GET,/api/mixed/db/1/,12.51,247,0,
2026-05-16T17:07:57.911310,GET,/api/mixed/http/,114.42,55353,0,
2026-05-16T17:07:57.917864,GET,/api/mixed/pipeline/1/,11.56,82,0,
2026-05-16T17:07:57.969221,GET,/api/mixed/http/,115.69,55353,0,
2026-05-16T17:07:58.029614,GET,/api/mixed/db/1/,17.68,247,0,
2026-05-16T17:07:58.069840,GET,/api/mixed/pipeline/1/,14.77,82,0,
2026-05-16T17:07:58.073902,GET,/api/mixed/db/1/,14.74,247,0,
2026-05-16T17:07:58.141698,GET,/api/mixed/http/,120.78,55353,0,
2026-05-16T17:07:58.170370,GET,/api/mixed/db/1/,10.29,247,0,
2026-05-16T17:07:58.286094,GET,/api/mixed/http/,112.38,55353,0,
2026-05-16T17:07:58.295815,GET,/api/mixed/db/1/,10.55,247,0,
2026-05-16T17:07:58.317042,GET,/api/mixed/db/1/,10.06,247,0,
2026-05-16T17:07:58.417882,GET,/api/mixed/db/1/,10.31,247,0,
2026-05-16T17:07:58.457282,GET,/api/mixed/db/1/,10.96,247,0,
2026-05-16T17:07:58.604294,GET,/api/mixed/http/,113.76,55353,0,
2026-05-16T17:07:58.698818,GET,/api/mixed/pipeline/1/,24.51,82,0,
2026-05-16T17:07:58.703882,GET,/api/mixed/db/1/,17.03,247,0,
2026-05-16T17:07:58.716212,GET,/api/mixed/pipeline/1/,10.98,82,0,
2026-05-16T17:07:58.733336,GET,/api/mixed/pipeline/1/,10.81,82,0,
2026-05-16T17:07:58.751902,GET,/api/mixed/http/,115.28,55353,0,
2026-05-16T17:07:58.753644,GET,/api/mixed/db/1/,18.93,247,0,
2026-05-16T17:07:58.767994,GET,/api/mixed/http/,118.31,55353,0,
2026-05-16T17:07:58.834455,GET,/api/mixed/db/1/,10.77,247,0,
2026-05-16T17:07:58.887603,GET,/api/mixed/http/,117.31,55353,0,
2026-05-16T17:07:58.901217,GET,/api/mixed/http/,114.83,55353,0,
2026-05-16T17:07:58.928991,GET,/api/mixed/pipeline/1/,9.52,82,0,
2026-05-16T17:07:58.959291,GET,/api/mixed/pipeline/1/,10.11,82,0,
2026-05-16T17:07:58.998020,GET,/api/mixed/http/,115.25,55353,0,
2026-05-16T17:07:59.046401,GET,/api/mixed/http/,115.01,55353,0,
2026-05-16T17:07:59.053141,GET,/api/mixed/pipeline/1/,12.89,82,0,
2026-05-16T17:07:59.090858,GET,/api/mixed/http/,113.34,55353,0,
2026-05-16T17:07:59.193710,GET,/api/mixed/pipeline/1/,13.96,82,0,
2026-05-16T17:07:59.233430,GET,/api/mixed/http/,113.34,55353,0,
2026-05-16T17:07:59.256834,GET,/api/mixed/http/,115.82,55353,0,
2026-05-16T17:07:59.268746,GET,/api/mixed/http/,113.9,55353,0,
2026-05-16T17:07:59.271282,GET,/api/mixed/pipeline/1/,19.38,82,0,
2026-05-16T17:07:59.280101,GET,/api/mixed/pipeline/1/,9.46,82,0,
2026-05-16T17:07:59.298753,GET,/api/mixed/http/,118.56,55353,0,
2026-05-16T17:07:59.315319,GET,/api/mixed/db/1/,10.24,247,0,
2026-05-16T17:07:59.346248,GET,/api/mixed/http/,113.68,55353,0,
2026-05-16T17:07:59.361470,GET,/api/mixed/pipeline/1/,12.84,82,0,
2026-05-16T17:07:59.367675,GET,/api/mixed/db/1/,13.28,247,0,
2026-05-16T17:07:59.433406,GET,/api/mixed/http/,119.43,55353,0,
2026-05-16T17:07:59.519689,GET,/api/mixed/http/,117.37,55353,0,
2026-05-16T17:07:59.542732,GET,/api/mixed/db/1/,9.74,247,0,
2026-05-16T17:07:59.572962,GET,/api/mixed/db/1/,11.01,247,0,
2026-05-16T17:07:59.633991,GET,/api/mixed/pipeline/1/,12.53,82,0,
2026-05-16T17:07:59.639769,GET,/api/mixed/db/1/,12.48,247,0,
2026-05-16T17:07:59.689318,GET,/api/mixed/http/,113.14,55353,0,
2026-05-16T17:07:59.741166,GET,/api/mixed/pipeline/1/,9.55,82,0,
2026-05-16T17:07:59.771509,GET,/api/mixed/db/1/,10.11,247,0,
2026-05-16T17:07:59.826202,GET,/api/mixed/http/,114.57,55353,0,
2026-05-16T17:07:59.865611,GET,/api/mixed/db/1/,10.4,247,0,
2026-05-16T17:07:59.916138,GET,/api/mixed/db/1/,14.11,247,0,
2026-05-16T17:07:59.936742,GET,/api/mixed/pipeline/1/,15.32,82,0,
2026-05-16T17:07:59.939000,GET,/api/mixed/http/,114.03,55353,0,
2026-05-16T17:07:59.959576,GET,/api/mixed/http/,113.13,55353,0,
2026-05-16T17:08:00.215865,GET,/api/mixed/db/1/,10.38,247,0,
2026-05-16T17:08:00.239567,GET,/api/mixed/pipeline/1/,9.44,82,0,
2026-05-16T17:08:00.290738,GET,/api/mixed/pipeline/1/,9.86,82,0,
2026-05-16T17:08:00.361451,GET,/api/mixed/http/,114.49,55353,0,
2026-05-16T17:08:00.394814,GET,/api/mixed/db/1/,9.99,247,0,
2026-05-16T17:08:00.417794,GET,/api/mixed/http/,117.86,55353,0,
2026-05-16T17:08:00.422057,GET,/api/mixed/http/,115.42,55353,0,
2026-05-16T17:08:00.459876,GET,/api/mixed/db/1/,10.39,247,0,
2026-05-16T17:08:00.469184,GET,/api/mixed/http/,119.84,55353,0,
2026-05-16T17:08:00.532806,GET,/api/mixed/http/,115.98,55353,0,
2026-05-16T17:08:00.561441,GET,/api/mixed/pipeline/1/,9.36,82,0,
2026-05-16T17:08:00.575980,GET,/api/mixed/db/1/,10.28,247,0,
2026-05-16T17:08:00.602482,GET,/api/mixed/pipeline/1/,17.22,82,0,
2026-05-16T17:08:00.660344,GET,/api/mixed/db/1/,14.33,247,0,
2026-05-16T17:08:00.712659,GET,/api/mixed/http/,126.66,55353,0,
2026-05-16T17:08:00.713082,GET,/api/mixed/http/,127.37,55353,0,
2026-05-16T17:08:00.847182,GET,/api/mixed/pipeline/1/,16.59,82,0,
2026-05-16T17:08:00.879779,GET,/api/mixed/db/1/,10.33,247,0,
2026-05-16T17:08:00.962349,GET,/api/mixed/http/,112.77,55353,0,
2026-05-16T17:08:00.995370,GET,/api/mixed/pipeline/1/,9.55,82,0,
2026-05-16T17:08:01.025576,GET,/api/mixed/db/1/,10.13,247,0,
2026-05-16T17:08:01.089680,GET,/api/mixed/pipeline/1/,11.75,82,0,
2026-05-16T17:08:01.121463,GET,/api/mixed/http/,113.77,55353,0,
2026-05-16T17:08:01.169825,GET,/api/mixed/http/,113.84,55353,0,
2026-05-16T17:08:01.291111,GET,/api/mixed/pipeline/1/,9.82,82,0,
2026-05-16T17:08:01.353671,GET,/api/mixed/db/1/,11.24,247,0,
2026-05-16T17:08:01.370693,GET,/api/mixed/db/1/,11.75,247,0,
2026-05-16T17:08:01.390905,GET,/api/mixed/pipeline/1/,9.94,82,0,
2026-05-16T17:08:01.428702,GET,/api/mixed/db/1/,11.29,247,0,
2026-05-16T17:08:01.478699,GET,/api/mixed/db/1/,11.63,247,0,
2026-05-16T17:08:01.527544,GET,/api/mixed/pipeline/1/,10.37,82,0,
2026-05-16T17:08:01.598102,GET,/api/mixed/http/,120.2,55353,0,
2026-05-16T17:08:01.605101,GET,/api/mixed/pipeline/1/,21.51,82,0,
2026-05-16T17:08:01.639761,GET,/api/mixed/pipeline/1/,16.78,82,0,
2026-05-16T17:08:01.640287,GET,/api/mixed/db/1/,17.77,247,0,
2026-05-16T17:08:01.661830,GET,/api/mixed/db/1/,10.28,247,0,
2026-05-16T17:08:01.725328,GET,/api/mixed/http/,113.57,55353,0,
2026-05-16T17:08:01.781959,GET,/api/mixed/db/1/,11.16,247,0,
2026-05-16T17:08:01.798425,GET,/api/mixed/db/1/,17.76,247,0,
2026-05-16T17:08:01.800053,GET,/api/mixed/http/,114.79,55353,0,
2026-05-16T17:08:01.883875,GET,/api/mixed/pipeline/1/,24.94,82,0,
2026-05-16T17:08:01.887088,GET,/api/mixed/pipeline/1/,23.21,82,0,
2026-05-16T17:08:01.887450,GET,/api/mixed/pipeline/1/,29.0,82,0,
2026-05-16T17:08:01.926565,GET,/api/mixed/http/,119.12,55353,0,
2026-05-16T17:08:01.929204,GET,/api/mixed/db/1/,24.54,247,0,
2026-05-16T17:08:01.933352,GET,/api/mixed/pipeline/1/,23.84,82,0,
2026-05-16T17:08:01.943578,GET,/api/mixed/pipeline/1/,11.19,82,0,
2026-05-16T17:08:02.133674,GET,/api/mixed/pipeline/1/,14.45,82,0,
2026-05-16T17:08:02.139493,GET,/api/mixed/pipeline/1/,16.42,82,0,
2026-05-16T17:08:02.155629,GET,/api/mixed/http/,113.42,55353,0,
2026-05-16T17:08:02.181360,GET,/api/mixed/pipeline/1/,9.34,82,0,
2026-05-16T17:08:02.260313,GET,/api/mixed/http/,119.56,55353,0,
2026-05-16T17:08:02.260859,GET,/api/mixed/http/,125.91,55353,0,
2026-05-16T17:08:02.271173,GET,/api/mixed/db/1/,11.87,247,0,
2026-05-16T17:08:02.300497,GET,/api/mixed/http/,112.91,55353,0,
2026-05-16T17:08:02.338374,GET,/api/mixed/pipeline/1/,9.64,82,0,
2026-05-16T17:08:02.449373,GET,/api/mixed/pipeline/1/,9.54,82,0,
2026-05-16T17:08:02.461544,GET,/api/mixed/http/,112.92,55353,0,
2026-05-16T17:08:02.482835,GET,/api/mixed/db/1/,10.06,247,0,
2026-05-16T17:08:02.506301,GET,/api/mixed/pipeline/1/,10.22,82,0,
2026-05-16T17:08:02.521516,GET,/api/mixed/db/1/,9.86,247,0,
2026-05-16T17:08:02.581443,GET,/api/mixed/db/1/,20.54,247,0,
2026-05-16T17:08:02.780469,GET,/api/mixed/db/1/,10.23,247,0,
2026-05-16T17:08:02.850065,GET,/api/mixed/pipeline/1/,15.79,82,0,
2026-05-16T17:08:02.853733,GET,/api/mixed/db/1/,17.64,247,0,
2026-05-16T17:08:02.866660,GET,/api/mixed/db/1/,10.62,247,0,
2026-05-16T17:08:02.926203,GET,/api/mixed/pipeline/1/,11.07,82,0,
2026-05-16T17:08:02.989568,GET,/api/mixed/pipeline/1/,16.66,82,0,
2026-05-16T17:08:03.050417,GET,/api/mixed/http/,119.91,55353,0,
2026-05-16T17:08:03.098380,GET,/api/mixed/http/,121.61,55353,0,
2026-05-16T17:08:03.098791,GET,/api/mixed/http/,126.38,55353,0,
2026-05-16T17:08:03.178653,GET,/api/mixed/pipeline/1/,17.67,82,0,
2026-05-16T17:08:03.179666,GET,/api/mixed/db/1/,18.2,247,0,
2026-05-16T17:08:03.194044,GET,/api/mixed/db/1/,10.04,247,0,
2026-05-16T17:08:03.202363,GET,/api/mixed/http/,124.61,55353,0,
2026-05-16T17:08:03.238340,GET,/api/mixed/db/1/,10.35,247,0,
2026-05-16T17:08:03.351264,GET,/api/mixed/pipeline/1/,9.7,82,0,
2026-05-16T17:08:03.377566,GET,/api/mixed/db/1/,9.94,247,0,
2026-05-16T17:08:03.409219,GET,/api/mixed/http/,114.62,55353,0,
2026-05-16T17:08:03.477377,GET,/api/mixed/db/1/,10.77,247,0,
2026-05-16T17:08:03.506361,GET,/api/mixed/http/,116.63,55353,0,
2026-05-16T17:08:03.565612,GET,/api/mixed/http/,117.97,55353,0,
2026-05-16T17:08:03.676292,GET,/api/mixed/http/,119.95,55353,0,
2026-05-16T17:08:03.680868,GET,/api/mixed/db/1/,18.05,247,0,
2026-05-16T17:08:03.690259,GET,/api/mixed/db/1/,10.71,247,0,
2026-05-16T17:08:03.770078,GET,/api/mixed/pipeline/1/,9.51,82,0,
2026-05-16T17:08:03.841177,GET,/api/mixed/http/,113.64,55353,0,
2026-05-16T17:08:03.849813,GET,/api/mixed/db/1/,11.62,247,0,
2026-05-16T17:08:03.931595,GET,/api/mixed/http/,114.16,55353,0,
2026-05-16T17:08:03.933459,GET,/api/mixed/http/,122.05,55353,0,
2026-05-16T17:08:03.993832,GET,/api/mixed/db/1/,11.34,247,0,
2026-05-16T17:08:04.012626,GET,/api/mixed/http/,113.41,55353,0,
2026-05-16T17:08:04.073953,GET,/api/mixed/http/,123.16,55353,0,
2026-05-16T17:08:04.074462,GET,/api/mixed/http/,124.71,55353,0,
2026-05-16T17:08:04.096463,GET,/api/mixed/db/1/,10.67,247,0,
2026-05-16T17:08:04.199977,GET,/api/mixed/pipeline/1/,10.26,82,0,
2026-05-16T17:08:04.218041,GET,/api/mixed/db/1/,15.19,247,0,
2026-05-16T17:08:04.244969,GET,/api/mixed/db/1/,12.47,247,0,
2026-05-16T17:08:04.279794,GET,/api/mixed/http/,114.98,55353,0,
2026-05-16T17:08:04.321403,GET,/api/mixed/http/,117.81,55353,0,
2026-05-16T17:08:04.389454,GET,/api/mixed/http/,122.21,55353,0,
2026-05-16T17:08:04.398335,GET,/api/mixed/db/1/,22.68,247,0,
2026-05-16T17:08:04.403128,GET,/api/mixed/db/1/,15.26,247,0,
2026-05-16T17:08:04.532286,GET,/api/mixed/pipeline/1/,13.62,82,0,
2026-05-16T17:08:04.554665,GET,/api/mixed/db/1/,15.94,247,0,
2026-05-16T17:08:04.567069,GET,/api/mixed/pipeline/1/,17.7,82,0,
2026-05-16T17:08:04.592688,GET,/api/mixed/pipeline/1/,11.39,82,0,
2026-05-16T17:08:04.639298,GET,/api/mixed/http/,116.7,55353,0,
2026-05-16T17:08:04.668848,GET,/api/mixed/http/,121.32,55353,0,
2026-05-16T17:08:04.844599,GET,/api/mixed/http/,113.41,55353,0,
2026-05-16T17:08:04.869984,GET,/api/mixed/pipeline/1/,10.03,82,0,
2026-05-16T17:08:04.899757,GET,/api/mixed/db/1/,10.62,247,0,
2026-05-16T17:08:04.910940,GET,/api/mixed/pipeline/1/,9.94,82,0,
2026-05-16T17:08:04.992658,GET,/api/mixed/http/,114.4,55353,0,
2026-05-16T17:08:05.056425,GET,/api/mixed/http/,118.2,55353,0,
2026-05-16T17:08:05.075994,GET,/api/mixed/http/,123.84,55353,0,
2026-05-16T17:08:05.080465,GET,/api/mixed/http/,118.44,55353,0,
2026-05-16T17:08:05.088474,GET,/api/mixed/db/1/,27.78,247,0,
2026-05-16T17:08:05.090776,GET,/api/mixed/db/1/,26.36,247,0,
2026-05-16T17:08:05.107830,GET,/api/mixed/pipeline/1/,9.87,82,0,
2026-05-16T17:08:05.302149,GET,/api/mixed/pipeline/1/,14.01,82,0,
2026-05-16T17:08:05.371561,GET,/api/mixed/pipeline/1/,16.05,82,0,
2026-05-16T17:08:05.374828,GET,/api/mixed/pipeline/1/,15.67,82,0,
2026-05-16T17:08:05.398189,GET,/api/mixed/http/,114.82,55353,0,
2026-05-16T17:08:05.507739,GET,/api/mixed/http/,121.69,55353,0,
2026-05-16T17:08:05.599385,GET,/api/mixed/http/,119.77,55353,0,
2026-05-16T17:08:05.672649,GET,/api/mixed/db/1/,10.31,247,0,
2026-05-16T17:08:05.686197,GET,/api/mixed/db/1/,10.14,247,0,
2026-05-16T17:08:05.715490,GET,/api/mixed/db/1/,16.09,247,0,
2026-05-16T17:08:05.717147,GET,/api/mixed/http/,115.38,55353,0,
2026-05-16T17:08:05.769603,GET,/api/mixed/db/1/,10.2,247,0,
2026-05-16T17:08:05.844728,GET,/api/mixed/pipeline/1/,9.4,82,0,
2026-05-16T17:08:05.884681,GET,/api/mixed/db/1/,10.7,247,0,
2026-05-16T17:08:05.893993,GET,/api/mixed/db/1/,10.12,247,0,
2026-05-16T17:08:05.905284,GET,/api/mixed/db/1/,10.03,247,0,
2026-05-16T17:08:06.112326,GET,/api/mixed/db/1/,25.39,247,0,
2026-05-16T17:08:06.114706,GET,/api/mixed/pipeline/1/,18.47,82,0,
2026-05-16T17:08:06.126351,GET,/api/mixed/http/,114.6,55353,0,
2026-05-16T17:08:06.149070,GET,/api/mixed/pipeline/1/,9.46,82,0,
2026-05-16T17:08:06.211183,GET,/api/mixed/http/,123.44,55353,0,
2026-05-16T17:08:06.237887,GET,/api/mixed/pipeline/1/,12.48,82,0,
2026-05-16T17:08:06.271255,GET,/api/mixed/pipeline/1/,20.27,82,0,
2026-05-16T17:08:06.278768,GET,/api/mixed/pipeline/1/,25.12,82,0,
2026-05-16T17:08:06.282828,GET,/api/mixed/http/,115.33,55353,0,
2026-05-16T17:08:06.303072,GET,/api/mixed/db/1/,26.6,247,0,
2026-05-16T17:08:06.316357,GET,/api/mixed/db/1/,33.42,247,0,
2026-05-16T17:08:06.317852,GET,/api/mixed/db/1/,32.25,247,0,
2026-05-16T17:08:06.331989,GET,/api/mixed/db/1/,10.81,247,0,
2026-05-16T17:08:06.345810,GET,/api/mixed/http/,118.58,55353,0,
2026-05-16T17:08:06.366084,GET,/api/mixed/db/1/,37.13,247,0,
2026-05-16T17:08:06.376029,GET,/api/mixed/http/,126.82,55353,0,
2026-05-16T17:08:06.383764,GET,/api/mixed/db/1/,42.5,247,0,
2026-05-16T17:08:06.387701,GET,/api/mixed/pipeline/1/,42.65,82,0,
2026-05-16T17:08:06.388443,GET,/api/mixed/db/1/,41.21,247,0,
2026-05-16T17:08:06.390863,GET,/api/mixed/pipeline/1/,28.91,82,0,
2026-05-16T17:08:06.423609,GET,/api/mixed/http/,127.21,55353,0,
2026-05-16T17:08:06.469750,GET,/api/mixed/pipeline/1/,9.56,82,0,
2026-05-16T17:08:06.563366,GET,/api/mixed/http/,117.18,55353,0,
2026-05-16T17:08:06.569577,GET,/api/mixed/pipeline/1/,21.29,82,0,
2026-05-16T17:08:06.585829,GET,/api/mixed/db/1/,10.02,247,0,
2026-05-16T17:08:06.680646,GET,/api/mixed/db/1/,11.28,247,0,
2026-05-16T17:08:06.800203,GET,/api/mixed/http/,117.15,55353,0,
2026-05-16T17:08:06.851981,GET,/api/mixed/http/,113.17,55353,0,
2026-05-16T17:08:06.866367,GET,/api/mixed/pipeline/1/,9.08,82,0,
2026-05-16T17:08:06.951794,GET,/api/mixed/db/1/,18.19,247,0,
2026-05-16T17:08:06.959299,GET,/api/mixed/pipeline/1/,19.86,82,0,
2026-05-16T17:08:06.966103,GET,/api/mixed/pipeline/1/,18.85,82,0,
2026-05-16T17:08:06.971414,GET,/api/mixed/db/1/,16.36,247,0,
2026-05-16T17:08:06.979618,GET,/api/mixed/db/1/,11.32,247,0,
2026-05-16T17:08:07.025282,GET,/api/mixed/http/,113.67,55353,0,
2026-05-16T17:08:07.134804,GET,/api/mixed/db/1/,10.07,247,0,
2026-05-16T17:08:07.229900,GET,/api/mixed/http/,114.03,55353,0,
2026-05-16T17:08:07.261437,GET,/api/mixed/http/,114.14,55353,0,
2026-05-16T17:08:07.314075,GET,/api/mixed/http/,114.17,55353,0,
2026-05-16T17:08:07.422449,GET,/api/mixed/pipeline/1/,9.88,82,0,
2026-05-16T17:08:07.473843,GET,/api/mixed/pipeline/1/,9.83,82,0,
2026-05-16T17:08:07.490453,GET,/api/mixed/db/1/,10.25,247,0,
2026-05-16T17:08:07.569230,GET,/api/mixed/pipeline/1/,13.48,82,0,
2026-05-16T17:08:07.622098,GET,/api/mixed/pipeline/1/,9.55,82,0,
2026-05-16T17:08:07.678784,GET,/api/mixed/http/,119.27,55353,0,
2026-05-16T17:08:07.689324,GET,/api/mixed/pipeline/1/,9.28,82,0,
2026-05-16T17:08:07.715284,GET,/api/mixed/pipeline/1/,9.78,82,0,
2026-05-16T17:08:07.748692,GET,/api/mixed/http/,112.9,55353,0,
2026-05-16T17:08:07.789096,GET,/api/mixed/http/,119.53,55353,0,
2026-05-16T17:08:07.951451,GET,/api/mixed/http/,113.96,55353,0,
2026-05-16T17:08:08.006968,GET,/api/mixed/db/1/,10.13,247,0,
2026-05-16T17:08:08.034516,GET,/api/mixed/http/,114.49,55353,0,
2026-05-16T17:08:08.080674,GET,/api/mixed/pipeline/1/,12.85,82,0,
2026-05-16T17:08:08.173247,GET,/api/mixed/http/,113.26,55353,0,
2026-05-16T17:08:08.187684,GET,/api/mixed/http/,114.93,55353,0,
2026-05-16T17:08:08.304609,GET,/api/mixed/http/,112.61,55353,0,
2026-05-16T17:08:08.323079,GET,/api/mixed/http/,114.21,55353,0,
2026-05-16T17:08:08.373044,GET,/api/mixed/pipeline/1/,9.73,82,0,
2026-05-16T17:08:08.382333,GET,/api/mixed/pipeline/1/,10.07,82,0,
2026-05-16T17:08:08.405682,GET,/api/mixed/db/1/,10.11,247,0,
2026-05-16T17:08:08.514838,GET,/api/mixed/db/1/,12.04,247,0,
2026-05-16T17:08:08.535857,GET,/api/mixed/db/1/,11.49,247,0,
2026-05-16T17:08:08.604232,GET,/api/mixed/db/1/,10.77,247,0,
2026-05-16T17:08:08.634013,GET,/api/mixed/pipeline/1/,12.57,82,0,
2026-05-16T17:08:08.639299,GET,/api/mixed/pipeline/1/,11.94,82,0,
2026-05-16T17:08:08.653613,GET,/api/mixed/db/1/,9.99,247,0,
2026-05-16T17:08:08.685337,GET,/api/mixed/db/1/,12.3,247,0,
2026-05-16T17:08:08.704643,GET,/api/mixed/db/1/,9.92,247,0,
2026-05-16T17:08:08.748556,GET,/api/mixed/db/1/,21.25,247,0,
2026-05-16T17:08:08.749129,GET,/api/mixed/pipeline/1/,22.26,82,0,
2026-05-16T17:08:08.758242,GET,/api/mixed/pipeline/1/,10.46,82,0,
2026-05-16T17:08:08.788021,GET,/api/mixed/pipeline/1/,9.52,82,0,
2026-05-16T17:08:08.795946,GET,/api/mixed/http/,116.06,55353,0,
2026-05-16T17:08:08.843613,GET,/api/mixed/pipeline/1/,10.52,82,0,
2026-05-16T17:08:08.871350,GET,/api/mixed/db/1/,18.23,247,0,
2026-05-16T17:08:08.873878,GET,/api/mixed/pipeline/1/,21.19,82,0,
2026-05-16T17:08:08.881023,GET,/api/mixed/pipeline/1/,15.11,82,0,
2026-05-16T17:08:08.892265,GET,/api/mixed/db/1/,10.0,247,0,
2026-05-16T17:08:08.918491,GET,/api/mixed/http/,113.26,55353,0,
2026-05-16T17:08:08.947260,GET,/api/mixed/db/1/,10.42,247,0,
2026-05-16T17:08:08.959429,GET,/api/mixed/http/,112.48,55353,0,
2026-05-16T17:08:09.008519,GET,/api/mixed/http/,112.98,55353,0,
2026-05-16T17:08:09.032049,GET,/api/mixed/db/1/,10.19,247,0,
2026-05-16T17:08:09.049437,GET,/api/mixed/db/1/,9.97,247,0,
2026-05-16T17:08:09.078339,GET,/api/mixed/db/1/,9.76,247,0,
2026-05-16T17:08:09.102589,GET,/api/mixed/db/1/,13.0,247,0,
2026-05-16T17:08:09.167352,GET,/api/mixed/http/,113.57,55353,0,
2026-05-16T17:08:09.204367,GET,/api/mixed/pipeline/1/,11.54,82,0,
2026-05-16T17:08:09.227970,GET,/api/mixed/db/1/,16.3,247,0,
2026-05-16T17:08:09.265342,GET,/api/mixed/db/1/,11.81,247,0,
2026-05-16T17:08:09.330738,GET,/api/mixed/http/,116.06,55353,0,
2026-05-16T17:08:09.415591,GET,/api/mixed/http/,113.91,55353,0,
2026-05-16T17:08:09.471425,GET,/api/mixed/db/1/,16.41,247,0,
2026-05-16T17:08:09.472131,GET,/api/mixed/pipeline/1/,16.57,82,0,
2026-05-16T17:08:09.545556,GET,/api/mixed/http/,113.69,55353,0,
2026-05-16T17:08:09.575689,GET,/api/mixed/db/1/,10.23,247,0,
2026-05-16T17:08:09.668829,GET,/api/mixed/http/,118.97,55353,0,
2026-05-16T17:08:09.669602,GET,/api/mixed/http/,115.95,55353,0,
2026-05-16T17:08:09.731768,GET,/api/mixed/pipeline/1/,15.68,82,0,
2026-05-16T17:08:09.797191,GET,/api/mixed/db/1/,10.23,247,0,
2026-05-16T17:08:09.845631,GET,/api/mixed/http/,112.4,55353,0,
2026-05-16T17:08:09.868469,GET,/api/mixed/pipeline/1/,11.64,82,0,
2026-05-16T17:08:09.909721,GET,/api/mixed/db/1/,14.89,247,0,
2026-05-16T17:08:09.969325,GET,/api/mixed/db/1/,14.3,247,0,
2026-05-16T17:08:10.066208,GET,/api/mixed/db/1/,11.5,247,0,
2026-05-16T17:08:10.175528,GET,/api/mixed/pipeline/1/,10.93,82,0,
2026-05-16T17:08:10.199852,GET,/api/mixed/pipeline/1/,9.95,82,0,
2026-05-16T17:08:10.262754,GET,/api/mixed/pipeline/1/,12.46,82,0,
2026-05-16T17:08:10.300996,GET,/api/mixed/db/1/,10.09,247,0,
2026-05-16T17:08:10.370609,GET,/api/mixed/http/,115.46,55353,0,
2026-05-16T17:08:10.391484,GET,/api/mixed/http/,113.47,55353,0,
2026-05-16T17:08:10.416946,GET,/api/mixed/pipeline/1/,10.22,82,0,
2026-05-16T17:08:10.489476,GET,/api/mixed/http/,112.47,55353,0,
2026-05-16T17:08:10.529168,GET,/api/mixed/db/1/,10.41,247,0,
2026-05-16T17:08:10.554354,GET,/api/mixed/pipeline/1/,10.76,82,0,
2026-05-16T17:08:10.590816,GET,/api/mixed/db/1/,19.13,247,0,
2026-05-16T17:08:10.593677,GET,/api/mixed/db/1/,17.24,247,0,
2026-05-16T17:08:10.637524,GET,/api/mixed/pipeline/1/,9.64,82,0,
2026-05-16T17:08:10.658946,GET,/api/mixed/db/1/,10.24,247,0,
2026-05-16T17:08:10.710581,GET,/api/mixed/http/,127.41,55353,0,
2026-05-16T17:08:10.728762,GET,/api/mixed/pipeline/1/,32.4,82,0,
2026-05-16T17:08:10.729654,GET,/api/mixed/pipeline/1/,34.13,82,0,
2026-05-16T17:08:10.734574,GET,/api/mixed/db/1/,21.83,247,0,
2026-05-16T17:08:10.757034,GET,/api/mixed/http/,113.06,55353,0,
2026-05-16T17:08:10.828190,GET,/api/mixed/http/,134.68,55353,0,
2026-05-16T17:08:10.892646,GET,/api/mixed/http/,119.33,55353,0,
2026-05-16T17:08:10.952370,GET,/api/mixed/db/1/,10.35,247,0,
2026-05-16T17:08:11.160165,GET,/api/mixed/http/,112.31,55353,0,
2026-05-16T17:08:11.190524,GET,/api/mixed/http/,116.57,55353,0,
2026-05-16T17:08:11.206814,GET,/api/mixed/http/,111.96,55353,0,
2026-05-16T17:08:11.261891,GET,/api/mixed/pipeline/1/,33.79,82,0,
2026-05-16T17:08:11.265997,GET,/api/mixed/http/,120.37,55353,0,
2026-05-16T17:08:11.268816,GET,/api/mixed/pipeline/1/,38.95,82,0,
2026-05-16T17:08:11.269581,GET,/api/mixed/db/1/,38.31,247,0,
2026-05-16T17:08:11.280184,GET,/api/mixed/http/,115.68,55353,0,
2026-05-16T17:08:11.336204,GET,/api/mixed/pipeline/1/,9.77,82,0,
2026-05-16T17:08:11.379087,GET,/api/mixed/http/,145.28,55353,0,
2026-05-16T17:08:11.380858,GET,/api/mixed/http/,145.31,55353,0,
2026-05-16T17:08:11.403118,GET,/api/mixed/http/,135.81,55353,0,
2026-05-16T17:08:11.408382,GET,/api/mixed/db/1/,46.45,247,0,
2026-05-16T17:08:11.411448,GET,/api/mixed/db/1/,43.63,247,0,
2026-05-16T17:08:11.411797,GET,/api/mixed/pipeline/1/,50.32,82,0,
2026-05-16T17:08:11.415910,GET,/api/mixed/pipeline/1/,24.82,82,0,
2026-05-16T17:08:11.470399,GET,/api/mixed/db/1/,9.99,247,0,
2026-05-16T17:08:11.518174,GET,/api/mixed/http/,126.43,55353,0,
2026-05-16T17:08:11.545664,GET,/api/mixed/http/,114.36,55353,0,
2026-05-16T17:08:11.557391,GET,/api/mixed/pipeline/1/,9.38,82,0,
2026-05-16T17:08:11.582410,GET,/api/mixed/pipeline/1/,11.4,82,0,
2026-05-16T17:08:11.599122,GET,/api/mixed/http/,115.36,55353,0,
2026-05-16T17:08:11.599528,GET,/api/mixed/db/1/,16.99,247,0,
2026-05-16T17:08:11.679959,GET,/api/mixed/http/,115.23,55353,0,
2026-05-16T17:08:11.695796,GET,/api/mixed/pipeline/1/,26.78,82,0,
2026-05-16T17:08:11.698006,GET,/api/mixed/db/1/,22.25,247,0,
2026-05-16T17:08:11.709838,GET,/api/mixed/pipeline/1/,12.42,82,0,
2026-05-16T17:08:11.812424,GET,/api/mixed/http/,115.39,55353,0,
2026-05-16T17:08:11.834660,GET,/api/mixed/pipeline/1/,9.91,82,0,
2026-05-16T17:08:11.941944,GET,/api/mixed/db/1/,15.2,247,0,
2026-05-16T17:08:11.994602,GET,/api/mixed/http/,114.49,55353,0,
2026-05-16T17:08:12.109482,GET,/api/mixed/pipeline/1/,12.36,82,0,
2026-05-16T17:08:12.162578,GET,/api/mixed/db/1/,10.74,247,0,
2026-05-16T17:08:12.206985,GET,/api/mixed/db/1/,14.12,247,0,
2026-05-16T17:08:12.314789,GET,/api/mixed/http/,118.04,55353,0,
2026-05-16T17:08:12.343792,GET,/api/mixed/db/1/,10.46,247,0,
2026-05-16T17:08:12.484133,GET,/api/mixed/http/,112.9,55353,0,
2026-05-16T17:08:12.517408,GET,/api/mixed/db/1/,10.02,247,0,
2026-05-16T17:08:12.552088,GET,/api/mixed/pipeline/1/,9.43,82,0,
2026-05-16T17:08:12.564896,GET,/api/mixed/http/,113.38,55353,0,
2026-05-16T17:08:12.605963,GET,/api/mixed/pipeline/1/,14.76,82,0,
2026-05-16T17:08:12.607881,GET,/api/mixed/pipeline/1/,14.87,82,0,
2026-05-16T17:08:12.653314,GET,/api/mixed/pipeline/1/,10.23,82,0,
2026-05-16T17:08:12.669111,GET,/api/mixed/db/1/,11.08,247,0,
2026-05-16T17:08:12.717832,GET,/api/mixed/db/1/,10.67,247,0,
2026-05-16T17:08:12.737047,GET,/api/mixed/db/1/,10.83,247,0,
2026-05-16T17:08:12.787626,GET,/api/mixed/http/,116.27,55353,0,
2026-05-16T17:08:12.877275,GET,/api/mixed/pipeline/1/,10.07,82,0,
2026-05-16T17:08:12.895846,GET,/api/mixed/http/,120.38,55353,0,
2026-05-16T17:08:12.917793,GET,/api/mixed/db/1/,10.62,247,0,
2026-05-16T17:08:12.928785,GET,/api/mixed/http/,113.75,55353,0,
2026-05-16T17:08:12.939469,GET,/api/mixed/db/1/,10.55,247,0,
2026-05-16T17:08:12.969578,GET,/api/mixed/db/1/,12.8,247,0,
2026-05-16T17:08:12.981247,GET,/api/mixed/db/1/,10.23,247,0,
2026-05-16T17:08:13.111137,GET,/api/mixed/db/1/,11.78,247,0,
2026-05-16T17:08:13.156274,GET,/api/mixed/http/,117.76,55353,0,
2026-05-16T17:08:13.189637,GET,/api/mixed/http/,126.09,55353,0,
2026-05-16T17:08:13.192101,GET,/api/mixed/http/,120.64,55353,0,
2026-05-16T17:08:13.193093,GET,/api/mixed/http/,132.52,55353,0,
2026-05-16T17:08:13.215734,GET,/api/mixed/db/1/,11.16,247,0,
2026-05-16T17:08:13.289196,GET,/api/mixed/db/1/,30.45,247,0,
2026-05-16T17:08:13.299110,GET,/api/mixed/pipeline/1/,33.72,82,0,
2026-05-16T17:08:13.336674,GET,/api/mixed/http/,116.73,55353,0,
2026-05-16T17:08:13.339246,GET,/api/mixed/pipeline/1/,23.25,82,0,
2026-05-16T17:08:13.405335,GET,/api/mixed/db/1/,23.62,247,0,
2026-05-16T17:08:13.429194,GET,/api/mixed/http/,127.68,55353,0,
2026-05-16T17:08:13.493922,GET,/api/mixed/pipeline/1/,46.07,82,0,
2026-05-16T17:08:13.497587,GET,/api/mixed/http/,137.96,55353,0,
2026-05-16T17:08:13.515257,GET,/api/mixed/pipeline/1/,49.66,82,0,
2026-05-16T17:08:13.573205,GET,/api/mixed/db/1/,28.44,247,0,
2026-05-16T17:08:13.612543,GET,/api/mixed/pipeline/1/,29.88,82,0,
2026-05-16T17:08:13.631948,GET,/api/mixed/db/1/,21.44,247,0,
2026-05-16T17:08:13.653812,GET,/api/mixed/http/,120.37,55353,0,
2026-05-16T17:08:13.816069,GET,/api/mixed/pipeline/1/,15.74,82,0,
2026-05-16T17:08:13.850616,GET,/api/mixed/pipeline/1/,14.15,82,0,
2026-05-16T17:08:13.867080,GET,/api/mixed/pipeline/1/,9.96,82,0,
2026-05-16T17:08:14.031546,GET,/api/mixed/pipeline/1/,22.04,82,0,
2026-05-16T17:08:14.060581,GET,/api/mixed/db/1/,12.68,247,0,
2026-05-16T17:08:14.095326,GET,/api/mixed/http/,117.91,55353,0,
2026-05-16T17:08:14.152951,GET,/api/mixed/db/1/,20.4,247,0,
2026-05-16T17:08:14.157850,GET,/api/mixed/pipeline/1/,21.12,82,0,
2026-05-16T17:08:14.162301,GET,/api/mixed/db/1/,18.71,247,0,
2026-05-16T17:08:14.197175,GET,/api/mixed/db/1/,11.61,247,0,
2026-05-16T17:08:14.223567,GET,/api/mixed/db/1/,11.09,247,0,
2026-05-16T17:08:14.244908,GET,/api/mixed/pipeline/1/,15.29,82,0,
2026-05-16T17:08:14.276058,GET,/api/mixed/pipeline/1/,17.59,82,0,
2026-05-16T17:08:14.434731,GET,/api/mixed/db/1/,19.35,247,0,
2026-05-16T17:08:14.531152,GET,/api/mixed/http/,116.54,55353,0,
2026-05-16T17:08:14.541837,GET,/api/mixed/http/,118.36,55353,0,
2026-05-16T17:08:14.602564,GET,/api/mixed/db/1/,16.26,247,0,
2026-05-16T17:08:14.663396,GET,/api/mixed/pipeline/1/,13.27,82,0,
2026-05-16T17:08:14.721489,GET,/api/mixed/pipeline/1/,12.78,82,0,
2026-05-16T17:08:14.919045,GET,/api/mixed/db/1/,15.71,247,0,
2026-05-16T17:08:14.927479,GET,/api/mixed/db/1/,16.21,247,0,
2026-05-16T17:08:14.953559,GET,/api/mixed/db/1/,19.48,247,0,
2026-05-16T17:08:14.954673,GET,/api/mixed/db/1/,18.71,247,0,
2026-05-16T17:08:15.090525,GET,/api/mixed/db/1/,16.06,247,0,
2026-05-16T17:08:15.131389,GET,/api/mixed/pipeline/1/,13.32,82,0,
2026-05-16T17:08:15.214058,GET,/api/mixed/pipeline/1/,16.25,82,0,
2026-05-16T17:08:15.229734,GET,/api/mixed/db/1/,18.0,247,0,
2026-05-16T17:08:15.342111,GET,/api/mixed/http/,126.82,55353,0,
2026-05-16T17:08:15.357654,GET,/api/mixed/http/,122.62,55353,0,
2026-05-16T17:08:15.364160,GET,/api/mixed/db/1/,32.12,247,0,
2026-05-16T17:08:15.376226,GET,/api/mixed/pipeline/1/,20.15,82,0,
2026-05-16T17:08:15.436927,GET,/api/mixed/http/,118.3,55353,0,
2026-05-16T17:08:15.474422,GET,/api/mixed/http/,123.95,55353,0,
2026-05-16T17:08:15.484968,GET,/api/mixed/pipeline/1/,15.92,82,0,
2026-05-16T17:08:15.560364,GET,/api/mixed/http/,117.98,55353,0,
2026-05-16T17:08:15.636765,GET,/api/mixed/http/,115.43,55353,0,
2026-05-16T17:08:15.687632,GET,/api/mixed/db/1/,11.18,247,0,
2026-05-16T17:08:15.725140,GET,/api/mixed/http/,141.83,55353,0,
2026-05-16T17:08:15.727250,GET,/api/mixed/http/,144.44,55353,0,
2026-05-16T17:08:15.753823,GET,/api/mixed/http/,118.55,55353,0,
2026-05-16T17:08:15.760573,GET,/api/mixed/pipeline/1/,24.77,82,0,
2026-05-16T17:08:15.767606,GET,/api/mixed/db/1/,16.56,247,0,
2026-05-16T17:08:15.806109,GET,/api/mixed/pipeline/1/,11.49,82,0,
2026-05-16T17:08:15.861244,GET,/api/mixed/db/1/,17.08,247,0,
2026-05-16T17:08:15.894369,GET,/api/mixed/http/,122.12,55353,0,
2026-05-16T17:08:15.909588,GET,/api/mixed/pipeline/1/,13.9,82,0,
2026-05-16T17:08:15.941418,GET,/api/mixed/http/,124.77,55353,0,
2026-05-16T17:08:15.963338,GET,/api/mixed/db/1/,42.48,247,0,
2026-05-16T17:08:15.987702,GET,/api/mixed/http/,152.63,55353,0,
2026-05-16T17:08:15.996375,GET,/api/mixed/http/,157.12,55353,0,
2026-05-16T17:08:16.009562,GET,/api/mixed/pipeline/1/,74.75,82,0,
2026-05-16T17:08:16.015971,GET,/api/mixed/pipeline/1/,75.44,82,0,
2026-05-16T17:08:16.099409,GET,/api/mixed/http/,162.7,55353,0,
2026-05-16T17:08:16.136693,GET,/api/mixed/pipeline/1/,59.94,82,0,
2026-05-16T17:08:16.155618,GET,/api/mixed/db/1/,26.87,247,0,
2026-05-16T17:08:17.133140,GET,/api/mixed/db/1/,85.52,247,0,
2026-05-16T17:08:17.142002,GET,/api/mixed/http/,166.49,55353,0,
2026-05-16T17:08:17.143150,GET,/api/mixed/pipeline/1/,90.38,82,0,
2026-05-16T17:08:17.174720,GET,/api/mixed/db/1/,71.61,247,0,
2026-05-16T17:08:17.188451,GET,/api/mixed/db/1/,54.48,247,0,
2026-05-16T17:08:17.214553,GET,/api/mixed/pipeline/1/,64.97,82,0,
2026-05-16T17:08:17.228412,GET,/api/mixed/http/,172.31,55353,0,
2026-05-16T17:08:17.241027,GET,/api/mixed/pipeline/1/,21.67,82,0,
2026-05-16T17:08:17.258055,GET,/api/mixed/pipeline/1/,16.84,82,0,
2026-05-16T17:08:17.351447,GET,/api/mixed/http/,155.2,55353,0,
2026-05-16T17:08:17.393075,GET,/api/mixed/db/1/,12.15,247,0,
2026-05-16T17:08:17.411314,GET,/api/mixed/pipeline/1/,11.95,82,0,
2026-05-16T17:08:17.451775,GET,/api/mixed/http/,131.3,55353,0,
2026-05-16T17:08:17.453479,GET,/api/mixed/http/,132.29,55353,0,
2026-05-16T17:08:17.531978,GET,/api/mixed/pipeline/1/,18.98,82,0,
2026-05-16T17:08:17.538502,GET,/api/mixed/pipeline/1/,17.51,82,0,
2026-05-16T17:08:17.739979,GET,/api/mixed/pipeline/1/,34.47,82,0,
2026-05-16T17:08:17.744485,GET,/api/mixed/http/,127.45,55353,0,
2026-05-16T17:08:17.754862,GET,/api/mixed/db/1/,41.92,247,0,
2026-05-16T17:08:17.822997,GET,/api/mixed/db/1/,15.85,247,0,
2026-05-16T17:08:17.901337,GET,/api/mixed/db/1/,14.99,247,0,
2026-05-16T17:08:17.930353,GET,/api/mixed/db/1/,17.57,247,0,
2026-05-16T17:08:17.977750,GET,/api/mixed/pipeline/1/,9.97,82,0,
2026-05-16T17:08:18.034732,GET,/api/mixed/http/,118.52,55353,0,
2026-05-16T17:08:18.042117,GET,/api/mixed/db/1/,21.98,247,0,
2026-05-16T17:08:18.054873,GET,/api/mixed/pipeline/1/,10.56,82,0,
2026-05-16T17:08:18.067741,GET,/api/mixed/http/,115.92,55353,0,
2026-05-16T17:08:18.146920,GET,/api/mixed/pipeline/1/,16.89,82,0,
2026-05-16T17:08:18.153600,GET,/api/mixed/db/1/,16.67,247,0,
2026-05-16T17:08:18.203410,GET,/api/mixed/pipeline/1/,11.46,82,0,
2026-05-16T17:08:18.231476,GET,/api/mixed/db/1/,17.27,247,0,
2026-05-16T17:08:18.338560,GET,/api/mixed/http/,123.08,55353,0,
2026-05-16T17:08:18.347915,GET,/api/mixed/pipeline/1/,14.89,82,0,
2026-05-16T17:08:18.372137,GET,/api/mixed/pipeline/1/,28.16,82,0,
2026-05-16T17:08:18.375008,GET,/api/mixed/pipeline/1/,26.84,82,0,
2026-05-16T17:08:18.375359,GET,/api/mixed/pipeline/1/,24.5,82,0,
2026-05-16T17:08:18.482659,GET,/api/mixed/db/1/,13.95,247,0,
2026-05-16T17:08:18.554541,GET,/api/mixed/db/1/,10.35,247,0,
2026-05-16T17:08:18.603263,GET,/api/mixed/http/,113.23,55353,0,
2026-05-16T17:08:18.728787,GET,/api/mixed/http/,114.27,55353,0,
2026-05-16T17:08:18.788373,GET,/api/mixed/http/,119.91,55353,0,
2026-05-16T17:08:18.796081,GET,/api/mixed/pipeline/1/,13.61,82,0,
2026-05-16T17:08:18.890748,GET,/api/mixed/db/1/,10.34,247,0,
2026-05-16T17:08:18.985796,GET,/api/mixed/pipeline/1/,11.58,82,0,
2026-05-16T17:08:19.009365,GET,/api/mixed/db/1/,12.25,247,0,
2026-05-16T17:08:19.071956,GET,/api/mixed/db/1/,11.2,247,0,
2026-05-16T17:08:19.082205,GET,/api/mixed/db/1/,10.09,247,0,
2026-05-16T17:08:19.109931,GET,/api/mixed/pipeline/1/,10.36,82,0,
2026-05-16T17:08:19.148993,GET,/api/mixed/db/1/,10.62,247,0,
2026-05-16T17:08:19.274816,GET,/api/mixed/db/1/,10.47,247,0,
2026-05-16T17:08:19.292638,GET,/api/mixed/pipeline/1/,13.59,82,0,
2026-05-16T17:08:19.391123,GET,/api/mixed/pipeline/1/,12.73,82,0,
2026-05-16T17:08:19.402666,GET,/api/mixed/http/,115.84,55353,0,
2026-05-16T17:08:19.442308,GET,/api/mixed/pipeline/1/,11.42,82,0,
2026-05-16T17:08:19.483705,GET,/api/mixed/db/1/,12.26,247,0,
2026-05-16T17:08:19.503045,GET,/api/mixed/db/1/,11.98,247,0,
2026-05-16T17:08:19.524695,GET,/api/mixed/pipeline/1/,12.05,82,0,
2026-05-16T17:08:19.570700,GET,/api/mixed/http/,116.06,55353,0,
2026-05-16T17:08:19.582466,GET,/api/mixed/http/,116.95,55353,0,
2026-05-16T17:08:19.591470,GET,/api/mixed/pipeline/1/,10.26,82,0,
2026-05-16T17:08:19.656767,GET,/api/mixed/db/1/,11.21,247,0,
2026-05-16T17:08:19.687909,GET,/api/mixed/http/,128.57,55353,0,
2026-05-16T17:08:19.722183,GET,/api/mixed/http/,119.45,55353,0,
2026-05-16T17:08:19.740090,GET,/api/mixed/pipeline/1/,27.87,82,0,
2026-05-16T17:08:19.745206,GET,/api/mixed/db/1/,32.51,247,0,
2026-05-16T17:08:19.750404,GET,/api/mixed/pipeline/1/,29.84,82,0,
2026-05-16T17:08:19.763546,GET,/api/mixed/pipeline/1/,22.08,82,0,
2026-05-16T17:08:19.764115,GET,/api/mixed/db/1/,20.65,247,0,
2026-05-16T17:08:19.887839,GET,/api/mixed/pipeline/1/,10.69,82,0,
2026-05-16T17:08:19.908199,GET,/api/mixed/http/,123.87,55353,0,
2026-05-16T17:08:19.925995,GET,/api/mixed/db/1/,40.87,247,0,
2026-05-16T17:08:19.931592,GET,/api/mixed/db/1/,33.61,247,0,
2026-05-16T17:08:19.933986,GET,/api/mixed/db/1/,40.74,247,0,
2026-05-16T17:08:19.942620,GET,/api/mixed/pipeline/1/,28.14,82,0,
2026-05-16T17:08:19.948447,GET,/api/mixed/db/1/,22.32,247,0,
2026-05-16T17:08:20.011935,GET,/api/mixed/pipeline/1/,11.14,82,0,
2026-05-16T17:08:20.052148,GET,/api/mixed/pipeline/1/,14.77,82,0,
2026-05-16T17:08:20.061459,GET,/api/mixed/http/,115.6,55353,0,
2026-05-16T17:08:20.062830,GET,/api/mixed/pipeline/1/,22.61,82,0,
2026-05-16T17:08:20.165874,GET,/api/mixed/pipeline/1/,12.69,82,0,
2026-05-16T17:08:20.216039,GET,/api/mixed/http/,114.97,55353,0,
2026-05-16T17:08:20.354434,GET,/api/mixed/http/,114.09,55353,0,
2026-05-16T17:08:20.380008,GET,/api/mixed/http/,113.77,55353,0,
2026-05-16T17:08:20.430774,GET,/api/mixed/db/1/,15.5,247,0,
2026-05-16T17:08:20.443109,GET,/api/mixed/pipeline/1/,12.18,82,0,
2026-05-16T17:08:20.548499,GET,/api/mixed/pipeline/1/,12.52,82,0,
2026-05-16T17:08:20.570270,GET,/api/mixed/pipeline/1/,11.42,82,0,
2026-05-16T17:08:20.671228,GET,/api/mixed/pipeline/1/,14.72,82,0,
2026-05-16T17:08:20.698352,GET,/api/mixed/db/1/,15.49,247,0,
2026-05-16T17:08:20.756054,GET,/api/mixed/http/,117.48,55353,0,
2026-05-16T17:08:20.837220,GET,/api/mixed/db/1/,12.74,247,0,
2026-05-16T17:08:20.861542,GET,/api/mixed/db/1/,13.0,247,0,
2026-05-16T17:08:20.905827,GET,/api/mixed/pipeline/1/,9.94,82,0,
2026-05-16T17:08:20.925249,GET,/api/mixed/db/1/,13.08,247,0,
2026-05-16T17:08:20.997334,GET,/api/mixed/pipeline/1/,11.56,82,0,
2026-05-16T17:08:21.058870,GET,/api/mixed/pipeline/1/,15.91,82,0,
2026-05-16T17:08:21.095158,GET,/api/mixed/db/1/,12.87,247,0,
2026-05-16T17:08:21.246076,GET,/api/mixed/pipeline/1/,9.82,82,0,
2026-05-16T17:08:21.260669,GET,/api/mixed/http/,116.13,55353,0,
2026-05-16T17:08:21.292295,GET,/api/mixed/db/1/,10.2,247,0,
2026-05-16T17:08:21.323996,GET,/api/mixed/pipeline/1/,9.52,82,0,
2026-05-16T17:08:21.343006,GET,/api/mixed/db/1/,9.72,247,0,
2026-05-16T17:08:21.431989,GET,/api/mixed/pipeline/1/,16.61,82,0,
2026-05-16T17:08:21.440477,GET,/api/mixed/pipeline/1/,14.76,82,0,
2026-05-16T17:08:21.498884,GET,/api/mixed/db/1/,11.94,247,0,
2026-05-16T17:08:21.516704,GET,/api/mixed/pipeline/1/,15.56,82,0,
2026-05-16T17:08:21.520756,GET,/api/mixed/pipeline/1/,15.87,82,0,
2026-05-16T17:08:21.621690,GET,/api/mixed/db/1/,14.41,247,0,
2026-05-16T17:08:21.667490,GET,/api/mixed/pipeline/1/,16.3,82,0,
2026-05-16T17:08:21.682085,GET,/api/mixed/http/,113.83,55353,0,
2026-05-16T17:08:21.732637,GET,/api/mixed/http/,116.45,55353,0,
2026-05-16T17:08:21.743625,GET,/api/mixed/db/1/,9.62,247,0,
2026-05-16T17:08:21.810431,GET,/api/mixed/db/1/,12.28,247,0,
2026-05-16T17:08:21.852685,GET,/api/mixed/pipeline/1/,10.01,82,0,
2026-05-16T17:08:21.879496,GET,/api/mixed/http/,116.3,55353,0,
2026-05-16T17:08:21.886848,GET,/api/mixed/db/1/,13.91,247,0,
2026-05-16T17:08:21.920081,GET,/api/mixed/http/,116.13,55353,0,
2026-05-16T17:08:21.940770,GET,/api/mixed/db/1/,10.45,247,0,
2026-05-16T17:08:21.973751,GET,/api/mixed/http/,115.71,55353,0,
2026-05-16T17:08:21.983916,GET,/api/mixed/pipeline/1/,11.69,82,0,
2026-05-16T17:08:22.044134,GET,/api/mixed/pipeline/1/,9.72,82,0,
2026-05-16T17:08:22.086562,GET,/api/mixed/http/,118.19,55353,0,
2026-05-16T17:08:22.095575,GET,/api/mixed/db/1/,12.15,247,0,
2026-05-16T17:08:22.112812,GET,/api/mixed/pipeline/1/,10.94,82,0,
2026-05-16T17:08:22.120473,GET,/api/mixed/db/1/,11.88,247,0,
2026-05-16T17:08:22.169408,GET,/api/mixed/db/1/,14.29,247,0,
2026-05-16T17:08:22.209069,GET,/api/mixed/db/1/,10.46,247,0,
2026-05-16T17:08:22.276276,GET,/api/mixed/http/,116.2,55353,0,
2026-05-16T17:08:22.323883,GET,/api/mixed/http/,113.42,55353,0,
2026-05-16T17:08:22.350356,GET,/api/mixed/http/,113.01,55353,0,
2026-05-16T17:08:22.410587,GET,/api/mixed/db/1/,12.54,247,0,
2026-05-16T17:08:22.443052,GET,/api/mixed/http/,115.99,55353,0,
2026-05-16T17:08:22.453863,GET,/api/mixed/pipeline/1/,18.05,82,0,
2026-05-16T17:08:22.458012,GET,/api/mixed/db/1/,16.44,247,0,
2026-05-16T17:08:22.515739,GET,/api/mixed/http/,115.86,55353,0,
2026-05-16T17:08:22.550080,GET,/api/mixed/pipeline/1/,9.92,82,0,
2026-05-16T17:08:22.606817,GET,/api/mixed/pipeline/1/,9.46,82,0,
2026-05-16T17:08:22.673655,GET,/api/mixed/http/,115.09,55353,0,
2026-05-16T17:08:22.683871,GET,/api/mixed/pipeline/1/,18.8,82,0,
2026-05-16T17:08:22.688479,GET,/api/mixed/db/1/,15.65,247,0,
2026-05-16T17:08:22.710353,GET,/api/mixed/db/1/,13.47,247,0,
2026-05-16T17:08:22.719184,GET,/api/mixed/pipeline/1/,9.57,82,0,
2026-05-16T17:08:22.755466,GET,/api/mixed/db/1/,10.04,247,0,
2026-05-16T17:08:22.800724,GET,/api/mixed/db/1/,12.66,247,0,
2026-05-16T17:08:22.817829,GET,/api/mixed/http/,120.54,55353,0,
2026-05-16T17:08:22.914192,GET,/api/mixed/db/1/,12.69,247,0,
2026-05-16T17:08:22.995972,GET,/api/mixed/http/,117.37,55353,0,
2026-05-16T17:08:23.119109,GET,/api/mixed/http/,114.59,55353,0,
2026-05-16T17:08:23.363327,GET,/api/mixed/db/1/,11.41,247,0,
2026-05-16T17:08:23.394591,GET,/api/mixed/http/,114.62,55353,0,
2026-05-16T17:08:23.449334,GET,/api/mixed/http/,115.29,55353,0,
2026-05-16T17:08:23.511601,GET,/api/mixed/db/1/,12.04,247,0,
2026-05-16T17:08:23.520349,GET,/api/mixed/pipeline/1/,10.87,82,0,
2026-05-16T17:08:23.565933,GET,/api/mixed/db/1/,10.21,247,0,
2026-05-16T17:08:23.618070,GET,/api/mixed/db/1/,19.45,247,0,
2026-05-16T17:08:23.619709,GET,/api/mixed/pipeline/1/,21.53,82,0,
2026-05-16T17:08:23.657543,GET,/api/mixed/pipeline/1/,11.55,82,0,
2026-05-16T17:08:23.667016,GET,/api/mixed/db/1/,13.32,247,0,
2026-05-16T17:08:23.680591,GET,/api/mixed/db/1/,16.73,247,0,
2026-05-16T17:08:23.682075,GET,/api/mixed/pipeline/1/,17.74,82,0,
2026-05-16T17:08:23.730107,GET,/api/mixed/db/1/,10.19,247,0,
2026-05-16T17:08:23.758409,GET,/api/mixed/http/,115.27,55353,0,
2026-05-16T17:08:23.806024,GET,/api/mixed/http/,113.6,55353,0,
2026-05-16T17:08:23.813958,GET,/api/mixed/http/,112.73,55353,0,
2026-05-16T17:08:23.860642,GET,/api/mixed/db/1/,14.26,247,0,
2026-05-16T17:08:24.013202,GET,/api/mixed/pipeline/1/,9.76,82,0,
2026-05-16T17:08:24.041133,GET,/api/mixed/db/1/,10.59,247,0,
2026-05-16T17:08:24.084198,GET,/api/mixed/pipeline/1/,9.78,82,0,
2026-05-16T17:08:24.092704,GET,/api/mixed/pipeline/1/,9.52,82,0,
2026-05-16T17:08:24.110081,GET,/api/mixed/db/1/,11.52,247,0,
2026-05-16T17:08:24.131121,GET,/api/mixed/db/1/,10.76,247,0,
2026-05-16T17:08:24.160294,GET,/api/mixed/db/1/,10.81,247,0,
2026-05-16T17:08:24.179720,GET,/api/mixed/db/1/,12.86,247,0,
2026-05-16T17:08:24.220677,GET,/api/mixed/pipeline/1/,10.61,82,0,
2026-05-16T17:08:24.263488,GET,/api/mixed/db/1/,14.58,247,0,
2026-05-16T17:08:24.267402,GET,/api/mixed/db/1/,14.7,247,0,
2026-05-16T17:08:24.282682,GET,/api/mixed/http/,115.44,55353,0,
2026-05-16T17:08:24.295523,GET,/api/mixed/pipeline/1/,9.5,82,0,
2026-05-16T17:08:24.485110,GET,/api/mixed/http/,113.13,55353,0,
2026-05-16T17:08:24.579438,GET,/api/mixed/http/,114.69,55353,0,
2026-05-16T17:08:24.594162,GET,/api/mixed/db/1/,19.74,247,0,
2026-05-16T17:08:24.634430,GET,/api/mixed/http/,114.0,55353,0,
2026-05-16T17:08:24.700165,GET,/api/mixed/http/,120.45,55353,0,
2026-05-16T17:08:24.726205,GET,/api/mixed/pipeline/1/,9.73,82,0,
2026-05-16T17:08:24.740869,GET,/api/mixed/http/,119.43,55353,0,
2026-05-16T17:08:24.756486,GET,/api/mixed/pipeline/1/,9.31,82,0,
2026-05-16T17:08:24.943996,GET,/api/mixed/db/1/,16.33,247,0,
2026-05-16T17:08:24.957270,GET,/api/mixed/http/,113.47,55353,0,
2026-05-16T17:08:25.000752,GET,/api/mixed/http/,119.92,55353,0,
2026-05-16T17:08:25.003975,GET,/api/mixed/http/,116.17,55353,0,
2026-05-16T17:08:25.012789,GET,/api/mixed/db/1/,13.95,247,0,
2026-05-16T17:08:25.061194,GET,/api/mixed/db/1/,11.02,247,0,
2026-05-16T17:08:25.089266,GET,/api/mixed/pipeline/1/,10.82,82,0,
2026-05-16T17:08:25.112794,GET,/api/mixed/db/1/,10.28,247,0,
2026-05-16T17:08:25.130941,GET,/api/mixed/db/1/,9.94,247,0,
2026-05-16T17:08:25.187992,GET,/api/mixed/pipeline/1/,10.45,82,0,
2026-05-16T17:08:25.255479,GET,/api/mixed/pipeline/1/,12.49,82,0,
2026-05-16T17:08:25.342373,GET,/api/mixed/http/,121.87,55353,0,
2026-05-16T17:08:25.354491,GET,/api/mixed/pipeline/1/,27.33,82,0,
2026-05-16T17:08:25.407296,GET,/api/mixed/pipeline/1/,17.09,82,0,
2026-05-16T17:08:25.521903,GET,/api/mixed/http/,127.82,55353,0,
2026-05-16T17:08:25.522613,GET,/api/mixed/db/1/,24.86,247,0,
2026-05-16T17:08:25.534316,GET,/api/mixed/db/1/,16.94,247,0,
2026-05-16T17:08:25.600713,GET,/api/mixed/db/1/,13.35,247,0,
2026-05-16T17:08:25.624073,GET,/api/mixed/pipeline/1/,19.09,82,0,
2026-05-16T17:08:25.635547,GET,/api/mixed/db/1/,25.33,247,0,
2026-05-16T17:08:25.641019,GET,/api/mixed/db/1/,20.57,247,0,
2026-05-16T17:08:25.703431,GET,/api/mixed/http/,120.06,55353,0,
2026-05-16T17:08:25.727648,GET,/api/mixed/db/1/,16.44,247,0,
2026-05-16T17:08:25.792235,GET,/api/mixed/http/,123.87,55353,0,
2026-05-16T17:08:25.796247,GET,/api/mixed/db/1/,35.91,247,0,
2026-05-16T17:08:25.831934,GET,/api/mixed/http/,138.7,55353,0,
2026-05-16T17:08:25.832897,GET,/api/mixed/http/,124.98,55353,0,
2026-05-16T17:08:25.838751,GET,/api/mixed/db/1/,31.36,247,0,
2026-05-16T17:08:25.914611,GET,/api/mixed/db/1/,21.53,247,0,
2026-05-16T17:08:25.915041,GET,/api/mixed/http/,120.08,55353,0,
2026-05-16T17:08:25.950579,GET,/api/mixed/db/1/,11.28,247,0,
2026-05-16T17:08:26.177052,GET,/api/mixed/pipeline/1/,9.91,82,0,
2026-05-16T17:08:26.246255,GET,/api/mixed/http/,150.8,55353,0,
2026-05-16T17:08:26.248460,GET,/api/mixed/http/,164.99,55353,0,
2026-05-16T17:08:26.259884,GET,/api/mixed/http/,113.44,55353,0,
2026-05-16T17:08:26.282410,GET,/api/mixed/pipeline/1/,9.28,82,0,
2026-05-16T17:08:26.307583,GET,/api/mixed/pipeline/1/,17.31,82,0,
2026-05-16T17:08:26.357502,GET,/api/mixed/http/,149.06,55353,0,
2026-05-16T17:08:26.378189,GET,/api/mixed/http/,112.91,55353,0,
2026-05-16T17:08:26.410473,GET,/api/mixed/http/,120.71,55353,0,
2026-05-16T17:08:26.435540,GET,/api/mixed/db/1/,11.73,247,0,
2026-05-16T17:08:26.550909,GET,/api/mixed/pipeline/1/,11.98,82,0,
2026-05-16T17:08:26.578274,GET,/api/mixed/pipeline/1/,9.9,82,0,
2026-05-16T17:08:26.602697,GET,/api/mixed/http/,113.07,55353,0,
2026-05-16T17:08:26.616210,GET,/api/mixed/http/,113.65,55353,0,
2026-05-16T17:08:26.652301,GET,/api/mixed/pipeline/1/,9.81,82,0,
2026-05-16T17:08:26.730979,GET,/api/mixed/db/1/,12.26,247,0,
2026-05-16T17:08:26.827919,GET,/api/mixed/db/1/,10.47,247,0,
2026-05-16T17:08:26.904916,GET,/api/mixed/http/,125.43,55353,0,
2026-05-16T17:08:26.938070,GET,/api/mixed/db/1/,46.9,247,0,
2026-05-16T17:08:26.947014,GET,/api/mixed/db/1/,50.33,247,0,
2026-05-16T17:08:26.948450,GET,/api/mixed/pipeline/1/,55.41,82,0,
2026-05-16T17:08:26.959563,GET,/api/mixed/db/1/,48.37,247,0,
2026-05-16T17:08:26.961370,GET,/api/mixed/pipeline/1/,57.85,82,0,
2026-05-16T17:08:26.965125,GET,/api/mixed/http/,118.83,55353,0,
2026-05-16T17:08:26.965552,GET,/api/mixed/pipeline/1/,49.3,82,0,
2026-05-16T17:08:26.984469,GET,/api/mixed/pipeline/1/,13.67,82,0,
2026-05-16T17:08:27.093143,GET,/api/mixed/http/,116.91,55353,0,
2026-05-16T17:08:27.199305,GET,/api/mixed/pipeline/1/,10.8,82,0,
2026-05-16T17:08:27.299972,GET,/api/mixed/http/,114.27,55353,0,
2026-05-16T17:08:27.372322,GET,/api/mixed/db/1/,12.93,247,0,
2026-05-16T17:08:27.395599,GET,/api/mixed/db/1/,9.81,247,0,
2026-05-16T17:08:27.482972,GET,/api/mixed/http/,117.72,55353,0,
2026-05-16T17:08:27.497269,GET,/api/mixed/http/,116.33,55353,0,
2026-05-16T17:08:27.503868,GET,/api/mixed/db/1/,27.87,247,0,
2026-05-16T17:08:27.508086,GET,/api/mixed/pipeline/1/,17.9,82,0,
2026-05-16T17:08:27.547532,GET,/api/mixed/pipeline/1/,10.16,82,0,
2026-05-16T17:08:27.558536,GET,/api/mixed/http/,112.44,55353,0,
2026-05-16T17:08:27.602329,GET,/api/mixed/db/1/,10.3,247,0,
2026-05-16T17:08:27.614163,GET,/api/mixed/pipeline/1/,9.44,82,0,
2026-05-16T17:08:27.699941,GET,/api/mixed/pipeline/1/,14.45,82,0,
2026-05-16T17:08:27.705363,GET,/api/mixed/db/1/,15.07,247,0,
2026-05-16T17:08:27.770346,GET,/api/mixed/http/,114.94,55353,0,
2026-05-16T17:08:27.790816,GET,/api/mixed/db/1/,10.97,247,0,
2026-05-16T17:08:27.825462,GET,/api/mixed/db/1/,10.29,247,0,
2026-05-16T17:08:27.928041,GET,/api/mixed/db/1/,11.39,247,0,
2026-05-16T17:08:27.942456,GET,/api/mixed/db/1/,10.01,247,0,
2026-05-16T17:08:27.957337,GET,/api/mixed/pipeline/1/,9.58,82,0,
2026-05-16T17:08:27.972802,GET,/api/mixed/http/,112.88,55353,0,
2026-05-16T17:08:27.983886,GET,/api/mixed/http/,112.02,55353,0,
2026-05-16T17:08:28.143992,GET,/api/mixed/pipeline/1/,9.85,82,0,
2026-05-16T17:08:28.197179,GET,/api/mixed/http/,114.04,55353,0,
2026-05-16T17:08:28.371345,GET,/api/mixed/db/1/,13.66,247,0,
2026-05-16T17:08:28.385692,GET,/api/mixed/pipeline/1/,15.38,82,0,
2026-05-16T17:08:28.490678,GET,/api/mixed/http/,128.06,55353,0,
2026-05-16T17:08:28.496280,GET,/api/mixed/http/,122.58,55353,0,
2026-05-16T17:08:28.523718,GET,/api/mixed/db/1/,28.25,247,0,
2026-05-16T17:08:28.526279,GET,/api/mixed/pipeline/1/,27.6,82,0,
2026-05-16T17:08:28.529336,GET,/api/mixed/pipeline/1/,18.62,82,0,
2026-05-16T17:08:28.589140,GET,/api/mixed/http/,122.39,55353,0,
2026-05-16T17:08:28.609985,GET,/api/mixed/http/,130.38,55353,0,
2026-05-16T17:08:28.610774,GET,/api/mixed/db/1/,29.96,247,0,
2026-05-16T17:08:28.612835,GET,/api/mixed/http/,140.1,55353,0,
2026-05-16T17:08:28.623087,GET,/api/mixed/http/,126.68,55353,0,
2026-05-16T17:08:28.631168,GET,/api/mixed/db/1/,14.13,247,0,
2026-05-16T17:08:28.658842,GET,/api/mixed/pipeline/1/,10.23,82,0,
2026-05-16T17:08:28.673091,GET,/api/mixed/pipeline/1/,10.05,82,0,
2026-05-16T17:08:28.714456,GET,/api/mixed/db/1/,11.12,247,0,
2026-05-16T17:08:28.751551,GET,/api/mixed/pipeline/1/,14.99,82,0,
2026-05-16T17:08:28.771478,GET,/api/mixed/db/1/,16.64,247,0,
2026-05-16T17:08:28.773161,GET,/api/mixed/pipeline/1/,16.52,82,0,
2026-05-16T17:08:28.829658,GET,/api/mixed/pipeline/1/,9.86,82,0,
2026-05-16T17:08:28.846363,GET,/api/mixed/http/,113.64,55353,0,
2026-05-16T17:08:28.929133,GET,/api/mixed/pipeline/1/,15.33,82,0,
2026-05-16T17:08:28.932879,GET,/api/mixed/db/1/,17.21,247,0,
2026-05-16T17:08:28.950414,GET,/api/mixed/db/1/,10.23,247,0,
2026-05-16T17:08:29.000287,GET,/api/mixed/pipeline/1/,16.09,82,0,
2026-05-16T17:08:29.086782,GET,/api/mixed/db/1/,11.14,247,0,
2026-05-16T17:08:29.245088,GET,/api/mixed/db/1/,13.72,247,0,
2026-05-16T17:08:29.368219,GET,/api/mixed/http/,116.71,55353,0,
2026-05-16T17:08:29.372525,GET,/api/mixed/pipeline/1/,19.86,82,0,
2026-05-16T17:08:29.415544,GET,/api/mixed/db/1/,16.03,247,0,
2026-05-16T17:08:29.433738,GET,/api/mixed/pipeline/1/,9.85,82,0,
2026-05-16T17:08:29.507988,GET,/api/mixed/http/,135.27,55353,0,
2026-05-16T17:08:29.509993,GET,/api/mixed/http/,126.08,55353,0,
2026-05-16T17:08:29.514198,GET,/api/mixed/http/,119.46,55353,0,
2026-05-16T17:08:29.524725,GET,/api/mixed/http/,120.09,55353,0,
2026-05-16T17:08:29.527457,GET,/api/mixed/db/1/,50.44,247,0,
2026-05-16T17:08:29.610783,GET,/api/mixed/pipeline/1/,15.84,82,0,
2026-05-16T17:08:29.724101,GET,/api/mixed/http/,126.31,55353,0,
2026-05-16T17:08:29.725862,GET,/api/mixed/http/,123.23,55353,0,
2026-05-16T17:08:29.751608,GET,/api/mixed/http/,120.39,55353,0,
2026-05-16T17:08:29.769988,GET,/api/mixed/db/1/,19.48,247,0,
2026-05-16T17:08:29.859842,GET,/api/mixed/http/,125.67,55353,0,
2026-05-16T17:08:29.875577,GET,/api/mixed/http/,121.33,55353,0,
2026-05-16T17:08:29.940450,GET,/api/mixed/http/,118.01,55353,0,
2026-05-16T17:08:30.090248,GET,/api/mixed/http/,124.37,55353,0,
2026-05-16T17:08:30.090967,GET,/api/mixed/http/,120.15,55353,0,
2026-05-16T17:08:30.129395,GET,/api/mixed/db/1/,12.17,247,0,
2026-05-16T17:08:30.162012,GET,/api/mixed/http/,114.12,55353,0,
2026-05-16T17:08:30.235482,GET,/api/mixed/db/1/,9.74,247,0,
2026-05-16T17:08:30.337910,GET,/api/mixed/http/,118.15,55353,0,
2026-05-16T17:08:30.360792,GET,/api/mixed/db/1/,37.05,247,0,
2026-05-16T17:08:30.365365,GET,/api/mixed/db/1/,29.69,247,0,
2026-05-16T17:08:30.370468,GET,/api/mixed/db/1/,24.21,247,0,
2026-05-16T17:08:30.419147,GET,/api/mixed/http/,114.33,55353,0,
2026-05-16T17:08:30.474504,GET,/api/mixed/pipeline/1/,12.87,82,0,
2026-05-16T17:08:30.485613,GET,/api/mixed/pipeline/1/,12.02,82,0,
2026-05-16T17:08:30.497512,GET,/api/mixed/http/,113.84,55353,0,
2026-05-16T17:08:30.506597,GET,/api/mixed/pipeline/1/,10.72,82,0,
2026-05-16T17:08:30.533470,GET,/api/mixed/pipeline/1/,12.62,82,0,
2026-05-16T17:08:30.595796,GET,/api/mixed/pipeline/1/,9.98,82,0,
2026-05-16T17:08:30.641810,GET,/api/mixed/http/,115.05,55353,0,
2026-05-16T17:08:30.656146,GET,/api/mixed/db/1/,13.09,247,0,
2026-05-16T17:08:30.761834,GET,/api/mixed/http/,117.01,55353,0,
2026-05-16T17:08:30.806681,GET,/api/mixed/db/1/,10.56,247,0,
2026-05-16T17:08:30.830638,GET,/api/mixed/pipeline/1/,9.72,82,0,
2026-05-16T17:08:30.876169,GET,/api/mixed/http/,114.16,55353,0,
2026-05-16T17:08:30.915084,GET,/api/mixed/db/1/,9.74,247,0,
2026-05-16T17:08:31.009555,GET,/api/mixed/http/,113.08,55353,0,
2026-05-16T17:08:31.034106,GET,/api/mixed/db/1/,10.23,247,0,
2026-05-16T17:08:31.045922,GET,/api/mixed/pipeline/1/,9.43,82,0,
2026-05-16T17:08:31.085407,GET,/api/mixed/http/,112.92,55353,0,
2026-05-16T17:08:31.097098,GET,/api/mixed/db/1/,10.27,247,0,
2026-05-16T17:08:31.213020,GET,/api/mixed/db/1/,14.9,247,0,
2026-05-16T17:08:31.220119,GET,/api/mixed/db/1/,13.5,247,0,
2026-05-16T17:08:31.238047,GET,/api/mixed/db/1/,11.59,247,0,
2026-05-16T17:08:31.245488,GET,/api/mixed/pipeline/1/,12.29,82,0,
2026-05-16T17:08:31.272952,GET,/api/mixed/http/,113.43,55353,0,
2026-05-16T17:08:31.358748,GET,/api/mixed/db/1/,17.34,247,0,
2026-05-16T17:08:31.359193,GET,/api/mixed/http/,114.87,55353,0,
2026-05-16T17:08:31.374920,GET,/api/mixed/db/1/,12.4,247,0,
2026-05-16T17:08:31.419703,GET,/api/mixed/http/,114.29,55353,0,
2026-05-16T17:08:31.437645,GET,/api/mixed/pipeline/1/,13.6,82,0,
2026-05-16T17:08:31.698129,GET,/api/mixed/pipeline/1/,10.06,82,0,
2026-05-16T17:08:31.745060,GET,/api/mixed/http/,119.43,55353,0,
2026-05-16T17:08:31.756460,GET,/api/mixed/db/1/,17.0,247,0,
2026-05-16T17:08:31.757322,GET,/api/mixed/db/1/,20.83,247,0,
2026-05-16T17:08:31.825702,GET,/api/mixed/pipeline/1/,9.84,82,0,
2026-05-16T17:08:31.904486,GET,/api/mixed/db/1/,11.36,247,0,
2026-05-16T17:08:31.931683,GET,/api/mixed/db/1/,15.82,247,0,
2026-05-16T17:08:31.955471,GET,/api/mixed/db/1/,10.54,247,0,
2026-05-16T17:08:32.002313,GET,/api/mixed/pipeline/1/,16.47,82,0,
2026-05-16T17:08:32.008209,GET,/api/mixed/db/1/,13.72,247,0,
2026-05-16T17:08:32.034151,GET,/api/mixed/pipeline/1/,12.52,82,0,
2026-05-16T17:08:32.046421,GET,/api/mixed/http/,113.38,55353,0,
2026-05-16T17:08:32.072081,GET,/api/mixed/pipeline/1/,11.48,82,0,
2026-05-16T17:08:32.082517,GET,/api/mixed/pipeline/1/,15.15,82,0,
2026-05-16T17:08:32.087300,GET,/api/mixed/db/1/,13.0,247,0,
2026-05-16T17:08:32.104975,GET,/api/mixed/http/,117.25,55353,0,
2026-05-16T17:08:32.118661,GET,/api/mixed/pipeline/1/,9.4,82,0,
2026-05-16T17:08:32.138006,GET,/api/mixed/http/,115.96,55353,0,
2026-05-16T17:08:32.202110,GET,/api/mixed/db/1/,10.63,247,0,
2026-05-16T17:08:32.281781,GET,/api/mixed/pipeline/1/,11.27,82,0,
2026-05-16T17:08:32.356577,GET,/api/mixed/db/1/,23.41,247,0,
2026-05-16T17:08:32.361227,GET,/api/mixed/db/1/,18.75,247,0,
2026-05-16T17:08:32.463856,GET,/api/mixed/http/,128.8,55353,0,
2026-05-16T17:08:32.465098,GET,/api/mixed/http/,129.5,55353,0,
2026-05-16T17:08:32.475760,GET,/api/mixed/http/,115.32,55353,0,
2026-05-16T17:08:32.545322,GET,/api/mixed/db/1/,11.31,247,0,
2026-05-16T17:08:32.614884,GET,/api/mixed/http/,113.78,55353,0,
2026-05-16T17:08:32.668288,GET,/api/mixed/http/,117.61,55353,0,
2026-05-16T17:08:32.755691,GET,/api/mixed/db/1/,10.96,247,0,
2026-05-16T17:08:32.790917,GET,/api/mixed/pipeline/1/,11.92,82,0,
2026-05-16T17:08:32.802408,GET,/api/mixed/db/1/,13.46,247,0,
2026-05-16T17:08:32.813004,GET,/api/mixed/http/,114.38,55353,0,
2026-05-16T17:08:33.014911,GET,/api/mixed/pipeline/1/,13.13,82,0,
2026-05-16T17:08:33.025586,GET,/api/mixed/db/1/,11.49,247,0,
2026-05-16T17:08:33.054248,GET,/api/mixed/db/1/,11.2,247,0,
2026-05-16T17:08:33.076781,GET,/api/mixed/pipeline/1/,11.3,82,0,
2026-05-16T17:08:33.122303,GET,/api/mixed/http/,118.56,55353,0,
2026-05-16T17:08:33.152035,GET,/api/mixed/pipeline/1/,21.52,82,0,
2026-05-16T17:08:33.163615,GET,/api/mixed/db/1/,24.1,247,0,
2026-05-16T17:08:33.170760,GET,/api/mixed/pipeline/1/,12.47,82,0,
2026-05-16T17:08:33.218953,GET,/api/mixed/pipeline/1/,10.55,82,0,
2026-05-16T17:08:33.231817,GET,/api/mixed/http/,120.61,55353,0,
2026-05-16T17:08:33.287653,GET,/api/mixed/db/1/,11.55,247,0,
2026-05-16T17:08:33.335592,GET,/api/mixed/pipeline/1/,10.63,82,0,
2026-05-16T17:08:33.360321,GET,/api/mixed/db/1/,16.41,247,0,
2026-05-16T17:08:33.364965,GET,/api/mixed/db/1/,17.1,247,0,
2026-05-16T17:08:33.407267,GET,/api/mixed/pipeline/1/,10.68,82,0,
2026-05-16T17:08:33.417572,GET,/api/mixed/db/1/,12.09,247,0,
2026-05-16T17:08:33.449224,GET,/api/mixed/db/1/,13.6,247,0,
2026-05-16T17:08:33.517413,GET,/api/mixed/db/1/,23.61,247,0,
2026-05-16T17:08:33.517852,GET,/api/mixed/db/1/,26.48,247,0,
2026-05-16T17:08:33.518723,GET,/api/mixed/db/1/,25.37,247,0,
2026-05-16T17:08:33.548972,GET,/api/mixed/http/,115.15,55353,0,
2026-05-16T17:08:33.562220,GET,/api/mixed/pipeline/1/,11.37,82,0,
2026-05-16T17:08:33.586140,GET,/api/mixed/http/,113.62,55353,0,
2026-05-16T17:08:33.610093,GET,/api/mixed/db/1/,15.71,247,0,
2026-05-16T17:08:33.663940,GET,/api/mixed/http/,114.83,55353,0,
2026-05-16T17:08:33.719533,GET,/api/mixed/http/,121.16,55353,0,
2026-05-16T17:08:33.737402,GET,/api/mixed/db/1/,17.6,247,0,
2026-05-16T17:08:33.741898,GET,/api/mixed/db/1/,15.28,247,0,
2026-05-16T17:08:33.777339,GET,/api/mixed/pipeline/1/,10.14,82,0,
2026-05-16T17:08:33.792923,GET,/api/mixed/http/,114.67,55353,0,
2026-05-16T17:08:33.835005,GET,/api/mixed/http/,117.81,55353,0,
2026-05-16T17:08:33.845803,GET,/api/mixed/db/1/,11.65,247,0,
2026-05-16T17:08:33.891181,GET,/api/mixed/pipeline/1/,10.0,82,0,
2026-05-16T17:08:33.903721,GET,/api/mixed/http/,122.08,55353,0,
2026-05-16T17:08:34.059647,GET,/api/mixed/db/1/,12.49,247,0,
2026-05-16T17:08:34.137969,GET,/api/mixed/pipeline/1/,19.01,82,0,
2026-05-16T17:08:34.138422,GET,/api/mixed/db/1/,18.98,247,0,
2026-05-16T17:08:34.161724,GET,/api/mixed/pipeline/1/,24.55,82,0,
2026-05-16T17:08:34.167948,GET,/api/mixed/db/1/,24.74,247,0,
2026-05-16T17:08:34.263461,GET,/api/mixed/db/1/,10.82,247,0,
2026-05-16T17:08:34.273163,GET,/api/mixed/http/,121.07,55353,0,
2026-05-16T17:08:34.386875,GET,/api/mixed/http/,112.33,55353,0,
2026-05-16T17:08:34.431565,GET,/api/mixed/http/,116.11,55353,0,
2026-05-16T17:08:34.441369,GET,/api/mixed/db/1/,19.82,247,0,
2026-05-16T17:08:34.461622,GET,/api/mixed/http/,117.1,55353,0,
2026-05-16T17:08:34.468633,GET,/api/mixed/pipeline/1/,16.02,82,0,
2026-05-16T17:08:34.519180,GET,/api/mixed/db/1/,11.42,247,0,
2026-05-16T17:08:34.528575,GET,/api/mixed/pipeline/1/,10.13,82,0,
2026-05-16T17:08:34.546790,GET,/api/mixed/db/1/,9.91,247,0,
2026-05-16T17:08:34.586411,GET,/api/mixed/pipeline/1/,10.35,82,0,
2026-05-16T17:08:34.623913,GET,/api/mixed/http/,118.01,55353,0,
2026-05-16T17:08:34.708948,GET,/api/mixed/db/1/,13.68,247,0,
2026-05-16T17:08:35.042077,GET,/api/mixed/pipeline/1/,11.26,82,0,
2026-05-16T17:08:35.068719,GET,/api/mixed/pipeline/1/,13.34,82,0,
2026-05-16T17:08:35.093776,GET,/api/mixed/http/,118.13,55353,0,
2026-05-16T17:08:35.161195,GET,/api/mixed/db/1/,11.16,247,0,
2026-05-16T17:08:35.171864,GET,/api/mixed/http/,115.93,55353,0,
2026-05-16T17:08:35.186817,GET,/api/mixed/http/,114.83,55353,0,
2026-05-16T17:08:35.259106,GET,/api/mixed/http/,112.89,55353,0,
2026-05-16T17:08:35.271290,GET,/api/mixed/http/,114.58,55353,0,
2026-05-16T17:08:35.299335,GET,/api/mixed/http/,123.19,55353,0,
2026-05-16T17:08:35.303307,GET,/api/mixed/db/1/,18.77,247,0,
2026-05-16T17:08:35.337367,GET,/api/mixed/pipeline/1/,10.79,82,0,
2026-05-16T17:08:35.389183,GET,/api/mixed/db/1/,16.56,247,0,
2026-05-16T17:08:35.427676,GET,/api/mixed/db/1/,16.04,247,0,
2026-05-16T17:08:35.431407,GET,/api/mixed/db/1/,16.96,247,0,
2026-05-16T17:08:35.439185,GET,/api/mixed/db/1/,13.1,247,0,
2026-05-16T17:08:35.455494,GET,/api/mixed/db/1/,10.09,247,0,
2026-05-16T17:08:35.473304,GET,/api/mixed/pipeline/1/,9.55,82,0,
2026-05-16T17:08:35.482841,GET,/api/mixed/db/1/,10.3,247,0,
2026-05-16T17:08:35.497433,GET,/api/mixed/http/,115.93,55353,0,
2026-05-16T17:08:35.549217,GET,/api/mixed/pipeline/1/,10.48,82,0,
2026-05-16T17:08:35.578997,GET,/api/mixed/pipeline/1/,10.49,82,0,
2026-05-16T17:08:35.691112,GET,/api/mixed/db/1/,10.59,247,0,
2026-05-16T17:08:35.742655,GET,/api/mixed/pipeline/1/,11.28,82,0,
2026-05-16T17:08:35.778070,GET,/api/mixed/db/1/,10.16,247,0,
2026-05-16T17:08:36.039166,GET,/api/mixed/db/1/,10.51,247,0,
2026-05-16T17:08:36.073283,GET,/api/mixed/db/1/,9.84,247,0,
2026-05-16T17:08:36.116866,GET,/api/mixed/http/,117.26,55353,0,
2026-05-16T17:08:36.148451,GET,/api/mixed/pipeline/1/,11.13,82,0,
2026-05-16T17:08:36.179727,GET,/api/mixed/http/,120.08,55353,0,
2026-05-16T17:08:36.186184,GET,/api/mixed/db/1/,23.4,247,0,
2026-05-16T17:08:36.198521,GET,/api/mixed/pipeline/1/,9.9,82,0,
2026-05-16T17:08:36.250686,GET,/api/mixed/db/1/,10.11,247,0,
2026-05-16T17:08:36.298103,GET,/api/mixed/pipeline/1/,29.04,82,0,
2026-05-16T17:08:36.300234,GET,/api/mixed/http/,135.68,55353,0,
2026-05-16T17:08:36.301807,GET,/api/mixed/pipeline/1/,30.9,82,0,
2026-05-16T17:08:36.320266,GET,/api/mixed/http/,114.39,55353,0,
2026-05-16T17:08:36.343928,GET,/api/mixed/http/,115.13,55353,0,
2026-05-16T17:08:36.412891,GET,/api/mixed/http/,137.33,55353,0,
2026-05-16T17:08:36.413457,GET,/api/mixed/http/,130.24,55353,0,
2026-05-16T17:08:36.421126,GET,/api/mixed/pipeline/1/,27.77,82,0,
2026-05-16T17:08:36.463399,GET,/api/mixed/pipeline/1/,12.85,82,0,
2026-05-16T17:08:36.576686,GET,/api/mixed/http/,117.26,55353,0,
2026-05-16T17:08:36.584132,GET,/api/mixed/db/1/,15.41,247,0,
2026-05-16T17:08:36.605439,GET,/api/mixed/pipeline/1/,14.01,82,0,
2026-05-16T17:08:36.715358,GET,/api/mixed/pipeline/1/,9.99,82,0,
2026-05-16T17:08:36.737467,GET,/api/mixed/http/,112.71,55353,0,
2026-05-16T17:08:36.754815,GET,/api/mixed/http/,112.22,55353,0,
2026-05-16T17:08:36.792701,GET,/api/mixed/http/,114.28,55353,0,
2026-05-16T17:08:36.822616,GET,/api/mixed/pipeline/1/,12.49,82,0,
2026-05-16T17:08:36.840656,GET,/api/mixed/db/1/,10.66,247,0,
2026-05-16T17:08:36.902310,GET,/api/mixed/db/1/,10.23,247,0,
2026-05-16T17:08:36.928226,GET,/api/mixed/http/,116.34,55353,0,
2026-05-16T17:08:36.961003,GET,/api/mixed/http/,116.87,55353,0,
2026-05-16T17:08:36.980544,GET,/api/mixed/pipeline/1/,11.17,82,0,
2026-05-16T17:08:37.023725,GET,/api/mixed/db/1/,10.67,247,0,
2026-05-16T17:08:37.049212,GET,/api/mixed/http/,116.67,55353,0,
2026-05-16T17:08:37.056062,GET,/api/mixed/db/1/,15.13,247,0,
2026-05-16T17:08:37.213598,GET,/api/mixed/http/,115.15,55353,0,
2026-05-16T17:08:37.248581,GET,/api/mixed/db/1/,9.99,247,0,
2026-05-16T17:08:37.319496,GET,/api/mixed/http/,123.05,55353,0,
2026-05-16T17:08:37.332770,GET,/api/mixed/pipeline/1/,12.99,82,0,
2026-05-16T17:08:37.352407,GET,/api/mixed/http/,119.62,55353,0,
2026-05-16T17:08:37.364031,GET,/api/mixed/db/1/,11.45,247,0,
2026-05-16T17:08:37.395501,GET,/api/mixed/http/,113.47,55353,0,
2026-05-16T17:08:37.418478,GET,/api/mixed/http/,114.54,55353,0,
2026-05-16T17:08:37.438234,GET,/api/mixed/pipeline/1/,15.44,82,0,
2026-05-16T17:08:37.440659,GET,/api/mixed/http/,116.75,55353,0,
2026-05-16T17:08:37.533457,GET,/api/mixed/pipeline/1/,12.36,82,0,
2026-05-16T17:08:37.573660,GET,/api/mixed/db/1/,10.82,247,0,
2026-05-16T17:08:37.627966,GET,/api/mixed/http/,113.86,55353,0,
2026-05-16T17:08:37.725944,GET,/api/mixed/http/,118.07,55353,0,
2026-05-16T17:08:37.837529,GET,/api/mixed/http/,122.26,55353,0,
2026-05-16T17:08:37.871013,GET,/api/mixed/db/1/,15.27,247,0,
2026-05-16T17:08:37.880667,GET,/api/mixed/db/1/,13.05,247,0,
2026-05-16T17:08:37.903004,GET,/api/mixed/pipeline/1/,11.11,82,0,
2026-05-16T17:08:37.927210,GET,/api/mixed/http/,116.72,55353,0,
2026-05-16T17:08:38.012264,GET,/api/mixed/db/1/,10.67,247,0,
2026-05-16T17:08:38.084402,GET,/api/mixed/db/1/,17.72,247,0,
2026-05-16T17:08:38.153389,GET,/api/mixed/http/,126.73,55353,0,
2026-05-16T17:08:38.156672,GET,/api/mixed/http/,128.16,55353,0,
2026-05-16T17:08:38.161873,GET,/api/mixed/db/1/,20.86,247,0,
2026-05-16T17:08:38.170999,GET,/api/mixed/pipeline/1/,10.1,82,0,
2026-05-16T17:08:38.189431,GET,/api/mixed/http/,116.63,55353,0,
2026-05-16T17:08:38.237889,GET,/api/mixed/http/,113.25,55353,0,
2026-05-16T17:08:38.264126,GET,/api/mixed/http/,133.7,55353,0,
2026-05-16T17:08:38.271032,GET,/api/mixed/pipeline/1/,11.89,82,0,
2026-05-16T17:08:38.347850,GET,/api/mixed/db/1/,11.47,247,0,
2026-05-16T17:08:38.368220,GET,/api/mixed/pipeline/1/,10.07,82,0,
2026-05-16T17:08:38.505342,GET,/api/mixed/http/,116.73,55353,0,
2026-05-16T17:08:38.505781,GET,/api/mixed/db/1/,19.15,247,0,
2026-05-16T17:08:38.515173,GET,/api/mixed/http/,113.66,55353,0,
2026-05-16T17:08:38.622938,GET,/api/mixed/db/1/,10.5,247,0,
2026-05-16T17:08:38.697597,GET,/api/mixed/http/,123.99,55353,0,
2026-05-16T17:08:38.730312,GET,/api/mixed/http/,121.84,55353,0,
2026-05-16T17:08:38.733613,GET,/api/mixed/pipeline/1/,25.56,82,0,
2026-05-16T17:08:38.768001,GET,/api/mixed/db/1/,20.95,247,0,
2026-05-16T17:08:38.775057,GET,/api/mixed/pipeline/1/,15.89,82,0,
2026-05-16T17:08:38.811042,GET,/api/mixed/pipeline/1/,17.75,82,0,
2026-05-16T17:08:38.820773,GET,/api/mixed/db/1/,10.82,247,0,
2026-05-16T17:08:38.832018,GET,/api/mixed/db/1/,9.94,247,0,
2026-05-16T17:08:38.858013,GET,/api/mixed/pipeline/1/,9.77,82,0,
2026-05-16T17:08:38.870400,GET,/api/mixed/http/,117.33,55353,0,
2026-05-16T17:08:38.918906,GET,/api/mixed/http/,115.82,55353,0,
2026-05-16T17:08:38.985492,GET,/api/mixed/pipeline/1/,10.3,82,0,
2026-05-16T17:08:39.015594,GET,/api/mixed/pipeline/1/,9.76,82,0,
2026-05-16T17:08:39.039738,GET,/api/mixed/http/,113.54,55353,0,
2026-05-16T17:08:39.080526,GET,/api/mixed/pipeline/1/,10.53,82,0,
2026-05-16T17:08:39.113857,GET,/api/mixed/http/,120.9,55353,0,
2026-05-16T17:08:39.128795,GET,/api/mixed/db/1/,14.78,247,0,
2026-05-16T17:08:39.138512,GET,/api/mixed/db/1/,12.49,247,0,
2026-05-16T17:08:39.234126,GET,/api/mixed/http/,133.3,55353,0,
2026-05-16T17:08:39.235351,GET,/api/mixed/http/,128.62,55353,0,
2026-05-16T17:08:39.264882,GET,/api/mixed/pipeline/1/,13.1,82,0,
2026-05-16T17:08:39.279285,GET,/api/mixed/http/,112.52,55353,0,
2026-05-16T17:08:39.304361,GET,/api/mixed/pipeline/1/,9.8,82,0,
2026-05-16T17:08:39.324952,GET,/api/mixed/pipeline/1/,14.17,82,0,
2026-05-16T17:08:39.374736,GET,/api/mixed/http/,119.17,55353,0,
2026-05-16T17:08:39.382035,GET,/api/mixed/db/1/,15.81,247,0,
2026-05-16T17:08:39.463555,GET,/api/mixed/pipeline/1/,9.6,82,0,
2026-05-16T17:08:39.494468,GET,/api/mixed/http/,113.41,55353,0,
2026-05-16T17:08:39.589704,GET,/api/mixed/db/1/,17.05,247,0,
2026-05-16T17:08:39.590254,GET,/api/mixed/db/1/,17.11,247,0,
2026-05-16T17:08:39.661125,GET,/api/mixed/db/1/,10.46,247,0,
2026-05-16T17:08:39.672038,GET,/api/mixed/http/,116.25,55353,0,
2026-05-16T17:08:39.750814,GET,/api/mixed/db/1/,10.6,247,0,
2026-05-16T17:08:39.786413,GET,/api/mixed/http/,124.01,55353,0,
2026-05-16T17:08:39.854768,GET,/api/mixed/http/,117.47,55353,0,
2026-05-16T17:08:40.018867,GET,/api/mixed/db/1/,13.52,247,0,
2026-05-16T17:08:40.062726,GET,/api/mixed/http/,125.1,55353,0,
2026-05-16T17:08:40.064561,GET,/api/mixed/http/,127.43,55353,0,
2026-05-16T17:08:40.072268,GET,/api/mixed/db/1/,26.84,247,0,
2026-05-16T17:08:40.109986,GET,/api/mixed/http/,124.45,55353,0,
2026-05-16T17:08:40.112318,GET,/api/mixed/pipeline/1/,28.79,82,0,
2026-05-16T17:08:40.116692,GET,/api/mixed/http/,122.32,55353,0,
2026-05-16T17:08:40.121354,GET,/api/mixed/pipeline/1/,29.99,82,0,
2026-05-16T17:08:40.286821,GET,/api/mixed/db/1/,10.06,247,0,
2026-05-16T17:08:40.347761,GET,/api/mixed/db/1/,11.11,247,0,
2026-05-16T17:08:40.368502,GET,/api/mixed/db/1/,10.43,247,0,
2026-05-16T17:08:40.394136,GET,/api/mixed/db/1/,10.37,247,0,
2026-05-16T17:08:40.427778,GET,/api/mixed/db/1/,10.26,247,0,
2026-05-16T17:08:40.477100,GET,/api/mixed/pipeline/1/,10.31,82,0,
2026-05-16T17:08:40.501108,GET,/api/mixed/pipeline/1/,13.76,82,0,
2026-05-16T17:08:40.526746,GET,/api/mixed/pipeline/1/,11.39,82,0,
2026-05-16T17:08:40.556027,GET,/api/mixed/pipeline/1/,11.25,82,0,
2026-05-16T17:08:40.570383,GET,/api/mixed/db/1/,12.08,247,0,
2026-05-16T17:08:40.578466,GET,/api/mixed/db/1/,12.37,247,0,
2026-05-16T17:08:40.607966,GET,/api/mixed/http/,118.42,55353,0,
2026-05-16T17:08:40.625022,GET,/api/mixed/http/,116.92,55353,0,
2026-05-16T17:08:40.639451,GET,/api/mixed/http/,112.56,55353,0,
2026-05-16T17:08:40.710522,GET,/api/mixed/db/1/,12.27,247,0,
2026-05-16T17:08:40.790990,GET,/api/mixed/http/,119.16,55353,0,
2026-05-16T17:08:40.807238,GET,/api/mixed/http/,121.19,55353,0,
2026-05-16T17:08:40.811842,GET,/api/mixed/db/1/,37.0,247,0,
2026-05-16T17:08:40.815887,GET,/api/mixed/pipeline/1/,23.6,82,0,
2026-05-16T17:08:40.844087,GET,/api/mixed/db/1/,11.61,247,0,
2026-05-16T17:08:41.019122,GET,/api/mixed/db/1/,10.52,247,0,
2026-05-16T17:08:41.065403,GET,/api/mixed/pipeline/1/,9.74,82,0,
2026-05-16T17:08:41.079193,GET,/api/mixed/db/1/,10.41,247,0,
2026-05-16T17:08:41.130523,GET,/api/mixed/db/1/,10.08,247,0,
2026-05-16T17:08:41.185818,GET,/api/mixed/db/1/,10.05,247,0,
2026-05-16T17:08:41.203081,GET,/api/mixed/http/,114.65,55353,0,
2026-05-16T17:08:41.210966,GET,/api/mixed/db/1/,15.97,247,0,
2026-05-16T17:08:41.249899,GET,/api/mixed/db/1/,14.58,247,0,
2026-05-16T17:08:41.375595,GET,/api/mixed/db/1/,11.31,247,0,
2026-05-16T17:08:41.428567,GET,/api/mixed/pipeline/1/,11.64,82,0,
2026-05-16T17:08:41.507486,GET,/api/mixed/db/1/,13.44,247,0,
2026-05-16T17:08:41.662473,GET,/api/mixed/pipeline/1/,13.15,82,0,
2026-05-16T17:08:41.686108,GET,/api/mixed/db/1/,10.33,247,0,
2026-05-16T17:08:41.734953,GET,/api/mixed/db/1/,17.72,247,0,
2026-05-16T17:08:41.742488,GET,/api/mixed/db/1/,15.16,247,0,
2026-05-16T17:08:41.767536,GET,/api/mixed/http/,117.45,55353,0,
2026-05-16T17:08:41.804096,GET,/api/mixed/http/,112.68,55353,0,
2026-05-16T17:08:41.867387,GET,/api/mixed/pipeline/1/,9.94,82,0,
2026-05-16T17:08:41.937181,GET,/api/mixed/http/,115.8,55353,0,
2026-05-16T17:08:41.964541,GET,/api/mixed/db/1/,16.92,247,0,
2026-05-16T17:08:41.964978,GET,/api/mixed/pipeline/1/,16.57,82,0,
2026-05-16T17:08:42.036103,GET,/api/mixed/db/1/,20.71,247,0,
2026-05-16T17:08:42.050462,GET,/api/mixed/http/,124.63,55353,0,
2026-05-16T17:08:42.089041,GET,/api/mixed/http/,122.83,55353,0,
2026-05-16T17:08:42.137448,GET,/api/mixed/http/,128.35,55353,0,
2026-05-16T17:08:42.150046,GET,/api/mixed/db/1/,27.1,247,0,
2026-05-16T17:08:42.153126,GET,/api/mixed/db/1/,32.26,247,0,
2026-05-16T17:08:42.203498,GET,/api/mixed/http/,117.63,55353,0,
2026-05-16T17:08:42.204064,GET,/api/mixed/http/,131.26,55353,0,
2026-05-16T17:08:42.228447,GET,/api/mixed/pipeline/1/,13.64,82,0,
2026-05-16T17:08:42.278004,GET,/api/mixed/pipeline/1/,10.22,82,0,
2026-05-16T17:08:42.334126,GET,/api/mixed/db/1/,23.7,247,0,
2026-05-16T17:08:42.338464,GET,/api/mixed/pipeline/1/,26.15,82,0,
2026-05-16T17:08:42.345476,GET,/api/mixed/db/1/,27.41,247,0,
2026-05-16T17:08:42.353104,GET,/api/mixed/db/1/,20.06,247,0,
2026-05-16T17:08:42.360959,GET,/api/mixed/pipeline/1/,13.23,82,0,
2026-05-16T17:08:42.389109,GET,/api/mixed/db/1/,10.77,247,0,
2026-05-16T17:08:42.400826,GET,/api/mixed/db/1/,10.43,247,0,
2026-05-16T17:08:42.410797,GET,/api/mixed/pipeline/1/,9.82,82,0,
2026-05-16T17:08:42.483373,GET,/api/mixed/pipeline/1/,12.28,82,0,
2026-05-16T17:08:42.685562,GET,/api/mixed/pipeline/1/,13.57,82,0,
2026-05-16T17:08:42.717665,GET,/api/mixed/db/1/,13.54,247,0,
2026-05-16T17:08:42.750490,GET,/api/mixed/pipeline/1/,12.52,82,0,
2026-05-16T17:08:42.763381,GET,/api/mixed/pipeline/1/,11.53,82,0,
2026-05-16T17:08:42.805196,GET,/api/mixed/http/,117.34,55353,0,
2026-05-16T17:08:42.840415,GET,/api/mixed/pipeline/1/,9.88,82,0,
2026-05-16T17:08:42.885077,GET,/api/mixed/db/1/,10.29,247,0,
2026-05-16T17:08:42.919907,GET,/api/mixed/db/1/,10.46,247,0,
2026-05-16T17:08:42.930571,GET,/api/mixed/pipeline/1/,9.23,82,0,
2026-05-16T17:08:43.121092,GET,/api/mixed/http/,114.29,55353,0,
2026-05-16T17:08:43.192916,GET,/api/mixed/db/1/,14.45,247,0,
2026-05-16T17:08:43.218855,GET,/api/mixed/http/,115.68,55353,0,
2026-05-16T17:08:43.221047,GET,/api/mixed/pipeline/1/,18.28,82,0,
2026-05-16T17:08:43.278276,GET,/api/mixed/http/,112.76,55353,0,
2026-05-16T17:08:43.288790,GET,/api/mixed/pipeline/1/,9.29,82,0,
2026-05-16T17:08:43.317229,GET,/api/mixed/db/1/,19.1,247,0,
2026-05-16T17:08:43.323237,GET,/api/mixed/db/1/,21.38,247,0,
2026-05-16T17:08:43.334666,GET,/api/mixed/db/1/,27.16,247,0,
2026-05-16T17:08:43.339306,GET,/api/mixed/db/1/,14.82,247,0,
2026-05-16T17:08:43.352795,GET,/api/mixed/db/1/,10.28,247,0,
2026-05-16T17:08:43.415805,GET,/api/mixed/pipeline/1/,10.84,82,0,
2026-05-16T17:08:43.439836,GET,/api/mixed/http/,125.53,55353,0,
2026-05-16T17:08:43.517390,GET,/api/mixed/http/,114.31,55353,0,
2026-05-16T17:08:43.738323,GET,/api/mixed/db/1/,11.0,247,0,
2026-05-16T17:08:43.826856,GET,/api/mixed/db/1/,14.63,247,0,
2026-05-16T17:08:43.831166,GET,/api/mixed/pipeline/1/,13.08,82,0,
2026-05-16T17:08:43.890021,GET,/api/mixed/db/1/,10.18,247,0,
2026-05-16T17:08:43.940722,GET,/api/mixed/pipeline/1/,13.61,82,0,
