timestamp,method,name,response_time_ms,response_length,failed,error
2026-05-16T17:00:40.376264,GET,/api/mixed/http/,112.44,55353,0,
2026-05-16T17:00:40.390661,GET,/api/mixed/http/,113.56,55353,0,
2026-05-16T17:00:40.441646,GET,/api/mixed/http/,116.4,55353,0,
2026-05-16T17:00:40.452346,GET,/api/mixed/pipeline/1/,21.45,82,0,
2026-05-16T17:00:40.454275,GET,/api/mixed/db/1/,19.67,247,0,
2026-05-16T17:00:40.528882,GET,/api/mixed/http/,113.75,55353,0,
2026-05-16T17:00:40.619624,GET,/api/mixed/db/1/,13.39,247,0,
2026-05-16T17:00:40.649294,GET,/api/mixed/db/1/,10.33,247,0,
2026-05-16T17:00:40.664217,GET,/api/mixed/http/,113.89,55353,0,
2026-05-16T17:00:40.693722,GET,/api/mixed/pipeline/1/,10.06,82,0,
2026-05-16T17:00:40.719225,GET,/api/mixed/pipeline/1/,10.27,82,0,
2026-05-16T17:00:40.779526,GET,/api/mixed/http/,116.1,55353,0,
2026-05-16T17:00:40.795099,GET,/api/mixed/db/1/,12.36,247,0,
2026-05-16T17:00:40.859669,GET,/api/mixed/pipeline/1/,10.45,82,0,
2026-05-16T17:00:40.881361,GET,/api/mixed/db/1/,10.64,247,0,
2026-05-16T17:00:40.906948,GET,/api/mixed/http/,121.52,55353,0,
2026-05-16T17:00:40.909152,GET,/api/mixed/http/,112.71,55353,0,
2026-05-16T17:00:40.934254,GET,/api/mixed/pipeline/1/,9.73,82,0,
2026-05-16T17:00:40.976697,GET,/api/mixed/http/,112.7,55353,0,
2026-05-16T17:00:41.018516,GET,/api/mixed/db/1/,16.58,247,0,
2026-05-16T17:00:41.043397,GET,/api/mixed/db/1/,12.49,247,0,
2026-05-16T17:00:41.056043,GET,/api/mixed/http/,116.39,55353,0,
2026-05-16T17:00:41.064385,GET,/api/mixed/db/1/,17.69,247,0,
2026-05-16T17:00:41.168724,GET,/api/mixed/db/1/,10.15,247,0,
2026-05-16T17:00:41.222331,GET,/api/mixed/db/1/,10.14,247,0,
2026-05-16T17:00:41.244076,GET,/api/mixed/pipeline/1/,9.41,82,0,
2026-05-16T17:00:41.292152,GET,/api/mixed/pipeline/1/,9.8,82,0,
2026-05-16T17:00:41.318230,GET,/api/mixed/pipeline/1/,9.66,82,0,
2026-05-16T17:00:41.369894,GET,/api/mixed/db/1/,14.39,247,0,
2026-05-16T17:00:41.373333,GET,/api/mixed/db/1/,14.07,247,0,
2026-05-16T17:00:41.477528,GET,/api/mixed/pipeline/1/,9.53,82,0,
2026-05-16T17:00:41.507285,GET,/api/mixed/pipeline/1/,10.22,82,0,
2026-05-16T17:00:41.571611,GET,/api/mixed/db/1/,9.92,247,0,
2026-05-16T17:00:41.819560,GET,/api/mixed/pipeline/1/,10.4,82,0,
2026-05-16T17:00:41.847452,GET,/api/mixed/http/,114.3,55353,0,
2026-05-16T17:00:41.856703,GET,/api/mixed/db/1/,10.1,247,0,
2026-05-16T17:00:41.903808,GET,/api/mixed/db/1/,10.01,247,0,
2026-05-16T17:00:41.940110,GET,/api/mixed/db/1/,16.0,247,0,
2026-05-16T17:00:41.941445,GET,/api/mixed/http/,113.63,55353,0,
2026-05-16T17:00:41.987357,GET,/api/mixed/http/,116.34,55353,0,
2026-05-16T17:00:42.088316,GET,/api/mixed/db/1/,9.69,247,0,
2026-05-16T17:00:42.114577,GET,/api/mixed/pipeline/1/,14.15,82,0,
2026-05-16T17:00:42.118793,GET,/api/mixed/pipeline/1/,12.75,82,0,
2026-05-16T17:00:42.131905,GET,/api/mixed/http/,113.01,55353,0,
2026-05-16T17:00:42.147793,GET,/api/mixed/pipeline/1/,14.45,82,0,
2026-05-16T17:00:42.150716,GET,/api/mixed/db/1/,14.74,247,0,
2026-05-16T17:00:42.179915,GET,/api/mixed/http/,114.24,55353,0,
2026-05-16T17:00:42.186906,GET,/api/mixed/db/1/,16.9,247,0,
2026-05-16T17:00:42.200801,GET,/api/mixed/http/,112.21,55353,0,
2026-05-16T17:00:42.212044,GET,/api/mixed/db/1/,9.85,247,0,
2026-05-16T17:00:42.250898,GET,/api/mixed/pipeline/1/,9.4,82,0,
2026-05-16T17:00:42.300898,GET,/api/mixed/db/1/,9.87,247,0,
2026-05-16T17:00:42.325322,GET,/api/mixed/db/1/,11.04,247,0,
2026-05-16T17:00:42.344691,GET,/api/mixed/http/,113.1,55353,0,
2026-05-16T17:00:42.382190,GET,/api/mixed/http/,113.02,55353,0,
2026-05-16T17:00:42.487475,GET,/api/mixed/db/1/,18.54,247,0,
2026-05-16T17:00:42.496526,GET,/api/mixed/pipeline/1/,10.26,82,0,
2026-05-16T17:00:42.582237,GET,/api/mixed/pipeline/1/,9.33,82,0,
2026-05-16T17:00:42.612928,GET,/api/mixed/pipeline/1/,11.43,82,0,
2026-05-16T17:00:42.702695,GET,/api/mixed/db/1/,10.4,247,0,
2026-05-16T17:00:42.778019,GET,/api/mixed/db/1/,10.05,247,0,
2026-05-16T17:00:42.803319,GET,/api/mixed/http/,113.81,55353,0,
2026-05-16T17:00:42.849492,GET,/api/mixed/db/1/,9.89,247,0,
2026-05-16T17:00:42.890977,GET,/api/mixed/pipeline/1/,11.44,82,0,
2026-05-16T17:00:42.916768,GET,/api/mixed/pipeline/1/,9.35,82,0,
2026-05-16T17:00:42.945075,GET,/api/mixed/http/,112.32,55353,0,
2026-05-16T17:00:42.984897,GET,/api/mixed/http/,113.13,55353,0,
2026-05-16T17:00:43.035224,GET,/api/mixed/pipeline/1/,13.71,82,0,
2026-05-16T17:00:43.040910,GET,/api/mixed/pipeline/1/,13.6,82,0,
2026-05-16T17:00:43.049199,GET,/api/mixed/db/1/,12.7,247,0,
2026-05-16T17:00:43.057465,GET,/api/mixed/pipeline/1/,10.31,82,0,
2026-05-16T17:00:43.117290,GET,/api/mixed/db/1/,9.8,247,0,
2026-05-16T17:00:43.177991,GET,/api/mixed/http/,112.34,55353,0,
2026-05-16T17:00:43.212480,GET,/api/mixed/http/,115.93,55353,0,
2026-05-16T17:00:43.306590,GET,/api/mixed/pipeline/1/,10.36,82,0,
2026-05-16T17:00:43.323265,GET,/api/mixed/pipeline/1/,9.33,82,0,
2026-05-16T17:00:43.354435,GET,/api/mixed/http/,113.61,55353,0,
2026-05-16T17:00:43.385961,GET,/api/mixed/db/1/,10.14,247,0,
2026-05-16T17:00:43.444515,GET,/api/mixed/http/,113.0,55353,0,
2026-05-16T17:00:43.520947,GET,/api/mixed/http/,119.67,55353,0,
2026-05-16T17:00:43.543289,GET,/api/mixed/http/,114.02,55353,0,
2026-05-16T17:00:43.569705,GET,/api/mixed/http/,118.94,55353,0,
2026-05-16T17:00:43.582932,GET,/api/mixed/pipeline/1/,14.38,82,0,
2026-05-16T17:00:43.590747,GET,/api/mixed/db/1/,11.47,247,0,
2026-05-16T17:00:43.686240,GET,/api/mixed/http/,117.2,55353,0,
2026-05-16T17:00:43.757222,GET,/api/mixed/pipeline/1/,9.55,82,0,
2026-05-16T17:00:43.809496,GET,/api/mixed/pipeline/1/,9.94,82,0,
2026-05-16T17:00:43.847406,GET,/api/mixed/db/1/,11.4,247,0,
2026-05-16T17:00:43.858041,GET,/api/mixed/db/1/,14.26,247,0,
2026-05-16T17:00:43.921959,GET,/api/mixed/http/,114.58,55353,0,
2026-05-16T17:00:43.962949,GET,/api/mixed/http/,116.43,55353,0,
2026-05-16T17:00:44.003198,GET,/api/mixed/http/,116.83,55353,0,
2026-05-16T17:00:44.009285,GET,/api/mixed/db/1/,21.03,247,0,
2026-05-16T17:00:44.014695,GET,/api/mixed/db/1/,15.64,247,0,
2026-05-16T17:00:44.040037,GET,/api/mixed/http/,114.7,55353,0,
2026-05-16T17:00:44.040398,GET,/api/mixed/db/1/,17.21,247,0,
2026-05-16T17:00:44.050959,GET,/api/mixed/http/,116.81,55353,0,
2026-05-16T17:00:44.090686,GET,/api/mixed/pipeline/1/,9.51,82,0,
2026-05-16T17:00:44.219398,GET,/api/mixed/http/,112.31,55353,0,
2026-05-16T17:00:44.254817,GET,/api/mixed/db/1/,9.88,247,0,
2026-05-16T17:00:44.360364,GET,/api/mixed/db/1/,11.17,247,0,
2026-05-16T17:00:44.433284,GET,/api/mixed/http/,119.03,55353,0,
2026-05-16T17:00:44.439793,GET,/api/mixed/pipeline/1/,21.15,82,0,
2026-05-16T17:00:44.519694,GET,/api/mixed/db/1/,13.69,247,0,
2026-05-16T17:00:44.564120,GET,/api/mixed/http/,116.92,55353,0,
2026-05-16T17:00:44.571052,GET,/api/mixed/db/1/,22.02,247,0,
2026-05-16T17:00:44.593102,GET,/api/mixed/db/1/,17.65,247,0,
2026-05-16T17:00:44.593626,GET,/api/mixed/pipeline/1/,16.49,82,0,
2026-05-16T17:00:44.611448,GET,/api/mixed/db/1/,10.64,247,0,
2026-05-16T17:00:44.662623,GET,/api/mixed/pipeline/1/,16.75,82,0,
2026-05-16T17:00:44.680577,GET,/api/mixed/http/,124.76,55353,0,
2026-05-16T17:00:44.723264,GET,/api/mixed/http/,114.71,55353,0,
2026-05-16T17:00:44.790755,GET,/api/mixed/http/,123.91,55353,0,
2026-05-16T17:00:44.868331,GET,/api/mixed/pipeline/1/,9.96,82,0,
2026-05-16T17:00:44.955857,GET,/api/mixed/pipeline/1/,10.39,82,0,
2026-05-16T17:00:44.991689,GET,/api/mixed/pipeline/1/,9.45,82,0,
2026-05-16T17:00:45.000956,GET,/api/mixed/http/,112.25,55353,0,
2026-05-16T17:00:45.094859,GET,/api/mixed/pipeline/1/,9.35,82,0,
2026-05-16T17:00:45.154539,GET,/api/mixed/db/1/,10.7,247,0,
2026-05-16T17:00:45.186885,GET,/api/mixed/http/,117.2,55353,0,
2026-05-16T17:00:45.194829,GET,/api/mixed/pipeline/1/,20.14,82,0,
2026-05-16T17:00:45.252489,GET,/api/mixed/http/,117.58,55353,0,
2026-05-16T17:00:45.259205,GET,/api/mixed/db/1/,20.87,247,0,
2026-05-16T17:00:45.299896,GET,/api/mixed/http/,127.98,55353,0,
2026-05-16T17:00:45.300933,GET,/api/mixed/http/,121.64,55353,0,
2026-05-16T17:00:45.326752,GET,/api/mixed/pipeline/1/,9.4,82,0,
2026-05-16T17:00:45.454887,GET,/api/mixed/http/,112.91,55353,0,
2026-05-16T17:00:45.466092,GET,/api/mixed/db/1/,9.77,247,0,
2026-05-16T17:00:45.481733,GET,/api/mixed/pipeline/1/,9.3,82,0,
2026-05-16T17:00:45.504151,GET,/api/mixed/pipeline/1/,9.03,82,0,
2026-05-16T17:00:45.534039,GET,/api/mixed/http/,122.77,55353,0,
2026-05-16T17:00:45.534512,GET,/api/mixed/http/,119.6,55353,0,
2026-05-16T17:00:45.545100,GET,/api/mixed/http/,113.06,55353,0,
2026-05-16T17:00:45.568262,GET,/api/mixed/db/1/,12.79,247,0,
2026-05-16T17:00:45.573797,GET,/api/mixed/pipeline/1/,12.58,82,0,
2026-05-16T17:00:45.748160,GET,/api/mixed/db/1/,10.03,247,0,
2026-05-16T17:00:45.786734,GET,/api/mixed/http/,114.36,55353,0,
2026-05-16T17:00:45.838650,GET,/api/mixed/http/,112.42,55353,0,
2026-05-16T17:00:45.883853,GET,/api/mixed/pipeline/1/,19.88,82,0,
2026-05-16T17:00:45.889923,GET,/api/mixed/db/1/,17.97,247,0,
2026-05-16T17:00:45.903666,GET,/api/mixed/db/1/,17.6,247,0,
2026-05-16T17:00:45.992613,GET,/api/mixed/http/,126.34,55353,0,
2026-05-16T17:00:45.993052,GET,/api/mixed/http/,127.31,55353,0,
2026-05-16T17:00:46.011343,GET,/api/mixed/db/1/,10.1,247,0,
2026-05-16T17:00:46.090907,GET,/api/mixed/db/1/,10.02,247,0,
2026-05-16T17:00:46.140849,GET,/api/mixed/db/1/,11.15,247,0,
2026-05-16T17:00:46.228712,GET,/api/mixed/pipeline/1/,16.99,82,0,
2026-05-16T17:00:46.229139,GET,/api/mixed/db/1/,16.99,247,0,
2026-05-16T17:00:46.249343,GET,/api/mixed/pipeline/1/,9.88,82,0,
2026-05-16T17:00:46.257245,GET,/api/mixed/pipeline/1/,10.06,82,0,
2026-05-16T17:00:46.269504,GET,/api/mixed/pipeline/1/,9.07,82,0,
2026-05-16T17:00:46.298613,GET,/api/mixed/db/1/,9.76,247,0,
2026-05-16T17:00:46.310647,GET,/api/mixed/db/1/,9.63,247,0,
2026-05-16T17:00:46.349133,GET,/api/mixed/db/1/,10.1,247,0,
2026-05-16T17:00:46.412444,GET,/api/mixed/db/1/,22.88,247,0,
2026-05-16T17:00:46.413703,GET,/api/mixed/db/1/,22.34,247,0,
2026-05-16T17:00:46.415641,GET,/api/mixed/pipeline/1/,22.51,82,0,
2026-05-16T17:00:46.546603,GET,/api/mixed/db/1/,10.39,247,0,
2026-05-16T17:00:46.577681,GET,/api/mixed/pipeline/1/,16.81,82,0,
2026-05-16T17:00:46.578789,GET,/api/mixed/pipeline/1/,16.17,82,0,
2026-05-16T17:00:46.653746,GET,/api/mixed/pipeline/1/,9.58,82,0,
2026-05-16T17:00:46.705327,GET,/api/mixed/pipeline/1/,9.3,82,0,
2026-05-16T17:00:46.715459,GET,/api/mixed/pipeline/1/,12.75,82,0,
2026-05-16T17:00:46.753272,GET,/api/mixed/db/1/,10.63,247,0,
2026-05-16T17:00:46.802811,GET,/api/mixed/http/,112.64,55353,0,
2026-05-16T17:00:46.869461,GET,/api/mixed/http/,113.01,55353,0,
2026-05-16T17:00:46.895275,GET,/api/mixed/http/,113.92,55353,0,
2026-05-16T17:00:46.928913,GET,/api/mixed/http/,112.86,55353,0,
2026-05-16T17:00:46.992642,GET,/api/mixed/http/,116.53,55353,0,
2026-05-16T17:00:46.999484,GET,/api/mixed/pipeline/1/,16.29,82,0,
2026-05-16T17:00:47.040210,GET,/api/mixed/pipeline/1/,9.47,82,0,
2026-05-16T17:00:47.084378,GET,/api/mixed/pipeline/1/,10.02,82,0,
2026-05-16T17:00:47.096185,GET,/api/mixed/db/1/,13.93,247,0,
2026-05-16T17:00:47.159395,GET,/api/mixed/http/,112.93,55353,0,
2026-05-16T17:00:47.201995,GET,/api/mixed/http/,115.37,55353,0,
2026-05-16T17:00:47.258456,GET,/api/mixed/http/,112.66,55353,0,
2026-05-16T17:00:47.320680,GET,/api/mixed/db/1/,10.85,247,0,
2026-05-16T17:00:47.451144,GET,/api/mixed/db/1/,20.06,247,0,
2026-05-16T17:00:47.459778,GET,/api/mixed/db/1/,14.11,247,0,
2026-05-16T17:00:47.507900,GET,/api/mixed/pipeline/1/,12.71,82,0,
2026-05-16T17:00:47.540005,GET,/api/mixed/pipeline/1/,9.84,82,0,
2026-05-16T17:00:47.595648,GET,/api/mixed/db/1/,12.78,247,0,
2026-05-16T17:00:47.615652,GET,/api/mixed/http/,115.51,55353,0,
2026-05-16T17:00:47.705298,GET,/api/mixed/db/1/,27.1,247,0,
2026-05-16T17:00:47.706059,GET,/api/mixed/http/,123.72,55353,0,
2026-05-16T17:00:47.710743,GET,/api/mixed/db/1/,29.62,247,0,
2026-05-16T17:00:47.714616,GET,/api/mixed/pipeline/1/,20.76,82,0,
2026-05-16T17:00:47.730906,GET,/api/mixed/db/1/,10.02,247,0,
2026-05-16T17:00:47.762459,GET,/api/mixed/pipeline/1/,9.3,82,0,
2026-05-16T17:00:47.792250,GET,/api/mixed/pipeline/1/,9.54,82,0,
2026-05-16T17:00:47.846372,GET,/api/mixed/http/,114.11,55353,0,
2026-05-16T17:00:47.846884,GET,/api/mixed/db/1/,17.31,247,0,
2026-05-16T17:00:47.877677,GET,/api/mixed/pipeline/1/,9.39,82,0,
2026-05-16T17:00:47.888159,GET,/api/mixed/pipeline/1/,9.09,82,0,
2026-05-16T17:00:47.918668,GET,/api/mixed/db/1/,10.16,247,0,
2026-05-16T17:00:47.965873,GET,/api/mixed/db/1/,9.91,247,0,
2026-05-16T17:00:48.087208,GET,/api/mixed/http/,117.98,55353,0,
2026-05-16T17:00:48.131300,GET,/api/mixed/http/,115.36,55353,0,
2026-05-16T17:00:48.138753,GET,/api/mixed/db/1/,19.18,247,0,
2026-05-16T17:00:48.149288,GET,/api/mixed/pipeline/1/,9.13,82,0,
2026-05-16T17:00:48.186076,GET,/api/mixed/pipeline/1/,9.54,82,0,
2026-05-16T17:00:48.260124,GET,/api/mixed/pipeline/1/,9.55,82,0,
2026-05-16T17:00:48.344953,GET,/api/mixed/pipeline/1/,13.59,82,0,
2026-05-16T17:00:48.382770,GET,/api/mixed/db/1/,10.43,247,0,
2026-05-16T17:00:48.417921,GET,/api/mixed/db/1/,9.96,247,0,
2026-05-16T17:00:48.476505,GET,/api/mixed/db/1/,10.2,247,0,
2026-05-16T17:00:48.507736,GET,/api/mixed/http/,112.69,55353,0,
2026-05-16T17:00:48.600053,GET,/api/mixed/http/,116.25,55353,0,
2026-05-16T17:00:48.604246,GET,/api/mixed/pipeline/1/,20.77,82,0,
2026-05-16T17:00:48.670664,GET,/api/mixed/db/1/,10.25,247,0,
2026-05-16T17:00:48.717524,GET,/api/mixed/pipeline/1/,9.55,82,0,
2026-05-16T17:00:48.748207,GET,/api/mixed/db/1/,9.97,247,0,
2026-05-16T17:00:48.765400,GET,/api/mixed/http/,114.76,55353,0,
2026-05-16T17:00:48.771954,GET,/api/mixed/pipeline/1/,13.47,82,0,
2026-05-16T17:00:48.802262,GET,/api/mixed/db/1/,13.07,247,0,
2026-05-16T17:00:48.806782,GET,/api/mixed/db/1/,13.87,247,0,
2026-05-16T17:00:48.843301,GET,/api/mixed/http/,114.52,55353,0,
2026-05-16T17:00:48.868895,GET,/api/mixed/pipeline/1/,9.22,82,0,
2026-05-16T17:00:48.918556,GET,/api/mixed/http/,113.07,55353,0,
2026-05-16T17:00:49.019207,GET,/api/mixed/pipeline/1/,9.35,82,0,
2026-05-16T17:00:49.037844,GET,/api/mixed/pipeline/1/,9.24,82,0,
2026-05-16T17:00:49.053223,GET,/api/mixed/db/1/,13.95,247,0,
2026-05-16T17:00:49.057081,GET,/api/mixed/db/1/,13.11,247,0,
2026-05-16T17:00:49.105071,GET,/api/mixed/http/,113.11,55353,0,
2026-05-16T17:00:49.187328,GET,/api/mixed/http/,116.51,55353,0,
2026-05-16T17:00:49.192083,GET,/api/mixed/db/1/,18.05,247,0,
2026-05-16T17:00:49.307921,GET,/api/mixed/http/,113.47,55353,0,
2026-05-16T17:00:49.351464,GET,/api/mixed/db/1/,16.11,247,0,
2026-05-16T17:00:49.465963,GET,/api/mixed/db/1/,9.85,247,0,
2026-05-16T17:00:49.518643,GET,/api/mixed/http/,112.78,55353,0,
2026-05-16T17:00:49.562699,GET,/api/mixed/pipeline/1/,17.65,82,0,
2026-05-16T17:00:49.761481,GET,/api/mixed/pipeline/1/,9.08,82,0,
2026-05-16T17:00:49.791639,GET,/api/mixed/pipeline/1/,9.77,82,0,
2026-05-16T17:00:49.831731,GET,/api/mixed/http/,113.3,55353,0,
2026-05-16T17:00:49.840900,GET,/api/mixed/pipeline/1/,9.98,82,0,
2026-05-16T17:00:49.863334,GET,/api/mixed/http/,115.87,55353,0,
2026-05-16T17:00:49.894584,GET,/api/mixed/db/1/,10.02,247,0,
2026-05-16T17:00:49.962414,GET,/api/mixed/db/1/,9.76,247,0,
2026-05-16T17:00:49.973576,GET,/api/mixed/http/,117.31,55353,0,
2026-05-16T17:00:50.002963,GET,/api/mixed/db/1/,10.16,247,0,
2026-05-16T17:00:50.017396,GET,/api/mixed/http/,112.49,55353,0,
2026-05-16T17:00:50.080992,GET,/api/mixed/http/,119.49,55353,0,
2026-05-16T17:00:50.098455,GET,/api/mixed/pipeline/1/,9.13,82,0,
2026-05-16T17:00:50.148098,GET,/api/mixed/db/1/,10.37,247,0,
2026-05-16T17:00:50.159378,GET,/api/mixed/http/,112.71,55353,0,
2026-05-16T17:00:50.176757,GET,/api/mixed/http/,118.96,55353,0,
2026-05-16T17:00:50.183103,GET,/api/mixed/pipeline/1/,16.49,82,0,
2026-05-16T17:00:50.257140,GET,/api/mixed/db/1/,15.66,247,0,
2026-05-16T17:00:50.288480,GET,/api/mixed/pipeline/1/,9.2,82,0,
2026-05-16T17:00:50.332642,GET,/api/mixed/db/1/,15.39,247,0,
2026-05-16T17:00:50.333002,GET,/api/mixed/db/1/,16.22,247,0,
2026-05-16T17:00:50.385408,GET,/api/mixed/db/1/,19.1,247,0,
2026-05-16T17:00:50.388240,GET,/api/mixed/http/,118.79,55353,0,
2026-05-16T17:00:50.394332,GET,/api/mixed/db/1/,16.13,247,0,
2026-05-16T17:00:50.475988,GET,/api/mixed/pipeline/1/,13.4,82,0,
2026-05-16T17:00:50.479898,GET,/api/mixed/pipeline/1/,11.52,82,0,
2026-05-16T17:00:50.525406,GET,/api/mixed/http/,112.83,55353,0,
2026-05-16T17:00:50.598590,GET,/api/mixed/http/,112.47,55353,0,
2026-05-16T17:00:50.619161,GET,/api/mixed/db/1/,12.13,247,0,
2026-05-16T17:00:50.625250,GET,/api/mixed/pipeline/1/,12.39,82,0,
2026-05-16T17:00:50.689538,GET,/api/mixed/http/,112.86,55353,0,
2026-05-16T17:00:50.752577,GET,/api/mixed/pipeline/1/,10.4,82,0,
2026-05-16T17:00:50.807687,GET,/api/mixed/db/1/,19.01,247,0,
2026-05-16T17:00:50.809588,GET,/api/mixed/http/,113.79,55353,0,
2026-05-16T17:00:50.842024,GET,/api/mixed/http/,114.48,55353,0,
2026-05-16T17:00:50.865650,GET,/api/mixed/http/,113.91,55353,0,
2026-05-16T17:00:50.920421,GET,/api/mixed/pipeline/1/,22.45,82,0,
2026-05-16T17:00:50.929165,GET,/api/mixed/db/1/,26.38,247,0,
2026-05-16T17:00:50.931176,GET,/api/mixed/db/1/,21.19,247,0,
2026-05-16T17:00:51.021723,GET,/api/mixed/pipeline/1/,11.58,82,0,
2026-05-16T17:00:51.045033,GET,/api/mixed/http/,120.44,55353,0,
2026-05-16T17:00:51.064201,GET,/api/mixed/http/,112.81,55353,0,
2026-05-16T17:00:51.135830,GET,/api/mixed/http/,116.21,55353,0,
2026-05-16T17:00:51.142160,GET,/api/mixed/pipeline/1/,17.3,82,0,
2026-05-16T17:00:51.263379,GET,/api/mixed/db/1/,17.36,247,0,
2026-05-16T17:00:51.283709,GET,/api/mixed/pipeline/1/,18.88,82,0,
2026-05-16T17:00:51.285305,GET,/api/mixed/pipeline/1/,19.9,82,0,
2026-05-16T17:00:51.301510,GET,/api/mixed/db/1/,9.82,247,0,
2026-05-16T17:00:51.314691,GET,/api/mixed/pipeline/1/,9.8,82,0,
2026-05-16T17:00:51.388974,GET,/api/mixed/db/1/,9.82,247,0,
2026-05-16T17:00:51.402368,GET,/api/mixed/pipeline/1/,9.08,82,0,
2026-05-16T17:00:51.412851,GET,/api/mixed/pipeline/1/,9.16,82,0,
2026-05-16T17:00:51.527464,GET,/api/mixed/pipeline/1/,14.85,82,0,
2026-05-16T17:00:51.544902,GET,/api/mixed/http/,114.88,55353,0,
2026-05-16T17:00:51.551698,GET,/api/mixed/db/1/,14.02,247,0,
2026-05-16T17:00:51.581727,GET,/api/mixed/http/,123.79,55353,0,
2026-05-16T17:00:51.582173,GET,/api/mixed/http/,128.03,55353,0,
2026-05-16T17:00:51.583184,GET,/api/mixed/http/,119.46,55353,0,
2026-05-16T17:00:51.693468,GET,/api/mixed/http/,119.55,55353,0,
2026-05-16T17:00:51.784038,GET,/api/mixed/pipeline/1/,9.35,82,0,
2026-05-16T17:00:51.814757,GET,/api/mixed/pipeline/1/,9.46,82,0,
2026-05-16T17:00:51.920854,GET,/api/mixed/pipeline/1/,9.79,82,0,
2026-05-16T17:00:51.933506,GET,/api/mixed/db/1/,13.74,247,0,
2026-05-16T17:00:51.941498,GET,/api/mixed/http/,112.35,55353,0,
2026-05-16T17:00:52.021721,GET,/api/mixed/http/,121.56,55353,0,
2026-05-16T17:00:52.038124,GET,/api/mixed/http/,115.07,55353,0,
2026-05-16T17:00:52.082974,GET,/api/mixed/pipeline/1/,9.46,82,0,
2026-05-16T17:00:52.260336,GET,/api/mixed/db/1/,19.88,247,0,
2026-05-16T17:00:52.268044,GET,/api/mixed/db/1/,14.84,247,0,
2026-05-16T17:00:52.294378,GET,/api/mixed/db/1/,10.15,247,0,
2026-05-16T17:00:52.320479,GET,/api/mixed/db/1/,9.77,247,0,
2026-05-16T17:00:52.395281,GET,/api/mixed/pipeline/1/,11.5,82,0,
2026-05-16T17:00:52.495882,GET,/api/mixed/db/1/,11.8,247,0,
2026-05-16T17:00:52.507840,GET,/api/mixed/http/,117.22,55353,0,
2026-05-16T17:00:52.650977,GET,/api/mixed/pipeline/1/,14.65,82,0,
2026-05-16T17:00:52.656369,GET,/api/mixed/db/1/,16.3,247,0,
2026-05-16T17:00:52.690172,GET,/api/mixed/db/1/,11.52,247,0,
2026-05-16T17:00:52.712018,GET,/api/mixed/pipeline/1/,10.57,82,0,
2026-05-16T17:00:52.755880,GET,/api/mixed/pipeline/1/,9.47,82,0,
2026-05-16T17:00:52.765741,GET,/api/mixed/db/1/,9.74,247,0,
2026-05-16T17:00:52.794442,GET,/api/mixed/db/1/,27.3,247,0,
2026-05-16T17:00:52.795806,GET,/api/mixed/http/,120.12,55353,0,
2026-05-16T17:00:52.796616,GET,/api/mixed/pipeline/1/,26.05,82,0,
2026-05-16T17:00:52.842546,GET,/api/mixed/http/,113.14,55353,0,
2026-05-16T17:00:52.908177,GET,/api/mixed/db/1/,9.54,247,0,
2026-05-16T17:00:53.006134,GET,/api/mixed/http/,113.25,55353,0,
2026-05-16T17:00:53.055961,GET,/api/mixed/pipeline/1/,9.46,82,0,
2026-05-16T17:00:53.167166,GET,/api/mixed/pipeline/1/,10.07,82,0,
2026-05-16T17:00:53.193099,GET,/api/mixed/db/1/,10.49,247,0,
2026-05-16T17:00:53.233517,GET,/api/mixed/db/1/,15.12,247,0,
2026-05-16T17:00:53.253309,GET,/api/mixed/db/1/,10.51,247,0,
2026-05-16T17:00:53.307276,GET,/api/mixed/db/1/,9.74,247,0,
2026-05-16T17:00:53.365580,GET,/api/mixed/db/1/,9.93,247,0,
2026-05-16T17:00:53.406906,GET,/api/mixed/http/,116.2,55353,0,
2026-05-16T17:00:53.410833,GET,/api/mixed/pipeline/1/,17.86,82,0,
2026-05-16T17:00:53.427924,GET,/api/mixed/db/1/,9.82,247,0,
2026-05-16T17:00:53.478185,GET,/api/mixed/pipeline/1/,13.68,82,0,
2026-05-16T17:00:53.497576,GET,/api/mixed/db/1/,10.18,247,0,
2026-05-16T17:00:53.514118,GET,/api/mixed/pipeline/1/,9.31,82,0,
2026-05-16T17:00:53.576169,GET,/api/mixed/db/1/,11.94,247,0,
2026-05-16T17:00:53.585386,GET,/api/mixed/pipeline/1/,9.98,82,0,
2026-05-16T17:00:53.605500,GET,/api/mixed/pipeline/1/,11.93,82,0,
2026-05-16T17:00:53.611457,GET,/api/mixed/db/1/,12.17,247,0,
2026-05-16T17:00:53.623883,GET,/api/mixed/pipeline/1/,9.2,82,0,
2026-05-16T17:00:53.671571,GET,/api/mixed/http/,113.21,55353,0,
2026-05-16T17:00:53.682435,GET,/api/mixed/pipeline/1/,9.47,82,0,
2026-05-16T17:00:53.692625,GET,/api/mixed/pipeline/1/,10.95,82,0,
2026-05-16T17:00:53.757618,GET,/api/mixed/db/1/,10.02,247,0,
2026-05-16T17:00:53.808624,GET,/api/mixed/http/,113.78,55353,0,
2026-05-16T17:00:53.867773,GET,/api/mixed/db/1/,9.92,247,0,
2026-05-16T17:00:53.887385,GET,/api/mixed/pipeline/1/,9.4,82,0,
2026-05-16T17:00:53.918678,GET,/api/mixed/http/,120.65,55353,0,
2026-05-16T17:00:53.942073,GET,/api/mixed/http/,118.22,55353,0,
2026-05-16T17:00:53.956030,GET,/api/mixed/http/,116.37,55353,0,
2026-05-16T17:00:53.963137,GET,/api/mixed/db/1/,37.22,247,0,
2026-05-16T17:00:53.965566,GET,/api/mixed/pipeline/1/,33.92,82,0,
2026-05-16T17:00:53.973301,GET,/api/mixed/pipeline/1/,11.07,82,0,
2026-05-16T17:00:54.127103,GET,/api/mixed/http/,116.5,55353,0,
2026-05-16T17:00:54.193042,GET,/api/mixed/pipeline/1/,19.49,82,0,
2026-05-16T17:00:54.195167,GET,/api/mixed/db/1/,18.91,247,0,
2026-05-16T17:00:54.282131,GET,/api/mixed/db/1/,9.77,247,0,
2026-05-16T17:00:54.331519,GET,/api/mixed/db/1/,10.08,247,0,
2026-05-16T17:00:54.342730,GET,/api/mixed/http/,112.29,55353,0,
2026-05-16T17:00:54.374709,GET,/api/mixed/http/,115.04,55353,0,
2026-05-16T17:00:54.381207,GET,/api/mixed/pipeline/1/,18.08,82,0,
2026-05-16T17:00:54.418545,GET,/api/mixed/db/1/,10.05,247,0,
2026-05-16T17:00:54.502312,GET,/api/mixed/http/,112.78,55353,0,
2026-05-16T17:00:54.611504,GET,/api/mixed/pipeline/1/,9.41,82,0,
2026-05-16T17:00:54.700076,GET,/api/mixed/http/,122.31,55353,0,
2026-05-16T17:00:54.833258,GET,/api/mixed/http/,124.0,55353,0,
2026-05-16T17:00:54.834467,GET,/api/mixed/http/,120.45,55353,0,
2026-05-16T17:00:54.845607,GET,/api/mixed/db/1/,9.73,247,0,
2026-05-16T17:00:54.978186,GET,/api/mixed/pipeline/1/,10.49,82,0,
2026-05-16T17:00:55.010401,GET,/api/mixed/http/,113.44,55353,0,
2026-05-16T17:00:55.026893,GET,/api/mixed/pipeline/1/,11.22,82,0,
2026-05-16T17:00:55.068655,GET,/api/mixed/db/1/,13.44,247,0,
2026-05-16T17:00:55.096599,GET,/api/mixed/db/1/,15.6,247,0,
2026-05-16T17:00:55.098106,GET,/api/mixed/pipeline/1/,14.34,82,0,
2026-05-16T17:00:55.181483,GET,/api/mixed/http/,121.44,55353,0,
2026-05-16T17:00:55.220315,GET,/api/mixed/pipeline/1/,9.55,82,0,
2026-05-16T17:00:55.314245,GET,/api/mixed/db/1/,12.25,247,0,
2026-05-16T17:00:55.350751,GET,/api/mixed/db/1/,13.18,247,0,
2026-05-16T17:00:55.458618,GET,/api/mixed/http/,116.14,55353,0,
2026-05-16T17:00:55.475567,GET,/api/mixed/db/1/,9.66,247,0,
2026-05-16T17:00:55.556881,GET,/api/mixed/http/,113.72,55353,0,
2026-05-16T17:00:55.565838,GET,/api/mixed/pipeline/1/,10.01,82,0,
2026-05-16T17:00:55.621756,GET,/api/mixed/pipeline/1/,9.54,82,0,
2026-05-16T17:00:55.650581,GET,/api/mixed/db/1/,12.51,247,0,
2026-05-16T17:00:55.658262,GET,/api/mixed/db/1/,14.34,247,0,
2026-05-16T17:00:55.723626,GET,/api/mixed/db/1/,19.38,247,0,
2026-05-16T17:00:55.725939,GET,/api/mixed/db/1/,18.65,247,0,
2026-05-16T17:00:55.766346,GET,/api/mixed/pipeline/1/,9.18,82,0,
2026-05-16T17:00:55.861103,GET,/api/mixed/http/,112.8,55353,0,
2026-05-16T17:00:55.926641,GET,/api/mixed/db/1/,17.8,247,0,
2026-05-16T17:00:55.986045,GET,/api/mixed/http/,112.43,55353,0,
2026-05-16T17:00:56.053774,GET,/api/mixed/http/,112.89,55353,0,
2026-05-16T17:00:56.064147,GET,/api/mixed/http/,112.35,55353,0,
2026-05-16T17:00:56.082852,GET,/api/mixed/db/1/,10.18,247,0,
2026-05-16T17:00:56.110041,GET,/api/mixed/http/,113.58,55353,0,
2026-05-16T17:00:56.139283,GET,/api/mixed/pipeline/1/,9.25,82,0,
2026-05-16T17:00:56.160688,GET,/api/mixed/pipeline/1/,14.52,82,0,
2026-05-16T17:00:56.186143,GET,/api/mixed/db/1/,10.1,247,0,
2026-05-16T17:00:56.218468,GET,/api/mixed/db/1/,10.09,247,0,
2026-05-16T17:00:56.228951,GET,/api/mixed/http/,112.57,55353,0,
2026-05-16T17:00:56.301107,GET,/api/mixed/db/1/,13.21,247,0,
2026-05-16T17:00:56.324909,GET,/api/mixed/db/1/,9.57,247,0,
2026-05-16T17:00:56.338769,GET,/api/mixed/db/1/,10.54,247,0,
2026-05-16T17:00:56.370570,GET,/api/mixed/db/1/,12.49,247,0,
2026-05-16T17:00:56.376708,GET,/api/mixed/pipeline/1/,12.81,82,0,
2026-05-16T17:00:56.407844,GET,/api/mixed/http/,120.36,55353,0,
2026-05-16T17:00:56.424500,GET,/api/mixed/http/,117.04,55353,0,
2026-05-16T17:00:56.436161,GET,/api/mixed/db/1/,18.0,247,0,
2026-05-16T17:00:56.437126,GET,/api/mixed/pipeline/1/,17.14,82,0,
2026-05-16T17:00:56.460981,GET,/api/mixed/pipeline/1/,13.6,82,0,
2026-05-16T17:00:56.463742,GET,/api/mixed/pipeline/1/,13.61,82,0,
2026-05-16T17:00:56.617032,GET,/api/mixed/pipeline/1/,9.87,82,0,
2026-05-16T17:00:56.655014,GET,/api/mixed/http/,122.62,55353,0,
2026-05-16T17:00:56.655805,GET,/api/mixed/http/,125.34,55353,0,
2026-05-16T17:00:56.696849,GET,/api/mixed/db/1/,10.43,247,0,
2026-05-16T17:00:56.732944,GET,/api/mixed/db/1/,10.7,247,0,
2026-05-16T17:00:56.845732,GET,/api/mixed/http/,113.51,55353,0,
2026-05-16T17:00:56.884283,GET,/api/mixed/db/1/,11.08,247,0,
2026-05-16T17:00:56.919121,GET,/api/mixed/db/1/,15.39,247,0,
2026-05-16T17:00:56.924362,GET,/api/mixed/pipeline/1/,15.82,82,0,
2026-05-16T17:00:56.931040,GET,/api/mixed/db/1/,12.73,247,0,
2026-05-16T17:00:56.961958,GET,/api/mixed/http/,113.86,55353,0,
2026-05-16T17:00:57.075260,GET,/api/mixed/http/,125.0,55353,0,
2026-05-16T17:00:57.108803,GET,/api/mixed/db/1/,10.19,247,0,
2026-05-16T17:00:57.136098,GET,/api/mixed/db/1/,11.89,247,0,
2026-05-16T17:00:57.230671,GET,/api/mixed/db/1/,10.17,247,0,
2026-05-16T17:00:57.262625,GET,/api/mixed/pipeline/1/,10.67,82,0,
2026-05-16T17:00:57.317202,GET,/api/mixed/db/1/,10.36,247,0,
2026-05-16T17:00:57.380766,GET,/api/mixed/http/,114.83,55353,0,
2026-05-16T17:00:57.391249,GET,/api/mixed/db/1/,22.64,247,0,
2026-05-16T17:00:57.470720,GET,/api/mixed/pipeline/1/,9.27,82,0,
2026-05-16T17:00:57.507685,GET,/api/mixed/http/,118.67,55353,0,
2026-05-16T17:00:57.516721,GET,/api/mixed/pipeline/1/,22.42,82,0,
2026-05-16T17:00:57.519841,GET,/api/mixed/db/1/,25.94,247,0,
2026-05-16T17:00:57.534349,GET,/api/mixed/pipeline/1/,9.14,82,0,
2026-05-16T17:00:57.669205,GET,/api/mixed/http/,115.49,55353,0,
2026-05-16T17:00:57.698659,GET,/api/mixed/http/,113.09,55353,0,
2026-05-16T17:00:57.869578,GET,/api/mixed/http/,112.51,55353,0,
2026-05-16T17:00:57.898750,GET,/api/mixed/db/1/,9.69,247,0,
2026-05-16T17:00:57.921099,GET,/api/mixed/db/1/,9.98,247,0,
2026-05-16T17:00:57.941088,GET,/api/mixed/pipeline/1/,13.63,82,0,
2026-05-16T17:00:57.945443,GET,/api/mixed/db/1/,15.37,247,0,
2026-05-16T17:00:58.029287,GET,/api/mixed/http/,178.18,55353,0,
2026-05-16T17:00:58.031220,GET,/api/mixed/http/,175.28,55353,0,
2026-05-16T17:00:58.032285,GET,/api/mixed/http/,151.13,55353,0,
2026-05-16T17:00:58.055489,GET,/api/mixed/pipeline/1/,84.8,82,0,
2026-05-16T17:00:58.056502,GET,/api/mixed/pipeline/1/,67.93,82,0,
2026-05-16T17:00:58.057199,GET,/api/mixed/db/1/,39.97,247,0,
2026-05-16T17:00:58.060138,GET,/api/mixed/db/1/,26.67,247,0,
2026-05-16T17:00:58.142861,GET,/api/mixed/http/,149.46,55353,0,
2026-05-16T17:00:58.156364,GET,/api/mixed/pipeline/1/,9.15,82,0,
2026-05-16T17:00:58.210136,GET,/api/mixed/pipeline/1/,9.55,82,0,
2026-05-16T17:00:58.284361,GET,/api/mixed/db/1/,10.88,247,0,
2026-05-16T17:00:58.300202,GET,/api/mixed/pipeline/1/,9.51,82,0,
2026-05-16T17:00:58.328410,GET,/api/mixed/db/1/,10.17,247,0,
2026-05-16T17:00:58.355785,GET,/api/mixed/http/,113.3,55353,0,
2026-05-16T17:00:58.415472,GET,/api/mixed/http/,111.92,55353,0,
2026-05-16T17:00:58.464075,GET,/api/mixed/db/1/,10.28,247,0,
2026-05-16T17:00:58.483278,GET,/api/mixed/http/,113.1,55353,0,
2026-05-16T17:00:58.598641,GET,/api/mixed/http/,116.16,55353,0,
2026-05-16T17:00:58.633063,GET,/api/mixed/http/,115.37,55353,0,
2026-05-16T17:00:58.639860,GET,/api/mixed/pipeline/1/,15.93,82,0,
2026-05-16T17:00:58.663088,GET,/api/mixed/http/,116.6,55353,0,
2026-05-16T17:00:58.682594,GET,/api/mixed/http/,113.21,55353,0,
2026-05-16T17:00:58.700262,GET,/api/mixed/pipeline/1/,9.45,82,0,
2026-05-16T17:00:58.708083,GET,/api/mixed/http/,116.91,55353,0,
2026-05-16T17:00:58.756850,GET,/api/mixed/pipeline/1/,14.55,82,0,
2026-05-16T17:00:58.758989,GET,/api/mixed/pipeline/1/,14.87,82,0,
2026-05-16T17:00:58.774330,GET,/api/mixed/db/1/,10.03,247,0,
2026-05-16T17:00:58.871613,GET,/api/mixed/db/1/,16.86,247,0,
2026-05-16T17:00:58.872166,GET,/api/mixed/http/,114.09,55353,0,
2026-05-16T17:00:59.000704,GET,/api/mixed/http/,113.0,55353,0,
2026-05-16T17:00:59.008914,GET,/api/mixed/http/,113.43,55353,0,
2026-05-16T17:00:59.122896,GET,/api/mixed/db/1/,9.68,247,0,
2026-05-16T17:00:59.225799,GET,/api/mixed/http/,120.47,55353,0,
2026-05-16T17:00:59.284887,GET,/api/mixed/http/,113.8,55353,0,
2026-05-16T17:00:59.296597,GET,/api/mixed/pipeline/1/,9.31,82,0,
2026-05-16T17:00:59.335118,GET,/api/mixed/http/,117.14,55353,0,
2026-05-16T17:00:59.451714,GET,/api/mixed/http/,112.64,55353,0,
2026-05-16T17:00:59.493890,GET,/api/mixed/http/,113.7,55353,0,
2026-05-16T17:00:59.503329,GET,/api/mixed/http/,114.38,55353,0,
2026-05-16T17:00:59.510205,GET,/api/mixed/pipeline/1/,11.12,82,0,
2026-05-16T17:00:59.547166,GET,/api/mixed/http/,117.37,55353,0,
2026-05-16T17:00:59.607476,GET,/api/mixed/pipeline/1/,10.89,82,0,
2026-05-16T17:00:59.662430,GET,/api/mixed/http/,124.04,55353,0,
2026-05-16T17:00:59.672891,GET,/api/mixed/db/1/,29.13,247,0,
2026-05-16T17:00:59.676315,GET,/api/mixed/db/1/,20.9,247,0,
2026-05-16T17:00:59.678100,GET,/api/mixed/pipeline/1/,28.43,82,0,
2026-05-16T17:00:59.693922,GET,/api/mixed/db/1/,11.34,247,0,
2026-05-16T17:00:59.718613,GET,/api/mixed/http/,113.95,55353,0,
2026-05-16T17:00:59.805897,GET,/api/mixed/http/,116.63,55353,0,
2026-05-16T17:00:59.829017,GET,/api/mixed/pipeline/1/,12.91,82,0,
2026-05-16T17:00:59.862332,GET,/api/mixed/db/1/,11.07,247,0,
2026-05-16T17:00:59.934154,GET,/api/mixed/db/1/,10.12,247,0,
2026-05-16T17:00:59.995442,GET,/api/mixed/db/1/,10.04,247,0,
2026-05-16T17:01:00.100305,GET,/api/mixed/db/1/,10.09,247,0,
2026-05-16T17:01:00.230340,GET,/api/mixed/pipeline/1/,9.58,82,0,
2026-05-16T17:01:00.260053,GET,/api/mixed/db/1/,10.62,247,0,
2026-05-16T17:01:00.275340,GET,/api/mixed/http/,112.65,55353,0,
2026-05-16T17:01:00.311629,GET,/api/mixed/db/1/,10.78,247,0,
2026-05-16T17:01:00.346879,GET,/api/mixed/http/,114.11,55353,0,
2026-05-16T17:01:00.460665,GET,/api/mixed/db/1/,10.26,247,0,
2026-05-16T17:01:00.526630,GET,/api/mixed/pipeline/1/,13.44,82,0,
2026-05-16T17:01:00.531692,GET,/api/mixed/db/1/,12.74,247,0,
2026-05-16T17:01:00.583746,GET,/api/mixed/pipeline/1/,13.01,82,0,
2026-05-16T17:01:00.588962,GET,/api/mixed/db/1/,12.49,247,0,
2026-05-16T17:01:00.620268,GET,/api/mixed/db/1/,10.02,247,0,
2026-05-16T17:01:00.669927,GET,/api/mixed/http/,118.02,55353,0,
2026-05-16T17:01:00.712945,GET,/api/mixed/pipeline/1/,9.43,82,0,
2026-05-16T17:01:00.734448,GET,/api/mixed/db/1/,10.29,247,0,
2026-05-16T17:01:00.752008,GET,/api/mixed/http/,113.53,55353,0,
2026-05-16T17:01:00.780830,GET,/api/mixed/pipeline/1/,13.61,82,0,
2026-05-16T17:01:00.784284,GET,/api/mixed/db/1/,15.37,247,0,
2026-05-16T17:01:00.813879,GET,/api/mixed/db/1/,10.2,247,0,
2026-05-16T17:01:00.876491,GET,/api/mixed/http/,115.17,55353,0,
2026-05-16T17:01:00.883877,GET,/api/mixed/pipeline/1/,14.73,82,0,
2026-05-16T17:01:00.900930,GET,/api/mixed/db/1/,19.26,247,0,
2026-05-16T17:01:00.902232,GET,/api/mixed/pipeline/1/,20.09,82,0,
2026-05-16T17:01:00.915846,GET,/api/mixed/pipeline/1/,9.22,82,0,
2026-05-16T17:01:00.925884,GET,/api/mixed/db/1/,9.92,247,0,
2026-05-16T17:01:01.008030,GET,/api/mixed/http/,119.78,55353,0,
2026-05-16T17:01:01.038305,GET,/api/mixed/http/,113.2,55353,0,
2026-05-16T17:01:01.071607,GET,/api/mixed/db/1/,10.05,247,0,
2026-05-16T17:01:01.108680,GET,/api/mixed/db/1/,10.04,247,0,
2026-05-16T17:01:01.136839,GET,/api/mixed/http/,113.54,55353,0,
2026-05-16T17:01:01.201049,GET,/api/mixed/http/,114.1,55353,0,
2026-05-16T17:01:01.203100,GET,/api/mixed/pipeline/1/,17.83,82,0,
2026-05-16T17:01:01.298419,GET,/api/mixed/pipeline/1/,12.65,82,0,
2026-05-16T17:01:01.315624,GET,/api/mixed/db/1/,13.78,247,0,
2026-05-16T17:01:01.384131,GET,/api/mixed/pipeline/1/,10.29,82,0,
2026-05-16T17:01:01.422430,GET,/api/mixed/http/,115.76,55353,0,
2026-05-16T17:01:01.451307,GET,/api/mixed/db/1/,12.24,247,0,
2026-05-16T17:01:01.469418,GET,/api/mixed/db/1/,10.86,247,0,
2026-05-16T17:01:01.477457,GET,/api/mixed/db/1/,11.11,247,0,
2026-05-16T17:01:01.538618,GET,/api/mixed/http/,117.21,55353,0,
2026-05-16T17:01:01.553907,GET,/api/mixed/http/,115.24,55353,0,
2026-05-16T17:01:01.596405,GET,/api/mixed/pipeline/1/,12.22,82,0,
2026-05-16T17:01:01.650343,GET,/api/mixed/pipeline/1/,9.54,82,0,
2026-05-16T17:01:01.705018,GET,/api/mixed/http/,116.11,55353,0,
2026-05-16T17:01:01.706570,GET,/api/mixed/pipeline/1/,20.94,82,0,
2026-05-16T17:01:01.750814,GET,/api/mixed/db/1/,10.02,247,0,
2026-05-16T17:01:01.803284,GET,/api/mixed/http/,117.14,55353,0,
2026-05-16T17:01:01.991359,GET,/api/mixed/db/1/,9.42,247,0,
2026-05-16T17:01:02.008505,GET,/api/mixed/pipeline/1/,10.81,82,0,
2026-05-16T17:01:02.015697,GET,/api/mixed/pipeline/1/,11.29,82,0,
2026-05-16T17:01:02.088515,GET,/api/mixed/http/,114.43,55353,0,
2026-05-16T17:01:02.205551,GET,/api/mixed/db/1/,10.03,247,0,
2026-05-16T17:01:02.282190,GET,/api/mixed/http/,121.32,55353,0,
2026-05-16T17:01:02.297254,GET,/api/mixed/http/,116.54,55353,0,
2026-05-16T17:01:02.301052,GET,/api/mixed/pipeline/1/,33.16,82,0,
2026-05-16T17:01:02.303298,GET,/api/mixed/db/1/,31.64,247,0,
2026-05-16T17:01:02.353100,GET,/api/mixed/db/1/,19.42,247,0,
2026-05-16T17:01:02.362115,GET,/api/mixed/pipeline/1/,25.71,82,0,
2026-05-16T17:01:02.366330,GET,/api/mixed/db/1/,23.6,247,0,
2026-05-16T17:01:02.367027,GET,/api/mixed/pipeline/1/,25.96,82,0,
2026-05-16T17:01:02.400773,GET,/api/mixed/pipeline/1/,9.58,82,0,
2026-05-16T17:01:02.435134,GET,/api/mixed/db/1/,9.97,247,0,
2026-05-16T17:01:02.482770,GET,/api/mixed/db/1/,15.37,247,0,
2026-05-16T17:01:02.484335,GET,/api/mixed/db/1/,16.47,247,0,
2026-05-16T17:01:02.521751,GET,/api/mixed/pipeline/1/,9.74,82,0,
2026-05-16T17:01:02.602802,GET,/api/mixed/pipeline/1/,9.74,82,0,
2026-05-16T17:01:02.634404,GET,/api/mixed/pipeline/1/,12.29,82,0,
2026-05-16T17:01:02.666872,GET,/api/mixed/pipeline/1/,16.74,82,0,
2026-05-16T17:01:02.667453,GET,/api/mixed/db/1/,17.73,247,0,
2026-05-16T17:01:02.743741,GET,/api/mixed/http/,115.8,55353,0,
2026-05-16T17:01:02.769495,GET,/api/mixed/pipeline/1/,9.48,82,0,
2026-05-16T17:01:02.818898,GET,/api/mixed/http/,112.88,55353,0,
2026-05-16T17:01:02.874676,GET,/api/mixed/db/1/,9.8,247,0,
2026-05-16T17:01:02.885216,GET,/api/mixed/pipeline/1/,9.24,82,0,
2026-05-16T17:01:02.948094,GET,/api/mixed/db/1/,16.36,247,0,
2026-05-16T17:01:02.960678,GET,/api/mixed/http/,113.52,55353,0,
2026-05-16T17:01:03.128498,GET,/api/mixed/pipeline/1/,11.08,82,0,
2026-05-16T17:01:03.147887,GET,/api/mixed/db/1/,10.12,247,0,
2026-05-16T17:01:03.260513,GET,/api/mixed/db/1/,26.19,247,0,
2026-05-16T17:01:03.266362,GET,/api/mixed/db/1/,27.63,247,0,
2026-05-16T17:01:03.270006,GET,/api/mixed/db/1/,20.66,247,0,
2026-05-16T17:01:03.330346,GET,/api/mixed/db/1/,9.86,247,0,
2026-05-16T17:01:03.389056,GET,/api/mixed/http/,114.74,55353,0,
2026-05-16T17:01:03.399321,GET,/api/mixed/pipeline/1/,20.67,82,0,
2026-05-16T17:01:03.403992,GET,/api/mixed/db/1/,12.69,247,0,
2026-05-16T17:01:03.426071,GET,/api/mixed/http/,112.6,55353,0,
2026-05-16T17:01:03.483496,GET,/api/mixed/db/1/,14.03,247,0,
2026-05-16T17:01:03.491037,GET,/api/mixed/pipeline/1/,15.67,82,0,
2026-05-16T17:01:03.569618,GET,/api/mixed/db/1/,10.15,247,0,
2026-05-16T17:01:03.604783,GET,/api/mixed/db/1/,17.86,247,0,
2026-05-16T17:01:03.667720,GET,/api/mixed/pipeline/1/,9.53,82,0,
2026-05-16T17:01:03.712555,GET,/api/mixed/db/1/,25.42,247,0,
2026-05-16T17:01:03.717316,GET,/api/mixed/pipeline/1/,26.41,82,0,
2026-05-16T17:01:03.718287,GET,/api/mixed/http/,123.64,55353,0,
2026-05-16T17:01:03.720177,GET,/api/mixed/http/,127.35,55353,0,
2026-05-16T17:01:03.770681,GET,/api/mixed/pipeline/1/,13.12,82,0,
2026-05-16T17:01:03.775709,GET,/api/mixed/db/1/,15.37,247,0,
2026-05-16T17:01:03.804054,GET,/api/mixed/db/1/,10.04,247,0,
2026-05-16T17:01:03.865530,GET,/api/mixed/db/1/,10.24,247,0,
2026-05-16T17:01:03.920104,GET,/api/mixed/pipeline/1/,9.4,82,0,
2026-05-16T17:01:03.956512,GET,/api/mixed/db/1/,11.19,247,0,
2026-05-16T17:01:03.965353,GET,/api/mixed/pipeline/1/,10.18,82,0,
2026-05-16T17:01:04.002734,GET,/api/mixed/http/,112.93,55353,0,
2026-05-16T17:01:04.016566,GET,/api/mixed/pipeline/1/,9.36,82,0,
2026-05-16T17:01:04.090894,GET,/api/mixed/pipeline/1/,9.29,82,0,
2026-05-16T17:01:04.148309,GET,/api/mixed/http/,114.48,55353,0,
2026-05-16T17:01:04.155330,GET,/api/mixed/db/1/,17.84,247,0,
2026-05-16T17:01:04.182850,GET,/api/mixed/http/,112.12,55353,0,
2026-05-16T17:01:04.209725,GET,/api/mixed/pipeline/1/,15.63,82,0,
2026-05-16T17:01:04.215737,GET,/api/mixed/pipeline/1/,18.89,82,0,
2026-05-16T17:01:04.220535,GET,/api/mixed/db/1/,16.06,247,0,
2026-05-16T17:01:04.271432,GET,/api/mixed/db/1/,10.63,247,0,
2026-05-16T17:01:04.339744,GET,/api/mixed/db/1/,10.71,247,0,
2026-05-16T17:01:04.436325,GET,/api/mixed/http/,113.23,55353,0,
2026-05-16T17:01:04.559145,GET,/api/mixed/pipeline/1/,11.11,82,0,
2026-05-16T17:01:04.610596,GET,/api/mixed/db/1/,10.18,247,0,
2026-05-16T17:01:04.624209,GET,/api/mixed/pipeline/1/,9.35,82,0,
2026-05-16T17:01:04.757368,GET,/api/mixed/pipeline/1/,9.52,82,0,
2026-05-16T17:01:04.798361,GET,/api/mixed/db/1/,10.54,247,0,
2026-05-16T17:01:04.861027,GET,/api/mixed/pipeline/1/,9.4,82,0,
2026-05-16T17:01:04.933508,GET,/api/mixed/http/,117.74,55353,0,
2026-05-16T17:01:04.940619,GET,/api/mixed/db/1/,25.99,247,0,
2026-05-16T17:01:04.941120,GET,/api/mixed/pipeline/1/,27.56,82,0,
2026-05-16T17:01:04.988866,GET,/api/mixed/db/1/,14.32,247,0,
2026-05-16T17:01:05.054550,GET,/api/mixed/db/1/,13.39,247,0,
2026-05-16T17:01:05.094712,GET,/api/mixed/http/,119.74,55353,0,
2026-05-16T17:01:05.105099,GET,/api/mixed/db/1/,23.3,247,0,
2026-05-16T17:01:05.106592,GET,/api/mixed/db/1/,24.37,247,0,
2026-05-16T17:01:05.232499,GET,/api/mixed/pipeline/1/,15.88,82,0,
2026-05-16T17:01:05.236422,GET,/api/mixed/pipeline/1/,12.46,82,0,
2026-05-16T17:01:05.281716,GET,/api/mixed/db/1/,10.05,247,0,
2026-05-16T17:01:05.315558,GET,/api/mixed/pipeline/1/,9.43,82,0,
2026-05-16T17:01:05.335459,GET,/api/mixed/http/,118.09,55353,0,
2026-05-16T17:01:05.449595,GET,/api/mixed/http/,121.82,55353,0,
2026-05-16T17:01:05.463558,GET,/api/mixed/http/,112.88,55353,0,
2026-05-16T17:01:05.483159,GET,/api/mixed/pipeline/1/,9.34,82,0,
2026-05-16T17:01:05.561783,GET,/api/mixed/pipeline/1/,15.42,82,0,
2026-05-16T17:01:05.609503,GET,/api/mixed/http/,115.16,55353,0,
2026-05-16T17:01:06.576357,GET,/api/mixed/http/,113.67,55353,0,
2026-05-16T17:01:06.588503,GET,/api/mixed/http/,115.04,55353,0,
2026-05-16T17:01:06.623554,GET,/api/mixed/db/1/,9.96,247,0,
2026-05-16T17:01:06.662878,GET,/api/mixed/db/1/,10.06,247,0,
2026-05-16T17:01:06.709478,GET,/api/mixed/http/,118.52,55353,0,
2026-05-16T17:01:06.739454,GET,/api/mixed/pipeline/1/,9.57,82,0,
2026-05-16T17:01:06.801896,GET,/api/mixed/pipeline/1/,12.01,82,0,
2026-05-16T17:01:06.845515,GET,/api/mixed/db/1/,10.27,247,0,
2026-05-16T17:01:06.874151,GET,/api/mixed/pipeline/1/,9.26,82,0,
2026-05-16T17:01:06.887897,GET,/api/mixed/http/,115.0,55353,0,
2026-05-16T17:01:06.894721,GET,/api/mixed/db/1/,17.17,247,0,
2026-05-16T17:01:06.907239,GET,/api/mixed/http/,115.61,55353,0,
2026-05-16T17:01:06.974640,GET,/api/mixed/db/1/,14.04,247,0,
2026-05-16T17:01:07.010502,GET,/api/mixed/db/1/,10.65,247,0,
2026-05-16T17:01:07.027406,GET,/api/mixed/db/1/,11.59,247,0,
2026-05-16T17:01:07.034956,GET,/api/mixed/db/1/,12.4,247,0,
2026-05-16T17:01:07.111831,GET,/api/mixed/http/,117.66,55353,0,
2026-05-16T17:01:07.112886,GET,/api/mixed/http/,121.48,55353,0,
2026-05-16T17:01:07.130150,GET,/api/mixed/db/1/,10.01,247,0,
2026-05-16T17:01:07.217125,GET,/api/mixed/http/,123.97,55353,0,
2026-05-16T17:01:07.272271,GET,/api/mixed/http/,116.92,55353,0,
2026-05-16T17:01:07.278988,GET,/api/mixed/db/1/,13.59,247,0,
2026-05-16T17:01:07.291493,GET,/api/mixed/pipeline/1/,10.14,82,0,
2026-05-16T17:01:07.473401,GET,/api/mixed/db/1/,11.25,247,0,
2026-05-16T17:01:07.548837,GET,/api/mixed/db/1/,16.13,247,0,
2026-05-16T17:01:07.586671,GET,/api/mixed/db/1/,10.09,247,0,
2026-05-16T17:01:07.600808,GET,/api/mixed/db/1/,9.79,247,0,
2026-05-16T17:01:07.672503,GET,/api/mixed/http/,132.8,55353,0,
2026-05-16T17:01:07.673141,GET,/api/mixed/db/1/,31.95,247,0,
2026-05-16T17:01:07.689781,GET,/api/mixed/db/1/,44.82,247,0,
2026-05-16T17:01:07.692921,GET,/api/mixed/pipeline/1/,45.46,82,0,
2026-05-16T17:01:07.698126,GET,/api/mixed/db/1/,35.9,247,0,
2026-05-16T17:01:07.706869,GET,/api/mixed/db/1/,24.01,247,0,
2026-05-16T17:01:07.707875,GET,/api/mixed/db/1/,25.57,247,0,
2026-05-16T17:01:07.725829,GET,/api/mixed/db/1/,9.61,247,0,
2026-05-16T17:01:07.737337,GET,/api/mixed/pipeline/1/,9.13,82,0,
2026-05-16T17:01:07.788368,GET,/api/mixed/http/,142.79,55353,0,
2026-05-16T17:01:07.789547,GET,/api/mixed/http/,144.08,55353,0,
2026-05-16T17:01:07.855650,GET,/api/mixed/pipeline/1/,9.36,82,0,
2026-05-16T17:01:07.929267,GET,/api/mixed/db/1/,19.23,247,0,
2026-05-16T17:01:07.930866,GET,/api/mixed/http/,113.45,55353,0,
2026-05-16T17:01:08.064439,GET,/api/mixed/http/,113.24,55353,0,
2026-05-16T17:01:08.109679,GET,/api/mixed/http/,112.37,55353,0,
2026-05-16T17:01:08.349399,GET,/api/mixed/http/,112.92,55353,0,
2026-05-16T17:01:08.410349,GET,/api/mixed/db/1/,10.44,247,0,
2026-05-16T17:01:08.434632,GET,/api/mixed/db/1/,9.96,247,0,
2026-05-16T17:01:08.448143,GET,/api/mixed/pipeline/1/,9.16,82,0,
2026-05-16T17:01:08.585666,GET,/api/mixed/db/1/,10.36,247,0,
2026-05-16T17:01:08.620692,GET,/api/mixed/http/,115.21,55353,0,
2026-05-16T17:01:08.626980,GET,/api/mixed/pipeline/1/,13.24,82,0,
2026-05-16T17:01:08.658151,GET,/api/mixed/db/1/,9.85,247,0,
2026-05-16T17:01:08.704077,GET,/api/mixed/http/,114.03,55353,0,
2026-05-16T17:01:08.711777,GET,/api/mixed/db/1/,12.58,247,0,
2026-05-16T17:01:08.720533,GET,/api/mixed/pipeline/1/,9.56,82,0,
2026-05-16T17:01:08.796703,GET,/api/mixed/http/,112.27,55353,0,
2026-05-16T17:01:08.841030,GET,/api/mixed/pipeline/1/,15.94,82,0,
2026-05-16T17:01:08.880966,GET,/api/mixed/http/,123.2,55353,0,
2026-05-16T17:01:08.888552,GET,/api/mixed/http/,123.84,55353,0,
2026-05-16T17:01:08.893715,GET,/api/mixed/pipeline/1/,25.49,82,0,
2026-05-16T17:01:08.897672,GET,/api/mixed/pipeline/1/,15.44,82,0,
2026-05-16T17:01:08.953332,GET,/api/mixed/pipeline/1/,9.46,82,0,
2026-05-16T17:01:08.969430,GET,/api/mixed/db/1/,9.8,247,0,
2026-05-16T17:01:08.989556,GET,/api/mixed/http/,128.23,55353,0,
2026-05-16T17:01:08.995767,GET,/api/mixed/pipeline/1/,17.14,82,0,
2026-05-16T17:01:09.064880,GET,/api/mixed/pipeline/1/,10.02,82,0,
2026-05-16T17:01:09.074890,GET,/api/mixed/db/1/,10.73,247,0,
2026-05-16T17:01:09.101237,GET,/api/mixed/db/1/,10.02,247,0,
2026-05-16T17:01:09.135781,GET,/api/mixed/http/,121.45,55353,0,
2026-05-16T17:01:09.136847,GET,/api/mixed/http/,113.74,55353,0,
2026-05-16T17:01:09.169428,GET,/api/mixed/db/1/,10.31,247,0,
2026-05-16T17:01:09.252566,GET,/api/mixed/db/1/,9.82,247,0,
2026-05-16T17:01:09.310497,GET,/api/mixed/http/,112.61,55353,0,
2026-05-16T17:01:09.332230,GET,/api/mixed/pipeline/1/,9.5,82,0,
2026-05-16T17:01:09.385542,GET,/api/mixed/http/,112.65,55353,0,
2026-05-16T17:01:09.551862,GET,/api/mixed/db/1/,9.84,247,0,
2026-05-16T17:01:09.691900,GET,/api/mixed/db/1/,10.01,247,0,
2026-05-16T17:01:09.768705,GET,/api/mixed/http/,118.19,55353,0,
2026-05-16T17:01:09.770244,GET,/api/mixed/db/1/,37.89,247,0,
2026-05-16T17:01:09.792599,GET,/api/mixed/pipeline/1/,13.17,82,0,
2026-05-16T17:01:09.840883,GET,/api/mixed/pipeline/1/,10.03,82,0,
2026-05-16T17:01:09.879309,GET,/api/mixed/http/,140.6,55353,0,
2026-05-16T17:01:09.883444,GET,/api/mixed/http/,138.1,55353,0,
2026-05-16T17:01:09.885703,GET,/api/mixed/http/,133.62,55353,0,
2026-05-16T17:01:09.890348,GET,/api/mixed/db/1/,23.23,247,0,
2026-05-16T17:01:09.901120,GET,/api/mixed/http/,115.06,55353,0,
2026-05-16T17:01:09.940373,GET,/api/mixed/pipeline/1/,10.98,82,0,
2026-05-16T17:01:09.954627,GET,/api/mixed/db/1/,9.87,247,0,
2026-05-16T17:01:10.033090,GET,/api/mixed/db/1/,10.12,247,0,
2026-05-16T17:01:10.061302,GET,/api/mixed/pipeline/1/,16.9,82,0,
2026-05-16T17:01:10.063476,GET,/api/mixed/db/1/,18.68,247,0,
2026-05-16T17:01:10.070132,GET,/api/mixed/pipeline/1/,14.53,82,0,
2026-05-16T17:01:10.147980,GET,/api/mixed/pipeline/1/,9.59,82,0,
2026-05-16T17:01:10.196769,GET,/api/mixed/db/1/,10.12,247,0,
2026-05-16T17:01:10.342913,GET,/api/mixed/db/1/,15.7,247,0,
2026-05-16T17:01:10.345693,GET,/api/mixed/pipeline/1/,15.0,82,0,
2026-05-16T17:01:10.363813,GET,/api/mixed/http/,113.63,55353,0,
2026-05-16T17:01:10.392535,GET,/api/mixed/pipeline/1/,9.42,82,0,
2026-05-16T17:01:10.440267,GET,/api/mixed/db/1/,10.62,247,0,
2026-05-16T17:01:10.500872,GET,/api/mixed/db/1/,9.9,247,0,
2026-05-16T17:01:10.513136,GET,/api/mixed/http/,112.25,55353,0,
2026-05-16T17:01:10.552111,GET,/api/mixed/db/1/,15.77,247,0,
2026-05-16T17:01:10.553754,GET,/api/mixed/http/,113.37,55353,0,
2026-05-16T17:01:10.564123,GET,/api/mixed/http/,112.94,55353,0,
2026-05-16T17:01:10.576019,GET,/api/mixed/pipeline/1/,12.67,82,0,
2026-05-16T17:01:10.652196,GET,/api/mixed/http/,120.75,55353,0,
2026-05-16T17:01:10.663082,GET,/api/mixed/pipeline/1/,9.42,82,0,
2026-05-16T17:01:10.683457,GET,/api/mixed/http/,113.87,55353,0,
2026-05-16T17:01:10.744473,GET,/api/mixed/pipeline/1/,11.71,82,0,
2026-05-16T17:01:10.930488,GET,/api/mixed/http/,116.48,55353,0,
2026-05-16T17:01:10.973415,GET,/api/mixed/http/,131.51,55353,0,
2026-05-16T17:01:10.975470,GET,/api/mixed/http/,124.62,55353,0,
2026-05-16T17:01:10.981038,GET,/api/mixed/pipeline/1/,29.28,82,0,
2026-05-16T17:01:11.006867,GET,/api/mixed/db/1/,10.14,247,0,
2026-05-16T17:01:11.031652,GET,/api/mixed/pipeline/1/,9.42,82,0,
2026-05-16T17:01:11.118793,GET,/api/mixed/pipeline/1/,9.89,82,0,
2026-05-16T17:01:11.134309,GET,/api/mixed/pipeline/1/,10.18,82,0,
2026-05-16T17:01:11.161418,GET,/api/mixed/db/1/,9.79,247,0,
2026-05-16T17:01:11.308502,GET,/api/mixed/pipeline/1/,9.56,82,0,
2026-05-16T17:01:11.317357,GET,/api/mixed/pipeline/1/,9.6,82,0,
2026-05-16T17:01:11.347634,GET,/api/mixed/http/,112.86,55353,0,
2026-05-16T17:01:11.356744,GET,/api/mixed/pipeline/1/,10.15,82,0,
2026-05-16T17:01:11.403195,GET,/api/mixed/pipeline/1/,9.1,82,0,
2026-05-16T17:01:11.505509,GET,/api/mixed/http/,116.27,55353,0,
2026-05-16T17:01:11.512838,GET,/api/mixed/db/1/,12.36,247,0,
2026-05-16T17:01:11.586284,GET,/api/mixed/db/1/,10.06,247,0,
2026-05-16T17:01:11.625135,GET,/api/mixed/db/1/,13.56,247,0,
2026-05-16T17:01:11.634716,GET,/api/mixed/http/,113.45,55353,0,
2026-05-16T17:01:11.642440,GET,/api/mixed/pipeline/1/,12.07,82,0,
2026-05-16T17:01:11.734088,GET,/api/mixed/http/,120.71,55353,0,
2026-05-16T17:01:11.753602,GET,/api/mixed/http/,113.66,55353,0,
2026-05-16T17:01:11.852432,GET,/api/mixed/db/1/,10.23,247,0,
2026-05-16T17:01:11.866556,GET,/api/mixed/db/1/,9.69,247,0,
2026-05-16T17:01:11.892007,GET,/api/mixed/db/1/,17.08,247,0,
2026-05-16T17:01:11.892492,GET,/api/mixed/db/1/,16.15,247,0,
2026-05-16T17:01:11.912870,GET,/api/mixed/db/1/,10.08,247,0,
2026-05-16T17:01:11.954241,GET,/api/mixed/pipeline/1/,13.63,82,0,
2026-05-16T17:01:11.965647,GET,/api/mixed/pipeline/1/,9.17,82,0,
2026-05-16T17:01:12.041238,GET,/api/mixed/http/,113.14,55353,0,
2026-05-16T17:01:12.054906,GET,/api/mixed/pipeline/1/,9.32,82,0,
2026-05-16T17:01:12.065961,GET,/api/mixed/db/1/,9.66,247,0,
2026-05-16T17:01:12.111559,GET,/api/mixed/db/1/,10.2,247,0,
2026-05-16T17:01:12.190849,GET,/api/mixed/pipeline/1/,20.4,82,0,
2026-05-16T17:01:12.230488,GET,/api/mixed/pipeline/1/,9.28,82,0,
2026-05-16T17:01:12.302011,GET,/api/mixed/http/,114.88,55353,0,
2026-05-16T17:01:12.403701,GET,/api/mixed/http/,116.76,55353,0,
2026-05-16T17:01:12.457876,GET,/api/mixed/http/,118.51,55353,0,
2026-05-16T17:01:12.460240,GET,/api/mixed/http/,113.02,55353,0,
2026-05-16T17:01:12.510358,GET,/api/mixed/db/1/,15.75,247,0,
2026-05-16T17:01:12.512869,GET,/api/mixed/http/,115.73,55353,0,
2026-05-16T17:01:12.575889,GET,/api/mixed/pipeline/1/,9.66,82,0,
2026-05-16T17:01:12.625011,GET,/api/mixed/db/1/,12.69,247,0,
2026-05-16T17:01:12.630894,GET,/api/mixed/db/1/,12.75,247,0,
2026-05-16T17:01:12.646975,GET,/api/mixed/db/1/,9.83,247,0,
2026-05-16T17:01:12.835828,GET,/api/mixed/pipeline/1/,9.98,82,0,
2026-05-16T17:01:12.967731,GET,/api/mixed/http/,116.66,55353,0,
2026-05-16T17:01:12.988454,GET,/api/mixed/http/,114.62,55353,0,
2026-05-16T17:01:12.992224,GET,/api/mixed/db/1/,17.23,247,0,
2026-05-16T17:01:13.064007,GET,/api/mixed/db/1/,13.73,247,0,
2026-05-16T17:01:13.068325,GET,/api/mixed/db/1/,14.36,247,0,
2026-05-16T17:01:13.107348,GET,/api/mixed/pipeline/1/,9.67,82,0,
2026-05-16T17:01:13.129725,GET,/api/mixed/pipeline/1/,8.98,82,0,
2026-05-16T17:01:13.147809,GET,/api/mixed/http/,112.31,55353,0,
2026-05-16T17:01:13.399409,GET,/api/mixed/http/,113.05,55353,0,
2026-05-16T17:01:13.447200,GET,/api/mixed/db/1/,10.66,247,0,
2026-05-16T17:01:13.460336,GET,/api/mixed/http/,112.07,55353,0,
2026-05-16T17:01:13.496701,GET,/api/mixed/db/1/,10.0,247,0,
2026-05-16T17:01:13.531645,GET,/api/mixed/http/,113.88,55353,0,
2026-05-16T17:01:13.614756,GET,/api/mixed/pipeline/1/,9.46,82,0,
2026-05-16T17:01:13.629091,GET,/api/mixed/http/,113.09,55353,0,
2026-05-16T17:01:13.644374,GET,/api/mixed/http/,120.62,55353,0,
2026-05-16T17:01:13.665519,GET,/api/mixed/pipeline/1/,9.72,82,0,
2026-05-16T17:01:13.686331,GET,/api/mixed/pipeline/1/,10.46,82,0,
2026-05-16T17:01:13.702202,GET,/api/mixed/db/1/,11.49,247,0,
2026-05-16T17:01:13.735413,GET,/api/mixed/pipeline/1/,9.88,82,0,
2026-05-16T17:01:13.754905,GET,/api/mixed/http/,116.61,55353,0,
2026-05-16T17:01:13.766380,GET,/api/mixed/db/1/,21.76,247,0,
2026-05-16T17:01:13.769551,GET,/api/mixed/pipeline/1/,13.26,82,0,
2026-05-16T17:01:13.795945,GET,/api/mixed/db/1/,10.06,247,0,
2026-05-16T17:01:13.850966,GET,/api/mixed/pipeline/1/,14.84,82,0,
2026-05-16T17:01:13.857733,GET,/api/mixed/pipeline/1/,16.82,82,0,
2026-05-16T17:01:13.862886,GET,/api/mixed/db/1/,15.36,247,0,
2026-05-16T17:01:13.871051,GET,/api/mixed/pipeline/1/,11.16,82,0,
2026-05-16T17:01:13.964802,GET,/api/mixed/db/1/,14.46,247,0,
2026-05-16T17:01:13.972397,GET,/api/mixed/pipeline/1/,10.77,82,0,
2026-05-16T17:01:14.043777,GET,/api/mixed/pipeline/1/,14.27,82,0,
2026-05-16T17:01:14.048420,GET,/api/mixed/db/1/,15.12,247,0,
2026-05-16T17:01:14.066487,GET,/api/mixed/http/,115.71,55353,0,
2026-05-16T17:01:14.104836,GET,/api/mixed/db/1/,10.14,247,0,
2026-05-16T17:01:14.248801,GET,/api/mixed/db/1/,12.31,247,0,
2026-05-16T17:01:14.282021,GET,/api/mixed/db/1/,12.79,247,0,
2026-05-16T17:01:14.287389,GET,/api/mixed/pipeline/1/,12.39,82,0,
2026-05-16T17:01:14.337955,GET,/api/mixed/db/1/,10.25,247,0,
2026-05-16T17:01:14.358527,GET,/api/mixed/http/,116.11,55353,0,
2026-05-16T17:01:14.397022,GET,/api/mixed/pipeline/1/,11.07,82,0,
2026-05-16T17:01:14.404513,GET,/api/mixed/db/1/,11.72,247,0,
2026-05-16T17:01:14.426109,GET,/api/mixed/pipeline/1/,9.22,82,0,
2026-05-16T17:01:14.567299,GET,/api/mixed/http/,119.96,55353,0,
2026-05-16T17:01:14.619873,GET,/api/mixed/http/,113.68,55353,0,
2026-05-16T17:01:14.731231,GET,/api/mixed/db/1/,15.36,247,0,
2026-05-16T17:01:14.732714,GET,/api/mixed/db/1/,15.14,247,0,
2026-05-16T17:01:14.774459,GET,/api/mixed/pipeline/1/,9.47,82,0,
2026-05-16T17:01:14.822716,GET,/api/mixed/http/,123.38,55353,0,
2026-05-16T17:01:14.823776,GET,/api/mixed/http/,113.65,55353,0,
2026-05-16T17:01:14.854070,GET,/api/mixed/pipeline/1/,9.23,82,0,
2026-05-16T17:01:14.940711,GET,/api/mixed/http/,112.63,55353,0,
2026-05-16T17:01:14.956518,GET,/api/mixed/db/1/,10.49,247,0,
2026-05-16T17:01:15.107001,GET,/api/mixed/http/,117.21,55353,0,
2026-05-16T17:01:15.130238,GET,/api/mixed/db/1/,13.94,247,0,
2026-05-16T17:01:15.146898,GET,/api/mixed/http/,113.55,55353,0,
2026-05-16T17:01:15.457308,GET,/api/mixed/db/1/,10.22,247,0,
2026-05-16T17:01:15.478538,GET,/api/mixed/pipeline/1/,15.88,82,0,
2026-05-16T17:01:15.478990,GET,/api/mixed/http/,115.73,55353,0,
2026-05-16T17:01:15.504475,GET,/api/mixed/db/1/,10.22,247,0,
2026-05-16T17:01:15.665780,GET,/api/mixed/db/1/,16.79,247,0,
2026-05-16T17:01:15.671360,GET,/api/mixed/pipeline/1/,16.6,82,0,
2026-05-16T17:01:15.721722,GET,/api/mixed/http/,114.08,55353,0,
2026-05-16T17:01:15.748271,GET,/api/mixed/http/,112.16,55353,0,
2026-05-16T17:01:15.764611,GET,/api/mixed/db/1/,10.06,247,0,
2026-05-16T17:01:15.783723,GET,/api/mixed/http/,122.2,55353,0,
2026-05-16T17:01:15.793479,GET,/api/mixed/pipeline/1/,19.26,82,0,
2026-05-16T17:01:15.798066,GET,/api/mixed/db/1/,15.11,247,0,
2026-05-16T17:01:15.822353,GET,/api/mixed/db/1/,9.97,247,0,
2026-05-16T17:01:15.896785,GET,/api/mixed/http/,122.95,55353,0,
2026-05-16T17:01:15.961088,GET,/api/mixed/http/,114.56,55353,0,
2026-05-16T17:01:15.966303,GET,/api/mixed/pipeline/1/,18.37,82,0,
2026-05-16T17:01:15.973889,GET,/api/mixed/db/1/,11.56,247,0,
2026-05-16T17:01:16.016338,GET,/api/mixed/http/,113.2,55353,0,
2026-05-16T17:01:16.151925,GET,/api/mixed/pipeline/1/,9.39,82,0,
2026-05-16T17:01:16.167175,GET,/api/mixed/db/1/,9.76,247,0,
2026-05-16T17:01:16.200318,GET,/api/mixed/db/1/,10.77,247,0,
2026-05-16T17:01:16.225997,GET,/api/mixed/pipeline/1/,18.27,82,0,
2026-05-16T17:01:16.227635,GET,/api/mixed/http/,116.99,55353,0,
2026-05-16T17:01:16.235511,GET,/api/mixed/db/1/,20.01,247,0,
2026-05-16T17:01:16.281538,GET,/api/mixed/db/1/,12.81,247,0,
2026-05-16T17:01:16.323136,GET,/api/mixed/pipeline/1/,9.36,82,0,
2026-05-16T17:01:16.351385,GET,/api/mixed/db/1/,13.87,247,0,
2026-05-16T17:01:16.369236,GET,/api/mixed/pipeline/1/,9.67,82,0,
2026-05-16T17:01:16.378657,GET,/api/mixed/db/1/,10.29,247,0,
2026-05-16T17:01:16.386678,GET,/api/mixed/http/,115.22,55353,0,
2026-05-16T17:01:16.435711,GET,/api/mixed/pipeline/1/,9.66,82,0,
2026-05-16T17:01:16.503112,GET,/api/mixed/pipeline/1/,9.25,82,0,
2026-05-16T17:01:16.556240,GET,/api/mixed/db/1/,11.15,247,0,
2026-05-16T17:01:16.568520,GET,/api/mixed/http/,112.47,55353,0,
2026-05-16T17:01:16.602078,GET,/api/mixed/http/,113.07,55353,0,
2026-05-16T17:01:16.620126,GET,/api/mixed/http/,111.78,55353,0,
2026-05-16T17:01:16.848537,GET,/api/mixed/pipeline/1/,9.4,82,0,
2026-05-16T17:01:16.868003,GET,/api/mixed/http/,114.37,55353,0,
2026-05-16T17:01:16.896657,GET,/api/mixed/pipeline/1/,20.41,82,0,
2026-05-16T17:01:16.898687,GET,/api/mixed/db/1/,22.04,247,0,
2026-05-16T17:01:16.902088,GET,/api/mixed/pipeline/1/,20.71,82,0,
2026-05-16T17:01:16.932747,GET,/api/mixed/http/,118.47,55353,0,
2026-05-16T17:01:16.939611,GET,/api/mixed/db/1/,14.44,247,0,
2026-05-16T17:01:16.971122,GET,/api/mixed/db/1/,10.12,247,0,
2026-05-16T17:01:16.986311,GET,/api/mixed/db/1/,9.95,247,0,
2026-05-16T17:01:17.012466,GET,/api/mixed/db/1/,9.93,247,0,
2026-05-16T17:01:17.025728,GET,/api/mixed/http/,112.29,55353,0,
2026-05-16T17:01:17.052734,GET,/api/mixed/pipeline/1/,12.03,82,0,
2026-05-16T17:01:17.069740,GET,/api/mixed/db/1/,9.7,247,0,
2026-05-16T17:01:17.148104,GET,/api/mixed/http/,112.2,55353,0,
2026-05-16T17:01:17.158264,GET,/api/mixed/http/,116.99,55353,0,
2026-05-16T17:01:17.175722,GET,/api/mixed/pipeline/1/,9.25,82,0,
2026-05-16T17:01:17.198922,GET,/api/mixed/db/1/,9.97,247,0,
2026-05-16T17:01:17.224108,GET,/api/mixed/db/1/,14.79,247,0,
2026-05-16T17:01:17.227060,GET,/api/mixed/pipeline/1/,12.99,82,0,
2026-05-16T17:01:17.239133,GET,/api/mixed/db/1/,9.75,247,0,
2026-05-16T17:01:17.363950,GET,/api/mixed/pipeline/1/,9.4,82,0,
2026-05-16T17:01:17.519255,GET,/api/mixed/pipeline/1/,13.77,82,0,
2026-05-16T17:01:17.522934,GET,/api/mixed/pipeline/1/,13.6,82,0,
2026-05-16T17:01:17.567901,GET,/api/mixed/pipeline/1/,12.58,82,0,
2026-05-16T17:01:17.686399,GET,/api/mixed/db/1/,9.93,247,0,
2026-05-16T17:01:17.713380,GET,/api/mixed/http/,121.16,55353,0,
2026-05-16T17:01:17.723430,GET,/api/mixed/db/1/,31.99,247,0,
2026-05-16T17:01:17.725439,GET,/api/mixed/pipeline/1/,35.71,82,0,
2026-05-16T17:01:17.733806,GET,/api/mixed/pipeline/1/,24.71,82,0,
2026-05-16T17:01:17.735836,GET,/api/mixed/db/1/,26.21,247,0,
2026-05-16T17:01:17.828631,GET,/api/mixed/pipeline/1/,15.05,82,0,
2026-05-16T17:01:17.831052,GET,/api/mixed/db/1/,15.65,247,0,
2026-05-16T17:01:17.921220,GET,/api/mixed/pipeline/1/,9.98,82,0,
2026-05-16T17:01:17.968379,GET,/api/mixed/db/1/,10.9,247,0,
2026-05-16T17:01:17.999872,GET,/api/mixed/db/1/,10.22,247,0,
2026-05-16T17:01:18.058931,GET,/api/mixed/http/,113.28,55353,0,
2026-05-16T17:01:18.175411,GET,/api/mixed/pipeline/1/,11.16,82,0,
2026-05-16T17:01:18.183259,GET,/api/mixed/db/1/,12.16,247,0,
2026-05-16T17:01:18.211052,GET,/api/mixed/db/1/,12.57,247,0,
2026-05-16T17:01:18.259570,GET,/api/mixed/pipeline/1/,20.11,82,0,
2026-05-16T17:01:18.259954,GET,/api/mixed/db/1/,20.07,247,0,
2026-05-16T17:01:18.272996,GET,/api/mixed/db/1/,9.71,247,0,
2026-05-16T17:01:18.322183,GET,/api/mixed/http/,115.92,55353,0,
2026-05-16T17:01:18.364898,GET,/api/mixed/http/,119.14,55353,0,
2026-05-16T17:01:18.374811,GET,/api/mixed/db/1/,9.79,247,0,
2026-05-16T17:01:18.436495,GET,/api/mixed/db/1/,10.25,247,0,
2026-05-16T17:01:18.455170,GET,/api/mixed/db/1/,15.34,247,0,
2026-05-16T17:01:18.457187,GET,/api/mixed/db/1/,15.62,247,0,
2026-05-16T17:01:18.695863,GET,/api/mixed/pipeline/1/,10.31,82,0,
2026-05-16T17:01:18.752569,GET,/api/mixed/pipeline/1/,9.55,82,0,
2026-05-16T17:01:18.782116,GET,/api/mixed/http/,116.25,55353,0,
2026-05-16T17:01:18.799465,GET,/api/mixed/db/1/,10.5,247,0,
2026-05-16T17:01:18.817636,GET,/api/mixed/http/,113.41,55353,0,
2026-05-16T17:01:18.919726,GET,/api/mixed/pipeline/1/,9.34,82,0,
2026-05-16T17:01:18.950833,GET,/api/mixed/db/1/,9.84,247,0,
2026-05-16T17:01:18.970012,GET,/api/mixed/http/,119.14,55353,0,
2026-05-16T17:01:18.971228,GET,/api/mixed/http/,114.57,55353,0,
2026-05-16T17:01:18.981945,GET,/api/mixed/pipeline/1/,9.3,82,0,
2026-05-16T17:01:19.018194,GET,/api/mixed/db/1/,9.96,247,0,
2026-05-16T17:01:19.067966,GET,/api/mixed/pipeline/1/,9.37,82,0,
2026-05-16T17:01:19.164890,GET,/api/mixed/pipeline/1/,15.5,82,0,
2026-05-16T17:01:19.175143,GET,/api/mixed/db/1/,18.5,247,0,
2026-05-16T17:01:19.177247,GET,/api/mixed/db/1/,16.91,247,0,
2026-05-16T17:01:19.249132,GET,/api/mixed/db/1/,9.71,247,0,
2026-05-16T17:01:19.333084,GET,/api/mixed/http/,114.29,55353,0,
2026-05-16T17:01:19.344237,GET,/api/mixed/http/,112.59,55353,0,
2026-05-16T17:01:19.499970,GET,/api/mixed/db/1/,9.96,247,0,
2026-05-16T17:01:19.548130,GET,/api/mixed/pipeline/1/,9.71,82,0,
2026-05-16T17:01:19.561936,GET,/api/mixed/pipeline/1/,9.5,82,0,
2026-05-16T17:01:19.609706,GET,/api/mixed/pipeline/1/,16.52,82,0,
2026-05-16T17:01:19.611314,GET,/api/mixed/db/1/,16.33,247,0,
2026-05-16T17:01:19.659219,GET,/api/mixed/pipeline/1/,9.41,82,0,
2026-05-16T17:01:19.684794,GET,/api/mixed/pipeline/1/,9.2,82,0,
2026-05-16T17:01:19.744006,GET,/api/mixed/pipeline/1/,9.8,82,0,
2026-05-16T17:01:19.826768,GET,/api/mixed/db/1/,10.83,247,0,
2026-05-16T17:01:19.856089,GET,/api/mixed/pipeline/1/,12.04,82,0,
2026-05-16T17:01:19.871536,GET,/api/mixed/pipeline/1/,20.59,82,0,
2026-05-16T17:01:19.874762,GET,/api/mixed/http/,118.06,55353,0,
2026-05-16T17:01:19.938136,GET,/api/mixed/http/,114.24,55353,0,
2026-05-16T17:01:20.014117,GET,/api/mixed/pipeline/1/,14.85,82,0,
2026-05-16T17:01:20.102336,GET,/api/mixed/http/,121.92,55353,0,
2026-05-16T17:01:20.142303,GET,/api/mixed/pipeline/1/,9.68,82,0,
2026-05-16T17:01:20.193951,GET,/api/mixed/db/1/,10.62,247,0,
2026-05-16T17:01:20.222321,GET,/api/mixed/db/1/,10.1,247,0,
2026-05-16T17:01:20.265357,GET,/api/mixed/pipeline/1/,9.66,82,0,
2026-05-16T17:01:20.279173,GET,/api/mixed/http/,113.63,55353,0,
2026-05-16T17:01:20.324238,GET,/api/mixed/pipeline/1/,9.77,82,0,
2026-05-16T17:01:20.432295,GET,/api/mixed/pipeline/1/,9.58,82,0,
2026-05-16T17:01:20.445787,GET,/api/mixed/http/,113.29,55353,0,
2026-05-16T17:01:20.505749,GET,/api/mixed/pipeline/1/,9.66,82,0,
2026-05-16T17:01:20.550224,GET,/api/mixed/db/1/,10.25,247,0,
2026-05-16T17:01:20.568454,GET,/api/mixed/db/1/,9.97,247,0,
2026-05-16T17:01:20.627011,GET,/api/mixed/pipeline/1/,13.22,82,0,
2026-05-16T17:01:20.681353,GET,/api/mixed/db/1/,9.93,247,0,
2026-05-16T17:01:20.698444,GET,/api/mixed/db/1/,9.9,247,0,
2026-05-16T17:01:20.733528,GET,/api/mixed/http/,117.91,55353,0,
2026-05-16T17:01:20.773078,GET,/api/mixed/pipeline/1/,9.72,82,0,
2026-05-16T17:01:20.801464,GET,/api/mixed/pipeline/1/,9.2,82,0,
2026-05-16T17:01:20.867548,GET,/api/mixed/pipeline/1/,9.55,82,0,
2026-05-16T17:01:20.884427,GET,/api/mixed/pipeline/1/,9.63,82,0,
2026-05-16T17:01:20.913308,GET,/api/mixed/db/1/,10.52,247,0,
2026-05-16T17:01:20.946128,GET,/api/mixed/db/1/,12.24,247,0,
2026-05-16T17:01:20.952033,GET,/api/mixed/pipeline/1/,12.3,82,0,
2026-05-16T17:01:21.026267,GET,/api/mixed/http/,113.68,55353,0,
2026-05-16T17:01:21.065962,GET,/api/mixed/pipeline/1/,9.45,82,0,
2026-05-16T17:01:21.079286,GET,/api/mixed/pipeline/1/,8.98,82,0,
2026-05-16T17:01:21.093323,GET,/api/mixed/db/1/,9.73,247,0,
2026-05-16T17:01:21.110275,GET,/api/mixed/http/,112.99,55353,0,
2026-05-16T17:01:21.154435,GET,/api/mixed/db/1/,9.92,247,0,
2026-05-16T17:01:21.183085,GET,/api/mixed/pipeline/1/,9.28,82,0,
2026-05-16T17:01:21.236781,GET,/api/mixed/pipeline/1/,9.87,82,0,
2026-05-16T17:01:21.283463,GET,/api/mixed/db/1/,22.65,247,0,
2026-05-16T17:01:21.284850,GET,/api/mixed/db/1/,24.74,247,0,
2026-05-16T17:01:21.304417,GET,/api/mixed/http/,113.02,55353,0,
2026-05-16T17:01:21.374254,GET,/api/mixed/pipeline/1/,9.55,82,0,
2026-05-16T17:01:21.395064,GET,/api/mixed/http/,130.65,55353,0,
2026-05-16T17:01:21.395476,GET,/api/mixed/http/,129.38,55353,0,
2026-05-16T17:01:21.477198,GET,/api/mixed/db/1/,14.27,247,0,
2026-05-16T17:01:21.534078,GET,/api/mixed/pipeline/1/,9.82,82,0,
2026-05-16T17:01:21.590037,GET,/api/mixed/db/1/,18.76,247,0,
2026-05-16T17:01:21.594349,GET,/api/mixed/http/,115.89,55353,0,
2026-05-16T17:01:21.597567,GET,/api/mixed/pipeline/1/,19.45,82,0,
2026-05-16T17:01:21.751568,GET,/api/mixed/pipeline/1/,9.34,82,0,
2026-05-16T17:01:21.964956,GET,/api/mixed/http/,114.79,55353,0,
2026-05-16T17:01:21.978798,GET,/api/mixed/pipeline/1/,9.45,82,0,
2026-05-16T17:01:22.169944,GET,/api/mixed/pipeline/1/,13.68,82,0,
2026-05-16T17:01:22.177855,GET,/api/mixed/db/1/,12.18,247,0,
2026-05-16T17:01:22.194538,GET,/api/mixed/pipeline/1/,9.61,82,0,
2026-05-16T17:01:22.253827,GET,/api/mixed/db/1/,9.9,247,0,
2026-05-16T17:01:22.297434,GET,/api/mixed/http/,115.21,55353,0,
2026-05-16T17:01:22.304242,GET,/api/mixed/pipeline/1/,16.1,82,0,
2026-05-16T17:01:22.328137,GET,/api/mixed/db/1/,10.1,247,0,
2026-05-16T17:01:22.353521,GET,/api/mixed/http/,114.38,55353,0,
2026-05-16T17:01:22.375034,GET,/api/mixed/db/1/,14.13,247,0,
2026-05-16T17:01:22.378442,GET,/api/mixed/db/1/,14.89,247,0,
2026-05-16T17:01:22.393663,GET,/api/mixed/pipeline/1/,11.88,82,0,
2026-05-16T17:01:22.422827,GET,/api/mixed/http/,113.34,55353,0,
2026-05-16T17:01:22.457902,GET,/api/mixed/pipeline/1/,10.21,82,0,
2026-05-16T17:01:22.488474,GET,/api/mixed/db/1/,10.34,247,0,
2026-05-16T17:01:22.501737,GET,/api/mixed/http/,115.21,55353,0,
2026-05-16T17:01:22.547669,GET,/api/mixed/db/1/,15.52,247,0,
2026-05-16T17:01:22.550059,GET,/api/mixed/pipeline/1/,14.14,82,0,
2026-05-16T17:01:22.641526,GET,/api/mixed/pipeline/1/,9.42,82,0,
2026-05-16T17:01:22.709715,GET,/api/mixed/http/,121.44,55353,0,
2026-05-16T17:01:22.717490,GET,/api/mixed/pipeline/1/,23.85,82,0,
2026-05-16T17:01:22.758068,GET,/api/mixed/http/,113.16,55353,0,
2026-05-16T17:01:22.762022,GET,/api/mixed/db/1/,18.14,247,0,
2026-05-16T17:01:22.804349,GET,/api/mixed/db/1/,10.16,247,0,
2026-05-16T17:01:22.825021,GET,/api/mixed/http/,126.31,55353,0,
2026-05-16T17:01:22.825435,GET,/api/mixed/http/,127.07,55353,0,
2026-05-16T17:01:22.862120,GET,/api/mixed/pipeline/1/,9.29,82,0,
2026-05-16T17:01:22.908436,GET,/api/mixed/db/1/,9.96,247,0,
2026-05-16T17:01:22.979172,GET,/api/mixed/pipeline/1/,9.44,82,0,
2026-05-16T17:01:23.040039,GET,/api/mixed/pipeline/1/,12.86,82,0,
2026-05-16T17:01:23.052781,GET,/api/mixed/db/1/,10.31,247,0,
2026-05-16T17:01:23.066194,GET,/api/mixed/db/1/,14.17,247,0,
2026-05-16T17:01:23.069884,GET,/api/mixed/db/1/,13.6,247,0,
2026-05-16T17:01:23.092391,GET,/api/mixed/http/,112.02,55353,0,
2026-05-16T17:01:23.183015,GET,/api/mixed/db/1/,13.19,247,0,
2026-05-16T17:01:23.282831,GET,/api/mixed/db/1/,9.89,247,0,
2026-05-16T17:01:23.352002,GET,/api/mixed/http/,112.57,55353,0,
2026-05-16T17:01:23.366626,GET,/api/mixed/http/,112.45,55353,0,
2026-05-16T17:01:23.434341,GET,/api/mixed/db/1/,10.41,247,0,
2026-05-16T17:01:23.476985,GET,/api/mixed/pipeline/1/,11.26,82,0,
2026-05-16T17:01:23.587295,GET,/api/mixed/db/1/,10.87,247,0,
2026-05-16T17:01:23.637382,GET,/api/mixed/pipeline/1/,9.81,82,0,
2026-05-16T17:01:23.655415,GET,/api/mixed/db/1/,9.83,247,0,
2026-05-16T17:01:23.670087,GET,/api/mixed/db/1/,11.35,247,0,
2026-05-16T17:01:23.701854,GET,/api/mixed/db/1/,9.73,247,0,
2026-05-16T17:01:23.744650,GET,/api/mixed/pipeline/1/,9.55,82,0,
2026-05-16T17:01:23.801401,GET,/api/mixed/http/,113.07,55353,0,
2026-05-16T17:01:23.958141,GET,/api/mixed/db/1/,10.18,247,0,
2026-05-16T17:01:23.987886,GET,/api/mixed/pipeline/1/,9.34,82,0,
2026-05-16T17:01:24.024144,GET,/api/mixed/http/,117.19,55353,0,
2026-05-16T17:01:24.026462,GET,/api/mixed/db/1/,19.35,247,0,
2026-05-16T17:01:24.071749,GET,/api/mixed/db/1/,10.76,247,0,
2026-05-16T17:01:24.104292,GET,/api/mixed/db/1/,10.27,247,0,
2026-05-16T17:01:24.134702,GET,/api/mixed/db/1/,19.2,247,0,
2026-05-16T17:01:24.141752,GET,/api/mixed/db/1/,21.59,247,0,
2026-05-16T17:01:24.143413,GET,/api/mixed/db/1/,21.53,247,0,
2026-05-16T17:01:24.176811,GET,/api/mixed/db/1/,14.09,247,0,
2026-05-16T17:01:24.197772,GET,/api/mixed/db/1/,9.78,247,0,
2026-05-16T17:01:24.232387,GET,/api/mixed/pipeline/1/,15.93,82,0,
2026-05-16T17:01:24.234018,GET,/api/mixed/db/1/,18.02,247,0,
2026-05-16T17:01:24.313257,GET,/api/mixed/db/1/,9.93,247,0,
2026-05-16T17:01:24.349609,GET,/api/mixed/db/1/,9.93,247,0,
2026-05-16T17:01:24.471378,GET,/api/mixed/db/1/,11.32,247,0,
2026-05-16T17:01:24.498831,GET,/api/mixed/http/,112.84,55353,0,
2026-05-16T17:01:24.535695,GET,/api/mixed/db/1/,10.47,247,0,
2026-05-16T17:01:24.544249,GET,/api/mixed/pipeline/1/,10.21,82,0,
2026-05-16T17:01:24.567654,GET,/api/mixed/db/1/,20.19,247,0,
2026-05-16T17:01:24.679330,GET,/api/mixed/http/,125.38,55353,0,
2026-05-16T17:01:24.679777,GET,/api/mixed/http/,127.48,55353,0,
2026-05-16T17:01:24.687575,GET,/api/mixed/pipeline/1/,13.53,82,0,
2026-05-16T17:01:24.699008,GET,/api/mixed/pipeline/1/,9.06,82,0,
2026-05-16T17:01:24.723079,GET,/api/mixed/http/,114.02,55353,0,
2026-05-16T17:01:24.779326,GET,/api/mixed/db/1/,14.95,247,0,
2026-05-16T17:01:24.791450,GET,/api/mixed/db/1/,9.92,247,0,
2026-05-16T17:01:24.938743,GET,/api/mixed/http/,117.06,55353,0,
2026-05-16T17:01:25.118766,GET,/api/mixed/db/1/,13.64,247,0,
2026-05-16T17:01:25.127334,GET,/api/mixed/db/1/,18.46,247,0,
2026-05-16T17:01:25.135960,GET,/api/mixed/db/1/,13.91,247,0,
2026-05-16T17:01:25.163726,GET,/api/mixed/http/,115.35,55353,0,
2026-05-16T17:01:25.185802,GET,/api/mixed/http/,112.6,55353,0,
2026-05-16T17:01:25.244789,GET,/api/mixed/http/,127.14,55353,0,
2026-05-16T17:01:25.269486,GET,/api/mixed/pipeline/1/,9.48,82,0,
2026-05-16T17:01:25.336498,GET,/api/mixed/pipeline/1/,12.62,82,0,
2026-05-16T17:01:25.355431,GET,/api/mixed/http/,127.31,55353,0,
2026-05-16T17:01:25.400724,GET,/api/mixed/db/1/,23.15,247,0,
2026-05-16T17:01:25.402699,GET,/api/mixed/pipeline/1/,16.69,82,0,
2026-05-16T17:01:25.411425,GET,/api/mixed/pipeline/1/,11.44,82,0,
2026-05-16T17:01:25.420658,GET,/api/mixed/db/1/,9.94,247,0,
2026-05-16T17:01:25.481447,GET,/api/mixed/http/,114.69,55353,0,
2026-05-16T17:01:25.494374,GET,/api/mixed/http/,116.44,55353,0,
2026-05-16T17:01:25.495733,GET,/api/mixed/pipeline/1/,25.61,82,0,
2026-05-16T17:01:25.605272,GET,/api/mixed/pipeline/1/,9.29,82,0,
2026-05-16T17:01:25.704951,GET,/api/mixed/http/,113.79,55353,0,
2026-05-16T17:01:25.718834,GET,/api/mixed/pipeline/1/,12.46,82,0,
2026-05-16T17:01:25.830043,GET,/api/mixed/http/,117.95,55353,0,
2026-05-16T17:01:25.862783,GET,/api/mixed/http/,114.5,55353,0,
2026-05-16T17:01:25.905283,GET,/api/mixed/pipeline/1/,14.18,82,0,
2026-05-16T17:01:25.961033,GET,/api/mixed/http/,113.6,55353,0,
2026-05-16T17:01:25.976671,GET,/api/mixed/pipeline/1/,10.34,82,0,
2026-05-16T17:01:26.012514,GET,/api/mixed/pipeline/1/,9.61,82,0,
2026-05-16T17:01:26.132753,GET,/api/mixed/pipeline/1/,13.83,82,0,
2026-05-16T17:01:26.221607,GET,/api/mixed/http/,117.87,55353,0,
2026-05-16T17:01:26.241110,GET,/api/mixed/db/1/,34.02,247,0,
2026-05-16T17:01:26.243855,GET,/api/mixed/pipeline/1/,33.98,82,0,
2026-05-16T17:01:26.245738,GET,/api/mixed/http/,121.51,55353,0,
2026-05-16T17:01:26.248297,GET,/api/mixed/db/1/,28.77,247,0,
2026-05-16T17:01:26.386563,GET,/api/mixed/db/1/,31.93,247,0,
2026-05-16T17:01:26.395505,GET,/api/mixed/db/1/,36.51,247,0,
2026-05-16T17:01:26.401408,GET,/api/mixed/pipeline/1/,33.98,82,0,
2026-05-16T17:01:26.405393,GET,/api/mixed/pipeline/1/,29.16,82,0,
2026-05-16T17:01:26.406488,GET,/api/mixed/db/1/,23.45,247,0,
2026-05-16T17:01:26.481217,GET,/api/mixed/db/1/,12.41,247,0,
2026-05-16T17:01:26.486842,GET,/api/mixed/pipeline/1/,12.27,82,0,
2026-05-16T17:01:26.558208,GET,/api/mixed/db/1/,10.11,247,0,
2026-05-16T17:01:26.570135,GET,/api/mixed/http/,112.2,55353,0,
2026-05-16T17:01:26.622361,GET,/api/mixed/pipeline/1/,16.26,82,0,
2026-05-16T17:01:26.639688,GET,/api/mixed/db/1/,9.95,247,0,
2026-05-16T17:01:26.668664,GET,/api/mixed/pipeline/1/,9.35,82,0,
2026-05-16T17:01:26.734277,GET,/api/mixed/http/,120.89,55353,0,
2026-05-16T17:01:26.869191,GET,/api/mixed/pipeline/1/,10.4,82,0,
2026-05-16T17:01:26.950204,GET,/api/mixed/http/,118.49,55353,0,
2026-05-16T17:01:26.955161,GET,/api/mixed/pipeline/1/,22.71,82,0,
2026-05-16T17:01:26.958474,GET,/api/mixed/pipeline/1/,18.19,82,0,
2026-05-16T17:01:26.966319,GET,/api/mixed/http/,112.45,55353,0,
2026-05-16T17:01:26.991479,GET,/api/mixed/pipeline/1/,9.49,82,0,
2026-05-16T17:01:27.151011,GET,/api/mixed/db/1/,10.13,247,0,
2026-05-16T17:01:27.184076,GET,/api/mixed/pipeline/1/,12.37,82,0,
2026-05-16T17:01:27.288576,GET,/api/mixed/http/,117.29,55353,0,
2026-05-16T17:01:27.313104,GET,/api/mixed/http/,114.57,55353,0,
2026-05-16T17:01:27.319377,GET,/api/mixed/pipeline/1/,17.44,82,0,
2026-05-16T17:01:27.330389,GET,/api/mixed/http/,111.98,55353,0,
2026-05-16T17:01:27.350060,GET,/api/mixed/pipeline/1/,9.37,82,0,
2026-05-16T17:01:27.370576,GET,/api/mixed/http/,118.31,55353,0,
2026-05-16T17:01:27.373015,GET,/api/mixed/http/,112.92,55353,0,
2026-05-16T17:01:27.385182,GET,/api/mixed/http/,112.29,55353,0,
2026-05-16T17:01:27.459395,GET,/api/mixed/db/1/,16.88,247,0,
2026-05-16T17:01:27.466165,GET,/api/mixed/pipeline/1/,17.23,82,0,
2026-05-16T17:01:27.470074,GET,/api/mixed/pipeline/1/,13.39,82,0,
2026-05-16T17:01:27.490469,GET,/api/mixed/pipeline/1/,9.04,82,0,
2026-05-16T17:01:27.547487,GET,/api/mixed/pipeline/1/,9.62,82,0,
2026-05-16T17:01:27.557733,GET,/api/mixed/db/1/,10.99,247,0,
2026-05-16T17:01:27.582341,GET,/api/mixed/pipeline/1/,12.14,82,0,
2026-05-16T17:01:27.676762,GET,/api/mixed/pipeline/1/,17.29,82,0,
2026-05-16T17:01:27.680894,GET,/api/mixed/pipeline/1/,12.0,82,0,
2026-05-16T17:01:27.692947,GET,/api/mixed/db/1/,9.73,247,0,
2026-05-16T17:01:27.879374,GET,/api/mixed/pipeline/1/,10.86,82,0,
2026-05-16T17:01:27.901694,GET,/api/mixed/db/1/,9.99,247,0,
2026-05-16T17:01:27.930088,GET,/api/mixed/pipeline/1/,9.19,82,0,
2026-05-16T17:01:28.001226,GET,/api/mixed/db/1/,9.97,247,0,
2026-05-16T17:01:28.031017,GET,/api/mixed/db/1/,10.57,247,0,
2026-05-16T17:01:28.097191,GET,/api/mixed/http/,115.71,55353,0,
2026-05-16T17:01:28.147554,GET,/api/mixed/db/1/,10.12,247,0,
2026-05-16T17:01:28.175620,GET,/api/mixed/http/,113.01,55353,0,
2026-05-16T17:01:28.193871,GET,/api/mixed/http/,112.41,55353,0,
2026-05-16T17:01:28.233216,GET,/api/mixed/db/1/,10.03,247,0,
2026-05-16T17:01:28.266267,GET,/api/mixed/http/,112.46,55353,0,
2026-05-16T17:01:28.283006,GET,/api/mixed/pipeline/1/,9.39,82,0,
2026-05-16T17:01:28.446260,GET,/api/mixed/http/,120.91,55353,0,
2026-05-16T17:01:28.447182,GET,/api/mixed/http/,118.16,55353,0,
2026-05-16T17:01:28.453892,GET,/api/mixed/pipeline/1/,26.07,82,0,
2026-05-16T17:01:28.466397,GET,/api/mixed/http/,112.46,55353,0,
2026-05-16T17:01:28.571185,GET,/api/mixed/pipeline/1/,10.68,82,0,
2026-05-16T17:01:28.621641,GET,/api/mixed/db/1/,10.49,247,0,
2026-05-16T17:01:28.687501,GET,/api/mixed/http/,112.12,55353,0,
2026-05-16T17:01:28.713298,GET,/api/mixed/pipeline/1/,11.53,82,0,
2026-05-16T17:01:28.720582,GET,/api/mixed/db/1/,11.96,247,0,
2026-05-16T17:01:28.744467,GET,/api/mixed/http/,114.47,55353,0,
2026-05-16T17:01:28.747772,GET,/api/mixed/db/1/,18.82,247,0,
2026-05-16T17:01:28.777322,GET,/api/mixed/http/,114.23,55353,0,
2026-05-16T17:01:29.001657,GET,/api/mixed/db/1/,9.9,247,0,
2026-05-16T17:01:29.034084,GET,/api/mixed/http/,113.12,55353,0,
2026-05-16T17:01:29.056460,GET,/api/mixed/http/,113.51,55353,0,
2026-05-16T17:01:29.098683,GET,/api/mixed/db/1/,10.0,247,0,
2026-05-16T17:01:29.138084,GET,/api/mixed/db/1/,10.0,247,0,
2026-05-16T17:01:29.178763,GET,/api/mixed/db/1/,19.45,247,0,
2026-05-16T17:01:29.180598,GET,/api/mixed/pipeline/1/,19.52,82,0,
2026-05-16T17:01:29.218282,GET,/api/mixed/pipeline/1/,9.45,82,0,
2026-05-16T17:01:29.256572,GET,/api/mixed/db/1/,9.91,247,0,
2026-05-16T17:01:29.268834,GET,/api/mixed/pipeline/1/,9.9,82,0,
2026-05-16T17:01:29.289916,GET,/api/mixed/http/,124.09,55353,0,
2026-05-16T17:01:29.302253,GET,/api/mixed/pipeline/1/,9.69,82,0,
2026-05-16T17:01:29.325528,GET,/api/mixed/db/1/,11.01,247,0,
2026-05-16T17:01:29.360751,GET,/api/mixed/db/1/,12.0,247,0,
2026-05-16T17:01:29.367671,GET,/api/mixed/db/1/,12.11,247,0,
2026-05-16T17:01:29.381755,GET,/api/mixed/http/,113.63,55353,0,
2026-05-16T17:01:29.401093,GET,/api/mixed/pipeline/1/,11.06,82,0,
2026-05-16T17:01:29.437583,GET,/api/mixed/http/,115.26,55353,0,
2026-05-16T17:01:29.447418,GET,/api/mixed/pipeline/1/,21.34,82,0,
2026-05-16T17:01:29.451187,GET,/api/mixed/pipeline/1/,11.41,82,0,
2026-05-16T17:01:29.512547,GET,/api/mixed/http/,115.75,55353,0,
2026-05-16T17:01:29.542932,GET,/api/mixed/http/,119.61,55353,0,
2026-05-16T17:01:29.602930,GET,/api/mixed/pipeline/1/,9.6,82,0,
2026-05-16T17:01:29.627219,GET,/api/mixed/http/,112.45,55353,0,
2026-05-16T17:01:29.649084,GET,/api/mixed/pipeline/1/,9.73,82,0,
2026-05-16T17:01:29.665859,GET,/api/mixed/pipeline/1/,9.29,82,0,
2026-05-16T17:01:29.745776,GET,/api/mixed/http/,119.65,55353,0,
2026-05-16T17:01:29.747659,GET,/api/mixed/http/,114.09,55353,0,
2026-05-16T17:01:29.789225,GET,/api/mixed/http/,117.06,55353,0,
2026-05-16T17:01:29.831526,GET,/api/mixed/http/,113.5,55353,0,
2026-05-16T17:01:29.839162,GET,/api/mixed/pipeline/1/,10.61,82,0,
2026-05-16T17:01:29.903721,GET,/api/mixed/http/,129.68,55353,0,
2026-05-16T17:01:29.915982,GET,/api/mixed/pipeline/1/,9.92,82,0,
2026-05-16T17:01:30.097411,GET,/api/mixed/pipeline/1/,10.12,82,0,
2026-05-16T17:01:30.112337,GET,/api/mixed/http/,114.88,55353,0,
2026-05-16T17:01:30.113552,GET,/api/mixed/db/1/,18.45,247,0,
2026-05-16T17:01:30.249622,GET,/api/mixed/db/1/,10.61,247,0,
2026-05-16T17:01:30.258382,GET,/api/mixed/pipeline/1/,9.96,82,0,
2026-05-16T17:01:30.315037,GET,/api/mixed/pipeline/1/,10.43,82,0,
2026-05-16T17:01:30.430836,GET,/api/mixed/http/,114.59,55353,0,
2026-05-16T17:01:30.434659,GET,/api/mixed/db/1/,17.83,247,0,
2026-05-16T17:01:30.458281,GET,/api/mixed/http/,113.18,55353,0,
2026-05-16T17:01:30.477602,GET,/api/mixed/http/,112.59,55353,0,
2026-05-16T17:01:30.503803,GET,/api/mixed/db/1/,9.77,247,0,
2026-05-16T17:01:30.594433,GET,/api/mixed/db/1/,10.17,247,0,
2026-05-16T17:01:30.711683,GET,/api/mixed/pipeline/1/,9.29,82,0,
2026-05-16T17:01:30.763793,GET,/api/mixed/http/,134.93,55353,0,
2026-05-16T17:01:30.764437,GET,/api/mixed/http/,127.62,55353,0,
2026-05-16T17:01:30.768429,GET,/api/mixed/http/,122.9,55353,0,
2026-05-16T17:01:30.775042,GET,/api/mixed/pipeline/1/,15.18,82,0,
2026-05-16T17:01:30.806723,GET,/api/mixed/db/1/,9.58,247,0,
2026-05-16T17:01:30.874710,GET,/api/mixed/http/,139.74,55353,0,
2026-05-16T17:01:30.880622,GET,/api/mixed/pipeline/1/,12.39,82,0,
2026-05-16T17:01:30.904516,GET,/api/mixed/http/,115.19,55353,0,
2026-05-16T17:01:30.940865,GET,/api/mixed/db/1/,10.91,247,0,
2026-05-16T17:01:30.973935,GET,/api/mixed/db/1/,10.98,247,0,
2026-05-16T17:01:31.057476,GET,/api/mixed/http/,113.39,55353,0,
2026-05-16T17:01:31.079582,GET,/api/mixed/pipeline/1/,9.55,82,0,
2026-05-16T17:01:31.094373,GET,/api/mixed/db/1/,10.46,247,0,
2026-05-16T17:01:31.108688,GET,/api/mixed/pipeline/1/,9.14,82,0,
2026-05-16T17:01:31.312525,GET,/api/mixed/db/1/,10.16,247,0,
2026-05-16T17:01:31.439147,GET,/api/mixed/pipeline/1/,14.13,82,0,
2026-05-16T17:01:31.521047,GET,/api/mixed/db/1/,9.82,247,0,
2026-05-16T17:01:31.599951,GET,/api/mixed/http/,114.82,55353,0,
2026-05-16T17:01:31.683443,GET,/api/mixed/pipeline/1/,26.09,82,0,
2026-05-16T17:01:31.684176,GET,/api/mixed/http/,118.14,55353,0,
2026-05-16T17:01:31.686120,GET,/api/mixed/http/,122.85,55353,0,
2026-05-16T17:01:31.718554,GET,/api/mixed/db/1/,10.21,247,0,
2026-05-16T17:01:31.757554,GET,/api/mixed/pipeline/1/,23.74,82,0,
2026-05-16T17:01:31.762268,GET,/api/mixed/http/,125.85,55353,0,
2026-05-16T17:01:31.763815,GET,/api/mixed/http/,124.63,55353,0,
2026-05-16T17:01:31.779130,GET,/api/mixed/http/,122.14,55353,0,
2026-05-16T17:01:31.782352,GET,/api/mixed/pipeline/1/,24.68,82,0,
2026-05-16T17:01:31.800439,GET,/api/mixed/db/1/,9.72,247,0,
2026-05-16T17:01:31.887534,GET,/api/mixed/http/,141.86,55353,0,
2026-05-16T17:01:31.888132,GET,/api/mixed/http/,128.73,55353,0,
2026-05-16T17:01:31.921038,GET,/api/mixed/pipeline/1/,9.51,82,0,
2026-05-16T17:01:31.952553,GET,/api/mixed/db/1/,10.28,247,0,
2026-05-16T17:01:32.010729,GET,/api/mixed/db/1/,10.16,247,0,
2026-05-16T17:01:32.036365,GET,/api/mixed/pipeline/1/,16.76,82,0,
2026-05-16T17:01:32.039119,GET,/api/mixed/pipeline/1/,14.86,82,0,
2026-05-16T17:01:32.047242,GET,/api/mixed/db/1/,11.74,247,0,
2026-05-16T17:01:32.134051,GET,/api/mixed/http/,116.46,55353,0,
2026-05-16T17:01:32.150654,GET,/api/mixed/pipeline/1/,9.35,82,0,
2026-05-16T17:01:32.179892,GET,/api/mixed/http/,118.29,55353,0,
2026-05-16T17:01:32.187398,GET,/api/mixed/db/1/,19.55,247,0,
2026-05-16T17:01:32.201885,GET,/api/mixed/db/1/,10.4,247,0,
2026-05-16T17:01:32.301870,GET,/api/mixed/pipeline/1/,13.03,82,0,
2026-05-16T17:01:32.315121,GET,/api/mixed/http/,113.11,55353,0,
2026-05-16T17:01:32.432533,GET,/api/mixed/http/,112.23,55353,0,
2026-05-16T17:01:32.465023,GET,/api/mixed/db/1/,14.44,247,0,
2026-05-16T17:01:32.515324,GET,/api/mixed/db/1/,10.05,247,0,
2026-05-16T17:01:32.541074,GET,/api/mixed/pipeline/1/,9.52,82,0,
2026-05-16T17:01:32.551162,GET,/api/mixed/http/,113.3,55353,0,
2026-05-16T17:01:32.612956,GET,/api/mixed/pipeline/1/,9.49,82,0,
2026-05-16T17:01:32.661389,GET,/api/mixed/db/1/,10.02,247,0,
2026-05-16T17:01:32.688041,GET,/api/mixed/pipeline/1/,9.38,82,0,
2026-05-16T17:01:32.756695,GET,/api/mixed/pipeline/1/,21.6,82,0,
2026-05-16T17:01:32.761356,GET,/api/mixed/pipeline/1/,24.44,82,0,
2026-05-16T17:01:32.763786,GET,/api/mixed/db/1/,22.27,247,0,
2026-05-16T17:01:32.783132,GET,/api/mixed/db/1/,9.99,247,0,
2026-05-16T17:01:32.805671,GET,/api/mixed/http/,113.34,55353,0,
2026-05-16T17:01:32.815262,GET,/api/mixed/db/1/,10.37,247,0,
2026-05-16T17:01:32.871718,GET,/api/mixed/http/,120.49,55353,0,
2026-05-16T17:01:32.941048,GET,/api/mixed/pipeline/1/,10.08,82,0,
2026-05-16T17:01:32.967038,GET,/api/mixed/pipeline/1/,10.62,82,0,
2026-05-16T17:01:33.064433,GET,/api/mixed/db/1/,17.96,247,0,
2026-05-16T17:01:33.068315,GET,/api/mixed/db/1/,16.46,247,0,
2026-05-16T17:01:33.216773,GET,/api/mixed/pipeline/1/,9.47,82,0,
2026-05-16T17:01:33.293838,GET,/api/mixed/http/,118.08,55353,0,
2026-05-16T17:01:33.301446,GET,/api/mixed/db/1/,16.06,247,0,
2026-05-16T17:01:33.353418,GET,/api/mixed/pipeline/1/,9.66,82,0,
2026-05-16T17:01:33.418759,GET,/api/mixed/db/1/,9.94,247,0,
2026-05-16T17:01:33.466922,GET,/api/mixed/pipeline/1/,9.75,82,0,
2026-05-16T17:01:33.514283,GET,/api/mixed/db/1/,10.19,247,0,
2026-05-16T17:01:33.566497,GET,/api/mixed/db/1/,9.91,247,0,
2026-05-16T17:01:33.581949,GET,/api/mixed/pipeline/1/,10.29,82,0,
2026-05-16T17:01:33.594226,GET,/api/mixed/db/1/,14.76,247,0,
2026-05-16T17:01:33.614510,GET,/api/mixed/db/1/,10.03,247,0,
2026-05-16T17:01:33.700006,GET,/api/mixed/http/,114.82,55353,0,
2026-05-16T17:01:33.717423,GET,/api/mixed/db/1/,10.13,247,0,
2026-05-16T17:01:33.791398,GET,/api/mixed/http/,117.46,55353,0,
2026-05-16T17:01:33.805325,GET,/api/mixed/http/,118.61,55353,0,
2026-05-16T17:01:33.809154,GET,/api/mixed/pipeline/1/,17.63,82,0,
2026-05-16T17:01:33.863534,GET,/api/mixed/http/,112.89,55353,0,
2026-05-16T17:01:33.886551,GET,/api/mixed/pipeline/1/,9.6,82,0,
2026-05-16T17:01:33.921972,GET,/api/mixed/db/1/,12.12,247,0,
2026-05-16T17:01:33.943786,GET,/api/mixed/db/1/,11.13,247,0,
2026-05-16T17:01:34.026527,GET,/api/mixed/pipeline/1/,9.9,82,0,
2026-05-16T17:01:34.072313,GET,/api/mixed/pipeline/1/,9.33,82,0,
2026-05-16T17:01:34.122348,GET,/api/mixed/http/,128.32,55353,0,
2026-05-16T17:01:34.130277,GET,/api/mixed/pipeline/1/,39.63,82,0,
2026-05-16T17:01:34.134057,GET,/api/mixed/http/,127.16,55353,0,
2026-05-16T17:01:34.138088,GET,/api/mixed/db/1/,43.72,247,0,
2026-05-16T17:01:34.148234,GET,/api/mixed/db/1/,45.39,247,0,
2026-05-16T17:01:34.151335,GET,/api/mixed/pipeline/1/,34.12,82,0,
2026-05-16T17:01:34.151819,GET,/api/mixed/pipeline/1/,30.27,82,0,
2026-05-16T17:01:34.188835,GET,/api/mixed/pipeline/1/,9.69,82,0,
2026-05-16T17:01:34.235103,GET,/api/mixed/http/,136.93,55353,0,
2026-05-16T17:01:34.295799,GET,/api/mixed/pipeline/1/,9.4,82,0,
2026-05-16T17:01:34.372337,GET,/api/mixed/http/,118.0,55353,0,
2026-05-16T17:01:34.409183,GET,/api/mixed/pipeline/1/,9.52,82,0,
2026-05-16T17:01:34.443197,GET,/api/mixed/pipeline/1/,9.37,82,0,
2026-05-16T17:01:34.477574,GET,/api/mixed/db/1/,10.05,247,0,
2026-05-16T17:01:34.542171,GET,/api/mixed/db/1/,10.31,247,0,
2026-05-16T17:01:34.608712,GET,/api/mixed/pipeline/1/,13.18,82,0,
2026-05-16T17:01:34.635553,GET,/api/mixed/pipeline/1/,9.43,82,0,
2026-05-16T17:01:34.791763,GET,/api/mixed/http/,112.56,55353,0,
2026-05-16T17:01:34.802976,GET,/api/mixed/http/,112.97,55353,0,
2026-05-16T17:01:34.830287,GET,/api/mixed/http/,115.57,55353,0,
2026-05-16T17:01:34.884327,GET,/api/mixed/http/,116.81,55353,0,
2026-05-16T17:01:34.888873,GET,/api/mixed/db/1/,24.34,247,0,
2026-05-16T17:01:34.892237,GET,/api/mixed/pipeline/1/,20.81,82,0,
2026-05-16T17:01:34.919667,GET,/api/mixed/db/1/,12.13,247,0,
2026-05-16T17:01:35.012852,GET,/api/mixed/pipeline/1/,9.75,82,0,
2026-05-16T17:01:35.039492,GET,/api/mixed/pipeline/1/,9.42,82,0,
2026-05-16T17:01:35.070132,GET,/api/mixed/db/1/,9.54,247,0,
2026-05-16T17:01:35.157489,GET,/api/mixed/db/1/,11.16,247,0,
2026-05-16T17:01:35.168923,GET,/api/mixed/http/,114.1,55353,0,
2026-05-16T17:01:35.192198,GET,/api/mixed/http/,114.68,55353,0,
2026-05-16T17:01:35.227724,GET,/api/mixed/http/,114.31,55353,0,
2026-05-16T17:01:35.300259,GET,/api/mixed/http/,120.06,55353,0,
2026-05-16T17:01:35.311618,GET,/api/mixed/http/,113.19,55353,0,
2026-05-16T17:01:35.388861,GET,/api/mixed/pipeline/1/,14.27,82,0,
2026-05-16T17:01:35.433392,GET,/api/mixed/http/,113.45,55353,0,
2026-05-16T17:01:35.448562,GET,/api/mixed/http/,112.81,55353,0,
2026-05-16T17:01:35.467744,GET,/api/mixed/db/1/,9.83,247,0,
2026-05-16T17:01:35.478964,GET,/api/mixed/http/,112.24,55353,0,
2026-05-16T17:01:35.510328,GET,/api/mixed/db/1/,10.35,247,0,
2026-05-16T17:01:35.536725,GET,/api/mixed/db/1/,11.16,247,0,
2026-05-16T17:01:35.607210,GET,/api/mixed/http/,114.08,55353,0,
2026-05-16T17:01:35.646501,GET,/api/mixed/db/1/,27.88,247,0,
2026-05-16T17:01:35.648826,GET,/api/mixed/db/1/,28.35,247,0,
2026-05-16T17:01:35.650664,GET,/api/mixed/http/,117.26,55353,0,
2026-05-16T17:01:35.699860,GET,/api/mixed/pipeline/1/,10.51,82,0,
2026-05-16T17:01:35.727951,GET,/api/mixed/db/1/,9.92,247,0,
2026-05-16T17:01:35.792955,GET,/api/mixed/db/1/,13.67,247,0,
2026-05-16T17:01:35.811491,GET,/api/mixed/http/,114.32,55353,0,
2026-05-16T17:01:35.935396,GET,/api/mixed/http/,117.72,55353,0,
2026-05-16T17:01:35.937543,GET,/api/mixed/pipeline/1/,20.8,82,0,
2026-05-16T17:01:35.970589,GET,/api/mixed/db/1/,9.8,247,0,
2026-05-16T17:01:35.994586,GET,/api/mixed/db/1/,9.81,247,0,
2026-05-16T17:01:36.004493,GET,/api/mixed/pipeline/1/,11.95,82,0,
2026-05-16T17:01:36.029426,GET,/api/mixed/pipeline/1/,10.26,82,0,
2026-05-16T17:01:36.045932,GET,/api/mixed/http/,120.36,55353,0,
2026-05-16T17:01:36.073331,GET,/api/mixed/db/1/,10.06,247,0,
2026-05-16T17:01:36.087409,GET,/api/mixed/http/,112.51,55353,0,
2026-05-16T17:01:36.126756,GET,/api/mixed/http/,122.12,55353,0,
2026-05-16T17:01:36.129244,GET,/api/mixed/http/,115.73,55353,0,
2026-05-16T17:01:36.549450,GET,/api/mixed/http/,112.46,55353,0,
2026-05-16T17:01:36.570174,GET,/api/mixed/pipeline/1/,9.27,82,0,
2026-05-16T17:01:36.722162,GET,/api/mixed/db/1/,18.28,247,0,
2026-05-16T17:01:36.791746,GET,/api/mixed/pipeline/1/,10.45,82,0,
2026-05-16T17:01:36.819941,GET,/api/mixed/pipeline/1/,9.87,82,0,
2026-05-16T17:01:36.854181,GET,/api/mixed/db/1/,16.96,247,0,
2026-05-16T17:01:36.855270,GET,/api/mixed/http/,113.81,55353,0,
2026-05-16T17:01:36.958068,GET,/api/mixed/pipeline/1/,9.19,82,0,
2026-05-16T17:01:36.994853,GET,/api/mixed/pipeline/1/,14.98,82,0,
2026-05-16T17:01:37.001698,GET,/api/mixed/db/1/,22.37,247,0,
2026-05-16T17:01:37.004134,GET,/api/mixed/http/,113.31,55353,0,
2026-05-16T17:01:37.023575,GET,/api/mixed/db/1/,10.02,247,0,
2026-05-16T17:01:37.042936,GET,/api/mixed/http/,118.06,55353,0,
2026-05-16T17:01:37.096564,GET,/api/mixed/db/1/,15.71,247,0,
2026-05-16T17:01:37.097574,GET,/api/mixed/pipeline/1/,17.2,82,0,
2026-05-16T17:01:37.153290,GET,/api/mixed/http/,115.48,55353,0,
2026-05-16T17:01:37.203471,GET,/api/mixed/pipeline/1/,9.22,82,0,
2026-05-16T17:01:37.249575,GET,/api/mixed/http/,112.7,55353,0,
2026-05-16T17:01:37.273711,GET,/api/mixed/http/,112.2,55353,0,
2026-05-16T17:01:37.291328,GET,/api/mixed/pipeline/1/,9.39,82,0,
2026-05-16T17:01:37.351083,GET,/api/mixed/http/,119.65,55353,0,
2026-05-16T17:01:37.363168,GET,/api/mixed/db/1/,26.55,247,0,
2026-05-16T17:01:37.365044,GET,/api/mixed/db/1/,20.33,247,0,
2026-05-16T17:01:37.408748,GET,/api/mixed/db/1/,15.98,247,0,
2026-05-16T17:01:37.409710,GET,/api/mixed/pipeline/1/,17.35,82,0,
2026-05-16T17:01:37.464255,GET,/api/mixed/pipeline/1/,16.81,82,0,
2026-05-16T17:01:37.467250,GET,/api/mixed/db/1/,18.04,247,0,
2026-05-16T17:01:37.523034,GET,/api/mixed/db/1/,10.11,247,0,
2026-05-16T17:01:37.566643,GET,/api/mixed/http/,119.62,55353,0,
2026-05-16T17:01:37.594506,GET,/api/mixed/db/1/,14.79,247,0,
2026-05-16T17:01:37.651068,GET,/api/mixed/db/1/,11.24,247,0,
2026-05-16T17:01:37.666527,GET,/api/mixed/http/,113.24,55353,0,
2026-05-16T17:01:37.685841,GET,/api/mixed/http/,111.85,55353,0,
2026-05-16T17:01:37.763340,GET,/api/mixed/db/1/,14.19,247,0,
2026-05-16T17:01:37.856023,GET,/api/mixed/pipeline/1/,14.26,82,0,
2026-05-16T17:01:37.866243,GET,/api/mixed/pipeline/1/,17.58,82,0,
2026-05-16T17:01:37.868082,GET,/api/mixed/pipeline/1/,16.77,82,0,
2026-05-16T17:01:37.885116,GET,/api/mixed/db/1/,9.82,247,0,
2026-05-16T17:01:37.919617,GET,/api/mixed/pipeline/1/,9.29,82,0,
2026-05-16T17:01:37.977535,GET,/api/mixed/pipeline/1/,12.68,82,0,
2026-05-16T17:01:38.012831,GET,/api/mixed/db/1/,10.11,247,0,
2026-05-16T17:01:38.025668,GET,/api/mixed/db/1/,10.45,247,0,
2026-05-16T17:01:38.048906,GET,/api/mixed/db/1/,11.85,247,0,
2026-05-16T17:01:38.088560,GET,/api/mixed/http/,123.27,55353,0,
2026-05-16T17:01:38.094010,GET,/api/mixed/db/1/,22.77,247,0,
2026-05-16T17:01:38.104124,GET,/api/mixed/http/,112.32,55353,0,
2026-05-16T17:01:38.137705,GET,/api/mixed/db/1/,10.2,247,0,
2026-05-16T17:01:38.241710,GET,/api/mixed/pipeline/1/,16.56,82,0,
2026-05-16T17:01:38.503734,GET,/api/mixed/http/,113.29,55353,0,
2026-05-16T17:01:38.549961,GET,/api/mixed/http/,120.67,55353,0,
2026-05-16T17:01:38.558351,GET,/api/mixed/db/1/,30.9,247,0,
2026-05-16T17:01:38.561090,GET,/api/mixed/db/1/,34.08,247,0,
2026-05-16T17:01:38.563021,GET,/api/mixed/db/1/,32.71,247,0,
2026-05-16T17:01:38.609153,GET,/api/mixed/pipeline/1/,9.71,82,0,
2026-05-16T17:01:38.710249,GET,/api/mixed/db/1/,15.95,247,0,
2026-05-16T17:01:38.712024,GET,/api/mixed/pipeline/1/,15.06,82,0,
2026-05-16T17:01:38.731461,GET,/api/mixed/db/1/,9.93,247,0,
2026-05-16T17:01:38.747744,GET,/api/mixed/http/,112.34,55353,0,
2026-05-16T17:01:38.790793,GET,/api/mixed/pipeline/1/,9.64,82,0,
2026-05-16T17:01:38.801056,GET,/api/mixed/http/,112.67,55353,0,
2026-05-16T17:01:39.695929,GET,/api/mixed/pipeline/1/,9.45,82,0,
2026-05-16T17:01:39.725924,GET,/api/mixed/pipeline/1/,9.72,82,0,
2026-05-16T17:01:39.846389,GET,/api/mixed/pipeline/1/,9.12,82,0,
2026-05-16T17:01:39.922134,GET,/api/mixed/pipeline/1/,11.35,82,0,
2026-05-16T17:01:39.947753,GET,/api/mixed/http/,117.3,55353,0,
2026-05-16T17:01:39.977138,GET,/api/mixed/db/1/,10.28,247,0,
2026-05-16T17:01:40.005558,GET,/api/mixed/db/1/,10.2,247,0,
2026-05-16T17:01:40.069985,GET,/api/mixed/http/,132.45,55353,0,
2026-05-16T17:01:40.070445,GET,/api/mixed/http/,117.48,55353,0,
2026-05-16T17:01:40.128800,GET,/api/mixed/db/1/,10.02,247,0,
2026-05-16T17:01:40.140012,GET,/api/mixed/db/1/,9.82,247,0,
2026-05-16T17:01:40.162365,GET,/api/mixed/pipeline/1/,14.14,82,0,
2026-05-16T17:01:40.174124,GET,/api/mixed/pipeline/1/,20.21,82,0,
2026-05-16T17:01:40.289043,GET,/api/mixed/http/,115.65,55353,0,
2026-05-16T17:01:40.289495,GET,/api/mixed/http/,130.9,55353,0,
2026-05-16T17:01:40.366583,GET,/api/mixed/pipeline/1/,9.71,82,0,
2026-05-16T17:01:40.420362,GET,/api/mixed/db/1/,13.68,247,0,
2026-05-16T17:01:40.484100,GET,/api/mixed/pipeline/1/,15.31,82,0,
2026-05-16T17:01:40.486063,GET,/api/mixed/http/,113.09,55353,0,
2026-05-16T17:01:40.538990,GET,/api/mixed/pipeline/1/,9.52,82,0,
2026-05-16T17:01:40.583212,GET,/api/mixed/pipeline/1/,9.66,82,0,
2026-05-16T17:01:40.594976,GET,/api/mixed/pipeline/1/,9.3,82,0,
2026-05-16T17:01:40.682505,GET,/api/mixed/pipeline/1/,10.21,82,0,
2026-05-16T17:01:40.773485,GET,/api/mixed/http/,114.1,55353,0,
2026-05-16T17:01:40.796019,GET,/api/mixed/pipeline/1/,9.27,82,0,
2026-05-16T17:01:40.818169,GET,/api/mixed/http/,114.21,55353,0,
2026-05-16T17:01:40.830602,GET,/api/mixed/db/1/,10.04,247,0,
2026-05-16T17:01:40.913033,GET,/api/mixed/db/1/,10.38,247,0,
2026-05-16T17:01:40.950785,GET,/api/mixed/http/,113.8,55353,0,
2026-05-16T17:01:40.997943,GET,/api/mixed/db/1/,10.6,247,0,
2026-05-16T17:01:41.070365,GET,/api/mixed/pipeline/1/,15.06,82,0,
2026-05-16T17:01:41.072347,GET,/api/mixed/db/1/,15.25,247,0,
2026-05-16T17:01:41.113920,GET,/api/mixed/pipeline/1/,10.27,82,0,
2026-05-16T17:01:41.126679,GET,/api/mixed/pipeline/1/,9.42,82,0,
2026-05-16T17:01:41.177083,GET,/api/mixed/pipeline/1/,18.12,82,0,
2026-05-16T17:01:41.181616,GET,/api/mixed/db/1/,19.99,247,0,
2026-05-16T17:01:41.220366,GET,/api/mixed/db/1/,10.36,247,0,
2026-05-16T17:01:41.292189,GET,/api/mixed/http/,119.77,55353,0,
2026-05-16T17:01:41.299713,GET,/api/mixed/db/1/,13.12,247,0,
2026-05-16T17:01:41.391986,GET,/api/mixed/http/,118.25,55353,0,
2026-05-16T17:01:41.428189,GET,/api/mixed/pipeline/1/,11.83,82,0,
2026-05-16T17:01:41.463108,GET,/api/mixed/pipeline/1/,32.65,82,0,
2026-05-16T17:01:41.468293,GET,/api/mixed/pipeline/1/,34.69,82,0,
2026-05-16T17:01:41.468785,GET,/api/mixed/http/,120.89,55353,0,
2026-05-16T17:01:41.473306,GET,/api/mixed/db/1/,32.63,247,0,
2026-05-16T17:01:41.539889,GET,/api/mixed/db/1/,10.35,247,0,
2026-05-16T17:01:41.551799,GET,/api/mixed/db/1/,13.49,247,0,
2026-05-16T17:01:41.615053,GET,/api/mixed/pipeline/1/,9.63,82,0,
2026-05-16T17:01:41.658851,GET,/api/mixed/db/1/,16.79,247,0,
2026-05-16T17:01:41.659326,GET,/api/mixed/http/,116.28,55353,0,
2026-05-16T17:01:41.748875,GET,/api/mixed/http/,117.14,55353,0,
2026-05-16T17:01:41.860368,GET,/api/mixed/db/1/,10.85,247,0,
2026-05-16T17:01:41.886352,GET,/api/mixed/http/,122.01,55353,0,
2026-05-16T17:01:41.946597,GET,/api/mixed/http/,116.43,55353,0,
2026-05-16T17:01:41.957719,GET,/api/mixed/db/1/,9.73,247,0,
2026-05-16T17:01:41.998137,GET,/api/mixed/http/,121.0,55353,0,
2026-05-16T17:01:42.001870,GET,/api/mixed/pipeline/1/,16.65,82,0,
2026-05-16T17:01:42.108408,GET,/api/mixed/pipeline/1/,10.01,82,0,
2026-05-16T17:01:42.158700,GET,/api/mixed/http/,121.5,55353,0,
2026-05-16T17:01:42.160772,GET,/api/mixed/http/,113.32,55353,0,
2026-05-16T17:01:42.216181,GET,/api/mixed/pipeline/1/,9.21,82,0,
2026-05-16T17:01:42.235129,GET,/api/mixed/db/1/,10.73,247,0,
2026-05-16T17:01:42.255869,GET,/api/mixed/pipeline/1/,9.5,82,0,
2026-05-16T17:01:42.275182,GET,/api/mixed/db/1/,10.94,247,0,
2026-05-16T17:01:42.309848,GET,/api/mixed/http/,115.6,55353,0,
2026-05-16T17:01:42.316850,GET,/api/mixed/db/1/,13.4,247,0,
2026-05-16T17:01:42.342209,GET,/api/mixed/db/1/,10.03,247,0,
2026-05-16T17:01:42.385607,GET,/api/mixed/http/,113.62,55353,0,
2026-05-16T17:01:42.487522,GET,/api/mixed/pipeline/1/,9.63,82,0,
2026-05-16T17:01:42.536407,GET,/api/mixed/pipeline/1/,9.47,82,0,
2026-05-16T17:01:42.598336,GET,/api/mixed/pipeline/1/,9.34,82,0,
2026-05-16T17:01:42.651620,GET,/api/mixed/db/1/,10.01,247,0,
2026-05-16T17:01:42.664037,GET,/api/mixed/pipeline/1/,13.61,82,0,
2026-05-16T17:01:42.682439,GET,/api/mixed/http/,114.34,55353,0,
2026-05-16T17:01:42.784985,GET,/api/mixed/pipeline/1/,11.0,82,0,
2026-05-16T17:01:42.841193,GET,/api/mixed/db/1/,10.02,247,0,
2026-05-16T17:01:42.928792,GET,/api/mixed/http/,113.45,55353,0,
2026-05-16T17:01:42.947314,GET,/api/mixed/pipeline/1/,9.31,82,0,
2026-05-16T17:01:42.972268,GET,/api/mixed/db/1/,12.68,247,0,
2026-05-16T17:01:43.000135,GET,/api/mixed/pipeline/1/,9.39,82,0,
2026-05-16T17:01:43.015429,GET,/api/mixed/db/1/,13.94,247,0,
2026-05-16T17:01:43.106346,GET,/api/mixed/db/1/,23.78,247,0,
2026-05-16T17:01:43.107548,GET,/api/mixed/pipeline/1/,25.7,82,0,
2026-05-16T17:01:43.128068,GET,/api/mixed/http/,121.88,55353,0,
2026-05-16T17:01:43.128556,GET,/api/mixed/http/,117.6,55353,0,
2026-05-16T17:01:43.186077,GET,/api/mixed/db/1/,10.14,247,0,
2026-05-16T17:01:43.198150,GET,/api/mixed/db/1/,9.72,247,0,
2026-05-16T17:01:43.265858,GET,/api/mixed/pipeline/1/,13.45,82,0,
2026-05-16T17:01:43.284821,GET,/api/mixed/db/1/,11.52,247,0,
2026-05-16T17:01:43.292663,GET,/api/mixed/pipeline/1/,11.51,82,0,
2026-05-16T17:01:43.310566,GET,/api/mixed/db/1/,9.69,247,0,
2026-05-16T17:01:43.334829,GET,/api/mixed/pipeline/1/,9.11,82,0,
2026-05-16T17:01:43.373939,GET,/api/mixed/http/,117.68,55353,0,
2026-05-16T17:01:43.427303,GET,/api/mixed/http/,112.53,55353,0,
2026-05-16T17:01:43.452336,GET,/api/mixed/db/1/,9.81,247,0,
2026-05-16T17:01:43.471330,GET,/api/mixed/db/1/,9.78,247,0,
2026-05-16T17:01:43.480504,GET,/api/mixed/http/,119.42,55353,0,
2026-05-16T17:01:43.580079,GET,/api/mixed/pipeline/1/,9.36,82,0,
2026-05-16T17:01:43.602513,GET,/api/mixed/db/1/,10.0,247,0,
2026-05-16T17:01:43.627123,GET,/api/mixed/pipeline/1/,11.25,82,0,
2026-05-16T17:01:43.671687,GET,/api/mixed/http/,112.78,55353,0,
2026-05-16T17:01:43.685835,GET,/api/mixed/db/1/,9.73,247,0,
2026-05-16T17:01:43.706023,GET,/api/mixed/db/1/,9.98,247,0,
2026-05-16T17:01:43.816266,GET,/api/mixed/pipeline/1/,10.53,82,0,
2026-05-16T17:01:43.829346,GET,/api/mixed/db/1/,12.87,247,0,
2026-05-16T17:01:43.962783,GET,/api/mixed/db/1/,10.0,247,0,
2026-05-16T17:01:43.994166,GET,/api/mixed/http/,112.38,55353,0,
2026-05-16T17:01:44.119576,GET,/api/mixed/db/1/,10.13,247,0,
2026-05-16T17:01:44.166359,GET,/api/mixed/pipeline/1/,9.47,82,0,
2026-05-16T17:01:44.466729,GET,/api/mixed/db/1/,9.92,247,0,
2026-05-16T17:01:44.488852,GET,/api/mixed/http/,113.62,55353,0,
2026-05-16T17:01:44.523070,GET,/api/mixed/http/,113.84,55353,0,
2026-05-16T17:01:44.541149,GET,/api/mixed/http/,113.1,55353,0,
2026-05-16T17:01:44.643038,GET,/api/mixed/db/1/,11.66,247,0,
2026-05-16T17:01:44.657003,GET,/api/mixed/http/,116.64,55353,0,
2026-05-16T17:01:44.659926,GET,/api/mixed/pipeline/1/,22.81,82,0,
2026-05-16T17:01:44.687014,GET,/api/mixed/db/1/,9.74,247,0,
2026-05-16T17:01:44.733040,GET,/api/mixed/http/,116.05,55353,0,
2026-05-16T17:01:44.735935,GET,/api/mixed/pipeline/1/,20.56,82,0,
2026-05-16T17:01:44.775861,GET,/api/mixed/http/,131.46,55353,0,
2026-05-16T17:01:44.868290,GET,/api/mixed/db/1/,10.22,247,0,
2026-05-16T17:01:44.892896,GET,/api/mixed/http/,124.8,55353,0,
2026-05-16T17:01:44.893309,GET,/api/mixed/http/,130.05,55353,0,
2026-05-16T17:01:44.944269,GET,/api/mixed/http/,113.05,55353,0,
2026-05-16T17:01:45.030281,GET,/api/mixed/pipeline/1/,14.65,82,0,
2026-05-16T17:01:45.080242,GET,/api/mixed/db/1/,15.46,247,0,
2026-05-16T17:01:45.083125,GET,/api/mixed/pipeline/1/,14.55,82,0,
2026-05-16T17:01:45.188134,GET,/api/mixed/pipeline/1/,9.46,82,0,
2026-05-16T17:01:45.200982,GET,/api/mixed/http/,113.52,55353,0,
2026-05-16T17:01:45.218696,GET,/api/mixed/pipeline/1/,9.32,82,0,
2026-05-16T17:01:45.226688,GET,/api/mixed/http/,112.38,55353,0,
2026-05-16T17:01:45.260269,GET,/api/mixed/pipeline/1/,9.37,82,0,
2026-05-16T17:01:45.304041,GET,/api/mixed/db/1/,21.44,247,0,
2026-05-16T17:01:45.305724,GET,/api/mixed/pipeline/1/,20.52,82,0,
2026-05-16T17:01:45.352461,GET,/api/mixed/db/1/,10.46,247,0,
2026-05-16T17:01:45.419507,GET,/api/mixed/db/1/,13.67,247,0,
2026-05-16T17:01:45.427745,GET,/api/mixed/pipeline/1/,12.41,82,0,
2026-05-16T17:01:45.464529,GET,/api/mixed/pipeline/1/,9.59,82,0,
2026-05-16T17:01:45.517244,GET,/api/mixed/pipeline/1/,9.48,82,0,
2026-05-16T17:01:45.529403,GET,/api/mixed/http/,116.78,55353,0,
2026-05-16T17:01:45.620036,GET,/api/mixed/db/1/,19.91,247,0,
2026-05-16T17:01:45.660051,GET,/api/mixed/http/,113.37,55353,0,
2026-05-16T17:01:45.738779,GET,/api/mixed/http/,135.44,55353,0,
2026-05-16T17:01:45.739443,GET,/api/mixed/http/,135.82,55353,0,
2026-05-16T17:01:45.741438,GET,/api/mixed/http/,138.5,55353,0,
2026-05-16T17:01:45.756561,GET,/api/mixed/http/,117.24,55353,0,
2026-05-16T17:01:45.766816,GET,/api/mixed/db/1/,22.23,247,0,
2026-05-16T17:01:45.773921,GET,/api/mixed/pipeline/1/,13.12,82,0,
2026-05-16T17:01:45.867438,GET,/api/mixed/http/,122.46,55353,0,
2026-05-16T17:01:45.876904,GET,/api/mixed/pipeline/1/,10.73,82,0,
2026-05-16T17:01:45.972567,GET,/api/mixed/pipeline/1/,13.23,82,0,
2026-05-16T17:01:45.990068,GET,/api/mixed/http/,115.36,55353,0,
2026-05-16T17:01:46.009414,GET,/api/mixed/db/1/,10.1,247,0,
2026-05-16T17:01:46.079259,GET,/api/mixed/http/,115.63,55353,0,
2026-05-16T17:01:46.100832,GET,/api/mixed/pipeline/1/,18.25,82,0,
2026-05-16T17:01:46.105304,GET,/api/mixed/http/,126.34,55353,0,
2026-05-16T17:01:46.112334,GET,/api/mixed/db/1/,16.33,247,0,
2026-05-16T17:01:46.141359,GET,/api/mixed/pipeline/1/,9.51,82,0,
2026-05-16T17:01:46.154483,GET,/api/mixed/pipeline/1/,11.86,82,0,
2026-05-16T17:01:46.173757,GET,/api/mixed/db/1/,9.9,247,0,
2026-05-16T17:01:46.201451,GET,/api/mixed/pipeline/1/,9.27,82,0,
2026-05-16T17:01:46.224183,GET,/api/mixed/http/,129.92,55353,0,
2026-05-16T17:01:46.232166,GET,/api/mixed/http/,120.62,55353,0,
2026-05-16T17:01:46.235612,GET,/api/mixed/db/1/,30.94,247,0,
2026-05-16T17:01:46.261375,GET,/api/mixed/http/,115.0,55353,0,
2026-05-16T17:01:46.346483,GET,/api/mixed/http/,128.12,55353,0,
2026-05-16T17:01:46.347087,GET,/api/mixed/http/,117.64,55353,0,
2026-05-16T17:01:46.547449,GET,/api/mixed/db/1/,21.32,247,0,
2026-05-16T17:01:46.550439,GET,/api/mixed/http/,120.74,55353,0,
2026-05-16T17:01:46.553439,GET,/api/mixed/pipeline/1/,20.65,82,0,
2026-05-16T17:01:46.625251,GET,/api/mixed/pipeline/1/,9.46,82,0,
2026-05-16T17:01:46.638340,GET,/api/mixed/http/,114.08,55353,0,
2026-05-16T17:01:46.670797,GET,/api/mixed/http/,112.09,55353,0,
2026-05-16T17:01:46.771286,GET,/api/mixed/db/1/,10.18,247,0,
2026-05-16T17:01:46.813517,GET,/api/mixed/db/1/,15.81,247,0,
2026-05-16T17:01:46.817188,GET,/api/mixed/pipeline/1/,13.72,82,0,
2026-05-16T17:01:46.825698,GET,/api/mixed/pipeline/1/,9.94,82,0,
2026-05-16T17:01:46.895077,GET,/api/mixed/db/1/,15.19,247,0,
2026-05-16T17:01:46.897183,GET,/api/mixed/pipeline/1/,14.52,82,0,
2026-05-16T17:01:46.954717,GET,/api/mixed/db/1/,11.65,247,0,
2026-05-16T17:01:46.962170,GET,/api/mixed/pipeline/1/,11.31,82,0,
2026-05-16T17:01:47.134103,GET,/api/mixed/db/1/,10.29,247,0,
2026-05-16T17:01:47.208975,GET,/api/mixed/db/1/,11.12,247,0,
2026-05-16T17:01:47.252669,GET,/api/mixed/db/1/,13.35,247,0,
2026-05-16T17:01:47.300404,GET,/api/mixed/pipeline/1/,9.44,82,0,
2026-05-16T17:01:47.380224,GET,/api/mixed/pipeline/1/,9.46,82,0,
2026-05-16T17:01:47.413306,GET,/api/mixed/pipeline/1/,9.45,82,0,
2026-05-16T17:01:47.525530,GET,/api/mixed/db/1/,13.79,247,0,
2026-05-16T17:01:47.542818,GET,/api/mixed/db/1/,9.92,247,0,
2026-05-16T17:01:47.561359,GET,/api/mixed/http/,114.66,55353,0,
2026-05-16T17:01:47.625451,GET,/api/mixed/db/1/,9.72,247,0,
2026-05-16T17:01:47.702050,GET,/api/mixed/db/1/,10.61,247,0,
2026-05-16T17:01:47.713338,GET,/api/mixed/http/,112.55,55353,0,
2026-05-16T17:01:47.752030,GET,/api/mixed/http/,114.24,55353,0,
2026-05-16T17:01:47.761134,GET,/api/mixed/pipeline/1/,9.94,82,0,
2026-05-16T17:01:47.794637,GET,/api/mixed/http/,112.97,55353,0,
2026-05-16T17:01:47.825307,GET,/api/mixed/pipeline/1/,12.23,82,0,
2026-05-16T17:01:47.857666,GET,/api/mixed/http/,118.98,55353,0,
2026-05-16T17:01:47.886052,GET,/api/mixed/pipeline/1/,19.2,82,0,
2026-05-16T17:01:47.891080,GET,/api/mixed/http/,115.61,55353,0,
2026-05-16T17:01:47.892570,GET,/api/mixed/db/1/,22.98,247,0,
2026-05-16T17:01:47.929851,GET,/api/mixed/http/,116.1,55353,0,
2026-05-16T17:01:48.023610,GET,/api/mixed/db/1/,10.28,247,0,
2026-05-16T17:01:48.079090,GET,/api/mixed/db/1/,10.16,247,0,
2026-05-16T17:01:48.225067,GET,/api/mixed/http/,119.54,55353,0,
2026-05-16T17:01:48.232983,GET,/api/mixed/pipeline/1/,15.67,82,0,
2026-05-16T17:01:48.317421,GET,/api/mixed/http/,112.88,55353,0,
2026-05-16T17:01:48.376289,GET,/api/mixed/http/,113.06,55353,0,
2026-05-16T17:01:48.416907,GET,/api/mixed/http/,112.62,55353,0,
2026-05-16T17:01:48.454533,GET,/api/mixed/http/,124.89,55353,0,
2026-05-16T17:01:48.456058,GET,/api/mixed/http/,123.69,55353,0,
2026-05-16T17:01:48.468057,GET,/api/mixed/pipeline/1/,35.93,82,0,
2026-05-16T17:01:48.471208,GET,/api/mixed/db/1/,34.42,247,0,
2026-05-16T17:01:48.482671,GET,/api/mixed/db/1/,10.08,247,0,
2026-05-16T17:01:48.545325,GET,/api/mixed/pipeline/1/,9.5,82,0,
2026-05-16T17:01:48.593178,GET,/api/mixed/pipeline/1/,15.63,82,0,
2026-05-16T17:01:48.609413,GET,/api/mixed/http/,112.38,55353,0,
2026-05-16T17:01:48.618483,GET,/api/mixed/pipeline/1/,8.95,82,0,
2026-05-16T17:01:48.656047,GET,/api/mixed/db/1/,10.17,247,0,
2026-05-16T17:01:48.676700,GET,/api/mixed/db/1/,10.45,247,0,
2026-05-16T17:01:48.685685,GET,/api/mixed/pipeline/1/,9.78,82,0,
2026-05-16T17:01:48.833446,GET,/api/mixed/http/,113.79,55353,0,
2026-05-16T17:01:48.876995,GET,/api/mixed/http/,113.96,55353,0,
2026-05-16T17:01:48.896682,GET,/api/mixed/pipeline/1/,9.35,82,0,
2026-05-16T17:01:48.932831,GET,/api/mixed/db/1/,10.12,247,0,
2026-05-16T17:01:48.975205,GET,/api/mixed/http/,116.31,55353,0,
2026-05-16T17:01:49.019882,GET,/api/mixed/http/,113.16,55353,0,
2026-05-16T17:01:49.042547,GET,/api/mixed/pipeline/1/,9.47,82,0,
2026-05-16T17:01:49.084972,GET,/api/mixed/http/,121.34,55353,0,
2026-05-16T17:01:49.100796,GET,/api/mixed/pipeline/1/,10.72,82,0,
2026-05-16T17:01:49.119624,GET,/api/mixed/http/,112.96,55353,0,
2026-05-16T17:01:49.136124,GET,/api/mixed/pipeline/1/,9.28,82,0,
2026-05-16T17:01:49.159639,GET,/api/mixed/pipeline/1/,9.32,82,0,
2026-05-16T17:01:49.203586,GET,/api/mixed/http/,115.27,55353,0,
2026-05-16T17:01:49.266418,GET,/api/mixed/pipeline/1/,9.5,82,0,
2026-05-16T17:01:49.314309,GET,/api/mixed/http/,120.27,55353,0,
2026-05-16T17:01:49.463168,GET,/api/mixed/pipeline/1/,10.07,82,0,
2026-05-16T17:01:49.492890,GET,/api/mixed/http/,113.14,55353,0,
2026-05-16T17:01:49.567942,GET,/api/mixed/pipeline/1/,10.81,82,0,
2026-05-16T17:01:49.642667,GET,/api/mixed/pipeline/1/,13.19,82,0,
2026-05-16T17:01:49.745199,GET,/api/mixed/http/,115.29,55353,0,
2026-05-16T17:01:49.754491,GET,/api/mixed/http/,112.83,55353,0,
2026-05-16T17:01:49.768780,GET,/api/mixed/http/,112.61,55353,0,
2026-05-16T17:01:49.784174,GET,/api/mixed/http/,113.21,55353,0,
2026-05-16T17:01:49.796682,GET,/api/mixed/http/,112.8,55353,0,
2026-05-16T17:01:49.813456,GET,/api/mixed/http/,115.64,55353,0,
2026-05-16T17:01:49.814943,GET,/api/mixed/pipeline/1/,16.94,82,0,
2026-05-16T17:01:49.935370,GET,/api/mixed/http/,113.15,55353,0,
2026-05-16T17:01:50.032712,GET,/api/mixed/pipeline/1/,13.42,82,0,
2026-05-16T17:01:50.036604,GET,/api/mixed/pipeline/1/,12.55,82,0,
2026-05-16T17:01:50.065411,GET,/api/mixed/pipeline/1/,9.58,82,0,
2026-05-16T17:01:50.074028,GET,/api/mixed/pipeline/1/,10.35,82,0,
2026-05-16T17:01:50.090402,GET,/api/mixed/http/,112.58,55353,0,
2026-05-16T17:01:50.104682,GET,/api/mixed/http/,118.05,55353,0,
2026-05-16T17:01:50.105837,GET,/api/mixed/http/,114.36,55353,0,
2026-05-16T17:01:50.158361,GET,/api/mixed/db/1/,15.42,247,0,
2026-05-16T17:01:50.160201,GET,/api/mixed/db/1/,16.65,247,0,
2026-05-16T17:01:50.182340,GET,/api/mixed/pipeline/1/,10.89,82,0,
2026-05-16T17:01:50.246747,GET,/api/mixed/http/,112.55,55353,0,
2026-05-16T17:01:50.305450,GET,/api/mixed/pipeline/1/,13.33,82,0,
2026-05-16T17:01:50.309639,GET,/api/mixed/pipeline/1/,12.77,82,0,
2026-05-16T17:01:50.328105,GET,/api/mixed/db/1/,19.41,247,0,
2026-05-16T17:01:50.328657,GET,/api/mixed/pipeline/1/,15.48,82,0,
2026-05-16T17:01:50.376469,GET,/api/mixed/http/,113.38,55353,0,
2026-05-16T17:01:50.392729,GET,/api/mixed/db/1/,9.98,247,0,
2026-05-16T17:01:50.427850,GET,/api/mixed/http/,118.64,55353,0,
2026-05-16T17:01:50.494855,GET,/api/mixed/pipeline/1/,14.85,82,0,
2026-05-16T17:01:50.497915,GET,/api/mixed/pipeline/1/,13.09,82,0,
2026-05-16T17:01:50.554478,GET,/api/mixed/db/1/,14.29,247,0,
2026-05-16T17:01:50.572597,GET,/api/mixed/http/,112.63,55353,0,
2026-05-16T17:01:50.593828,GET,/api/mixed/pipeline/1/,14.94,82,0,
2026-05-16T17:01:50.596024,GET,/api/mixed/pipeline/1/,14.41,82,0,
2026-05-16T17:01:50.799296,GET,/api/mixed/db/1/,17.66,247,0,
2026-05-16T17:01:50.847405,GET,/api/mixed/pipeline/1/,12.69,82,0,
2026-05-16T17:01:50.901211,GET,/api/mixed/db/1/,10.57,247,0,
2026-05-16T17:01:50.952604,GET,/api/mixed/db/1/,10.11,247,0,
2026-05-16T17:01:50.980223,GET,/api/mixed/db/1/,10.25,247,0,
2026-05-16T17:01:51.117547,GET,/api/mixed/http/,112.83,55353,0,
2026-05-16T17:01:51.224630,GET,/api/mixed/pipeline/1/,9.55,82,0,
2026-05-16T17:01:51.297138,GET,/api/mixed/db/1/,13.22,247,0,
2026-05-16T17:01:51.303977,GET,/api/mixed/db/1/,15.26,247,0,
2026-05-16T17:01:51.343051,GET,/api/mixed/db/1/,9.84,247,0,
2026-05-16T17:01:51.439970,GET,/api/mixed/http/,113.68,55353,0,
2026-05-16T17:01:51.452305,GET,/api/mixed/db/1/,9.92,247,0,
2026-05-16T17:01:51.470298,GET,/api/mixed/http/,113.95,55353,0,
2026-05-16T17:01:51.482859,GET,/api/mixed/db/1/,18.33,247,0,
2026-05-16T17:01:51.486374,GET,/api/mixed/db/1/,15.94,247,0,
2026-05-16T17:01:51.662955,GET,/api/mixed/http/,121.34,55353,0,
2026-05-16T17:01:51.706223,GET,/api/mixed/pipeline/1/,13.97,82,0,
2026-05-16T17:01:51.711061,GET,/api/mixed/db/1/,14.11,247,0,
2026-05-16T17:01:51.752971,GET,/api/mixed/pipeline/1/,19.52,82,0,
2026-05-16T17:01:51.754918,GET,/api/mixed/pipeline/1/,21.02,82,0,
2026-05-16T17:01:51.758878,GET,/api/mixed/db/1/,20.08,247,0,
2026-05-16T17:01:51.770246,GET,/api/mixed/pipeline/1/,9.01,82,0,
2026-05-16T17:01:51.787370,GET,/api/mixed/db/1/,9.75,247,0,
2026-05-16T17:01:51.816218,GET,/api/mixed/pipeline/1/,10.36,82,0,
2026-05-16T17:01:51.824843,GET,/api/mixed/db/1/,11.19,247,0,
2026-05-16T17:01:51.936527,GET,/api/mixed/db/1/,16.24,247,0,
2026-05-16T17:01:51.937897,GET,/api/mixed/pipeline/1/,15.76,82,0,
2026-05-16T17:01:51.961116,GET,/api/mixed/pipeline/1/,10.0,82,0,
2026-05-16T17:01:51.971516,GET,/api/mixed/pipeline/1/,9.0,82,0,
2026-05-16T17:01:51.983970,GET,/api/mixed/pipeline/1/,9.11,82,0,
2026-05-16T17:01:52.042453,GET,/api/mixed/pipeline/1/,19.12,82,0,
2026-05-16T17:01:52.045046,GET,/api/mixed/pipeline/1/,16.97,82,0,
2026-05-16T17:01:52.057301,GET,/api/mixed/db/1/,18.4,247,0,
2026-05-16T17:01:52.063181,GET,/api/mixed/pipeline/1/,13.24,82,0,
2026-05-16T17:01:52.131979,GET,/api/mixed/http/,115.44,55353,0,
2026-05-16T17:01:52.162818,GET,/api/mixed/http/,116.56,55353,0,
2026-05-16T17:01:52.401037,GET,/api/mixed/db/1/,14.51,247,0,
2026-05-16T17:01:52.472436,GET,/api/mixed/db/1/,10.17,247,0,
2026-05-16T17:01:52.554165,GET,/api/mixed/http/,127.42,55353,0,
2026-05-16T17:01:52.562167,GET,/api/mixed/db/1/,36.22,247,0,
2026-05-16T17:01:52.567136,GET,/api/mixed/pipeline/1/,40.77,82,0,
2026-05-16T17:01:52.579783,GET,/api/mixed/db/1/,40.19,247,0,
2026-05-16T17:01:52.581868,GET,/api/mixed/pipeline/1/,46.72,82,0,
2026-05-16T17:01:52.586557,GET,/api/mixed/pipeline/1/,30.04,82,0,
2026-05-16T17:01:52.587418,GET,/api/mixed/pipeline/1/,28.17,82,0,
2026-05-16T17:01:52.614610,GET,/api/mixed/db/1/,14.03,247,0,
2026-05-16T17:01:52.618931,GET,/api/mixed/db/1/,13.45,247,0,
2026-05-16T17:01:52.666175,GET,/api/mixed/http/,128.21,55353,0,
2026-05-16T17:01:52.680642,GET,/api/mixed/pipeline/1/,15.09,82,0,
2026-05-16T17:01:52.682529,GET,/api/mixed/db/1/,17.41,247,0,
2026-05-16T17:01:52.744024,GET,/api/mixed/db/1/,10.23,247,0,
2026-05-16T17:01:52.818222,GET,/api/mixed/pipeline/1/,9.56,82,0,
2026-05-16T17:01:52.861056,GET,/api/mixed/db/1/,10.16,247,0,
2026-05-16T17:01:53.032735,GET,/api/mixed/db/1/,10.04,247,0,
2026-05-16T17:01:53.106374,GET,/api/mixed/db/1/,10.32,247,0,
2026-05-16T17:01:53.134284,GET,/api/mixed/db/1/,15.25,247,0,
2026-05-16T17:01:53.256598,GET,/api/mixed/http/,113.11,55353,0,
2026-05-16T17:01:53.298466,GET,/api/mixed/http/,116.1,55353,0,
2026-05-16T17:01:53.304923,GET,/api/mixed/pipeline/1/,16.04,82,0,
2026-05-16T17:01:53.328802,GET,/api/mixed/pipeline/1/,9.52,82,0,
2026-05-16T17:01:53.349863,GET,/api/mixed/db/1/,9.69,247,0,
2026-05-16T17:01:53.463769,GET,/api/mixed/http/,113.78,55353,0,
2026-05-16T17:01:53.486525,GET,/api/mixed/db/1/,10.46,247,0,
2026-05-16T17:01:53.511856,GET,/api/mixed/http/,113.21,55353,0,
2026-05-16T17:01:53.534093,GET,/api/mixed/http/,112.33,55353,0,
2026-05-16T17:01:53.554465,GET,/api/mixed/db/1/,10.17,247,0,
2026-05-16T17:01:53.598748,GET,/api/mixed/pipeline/1/,10.04,82,0,
2026-05-16T17:01:53.661910,GET,/api/mixed/pipeline/1/,9.42,82,0,
2026-05-16T17:01:53.703559,GET,/api/mixed/pipeline/1/,9.41,82,0,
2026-05-16T17:01:53.721931,GET,/api/mixed/db/1/,9.96,247,0,
2026-05-16T17:01:53.747515,GET,/api/mixed/db/1/,23.24,247,0,
2026-05-16T17:01:53.749296,GET,/api/mixed/http/,121.28,55353,0,
2026-05-16T17:01:53.750512,GET,/api/mixed/http/,118.65,55353,0,
2026-05-16T17:01:53.867698,GET,/api/mixed/http/,112.87,55353,0,
2026-05-16T17:01:53.919598,GET,/api/mixed/pipeline/1/,9.48,82,0,
2026-05-16T17:01:53.934184,GET,/api/mixed/pipeline/1/,9.23,82,0,
2026-05-16T17:01:53.952816,GET,/api/mixed/http/,113.0,55353,0,
2026-05-16T17:01:53.969134,GET,/api/mixed/http/,116.03,55353,0,
2026-05-16T17:01:53.983652,GET,/api/mixed/pipeline/1/,20.59,82,0,
2026-05-16T17:01:53.990993,GET,/api/mixed/pipeline/1/,13.5,82,0,
2026-05-16T17:01:54.002643,GET,/api/mixed/db/1/,10.4,247,0,
2026-05-16T17:01:54.020089,GET,/api/mixed/pipeline/1/,9.74,82,0,
2026-05-16T17:01:54.101149,GET,/api/mixed/http/,128.42,55353,0,
2026-05-16T17:01:54.101572,GET,/api/mixed/http/,129.25,55353,0,
2026-05-16T17:01:54.191492,GET,/api/mixed/http/,113.11,55353,0,
2026-05-16T17:01:54.317184,GET,/api/mixed/http/,114.3,55353,0,
2026-05-16T17:01:54.374793,GET,/api/mixed/db/1/,10.12,247,0,
2026-05-16T17:01:54.433075,GET,/api/mixed/http/,125.99,55353,0,
2026-05-16T17:01:54.451389,GET,/api/mixed/db/1/,9.92,247,0,
2026-05-16T17:01:54.468552,GET,/api/mixed/db/1/,9.87,247,0,
2026-05-16T17:01:54.552658,GET,/api/mixed/db/1/,10.98,247,0,
2026-05-16T17:01:54.633076,GET,/api/mixed/http/,115.29,55353,0,
2026-05-16T17:01:54.639292,GET,/api/mixed/pipeline/1/,14.29,82,0,
2026-05-16T17:01:54.717920,GET,/api/mixed/http/,112.98,55353,0,
2026-05-16T17:01:54.763917,GET,/api/mixed/db/1/,15.76,247,0,
2026-05-16T17:01:54.764830,GET,/api/mixed/pipeline/1/,16.03,82,0,
2026-05-16T17:01:54.808446,GET,/api/mixed/pipeline/1/,9.07,82,0,
2026-05-16T17:01:54.818763,GET,/api/mixed/db/1/,10.19,247,0,
2026-05-16T17:01:54.839281,GET,/api/mixed/db/1/,15.19,247,0,
2026-05-16T17:01:54.906982,GET,/api/mixed/http/,116.87,55353,0,
2026-05-16T17:01:54.909213,GET,/api/mixed/db/1/,21.76,247,0,
2026-05-16T17:01:54.978233,GET,/api/mixed/http/,112.58,55353,0,
2026-05-16T17:01:55.013894,GET,/api/mixed/http/,122.73,55353,0,
2026-05-16T17:01:55.059521,GET,/api/mixed/http/,114.9,55353,0,
2026-05-16T17:01:55.085500,GET,/api/mixed/http/,121.18,55353,0,
2026-05-16T17:01:55.086756,GET,/api/mixed/http/,127.34,55353,0,
2026-05-16T17:01:55.092365,GET,/api/mixed/pipeline/1/,20.41,82,0,
2026-05-16T17:01:55.151964,GET,/api/mixed/http/,112.63,55353,0,
2026-05-16T17:01:55.161360,GET,/api/mixed/db/1/,10.7,247,0,
2026-05-16T17:01:55.169218,GET,/api/mixed/http/,117.11,55353,0,
2026-05-16T17:01:55.221710,GET,/api/mixed/db/1/,10.07,247,0,
2026-05-16T17:01:55.337779,GET,/api/mixed/http/,117.19,55353,0,
2026-05-16T17:01:55.343708,GET,/api/mixed/db/1/,15.74,247,0,
2026-05-16T17:01:55.407676,GET,/api/mixed/pipeline/1/,9.72,82,0,
2026-05-16T17:01:55.436184,GET,/api/mixed/db/1/,10.1,247,0,
2026-05-16T17:01:55.522482,GET,/api/mixed/pipeline/1/,10.12,82,0,
2026-05-16T17:01:55.543479,GET,/api/mixed/db/1/,9.67,247,0,
2026-05-16T17:01:55.584771,GET,/api/mixed/db/1/,17.01,247,0,
2026-05-16T17:01:55.585178,GET,/api/mixed/http/,114.68,55353,0,
2026-05-16T17:01:55.614906,GET,/api/mixed/http/,113.47,55353,0,
2026-05-16T17:01:55.639391,GET,/api/mixed/pipeline/1/,9.29,82,0,
2026-05-16T17:01:55.767713,GET,/api/mixed/http/,114.16,55353,0,
2026-05-16T17:01:55.776840,GET,/api/mixed/pipeline/1/,10.54,82,0,
2026-05-16T17:01:55.815156,GET,/api/mixed/pipeline/1/,14.95,82,0,
2026-05-16T17:01:55.857238,GET,/api/mixed/pipeline/1/,9.74,82,0,
2026-05-16T17:01:55.875468,GET,/api/mixed/db/1/,9.86,247,0,
2026-05-16T17:01:56.104338,GET,/api/mixed/http/,115.42,55353,0,
2026-05-16T17:01:56.149236,GET,/api/mixed/db/1/,12.42,247,0,
2026-05-16T17:01:56.205715,GET,/api/mixed/db/1/,10.12,247,0,
2026-05-16T17:01:56.255628,GET,/api/mixed/http/,114.95,55353,0,
2026-05-16T17:01:56.291211,GET,/api/mixed/db/1/,12.15,247,0,
2026-05-16T17:01:56.320211,GET,/api/mixed/db/1/,10.19,247,0,
2026-05-16T17:01:56.335722,GET,/api/mixed/http/,112.49,55353,0,
2026-05-16T17:01:56.353336,GET,/api/mixed/pipeline/1/,9.3,82,0,
2026-05-16T17:01:56.426726,GET,/api/mixed/db/1/,14.81,247,0,
2026-05-16T17:01:56.459061,GET,/api/mixed/db/1/,11.03,247,0,
2026-05-16T17:01:56.499780,GET,/api/mixed/db/1/,10.51,247,0,
2026-05-16T17:01:56.509125,GET,/api/mixed/db/1/,10.09,247,0,
2026-05-16T17:01:56.525035,GET,/api/mixed/http/,117.37,55353,0,
2026-05-16T17:01:56.553631,GET,/api/mixed/db/1/,10.35,247,0,
2026-05-16T17:01:56.569344,GET,/api/mixed/pipeline/1/,9.45,82,0,
2026-05-16T17:01:56.597359,GET,/api/mixed/pipeline/1/,18.78,82,0,
2026-05-16T17:01:56.603110,GET,/api/mixed/db/1/,20.87,247,0,
2026-05-16T17:01:56.604821,GET,/api/mixed/db/1/,20.94,247,0,
2026-05-16T17:01:56.669913,GET,/api/mixed/pipeline/1/,9.57,82,0,
2026-05-16T17:01:56.701320,GET,/api/mixed/db/1/,18.47,247,0,
2026-05-16T17:01:56.724064,GET,/api/mixed/pipeline/1/,9.41,82,0,
2026-05-16T17:01:56.805686,GET,/api/mixed/http/,124.55,55353,0,
2026-05-16T17:01:56.806188,GET,/api/mixed/http/,120.68,55353,0,
2026-05-16T17:01:56.857148,GET,/api/mixed/http/,112.7,55353,0,
2026-05-16T17:01:57.000560,GET,/api/mixed/db/1/,10.35,247,0,
2026-05-16T17:01:57.042716,GET,/api/mixed/pipeline/1/,16.47,82,0,
2026-05-16T17:01:57.206049,GET,/api/mixed/http/,175.09,55353,0,
2026-05-16T17:01:57.207279,GET,/api/mixed/db/1/,71.28,247,0,
2026-05-16T17:01:57.208343,GET,/api/mixed/http/,128.31,55353,0,
2026-05-16T17:01:57.210481,GET,/api/mixed/http/,124.62,55353,0,
2026-05-16T17:01:57.212215,GET,/api/mixed/http/,122.86,55353,0,
2026-05-16T17:01:57.224300,GET,/api/mixed/db/1/,9.72,247,0,
2026-05-16T17:01:57.267984,GET,/api/mixed/db/1/,9.84,247,0,
2026-05-16T17:01:57.338014,GET,/api/mixed/pipeline/1/,9.6,82,0,
2026-05-16T17:01:57.353429,GET,/api/mixed/db/1/,16.17,247,0,
2026-05-16T17:01:57.362428,GET,/api/mixed/http/,119.92,55353,0,
2026-05-16T17:01:57.364141,GET,/api/mixed/http/,113.79,55353,0,
2026-05-16T17:01:57.517498,GET,/api/mixed/pipeline/1/,9.59,82,0,
2026-05-16T17:01:57.595560,GET,/api/mixed/pipeline/1/,12.7,82,0,
2026-05-16T17:01:57.623075,GET,/api/mixed/pipeline/1/,9.11,82,0,
2026-05-16T17:01:57.636148,GET,/api/mixed/pipeline/1/,8.88,82,0,
2026-05-16T17:01:57.650352,GET,/api/mixed/db/1/,9.84,247,0,
2026-05-16T17:01:57.730157,GET,/api/mixed/db/1/,10.38,247,0,
2026-05-16T17:01:57.742994,GET,/api/mixed/db/1/,9.6,247,0,
2026-05-16T17:01:57.944815,GET,/api/mixed/http/,119.42,55353,0,
2026-05-16T17:01:57.954885,GET,/api/mixed/db/1/,27.27,247,0,
2026-05-16T17:01:57.976949,GET,/api/mixed/http/,113.41,55353,0,
2026-05-16T17:01:57.987900,GET,/api/mixed/db/1/,9.73,247,0,
2026-05-16T17:01:58.060050,GET,/api/mixed/http/,116.1,55353,0,
2026-05-16T17:01:58.119553,GET,/api/mixed/db/1/,9.57,247,0,
2026-05-16T17:01:58.141853,GET,/api/mixed/http/,113.36,55353,0,
2026-05-16T17:01:58.184183,GET,/api/mixed/http/,112.84,55353,0,
2026-05-16T17:01:58.220397,GET,/api/mixed/http/,114.18,55353,0,
2026-05-16T17:01:58.272675,GET,/api/mixed/http/,115.59,55353,0,
2026-05-16T17:01:58.279292,GET,/api/mixed/db/1/,14.56,247,0,
2026-05-16T17:01:58.350590,GET,/api/mixed/http/,112.71,55353,0,
2026-05-16T17:01:58.362257,GET,/api/mixed/pipeline/1/,9.28,82,0,
2026-05-16T17:01:58.425981,GET,/api/mixed/pipeline/1/,9.55,82,0,
2026-05-16T17:01:58.436198,GET,/api/mixed/http/,116.61,55353,0,
2026-05-16T17:01:58.478261,GET,/api/mixed/http/,112.65,55353,0,
2026-05-16T17:01:58.487556,GET,/api/mixed/pipeline/1/,9.17,82,0,
2026-05-16T17:01:58.505695,GET,/api/mixed/db/1/,16.77,247,0,
2026-05-16T17:01:58.567398,GET,/api/mixed/http/,112.87,55353,0,
2026-05-16T17:01:58.592258,GET,/api/mixed/pipeline/1/,9.63,82,0,
2026-05-16T17:01:58.613679,GET,/api/mixed/http/,121.1,55353,0,
2026-05-16T17:01:58.615257,GET,/api/mixed/pipeline/1/,16.67,82,0,
2026-05-16T17:01:58.644525,GET,/api/mixed/http/,114.42,55353,0,
2026-05-16T17:01:58.649121,GET,/api/mixed/db/1/,17.32,247,0,
2026-05-16T17:01:58.674240,GET,/api/mixed/db/1/,9.91,247,0,
2026-05-16T17:01:58.760944,GET,/api/mixed/pipeline/1/,14.8,82,0,
2026-05-16T17:01:58.847142,GET,/api/mixed/db/1/,17.17,247,0,
2026-05-16T17:01:58.956691,GET,/api/mixed/http/,126.45,55353,0,
2026-05-16T17:01:58.957265,GET,/api/mixed/http/,127.73,55353,0,
2026-05-16T17:01:58.968658,GET,/api/mixed/pipeline/1/,9.15,82,0,
2026-05-16T17:01:59.010184,GET,/api/mixed/db/1/,10.28,247,0,
2026-05-16T17:01:59.032926,GET,/api/mixed/pipeline/1/,10.41,82,0,
2026-05-16T17:01:59.046775,GET,/api/mixed/http/,117.07,55353,0,
2026-05-16T17:01:59.052792,GET,/api/mixed/db/1/,17.45,247,0,
2026-05-16T17:01:59.093249,GET,/api/mixed/db/1/,10.14,247,0,
2026-05-16T17:01:59.156686,GET,/api/mixed/http/,125.29,55353,0,
2026-05-16T17:01:59.202958,GET,/api/mixed/db/1/,10.09,247,0,
2026-05-16T17:01:59.262316,GET,/api/mixed/pipeline/1/,10.27,82,0,
2026-05-16T17:01:59.288426,GET,/api/mixed/http/,114.45,55353,0,
2026-05-16T17:01:59.296087,GET,/api/mixed/db/1/,16.46,247,0,
2026-05-16T17:01:59.334510,GET,/api/mixed/db/1/,10.02,247,0,
2026-05-16T17:01:59.364391,GET,/api/mixed/http/,115.1,55353,0,
2026-05-16T17:01:59.464100,GET,/api/mixed/http/,117.29,55353,0,
2026-05-16T17:01:59.473278,GET,/api/mixed/http/,119.59,55353,0,
2026-05-16T17:01:59.517796,GET,/api/mixed/db/1/,10.28,247,0,
2026-05-16T17:01:59.589102,GET,/api/mixed/db/1/,10.08,247,0,
2026-05-16T17:01:59.643266,GET,/api/mixed/db/1/,11.42,247,0,
2026-05-16T17:01:59.731486,GET,/api/mixed/db/1/,12.48,247,0,
2026-05-16T17:01:59.743722,GET,/api/mixed/http/,116.27,55353,0,
2026-05-16T17:01:59.792822,GET,/api/mixed/pipeline/1/,9.69,82,0,
2026-05-16T17:01:59.822386,GET,/api/mixed/pipeline/1/,13.41,82,0,
2026-05-16T17:01:59.826483,GET,/api/mixed/pipeline/1/,12.74,82,0,
2026-05-16T17:02:00.038485,GET,/api/mixed/pipeline/1/,14.34,82,0,
2026-05-16T17:02:00.042346,GET,/api/mixed/pipeline/1/,12.98,82,0,
2026-05-16T17:02:00.060115,GET,/api/mixed/db/1/,9.61,247,0,
2026-05-16T17:02:00.088078,GET,/api/mixed/pipeline/1/,10.72,82,0,
2026-05-16T17:02:00.117472,GET,/api/mixed/db/1/,9.99,247,0,
2026-05-16T17:02:00.254123,GET,/api/mixed/pipeline/1/,9.01,82,0,
2026-05-16T17:02:00.308453,GET,/api/mixed/http/,119.7,55353,0,
2026-05-16T17:02:00.317598,GET,/api/mixed/db/1/,18.64,247,0,
2026-05-16T17:02:00.318819,GET,/api/mixed/pipeline/1/,22.58,82,0,
2026-05-16T17:02:00.348283,GET,/api/mixed/http/,113.19,55353,0,
2026-05-16T17:02:00.392510,GET,/api/mixed/http/,113.12,55353,0,
2026-05-16T17:02:00.401587,GET,/api/mixed/pipeline/1/,9.97,82,0,
2026-05-16T17:02:00.463612,GET,/api/mixed/db/1/,15.39,247,0,
2026-05-16T17:02:00.543463,GET,/api/mixed/http/,113.4,55353,0,
2026-05-16T17:02:00.604153,GET,/api/mixed/http/,114.19,55353,0,
2026-05-16T17:02:00.644858,GET,/api/mixed/http/,116.92,55353,0,
2026-05-16T17:02:00.656929,GET,/api/mixed/http/,112.08,55353,0,
2026-05-16T17:02:00.712133,GET,/api/mixed/pipeline/1/,9.79,82,0,
2026-05-16T17:02:00.721200,GET,/api/mixed/pipeline/1/,9.84,82,0,
2026-05-16T17:02:00.760978,GET,/api/mixed/pipeline/1/,9.54,82,0,
2026-05-16T17:02:00.897009,GET,/api/mixed/http/,118.82,55353,0,
2026-05-16T17:02:00.904225,GET,/api/mixed/pipeline/1/,12.05,82,0,
2026-05-16T17:02:00.921044,GET,/api/mixed/http/,112.96,55353,0,
2026-05-16T17:02:00.989413,GET,/api/mixed/pipeline/1/,11.42,82,0,
2026-05-16T17:02:01.024094,GET,/api/mixed/pipeline/1/,12.29,82,0,
2026-05-16T17:02:01.029410,GET,/api/mixed/pipeline/1/,11.83,82,0,
2026-05-16T17:02:01.043950,GET,/api/mixed/pipeline/1/,9.07,82,0,
2026-05-16T17:02:01.070132,GET,/api/mixed/http/,119.67,55353,0,
2026-05-16T17:02:01.071999,GET,/api/mixed/http/,114.68,55353,0,
2026-05-16T17:02:01.080060,GET,/api/mixed/pipeline/1/,11.69,82,0,
2026-05-16T17:02:01.102206,GET,/api/mixed/http/,117.39,55353,0,
2026-05-16T17:02:01.159434,GET,/api/mixed/db/1/,12.98,247,0,
2026-05-16T17:02:01.233404,GET,/api/mixed/pipeline/1/,9.54,82,0,
2026-05-16T17:02:01.246245,GET,/api/mixed/pipeline/1/,9.14,82,0,
2026-05-16T17:02:01.276460,GET,/api/mixed/http/,121.92,55353,0,
2026-05-16T17:02:01.279670,GET,/api/mixed/pipeline/1/,22.07,82,0,
2026-05-16T17:02:01.284038,GET,/api/mixed/db/1/,18.68,247,0,
2026-05-16T17:02:01.442919,GET,/api/mixed/http/,112.6,55353,0,
2026-05-16T17:02:01.564976,GET,/api/mixed/db/1/,15.86,247,0,
2026-05-16T17:02:01.574362,GET,/api/mixed/pipeline/1/,9.18,82,0,
2026-05-16T17:02:01.595342,GET,/api/mixed/pipeline/1/,20.86,82,0,
2026-05-16T17:02:01.597477,GET,/api/mixed/http/,118.16,55353,0,
2026-05-16T17:02:01.704456,GET,/api/mixed/http/,123.3,55353,0,
2026-05-16T17:02:01.755658,GET,/api/mixed/db/1/,9.99,247,0,
2026-05-16T17:02:01.832200,GET,/api/mixed/db/1/,10.15,247,0,
2026-05-16T17:02:01.855114,GET,/api/mixed/pipeline/1/,9.47,82,0,
2026-05-16T17:02:01.892728,GET,/api/mixed/pipeline/1/,9.27,82,0,
2026-05-16T17:02:01.998625,GET,/api/mixed/db/1/,19.68,247,0,
2026-05-16T17:02:02.002135,GET,/api/mixed/pipeline/1/,18.23,82,0,
2026-05-16T17:02:02.105865,GET,/api/mixed/http/,120.22,55353,0,
2026-05-16T17:02:02.146302,GET,/api/mixed/http/,113.72,55353,0,
2026-05-16T17:02:02.162755,GET,/api/mixed/db/1/,13.11,247,0,
2026-05-16T17:02:02.179498,GET,/api/mixed/http/,113.0,55353,0,
2026-05-16T17:02:02.210864,GET,/api/mixed/pipeline/1/,9.19,82,0,
2026-05-16T17:02:02.267832,GET,/api/mixed/pipeline/1/,9.57,82,0,
2026-05-16T17:02:02.298252,GET,/api/mixed/http/,112.42,55353,0,
2026-05-16T17:02:02.434845,GET,/api/mixed/http/,132.41,55353,0,
2026-05-16T17:02:02.443437,GET,/api/mixed/http/,121.39,55353,0,
2026-05-16T17:02:02.446087,GET,/api/mixed/http/,128.86,55353,0,
2026-05-16T17:02:02.450716,GET,/api/mixed/db/1/,36.19,247,0,
2026-05-16T17:02:02.452649,GET,/api/mixed/db/1/,42.61,247,0,
2026-05-16T17:02:02.470317,GET,/api/mixed/pipeline/1/,9.31,82,0,
2026-05-16T17:02:02.488767,GET,/api/mixed/http/,113.89,55353,0,
2026-05-16T17:02:02.572110,GET,/api/mixed/db/1/,10.16,247,0,
2026-05-16T17:02:02.622211,GET,/api/mixed/pipeline/1/,9.73,82,0,
2026-05-16T17:02:02.683758,GET,/api/mixed/pipeline/1/,19.27,82,0,
2026-05-16T17:02:02.691000,GET,/api/mixed/db/1/,16.52,247,0,
2026-05-16T17:02:02.696963,GET,/api/mixed/db/1/,14.1,247,0,
2026-05-16T17:02:02.855219,GET,/api/mixed/http/,114.85,55353,0,
2026-05-16T17:02:02.986363,GET,/api/mixed/http/,117.76,55353,0,
2026-05-16T17:02:02.990376,GET,/api/mixed/db/1/,22.17,247,0,
2026-05-16T17:02:03.012952,GET,/api/mixed/pipeline/1/,9.33,82,0,
2026-05-16T17:02:03.061376,GET,/api/mixed/pipeline/1/,9.14,82,0,
2026-05-16T17:02:03.104506,GET,/api/mixed/pipeline/1/,9.38,82,0,
2026-05-16T17:02:03.117576,GET,/api/mixed/db/1/,10.69,247,0,
2026-05-16T17:02:03.146673,GET,/api/mixed/db/1/,9.83,247,0,
2026-05-16T17:02:03.161599,GET,/api/mixed/http/,119.11,55353,0,
2026-05-16T17:02:03.176831,GET,/api/mixed/db/1/,18.62,247,0,
2026-05-16T17:02:03.177247,GET,/api/mixed/http/,113.68,55353,0,
2026-05-16T17:02:03.185867,GET,/api/mixed/http/,112.5,55353,0,
2026-05-16T17:02:03.201500,GET,/api/mixed/pipeline/1/,9.36,82,0,
2026-05-16T17:02:03.354554,GET,/api/mixed/pipeline/1/,9.5,82,0,
2026-05-16T17:02:03.373839,GET,/api/mixed/http/,114.81,55353,0,
2026-05-16T17:02:03.465143,GET,/api/mixed/db/1/,14.02,247,0,
2026-05-16T17:02:03.483314,GET,/api/mixed/http/,120.4,55353,0,
2026-05-16T17:02:03.527020,GET,/api/mixed/http/,114.94,55353,0,
2026-05-16T17:02:03.535912,GET,/api/mixed/db/1/,21.19,247,0,
2026-05-16T17:02:03.546966,GET,/api/mixed/pipeline/1/,17.72,82,0,
2026-05-16T17:02:03.551615,GET,/api/mixed/db/1/,17.6,247,0,
2026-05-16T17:02:03.558161,GET,/api/mixed/pipeline/1/,13.9,82,0,
2026-05-16T17:02:03.607335,GET,/api/mixed/pipeline/1/,9.74,82,0,
2026-05-16T17:02:03.657242,GET,/api/mixed/db/1/,12.9,247,0,
2026-05-16T17:02:03.833110,GET,/api/mixed/http/,113.46,55353,0,
2026-05-16T17:02:03.843317,GET,/api/mixed/http/,112.9,55353,0,
2026-05-16T17:02:03.925512,GET,/api/mixed/pipeline/1/,9.45,82,0,
2026-05-16T17:02:03.976997,GET,/api/mixed/pipeline/1/,9.5,82,0,
2026-05-16T17:02:04.068211,GET,/api/mixed/http/,116.47,55353,0,
2026-05-16T17:02:04.079770,GET,/api/mixed/pipeline/1/,23.22,82,0,
2026-05-16T17:02:04.082803,GET,/api/mixed/pipeline/1/,15.47,82,0,
2026-05-16T17:02:04.143221,GET,/api/mixed/pipeline/1/,17.95,82,0,
2026-05-16T17:02:04.148124,GET,/api/mixed/pipeline/1/,18.77,82,0,
2026-05-16T17:02:04.155102,GET,/api/mixed/pipeline/1/,11.69,82,0,
2026-05-16T17:02:04.164708,GET,/api/mixed/db/1/,10.33,247,0,
2026-05-16T17:02:04.191061,GET,/api/mixed/db/1/,10.07,247,0,
2026-05-16T17:02:04.273338,GET,/api/mixed/pipeline/1/,9.95,82,0,
2026-05-16T17:02:04.281513,GET,/api/mixed/pipeline/1/,10.29,82,0,
2026-05-16T17:02:04.324343,GET,/api/mixed/pipeline/1/,9.62,82,0,
2026-05-16T17:02:04.346490,GET,/api/mixed/http/,115.19,55353,0,
2026-05-16T17:02:04.353361,GET,/api/mixed/pipeline/1/,11.79,82,0,
2026-05-16T17:02:04.370743,GET,/api/mixed/db/1/,10.04,247,0,
2026-05-16T17:02:04.391182,GET,/api/mixed/db/1/,11.02,247,0,
2026-05-16T17:02:04.446218,GET,/api/mixed/pipeline/1/,12.69,82,0,
2026-05-16T17:02:04.483944,GET,/api/mixed/pipeline/1/,9.44,82,0,
2026-05-16T17:02:04.553609,GET,/api/mixed/http/,116.18,55353,0,
2026-05-16T17:02:04.687445,GET,/api/mixed/http/,113.62,55353,0,
2026-05-16T17:02:04.720036,GET,/api/mixed/http/,113.47,55353,0,
2026-05-16T17:02:04.852925,GET,/api/mixed/pipeline/1/,12.82,82,0,
2026-05-16T17:02:04.868560,GET,/api/mixed/db/1/,18.55,247,0,
2026-05-16T17:02:04.876428,GET,/api/mixed/pipeline/1/,10.9,82,0,
2026-05-16T17:02:04.886103,GET,/api/mixed/http/,114.7,55353,0,
2026-05-16T17:02:04.917202,GET,/api/mixed/http/,116.64,55353,0,
2026-05-16T17:02:04.926313,GET,/api/mixed/db/1/,17.33,247,0,
2026-05-16T17:02:04.942570,GET,/api/mixed/http/,112.14,55353,0,
2026-05-16T17:02:04.951320,GET,/api/mixed/pipeline/1/,9.75,82,0,
2026-05-16T17:02:05.031152,GET,/api/mixed/http/,117.18,55353,0,
2026-05-16T17:02:05.104753,GET,/api/mixed/http/,113.03,55353,0,
2026-05-16T17:02:05.123867,GET,/api/mixed/pipeline/1/,9.79,82,0,
2026-05-16T17:02:05.139145,GET,/api/mixed/pipeline/1/,16.18,82,0,
2026-05-16T17:02:05.142095,GET,/api/mixed/pipeline/1/,15.85,82,0,
2026-05-16T17:02:05.244952,GET,/api/mixed/pipeline/1/,10.91,82,0,
2026-05-16T17:02:05.283435,GET,/api/mixed/http/,113.12,55353,0,
2026-05-16T17:02:05.329381,GET,/api/mixed/db/1/,10.66,247,0,
2026-05-16T17:02:05.350133,GET,/api/mixed/http/,117.92,55353,0,
2026-05-16T17:02:05.362646,GET,/api/mixed/pipeline/1/,25.96,82,0,
2026-05-16T17:02:05.388833,GET,/api/mixed/db/1/,16.42,247,0,
2026-05-16T17:02:05.389379,GET,/api/mixed/pipeline/1/,17.42,82,0,
2026-05-16T17:02:05.440868,GET,/api/mixed/db/1/,19.27,247,0,
2026-05-16T17:02:05.444317,GET,/api/mixed/db/1/,17.45,247,0,
2026-05-16T17:02:05.466970,GET,/api/mixed/http/,121.43,55353,0,
2026-05-16T17:02:05.473279,GET,/api/mixed/pipeline/1/,16.58,82,0,
2026-05-16T17:02:05.484555,GET,/api/mixed/db/1/,10.03,247,0,
2026-05-16T17:02:05.541628,GET,/api/mixed/http/,119.59,55353,0,
2026-05-16T17:02:05.551263,GET,/api/mixed/db/1/,17.34,247,0,
2026-05-16T17:02:05.657258,GET,/api/mixed/http/,116.48,55353,0,
2026-05-16T17:02:05.683026,GET,/api/mixed/db/1/,10.44,247,0,
2026-05-16T17:02:05.727733,GET,/api/mixed/http/,117.24,55353,0,
2026-05-16T17:02:05.730425,GET,/api/mixed/pipeline/1/,19.08,82,0,
2026-05-16T17:02:05.739547,GET,/api/mixed/pipeline/1/,9.83,82,0,
2026-05-16T17:02:05.779409,GET,/api/mixed/db/1/,10.6,247,0,
2026-05-16T17:02:05.801352,GET,/api/mixed/db/1/,10.7,247,0,
2026-05-16T17:02:05.874864,GET,/api/mixed/db/1/,14.83,247,0,
2026-05-16T17:02:05.987868,GET,/api/mixed/db/1/,12.12,247,0,
2026-05-16T17:02:06.063647,GET,/api/mixed/http/,123.44,55353,0,
2026-05-16T17:02:06.064716,GET,/api/mixed/http/,122.7,55353,0,
2026-05-16T17:02:06.098416,GET,/api/mixed/http/,115.9,55353,0,
2026-05-16T17:02:06.112048,GET,/api/mixed/pipeline/1/,14.43,82,0,
2026-05-16T17:02:06.130478,GET,/api/mixed/http/,113.22,55353,0,
2026-05-16T17:02:06.148633,GET,/api/mixed/http/,113.6,55353,0,
2026-05-16T17:02:06.388548,GET,/api/mixed/pipeline/1/,13.51,82,0,
2026-05-16T17:02:06.392792,GET,/api/mixed/pipeline/1/,11.82,82,0,
2026-05-16T17:02:06.453971,GET,/api/mixed/db/1/,10.01,247,0,
2026-05-16T17:02:06.478157,GET,/api/mixed/http/,112.94,55353,0,
2026-05-16T17:02:06.497966,GET,/api/mixed/db/1/,11.55,247,0,
2026-05-16T17:02:06.531736,GET,/api/mixed/http/,113.72,55353,0,
2026-05-16T17:02:06.597504,GET,/api/mixed/pipeline/1/,14.36,82,0,
2026-05-16T17:02:06.608128,GET,/api/mixed/http/,113.94,55353,0,
2026-05-16T17:02:06.726035,GET,/api/mixed/db/1/,10.28,247,0,
2026-05-16T17:02:06.741668,GET,/api/mixed/pipeline/1/,12.24,82,0,
2026-05-16T17:02:06.775923,GET,/api/mixed/db/1/,11.03,247,0,
2026-05-16T17:02:06.795197,GET,/api/mixed/db/1/,12.86,247,0,
2026-05-16T17:02:06.816364,GET,/api/mixed/pipeline/1/,9.92,82,0,
2026-05-16T17:02:06.825122,GET,/api/mixed/db/1/,10.97,247,0,
2026-05-16T17:02:06.852463,GET,/api/mixed/http/,118.38,55353,0,
2026-05-16T17:02:06.886560,GET,/api/mixed/http/,113.94,55353,0,
2026-05-16T17:02:06.899924,GET,/api/mixed/http/,113.87,55353,0,
2026-05-16T17:02:06.962026,GET,/api/mixed/http/,119.63,55353,0,
2026-05-16T17:02:06.989739,GET,/api/mixed/pipeline/1/,9.4,82,0,
2026-05-16T17:02:07.171648,GET,/api/mixed/http/,119.65,55353,0,
2026-05-16T17:02:07.466733,GET,/api/mixed/db/1/,9.82,247,0,
2026-05-16T17:02:07.477922,GET,/api/mixed/http/,114.51,55353,0,
2026-05-16T17:02:07.484125,GET,/api/mixed/pipeline/1/,13.14,82,0,
2026-05-16T17:02:07.498124,GET,/api/mixed/http/,114.72,55353,0,
2026-05-16T17:02:07.561853,GET,/api/mixed/db/1/,18.53,247,0,
2026-05-16T17:02:07.565258,GET,/api/mixed/pipeline/1/,13.63,82,0,
2026-05-16T17:02:07.622183,GET,/api/mixed/http/,113.71,55353,0,
2026-05-16T17:02:07.629999,GET,/api/mixed/db/1/,11.64,247,0,
2026-05-16T17:02:07.704352,GET,/api/mixed/db/1/,15.87,247,0,
2026-05-16T17:02:07.706242,GET,/api/mixed/pipeline/1/,14.96,82,0,
2026-05-16T17:02:07.716715,GET,/api/mixed/http/,113.2,55353,0,
2026-05-16T17:02:07.733506,GET,/api/mixed/pipeline/1/,9.35,82,0,
2026-05-16T17:02:07.751678,GET,/api/mixed/db/1/,10.82,247,0,
2026-05-16T17:02:07.793530,GET,/api/mixed/db/1/,10.84,247,0,
2026-05-16T17:02:07.843027,GET,/api/mixed/db/1/,10.21,247,0,
2026-05-16T17:02:07.862866,GET,/api/mixed/http/,114.28,55353,0,
2026-05-16T17:02:07.882254,GET,/api/mixed/http/,112.37,55353,0,
2026-05-16T17:02:08.006838,GET,/api/mixed/db/1/,23.24,247,0,
2026-05-16T17:02:08.010420,GET,/api/mixed/db/1/,21.53,247,0,
2026-05-16T17:02:08.050174,GET,/api/mixed/db/1/,9.66,247,0,
2026-05-16T17:02:08.078684,GET,/api/mixed/db/1/,15.81,247,0,
2026-05-16T17:02:08.080398,GET,/api/mixed/db/1/,15.58,247,0,
2026-05-16T17:02:08.089704,GET,/api/mixed/db/1/,9.96,247,0,
2026-05-16T17:02:08.139255,GET,/api/mixed/http/,113.65,55353,0,
2026-05-16T17:02:08.177720,GET,/api/mixed/db/1/,10.2,247,0,
2026-05-16T17:02:08.199745,GET,/api/mixed/db/1/,9.81,247,0,
2026-05-16T17:02:08.247207,GET,/api/mixed/db/1/,12.06,247,0,
2026-05-16T17:02:08.254241,GET,/api/mixed/db/1/,12.23,247,0,
2026-05-16T17:02:08.314154,GET,/api/mixed/db/1/,13.92,247,0,
2026-05-16T17:02:08.381998,GET,/api/mixed/pipeline/1/,9.51,82,0,
2026-05-16T17:02:08.398466,GET,/api/mixed/pipeline/1/,9.23,82,0,
2026-05-16T17:02:08.486452,GET,/api/mixed/db/1/,13.58,247,0,
2026-05-16T17:02:08.564221,GET,/api/mixed/pipeline/1/,9.46,82,0,
2026-05-16T17:02:08.594456,GET,/api/mixed/http/,115.69,55353,0,
2026-05-16T17:02:08.635304,GET,/api/mixed/pipeline/1/,9.62,82,0,
2026-05-16T17:02:08.661567,GET,/api/mixed/pipeline/1/,9.11,82,0,
2026-05-16T17:02:08.714037,GET,/api/mixed/pipeline/1/,10.95,82,0,
2026-05-16T17:02:08.721262,GET,/api/mixed/pipeline/1/,11.35,82,0,
2026-05-16T17:02:08.752253,GET,/api/mixed/http/,113.59,55353,0,
2026-05-16T17:02:08.836879,GET,/api/mixed/db/1/,10.19,247,0,
2026-05-16T17:02:08.878988,GET,/api/mixed/db/1/,14.73,247,0,
2026-05-16T17:02:08.882346,GET,/api/mixed/pipeline/1/,13.29,82,0,
2026-05-16T17:02:08.952772,GET,/api/mixed/db/1/,10.25,247,0,
2026-05-16T17:02:08.968751,GET,/api/mixed/pipeline/1/,14.19,82,0,
2026-05-16T17:02:08.969643,GET,/api/mixed/pipeline/1/,15.45,82,0,
2026-05-16T17:02:09.106029,GET,/api/mixed/http/,114.01,55353,0,
2026-05-16T17:02:09.107929,GET,/api/mixed/pipeline/1/,17.47,82,0,
2026-05-16T17:02:09.116988,GET,/api/mixed/pipeline/1/,9.71,82,0,
2026-05-16T17:02:09.165014,GET,/api/mixed/http/,120.39,55353,0,
2026-05-16T17:02:09.166115,GET,/api/mixed/http/,126.01,55353,0,
2026-05-16T17:02:09.174423,GET,/api/mixed/pipeline/1/,21.79,82,0,
2026-05-16T17:02:09.200002,GET,/api/mixed/db/1/,10.19,247,0,
2026-05-16T17:02:09.240661,GET,/api/mixed/db/1/,14.42,247,0,
2026-05-16T17:02:09.244909,GET,/api/mixed/db/1/,14.88,247,0,
2026-05-16T17:02:09.279373,GET,/api/mixed/http/,127.15,55353,0,
2026-05-16T17:02:09.418061,GET,/api/mixed/http/,119.56,55353,0,
2026-05-16T17:02:09.418772,GET,/api/mixed/http/,127.1,55353,0,
2026-05-16T17:02:09.432290,GET,/api/mixed/db/1/,35.9,247,0,
2026-05-16T17:02:09.434606,GET,/api/mixed/db/1/,35.48,247,0,
2026-05-16T17:02:09.435915,GET,/api/mixed/pipeline/1/,28.14,82,0,
2026-05-16T17:02:09.464691,GET,/api/mixed/db/1/,10.48,247,0,
2026-05-16T17:02:09.474445,GET,/api/mixed/db/1/,10.47,247,0,
2026-05-16T17:02:09.595372,GET,/api/mixed/pipeline/1/,9.63,82,0,
2026-05-16T17:02:09.604882,GET,/api/mixed/pipeline/1/,9.35,82,0,
2026-05-16T17:02:09.632514,GET,/api/mixed/db/1/,10.28,247,0,
2026-05-16T17:02:09.645142,GET,/api/mixed/pipeline/1/,10.25,82,0,
2026-05-16T17:02:09.752163,GET,/api/mixed/pipeline/1/,9.49,82,0,
2026-05-16T17:02:09.877252,GET,/api/mixed/pipeline/1/,9.84,82,0,
2026-05-16T17:02:09.900963,GET,/api/mixed/http/,114.5,55353,0,
2026-05-16T17:02:09.905864,GET,/api/mixed/db/1/,17.65,247,0,
2026-05-16T17:02:10.029009,GET,/api/mixed/pipeline/1/,12.84,82,0,
2026-05-16T17:02:10.117103,GET,/api/mixed/db/1/,16.55,247,0,
2026-05-16T17:02:10.117845,GET,/api/mixed/http/,113.77,55353,0,
2026-05-16T17:02:10.162307,GET,/api/mixed/db/1/,10.07,247,0,
2026-05-16T17:02:10.202052,GET,/api/mixed/db/1/,10.56,247,0,
2026-05-16T17:02:10.254458,GET,/api/mixed/db/1/,10.09,247,0,
2026-05-16T17:02:10.282094,GET,/api/mixed/db/1/,10.16,247,0,
2026-05-16T17:02:10.297534,GET,/api/mixed/http/,113.78,55353,0,
2026-05-16T17:02:10.331567,GET,/api/mixed/db/1/,9.73,247,0,
2026-05-16T17:02:10.385049,GET,/api/mixed/pipeline/1/,11.21,82,0,
2026-05-16T17:02:10.410469,GET,/api/mixed/http/,115.15,55353,0,
2026-05-16T17:02:10.429027,GET,/api/mixed/db/1/,16.24,247,0,
2026-05-16T17:02:10.431470,GET,/api/mixed/db/1/,15.8,247,0,
2026-05-16T17:02:10.448569,GET,/api/mixed/db/1/,10.9,247,0,
2026-05-16T17:02:10.519245,GET,/api/mixed/db/1/,10.28,247,0,
2026-05-16T17:02:10.764666,GET,/api/mixed/pipeline/1/,14.06,82,0,
2026-05-16T17:02:10.799686,GET,/api/mixed/db/1/,11.06,247,0,
2026-05-16T17:02:10.822913,GET,/api/mixed/db/1/,10.0,247,0,
2026-05-16T17:02:10.838155,GET,/api/mixed/http/,114.32,55353,0,
2026-05-16T17:02:10.889540,GET,/api/mixed/http/,115.5,55353,0,
2026-05-16T17:02:10.904039,GET,/api/mixed/db/1/,10.24,247,0,
2026-05-16T17:02:10.913750,GET,/api/mixed/pipeline/1/,10.44,82,0,
2026-05-16T17:02:10.947103,GET,/api/mixed/pipeline/1/,10.94,82,0,
2026-05-16T17:02:10.981820,GET,/api/mixed/pipeline/1/,9.3,82,0,
2026-05-16T17:02:11.094508,GET,/api/mixed/http/,112.57,55353,0,
2026-05-16T17:02:11.260119,GET,/api/mixed/http/,113.14,55353,0,
2026-05-16T17:02:11.308425,GET,/api/mixed/pipeline/1/,9.69,82,0,
2026-05-16T17:02:11.320733,GET,/api/mixed/pipeline/1/,9.12,82,0,
2026-05-16T17:02:11.335919,GET,/api/mixed/http/,115.99,55353,0,
2026-05-16T17:02:11.361452,GET,/api/mixed/http/,128.5,55353,0,
2026-05-16T17:02:11.364913,GET,/api/mixed/http/,119.94,55353,0,
2026-05-16T17:02:11.378268,GET,/api/mixed/db/1/,31.3,247,0,
2026-05-16T17:02:11.383442,GET,/api/mixed/pipeline/1/,14.3,82,0,
2026-05-16T17:02:11.458903,GET,/api/mixed/pipeline/1/,20.18,82,0,
2026-05-16T17:02:11.465711,GET,/api/mixed/pipeline/1/,22.64,82,0,
2026-05-16T17:02:11.468468,GET,/api/mixed/http/,128.22,55353,0,
2026-05-16T17:02:11.487129,GET,/api/mixed/http/,137.47,55353,0,
2026-05-16T17:02:11.487584,GET,/api/mixed/http/,123.9,55353,0,
2026-05-16T17:02:11.556133,GET,/api/mixed/db/1/,10.18,247,0,
2026-05-16T17:02:11.578393,GET,/api/mixed/db/1/,17.07,247,0,
2026-05-16T17:02:11.582455,GET,/api/mixed/db/1/,18.4,247,0,
2026-05-16T17:02:11.693021,GET,/api/mixed/http/,122.33,55353,0,
2026-05-16T17:02:11.694797,GET,/api/mixed/db/1/,21.28,247,0,
2026-05-16T17:02:11.742206,GET,/api/mixed/http/,115.65,55353,0,
2026-05-16T17:02:11.742659,GET,/api/mixed/http/,119.98,55353,0,
2026-05-16T17:02:11.779541,GET,/api/mixed/http/,134.39,55353,0,
2026-05-16T17:02:11.780296,GET,/api/mixed/http/,133.36,55353,0,
2026-05-16T17:02:11.780896,GET,/api/mixed/http/,121.29,55353,0,
2026-05-16T17:02:11.788913,GET,/api/mixed/db/1/,18.22,247,0,
2026-05-16T17:02:11.801219,GET,/api/mixed/http/,122.96,55353,0,
2026-05-16T17:02:11.888875,GET,/api/mixed/http/,135.06,55353,0,
2026-05-16T17:02:11.914006,GET,/api/mixed/db/1/,9.9,247,0,
2026-05-16T17:02:12.799204,GET,/api/mixed/http/,116.29,55353,0,
2026-05-16T17:02:12.812439,GET,/api/mixed/db/1/,20.65,247,0,
2026-05-16T17:02:12.813001,GET,/api/mixed/pipeline/1/,17.39,82,0,
2026-05-16T17:02:12.857287,GET,/api/mixed/db/1/,16.64,247,0,
2026-05-16T17:02:12.857645,GET,/api/mixed/db/1/,15.53,247,0,
2026-05-16T17:02:12.920638,GET,/api/mixed/db/1/,10.01,247,0,
2026-05-16T17:02:12.995670,GET,/api/mixed/http/,114.83,55353,0,
2026-05-16T17:02:13.060080,GET,/api/mixed/db/1/,9.97,247,0,
2026-05-16T17:02:13.158967,GET,/api/mixed/db/1/,13.49,247,0,
2026-05-16T17:02:13.177800,GET,/api/mixed/pipeline/1/,13.54,82,0,
2026-05-16T17:02:13.182178,GET,/api/mixed/db/1/,14.25,247,0,
