timestamp,method,name,response_time_ms,response_length,failed,error
2026-05-16T16:00:40.318860,GET,/api/mixed/http/,108.74,55353,0,
2026-05-16T16:00:40.329146,GET,/api/mixed/db/1/,3.9,247,0,
2026-05-16T16:00:40.335908,GET,/api/mixed/pipeline/1/,2.69,82,0,
2026-05-16T16:00:40.343686,GET,/api/mixed/http/,108.51,55353,0,
2026-05-16T16:00:40.346601,GET,/api/mixed/db/1/,3.9,247,0,
2026-05-16T16:00:40.351524,GET,/api/mixed/pipeline/1/,3.64,82,0,
2026-05-16T16:00:40.353912,GET,/api/mixed/pipeline/1/,3.24,82,0,
2026-05-16T16:00:40.357859,GET,/api/mixed/pipeline/1/,2.58,82,0,
2026-05-16T16:00:40.361743,GET,/api/mixed/pipeline/1/,2.52,82,0,
2026-05-16T16:00:40.396716,GET,/api/mixed/db/1/,4.26,247,0,
2026-05-16T16:00:40.397124,GET,/api/mixed/db/1/,3.76,247,0,
2026-05-16T16:00:40.400213,GET,/api/mixed/http/,107.54,55353,0,
2026-05-16T16:00:40.411692,GET,/api/mixed/http/,108.0,55353,0,
2026-05-16T16:00:40.416870,GET,/api/mixed/pipeline/1/,2.84,82,0,
2026-05-16T16:00:40.422294,GET,/api/mixed/http/,107.52,55353,0,
2026-05-16T16:00:40.438520,GET,/api/mixed/http/,107.97,55353,0,
2026-05-16T16:00:40.446008,GET,/api/mixed/http/,107.86,55353,0,
2026-05-16T16:00:40.455641,GET,/api/mixed/db/1/,5.39,247,0,
2026-05-16T16:00:40.465356,GET,/api/mixed/db/1/,4.82,247,0,
2026-05-16T16:00:40.482890,GET,/api/mixed/pipeline/1/,3.26,82,0,
2026-05-16T16:00:40.483480,GET,/api/mixed/http/,108.45,55353,0,
2026-05-16T16:00:40.484072,GET,/api/mixed/pipeline/1/,2.83,82,0,
2026-05-16T16:00:40.531560,GET,/api/mixed/db/1/,4.36,247,0,
2026-05-16T16:00:40.544236,GET,/api/mixed/db/1/,5.09,247,0,
2026-05-16T16:00:40.554807,GET,/api/mixed/db/1/,4.83,247,0,
2026-05-16T16:00:40.557203,GET,/api/mixed/pipeline/1/,3.34,82,0,
2026-05-16T16:00:40.559804,GET,/api/mixed/http/,108.4,55353,0,
2026-05-16T16:00:40.562690,GET,/api/mixed/http/,108.11,55353,0,
2026-05-16T16:00:40.587777,GET,/api/mixed/pipeline/1/,3.83,82,0,
2026-05-16T16:00:40.590951,GET,/api/mixed/pipeline/1/,4.28,82,0,
2026-05-16T16:00:40.593072,GET,/api/mixed/pipeline/1/,4.05,82,0,
2026-05-16T16:00:40.594425,GET,/api/mixed/db/1/,4.53,247,0,
2026-05-16T16:00:40.598669,GET,/api/mixed/http/,108.38,55353,0,
2026-05-16T16:00:40.622053,GET,/api/mixed/pipeline/1/,6.72,82,0,
2026-05-16T16:00:40.623045,GET,/api/mixed/db/1/,8.28,247,0,
2026-05-16T16:00:40.626025,GET,/api/mixed/pipeline/1/,2.85,82,0,
2026-05-16T16:00:40.641814,GET,/api/mixed/http/,108.0,55353,0,
2026-05-16T16:00:40.644496,GET,/api/mixed/http/,108.0,55353,0,
2026-05-16T16:00:40.656962,GET,/api/mixed/db/1/,4.22,247,0,
2026-05-16T16:00:40.658845,GET,/api/mixed/http/,109.38,55353,0,
2026-05-16T16:00:40.678322,GET,/api/mixed/db/1/,4.23,247,0,
2026-05-16T16:00:40.682185,GET,/api/mixed/pipeline/1/,3.22,82,0,
2026-05-16T16:00:40.684842,GET,/api/mixed/pipeline/1/,2.54,82,0,
2026-05-16T16:00:40.696416,GET,/api/mixed/http/,108.01,55353,0,
2026-05-16T16:00:40.709892,GET,/api/mixed/http/,108.01,55353,0,
2026-05-16T16:00:40.711355,GET,/api/mixed/pipeline/1/,3.4,82,0,
2026-05-16T16:00:40.714244,GET,/api/mixed/http/,107.72,55353,0,
2026-05-16T16:00:40.714648,GET,/api/mixed/db/1/,4.17,247,0,
2026-05-16T16:00:40.720057,GET,/api/mixed/http/,107.88,55353,0,
2026-05-16T16:00:40.745141,GET,/api/mixed/http/,107.85,55353,0,
2026-05-16T16:00:40.751989,GET,/api/mixed/pipeline/1/,3.04,82,0,
2026-05-16T16:00:40.763503,GET,/api/mixed/db/1/,4.26,247,0,
2026-05-16T16:00:40.767678,GET,/api/mixed/db/1/,4.06,247,0,
2026-05-16T16:00:40.770595,GET,/api/mixed/pipeline/1/,2.68,82,0,
2026-05-16T16:00:40.771035,GET,/api/mixed/db/1/,4.24,247,0,
2026-05-16T16:00:40.786507,GET,/api/mixed/http/,108.06,55353,0,
2026-05-16T16:00:40.799582,GET,/api/mixed/db/1/,3.72,247,0,
2026-05-16T16:00:40.803845,GET,/api/mixed/http/,107.3,55353,0,
2026-05-16T16:00:40.806649,GET,/api/mixed/db/1/,3.85,247,0,
2026-05-16T16:00:40.821195,GET,/api/mixed/db/1/,3.68,247,0,
2026-05-16T16:00:40.843170,GET,/api/mixed/http/,108.3,55353,0,
2026-05-16T16:00:40.843674,GET,/api/mixed/http/,109.28,55353,0,
2026-05-16T16:00:40.857755,GET,/api/mixed/http/,109.25,55353,0,
2026-05-16T16:00:40.862414,GET,/api/mixed/db/1/,4.53,247,0,
2026-05-16T16:00:40.864654,GET,/api/mixed/pipeline/1/,3.35,82,0,
2026-05-16T16:00:40.867481,GET,/api/mixed/http/,108.72,55353,0,
2026-05-16T16:00:40.867955,GET,/api/mixed/http/,109.62,55353,0,
2026-05-16T16:00:40.883517,GET,/api/mixed/db/1/,5.36,247,0,
2026-05-16T16:00:40.896039,GET,/api/mixed/http/,158.43,55353,0,
2026-05-16T16:00:40.907915,GET,/api/mixed/pipeline/1/,3.24,82,0,
2026-05-16T16:00:40.910099,GET,/api/mixed/pipeline/1/,3.0,82,0,
2026-05-16T16:00:40.921390,GET,/api/mixed/db/1/,3.73,247,0,
2026-05-16T16:00:40.922677,GET,/api/mixed/http/,107.71,55353,0,
2026-05-16T16:00:40.926500,GET,/api/mixed/db/1/,3.73,247,0,
2026-05-16T16:00:40.941562,GET,/api/mixed/db/1/,3.75,247,0,
2026-05-16T16:00:40.951746,GET,/api/mixed/pipeline/1/,2.84,82,0,
2026-05-16T16:00:40.965278,GET,/api/mixed/http/,108.67,55353,0,
2026-05-16T16:00:40.973016,GET,/api/mixed/pipeline/1/,3.4,82,0,
2026-05-16T16:00:40.978477,GET,/api/mixed/http/,108.25,55353,0,
2026-05-16T16:00:41.018634,GET,/api/mixed/db/1/,4.22,247,0,
2026-05-16T16:00:41.022401,GET,/api/mixed/http/,108.12,55353,0,
2026-05-16T16:00:41.024670,GET,/api/mixed/pipeline/1/,3.32,82,0,
2026-05-16T16:00:41.025315,GET,/api/mixed/db/1/,4.45,247,0,
2026-05-16T16:00:41.081772,GET,/api/mixed/pipeline/1/,3.47,82,0,
2026-05-16T16:00:41.105471,GET,/api/mixed/pipeline/1/,2.79,82,0,
2026-05-16T16:00:41.109690,GET,/api/mixed/db/1/,4.11,247,0,
2026-05-16T16:00:41.122341,GET,/api/mixed/http/,108.44,55353,0,
2026-05-16T16:00:41.131147,GET,/api/mixed/db/1/,3.87,247,0,
2026-05-16T16:00:41.141232,GET,/api/mixed/db/1/,3.74,247,0,
2026-05-16T16:00:41.153406,GET,/api/mixed/http/,107.77,55353,0,
2026-05-16T16:00:41.181785,GET,/api/mixed/db/1/,4.03,247,0,
2026-05-16T16:00:41.189006,GET,/api/mixed/http/,108.21,55353,0,
2026-05-16T16:00:41.191710,GET,/api/mixed/pipeline/1/,4.72,82,0,
2026-05-16T16:00:41.192452,GET,/api/mixed/db/1/,4.95,247,0,
2026-05-16T16:00:41.199180,GET,/api/mixed/db/1/,3.83,247,0,
2026-05-16T16:00:41.209370,GET,/api/mixed/pipeline/1/,2.88,82,0,
2026-05-16T16:00:41.222093,GET,/api/mixed/pipeline/1/,3.39,82,0,
2026-05-16T16:00:41.224863,GET,/api/mixed/db/1/,3.83,247,0,
2026-05-16T16:00:41.232860,GET,/api/mixed/http/,108.3,55353,0,
2026-05-16T16:00:41.233841,GET,/api/mixed/db/1/,3.79,247,0,
2026-05-16T16:00:41.238761,GET,/api/mixed/db/1/,3.57,247,0,
2026-05-16T16:00:41.250772,GET,/api/mixed/db/1/,3.81,247,0,
2026-05-16T16:00:41.258818,GET,/api/mixed/pipeline/1/,2.78,82,0,
2026-05-16T16:00:41.277324,GET,/api/mixed/db/1/,3.8,247,0,
2026-05-16T16:00:41.289356,GET,/api/mixed/db/1/,3.7,247,0,
2026-05-16T16:00:41.295435,GET,/api/mixed/http/,109.46,55353,0,
2026-05-16T16:00:41.299080,GET,/api/mixed/http/,108.25,55353,0,
2026-05-16T16:00:41.319748,GET,/api/mixed/pipeline/1/,2.72,82,0,
2026-05-16T16:00:41.368988,GET,/api/mixed/db/1/,3.79,247,0,
2026-05-16T16:00:41.369628,GET,/api/mixed/http/,107.63,55353,0,
2026-05-16T16:00:41.375497,GET,/api/mixed/db/1/,4.62,247,0,
2026-05-16T16:00:41.386513,GET,/api/mixed/db/1/,3.72,247,0,
2026-05-16T16:00:41.410513,GET,/api/mixed/pipeline/1/,3.22,82,0,
2026-05-16T16:00:41.418768,GET,/api/mixed/http/,108.31,55353,0,
2026-05-16T16:00:41.430636,GET,/api/mixed/pipeline/1/,2.74,82,0,
2026-05-16T16:00:41.439829,GET,/api/mixed/pipeline/1/,2.96,82,0,
2026-05-16T16:00:41.447001,GET,/api/mixed/http/,107.93,55353,0,
2026-05-16T16:00:41.457401,GET,/api/mixed/db/1/,4.1,247,0,
2026-05-16T16:00:41.463495,GET,/api/mixed/http/,107.7,55353,0,
2026-05-16T16:00:41.484951,GET,/api/mixed/pipeline/1/,3.04,82,0,
2026-05-16T16:00:41.491111,GET,/api/mixed/pipeline/1/,2.89,82,0,
2026-05-16T16:00:41.500709,GET,/api/mixed/http/,107.92,55353,0,
2026-05-16T16:00:41.512412,GET,/api/mixed/db/1/,4.31,247,0,
2026-05-16T16:00:41.517810,GET,/api/mixed/http/,108.12,55353,0,
2026-05-16T16:00:41.532040,GET,/api/mixed/pipeline/1/,3.05,82,0,
2026-05-16T16:00:41.533217,GET,/api/mixed/http/,108.03,55353,0,
2026-05-16T16:00:41.538234,GET,/api/mixed/pipeline/1/,2.84,82,0,
2026-05-16T16:00:41.543029,GET,/api/mixed/db/1/,3.6,247,0,
2026-05-16T16:00:41.550895,GET,/api/mixed/pipeline/1/,3.65,82,0,
2026-05-16T16:00:41.556870,GET,/api/mixed/pipeline/1/,2.67,82,0,
2026-05-16T16:00:41.565718,GET,/api/mixed/http/,108.2,55353,0,
2026-05-16T16:00:41.581860,GET,/api/mixed/db/1/,3.93,247,0,
2026-05-16T16:00:41.583771,GET,/api/mixed/pipeline/1/,3.26,82,0,
2026-05-16T16:00:41.587519,GET,/api/mixed/db/1/,3.64,247,0,
2026-05-16T16:00:41.589282,GET,/api/mixed/pipeline/1/,3.06,82,0,
2026-05-16T16:00:41.599224,GET,/api/mixed/pipeline/1/,2.58,82,0,
2026-05-16T16:00:41.606443,GET,/api/mixed/db/1/,3.64,247,0,
2026-05-16T16:00:41.616367,GET,/api/mixed/http/,107.81,55353,0,
2026-05-16T16:00:41.629404,GET,/api/mixed/db/1/,3.72,247,0,
2026-05-16T16:00:41.635507,GET,/api/mixed/pipeline/1/,2.77,82,0,
2026-05-16T16:00:41.644268,GET,/api/mixed/pipeline/1/,3.42,82,0,
2026-05-16T16:00:41.644822,GET,/api/mixed/db/1/,3.56,247,0,
2026-05-16T16:00:41.655888,GET,/api/mixed/http/,107.72,55353,0,
2026-05-16T16:00:41.667212,GET,/api/mixed/pipeline/1/,2.8,82,0,
2026-05-16T16:00:41.683119,GET,/api/mixed/db/1/,3.71,247,0,
2026-05-16T16:00:41.696978,GET,/api/mixed/db/1/,4.27,247,0,
2026-05-16T16:00:41.702749,GET,/api/mixed/db/1/,3.61,247,0,
2026-05-16T16:00:41.706668,GET,/api/mixed/http/,107.34,55353,0,
2026-05-16T16:00:41.726844,GET,/api/mixed/pipeline/1/,2.82,82,0,
2026-05-16T16:00:41.729471,GET,/api/mixed/pipeline/1/,2.52,82,0,
2026-05-16T16:00:41.740140,GET,/api/mixed/db/1/,4.27,247,0,
2026-05-16T16:00:41.760677,GET,/api/mixed/db/1/,4.35,247,0,
2026-05-16T16:00:41.771625,GET,/api/mixed/http/,108.44,55353,0,
2026-05-16T16:00:41.793649,GET,/api/mixed/db/1/,3.82,247,0,
2026-05-16T16:00:41.794807,GET,/api/mixed/http/,107.49,55353,0,
2026-05-16T16:00:41.801660,GET,/api/mixed/http/,107.75,55353,0,
2026-05-16T16:00:41.813074,GET,/api/mixed/pipeline/1/,2.74,82,0,
2026-05-16T16:00:41.820279,GET,/api/mixed/pipeline/1/,3.84,82,0,
2026-05-16T16:00:41.820669,GET,/api/mixed/pipeline/1/,3.79,82,0,
2026-05-16T16:00:41.849697,GET,/api/mixed/db/1/,3.85,247,0,
2026-05-16T16:00:41.862797,GET,/api/mixed/db/1/,3.92,247,0,
2026-05-16T16:00:41.867996,GET,/api/mixed/http/,109.17,55353,0,
2026-05-16T16:00:41.869760,GET,/api/mixed/pipeline/1/,2.8,82,0,
2026-05-16T16:00:41.890852,GET,/api/mixed/db/1/,3.82,247,0,
2026-05-16T16:00:41.910165,GET,/api/mixed/http/,108.39,55353,0,
2026-05-16T16:00:41.910645,GET,/api/mixed/db/1/,3.81,247,0,
2026-05-16T16:00:41.913385,GET,/api/mixed/db/1/,4.25,247,0,
2026-05-16T16:00:41.917354,GET,/api/mixed/pipeline/1/,3.42,82,0,
2026-05-16T16:00:41.918902,GET,/api/mixed/pipeline/1/,5.41,82,0,
2026-05-16T16:00:41.922060,GET,/api/mixed/pipeline/1/,5.53,82,0,
2026-05-16T16:00:41.922562,GET,/api/mixed/db/1/,4.97,247,0,
2026-05-16T16:00:41.924330,GET,/api/mixed/pipeline/1/,3.18,82,0,
2026-05-16T16:00:41.925777,GET,/api/mixed/http/,107.56,55353,0,
2026-05-16T16:00:41.930887,GET,/api/mixed/pipeline/1/,2.6,82,0,
2026-05-16T16:00:41.991984,GET,/api/mixed/pipeline/1/,3.67,82,0,
2026-05-16T16:00:41.992422,GET,/api/mixed/pipeline/1/,3.29,82,0,
2026-05-16T16:00:41.992785,GET,/api/mixed/pipeline/1/,4.06,82,0,
2026-05-16T16:00:42.000944,GET,/api/mixed/db/1/,3.63,247,0,
2026-05-16T16:00:42.006891,GET,/api/mixed/http/,107.77,55353,0,
2026-05-16T16:00:42.019984,GET,/api/mixed/pipeline/1/,2.77,82,0,
2026-05-16T16:00:42.026183,GET,/api/mixed/pipeline/1/,2.59,82,0,
2026-05-16T16:00:42.026645,GET,/api/mixed/http/,108.64,55353,0,
2026-05-16T16:00:42.035428,GET,/api/mixed/http/,108.35,55353,0,
2026-05-16T16:00:42.038655,GET,/api/mixed/db/1/,4.25,247,0,
2026-05-16T16:00:42.043783,GET,/api/mixed/pipeline/1/,2.86,82,0,
2026-05-16T16:00:42.054049,GET,/api/mixed/db/1/,3.6,247,0,
2026-05-16T16:00:42.055831,GET,/api/mixed/http/,107.61,55353,0,
2026-05-16T16:00:42.084089,GET,/api/mixed/pipeline/1/,2.93,82,0,
2026-05-16T16:00:42.090793,GET,/api/mixed/http/,109.05,55353,0,
2026-05-16T16:00:42.100479,GET,/api/mixed/http/,107.6,55353,0,
2026-05-16T16:00:42.104323,GET,/api/mixed/http/,107.96,55353,0,
2026-05-16T16:00:42.129281,GET,/api/mixed/http/,108.07,55353,0,
2026-05-16T16:00:42.145866,GET,/api/mixed/http/,108.02,55353,0,
2026-05-16T16:00:42.156275,GET,/api/mixed/http/,108.16,55353,0,
2026-05-16T16:00:42.196087,GET,/api/mixed/pipeline/1/,3.8,82,0,
2026-05-16T16:00:42.205912,GET,/api/mixed/pipeline/1/,2.64,82,0,
2026-05-16T16:00:42.219873,GET,/api/mixed/pipeline/1/,3.22,82,0,
2026-05-16T16:00:42.228759,GET,/api/mixed/db/1/,3.87,247,0,
2026-05-16T16:00:42.231576,GET,/api/mixed/http/,108.03,55353,0,
2026-05-16T16:00:42.232564,GET,/api/mixed/http/,107.94,55353,0,
2026-05-16T16:00:42.235957,GET,/api/mixed/db/1/,4.27,247,0,
2026-05-16T16:00:42.289996,GET,/api/mixed/http/,108.46,55353,0,
2026-05-16T16:00:42.304091,GET,/api/mixed/db/1/,3.72,247,0,
2026-05-16T16:00:42.324452,GET,/api/mixed/http/,108.21,55353,0,
2026-05-16T16:00:42.330080,GET,/api/mixed/http/,107.88,55353,0,
2026-05-16T16:00:42.345252,GET,/api/mixed/pipeline/1/,2.89,82,0,
2026-05-16T16:00:42.373129,GET,/api/mixed/http/,107.84,55353,0,
2026-05-16T16:00:42.373934,GET,/api/mixed/pipeline/1/,3.51,82,0,
2026-05-16T16:00:42.377720,GET,/api/mixed/db/1/,3.69,247,0,
2026-05-16T16:00:42.382480,GET,/api/mixed/pipeline/1/,2.54,82,0,
2026-05-16T16:00:42.382922,GET,/api/mixed/http/,108.13,55353,0,
2026-05-16T16:00:42.386619,GET,/api/mixed/db/1/,3.61,247,0,
2026-05-16T16:00:42.389021,GET,/api/mixed/pipeline/1/,3.64,82,0,
2026-05-16T16:00:42.397619,GET,/api/mixed/http/,108.68,55353,0,
2026-05-16T16:00:42.401637,GET,/api/mixed/pipeline/1/,2.69,82,0,
2026-05-16T16:00:42.414522,GET,/api/mixed/pipeline/1/,2.62,82,0,
2026-05-16T16:00:42.449016,GET,/api/mixed/pipeline/1/,2.79,82,0,
2026-05-16T16:00:42.453369,GET,/api/mixed/db/1/,4.21,247,0,
2026-05-16T16:00:42.467482,GET,/api/mixed/db/1/,3.77,247,0,
2026-05-16T16:00:42.478434,GET,/api/mixed/db/1/,3.74,247,0,
2026-05-16T16:00:42.479666,GET,/api/mixed/http/,108.76,55353,0,
2026-05-16T16:00:42.481526,GET,/api/mixed/pipeline/1/,2.98,82,0,
2026-05-16T16:00:42.496110,GET,/api/mixed/http/,107.91,55353,0,
2026-05-16T16:00:42.500129,GET,/api/mixed/pipeline/1/,2.67,82,0,
2026-05-16T16:00:42.506570,GET,/api/mixed/pipeline/1/,3.36,82,0,
2026-05-16T16:00:42.507716,GET,/api/mixed/db/1/,4.97,247,0,
2026-05-16T16:00:42.508125,GET,/api/mixed/db/1/,3.56,247,0,
2026-05-16T16:00:42.518150,GET,/api/mixed/db/1/,3.75,247,0,
2026-05-16T16:00:42.523161,GET,/api/mixed/http/,107.31,55353,0,
2026-05-16T16:00:42.524096,GET,/api/mixed/pipeline/1/,2.75,82,0,
2026-05-16T16:00:42.538225,GET,/api/mixed/db/1/,3.81,247,0,
2026-05-16T16:00:42.564916,GET,/api/mixed/db/1/,4.03,247,0,
2026-05-16T16:00:42.573165,GET,/api/mixed/pipeline/1/,3.08,82,0,
2026-05-16T16:00:42.599210,GET,/api/mixed/db/1/,3.83,247,0,
2026-05-16T16:00:42.611039,GET,/api/mixed/db/1/,3.63,247,0,
2026-05-16T16:00:42.629969,GET,/api/mixed/pipeline/1/,2.7,82,0,
2026-05-16T16:00:42.653395,GET,/api/mixed/pipeline/1/,4.64,82,0,
2026-05-16T16:00:42.656535,GET,/api/mixed/db/1/,5.1,247,0,
2026-05-16T16:00:42.670255,GET,/api/mixed/db/1/,5.39,247,0,
2026-05-16T16:00:42.693128,GET,/api/mixed/http/,156.2,55353,0,
2026-05-16T16:00:42.708009,GET,/api/mixed/db/1/,3.75,247,0,
2026-05-16T16:00:42.735139,GET,/api/mixed/pipeline/1/,2.92,82,0,
2026-05-16T16:00:42.740053,GET,/api/mixed/db/1/,3.74,247,0,
2026-05-16T16:00:42.746907,GET,/api/mixed/http/,107.58,55353,0,
2026-05-16T16:00:42.772063,GET,/api/mixed/pipeline/1/,2.96,82,0,
2026-05-16T16:00:42.773741,GET,/api/mixed/http/,108.29,55353,0,
2026-05-16T16:00:42.778850,GET,/api/mixed/pipeline/1/,2.73,82,0,
2026-05-16T16:00:42.801042,GET,/api/mixed/http/,107.79,55353,0,
2026-05-16T16:00:42.846194,GET,/api/mixed/db/1/,3.83,247,0,
2026-05-16T16:00:42.861692,GET,/api/mixed/pipeline/1/,2.82,82,0,
2026-05-16T16:00:42.868823,GET,/api/mixed/db/1/,3.79,247,0,
2026-05-16T16:00:42.871862,GET,/api/mixed/db/1/,4.42,247,0,
2026-05-16T16:00:42.881928,GET,/api/mixed/pipeline/1/,2.71,82,0,
2026-05-16T16:00:42.888054,GET,/api/mixed/pipeline/1/,2.62,82,0,
2026-05-16T16:00:42.888932,GET,/api/mixed/db/1/,4.66,247,0,
2026-05-16T16:00:42.892360,GET,/api/mixed/db/1/,4.17,247,0,
2026-05-16T16:00:42.895367,GET,/api/mixed/db/1/,4.34,247,0,
2026-05-16T16:00:42.897691,GET,/api/mixed/http/,107.56,55353,0,
2026-05-16T16:00:42.926532,GET,/api/mixed/http/,110.12,55353,0,
2026-05-16T16:00:42.928419,GET,/api/mixed/db/1/,4.79,247,0,
2026-05-16T16:00:42.930268,GET,/api/mixed/http/,111.29,55353,0,
2026-05-16T16:00:42.956150,GET,/api/mixed/http/,107.7,55353,0,
2026-05-16T16:00:42.963063,GET,/api/mixed/db/1/,4.57,247,0,
2026-05-16T16:00:42.966868,GET,/api/mixed/db/1/,5.06,247,0,
2026-05-16T16:00:42.972550,GET,/api/mixed/db/1/,4.31,247,0,
2026-05-16T16:00:42.976462,GET,/api/mixed/http/,108.59,55353,0,
2026-05-16T16:00:42.978341,GET,/api/mixed/pipeline/1/,2.88,82,0,
2026-05-16T16:00:42.995556,GET,/api/mixed/pipeline/1/,2.62,82,0,
2026-05-16T16:00:42.996120,GET,/api/mixed/db/1/,4.15,247,0,
2026-05-16T16:00:43.006996,GET,/api/mixed/db/1/,4.17,247,0,
2026-05-16T16:00:43.007458,GET,/api/mixed/db/1/,3.68,247,0,
2026-05-16T16:00:43.016292,GET,/api/mixed/db/1/,4.51,247,0,
2026-05-16T16:00:43.019375,GET,/api/mixed/http/,109.17,55353,0,
2026-05-16T16:00:43.021471,GET,/api/mixed/pipeline/1/,3.92,82,0,
2026-05-16T16:00:43.025315,GET,/api/mixed/pipeline/1/,2.5,82,0,
2026-05-16T16:00:43.040915,GET,/api/mixed/pipeline/1/,2.97,82,0,
2026-05-16T16:00:43.041373,GET,/api/mixed/pipeline/1/,3.83,82,0,
2026-05-16T16:00:43.070177,GET,/api/mixed/http/,107.9,55353,0,
2026-05-16T16:00:43.080515,GET,/api/mixed/http/,107.84,55353,0,
2026-05-16T16:00:43.087497,GET,/api/mixed/pipeline/1/,2.72,82,0,
2026-05-16T16:00:43.089682,GET,/api/mixed/http/,108.19,55353,0,
2026-05-16T16:00:43.093891,GET,/api/mixed/http/,107.63,55353,0,
2026-05-16T16:00:43.105916,GET,/api/mixed/pipeline/1/,2.84,82,0,
2026-05-16T16:00:43.107550,GET,/api/mixed/http/,108.28,55353,0,
2026-05-16T16:00:43.120032,GET,/api/mixed/http/,107.73,55353,0,
2026-05-16T16:00:43.126080,GET,/api/mixed/db/1/,3.71,247,0,
2026-05-16T16:00:43.131217,GET,/api/mixed/pipeline/1/,2.91,82,0,
2026-05-16T16:00:43.134386,GET,/api/mixed/http/,107.87,55353,0,
2026-05-16T16:00:43.136166,GET,/api/mixed/pipeline/1/,2.75,82,0,
2026-05-16T16:00:43.146560,GET,/api/mixed/http/,109.5,55353,0,
2026-05-16T16:00:43.156963,GET,/api/mixed/pipeline/1/,2.73,82,0,
2026-05-16T16:00:43.161861,GET,/api/mixed/db/1/,3.52,247,0,
2026-05-16T16:00:43.178349,GET,/api/mixed/http/,108.05,55353,0,
2026-05-16T16:00:43.205746,GET,/api/mixed/db/1/,3.84,247,0,
2026-05-16T16:00:43.227850,GET,/api/mixed/pipeline/1/,2.88,82,0,
2026-05-16T16:00:43.242716,GET,/api/mixed/db/1/,3.66,247,0,
2026-05-16T16:00:43.253406,GET,/api/mixed/http/,107.69,55353,0,
2026-05-16T16:00:43.259454,GET,/api/mixed/pipeline/1/,2.83,82,0,
2026-05-16T16:00:43.273334,GET,/api/mixed/http/,108.1,55353,0,
2026-05-16T16:00:43.281241,GET,/api/mixed/http/,107.56,55353,0,
2026-05-16T16:00:43.284399,GET,/api/mixed/pipeline/1/,3.03,82,0,
2026-05-16T16:00:43.285234,GET,/api/mixed/http/,108.18,55353,0,
2026-05-16T16:00:43.306606,GET,/api/mixed/db/1/,4.05,247,0,
2026-05-16T16:00:43.327179,GET,/api/mixed/pipeline/1/,3.41,82,0,
2026-05-16T16:00:43.358014,GET,/api/mixed/pipeline/1/,2.89,82,0,
2026-05-16T16:00:43.358654,GET,/api/mixed/http/,108.73,55353,0,
2026-05-16T16:00:43.359006,GET,/api/mixed/pipeline/1/,4.39,82,0,
2026-05-16T16:00:43.387122,GET,/api/mixed/db/1/,3.91,247,0,
2026-05-16T16:00:43.403164,GET,/api/mixed/pipeline/1/,2.72,82,0,
2026-05-16T16:00:43.430443,GET,/api/mixed/pipeline/1/,2.89,82,0,
2026-05-16T16:00:43.434892,GET,/api/mixed/http/,108.69,55353,0,
2026-05-16T16:00:43.447855,GET,/api/mixed/http/,107.53,55353,0,
2026-05-16T16:00:43.458679,GET,/api/mixed/http/,108.82,55353,0,
2026-05-16T16:00:43.471835,GET,/api/mixed/pipeline/1/,2.86,82,0,
2026-05-16T16:00:43.484057,GET,/api/mixed/pipeline/1/,2.88,82,0,
2026-05-16T16:00:43.515806,GET,/api/mixed/pipeline/1/,3.43,82,0,
2026-05-16T16:00:43.520827,GET,/api/mixed/pipeline/1/,2.7,82,0,
2026-05-16T16:00:43.530204,GET,/api/mixed/db/1/,4.03,247,0,
2026-05-16T16:00:43.544347,GET,/api/mixed/db/1/,3.97,247,0,
2026-05-16T16:00:43.554247,GET,/api/mixed/db/1/,3.77,247,0,
2026-05-16T16:00:43.567295,GET,/api/mixed/pipeline/1/,3.85,82,0,
2026-05-16T16:00:43.575110,GET,/api/mixed/db/1/,3.58,247,0,
2026-05-16T16:00:43.589937,GET,/api/mixed/db/1/,3.65,247,0,
2026-05-16T16:00:43.594665,GET,/api/mixed/db/1/,3.5,247,0,
2026-05-16T16:00:43.597627,GET,/api/mixed/pipeline/1/,2.62,82,0,
2026-05-16T16:00:43.605966,GET,/api/mixed/pipeline/1/,3.17,82,0,
2026-05-16T16:00:43.606573,GET,/api/mixed/http/,108.63,55353,0,
2026-05-16T16:00:43.609323,GET,/api/mixed/db/1/,4.18,247,0,
2026-05-16T16:00:43.617515,GET,/api/mixed/http/,107.67,55353,0,
2026-05-16T16:00:43.620850,GET,/api/mixed/http/,107.48,55353,0,
2026-05-16T16:00:43.623707,GET,/api/mixed/db/1/,3.97,247,0,
2026-05-16T16:00:43.644361,GET,/api/mixed/db/1/,3.76,247,0,
2026-05-16T16:00:43.650307,GET,/api/mixed/pipeline/1/,2.59,82,0,
2026-05-16T16:00:43.658810,GET,/api/mixed/pipeline/1/,3.15,82,0,
2026-05-16T16:00:43.660474,GET,/api/mixed/pipeline/1/,2.58,82,0,
2026-05-16T16:00:43.700727,GET,/api/mixed/db/1/,4.42,247,0,
2026-05-16T16:00:43.701152,GET,/api/mixed/db/1/,3.74,247,0,
2026-05-16T16:00:43.702436,GET,/api/mixed/http/,108.87,55353,0,
2026-05-16T16:00:43.725275,GET,/api/mixed/db/1/,3.67,247,0,
2026-05-16T16:00:43.733643,GET,/api/mixed/http/,107.6,55353,0,
2026-05-16T16:00:43.737711,GET,/api/mixed/pipeline/1/,2.67,82,0,
2026-05-16T16:00:43.769431,GET,/api/mixed/http/,107.62,55353,0,
2026-05-16T16:00:43.783649,GET,/api/mixed/db/1/,3.8,247,0,
2026-05-16T16:00:43.801249,GET,/api/mixed/db/1/,4.26,247,0,
2026-05-16T16:00:43.804483,GET,/api/mixed/db/1/,4.1,247,0,
2026-05-16T16:00:43.810372,GET,/api/mixed/db/1/,3.56,247,0,
2026-05-16T16:00:43.817639,GET,/api/mixed/http/,107.65,55353,0,
2026-05-16T16:00:43.830794,GET,/api/mixed/pipeline/1/,2.8,82,0,
2026-05-16T16:00:43.835863,GET,/api/mixed/http/,107.35,55353,0,
2026-05-16T16:00:43.846648,GET,/api/mixed/http/,107.6,55353,0,
2026-05-16T16:00:43.855396,GET,/api/mixed/db/1/,3.9,247,0,
2026-05-16T16:00:43.858791,GET,/api/mixed/db/1/,4.52,247,0,
2026-05-16T16:00:43.870239,GET,/api/mixed/db/1/,4.14,247,0,
2026-05-16T16:00:43.872671,GET,/api/mixed/pipeline/1/,3.28,82,0,
2026-05-16T16:00:43.885379,GET,/api/mixed/pipeline/1/,2.71,82,0,
2026-05-16T16:00:43.899313,GET,/api/mixed/db/1/,3.57,247,0,
2026-05-16T16:00:43.944767,GET,/api/mixed/http/,107.52,55353,0,
2026-05-16T16:00:43.957755,GET,/api/mixed/db/1/,3.8,247,0,
2026-05-16T16:00:43.959790,GET,/api/mixed/http/,108.8,55353,0,
2026-05-16T16:00:43.973025,GET,/api/mixed/db/1/,3.64,247,0,
2026-05-16T16:00:43.978113,GET,/api/mixed/http/,107.62,55353,0,
2026-05-16T16:00:43.987853,GET,/api/mixed/http/,107.8,55353,0,
2026-05-16T16:00:44.002420,GET,/api/mixed/pipeline/1/,3.24,82,0,
2026-05-16T16:00:44.002968,GET,/api/mixed/http/,108.42,55353,0,
2026-05-16T16:00:44.006029,GET,/api/mixed/db/1/,4.56,247,0,
2026-05-16T16:00:44.014943,GET,/api/mixed/db/1/,3.67,247,0,
2026-05-16T16:00:44.053356,GET,/api/mixed/pipeline/1/,2.85,82,0,
2026-05-16T16:00:44.068007,GET,/api/mixed/http/,108.12,55353,0,
2026-05-16T16:00:44.068910,GET,/api/mixed/pipeline/1/,3.34,82,0,
2026-05-16T16:00:44.070885,GET,/api/mixed/db/1/,4.29,247,0,
2026-05-16T16:00:44.075956,GET,/api/mixed/db/1/,3.73,247,0,
2026-05-16T16:00:44.085316,GET,/api/mixed/http/,108.06,55353,0,
2026-05-16T16:00:44.087351,GET,/api/mixed/pipeline/1/,3.57,82,0,
2026-05-16T16:00:44.087749,GET,/api/mixed/pipeline/1/,3.53,82,0,
2026-05-16T16:00:44.106138,GET,/api/mixed/http/,109.91,55353,0,
2026-05-16T16:00:44.106601,GET,/api/mixed/http/,108.88,55353,0,
2026-05-16T16:00:44.118225,GET,/api/mixed/pipeline/1/,3.84,82,0,
2026-05-16T16:00:44.121409,GET,/api/mixed/db/1/,3.97,247,0,
2026-05-16T16:00:44.136730,GET,/api/mixed/http/,107.93,55353,0,
2026-05-16T16:00:44.137196,GET,/api/mixed/http/,108.88,55353,0,
2026-05-16T16:00:44.147628,GET,/api/mixed/pipeline/1/,2.73,82,0,
2026-05-16T16:00:44.152387,GET,/api/mixed/pipeline/1/,2.58,82,0,
2026-05-16T16:00:44.168980,GET,/api/mixed/pipeline/1/,2.74,82,0,
2026-05-16T16:00:44.183157,GET,/api/mixed/pipeline/1/,2.8,82,0,
2026-05-16T16:00:44.186500,GET,/api/mixed/http/,108.22,55353,0,
2026-05-16T16:00:44.205340,GET,/api/mixed/http/,107.43,55353,0,
2026-05-16T16:00:44.215522,GET,/api/mixed/pipeline/1/,2.96,82,0,
2026-05-16T16:00:44.219531,GET,/api/mixed/pipeline/1/,2.79,82,0,
2026-05-16T16:00:44.222274,GET,/api/mixed/http/,107.47,55353,0,
2026-05-16T16:00:44.239509,GET,/api/mixed/http/,107.87,55353,0,
2026-05-16T16:00:44.240010,GET,/api/mixed/pipeline/1/,4.99,82,0,
2026-05-16T16:00:44.240416,GET,/api/mixed/db/1/,4.84,247,0,
2026-05-16T16:00:44.243863,GET,/api/mixed/pipeline/1/,3.32,82,0,
2026-05-16T16:00:44.247313,GET,/api/mixed/http/,107.94,55353,0,
2026-05-16T16:00:44.248233,GET,/api/mixed/db/1/,4.24,247,0,
2026-05-16T16:00:44.255794,GET,/api/mixed/db/1/,4.27,247,0,
2026-05-16T16:00:44.262962,GET,/api/mixed/http/,108.25,55353,0,
2026-05-16T16:00:44.268328,GET,/api/mixed/http/,159.38,55353,0,
2026-05-16T16:00:44.281707,GET,/api/mixed/http/,108.56,55353,0,
2026-05-16T16:00:44.282960,GET,/api/mixed/http/,108.91,55353,0,
2026-05-16T16:00:44.283401,GET,/api/mixed/db/1/,4.25,247,0,
2026-05-16T16:00:44.318174,GET,/api/mixed/pipeline/1/,2.81,82,0,
2026-05-16T16:00:44.346099,GET,/api/mixed/http/,119.64,55353,0,
2026-05-16T16:00:44.348370,GET,/api/mixed/pipeline/1/,24.53,82,0,
2026-05-16T16:00:44.349148,GET,/api/mixed/db/1/,26.66,247,0,
2026-05-16T16:00:44.365750,GET,/api/mixed/pipeline/1/,3.38,82,0,
2026-05-16T16:00:44.374666,GET,/api/mixed/pipeline/1/,4.56,82,0,
2026-05-16T16:00:44.377634,GET,/api/mixed/http/,107.95,55353,0,
2026-05-16T16:00:44.378595,GET,/api/mixed/db/1/,5.06,247,0,
2026-05-16T16:00:44.393867,GET,/api/mixed/http/,157.27,55353,0,
2026-05-16T16:00:44.402887,GET,/api/mixed/http/,109.17,55353,0,
2026-05-16T16:00:44.415556,GET,/api/mixed/pipeline/1/,3.31,82,0,
2026-05-16T16:00:44.418360,GET,/api/mixed/db/1/,3.85,247,0,
2026-05-16T16:00:44.425381,GET,/api/mixed/db/1/,4.64,247,0,
2026-05-16T16:00:44.427192,GET,/api/mixed/db/1/,3.39,247,0,
2026-05-16T16:00:44.451795,GET,/api/mixed/db/1/,4.37,247,0,
2026-05-16T16:00:44.452476,GET,/api/mixed/http/,129.57,55353,0,
2026-05-16T16:00:44.454857,GET,/api/mixed/pipeline/1/,3.95,82,0,
2026-05-16T16:00:44.461275,GET,/api/mixed/db/1/,4.09,247,0,
2026-05-16T16:00:44.461689,GET,/api/mixed/db/1/,3.58,247,0,
2026-05-16T16:00:44.479010,GET,/api/mixed/http/,108.32,55353,0,
2026-05-16T16:00:44.483261,GET,/api/mixed/http/,108.45,55353,0,
2026-05-16T16:00:44.491919,GET,/api/mixed/db/1/,3.74,247,0,
2026-05-16T16:00:44.493531,GET,/api/mixed/http/,107.69,55353,0,
2026-05-16T16:00:44.499017,GET,/api/mixed/db/1/,4.31,247,0,
2026-05-16T16:00:44.501038,GET,/api/mixed/pipeline/1/,2.93,82,0,
2026-05-16T16:00:44.507516,GET,/api/mixed/pipeline/1/,3.14,82,0,
2026-05-16T16:00:44.520842,GET,/api/mixed/http/,107.56,55353,0,
2026-05-16T16:00:44.528801,GET,/api/mixed/http/,107.63,55353,0,
2026-05-16T16:00:44.540088,GET,/api/mixed/db/1/,3.93,247,0,
2026-05-16T16:00:44.560326,GET,/api/mixed/http/,107.74,55353,0,
2026-05-16T16:00:44.564687,GET,/api/mixed/pipeline/1/,2.57,82,0,
2026-05-16T16:00:44.565960,GET,/api/mixed/db/1/,4.28,247,0,
2026-05-16T16:00:44.590394,GET,/api/mixed/http/,108.14,55353,0,
2026-05-16T16:00:44.612981,GET,/api/mixed/http/,107.41,55353,0,
2026-05-16T16:00:44.613780,GET,/api/mixed/pipeline/1/,2.66,82,0,
2026-05-16T16:00:44.625419,GET,/api/mixed/pipeline/1/,2.77,82,0,
2026-05-16T16:00:44.655450,GET,/api/mixed/http/,108.0,55353,0,
2026-05-16T16:00:44.656165,GET,/api/mixed/http/,109.77,55353,0,
2026-05-16T16:00:44.658683,GET,/api/mixed/pipeline/1/,4.29,82,0,
2026-05-16T16:00:44.659171,GET,/api/mixed/pipeline/1/,2.89,82,0,
2026-05-16T16:00:44.695629,GET,/api/mixed/pipeline/1/,3.17,82,0,
2026-05-16T16:00:44.706808,GET,/api/mixed/db/1/,3.87,247,0,
2026-05-16T16:00:44.716284,GET,/api/mixed/http/,107.66,55353,0,
2026-05-16T16:00:44.726673,GET,/api/mixed/http/,107.6,55353,0,
2026-05-16T16:00:44.727573,GET,/api/mixed/pipeline/1/,3.07,82,0,
2026-05-16T16:00:44.772248,GET,/api/mixed/pipeline/1/,2.91,82,0,
2026-05-16T16:00:44.779726,GET,/api/mixed/db/1/,4.73,247,0,
2026-05-16T16:00:44.782592,GET,/api/mixed/pipeline/1/,3.8,82,0,
2026-05-16T16:00:44.784827,GET,/api/mixed/pipeline/1/,3.06,82,0,
2026-05-16T16:00:44.799955,GET,/api/mixed/pipeline/1/,2.75,82,0,
2026-05-16T16:00:44.820437,GET,/api/mixed/pipeline/1/,3.38,82,0,
2026-05-16T16:00:44.821446,GET,/api/mixed/http/,108.15,55353,0,
2026-05-16T16:00:44.822360,GET,/api/mixed/db/1/,4.32,247,0,
2026-05-16T16:00:44.838741,GET,/api/mixed/pipeline/1/,2.78,82,0,
2026-05-16T16:00:44.852555,GET,/api/mixed/pipeline/1/,3.14,82,0,
2026-05-16T16:00:44.853985,GET,/api/mixed/db/1/,3.68,247,0,
2026-05-16T16:00:44.857511,GET,/api/mixed/http/,107.6,55353,0,
2026-05-16T16:00:44.867580,GET,/api/mixed/db/1/,3.68,247,0,
2026-05-16T16:00:44.882967,GET,/api/mixed/http/,108.38,55353,0,
2026-05-16T16:00:44.887935,GET,/api/mixed/db/1/,3.74,247,0,
2026-05-16T16:00:44.892828,GET,/api/mixed/db/1/,3.5,247,0,
2026-05-16T16:00:44.901549,GET,/api/mixed/pipeline/1/,5.33,82,0,
2026-05-16T16:00:44.902061,GET,/api/mixed/db/1/,5.4,247,0,
2026-05-16T16:00:44.906326,GET,/api/mixed/db/1/,6.09,247,0,
2026-05-16T16:00:44.907869,GET,/api/mixed/http/,107.39,55353,0,
2026-05-16T16:00:44.908640,GET,/api/mixed/http/,108.58,55353,0,
2026-05-16T16:00:44.930428,GET,/api/mixed/http/,109.87,55353,0,
2026-05-16T16:00:44.930959,GET,/api/mixed/http/,109.37,55353,0,
2026-05-16T16:00:44.931540,GET,/api/mixed/pipeline/1/,3.68,82,0,
2026-05-16T16:00:44.946148,GET,/api/mixed/db/1/,3.91,247,0,
2026-05-16T16:00:44.952277,GET,/api/mixed/http/,107.22,55353,0,
2026-05-16T16:00:44.974928,GET,/api/mixed/pipeline/1/,4.47,82,0,
2026-05-16T16:00:44.976857,GET,/api/mixed/db/1/,5.41,247,0,
2026-05-16T16:00:44.980776,GET,/api/mixed/http/,108.83,55353,0,
2026-05-16T16:00:45.009690,GET,/api/mixed/http/,108.94,55353,0,
2026-05-16T16:00:45.014511,GET,/api/mixed/http/,109.04,55353,0,
2026-05-16T16:00:45.029083,GET,/api/mixed/http/,156.67,55353,0,
2026-05-16T16:00:45.038370,GET,/api/mixed/http/,109.19,55353,0,
2026-05-16T16:00:45.040627,GET,/api/mixed/pipeline/1/,3.34,82,0,
2026-05-16T16:00:45.052881,GET,/api/mixed/http/,108.21,55353,0,
2026-05-16T16:00:45.111885,GET,/api/mixed/db/1/,6.71,247,0,
2026-05-16T16:00:45.123208,GET,/api/mixed/pipeline/1/,3.23,82,0,
2026-05-16T16:00:45.165481,GET,/api/mixed/db/1/,4.38,247,0,
2026-05-16T16:00:45.166338,GET,/api/mixed/db/1/,4.31,247,0,
2026-05-16T16:00:45.168876,GET,/api/mixed/pipeline/1/,3.28,82,0,
2026-05-16T16:00:45.176415,GET,/api/mixed/db/1/,4.75,247,0,
2026-05-16T16:00:45.179391,GET,/api/mixed/db/1/,4.69,247,0,
2026-05-16T16:00:45.182164,GET,/api/mixed/pipeline/1/,2.67,82,0,
2026-05-16T16:00:45.198100,GET,/api/mixed/pipeline/1/,3.09,82,0,
2026-05-16T16:00:45.198547,GET,/api/mixed/pipeline/1/,4.03,82,0,
2026-05-16T16:00:45.208314,GET,/api/mixed/db/1/,4.54,247,0,
2026-05-16T16:00:45.215398,GET,/api/mixed/pipeline/1/,2.84,82,0,
2026-05-16T16:00:45.220109,GET,/api/mixed/http/,110.27,55353,0,
2026-05-16T16:00:45.260158,GET,/api/mixed/pipeline/1/,3.12,82,0,
2026-05-16T16:00:45.260817,GET,/api/mixed/db/1/,4.34,247,0,
2026-05-16T16:00:45.262165,GET,/api/mixed/http/,107.69,55353,0,
2026-05-16T16:00:45.279655,GET,/api/mixed/http/,108.42,55353,0,
2026-05-16T16:00:45.282632,GET,/api/mixed/db/1/,4.23,247,0,
2026-05-16T16:00:45.283541,GET,/api/mixed/http/,108.28,55353,0,
2026-05-16T16:00:45.288999,GET,/api/mixed/pipeline/1/,3.3,82,0,
2026-05-16T16:00:45.289421,GET,/api/mixed/pipeline/1/,3.27,82,0,
2026-05-16T16:00:45.297403,GET,/api/mixed/db/1/,3.64,247,0,
2026-05-16T16:00:45.307356,GET,/api/mixed/db/1/,3.55,247,0,
2026-05-16T16:00:45.310667,GET,/api/mixed/http/,108.01,55353,0,
2026-05-16T16:00:45.313275,GET,/api/mixed/http/,108.14,55353,0,
2026-05-16T16:00:45.315658,GET,/api/mixed/pipeline/1/,3.31,82,0,
2026-05-16T16:00:45.361674,GET,/api/mixed/pipeline/1/,5.01,82,0,
2026-05-16T16:00:45.363130,GET,/api/mixed/db/1/,4.64,247,0,
2026-05-16T16:00:45.372402,GET,/api/mixed/pipeline/1/,2.95,82,0,
2026-05-16T16:00:45.397917,GET,/api/mixed/pipeline/1/,4.17,82,0,
2026-05-16T16:00:45.431646,GET,/api/mixed/db/1/,4.34,247,0,
2026-05-16T16:00:45.453692,GET,/api/mixed/db/1/,4.82,247,0,
2026-05-16T16:00:45.454446,GET,/api/mixed/http/,109.42,55353,0,
2026-05-16T16:00:45.456395,GET,/api/mixed/pipeline/1/,3.51,82,0,
2026-05-16T16:00:45.457680,GET,/api/mixed/db/1/,5.29,247,0,
2026-05-16T16:00:45.467202,GET,/api/mixed/http/,109.47,55353,0,
2026-05-16T16:00:45.480177,GET,/api/mixed/db/1/,3.74,247,0,
2026-05-16T16:00:45.500500,GET,/api/mixed/pipeline/1/,3.4,82,0,
2026-05-16T16:00:45.501159,GET,/api/mixed/db/1/,4.47,247,0,
2026-05-16T16:00:45.502874,GET,/api/mixed/pipeline/1/,3.25,82,0,
2026-05-16T16:00:45.513650,GET,/api/mixed/pipeline/1/,3.01,82,0,
2026-05-16T16:00:45.532807,GET,/api/mixed/pipeline/1/,2.84,82,0,
2026-05-16T16:00:45.536166,GET,/api/mixed/http/,107.8,55353,0,
2026-05-16T16:00:45.540152,GET,/api/mixed/db/1/,4.81,247,0,
2026-05-16T16:00:45.541515,GET,/api/mixed/db/1/,3.94,247,0,
2026-05-16T16:00:45.550568,GET,/api/mixed/pipeline/1/,2.7,82,0,
2026-05-16T16:00:45.555360,GET,/api/mixed/pipeline/1/,2.51,82,0,
2026-05-16T16:00:45.564446,GET,/api/mixed/http/,107.94,55353,0,
2026-05-16T16:00:45.588295,GET,/api/mixed/pipeline/1/,3.99,82,0,
2026-05-16T16:00:45.588709,GET,/api/mixed/db/1/,4.86,247,0,
2026-05-16T16:00:45.603276,GET,/api/mixed/pipeline/1/,3.36,82,0,
2026-05-16T16:00:45.603749,GET,/api/mixed/http/,108.36,55353,0,
2026-05-16T16:00:45.605488,GET,/api/mixed/pipeline/1/,3.17,82,0,
2026-05-16T16:00:45.618340,GET,/api/mixed/db/1/,3.69,247,0,
2026-05-16T16:00:45.618810,GET,/api/mixed/http/,108.6,55353,0,
2026-05-16T16:00:45.623859,GET,/api/mixed/pipeline/1/,2.7,82,0,
2026-05-16T16:00:45.632854,GET,/api/mixed/pipeline/1/,3.14,82,0,
2026-05-16T16:00:45.636133,GET,/api/mixed/db/1/,4.07,247,0,
2026-05-16T16:00:45.637862,GET,/api/mixed/pipeline/1/,3.01,82,0,
2026-05-16T16:00:45.641817,GET,/api/mixed/pipeline/1/,2.6,82,0,
2026-05-16T16:00:45.645258,GET,/api/mixed/http/,108.29,55353,0,
2026-05-16T16:00:45.659698,GET,/api/mixed/http/,107.78,55353,0,
2026-05-16T16:00:45.666357,GET,/api/mixed/db/1/,4.43,247,0,
2026-05-16T16:00:45.670374,GET,/api/mixed/pipeline/1/,2.61,82,0,
2026-05-16T16:00:45.735586,GET,/api/mixed/db/1/,7.09,247,0,
2026-05-16T16:00:45.736057,GET,/api/mixed/http/,110.82,55353,0,
2026-05-16T16:00:45.743104,GET,/api/mixed/db/1/,3.77,247,0,
2026-05-16T16:00:45.754433,GET,/api/mixed/http/,107.85,55353,0,
2026-05-16T16:00:45.754910,GET,/api/mixed/http/,109.55,55353,0,
2026-05-16T16:00:45.764081,GET,/api/mixed/db/1/,3.83,247,0,
2026-05-16T16:00:45.768951,GET,/api/mixed/pipeline/1/,3.63,82,0,
2026-05-16T16:00:45.769621,GET,/api/mixed/db/1/,3.88,247,0,
2026-05-16T16:00:45.771492,GET,/api/mixed/http/,107.39,55353,0,
2026-05-16T16:00:45.771933,GET,/api/mixed/http/,108.72,55353,0,
2026-05-16T16:00:45.780911,GET,/api/mixed/db/1/,3.75,247,0,
2026-05-16T16:00:45.782100,GET,/api/mixed/http/,107.39,55353,0,
2026-05-16T16:00:45.823065,GET,/api/mixed/db/1/,4.01,247,0,
2026-05-16T16:00:45.825798,GET,/api/mixed/db/1/,4.19,247,0,
2026-05-16T16:00:45.846908,GET,/api/mixed/pipeline/1/,3.67,82,0,
2026-05-16T16:00:45.849681,GET,/api/mixed/http/,107.93,55353,0,
2026-05-16T16:00:45.853092,GET,/api/mixed/http/,107.49,55353,0,
2026-05-16T16:00:45.853671,GET,/api/mixed/http/,109.02,55353,0,
2026-05-16T16:00:45.885024,GET,/api/mixed/pipeline/1/,3.15,82,0,
2026-05-16T16:00:45.885468,GET,/api/mixed/pipeline/1/,4.04,82,0,
2026-05-16T16:00:45.885835,GET,/api/mixed/pipeline/1/,3.08,82,0,
2026-05-16T16:00:45.891839,GET,/api/mixed/pipeline/1/,2.7,82,0,
2026-05-16T16:00:45.904165,GET,/api/mixed/http/,107.71,55353,0,
2026-05-16T16:00:45.904600,GET,/api/mixed/pipeline/1/,3.57,82,0,
2026-05-16T16:00:45.905429,GET,/api/mixed/db/1/,3.66,247,0,
2026-05-16T16:00:45.909327,GET,/api/mixed/pipeline/1/,2.57,82,0,
2026-05-16T16:00:45.925183,GET,/api/mixed/db/1/,4.74,247,0,
2026-05-16T16:00:45.941928,GET,/api/mixed/http/,107.79,55353,0,
2026-05-16T16:00:45.944877,GET,/api/mixed/pipeline/1/,2.83,82,0,
2026-05-16T16:00:45.951700,GET,/api/mixed/http/,109.0,55353,0,
2026-05-16T16:00:45.952233,GET,/api/mixed/http/,108.59,55353,0,
2026-05-16T16:00:45.976702,GET,/api/mixed/http/,107.83,55353,0,
2026-05-16T16:00:45.980606,GET,/api/mixed/db/1/,4.84,247,0,
2026-05-16T16:00:45.989706,GET,/api/mixed/pipeline/1/,2.91,82,0,
2026-05-16T16:00:46.012845,GET,/api/mixed/db/1/,4.63,247,0,
2026-05-16T16:00:46.020269,GET,/api/mixed/db/1/,4.15,247,0,
2026-05-16T16:00:46.025052,GET,/api/mixed/http/,108.11,55353,0,
2026-05-16T16:00:46.027726,GET,/api/mixed/pipeline/1/,3.68,82,0,
2026-05-16T16:00:46.029574,GET,/api/mixed/http/,108.23,55353,0,
2026-05-16T16:00:46.031816,GET,/api/mixed/pipeline/1/,3.95,82,0,
2026-05-16T16:00:46.047486,GET,/api/mixed/pipeline/1/,3.36,82,0,
2026-05-16T16:00:46.056566,GET,/api/mixed/db/1/,3.84,247,0,
2026-05-16T16:00:46.058621,GET,/api/mixed/http/,158.58,55353,0,
2026-05-16T16:00:46.059451,GET,/api/mixed/db/1/,4.27,247,0,
2026-05-16T16:00:46.076090,GET,/api/mixed/pipeline/1/,3.79,82,0,
2026-05-16T16:00:46.082060,GET,/api/mixed/db/1/,3.63,247,0,
2026-05-16T16:00:46.087604,GET,/api/mixed/http/,107.83,55353,0,
2026-05-16T16:00:46.095391,GET,/api/mixed/pipeline/1/,3.42,82,0,
2026-05-16T16:00:46.096607,GET,/api/mixed/db/1/,3.58,247,0,
2026-05-16T16:00:46.098630,GET,/api/mixed/http/,107.46,55353,0,
2026-05-16T16:00:46.110352,GET,/api/mixed/http/,107.72,55353,0,
2026-05-16T16:00:46.120626,GET,/api/mixed/db/1/,3.64,247,0,
2026-05-16T16:00:46.137166,GET,/api/mixed/db/1/,4.2,247,0,
2026-05-16T16:00:46.157389,GET,/api/mixed/pipeline/1/,2.9,82,0,
2026-05-16T16:00:46.170580,GET,/api/mixed/http/,107.88,55353,0,
2026-05-16T16:00:46.176237,GET,/api/mixed/pipeline/1/,3.31,82,0,
2026-05-16T16:00:46.205995,GET,/api/mixed/http/,108.22,55353,0,
2026-05-16T16:00:46.216314,GET,/api/mixed/pipeline/1/,5.06,82,0,
2026-05-16T16:00:46.217240,GET,/api/mixed/db/1/,5.17,247,0,
2026-05-16T16:00:46.217799,GET,/api/mixed/db/1/,6.1,247,0,
2026-05-16T16:00:46.231754,GET,/api/mixed/db/1/,4.27,247,0,
2026-05-16T16:00:46.255767,GET,/api/mixed/db/1/,3.86,247,0,
2026-05-16T16:00:46.272859,GET,/api/mixed/db/1/,3.88,247,0,
2026-05-16T16:00:46.273733,GET,/api/mixed/http/,108.11,55353,0,
2026-05-16T16:00:46.282063,GET,/api/mixed/http/,108.69,55353,0,
2026-05-16T16:00:46.294304,GET,/api/mixed/db/1/,3.89,247,0,
2026-05-16T16:00:46.301165,GET,/api/mixed/db/1/,3.58,247,0,
2026-05-16T16:00:46.309267,GET,/api/mixed/pipeline/1/,2.79,82,0,
2026-05-16T16:00:46.322812,GET,/api/mixed/http/,109.58,55353,0,
2026-05-16T16:00:46.324919,GET,/api/mixed/http/,108.48,55353,0,
2026-05-16T16:00:46.339690,GET,/api/mixed/http/,108.79,55353,0,
2026-05-16T16:00:46.340205,GET,/api/mixed/http/,107.81,55353,0,
2026-05-16T16:00:46.356887,GET,/api/mixed/db/1/,3.85,247,0,
2026-05-16T16:00:46.383853,GET,/api/mixed/http/,107.9,55353,0,
2026-05-16T16:00:46.393009,GET,/api/mixed/db/1/,4.92,247,0,
2026-05-16T16:00:46.393432,GET,/api/mixed/pipeline/1/,3.22,82,0,
2026-05-16T16:00:46.401846,GET,/api/mixed/db/1/,4.22,247,0,
2026-05-16T16:00:46.431788,GET,/api/mixed/db/1/,4.1,247,0,
2026-05-16T16:00:46.436670,GET,/api/mixed/db/1/,3.66,247,0,
2026-05-16T16:00:46.437379,GET,/api/mixed/http/,108.1,55353,0,
2026-05-16T16:00:46.440587,GET,/api/mixed/db/1/,5.06,247,0,
2026-05-16T16:00:46.443666,GET,/api/mixed/pipeline/1/,2.94,82,0,
2026-05-16T16:00:46.452847,GET,/api/mixed/http/,108.38,55353,0,
2026-05-16T16:00:46.471512,GET,/api/mixed/pipeline/1/,2.93,82,0,
2026-05-16T16:00:46.472000,GET,/api/mixed/http/,107.78,55353,0,
2026-05-16T16:00:46.472681,GET,/api/mixed/db/1/,4.6,247,0,
2026-05-16T16:00:46.487916,GET,/api/mixed/pipeline/1/,2.88,82,0,
2026-05-16T16:00:46.497618,GET,/api/mixed/http/,108.13,55353,0,
2026-05-16T16:00:46.512696,GET,/api/mixed/http/,107.49,55353,0,
2026-05-16T16:00:46.542067,GET,/api/mixed/pipeline/1/,2.8,82,0,
2026-05-16T16:00:46.549462,GET,/api/mixed/pipeline/1/,4.05,82,0,
2026-05-16T16:00:46.552508,GET,/api/mixed/pipeline/1/,4.77,82,0,
2026-05-16T16:00:46.597060,GET,/api/mixed/db/1/,3.83,247,0,
2026-05-16T16:00:46.608943,GET,/api/mixed/pipeline/1/,2.7,82,0,
2026-05-16T16:00:46.611528,GET,/api/mixed/http/,107.51,55353,0,
2026-05-16T16:00:46.616614,GET,/api/mixed/pipeline/1/,2.69,82,0,
2026-05-16T16:00:46.623449,GET,/api/mixed/pipeline/1/,2.5,82,0,
2026-05-16T16:00:46.645493,GET,/api/mixed/pipeline/1/,2.59,82,0,
2026-05-16T16:00:46.651785,GET,/api/mixed/pipeline/1/,2.91,82,0,
2026-05-16T16:00:46.657723,GET,/api/mixed/http/,108.03,55353,0,
2026-05-16T16:00:46.659791,GET,/api/mixed/http/,108.1,55353,0,
2026-05-16T16:00:46.660397,GET,/api/mixed/http/,107.22,55353,0,
2026-05-16T16:00:46.669599,GET,/api/mixed/pipeline/1/,2.87,82,0,
2026-05-16T16:00:46.682465,GET,/api/mixed/pipeline/1/,2.63,82,0,
2026-05-16T16:00:46.685380,GET,/api/mixed/http/,107.75,55353,0,
2026-05-16T16:00:46.694929,GET,/api/mixed/db/1/,4.25,247,0,
2026-05-16T16:00:46.698862,GET,/api/mixed/pipeline/1/,2.72,82,0,
2026-05-16T16:00:46.746398,GET,/api/mixed/http/,107.64,55353,0,
2026-05-16T16:00:46.749731,GET,/api/mixed/http/,108.38,55353,0,
2026-05-16T16:00:46.750183,GET,/api/mixed/http/,107.91,55353,0,
2026-05-16T16:00:46.764448,GET,/api/mixed/pipeline/1/,2.95,82,0,
2026-05-16T16:00:46.799139,GET,/api/mixed/http/,107.44,55353,0,
2026-05-16T16:00:46.804335,GET,/api/mixed/pipeline/1/,2.87,82,0,
2026-05-16T16:00:46.811491,GET,/api/mixed/pipeline/1/,2.83,82,0,
2026-05-16T16:00:46.824551,GET,/api/mixed/http/,108.29,55353,0,
2026-05-16T16:00:46.827575,GET,/api/mixed/db/1/,4.21,247,0,
2026-05-16T16:00:46.840517,GET,/api/mixed/pipeline/1/,3.69,82,0,
2026-05-16T16:00:46.843577,GET,/api/mixed/pipeline/1/,2.94,82,0,
2026-05-16T16:00:46.850115,GET,/api/mixed/db/1/,4.23,247,0,
2026-05-16T16:00:46.850508,GET,/api/mixed/db/1/,4.22,247,0,
2026-05-16T16:00:46.867624,GET,/api/mixed/pipeline/1/,2.81,82,0,
2026-05-16T16:00:46.886986,GET,/api/mixed/http/,108.28,55353,0,
2026-05-16T16:00:46.887621,GET,/api/mixed/http/,107.85,55353,0,
2026-05-16T16:00:46.910872,GET,/api/mixed/db/1/,3.96,247,0,
2026-05-16T16:00:46.942361,GET,/api/mixed/db/1/,5.48,247,0,
2026-05-16T16:00:46.958846,GET,/api/mixed/db/1/,4.62,247,0,
2026-05-16T16:00:46.969529,GET,/api/mixed/db/1/,4.3,247,0,
2026-05-16T16:00:46.970416,GET,/api/mixed/db/1/,4.14,247,0,
2026-05-16T16:00:46.975132,GET,/api/mixed/pipeline/1/,3.33,82,0,
2026-05-16T16:00:47.007260,GET,/api/mixed/db/1/,5.0,247,0,
2026-05-16T16:00:47.017611,GET,/api/mixed/http/,108.03,55353,0,
2026-05-16T16:00:47.040960,GET,/api/mixed/db/1/,4.07,247,0,
2026-05-16T16:00:47.057446,GET,/api/mixed/http/,107.81,55353,0,
2026-05-16T16:00:47.063380,GET,/api/mixed/http/,107.76,55353,0,
2026-05-16T16:00:47.063842,GET,/api/mixed/http/,108.67,55353,0,
2026-05-16T16:00:47.076987,GET,/api/mixed/pipeline/1/,2.85,82,0,
2026-05-16T16:00:47.085282,GET,/api/mixed/http/,107.94,55353,0,
2026-05-16T16:00:47.101604,GET,/api/mixed/db/1/,3.99,247,0,
2026-05-16T16:00:47.110892,GET,/api/mixed/db/1/,4.07,247,0,
2026-05-16T16:00:47.125272,GET,/api/mixed/pipeline/1/,2.8,82,0,
2026-05-16T16:00:47.130221,GET,/api/mixed/pipeline/1/,2.55,82,0,
2026-05-16T16:00:47.137764,GET,/api/mixed/pipeline/1/,2.63,82,0,
2026-05-16T16:00:47.155481,GET,/api/mixed/db/1/,4.41,247,0,
2026-05-16T16:00:47.155898,GET,/api/mixed/db/1/,3.6,247,0,
2026-05-16T16:00:47.157458,GET,/api/mixed/http/,108.16,55353,0,
2026-05-16T16:00:47.160698,GET,/api/mixed/http/,107.93,55353,0,
2026-05-16T16:00:47.169871,GET,/api/mixed/pipeline/1/,2.89,82,0,
2026-05-16T16:00:47.180892,GET,/api/mixed/db/1/,4.17,247,0,
2026-05-16T16:00:47.183228,GET,/api/mixed/pipeline/1/,3.45,82,0,
2026-05-16T16:00:47.183938,GET,/api/mixed/pipeline/1/,2.7,82,0,
2026-05-16T16:00:47.184918,GET,/api/mixed/pipeline/1/,3.14,82,0,
2026-05-16T16:00:47.205435,GET,/api/mixed/pipeline/1/,2.67,82,0,
2026-05-16T16:00:47.219976,GET,/api/mixed/db/1/,3.78,247,0,
2026-05-16T16:00:47.228978,GET,/api/mixed/db/1/,3.67,247,0,
2026-05-16T16:00:47.234989,GET,/api/mixed/pipeline/1/,2.65,82,0,
2026-05-16T16:00:47.240094,GET,/api/mixed/http/,107.53,55353,0,
2026-05-16T16:00:47.246211,GET,/api/mixed/pipeline/1/,2.84,82,0,
2026-05-16T16:00:47.285159,GET,/api/mixed/http/,108.87,55353,0,
2026-05-16T16:00:47.295438,GET,/api/mixed/pipeline/1/,3.28,82,0,
2026-05-16T16:00:47.304063,GET,/api/mixed/http/,107.76,55353,0,
2026-05-16T16:00:47.316340,GET,/api/mixed/db/1/,4.29,247,0,
2026-05-16T16:00:47.317597,GET,/api/mixed/http/,107.8,55353,0,
2026-05-16T16:00:47.332657,GET,/api/mixed/pipeline/1/,3.78,82,0,
2026-05-16T16:00:47.334133,GET,/api/mixed/db/1/,4.4,247,0,
2026-05-16T16:00:47.365350,GET,/api/mixed/http/,108.91,55353,0,
2026-05-16T16:00:47.370542,GET,/api/mixed/http/,108.57,55353,0,
2026-05-16T16:00:47.380990,GET,/api/mixed/pipeline/1/,3.2,82,0,
2026-05-16T16:00:47.400418,GET,/api/mixed/http/,108.79,55353,0,
2026-05-16T16:00:47.406926,GET,/api/mixed/pipeline/1/,3.2,82,0,
2026-05-16T16:00:47.415244,GET,/api/mixed/http/,108.97,55353,0,
2026-05-16T16:00:47.415782,GET,/api/mixed/pipeline/1/,3.64,82,0,
2026-05-16T16:00:47.416337,GET,/api/mixed/db/1/,4.75,247,0,
2026-05-16T16:00:47.446862,GET,/api/mixed/http/,108.47,55353,0,
2026-05-16T16:00:47.452645,GET,/api/mixed/db/1/,4.52,247,0,
2026-05-16T16:00:47.479275,GET,/api/mixed/db/1/,4.23,247,0,
2026-05-16T16:00:47.490832,GET,/api/mixed/pipeline/1/,3.25,82,0,
2026-05-16T16:00:47.502378,GET,/api/mixed/db/1/,4.28,247,0,
2026-05-16T16:00:47.517173,GET,/api/mixed/http/,108.0,55353,0,
2026-05-16T16:00:47.521706,GET,/api/mixed/http/,111.16,55353,0,
2026-05-16T16:00:47.532704,GET,/api/mixed/db/1/,4.96,247,0,
2026-05-16T16:00:47.545483,GET,/api/mixed/http/,110.35,55353,0,
2026-05-16T16:00:47.550035,GET,/api/mixed/pipeline/1/,4.28,82,0,
2026-05-16T16:00:47.550864,GET,/api/mixed/db/1/,6.89,247,0,
2026-05-16T16:00:47.562063,GET,/api/mixed/http/,109.28,55353,0,
2026-05-16T16:00:47.567667,GET,/api/mixed/db/1/,5.4,247,0,
2026-05-16T16:00:47.574893,GET,/api/mixed/db/1/,5.7,247,0,
2026-05-16T16:00:47.576243,GET,/api/mixed/http/,109.98,55353,0,
2026-05-16T16:00:47.589321,GET,/api/mixed/http/,167.77,55353,0,
2026-05-16T16:00:47.614064,GET,/api/mixed/pipeline/1/,3.45,82,0,
2026-05-16T16:00:47.618761,GET,/api/mixed/http/,108.09,55353,0,
2026-05-16T16:00:47.629451,GET,/api/mixed/http/,109.78,55353,0,
2026-05-16T16:00:47.629976,GET,/api/mixed/http/,109.71,55353,0,
2026-05-16T16:00:47.652688,GET,/api/mixed/pipeline/1/,3.02,82,0,
2026-05-16T16:00:47.654644,GET,/api/mixed/http/,107.99,55353,0,
2026-05-16T16:00:47.663733,GET,/api/mixed/http/,108.31,55353,0,
2026-05-16T16:00:47.726502,GET,/api/mixed/db/1/,4.03,247,0,
2026-05-16T16:00:47.730734,GET,/api/mixed/http/,107.63,55353,0,
2026-05-16T16:00:47.733919,GET,/api/mixed/db/1/,4.17,247,0,
2026-05-16T16:00:47.736729,GET,/api/mixed/http/,108.4,55353,0,
2026-05-16T16:00:47.743831,GET,/api/mixed/db/1/,3.75,247,0,
2026-05-16T16:00:47.782063,GET,/api/mixed/db/1/,4.36,247,0,
2026-05-16T16:00:47.782479,GET,/api/mixed/db/1/,4.33,247,0,
2026-05-16T16:00:47.788819,GET,/api/mixed/pipeline/1/,3.12,82,0,
2026-05-16T16:00:47.790938,GET,/api/mixed/http/,107.8,55353,0,
2026-05-16T16:00:47.792356,GET,/api/mixed/db/1/,4.31,247,0,
2026-05-16T16:00:47.809507,GET,/api/mixed/http/,109.18,55353,0,
2026-05-16T16:00:47.809979,GET,/api/mixed/http/,109.24,55353,0,
2026-05-16T16:00:47.810399,GET,/api/mixed/http/,110.61,55353,0,
2026-05-16T16:00:47.821099,GET,/api/mixed/db/1/,4.37,247,0,
2026-05-16T16:00:47.821519,GET,/api/mixed/db/1/,4.36,247,0,
2026-05-16T16:00:47.826620,GET,/api/mixed/db/1/,3.73,247,0,
2026-05-16T16:00:47.833366,GET,/api/mixed/pipeline/1/,3.49,82,0,
2026-05-16T16:00:47.866182,GET,/api/mixed/pipeline/1/,2.6,82,0,
2026-05-16T16:00:47.873038,GET,/api/mixed/http/,107.87,55353,0,
2026-05-16T16:00:47.874274,GET,/api/mixed/db/1/,3.83,247,0,
2026-05-16T16:00:47.881360,GET,/api/mixed/db/1/,3.73,247,0,
2026-05-16T16:00:47.884176,GET,/api/mixed/db/1/,4.12,247,0,
2026-05-16T16:00:47.890019,GET,/api/mixed/pipeline/1/,2.65,82,0,
2026-05-16T16:00:47.906356,GET,/api/mixed/http/,107.73,55353,0,
2026-05-16T16:00:47.918406,GET,/api/mixed/pipeline/1/,2.69,82,0,
2026-05-16T16:00:47.937820,GET,/api/mixed/http/,107.49,55353,0,
2026-05-16T16:00:47.945724,GET,/api/mixed/http/,108.02,55353,0,
2026-05-16T16:00:47.947706,GET,/api/mixed/http/,107.37,55353,0,
2026-05-16T16:00:47.951284,GET,/api/mixed/http/,108.39,55353,0,
2026-05-16T16:00:47.954819,GET,/api/mixed/db/1/,4.45,247,0,
2026-05-16T16:00:47.958952,GET,/api/mixed/pipeline/1/,2.79,82,0,
2026-05-16T16:00:47.964729,GET,/api/mixed/http/,108.51,55353,0,
2026-05-16T16:00:47.971496,GET,/api/mixed/pipeline/1/,3.37,82,0,
2026-05-16T16:00:47.991051,GET,/api/mixed/db/1/,3.85,247,0,
2026-05-16T16:00:48.009105,GET,/api/mixed/pipeline/1/,2.79,82,0,
2026-05-16T16:00:48.033864,GET,/api/mixed/http/,107.81,55353,0,
2026-05-16T16:00:48.047614,GET,/api/mixed/http/,107.56,55353,0,
2026-05-16T16:00:48.052009,GET,/api/mixed/db/1/,4.28,247,0,
2026-05-16T16:00:48.065236,GET,/api/mixed/pipeline/1/,2.9,82,0,
2026-05-16T16:00:48.077419,GET,/api/mixed/http/,107.96,55353,0,
2026-05-16T16:00:48.078860,GET,/api/mixed/http/,108.49,55353,0,
2026-05-16T16:00:48.103127,GET,/api/mixed/pipeline/1/,3.06,82,0,
2026-05-16T16:00:48.138823,GET,/api/mixed/http/,107.5,55353,0,
2026-05-16T16:00:48.147475,GET,/api/mixed/http/,108.28,55353,0,
2026-05-16T16:00:48.156524,GET,/api/mixed/http/,107.86,55353,0,
2026-05-16T16:00:48.179423,GET,/api/mixed/pipeline/1/,2.94,82,0,
2026-05-16T16:00:48.190243,GET,/api/mixed/db/1/,4.62,247,0,
2026-05-16T16:00:48.190762,GET,/api/mixed/db/1/,3.9,247,0,
2026-05-16T16:00:48.198425,GET,/api/mixed/pipeline/1/,3.38,82,0,
2026-05-16T16:00:48.199001,GET,/api/mixed/pipeline/1/,3.43,82,0,
2026-05-16T16:00:48.207243,GET,/api/mixed/db/1/,3.88,247,0,
2026-05-16T16:00:48.216559,GET,/api/mixed/db/1/,4.0,247,0,
2026-05-16T16:00:48.219574,GET,/api/mixed/db/1/,4.27,247,0,
2026-05-16T16:00:48.220945,GET,/api/mixed/http/,108.46,55353,0,
2026-05-16T16:00:48.232947,GET,/api/mixed/pipeline/1/,3.77,82,0,
2026-05-16T16:00:48.236601,GET,/api/mixed/http/,108.4,55353,0,
2026-05-16T16:00:48.249431,GET,/api/mixed/db/1/,5.57,247,0,
2026-05-16T16:00:48.253735,GET,/api/mixed/db/1/,6.14,247,0,
2026-05-16T16:00:48.268883,GET,/api/mixed/http/,108.01,55353,0,
2026-05-16T16:00:48.279450,GET,/api/mixed/http/,165.94,55353,0,
2026-05-16T16:00:48.295609,GET,/api/mixed/pipeline/1/,2.97,82,0,
2026-05-16T16:00:48.304862,GET,/api/mixed/pipeline/1/,4.46,82,0,
2026-05-16T16:00:48.306556,GET,/api/mixed/pipeline/1/,2.86,82,0,
2026-05-16T16:00:48.317053,GET,/api/mixed/http/,107.47,55353,0,
2026-05-16T16:00:48.320223,GET,/api/mixed/http/,108.07,55353,0,
2026-05-16T16:00:48.329121,GET,/api/mixed/pipeline/1/,3.29,82,0,
2026-05-16T16:00:48.360080,GET,/api/mixed/pipeline/1/,2.75,82,0,
2026-05-16T16:00:48.363941,GET,/api/mixed/db/1/,3.75,247,0,
2026-05-16T16:00:48.366254,GET,/api/mixed/pipeline/1/,3.18,82,0,
2026-05-16T16:00:48.377009,GET,/api/mixed/db/1/,4.37,247,0,
2026-05-16T16:00:48.382133,GET,/api/mixed/http/,108.01,55353,0,
2026-05-16T16:00:48.387482,GET,/api/mixed/pipeline/1/,3.27,82,0,
2026-05-16T16:00:48.390421,GET,/api/mixed/pipeline/1/,2.72,82,0,
2026-05-16T16:00:48.402967,GET,/api/mixed/pipeline/1/,3.27,82,0,
2026-05-16T16:00:48.404776,GET,/api/mixed/pipeline/1/,2.78,82,0,
2026-05-16T16:00:48.409720,GET,/api/mixed/db/1/,3.73,247,0,
2026-05-16T16:00:48.410214,GET,/api/mixed/http/,109.41,55353,0,
2026-05-16T16:00:48.410631,GET,/api/mixed/http/,110.67,55353,0,
2026-05-16T16:00:48.417796,GET,/api/mixed/db/1/,3.85,247,0,
2026-05-16T16:00:48.420545,GET,/api/mixed/pipeline/1/,2.64,82,0,
2026-05-16T16:00:48.434214,GET,/api/mixed/http/,107.94,55353,0,
2026-05-16T16:00:48.447459,GET,/api/mixed/http/,108.14,55353,0,
2026-05-16T16:00:48.450875,GET,/api/mixed/db/1/,4.4,247,0,
2026-05-16T16:00:48.458667,GET,/api/mixed/db/1/,3.62,247,0,
2026-05-16T16:00:48.460497,GET,/api/mixed/http/,107.79,55353,0,
2026-05-16T16:00:48.471745,GET,/api/mixed/http/,109.12,55353,0,
2026-05-16T16:00:48.481679,GET,/api/mixed/http/,108.58,55353,0,
2026-05-16T16:00:48.489276,GET,/api/mixed/http/,108.01,55353,0,
2026-05-16T16:00:48.490182,GET,/api/mixed/pipeline/1/,2.71,82,0,
2026-05-16T16:00:48.495123,GET,/api/mixed/http/,108.53,55353,0,
2026-05-16T16:00:48.505250,GET,/api/mixed/pipeline/1/,2.82,82,0,
2026-05-16T16:00:48.509161,GET,/api/mixed/pipeline/1/,2.55,82,0,
2026-05-16T16:00:48.540558,GET,/api/mixed/db/1/,3.81,247,0,
2026-05-16T16:00:48.571264,GET,/api/mixed/http/,107.37,55353,0,
2026-05-16T16:00:48.578979,GET,/api/mixed/http/,108.2,55353,0,
2026-05-16T16:00:48.583099,GET,/api/mixed/pipeline/1/,2.77,82,0,
2026-05-16T16:00:48.592589,GET,/api/mixed/http/,107.64,55353,0,
2026-05-16T16:00:48.607724,GET,/api/mixed/pipeline/1/,2.79,82,0,
2026-05-16T16:00:48.633397,GET,/api/mixed/pipeline/1/,2.69,82,0,
2026-05-16T16:00:48.673093,GET,/api/mixed/http/,108.16,55353,0,
2026-05-16T16:00:48.680224,GET,/api/mixed/pipeline/1/,2.88,82,0,
2026-05-16T16:00:48.691530,GET,/api/mixed/pipeline/1/,2.95,82,0,
2026-05-16T16:00:48.730015,GET,/api/mixed/http/,107.92,55353,0,
2026-05-16T16:00:48.731194,GET,/api/mixed/pipeline/1/,3.2,82,0,
2026-05-16T16:00:48.751215,GET,/api/mixed/http/,107.46,55353,0,
2026-05-16T16:00:48.756817,GET,/api/mixed/pipeline/1/,4.25,82,0,
2026-05-16T16:00:48.759869,GET,/api/mixed/pipeline/1/,2.83,82,0,
2026-05-16T16:00:48.760704,GET,/api/mixed/db/1/,5.72,247,0,
2026-05-16T16:00:48.772468,GET,/api/mixed/http/,108.21,55353,0,
2026-05-16T16:00:48.775295,GET,/api/mixed/pipeline/1/,3.79,82,0,
2026-05-16T16:00:48.776934,GET,/api/mixed/db/1/,3.63,247,0,
2026-05-16T16:00:48.800658,GET,/api/mixed/pipeline/1/,2.71,82,0,
2026-05-16T16:00:48.810574,GET,/api/mixed/pipeline/1/,2.62,82,0,
2026-05-16T16:00:48.816693,GET,/api/mixed/pipeline/1/,2.74,82,0,
2026-05-16T16:00:48.850471,GET,/api/mixed/http/,107.97,55353,0,
2026-05-16T16:00:48.850949,GET,/api/mixed/http/,107.48,55353,0,
2026-05-16T16:00:48.864607,GET,/api/mixed/db/1/,3.75,247,0,
2026-05-16T16:00:48.903373,GET,/api/mixed/http/,108.11,55353,0,
2026-05-16T16:00:48.919236,GET,/api/mixed/db/1/,4.03,247,0,
2026-05-16T16:00:48.931780,GET,/api/mixed/db/1/,3.86,247,0,
2026-05-16T16:00:48.951547,GET,/api/mixed/db/1/,4.14,247,0,
2026-05-16T16:00:48.955425,GET,/api/mixed/http/,108.5,55353,0,
2026-05-16T16:00:48.965126,GET,/api/mixed/http/,107.84,55353,0,
2026-05-16T16:00:48.980065,GET,/api/mixed/http/,108.09,55353,0,
2026-05-16T16:00:48.992477,GET,/api/mixed/pipeline/1/,3.07,82,0,
2026-05-16T16:00:48.997291,GET,/api/mixed/pipeline/1/,3.55,82,0,
2026-05-16T16:00:48.999690,GET,/api/mixed/pipeline/1/,3.33,82,0,
2026-05-16T16:00:49.001166,GET,/api/mixed/http/,107.64,55353,0,
2026-05-16T16:00:49.002681,GET,/api/mixed/db/1/,3.9,247,0,
2026-05-16T16:00:49.004737,GET,/api/mixed/http/,107.7,55353,0,
2026-05-16T16:00:49.009879,GET,/api/mixed/db/1/,3.97,247,0,
2026-05-16T16:00:49.012997,GET,/api/mixed/http/,108.36,55353,0,
2026-05-16T16:00:49.020109,GET,/api/mixed/db/1/,3.77,247,0,
2026-05-16T16:00:49.043684,GET,/api/mixed/http/,107.65,55353,0,
2026-05-16T16:00:49.059246,GET,/api/mixed/http/,107.57,55353,0,
2026-05-16T16:00:49.069831,GET,/api/mixed/db/1/,3.79,247,0,
2026-05-16T16:00:49.072946,GET,/api/mixed/db/1/,4.23,247,0,
2026-05-16T16:00:49.102886,GET,/api/mixed/db/1/,5.0,247,0,
2026-05-16T16:00:49.106132,GET,/api/mixed/db/1/,4.75,247,0,
2026-05-16T16:00:49.126155,GET,/api/mixed/db/1/,3.8,247,0,
2026-05-16T16:00:49.127930,GET,/api/mixed/pipeline/1/,3.08,82,0,
2026-05-16T16:00:49.140196,GET,/api/mixed/http/,107.73,55353,0,
2026-05-16T16:00:49.147035,GET,/api/mixed/db/1/,4.01,247,0,
2026-05-16T16:00:49.154290,GET,/api/mixed/pipeline/1/,3.01,82,0,
2026-05-16T16:00:49.167103,GET,/api/mixed/pipeline/1/,2.72,82,0,
2026-05-16T16:00:49.174456,GET,/api/mixed/http/,108.86,55353,0,
2026-05-16T16:00:49.177235,GET,/api/mixed/db/1/,3.93,247,0,
2026-05-16T16:00:49.185541,GET,/api/mixed/http/,108.26,55353,0,
2026-05-16T16:00:49.206695,GET,/api/mixed/http/,107.77,55353,0,
2026-05-16T16:00:49.209713,GET,/api/mixed/http/,107.88,55353,0,
2026-05-16T16:00:49.215757,GET,/api/mixed/pipeline/1/,2.75,82,0,
2026-05-16T16:00:49.226520,GET,/api/mixed/pipeline/1/,2.94,82,0,
2026-05-16T16:00:49.227799,GET,/api/mixed/db/1/,4.74,247,0,
2026-05-16T16:00:49.241972,GET,/api/mixed/db/1/,3.74,247,0,
2026-05-16T16:00:49.244369,GET,/api/mixed/pipeline/1/,3.25,82,0,
2026-05-16T16:00:49.251154,GET,/api/mixed/http/,108.59,55353,0,
2026-05-16T16:00:49.256401,GET,/api/mixed/pipeline/1/,2.88,82,0,
2026-05-16T16:00:49.261345,GET,/api/mixed/db/1/,3.73,247,0,
2026-05-16T16:00:49.263183,GET,/api/mixed/http/,107.66,55353,0,
2026-05-16T16:00:49.268424,GET,/api/mixed/http/,108.54,55353,0,
2026-05-16T16:00:49.280079,GET,/api/mixed/db/1/,4.29,247,0,
2026-05-16T16:00:49.293744,GET,/api/mixed/http/,107.59,55353,0,
2026-05-16T16:00:49.294278,GET,/api/mixed/http/,108.62,55353,0,
2026-05-16T16:00:49.301356,GET,/api/mixed/http/,108.21,55353,0,
2026-05-16T16:00:49.311139,GET,/api/mixed/db/1/,4.48,247,0,
2026-05-16T16:00:49.311554,GET,/api/mixed/db/1/,4.43,247,0,
2026-05-16T16:00:49.322505,GET,/api/mixed/db/1/,3.67,247,0,
2026-05-16T16:00:49.342044,GET,/api/mixed/http/,111.91,55353,0,
2026-05-16T16:00:49.342651,GET,/api/mixed/http/,112.09,55353,0,
2026-05-16T16:00:49.348997,GET,/api/mixed/pipeline/1/,3.17,82,0,
2026-05-16T16:00:49.349629,GET,/api/mixed/http/,108.96,55353,0,
2026-05-16T16:00:49.352517,GET,/api/mixed/db/1/,4.33,247,0,
2026-05-16T16:00:49.354833,GET,/api/mixed/pipeline/1/,3.7,82,0,
2026-05-16T16:00:49.373963,GET,/api/mixed/http/,109.53,55353,0,
2026-05-16T16:00:49.384445,GET,/api/mixed/http/,107.52,55353,0,
2026-05-16T16:00:49.428629,GET,/api/mixed/pipeline/1/,4.18,82,0,
2026-05-16T16:00:49.431539,GET,/api/mixed/db/1/,4.02,247,0,
2026-05-16T16:00:49.432408,GET,/api/mixed/http/,107.5,55353,0,
2026-05-16T16:00:49.452502,GET,/api/mixed/db/1/,4.27,247,0,
2026-05-16T16:00:49.467696,GET,/api/mixed/db/1/,3.83,247,0,
2026-05-16T16:00:49.472411,GET,/api/mixed/db/1/,3.68,247,0,
2026-05-16T16:00:49.475424,GET,/api/mixed/http/,108.4,55353,0,
2026-05-16T16:00:49.484450,GET,/api/mixed/http/,108.12,55353,0,
2026-05-16T16:00:49.484944,GET,/api/mixed/http/,107.62,55353,0,
2026-05-16T16:00:49.501496,GET,/api/mixed/http/,107.68,55353,0,
2026-05-16T16:00:49.515924,GET,/api/mixed/http/,107.64,55353,0,
2026-05-16T16:00:49.522633,GET,/api/mixed/http/,107.74,55353,0,
2026-05-16T16:00:49.530957,GET,/api/mixed/db/1/,3.66,247,0,
2026-05-16T16:00:49.536025,GET,/api/mixed/pipeline/1/,2.73,82,0,
2026-05-16T16:00:49.551046,GET,/api/mixed/pipeline/1/,2.67,82,0,
2026-05-16T16:00:49.555823,GET,/api/mixed/http/,108.07,55353,0,
2026-05-16T16:00:49.562925,GET,/api/mixed/pipeline/1/,4.8,82,0,
2026-05-16T16:00:49.563431,GET,/api/mixed/pipeline/1/,4.87,82,0,
2026-05-16T16:00:49.576213,GET,/api/mixed/http/,108.4,55353,0,
2026-05-16T16:00:49.599136,GET,/api/mixed/db/1/,4.28,247,0,
2026-05-16T16:00:49.608459,GET,/api/mixed/db/1/,4.48,247,0,
2026-05-16T16:00:49.624710,GET,/api/mixed/db/1/,3.76,247,0,
2026-05-16T16:00:49.649367,GET,/api/mixed/db/1/,4.31,247,0,
2026-05-16T16:00:49.670523,GET,/api/mixed/http/,109.42,55353,0,
2026-05-16T16:00:49.683385,GET,/api/mixed/http/,108.18,55353,0,
2026-05-16T16:00:49.703423,GET,/api/mixed/http/,109.04,55353,0,
2026-05-16T16:00:49.708652,GET,/api/mixed/http/,107.32,55353,0,
2026-05-16T16:00:49.711899,GET,/api/mixed/http/,107.5,55353,0,
2026-05-16T16:00:49.715108,GET,/api/mixed/http/,108.06,55353,0,
2026-05-16T16:00:49.715876,GET,/api/mixed/pipeline/1/,2.77,82,0,
2026-05-16T16:00:49.720887,GET,/api/mixed/db/1/,3.68,247,0,
2026-05-16T16:00:49.731873,GET,/api/mixed/pipeline/1/,3.1,82,0,
2026-05-16T16:00:49.732439,GET,/api/mixed/db/1/,4.12,247,0,
2026-05-16T16:00:49.740369,GET,/api/mixed/db/1/,3.61,247,0,
2026-05-16T16:00:49.754853,GET,/api/mixed/pipeline/1/,3.29,82,0,
2026-05-16T16:00:49.755316,GET,/api/mixed/pipeline/1/,2.76,82,0,
2026-05-16T16:00:49.777598,GET,/api/mixed/pipeline/1/,3.39,82,0,
2026-05-16T16:00:49.799747,GET,/api/mixed/pipeline/1/,2.8,82,0,
2026-05-16T16:00:49.805313,GET,/api/mixed/pipeline/1/,3.37,82,0,
2026-05-16T16:00:49.815902,GET,/api/mixed/db/1/,4.19,247,0,
2026-05-16T16:00:49.819850,GET,/api/mixed/pipeline/1/,2.68,82,0,
2026-05-16T16:00:49.825965,GET,/api/mixed/pipeline/1/,2.84,82,0,
2026-05-16T16:00:49.841601,GET,/api/mixed/pipeline/1/,2.81,82,0,
2026-05-16T16:00:49.853662,GET,/api/mixed/pipeline/1/,2.76,82,0,
2026-05-16T16:00:49.861701,GET,/api/mixed/pipeline/1/,2.73,82,0,
2026-05-16T16:00:49.870411,GET,/api/mixed/http/,107.8,55353,0,
2026-05-16T16:00:49.879400,GET,/api/mixed/pipeline/1/,2.74,82,0,
2026-05-16T16:00:49.895505,GET,/api/mixed/pipeline/1/,3.34,82,0,
2026-05-16T16:00:49.897180,GET,/api/mixed/pipeline/1/,2.63,82,0,
2026-05-16T16:00:49.906016,GET,/api/mixed/db/1/,3.66,247,0,
2026-05-16T16:00:49.910385,GET,/api/mixed/http/,107.47,55353,0,
2026-05-16T16:00:49.921539,GET,/api/mixed/db/1/,3.81,247,0,
2026-05-16T16:00:49.931577,GET,/api/mixed/db/1/,3.79,247,0,
2026-05-16T16:00:49.936677,GET,/api/mixed/http/,107.38,55353,0,
2026-05-16T16:00:49.978246,GET,/api/mixed/pipeline/1/,2.82,82,0,
2026-05-16T16:00:49.988004,GET,/api/mixed/http/,107.39,55353,0,
2026-05-16T16:00:50.005604,GET,/api/mixed/pipeline/1/,2.86,82,0,
2026-05-16T16:00:50.030479,GET,/api/mixed/pipeline/1/,4.05,82,0,
2026-05-16T16:00:50.038837,GET,/api/mixed/db/1/,3.75,247,0,
2026-05-16T16:00:50.059646,GET,/api/mixed/http/,107.74,55353,0,
2026-05-16T16:00:50.093490,GET,/api/mixed/pipeline/1/,3.57,82,0,
2026-05-16T16:00:50.095897,GET,/api/mixed/pipeline/1/,3.3,82,0,
2026-05-16T16:00:50.105094,GET,/api/mixed/pipeline/1/,3.0,82,0,
2026-05-16T16:00:50.106197,GET,/api/mixed/http/,107.85,55353,0,
2026-05-16T16:00:50.126484,GET,/api/mixed/db/1/,3.95,247,0,
2026-05-16T16:00:50.134389,GET,/api/mixed/http/,108.44,55353,0,
2026-05-16T16:00:50.135594,GET,/api/mixed/pipeline/1/,2.98,82,0,
2026-05-16T16:00:50.141769,GET,/api/mixed/http/,107.93,55353,0,
2026-05-16T16:00:50.149917,GET,/api/mixed/db/1/,3.83,247,0,
2026-05-16T16:00:50.154121,GET,/api/mixed/pipeline/1/,2.63,82,0,
2026-05-16T16:00:50.157919,GET,/api/mixed/http/,107.69,55353,0,
2026-05-16T16:00:50.160193,GET,/api/mixed/http/,107.41,55353,0,
2026-05-16T16:00:50.180542,GET,/api/mixed/db/1/,3.99,247,0,
2026-05-16T16:00:50.223914,GET,/api/mixed/pipeline/1/,3.02,82,0,
2026-05-16T16:00:50.238506,GET,/api/mixed/http/,108.6,55353,0,
2026-05-16T16:00:50.256826,GET,/api/mixed/http/,108.17,55353,0,
2026-05-16T16:00:50.263868,GET,/api/mixed/pipeline/1/,2.75,82,0,
2026-05-16T16:00:50.281195,GET,/api/mixed/pipeline/1/,3.07,82,0,
2026-05-16T16:00:50.334049,GET,/api/mixed/pipeline/1/,2.79,82,0,
2026-05-16T16:00:50.345235,GET,/api/mixed/db/1/,3.8,247,0,
2026-05-16T16:00:50.359171,GET,/api/mixed/db/1/,3.74,247,0,
2026-05-16T16:00:50.363890,GET,/api/mixed/http/,108.09,55353,0,
2026-05-16T16:00:50.396596,GET,/api/mixed/http/,108.0,55353,0,
2026-05-16T16:00:50.417975,GET,/api/mixed/http/,108.48,55353,0,
2026-05-16T16:00:50.425616,GET,/api/mixed/http/,107.56,55353,0,
2026-05-16T16:00:50.428410,GET,/api/mixed/http/,107.86,55353,0,
2026-05-16T16:00:50.432247,GET,/api/mixed/db/1/,3.74,247,0,
2026-05-16T16:00:50.451816,GET,/api/mixed/db/1/,4.29,247,0,
2026-05-16T16:00:50.457143,GET,/api/mixed/pipeline/1/,2.94,82,0,
2026-05-16T16:00:50.476877,GET,/api/mixed/pipeline/1/,2.84,82,0,
2026-05-16T16:00:50.496726,GET,/api/mixed/pipeline/1/,3.51,82,0,
2026-05-16T16:00:50.498249,GET,/api/mixed/db/1/,4.62,247,0,
2026-05-16T16:00:50.504792,GET,/api/mixed/db/1/,4.27,247,0,
2026-05-16T16:00:50.505555,GET,/api/mixed/db/1/,3.88,247,0,
2026-05-16T16:00:50.509544,GET,/api/mixed/db/1/,3.9,247,0,
2026-05-16T16:00:50.528834,GET,/api/mixed/db/1/,3.95,247,0,
2026-05-16T16:00:50.533873,GET,/api/mixed/db/1/,3.69,247,0,
2026-05-16T16:00:50.540075,GET,/api/mixed/pipeline/1/,2.8,82,0,
2026-05-16T16:00:50.547037,GET,/api/mixed/pipeline/1/,3.71,82,0,
2026-05-16T16:00:50.547523,GET,/api/mixed/http/,107.92,55353,0,
2026-05-16T16:00:50.555678,GET,/api/mixed/http/,108.64,55353,0,
2026-05-16T16:00:50.556828,GET,/api/mixed/db/1/,4.81,247,0,
2026-05-16T16:00:50.557273,GET,/api/mixed/pipeline/1/,6.05,82,0,
2026-05-16T16:00:50.557799,GET,/api/mixed/db/1/,7.07,247,0,
2026-05-16T16:00:50.559606,GET,/api/mixed/pipeline/1/,3.74,82,0,
2026-05-16T16:00:50.564527,GET,/api/mixed/pipeline/1/,2.58,82,0,
2026-05-16T16:00:50.578133,GET,/api/mixed/http/,107.76,55353,0,
2026-05-16T16:00:50.587186,GET,/api/mixed/pipeline/1/,2.83,82,0,
2026-05-16T16:00:50.589871,GET,/api/mixed/pipeline/1/,2.58,82,0,
2026-05-16T16:00:50.628709,GET,/api/mixed/pipeline/1/,2.74,82,0,
2026-05-16T16:00:50.629140,GET,/api/mixed/db/1/,4.34,247,0,
2026-05-16T16:00:50.644417,GET,/api/mixed/http/,108.13,55353,0,
2026-05-16T16:00:50.644972,GET,/api/mixed/db/1/,3.67,247,0,
2026-05-16T16:00:50.660473,GET,/api/mixed/http/,108.86,55353,0,
2026-05-16T16:00:50.687257,GET,/api/mixed/db/1/,4.46,247,0,
2026-05-16T16:00:50.730528,GET,/api/mixed/http/,108.37,55353,0,
2026-05-16T16:00:50.738455,GET,/api/mixed/http/,108.09,55353,0,
2026-05-16T16:00:50.741360,GET,/api/mixed/http/,107.45,55353,0,
2026-05-16T16:00:50.747675,GET,/api/mixed/db/1/,4.13,247,0,
2026-05-16T16:00:50.757158,GET,/api/mixed/pipeline/1/,4.14,82,0,
2026-05-16T16:00:50.784548,GET,/api/mixed/db/1/,5.26,247,0,
2026-05-16T16:00:50.785514,GET,/api/mixed/db/1/,4.45,247,0,
2026-05-16T16:00:50.785931,GET,/api/mixed/db/1/,5.56,247,0,
2026-05-16T16:00:50.794360,GET,/api/mixed/http/,107.99,55353,0,
2026-05-16T16:00:50.811157,GET,/api/mixed/http/,108.93,55353,0,
2026-05-16T16:00:50.814545,GET,/api/mixed/db/1/,4.68,247,0,
2026-05-16T16:00:50.816897,GET,/api/mixed/pipeline/1/,3.24,82,0,
2026-05-16T16:00:50.825096,GET,/api/mixed/db/1/,3.87,247,0,
2026-05-16T16:00:50.844015,GET,/api/mixed/db/1/,3.9,247,0,
2026-05-16T16:00:50.847594,GET,/api/mixed/db/1/,3.47,247,0,
2026-05-16T16:00:50.858517,GET,/api/mixed/pipeline/1/,2.74,82,0,
2026-05-16T16:00:50.861204,GET,/api/mixed/http/,107.68,55353,0,
2026-05-16T16:00:50.864364,GET,/api/mixed/http/,108.09,55353,0,
2026-05-16T16:00:50.867045,GET,/api/mixed/pipeline/1/,2.58,82,0,
2026-05-16T16:00:50.889318,GET,/api/mixed/db/1/,3.93,247,0,
2026-05-16T16:00:50.892971,GET,/api/mixed/http/,108.29,55353,0,
2026-05-16T16:00:50.904114,GET,/api/mixed/db/1/,5.84,247,0,
2026-05-16T16:00:50.904531,GET,/api/mixed/pipeline/1/,3.59,82,0,
2026-05-16T16:00:50.904916,GET,/api/mixed/db/1/,4.47,247,0,
2026-05-16T16:00:50.910413,GET,/api/mixed/pipeline/1/,3.68,82,0,
2026-05-16T16:00:50.911374,GET,/api/mixed/db/1/,5.09,247,0,
2026-05-16T16:00:50.914094,GET,/api/mixed/db/1/,3.57,247,0,
2026-05-16T16:00:50.914670,GET,/api/mixed/http/,108.17,55353,0,
2026-05-16T16:00:50.938055,GET,/api/mixed/http/,107.64,55353,0,
2026-05-16T16:00:50.958780,GET,/api/mixed/http/,107.84,55353,0,
2026-05-16T16:00:50.961434,GET,/api/mixed/http/,108.06,55353,0,
2026-05-16T16:00:50.966420,GET,/api/mixed/http/,107.79,55353,0,
2026-05-16T16:00:50.966934,GET,/api/mixed/http/,107.86,55353,0,
2026-05-16T16:00:50.968518,GET,/api/mixed/db/1/,3.88,247,0,
2026-05-16T16:00:50.997113,GET,/api/mixed/db/1/,4.06,247,0,
2026-05-16T16:00:51.015528,GET,/api/mixed/http/,108.39,55353,0,
2026-05-16T16:00:51.029549,GET,/api/mixed/db/1/,3.8,247,0,
2026-05-16T16:00:51.039204,GET,/api/mixed/db/1/,4.29,247,0,
2026-05-16T16:00:51.043255,GET,/api/mixed/pipeline/1/,2.7,82,0,
2026-05-16T16:00:51.052147,GET,/api/mixed/http/,107.74,55353,0,
2026-05-16T16:00:51.053292,GET,/api/mixed/pipeline/1/,2.85,82,0,
2026-05-16T16:00:51.059332,GET,/api/mixed/pipeline/1/,2.85,82,0,
2026-05-16T16:00:51.087259,GET,/api/mixed/http/,107.65,55353,0,
2026-05-16T16:00:51.093371,GET,/api/mixed/db/1/,3.77,247,0,
2026-05-16T16:00:51.107287,GET,/api/mixed/db/1/,4.6,247,0,
2026-05-16T16:00:51.138030,GET,/api/mixed/pipeline/1/,2.76,82,0,
2026-05-16T16:00:51.144859,GET,/api/mixed/pipeline/1/,3.0,82,0,
2026-05-16T16:00:51.164109,GET,/api/mixed/db/1/,3.95,247,0,
2026-05-16T16:00:51.186164,GET,/api/mixed/db/1/,3.86,247,0,
2026-05-16T16:00:51.208747,GET,/api/mixed/db/1/,4.42,247,0,
2026-05-16T16:00:51.211167,GET,/api/mixed/http/,107.97,55353,0,
2026-05-16T16:00:51.224366,GET,/api/mixed/http/,108.83,55353,0,
2026-05-16T16:00:51.238409,GET,/api/mixed/db/1/,4.85,247,0,
2026-05-16T16:00:51.246997,GET,/api/mixed/http/,107.69,55353,0,
2026-05-16T16:00:51.248899,GET,/api/mixed/pipeline/1/,3.25,82,0,
2026-05-16T16:00:51.251439,GET,/api/mixed/http/,108.23,55353,0,
2026-05-16T16:00:51.258601,GET,/api/mixed/db/1/,3.81,247,0,
2026-05-16T16:00:51.302319,GET,/api/mixed/http/,107.76,55353,0,
2026-05-16T16:00:51.318359,GET,/api/mixed/db/1/,3.81,247,0,
2026-05-16T16:00:51.338281,GET,/api/mixed/http/,108.62,55353,0,
2026-05-16T16:00:51.348744,GET,/api/mixed/pipeline/1/,3.3,82,0,
2026-05-16T16:00:51.351933,GET,/api/mixed/db/1/,4.0,247,0,
2026-05-16T16:00:51.371011,GET,/api/mixed/db/1/,3.86,247,0,
2026-05-16T16:00:51.378108,GET,/api/mixed/http/,108.28,55353,0,
2026-05-16T16:00:51.384085,GET,/api/mixed/pipeline/1/,2.64,82,0,
2026-05-16T16:00:51.389107,GET,/api/mixed/http/,107.74,55353,0,
2026-05-16T16:00:51.392635,GET,/api/mixed/http/,107.76,55353,0,
2026-05-16T16:00:51.396985,GET,/api/mixed/http/,107.65,55353,0,
2026-05-16T16:00:51.398919,GET,/api/mixed/pipeline/1/,4.17,82,0,
2026-05-16T16:00:51.408004,GET,/api/mixed/db/1/,3.74,247,0,
2026-05-16T16:00:51.417079,GET,/api/mixed/pipeline/1/,2.76,82,0,
2026-05-16T16:00:51.431392,GET,/api/mixed/pipeline/1/,2.87,82,0,
2026-05-16T16:00:51.449107,GET,/api/mixed/pipeline/1/,3.34,82,0,
2026-05-16T16:00:51.449795,GET,/api/mixed/pipeline/1/,2.8,82,0,
2026-05-16T16:00:51.483145,GET,/api/mixed/http/,107.83,55353,0,
2026-05-16T16:00:51.493959,GET,/api/mixed/http/,107.69,55353,0,
2026-05-16T16:00:51.502969,GET,/api/mixed/http/,109.12,55353,0,
2026-05-16T16:00:51.533627,GET,/api/mixed/db/1/,5.33,247,0,
2026-05-16T16:00:51.548303,GET,/api/mixed/db/1/,4.7,247,0,
2026-05-16T16:00:51.548860,GET,/api/mixed/db/1/,5.89,247,0,
2026-05-16T16:00:51.556928,GET,/api/mixed/db/1/,4.8,247,0,
2026-05-16T16:00:51.566275,GET,/api/mixed/http/,110.22,55353,0,
2026-05-16T16:00:51.568020,GET,/api/mixed/http/,108.61,55353,0,
2026-05-16T16:00:51.582338,GET,/api/mixed/pipeline/1/,3.96,82,0,
2026-05-16T16:00:51.594759,GET,/api/mixed/pipeline/1/,3.46,82,0,
2026-05-16T16:00:51.596190,GET,/api/mixed/db/1/,3.85,247,0,
2026-05-16T16:00:51.606378,GET,/api/mixed/pipeline/1/,2.97,82,0,
2026-05-16T16:00:51.665572,GET,/api/mixed/http/,108.5,55353,0,
2026-05-16T16:00:51.666037,GET,/api/mixed/db/1/,4.18,247,0,
2026-05-16T16:00:51.688000,GET,/api/mixed/http/,108.44,55353,0,
2026-05-16T16:00:51.693363,GET,/api/mixed/http/,107.65,55353,0,
2026-05-16T16:00:51.705380,GET,/api/mixed/db/1/,3.69,247,0,
2026-05-16T16:00:51.718017,GET,/api/mixed/http/,108.27,55353,0,
2026-05-16T16:00:51.734014,GET,/api/mixed/db/1/,4.66,247,0,
2026-05-16T16:00:51.737624,GET,/api/mixed/db/1/,4.87,247,0,
2026-05-16T16:00:51.746383,GET,/api/mixed/db/1/,3.73,247,0,
2026-05-16T16:00:51.748604,GET,/api/mixed/pipeline/1/,3.51,82,0,
2026-05-16T16:00:51.749652,GET,/api/mixed/db/1/,4.11,247,0,
2026-05-16T16:00:51.754456,GET,/api/mixed/http/,108.17,55353,0,
2026-05-16T16:00:51.761705,GET,/api/mixed/pipeline/1/,2.9,82,0,
2026-05-16T16:00:51.768900,GET,/api/mixed/pipeline/1/,2.84,82,0,
2026-05-16T16:00:51.798829,GET,/api/mixed/http/,107.66,55353,0,
2026-05-16T16:00:51.800561,GET,/api/mixed/db/1/,3.96,247,0,
2026-05-16T16:00:51.810596,GET,/api/mixed/db/1/,3.75,247,0,
2026-05-16T16:00:51.821808,GET,/api/mixed/http/,109.21,55353,0,
2026-05-16T16:00:51.825232,GET,/api/mixed/db/1/,4.41,247,0,
2026-05-16T16:00:51.839771,GET,/api/mixed/db/1/,3.82,247,0,
2026-05-16T16:00:51.848431,GET,/api/mixed/http/,108.52,55353,0,
2026-05-16T16:00:51.850496,GET,/api/mixed/pipeline/1/,3.12,82,0,
2026-05-16T16:00:51.866677,GET,/api/mixed/pipeline/1/,4.47,82,0,
2026-05-16T16:00:51.867349,GET,/api/mixed/db/1/,4.71,247,0,
2026-05-16T16:00:51.880377,GET,/api/mixed/http/,108.14,55353,0,
2026-05-16T16:00:51.881355,GET,/api/mixed/db/1/,4.81,247,0,
2026-05-16T16:00:51.914020,GET,/api/mixed/pipeline/1/,2.74,82,0,
2026-05-16T16:00:51.937021,GET,/api/mixed/http/,107.59,55353,0,
2026-05-16T16:00:51.942763,GET,/api/mixed/db/1/,4.21,247,0,
2026-05-16T16:00:51.945033,GET,/api/mixed/pipeline/1/,3.12,82,0,
2026-05-16T16:00:51.964337,GET,/api/mixed/http/,107.62,55353,0,
2026-05-16T16:00:51.973954,GET,/api/mixed/pipeline/1/,3.1,82,0,
2026-05-16T16:00:51.974723,GET,/api/mixed/db/1/,4.32,247,0,
2026-05-16T16:00:51.984802,GET,/api/mixed/http/,107.79,55353,0,
2026-05-16T16:00:51.992585,GET,/api/mixed/pipeline/1/,3.58,82,0,
2026-05-16T16:00:51.993035,GET,/api/mixed/db/1/,4.88,247,0,
2026-05-16T16:00:51.993418,GET,/api/mixed/db/1/,4.81,247,0,
2026-05-16T16:00:52.007197,GET,/api/mixed/pipeline/1/,3.43,82,0,
2026-05-16T16:00:52.010009,GET,/api/mixed/db/1/,3.78,247,0,
2026-05-16T16:00:52.014128,GET,/api/mixed/http/,107.6,55353,0,
2026-05-16T16:00:52.019605,GET,/api/mixed/pipeline/1/,3.09,82,0,
2026-05-16T16:00:52.030982,GET,/api/mixed/pipeline/1/,2.97,82,0,
2026-05-16T16:00:52.040239,GET,/api/mixed/db/1/,4.91,247,0,
2026-05-16T16:00:52.044877,GET,/api/mixed/http/,107.74,55353,0,
2026-05-16T16:00:52.063762,GET,/api/mixed/pipeline/1/,3.54,82,0,
2026-05-16T16:00:52.073476,GET,/api/mixed/http/,107.74,55353,0,
2026-05-16T16:00:52.079241,GET,/api/mixed/pipeline/1/,2.97,82,0,
2026-05-16T16:00:52.084648,GET,/api/mixed/pipeline/1/,3.08,82,0,
2026-05-16T16:00:52.092489,GET,/api/mixed/pipeline/1/,2.67,82,0,
2026-05-16T16:00:52.103859,GET,/api/mixed/db/1/,3.99,247,0,
2026-05-16T16:00:52.121817,GET,/api/mixed/db/1/,3.58,247,0,
2026-05-16T16:00:52.129023,GET,/api/mixed/pipeline/1/,2.84,82,0,
2026-05-16T16:00:52.143967,GET,/api/mixed/pipeline/1/,3.45,82,0,
2026-05-16T16:00:52.145102,GET,/api/mixed/http/,108.52,55353,0,
2026-05-16T16:00:52.147194,GET,/api/mixed/pipeline/1/,4.54,82,0,
2026-05-16T16:00:52.147583,GET,/api/mixed/pipeline/1/,3.46,82,0,
2026-05-16T16:00:52.162948,GET,/api/mixed/db/1/,3.67,247,0,
2026-05-16T16:00:52.170734,GET,/api/mixed/http/,107.93,55353,0,
2026-05-16T16:00:52.177784,GET,/api/mixed/db/1/,3.74,247,0,
2026-05-16T16:00:52.184087,GET,/api/mixed/http/,108.25,55353,0,
2026-05-16T16:00:52.191831,GET,/api/mixed/pipeline/1/,3.52,82,0,
2026-05-16T16:00:52.192344,GET,/api/mixed/http/,108.49,55353,0,
2026-05-16T16:00:52.195237,GET,/api/mixed/db/1/,4.39,247,0,
2026-05-16T16:00:52.213576,GET,/api/mixed/pipeline/1/,3.29,82,0,
2026-05-16T16:00:52.225967,GET,/api/mixed/http/,108.73,55353,0,
2026-05-16T16:00:52.227782,GET,/api/mixed/db/1/,7.56,247,0,
2026-05-16T16:00:52.228754,GET,/api/mixed/db/1/,6.65,247,0,
2026-05-16T16:00:52.229213,GET,/api/mixed/db/1/,6.16,247,0,
2026-05-16T16:00:52.249680,GET,/api/mixed/http/,108.71,55353,0,
2026-05-16T16:00:52.264058,GET,/api/mixed/http/,108.14,55353,0,
2026-05-16T16:00:52.275145,GET,/api/mixed/pipeline/1/,2.85,82,0,
2026-05-16T16:00:52.289259,GET,/api/mixed/db/1/,3.78,247,0,
2026-05-16T16:00:52.302704,GET,/api/mixed/pipeline/1/,2.79,82,0,
2026-05-16T16:00:52.304063,GET,/api/mixed/db/1/,4.61,247,0,
2026-05-16T16:00:52.308913,GET,/api/mixed/http/,108.48,55353,0,
2026-05-16T16:00:52.324444,GET,/api/mixed/http/,108.6,55353,0,
2026-05-16T16:00:52.329464,GET,/api/mixed/http/,108.79,55353,0,
2026-05-16T16:00:52.329892,GET,/api/mixed/db/1/,4.2,247,0,
2026-05-16T16:00:52.352265,GET,/api/mixed/db/1/,3.78,247,0,
2026-05-16T16:00:52.358488,GET,/api/mixed/db/1/,3.54,247,0,
2026-05-16T16:00:52.379573,GET,/api/mixed/pipeline/1/,2.86,82,0,
2026-05-16T16:00:52.387288,GET,/api/mixed/db/1/,3.49,247,0,
2026-05-16T16:00:52.391254,GET,/api/mixed/pipeline/1/,2.63,82,0,
2026-05-16T16:00:52.396295,GET,/api/mixed/db/1/,3.7,247,0,
2026-05-16T16:00:52.405605,GET,/api/mixed/db/1/,3.62,247,0,
2026-05-16T16:00:52.457674,GET,/api/mixed/pipeline/1/,3.32,82,0,
2026-05-16T16:00:52.458825,GET,/api/mixed/db/1/,4.99,247,0,
2026-05-16T16:00:52.459781,GET,/api/mixed/http/,108.86,55353,0,
2026-05-16T16:00:52.462524,GET,/api/mixed/http/,108.52,55353,0,
2026-05-16T16:00:52.462919,GET,/api/mixed/pipeline/1/,3.03,82,0,
2026-05-16T16:00:52.486579,GET,/api/mixed/db/1/,3.86,247,0,
2026-05-16T16:00:52.491549,GET,/api/mixed/pipeline/1/,2.63,82,0,
2026-05-16T16:00:52.498458,GET,/api/mixed/db/1/,3.56,247,0,
2026-05-16T16:00:52.502764,GET,/api/mixed/http/,107.71,55353,0,
2026-05-16T16:00:52.539374,GET,/api/mixed/pipeline/1/,3.38,82,0,
2026-05-16T16:00:52.539810,GET,/api/mixed/pipeline/1/,2.76,82,0,
2026-05-16T16:00:52.567874,GET,/api/mixed/db/1/,4.31,247,0,
2026-05-16T16:00:52.571798,GET,/api/mixed/http/,107.55,55353,0,
2026-05-16T16:00:52.589734,GET,/api/mixed/pipeline/1/,3.12,82,0,
2026-05-16T16:00:52.590821,GET,/api/mixed/pipeline/1/,4.81,82,0,
2026-05-16T16:00:52.593388,GET,/api/mixed/db/1/,5.16,247,0,
2026-05-16T16:00:52.608412,GET,/api/mixed/pipeline/1/,3.74,82,0,
2026-05-16T16:00:52.608896,GET,/api/mixed/http/,108.23,55353,0,
2026-05-16T16:00:52.610314,GET,/api/mixed/db/1/,4.14,247,0,
2026-05-16T16:00:52.615885,GET,/api/mixed/pipeline/1/,3.37,82,0,
2026-05-16T16:00:52.616307,GET,/api/mixed/pipeline/1/,2.8,82,0,
2026-05-16T16:00:52.616731,GET,/api/mixed/http/,158.71,55353,0,
2026-05-16T16:00:52.626770,GET,/api/mixed/db/1/,3.76,247,0,
2026-05-16T16:00:52.645770,GET,/api/mixed/db/1/,3.68,247,0,
2026-05-16T16:00:52.648542,GET,/api/mixed/pipeline/1/,2.66,82,0,
2026-05-16T16:00:52.656670,GET,/api/mixed/http/,107.54,55353,0,
2026-05-16T16:00:52.665488,GET,/api/mixed/pipeline/1/,3.65,82,0,
2026-05-16T16:00:52.691183,GET,/api/mixed/pipeline/1/,3.4,82,0,
2026-05-16T16:00:52.764023,GET,/api/mixed/http/,108.22,55353,0,
2026-05-16T16:00:52.774070,GET,/api/mixed/pipeline/1/,2.81,82,0,
2026-05-16T16:00:52.796277,GET,/api/mixed/http/,108.04,55353,0,
2026-05-16T16:00:52.812193,GET,/api/mixed/pipeline/1/,3.57,82,0,
2026-05-16T16:00:52.814053,GET,/api/mixed/db/1/,4.53,247,0,
2026-05-16T16:00:52.816198,GET,/api/mixed/db/1/,3.88,247,0,
2026-05-16T16:00:52.824265,GET,/api/mixed/db/1/,3.86,247,0,
2026-05-16T16:00:52.829907,GET,/api/mixed/pipeline/1/,3.46,82,0,
2026-05-16T16:00:52.833853,GET,/api/mixed/db/1/,4.87,247,0,
2026-05-16T16:00:52.857148,GET,/api/mixed/db/1/,3.94,247,0,
2026-05-16T16:00:52.860663,GET,/api/mixed/http/,108.19,55353,0,
2026-05-16T16:00:52.868892,GET,/api/mixed/pipeline/1/,3.0,82,0,
2026-05-16T16:00:52.886018,GET,/api/mixed/db/1/,3.8,247,0,
2026-05-16T16:00:52.899473,GET,/api/mixed/http/,108.19,55353,0,
2026-05-16T16:00:52.909531,GET,/api/mixed/pipeline/1/,6.74,82,0,
2026-05-16T16:00:52.910135,GET,/api/mixed/db/1/,6.86,247,0,
2026-05-16T16:00:52.915189,GET,/api/mixed/pipeline/1/,2.68,82,0,
2026-05-16T16:00:52.922128,GET,/api/mixed/pipeline/1/,3.27,82,0,
2026-05-16T16:00:52.934873,GET,/api/mixed/db/1/,3.67,247,0,
2026-05-16T16:00:52.956287,GET,/api/mixed/pipeline/1/,2.83,82,0,
2026-05-16T16:00:52.958941,GET,/api/mixed/pipeline/1/,2.55,82,0,
2026-05-16T16:00:53.010071,GET,/api/mixed/db/1/,4.04,247,0,
2026-05-16T16:00:53.029658,GET,/api/mixed/pipeline/1/,2.93,82,0,
2026-05-16T16:00:53.030777,GET,/api/mixed/http/,113.27,55353,0,
2026-05-16T16:00:53.031252,GET,/api/mixed/http/,113.29,55353,0,
2026-05-16T16:00:53.033128,GET,/api/mixed/http/,107.68,55353,0,
2026-05-16T16:00:53.035192,GET,/api/mixed/db/1/,3.85,247,0,
2026-05-16T16:00:53.037466,GET,/api/mixed/http/,107.5,55353,0,
2026-05-16T16:00:53.041224,GET,/api/mixed/db/1/,3.66,247,0,
2026-05-16T16:00:53.056479,GET,/api/mixed/pipeline/1/,2.91,82,0,
2026-05-16T16:00:53.063471,GET,/api/mixed/db/1/,3.63,247,0,
2026-05-16T16:00:53.093753,GET,/api/mixed/pipeline/1/,2.69,82,0,
2026-05-16T16:00:53.102476,GET,/api/mixed/db/1/,3.56,247,0,
2026-05-16T16:00:53.110561,GET,/api/mixed/pipeline/1/,2.72,82,0,
2026-05-16T16:00:53.122510,GET,/api/mixed/http/,108.24,55353,0,
2026-05-16T16:00:53.128544,GET,/api/mixed/db/1/,3.69,247,0,
2026-05-16T16:00:53.149081,GET,/api/mixed/pipeline/1/,4.05,82,0,
2026-05-16T16:00:53.162714,GET,/api/mixed/db/1/,3.69,247,0,
2026-05-16T16:00:53.172486,GET,/api/mixed/http/,107.67,55353,0,
2026-05-16T16:00:53.191202,GET,/api/mixed/db/1/,4.52,247,0,
2026-05-16T16:00:53.194211,GET,/api/mixed/db/1/,3.94,247,0,
2026-05-16T16:00:53.196093,GET,/api/mixed/http/,107.69,55353,0,
2026-05-16T16:00:53.223935,GET,/api/mixed/http/,108.01,55353,0,
2026-05-16T16:00:53.235075,GET,/api/mixed/db/1/,3.58,247,0,
2026-05-16T16:00:53.235493,GET,/api/mixed/db/1/,4.49,247,0,
2026-05-16T16:00:53.256097,GET,/api/mixed/http/,108.73,55353,0,
2026-05-16T16:00:53.302535,GET,/api/mixed/http/,109.44,55353,0,
2026-05-16T16:00:53.323360,GET,/api/mixed/http/,108.07,55353,0,
2026-05-16T16:00:53.333552,GET,/api/mixed/http/,108.2,55353,0,
2026-05-16T16:00:53.334025,GET,/api/mixed/http/,107.45,55353,0,
2026-05-16T16:00:53.351201,GET,/api/mixed/db/1/,4.71,247,0,
2026-05-16T16:00:53.351731,GET,/api/mixed/http/,108.95,55353,0,
2026-05-16T16:00:53.353743,GET,/api/mixed/db/1/,4.65,247,0,
2026-05-16T16:00:53.357082,GET,/api/mixed/db/1/,4.17,247,0,
2026-05-16T16:00:53.375709,GET,/api/mixed/pipeline/1/,3.02,82,0,
2026-05-16T16:00:53.376201,GET,/api/mixed/http/,107.75,55353,0,
2026-05-16T16:00:53.388874,GET,/api/mixed/pipeline/1/,3.67,82,0,
2026-05-16T16:00:53.389350,GET,/api/mixed/db/1/,4.56,247,0,
2026-05-16T16:00:53.389723,GET,/api/mixed/db/1/,5.37,247,0,
2026-05-16T16:00:53.390114,GET,/api/mixed/pipeline/1/,2.91,82,0,
2026-05-16T16:00:53.397419,GET,/api/mixed/db/1/,4.14,247,0,
2026-05-16T16:00:53.397831,GET,/api/mixed/db/1/,4.94,247,0,
2026-05-16T16:00:53.415487,GET,/api/mixed/http/,107.7,55353,0,
2026-05-16T16:00:53.429607,GET,/api/mixed/pipeline/1/,3.21,82,0,
2026-05-16T16:00:53.446907,GET,/api/mixed/pipeline/1/,3.51,82,0,
2026-05-16T16:00:53.447415,GET,/api/mixed/pipeline/1/,4.55,82,0,
2026-05-16T16:00:53.448145,GET,/api/mixed/db/1/,3.73,247,0,
2026-05-16T16:00:53.457922,GET,/api/mixed/pipeline/1/,3.47,82,0,
2026-05-16T16:00:53.463717,GET,/api/mixed/http/,107.8,55353,0,
2026-05-16T16:00:53.465001,GET,/api/mixed/db/1/,3.83,247,0,
2026-05-16T16:00:53.497008,GET,/api/mixed/db/1/,3.77,247,0,
2026-05-16T16:00:53.501892,GET,/api/mixed/http/,109.42,55353,0,
2026-05-16T16:00:53.502639,GET,/api/mixed/db/1/,4.41,247,0,
2026-05-16T16:00:53.506038,GET,/api/mixed/db/1/,5.06,247,0,
2026-05-16T16:00:53.506473,GET,/api/mixed/pipeline/1/,3.52,82,0,
2026-05-16T16:00:53.521025,GET,/api/mixed/db/1/,5.19,247,0,
2026-05-16T16:00:53.524457,GET,/api/mixed/db/1/,6.19,247,0,
2026-05-16T16:00:53.525399,GET,/api/mixed/db/1/,5.4,247,0,
2026-05-16T16:00:53.529366,GET,/api/mixed/http/,107.54,55353,0,
2026-05-16T16:00:53.534783,GET,/api/mixed/http/,107.2,55353,0,
2026-05-16T16:00:53.553290,GET,/api/mixed/pipeline/1/,2.75,82,0,
2026-05-16T16:00:53.562428,GET,/api/mixed/http/,107.53,55353,0,
2026-05-16T16:00:53.566236,GET,/api/mixed/db/1/,3.7,247,0,
2026-05-16T16:00:53.604218,GET,/api/mixed/pipeline/1/,2.89,82,0,
2026-05-16T16:00:53.606235,GET,/api/mixed/http/,107.54,55353,0,
2026-05-16T16:00:53.628732,GET,/api/mixed/http/,110.04,55353,0,
2026-05-16T16:00:53.629131,GET,/api/mixed/db/1/,4.22,247,0,
2026-05-16T16:00:53.650136,GET,/api/mixed/pipeline/1/,2.85,82,0,
2026-05-16T16:00:53.653829,GET,/api/mixed/http/,108.45,55353,0,
2026-05-16T16:00:53.654317,GET,/api/mixed/http/,108.44,55353,0,
2026-05-16T16:00:53.672699,GET,/api/mixed/pipeline/1/,2.73,82,0,
2026-05-16T16:00:53.677112,GET,/api/mixed/http/,107.56,55353,0,
2026-05-16T16:00:53.679960,GET,/api/mixed/db/1/,4.04,247,0,
2026-05-16T16:00:53.683606,GET,/api/mixed/db/1/,3.54,247,0,
2026-05-16T16:00:53.696507,GET,/api/mixed/db/1/,3.6,247,0,
2026-05-16T16:00:53.700112,GET,/api/mixed/db/1/,3.5,247,0,
2026-05-16T16:00:53.701497,GET,/api/mixed/http/,107.61,55353,0,
2026-05-16T16:00:53.711861,GET,/api/mixed/http/,107.53,55353,0,
2026-05-16T16:00:53.714646,GET,/api/mixed/db/1/,3.98,247,0,
2026-05-16T16:00:53.717630,GET,/api/mixed/pipeline/1/,2.88,82,0,
2026-05-16T16:00:53.719980,GET,/api/mixed/http/,107.43,55353,0,
2026-05-16T16:00:53.730077,GET,/api/mixed/pipeline/1/,2.78,82,0,
2026-05-16T16:00:53.733894,GET,/api/mixed/pipeline/1/,2.55,82,0,
2026-05-16T16:00:53.745698,GET,/api/mixed/db/1/,3.61,247,0,
2026-05-16T16:00:53.752902,GET,/api/mixed/pipeline/1/,2.87,82,0,
2026-05-16T16:00:53.764265,GET,/api/mixed/http/,107.67,55353,0,
2026-05-16T16:00:53.784962,GET,/api/mixed/pipeline/1/,2.82,82,0,
2026-05-16T16:00:53.789811,GET,/api/mixed/pipeline/1/,2.51,82,0,
2026-05-16T16:00:53.795397,GET,/api/mixed/db/1/,4.21,247,0,
2026-05-16T16:00:53.807716,GET,/api/mixed/db/1/,4.27,247,0,
2026-05-16T16:00:53.821843,GET,/api/mixed/pipeline/1/,2.81,82,0,
2026-05-16T16:00:53.841102,GET,/api/mixed/pipeline/1/,2.94,82,0,
2026-05-16T16:00:53.856430,GET,/api/mixed/pipeline/1/,2.97,82,0,
2026-05-16T16:00:53.870332,GET,/api/mixed/http/,107.79,55353,0,
2026-05-16T16:00:53.876772,GET,/api/mixed/pipeline/1/,3.17,82,0,
2026-05-16T16:00:53.880203,GET,/api/mixed/http/,108.57,55353,0,
2026-05-16T16:00:53.888883,GET,/api/mixed/pipeline/1/,3.39,82,0,
2026-05-16T16:00:53.902894,GET,/api/mixed/http/,108.39,55353,0,
2026-05-16T16:00:53.915804,GET,/api/mixed/http/,155.66,55353,0,
2026-05-16T16:00:53.916460,GET,/api/mixed/pipeline/1/,4.78,82,0,
2026-05-16T16:00:53.916858,GET,/api/mixed/pipeline/1/,4.77,82,0,
2026-05-16T16:00:53.917228,GET,/api/mixed/db/1/,6.07,247,0,
2026-05-16T16:00:53.936438,GET,/api/mixed/pipeline/1/,2.84,82,0,
2026-05-16T16:00:53.953398,GET,/api/mixed/pipeline/1/,3.35,82,0,
2026-05-16T16:00:53.953794,GET,/api/mixed/pipeline/1/,3.31,82,0,
2026-05-16T16:00:53.960734,GET,/api/mixed/db/1/,3.63,247,0,
2026-05-16T16:00:53.999990,GET,/api/mixed/http/,108.77,55353,0,
2026-05-16T16:00:54.001739,GET,/api/mixed/db/1/,4.0,247,0,
2026-05-16T16:00:54.005796,GET,/api/mixed/http/,107.83,55353,0,
2026-05-16T16:00:54.013877,GET,/api/mixed/pipeline/1/,3.95,82,0,
2026-05-16T16:00:54.014340,GET,/api/mixed/pipeline/1/,3.98,82,0,
2026-05-16T16:00:54.017533,GET,/api/mixed/db/1/,4.47,247,0,
2026-05-16T16:00:54.040828,GET,/api/mixed/http/,108.27,55353,0,
2026-05-16T16:00:54.088186,GET,/api/mixed/db/1/,3.91,247,0,
2026-05-16T16:00:54.088731,GET,/api/mixed/http/,108.64,55353,0,
2026-05-16T16:00:54.089229,GET,/api/mixed/http/,107.86,55353,0,
2026-05-16T16:00:54.094360,GET,/api/mixed/pipeline/1/,2.79,82,0,
2026-05-16T16:00:54.126380,GET,/api/mixed/pipeline/1/,2.94,82,0,
2026-05-16T16:00:54.155113,GET,/api/mixed/pipeline/1/,3.04,82,0,
2026-05-16T16:00:54.168705,GET,/api/mixed/pipeline/1/,3.27,82,0,
2026-05-16T16:00:54.182870,GET,/api/mixed/http/,107.8,55353,0,
2026-05-16T16:00:54.186361,GET,/api/mixed/http/,107.49,55353,0,
2026-05-16T16:00:54.193230,GET,/api/mixed/pipeline/1/,3.54,82,0,
2026-05-16T16:00:54.193896,GET,/api/mixed/db/1/,3.76,247,0,
2026-05-16T16:00:54.203047,GET,/api/mixed/pipeline/1/,2.77,82,0,
2026-05-16T16:00:54.207939,GET,/api/mixed/db/1/,3.53,247,0,
2026-05-16T16:00:54.218012,GET,/api/mixed/pipeline/1/,2.74,82,0,
2026-05-16T16:00:54.224823,GET,/api/mixed/db/1/,3.61,247,0,
2026-05-16T16:00:54.226652,GET,/api/mixed/http/,108.07,55353,0,
2026-05-16T16:00:54.251693,GET,/api/mixed/db/1/,3.89,247,0,
2026-05-16T16:00:54.289606,GET,/api/mixed/db/1/,3.74,247,0,
2026-05-16T16:00:54.305287,GET,/api/mixed/pipeline/1/,2.83,82,0,
2026-05-16T16:00:54.317740,GET,/api/mixed/pipeline/1/,2.74,82,0,
2026-05-16T16:00:54.326810,GET,/api/mixed/db/1/,3.83,247,0,
2026-05-16T16:00:54.370198,GET,/api/mixed/http/,108.32,55353,0,
2026-05-16T16:00:54.371991,GET,/api/mixed/http/,107.57,55353,0,
2026-05-16T16:00:54.395268,GET,/api/mixed/pipeline/1/,2.93,82,0,
2026-05-16T16:00:54.398320,GET,/api/mixed/http/,107.38,55353,0,
2026-05-16T16:00:54.401047,GET,/api/mixed/pipeline/1/,2.63,82,0,
2026-05-16T16:00:54.415713,GET,/api/mixed/http/,108.06,55353,0,
2026-05-16T16:00:54.417558,GET,/api/mixed/pipeline/1/,3.32,82,0,
2026-05-16T16:00:54.440883,GET,/api/mixed/pipeline/1/,4.35,82,0,
2026-05-16T16:00:54.442083,GET,/api/mixed/db/1/,5.1,247,0,
2026-05-16T16:00:54.456225,GET,/api/mixed/http/,107.78,55353,0,
2026-05-16T16:00:54.464646,GET,/api/mixed/http/,107.52,55353,0,
2026-05-16T16:00:54.486752,GET,/api/mixed/pipeline/1/,2.66,82,0,
2026-05-16T16:00:54.509223,GET,/api/mixed/db/1/,3.82,247,0,
2026-05-16T16:00:54.529516,GET,/api/mixed/db/1/,4.51,247,0,
2026-05-16T16:00:54.532439,GET,/api/mixed/http/,107.51,55353,0,
2026-05-16T16:00:54.548670,GET,/api/mixed/db/1/,3.87,247,0,
2026-05-16T16:00:54.559347,GET,/api/mixed/pipeline/1/,2.76,82,0,
2026-05-16T16:00:54.570479,GET,/api/mixed/db/1/,3.87,247,0,
2026-05-16T16:00:54.572901,GET,/api/mixed/http/,108.11,55353,0,
2026-05-16T16:00:54.573395,GET,/api/mixed/http/,107.68,55353,0,
2026-05-16T16:00:54.574234,GET,/api/mixed/pipeline/1/,3.64,82,0,
2026-05-16T16:00:54.577517,GET,/api/mixed/http/,107.39,55353,0,
2026-05-16T16:00:54.587506,GET,/api/mixed/http/,107.87,55353,0,
2026-05-16T16:00:54.604557,GET,/api/mixed/http/,107.46,55353,0,
2026-05-16T16:00:54.611342,GET,/api/mixed/pipeline/1/,2.92,82,0,
2026-05-16T16:00:54.620091,GET,/api/mixed/http/,107.54,55353,0,
2026-05-16T16:00:54.620505,GET,/api/mixed/db/1/,3.92,247,0,
2026-05-16T16:00:54.626094,GET,/api/mixed/db/1/,4.22,247,0,
2026-05-16T16:00:54.626519,GET,/api/mixed/db/1/,3.75,247,0,
2026-05-16T16:00:54.628227,GET,/api/mixed/db/1/,4.17,247,0,
2026-05-16T16:00:54.634041,GET,/api/mixed/pipeline/1/,2.64,82,0,
2026-05-16T16:00:54.657728,GET,/api/mixed/http/,107.71,55353,0,
2026-05-16T16:00:54.668163,GET,/api/mixed/http/,107.47,55353,0,
2026-05-16T16:00:54.671577,GET,/api/mixed/http/,107.41,55353,0,
2026-05-16T16:00:54.681416,GET,/api/mixed/http/,107.93,55353,0,
2026-05-16T16:00:54.693510,GET,/api/mixed/db/1/,3.77,247,0,
2026-05-16T16:00:54.696263,GET,/api/mixed/pipeline/1/,2.64,82,0,
2026-05-16T16:00:54.714172,GET,/api/mixed/db/1/,3.77,247,0,
2026-05-16T16:00:54.718197,GET,/api/mixed/http/,110.25,55353,0,
2026-05-16T16:00:54.721132,GET,/api/mixed/pipeline/1/,2.59,82,0,
2026-05-16T16:00:54.737200,GET,/api/mixed/http/,109.78,55353,0,
2026-05-16T16:00:54.753901,GET,/api/mixed/http/,107.55,55353,0,
2026-05-16T16:00:54.761958,GET,/api/mixed/db/1/,3.75,247,0,
2026-05-16T16:00:54.774850,GET,/api/mixed/http/,107.87,55353,0,
2026-05-16T16:00:54.799271,GET,/api/mixed/pipeline/1/,3.08,82,0,
2026-05-16T16:00:54.814423,GET,/api/mixed/db/1/,3.84,247,0,
2026-05-16T16:00:54.818902,GET,/api/mixed/pipeline/1/,3.12,82,0,
2026-05-16T16:00:54.823896,GET,/api/mixed/http/,108.49,55353,0,
2026-05-16T16:00:54.825300,GET,/api/mixed/http/,108.08,55353,0,
2026-05-16T16:00:54.832398,GET,/api/mixed/pipeline/1/,2.78,82,0,
2026-05-16T16:00:54.839379,GET,/api/mixed/db/1/,3.61,247,0,
2026-05-16T16:00:54.887141,GET,/api/mixed/db/1/,3.82,247,0,
2026-05-16T16:00:54.894050,GET,/api/mixed/pipeline/1/,2.71,82,0,
2026-05-16T16:00:54.919727,GET,/api/mixed/http/,107.79,55353,0,
2026-05-16T16:00:54.924661,GET,/api/mixed/http/,107.91,55353,0,
2026-05-16T16:00:54.931371,GET,/api/mixed/http/,109.33,55353,0,
2026-05-16T16:00:54.957251,GET,/api/mixed/db/1/,4.28,247,0,
2026-05-16T16:00:54.970656,GET,/api/mixed/db/1/,4.17,247,0,
2026-05-16T16:00:54.980253,GET,/api/mixed/http/,108.49,55353,0,
2026-05-16T16:00:54.980670,GET,/api/mixed/pipeline/1/,3.76,82,0,
2026-05-16T16:00:54.993939,GET,/api/mixed/db/1/,3.93,247,0,
2026-05-16T16:00:55.008737,GET,/api/mixed/http/,107.37,55353,0,
2026-05-16T16:00:55.014256,GET,/api/mixed/db/1/,4.11,247,0,
2026-05-16T16:00:55.016832,GET,/api/mixed/pipeline/1/,3.58,82,0,
2026-05-16T16:00:55.017260,GET,/api/mixed/pipeline/1/,2.51,82,0,
2026-05-16T16:00:55.039232,GET,/api/mixed/http/,107.62,55353,0,
2026-05-16T16:00:55.039715,GET,/api/mixed/http/,109.23,55353,0,
2026-05-16T16:00:55.047978,GET,/api/mixed/http/,107.78,55353,0,
2026-05-16T16:00:55.051141,GET,/api/mixed/db/1/,4.81,247,0,
2026-05-16T16:00:55.064718,GET,/api/mixed/http/,108.33,55353,0,
2026-05-16T16:00:55.074753,GET,/api/mixed/http/,107.85,55353,0,
2026-05-16T16:00:55.088540,GET,/api/mixed/pipeline/1/,5.48,82,0,
2026-05-16T16:00:55.089509,GET,/api/mixed/pipeline/1/,4.5,82,0,
2026-05-16T16:00:55.090093,GET,/api/mixed/db/1/,6.55,247,0,
2026-05-16T16:00:55.090466,GET,/api/mixed/db/1/,5.04,247,0,
2026-05-16T16:00:55.090824,GET,/api/mixed/db/1/,6.9,247,0,
2026-05-16T16:00:55.092704,GET,/api/mixed/pipeline/1/,4.03,82,0,
2026-05-16T16:00:55.118920,GET,/api/mixed/http/,108.33,55353,0,
2026-05-16T16:00:55.155508,GET,/api/mixed/http/,109.63,55353,0,
2026-05-16T16:00:55.156862,GET,/api/mixed/db/1/,4.2,247,0,
2026-05-16T16:00:55.164236,GET,/api/mixed/db/1/,4.19,247,0,
2026-05-16T16:00:55.164677,GET,/api/mixed/db/1/,3.49,247,0,
2026-05-16T16:00:55.177458,GET,/api/mixed/pipeline/1/,2.81,82,0,
2026-05-16T16:00:55.190589,GET,/api/mixed/db/1/,3.99,247,0,
2026-05-16T16:00:55.208626,GET,/api/mixed/db/1/,3.68,247,0,
2026-05-16T16:00:55.215146,GET,/api/mixed/pipeline/1/,2.72,82,0,
2026-05-16T16:00:55.215557,GET,/api/mixed/pipeline/1/,3.58,82,0,
2026-05-16T16:00:55.248476,GET,/api/mixed/db/1/,4.71,247,0,
2026-05-16T16:00:55.250214,GET,/api/mixed/pipeline/1/,3.07,82,0,
2026-05-16T16:00:55.254868,GET,/api/mixed/http/,108.75,55353,0,
2026-05-16T16:00:55.255376,GET,/api/mixed/http/,108.77,55353,0,
2026-05-16T16:00:55.258861,GET,/api/mixed/http/,107.51,55353,0,
2026-05-16T16:00:55.263913,GET,/api/mixed/http/,107.84,55353,0,
2026-05-16T16:00:55.268308,GET,/api/mixed/pipeline/1/,3.04,82,0,
2026-05-16T16:00:55.277344,GET,/api/mixed/db/1/,3.67,247,0,
2026-05-16T16:00:55.279638,GET,/api/mixed/http/,107.62,55353,0,
2026-05-16T16:00:55.302879,GET,/api/mixed/db/1/,3.61,247,0,
2026-05-16T16:00:55.319928,GET,/api/mixed/db/1/,3.69,247,0,
2026-05-16T16:00:55.322870,GET,/api/mixed/pipeline/1/,2.6,82,0,
2026-05-16T16:00:55.335019,GET,/api/mixed/pipeline/1/,3.25,82,0,
2026-05-16T16:00:55.337244,GET,/api/mixed/pipeline/1/,3.03,82,0,
2026-05-16T16:00:55.352836,GET,/api/mixed/db/1/,4.02,247,0,
2026-05-16T16:00:55.369677,GET,/api/mixed/db/1/,3.53,247,0,
2026-05-16T16:00:55.389830,GET,/api/mixed/http/,107.83,55353,0,
2026-05-16T16:00:55.396503,GET,/api/mixed/db/1/,4.44,247,0,
2026-05-16T16:00:55.397358,GET,/api/mixed/http/,107.67,55353,0,
2026-05-16T16:00:55.427029,GET,/api/mixed/http/,108.43,55353,0,
2026-05-16T16:00:55.428847,GET,/api/mixed/pipeline/1/,3.12,82,0,
2026-05-16T16:00:55.434462,GET,/api/mixed/http/,107.24,55353,0,
2026-05-16T16:00:55.441560,GET,/api/mixed/db/1/,3.78,247,0,
2026-05-16T16:00:55.476591,GET,/api/mixed/db/1/,3.82,247,0,
2026-05-16T16:00:55.480401,GET,/api/mixed/http/,108.36,55353,0,
2026-05-16T16:00:55.480877,GET,/api/mixed/db/1/,4.17,247,0,
2026-05-16T16:00:55.483185,GET,/api/mixed/pipeline/1/,3.72,82,0,
2026-05-16T16:00:55.489249,GET,/api/mixed/http/,107.72,55353,0,
2026-05-16T16:00:55.499874,GET,/api/mixed/http/,107.35,55353,0,
2026-05-16T16:00:55.509339,GET,/api/mixed/pipeline/1/,2.82,82,0,
2026-05-16T16:00:55.509744,GET,/api/mixed/pipeline/1/,3.69,82,0,
2026-05-16T16:00:55.510839,GET,/api/mixed/http/,108.15,55353,0,
2026-05-16T16:00:55.517064,GET,/api/mixed/http/,107.8,55353,0,
2026-05-16T16:00:55.517610,GET,/api/mixed/pipeline/1/,3.56,82,0,
2026-05-16T16:00:55.519709,GET,/api/mixed/pipeline/1/,3.49,82,0,
2026-05-16T16:00:55.531786,GET,/api/mixed/db/1/,3.72,247,0,
2026-05-16T16:00:55.552199,GET,/api/mixed/http/,107.25,55353,0,
2026-05-16T16:00:55.571520,GET,/api/mixed/http/,108.24,55353,0,
2026-05-16T16:00:55.573468,GET,/api/mixed/pipeline/1/,3.06,82,0,
2026-05-16T16:00:55.587617,GET,/api/mixed/http/,108.65,55353,0,
2026-05-16T16:00:55.601112,GET,/api/mixed/http/,107.49,55353,0,
2026-05-16T16:00:55.658674,GET,/api/mixed/pipeline/1/,3.59,82,0,
2026-05-16T16:00:55.674568,GET,/api/mixed/db/1/,4.52,247,0,
2026-05-16T16:00:55.674977,GET,/api/mixed/db/1/,4.5,247,0,
2026-05-16T16:00:55.687137,GET,/api/mixed/db/1/,3.93,247,0,
2026-05-16T16:00:55.702390,GET,/api/mixed/http/,107.63,55353,0,
2026-05-16T16:00:55.718209,GET,/api/mixed/db/1/,4.52,247,0,
2026-05-16T16:00:55.733551,GET,/api/mixed/http/,109.09,55353,0,
2026-05-16T16:00:55.739186,GET,/api/mixed/http/,158.39,55353,0,
2026-05-16T16:00:55.745252,GET,/api/mixed/pipeline/1/,2.88,82,0,
2026-05-16T16:00:55.747757,GET,/api/mixed/http/,107.72,55353,0,
2026-05-16T16:00:55.751857,GET,/api/mixed/pipeline/1/,2.73,82,0,
2026-05-16T16:00:55.758716,GET,/api/mixed/http/,108.29,55353,0,
2026-05-16T16:00:55.771511,GET,/api/mixed/pipeline/1/,3.59,82,0,
2026-05-16T16:00:55.784641,GET,/api/mixed/db/1/,3.78,247,0,
2026-05-16T16:00:55.796098,GET,/api/mixed/db/1/,4.07,247,0,
2026-05-16T16:00:55.848553,GET,/api/mixed/db/1/,3.9,247,0,
2026-05-16T16:00:55.873430,GET,/api/mixed/pipeline/1/,3.53,82,0,
2026-05-16T16:00:55.874591,GET,/api/mixed/db/1/,3.62,247,0,
2026-05-16T16:00:55.876125,GET,/api/mixed/http/,107.74,55353,0,
2026-05-16T16:00:55.880658,GET,/api/mixed/pipeline/1/,3.2,82,0,
2026-05-16T16:00:55.915099,GET,/api/mixed/pipeline/1/,3.68,82,0,
2026-05-16T16:00:55.917703,GET,/api/mixed/pipeline/1/,3.4,82,0,
2026-05-16T16:00:55.918656,GET,/api/mixed/db/1/,4.82,247,0,
2026-05-16T16:00:55.930494,GET,/api/mixed/db/1/,3.68,247,0,
2026-05-16T16:00:55.940603,GET,/api/mixed/http/,108.26,55353,0,
2026-05-16T16:00:55.942637,GET,/api/mixed/http/,107.56,55353,0,
2026-05-16T16:00:55.946670,GET,/api/mixed/pipeline/1/,2.67,82,0,
2026-05-16T16:00:55.953805,GET,/api/mixed/pipeline/1/,2.53,82,0,
2026-05-16T16:00:55.961838,GET,/api/mixed/db/1/,4.71,247,0,
2026-05-16T16:00:55.978454,GET,/api/mixed/db/1/,5.26,247,0,
2026-05-16T16:00:55.985481,GET,/api/mixed/pipeline/1/,2.67,82,0,
2026-05-16T16:00:55.992757,GET,/api/mixed/http/,107.75,55353,0,
2026-05-16T16:00:56.016290,GET,/api/mixed/pipeline/1/,3.26,82,0,
2026-05-16T16:00:56.016713,GET,/api/mixed/pipeline/1/,2.7,82,0,
2026-05-16T16:00:56.044005,GET,/api/mixed/http/,108.28,55353,0,
2026-05-16T16:00:56.044473,GET,/api/mixed/pipeline/1/,3.56,82,0,
2026-05-16T16:00:56.045294,GET,/api/mixed/db/1/,3.89,247,0,
2026-05-16T16:00:56.047402,GET,/api/mixed/http/,107.79,55353,0,
2026-05-16T16:00:56.058137,GET,/api/mixed/db/1/,3.59,247,0,
2026-05-16T16:00:56.061628,GET,/api/mixed/db/1/,3.38,247,0,
2026-05-16T16:00:56.064969,GET,/api/mixed/http/,107.43,55353,0,
2026-05-16T16:00:56.081409,GET,/api/mixed/http/,107.77,55353,0,
2026-05-16T16:00:56.084310,GET,/api/mixed/http/,107.56,55353,0,
2026-05-16T16:00:56.125458,GET,/api/mixed/db/1/,4.16,247,0,
2026-05-16T16:00:56.128204,GET,/api/mixed/pipeline/1/,4.54,82,0,
2026-05-16T16:00:56.130354,GET,/api/mixed/pipeline/1/,2.94,82,0,
2026-05-16T16:00:56.156518,GET,/api/mixed/http/,110.01,55353,0,
2026-05-16T16:00:56.158710,GET,/api/mixed/http/,107.42,55353,0,
2026-05-16T16:00:56.170810,GET,/api/mixed/http/,107.97,55353,0,
2026-05-16T16:00:56.184292,GET,/api/mixed/pipeline/1/,3.25,82,0,
2026-05-16T16:00:56.189204,GET,/api/mixed/pipeline/1/,3.13,82,0,
2026-05-16T16:00:56.189974,GET,/api/mixed/db/1/,4.34,247,0,
2026-05-16T16:00:56.206933,GET,/api/mixed/pipeline/1/,2.62,82,0,
2026-05-16T16:00:56.222342,GET,/api/mixed/http/,107.73,55353,0,
2026-05-16T16:00:56.230608,GET,/api/mixed/pipeline/1/,2.86,82,0,
2026-05-16T16:00:56.259177,GET,/api/mixed/db/1/,3.89,247,0,
2026-05-16T16:00:56.265575,GET,/api/mixed/db/1/,3.67,247,0,
2026-05-16T16:00:56.281468,GET,/api/mixed/db/1/,3.57,247,0,
2026-05-16T16:00:56.286518,GET,/api/mixed/pipeline/1/,2.65,82,0,
2026-05-16T16:00:56.319385,GET,/api/mixed/http/,108.2,55353,0,
2026-05-16T16:00:56.326425,GET,/api/mixed/pipeline/1/,3.67,82,0,
2026-05-16T16:00:56.357177,GET,/api/mixed/http/,108.23,55353,0,
2026-05-16T16:00:56.367445,GET,/api/mixed/http/,108.09,55353,0,
2026-05-16T16:00:56.397827,GET,/api/mixed/pipeline/1/,2.87,82,0,
2026-05-16T16:00:56.413818,GET,/api/mixed/pipeline/1/,2.63,82,0,
2026-05-16T16:00:56.427428,GET,/api/mixed/db/1/,4.24,247,0,
2026-05-16T16:00:56.447489,GET,/api/mixed/pipeline/1/,3.04,82,0,
2026-05-16T16:00:56.454062,GET,/api/mixed/http/,108.28,55353,0,
2026-05-16T16:00:56.462645,GET,/api/mixed/db/1/,6.33,247,0,
2026-05-16T16:00:56.465797,GET,/api/mixed/db/1/,4.84,247,0,
2026-05-16T16:00:56.487913,GET,/api/mixed/http/,108.06,55353,0,
2026-05-16T16:00:56.495437,GET,/api/mixed/pipeline/1/,4.29,82,0,
2026-05-16T16:00:56.496072,GET,/api/mixed/db/1/,4.48,247,0,
2026-05-16T16:00:56.500219,GET,/api/mixed/http/,108.86,55353,0,
2026-05-16T16:00:56.509067,GET,/api/mixed/db/1/,5.08,247,0,
2026-05-16T16:00:56.531918,GET,/api/mixed/http/,107.79,55353,0,
2026-05-16T16:00:56.537082,GET,/api/mixed/http/,108.29,55353,0,
2026-05-16T16:00:56.537497,GET,/api/mixed/db/1/,4.3,247,0,
2026-05-16T16:00:56.544941,GET,/api/mixed/db/1/,5.1,247,0,
2026-05-16T16:00:56.547878,GET,/api/mixed/pipeline/1/,2.81,82,0,
2026-05-16T16:00:56.554535,GET,/api/mixed/pipeline/1/,4.32,82,0,
2026-05-16T16:00:56.556640,GET,/api/mixed/pipeline/1/,4.61,82,0,
2026-05-16T16:00:56.557063,GET,/api/mixed/db/1/,5.91,247,0,
2026-05-16T16:00:56.557727,GET,/api/mixed/db/1/,4.16,247,0,
2026-05-16T16:00:56.578742,GET,/api/mixed/db/1/,3.86,247,0,
2026-05-16T16:00:56.580681,GET,/api/mixed/http/,108.51,55353,0,
2026-05-16T16:00:56.581987,GET,/api/mixed/db/1/,4.61,247,0,
2026-05-16T16:00:56.593094,GET,/api/mixed/http/,108.41,55353,0,
2026-05-16T16:00:56.602025,GET,/api/mixed/pipeline/1/,3.62,82,0,
2026-05-16T16:00:56.602648,GET,/api/mixed/db/1/,3.78,247,0,
2026-05-16T16:00:56.606156,GET,/api/mixed/http/,107.91,55353,0,
2026-05-16T16:00:56.612032,GET,/api/mixed/http/,108.59,55353,0,
2026-05-16T16:00:56.621085,GET,/api/mixed/db/1/,3.68,247,0,
2026-05-16T16:00:56.625003,GET,/api/mixed/pipeline/1/,2.57,82,0,
2026-05-16T16:00:56.647784,GET,/api/mixed/http/,107.51,55353,0,
2026-05-16T16:00:56.651851,GET,/api/mixed/http/,107.89,55353,0,
2026-05-16T16:00:56.653627,GET,/api/mixed/db/1/,3.64,247,0,
2026-05-16T16:00:56.667782,GET,/api/mixed/pipeline/1/,2.78,82,0,
2026-05-16T16:00:56.680740,GET,/api/mixed/db/1/,3.62,247,0,
2026-05-16T16:00:56.686266,GET,/api/mixed/http/,107.2,55353,0,
2026-05-16T16:00:56.694433,GET,/api/mixed/pipeline/1/,2.8,82,0,
2026-05-16T16:00:56.694983,GET,/api/mixed/db/1/,4.42,247,0,
2026-05-16T16:00:56.741805,GET,/api/mixed/http/,107.49,55353,0,
2026-05-16T16:00:56.746707,GET,/api/mixed/pipeline/1/,3.09,82,0,
2026-05-16T16:00:56.758643,GET,/api/mixed/pipeline/1/,3.1,82,0,
2026-05-16T16:00:56.760885,GET,/api/mixed/pipeline/1/,3.02,82,0,
2026-05-16T16:00:56.775952,GET,/api/mixed/db/1/,3.73,247,0,
2026-05-16T16:00:56.787476,GET,/api/mixed/db/1/,3.85,247,0,
2026-05-16T16:00:56.800510,GET,/api/mixed/pipeline/1/,2.81,82,0,
2026-05-16T16:00:56.807161,GET,/api/mixed/http/,107.87,55353,0,
2026-05-16T16:00:56.810157,GET,/api/mixed/db/1/,3.95,247,0,
2026-05-16T16:00:56.818850,GET,/api/mixed/http/,107.63,55353,0,
2026-05-16T16:00:56.819446,GET,/api/mixed/http/,108.74,55353,0,
2026-05-16T16:00:56.834445,GET,/api/mixed/http/,107.44,55353,0,
2026-05-16T16:00:56.843502,GET,/api/mixed/pipeline/1/,2.74,82,0,
2026-05-16T16:00:56.851137,GET,/api/mixed/db/1/,4.46,247,0,
2026-05-16T16:00:56.851547,GET,/api/mixed/db/1/,4.4,247,0,
2026-05-16T16:00:56.851969,GET,/api/mixed/http/,108.78,55353,0,
2026-05-16T16:00:56.859538,GET,/api/mixed/http/,107.46,55353,0,
2026-05-16T16:00:56.874088,GET,/api/mixed/db/1/,3.67,247,0,
2026-05-16T16:00:56.882341,GET,/api/mixed/http/,107.75,55353,0,
2026-05-16T16:00:56.905586,GET,/api/mixed/http/,108.79,55353,0,
2026-05-16T16:00:56.910777,GET,/api/mixed/db/1/,3.86,247,0,
2026-05-16T16:00:56.931668,GET,/api/mixed/db/1/,3.66,247,0,
2026-05-16T16:00:56.933469,GET,/api/mixed/http/,107.73,55353,0,
2026-05-16T16:00:56.939684,GET,/api/mixed/pipeline/1/,2.9,82,0,
2026-05-16T16:00:56.949008,GET,/api/mixed/pipeline/1/,3.09,82,0,
2026-05-16T16:00:56.961691,GET,/api/mixed/pipeline/1/,4.04,82,0,
2026-05-16T16:00:56.963885,GET,/api/mixed/pipeline/1/,2.99,82,0,
2026-05-16T16:00:56.970452,GET,/api/mixed/http/,107.63,55353,0,
2026-05-16T16:00:56.978412,GET,/api/mixed/db/1/,3.64,247,0,
2026-05-16T16:00:56.992272,GET,/api/mixed/db/1/,3.96,247,0,
2026-05-16T16:00:57.009208,GET,/api/mixed/pipeline/1/,2.7,82,0,
2026-05-16T16:00:57.017076,GET,/api/mixed/db/1/,3.5,247,0,
2026-05-16T16:00:57.035636,GET,/api/mixed/db/1/,3.77,247,0,
2026-05-16T16:00:57.039186,GET,/api/mixed/http/,107.39,55353,0,
2026-05-16T16:00:57.039683,GET,/api/mixed/http/,109.21,55353,0,
2026-05-16T16:00:57.043372,GET,/api/mixed/db/1/,3.6,247,0,
2026-05-16T16:00:57.060481,GET,/api/mixed/http/,107.7,55353,0,
2026-05-16T16:00:57.060940,GET,/api/mixed/http/,108.63,55353,0,
2026-05-16T16:00:57.072476,GET,/api/mixed/db/1/,3.72,247,0,
2026-05-16T16:00:57.077490,GET,/api/mixed/pipeline/1/,2.66,82,0,
2026-05-16T16:00:57.099107,GET,/api/mixed/db/1/,4.35,247,0,
2026-05-16T16:00:57.099551,GET,/api/mixed/db/1/,3.49,247,0,
2026-05-16T16:00:57.104279,GET,/api/mixed/http/,107.7,55353,0,
2026-05-16T16:00:57.105424,GET,/api/mixed/http/,107.91,55353,0,
2026-05-16T16:00:57.108659,GET,/api/mixed/db/1/,4.27,247,0,
2026-05-16T16:00:57.109414,GET,/api/mixed/http/,107.59,55353,0,
2026-05-16T16:00:57.111302,GET,/api/mixed/pipeline/1/,3.46,82,0,
2026-05-16T16:00:57.114772,GET,/api/mixed/pipeline/1/,3.36,82,0,
2026-05-16T16:00:57.115414,GET,/api/mixed/db/1/,3.59,247,0,
2026-05-16T16:00:57.136800,GET,/api/mixed/http/,107.4,55353,0,
2026-05-16T16:00:57.149838,GET,/api/mixed/pipeline/1/,2.7,82,0,
2026-05-16T16:00:57.155283,GET,/api/mixed/pipeline/1/,3.08,82,0,
2026-05-16T16:00:57.165232,GET,/api/mixed/http/,107.61,55353,0,
2026-05-16T16:00:57.174026,GET,/api/mixed/http/,107.81,55353,0,
2026-05-16T16:00:57.175149,GET,/api/mixed/db/1/,4.27,247,0,
2026-05-16T16:00:57.192778,GET,/api/mixed/pipeline/1/,2.8,82,0,
2026-05-16T16:00:57.193184,GET,/api/mixed/pipeline/1/,3.71,82,0,
2026-05-16T16:00:57.197816,GET,/api/mixed/pipeline/1/,2.46,82,0,
2026-05-16T16:00:57.210650,GET,/api/mixed/pipeline/1/,2.51,82,0,
2026-05-16T16:00:57.235702,GET,/api/mixed/http/,107.95,55353,0,
2026-05-16T16:00:57.239557,GET,/api/mixed/db/1/,3.73,247,0,
2026-05-16T16:00:57.243556,GET,/api/mixed/db/1/,3.5,247,0,
2026-05-16T16:00:57.264649,GET,/api/mixed/pipeline/1/,3.87,82,0,
2026-05-16T16:00:57.265112,GET,/api/mixed/pipeline/1/,2.66,82,0,
2026-05-16T16:00:57.265581,GET,/api/mixed/http/,107.68,55353,0,
2026-05-16T16:00:57.266058,GET,/api/mixed/http/,108.6,55353,0,
2026-05-16T16:00:57.266436,GET,/api/mixed/pipeline/1/,4.66,82,0,
2026-05-16T16:00:57.278433,GET,/api/mixed/http/,108.01,55353,0,
2026-05-16T16:00:57.281279,GET,/api/mixed/pipeline/1/,2.74,82,0,
2026-05-16T16:00:57.321396,GET,/api/mixed/db/1/,3.83,247,0,
2026-05-16T16:00:57.325978,GET,/api/mixed/db/1/,4.47,247,0,
2026-05-16T16:00:57.331000,GET,/api/mixed/db/1/,3.74,247,0,
2026-05-16T16:00:57.338482,GET,/api/mixed/pipeline/1/,3.21,82,0,
2026-05-16T16:00:57.347788,GET,/api/mixed/http/,109.51,55353,0,
2026-05-16T16:00:57.348657,GET,/api/mixed/db/1/,4.95,247,0,
2026-05-16T16:00:57.374066,GET,/api/mixed/db/1/,3.99,247,0,
2026-05-16T16:00:57.381651,GET,/api/mixed/db/1/,4.37,247,0,
2026-05-16T16:00:57.386550,GET,/api/mixed/pipeline/1/,2.67,82,0,
2026-05-16T16:00:57.395197,GET,/api/mixed/http/,107.62,55353,0,
2026-05-16T16:00:57.407790,GET,/api/mixed/pipeline/1/,2.87,82,0,
2026-05-16T16:00:57.408262,GET,/api/mixed/http/,108.17,55353,0,
2026-05-16T16:00:57.409216,GET,/api/mixed/pipeline/1/,4.75,82,0,
2026-05-16T16:00:57.411200,GET,/api/mixed/pipeline/1/,2.85,82,0,
2026-05-16T16:00:57.419673,GET,/api/mixed/db/1/,3.69,247,0,
2026-05-16T16:00:57.428840,GET,/api/mixed/pipeline/1/,2.83,82,0,
2026-05-16T16:00:57.456159,GET,/api/mixed/db/1/,3.98,247,0,
2026-05-16T16:00:57.463262,GET,/api/mixed/pipeline/1/,2.73,82,0,
2026-05-16T16:00:57.483234,GET,/api/mixed/pipeline/1/,3.72,82,0,
2026-05-16T16:00:57.484627,GET,/api/mixed/db/1/,4.15,247,0,
2026-05-16T16:00:57.485086,GET,/api/mixed/db/1/,3.92,247,0,
2026-05-16T16:00:57.495430,GET,/api/mixed/http/,107.64,55353,0,
2026-05-16T16:00:57.521482,GET,/api/mixed/http/,107.98,55353,0,
2026-05-16T16:00:57.525096,GET,/api/mixed/db/1/,4.72,247,0,
2026-05-16T16:00:57.525502,GET,/api/mixed/db/1/,3.86,247,0,
2026-05-16T16:00:57.531035,GET,/api/mixed/pipeline/1/,3.17,82,0,
2026-05-16T16:00:57.532516,GET,/api/mixed/db/1/,3.7,247,0,
2026-05-16T16:00:57.544331,GET,/api/mixed/db/1/,3.61,247,0,
2026-05-16T16:00:57.563548,GET,/api/mixed/pipeline/1/,2.66,82,0,
2026-05-16T16:00:57.571353,GET,/api/mixed/pipeline/1/,3.45,82,0,
2026-05-16T16:00:57.578041,GET,/api/mixed/pipeline/1/,2.5,82,0,
2026-05-16T16:00:57.609172,GET,/api/mixed/pipeline/1/,2.81,82,0,
2026-05-16T16:00:57.613997,GET,/api/mixed/pipeline/1/,2.64,82,0,
2026-05-16T16:00:57.620289,GET,/api/mixed/http/,108.52,55353,0,
2026-05-16T16:00:57.621354,GET,/api/mixed/pipeline/1/,2.71,82,0,
2026-05-16T16:00:57.623184,GET,/api/mixed/db/1/,4.97,247,0,
2026-05-16T16:00:57.637116,GET,/api/mixed/pipeline/1/,3.22,82,0,
2026-05-16T16:00:57.637517,GET,/api/mixed/pipeline/1/,2.7,82,0,
2026-05-16T16:00:57.678345,GET,/api/mixed/http/,109.98,55353,0,
2026-05-16T16:00:57.689424,GET,/api/mixed/db/1/,3.7,247,0,
2026-05-16T16:00:57.703803,GET,/api/mixed/pipeline/1/,3.12,82,0,
2026-05-16T16:00:57.721775,GET,/api/mixed/pipeline/1/,2.65,82,0,
2026-05-16T16:00:57.734813,GET,/api/mixed/http/,107.44,55353,0,
2026-05-16T16:00:57.757118,GET,/api/mixed/db/1/,3.96,247,0,
2026-05-16T16:00:57.795725,GET,/api/mixed/pipeline/1/,2.95,82,0,
2026-05-16T16:00:57.805024,GET,/api/mixed/db/1/,4.94,247,0,
2026-05-16T16:00:57.829132,GET,/api/mixed/db/1/,3.77,247,0,
2026-05-16T16:00:57.836017,GET,/api/mixed/http/,107.85,55353,0,
2026-05-16T16:00:57.865843,GET,/api/mixed/db/1/,4.49,247,0,
2026-05-16T16:00:57.868483,GET,/api/mixed/pipeline/1/,3.66,82,0,
2026-05-16T16:00:57.871174,GET,/api/mixed/http/,107.87,55353,0,
2026-05-16T16:00:57.876416,GET,/api/mixed/db/1/,3.88,247,0,
2026-05-16T16:00:57.890744,GET,/api/mixed/pipeline/1/,2.96,82,0,
2026-05-16T16:00:57.894842,GET,/api/mixed/pipeline/1/,2.7,82,0,
2026-05-16T16:00:57.908916,GET,/api/mixed/db/1/,3.75,247,0,
2026-05-16T16:00:57.911690,GET,/api/mixed/pipeline/1/,4.09,82,0,
2026-05-16T16:00:57.914910,GET,/api/mixed/db/1/,4.09,247,0,
2026-05-16T16:00:57.920701,GET,/api/mixed/db/1/,3.48,247,0,
2026-05-16T16:00:57.927948,GET,/api/mixed/db/1/,3.89,247,0,
2026-05-16T16:00:57.937032,GET,/api/mixed/http/,107.78,55353,0,
2026-05-16T16:00:57.939128,GET,/api/mixed/http/,107.41,55353,0,
2026-05-16T16:00:57.961524,GET,/api/mixed/db/1/,3.87,247,0,
2026-05-16T16:00:57.996700,GET,/api/mixed/db/1/,3.82,247,0,
2026-05-16T16:00:58.016620,GET,/api/mixed/http/,107.58,55353,0,
2026-05-16T16:00:58.053622,GET,/api/mixed/db/1/,3.72,247,0,
2026-05-16T16:00:58.056410,GET,/api/mixed/pipeline/1/,2.67,82,0,
2026-05-16T16:00:58.074935,GET,/api/mixed/pipeline/1/,2.71,82,0,
2026-05-16T16:00:58.086684,GET,/api/mixed/db/1/,4.41,247,0,
2026-05-16T16:00:58.112658,GET,/api/mixed/http/,107.61,55353,0,
2026-05-16T16:00:58.125647,GET,/api/mixed/http/,107.61,55353,0,
2026-05-16T16:00:58.130762,GET,/api/mixed/db/1/,3.77,247,0,
2026-05-16T16:00:58.142950,GET,/api/mixed/http/,107.5,55353,0,
2026-05-16T16:00:58.149632,GET,/api/mixed/pipeline/1/,3.34,82,0,
2026-05-16T16:00:58.152871,GET,/api/mixed/db/1/,4.07,247,0,
2026-05-16T16:00:58.169082,GET,/api/mixed/http/,108.33,55353,0,
2026-05-16T16:00:58.188484,GET,/api/mixed/pipeline/1/,3.37,82,0,
2026-05-16T16:00:58.190581,GET,/api/mixed/http/,107.9,55353,0,
2026-05-16T16:00:58.193075,GET,/api/mixed/pipeline/1/,3.38,82,0,
2026-05-16T16:00:58.210670,GET,/api/mixed/pipeline/1/,2.76,82,0,
2026-05-16T16:00:58.224827,GET,/api/mixed/pipeline/1/,2.79,82,0,
2026-05-16T16:00:58.231396,GET,/api/mixed/http/,107.52,55353,0,
2026-05-16T16:00:58.242613,GET,/api/mixed/pipeline/1/,3.67,82,0,
2026-05-16T16:00:58.243059,GET,/api/mixed/db/1/,5.33,247,0,
2026-05-16T16:00:58.251599,GET,/api/mixed/pipeline/1/,2.93,82,0,
2026-05-16T16:00:58.252271,GET,/api/mixed/db/1/,5.0,247,0,
2026-05-16T16:00:58.262257,GET,/api/mixed/db/1/,3.69,247,0,
2026-05-16T16:00:58.276341,GET,/api/mixed/http/,108.19,55353,0,
2026-05-16T16:00:58.277159,GET,/api/mixed/db/1/,3.71,247,0,
2026-05-16T16:00:58.285770,GET,/api/mixed/http/,107.64,55353,0,
2026-05-16T16:00:58.288767,GET,/api/mixed/http/,108.0,55353,0,
2026-05-16T16:00:58.292853,GET,/api/mixed/http/,107.32,55353,0,
2026-05-16T16:00:58.305532,GET,/api/mixed/http/,108.13,55353,0,
2026-05-16T16:00:58.326650,GET,/api/mixed/db/1/,3.82,247,0,
2026-05-16T16:00:58.355759,GET,/api/mixed/http/,108.06,55353,0,
2026-05-16T16:00:58.371095,GET,/api/mixed/pipeline/1/,2.69,82,0,
2026-05-16T16:00:58.403434,GET,/api/mixed/db/1/,4.04,247,0,
2026-05-16T16:00:58.411221,GET,/api/mixed/pipeline/1/,3.01,82,0,
2026-05-16T16:00:58.412580,GET,/api/mixed/db/1/,4.75,247,0,
2026-05-16T16:00:58.436537,GET,/api/mixed/http/,107.55,55353,0,
2026-05-16T16:00:58.442769,GET,/api/mixed/pipeline/1/,2.87,82,0,
2026-05-16T16:00:58.481868,GET,/api/mixed/http/,107.42,55353,0,
2026-05-16T16:00:58.491180,GET,/api/mixed/db/1/,3.99,247,0,
2026-05-16T16:00:58.494047,GET,/api/mixed/pipeline/1/,2.74,82,0,
2026-05-16T16:00:58.499787,GET,/api/mixed/pipeline/1/,2.84,82,0,
2026-05-16T16:00:58.508296,GET,/api/mixed/http/,109.41,55353,0,
2026-05-16T16:00:58.512621,GET,/api/mixed/pipeline/1/,2.91,82,0,
2026-05-16T16:00:58.523390,GET,/api/mixed/db/1/,3.72,247,0,
2026-05-16T16:00:58.530195,GET,/api/mixed/http/,108.28,55353,0,
2026-05-16T16:00:58.545495,GET,/api/mixed/db/1/,4.03,247,0,
2026-05-16T16:00:58.545896,GET,/api/mixed/db/1/,5.0,247,0,
2026-05-16T16:00:58.566981,GET,/api/mixed/db/1/,4.51,247,0,
2026-05-16T16:00:58.567471,GET,/api/mixed/db/1/,3.88,247,0,
2026-05-16T16:00:58.576932,GET,/api/mixed/http/,107.82,55353,0,
2026-05-16T16:00:58.577632,GET,/api/mixed/db/1/,4.0,247,0,
2026-05-16T16:00:58.596583,GET,/api/mixed/pipeline/1/,3.62,82,0,
2026-05-16T16:00:58.602433,GET,/api/mixed/pipeline/1/,2.63,82,0,
2026-05-16T16:00:58.604509,GET,/api/mixed/http/,108.82,55353,0,
2026-05-16T16:00:58.605440,GET,/api/mixed/http/,110.15,55353,0,
2026-05-16T16:00:58.607742,GET,/api/mixed/pipeline/1/,3.12,82,0,
2026-05-16T16:00:58.613618,GET,/api/mixed/db/1/,3.55,247,0,
2026-05-16T16:00:58.626441,GET,/api/mixed/http/,108.47,55353,0,
2026-05-16T16:00:58.627323,GET,/api/mixed/http/,108.94,55353,0,
2026-05-16T16:00:58.638253,GET,/api/mixed/pipeline/1/,2.75,82,0,
2026-05-16T16:00:58.638872,GET,/api/mixed/http/,107.49,55353,0,
2026-05-16T16:00:58.661571,GET,/api/mixed/pipeline/1/,2.78,82,0,
2026-05-16T16:00:58.674115,GET,/api/mixed/db/1/,3.75,247,0,
2026-05-16T16:00:58.683137,GET,/api/mixed/pipeline/1/,3.77,82,0,
2026-05-16T16:00:58.694805,GET,/api/mixed/db/1/,3.52,247,0,
2026-05-16T16:00:58.703351,GET,/api/mixed/pipeline/1/,4.18,82,0,
2026-05-16T16:00:58.704230,GET,/api/mixed/db/1/,4.6,247,0,
2026-05-16T16:00:58.706295,GET,/api/mixed/pipeline/1/,3.96,82,0,
2026-05-16T16:00:58.734724,GET,/api/mixed/db/1/,4.2,247,0,
2026-05-16T16:00:58.740592,GET,/api/mixed/db/1/,3.59,247,0,
2026-05-16T16:00:58.758687,GET,/api/mixed/db/1/,3.79,247,0,
2026-05-16T16:00:58.760696,GET,/api/mixed/http/,107.5,55353,0,
2026-05-16T16:00:58.772298,GET,/api/mixed/http/,107.39,55353,0,
2026-05-16T16:00:58.781015,GET,/api/mixed/http/,108.18,55353,0,
2026-05-16T16:00:58.784818,GET,/api/mixed/http/,107.99,55353,0,
2026-05-16T16:00:58.808503,GET,/api/mixed/db/1/,3.78,247,0,
2026-05-16T16:00:58.811365,GET,/api/mixed/http/,107.89,55353,0,
2026-05-16T16:00:58.817400,GET,/api/mixed/db/1/,3.71,247,0,
2026-05-16T16:00:58.826011,GET,/api/mixed/pipeline/1/,3.31,82,0,
2026-05-16T16:00:58.827798,GET,/api/mixed/pipeline/1/,2.67,82,0,
2026-05-16T16:00:58.841950,GET,/api/mixed/http/,108.05,55353,0,
2026-05-16T16:00:58.843736,GET,/api/mixed/db/1/,3.73,247,0,
2026-05-16T16:00:58.855693,GET,/api/mixed/pipeline/1/,3.61,82,0,
2026-05-16T16:00:58.859521,GET,/api/mixed/db/1/,3.7,247,0,
2026-05-16T16:00:58.861691,GET,/api/mixed/pipeline/1/,3.45,82,0,
2026-05-16T16:00:58.865678,GET,/api/mixed/db/1/,3.87,247,0,
2026-05-16T16:00:58.866069,GET,/api/mixed/db/1/,5.14,247,0,
2026-05-16T16:00:58.876396,GET,/api/mixed/http/,107.49,55353,0,
2026-05-16T16:00:58.881668,GET,/api/mixed/http/,107.09,55353,0,
2026-05-16T16:00:58.882119,GET,/api/mixed/http/,108.48,55353,0,
2026-05-16T16:00:58.889977,GET,/api/mixed/db/1/,3.73,247,0,
2026-05-16T16:00:58.894591,GET,/api/mixed/http/,107.42,55353,0,
2026-05-16T16:00:58.902007,GET,/api/mixed/pipeline/1/,2.74,82,0,
2026-05-16T16:00:58.944150,GET,/api/mixed/pipeline/1/,2.81,82,0,
2026-05-16T16:00:58.955641,GET,/api/mixed/db/1/,3.64,247,0,
2026-05-16T16:00:58.961691,GET,/api/mixed/http/,108.36,55353,0,
2026-05-16T16:00:58.962540,GET,/api/mixed/http/,108.32,55353,0,
2026-05-16T16:00:58.967990,GET,/api/mixed/db/1/,4.1,247,0,
2026-05-16T16:00:58.980811,GET,/api/mixed/pipeline/1/,3.19,82,0,
2026-05-16T16:00:58.992897,GET,/api/mixed/db/1/,3.7,247,0,
2026-05-16T16:00:59.001983,GET,/api/mixed/http/,108.8,55353,0,
2026-05-16T16:00:59.005798,GET,/api/mixed/db/1/,4.93,247,0,
2026-05-16T16:00:59.019895,GET,/api/mixed/db/1/,3.85,247,0,
2026-05-16T16:00:59.054957,GET,/api/mixed/db/1/,5.09,247,0,
2026-05-16T16:00:59.055527,GET,/api/mixed/http/,109.05,55353,0,
2026-05-16T16:00:59.059212,GET,/api/mixed/db/1/,6.1,247,0,
2026-05-16T16:00:59.067094,GET,/api/mixed/db/1/,3.66,247,0,
2026-05-16T16:00:59.076361,GET,/api/mixed/http/,108.24,55353,0,
2026-05-16T16:00:59.087039,GET,/api/mixed/pipeline/1/,2.66,82,0,
2026-05-16T16:00:59.109889,GET,/api/mixed/http/,107.31,55353,0,
2026-05-16T16:00:59.128509,GET,/api/mixed/http/,107.39,55353,0,
2026-05-16T16:00:59.144748,GET,/api/mixed/pipeline/1/,2.91,82,0,
2026-05-16T16:00:59.156614,GET,/api/mixed/http/,108.11,55353,0,
2026-05-16T16:00:59.165637,GET,/api/mixed/db/1/,3.66,247,0,
2026-05-16T16:00:59.174769,GET,/api/mixed/pipeline/1/,2.73,82,0,
2026-05-16T16:00:59.181839,GET,/api/mixed/db/1/,3.85,247,0,
2026-05-16T16:00:59.184378,GET,/api/mixed/http/,109.03,55353,0,
2026-05-16T16:00:59.187275,GET,/api/mixed/db/1/,3.97,247,0,
2026-05-16T16:00:59.203529,GET,/api/mixed/http/,108.25,55353,0,
2026-05-16T16:00:59.220241,GET,/api/mixed/pipeline/1/,3.36,82,0,
2026-05-16T16:00:59.221640,GET,/api/mixed/db/1/,3.88,247,0,
2026-05-16T16:00:59.231167,GET,/api/mixed/pipeline/1/,3.19,82,0,
2026-05-16T16:00:59.271768,GET,/api/mixed/pipeline/1/,2.92,82,0,
2026-05-16T16:00:59.288425,GET,/api/mixed/http/,108.03,55353,0,
2026-05-16T16:00:59.293517,GET,/api/mixed/db/1/,3.74,247,0,
2026-05-16T16:00:59.300738,GET,/api/mixed/db/1/,3.81,247,0,
2026-05-16T16:00:59.304400,GET,/api/mixed/db/1/,3.55,247,0,
2026-05-16T16:00:59.307251,GET,/api/mixed/db/1/,4.1,247,0,
2026-05-16T16:00:59.308264,GET,/api/mixed/http/,107.76,55353,0,
2026-05-16T16:00:59.317264,GET,/api/mixed/pipeline/1/,2.7,82,0,
2026-05-16T16:00:59.338123,GET,/api/mixed/db/1/,3.55,247,0,
2026-05-16T16:00:59.356024,GET,/api/mixed/http/,109.14,55353,0,
2026-05-16T16:00:59.356962,GET,/api/mixed/http/,110.55,55353,0,
2026-05-16T16:00:59.357442,GET,/api/mixed/http/,109.11,55353,0,
2026-05-16T16:00:59.357822,GET,/api/mixed/pipeline/1/,3.87,82,0,
2026-05-16T16:00:59.364862,GET,/api/mixed/db/1/,3.69,247,0,
2026-05-16T16:00:59.367463,GET,/api/mixed/db/1/,3.8,247,0,
2026-05-16T16:00:59.379519,GET,/api/mixed/pipeline/1/,2.72,82,0,
2026-05-16T16:00:59.384393,GET,/api/mixed/db/1/,3.49,247,0,
2026-05-16T16:00:59.390570,GET,/api/mixed/pipeline/1/,2.91,82,0,
2026-05-16T16:00:59.401624,GET,/api/mixed/pipeline/1/,2.84,82,0,
2026-05-16T16:00:59.405386,GET,/api/mixed/http/,109.46,55353,0,
2026-05-16T16:00:59.408704,GET,/api/mixed/db/1/,4.19,247,0,
2026-05-16T16:00:59.413935,GET,/api/mixed/http/,107.84,55353,0,
2026-05-16T16:00:59.429023,GET,/api/mixed/db/1/,3.76,247,0,
2026-05-16T16:00:59.431745,GET,/api/mixed/pipeline/1/,2.61,82,0,
2026-05-16T16:00:59.436153,GET,/api/mixed/pipeline/1/,3.07,82,0,
2026-05-16T16:00:59.452665,GET,/api/mixed/http/,108.32,55353,0,
2026-05-16T16:00:59.461496,GET,/api/mixed/http/,108.76,55353,0,
2026-05-16T16:00:59.529852,GET,/api/mixed/pipeline/1/,3.27,82,0,
2026-05-16T16:00:59.531131,GET,/api/mixed/pipeline/1/,2.9,82,0,
2026-05-16T16:00:59.531552,GET,/api/mixed/db/1/,6.54,247,0,
2026-05-16T16:00:59.537546,GET,/api/mixed/pipeline/1/,2.7,82,0,
2026-05-16T16:00:59.542798,GET,/api/mixed/http/,107.48,55353,0,
2026-05-16T16:00:59.578632,GET,/api/mixed/http/,107.83,55353,0,
2026-05-16T16:00:59.597768,GET,/api/mixed/pipeline/1/,2.81,82,0,
2026-05-16T16:00:59.613119,GET,/api/mixed/http/,107.65,55353,0,
2026-05-16T16:00:59.640569,GET,/api/mixed/db/1/,3.87,247,0,
2026-05-16T16:00:59.660647,GET,/api/mixed/http/,107.52,55353,0,
2026-05-16T16:00:59.666776,GET,/api/mixed/pipeline/1/,2.73,82,0,
2026-05-16T16:00:59.687053,GET,/api/mixed/db/1/,3.89,247,0,
2026-05-16T16:00:59.706720,GET,/api/mixed/http/,107.54,55353,0,
2026-05-16T16:00:59.721857,GET,/api/mixed/pipeline/1/,2.95,82,0,
2026-05-16T16:00:59.724616,GET,/api/mixed/http/,108.14,55353,0,
2026-05-16T16:00:59.725067,GET,/api/mixed/http/,108.18,55353,0,
2026-05-16T16:00:59.737376,GET,/api/mixed/db/1/,3.8,247,0,
2026-05-16T16:00:59.741477,GET,/api/mixed/pipeline/1/,2.73,82,0,
2026-05-16T16:00:59.776070,GET,/api/mixed/db/1/,5.12,247,0,
2026-05-16T16:00:59.798361,GET,/api/mixed/db/1/,4.46,247,0,
2026-05-16T16:00:59.803889,GET,/api/mixed/pipeline/1/,2.76,82,0,
2026-05-16T16:00:59.819080,GET,/api/mixed/pipeline/1/,2.75,82,0,
2026-05-16T16:00:59.834974,GET,/api/mixed/pipeline/1/,3.26,82,0,
2026-05-16T16:00:59.835991,GET,/api/mixed/db/1/,4.7,247,0,
2026-05-16T16:00:59.837768,GET,/api/mixed/pipeline/1/,3.74,82,0,
2026-05-16T16:00:59.840763,GET,/api/mixed/http/,108.36,55353,0,
2026-05-16T16:00:59.847822,GET,/api/mixed/pipeline/1/,3.23,82,0,
2026-05-16T16:00:59.852604,GET,/api/mixed/pipeline/1/,2.58,82,0,
2026-05-16T16:00:59.864491,GET,/api/mixed/pipeline/1/,2.56,82,0,
2026-05-16T16:00:59.871786,GET,/api/mixed/db/1/,3.99,247,0,
2026-05-16T16:00:59.880734,GET,/api/mixed/http/,109.21,55353,0,
2026-05-16T16:00:59.898851,GET,/api/mixed/http/,107.55,55353,0,
2026-05-16T16:00:59.901069,GET,/api/mixed/pipeline/1/,3.5,82,0,
2026-05-16T16:00:59.906087,GET,/api/mixed/http/,108.86,55353,0,
2026-05-16T16:00:59.925958,GET,/api/mixed/pipeline/1/,3.08,82,0,
2026-05-16T16:00:59.952605,GET,/api/mixed/http/,108.45,55353,0,
2026-05-16T16:00:59.958654,GET,/api/mixed/pipeline/1/,2.68,82,0,
2026-05-16T16:00:59.975012,GET,/api/mixed/db/1/,3.75,247,0,
2026-05-16T16:00:59.978865,GET,/api/mixed/http/,107.9,55353,0,
2026-05-16T16:00:59.988984,GET,/api/mixed/db/1/,3.67,247,0,
2026-05-16T16:00:59.996889,GET,/api/mixed/db/1/,3.53,247,0,
2026-05-16T16:01:00.003906,GET,/api/mixed/pipeline/1/,4.28,82,0,
2026-05-16T16:01:00.004379,GET,/api/mixed/pipeline/1/,5.25,82,0,
2026-05-16T16:01:00.004822,GET,/api/mixed/http/,108.79,55353,0,
2026-05-16T16:01:00.005236,GET,/api/mixed/db/1/,4.32,247,0,
2026-05-16T16:01:00.009297,GET,/api/mixed/pipeline/1/,2.68,82,0,
2026-05-16T16:01:00.030396,GET,/api/mixed/http/,108.0,55353,0,
2026-05-16T16:01:00.039455,GET,/api/mixed/db/1/,3.7,247,0,
2026-05-16T16:01:00.051908,GET,/api/mixed/db/1/,4.1,247,0,
2026-05-16T16:01:00.055429,GET,/api/mixed/pipeline/1/,2.7,82,0,
2026-05-16T16:01:00.067472,GET,/api/mixed/pipeline/1/,4.43,82,0,
2026-05-16T16:01:00.067878,GET,/api/mixed/pipeline/1/,3.45,82,0,
2026-05-16T16:01:00.069207,GET,/api/mixed/db/1/,5.16,247,0,
2026-05-16T16:01:00.093270,GET,/api/mixed/http/,109.18,55353,0,
2026-05-16T16:01:00.104829,GET,/api/mixed/pipeline/1/,3.24,82,0,
2026-05-16T16:01:00.107482,GET,/api/mixed/pipeline/1/,3.46,82,0,
2026-05-16T16:01:00.111441,GET,/api/mixed/db/1/,4.78,247,0,
2026-05-16T16:01:00.113734,GET,/api/mixed/pipeline/1/,3.25,82,0,
2026-05-16T16:01:00.132869,GET,/api/mixed/db/1/,3.8,247,0,
2026-05-16T16:01:00.136762,GET,/api/mixed/http/,108.34,55353,0,
2026-05-16T16:01:00.140004,GET,/api/mixed/pipeline/1/,2.6,82,0,
2026-05-16T16:01:00.140417,GET,/api/mixed/db/1/,4.52,247,0,
2026-05-16T16:01:00.159570,GET,/api/mixed/http/,108.52,55353,0,
2026-05-16T16:01:00.172443,GET,/api/mixed/http/,109.84,55353,0,
2026-05-16T16:01:00.174631,GET,/api/mixed/http/,108.49,55353,0,
2026-05-16T16:01:00.180672,GET,/api/mixed/pipeline/1/,2.86,82,0,
2026-05-16T16:01:00.181814,GET,/api/mixed/http/,107.31,55353,0,
2026-05-16T16:01:00.200913,GET,/api/mixed/http/,108.54,55353,0,
2026-05-16T16:01:00.201998,GET,/api/mixed/pipeline/1/,3.02,82,0,
2026-05-16T16:01:00.205877,GET,/api/mixed/db/1/,3.78,247,0,
2026-05-16T16:01:00.228151,GET,/api/mixed/db/1/,3.98,247,0,
2026-05-16T16:01:00.279420,GET,/api/mixed/pipeline/1/,4.79,82,0,
2026-05-16T16:01:00.280997,GET,/api/mixed/db/1/,8.49,247,0,
2026-05-16T16:01:00.298437,GET,/api/mixed/db/1/,4.04,247,0,
2026-05-16T16:01:00.331194,GET,/api/mixed/pipeline/1/,2.94,82,0,
2026-05-16T16:01:00.340655,GET,/api/mixed/pipeline/1/,3.14,82,0,
2026-05-16T16:01:00.344367,GET,/api/mixed/db/1/,4.54,247,0,
2026-05-16T16:01:00.346855,GET,/api/mixed/pipeline/1/,3.36,82,0,
2026-05-16T16:01:00.397226,GET,/api/mixed/db/1/,4.48,247,0,
2026-05-16T16:01:00.400595,GET,/api/mixed/db/1/,4.27,247,0,
2026-05-16T16:01:00.426524,GET,/api/mixed/http/,107.76,55353,0,
2026-05-16T16:01:00.475342,GET,/api/mixed/db/1/,4.49,247,0,
2026-05-16T16:01:00.475801,GET,/api/mixed/http/,109.64,55353,0,
2026-05-16T16:01:00.492255,GET,/api/mixed/pipeline/1/,3.1,82,0,
2026-05-16T16:01:00.502679,GET,/api/mixed/db/1/,3.84,247,0,
2026-05-16T16:01:00.506954,GET,/api/mixed/pipeline/1/,2.92,82,0,
2026-05-16T16:01:00.526361,GET,/api/mixed/db/1/,3.97,247,0,
2026-05-16T16:01:00.561188,GET,/api/mixed/pipeline/1/,3.64,82,0,
2026-05-16T16:01:00.561760,GET,/api/mixed/db/1/,3.75,247,0,
2026-05-16T16:01:00.584066,GET,/api/mixed/db/1/,3.68,247,0,
2026-05-16T16:01:00.599105,GET,/api/mixed/pipeline/1/,3.33,82,0,
2026-05-16T16:01:00.602915,GET,/api/mixed/http/,107.47,55353,0,
2026-05-16T16:01:00.609865,GET,/api/mixed/pipeline/1/,2.8,82,0,
2026-05-16T16:01:00.622150,GET,/api/mixed/http/,107.83,55353,0,
2026-05-16T16:01:00.622576,GET,/api/mixed/db/1/,4.11,247,0,
2026-05-16T16:01:00.626254,GET,/api/mixed/http/,108.39,55353,0,
2026-05-16T16:01:00.647756,GET,/api/mixed/pipeline/1/,3.17,82,0,
2026-05-16T16:01:00.651810,GET,/api/mixed/db/1/,3.82,247,0,
2026-05-16T16:01:00.658603,GET,/api/mixed/db/1/,3.48,247,0,
2026-05-16T16:01:00.680676,GET,/api/mixed/db/1/,3.74,247,0,
2026-05-16T16:01:00.694612,GET,/api/mixed/http/,107.35,55353,0,
2026-05-16T16:01:00.703557,GET,/api/mixed/http/,107.37,55353,0,
2026-05-16T16:01:00.727171,GET,/api/mixed/http/,109.15,55353,0,
2026-05-16T16:01:00.727620,GET,/api/mixed/db/1/,5.87,247,0,
2026-05-16T16:01:00.729680,GET,/api/mixed/pipeline/1/,4.49,82,0,
2026-05-16T16:01:00.730059,GET,/api/mixed/pipeline/1/,4.19,82,0,
2026-05-16T16:01:00.755630,GET,/api/mixed/http/,108.69,55353,0,
2026-05-16T16:01:00.761644,GET,/api/mixed/pipeline/1/,2.86,82,0,
2026-05-16T16:01:00.775561,GET,/api/mixed/pipeline/1/,2.82,82,0,
2026-05-16T16:01:00.798566,GET,/api/mixed/db/1/,3.71,247,0,
2026-05-16T16:01:00.815184,GET,/api/mixed/db/1/,3.81,247,0,
2026-05-16T16:01:00.817813,GET,/api/mixed/db/1/,3.73,247,0,
2026-05-16T16:01:00.830793,GET,/api/mixed/http/,107.77,55353,0,
2026-05-16T16:01:00.831821,GET,/api/mixed/pipeline/1/,2.81,82,0,
2026-05-16T16:01:00.834207,GET,/api/mixed/http/,109.95,55353,0,
2026-05-16T16:01:00.842923,GET,/api/mixed/http/,109.51,55353,0,
2026-05-16T16:01:00.856819,GET,/api/mixed/pipeline/1/,3.07,82,0,
2026-05-16T16:01:00.859913,GET,/api/mixed/pipeline/1/,2.97,82,0,
2026-05-16T16:01:00.876818,GET,/api/mixed/http/,107.54,55353,0,
2026-05-16T16:01:00.891777,GET,/api/mixed/db/1/,4.73,247,0,
2026-05-16T16:01:00.894151,GET,/api/mixed/pipeline/1/,3.36,82,0,
2026-05-16T16:01:00.900510,GET,/api/mixed/db/1/,4.11,247,0,
2026-05-16T16:01:00.916709,GET,/api/mixed/pipeline/1/,3.34,82,0,
2026-05-16T16:01:00.920156,GET,/api/mixed/http/,109.28,55353,0,
2026-05-16T16:01:00.921868,GET,/api/mixed/db/1/,3.94,247,0,
2026-05-16T16:01:00.934705,GET,/api/mixed/pipeline/1/,3.01,82,0,
2026-05-16T16:01:00.947132,GET,/api/mixed/pipeline/1/,4.58,82,0,
2026-05-16T16:01:00.950396,GET,/api/mixed/http/,108.95,55353,0,
2026-05-16T16:01:00.970480,GET,/api/mixed/db/1/,4.14,247,0,
2026-05-16T16:01:00.979509,GET,/api/mixed/pipeline/1/,2.75,82,0,
2026-05-16T16:01:01.007687,GET,/api/mixed/http/,108.75,55353,0,
2026-05-16T16:01:01.032974,GET,/api/mixed/http/,107.88,55353,0,
2026-05-16T16:01:01.045812,GET,/api/mixed/pipeline/1/,3.14,82,0,
2026-05-16T16:01:01.048002,GET,/api/mixed/pipeline/1/,2.99,82,0,
2026-05-16T16:01:01.053154,GET,/api/mixed/http/,111.16,55353,0,
2026-05-16T16:01:01.057997,GET,/api/mixed/db/1/,4.72,247,0,
2026-05-16T16:01:01.059490,GET,/api/mixed/db/1/,5.33,247,0,
2026-05-16T16:01:01.061957,GET,/api/mixed/pipeline/1/,5.36,82,0,
2026-05-16T16:01:01.062414,GET,/api/mixed/pipeline/1/,4.23,82,0,
2026-05-16T16:01:01.072681,GET,/api/mixed/db/1/,3.9,247,0,
2026-05-16T16:01:01.089691,GET,/api/mixed/http/,108.31,55353,0,
2026-05-16T16:01:01.093307,GET,/api/mixed/http/,107.47,55353,0,
2026-05-16T16:01:01.096381,GET,/api/mixed/db/1/,3.92,247,0,
2026-05-16T16:01:01.098696,GET,/api/mixed/http/,107.41,55353,0,
2026-05-16T16:01:01.100538,GET,/api/mixed/pipeline/1/,2.95,82,0,
2026-05-16T16:01:01.113121,GET,/api/mixed/pipeline/1/,4.25,82,0,
2026-05-16T16:01:01.125951,GET,/api/mixed/http/,107.87,55353,0,
2026-05-16T16:01:01.139702,GET,/api/mixed/http/,108.07,55353,0,
2026-05-16T16:01:01.146670,GET,/api/mixed/db/1/,4.2,247,0,
2026-05-16T16:01:01.147626,GET,/api/mixed/db/1/,4.03,247,0,
2026-05-16T16:01:01.156193,GET,/api/mixed/pipeline/1/,3.2,82,0,
2026-05-16T16:01:01.163681,GET,/api/mixed/pipeline/1/,3.36,82,0,
2026-05-16T16:01:01.186531,GET,/api/mixed/db/1/,3.91,247,0,
2026-05-16T16:01:01.198305,GET,/api/mixed/http/,109.68,55353,0,
2026-05-16T16:01:01.217942,GET,/api/mixed/http/,108.63,55353,0,
2026-05-16T16:01:01.218422,GET,/api/mixed/http/,108.74,55353,0,
2026-05-16T16:01:01.229474,GET,/api/mixed/db/1/,3.87,247,0,
2026-05-16T16:01:01.234956,GET,/api/mixed/http/,107.67,55353,0,
2026-05-16T16:01:01.250520,GET,/api/mixed/http/,108.49,55353,0,
2026-05-16T16:01:01.263240,GET,/api/mixed/http/,107.85,55353,0,
2026-05-16T16:01:01.273303,GET,/api/mixed/pipeline/1/,2.76,82,0,
2026-05-16T16:01:01.279966,GET,/api/mixed/http/,107.71,55353,0,
2026-05-16T16:01:01.296128,GET,/api/mixed/db/1/,3.81,247,0,
2026-05-16T16:01:01.306894,GET,/api/mixed/db/1/,3.59,247,0,
2026-05-16T16:01:01.311900,GET,/api/mixed/pipeline/1/,2.76,82,0,
2026-05-16T16:01:01.312359,GET,/api/mixed/http/,107.65,55353,0,
2026-05-16T16:01:01.326924,GET,/api/mixed/pipeline/1/,3.38,82,0,
2026-05-16T16:01:01.327368,GET,/api/mixed/pipeline/1/,3.4,82,0,
2026-05-16T16:01:01.331705,GET,/api/mixed/pipeline/1/,2.59,82,0,
2026-05-16T16:01:01.332117,GET,/api/mixed/pipeline/1/,3.42,82,0,
2026-05-16T16:01:01.345651,GET,/api/mixed/pipeline/1/,3.22,82,0,
2026-05-16T16:01:01.346052,GET,/api/mixed/pipeline/1/,3.19,82,0,
2026-05-16T16:01:01.373334,GET,/api/mixed/pipeline/1/,3.02,82,0,
2026-05-16T16:01:01.380302,GET,/api/mixed/db/1/,3.59,247,0,
2026-05-16T16:01:01.400812,GET,/api/mixed/db/1/,5.15,247,0,
2026-05-16T16:01:01.403840,GET,/api/mixed/pipeline/1/,2.82,82,0,
2026-05-16T16:01:01.422518,GET,/api/mixed/db/1/,4.35,247,0,
2026-05-16T16:01:01.424791,GET,/api/mixed/pipeline/1/,3.1,82,0,
2026-05-16T16:01:01.435736,GET,/api/mixed/pipeline/1/,2.62,82,0,
2026-05-16T16:01:01.471385,GET,/api/mixed/pipeline/1/,4.08,82,0,
2026-05-16T16:01:01.471799,GET,/api/mixed/pipeline/1/,2.66,82,0,
2026-05-16T16:01:01.486506,GET,/api/mixed/pipeline/1/,4.33,82,0,
2026-05-16T16:01:01.508317,GET,/api/mixed/http/,108.38,55353,0,
2026-05-16T16:01:01.516752,GET,/api/mixed/db/1/,4.19,247,0,
2026-05-16T16:01:01.528240,GET,/api/mixed/pipeline/1/,3.4,82,0,
2026-05-16T16:01:01.531819,GET,/api/mixed/db/1/,4.49,247,0,
2026-05-16T16:01:01.544473,GET,/api/mixed/db/1/,4.43,247,0,
2026-05-16T16:01:01.547785,GET,/api/mixed/db/1/,4.16,247,0,
2026-05-16T16:01:01.551551,GET,/api/mixed/http/,107.47,55353,0,
2026-05-16T16:01:01.553152,GET,/api/mixed/http/,107.78,55353,0,
2026-05-16T16:01:01.554162,GET,/api/mixed/http/,107.91,55353,0,
2026-05-16T16:01:01.566467,GET,/api/mixed/http/,107.75,55353,0,
2026-05-16T16:01:01.573556,GET,/api/mixed/db/1/,3.77,247,0,
2026-05-16T16:01:01.576558,GET,/api/mixed/http/,108.8,55353,0,
2026-05-16T16:01:01.601442,GET,/api/mixed/pipeline/1/,2.7,82,0,
2026-05-16T16:01:01.613556,GET,/api/mixed/pipeline/1/,3.9,82,0,
2026-05-16T16:01:01.614167,GET,/api/mixed/http/,109.45,55353,0,
2026-05-16T16:01:01.614571,GET,/api/mixed/db/1/,4.43,247,0,
2026-05-16T16:01:01.629193,GET,/api/mixed/http/,108.23,55353,0,
2026-05-16T16:01:01.636204,GET,/api/mixed/db/1/,3.65,247,0,
2026-05-16T16:01:01.688253,GET,/api/mixed/db/1/,3.99,247,0,
2026-05-16T16:01:01.691800,GET,/api/mixed/http/,107.9,55353,0,
2026-05-16T16:01:01.695575,GET,/api/mixed/db/1/,4.64,247,0,
2026-05-16T16:01:01.699523,GET,/api/mixed/http/,108.2,55353,0,
2026-05-16T16:01:01.700416,GET,/api/mixed/pipeline/1/,3.63,82,0,
2026-05-16T16:01:01.702572,GET,/api/mixed/db/1/,4.41,247,0,
2026-05-16T16:01:01.703292,GET,/api/mixed/pipeline/1/,2.78,82,0,
2026-05-16T16:01:01.714182,GET,/api/mixed/db/1/,4.89,247,0,
2026-05-16T16:01:01.721677,GET,/api/mixed/http/,109.04,55353,0,
2026-05-16T16:01:01.728598,GET,/api/mixed/db/1/,3.58,247,0,
2026-05-16T16:01:01.743751,GET,/api/mixed/db/1/,3.79,247,0,
2026-05-16T16:01:01.747329,GET,/api/mixed/http/,107.93,55353,0,
2026-05-16T16:01:01.776464,GET,/api/mixed/http/,107.67,55353,0,
2026-05-16T16:01:01.781550,GET,/api/mixed/pipeline/1/,3.43,82,0,
2026-05-16T16:01:01.784080,GET,/api/mixed/db/1/,4.36,247,0,
2026-05-16T16:01:01.787270,GET,/api/mixed/db/1/,4.01,247,0,
2026-05-16T16:01:01.798694,GET,/api/mixed/pipeline/1/,3.19,82,0,
2026-05-16T16:01:01.800593,GET,/api/mixed/http/,108.18,55353,0,
2026-05-16T16:01:01.801597,GET,/api/mixed/pipeline/1/,3.71,82,0,
2026-05-16T16:01:01.803364,GET,/api/mixed/db/1/,4.07,247,0,
2026-05-16T16:01:01.805692,GET,/api/mixed/http/,108.48,55353,0,
2026-05-16T16:01:01.813874,GET,/api/mixed/http/,108.26,55353,0,
2026-05-16T16:01:01.816731,GET,/api/mixed/db/1/,4.54,247,0,
2026-05-16T16:01:01.821227,GET,/api/mixed/http/,108.61,55353,0,
2026-05-16T16:01:01.832207,GET,/api/mixed/db/1/,3.77,247,0,
2026-05-16T16:01:01.865380,GET,/api/mixed/pipeline/1/,3.94,82,0,
2026-05-16T16:01:01.865820,GET,/api/mixed/pipeline/1/,3.82,82,0,
2026-05-16T16:01:01.886721,GET,/api/mixed/http/,109.06,55353,0,
2026-05-16T16:01:01.887204,GET,/api/mixed/db/1/,4.23,247,0,
2026-05-16T16:01:01.912854,GET,/api/mixed/http/,108.03,55353,0,
2026-05-16T16:01:01.919576,GET,/api/mixed/http/,107.84,55353,0,
2026-05-16T16:01:01.933885,GET,/api/mixed/pipeline/1/,2.94,82,0,
2026-05-16T16:01:01.950989,GET,/api/mixed/pipeline/1/,2.74,82,0,
2026-05-16T16:01:01.957397,GET,/api/mixed/db/1/,4.03,247,0,
2026-05-16T16:01:01.985537,GET,/api/mixed/db/1/,5.15,247,0,
2026-05-16T16:01:01.985935,GET,/api/mixed/db/1/,4.77,247,0,
2026-05-16T16:01:01.989796,GET,/api/mixed/pipeline/1/,2.66,82,0,
2026-05-16T16:01:02.010046,GET,/api/mixed/http/,107.56,55353,0,
2026-05-16T16:01:02.021712,GET,/api/mixed/http/,107.61,55353,0,
2026-05-16T16:01:02.030906,GET,/api/mixed/db/1/,3.89,247,0,
2026-05-16T16:01:02.054232,GET,/api/mixed/pipeline/1/,2.93,82,0,
2026-05-16T16:01:02.061227,GET,/api/mixed/http/,108.33,55353,0,
2026-05-16T16:01:02.079390,GET,/api/mixed/http/,107.63,55353,0,
2026-05-16T16:01:02.088753,GET,/api/mixed/http/,107.96,55353,0,
2026-05-16T16:01:02.100978,GET,/api/mixed/db/1/,4.04,247,0,
2026-05-16T16:01:02.114400,GET,/api/mixed/http/,107.44,55353,0,
2026-05-16T16:01:02.128052,GET,/api/mixed/pipeline/1/,3.3,82,0,
2026-05-16T16:01:02.132632,GET,/api/mixed/pipeline/1/,2.67,82,0,
2026-05-16T16:01:02.158337,GET,/api/mixed/pipeline/1/,2.96,82,0,
2026-05-16T16:01:02.163047,GET,/api/mixed/db/1/,3.46,247,0,
2026-05-16T16:01:02.178313,GET,/api/mixed/pipeline/1/,2.8,82,0,
2026-05-16T16:01:02.187632,GET,/api/mixed/http/,109.18,55353,0,
2026-05-16T16:01:02.191204,GET,/api/mixed/db/1/,4.79,247,0,
2026-05-16T16:01:02.219852,GET,/api/mixed/pipeline/1/,3.81,82,0,
2026-05-16T16:01:02.227335,GET,/api/mixed/db/1/,4.13,247,0,
2026-05-16T16:01:02.229911,GET,/api/mixed/db/1/,3.54,247,0,
2026-05-16T16:01:02.234768,GET,/api/mixed/http/,107.61,55353,0,
2026-05-16T16:01:02.241568,GET,/api/mixed/http/,107.55,55353,0,
2026-05-16T16:01:02.269693,GET,/api/mixed/db/1/,3.8,247,0,
2026-05-16T16:01:02.287441,GET,/api/mixed/pipeline/1/,2.81,82,0,
2026-05-16T16:01:02.295241,GET,/api/mixed/http/,107.48,55353,0,
2026-05-16T16:01:02.304253,GET,/api/mixed/pipeline/1/,2.68,82,0,
2026-05-16T16:01:02.314176,GET,/api/mixed/http/,107.62,55353,0,
2026-05-16T16:01:02.363372,GET,/api/mixed/pipeline/1/,2.88,82,0,
2026-05-16T16:01:02.363789,GET,/api/mixed/db/1/,4.37,247,0,
2026-05-16T16:01:02.379861,GET,/api/mixed/db/1/,3.72,247,0,
2026-05-16T16:01:02.380327,GET,/api/mixed/http/,108.24,55353,0,
2026-05-16T16:01:02.388479,GET,/api/mixed/db/1/,3.78,247,0,
2026-05-16T16:01:02.422795,GET,/api/mixed/db/1/,4.07,247,0,
2026-05-16T16:01:02.437863,GET,/api/mixed/db/1/,3.83,247,0,
2026-05-16T16:01:02.477717,GET,/api/mixed/db/1/,4.49,247,0,
2026-05-16T16:01:02.489026,GET,/api/mixed/pipeline/1/,2.96,82,0,
2026-05-16T16:01:02.495153,GET,/api/mixed/pipeline/1/,2.78,82,0,
2026-05-16T16:01:02.563981,GET,/api/mixed/http/,107.89,55353,0,
2026-05-16T16:01:02.564500,GET,/api/mixed/pipeline/1/,3.21,82,0,
2026-05-16T16:01:02.577235,GET,/api/mixed/http/,107.74,55353,0,
2026-05-16T16:01:02.582400,GET,/api/mixed/db/1/,3.8,247,0,
2026-05-16T16:01:02.588451,GET,/api/mixed/db/1/,4.65,247,0,
2026-05-16T16:01:02.588890,GET,/api/mixed/db/1/,3.96,247,0,
2026-05-16T16:01:02.599148,GET,/api/mixed/pipeline/1/,2.91,82,0,
2026-05-16T16:01:02.615132,GET,/api/mixed/http/,108.8,55353,0,
2026-05-16T16:01:02.617937,GET,/api/mixed/pipeline/1/,3.81,82,0,
2026-05-16T16:01:02.634124,GET,/api/mixed/db/1/,3.88,247,0,
2026-05-16T16:01:02.637693,GET,/api/mixed/db/1/,3.46,247,0,
2026-05-16T16:01:02.640249,GET,/api/mixed/db/1/,3.58,247,0,
2026-05-16T16:01:02.656335,GET,/api/mixed/db/1/,3.49,247,0,
2026-05-16T16:01:02.658061,GET,/api/mixed/pipeline/1/,3.01,82,0,
2026-05-16T16:01:02.669464,GET,/api/mixed/http/,108.65,55353,0,
2026-05-16T16:01:02.676155,GET,/api/mixed/http/,107.5,55353,0,
2026-05-16T16:01:02.699598,GET,/api/mixed/db/1/,3.79,247,0,
2026-05-16T16:01:02.700008,GET,/api/mixed/db/1/,4.67,247,0,
2026-05-16T16:01:02.706033,GET,/api/mixed/pipeline/1/,2.73,82,0,
2026-05-16T16:01:02.708865,GET,/api/mixed/http/,107.39,55353,0,
2026-05-16T16:01:02.725109,GET,/api/mixed/pipeline/1/,2.89,82,0,
2026-05-16T16:01:02.725539,GET,/api/mixed/pipeline/1/,3.83,82,0,
2026-05-16T16:01:02.737450,GET,/api/mixed/db/1/,3.61,247,0,
2026-05-16T16:01:02.750850,GET,/api/mixed/http/,107.42,55353,0,
2026-05-16T16:01:02.759921,GET,/api/mixed/http/,107.98,55353,0,
2026-05-16T16:01:02.765207,GET,/api/mixed/db/1/,3.9,247,0,
2026-05-16T16:01:02.774252,GET,/api/mixed/db/1/,3.69,247,0,
2026-05-16T16:01:02.789497,GET,/api/mixed/pipeline/1/,3.89,82,0,
2026-05-16T16:01:02.804624,GET,/api/mixed/pipeline/1/,2.8,82,0,
2026-05-16T16:01:02.818716,GET,/api/mixed/http/,107.5,55353,0,
2026-05-16T16:01:02.826860,GET,/api/mixed/db/1/,3.59,247,0,
2026-05-16T16:01:02.844579,GET,/api/mixed/pipeline/1/,2.76,82,0,
2026-05-16T16:01:02.857990,GET,/api/mixed/db/1/,4.05,247,0,
2026-05-16T16:01:02.888764,GET,/api/mixed/db/1/,3.82,247,0,
2026-05-16T16:01:02.900741,GET,/api/mixed/db/1/,3.64,247,0,
2026-05-16T16:01:02.907671,GET,/api/mixed/db/1/,3.53,247,0,
2026-05-16T16:01:02.919165,GET,/api/mixed/db/1/,3.81,247,0,
2026-05-16T16:01:02.928527,GET,/api/mixed/http/,108.59,55353,0,
2026-05-16T16:01:02.940774,GET,/api/mixed/http/,107.58,55353,0,
2026-05-16T16:01:02.964328,GET,/api/mixed/db/1/,6.36,247,0,
2026-05-16T16:01:02.965067,GET,/api/mixed/db/1/,6.65,247,0,
2026-05-16T16:01:02.967701,GET,/api/mixed/http/,112.86,55353,0,
2026-05-16T16:01:02.971791,GET,/api/mixed/db/1/,5.78,247,0,
2026-05-16T16:01:02.974592,GET,/api/mixed/http/,108.25,55353,0,
2026-05-16T16:01:02.985278,GET,/api/mixed/pipeline/1/,3.31,82,0,
2026-05-16T16:01:02.992821,GET,/api/mixed/pipeline/1/,3.18,82,0,
2026-05-16T16:01:02.999969,GET,/api/mixed/pipeline/1/,2.75,82,0,
2026-05-16T16:01:03.017553,GET,/api/mixed/http/,107.52,55353,0,
2026-05-16T16:01:03.023020,GET,/api/mixed/pipeline/1/,3.15,82,0,
2026-05-16T16:01:03.031433,GET,/api/mixed/db/1/,3.74,247,0,
2026-05-16T16:01:03.035172,GET,/api/mixed/http/,107.77,55353,0,
2026-05-16T16:01:03.044168,GET,/api/mixed/db/1/,4.86,247,0,
2026-05-16T16:01:03.044650,GET,/api/mixed/pipeline/1/,3.62,82,0,
2026-05-16T16:01:03.059731,GET,/api/mixed/db/1/,3.87,247,0,
2026-05-16T16:01:03.065038,GET,/api/mixed/db/1/,3.96,247,0,
2026-05-16T16:01:03.074800,GET,/api/mixed/pipeline/1/,3.56,82,0,
2026-05-16T16:01:03.075310,GET,/api/mixed/http/,110.09,55353,0,
2026-05-16T16:01:03.075689,GET,/api/mixed/db/1/,3.97,247,0,
2026-05-16T16:01:03.088776,GET,/api/mixed/pipeline/1/,2.77,82,0,
2026-05-16T16:01:03.098844,GET,/api/mixed/db/1/,4.39,247,0,
2026-05-16T16:01:03.108663,GET,/api/mixed/http/,107.33,55353,0,
2026-05-16T16:01:03.115877,GET,/api/mixed/db/1/,3.79,247,0,
2026-05-16T16:01:03.125075,GET,/api/mixed/http/,108.41,55353,0,
2026-05-16T16:01:03.126029,GET,/api/mixed/pipeline/1/,2.92,82,0,
2026-05-16T16:01:03.128140,GET,/api/mixed/http/,107.37,55353,0,
2026-05-16T16:01:03.135588,GET,/api/mixed/http/,108.32,55353,0,
2026-05-16T16:01:03.142538,GET,/api/mixed/pipeline/1/,3.64,82,0,
2026-05-16T16:01:03.145818,GET,/api/mixed/db/1/,4.12,247,0,
2026-05-16T16:01:03.148671,GET,/api/mixed/http/,108.17,55353,0,
2026-05-16T16:01:03.151748,GET,/api/mixed/http/,108.47,55353,0,
2026-05-16T16:01:03.170875,GET,/api/mixed/http/,108.84,55353,0,
2026-05-16T16:01:03.183315,GET,/api/mixed/pipeline/1/,2.84,82,0,
2026-05-16T16:01:03.198530,GET,/api/mixed/http/,108.51,55353,0,
2026-05-16T16:01:03.198942,GET,/api/mixed/db/1/,4.92,247,0,
2026-05-16T16:01:03.205332,GET,/api/mixed/http/,107.75,55353,0,
2026-05-16T16:01:03.229374,GET,/api/mixed/db/1/,3.81,247,0,
2026-05-16T16:01:03.235465,GET,/api/mixed/pipeline/1/,2.7,82,0,
2026-05-16T16:01:03.239153,GET,/api/mixed/db/1/,3.58,247,0,
2026-05-16T16:01:03.241532,GET,/api/mixed/pipeline/1/,3.65,82,0,
2026-05-16T16:01:03.242756,GET,/api/mixed/db/1/,4.44,247,0,
2026-05-16T16:01:03.247568,GET,/api/mixed/http/,108.16,55353,0,
2026-05-16T16:01:03.252373,GET,/api/mixed/pipeline/1/,2.62,82,0,
2026-05-16T16:01:03.253299,GET,/api/mixed/http/,107.37,55353,0,
2026-05-16T16:01:03.258860,GET,/api/mixed/http/,107.99,55353,0,
2026-05-16T16:01:03.265305,GET,/api/mixed/http/,107.4,55353,0,
2026-05-16T16:01:03.271196,GET,/api/mixed/db/1/,3.7,247,0,
2026-05-16T16:01:03.295180,GET,/api/mixed/db/1/,3.79,247,0,
2026-05-16T16:01:03.296966,GET,/api/mixed/http/,107.33,55353,0,
2026-05-16T16:01:03.302654,GET,/api/mixed/http/,107.51,55353,0,
2026-05-16T16:01:03.311323,GET,/api/mixed/db/1/,4.35,247,0,
2026-05-16T16:01:03.314982,GET,/api/mixed/pipeline/1/,4.54,82,0,
2026-05-16T16:01:03.317427,GET,/api/mixed/pipeline/1/,3.31,82,0,
2026-05-16T16:01:03.332539,GET,/api/mixed/db/1/,3.76,247,0,
2026-05-16T16:01:03.344778,GET,/api/mixed/db/1/,3.89,247,0,
2026-05-16T16:01:03.348648,GET,/api/mixed/http/,108.45,55353,0,
2026-05-16T16:01:03.355426,GET,/api/mixed/pipeline/1/,3.89,82,0,
2026-05-16T16:01:03.371567,GET,/api/mixed/pipeline/1/,2.79,82,0,
2026-05-16T16:01:03.383835,GET,/api/mixed/pipeline/1/,2.64,82,0,
2026-05-16T16:01:03.399340,GET,/api/mixed/db/1/,4.18,247,0,
2026-05-16T16:01:03.402602,GET,/api/mixed/db/1/,4.21,247,0,
2026-05-16T16:01:03.420728,GET,/api/mixed/http/,109.26,55353,0,
2026-05-16T16:01:03.448226,GET,/api/mixed/pipeline/1/,2.94,82,0,
2026-05-16T16:01:03.454377,GET,/api/mixed/pipeline/1/,2.96,82,0,
2026-05-16T16:01:03.457640,GET,/api/mixed/db/1/,4.03,247,0,
2026-05-16T16:01:03.458105,GET,/api/mixed/http/,108.12,55353,0,
2026-05-16T16:01:03.467246,GET,/api/mixed/pipeline/1/,2.82,82,0,
2026-05-16T16:01:03.478628,GET,/api/mixed/pipeline/1/,2.61,82,0,
2026-05-16T16:01:03.485567,GET,/api/mixed/db/1/,3.63,247,0,
2026-05-16T16:01:03.498411,GET,/api/mixed/db/1/,5.47,247,0,
2026-05-16T16:01:03.516027,GET,/api/mixed/pipeline/1/,2.95,82,0,
2026-05-16T16:01:03.522164,GET,/api/mixed/http/,108.2,55353,0,
2026-05-16T16:01:03.527350,GET,/api/mixed/http/,107.8,55353,0,
2026-05-16T16:01:03.545535,GET,/api/mixed/db/1/,3.88,247,0,
2026-05-16T16:01:03.564614,GET,/api/mixed/pipeline/1/,2.77,82,0,
2026-05-16T16:01:03.580982,GET,/api/mixed/http/,107.49,55353,0,
2026-05-16T16:01:03.588033,GET,/api/mixed/pipeline/1/,2.73,82,0,
2026-05-16T16:01:03.596091,GET,/api/mixed/db/1/,3.84,247,0,
2026-05-16T16:01:03.604821,GET,/api/mixed/db/1/,3.53,247,0,
2026-05-16T16:01:03.606196,GET,/api/mixed/http/,107.66,55353,0,
2026-05-16T16:01:03.621996,GET,/api/mixed/http/,107.6,55353,0,
2026-05-16T16:01:03.623846,GET,/api/mixed/pipeline/1/,4.86,82,0,
2026-05-16T16:01:03.626292,GET,/api/mixed/db/1/,5.63,247,0,
2026-05-16T16:01:03.626824,GET,/api/mixed/db/1/,4.3,247,0,
2026-05-16T16:01:03.629757,GET,/api/mixed/http/,107.48,55353,0,
2026-05-16T16:01:03.633781,GET,/api/mixed/pipeline/1/,2.7,82,0,
2026-05-16T16:01:03.644123,GET,/api/mixed/pipeline/1/,2.99,82,0,
2026-05-16T16:01:03.650120,GET,/api/mixed/pipeline/1/,2.79,82,0,
2026-05-16T16:01:03.663855,GET,/api/mixed/pipeline/1/,2.81,82,0,
2026-05-16T16:01:03.672213,GET,/api/mixed/db/1/,4.12,247,0,
2026-05-16T16:01:03.674842,GET,/api/mixed/db/1/,4.25,247,0,
2026-05-16T16:01:03.675325,GET,/api/mixed/http/,107.34,55353,0,
2026-05-16T16:01:03.723389,GET,/api/mixed/http/,108.0,55353,0,
2026-05-16T16:01:03.727782,GET,/api/mixed/http/,108.3,55353,0,
2026-05-16T16:01:03.733457,GET,/api/mixed/http/,108.04,55353,0,
2026-05-16T16:01:03.739218,GET,/api/mixed/db/1/,4.39,247,0,
2026-05-16T16:01:03.759914,GET,/api/mixed/http/,107.48,55353,0,
2026-05-16T16:01:03.789276,GET,/api/mixed/http/,107.66,55353,0,
2026-05-16T16:01:03.813731,GET,/api/mixed/db/1/,4.14,247,0,
2026-05-16T16:01:03.817897,GET,/api/mixed/pipeline/1/,2.9,82,0,
2026-05-16T16:01:03.828179,GET,/api/mixed/db/1/,3.96,247,0,
2026-05-16T16:01:03.846222,GET,/api/mixed/http/,107.87,55353,0,
2026-05-16T16:01:03.851505,GET,/api/mixed/http/,107.45,55353,0,
2026-05-16T16:01:03.862729,GET,/api/mixed/db/1/,3.93,247,0,
2026-05-16T16:01:03.872791,GET,/api/mixed/pipeline/1/,2.85,82,0,
2026-05-16T16:01:03.881755,GET,/api/mixed/http/,107.52,55353,0,
2026-05-16T16:01:03.892439,GET,/api/mixed/db/1/,4.35,247,0,
2026-05-16T16:01:03.892852,GET,/api/mixed/db/1/,4.24,247,0,
2026-05-16T16:01:03.941725,GET,/api/mixed/db/1/,6.54,247,0,
2026-05-16T16:01:03.944845,GET,/api/mixed/pipeline/1/,5.18,82,0,
2026-05-16T16:01:03.951137,GET,/api/mixed/db/1/,6.13,247,0,
2026-05-16T16:01:03.979042,GET,/api/mixed/pipeline/1/,2.69,82,0,
2026-05-16T16:01:03.996550,GET,/api/mixed/db/1/,3.82,247,0,
2026-05-16T16:01:04.043125,GET,/api/mixed/db/1/,3.79,247,0,
2026-05-16T16:01:04.054042,GET,/api/mixed/pipeline/1/,2.7,82,0,
2026-05-16T16:01:04.062785,GET,/api/mixed/db/1/,4.44,247,0,
2026-05-16T16:01:04.063472,GET,/api/mixed/pipeline/1/,2.75,82,0,
2026-05-16T16:01:04.081476,GET,/api/mixed/pipeline/1/,2.73,82,0,
2026-05-16T16:01:04.088417,GET,/api/mixed/http/,108.03,55353,0,
2026-05-16T16:01:04.116143,GET,/api/mixed/pipeline/1/,3.52,82,0,
2026-05-16T16:01:04.128765,GET,/api/mixed/http/,110.01,55353,0,
2026-05-16T16:01:04.129653,GET,/api/mixed/pipeline/1/,3.41,82,0,
2026-05-16T16:01:04.133891,GET,/api/mixed/db/1/,5.01,247,0,
2026-05-16T16:01:04.134842,GET,/api/mixed/db/1/,4.21,247,0,
2026-05-16T16:01:04.136929,GET,/api/mixed/http/,111.53,55353,0,
2026-05-16T16:01:04.139296,GET,/api/mixed/db/1/,5.28,247,0,
2026-05-16T16:01:04.140736,GET,/api/mixed/db/1/,5.15,247,0,
2026-05-16T16:01:04.141121,GET,/api/mixed/db/1/,4.08,247,0,
2026-05-16T16:01:04.159883,GET,/api/mixed/pipeline/1/,3.44,82,0,
2026-05-16T16:01:04.160614,GET,/api/mixed/pipeline/1/,2.92,82,0,
2026-05-16T16:01:04.190818,GET,/api/mixed/db/1/,3.79,247,0,
2026-05-16T16:01:04.197159,GET,/api/mixed/pipeline/1/,3.05,82,0,
2026-05-16T16:01:04.197769,GET,/api/mixed/pipeline/1/,2.73,82,0,
2026-05-16T16:01:04.207780,GET,/api/mixed/db/1/,3.7,247,0,
2026-05-16T16:01:04.223309,GET,/api/mixed/http/,108.08,55353,0,
2026-05-16T16:01:04.231350,GET,/api/mixed/pipeline/1/,2.72,82,0,
2026-05-16T16:01:04.236737,GET,/api/mixed/db/1/,4.11,247,0,
2026-05-16T16:01:04.259762,GET,/api/mixed/pipeline/1/,3.3,82,0,
2026-05-16T16:01:04.263621,GET,/api/mixed/db/1/,4.76,247,0,
2026-05-16T16:01:04.265738,GET,/api/mixed/pipeline/1/,3.96,82,0,
2026-05-16T16:01:04.266117,GET,/api/mixed/pipeline/1/,3.9,82,0,
2026-05-16T16:01:04.270285,GET,/api/mixed/pipeline/1/,2.99,82,0,
2026-05-16T16:01:04.273518,GET,/api/mixed/db/1/,4.01,247,0,
2026-05-16T16:01:04.280439,GET,/api/mixed/pipeline/1/,2.61,82,0,
2026-05-16T16:01:04.294370,GET,/api/mixed/pipeline/1/,2.58,82,0,
2026-05-16T16:01:04.301356,GET,/api/mixed/db/1/,3.62,247,0,
2026-05-16T16:01:04.307144,GET,/api/mixed/db/1/,3.43,247,0,
2026-05-16T16:01:04.339880,GET,/api/mixed/db/1/,3.92,247,0,
2026-05-16T16:01:04.341767,GET,/api/mixed/http/,108.71,55353,0,
2026-05-16T16:01:04.344172,GET,/api/mixed/pipeline/1/,3.26,82,0,
2026-05-16T16:01:04.348265,GET,/api/mixed/http/,107.32,55353,0,
2026-05-16T16:01:04.372848,GET,/api/mixed/pipeline/1/,2.7,82,0,
2026-05-16T16:01:04.393116,GET,/api/mixed/pipeline/1/,3.3,82,0,
2026-05-16T16:01:04.405310,GET,/api/mixed/pipeline/1/,2.91,82,0,
2026-05-16T16:01:04.405814,GET,/api/mixed/pipeline/1/,3.82,82,0,
2026-05-16T16:01:04.406789,GET,/api/mixed/db/1/,6.02,247,0,
2026-05-16T16:01:04.421095,GET,/api/mixed/http/,107.62,55353,0,
2026-05-16T16:01:04.422117,GET,/api/mixed/db/1/,3.66,247,0,
2026-05-16T16:01:04.436109,GET,/api/mixed/pipeline/1/,2.68,82,0,
2026-05-16T16:01:04.451132,GET,/api/mixed/pipeline/1/,2.68,82,0,
2026-05-16T16:01:04.454738,GET,/api/mixed/db/1/,3.5,247,0,
2026-05-16T16:01:04.458595,GET,/api/mixed/pipeline/1/,2.56,82,0,
2026-05-16T16:01:04.465156,GET,/api/mixed/http/,107.58,55353,0,
2026-05-16T16:01:04.488079,GET,/api/mixed/http/,107.63,55353,0,
2026-05-16T16:01:04.499604,GET,/api/mixed/http/,107.39,55353,0,
2026-05-16T16:01:04.511248,GET,/api/mixed/db/1/,3.79,247,0,
2026-05-16T16:01:04.511660,GET,/api/mixed/db/1/,4.71,247,0,
2026-05-16T16:01:04.518551,GET,/api/mixed/http/,107.41,55353,0,
2026-05-16T16:01:04.553984,GET,/api/mixed/db/1/,4.36,247,0,
2026-05-16T16:01:04.557153,GET,/api/mixed/db/1/,4.08,247,0,
2026-05-16T16:01:04.583284,GET,/api/mixed/http/,107.94,55353,0,
2026-05-16T16:01:04.593820,GET,/api/mixed/http/,107.51,55353,0,
2026-05-16T16:01:04.594608,GET,/api/mixed/http/,108.73,55353,0,
2026-05-16T16:01:04.613018,GET,/api/mixed/db/1/,3.76,247,0,
2026-05-16T16:01:04.615532,GET,/api/mixed/pipeline/1/,3.81,82,0,
2026-05-16T16:01:04.633106,GET,/api/mixed/http/,108.21,55353,0,
2026-05-16T16:01:04.643479,GET,/api/mixed/http/,108.15,55353,0,
2026-05-16T16:01:04.661328,GET,/api/mixed/db/1/,8.14,247,0,
2026-05-16T16:01:04.676357,GET,/api/mixed/pipeline/1/,14.24,82,0,
2026-05-16T16:01:04.683845,GET,/api/mixed/http/,124.39,55353,0,
2026-05-16T16:01:04.688052,GET,/api/mixed/http/,127.42,55353,0,
2026-05-16T16:01:04.696777,GET,/api/mixed/db/1/,19.6,247,0,
2026-05-16T16:01:04.708132,GET,/api/mixed/http/,113.43,55353,0,
2026-05-16T16:01:04.711399,GET,/api/mixed/db/1/,4.96,247,0,
2026-05-16T16:01:04.711890,GET,/api/mixed/db/1/,4.82,247,0,
2026-05-16T16:01:04.728607,GET,/api/mixed/http/,107.81,55353,0,
2026-05-16T16:01:04.731486,GET,/api/mixed/pipeline/1/,2.76,82,0,
2026-05-16T16:01:04.737625,GET,/api/mixed/http/,108.3,55353,0,
2026-05-16T16:01:04.746163,GET,/api/mixed/http/,108.84,55353,0,
2026-05-16T16:01:04.746646,GET,/api/mixed/http/,108.11,55353,0,
2026-05-16T16:01:04.758287,GET,/api/mixed/http/,109.51,55353,0,
2026-05-16T16:01:04.798560,GET,/api/mixed/pipeline/1/,3.59,82,0,
2026-05-16T16:01:04.809254,GET,/api/mixed/pipeline/1/,2.79,82,0,
2026-05-16T16:01:04.816709,GET,/api/mixed/db/1/,6.13,247,0,
2026-05-16T16:01:04.833937,GET,/api/mixed/pipeline/1/,4.0,82,0,
2026-05-16T16:01:04.841611,GET,/api/mixed/http/,107.92,55353,0,
2026-05-16T16:01:04.842088,GET,/api/mixed/pipeline/1/,3.91,82,0,
2026-05-16T16:01:04.865740,GET,/api/mixed/http/,108.43,55353,0,
2026-05-16T16:01:04.875932,GET,/api/mixed/http/,107.95,55353,0,
2026-05-16T16:01:05.518175,GET,/api/mixed/pipeline/1/,3.38,82,0,
2026-05-16T16:01:05.526437,GET,/api/mixed/pipeline/1/,2.81,82,0,
2026-05-16T16:01:05.526929,GET,/api/mixed/http/,108.71,55353,0,
2026-05-16T16:01:05.530114,GET,/api/mixed/http/,108.19,55353,0,
2026-05-16T16:01:05.539086,GET,/api/mixed/pipeline/1/,3.57,82,0,
2026-05-16T16:01:05.542267,GET,/api/mixed/http/,108.84,55353,0,
2026-05-16T16:01:05.543609,GET,/api/mixed/db/1/,5.41,247,0,
2026-05-16T16:01:05.548444,GET,/api/mixed/db/1/,6.01,247,0,
2026-05-16T16:01:05.566285,GET,/api/mixed/pipeline/1/,3.85,82,0,
2026-05-16T16:01:05.593249,GET,/api/mixed/pipeline/1/,7.2,82,0,
2026-05-16T16:01:05.593648,GET,/api/mixed/pipeline/1/,2.82,82,0,
2026-05-16T16:01:05.600366,GET,/api/mixed/pipeline/1/,3.48,82,0,
2026-05-16T16:01:05.601907,GET,/api/mixed/db/1/,6.0,247,0,
2026-05-16T16:01:05.602308,GET,/api/mixed/db/1/,5.02,247,0,
2026-05-16T16:01:05.626528,GET,/api/mixed/http/,108.22,55353,0,
2026-05-16T16:01:05.644375,GET,/api/mixed/db/1/,4.49,247,0,
2026-05-16T16:01:05.655550,GET,/api/mixed/http/,109.09,55353,0,
2026-05-16T16:01:05.658407,GET,/api/mixed/pipeline/1/,2.74,82,0,
2026-05-16T16:01:05.662964,GET,/api/mixed/http/,107.79,55353,0,
2026-05-16T16:01:05.670858,GET,/api/mixed/http/,110.05,55353,0,
2026-05-16T16:01:05.691030,GET,/api/mixed/db/1/,3.93,247,0,
2026-05-16T16:01:05.700075,GET,/api/mixed/db/1/,3.67,247,0,
2026-05-16T16:01:05.703860,GET,/api/mixed/db/1/,3.67,247,0,
2026-05-16T16:01:05.715217,GET,/api/mixed/http/,107.7,55353,0,
2026-05-16T16:01:05.732655,GET,/api/mixed/http/,108.43,55353,0,
2026-05-16T16:01:05.748957,GET,/api/mixed/http/,107.99,55353,0,
2026-05-16T16:01:05.761693,GET,/api/mixed/http/,108.08,55353,0,
2026-05-16T16:01:05.769812,GET,/api/mixed/db/1/,3.89,247,0,
2026-05-16T16:01:05.784400,GET,/api/mixed/pipeline/1/,3.38,82,0,
2026-05-16T16:01:05.787652,GET,/api/mixed/db/1/,4.08,247,0,
2026-05-16T16:01:05.803674,GET,/api/mixed/db/1/,3.86,247,0,
2026-05-16T16:01:05.829973,GET,/api/mixed/pipeline/1/,2.98,82,0,
2026-05-16T16:01:05.841798,GET,/api/mixed/pipeline/1/,3.59,82,0,
2026-05-16T16:01:05.862975,GET,/api/mixed/pipeline/1/,3.82,82,0,
2026-05-16T16:01:05.864311,GET,/api/mixed/db/1/,4.69,247,0,
2026-05-16T16:01:05.916454,GET,/api/mixed/http/,107.57,55353,0,
2026-05-16T16:01:05.923130,GET,/api/mixed/http/,107.69,55353,0,
2026-05-16T16:01:05.949149,GET,/api/mixed/http/,108.24,55353,0,
2026-05-16T16:01:05.951876,GET,/api/mixed/http/,107.4,55353,0,
2026-05-16T16:01:05.952336,GET,/api/mixed/http/,108.28,55353,0,
2026-05-16T16:01:05.965055,GET,/api/mixed/db/1/,4.38,247,0,
2026-05-16T16:01:05.965496,GET,/api/mixed/db/1/,3.57,247,0,
2026-05-16T16:01:05.966881,GET,/api/mixed/db/1/,3.71,247,0,
2026-05-16T16:01:05.968173,GET,/api/mixed/http/,108.16,55353,0,
2026-05-16T16:01:05.977354,GET,/api/mixed/http/,108.87,55353,0,
2026-05-16T16:01:05.999653,GET,/api/mixed/http/,108.5,55353,0,
2026-05-16T16:01:06.016394,GET,/api/mixed/http/,107.65,55353,0,
2026-05-16T16:01:06.018647,GET,/api/mixed/http/,107.37,55353,0,
2026-05-16T16:01:06.039445,GET,/api/mixed/http/,107.99,55353,0,
2026-05-16T16:01:06.043088,GET,/api/mixed/http/,107.99,55353,0,
2026-05-16T16:01:06.044972,GET,/api/mixed/pipeline/1/,3.3,82,0,
2026-05-16T16:01:06.079981,GET,/api/mixed/pipeline/1/,2.86,82,0,
2026-05-16T16:01:06.100316,GET,/api/mixed/http/,107.59,55353,0,
2026-05-16T16:01:06.105275,GET,/api/mixed/db/1/,3.75,247,0,
2026-05-16T16:01:06.117608,GET,/api/mixed/pipeline/1/,2.93,82,0,
2026-05-16T16:01:06.124063,GET,/api/mixed/db/1/,4.13,247,0,
2026-05-16T16:01:06.124491,GET,/api/mixed/db/1/,3.37,247,0,
2026-05-16T16:01:06.150231,GET,/api/mixed/http/,108.09,55353,0,
2026-05-16T16:01:06.158559,GET,/api/mixed/http/,108.23,55353,0,
2026-05-16T16:01:06.159051,GET,/api/mixed/http/,107.7,55353,0,
2026-05-16T16:01:06.168442,GET,/api/mixed/http/,107.64,55353,0,
2026-05-16T16:01:06.173491,GET,/api/mixed/http/,108.02,55353,0,
2026-05-16T16:01:06.180924,GET,/api/mixed/db/1/,4.11,247,0,
2026-05-16T16:01:06.185482,GET,/api/mixed/pipeline/1/,3.2,82,0,
2026-05-16T16:01:06.186127,GET,/api/mixed/pipeline/1/,2.64,82,0,
2026-05-16T16:01:06.198227,GET,/api/mixed/http/,107.85,55353,0,
2026-05-16T16:01:06.208038,GET,/api/mixed/db/1/,3.85,247,0,
2026-05-16T16:01:06.220958,GET,/api/mixed/pipeline/1/,3.17,82,0,
2026-05-16T16:01:06.221545,GET,/api/mixed/db/1/,4.27,247,0,
2026-05-16T16:01:06.227907,GET,/api/mixed/pipeline/1/,2.71,82,0,
2026-05-16T16:01:06.233304,GET,/api/mixed/http/,107.59,55353,0,
2026-05-16T16:01:06.236610,GET,/api/mixed/db/1/,4.49,247,0,
2026-05-16T16:01:06.239723,GET,/api/mixed/db/1/,3.97,247,0,
2026-05-16T16:01:06.242775,GET,/api/mixed/http/,107.55,55353,0,
2026-05-16T16:01:06.248637,GET,/api/mixed/db/1/,4.49,247,0,
2026-05-16T16:01:06.249549,GET,/api/mixed/db/1/,4.9,247,0,
2026-05-16T16:01:06.251902,GET,/api/mixed/pipeline/1/,3.13,82,0,
2026-05-16T16:01:06.309962,GET,/api/mixed/http/,108.37,55353,0,
2026-05-16T16:01:06.317074,GET,/api/mixed/pipeline/1/,2.77,82,0,
2026-05-16T16:01:06.334565,GET,/api/mixed/http/,109.84,55353,0,
2026-05-16T16:01:06.340481,GET,/api/mixed/pipeline/1/,2.85,82,0,
2026-05-16T16:01:06.340960,GET,/api/mixed/pipeline/1/,3.74,82,0,
2026-05-16T16:01:06.342163,GET,/api/mixed/db/1/,5.4,247,0,
2026-05-16T16:01:06.354300,GET,/api/mixed/db/1/,3.81,247,0,
2026-05-16T16:01:06.365057,GET,/api/mixed/http/,107.77,55353,0,
2026-05-16T16:01:06.387418,GET,/api/mixed/db/1/,5.0,247,0,
2026-05-16T16:01:06.405786,GET,/api/mixed/db/1/,3.99,247,0,
2026-05-16T16:01:06.428987,GET,/api/mixed/pipeline/1/,3.62,82,0,
2026-05-16T16:01:06.430669,GET,/api/mixed/db/1/,4.85,247,0,
2026-05-16T16:01:06.435992,GET,/api/mixed/pipeline/1/,3.13,82,0,
2026-05-16T16:01:06.438363,GET,/api/mixed/http/,107.96,55353,0,
2026-05-16T16:01:06.447819,GET,/api/mixed/db/1/,4.32,247,0,
2026-05-16T16:01:06.448240,GET,/api/mixed/db/1/,5.55,247,0,
2026-05-16T16:01:06.465372,GET,/api/mixed/pipeline/1/,2.89,82,0,
2026-05-16T16:01:06.470566,GET,/api/mixed/db/1/,3.9,247,0,
2026-05-16T16:01:06.497904,GET,/api/mixed/pipeline/1/,2.96,82,0,
2026-05-16T16:01:06.516569,GET,/api/mixed/http/,107.41,55353,0,
2026-05-16T16:01:06.518529,GET,/api/mixed/pipeline/1/,3.41,82,0,
2026-05-16T16:01:06.523296,GET,/api/mixed/http/,107.79,55353,0,
2026-05-16T16:01:06.523744,GET,/api/mixed/http/,109.27,55353,0,
2026-05-16T16:01:06.534972,GET,/api/mixed/http/,107.59,55353,0,
2026-05-16T16:01:06.541062,GET,/api/mixed/pipeline/1/,2.87,82,0,
2026-05-16T16:01:06.543579,GET,/api/mixed/http/,108.39,55353,0,
2026-05-16T16:01:06.551180,GET,/api/mixed/http/,108.06,55353,0,
2026-05-16T16:01:06.555813,GET,/api/mixed/http/,109.24,55353,0,
2026-05-16T16:01:06.557775,GET,/api/mixed/http/,107.84,55353,0,
2026-05-16T16:01:06.569405,GET,/api/mixed/pipeline/1/,3.55,82,0,
2026-05-16T16:01:06.574037,GET,/api/mixed/pipeline/1/,5.6,82,0,
2026-05-16T16:01:06.579633,GET,/api/mixed/db/1/,10.02,247,0,
2026-05-16T16:01:06.590088,GET,/api/mixed/pipeline/1/,3.87,82,0,
2026-05-16T16:01:06.599555,GET,/api/mixed/pipeline/1/,3.94,82,0,
2026-05-16T16:01:06.626914,GET,/api/mixed/db/1/,4.88,247,0,
2026-05-16T16:01:06.628780,GET,/api/mixed/db/1/,5.1,247,0,
2026-05-16T16:01:06.638192,GET,/api/mixed/pipeline/1/,4.13,82,0,
2026-05-16T16:01:06.639681,GET,/api/mixed/http/,108.73,55353,0,
2026-05-16T16:01:06.640813,GET,/api/mixed/pipeline/1/,3.83,82,0,
2026-05-16T16:01:06.646098,GET,/api/mixed/db/1/,4.08,247,0,
2026-05-16T16:01:06.665183,GET,/api/mixed/http/,108.3,55353,0,
2026-05-16T16:01:06.695208,GET,/api/mixed/http/,107.85,55353,0,
2026-05-16T16:01:06.707438,GET,/api/mixed/db/1/,4.32,247,0,
2026-05-16T16:01:06.711584,GET,/api/mixed/pipeline/1/,5.51,82,0,
2026-05-16T16:01:06.728774,GET,/api/mixed/db/1/,4.54,247,0,
2026-05-16T16:01:06.775614,GET,/api/mixed/pipeline/1/,3.04,82,0,
2026-05-16T16:01:06.785611,GET,/api/mixed/http/,108.05,55353,0,
2026-05-16T16:01:06.794733,GET,/api/mixed/pipeline/1/,2.76,82,0,
2026-05-16T16:01:06.807390,GET,/api/mixed/db/1/,3.91,247,0,
2026-05-16T16:01:06.810233,GET,/api/mixed/http/,108.59,55353,0,
2026-05-16T16:01:06.822949,GET,/api/mixed/http/,110.17,55353,0,
2026-05-16T16:01:06.828134,GET,/api/mixed/db/1/,3.82,247,0,
2026-05-16T16:01:06.832050,GET,/api/mixed/http/,108.23,55353,0,
2026-05-16T16:01:06.832515,GET,/api/mixed/http/,109.15,55353,0,
2026-05-16T16:01:06.857702,GET,/api/mixed/db/1/,4.11,247,0,
2026-05-16T16:01:06.865327,GET,/api/mixed/http/,109.2,55353,0,
2026-05-16T16:01:06.885659,GET,/api/mixed/http/,108.86,55353,0,
2026-05-16T16:01:06.888985,GET,/api/mixed/db/1/,4.43,247,0,
2026-05-16T16:01:06.898307,GET,/api/mixed/pipeline/1/,2.95,82,0,
2026-05-16T16:01:06.908387,GET,/api/mixed/db/1/,3.87,247,0,
2026-05-16T16:01:06.910649,GET,/api/mixed/http/,108.57,55353,0,
2026-05-16T16:01:06.911453,GET,/api/mixed/http/,108.39,55353,0,
2026-05-16T16:01:06.945315,GET,/api/mixed/pipeline/1/,5.65,82,0,
2026-05-16T16:01:06.953922,GET,/api/mixed/http/,115.05,55353,0,
2026-05-16T16:01:06.975865,GET,/api/mixed/pipeline/1/,6.56,82,0,
2026-05-16T16:01:07.001646,GET,/api/mixed/db/1/,6.57,247,0,
2026-05-16T16:01:07.013856,GET,/api/mixed/db/1/,6.83,247,0,
2026-05-16T16:01:07.014518,GET,/api/mixed/db/1/,5.72,247,0,
2026-05-16T16:01:07.030145,GET,/api/mixed/db/1/,5.11,247,0,
2026-05-16T16:01:07.037064,GET,/api/mixed/db/1/,4.64,247,0,
2026-05-16T16:01:07.050416,GET,/api/mixed/http/,109.29,55353,0,
2026-05-16T16:01:07.052741,GET,/api/mixed/http/,108.98,55353,0,
2026-05-16T16:01:07.061832,GET,/api/mixed/http/,109.27,55353,0,
2026-05-16T16:01:07.072354,GET,/api/mixed/pipeline/1/,4.34,82,0,
2026-05-16T16:01:07.078935,GET,/api/mixed/http/,109.0,55353,0,
2026-05-16T16:01:07.081746,GET,/api/mixed/http/,109.47,55353,0,
2026-05-16T16:01:07.087380,GET,/api/mixed/http/,109.17,55353,0,
2026-05-16T16:01:07.091864,GET,/api/mixed/db/1/,4.33,247,0,
2026-05-16T16:01:07.092847,GET,/api/mixed/http/,110.1,55353,0,
2026-05-16T16:01:07.169663,GET,/api/mixed/db/1/,4.37,247,0,
2026-05-16T16:01:07.177654,GET,/api/mixed/http/,112.27,55353,0,
2026-05-16T16:01:07.194042,GET,/api/mixed/http/,109.06,55353,0,
2026-05-16T16:01:07.197331,GET,/api/mixed/pipeline/1/,4.51,82,0,
2026-05-16T16:01:07.198808,GET,/api/mixed/db/1/,4.62,247,0,
2026-05-16T16:01:07.205109,GET,/api/mixed/http/,108.05,55353,0,
2026-05-16T16:01:07.215215,GET,/api/mixed/http/,109.56,55353,0,
2026-05-16T16:01:07.247874,GET,/api/mixed/pipeline/1/,3.23,82,0,
2026-05-16T16:01:07.261321,GET,/api/mixed/db/1/,4.05,247,0,
2026-05-16T16:01:07.264929,GET,/api/mixed/pipeline/1/,3.43,82,0,
2026-05-16T16:01:07.285437,GET,/api/mixed/db/1/,7.15,247,0,
2026-05-16T16:01:07.287142,GET,/api/mixed/pipeline/1/,5.4,82,0,
2026-05-16T16:01:07.318420,GET,/api/mixed/db/1/,12.68,247,0,
2026-05-16T16:01:07.325469,GET,/api/mixed/pipeline/1/,4.75,82,0,
2026-05-16T16:01:07.329533,GET,/api/mixed/db/1/,5.97,247,0,
2026-05-16T16:01:07.360546,GET,/api/mixed/http/,108.46,55353,0,
2026-05-16T16:01:07.366009,GET,/api/mixed/db/1/,5.24,247,0,
2026-05-16T16:01:07.366809,GET,/api/mixed/http/,112.11,55353,0,
2026-05-16T16:01:07.396723,GET,/api/mixed/http/,109.4,55353,0,
2026-05-16T16:01:07.417745,GET,/api/mixed/db/1/,6.15,247,0,
2026-05-16T16:01:07.427937,GET,/api/mixed/db/1/,3.82,247,0,
2026-05-16T16:01:07.433179,GET,/api/mixed/http/,108.84,55353,0,
2026-05-16T16:01:07.445064,GET,/api/mixed/http/,109.26,55353,0,
2026-05-16T16:01:07.447838,GET,/api/mixed/db/1/,4.45,247,0,
2026-05-16T16:01:07.453265,GET,/api/mixed/http/,109.42,55353,0,
2026-05-16T16:01:07.458252,GET,/api/mixed/http/,109.12,55353,0,
2026-05-16T16:01:07.473078,GET,/api/mixed/pipeline/1/,3.54,82,0,
2026-05-16T16:01:07.482076,GET,/api/mixed/http/,110.05,55353,0,
2026-05-16T16:01:07.484367,GET,/api/mixed/pipeline/1/,4.1,82,0,
2026-05-16T16:01:07.484844,GET,/api/mixed/pipeline/1/,4.01,82,0,
2026-05-16T16:01:07.487215,GET,/api/mixed/http/,108.41,55353,0,
2026-05-16T16:01:07.504900,GET,/api/mixed/http/,108.03,55353,0,
2026-05-16T16:01:07.508159,GET,/api/mixed/db/1/,4.71,247,0,
2026-05-16T16:01:07.513479,GET,/api/mixed/db/1/,4.04,247,0,
2026-05-16T16:01:07.519066,GET,/api/mixed/http/,109.47,55353,0,
2026-05-16T16:01:07.531344,GET,/api/mixed/http/,108.36,55353,0,
2026-05-16T16:01:07.542270,GET,/api/mixed/db/1/,4.11,247,0,
2026-05-16T16:01:07.558863,GET,/api/mixed/http/,107.84,55353,0,
2026-05-16T16:01:07.569789,GET,/api/mixed/pipeline/1/,6.85,82,0,
2026-05-16T16:01:07.578644,GET,/api/mixed/db/1/,4.21,247,0,
2026-05-16T16:01:07.589483,GET,/api/mixed/http/,110.13,55353,0,
2026-05-16T16:01:07.589916,GET,/api/mixed/db/1/,4.68,247,0,
2026-05-16T16:01:07.609405,GET,/api/mixed/db/1/,4.24,247,0,
2026-05-16T16:01:07.622420,GET,/api/mixed/pipeline/1/,3.1,82,0,
2026-05-16T16:01:07.631190,GET,/api/mixed/pipeline/1/,4.38,82,0,
2026-05-16T16:01:07.632438,GET,/api/mixed/pipeline/1/,4.16,82,0,
2026-05-16T16:01:07.641891,GET,/api/mixed/http/,108.31,55353,0,
2026-05-16T16:01:07.653768,GET,/api/mixed/http/,108.26,55353,0,
2026-05-16T16:01:07.665179,GET,/api/mixed/db/1/,4.16,247,0,
2026-05-16T16:01:07.665716,GET,/api/mixed/http/,108.67,55353,0,
2026-05-16T16:01:07.666267,GET,/api/mixed/http/,108.71,55353,0,
2026-05-16T16:01:07.671606,GET,/api/mixed/db/1/,4.06,247,0,
2026-05-16T16:01:07.672535,GET,/api/mixed/http/,109.16,55353,0,
2026-05-16T16:01:07.674591,GET,/api/mixed/db/1/,4.47,247,0,
2026-05-16T16:01:07.685724,GET,/api/mixed/http/,108.57,55353,0,
2026-05-16T16:01:07.714562,GET,/api/mixed/pipeline/1/,3.13,82,0,
2026-05-16T16:01:07.715021,GET,/api/mixed/db/1/,5.02,247,0,
2026-05-16T16:01:07.720222,GET,/api/mixed/pipeline/1/,3.95,82,0,
2026-05-16T16:01:07.739802,GET,/api/mixed/http/,108.46,55353,0,
2026-05-16T16:01:07.741638,GET,/api/mixed/db/1/,4.15,247,0,
2026-05-16T16:01:07.751910,GET,/api/mixed/pipeline/1/,3.35,82,0,
2026-05-16T16:01:07.759687,GET,/api/mixed/pipeline/1/,5.49,82,0,
2026-05-16T16:01:07.762560,GET,/api/mixed/pipeline/1/,4.55,82,0,
2026-05-16T16:01:07.773760,GET,/api/mixed/pipeline/1/,6.9,82,0,
2026-05-16T16:01:07.774551,GET,/api/mixed/pipeline/1/,6.99,82,0,
2026-05-16T16:01:07.777774,GET,/api/mixed/db/1/,6.81,247,0,
2026-05-16T16:01:07.837840,GET,/api/mixed/db/1/,3.98,247,0,
2026-05-16T16:01:07.857056,GET,/api/mixed/http/,109.14,55353,0,
2026-05-16T16:01:07.857473,GET,/api/mixed/pipeline/1/,4.38,82,0,
2026-05-16T16:01:07.857828,GET,/api/mixed/pipeline/1/,4.25,82,0,
2026-05-16T16:01:07.861654,GET,/api/mixed/db/1/,3.74,247,0,
2026-05-16T16:01:07.869005,GET,/api/mixed/db/1/,4.15,247,0,
2026-05-16T16:01:07.881504,GET,/api/mixed/http/,109.53,55353,0,
2026-05-16T16:01:07.899262,GET,/api/mixed/pipeline/1/,2.98,82,0,
2026-05-16T16:01:07.907548,GET,/api/mixed/db/1/,4.09,247,0,
2026-05-16T16:01:07.908031,GET,/api/mixed/http/,108.0,55353,0,
2026-05-16T16:01:07.938139,GET,/api/mixed/db/1/,4.08,247,0,
2026-05-16T16:01:07.945573,GET,/api/mixed/pipeline/1/,3.18,82,0,
2026-05-16T16:01:07.953553,GET,/api/mixed/pipeline/1/,2.81,82,0,
2026-05-16T16:01:07.962364,GET,/api/mixed/http/,108.39,55353,0,
2026-05-16T16:01:07.962788,GET,/api/mixed/pipeline/1/,2.82,82,0,
2026-05-16T16:01:07.983742,GET,/api/mixed/pipeline/1/,3.79,82,0,
2026-05-16T16:01:07.992694,GET,/api/mixed/pipeline/1/,2.73,82,0,
2026-05-16T16:01:07.993292,GET,/api/mixed/http/,107.55,55353,0,
2026-05-16T16:01:08.017957,GET,/api/mixed/http/,107.59,55353,0,
2026-05-16T16:01:08.059302,GET,/api/mixed/pipeline/1/,2.79,82,0,
2026-05-16T16:01:08.064250,GET,/api/mixed/http/,110.58,55353,0,
2026-05-16T16:01:08.088713,GET,/api/mixed/http/,108.25,55353,0,
2026-05-16T16:01:08.099242,GET,/api/mixed/pipeline/1/,2.86,82,0,
2026-05-16T16:01:08.115358,GET,/api/mixed/pipeline/1/,2.79,82,0,
2026-05-16T16:01:08.119053,GET,/api/mixed/db/1/,3.58,247,0,
2026-05-16T16:01:08.120303,GET,/api/mixed/http/,107.82,55353,0,
2026-05-16T16:01:08.129339,GET,/api/mixed/pipeline/1/,2.86,82,0,
2026-05-16T16:01:08.134190,GET,/api/mixed/db/1/,3.63,247,0,
2026-05-16T16:01:08.134666,GET,/api/mixed/http/,108.41,55353,0,
2026-05-16T16:01:08.135107,GET,/api/mixed/http/,108.33,55353,0,
2026-05-16T16:01:08.140081,GET,/api/mixed/pipeline/1/,3.65,82,0,
2026-05-16T16:01:08.156835,GET,/api/mixed/pipeline/1/,2.87,82,0,
2026-05-16T16:01:08.159667,GET,/api/mixed/http/,107.84,55353,0,
2026-05-16T16:01:08.163508,GET,/api/mixed/db/1/,3.74,247,0,
2026-05-16T16:01:08.172131,GET,/api/mixed/pipeline/1/,2.8,82,0,
2026-05-16T16:01:08.175492,GET,/api/mixed/http/,108.02,55353,0,
2026-05-16T16:01:08.181574,GET,/api/mixed/db/1/,3.7,247,0,
2026-05-16T16:01:08.197282,GET,/api/mixed/http/,108.44,55353,0,
2026-05-16T16:01:08.199255,GET,/api/mixed/db/1/,3.91,247,0,
2026-05-16T16:01:08.220031,GET,/api/mixed/pipeline/1/,2.89,82,0,
2026-05-16T16:01:08.225213,GET,/api/mixed/pipeline/1/,3.82,82,0,
2026-05-16T16:01:08.226769,GET,/api/mixed/db/1/,3.76,247,0,
2026-05-16T16:01:08.240258,GET,/api/mixed/pipeline/1/,3.53,82,0,
2026-05-16T16:01:08.240715,GET,/api/mixed/db/1/,4.54,247,0,
2026-05-16T16:01:08.241089,GET,/api/mixed/pipeline/1/,2.9,82,0,
2026-05-16T16:01:08.253640,GET,/api/mixed/http/,108.2,55353,0,
2026-05-16T16:01:08.263619,GET,/api/mixed/pipeline/1/,2.77,82,0,
2026-05-16T16:01:08.274477,GET,/api/mixed/http/,107.6,55353,0,
2026-05-16T16:01:08.290427,GET,/api/mixed/http/,107.47,55353,0,
2026-05-16T16:01:08.295313,GET,/api/mixed/pipeline/1/,3.49,82,0,
2026-05-16T16:01:08.296768,GET,/api/mixed/db/1/,3.93,247,0,
2026-05-16T16:01:08.316046,GET,/api/mixed/db/1/,4.03,247,0,
2026-05-16T16:01:08.316809,GET,/api/mixed/http/,108.27,55353,0,
2026-05-16T16:01:08.329804,GET,/api/mixed/db/1/,3.69,247,0,
2026-05-16T16:01:08.330281,GET,/api/mixed/http/,107.97,55353,0,
2026-05-16T16:01:08.347033,GET,/api/mixed/db/1/,3.74,247,0,
2026-05-16T16:01:08.356094,GET,/api/mixed/pipeline/1/,2.83,82,0,
2026-05-16T16:01:08.365582,GET,/api/mixed/db/1/,4.12,247,0,
2026-05-16T16:01:08.366047,GET,/api/mixed/db/1/,3.62,247,0,
2026-05-16T16:01:08.371097,GET,/api/mixed/http/,107.37,55353,0,
2026-05-16T16:01:08.385937,GET,/api/mixed/pipeline/1/,3.65,82,0,
2026-05-16T16:01:08.417168,GET,/api/mixed/db/1/,4.0,247,0,
2026-05-16T16:01:08.433490,GET,/api/mixed/pipeline/1/,3.55,82,0,
2026-05-16T16:01:08.433984,GET,/api/mixed/http/,108.94,55353,0,
2026-05-16T16:01:08.434367,GET,/api/mixed/pipeline/1/,3.4,82,0,
2026-05-16T16:01:08.446023,GET,/api/mixed/http/,108.39,55353,0,
2026-05-16T16:01:08.448899,GET,/api/mixed/db/1/,4.34,247,0,
2026-05-16T16:01:08.467136,GET,/api/mixed/pipeline/1/,2.98,82,0,
2026-05-16T16:01:08.472186,GET,/api/mixed/pipeline/1/,2.63,82,0,
2026-05-16T16:01:08.490586,GET,/api/mixed/http/,107.81,55353,0,
2026-05-16T16:01:08.492453,GET,/api/mixed/pipeline/1/,3.05,82,0,
2026-05-16T16:01:08.521723,GET,/api/mixed/db/1/,3.96,247,0,
2026-05-16T16:01:08.529675,GET,/api/mixed/http/,108.28,55353,0,
2026-05-16T16:01:08.562139,GET,/api/mixed/pipeline/1/,3.12,82,0,
2026-05-16T16:01:08.582439,GET,/api/mixed/db/1/,4.07,247,0,
2026-05-16T16:01:08.594522,GET,/api/mixed/db/1/,3.74,247,0,
2026-05-16T16:01:08.621266,GET,/api/mixed/db/1/,4.68,247,0,
2026-05-16T16:01:08.633069,GET,/api/mixed/db/1/,3.82,247,0,
2026-05-16T16:01:08.635674,GET,/api/mixed/db/1/,3.93,247,0,
2026-05-16T16:01:08.644740,GET,/api/mixed/pipeline/1/,2.69,82,0,
2026-05-16T16:01:08.677651,GET,/api/mixed/pipeline/1/,5.07,82,0,
2026-05-16T16:01:08.678135,GET,/api/mixed/db/1/,4.63,247,0,
2026-05-16T16:01:08.699208,GET,/api/mixed/db/1/,4.29,247,0,
2026-05-16T16:01:08.709875,GET,/api/mixed/db/1/,3.77,247,0,
2026-05-16T16:01:08.722252,GET,/api/mixed/http/,108.51,55353,0,
2026-05-16T16:01:08.734046,GET,/api/mixed/http/,108.4,55353,0,
2026-05-16T16:01:08.739191,GET,/api/mixed/db/1/,3.78,247,0,
2026-05-16T16:01:08.762126,GET,/api/mixed/db/1/,3.7,247,0,
2026-05-16T16:01:08.766772,GET,/api/mixed/http/,107.7,55353,0,
2026-05-16T16:01:08.771680,GET,/api/mixed/pipeline/1/,2.68,82,0,
2026-05-16T16:01:08.780221,GET,/api/mixed/pipeline/1/,2.79,82,0,
2026-05-16T16:01:08.782644,GET,/api/mixed/http/,109.52,55353,0,
2026-05-16T16:01:08.787230,GET,/api/mixed/http/,110.49,55353,0,
2026-05-16T16:01:08.787705,GET,/api/mixed/http/,107.34,55353,0,
2026-05-16T16:01:08.807830,GET,/api/mixed/http/,109.5,55353,0,
2026-05-16T16:01:08.808287,GET,/api/mixed/http/,108.94,55353,0,
2026-05-16T16:01:08.811189,GET,/api/mixed/pipeline/1/,2.81,82,0,
2026-05-16T16:01:08.829092,GET,/api/mixed/pipeline/1/,3.12,82,0,
2026-05-16T16:01:08.838177,GET,/api/mixed/http/,107.7,55353,0,
2026-05-16T16:01:08.857607,GET,/api/mixed/db/1/,4.07,247,0,
2026-05-16T16:01:08.863282,GET,/api/mixed/pipeline/1/,3.33,82,0,
2026-05-16T16:01:08.864846,GET,/api/mixed/db/1/,3.66,247,0,
2026-05-16T16:01:08.881607,GET,/api/mixed/http/,107.59,55353,0,
2026-05-16T16:01:08.883434,GET,/api/mixed/pipeline/1/,3.41,82,0,
2026-05-16T16:01:08.888571,GET,/api/mixed/db/1/,3.77,247,0,
2026-05-16T16:01:08.901055,GET,/api/mixed/http/,108.17,55353,0,
2026-05-16T16:01:08.910116,GET,/api/mixed/db/1/,3.87,247,0,
2026-05-16T16:01:08.926972,GET,/api/mixed/pipeline/1/,2.83,82,0,
2026-05-16T16:01:08.934309,GET,/api/mixed/http/,108.89,55353,0,
2026-05-16T16:01:08.939214,GET,/api/mixed/pipeline/1/,3.51,82,0,
2026-05-16T16:01:08.940021,GET,/api/mixed/db/1/,3.9,247,0,
2026-05-16T16:01:08.977300,GET,/api/mixed/db/1/,3.87,247,0,
2026-05-16T16:01:08.992683,GET,/api/mixed/pipeline/1/,3.04,82,0,
2026-05-16T16:01:08.999759,GET,/api/mixed/pipeline/1/,2.71,82,0,
2026-05-16T16:01:09.018943,GET,/api/mixed/pipeline/1/,2.79,82,0,
2026-05-16T16:01:09.020086,GET,/api/mixed/http/,107.61,55353,0,
2026-05-16T16:01:09.025769,GET,/api/mixed/pipeline/1/,3.3,82,0,
2026-05-16T16:01:09.031932,GET,/api/mixed/http/,108.85,55353,0,
2026-05-16T16:01:09.052100,GET,/api/mixed/http/,110.69,55353,0,
2026-05-16T16:01:09.075691,GET,/api/mixed/http/,107.83,55353,0,
2026-05-16T16:01:09.103988,GET,/api/mixed/db/1/,4.52,247,0,
2026-05-16T16:01:09.105784,GET,/api/mixed/pipeline/1/,2.94,82,0,
2026-05-16T16:01:09.109289,GET,/api/mixed/http/,108.34,55353,0,
2026-05-16T16:01:09.111068,GET,/api/mixed/pipeline/1/,3.1,82,0,
2026-05-16T16:01:09.118423,GET,/api/mixed/db/1/,3.75,247,0,
2026-05-16T16:01:09.130450,GET,/api/mixed/pipeline/1/,2.79,82,0,
2026-05-16T16:01:09.131238,GET,/api/mixed/http/,107.54,55353,0,
2026-05-16T16:01:09.137736,GET,/api/mixed/pipeline/1/,3.84,82,0,
2026-05-16T16:01:09.138300,GET,/api/mixed/pipeline/1/,4.86,82,0,
2026-05-16T16:01:09.138769,GET,/api/mixed/http/,108.79,55353,0,
2026-05-16T16:01:09.139199,GET,/api/mixed/db/1/,4.28,247,0,
2026-05-16T16:01:09.139564,GET,/api/mixed/pipeline/1/,3.97,82,0,
2026-05-16T16:01:09.143462,GET,/api/mixed/pipeline/1/,2.69,82,0,
2026-05-16T16:01:09.158070,GET,/api/mixed/db/1/,4.39,247,0,
2026-05-16T16:01:09.158620,GET,/api/mixed/http/,108.44,55353,0,
2026-05-16T16:01:09.161664,GET,/api/mixed/db/1/,4.58,247,0,
2026-05-16T16:01:09.167322,GET,/api/mixed/pipeline/1/,3.28,82,0,
2026-05-16T16:01:09.188994,GET,/api/mixed/http/,108.05,55353,0,
2026-05-16T16:01:09.192356,GET,/api/mixed/db/1/,5.33,247,0,
2026-05-16T16:01:09.192802,GET,/api/mixed/db/1/,5.3,247,0,
2026-05-16T16:01:09.208127,GET,/api/mixed/http/,108.15,55353,0,
2026-05-16T16:01:09.220882,GET,/api/mixed/http/,107.47,55353,0,
2026-05-16T16:01:09.227985,GET,/api/mixed/db/1/,3.87,247,0,
2026-05-16T16:01:09.272765,GET,/api/mixed/http/,107.69,55353,0,
2026-05-16T16:01:09.280074,GET,/api/mixed/http/,107.42,55353,0,
2026-05-16T16:01:09.290987,GET,/api/mixed/pipeline/1/,4.58,82,0,
2026-05-16T16:01:09.301960,GET,/api/mixed/http/,107.77,55353,0,
2026-05-16T16:01:09.321107,GET,/api/mixed/http/,107.57,55353,0,
2026-05-16T16:01:09.339824,GET,/api/mixed/pipeline/1/,2.79,82,0,
2026-05-16T16:01:09.340297,GET,/api/mixed/http/,108.01,55353,0,
2026-05-16T16:01:09.348386,GET,/api/mixed/pipeline/1/,2.75,82,0,
2026-05-16T16:01:09.358610,GET,/api/mixed/http/,107.71,55353,0,
2026-05-16T16:01:09.362181,GET,/api/mixed/http/,107.66,55353,0,
2026-05-16T16:01:09.365243,GET,/api/mixed/http/,108.04,55353,0,
2026-05-16T16:01:09.367031,GET,/api/mixed/pipeline/1/,2.81,82,0,
2026-05-16T16:01:09.386481,GET,/api/mixed/pipeline/1/,3.3,82,0,
2026-05-16T16:01:09.423123,GET,/api/mixed/http/,107.97,55353,0,
2026-05-16T16:01:09.426421,GET,/api/mixed/pipeline/1/,2.73,82,0,
2026-05-16T16:01:09.426828,GET,/api/mixed/pipeline/1/,3.58,82,0,
2026-05-16T16:01:09.436861,GET,/api/mixed/db/1/,3.86,247,0,
2026-05-16T16:01:09.440796,GET,/api/mixed/http/,108.38,55353,0,
2026-05-16T16:01:09.446986,GET,/api/mixed/pipeline/1/,3.0,82,0,
2026-05-16T16:01:09.469363,GET,/api/mixed/db/1/,4.0,247,0,
2026-05-16T16:01:09.475038,GET,/api/mixed/pipeline/1/,3.29,82,0,
2026-05-16T16:01:09.475452,GET,/api/mixed/pipeline/1/,2.46,82,0,
2026-05-16T16:01:09.490702,GET,/api/mixed/db/1/,3.93,247,0,
2026-05-16T16:01:09.494368,GET,/api/mixed/http/,107.65,55353,0,
2026-05-16T16:01:09.494862,GET,/api/mixed/http/,109.19,55353,0,
2026-05-16T16:01:09.508689,GET,/api/mixed/http/,107.45,55353,0,
2026-05-16T16:01:09.511593,GET,/api/mixed/pipeline/1/,2.79,82,0,
2026-05-16T16:01:09.520386,GET,/api/mixed/http/,108.75,55353,0,
2026-05-16T16:01:09.546872,GET,/api/mixed/db/1/,4.23,247,0,
2026-05-16T16:01:09.556975,GET,/api/mixed/db/1/,3.71,247,0,
2026-05-16T16:01:09.571116,GET,/api/mixed/pipeline/1/,2.83,82,0,
2026-05-16T16:01:09.600139,GET,/api/mixed/db/1/,3.8,247,0,
2026-05-16T16:01:09.621247,GET,/api/mixed/pipeline/1/,4.33,82,0,
2026-05-16T16:01:09.622307,GET,/api/mixed/db/1/,5.93,247,0,
2026-05-16T16:01:09.624404,GET,/api/mixed/http/,107.62,55353,0,
2026-05-16T16:01:09.624850,GET,/api/mixed/pipeline/1/,5.16,82,0,
2026-05-16T16:01:09.625551,GET,/api/mixed/db/1/,4.15,247,0,
2026-05-16T16:01:09.635277,GET,/api/mixed/db/1/,5.44,247,0,
2026-05-16T16:01:09.656886,GET,/api/mixed/pipeline/1/,3.14,82,0,
2026-05-16T16:01:09.657503,GET,/api/mixed/db/1/,4.24,247,0,
2026-05-16T16:01:09.662075,GET,/api/mixed/db/1/,3.56,247,0,
2026-05-16T16:01:09.669171,GET,/api/mixed/db/1/,4.86,247,0,
2026-05-16T16:01:09.672507,GET,/api/mixed/db/1/,4.3,247,0,
2026-05-16T16:01:09.677701,GET,/api/mixed/db/1/,3.96,247,0,
2026-05-16T16:01:09.691220,GET,/api/mixed/db/1/,4.26,247,0,
2026-05-16T16:01:09.732693,GET,/api/mixed/pipeline/1/,3.06,82,0,
2026-05-16T16:01:09.750306,GET,/api/mixed/http/,107.67,55353,0,
2026-05-16T16:01:09.765875,GET,/api/mixed/http/,108.27,55353,0,
2026-05-16T16:01:09.766849,GET,/api/mixed/pipeline/1/,4.32,82,0,
2026-05-16T16:01:09.767754,GET,/api/mixed/db/1/,4.74,247,0,
2026-05-16T16:01:09.771502,GET,/api/mixed/db/1/,4.55,247,0,
2026-05-16T16:01:09.786618,GET,/api/mixed/pipeline/1/,3.98,82,0,
2026-05-16T16:01:09.787656,GET,/api/mixed/db/1/,5.77,247,0,
2026-05-16T16:01:09.800879,GET,/api/mixed/db/1/,4.83,247,0,
2026-05-16T16:01:09.847984,GET,/api/mixed/pipeline/1/,3.51,82,0,
2026-05-16T16:01:09.869726,GET,/api/mixed/pipeline/1/,4.41,82,0,
2026-05-16T16:01:09.872482,GET,/api/mixed/http/,108.12,55353,0,
2026-05-16T16:01:09.911215,GET,/api/mixed/db/1/,3.8,247,0,
2026-05-16T16:01:09.920140,GET,/api/mixed/pipeline/1/,3.23,82,0,
2026-05-16T16:01:09.921167,GET,/api/mixed/db/1/,5.65,247,0,
2026-05-16T16:01:09.931421,GET,/api/mixed/db/1/,4.05,247,0,
2026-05-16T16:01:09.955421,GET,/api/mixed/http/,108.34,55353,0,
2026-05-16T16:01:09.965568,GET,/api/mixed/db/1/,3.9,247,0,
2026-05-16T16:01:09.970381,GET,/api/mixed/db/1/,3.55,247,0,
2026-05-16T16:01:09.977382,GET,/api/mixed/http/,107.54,55353,0,
2026-05-16T16:01:10.003047,GET,/api/mixed/db/1/,4.31,247,0,
2026-05-16T16:01:10.010255,GET,/api/mixed/http/,108.55,55353,0,
2026-05-16T16:01:10.028822,GET,/api/mixed/db/1/,4.36,247,0,
2026-05-16T16:01:10.032202,GET,/api/mixed/pipeline/1/,2.77,82,0,
2026-05-16T16:01:10.032675,GET,/api/mixed/db/1/,4.75,247,0,
2026-05-16T16:01:10.051589,GET,/api/mixed/db/1/,4.65,247,0,
2026-05-16T16:01:10.052023,GET,/api/mixed/db/1/,4.56,247,0,
2026-05-16T16:01:10.055393,GET,/api/mixed/db/1/,5.21,247,0,
2026-05-16T16:01:10.055909,GET,/api/mixed/db/1/,3.56,247,0,
2026-05-16T16:01:10.061128,GET,/api/mixed/http/,107.55,55353,0,
2026-05-16T16:01:10.066242,GET,/api/mixed/pipeline/1/,2.75,82,0,
2026-05-16T16:01:10.091466,GET,/api/mixed/http/,107.78,55353,0,
2026-05-16T16:01:10.098767,GET,/api/mixed/pipeline/1/,3.06,82,0,
2026-05-16T16:01:10.103837,GET,/api/mixed/pipeline/1/,2.65,82,0,
2026-05-16T16:01:10.104289,GET,/api/mixed/db/1/,4.24,247,0,
2026-05-16T16:01:10.107154,GET,/api/mixed/http/,108.89,55353,0,
2026-05-16T16:01:10.109136,GET,/api/mixed/db/1/,3.65,247,0,
2026-05-16T16:01:10.114105,GET,/api/mixed/pipeline/1/,2.78,82,0,
2026-05-16T16:01:10.158447,GET,/api/mixed/db/1/,4.73,247,0,
2026-05-16T16:01:10.158896,GET,/api/mixed/db/1/,4.68,247,0,
2026-05-16T16:01:10.167710,GET,/api/mixed/pipeline/1/,3.62,82,0,
2026-05-16T16:01:10.169775,GET,/api/mixed/pipeline/1/,2.95,82,0,
2026-05-16T16:01:10.178063,GET,/api/mixed/db/1/,3.89,247,0,
2026-05-16T16:01:10.190112,GET,/api/mixed/pipeline/1/,2.87,82,0,
2026-05-16T16:01:10.204862,GET,/api/mixed/http/,107.68,55353,0,
2026-05-16T16:01:10.214067,GET,/api/mixed/db/1/,3.85,247,0,
2026-05-16T16:01:10.225291,GET,/api/mixed/db/1/,3.8,247,0,
2026-05-16T16:01:10.236084,GET,/api/mixed/http/,107.82,55353,0,
2026-05-16T16:01:10.239179,GET,/api/mixed/http/,107.3,55353,0,
2026-05-16T16:01:10.244984,GET,/api/mixed/pipeline/1/,2.8,82,0,
2026-05-16T16:01:10.245396,GET,/api/mixed/db/1/,4.88,247,0,
2026-05-16T16:01:10.252891,GET,/api/mixed/http/,107.62,55353,0,
2026-05-16T16:01:10.257824,GET,/api/mixed/pipeline/1/,3.58,82,0,
2026-05-16T16:01:10.259140,GET,/api/mixed/db/1/,3.87,247,0,
2026-05-16T16:01:10.262553,GET,/api/mixed/db/1/,4.61,247,0,
2026-05-16T16:01:10.264643,GET,/api/mixed/db/1/,3.95,247,0,
2026-05-16T16:01:10.278704,GET,/api/mixed/db/1/,3.84,247,0,
2026-05-16T16:01:10.297191,GET,/api/mixed/pipeline/1/,4.65,82,0,
2026-05-16T16:01:10.314518,GET,/api/mixed/pipeline/1/,3.44,82,0,
2026-05-16T16:01:10.318941,GET,/api/mixed/db/1/,4.31,247,0,
2026-05-16T16:01:10.342789,GET,/api/mixed/db/1/,3.94,247,0,
2026-05-16T16:01:10.345698,GET,/api/mixed/db/1/,4.35,247,0,
2026-05-16T16:01:10.349445,GET,/api/mixed/http/,107.88,55353,0,
2026-05-16T16:01:10.353188,GET,/api/mixed/db/1/,3.64,247,0,
2026-05-16T16:01:10.371855,GET,/api/mixed/http/,108.08,55353,0,
2026-05-16T16:01:10.391557,GET,/api/mixed/pipeline/1/,3.42,82,0,
2026-05-16T16:01:10.393684,GET,/api/mixed/http/,108.33,55353,0,
2026-05-16T16:01:10.394933,GET,/api/mixed/db/1/,4.2,247,0,
2026-05-16T16:01:10.401626,GET,/api/mixed/http/,107.71,55353,0,
2026-05-16T16:01:10.415118,GET,/api/mixed/http/,107.6,55353,0,
2026-05-16T16:01:10.418969,GET,/api/mixed/http/,107.42,55353,0,
2026-05-16T16:01:10.441652,GET,/api/mixed/http/,107.82,55353,0,
2026-05-16T16:01:10.442345,GET,/api/mixed/http/,109.03,55353,0,
2026-05-16T16:01:10.443266,GET,/api/mixed/db/1/,5.51,247,0,
2026-05-16T16:01:10.443813,GET,/api/mixed/db/1/,4.5,247,0,
2026-05-16T16:01:10.446872,GET,/api/mixed/pipeline/1/,2.86,82,0,
2026-05-16T16:01:10.451940,GET,/api/mixed/db/1/,3.72,247,0,
2026-05-16T16:01:10.458536,GET,/api/mixed/db/1/,4.19,247,0,
2026-05-16T16:01:10.461708,GET,/api/mixed/db/1/,4.0,247,0,
2026-05-16T16:01:10.486060,GET,/api/mixed/db/1/,4.48,247,0,
2026-05-16T16:01:10.501549,GET,/api/mixed/pipeline/1/,3.15,82,0,
2026-05-16T16:01:10.511964,GET,/api/mixed/db/1/,3.79,247,0,
2026-05-16T16:01:10.536160,GET,/api/mixed/http/,107.88,55353,0,
2026-05-16T16:01:10.536741,GET,/api/mixed/pipeline/1/,2.9,82,0,
2026-05-16T16:01:10.542799,GET,/api/mixed/db/1/,3.74,247,0,
2026-05-16T16:01:10.545452,GET,/api/mixed/db/1/,3.92,247,0,
2026-05-16T16:01:10.551591,GET,/api/mixed/http/,109.13,55353,0,
2026-05-16T16:01:10.584001,GET,/api/mixed/http/,107.93,55353,0,
2026-05-16T16:01:10.589652,GET,/api/mixed/http/,107.63,55353,0,
2026-05-16T16:01:10.594769,GET,/api/mixed/pipeline/1/,2.73,82,0,
2026-05-16T16:01:10.598137,GET,/api/mixed/http/,107.81,55353,0,
2026-05-16T16:01:10.600806,GET,/api/mixed/pipeline/1/,3.79,82,0,
2026-05-16T16:01:10.602981,GET,/api/mixed/http/,108.13,55353,0,
2026-05-16T16:01:10.606132,GET,/api/mixed/db/1/,5.17,247,0,
2026-05-16T16:01:10.607435,GET,/api/mixed/http/,107.35,55353,0,
2026-05-16T16:01:10.607892,GET,/api/mixed/http/,108.34,55353,0,
2026-05-16T16:01:10.612157,GET,/api/mixed/http/,107.35,55353,0,
2026-05-16T16:01:10.629274,GET,/api/mixed/http/,107.9,55353,0,
2026-05-16T16:01:10.667491,GET,/api/mixed/pipeline/1/,2.71,82,0,
2026-05-16T16:01:10.701212,GET,/api/mixed/pipeline/1/,2.9,82,0,
2026-05-16T16:01:10.710046,GET,/api/mixed/http/,110.13,55353,0,
2026-05-16T16:01:10.735186,GET,/api/mixed/http/,107.83,55353,0,
2026-05-16T16:01:10.740015,GET,/api/mixed/http/,107.49,55353,0,
2026-05-16T16:01:10.745799,GET,/api/mixed/pipeline/1/,2.95,82,0,
2026-05-16T16:01:10.747006,GET,/api/mixed/db/1/,4.63,247,0,
2026-05-16T16:01:10.749604,GET,/api/mixed/http/,108.16,55353,0,
2026-05-16T16:01:10.756549,GET,/api/mixed/db/1/,3.77,247,0,
2026-05-16T16:01:10.768327,GET,/api/mixed/db/1/,3.92,247,0,
2026-05-16T16:01:10.773859,GET,/api/mixed/http/,110.35,55353,0,
2026-05-16T16:01:10.777037,GET,/api/mixed/http/,115.12,55353,0,
2026-05-16T16:01:10.793575,GET,/api/mixed/http/,107.77,55353,0,
2026-05-16T16:01:10.846501,GET,/api/mixed/pipeline/1/,3.1,82,0,
2026-05-16T16:01:10.852426,GET,/api/mixed/http/,107.93,55353,0,
2026-05-16T16:01:10.865378,GET,/api/mixed/http/,107.45,55353,0,
2026-05-16T16:01:10.880830,GET,/api/mixed/pipeline/1/,3.44,82,0,
2026-05-16T16:01:10.881588,GET,/api/mixed/db/1/,3.77,247,0,
2026-05-16T16:01:10.884521,GET,/api/mixed/http/,113.41,55353,0,
2026-05-16T16:01:10.887206,GET,/api/mixed/pipeline/1/,3.61,82,0,
2026-05-16T16:01:10.891083,GET,/api/mixed/db/1/,4.69,247,0,
2026-05-16T16:01:10.911681,GET,/api/mixed/db/1/,4.11,247,0,
2026-05-16T16:01:10.914429,GET,/api/mixed/pipeline/1/,3.58,82,0,
2026-05-16T16:01:10.920349,GET,/api/mixed/db/1/,3.7,247,0,
2026-05-16T16:01:10.930168,GET,/api/mixed/http/,108.21,55353,0,
2026-05-16T16:01:10.930671,GET,/api/mixed/http/,108.22,55353,0,
2026-05-16T16:01:10.942811,GET,/api/mixed/pipeline/1/,2.83,82,0,
2026-05-16T16:01:10.958965,GET,/api/mixed/db/1/,3.83,247,0,
2026-05-16T16:01:10.965712,GET,/api/mixed/db/1/,4.38,247,0,
2026-05-16T16:01:10.975494,GET,/api/mixed/http/,107.73,55353,0,
2026-05-16T16:01:10.983727,GET,/api/mixed/db/1/,3.88,247,0,
2026-05-16T16:01:10.991486,GET,/api/mixed/pipeline/1/,3.44,82,0,
2026-05-16T16:01:10.991904,GET,/api/mixed/pipeline/1/,3.41,82,0,
2026-05-16T16:01:10.996715,GET,/api/mixed/pipeline/1/,2.62,82,0,
2026-05-16T16:01:10.997735,GET,/api/mixed/http/,107.57,55353,0,
2026-05-16T16:01:11.009066,GET,/api/mixed/http/,108.25,55353,0,
2026-05-16T16:01:11.009645,GET,/api/mixed/http/,108.38,55353,0,
2026-05-16T16:01:11.011635,GET,/api/mixed/http/,107.6,55353,0,
2026-05-16T16:01:11.117175,GET,/api/mixed/db/1/,4.35,247,0,
2026-05-16T16:01:11.117627,GET,/api/mixed/db/1/,4.39,247,0,
2026-05-16T16:01:11.129121,GET,/api/mixed/pipeline/1/,3.12,82,0,
2026-05-16T16:01:11.137795,GET,/api/mixed/db/1/,4.31,247,0,
2026-05-16T16:01:11.140050,GET,/api/mixed/pipeline/1/,4.04,82,0,
2026-05-16T16:01:11.147119,GET,/api/mixed/pipeline/1/,2.89,82,0,
2026-05-16T16:01:11.148072,GET,/api/mixed/http/,108.17,55353,0,
2026-05-16T16:01:11.196403,GET,/api/mixed/http/,107.64,55353,0,
2026-05-16T16:01:11.204657,GET,/api/mixed/pipeline/1/,2.86,82,0,
2026-05-16T16:01:11.210526,GET,/api/mixed/pipeline/1/,2.73,82,0,
2026-05-16T16:01:11.213030,GET,/api/mixed/http/,107.68,55353,0,
2026-05-16T16:01:11.216775,GET,/api/mixed/http/,107.57,55353,0,
2026-05-16T16:01:11.217553,GET,/api/mixed/http/,108.78,55353,0,
2026-05-16T16:01:11.255335,GET,/api/mixed/http/,108.1,55353,0,
2026-05-16T16:01:11.260424,GET,/api/mixed/pipeline/1/,2.86,82,0,
2026-05-16T16:01:11.264793,GET,/api/mixed/http/,107.49,55353,0,
2026-05-16T16:01:11.275796,GET,/api/mixed/db/1/,4.37,247,0,
2026-05-16T16:01:11.279512,GET,/api/mixed/db/1/,3.6,247,0,
2026-05-16T16:01:11.289738,GET,/api/mixed/pipeline/1/,2.87,82,0,
2026-05-16T16:01:11.293295,GET,/api/mixed/http/,107.51,55353,0,
2026-05-16T16:01:11.296902,GET,/api/mixed/http/,107.5,55353,0,
2026-05-16T16:01:11.367657,GET,/api/mixed/pipeline/1/,6.02,82,0,
2026-05-16T16:01:11.368393,GET,/api/mixed/pipeline/1/,5.86,82,0,
2026-05-16T16:01:11.378048,GET,/api/mixed/db/1/,5.04,247,0,
2026-05-16T16:01:11.409633,GET,/api/mixed/http/,107.54,55353,0,
2026-05-16T16:01:11.417633,GET,/api/mixed/db/1/,3.8,247,0,
2026-05-16T16:01:11.422652,GET,/api/mixed/db/1/,3.67,247,0,
2026-05-16T16:01:11.432605,GET,/api/mixed/db/1/,4.19,247,0,
2026-05-16T16:01:11.438608,GET,/api/mixed/pipeline/1/,2.68,82,0,
2026-05-16T16:01:11.453042,GET,/api/mixed/db/1/,3.76,247,0,
2026-05-16T16:01:11.480694,GET,/api/mixed/http/,109.91,55353,0,
2026-05-16T16:01:11.481102,GET,/api/mixed/pipeline/1/,2.82,82,0,
2026-05-16T16:01:11.497038,GET,/api/mixed/http/,107.62,55353,0,
2026-05-16T16:01:11.507644,GET,/api/mixed/pipeline/1/,3.29,82,0,
2026-05-16T16:01:11.511711,GET,/api/mixed/http/,108.81,55353,0,
2026-05-16T16:01:11.530516,GET,/api/mixed/pipeline/1/,2.95,82,0,
2026-05-16T16:01:11.532176,GET,/api/mixed/http/,107.33,55353,0,
2026-05-16T16:01:11.537079,GET,/api/mixed/http/,108.21,55353,0,
2026-05-16T16:01:11.558056,GET,/api/mixed/db/1/,3.92,247,0,
2026-05-16T16:01:11.567503,GET,/api/mixed/db/1/,3.58,247,0,
2026-05-16T16:01:11.576696,GET,/api/mixed/pipeline/1/,2.83,82,0,
2026-05-16T16:01:11.590529,GET,/api/mixed/pipeline/1/,2.91,82,0,
2026-05-16T16:01:11.604198,GET,/api/mixed/pipeline/1/,2.77,82,0,
2026-05-16T16:01:11.626081,GET,/api/mixed/http/,109.89,55353,0,
2026-05-16T16:01:11.645682,GET,/api/mixed/pipeline/1/,3.21,82,0,
2026-05-16T16:01:11.652072,GET,/api/mixed/http/,107.67,55353,0,
2026-05-16T16:01:11.659174,GET,/api/mixed/db/1/,3.73,247,0,
2026-05-16T16:01:11.669486,GET,/api/mixed/http/,108.04,55353,0,
2026-05-16T16:01:11.670006,GET,/api/mixed/http/,107.34,55353,0,
2026-05-16T16:01:11.676240,GET,/api/mixed/db/1/,3.88,247,0,
2026-05-16T16:01:11.688921,GET,/api/mixed/http/,107.88,55353,0,
2026-05-16T16:01:11.698235,GET,/api/mixed/db/1/,3.93,247,0,
2026-05-16T16:01:11.698663,GET,/api/mixed/db/1/,4.85,247,0,
2026-05-16T16:01:11.704236,GET,/api/mixed/http/,107.33,55353,0,
2026-05-16T16:01:11.711201,GET,/api/mixed/db/1/,3.67,247,0,
2026-05-16T16:01:11.749955,GET,/api/mixed/db/1/,4.18,247,0,
2026-05-16T16:01:11.752111,GET,/api/mixed/db/1/,3.98,247,0,
2026-05-16T16:01:11.754666,GET,/api/mixed/http/,108.41,55353,0,
2026-05-16T16:01:11.755138,GET,/api/mixed/http/,109.34,55353,0,
2026-05-16T16:01:11.770550,GET,/api/mixed/pipeline/1/,3.07,82,0,
2026-05-16T16:01:11.783603,GET,/api/mixed/pipeline/1/,2.84,82,0,
2026-05-16T16:01:11.792708,GET,/api/mixed/pipeline/1/,2.71,82,0,
2026-05-16T16:01:11.795762,GET,/api/mixed/http/,108.33,55353,0,
2026-05-16T16:01:11.813821,GET,/api/mixed/http/,108.2,55353,0,
2026-05-16T16:01:11.815327,GET,/api/mixed/http/,109.26,55353,0,
2026-05-16T16:01:11.829066,GET,/api/mixed/pipeline/1/,3.92,82,0,
2026-05-16T16:01:11.830051,GET,/api/mixed/db/1/,4.52,247,0,
2026-05-16T16:01:11.830426,GET,/api/mixed/db/1/,5.76,247,0,
2026-05-16T16:01:11.852533,GET,/api/mixed/http/,108.1,55353,0,
2026-05-16T16:01:11.858503,GET,/api/mixed/pipeline/1/,2.76,82,0,
2026-05-16T16:01:11.859911,GET,/api/mixed/http/,108.67,55353,0,
2026-05-16T16:01:11.873930,GET,/api/mixed/db/1/,3.83,247,0,
2026-05-16T16:01:11.879842,GET,/api/mixed/pipeline/1/,3.6,82,0,
2026-05-16T16:01:11.885419,GET,/api/mixed/db/1/,4.34,247,0,
2026-05-16T16:01:11.906115,GET,/api/mixed/http/,107.97,55353,0,
2026-05-16T16:01:11.913029,GET,/api/mixed/db/1/,3.67,247,0,
2026-05-16T16:01:11.922136,GET,/api/mixed/pipeline/1/,3.46,82,0,
2026-05-16T16:01:11.947523,GET,/api/mixed/http/,107.8,55353,0,
2026-05-16T16:01:11.953617,GET,/api/mixed/http/,108.22,55353,0,
2026-05-16T16:01:11.959513,GET,/api/mixed/pipeline/1/,2.71,82,0,
2026-05-16T16:01:11.984711,GET,/api/mixed/http/,107.96,55353,0,
2026-05-16T16:01:11.994685,GET,/api/mixed/pipeline/1/,2.74,82,0,
2026-05-16T16:01:11.995356,GET,/api/mixed/http/,107.6,55353,0,
2026-05-16T16:01:12.012403,GET,/api/mixed/pipeline/1/,8.65,82,0,
2026-05-16T16:01:12.016197,GET,/api/mixed/http/,111.04,55353,0,
2026-05-16T16:01:12.016687,GET,/api/mixed/pipeline/1/,4.13,82,0,
2026-05-16T16:01:12.019551,GET,/api/mixed/http/,107.83,55353,0,
2026-05-16T16:01:12.024659,GET,/api/mixed/db/1/,3.9,247,0,
2026-05-16T16:01:12.026463,GET,/api/mixed/pipeline/1/,3.2,82,0,
2026-05-16T16:01:12.027499,GET,/api/mixed/http/,107.56,55353,0,
2026-05-16T16:01:12.033007,GET,/api/mixed/pipeline/1/,3.18,82,0,
2026-05-16T16:01:12.034195,GET,/api/mixed/pipeline/1/,3.4,82,0,
2026-05-16T16:01:12.042386,GET,/api/mixed/pipeline/1/,2.85,82,0,
2026-05-16T16:01:12.046123,GET,/api/mixed/http/,107.71,55353,0,
2026-05-16T16:01:12.049494,GET,/api/mixed/http/,107.61,55353,0,
2026-05-16T16:01:12.053607,GET,/api/mixed/pipeline/1/,2.76,82,0,
2026-05-16T16:01:12.060415,GET,/api/mixed/pipeline/1/,2.47,82,0,
2026-05-16T16:01:12.070449,GET,/api/mixed/http/,107.68,55353,0,
2026-05-16T16:01:12.083050,GET,/api/mixed/http/,107.74,55353,0,
2026-05-16T16:01:12.093139,GET,/api/mixed/pipeline/1/,2.83,82,0,
2026-05-16T16:01:12.097062,GET,/api/mixed/pipeline/1/,2.7,82,0,
2026-05-16T16:01:12.103121,GET,/api/mixed/pipeline/1/,2.73,82,0,
2026-05-16T16:01:12.117996,GET,/api/mixed/db/1/,3.88,247,0,
2026-05-16T16:01:12.121069,GET,/api/mixed/http/,110.6,55353,0,
2026-05-16T16:01:12.140328,GET,/api/mixed/db/1/,3.94,247,0,
2026-05-16T16:01:12.155602,GET,/api/mixed/http/,109.36,55353,0,
2026-05-16T16:01:12.159480,GET,/api/mixed/db/1/,3.75,247,0,
2026-05-16T16:01:12.215597,GET,/api/mixed/http/,109.14,55353,0,
2026-05-16T16:01:12.220495,GET,/api/mixed/pipeline/1/,3.19,82,0,
2026-05-16T16:01:12.227082,GET,/api/mixed/pipeline/1/,3.5,82,0,
2026-05-16T16:01:12.227544,GET,/api/mixed/http/,108.33,55353,0,
2026-05-16T16:01:12.270050,GET,/api/mixed/pipeline/1/,3.08,82,0,
2026-05-16T16:01:12.280628,GET,/api/mixed/db/1/,3.81,247,0,
2026-05-16T16:01:12.282370,GET,/api/mixed/pipeline/1/,3.15,82,0,
2026-05-16T16:01:12.288319,GET,/api/mixed/pipeline/1/,2.7,82,0,
2026-05-16T16:01:12.290876,GET,/api/mixed/http/,108.17,55353,0,
2026-05-16T16:01:12.295168,GET,/api/mixed/http/,107.55,55353,0,
2026-05-16T16:01:12.299050,GET,/api/mixed/db/1/,4.92,247,0,
2026-05-16T16:01:12.299609,GET,/api/mixed/pipeline/1/,3.63,82,0,
2026-05-16T16:01:12.301506,GET,/api/mixed/pipeline/1/,3.33,82,0,
2026-05-16T16:01:12.321356,GET,/api/mixed/http/,108.28,55353,0,
2026-05-16T16:01:12.322214,GET,/api/mixed/http/,108.01,55353,0,
2026-05-16T16:01:12.327475,GET,/api/mixed/http/,107.81,55353,0,
2026-05-16T16:01:12.332230,GET,/api/mixed/http/,107.74,55353,0,
2026-05-16T16:01:12.332690,GET,/api/mixed/db/1/,4.02,247,0,
2026-05-16T16:01:12.341313,GET,/api/mixed/db/1/,4.38,247,0,
2026-05-16T16:01:12.344423,GET,/api/mixed/db/1/,4.69,247,0,
2026-05-16T16:01:12.363708,GET,/api/mixed/db/1/,3.94,247,0,
2026-05-16T16:01:12.365554,GET,/api/mixed/pipeline/1/,3.26,82,0,
2026-05-16T16:01:12.380006,GET,/api/mixed/http/,107.6,55353,0,
2026-05-16T16:01:12.411652,GET,/api/mixed/http/,107.79,55353,0,
2026-05-16T16:01:12.413835,GET,/api/mixed/pipeline/1/,3.55,82,0,
2026-05-16T16:01:12.422503,GET,/api/mixed/http/,108.13,55353,0,
2026-05-16T16:01:12.423839,GET,/api/mixed/db/1/,4.08,247,0,
2026-05-16T16:01:12.429097,GET,/api/mixed/pipeline/1/,4.71,82,0,
2026-05-16T16:01:12.431276,GET,/api/mixed/pipeline/1/,4.21,82,0,
2026-05-16T16:01:12.449915,GET,/api/mixed/db/1/,3.84,247,0,
2026-05-16T16:01:12.505403,GET,/api/mixed/db/1/,7.84,247,0,
2026-05-16T16:01:12.532485,GET,/api/mixed/http/,108.54,55353,0,
2026-05-16T16:01:12.540387,GET,/api/mixed/http/,107.9,55353,0,
2026-05-16T16:01:12.576328,GET,/api/mixed/db/1/,4.73,247,0,
2026-05-16T16:01:12.579499,GET,/api/mixed/db/1/,5.17,247,0,
2026-05-16T16:01:12.581894,GET,/api/mixed/pipeline/1/,3.28,82,0,
2026-05-16T16:01:12.599398,GET,/api/mixed/pipeline/1/,4.15,82,0,
2026-05-16T16:01:12.600217,GET,/api/mixed/db/1/,4.49,247,0,
2026-05-16T16:01:12.617912,GET,/api/mixed/http/,108.14,55353,0,
2026-05-16T16:01:12.622919,GET,/api/mixed/http/,107.66,55353,0,
2026-05-16T16:01:12.630717,GET,/api/mixed/pipeline/1/,3.61,82,0,
2026-05-16T16:01:12.633965,GET,/api/mixed/db/1/,4.31,247,0,
2026-05-16T16:01:12.646384,GET,/api/mixed/pipeline/1/,3.05,82,0,
2026-05-16T16:01:12.675825,GET,/api/mixed/db/1/,3.93,247,0,
2026-05-16T16:01:12.683784,GET,/api/mixed/http/,108.37,55353,0,
2026-05-16T16:01:12.704444,GET,/api/mixed/http/,107.73,55353,0,
2026-05-16T16:01:12.707276,GET,/api/mixed/pipeline/1/,2.71,82,0,
2026-05-16T16:01:12.722396,GET,/api/mixed/db/1/,3.78,247,0,
2026-05-16T16:01:12.750302,GET,/api/mixed/db/1/,6.45,247,0,
2026-05-16T16:01:12.763334,GET,/api/mixed/db/1/,3.66,247,0,
2026-05-16T16:01:12.770020,GET,/api/mixed/db/1/,3.52,247,0,
2026-05-16T16:01:12.777077,GET,/api/mixed/db/1/,3.7,247,0,
2026-05-16T16:01:12.784700,GET,/api/mixed/http/,107.45,55353,0,
2026-05-16T16:01:12.795530,GET,/api/mixed/http/,107.43,55353,0,
2026-05-16T16:01:12.798061,GET,/api/mixed/http/,107.34,55353,0,
2026-05-16T16:01:12.818458,GET,/api/mixed/db/1/,4.05,247,0,
2026-05-16T16:01:12.830232,GET,/api/mixed/http/,109.14,55353,0,
2026-05-16T16:01:12.830721,GET,/api/mixed/http/,109.18,55353,0,
2026-05-16T16:01:12.849511,GET,/api/mixed/db/1/,4.6,247,0,
2026-05-16T16:01:12.852297,GET,/api/mixed/db/1/,3.82,247,0,
2026-05-16T16:01:12.857235,GET,/api/mixed/db/1/,3.6,247,0,
2026-05-16T16:01:12.862128,GET,/api/mixed/db/1/,3.54,247,0,
2026-05-16T16:01:12.876313,GET,/api/mixed/pipeline/1/,2.95,82,0,
2026-05-16T16:01:12.897322,GET,/api/mixed/http/,109.21,55353,0,
2026-05-16T16:01:12.910866,GET,/api/mixed/pipeline/1/,2.62,82,0,
2026-05-16T16:01:12.928211,GET,/api/mixed/pipeline/1/,2.97,82,0,
2026-05-16T16:01:12.935231,GET,/api/mixed/pipeline/1/,2.67,82,0,
2026-05-16T16:01:12.970995,GET,/api/mixed/pipeline/1/,4.49,82,0,
2026-05-16T16:01:12.971621,GET,/api/mixed/db/1/,3.78,247,0,
2026-05-16T16:01:12.983845,GET,/api/mixed/pipeline/1/,4.34,82,0,
2026-05-16T16:01:12.984310,GET,/api/mixed/db/1/,5.35,247,0,
2026-05-16T16:01:12.985091,GET,/api/mixed/db/1/,3.51,247,0,
2026-05-16T16:01:12.985527,GET,/api/mixed/http/,108.0,55353,0,
2026-05-16T16:01:13.005275,GET,/api/mixed/pipeline/1/,3.34,82,0,
2026-05-16T16:01:13.009002,GET,/api/mixed/db/1/,3.59,247,0,
2026-05-16T16:01:13.011966,GET,/api/mixed/http/,108.3,55353,0,
2026-05-16T16:01:13.012436,GET,/api/mixed/http/,107.77,55353,0,
2026-05-16T16:01:13.031077,GET,/api/mixed/db/1/,3.72,247,0,
2026-05-16T16:01:13.042473,GET,/api/mixed/db/1/,3.99,247,0,
2026-05-16T16:01:13.051458,GET,/api/mixed/db/1/,3.66,247,0,
2026-05-16T16:01:13.057459,GET,/api/mixed/db/1/,3.62,247,0,
2026-05-16T16:01:13.065731,GET,/api/mixed/pipeline/1/,2.94,82,0,
2026-05-16T16:01:13.072019,GET,/api/mixed/pipeline/1/,3.05,82,0,
2026-05-16T16:01:13.080088,GET,/api/mixed/pipeline/1/,2.7,82,0,
2026-05-16T16:01:13.088559,GET,/api/mixed/http/,108.11,55353,0,
2026-05-16T16:01:13.090068,GET,/api/mixed/db/1/,4.19,247,0,
2026-05-16T16:01:13.090472,GET,/api/mixed/db/1/,4.16,247,0,
2026-05-16T16:01:13.111530,GET,/api/mixed/pipeline/1/,3.0,82,0,
2026-05-16T16:01:13.118097,GET,/api/mixed/http/,107.83,55353,0,
2026-05-16T16:01:13.121018,GET,/api/mixed/pipeline/1/,2.81,82,0,
2026-05-16T16:01:13.125253,GET,/api/mixed/pipeline/1/,2.85,82,0,
2026-05-16T16:01:13.130059,GET,/api/mixed/db/1/,3.59,247,0,
2026-05-16T16:01:13.131565,GET,/api/mixed/http/,107.85,55353,0,
2026-05-16T16:01:13.166364,GET,/api/mixed/pipeline/1/,5.58,82,0,
2026-05-16T16:01:13.171497,GET,/api/mixed/http/,107.36,55353,0,
2026-05-16T16:01:13.177354,GET,/api/mixed/http/,107.23,55353,0,
2026-05-16T16:01:13.189621,GET,/api/mixed/http/,108.16,55353,0,
2026-05-16T16:01:13.213689,GET,/api/mixed/http/,107.87,55353,0,
2026-05-16T16:01:13.225615,GET,/api/mixed/pipeline/1/,3.59,82,0,
2026-05-16T16:01:13.233832,GET,/api/mixed/db/1/,3.95,247,0,
2026-05-16T16:01:13.240734,GET,/api/mixed/db/1/,8.49,247,0,
2026-05-16T16:01:13.244428,GET,/api/mixed/db/1/,5.91,247,0,
2026-05-16T16:01:13.246735,GET,/api/mixed/pipeline/1/,3.18,82,0,
2026-05-16T16:01:13.270144,GET,/api/mixed/http/,108.83,55353,0,
2026-05-16T16:01:13.270804,GET,/api/mixed/http/,108.69,55353,0,
2026-05-16T16:01:13.271603,GET,/api/mixed/http/,109.87,55353,0,
2026-05-16T16:01:13.273723,GET,/api/mixed/db/1/,4.67,247,0,
2026-05-16T16:01:13.289565,GET,/api/mixed/http/,107.82,55353,0,
2026-05-16T16:01:13.305749,GET,/api/mixed/db/1/,3.81,247,0,
2026-05-16T16:01:13.321754,GET,/api/mixed/http/,107.93,55353,0,
2026-05-16T16:01:13.323926,GET,/api/mixed/http/,107.56,55353,0,
2026-05-16T16:01:13.331059,GET,/api/mixed/http/,108.58,55353,0,
2026-05-16T16:01:13.364217,GET,/api/mixed/http/,107.92,55353,0,
2026-05-16T16:01:13.378717,GET,/api/mixed/http/,110.98,55353,0,
2026-05-16T16:01:13.380462,GET,/api/mixed/pipeline/1/,4.01,82,0,
2026-05-16T16:01:13.391420,GET,/api/mixed/pipeline/1/,2.75,82,0,
2026-05-16T16:01:13.413454,GET,/api/mixed/http/,107.56,55353,0,
2026-05-16T16:01:13.416966,GET,/api/mixed/http/,107.49,55353,0,
2026-05-16T16:01:13.420668,GET,/api/mixed/pipeline/1/,3.15,82,0,
2026-05-16T16:01:13.422426,GET,/api/mixed/db/1/,5.35,247,0,
2026-05-16T16:01:13.428775,GET,/api/mixed/http/,108.5,55353,0,
2026-05-16T16:01:13.429245,GET,/api/mixed/http/,109.45,55353,0,
2026-05-16T16:01:13.437112,GET,/api/mixed/http/,107.93,55353,0,
2026-05-16T16:01:13.441086,GET,/api/mixed/http/,107.67,55353,0,
2026-05-16T16:01:13.450181,GET,/api/mixed/pipeline/1/,2.91,82,0,
2026-05-16T16:01:13.451273,GET,/api/mixed/http/,107.56,55353,0,
2026-05-16T16:01:13.490122,GET,/api/mixed/http/,112.61,55353,0,
2026-05-16T16:01:13.490615,GET,/api/mixed/http/,111.27,55353,0,
2026-05-16T16:01:13.491048,GET,/api/mixed/http/,112.11,55353,0,
2026-05-16T16:01:13.496383,GET,/api/mixed/db/1/,4.0,247,0,
2026-05-16T16:01:13.502327,GET,/api/mixed/db/1/,3.61,247,0,
2026-05-16T16:01:13.520888,GET,/api/mixed/db/1/,4.24,247,0,
2026-05-16T16:01:13.523528,GET,/api/mixed/db/1/,3.53,247,0,
2026-05-16T16:01:13.526338,GET,/api/mixed/pipeline/1/,2.7,82,0,
2026-05-16T16:01:13.540033,GET,/api/mixed/pipeline/1/,2.72,82,0,
2026-05-16T16:01:13.545654,GET,/api/mixed/db/1/,4.22,247,0,
2026-05-16T16:01:13.558815,GET,/api/mixed/db/1/,3.83,247,0,
2026-05-16T16:01:13.579021,GET,/api/mixed/pipeline/1/,3.86,82,0,
2026-05-16T16:01:13.579720,GET,/api/mixed/db/1/,4.04,247,0,
2026-05-16T16:01:13.587579,GET,/api/mixed/pipeline/1/,2.68,82,0,
2026-05-16T16:01:13.611872,GET,/api/mixed/pipeline/1/,3.06,82,0,
2026-05-16T16:01:13.617285,GET,/api/mixed/http/,107.64,55353,0,
2026-05-16T16:01:13.620866,GET,/api/mixed/http/,107.68,55353,0,
2026-05-16T16:01:13.631221,GET,/api/mixed/db/1/,4.31,247,0,
2026-05-16T16:01:13.638299,GET,/api/mixed/http/,108.6,55353,0,
2026-05-16T16:01:13.650972,GET,/api/mixed/http/,108.36,55353,0,
2026-05-16T16:01:13.669563,GET,/api/mixed/pipeline/1/,3.18,82,0,
2026-05-16T16:01:13.682255,GET,/api/mixed/pipeline/1/,3.32,82,0,
2026-05-16T16:01:13.686348,GET,/api/mixed/pipeline/1/,2.87,82,0,
2026-05-16T16:01:13.700172,GET,/api/mixed/pipeline/1/,4.9,82,0,
2026-05-16T16:01:13.700713,GET,/api/mixed/pipeline/1/,5.96,82,0,
2026-05-16T16:01:13.721603,GET,/api/mixed/pipeline/1/,3.91,82,0,
2026-05-16T16:01:13.733758,GET,/api/mixed/pipeline/1/,6.47,82,0,
2026-05-16T16:01:13.752797,GET,/api/mixed/db/1/,5.24,247,0,
2026-05-16T16:01:13.774602,GET,/api/mixed/db/1/,4.84,247,0,
2026-05-16T16:01:13.791111,GET,/api/mixed/db/1/,4.26,247,0,
2026-05-16T16:01:13.805135,GET,/api/mixed/pipeline/1/,3.76,82,0,
2026-05-16T16:01:13.805940,GET,/api/mixed/http/,108.98,55353,0,
2026-05-16T16:01:13.808080,GET,/api/mixed/http/,109.0,55353,0,
2026-05-16T16:01:13.808528,GET,/api/mixed/pipeline/1/,4.38,82,0,
2026-05-16T16:01:13.819265,GET,/api/mixed/pipeline/1/,3.3,82,0,
2026-05-16T16:01:13.824943,GET,/api/mixed/http/,108.51,55353,0,
2026-05-16T16:01:13.847910,GET,/api/mixed/http/,109.91,55353,0,
2026-05-16T16:01:13.867926,GET,/api/mixed/db/1/,4.98,247,0,
2026-05-16T16:01:13.879679,GET,/api/mixed/http/,109.53,55353,0,
2026-05-16T16:01:13.880169,GET,/api/mixed/http/,110.95,55353,0,
2026-05-16T16:01:13.887469,GET,/api/mixed/db/1/,4.12,247,0,
2026-05-16T16:01:13.898732,GET,/api/mixed/pipeline/1/,3.98,82,0,
2026-05-16T16:01:13.899928,GET,/api/mixed/db/1/,4.57,247,0,
2026-05-16T16:01:13.916431,GET,/api/mixed/pipeline/1/,3.06,82,0,
2026-05-16T16:01:13.951791,GET,/api/mixed/http/,108.6,55353,0,
2026-05-16T16:01:13.952286,GET,/api/mixed/pipeline/1/,2.92,82,0,
2026-05-16T16:01:13.956267,GET,/api/mixed/http/,109.89,55353,0,
2026-05-16T16:01:13.965029,GET,/api/mixed/http/,108.9,55353,0,
2026-05-16T16:01:13.968455,GET,/api/mixed/db/1/,4.6,247,0,
2026-05-16T16:01:13.981197,GET,/api/mixed/http/,114.32,55353,0,
2026-05-16T16:01:13.982899,GET,/api/mixed/http/,112.26,55353,0,
2026-05-16T16:01:13.992637,GET,/api/mixed/pipeline/1/,3.42,82,0,
2026-05-16T16:01:14.018727,GET,/api/mixed/http/,110.62,55353,0,
2026-05-16T16:01:14.025046,GET,/api/mixed/db/1/,4.86,247,0,
2026-05-16T16:01:14.035432,GET,/api/mixed/db/1/,4.35,247,0,
2026-05-16T16:01:14.036677,GET,/api/mixed/http/,107.96,55353,0,
2026-05-16T16:01:14.069044,GET,/api/mixed/http/,108.48,55353,0,
2026-05-16T16:01:14.088561,GET,/api/mixed/pipeline/1/,3.21,82,0,
2026-05-16T16:01:14.095873,GET,/api/mixed/pipeline/1/,5.79,82,0,
2026-05-16T16:01:14.115295,GET,/api/mixed/db/1/,4.97,247,0,
2026-05-16T16:01:14.126323,GET,/api/mixed/db/1/,5.74,247,0,
2026-05-16T16:01:14.133572,GET,/api/mixed/http/,108.36,55353,0,
2026-05-16T16:01:14.141327,GET,/api/mixed/pipeline/1/,4.54,82,0,
2026-05-16T16:01:14.143158,GET,/api/mixed/db/1/,5.21,247,0,
2026-05-16T16:01:14.155528,GET,/api/mixed/http/,108.46,55353,0,
2026-05-16T16:01:14.160822,GET,/api/mixed/pipeline/1/,4.05,82,0,
2026-05-16T16:01:14.163965,GET,/api/mixed/db/1/,4.21,247,0,
2026-05-16T16:01:14.187348,GET,/api/mixed/db/1/,4.21,247,0,
2026-05-16T16:01:14.196967,GET,/api/mixed/db/1/,4.14,247,0,
2026-05-16T16:01:14.208792,GET,/api/mixed/pipeline/1/,4.55,82,0,
2026-05-16T16:01:14.234172,GET,/api/mixed/pipeline/1/,3.14,82,0,
2026-05-16T16:01:14.244467,GET,/api/mixed/db/1/,4.11,247,0,
2026-05-16T16:01:14.253737,GET,/api/mixed/http/,108.21,55353,0,
2026-05-16T16:01:14.286177,GET,/api/mixed/http/,110.86,55353,0,
2026-05-16T16:01:14.296869,GET,/api/mixed/db/1/,6.24,247,0,
2026-05-16T16:01:14.305251,GET,/api/mixed/db/1/,8.21,247,0,
2026-05-16T16:01:14.314630,GET,/api/mixed/pipeline/1/,4.05,82,0,
2026-05-16T16:01:14.334326,GET,/api/mixed/db/1/,12.33,247,0,
2026-05-16T16:01:14.342297,GET,/api/mixed/db/1/,7.11,247,0,
2026-05-16T16:01:14.383219,GET,/api/mixed/db/1/,4.56,247,0,
2026-05-16T16:01:14.408791,GET,/api/mixed/http/,110.4,55353,0,
2026-05-16T16:01:14.437591,GET,/api/mixed/pipeline/1/,11.3,82,0,
2026-05-16T16:01:14.438431,GET,/api/mixed/db/1/,13.26,247,0,
2026-05-16T16:01:14.439490,GET,/api/mixed/pipeline/1/,9.32,82,0,
2026-05-16T16:01:14.478850,GET,/api/mixed/http/,146.87,55353,0,
2026-05-16T16:01:14.492458,GET,/api/mixed/http/,146.9,55353,0,
2026-05-16T16:01:14.493921,GET,/api/mixed/pipeline/1/,26.53,82,0,
2026-05-16T16:01:14.498710,GET,/api/mixed/db/1/,19.23,247,0,
2026-05-16T16:01:14.501237,GET,/api/mixed/db/1/,31.9,247,0,
2026-05-16T16:01:14.519983,GET,/api/mixed/http/,117.45,55353,0,
2026-05-16T16:01:14.550881,GET,/api/mixed/http/,123.52,55353,0,
2026-05-16T16:01:14.561630,GET,/api/mixed/db/1/,13.26,247,0,
2026-05-16T16:01:14.563540,GET,/api/mixed/db/1/,12.33,247,0,
2026-05-16T16:01:14.568283,GET,/api/mixed/pipeline/1/,9.09,82,0,
2026-05-16T16:01:14.570851,GET,/api/mixed/db/1/,5.84,247,0,
2026-05-16T16:01:14.583092,GET,/api/mixed/http/,149.05,55353,0,
2026-05-16T16:01:14.587712,GET,/api/mixed/http/,152.21,55353,0,
2026-05-16T16:01:14.606754,GET,/api/mixed/db/1/,8.5,247,0,
2026-05-16T16:01:14.607418,GET,/api/mixed/pipeline/1/,6.65,82,0,
2026-05-16T16:01:14.615234,GET,/api/mixed/pipeline/1/,6.78,82,0,
2026-05-16T16:01:14.616672,GET,/api/mixed/http/,131.76,55353,0,
2026-05-16T16:01:14.629614,GET,/api/mixed/pipeline/1/,4.44,82,0,
2026-05-16T16:01:14.630183,GET,/api/mixed/http/,112.25,55353,0,
2026-05-16T16:01:14.643064,GET,/api/mixed/http/,116.83,55353,0,
2026-05-16T16:01:14.683816,GET,/api/mixed/pipeline/1/,5.22,82,0,
2026-05-16T16:01:14.693599,GET,/api/mixed/pipeline/1/,5.63,82,0,
2026-05-16T16:01:14.698734,GET,/api/mixed/http/,110.8,55353,0,
2026-05-16T16:01:14.708355,GET,/api/mixed/http/,116.64,55353,0,
2026-05-16T16:01:14.714450,GET,/api/mixed/http/,111.97,55353,0,
2026-05-16T16:01:14.721047,GET,/api/mixed/http/,113.46,55353,0,
2026-05-16T16:01:14.746137,GET,/api/mixed/http/,113.39,55353,0,
2026-05-16T16:01:14.746685,GET,/api/mixed/http/,112.31,55353,0,
2026-05-16T16:01:14.780953,GET,/api/mixed/db/1/,8.03,247,0,
2026-05-16T16:01:14.782296,GET,/api/mixed/pipeline/1/,4.96,82,0,
2026-05-16T16:01:14.789534,GET,/api/mixed/http/,114.75,55353,0,
2026-05-16T16:01:14.790161,GET,/api/mixed/http/,114.69,55353,0,
2026-05-16T16:01:14.795695,GET,/api/mixed/http/,111.7,55353,0,
2026-05-16T16:01:14.804221,GET,/api/mixed/http/,108.34,55353,0,
2026-05-16T16:01:14.814777,GET,/api/mixed/pipeline/1/,4.16,82,0,
2026-05-16T16:01:14.830334,GET,/api/mixed/pipeline/1/,6.53,82,0,
2026-05-16T16:01:14.834189,GET,/api/mixed/db/1/,5.46,247,0,
2026-05-16T16:01:14.838108,GET,/api/mixed/db/1/,5.08,247,0,
2026-05-16T16:01:14.866500,GET,/api/mixed/http/,110.6,55353,0,
2026-05-16T16:01:14.897970,GET,/api/mixed/pipeline/1/,3.64,82,0,
2026-05-16T16:01:14.904106,GET,/api/mixed/http/,109.67,55353,0,
2026-05-16T16:01:14.911033,GET,/api/mixed/pipeline/1/,7.98,82,0,
2026-05-16T16:01:14.911818,GET,/api/mixed/http/,115.98,55353,0,
2026-05-16T16:01:14.914373,GET,/api/mixed/pipeline/1/,8.47,82,0,
2026-05-16T16:01:14.915290,GET,/api/mixed/db/1/,7.71,247,0,
2026-05-16T16:01:14.920287,GET,/api/mixed/http/,108.38,55353,0,
2026-05-16T16:01:14.930807,GET,/api/mixed/http/,111.72,55353,0,
2026-05-16T16:01:14.936694,GET,/api/mixed/http/,110.15,55353,0,
2026-05-16T16:01:14.976429,GET,/api/mixed/pipeline/1/,7.37,82,0,
2026-05-16T16:01:14.994578,GET,/api/mixed/http/,112.64,55353,0,
2026-05-16T16:01:14.999633,GET,/api/mixed/http/,114.03,55353,0,
2026-05-16T16:01:15.001516,GET,/api/mixed/db/1/,9.51,247,0,
2026-05-16T16:01:15.027114,GET,/api/mixed/db/1/,7.54,247,0,
2026-05-16T16:01:15.031550,GET,/api/mixed/pipeline/1/,4.22,82,0,
2026-05-16T16:01:15.037981,GET,/api/mixed/db/1/,6.2,247,0,
2026-05-16T16:01:15.043350,GET,/api/mixed/db/1/,7.17,247,0,
2026-05-16T16:01:15.051569,GET,/api/mixed/pipeline/1/,5.89,82,0,
2026-05-16T16:01:15.081497,GET,/api/mixed/db/1/,5.59,247,0,
2026-05-16T16:01:15.092480,GET,/api/mixed/db/1/,7.52,247,0,
2026-05-16T16:01:15.094936,GET,/api/mixed/http/,118.06,55353,0,
2026-05-16T16:01:15.095865,GET,/api/mixed/http/,117.11,55353,0,
2026-05-16T16:01:15.108865,GET,/api/mixed/pipeline/1/,5.06,82,0,
2026-05-16T16:01:15.109691,GET,/api/mixed/db/1/,5.06,247,0,
2026-05-16T16:01:15.110334,GET,/api/mixed/http/,110.49,55353,0,
2026-05-16T16:01:15.117424,GET,/api/mixed/db/1/,4.88,247,0,
2026-05-16T16:01:15.143181,GET,/api/mixed/db/1/,4.45,247,0,
2026-05-16T16:01:15.158979,GET,/api/mixed/http/,111.12,55353,0,
2026-05-16T16:01:15.159960,GET,/api/mixed/http/,113.03,55353,0,
2026-05-16T16:01:15.161048,GET,/api/mixed/pipeline/1/,3.62,82,0,
2026-05-16T16:01:15.167380,GET,/api/mixed/db/1/,4.13,247,0,
2026-05-16T16:01:15.188814,GET,/api/mixed/pipeline/1/,7.17,82,0,
2026-05-16T16:01:15.189451,GET,/api/mixed/db/1/,8.45,247,0,
2026-05-16T16:01:15.192946,GET,/api/mixed/pipeline/1/,3.39,82,0,
2026-05-16T16:01:15.205216,GET,/api/mixed/http/,112.41,55353,0,
2026-05-16T16:01:15.223874,GET,/api/mixed/pipeline/1/,3.01,82,0,
2026-05-16T16:01:15.239167,GET,/api/mixed/pipeline/1/,3.4,82,0,
2026-05-16T16:01:15.262677,GET,/api/mixed/db/1/,4.77,247,0,
2026-05-16T16:01:15.278357,GET,/api/mixed/http/,108.35,55353,0,
2026-05-16T16:01:15.284360,GET,/api/mixed/pipeline/1/,4.63,82,0,
2026-05-16T16:01:15.293649,GET,/api/mixed/http/,108.45,55353,0,
2026-05-16T16:01:15.306045,GET,/api/mixed/db/1/,4.13,247,0,
2026-05-16T16:01:15.313389,GET,/api/mixed/http/,109.48,55353,0,
2026-05-16T16:01:15.322115,GET,/api/mixed/db/1/,5.67,247,0,
2026-05-16T16:01:15.322618,GET,/api/mixed/http/,109.35,55353,0,
2026-05-16T16:01:15.333191,GET,/api/mixed/pipeline/1/,5.35,82,0,
2026-05-16T16:01:15.336816,GET,/api/mixed/http/,110.59,55353,0,
2026-05-16T16:01:15.349362,GET,/api/mixed/http/,108.98,55353,0,
2026-05-16T16:01:15.356999,GET,/api/mixed/db/1/,4.12,247,0,
2026-05-16T16:01:15.369528,GET,/api/mixed/http/,110.44,55353,0,
2026-05-16T16:01:15.371909,GET,/api/mixed/pipeline/1/,3.49,82,0,
2026-05-16T16:01:15.376489,GET,/api/mixed/http/,109.23,55353,0,
2026-05-16T16:01:15.387635,GET,/api/mixed/db/1/,4.71,247,0,
2026-05-16T16:01:15.392340,GET,/api/mixed/http/,109.49,55353,0,
2026-05-16T16:01:15.395760,GET,/api/mixed/http/,108.28,55353,0,
2026-05-16T16:01:15.420939,GET,/api/mixed/db/1/,4.87,247,0,
2026-05-16T16:01:15.421429,GET,/api/mixed/http/,109.2,55353,0,
2026-05-16T16:01:15.423255,GET,/api/mixed/pipeline/1/,3.39,82,0,
2026-05-16T16:01:15.431603,GET,/api/mixed/pipeline/1/,5.18,82,0,
2026-05-16T16:01:15.441184,GET,/api/mixed/http/,110.77,55353,0,
2026-05-16T16:01:15.454823,GET,/api/mixed/db/1/,4.18,247,0,
2026-05-16T16:01:15.466047,GET,/api/mixed/http/,108.93,55353,0,
2026-05-16T16:01:15.476351,GET,/api/mixed/http/,108.76,55353,0,
2026-05-16T16:01:15.484980,GET,/api/mixed/db/1/,6.07,247,0,
2026-05-16T16:01:15.499231,GET,/api/mixed/http/,109.4,55353,0,
2026-05-16T16:01:15.530396,GET,/api/mixed/db/1/,6.15,247,0,
2026-05-16T16:01:15.536768,GET,/api/mixed/pipeline/1/,2.97,82,0,
2026-05-16T16:01:15.546285,GET,/api/mixed/http/,111.16,55353,0,
2026-05-16T16:01:15.550494,GET,/api/mixed/pipeline/1/,3.96,82,0,
2026-05-16T16:01:15.551038,GET,/api/mixed/db/1/,7.24,247,0,
2026-05-16T16:01:15.553851,GET,/api/mixed/db/1/,4.4,247,0,
2026-05-16T16:01:15.555722,GET,/api/mixed/pipeline/1/,3.06,82,0,
2026-05-16T16:01:15.565287,GET,/api/mixed/db/1/,7.3,247,0,
2026-05-16T16:01:15.579053,GET,/api/mixed/http/,110.71,55353,0,
2026-05-16T16:01:15.583366,GET,/api/mixed/pipeline/1/,4.01,82,0,
2026-05-16T16:01:15.589837,GET,/api/mixed/pipeline/1/,4.04,82,0,
2026-05-16T16:01:15.622469,GET,/api/mixed/http/,108.9,55353,0,
2026-05-16T16:01:15.672305,GET,/api/mixed/http/,110.02,55353,0,
2026-05-16T16:01:15.691139,GET,/api/mixed/db/1/,5.58,247,0,
2026-05-16T16:01:15.700259,GET,/api/mixed/pipeline/1/,3.61,82,0,
2026-05-16T16:01:15.708366,GET,/api/mixed/http/,110.72,55353,0,
2026-05-16T16:01:15.709619,GET,/api/mixed/http/,114.37,55353,0,
2026-05-16T16:01:15.713006,GET,/api/mixed/http/,114.35,55353,0,
2026-05-16T16:01:15.713514,GET,/api/mixed/pipeline/1/,9.3,82,0,
2026-05-16T16:01:15.717129,GET,/api/mixed/db/1/,6.92,247,0,
2026-05-16T16:01:15.747225,GET,/api/mixed/pipeline/1/,3.13,82,0,
2026-05-16T16:01:15.750628,GET,/api/mixed/pipeline/1/,3.29,82,0,
2026-05-16T16:01:15.751291,GET,/api/mixed/pipeline/1/,2.77,82,0,
2026-05-16T16:01:15.763881,GET,/api/mixed/pipeline/1/,3.16,82,0,
2026-05-16T16:01:15.768473,GET,/api/mixed/http/,108.23,55353,0,
2026-05-16T16:01:15.784219,GET,/api/mixed/http/,110.58,55353,0,
2026-05-16T16:01:15.788432,GET,/api/mixed/http/,108.89,55353,0,
2026-05-16T16:01:15.798027,GET,/api/mixed/pipeline/1/,3.16,82,0,
2026-05-16T16:01:15.799198,GET,/api/mixed/db/1/,4.93,247,0,
2026-05-16T16:01:15.809135,GET,/api/mixed/http/,109.8,55353,0,
2026-05-16T16:01:15.809657,GET,/api/mixed/db/1/,6.24,247,0,
2026-05-16T16:01:15.824099,GET,/api/mixed/http/,118.5,55353,0,
2026-05-16T16:01:15.828008,GET,/api/mixed/pipeline/1/,3.54,82,0,
2026-05-16T16:01:15.848715,GET,/api/mixed/db/1/,4.32,247,0,
2026-05-16T16:01:15.851362,GET,/api/mixed/http/,108.89,55353,0,
2026-05-16T16:01:15.855127,GET,/api/mixed/pipeline/1/,5.09,82,0,
2026-05-16T16:01:15.871985,GET,/api/mixed/db/1/,5.55,247,0,
2026-05-16T16:01:15.878720,GET,/api/mixed/http/,108.96,55353,0,
2026-05-16T16:01:15.881604,GET,/api/mixed/pipeline/1/,2.76,82,0,
2026-05-16T16:01:15.892673,GET,/api/mixed/pipeline/1/,6.42,82,0,
2026-05-16T16:01:15.901055,GET,/api/mixed/pipeline/1/,3.05,82,0,
2026-05-16T16:01:15.909068,GET,/api/mixed/pipeline/1/,5.67,82,0,
2026-05-16T16:01:15.910345,GET,/api/mixed/db/1/,6.09,247,0,
2026-05-16T16:01:15.919052,GET,/api/mixed/pipeline/1/,3.93,82,0,
2026-05-16T16:01:15.920618,GET,/api/mixed/pipeline/1/,4.52,82,0,
2026-05-16T16:01:15.926098,GET,/api/mixed/pipeline/1/,3.1,82,0,
2026-05-16T16:01:15.944985,GET,/api/mixed/pipeline/1/,4.1,82,0,
2026-05-16T16:01:15.945436,GET,/api/mixed/pipeline/1/,3.6,82,0,
2026-05-16T16:01:15.946408,GET,/api/mixed/db/1/,4.97,247,0,
2026-05-16T16:01:15.952036,GET,/api/mixed/db/1/,4.26,247,0,
2026-05-16T16:01:15.966595,GET,/api/mixed/http/,107.95,55353,0,
2026-05-16T16:01:15.998621,GET,/api/mixed/pipeline/1/,3.07,82,0,
2026-05-16T16:01:16.025944,GET,/api/mixed/http/,111.28,55353,0,
2026-05-16T16:01:16.027465,GET,/api/mixed/db/1/,4.09,247,0,
2026-05-16T16:01:16.041913,GET,/api/mixed/http/,109.51,55353,0,
2026-05-16T16:01:16.044041,GET,/api/mixed/pipeline/1/,3.32,82,0,
2026-05-16T16:01:16.052057,GET,/api/mixed/db/1/,6.62,247,0,
2026-05-16T16:01:16.078814,GET,/api/mixed/pipeline/1/,3.03,82,0,
2026-05-16T16:01:16.089276,GET,/api/mixed/http/,110.22,55353,0,
2026-05-16T16:01:16.099846,GET,/api/mixed/http/,110.98,55353,0,
2026-05-16T16:01:16.104030,GET,/api/mixed/pipeline/1/,6.43,82,0,
2026-05-16T16:01:16.110913,GET,/api/mixed/http/,111.04,55353,0,
2026-05-16T16:01:16.111359,GET,/api/mixed/pipeline/1/,3.57,82,0,
2026-05-16T16:01:16.112064,GET,/api/mixed/db/1/,4.79,247,0,
2026-05-16T16:01:16.140158,GET,/api/mixed/pipeline/1/,3.87,82,0,
2026-05-16T16:01:16.140757,GET,/api/mixed/http/,109.92,55353,0,
2026-05-16T16:01:16.141150,GET,/api/mixed/pipeline/1/,3.5,82,0,
2026-05-16T16:01:16.145328,GET,/api/mixed/db/1/,4.03,247,0,
2026-05-16T16:01:16.156102,GET,/api/mixed/http/,110.21,55353,0,
2026-05-16T16:01:16.159541,GET,/api/mixed/http/,109.96,55353,0,
2026-05-16T16:01:16.174146,GET,/api/mixed/pipeline/1/,3.21,82,0,
2026-05-16T16:01:16.186711,GET,/api/mixed/http/,111.47,55353,0,
2026-05-16T16:01:16.190283,GET,/api/mixed/db/1/,7.49,247,0,
2026-05-16T16:01:16.191129,GET,/api/mixed/db/1/,7.12,247,0,
2026-05-16T16:01:16.192214,GET,/api/mixed/pipeline/1/,3.53,82,0,
2026-05-16T16:01:16.197916,GET,/api/mixed/http/,109.83,55353,0,
2026-05-16T16:01:16.207521,GET,/api/mixed/db/1/,4.24,247,0,
2026-05-16T16:01:16.209520,GET,/api/mixed/pipeline/1/,3.49,82,0,
2026-05-16T16:01:16.253010,GET,/api/mixed/pipeline/1/,4.88,82,0,
2026-05-16T16:01:16.253580,GET,/api/mixed/db/1/,8.86,247,0,
2026-05-16T16:01:16.254006,GET,/api/mixed/db/1/,10.56,247,0,
2026-05-16T16:01:16.269606,GET,/api/mixed/db/1/,7.86,247,0,
2026-05-16T16:01:16.274565,GET,/api/mixed/db/1/,4.55,247,0,
2026-05-16T16:01:16.275007,GET,/api/mixed/db/1/,4.21,247,0,
2026-05-16T16:01:16.277063,GET,/api/mixed/pipeline/1/,3.85,82,0,
2026-05-16T16:01:16.284635,GET,/api/mixed/pipeline/1/,3.12,82,0,
2026-05-16T16:01:16.306832,GET,/api/mixed/pipeline/1/,3.66,82,0,
2026-05-16T16:01:16.307227,GET,/api/mixed/pipeline/1/,3.48,82,0,
2026-05-16T16:01:16.329835,GET,/api/mixed/http/,109.92,55353,0,
2026-05-16T16:01:16.333590,GET,/api/mixed/db/1/,6.05,247,0,
2026-05-16T16:01:16.338140,GET,/api/mixed/http/,110.48,55353,0,
2026-05-16T16:01:16.341644,GET,/api/mixed/http/,107.88,55353,0,
2026-05-16T16:01:16.360447,GET,/api/mixed/pipeline/1/,4.4,82,0,
2026-05-16T16:01:16.368002,GET,/api/mixed/http/,108.8,55353,0,
2026-05-16T16:01:16.378250,GET,/api/mixed/http/,110.29,55353,0,
2026-05-16T16:01:16.392280,GET,/api/mixed/db/1/,5.68,247,0,
2026-05-16T16:01:16.394800,GET,/api/mixed/pipeline/1/,4.53,82,0,
2026-05-16T16:01:16.420261,GET,/api/mixed/http/,109.75,55353,0,
2026-05-16T16:01:16.426543,GET,/api/mixed/pipeline/1/,3.87,82,0,
2026-05-16T16:01:16.432413,GET,/api/mixed/db/1/,4.61,247,0,
2026-05-16T16:01:16.452712,GET,/api/mixed/pipeline/1/,3.07,82,0,
2026-05-16T16:01:16.477501,GET,/api/mixed/db/1/,7.38,247,0,
2026-05-16T16:01:16.517662,GET,/api/mixed/http/,109.62,55353,0,
2026-05-16T16:01:16.529260,GET,/api/mixed/pipeline/1/,3.18,82,0,
2026-05-16T16:01:16.536548,GET,/api/mixed/db/1/,3.97,247,0,
2026-05-16T16:01:16.545799,GET,/api/mixed/pipeline/1/,4.71,82,0,
2026-05-16T16:01:16.551131,GET,/api/mixed/db/1/,4.06,247,0,
2026-05-16T16:01:16.557494,GET,/api/mixed/db/1/,4.99,247,0,
2026-05-16T16:01:16.566314,GET,/api/mixed/pipeline/1/,2.8,82,0,
2026-05-16T16:01:16.584675,GET,/api/mixed/http/,109.51,55353,0,
2026-05-16T16:01:16.602468,GET,/api/mixed/http/,108.86,55353,0,
2026-05-16T16:01:16.607760,GET,/api/mixed/pipeline/1/,5.15,82,0,
2026-05-16T16:01:16.612545,GET,/api/mixed/http/,109.05,55353,0,
2026-05-16T16:01:16.621072,GET,/api/mixed/pipeline/1/,4.34,82,0,
2026-05-16T16:01:16.634421,GET,/api/mixed/db/1/,4.13,247,0,
2026-05-16T16:01:16.649526,GET,/api/mixed/http/,109.72,55353,0,
2026-05-16T16:01:16.667578,GET,/api/mixed/http/,107.73,55353,0,
2026-05-16T16:01:16.694232,GET,/api/mixed/pipeline/1/,3.24,82,0,
2026-05-16T16:01:16.710428,GET,/api/mixed/http/,109.06,55353,0,
2026-05-16T16:01:16.715833,GET,/api/mixed/http/,109.28,55353,0,
2026-05-16T16:01:16.722225,GET,/api/mixed/http/,110.73,55353,0,
2026-05-16T16:01:16.730215,GET,/api/mixed/http/,112.99,55353,0,
2026-05-16T16:01:16.731756,GET,/api/mixed/http/,111.76,55353,0,
2026-05-16T16:01:16.732766,GET,/api/mixed/http/,110.68,55353,0,
2026-05-16T16:01:16.754190,GET,/api/mixed/db/1/,6.12,247,0,
2026-05-16T16:01:16.757741,GET,/api/mixed/pipeline/1/,3.4,82,0,
2026-05-16T16:01:16.766280,GET,/api/mixed/http/,108.33,55353,0,
2026-05-16T16:01:16.791120,GET,/api/mixed/pipeline/1/,4.55,82,0,
2026-05-16T16:01:16.809886,GET,/api/mixed/pipeline/1/,4.75,82,0,
2026-05-16T16:01:16.810940,GET,/api/mixed/pipeline/1/,3.13,82,0,
2026-05-16T16:01:16.841646,GET,/api/mixed/pipeline/1/,3.13,82,0,
2026-05-16T16:01:16.876087,GET,/api/mixed/db/1/,4.1,247,0,
2026-05-16T16:01:16.888316,GET,/api/mixed/db/1/,6.99,247,0,
2026-05-16T16:01:16.894365,GET,/api/mixed/pipeline/1/,2.84,82,0,
2026-05-16T16:01:16.895965,GET,/api/mixed/http/,107.9,55353,0,
2026-05-16T16:01:16.910072,GET,/api/mixed/http/,110.63,55353,0,
2026-05-16T16:01:16.917399,GET,/api/mixed/pipeline/1/,6.02,82,0,
2026-05-16T16:01:16.923008,GET,/api/mixed/db/1/,4.28,247,0,
2026-05-16T16:01:16.927024,GET,/api/mixed/http/,109.82,55353,0,
2026-05-16T16:01:16.937576,GET,/api/mixed/http/,109.93,55353,0,
2026-05-16T16:01:16.940401,GET,/api/mixed/db/1/,4.14,247,0,
2026-05-16T16:01:16.962873,GET,/api/mixed/pipeline/1/,4.86,82,0,
2026-05-16T16:01:16.968305,GET,/api/mixed/db/1/,7.63,247,0,
2026-05-16T16:01:16.970374,GET,/api/mixed/db/1/,5.6,247,0,
2026-05-16T16:01:16.999130,GET,/api/mixed/db/1/,8.36,247,0,
2026-05-16T16:01:16.999583,GET,/api/mixed/db/1/,7.76,247,0,
2026-05-16T16:01:17.014642,GET,/api/mixed/http/,109.44,55353,0,
2026-05-16T16:01:17.015430,GET,/api/mixed/pipeline/1/,3.46,82,0,
2026-05-16T16:01:17.042497,GET,/api/mixed/pipeline/1/,4.75,82,0,
2026-05-16T16:01:17.045701,GET,/api/mixed/pipeline/1/,3.03,82,0,
2026-05-16T16:01:17.051368,GET,/api/mixed/http/,108.67,55353,0,
2026-05-16T16:01:17.124729,GET,/api/mixed/http/,111.92,55353,0,
2026-05-16T16:01:17.161392,GET,/api/mixed/db/1/,4.1,247,0,
2026-05-16T16:01:17.201239,GET,/api/mixed/db/1/,5.79,247,0,
2026-05-16T16:01:17.204452,GET,/api/mixed/http/,107.63,55353,0,
2026-05-16T16:01:17.220701,GET,/api/mixed/pipeline/1/,3.05,82,0,
2026-05-16T16:01:17.233974,GET,/api/mixed/pipeline/1/,3.04,82,0,
2026-05-16T16:01:17.235403,GET,/api/mixed/http/,107.48,55353,0,
2026-05-16T16:01:17.247680,GET,/api/mixed/http/,110.14,55353,0,
2026-05-16T16:01:17.255630,GET,/api/mixed/http/,109.4,55353,0,
2026-05-16T16:01:17.262540,GET,/api/mixed/pipeline/1/,6.73,82,0,
2026-05-16T16:01:17.269507,GET,/api/mixed/pipeline/1/,3.7,82,0,
2026-05-16T16:01:17.284117,GET,/api/mixed/db/1/,4.14,247,0,
2026-05-16T16:01:17.297642,GET,/api/mixed/http/,108.97,55353,0,
2026-05-16T16:01:17.324159,GET,/api/mixed/pipeline/1/,6.18,82,0,
2026-05-16T16:01:17.326643,GET,/api/mixed/pipeline/1/,4.12,82,0,
2026-05-16T16:01:17.360520,GET,/api/mixed/db/1/,4.51,247,0,
2026-05-16T16:01:17.374968,GET,/api/mixed/db/1/,4.05,247,0,
2026-05-16T16:01:17.387205,GET,/api/mixed/http/,113.42,55353,0,
2026-05-16T16:01:17.389404,GET,/api/mixed/db/1/,5.0,247,0,
2026-05-16T16:01:17.393357,GET,/api/mixed/http/,107.95,55353,0,
2026-05-16T16:01:17.403825,GET,/api/mixed/pipeline/1/,5.0,82,0,
2026-05-16T16:01:17.404323,GET,/api/mixed/pipeline/1/,4.3,82,0,
2026-05-16T16:01:17.405196,GET,/api/mixed/http/,108.94,55353,0,
2026-05-16T16:01:17.406989,GET,/api/mixed/pipeline/1/,4.06,82,0,
2026-05-16T16:01:17.411274,GET,/api/mixed/http/,108.95,55353,0,
2026-05-16T16:01:17.416795,GET,/api/mixed/db/1/,6.66,247,0,
2026-05-16T16:01:17.422823,GET,/api/mixed/db/1/,4.2,247,0,
2026-05-16T16:01:17.450916,GET,/api/mixed/pipeline/1/,7.9,82,0,
2026-05-16T16:01:17.451331,GET,/api/mixed/pipeline/1/,5.35,82,0,
2026-05-16T16:01:17.457245,GET,/api/mixed/http/,109.22,55353,0,
2026-05-16T16:01:17.457913,GET,/api/mixed/db/1/,4.39,247,0,
2026-05-16T16:01:17.465524,GET,/api/mixed/http/,108.29,55353,0,
2026-05-16T16:01:17.482285,GET,/api/mixed/db/1/,4.49,247,0,
2026-05-16T16:01:17.497421,GET,/api/mixed/pipeline/1/,6.86,82,0,
2026-05-16T16:01:17.500120,GET,/api/mixed/pipeline/1/,5.74,82,0,
2026-05-16T16:01:17.501399,GET,/api/mixed/db/1/,5.5,247,0,
2026-05-16T16:01:17.515709,GET,/api/mixed/db/1/,4.05,247,0,
2026-05-16T16:01:17.531328,GET,/api/mixed/http/,110.16,55353,0,
2026-05-16T16:01:17.545781,GET,/api/mixed/db/1/,4.18,247,0,
2026-05-16T16:01:17.562414,GET,/api/mixed/http/,107.95,55353,0,
2026-05-16T16:01:17.564338,GET,/api/mixed/pipeline/1/,3.03,82,0,
2026-05-16T16:01:17.607193,GET,/api/mixed/http/,109.58,55353,0,
2026-05-16T16:01:17.621685,GET,/api/mixed/db/1/,6.72,247,0,
2026-05-16T16:01:17.624895,GET,/api/mixed/http/,107.97,55353,0,
2026-05-16T16:01:17.628302,GET,/api/mixed/db/1/,4.39,247,0,
2026-05-16T16:01:17.642907,GET,/api/mixed/pipeline/1/,2.83,82,0,
2026-05-16T16:01:17.653913,GET,/api/mixed/pipeline/1/,3.75,82,0,
2026-05-16T16:01:17.654825,GET,/api/mixed/http/,108.93,55353,0,
2026-05-16T16:01:17.685067,GET,/api/mixed/http/,111.43,55353,0,
2026-05-16T16:01:17.698293,GET,/api/mixed/http/,113.8,55353,0,
2026-05-16T16:01:17.699816,GET,/api/mixed/db/1/,9.58,247,0,
2026-05-16T16:01:17.704912,GET,/api/mixed/pipeline/1/,3.76,82,0,
2026-05-16T16:01:17.706140,GET,/api/mixed/db/1/,4.29,247,0,
2026-05-16T16:01:17.712783,GET,/api/mixed/pipeline/1/,5.44,82,0,
2026-05-16T16:01:17.715118,GET,/api/mixed/http/,112.69,55353,0,
2026-05-16T16:01:17.719378,GET,/api/mixed/pipeline/1/,3.95,82,0,
2026-05-16T16:01:17.719878,GET,/api/mixed/http/,113.8,55353,0,
2026-05-16T16:01:17.720823,GET,/api/mixed/db/1/,7.79,247,0,
2026-05-16T16:01:17.722923,GET,/api/mixed/db/1/,5.37,247,0,
2026-05-16T16:01:17.734053,GET,/api/mixed/pipeline/1/,3.94,82,0,
2026-05-16T16:01:17.735217,GET,/api/mixed/http/,108.63,55353,0,
2026-05-16T16:01:17.742698,GET,/api/mixed/pipeline/1/,4.19,82,0,
2026-05-16T16:01:17.745374,GET,/api/mixed/http/,109.07,55353,0,
2026-05-16T16:01:17.746248,GET,/api/mixed/pipeline/1/,4.71,82,0,
2026-05-16T16:01:17.775620,GET,/api/mixed/http/,108.52,55353,0,
2026-05-16T16:01:17.784332,GET,/api/mixed/http/,108.49,55353,0,
2026-05-16T16:01:17.788419,GET,/api/mixed/http/,109.25,55353,0,
2026-05-16T16:01:17.808610,GET,/api/mixed/db/1/,6.19,247,0,
2026-05-16T16:01:17.820249,GET,/api/mixed/db/1/,5.4,247,0,
2026-05-16T16:01:17.827483,GET,/api/mixed/pipeline/1/,3.94,82,0,
2026-05-16T16:01:17.827869,GET,/api/mixed/pipeline/1/,3.59,82,0,
2026-05-16T16:01:17.839925,GET,/api/mixed/http/,109.24,55353,0,
2026-05-16T16:01:17.841310,GET,/api/mixed/http/,108.13,55353,0,
2026-05-16T16:01:17.846494,GET,/api/mixed/pipeline/1/,3.0,82,0,
2026-05-16T16:01:17.855632,GET,/api/mixed/pipeline/1/,3.82,82,0,
2026-05-16T16:01:17.856229,GET,/api/mixed/db/1/,3.9,247,0,
2026-05-16T16:01:17.881191,GET,/api/mixed/db/1/,4.62,247,0,
2026-05-16T16:01:17.886366,GET,/api/mixed/pipeline/1/,2.96,82,0,
2026-05-16T16:01:17.888563,GET,/api/mixed/http/,108.73,55353,0,
2026-05-16T16:01:17.891654,GET,/api/mixed/db/1/,4.11,247,0,
2026-05-16T16:01:17.902437,GET,/api/mixed/http/,107.77,55353,0,
2026-05-16T16:01:17.925232,GET,/api/mixed/db/1/,4.55,247,0,
2026-05-16T16:01:17.925659,GET,/api/mixed/db/1/,3.63,247,0,
2026-05-16T16:01:17.938014,GET,/api/mixed/db/1/,6.12,247,0,
2026-05-16T16:01:17.941497,GET,/api/mixed/db/1/,4.5,247,0,
2026-05-16T16:01:17.941945,GET,/api/mixed/db/1/,3.78,247,0,
2026-05-16T16:01:17.948071,GET,/api/mixed/http/,109.19,55353,0,
2026-05-16T16:01:17.949271,GET,/api/mixed/db/1/,5.11,247,0,
2026-05-16T16:01:17.952947,GET,/api/mixed/http/,109.03,55353,0,
2026-05-16T16:01:17.953377,GET,/api/mixed/pipeline/1/,2.93,82,0,
2026-05-16T16:01:17.961989,GET,/api/mixed/http/,107.92,55353,0,
2026-05-16T16:01:17.970047,GET,/api/mixed/db/1/,3.78,247,0,
2026-05-16T16:01:17.986248,GET,/api/mixed/db/1/,4.99,247,0,
2026-05-16T16:01:18.015708,GET,/api/mixed/pipeline/1/,4.11,82,0,
2026-05-16T16:01:18.016416,GET,/api/mixed/db/1/,4.3,247,0,
2026-05-16T16:01:18.018432,GET,/api/mixed/db/1/,3.73,247,0,
2026-05-16T16:01:18.023723,GET,/api/mixed/db/1/,3.96,247,0,
2026-05-16T16:01:18.033425,GET,/api/mixed/pipeline/1/,2.78,82,0,
2026-05-16T16:01:18.042285,GET,/api/mixed/http/,108.47,55353,0,
2026-05-16T16:01:18.042863,GET,/api/mixed/http/,108.05,55353,0,
2026-05-16T16:01:18.045459,GET,/api/mixed/pipeline/1/,4.28,82,0,
2026-05-16T16:01:18.045924,GET,/api/mixed/pipeline/1/,2.8,82,0,
2026-05-16T16:01:18.051305,GET,/api/mixed/pipeline/1/,4.11,82,0,
2026-05-16T16:01:18.051976,GET,/api/mixed/db/1/,4.36,247,0,
2026-05-16T16:01:18.053560,GET,/api/mixed/db/1/,5.01,247,0,
2026-05-16T16:01:18.055625,GET,/api/mixed/http/,109.51,55353,0,
2026-05-16T16:01:18.064983,GET,/api/mixed/pipeline/1/,2.97,82,0,
2026-05-16T16:01:18.084939,GET,/api/mixed/pipeline/1/,3.61,82,0,
2026-05-16T16:01:18.091771,GET,/api/mixed/http/,109.41,55353,0,
2026-05-16T16:01:18.099095,GET,/api/mixed/pipeline/1/,3.09,82,0,
2026-05-16T16:01:18.105748,GET,/api/mixed/http/,108.14,55353,0,
2026-05-16T16:01:18.114447,GET,/api/mixed/http/,109.13,55353,0,
2026-05-16T16:01:18.132235,GET,/api/mixed/http/,109.97,55353,0,
2026-05-16T16:01:18.137913,GET,/api/mixed/http/,108.49,55353,0,
2026-05-16T16:01:18.150272,GET,/api/mixed/db/1/,4.03,247,0,
2026-05-16T16:01:18.150974,GET,/api/mixed/http/,110.3,55353,0,
2026-05-16T16:01:18.163711,GET,/api/mixed/pipeline/1/,3.58,82,0,
2026-05-16T16:01:18.189096,GET,/api/mixed/http/,108.23,55353,0,
2026-05-16T16:01:18.189571,GET,/api/mixed/http/,110.37,55353,0,
2026-05-16T16:01:18.189927,GET,/api/mixed/db/1/,4.08,247,0,
2026-05-16T16:01:18.202232,GET,/api/mixed/db/1/,4.02,247,0,
2026-05-16T16:01:18.208663,GET,/api/mixed/http/,107.36,55353,0,
2026-05-16T16:01:18.216720,GET,/api/mixed/pipeline/1/,2.81,82,0,
2026-05-16T16:01:18.261976,GET,/api/mixed/db/1/,3.9,247,0,
2026-05-16T16:01:18.277224,GET,/api/mixed/pipeline/1/,3.05,82,0,
2026-05-16T16:01:18.279589,GET,/api/mixed/http/,107.65,55353,0,
2026-05-16T16:01:18.279996,GET,/api/mixed/pipeline/1/,2.67,82,0,
2026-05-16T16:01:18.292550,GET,/api/mixed/http/,108.06,55353,0,
2026-05-16T16:01:18.299683,GET,/api/mixed/pipeline/1/,2.84,82,0,
2026-05-16T16:01:18.325602,GET,/api/mixed/db/1/,4.16,247,0,
2026-05-16T16:01:18.332842,GET,/api/mixed/db/1/,4.04,247,0,
2026-05-16T16:01:18.340442,GET,/api/mixed/http/,107.48,55353,0,
2026-05-16T16:01:18.345956,GET,/api/mixed/http/,107.42,55353,0,
2026-05-16T16:01:18.359852,GET,/api/mixed/db/1/,3.9,247,0,
2026-05-16T16:01:18.361855,GET,/api/mixed/pipeline/1/,3.38,82,0,
2026-05-16T16:01:18.368741,GET,/api/mixed/pipeline/1/,3.94,82,0,
2026-05-16T16:01:18.369764,GET,/api/mixed/db/1/,5.64,247,0,
2026-05-16T16:01:18.389008,GET,/api/mixed/http/,108.92,55353,0,
2026-05-16T16:01:18.395669,GET,/api/mixed/db/1/,4.37,247,0,
2026-05-16T16:01:18.408812,GET,/api/mixed/pipeline/1/,2.9,82,0,
2026-05-16T16:01:18.427117,GET,/api/mixed/db/1/,4.07,247,0,
2026-05-16T16:01:18.458802,GET,/api/mixed/http/,108.66,55353,0,
2026-05-16T16:01:18.465539,GET,/api/mixed/db/1/,4.42,247,0,
2026-05-16T16:01:18.499854,GET,/api/mixed/http/,107.57,55353,0,
2026-05-16T16:01:18.501839,GET,/api/mixed/db/1/,3.88,247,0,
2026-05-16T16:01:18.531103,GET,/api/mixed/pipeline/1/,3.01,82,0,
2026-05-16T16:01:18.537634,GET,/api/mixed/pipeline/1/,3.31,82,0,
2026-05-16T16:01:18.552381,GET,/api/mixed/http/,108.94,55353,0,
2026-05-16T16:01:18.556678,GET,/api/mixed/db/1/,6.16,247,0,
2026-05-16T16:01:18.592735,GET,/api/mixed/http/,107.98,55353,0,
2026-05-16T16:01:18.603950,GET,/api/mixed/http/,108.65,55353,0,
2026-05-16T16:01:18.614079,GET,/api/mixed/pipeline/1/,2.92,82,0,
2026-05-16T16:01:18.623787,GET,/api/mixed/pipeline/1/,2.88,82,0,
2026-05-16T16:01:18.624901,GET,/api/mixed/db/1/,4.58,247,0,
2026-05-16T16:01:18.645070,GET,/api/mixed/pipeline/1/,3.0,82,0,
2026-05-16T16:01:18.647533,GET,/api/mixed/http/,108.56,55353,0,
2026-05-16T16:01:18.649971,GET,/api/mixed/pipeline/1/,3.56,82,0,
2026-05-16T16:01:18.663950,GET,/api/mixed/http/,109.75,55353,0,
2026-05-16T16:01:18.692751,GET,/api/mixed/db/1/,4.57,247,0,
2026-05-16T16:01:18.709482,GET,/api/mixed/pipeline/1/,4.06,82,0,
2026-05-16T16:01:18.780824,GET,/api/mixed/db/1/,3.86,247,0,
2026-05-16T16:01:18.793069,GET,/api/mixed/db/1/,3.87,247,0,
2026-05-16T16:01:18.807555,GET,/api/mixed/pipeline/1/,4.32,82,0,
2026-05-16T16:01:18.807984,GET,/api/mixed/pipeline/1/,5.68,82,0,
2026-05-16T16:01:18.808416,GET,/api/mixed/http/,111.15,55353,0,
2026-05-16T16:01:18.810346,GET,/api/mixed/http/,108.36,55353,0,
2026-05-16T16:01:18.811049,GET,/api/mixed/http/,107.93,55353,0,
2026-05-16T16:01:18.820087,GET,/api/mixed/http/,108.35,55353,0,
2026-05-16T16:01:18.835627,GET,/api/mixed/http/,108.46,55353,0,
2026-05-16T16:01:18.850275,GET,/api/mixed/db/1/,3.91,247,0,
2026-05-16T16:01:18.857402,GET,/api/mixed/http/,107.48,55353,0,
2026-05-16T16:01:18.860136,GET,/api/mixed/http/,107.51,55353,0,
2026-05-16T16:01:18.860550,GET,/api/mixed/db/1/,4.09,247,0,
2026-05-16T16:01:18.885658,GET,/api/mixed/pipeline/1/,3.85,82,0,
2026-05-16T16:01:18.894201,GET,/api/mixed/pipeline/1/,3.32,82,0,
2026-05-16T16:01:18.897206,GET,/api/mixed/db/1/,5.86,247,0,
2026-05-16T16:01:18.910449,GET,/api/mixed/db/1/,3.89,247,0,
2026-05-16T16:01:18.916524,GET,/api/mixed/pipeline/1/,3.24,82,0,
2026-05-16T16:01:18.917001,GET,/api/mixed/db/1/,5.31,247,0,
2026-05-16T16:01:18.929433,GET,/api/mixed/http/,108.06,55353,0,
2026-05-16T16:01:18.933478,GET,/api/mixed/http/,107.79,55353,0,
2026-05-16T16:01:18.933883,GET,/api/mixed/pipeline/1/,3.14,82,0,
2026-05-16T16:01:18.946921,GET,/api/mixed/http/,108.05,55353,0,
2026-05-16T16:01:18.952988,GET,/api/mixed/pipeline/1/,2.74,82,0,
2026-05-16T16:01:18.987205,GET,/api/mixed/db/1/,3.99,247,0,
2026-05-16T16:01:18.991326,GET,/api/mixed/http/,108.82,55353,0,
2026-05-16T16:01:18.996756,GET,/api/mixed/db/1/,7.28,247,0,
2026-05-16T16:01:19.008119,GET,/api/mixed/db/1/,6.07,247,0,
2026-05-16T16:01:19.013208,GET,/api/mixed/db/1/,3.75,247,0,
2026-05-16T16:01:19.021287,GET,/api/mixed/http/,108.92,55353,0,
2026-05-16T16:01:19.033371,GET,/api/mixed/db/1/,3.86,247,0,
2026-05-16T16:01:19.034410,GET,/api/mixed/http/,108.2,55353,0,
2026-05-16T16:01:19.064638,GET,/api/mixed/db/1/,5.05,247,0,
2026-05-16T16:01:19.068906,GET,/api/mixed/db/1/,5.15,247,0,
2026-05-16T16:01:19.096133,GET,/api/mixed/pipeline/1/,2.73,82,0,
2026-05-16T16:01:19.120204,GET,/api/mixed/db/1/,4.66,247,0,
2026-05-16T16:01:19.127746,GET,/api/mixed/pipeline/1/,4.34,82,0,
2026-05-16T16:01:19.128123,GET,/api/mixed/pipeline/1/,4.29,82,0,
2026-05-16T16:01:19.138983,GET,/api/mixed/db/1/,3.77,247,0,
2026-05-16T16:01:19.155913,GET,/api/mixed/pipeline/1/,3.17,82,0,
2026-05-16T16:01:19.156544,GET,/api/mixed/db/1/,4.39,247,0,
2026-05-16T16:01:19.162994,GET,/api/mixed/pipeline/1/,3.76,82,0,
2026-05-16T16:01:19.168116,GET,/api/mixed/http/,107.39,55353,0,
2026-05-16T16:01:19.176667,GET,/api/mixed/http/,107.61,55353,0,
2026-05-16T16:01:19.180760,GET,/api/mixed/db/1/,5.42,247,0,
2026-05-16T16:01:19.196372,GET,/api/mixed/pipeline/1/,5.01,82,0,
2026-05-16T16:01:19.198412,GET,/api/mixed/http/,108.67,55353,0,
2026-05-16T16:01:19.198823,GET,/api/mixed/pipeline/1/,3.3,82,0,
2026-05-16T16:01:19.214930,GET,/api/mixed/db/1/,3.95,247,0,
2026-05-16T16:01:19.218304,GET,/api/mixed/db/1/,4.62,247,0,
2026-05-16T16:01:19.236356,GET,/api/mixed/http/,108.14,55353,0,
2026-05-16T16:01:19.240386,GET,/api/mixed/http/,108.94,55353,0,
2026-05-16T16:01:19.241354,GET,/api/mixed/db/1/,4.87,247,0,
2026-05-16T16:01:19.249716,GET,/api/mixed/db/1/,3.95,247,0,
2026-05-16T16:01:19.266473,GET,/api/mixed/pipeline/1/,3.54,82,0,
2026-05-16T16:01:19.267274,GET,/api/mixed/db/1/,3.84,247,0,
2026-05-16T16:01:19.267694,GET,/api/mixed/http/,108.89,55353,0,
2026-05-16T16:01:19.304932,GET,/api/mixed/pipeline/1/,4.82,82,0,
2026-05-16T16:01:19.320142,GET,/api/mixed/pipeline/1/,4.77,82,0,
2026-05-16T16:01:19.321256,GET,/api/mixed/pipeline/1/,3.56,82,0,
2026-05-16T16:01:19.324139,GET,/api/mixed/http/,107.63,55353,0,
2026-05-16T16:01:19.337278,GET,/api/mixed/pipeline/1/,2.93,82,0,
2026-05-16T16:01:19.343247,GET,/api/mixed/db/1/,3.73,247,0,
2026-05-16T16:01:19.350691,GET,/api/mixed/db/1/,5.13,247,0,
2026-05-16T16:01:19.356550,GET,/api/mixed/db/1/,3.6,247,0,
2026-05-16T16:01:19.364929,GET,/api/mixed/pipeline/1/,4.17,82,0,
2026-05-16T16:01:19.365842,GET,/api/mixed/db/1/,4.61,247,0,
2026-05-16T16:01:19.369634,GET,/api/mixed/db/1/,5.94,247,0,
2026-05-16T16:01:19.372547,GET,/api/mixed/pipeline/1/,2.79,82,0,
2026-05-16T16:01:19.375683,GET,/api/mixed/http/,107.9,55353,0,
2026-05-16T16:01:19.379008,GET,/api/mixed/pipeline/1/,4.28,82,0,
2026-05-16T16:01:19.380629,GET,/api/mixed/http/,108.07,55353,0,
2026-05-16T16:01:19.382682,GET,/api/mixed/db/1/,5.06,247,0,
2026-05-16T16:01:19.388529,GET,/api/mixed/db/1/,4.01,247,0,
2026-05-16T16:01:19.395471,GET,/api/mixed/db/1/,4.61,247,0,
2026-05-16T16:01:19.398320,GET,/api/mixed/pipeline/1/,5.01,82,0,
2026-05-16T16:01:19.411502,GET,/api/mixed/db/1/,4.0,247,0,
2026-05-16T16:01:19.447324,GET,/api/mixed/pipeline/1/,4.0,82,0,
2026-05-16T16:01:19.460328,GET,/api/mixed/db/1/,5.82,247,0,
2026-05-16T16:01:19.463117,GET,/api/mixed/db/1/,4.16,247,0,
2026-05-16T16:01:19.465971,GET,/api/mixed/pipeline/1/,2.75,82,0,
2026-05-16T16:01:19.482188,GET,/api/mixed/db/1/,4.0,247,0,
2026-05-16T16:01:19.491504,GET,/api/mixed/pipeline/1/,5.18,82,0,
2026-05-16T16:01:19.495449,GET,/api/mixed/http/,111.44,55353,0,
2026-05-16T16:01:19.501329,GET,/api/mixed/pipeline/1/,2.68,82,0,
2026-05-16T16:01:19.503124,GET,/api/mixed/http/,109.26,55353,0,
2026-05-16T16:01:19.507735,GET,/api/mixed/db/1/,5.54,247,0,
2026-05-16T16:01:19.510727,GET,/api/mixed/pipeline/1/,2.86,82,0,
2026-05-16T16:01:19.539354,GET,/api/mixed/db/1/,4.37,247,0,
2026-05-16T16:01:19.547926,GET,/api/mixed/http/,110.18,55353,0,
2026-05-16T16:01:19.550170,GET,/api/mixed/pipeline/1/,3.55,82,0,
2026-05-16T16:01:19.553737,GET,/api/mixed/http/,109.67,55353,0,
2026-05-16T16:01:19.558957,GET,/api/mixed/pipeline/1/,6.96,82,0,
2026-05-16T16:01:19.560289,GET,/api/mixed/db/1/,6.34,247,0,
2026-05-16T16:01:19.575774,GET,/api/mixed/pipeline/1/,3.22,82,0,
2026-05-16T16:01:19.590133,GET,/api/mixed/db/1/,4.06,247,0,
2026-05-16T16:01:19.599852,GET,/api/mixed/db/1/,4.49,247,0,
2026-05-16T16:01:19.609571,GET,/api/mixed/pipeline/1/,2.78,82,0,
2026-05-16T16:01:19.620791,GET,/api/mixed/db/1/,4.22,247,0,
2026-05-16T16:01:19.634130,GET,/api/mixed/pipeline/1/,3.19,82,0,
2026-05-16T16:01:19.647556,GET,/api/mixed/db/1/,4.81,247,0,
2026-05-16T16:01:19.671663,GET,/api/mixed/db/1/,3.89,247,0,
2026-05-16T16:01:19.701827,GET,/api/mixed/db/1/,3.86,247,0,
2026-05-16T16:01:19.709801,GET,/api/mixed/http/,107.67,55353,0,
2026-05-16T16:01:19.723326,GET,/api/mixed/http/,110.19,55353,0,
2026-05-16T16:01:19.746867,GET,/api/mixed/http/,108.54,55353,0,
2026-05-16T16:01:19.758019,GET,/api/mixed/pipeline/1/,2.88,82,0,
2026-05-16T16:01:19.785764,GET,/api/mixed/pipeline/1/,4.45,82,0,
2026-05-16T16:01:19.791513,GET,/api/mixed/pipeline/1/,2.75,82,0,
2026-05-16T16:01:19.792367,GET,/api/mixed/db/1/,4.41,247,0,
2026-05-16T16:01:19.795651,GET,/api/mixed/db/1/,4.03,247,0,
2026-05-16T16:01:19.806838,GET,/api/mixed/pipeline/1/,7.97,82,0,
2026-05-16T16:01:19.808830,GET,/api/mixed/db/1/,7.44,247,0,
2026-05-16T16:01:19.818167,GET,/api/mixed/pipeline/1/,4.48,82,0,
2026-05-16T16:01:19.819030,GET,/api/mixed/db/1/,5.85,247,0,
2026-05-16T16:01:19.820100,GET,/api/mixed/http/,108.52,55353,0,
2026-05-16T16:01:19.820599,GET,/api/mixed/http/,109.45,55353,0,
2026-05-16T16:01:19.841771,GET,/api/mixed/pipeline/1/,3.04,82,0,
2026-05-16T16:01:19.845965,GET,/api/mixed/http/,108.4,55353,0,
2026-05-16T16:01:19.848958,GET,/api/mixed/pipeline/1/,3.95,82,0,
2026-05-16T16:01:19.852900,GET,/api/mixed/http/,108.52,55353,0,
2026-05-16T16:01:19.855753,GET,/api/mixed/db/1/,4.5,247,0,
2026-05-16T16:01:19.889302,GET,/api/mixed/pipeline/1/,3.15,82,0,
2026-05-16T16:01:19.894196,GET,/api/mixed/http/,109.5,55353,0,
2026-05-16T16:01:19.895089,GET,/api/mixed/http/,108.53,55353,0,
2026-05-16T16:01:19.913942,GET,/api/mixed/http/,114.61,55353,0,
2026-05-16T16:01:19.914874,GET,/api/mixed/http/,111.93,55353,0,
2026-05-16T16:01:19.915352,GET,/api/mixed/http/,114.84,55353,0,
2026-05-16T16:01:19.916669,GET,/api/mixed/db/1/,6.26,247,0,
2026-05-16T16:01:19.927585,GET,/api/mixed/http/,108.44,55353,0,
2026-05-16T16:01:19.929728,GET,/api/mixed/http/,107.42,55353,0,
2026-05-16T16:01:19.958931,GET,/api/mixed/db/1/,4.76,247,0,
2026-05-16T16:01:19.966590,GET,/api/mixed/pipeline/1/,3.3,82,0,
2026-05-16T16:01:19.999937,GET,/api/mixed/db/1/,5.05,247,0,
2026-05-16T16:01:20.003695,GET,/api/mixed/db/1/,4.95,247,0,
2026-05-16T16:01:20.007933,GET,/api/mixed/pipeline/1/,3.0,82,0,
2026-05-16T16:01:20.018447,GET,/api/mixed/pipeline/1/,3.24,82,0,
2026-05-16T16:01:20.023923,GET,/api/mixed/http/,108.19,55353,0,
2026-05-16T16:01:20.029469,GET,/api/mixed/pipeline/1/,4.12,82,0,
2026-05-16T16:01:20.044797,GET,/api/mixed/db/1/,5.9,247,0,
2026-05-16T16:01:20.046481,GET,/api/mixed/pipeline/1/,5.22,82,0,
2026-05-16T16:01:20.064844,GET,/api/mixed/http/,109.18,55353,0,
2026-05-16T16:01:20.079018,GET,/api/mixed/db/1/,4.45,247,0,
2026-05-16T16:01:20.086647,GET,/api/mixed/db/1/,4.35,247,0,
2026-05-16T16:01:20.143916,GET,/api/mixed/http/,109.01,55353,0,
2026-05-16T16:01:20.148099,GET,/api/mixed/db/1/,4.04,247,0,
2026-05-16T16:01:20.152349,GET,/api/mixed/http/,109.66,55353,0,
2026-05-16T16:01:20.179499,GET,/api/mixed/http/,108.31,55353,0,
2026-05-16T16:01:20.181650,GET,/api/mixed/db/1/,4.21,247,0,
2026-05-16T16:01:20.191471,GET,/api/mixed/http/,108.18,55353,0,
2026-05-16T16:01:20.223421,GET,/api/mixed/pipeline/1/,4.55,82,0,
2026-05-16T16:01:20.233667,GET,/api/mixed/http/,109.26,55353,0,
2026-05-16T16:01:20.236133,GET,/api/mixed/pipeline/1/,3.47,82,0,
2026-05-16T16:01:20.268157,GET,/api/mixed/db/1/,4.75,247,0,
2026-05-16T16:01:20.270586,GET,/api/mixed/pipeline/1/,3.53,82,0,
2026-05-16T16:01:20.274465,GET,/api/mixed/http/,108.7,55353,0,
2026-05-16T16:01:20.294841,GET,/api/mixed/db/1/,3.97,247,0,
2026-05-16T16:01:20.308391,GET,/api/mixed/db/1/,5.33,247,0,
2026-05-16T16:01:20.310420,GET,/api/mixed/pipeline/1/,3.37,82,0,
2026-05-16T16:01:20.314511,GET,/api/mixed/pipeline/1/,2.74,82,0,
2026-05-16T16:01:20.348366,GET,/api/mixed/db/1/,3.77,247,0,
2026-05-16T16:01:20.356698,GET,/api/mixed/db/1/,5.03,247,0,
2026-05-16T16:01:20.385668,GET,/api/mixed/http/,108.8,55353,0,
2026-05-16T16:01:20.392074,GET,/api/mixed/http/,109.87,55353,0,
2026-05-16T16:01:20.411646,GET,/api/mixed/pipeline/1/,3.25,82,0,
2026-05-16T16:01:20.429146,GET,/api/mixed/pipeline/1/,3.09,82,0,
2026-05-16T16:01:20.448451,GET,/api/mixed/http/,108.59,55353,0,
2026-05-16T16:01:20.453979,GET,/api/mixed/pipeline/1/,4.3,82,0,
2026-05-16T16:01:20.455708,GET,/api/mixed/pipeline/1/,2.76,82,0,
2026-05-16T16:01:20.464919,GET,/api/mixed/db/1/,3.85,247,0,
2026-05-16T16:01:20.476424,GET,/api/mixed/pipeline/1/,3.09,82,0,
2026-05-16T16:01:20.483872,GET,/api/mixed/db/1/,4.24,247,0,
2026-05-16T16:01:20.494272,GET,/api/mixed/http/,108.29,55353,0,
2026-05-16T16:01:20.495241,GET,/api/mixed/pipeline/1/,3.65,82,0,
2026-05-16T16:01:20.495664,GET,/api/mixed/pipeline/1/,3.6,82,0,
2026-05-16T16:01:20.512127,GET,/api/mixed/db/1/,4.13,247,0,
2026-05-16T16:01:20.522628,GET,/api/mixed/db/1/,4.12,247,0,
2026-05-16T16:01:20.546749,GET,/api/mixed/http/,108.15,55353,0,
2026-05-16T16:01:20.562696,GET,/api/mixed/db/1/,4.56,247,0,
2026-05-16T16:01:20.565979,GET,/api/mixed/pipeline/1/,3.04,82,0,
2026-05-16T16:01:20.566435,GET,/api/mixed/pipeline/1/,4.65,82,0,
2026-05-16T16:01:20.588526,GET,/api/mixed/db/1/,4.69,247,0,
2026-05-16T16:01:20.594785,GET,/api/mixed/http/,107.59,55353,0,
2026-05-16T16:01:20.610131,GET,/api/mixed/db/1/,4.07,247,0,
2026-05-16T16:01:20.632939,GET,/api/mixed/pipeline/1/,4.68,82,0,
2026-05-16T16:01:20.648687,GET,/api/mixed/http/,109.6,55353,0,
2026-05-16T16:01:20.652438,GET,/api/mixed/db/1/,5.02,247,0,
2026-05-16T16:01:20.658070,GET,/api/mixed/db/1/,3.71,247,0,
2026-05-16T16:01:20.684955,GET,/api/mixed/db/1/,4.79,247,0,
2026-05-16T16:01:20.690624,GET,/api/mixed/pipeline/1/,3.39,82,0,
2026-05-16T16:01:20.692248,GET,/api/mixed/db/1/,3.92,247,0,
2026-05-16T16:01:20.697507,GET,/api/mixed/http/,109.96,55353,0,
2026-05-16T16:01:20.703131,GET,/api/mixed/pipeline/1/,2.94,82,0,
2026-05-16T16:01:20.704109,GET,/api/mixed/db/1/,5.13,247,0,
2026-05-16T16:01:20.724381,GET,/api/mixed/http/,107.89,55353,0,
2026-05-16T16:01:20.730491,GET,/api/mixed/pipeline/1/,4.89,82,0,
2026-05-16T16:01:20.733114,GET,/api/mixed/pipeline/1/,3.79,82,0,
2026-05-16T16:01:20.733526,GET,/api/mixed/pipeline/1/,2.83,82,0,
2026-05-16T16:01:20.737032,GET,/api/mixed/http/,108.26,55353,0,
2026-05-16T16:01:20.759674,GET,/api/mixed/http/,108.19,55353,0,
2026-05-16T16:01:20.769072,GET,/api/mixed/db/1/,4.12,247,0,
2026-05-16T16:01:20.774249,GET,/api/mixed/http/,107.79,55353,0,
2026-05-16T16:01:20.778261,GET,/api/mixed/pipeline/1/,3.89,82,0,
2026-05-16T16:01:20.784006,GET,/api/mixed/pipeline/1/,2.87,82,0,
2026-05-16T16:01:20.789022,GET,/api/mixed/pipeline/1/,2.67,82,0,
2026-05-16T16:01:20.802016,GET,/api/mixed/pipeline/1/,4.55,82,0,
2026-05-16T16:01:20.810288,GET,/api/mixed/db/1/,4.06,247,0,
2026-05-16T16:01:20.811632,GET,/api/mixed/http/,108.37,55353,0,
2026-05-16T16:01:20.818897,GET,/api/mixed/pipeline/1/,3.02,82,0,
2026-05-16T16:01:20.827950,GET,/api/mixed/http/,108.46,55353,0,
2026-05-16T16:01:20.838398,GET,/api/mixed/pipeline/1/,3.08,82,0,
2026-05-16T16:01:20.861515,GET,/api/mixed/db/1/,5.57,247,0,
2026-05-16T16:01:20.884543,GET,/api/mixed/pipeline/1/,3.79,82,0,
2026-05-16T16:01:20.885528,GET,/api/mixed/http/,108.64,55353,0,
2026-05-16T16:01:20.895321,GET,/api/mixed/db/1/,4.99,247,0,
2026-05-16T16:01:20.902381,GET,/api/mixed/db/1/,3.85,247,0,
2026-05-16T16:01:20.907288,GET,/api/mixed/pipeline/1/,3.15,82,0,
2026-05-16T16:01:20.908492,GET,/api/mixed/pipeline/1/,4.85,82,0,
2026-05-16T16:01:20.909101,GET,/api/mixed/http/,109.58,55353,0,
2026-05-16T16:01:20.927738,GET,/api/mixed/db/1/,4.27,247,0,
2026-05-16T16:01:20.929757,GET,/api/mixed/pipeline/1/,3.49,82,0,
2026-05-16T16:01:20.938366,GET,/api/mixed/pipeline/1/,3.07,82,0,
2026-05-16T16:01:20.946400,GET,/api/mixed/http/,107.89,55353,0,
2026-05-16T16:01:20.962116,GET,/api/mixed/http/,109.3,55353,0,
2026-05-16T16:01:20.963448,GET,/api/mixed/db/1/,5.68,247,0,
2026-05-16T16:01:20.966398,GET,/api/mixed/http/,110.08,55353,0,
2026-05-16T16:01:20.967422,GET,/api/mixed/http/,111.9,55353,0,
2026-05-16T16:01:20.968753,GET,/api/mixed/http/,110.2,55353,0,
2026-05-16T16:01:20.979957,GET,/api/mixed/pipeline/1/,3.65,82,0,
2026-05-16T16:01:20.983486,GET,/api/mixed/db/1/,4.48,247,0,
2026-05-16T16:01:20.986998,GET,/api/mixed/pipeline/1/,3.4,82,0,
2026-05-16T16:01:20.988911,GET,/api/mixed/db/1/,4.28,247,0,
2026-05-16T16:01:20.992488,GET,/api/mixed/http/,108.81,55353,0,
2026-05-16T16:01:21.007998,GET,/api/mixed/pipeline/1/,3.17,82,0,
2026-05-16T16:01:21.031297,GET,/api/mixed/db/1/,4.01,247,0,
2026-05-16T16:01:21.032096,GET,/api/mixed/http/,109.33,55353,0,
2026-05-16T16:01:21.048428,GET,/api/mixed/pipeline/1/,3.0,82,0,
2026-05-16T16:01:21.053641,GET,/api/mixed/db/1/,3.8,247,0,
2026-05-16T16:01:21.067825,GET,/api/mixed/db/1/,4.81,247,0,
2026-05-16T16:01:21.068406,GET,/api/mixed/pipeline/1/,3.98,82,0,
2026-05-16T16:01:21.070130,GET,/api/mixed/db/1/,4.48,247,0,
2026-05-16T16:01:21.070568,GET,/api/mixed/pipeline/1/,3.8,82,0,
2026-05-16T16:01:21.080679,GET,/api/mixed/http/,109.75,55353,0,
2026-05-16T16:01:21.109345,GET,/api/mixed/http/,109.4,55353,0,
2026-05-16T16:01:21.140028,GET,/api/mixed/pipeline/1/,3.24,82,0,
2026-05-16T16:01:21.144081,GET,/api/mixed/pipeline/1/,2.7,82,0,
2026-05-16T16:01:21.151823,GET,/api/mixed/pipeline/1/,3.52,82,0,
2026-05-16T16:01:21.158614,GET,/api/mixed/db/1/,6.64,247,0,
2026-05-16T16:01:21.160464,GET,/api/mixed/pipeline/1/,4.84,82,0,
2026-05-16T16:01:21.187679,GET,/api/mixed/pipeline/1/,3.8,82,0,
2026-05-16T16:01:21.188229,GET,/api/mixed/pipeline/1/,5.52,82,0,
2026-05-16T16:01:21.191769,GET,/api/mixed/db/1/,5.09,247,0,
2026-05-16T16:01:21.196081,GET,/api/mixed/db/1/,5.27,247,0,
2026-05-16T16:01:21.216663,GET,/api/mixed/http/,108.75,55353,0,
2026-05-16T16:01:21.227330,GET,/api/mixed/pipeline/1/,4.35,82,0,
2026-05-16T16:01:21.227802,GET,/api/mixed/db/1/,5.24,247,0,
2026-05-16T16:01:21.230600,GET,/api/mixed/http/,108.46,55353,0,
2026-05-16T16:01:21.247413,GET,/api/mixed/db/1/,3.86,247,0,
2026-05-16T16:01:21.259974,GET,/api/mixed/pipeline/1/,3.29,82,0,
2026-05-16T16:01:21.270820,GET,/api/mixed/db/1/,4.57,247,0,
2026-05-16T16:01:21.287653,GET,/api/mixed/pipeline/1/,4.56,82,0,
2026-05-16T16:01:21.320186,GET,/api/mixed/pipeline/1/,4.48,82,0,
2026-05-16T16:01:21.321014,GET,/api/mixed/db/1/,4.67,247,0,
2026-05-16T16:01:21.321405,GET,/api/mixed/pipeline/1/,3.69,82,0,
2026-05-16T16:01:21.329875,GET,/api/mixed/db/1/,3.74,247,0,
2026-05-16T16:01:21.333540,GET,/api/mixed/http/,111.59,55353,0,
2026-05-16T16:01:21.341904,GET,/api/mixed/http/,107.95,55353,0,
2026-05-16T16:01:21.390345,GET,/api/mixed/db/1/,4.14,247,0,
2026-05-16T16:01:21.397951,GET,/api/mixed/db/1/,4.21,247,0,
2026-05-16T16:01:21.400686,GET,/api/mixed/db/1/,4.35,247,0,
2026-05-16T16:01:21.431507,GET,/api/mixed/db/1/,4.76,247,0,
2026-05-16T16:01:21.432442,GET,/api/mixed/http/,108.74,55353,0,
2026-05-16T16:01:21.462394,GET,/api/mixed/pipeline/1/,3.25,82,0,
2026-05-16T16:01:21.506927,GET,/api/mixed/db/1/,4.15,247,0,
2026-05-16T16:01:21.525092,GET,/api/mixed/http/,108.03,55353,0,
2026-05-16T16:01:21.539896,GET,/api/mixed/http/,108.27,55353,0,
2026-05-16T16:01:21.543408,GET,/api/mixed/http/,107.83,55353,0,
2026-05-16T16:01:21.565913,GET,/api/mixed/db/1/,4.09,247,0,
2026-05-16T16:01:21.572805,GET,/api/mixed/pipeline/1/,3.52,82,0,
2026-05-16T16:01:21.579485,GET,/api/mixed/db/1/,7.78,247,0,
2026-05-16T16:01:21.598264,GET,/api/mixed/pipeline/1/,4.0,82,0,
2026-05-16T16:01:21.605811,GET,/api/mixed/pipeline/1/,4.24,82,0,
2026-05-16T16:01:21.610009,GET,/api/mixed/pipeline/1/,5.5,82,0,
2026-05-16T16:01:21.610939,GET,/api/mixed/pipeline/1/,4.94,82,0,
2026-05-16T16:01:21.636679,GET,/api/mixed/http/,110.27,55353,0,
2026-05-16T16:01:21.637319,GET,/api/mixed/pipeline/1/,3.89,82,0,
2026-05-16T16:01:21.646825,GET,/api/mixed/pipeline/1/,3.11,82,0,
2026-05-16T16:01:21.687229,GET,/api/mixed/pipeline/1/,3.14,82,0,
2026-05-16T16:01:21.691163,GET,/api/mixed/pipeline/1/,3.8,82,0,
2026-05-16T16:01:21.694567,GET,/api/mixed/http/,109.69,55353,0,
2026-05-16T16:01:21.762022,GET,/api/mixed/pipeline/1/,3.05,82,0,
2026-05-16T16:01:21.765998,GET,/api/mixed/pipeline/1/,2.62,82,0,
2026-05-16T16:01:21.781445,GET,/api/mixed/db/1/,5.07,247,0,
2026-05-16T16:01:21.794444,GET,/api/mixed/db/1/,5.58,247,0,
2026-05-16T16:01:21.797498,GET,/api/mixed/pipeline/1/,2.92,82,0,
2026-05-16T16:01:21.798675,GET,/api/mixed/pipeline/1/,2.8,82,0,
2026-05-16T16:01:21.820663,GET,/api/mixed/db/1/,5.71,247,0,
2026-05-16T16:01:21.821386,GET,/api/mixed/db/1/,5.37,247,0,
2026-05-16T16:01:21.825504,GET,/api/mixed/db/1/,4.0,247,0,
2026-05-16T16:01:21.828228,GET,/api/mixed/http/,108.17,55353,0,
2026-05-16T16:01:21.839423,GET,/api/mixed/pipeline/1/,7.88,82,0,
2026-05-16T16:01:21.841476,GET,/api/mixed/pipeline/1/,3.5,82,0,
2026-05-16T16:01:21.841901,GET,/api/mixed/db/1/,6.73,247,0,
2026-05-16T16:01:21.860755,GET,/api/mixed/pipeline/1/,3.49,82,0,
2026-05-16T16:01:21.863106,GET,/api/mixed/pipeline/1/,3.26,82,0,
2026-05-16T16:01:21.865772,GET,/api/mixed/pipeline/1/,2.57,82,0,
2026-05-16T16:01:21.888331,GET,/api/mixed/pipeline/1/,4.57,82,0,
2026-05-16T16:01:21.906375,GET,/api/mixed/http/,108.75,55353,0,
2026-05-16T16:01:21.924518,GET,/api/mixed/http/,110.09,55353,0,
2026-05-16T16:01:21.927881,GET,/api/mixed/db/1/,4.41,247,0,
2026-05-16T16:01:21.955466,GET,/api/mixed/db/1/,4.37,247,0,
2026-05-16T16:01:21.955872,GET,/api/mixed/db/1/,5.52,247,0,
2026-05-16T16:01:21.958691,GET,/api/mixed/pipeline/1/,2.73,82,0,
2026-05-16T16:01:21.987783,GET,/api/mixed/db/1/,7.74,247,0,
2026-05-16T16:01:21.988888,GET,/api/mixed/http/,109.83,55353,0,
2026-05-16T16:01:21.989882,GET,/api/mixed/pipeline/1/,3.55,82,0,
2026-05-16T16:01:21.990272,GET,/api/mixed/pipeline/1/,4.51,82,0,
2026-05-16T16:01:21.991684,GET,/api/mixed/db/1/,4.95,247,0,
2026-05-16T16:01:22.001023,GET,/api/mixed/pipeline/1/,3.56,82,0,
2026-05-16T16:01:22.006172,GET,/api/mixed/pipeline/1/,3.89,82,0,
2026-05-16T16:01:22.010393,GET,/api/mixed/pipeline/1/,2.99,82,0,
2026-05-16T16:01:22.018368,GET,/api/mixed/db/1/,5.32,247,0,
2026-05-16T16:01:22.018808,GET,/api/mixed/pipeline/1/,3.38,82,0,
2026-05-16T16:01:22.022288,GET,/api/mixed/http/,107.6,55353,0,
2026-05-16T16:01:22.043545,GET,/api/mixed/http/,109.4,55353,0,
2026-05-16T16:01:22.045740,GET,/api/mixed/pipeline/1/,3.37,82,0,
2026-05-16T16:01:22.053082,GET,/api/mixed/http/,108.99,55353,0,
2026-05-16T16:01:22.066867,GET,/api/mixed/db/1/,5.36,247,0,
2026-05-16T16:01:22.070910,GET,/api/mixed/db/1/,5.59,247,0,
2026-05-16T16:01:22.074406,GET,/api/mixed/db/1/,4.45,247,0,
2026-05-16T16:01:22.101761,GET,/api/mixed/db/1/,4.09,247,0,
2026-05-16T16:01:22.104320,GET,/api/mixed/http/,108.3,55353,0,
2026-05-16T16:01:22.106804,GET,/api/mixed/http/,107.85,55353,0,
2026-05-16T16:01:22.120248,GET,/api/mixed/http/,108.46,55353,0,
2026-05-16T16:01:22.140743,GET,/api/mixed/db/1/,4.08,247,0,
2026-05-16T16:01:22.182255,GET,/api/mixed/pipeline/1/,3.01,82,0,
2026-05-16T16:01:22.192760,GET,/api/mixed/db/1/,3.63,247,0,
2026-05-16T16:01:22.236624,GET,/api/mixed/pipeline/1/,2.77,82,0,
2026-05-16T16:01:22.255637,GET,/api/mixed/db/1/,4.02,247,0,
2026-05-16T16:01:22.266834,GET,/api/mixed/http/,110.22,55353,0,
2026-05-16T16:01:22.267462,GET,/api/mixed/http/,109.38,55353,0,
2026-05-16T16:01:22.267962,GET,/api/mixed/http/,112.85,55353,0,
2026-05-16T16:01:22.269356,GET,/api/mixed/db/1/,7.64,247,0,
2026-05-16T16:01:22.281834,GET,/api/mixed/db/1/,4.87,247,0,
2026-05-16T16:01:22.283582,GET,/api/mixed/http/,108.18,55353,0,
2026-05-16T16:01:22.293720,GET,/api/mixed/http/,109.12,55353,0,
2026-05-16T16:01:22.294816,GET,/api/mixed/db/1/,5.52,247,0,
2026-05-16T16:01:22.295223,GET,/api/mixed/db/1/,6.4,247,0,
2026-05-16T16:01:22.297788,GET,/api/mixed/http/,109.67,55353,0,
2026-05-16T16:01:22.309877,GET,/api/mixed/http/,108.86,55353,0,
2026-05-16T16:01:22.321085,GET,/api/mixed/http/,107.88,55353,0,
2026-05-16T16:01:22.325159,GET,/api/mixed/db/1/,3.95,247,0,
2026-05-16T16:01:22.333892,GET,/api/mixed/http/,108.86,55353,0,
2026-05-16T16:01:22.334389,GET,/api/mixed/http/,108.84,55353,0,
2026-05-16T16:01:22.341552,GET,/api/mixed/pipeline/1/,3.37,82,0,
2026-05-16T16:01:22.342933,GET,/api/mixed/http/,110.23,55353,0,
2026-05-16T16:01:22.352598,GET,/api/mixed/http/,107.71,55353,0,
2026-05-16T16:01:22.360391,GET,/api/mixed/pipeline/1/,3.55,82,0,
2026-05-16T16:01:22.367420,GET,/api/mixed/db/1/,3.83,247,0,
2026-05-16T16:01:22.369345,GET,/api/mixed/http/,109.39,55353,0,
2026-05-16T16:01:22.375851,GET,/api/mixed/pipeline/1/,3.15,82,0,
2026-05-16T16:01:22.383451,GET,/api/mixed/db/1/,4.27,247,0,
2026-05-16T16:01:22.383908,GET,/api/mixed/db/1/,3.79,247,0,
2026-05-16T16:01:22.391552,GET,/api/mixed/pipeline/1/,3.32,82,0,
2026-05-16T16:01:22.400099,GET,/api/mixed/pipeline/1/,3.26,82,0,
2026-05-16T16:01:22.410103,GET,/api/mixed/http/,108.87,55353,0,
2026-05-16T16:01:22.436305,GET,/api/mixed/db/1/,4.36,247,0,
2026-05-16T16:01:22.437495,GET,/api/mixed/pipeline/1/,2.89,82,0,
2026-05-16T16:01:22.443177,GET,/api/mixed/http/,107.59,55353,0,
2026-05-16T16:01:22.450436,GET,/api/mixed/http/,108.75,55353,0,
2026-05-16T16:01:22.480994,GET,/api/mixed/http/,109.32,55353,0,
2026-05-16T16:01:22.519248,GET,/api/mixed/http/,107.71,55353,0,
2026-05-16T16:01:22.526370,GET,/api/mixed/db/1/,4.84,247,0,
2026-05-16T16:01:22.540343,GET,/api/mixed/pipeline/1/,6.72,82,0,
2026-05-16T16:01:22.540854,GET,/api/mixed/db/1/,8.27,247,0,
2026-05-16T16:01:22.542898,GET,/api/mixed/pipeline/1/,5.56,82,0,
2026-05-16T16:01:22.560601,GET,/api/mixed/pipeline/1/,3.04,82,0,
2026-05-16T16:01:22.592629,GET,/api/mixed/http/,108.38,55353,0,
2026-05-16T16:01:22.596641,GET,/api/mixed/pipeline/1/,2.78,82,0,
2026-05-16T16:01:22.613628,GET,/api/mixed/db/1/,4.75,247,0,
2026-05-16T16:01:22.615409,GET,/api/mixed/pipeline/1/,2.83,82,0,
2026-05-16T16:01:22.643193,GET,/api/mixed/http/,108.91,55353,0,
2026-05-16T16:01:22.657074,GET,/api/mixed/http/,108.36,55353,0,
2026-05-16T16:01:22.657633,GET,/api/mixed/http/,109.42,55353,0,
2026-05-16T16:01:22.660565,GET,/api/mixed/db/1/,5.12,247,0,
2026-05-16T16:01:22.665671,GET,/api/mixed/http/,108.52,55353,0,
2026-05-16T16:01:22.666464,GET,/api/mixed/http/,109.88,55353,0,
2026-05-16T16:01:22.690990,GET,/api/mixed/db/1/,4.15,247,0,
2026-05-16T16:01:22.703608,GET,/api/mixed/db/1/,4.76,247,0,
2026-05-16T16:01:22.709708,GET,/api/mixed/db/1/,3.8,247,0,
2026-05-16T16:01:22.728383,GET,/api/mixed/pipeline/1/,2.88,82,0,
2026-05-16T16:01:22.728938,GET,/api/mixed/http/,109.36,55353,0,
2026-05-16T16:01:22.729376,GET,/api/mixed/http/,109.14,55353,0,
2026-05-16T16:01:22.729779,GET,/api/mixed/db/1/,4.75,247,0,
2026-05-16T16:01:22.735643,GET,/api/mixed/http/,108.98,55353,0,
2026-05-16T16:01:22.753310,GET,/api/mixed/pipeline/1/,3.43,82,0,
2026-05-16T16:01:22.768774,GET,/api/mixed/pipeline/1/,3.08,82,0,
2026-05-16T16:01:22.804392,GET,/api/mixed/http/,108.08,55353,0,
2026-05-16T16:01:22.805481,GET,/api/mixed/pipeline/1/,4.67,82,0,
2026-05-16T16:01:22.805910,GET,/api/mixed/pipeline/1/,4.08,82,0,
2026-05-16T16:01:22.806314,GET,/api/mixed/db/1/,4.89,247,0,
2026-05-16T16:01:22.810453,GET,/api/mixed/pipeline/1/,2.83,82,0,
2026-05-16T16:01:22.827268,GET,/api/mixed/db/1/,4.28,247,0,
2026-05-16T16:01:22.828320,GET,/api/mixed/pipeline/1/,2.76,82,0,
2026-05-16T16:01:22.829472,GET,/api/mixed/http/,108.1,55353,0,
2026-05-16T16:01:22.851084,GET,/api/mixed/pipeline/1/,3.85,82,0,
2026-05-16T16:01:22.862280,GET,/api/mixed/db/1/,4.79,247,0,
2026-05-16T16:01:22.877249,GET,/api/mixed/pipeline/1/,3.57,82,0,
2026-05-16T16:01:22.889893,GET,/api/mixed/http/,108.27,55353,0,
2026-05-16T16:01:22.890505,GET,/api/mixed/http/,109.47,55353,0,
2026-05-16T16:01:22.901316,GET,/api/mixed/db/1/,4.54,247,0,
2026-05-16T16:01:22.909070,GET,/api/mixed/db/1/,4.37,247,0,
2026-05-16T16:01:22.916252,GET,/api/mixed/db/1/,4.92,247,0,
2026-05-16T16:01:22.931326,GET,/api/mixed/http/,109.46,55353,0,
2026-05-16T16:01:22.935464,GET,/api/mixed/pipeline/1/,2.8,82,0,
2026-05-16T16:01:22.939248,GET,/api/mixed/http/,107.94,55353,0,
2026-05-16T16:01:22.940392,GET,/api/mixed/http/,109.55,55353,0,
2026-05-16T16:01:22.941014,GET,/api/mixed/http/,108.73,55353,0,
2026-05-16T16:01:22.948382,GET,/api/mixed/http/,108.48,55353,0,
2026-05-16T16:01:22.948894,GET,/api/mixed/http/,108.01,55353,0,
2026-05-16T16:01:22.965500,GET,/api/mixed/db/1/,4.22,247,0,
2026-05-16T16:01:22.983487,GET,/api/mixed/http/,110.97,55353,0,
2026-05-16T16:01:22.984362,GET,/api/mixed/pipeline/1/,4.86,82,0,
2026-05-16T16:01:22.987132,GET,/api/mixed/pipeline/1/,3.51,82,0,
2026-05-16T16:01:22.987558,GET,/api/mixed/db/1/,5.23,247,0,
2026-05-16T16:01:23.001060,GET,/api/mixed/db/1/,4.27,247,0,
2026-05-16T16:01:23.007179,GET,/api/mixed/pipeline/1/,2.88,82,0,
2026-05-16T16:01:23.011683,GET,/api/mixed/db/1/,4.38,247,0,
2026-05-16T16:01:23.014263,GET,/api/mixed/http/,109.09,55353,0,
2026-05-16T16:01:23.016761,GET,/api/mixed/pipeline/1/,3.44,82,0,
2026-05-16T16:01:23.044259,GET,/api/mixed/db/1/,5.15,247,0,
2026-05-16T16:01:23.048570,GET,/api/mixed/http/,109.2,55353,0,
2026-05-16T16:01:23.056898,GET,/api/mixed/pipeline/1/,2.9,82,0,
2026-05-16T16:01:23.075274,GET,/api/mixed/db/1/,5.07,247,0,
2026-05-16T16:01:23.084818,GET,/api/mixed/http/,108.12,55353,0,
2026-05-16T16:01:23.096711,GET,/api/mixed/pipeline/1/,3.39,82,0,
2026-05-16T16:01:23.105434,GET,/api/mixed/db/1/,4.52,247,0,
2026-05-16T16:01:23.110022,GET,/api/mixed/db/1/,4.43,247,0,
2026-05-16T16:01:23.202901,GET,/api/mixed/pipeline/1/,3.97,82,0,
2026-05-16T16:01:23.212214,GET,/api/mixed/db/1/,4.07,247,0,
2026-05-16T16:01:23.220487,GET,/api/mixed/http/,108.03,55353,0,
2026-05-16T16:01:23.225294,GET,/api/mixed/pipeline/1/,3.5,82,0,
2026-05-16T16:01:23.226500,GET,/api/mixed/http/,108.18,55353,0,
2026-05-16T16:01:23.228432,GET,/api/mixed/pipeline/1/,4.05,82,0,
2026-05-16T16:01:23.230285,GET,/api/mixed/db/1/,4.83,247,0,
2026-05-16T16:01:23.232901,GET,/api/mixed/pipeline/1/,3.46,82,0,
2026-05-16T16:01:23.233770,GET,/api/mixed/pipeline/1/,3.25,82,0,
2026-05-16T16:01:23.235939,GET,/api/mixed/pipeline/1/,2.93,82,0,
2026-05-16T16:01:23.272688,GET,/api/mixed/pipeline/1/,3.47,82,0,
2026-05-16T16:01:23.290946,GET,/api/mixed/pipeline/1/,3.64,82,0,
2026-05-16T16:01:23.306453,GET,/api/mixed/pipeline/1/,4.24,82,0,
2026-05-16T16:01:23.309461,GET,/api/mixed/http/,109.8,55353,0,
2026-05-16T16:01:23.328297,GET,/api/mixed/db/1/,4.03,247,0,
2026-05-16T16:01:23.349738,GET,/api/mixed/pipeline/1/,3.04,82,0,
2026-05-16T16:01:23.379500,GET,/api/mixed/pipeline/1/,3.51,82,0,
2026-05-16T16:01:23.383047,GET,/api/mixed/db/1/,4.38,247,0,
2026-05-16T16:01:23.385533,GET,/api/mixed/http/,108.51,55353,0,
2026-05-16T16:01:23.387602,GET,/api/mixed/pipeline/1/,4.43,82,0,
2026-05-16T16:01:23.392533,GET,/api/mixed/db/1/,4.83,247,0,
2026-05-16T16:01:23.402989,GET,/api/mixed/pipeline/1/,4.08,82,0,
2026-05-16T16:01:23.411920,GET,/api/mixed/db/1/,4.45,247,0,
2026-05-16T16:01:23.412350,GET,/api/mixed/db/1/,3.85,247,0,
2026-05-16T16:01:23.417184,GET,/api/mixed/http/,107.6,55353,0,
2026-05-16T16:01:23.430044,GET,/api/mixed/http/,110.61,55353,0,
2026-05-16T16:01:23.435181,GET,/api/mixed/pipeline/1/,3.93,82,0,
2026-05-16T16:01:23.467098,GET,/api/mixed/pipeline/1/,3.87,82,0,
2026-05-16T16:01:23.507914,GET,/api/mixed/http/,108.51,55353,0,
2026-05-16T16:01:23.510232,GET,/api/mixed/pipeline/1/,3.22,82,0,
2026-05-16T16:01:23.522182,GET,/api/mixed/pipeline/1/,3.4,82,0,
2026-05-16T16:01:23.525526,GET,/api/mixed/db/1/,4.37,247,0,
2026-05-16T16:01:23.529016,GET,/api/mixed/http/,107.4,55353,0,
2026-05-16T16:01:23.537770,GET,/api/mixed/db/1/,4.37,247,0,
2026-05-16T16:01:23.544208,GET,/api/mixed/pipeline/1/,2.78,82,0,
2026-05-16T16:01:23.545543,GET,/api/mixed/db/1/,4.56,247,0,
2026-05-16T16:01:23.562315,GET,/api/mixed/http/,107.73,55353,0,
2026-05-16T16:01:23.612848,GET,/api/mixed/http/,108.53,55353,0,
2026-05-16T16:01:23.615082,GET,/api/mixed/pipeline/1/,4.22,82,0,
2026-05-16T16:01:23.618889,GET,/api/mixed/db/1/,3.71,247,0,
2026-05-16T16:01:23.626247,GET,/api/mixed/http/,108.62,55353,0,
2026-05-16T16:01:23.629943,GET,/api/mixed/pipeline/1/,4.75,82,0,
2026-05-16T16:01:23.634794,GET,/api/mixed/http/,112.48,55353,0,
2026-05-16T16:01:23.643343,GET,/api/mixed/db/1/,4.22,247,0,
2026-05-16T16:01:23.663230,GET,/api/mixed/pipeline/1/,4.51,82,0,
2026-05-16T16:01:23.681385,GET,/api/mixed/pipeline/1/,3.66,82,0,
2026-05-16T16:01:23.689560,GET,/api/mixed/http/,107.99,55353,0,
2026-05-16T16:01:23.690101,GET,/api/mixed/http/,109.15,55353,0,
2026-05-16T16:01:23.695099,GET,/api/mixed/http/,107.68,55353,0,
2026-05-16T16:01:23.700064,GET,/api/mixed/http/,108.27,55353,0,
2026-05-16T16:01:23.715467,GET,/api/mixed/pipeline/1/,4.01,82,0,
2026-05-16T16:01:23.716437,GET,/api/mixed/http/,108.25,55353,0,
2026-05-16T16:01:23.718312,GET,/api/mixed/pipeline/1/,3.71,82,0,
2026-05-16T16:01:23.719921,GET,/api/mixed/http/,108.61,55353,0,
2026-05-16T16:01:23.737778,GET,/api/mixed/db/1/,4.21,247,0,
2026-05-16T16:01:23.753298,GET,/api/mixed/pipeline/1/,2.83,82,0,
2026-05-16T16:01:23.753751,GET,/api/mixed/db/1/,4.69,247,0,
2026-05-16T16:01:23.767326,GET,/api/mixed/db/1/,4.65,247,0,
2026-05-16T16:01:23.770533,GET,/api/mixed/http/,108.28,55353,0,
2026-05-16T16:01:23.773379,GET,/api/mixed/db/1/,4.83,247,0,
2026-05-16T16:01:23.774793,GET,/api/mixed/http/,107.51,55353,0,
2026-05-16T16:01:23.783420,GET,/api/mixed/pipeline/1/,3.1,82,0,
2026-05-16T16:01:23.791090,GET,/api/mixed/http/,108.35,55353,0,
2026-05-16T16:01:23.803951,GET,/api/mixed/db/1/,3.9,247,0,
2026-05-16T16:01:23.820728,GET,/api/mixed/db/1/,3.83,247,0,
2026-05-16T16:01:23.823279,GET,/api/mixed/http/,109.13,55353,0,
2026-05-16T16:01:23.827158,GET,/api/mixed/pipeline/1/,5.19,82,0,
2026-05-16T16:01:23.836950,GET,/api/mixed/db/1/,4.32,247,0,
2026-05-16T16:01:23.865529,GET,/api/mixed/http/,108.55,55353,0,
2026-05-16T16:01:23.882468,GET,/api/mixed/pipeline/1/,3.56,82,0,
2026-05-16T16:01:23.894576,GET,/api/mixed/pipeline/1/,4.2,82,0,
2026-05-16T16:01:23.896089,GET,/api/mixed/pipeline/1/,3.81,82,0,
2026-05-16T16:01:23.898324,GET,/api/mixed/pipeline/1/,3.05,82,0,
2026-05-16T16:01:23.901038,GET,/api/mixed/http/,108.65,55353,0,
2026-05-16T16:01:23.918592,GET,/api/mixed/http/,109.34,55353,0,
2026-05-16T16:01:23.929366,GET,/api/mixed/db/1/,4.15,247,0,
2026-05-16T16:01:23.933139,GET,/api/mixed/db/1/,3.65,247,0,
2026-05-16T16:01:23.942846,GET,/api/mixed/pipeline/1/,4.78,82,0,
2026-05-16T16:01:23.946996,GET,/api/mixed/pipeline/1/,2.78,82,0,
2026-05-16T16:01:23.982378,GET,/api/mixed/pipeline/1/,3.03,82,0,
2026-05-16T16:01:23.990406,GET,/api/mixed/http/,108.82,55353,0,
2026-05-16T16:01:24.007636,GET,/api/mixed/pipeline/1/,3.37,82,0,
2026-05-16T16:01:24.023658,GET,/api/mixed/http/,108.4,55353,0,
2026-05-16T16:01:24.036268,GET,/api/mixed/db/1/,4.25,247,0,
2026-05-16T16:01:24.044282,GET,/api/mixed/pipeline/1/,3.73,82,0,
2026-05-16T16:01:24.045484,GET,/api/mixed/http/,109.13,55353,0,
2026-05-16T16:01:24.054531,GET,/api/mixed/pipeline/1/,3.71,82,0,
2026-05-16T16:01:24.064796,GET,/api/mixed/db/1/,3.98,247,0,
2026-05-16T16:01:24.082548,GET,/api/mixed/db/1/,4.48,247,0,
2026-05-16T16:01:24.086970,GET,/api/mixed/pipeline/1/,3.14,82,0,
2026-05-16T16:01:24.090823,GET,/api/mixed/pipeline/1/,3.71,82,0,
2026-05-16T16:01:24.092798,GET,/api/mixed/http/,108.18,55353,0,
2026-05-16T16:01:24.108887,GET,/api/mixed/http/,108.19,55353,0,
2026-05-16T16:01:24.121110,GET,/api/mixed/db/1/,4.9,247,0,
2026-05-16T16:01:24.143557,GET,/api/mixed/pipeline/1/,3.81,82,0,
2026-05-16T16:01:24.145010,GET,/api/mixed/db/1/,4.71,247,0,
2026-05-16T16:01:24.151867,GET,/api/mixed/http/,108.59,55353,0,
2026-05-16T16:01:24.168189,GET,/api/mixed/db/1/,4.87,247,0,
2026-05-16T16:01:24.213832,GET,/api/mixed/db/1/,4.2,247,0,
2026-05-16T16:01:24.240466,GET,/api/mixed/pipeline/1/,3.21,82,0,
2026-05-16T16:01:24.246556,GET,/api/mixed/db/1/,3.75,247,0,
2026-05-16T16:01:24.294000,GET,/api/mixed/pipeline/1/,3.16,82,0,
2026-05-16T16:01:24.308383,GET,/api/mixed/pipeline/1/,3.01,82,0,
2026-05-16T16:01:24.313811,GET,/api/mixed/pipeline/1/,3.09,82,0,
2026-05-16T16:01:24.321331,GET,/api/mixed/db/1/,4.14,247,0,
2026-05-16T16:01:24.362818,GET,/api/mixed/db/1/,6.11,247,0,
2026-05-16T16:01:24.420716,GET,/api/mixed/pipeline/1/,3.77,82,0,
2026-05-16T16:01:24.446478,GET,/api/mixed/http/,117.6,55353,0,
2026-05-16T16:01:24.448076,GET,/api/mixed/db/1/,11.34,247,0,
2026-05-16T16:01:24.452443,GET,/api/mixed/db/1/,10.0,247,0,
2026-05-16T16:01:24.457131,GET,/api/mixed/db/1/,6.51,247,0,
2026-05-16T16:01:24.474544,GET,/api/mixed/pipeline/1/,5.04,82,0,
2026-05-16T16:01:24.491588,GET,/api/mixed/db/1/,7.94,247,0,
2026-05-16T16:01:24.499281,GET,/api/mixed/db/1/,11.07,247,0,
2026-05-16T16:01:24.502522,GET,/api/mixed/db/1/,6.88,247,0,
2026-05-16T16:01:24.518471,GET,/api/mixed/http/,115.16,55353,0,
2026-05-16T16:01:24.528704,GET,/api/mixed/http/,116.76,55353,0,
2026-05-16T16:01:24.534224,GET,/api/mixed/http/,116.06,55353,0,
2026-05-16T16:01:24.536189,GET,/api/mixed/http/,112.3,55353,0,
2026-05-16T16:01:24.537000,GET,/api/mixed/pipeline/1/,4.2,82,0,
2026-05-16T16:01:24.538332,GET,/api/mixed/db/1/,6.33,247,0,
2026-05-16T16:01:24.552684,GET,/api/mixed/pipeline/1/,7.89,82,0,
2026-05-16T16:01:24.565520,GET,/api/mixed/db/1/,11.73,247,0,
2026-05-16T16:01:24.566453,GET,/api/mixed/pipeline/1/,13.59,82,0,
2026-05-16T16:01:24.569411,GET,/api/mixed/http/,120.92,55353,0,
2026-05-16T16:01:24.572022,GET,/api/mixed/pipeline/1/,4.76,82,0,
2026-05-16T16:01:24.580271,GET,/api/mixed/http/,109.74,55353,0,
2026-05-16T16:01:24.591676,GET,/api/mixed/http/,111.66,55353,0,
2026-05-16T16:01:24.601150,GET,/api/mixed/http/,111.79,55353,0,
2026-05-16T16:01:24.603169,GET,/api/mixed/db/1/,4.27,247,0,
2026-05-16T16:01:24.614534,GET,/api/mixed/db/1/,5.09,247,0,
2026-05-16T16:01:24.626811,GET,/api/mixed/pipeline/1/,4.41,82,0,
2026-05-16T16:01:24.647154,GET,/api/mixed/pipeline/1/,5.85,82,0,
2026-05-16T16:01:24.648284,GET,/api/mixed/db/1/,7.97,247,0,
2026-05-16T16:01:24.650994,GET,/api/mixed/pipeline/1/,3.68,82,0,
2026-05-16T16:01:24.663067,GET,/api/mixed/pipeline/1/,5.68,82,0,
2026-05-16T16:01:24.664483,GET,/api/mixed/db/1/,10.1,247,0,
2026-05-16T16:01:24.669339,GET,/api/mixed/db/1/,4.52,247,0,
2026-05-16T16:01:24.669828,GET,/api/mixed/http/,114.47,55353,0,
2026-05-16T16:01:24.674364,GET,/api/mixed/pipeline/1/,4.43,82,0,
2026-05-16T16:01:24.697191,GET,/api/mixed/db/1/,5.66,247,0,
2026-05-16T16:01:24.697603,GET,/api/mixed/db/1/,9.07,247,0,
2026-05-16T16:01:24.726798,GET,/api/mixed/pipeline/1/,4.9,82,0,
2026-05-16T16:01:24.728273,GET,/api/mixed/http/,109.44,55353,0,
2026-05-16T16:01:24.738434,GET,/api/mixed/db/1/,4.85,247,0,
2026-05-16T16:01:24.750022,GET,/api/mixed/pipeline/1/,4.28,82,0,
2026-05-16T16:01:24.761478,GET,/api/mixed/http/,113.07,55353,0,
2026-05-16T16:01:24.768562,GET,/api/mixed/http/,115.28,55353,0,
2026-05-16T16:01:24.770930,GET,/api/mixed/http/,115.52,55353,0,
2026-05-16T16:01:24.773555,GET,/api/mixed/db/1/,10.78,247,0,
2026-05-16T16:01:24.775571,GET,/api/mixed/db/1/,9.86,247,0,
2026-05-16T16:01:24.793210,GET,/api/mixed/http/,111.5,55353,0,
2026-05-16T16:01:24.794019,GET,/api/mixed/http/,111.74,55353,0,
2026-05-16T16:01:24.801709,GET,/api/mixed/db/1/,4.4,247,0,
2026-05-16T16:01:24.832929,GET,/api/mixed/http/,108.65,55353,0,
2026-05-16T16:01:24.858139,GET,/api/mixed/db/1/,3.98,247,0,
2026-05-16T16:01:24.883327,GET,/api/mixed/http/,109.53,55353,0,
2026-05-16T16:01:24.894675,GET,/api/mixed/pipeline/1/,3.01,82,0,
2026-05-16T16:01:24.902641,GET,/api/mixed/db/1/,4.78,247,0,
2026-05-16T16:01:24.911798,GET,/api/mixed/pipeline/1/,2.95,82,0,
2026-05-16T16:01:24.928036,GET,/api/mixed/db/1/,4.09,247,0,
2026-05-16T16:01:24.956229,GET,/api/mixed/http/,107.99,55353,0,
2026-05-16T16:01:25.009240,GET,/api/mixed/http/,108.76,55353,0,
2026-05-16T16:01:25.017902,GET,/api/mixed/db/1/,4.39,247,0,
2026-05-16T16:01:25.038084,GET,/api/mixed/http/,107.59,55353,0,
2026-05-16T16:01:25.046330,GET,/api/mixed/pipeline/1/,3.84,82,0,
2026-05-16T16:01:25.063968,GET,/api/mixed/http/,109.01,55353,0,
2026-05-16T16:01:25.067605,GET,/api/mixed/db/1/,5.08,247,0,
2026-05-16T16:01:25.068043,GET,/api/mixed/db/1/,5.02,247,0,
2026-05-16T16:01:25.084292,GET,/api/mixed/db/1/,4.1,247,0,
2026-05-16T16:01:25.104989,GET,/api/mixed/http/,109.92,55353,0,
2026-05-16T16:01:25.107025,GET,/api/mixed/pipeline/1/,3.66,82,0,
2026-05-16T16:01:25.108158,GET,/api/mixed/db/1/,4.22,247,0,
2026-05-16T16:01:25.124450,GET,/api/mixed/pipeline/1/,3.86,82,0,
2026-05-16T16:01:25.124980,GET,/api/mixed/db/1/,3.95,247,0,
2026-05-16T16:01:25.127435,GET,/api/mixed/pipeline/1/,3.86,82,0,
2026-05-16T16:01:25.128107,GET,/api/mixed/pipeline/1/,2.66,82,0,
2026-05-16T16:01:25.132163,GET,/api/mixed/pipeline/1/,2.85,82,0,
2026-05-16T16:01:25.134962,GET,/api/mixed/http/,107.8,55353,0,
2026-05-16T16:01:25.150873,GET,/api/mixed/http/,107.86,55353,0,
2026-05-16T16:01:25.156119,GET,/api/mixed/http/,107.45,55353,0,
2026-05-16T16:01:25.162403,GET,/api/mixed/pipeline/1/,4.07,82,0,
2026-05-16T16:01:25.163056,GET,/api/mixed/http/,109.95,55353,0,
2026-05-16T16:01:25.165568,GET,/api/mixed/pipeline/1/,5.84,82,0,
2026-05-16T16:01:25.202901,GET,/api/mixed/http/,111.35,55353,0,
2026-05-16T16:01:25.204389,GET,/api/mixed/http/,111.42,55353,0,
2026-05-16T16:01:25.213613,GET,/api/mixed/db/1/,4.0,247,0,
2026-05-16T16:01:25.215661,GET,/api/mixed/http/,108.52,55353,0,
2026-05-16T16:01:25.225900,GET,/api/mixed/http/,108.06,55353,0,
2026-05-16T16:01:25.243987,GET,/api/mixed/db/1/,3.85,247,0,
2026-05-16T16:01:25.247189,GET,/api/mixed/http/,107.87,55353,0,
2026-05-16T16:01:25.254354,GET,/api/mixed/http/,107.56,55353,0,
2026-05-16T16:01:25.259496,GET,/api/mixed/db/1/,3.75,247,0,
2026-05-16T16:01:25.270443,GET,/api/mixed/http/,108.93,55353,0,
2026-05-16T16:01:25.279654,GET,/api/mixed/db/1/,3.96,247,0,
2026-05-16T16:01:25.281057,GET,/api/mixed/http/,108.28,55353,0,
2026-05-16T16:01:25.290223,GET,/api/mixed/pipeline/1/,2.81,82,0,
2026-05-16T16:01:25.293174,GET,/api/mixed/http/,107.95,55353,0,
2026-05-16T16:01:25.302175,GET,/api/mixed/db/1/,3.83,247,0,
2026-05-16T16:01:25.306585,GET,/api/mixed/http/,107.83,55353,0,
2026-05-16T16:01:25.323106,GET,/api/mixed/http/,109.37,55353,0,
2026-05-16T16:01:25.327655,GET,/api/mixed/db/1/,5.75,247,0,
2026-05-16T16:01:25.329329,GET,/api/mixed/http/,108.41,55353,0,
2026-05-16T16:01:25.345244,GET,/api/mixed/http/,108.94,55353,0,
2026-05-16T16:01:25.348046,GET,/api/mixed/db/1/,4.21,247,0,
2026-05-16T16:01:25.352113,GET,/api/mixed/pipeline/1/,2.68,82,0,
2026-05-16T16:01:25.382657,GET,/api/mixed/db/1/,4.28,247,0,
2026-05-16T16:01:25.407745,GET,/api/mixed/db/1/,6.78,247,0,
2026-05-16T16:01:25.417952,GET,/api/mixed/pipeline/1/,4.71,82,0,
2026-05-16T16:01:25.437833,GET,/api/mixed/pipeline/1/,6.53,82,0,
2026-05-16T16:01:25.449235,GET,/api/mixed/pipeline/1/,6.76,82,0,
2026-05-16T16:01:25.451552,GET,/api/mixed/pipeline/1/,7.18,82,0,
2026-05-16T16:01:25.453555,GET,/api/mixed/db/1/,10.13,247,0,
2026-05-16T16:01:25.485149,GET,/api/mixed/pipeline/1/,10.55,82,0,
2026-05-16T16:01:25.485718,GET,/api/mixed/pipeline/1/,3.83,82,0,
2026-05-16T16:01:25.486252,GET,/api/mixed/pipeline/1/,7.33,82,0,
2026-05-16T16:01:25.486733,GET,/api/mixed/db/1/,17.33,247,0,
2026-05-16T16:01:25.492915,GET,/api/mixed/pipeline/1/,4.72,82,0,
2026-05-16T16:01:25.503547,GET,/api/mixed/pipeline/1/,3.4,82,0,
2026-05-16T16:01:25.514378,GET,/api/mixed/pipeline/1/,3.28,82,0,
2026-05-16T16:01:25.540752,GET,/api/mixed/db/1/,6.82,247,0,
2026-05-16T16:01:25.544240,GET,/api/mixed/http/,112.27,55353,0,
2026-05-16T16:01:25.548551,GET,/api/mixed/db/1/,5.55,247,0,
2026-05-16T16:01:25.549023,GET,/api/mixed/db/1/,4.66,247,0,
2026-05-16T16:01:25.560891,GET,/api/mixed/pipeline/1/,8.63,82,0,
2026-05-16T16:01:25.561954,GET,/api/mixed/db/1/,7.38,247,0,
2026-05-16T16:01:25.564010,GET,/api/mixed/http/,114.53,55353,0,
2026-05-16T16:01:25.565012,GET,/api/mixed/pipeline/1/,4.0,82,0,
2026-05-16T16:01:25.567389,GET,/api/mixed/db/1/,4.56,247,0,
2026-05-16T16:01:25.572345,GET,/api/mixed/http/,112.74,55353,0,
2026-05-16T16:01:25.573849,GET,/api/mixed/http/,110.78,55353,0,
2026-05-16T16:01:25.574418,GET,/api/mixed/http/,112.86,55353,0,
2026-05-16T16:01:25.574844,GET,/api/mixed/pipeline/1/,4.18,82,0,
2026-05-16T16:01:25.591601,GET,/api/mixed/db/1/,5.42,247,0,
2026-05-16T16:01:25.622302,GET,/api/mixed/http/,112.43,55353,0,
2026-05-16T16:01:25.627159,GET,/api/mixed/db/1/,7.21,247,0,
2026-05-16T16:01:25.627923,GET,/api/mixed/pipeline/1/,8.64,82,0,
2026-05-16T16:01:25.642025,GET,/api/mixed/db/1/,4.41,247,0,
2026-05-16T16:01:25.647339,GET,/api/mixed/http/,109.28,55353,0,
2026-05-16T16:01:25.647902,GET,/api/mixed/db/1/,4.64,247,0,
2026-05-16T16:01:25.658192,GET,/api/mixed/db/1/,4.06,247,0,
2026-05-16T16:01:25.669764,GET,/api/mixed/http/,111.81,55353,0,
2026-05-16T16:01:25.674145,GET,/api/mixed/pipeline/1/,2.98,82,0,
2026-05-16T16:01:25.674570,GET,/api/mixed/db/1/,4.68,247,0,
2026-05-16T16:01:25.693558,GET,/api/mixed/pipeline/1/,4.58,82,0,
2026-05-16T16:01:25.695627,GET,/api/mixed/db/1/,5.7,247,0,
2026-05-16T16:01:25.711983,GET,/api/mixed/db/1/,4.18,247,0,
2026-05-16T16:01:25.715014,GET,/api/mixed/db/1/,4.56,247,0,
2026-05-16T16:01:25.727697,GET,/api/mixed/pipeline/1/,4.94,82,0,
2026-05-16T16:01:25.728168,GET,/api/mixed/db/1/,10.61,247,0,
2026-05-16T16:01:25.745372,GET,/api/mixed/http/,109.03,55353,0,
2026-05-16T16:01:25.752148,GET,/api/mixed/db/1/,5.36,247,0,
2026-05-16T16:01:25.771078,GET,/api/mixed/db/1/,4.34,247,0,
2026-05-16T16:01:25.774823,GET,/api/mixed/pipeline/1/,3.6,82,0,
2026-05-16T16:01:25.792446,GET,/api/mixed/http/,108.64,55353,0,
2026-05-16T16:01:25.799201,GET,/api/mixed/http/,109.7,55353,0,
2026-05-16T16:01:25.800884,GET,/api/mixed/pipeline/1/,5.56,82,0,
2026-05-16T16:01:25.801519,GET,/api/mixed/db/1/,7.82,247,0,
2026-05-16T16:01:25.802052,GET,/api/mixed/db/1/,7.89,247,0,
2026-05-16T16:01:25.802446,GET,/api/mixed/db/1/,7.79,247,0,
2026-05-16T16:01:25.806701,GET,/api/mixed/db/1/,4.12,247,0,
2026-05-16T16:01:25.837384,GET,/api/mixed/pipeline/1/,3.35,82,0,
2026-05-16T16:01:25.841943,GET,/api/mixed/http/,108.86,55353,0,
2026-05-16T16:01:25.850595,GET,/api/mixed/http/,109.96,55353,0,
2026-05-16T16:01:25.855065,GET,/api/mixed/db/1/,4.27,247,0,
2026-05-16T16:01:25.859293,GET,/api/mixed/http/,108.94,55353,0,
2026-05-16T16:01:25.869504,GET,/api/mixed/http/,110.48,55353,0,
2026-05-16T16:01:25.871920,GET,/api/mixed/pipeline/1/,3.7,82,0,
2026-05-16T16:01:25.893878,GET,/api/mixed/pipeline/1/,2.98,82,0,
2026-05-16T16:01:25.895135,GET,/api/mixed/db/1/,5.72,247,0,
2026-05-16T16:01:25.897206,GET,/api/mixed/http/,110.12,55353,0,
2026-05-16T16:01:25.920433,GET,/api/mixed/db/1/,4.66,247,0,
2026-05-16T16:01:25.923843,GET,/api/mixed/db/1/,4.58,247,0,
2026-05-16T16:01:25.931151,GET,/api/mixed/db/1/,5.05,247,0,
2026-05-16T16:01:25.949119,GET,/api/mixed/pipeline/1/,5.24,82,0,
2026-05-16T16:01:25.951646,GET,/api/mixed/pipeline/1/,3.44,82,0,
2026-05-16T16:01:25.963895,GET,/api/mixed/http/,110.21,55353,0,
2026-05-16T16:01:25.971431,GET,/api/mixed/pipeline/1/,10.49,82,0,
2026-05-16T16:01:25.972856,GET,/api/mixed/db/1/,7.76,247,0,
2026-05-16T16:01:25.977138,GET,/api/mixed/http/,109.52,55353,0,
2026-05-16T16:01:25.992324,GET,/api/mixed/db/1/,4.98,247,0,
2026-05-16T16:01:26.003554,GET,/api/mixed/db/1/,4.4,247,0,
2026-05-16T16:01:26.023085,GET,/api/mixed/http/,108.52,55353,0,
2026-05-16T16:01:26.036733,GET,/api/mixed/db/1/,4.27,247,0,
2026-05-16T16:01:26.056233,GET,/api/mixed/http/,109.19,55353,0,
2026-05-16T16:01:26.095119,GET,/api/mixed/http/,113.54,55353,0,
2026-05-16T16:01:26.097938,GET,/api/mixed/db/1/,5.81,247,0,
2026-05-16T16:01:26.099605,GET,/api/mixed/pipeline/1/,4.33,82,0,
2026-05-16T16:01:26.108653,GET,/api/mixed/http/,110.94,55353,0,
2026-05-16T16:01:26.123036,GET,/api/mixed/db/1/,5.49,247,0,
2026-05-16T16:01:26.155630,GET,/api/mixed/db/1/,4.13,247,0,
2026-05-16T16:01:26.166451,GET,/api/mixed/http/,107.9,55353,0,
2026-05-16T16:01:26.178718,GET,/api/mixed/pipeline/1/,2.92,82,0,
2026-05-16T16:01:26.183919,GET,/api/mixed/pipeline/1/,2.8,82,0,
2026-05-16T16:01:26.215842,GET,/api/mixed/pipeline/1/,6.72,82,0,
2026-05-16T16:01:26.219238,GET,/api/mixed/http/,109.15,55353,0,
2026-05-16T16:01:26.238543,GET,/api/mixed/db/1/,4.04,247,0,
2026-05-16T16:01:26.264256,GET,/api/mixed/db/1/,3.82,247,0,
2026-05-16T16:01:26.269478,GET,/api/mixed/http/,107.63,55353,0,
2026-05-16T16:01:26.289603,GET,/api/mixed/db/1/,3.76,247,0,
2026-05-16T16:01:26.295800,GET,/api/mixed/pipeline/1/,3.01,82,0,
2026-05-16T16:01:26.301549,GET,/api/mixed/http/,108.39,55353,0,
2026-05-16T16:01:26.333158,GET,/api/mixed/pipeline/1/,3.22,82,0,
2026-05-16T16:01:26.339461,GET,/api/mixed/db/1/,4.89,247,0,
2026-05-16T16:01:26.341549,GET,/api/mixed/pipeline/1/,4.49,82,0,
2026-05-16T16:01:26.365814,GET,/api/mixed/http/,107.88,55353,0,
2026-05-16T16:01:26.366410,GET,/api/mixed/pipeline/1/,3.64,82,0,
2026-05-16T16:01:26.384656,GET,/api/mixed/pipeline/1/,3.01,82,0,
2026-05-16T16:01:26.391029,GET,/api/mixed/db/1/,4.03,247,0,
2026-05-16T16:01:26.392968,GET,/api/mixed/http/,108.2,55353,0,
2026-05-16T16:01:26.406979,GET,/api/mixed/pipeline/1/,3.1,82,0,
2026-05-16T16:01:26.411237,GET,/api/mixed/db/1/,4.13,247,0,
2026-05-16T16:01:26.440028,GET,/api/mixed/http/,108.56,55353,0,
2026-05-16T16:01:26.446936,GET,/api/mixed/db/1/,6.46,247,0,
2026-05-16T16:01:26.449927,GET,/api/mixed/pipeline/1/,5.14,82,0,
2026-05-16T16:01:26.455737,GET,/api/mixed/pipeline/1/,3.48,82,0,
2026-05-16T16:01:26.485781,GET,/api/mixed/pipeline/1/,3.27,82,0,
2026-05-16T16:01:26.486297,GET,/api/mixed/pipeline/1/,4.54,82,0,
2026-05-16T16:01:26.495655,GET,/api/mixed/pipeline/1/,3.02,82,0,
2026-05-16T16:01:26.503858,GET,/api/mixed/http/,110.33,55353,0,
2026-05-16T16:01:26.504413,GET,/api/mixed/http/,111.34,55353,0,
2026-05-16T16:01:26.504883,GET,/api/mixed/http/,109.87,55353,0,
2026-05-16T16:01:26.509565,GET,/api/mixed/db/1/,4.32,247,0,
2026-05-16T16:01:26.518393,GET,/api/mixed/db/1/,6.15,247,0,
2026-05-16T16:01:26.546867,GET,/api/mixed/http/,109.29,55353,0,
2026-05-16T16:01:26.550071,GET,/api/mixed/http/,111.37,55353,0,
2026-05-16T16:01:26.573827,GET,/api/mixed/http/,113.59,55353,0,
2026-05-16T16:01:26.575957,GET,/api/mixed/pipeline/1/,3.49,82,0,
2026-05-16T16:01:26.576397,GET,/api/mixed/db/1/,5.1,247,0,
2026-05-16T16:01:26.599970,GET,/api/mixed/db/1/,5.36,247,0,
2026-05-16T16:01:26.602941,GET,/api/mixed/pipeline/1/,2.84,82,0,
2026-05-16T16:01:26.606081,GET,/api/mixed/http/,109.14,55353,0,
2026-05-16T16:01:26.609641,GET,/api/mixed/db/1/,4.65,247,0,
2026-05-16T16:01:26.613086,GET,/api/mixed/http/,110.93,55353,0,
2026-05-16T16:01:26.620106,GET,/api/mixed/http/,109.16,55353,0,
2026-05-16T16:01:26.633092,GET,/api/mixed/pipeline/1/,3.56,82,0,
2026-05-16T16:01:26.636741,GET,/api/mixed/db/1/,4.54,247,0,
2026-05-16T16:01:26.639347,GET,/api/mixed/pipeline/1/,3.52,82,0,
2026-05-16T16:01:26.642352,GET,/api/mixed/db/1/,3.94,247,0,
2026-05-16T16:01:26.662262,GET,/api/mixed/db/1/,5.02,247,0,
2026-05-16T16:01:26.662694,GET,/api/mixed/db/1/,4.51,247,0,
2026-05-16T16:01:26.663062,GET,/api/mixed/db/1/,5.42,247,0,
2026-05-16T16:01:26.671450,GET,/api/mixed/db/1/,4.04,247,0,
2026-05-16T16:01:26.681188,GET,/api/mixed/pipeline/1/,3.51,82,0,
2026-05-16T16:01:26.684880,GET,/api/mixed/pipeline/1/,2.85,82,0,
2026-05-16T16:01:26.685303,GET,/api/mixed/db/1/,5.01,247,0,
2026-05-16T16:01:26.716746,GET,/api/mixed/pipeline/1/,3.2,82,0,
2026-05-16T16:01:26.722740,GET,/api/mixed/http/,108.36,55353,0,
2026-05-16T16:01:26.738448,GET,/api/mixed/pipeline/1/,3.0,82,0,
2026-05-16T16:01:26.746537,GET,/api/mixed/db/1/,3.76,247,0,
2026-05-16T16:01:26.766726,GET,/api/mixed/http/,110.0,55353,0,
2026-05-16T16:01:26.785333,GET,/api/mixed/db/1/,4.18,247,0,
2026-05-16T16:01:26.791268,GET,/api/mixed/db/1/,3.74,247,0,
2026-05-16T16:01:26.796795,GET,/api/mixed/pipeline/1/,4.23,82,0,
2026-05-16T16:01:26.797212,GET,/api/mixed/pipeline/1/,3.44,82,0,
2026-05-16T16:01:26.807057,GET,/api/mixed/db/1/,4.62,247,0,
2026-05-16T16:01:26.813796,GET,/api/mixed/pipeline/1/,3.4,82,0,
2026-05-16T16:01:26.830937,GET,/api/mixed/db/1/,6.55,247,0,
2026-05-16T16:01:26.831385,GET,/api/mixed/db/1/,6.32,247,0,
2026-05-16T16:01:26.835477,GET,/api/mixed/http/,107.56,55353,0,
2026-05-16T16:01:26.843196,GET,/api/mixed/pipeline/1/,3.52,82,0,
2026-05-16T16:01:26.856741,GET,/api/mixed/pipeline/1/,3.12,82,0,
2026-05-16T16:01:26.860680,GET,/api/mixed/http/,108.84,55353,0,
2026-05-16T16:01:26.862716,GET,/api/mixed/db/1/,4.74,247,0,
2026-05-16T16:01:26.921339,GET,/api/mixed/http/,107.41,55353,0,
2026-05-16T16:01:26.923522,GET,/api/mixed/db/1/,4.28,247,0,
2026-05-16T16:01:26.960070,GET,/api/mixed/db/1/,10.11,247,0,
2026-05-16T16:01:26.977338,GET,/api/mixed/http/,111.26,55353,0,
2026-05-16T16:01:27.020220,GET,/api/mixed/db/1/,4.77,247,0,
2026-05-16T16:01:27.021446,GET,/api/mixed/http/,107.79,55353,0,
2026-05-16T16:01:27.022572,GET,/api/mixed/pipeline/1/,3.39,82,0,
2026-05-16T16:01:27.036571,GET,/api/mixed/db/1/,4.33,247,0,
2026-05-16T16:01:27.044473,GET,/api/mixed/http/,108.59,55353,0,
2026-05-16T16:01:27.053866,GET,/api/mixed/db/1/,4.12,247,0,
2026-05-16T16:01:27.060613,GET,/api/mixed/http/,111.79,55353,0,
2026-05-16T16:01:27.069436,GET,/api/mixed/http/,111.92,55353,0,
2026-05-16T16:01:27.074244,GET,/api/mixed/http/,108.76,55353,0,
2026-05-16T16:01:27.079439,GET,/api/mixed/db/1/,5.07,247,0,
2026-05-16T16:01:27.079907,GET,/api/mixed/db/1/,4.09,247,0,
2026-05-16T16:01:27.081322,GET,/api/mixed/db/1/,5.91,247,0,
2026-05-16T16:01:27.092330,GET,/api/mixed/pipeline/1/,4.68,82,0,
2026-05-16T16:01:27.101069,GET,/api/mixed/http/,108.39,55353,0,
2026-05-16T16:01:27.136659,GET,/api/mixed/http/,107.86,55353,0,
2026-05-16T16:01:27.168154,GET,/api/mixed/db/1/,4.27,247,0,
2026-05-16T16:01:27.176673,GET,/api/mixed/pipeline/1/,3.04,82,0,
2026-05-16T16:01:27.190146,GET,/api/mixed/http/,108.61,55353,0,
2026-05-16T16:01:27.193257,GET,/api/mixed/pipeline/1/,2.97,82,0,
2026-05-16T16:01:27.205835,GET,/api/mixed/http/,112.06,55353,0,
2026-05-16T16:01:27.211415,GET,/api/mixed/http/,114.01,55353,0,
2026-05-16T16:01:27.212165,GET,/api/mixed/http/,110.97,55353,0,
2026-05-16T16:01:27.218401,GET,/api/mixed/db/1/,4.01,247,0,
2026-05-16T16:01:27.227967,GET,/api/mixed/db/1/,4.3,247,0,
2026-05-16T16:01:27.228397,GET,/api/mixed/db/1/,3.5,247,0,
2026-05-16T16:01:27.253331,GET,/api/mixed/db/1/,3.95,247,0,
2026-05-16T16:01:27.259251,GET,/api/mixed/pipeline/1/,2.69,82,0,
2026-05-16T16:01:27.281307,GET,/api/mixed/pipeline/1/,2.9,82,0,
2026-05-16T16:01:27.290223,GET,/api/mixed/db/1/,4.67,247,0,
2026-05-16T16:01:27.290692,GET,/api/mixed/db/1/,4.09,247,0,
2026-05-16T16:01:27.293861,GET,/api/mixed/db/1/,4.96,247,0,
2026-05-16T16:01:27.302981,GET,/api/mixed/http/,108.48,55353,0,
2026-05-16T16:01:27.316358,GET,/api/mixed/pipeline/1/,2.99,82,0,
2026-05-16T16:01:27.339045,GET,/api/mixed/pipeline/1/,3.43,82,0,
2026-05-16T16:01:27.350565,GET,/api/mixed/http/,109.84,55353,0,
2026-05-16T16:01:27.396390,GET,/api/mixed/pipeline/1/,2.81,82,0,
2026-05-16T16:01:27.404789,GET,/api/mixed/pipeline/1/,3.03,82,0,
2026-05-16T16:01:27.422350,GET,/api/mixed/pipeline/1/,3.16,82,0,
2026-05-16T16:01:27.465672,GET,/api/mixed/http/,126.48,55353,0,
2026-05-16T16:01:27.468149,GET,/api/mixed/http/,108.37,55353,0,
2026-05-16T16:01:27.468823,GET,/api/mixed/pipeline/1/,4.82,82,0,
2026-05-16T16:01:27.469334,GET,/api/mixed/db/1/,6.26,247,0,
2026-05-16T16:01:27.469733,GET,/api/mixed/db/1/,6.13,247,0,
2026-05-16T16:01:27.470170,GET,/api/mixed/pipeline/1/,5.78,82,0,
2026-05-16T16:01:27.471746,GET,/api/mixed/http/,108.21,55353,0,
2026-05-16T16:01:27.485588,GET,/api/mixed/http/,108.36,55353,0,
2026-05-16T16:01:27.495781,GET,/api/mixed/db/1/,4.96,247,0,
2026-05-16T16:01:27.498637,GET,/api/mixed/http/,108.74,55353,0,
2026-05-16T16:01:27.502061,GET,/api/mixed/db/1/,4.53,247,0,
2026-05-16T16:01:27.542253,GET,/api/mixed/db/1/,4.78,247,0,
2026-05-16T16:01:27.581769,GET,/api/mixed/http/,108.65,55353,0,
2026-05-16T16:01:27.612369,GET,/api/mixed/http/,108.93,55353,0,
2026-05-16T16:01:27.617674,GET,/api/mixed/http/,108.65,55353,0,
2026-05-16T16:01:27.627485,GET,/api/mixed/pipeline/1/,3.58,82,0,
2026-05-16T16:01:27.630504,GET,/api/mixed/pipeline/1/,2.9,82,0,
2026-05-16T16:01:27.637463,GET,/api/mixed/db/1/,5.08,247,0,
2026-05-16T16:01:27.646237,GET,/api/mixed/http/,109.34,55353,0,
2026-05-16T16:01:27.647869,GET,/api/mixed/db/1/,4.53,247,0,
2026-05-16T16:01:27.651084,GET,/api/mixed/http/,108.7,55353,0,
2026-05-16T16:01:27.661227,GET,/api/mixed/http/,108.68,55353,0,
2026-05-16T16:01:27.662412,GET,/api/mixed/http/,110.97,55353,0,
2026-05-16T16:01:27.662980,GET,/api/mixed/db/1/,6.36,247,0,
2026-05-16T16:01:27.699368,GET,/api/mixed/db/1/,12.54,247,0,
2026-05-16T16:01:27.699880,GET,/api/mixed/db/1/,14.37,247,0,
2026-05-16T16:01:27.700837,GET,/api/mixed/pipeline/1/,12.72,82,0,
2026-05-16T16:01:27.715291,GET,/api/mixed/http/,109.25,55353,0,
2026-05-16T16:01:27.716356,GET,/api/mixed/http/,108.39,55353,0,
2026-05-16T16:01:27.717899,GET,/api/mixed/pipeline/1/,5.93,82,0,
2026-05-16T16:01:27.723256,GET,/api/mixed/http/,108.53,55353,0,
2026-05-16T16:01:27.741344,GET,/api/mixed/http/,109.44,55353,0,
2026-05-16T16:01:27.750837,GET,/api/mixed/db/1/,4.23,247,0,
2026-05-16T16:01:27.752794,GET,/api/mixed/http/,110.04,55353,0,
2026-05-16T16:01:27.763204,GET,/api/mixed/pipeline/1/,3.09,82,0,
2026-05-16T16:01:27.765504,GET,/api/mixed/http/,110.19,55353,0,
2026-05-16T16:01:27.766355,GET,/api/mixed/http/,108.48,55353,0,
2026-05-16T16:01:27.770316,GET,/api/mixed/http/,108.93,55353,0,
2026-05-16T16:01:27.776548,GET,/api/mixed/http/,108.06,55353,0,
2026-05-16T16:01:27.782352,GET,/api/mixed/http/,108.29,55353,0,
2026-05-16T16:01:27.785747,GET,/api/mixed/db/1/,4.92,247,0,
2026-05-16T16:01:27.786355,GET,/api/mixed/http/,108.59,55353,0,
2026-05-16T16:01:27.807239,GET,/api/mixed/pipeline/1/,3.62,82,0,
2026-05-16T16:01:27.809384,GET,/api/mixed/http/,115.54,55353,0,
2026-05-16T16:01:27.809889,GET,/api/mixed/http/,118.42,55353,0,
2026-05-16T16:01:27.811790,GET,/api/mixed/pipeline/1/,3.61,82,0,
2026-05-16T16:01:27.821966,GET,/api/mixed/http/,121.97,55353,0,
2026-05-16T16:01:27.828529,GET,/api/mixed/http/,108.33,55353,0,
2026-05-16T16:01:27.835450,GET,/api/mixed/db/1/,4.63,247,0,
2026-05-16T16:01:27.891624,GET,/api/mixed/pipeline/1/,3.82,82,0,
2026-05-16T16:01:27.919400,GET,/api/mixed/db/1/,5.48,247,0,
2026-05-16T16:01:27.923993,GET,/api/mixed/http/,109.86,55353,0,
2026-05-16T16:01:27.928619,GET,/api/mixed/http/,107.96,55353,0,
2026-05-16T16:01:27.939920,GET,/api/mixed/pipeline/1/,3.03,82,0,
2026-05-16T16:01:27.941559,GET,/api/mixed/http/,108.19,55353,0,
2026-05-16T16:01:27.958100,GET,/api/mixed/db/1/,4.48,247,0,
2026-05-16T16:01:27.983618,GET,/api/mixed/pipeline/1/,3.32,82,0,
2026-05-16T16:01:28.000464,GET,/api/mixed/pipeline/1/,3.57,82,0,
2026-05-16T16:01:28.022569,GET,/api/mixed/db/1/,5.59,247,0,
2026-05-16T16:01:28.023092,GET,/api/mixed/db/1/,5.18,247,0,
2026-05-16T16:01:28.025192,GET,/api/mixed/pipeline/1/,4.05,82,0,
2026-05-16T16:01:28.031416,GET,/api/mixed/http/,111.81,55353,0,
2026-05-16T16:01:28.040329,GET,/api/mixed/pipeline/1/,3.02,82,0,
2026-05-16T16:01:28.053690,GET,/api/mixed/http/,109.8,55353,0,
2026-05-16T16:01:28.059301,GET,/api/mixed/pipeline/1/,3.35,82,0,
2026-05-16T16:01:28.068175,GET,/api/mixed/http/,108.7,55353,0,
2026-05-16T16:01:28.087614,GET,/api/mixed/db/1/,8.08,247,0,
2026-05-16T16:01:28.088538,GET,/api/mixed/db/1/,8.03,247,0,
2026-05-16T16:01:28.092205,GET,/api/mixed/db/1/,5.57,247,0,
2026-05-16T16:01:28.092688,GET,/api/mixed/db/1/,4.93,247,0,
2026-05-16T16:01:28.104011,GET,/api/mixed/pipeline/1/,3.09,82,0,
2026-05-16T16:01:28.120158,GET,/api/mixed/pipeline/1/,3.85,82,0,
2026-05-16T16:01:28.121707,GET,/api/mixed/db/1/,3.89,247,0,
2026-05-16T16:01:28.133815,GET,/api/mixed/http/,108.5,55353,0,
2026-05-16T16:01:28.148944,GET,/api/mixed/http/,112.13,55353,0,
2026-05-16T16:01:28.153141,GET,/api/mixed/pipeline/1/,3.92,82,0,
2026-05-16T16:01:28.157226,GET,/api/mixed/http/,109.68,55353,0,
2026-05-16T16:01:28.160848,GET,/api/mixed/pipeline/1/,4.77,82,0,
2026-05-16T16:01:28.163861,GET,/api/mixed/db/1/,9.43,247,0,
2026-05-16T16:01:28.169578,GET,/api/mixed/http/,111.1,55353,0,
2026-05-16T16:01:28.187042,GET,/api/mixed/pipeline/1/,3.95,82,0,
2026-05-16T16:01:28.199725,GET,/api/mixed/http/,114.2,55353,0,
2026-05-16T16:01:28.201253,GET,/api/mixed/db/1/,8.9,247,0,
2026-05-16T16:01:28.221112,GET,/api/mixed/pipeline/1/,3.8,82,0,
2026-05-16T16:01:28.222101,GET,/api/mixed/pipeline/1/,3.56,82,0,
2026-05-16T16:01:28.230164,GET,/api/mixed/db/1/,8.91,247,0,
2026-05-16T16:01:28.246963,GET,/api/mixed/http/,109.87,55353,0,
2026-05-16T16:01:28.282808,GET,/api/mixed/http/,110.97,55353,0,
2026-05-16T16:01:28.283361,GET,/api/mixed/pipeline/1/,6.2,82,0,
2026-05-16T16:01:28.283757,GET,/api/mixed/pipeline/1/,4.58,82,0,
2026-05-16T16:01:28.289967,GET,/api/mixed/http/,109.24,55353,0,
2026-05-16T16:01:28.291281,GET,/api/mixed/http/,109.24,55353,0,
2026-05-16T16:01:28.316045,GET,/api/mixed/pipeline/1/,3.55,82,0,
2026-05-16T16:01:28.317579,GET,/api/mixed/http/,109.85,55353,0,
2026-05-16T16:01:28.319765,GET,/api/mixed/db/1/,4.6,247,0,
2026-05-16T16:01:28.325499,GET,/api/mixed/pipeline/1/,4.51,82,0,
2026-05-16T16:01:28.342175,GET,/api/mixed/db/1/,6.44,247,0,
2026-05-16T16:01:28.350984,GET,/api/mixed/db/1/,4.49,247,0,
2026-05-16T16:01:28.369548,GET,/api/mixed/db/1/,5.11,247,0,
2026-05-16T16:01:28.372015,GET,/api/mixed/http/,109.72,55353,0,
2026-05-16T16:01:28.380824,GET,/api/mixed/db/1/,6.36,247,0,
2026-05-16T16:01:28.399060,GET,/api/mixed/pipeline/1/,4.33,82,0,
2026-05-16T16:01:28.400558,GET,/api/mixed/db/1/,4.82,247,0,
2026-05-16T16:01:28.410188,GET,/api/mixed/pipeline/1/,6.27,82,0,
2026-05-16T16:01:28.412057,GET,/api/mixed/http/,114.13,55353,0,
2026-05-16T16:01:28.416642,GET,/api/mixed/http/,110.98,55353,0,
2026-05-16T16:01:28.431231,GET,/api/mixed/db/1/,4.17,247,0,
2026-05-16T16:01:28.455847,GET,/api/mixed/http/,113.51,55353,0,
2026-05-16T16:01:28.457237,GET,/api/mixed/pipeline/1/,5.72,82,0,
2026-05-16T16:01:28.473499,GET,/api/mixed/http/,110.19,55353,0,
2026-05-16T16:01:28.475500,GET,/api/mixed/db/1/,7.99,247,0,
2026-05-16T16:01:28.478548,GET,/api/mixed/http/,112.45,55353,0,
2026-05-16T16:01:28.479638,GET,/api/mixed/pipeline/1/,8.34,82,0,
2026-05-16T16:01:28.480598,GET,/api/mixed/pipeline/1/,4.04,82,0,
2026-05-16T16:01:28.485477,GET,/api/mixed/http/,110.12,55353,0,
2026-05-16T16:01:28.493592,GET,/api/mixed/http/,109.43,55353,0,
2026-05-16T16:01:28.505122,GET,/api/mixed/http/,109.79,55353,0,
2026-05-16T16:01:28.514757,GET,/api/mixed/http/,108.62,55353,0,
2026-05-16T16:01:28.522842,GET,/api/mixed/http/,108.52,55353,0,
2026-05-16T16:01:28.542255,GET,/api/mixed/pipeline/1/,4.83,82,0,
2026-05-16T16:01:28.566499,GET,/api/mixed/db/1/,4.08,247,0,
2026-05-16T16:01:28.603268,GET,/api/mixed/db/1/,6.89,247,0,
2026-05-16T16:01:28.607181,GET,/api/mixed/pipeline/1/,5.95,82,0,
2026-05-16T16:01:28.622306,GET,/api/mixed/http/,110.84,55353,0,
2026-05-16T16:01:28.628486,GET,/api/mixed/pipeline/1/,2.81,82,0,
2026-05-16T16:01:28.641578,GET,/api/mixed/pipeline/1/,3.34,82,0,
2026-05-16T16:01:28.642022,GET,/api/mixed/db/1/,5.08,247,0,
2026-05-16T16:01:28.642390,GET,/api/mixed/db/1/,4.68,247,0,
2026-05-16T16:01:28.646338,GET,/api/mixed/http/,109.83,55353,0,
2026-05-16T16:01:28.656541,GET,/api/mixed/pipeline/1/,3.76,82,0,
2026-05-16T16:01:28.657936,GET,/api/mixed/http/,109.3,55353,0,
2026-05-16T16:01:28.659841,GET,/api/mixed/pipeline/1/,3.15,82,0,
2026-05-16T16:01:28.660256,GET,/api/mixed/db/1/,4.72,247,0,
2026-05-16T16:01:28.665684,GET,/api/mixed/http/,110.11,55353,0,
2026-05-16T16:01:28.688206,GET,/api/mixed/http/,108.26,55353,0,
2026-05-16T16:01:28.700675,GET,/api/mixed/http/,108.89,55353,0,
2026-05-16T16:01:28.705003,GET,/api/mixed/http/,108.12,55353,0,
2026-05-16T16:01:28.712005,GET,/api/mixed/http/,110.1,55353,0,
2026-05-16T16:01:28.728178,GET,/api/mixed/http/,109.57,55353,0,
2026-05-16T16:01:28.728817,GET,/api/mixed/http/,111.0,55353,0,
2026-05-16T16:01:28.749743,GET,/api/mixed/db/1/,5.75,247,0,
2026-05-16T16:01:28.755538,GET,/api/mixed/http/,110.97,55353,0,
2026-05-16T16:01:28.788656,GET,/api/mixed/http/,109.45,55353,0,
2026-05-16T16:01:28.804265,GET,/api/mixed/db/1/,4.21,247,0,
2026-05-16T16:01:28.810465,GET,/api/mixed/db/1/,3.94,247,0,
2026-05-16T16:01:28.818692,GET,/api/mixed/http/,109.41,55353,0,
2026-05-16T16:01:28.841617,GET,/api/mixed/http/,109.51,55353,0,
2026-05-16T16:01:28.850430,GET,/api/mixed/db/1/,7.45,247,0,
2026-05-16T16:01:28.853414,GET,/api/mixed/pipeline/1/,2.81,82,0,
2026-05-16T16:01:28.868688,GET,/api/mixed/db/1/,5.99,247,0,
2026-05-16T16:01:28.895533,GET,/api/mixed/pipeline/1/,4.26,82,0,
2026-05-16T16:01:28.909037,GET,/api/mixed/pipeline/1/,3.13,82,0,
2026-05-16T16:01:28.914629,GET,/api/mixed/pipeline/1/,3.18,82,0,
2026-05-16T16:01:28.933252,GET,/api/mixed/http/,110.18,55353,0,
2026-05-16T16:01:28.936615,GET,/api/mixed/db/1/,4.56,247,0,
2026-05-16T16:01:28.943557,GET,/api/mixed/http/,108.82,55353,0,
2026-05-16T16:01:28.958682,GET,/api/mixed/http/,109.28,55353,0,
2026-05-16T16:01:28.974737,GET,/api/mixed/http/,108.62,55353,0,
2026-05-16T16:01:28.975550,GET,/api/mixed/http/,108.7,55353,0,
2026-05-16T16:01:28.996664,GET,/api/mixed/db/1/,4.86,247,0,
2026-05-16T16:01:29.005078,GET,/api/mixed/http/,108.27,55353,0,
2026-05-16T16:01:29.025919,GET,/api/mixed/http/,107.93,55353,0,
2026-05-16T16:01:29.035560,GET,/api/mixed/pipeline/1/,3.22,82,0,
2026-05-16T16:01:29.062877,GET,/api/mixed/pipeline/1/,7.36,82,0,
2026-05-16T16:01:29.063523,GET,/api/mixed/http/,111.46,55353,0,
2026-05-16T16:01:29.079939,GET,/api/mixed/pipeline/1/,3.06,82,0,
2026-05-16T16:01:29.082696,GET,/api/mixed/pipeline/1/,2.63,82,0,
2026-05-16T16:01:29.097554,GET,/api/mixed/db/1/,4.14,247,0,
2026-05-16T16:01:29.116277,GET,/api/mixed/db/1/,3.74,247,0,
2026-05-16T16:01:29.134913,GET,/api/mixed/pipeline/1/,2.84,82,0,
2026-05-16T16:01:29.155360,GET,/api/mixed/http/,110.5,55353,0,
2026-05-16T16:01:29.168407,GET,/api/mixed/http/,111.27,55353,0,
2026-05-16T16:01:29.183493,GET,/api/mixed/db/1/,4.02,247,0,
2026-05-16T16:01:29.193335,GET,/api/mixed/db/1/,5.59,247,0,
2026-05-16T16:01:29.194199,GET,/api/mixed/http/,109.28,55353,0,
2026-05-16T16:01:29.210216,GET,/api/mixed/db/1/,7.16,247,0,
2026-05-16T16:01:29.214548,GET,/api/mixed/http/,110.65,55353,0,
2026-05-16T16:01:29.217169,GET,/api/mixed/pipeline/1/,3.77,82,0,
2026-05-16T16:01:29.220642,GET,/api/mixed/http/,109.39,55353,0,
2026-05-16T16:01:29.221994,GET,/api/mixed/db/1/,5.83,247,0,
2026-05-16T16:01:29.229280,GET,/api/mixed/db/1/,4.93,247,0,
2026-05-16T16:01:29.230191,GET,/api/mixed/db/1/,5.08,247,0,
2026-05-16T16:01:29.232408,GET,/api/mixed/pipeline/1/,3.01,82,0,
2026-05-16T16:01:29.240727,GET,/api/mixed/http/,110.07,55353,0,
2026-05-16T16:01:29.259749,GET,/api/mixed/http/,109.34,55353,0,
2026-05-16T16:01:29.272320,GET,/api/mixed/http/,110.45,55353,0,
2026-05-16T16:01:29.280635,GET,/api/mixed/pipeline/1/,3.04,82,0,
2026-05-16T16:01:29.281118,GET,/api/mixed/http/,109.48,55353,0,
2026-05-16T16:01:29.284871,GET,/api/mixed/http/,108.91,55353,0,
2026-05-16T16:01:29.290552,GET,/api/mixed/db/1/,7.25,247,0,
2026-05-16T16:01:29.293039,GET,/api/mixed/pipeline/1/,3.48,82,0,
2026-05-16T16:01:29.293631,GET,/api/mixed/db/1/,4.64,247,0,
2026-05-16T16:01:29.296003,GET,/api/mixed/http/,109.25,55353,0,
2026-05-16T16:01:29.306924,GET,/api/mixed/pipeline/1/,3.6,82,0,
2026-05-16T16:01:29.313285,GET,/api/mixed/http/,111.73,55353,0,
2026-05-16T16:01:29.313810,GET,/api/mixed/http/,108.84,55353,0,
2026-05-16T16:01:29.330198,GET,/api/mixed/pipeline/1/,3.02,82,0,
2026-05-16T16:01:29.336085,GET,/api/mixed/pipeline/1/,4.67,82,0,
2026-05-16T16:01:29.340431,GET,/api/mixed/db/1/,6.28,247,0,
2026-05-16T16:01:29.348038,GET,/api/mixed/http/,108.35,55353,0,
2026-05-16T16:01:29.400441,GET,/api/mixed/db/1/,6.28,247,0,
2026-05-16T16:01:29.407122,GET,/api/mixed/pipeline/1/,3.5,82,0,
2026-05-16T16:01:29.416359,GET,/api/mixed/http/,110.28,55353,0,
2026-05-16T16:01:29.416935,GET,/api/mixed/db/1/,5.61,247,0,
2026-05-16T16:01:29.419398,GET,/api/mixed/db/1/,6.79,247,0,
2026-05-16T16:01:29.421644,GET,/api/mixed/db/1/,6.98,247,0,
2026-05-16T16:01:29.422082,GET,/api/mixed/db/1/,8.54,247,0,
2026-05-16T16:01:29.424070,GET,/api/mixed/pipeline/1/,3.43,82,0,
2026-05-16T16:01:29.434957,GET,/api/mixed/pipeline/1/,3.25,82,0,
2026-05-16T16:01:29.439978,GET,/api/mixed/pipeline/1/,2.66,82,0,
2026-05-16T16:01:29.451224,GET,/api/mixed/http/,108.53,55353,0,
2026-05-16T16:01:29.459229,GET,/api/mixed/http/,107.95,55353,0,
2026-05-16T16:01:29.470361,GET,/api/mixed/http/,111.24,55353,0,
2026-05-16T16:01:29.477756,GET,/api/mixed/http/,108.01,55353,0,
2026-05-16T16:01:29.497426,GET,/api/mixed/http/,108.95,55353,0,
2026-05-16T16:01:29.501920,GET,/api/mixed/pipeline/1/,4.33,82,0,
2026-05-16T16:01:29.514913,GET,/api/mixed/http/,110.76,55353,0,
2026-05-16T16:01:29.515539,GET,/api/mixed/db/1/,6.64,247,0,
2026-05-16T16:01:29.519928,GET,/api/mixed/db/1/,7.58,247,0,
2026-05-16T16:01:29.529637,GET,/api/mixed/db/1/,5.41,247,0,
2026-05-16T16:01:29.556875,GET,/api/mixed/pipeline/1/,3.15,82,0,
2026-05-16T16:01:29.558913,GET,/api/mixed/http/,109.65,55353,0,
2026-05-16T16:01:29.564155,GET,/api/mixed/db/1/,5.12,247,0,
2026-05-16T16:01:29.571807,GET,/api/mixed/db/1/,4.38,247,0,
2026-05-16T16:01:29.578574,GET,/api/mixed/http/,109.4,55353,0,
2026-05-16T16:01:29.579519,GET,/api/mixed/http/,108.75,55353,0,
2026-05-16T16:01:29.585038,GET,/api/mixed/db/1/,5.39,247,0,
2026-05-16T16:01:29.606512,GET,/api/mixed/http/,110.41,55353,0,
2026-05-16T16:01:29.613303,GET,/api/mixed/http/,112.48,55353,0,
2026-05-16T16:01:29.613803,GET,/api/mixed/pipeline/1/,4.78,82,0,
2026-05-16T16:01:29.625479,GET,/api/mixed/http/,114.01,55353,0,
2026-05-16T16:01:29.652875,GET,/api/mixed/db/1/,8.91,247,0,
2026-05-16T16:01:29.655969,GET,/api/mixed/db/1/,4.38,247,0,
2026-05-16T16:01:29.669196,GET,/api/mixed/pipeline/1/,4.92,82,0,
2026-05-16T16:01:29.684804,GET,/api/mixed/pipeline/1/,5.93,82,0,
2026-05-16T16:01:29.702747,GET,/api/mixed/db/1/,4.61,247,0,
2026-05-16T16:01:29.706392,GET,/api/mixed/http/,109.04,55353,0,
2026-05-16T16:01:29.714000,GET,/api/mixed/db/1/,9.93,247,0,
2026-05-16T16:01:29.718911,GET,/api/mixed/db/1/,11.04,247,0,
2026-05-16T16:01:29.719838,GET,/api/mixed/db/1/,9.96,247,0,
2026-05-16T16:01:29.720349,GET,/api/mixed/db/1/,8.79,247,0,
2026-05-16T16:01:29.729362,GET,/api/mixed/http/,113.21,55353,0,
2026-05-16T16:01:29.730738,GET,/api/mixed/db/1/,10.26,247,0,
2026-05-16T16:01:29.731541,GET,/api/mixed/db/1/,8.61,247,0,
2026-05-16T16:01:29.732006,GET,/api/mixed/db/1/,7.95,247,0,
2026-05-16T16:01:29.743139,GET,/api/mixed/pipeline/1/,4.89,82,0,
2026-05-16T16:01:29.747140,GET,/api/mixed/db/1/,5.14,247,0,
2026-05-16T16:01:29.776971,GET,/api/mixed/db/1/,5.55,247,0,
2026-05-16T16:01:29.793604,GET,/api/mixed/db/1/,5.39,247,0,
2026-05-16T16:01:29.796994,GET,/api/mixed/db/1/,4.5,247,0,
2026-05-16T16:01:29.818625,GET,/api/mixed/db/1/,6.33,247,0,
2026-05-16T16:01:29.826775,GET,/api/mixed/http/,114.62,55353,0,
2026-05-16T16:01:29.827865,GET,/api/mixed/pipeline/1/,4.79,82,0,
2026-05-16T16:01:29.828276,GET,/api/mixed/pipeline/1/,4.16,82,0,
2026-05-16T16:01:29.839478,GET,/api/mixed/pipeline/1/,3.96,82,0,
2026-05-16T16:01:29.843854,GET,/api/mixed/pipeline/1/,3.17,82,0,
2026-05-16T16:01:29.924033,GET,/api/mixed/http/,109.49,55353,0,
2026-05-16T16:01:29.924590,GET,/api/mixed/http/,109.55,55353,0,
2026-05-16T16:01:29.927548,GET,/api/mixed/db/1/,4.71,247,0,
2026-05-16T16:01:29.940755,GET,/api/mixed/db/1/,4.91,247,0,
2026-05-16T16:01:29.944075,GET,/api/mixed/http/,108.0,55353,0,
2026-05-16T16:01:29.988173,GET,/api/mixed/http/,110.01,55353,0,
2026-05-16T16:01:29.995082,GET,/api/mixed/http/,113.12,55353,0,
2026-05-16T16:01:30.002909,GET,/api/mixed/http/,109.37,55353,0,
2026-05-16T16:01:30.008924,GET,/api/mixed/db/1/,4.71,247,0,
2026-05-16T16:01:30.027175,GET,/api/mixed/http/,108.94,55353,0,
2026-05-16T16:01:30.031280,GET,/api/mixed/pipeline/1/,2.89,82,0,
2026-05-16T16:01:30.042710,GET,/api/mixed/db/1/,4.21,247,0,
2026-05-16T16:01:30.048866,GET,/api/mixed/pipeline/1/,2.81,82,0,
2026-05-16T16:01:30.060586,GET,/api/mixed/http/,108.01,55353,0,
2026-05-16T16:01:30.064866,GET,/api/mixed/pipeline/1/,2.88,82,0,
2026-05-16T16:01:30.100511,GET,/api/mixed/pipeline/1/,4.29,82,0,
2026-05-16T16:01:30.101544,GET,/api/mixed/db/1/,4.74,247,0,
2026-05-16T16:01:30.135483,GET,/api/mixed/pipeline/1/,3.87,82,0,
2026-05-16T16:01:30.154075,GET,/api/mixed/db/1/,5.36,247,0,
2026-05-16T16:01:30.168441,GET,/api/mixed/db/1/,5.01,247,0,
2026-05-16T16:01:30.179828,GET,/api/mixed/pipeline/1/,3.03,82,0,
2026-05-16T16:01:30.194137,GET,/api/mixed/db/1/,3.91,247,0,
2026-05-16T16:01:30.220355,GET,/api/mixed/pipeline/1/,2.74,82,0,
2026-05-16T16:01:30.224591,GET,/api/mixed/http/,108.83,55353,0,
2026-05-16T16:01:30.227549,GET,/api/mixed/db/1/,4.02,247,0,
2026-05-16T16:01:30.238437,GET,/api/mixed/pipeline/1/,3.42,82,0,
2026-05-16T16:01:30.239103,GET,/api/mixed/db/1/,5.26,247,0,
2026-05-16T16:01:30.241071,GET,/api/mixed/http/,108.57,55353,0,
2026-05-16T16:01:30.270404,GET,/api/mixed/pipeline/1/,3.09,82,0,
2026-05-16T16:01:30.309520,GET,/api/mixed/pipeline/1/,7.11,82,0,
2026-05-16T16:01:30.310030,GET,/api/mixed/db/1/,7.23,247,0,
2026-05-16T16:01:30.311360,GET,/api/mixed/db/1/,7.24,247,0,
2026-05-16T16:01:30.313336,GET,/api/mixed/pipeline/1/,5.07,82,0,
2026-05-16T16:01:30.313844,GET,/api/mixed/pipeline/1/,6.29,82,0,
2026-05-16T16:01:30.319219,GET,/api/mixed/db/1/,5.22,247,0,
2026-05-16T16:01:30.324840,GET,/api/mixed/http/,108.47,55353,0,
2026-05-16T16:01:30.356639,GET,/api/mixed/pipeline/1/,3.19,82,0,
2026-05-16T16:01:30.368939,GET,/api/mixed/http/,108.55,55353,0,
2026-05-16T16:01:30.394179,GET,/api/mixed/db/1/,4.53,247,0,
2026-05-16T16:01:30.405233,GET,/api/mixed/db/1/,4.37,247,0,
2026-05-16T16:01:30.411358,GET,/api/mixed/http/,109.53,55353,0,
2026-05-16T16:01:30.411805,GET,/api/mixed/db/1/,4.74,247,0,
2026-05-16T16:01:30.413880,GET,/api/mixed/http/,110.59,55353,0,
2026-05-16T16:01:30.415278,GET,/api/mixed/http/,109.52,55353,0,
2026-05-16T16:01:30.471229,GET,/api/mixed/pipeline/1/,2.82,82,0,
2026-05-16T16:01:30.475815,GET,/api/mixed/pipeline/1/,3.25,82,0,
2026-05-16T16:01:30.479790,GET,/api/mixed/http/,108.52,55353,0,
2026-05-16T16:01:30.485184,GET,/api/mixed/pipeline/1/,3.11,82,0,
2026-05-16T16:01:30.486052,GET,/api/mixed/http/,109.02,55353,0,
2026-05-16T16:01:30.497502,GET,/api/mixed/db/1/,6.04,247,0,
2026-05-16T16:01:30.500765,GET,/api/mixed/pipeline/1/,3.09,82,0,
2026-05-16T16:01:30.509278,GET,/api/mixed/http/,109.87,55353,0,
2026-05-16T16:01:30.513029,GET,/api/mixed/http/,108.81,55353,0,
2026-05-16T16:01:30.527786,GET,/api/mixed/http/,109.2,55353,0,
2026-05-16T16:01:30.545532,GET,/api/mixed/db/1/,4.87,247,0,
2026-05-16T16:01:30.565643,GET,/api/mixed/pipeline/1/,3.77,82,0,
2026-05-16T16:01:30.566063,GET,/api/mixed/db/1/,4.59,247,0,
2026-05-16T16:01:30.576367,GET,/api/mixed/http/,109.14,55353,0,
2026-05-16T16:01:30.597086,GET,/api/mixed/pipeline/1/,3.43,82,0,
2026-05-16T16:01:30.627419,GET,/api/mixed/db/1/,7.14,247,0,
2026-05-16T16:01:30.627885,GET,/api/mixed/db/1/,6.8,247,0,
2026-05-16T16:01:30.640139,GET,/api/mixed/http/,109.1,55353,0,
2026-05-16T16:01:30.643610,GET,/api/mixed/pipeline/1/,3.35,82,0,
2026-05-16T16:01:30.648486,GET,/api/mixed/http/,109.34,55353,0,
2026-05-16T16:01:30.648980,GET,/api/mixed/http/,110.37,55353,0,
2026-05-16T16:01:30.665781,GET,/api/mixed/pipeline/1/,3.12,82,0,
2026-05-16T16:01:30.671117,GET,/api/mixed/http/,110.18,55353,0,
2026-05-16T16:01:30.702436,GET,/api/mixed/pipeline/1/,3.38,82,0,
2026-05-16T16:01:30.709200,GET,/api/mixed/db/1/,4.44,247,0,
2026-05-16T16:01:30.733433,GET,/api/mixed/db/1/,4.38,247,0,
2026-05-16T16:01:30.744161,GET,/api/mixed/http/,109.08,55353,0,
2026-05-16T16:01:30.749415,GET,/api/mixed/http/,108.65,55353,0,
2026-05-16T16:01:30.751529,GET,/api/mixed/pipeline/1/,3.19,82,0,
2026-05-16T16:01:30.763409,GET,/api/mixed/http/,110.15,55353,0,
2026-05-16T16:01:30.772924,GET,/api/mixed/pipeline/1/,3.55,82,0,
2026-05-16T16:01:30.773340,GET,/api/mixed/pipeline/1/,2.83,82,0,
2026-05-16T16:01:30.790644,GET,/api/mixed/http/,108.17,55353,0,
2026-05-16T16:01:30.793887,GET,/api/mixed/db/1/,5.74,247,0,
2026-05-16T16:01:30.794356,GET,/api/mixed/db/1/,6.76,247,0,
2026-05-16T16:01:30.796488,GET,/api/mixed/db/1/,5.12,247,0,
2026-05-16T16:01:30.801435,GET,/api/mixed/db/1/,5.82,247,0,
2026-05-16T16:01:30.808218,GET,/api/mixed/pipeline/1/,3.42,82,0,
2026-05-16T16:01:30.809453,GET,/api/mixed/db/1/,4.18,247,0,
2026-05-16T16:01:30.814444,GET,/api/mixed/db/1/,3.77,247,0,
2026-05-16T16:01:30.825759,GET,/api/mixed/db/1/,4.86,247,0,
2026-05-16T16:01:30.831935,GET,/api/mixed/db/1/,3.82,247,0,
2026-05-16T16:01:30.838258,GET,/api/mixed/http/,109.84,55353,0,
2026-05-16T16:01:30.841402,GET,/api/mixed/db/1/,4.18,247,0,
2026-05-16T16:01:30.869074,GET,/api/mixed/pipeline/1/,4.43,82,0,
2026-05-16T16:01:30.870309,GET,/api/mixed/db/1/,4.81,247,0,
2026-05-16T16:01:30.871111,GET,/api/mixed/http/,108.82,55353,0,
2026-05-16T16:01:30.898415,GET,/api/mixed/db/1/,4.66,247,0,
2026-05-16T16:01:30.900860,GET,/api/mixed/http/,109.06,55353,0,
2026-05-16T16:01:30.918399,GET,/api/mixed/pipeline/1/,4.4,82,0,
2026-05-16T16:01:30.921960,GET,/api/mixed/pipeline/1/,3.01,82,0,
2026-05-16T16:01:30.924685,GET,/api/mixed/pipeline/1/,2.62,82,0,
2026-05-16T16:01:30.943333,GET,/api/mixed/pipeline/1/,2.99,82,0,
2026-05-16T16:01:30.950307,GET,/api/mixed/http/,108.76,55353,0,
2026-05-16T16:01:30.952808,GET,/api/mixed/db/1/,5.26,247,0,
2026-05-16T16:01:30.962022,GET,/api/mixed/http/,108.95,55353,0,
2026-05-16T16:01:30.979864,GET,/api/mixed/http/,108.65,55353,0,
2026-05-16T16:01:30.984105,GET,/api/mixed/pipeline/1/,6.12,82,0,
2026-05-16T16:01:30.985240,GET,/api/mixed/pipeline/1/,4.22,82,0,
2026-05-16T16:01:30.987829,GET,/api/mixed/db/1/,9.38,247,0,
2026-05-16T16:01:30.990842,GET,/api/mixed/pipeline/1/,2.9,82,0,
2026-05-16T16:01:30.997148,GET,/api/mixed/http/,110.27,55353,0,
2026-05-16T16:01:31.003079,GET,/api/mixed/http/,108.27,55353,0,
2026-05-16T16:01:31.007744,GET,/api/mixed/pipeline/1/,3.39,82,0,
2026-05-16T16:01:31.018090,GET,/api/mixed/db/1/,6.12,247,0,
2026-05-16T16:01:31.019447,GET,/api/mixed/http/,110.18,55353,0,
2026-05-16T16:01:31.023957,GET,/api/mixed/http/,108.93,55353,0,
2026-05-16T16:01:31.026346,GET,/api/mixed/http/,107.83,55353,0,
2026-05-16T16:01:31.027343,GET,/api/mixed/db/1/,4.5,247,0,
2026-05-16T16:01:31.035648,GET,/api/mixed/http/,108.64,55353,0,
2026-05-16T16:01:31.040678,GET,/api/mixed/http/,108.26,55353,0,
2026-05-16T16:01:31.041336,GET,/api/mixed/pipeline/1/,2.93,82,0,
2026-05-16T16:01:31.051357,GET,/api/mixed/pipeline/1/,3.71,82,0,
2026-05-16T16:01:31.064023,GET,/api/mixed/http/,107.91,55353,0,
2026-05-16T16:01:31.083550,GET,/api/mixed/http/,109.25,55353,0,
2026-05-16T16:01:31.089213,GET,/api/mixed/db/1/,4.42,247,0,
2026-05-16T16:01:31.128542,GET,/api/mixed/pipeline/1/,4.85,82,0,
2026-05-16T16:01:31.134602,GET,/api/mixed/pipeline/1/,5.8,82,0,
2026-05-16T16:01:31.147424,GET,/api/mixed/http/,112.83,55353,0,
2026-05-16T16:01:31.150289,GET,/api/mixed/pipeline/1/,9.37,82,0,
2026-05-16T16:01:31.154728,GET,/api/mixed/db/1/,6.94,247,0,
2026-05-16T16:01:31.167088,GET,/api/mixed/db/1/,7.02,247,0,
2026-05-16T16:01:31.204215,GET,/api/mixed/pipeline/1/,3.57,82,0,
2026-05-16T16:01:31.211787,GET,/api/mixed/db/1/,6.3,247,0,
2026-05-16T16:01:31.217707,GET,/api/mixed/pipeline/1/,7.92,82,0,
2026-05-16T16:01:31.219943,GET,/api/mixed/db/1/,10.82,247,0,
2026-05-16T16:01:31.233084,GET,/api/mixed/http/,114.41,55353,0,
2026-05-16T16:01:31.236144,GET,/api/mixed/pipeline/1/,2.91,82,0,
2026-05-16T16:01:31.251403,GET,/api/mixed/pipeline/1/,2.96,82,0,
2026-05-16T16:01:31.278845,GET,/api/mixed/http/,110.43,55353,0,
2026-05-16T16:01:31.287026,GET,/api/mixed/db/1/,3.96,247,0,
2026-05-16T16:01:31.289856,GET,/api/mixed/http/,109.11,55353,0,
2026-05-16T16:01:31.298368,GET,/api/mixed/http/,109.49,55353,0,
2026-05-16T16:01:31.329182,GET,/api/mixed/pipeline/1/,2.83,82,0,
2026-05-16T16:01:31.331870,GET,/api/mixed/pipeline/1/,2.57,82,0,
2026-05-16T16:01:31.334805,GET,/api/mixed/http/,110.27,55353,0,
2026-05-16T16:01:31.341488,GET,/api/mixed/http/,109.77,55353,0,
2026-05-16T16:01:31.348979,GET,/api/mixed/pipeline/1/,3.06,82,0,
2026-05-16T16:01:31.374684,GET,/api/mixed/pipeline/1/,4.62,82,0,
2026-05-16T16:01:31.376567,GET,/api/mixed/http/,109.29,55353,0,
2026-05-16T16:01:31.377546,GET,/api/mixed/http/,110.84,55353,0,
2026-05-16T16:01:31.381464,GET,/api/mixed/db/1/,4.76,247,0,
2026-05-16T16:01:31.381933,GET,/api/mixed/http/,108.64,55353,0,
2026-05-16T16:01:31.407798,GET,/api/mixed/db/1/,6.42,247,0,
2026-05-16T16:01:31.410156,GET,/api/mixed/pipeline/1/,5.1,82,0,
2026-05-16T16:01:31.424035,GET,/api/mixed/db/1/,6.08,247,0,
2026-05-16T16:01:31.432567,GET,/api/mixed/http/,108.86,55353,0,
2026-05-16T16:01:31.433086,GET,/api/mixed/http/,108.43,55353,0,
2026-05-16T16:01:31.438538,GET,/api/mixed/pipeline/1/,4.11,82,0,
2026-05-16T16:01:31.462824,GET,/api/mixed/http/,108.48,55353,0,
2026-05-16T16:01:31.477374,GET,/api/mixed/db/1/,4.21,247,0,
2026-05-16T16:01:31.478108,GET,/api/mixed/http/,109.63,55353,0,
2026-05-16T16:01:31.487851,GET,/api/mixed/http/,110.16,55353,0,
2026-05-16T16:01:31.489160,GET,/api/mixed/db/1/,5.81,247,0,
2026-05-16T16:01:31.506987,GET,/api/mixed/pipeline/1/,3.09,82,0,
2026-05-16T16:01:31.509807,GET,/api/mixed/http/,109.52,55353,0,
2026-05-16T16:01:31.510645,GET,/api/mixed/http/,109.71,55353,0,
2026-05-16T16:01:31.521032,GET,/api/mixed/http/,111.8,55353,0,
2026-05-16T16:01:31.521535,GET,/api/mixed/http/,109.14,55353,0,
2026-05-16T16:01:31.524458,GET,/api/mixed/pipeline/1/,2.83,82,0,
2026-05-16T16:01:31.529772,GET,/api/mixed/pipeline/1/,2.92,82,0,
2026-05-16T16:01:31.563450,GET,/api/mixed/pipeline/1/,3.08,82,0,
2026-05-16T16:01:31.579886,GET,/api/mixed/pipeline/1/,3.04,82,0,
2026-05-16T16:01:31.605273,GET,/api/mixed/http/,109.76,55353,0,
2026-05-16T16:01:31.606466,GET,/api/mixed/http/,108.14,55353,0,
2026-05-16T16:01:31.607468,GET,/api/mixed/pipeline/1/,3.5,82,0,
2026-05-16T16:01:31.623144,GET,/api/mixed/http/,109.28,55353,0,
2026-05-16T16:01:31.654423,GET,/api/mixed/pipeline/1/,3.1,82,0,
2026-05-16T16:01:31.696684,GET,/api/mixed/pipeline/1/,3.98,82,0,
2026-05-16T16:01:31.712726,GET,/api/mixed/http/,109.5,55353,0,
2026-05-16T16:01:31.724093,GET,/api/mixed/http/,110.24,55353,0,
2026-05-16T16:01:31.735783,GET,/api/mixed/db/1/,6.52,247,0,
2026-05-16T16:01:31.736214,GET,/api/mixed/db/1/,4.89,247,0,
2026-05-16T16:01:31.773011,GET,/api/mixed/http/,108.3,55353,0,
2026-05-16T16:01:31.792967,GET,/api/mixed/db/1/,4.69,247,0,
2026-05-16T16:01:31.795258,GET,/api/mixed/pipeline/1/,3.33,82,0,
2026-05-16T16:01:31.804072,GET,/api/mixed/http/,108.68,55353,0,
2026-05-16T16:01:31.818765,GET,/api/mixed/pipeline/1/,2.96,82,0,
2026-05-16T16:01:31.819184,GET,/api/mixed/pipeline/1/,2.82,82,0,
2026-05-16T16:01:31.819551,GET,/api/mixed/db/1/,5.18,247,0,
2026-05-16T16:01:31.831997,GET,/api/mixed/http/,109.0,55353,0,
2026-05-16T16:01:31.839488,GET,/api/mixed/pipeline/1/,3.31,82,0,
2026-05-16T16:01:31.840105,GET,/api/mixed/http/,109.71,55353,0,
2026-05-16T16:01:31.842178,GET,/api/mixed/pipeline/1/,3.63,82,0,
2026-05-16T16:01:31.846586,GET,/api/mixed/http/,109.04,55353,0,
2026-05-16T16:01:31.862963,GET,/api/mixed/db/1/,5.4,247,0,
2026-05-16T16:01:31.873077,GET,/api/mixed/pipeline/1/,3.65,82,0,
2026-05-16T16:01:31.880090,GET,/api/mixed/http/,109.86,55353,0,
2026-05-16T16:01:31.883192,GET,/api/mixed/db/1/,4.77,247,0,
2026-05-16T16:01:31.886088,GET,/api/mixed/db/1/,4.35,247,0,
2026-05-16T16:01:31.886500,GET,/api/mixed/db/1/,4.26,247,0,
2026-05-16T16:01:31.921490,GET,/api/mixed/db/1/,4.69,247,0,
2026-05-16T16:01:31.938046,GET,/api/mixed/db/1/,4.15,247,0,
2026-05-16T16:01:31.948562,GET,/api/mixed/pipeline/1/,3.1,82,0,
2026-05-16T16:01:31.953399,GET,/api/mixed/http/,108.98,55353,0,
2026-05-16T16:01:31.953871,GET,/api/mixed/http/,108.29,55353,0,
2026-05-16T16:01:31.963470,GET,/api/mixed/db/1/,4.73,247,0,
2026-05-16T16:01:31.964040,GET,/api/mixed/db/1/,5.86,247,0,
2026-05-16T16:01:31.973423,GET,/api/mixed/db/1/,4.02,247,0,
2026-05-16T16:01:31.998383,GET,/api/mixed/pipeline/1/,3.72,82,0,
2026-05-16T16:01:32.001931,GET,/api/mixed/db/1/,4.41,247,0,
2026-05-16T16:01:32.015856,GET,/api/mixed/pipeline/1/,4.51,82,0,
2026-05-16T16:01:32.026446,GET,/api/mixed/http/,108.2,55353,0,
2026-05-16T16:01:32.034762,GET,/api/mixed/db/1/,3.96,247,0,
2026-05-16T16:01:32.047313,GET,/api/mixed/db/1/,4.2,247,0,
2026-05-16T16:01:32.050253,GET,/api/mixed/db/1/,4.5,247,0,
2026-05-16T16:01:32.065854,GET,/api/mixed/db/1/,4.2,247,0,
2026-05-16T16:01:32.086427,GET,/api/mixed/db/1/,4.14,247,0,
2026-05-16T16:01:32.093650,GET,/api/mixed/pipeline/1/,2.98,82,0,
2026-05-16T16:01:32.094125,GET,/api/mixed/http/,108.32,55353,0,
2026-05-16T16:01:32.099856,GET,/api/mixed/db/1/,4.12,247,0,
2026-05-16T16:01:32.108483,GET,/api/mixed/db/1/,5.42,247,0,
2026-05-16T16:01:32.133257,GET,/api/mixed/pipeline/1/,3.54,82,0,
2026-05-16T16:01:32.135453,GET,/api/mixed/pipeline/1/,3.06,82,0,
2026-05-16T16:01:32.139424,GET,/api/mixed/pipeline/1/,3.86,82,0,
2026-05-16T16:01:32.166646,GET,/api/mixed/pipeline/1/,3.59,82,0,
2026-05-16T16:01:32.191599,GET,/api/mixed/pipeline/1/,4.38,82,0,
2026-05-16T16:01:32.197936,GET,/api/mixed/pipeline/1/,2.8,82,0,
2026-05-16T16:01:32.198355,GET,/api/mixed/db/1/,4.5,247,0,
2026-05-16T16:01:32.204874,GET,/api/mixed/http/,109.57,55353,0,
2026-05-16T16:01:32.206848,GET,/api/mixed/db/1/,5.13,247,0,
2026-05-16T16:01:32.214437,GET,/api/mixed/http/,108.43,55353,0,
2026-05-16T16:01:32.215852,GET,/api/mixed/db/1/,3.8,247,0,
2026-05-16T16:01:32.221382,GET,/api/mixed/http/,108.6,55353,0,
2026-05-16T16:01:32.225381,GET,/api/mixed/http/,108.18,55353,0,
2026-05-16T16:01:32.245385,GET,/api/mixed/pipeline/1/,3.76,82,0,
2026-05-16T16:01:32.247115,GET,/api/mixed/pipeline/1/,2.78,82,0,
2026-05-16T16:01:32.264440,GET,/api/mixed/pipeline/1/,3.06,82,0,
2026-05-16T16:01:32.274624,GET,/api/mixed/http/,109.0,55353,0,
2026-05-16T16:01:32.295645,GET,/api/mixed/db/1/,4.64,247,0,
2026-05-16T16:01:32.308975,GET,/api/mixed/db/1/,4.05,247,0,
2026-05-16T16:01:32.339699,GET,/api/mixed/db/1/,4.66,247,0,
2026-05-16T16:01:32.343009,GET,/api/mixed/db/1/,4.26,247,0,
2026-05-16T16:01:32.351166,GET,/api/mixed/http/,108.94,55353,0,
2026-05-16T16:01:32.358096,GET,/api/mixed/pipeline/1/,2.82,82,0,
2026-05-16T16:01:32.372265,GET,/api/mixed/pipeline/1/,3.63,82,0,
2026-05-16T16:01:32.374132,GET,/api/mixed/pipeline/1/,2.85,82,0,
2026-05-16T16:01:32.376924,GET,/api/mixed/pipeline/1/,2.68,82,0,
2026-05-16T16:01:32.401106,GET,/api/mixed/http/,108.98,55353,0,
2026-05-16T16:01:32.420208,GET,/api/mixed/db/1/,4.65,247,0,
2026-05-16T16:01:32.432546,GET,/api/mixed/http/,108.28,55353,0,
2026-05-16T16:01:32.459562,GET,/api/mixed/http/,110.24,55353,0,
2026-05-16T16:01:32.476601,GET,/api/mixed/pipeline/1/,3.07,82,0,
2026-05-16T16:01:32.493851,GET,/api/mixed/pipeline/1/,3.01,82,0,
2026-05-16T16:01:32.503672,GET,/api/mixed/db/1/,4.58,247,0,
2026-05-16T16:01:32.518582,GET,/api/mixed/db/1/,4.5,247,0,
2026-05-16T16:01:32.521828,GET,/api/mixed/pipeline/1/,3.13,82,0,
2026-05-16T16:01:32.524075,GET,/api/mixed/pipeline/1/,3.06,82,0,
2026-05-16T16:01:32.533213,GET,/api/mixed/http/,109.81,55353,0,
2026-05-16T16:01:32.538347,GET,/api/mixed/pipeline/1/,2.77,82,0,
2026-05-16T16:01:32.546798,GET,/api/mixed/pipeline/1/,4.13,82,0,
2026-05-16T16:01:32.548866,GET,/api/mixed/db/1/,4.86,247,0,
2026-05-16T16:01:32.550946,GET,/api/mixed/http/,108.05,55353,0,
2026-05-16T16:01:32.567619,GET,/api/mixed/http/,110.18,55353,0,
2026-05-16T16:01:32.575166,GET,/api/mixed/db/1/,4.16,247,0,
2026-05-16T16:01:32.577479,GET,/api/mixed/pipeline/1/,3.78,82,0,
2026-05-16T16:01:32.641019,GET,/api/mixed/pipeline/1/,3.11,82,0,
2026-05-16T16:01:32.648421,GET,/api/mixed/pipeline/1/,5.65,82,0,
2026-05-16T16:01:32.651873,GET,/api/mixed/db/1/,4.33,247,0,
2026-05-16T16:01:32.678842,GET,/api/mixed/pipeline/1/,3.0,82,0,
2026-05-16T16:01:32.679316,GET,/api/mixed/db/1/,6.18,247,0,
2026-05-16T16:01:32.721622,GET,/api/mixed/pipeline/1/,3.57,82,0,
2026-05-16T16:01:32.753445,GET,/api/mixed/http/,111.21,55353,0,
2026-05-16T16:01:32.753984,GET,/api/mixed/http/,110.79,55353,0,
2026-05-16T16:01:32.754422,GET,/api/mixed/http/,109.19,55353,0,
2026-05-16T16:01:32.763688,GET,/api/mixed/db/1/,3.96,247,0,
2026-05-16T16:01:32.779530,GET,/api/mixed/db/1/,5.57,247,0,
2026-05-16T16:01:32.790877,GET,/api/mixed/pipeline/1/,5.04,82,0,
2026-05-16T16:01:32.793634,GET,/api/mixed/http/,111.02,55353,0,
2026-05-16T16:01:32.811607,GET,/api/mixed/db/1/,4.66,247,0,
2026-05-16T16:01:32.827485,GET,/api/mixed/http/,107.96,55353,0,
2026-05-16T16:01:32.829451,GET,/api/mixed/pipeline/1/,3.21,82,0,
2026-05-16T16:01:32.842285,GET,/api/mixed/http/,110.44,55353,0,
2026-05-16T16:01:32.845291,GET,/api/mixed/db/1/,4.53,247,0,
2026-05-16T16:01:32.858475,GET,/api/mixed/http/,108.96,55353,0,
2026-05-16T16:01:32.863777,GET,/api/mixed/db/1/,3.94,247,0,
2026-05-16T16:01:32.872009,GET,/api/mixed/db/1/,5.87,247,0,
2026-05-16T16:01:32.875838,GET,/api/mixed/db/1/,5.99,247,0,
2026-05-16T16:01:32.878889,GET,/api/mixed/pipeline/1/,2.93,82,0,
2026-05-16T16:01:32.896251,GET,/api/mixed/pipeline/1/,3.09,82,0,
2026-05-16T16:01:32.898045,GET,/api/mixed/http/,109.12,55353,0,
2026-05-16T16:01:32.917954,GET,/api/mixed/db/1/,4.18,247,0,
2026-05-16T16:01:32.921169,GET,/api/mixed/http/,109.44,55353,0,
2026-05-16T16:01:32.942414,GET,/api/mixed/pipeline/1/,3.86,82,0,
2026-05-16T16:01:32.974289,GET,/api/mixed/pipeline/1/,4.4,82,0,
2026-05-16T16:01:32.979717,GET,/api/mixed/pipeline/1/,3.25,82,0,
2026-05-16T16:01:32.983040,GET,/api/mixed/db/1/,4.13,247,0,
2026-05-16T16:01:33.007276,GET,/api/mixed/http/,108.05,55353,0,
2026-05-16T16:01:33.010392,GET,/api/mixed/pipeline/1/,2.93,82,0,
2026-05-16T16:01:33.011648,GET,/api/mixed/db/1/,5.39,247,0,
2026-05-16T16:01:33.028275,GET,/api/mixed/http/,110.2,55353,0,
2026-05-16T16:01:33.046592,GET,/api/mixed/http/,110.19,55353,0,
2026-05-16T16:01:33.075130,GET,/api/mixed/http/,108.22,55353,0,
2026-05-16T16:01:33.075624,GET,/api/mixed/db/1/,3.91,247,0,
2026-05-16T16:01:33.082821,GET,/api/mixed/db/1/,4.8,247,0,
2026-05-16T16:01:33.083447,GET,/api/mixed/db/1/,4.4,247,0,
2026-05-16T16:01:33.104032,GET,/api/mixed/db/1/,5.37,247,0,
2026-05-16T16:01:33.117619,GET,/api/mixed/pipeline/1/,5.18,82,0,
2026-05-16T16:01:33.123986,GET,/api/mixed/db/1/,3.96,247,0,
2026-05-16T16:01:33.134811,GET,/api/mixed/http/,108.95,55353,0,
2026-05-16T16:01:33.150541,GET,/api/mixed/http/,108.99,55353,0,
2026-05-16T16:01:33.152677,GET,/api/mixed/db/1/,4.13,247,0,
2026-05-16T16:01:33.162682,GET,/api/mixed/pipeline/1/,2.82,82,0,
2026-05-16T16:01:33.165128,GET,/api/mixed/http/,108.27,55353,0,
2026-05-16T16:01:33.166035,GET,/api/mixed/pipeline/1/,3.24,82,0,
2026-05-16T16:01:33.167178,GET,/api/mixed/http/,108.81,55353,0,
2026-05-16T16:01:33.187375,GET,/api/mixed/db/1/,6.49,247,0,
2026-05-16T16:01:33.198532,GET,/api/mixed/pipeline/1/,3.93,82,0,
2026-05-16T16:01:33.207758,GET,/api/mixed/http/,108.55,55353,0,
2026-05-16T16:01:33.216967,GET,/api/mixed/pipeline/1/,2.95,82,0,
2026-05-16T16:01:33.222455,GET,/api/mixed/pipeline/1/,2.77,82,0,
2026-05-16T16:01:33.222910,GET,/api/mixed/pipeline/1/,3.68,82,0,
2026-05-16T16:01:33.234206,GET,/api/mixed/http/,108.85,55353,0,
2026-05-16T16:01:33.236133,GET,/api/mixed/db/1/,5.01,247,0,
2026-05-16T16:01:33.245395,GET,/api/mixed/db/1/,4.92,247,0,
2026-05-16T16:01:33.257391,GET,/api/mixed/http/,110.27,55353,0,
2026-05-16T16:01:33.265016,GET,/api/mixed/pipeline/1/,3.34,82,0,
2026-05-16T16:01:33.291490,GET,/api/mixed/pipeline/1/,3.09,82,0,
2026-05-16T16:01:33.297542,GET,/api/mixed/pipeline/1/,3.48,82,0,
2026-05-16T16:01:33.305213,GET,/api/mixed/http/,109.53,55353,0,
2026-05-16T16:01:33.308619,GET,/api/mixed/db/1/,4.6,247,0,
2026-05-16T16:01:33.335093,GET,/api/mixed/db/1/,4.15,247,0,
2026-05-16T16:01:33.342531,GET,/api/mixed/db/1/,4.74,247,0,
2026-05-16T16:01:33.350264,GET,/api/mixed/http/,109.29,55353,0,
2026-05-16T16:01:33.383128,GET,/api/mixed/db/1/,3.94,247,0,
2026-05-16T16:01:33.388122,GET,/api/mixed/pipeline/1/,2.62,82,0,
2026-05-16T16:01:33.399912,GET,/api/mixed/http/,108.31,55353,0,
2026-05-16T16:01:33.406027,GET,/api/mixed/http/,108.34,55353,0,
2026-05-16T16:01:33.410489,GET,/api/mixed/db/1/,5.37,247,0,
2026-05-16T16:01:33.411415,GET,/api/mixed/db/1/,4.73,247,0,
2026-05-16T16:01:33.413746,GET,/api/mixed/http/,108.4,55353,0,
2026-05-16T16:01:33.416515,GET,/api/mixed/db/1/,4.49,247,0,
2026-05-16T16:01:33.417070,GET,/api/mixed/db/1/,6.46,247,0,
2026-05-16T16:01:33.445593,GET,/api/mixed/http/,109.1,55353,0,
2026-05-16T16:01:33.447889,GET,/api/mixed/db/1/,9.49,247,0,
2026-05-16T16:01:33.452030,GET,/api/mixed/http/,108.07,55353,0,
2026-05-16T16:01:33.454516,GET,/api/mixed/http/,107.52,55353,0,
2026-05-16T16:01:33.464466,GET,/api/mixed/http/,108.96,55353,0,
2026-05-16T16:01:33.468704,GET,/api/mixed/db/1/,4.03,247,0,
2026-05-16T16:01:33.478709,GET,/api/mixed/http/,108.36,55353,0,
2026-05-16T16:01:33.484294,GET,/api/mixed/http/,108.32,55353,0,
2026-05-16T16:01:33.489135,GET,/api/mixed/pipeline/1/,3.45,82,0,
2026-05-16T16:01:33.491584,GET,/api/mixed/pipeline/1/,3.34,82,0,
2026-05-16T16:01:33.503188,GET,/api/mixed/db/1/,4.17,247,0,
2026-05-16T16:01:33.521632,GET,/api/mixed/pipeline/1/,3.22,82,0,
2026-05-16T16:01:33.524606,GET,/api/mixed/http/,109.01,55353,0,
2026-05-16T16:01:33.526399,GET,/api/mixed/http/,111.37,55353,0,
2026-05-16T16:01:33.530457,GET,/api/mixed/db/1/,5.59,247,0,
2026-05-16T16:01:33.532004,GET,/api/mixed/http/,109.84,55353,0,
2026-05-16T16:01:33.533755,GET,/api/mixed/http/,108.06,55353,0,
2026-05-16T16:01:33.539870,GET,/api/mixed/http/,108.08,55353,0,
2026-05-16T16:01:33.544043,GET,/api/mixed/http/,108.39,55353,0,
2026-05-16T16:01:33.546099,GET,/api/mixed/http/,108.13,55353,0,
2026-05-16T16:01:33.546513,GET,/api/mixed/pipeline/1/,3.69,82,0,
2026-05-16T16:01:33.573010,GET,/api/mixed/http/,109.55,55353,0,
2026-05-16T16:01:33.578764,GET,/api/mixed/db/1/,4.3,247,0,
2026-05-16T16:01:33.586902,GET,/api/mixed/pipeline/1/,2.82,82,0,
2026-05-16T16:01:33.616614,GET,/api/mixed/db/1/,4.67,247,0,
2026-05-16T16:01:33.617031,GET,/api/mixed/db/1/,3.94,247,0,
2026-05-16T16:01:33.628168,GET,/api/mixed/pipeline/1/,3.87,82,0,
2026-05-16T16:01:33.633194,GET,/api/mixed/pipeline/1/,2.76,82,0,
2026-05-16T16:01:33.633910,GET,/api/mixed/http/,111.06,55353,0,
2026-05-16T16:01:33.644029,GET,/api/mixed/db/1/,7.78,247,0,
2026-05-16T16:01:33.644890,GET,/api/mixed/pipeline/1/,6.37,82,0,
2026-05-16T16:01:33.645940,GET,/api/mixed/db/1/,5.63,247,0,
2026-05-16T16:01:33.646339,GET,/api/mixed/pipeline/1/,4.14,82,0,
2026-05-16T16:01:33.671092,GET,/api/mixed/db/1/,5.5,247,0,
2026-05-16T16:01:33.675581,GET,/api/mixed/db/1/,7.16,247,0,
2026-05-16T16:01:33.676027,GET,/api/mixed/pipeline/1/,6.12,82,0,
2026-05-16T16:01:33.677713,GET,/api/mixed/http/,109.64,55353,0,
2026-05-16T16:01:33.693491,GET,/api/mixed/pipeline/1/,3.4,82,0,
2026-05-16T16:01:33.708441,GET,/api/mixed/http/,109.34,55353,0,
2026-05-16T16:01:33.716652,GET,/api/mixed/db/1/,4.8,247,0,
2026-05-16T16:01:33.717070,GET,/api/mixed/db/1/,3.98,247,0,
2026-05-16T16:01:33.729537,GET,/api/mixed/db/1/,4.23,247,0,
2026-05-16T16:01:33.730399,GET,/api/mixed/http/,110.03,55353,0,
2026-05-16T16:01:33.745801,GET,/api/mixed/db/1/,4.02,247,0,
2026-05-16T16:01:33.774075,GET,/api/mixed/pipeline/1/,3.44,82,0,
2026-05-16T16:01:33.782755,GET,/api/mixed/http/,109.42,55353,0,
2026-05-16T16:01:33.804291,GET,/api/mixed/http/,107.64,55353,0,
2026-05-16T16:01:33.814518,GET,/api/mixed/http/,108.41,55353,0,
2026-05-16T16:01:33.841133,GET,/api/mixed/db/1/,4.38,247,0,
2026-05-16T16:01:33.863617,GET,/api/mixed/db/1/,4.12,247,0,
2026-05-16T16:01:33.865902,GET,/api/mixed/pipeline/1/,3.74,82,0,
2026-05-16T16:01:33.866343,GET,/api/mixed/pipeline/1/,3.72,82,0,
2026-05-16T16:01:33.878769,GET,/api/mixed/db/1/,4.06,247,0,
2026-05-16T16:01:33.924741,GET,/api/mixed/db/1/,4.33,247,0,
2026-05-16T16:01:33.976318,GET,/api/mixed/pipeline/1/,3.08,82,0,
2026-05-16T16:01:33.993425,GET,/api/mixed/http/,108.34,55353,0,
2026-05-16T16:01:34.016544,GET,/api/mixed/http/,110.07,55353,0,
2026-05-16T16:01:34.018749,GET,/api/mixed/http/,109.71,55353,0,
2026-05-16T16:01:34.028768,GET,/api/mixed/http/,109.22,55353,0,
2026-05-16T16:01:34.034359,GET,/api/mixed/pipeline/1/,4.36,82,0,
2026-05-16T16:01:34.050987,GET,/api/mixed/pipeline/1/,3.16,82,0,
2026-05-16T16:01:34.058231,GET,/api/mixed/pipeline/1/,2.69,82,0,
2026-05-16T16:01:34.068282,GET,/api/mixed/http/,110.33,55353,0,
2026-05-16T16:01:34.075522,GET,/api/mixed/pipeline/1/,2.82,82,0,
2026-05-16T16:01:34.094711,GET,/api/mixed/db/1/,4.67,247,0,
2026-05-16T16:01:34.098824,GET,/api/mixed/pipeline/1/,5.04,82,0,
2026-05-16T16:01:34.106724,GET,/api/mixed/db/1/,4.44,247,0,
2026-05-16T16:01:34.108951,GET,/api/mixed/db/1/,4.2,247,0,
2026-05-16T16:01:34.111958,GET,/api/mixed/db/1/,3.96,247,0,
2026-05-16T16:01:34.123076,GET,/api/mixed/db/1/,4.7,247,0,
2026-05-16T16:01:34.162946,GET,/api/mixed/http/,108.61,55353,0,
2026-05-16T16:01:34.175456,GET,/api/mixed/db/1/,4.03,247,0,
2026-05-16T16:01:34.177452,GET,/api/mixed/pipeline/1/,3.4,82,0,
2026-05-16T16:01:34.212213,GET,/api/mixed/http/,108.65,55353,0,
2026-05-16T16:01:34.214666,GET,/api/mixed/db/1/,7.42,247,0,
2026-05-16T16:01:34.215730,GET,/api/mixed/db/1/,7.49,247,0,
2026-05-16T16:01:34.218236,GET,/api/mixed/pipeline/1/,3.42,82,0,
2026-05-16T16:01:34.228834,GET,/api/mixed/http/,109.32,55353,0,
2026-05-16T16:01:34.238220,GET,/api/mixed/db/1/,3.99,247,0,
2026-05-16T16:01:34.245439,GET,/api/mixed/http/,109.15,55353,0,
2026-05-16T16:01:34.246525,GET,/api/mixed/pipeline/1/,6.09,82,0,
2026-05-16T16:01:34.247704,GET,/api/mixed/db/1/,6.74,247,0,
2026-05-16T16:01:34.248471,GET,/api/mixed/db/1/,5.54,247,0,
2026-05-16T16:01:34.259709,GET,/api/mixed/pipeline/1/,2.96,82,0,
2026-05-16T16:01:34.266720,GET,/api/mixed/http/,108.78,55353,0,
2026-05-16T16:01:34.269310,GET,/api/mixed/pipeline/1/,3.72,82,0,
2026-05-16T16:01:34.271909,GET,/api/mixed/pipeline/1/,3.44,82,0,
2026-05-16T16:01:34.315856,GET,/api/mixed/pipeline/1/,3.06,82,0,
2026-05-16T16:01:34.317392,GET,/api/mixed/http/,110.7,55353,0,
2026-05-16T16:01:34.330310,GET,/api/mixed/db/1/,4.54,247,0,
2026-05-16T16:01:34.332709,GET,/api/mixed/pipeline/1/,3.31,82,0,
2026-05-16T16:01:34.337716,GET,/api/mixed/pipeline/1/,2.66,82,0,
2026-05-16T16:01:34.354105,GET,/api/mixed/db/1/,4.13,247,0,
2026-05-16T16:01:34.361998,GET,/api/mixed/db/1/,5.57,247,0,
2026-05-16T16:01:34.379513,GET,/api/mixed/http/,108.37,55353,0,
2026-05-16T16:01:34.391380,GET,/api/mixed/http/,108.2,55353,0,
2026-05-16T16:01:34.415618,GET,/api/mixed/http/,108.6,55353,0,
2026-05-16T16:01:34.419740,GET,/api/mixed/db/1/,3.99,247,0,
2026-05-16T16:01:34.421011,GET,/api/mixed/http/,107.58,55353,0,
2026-05-16T16:01:34.426260,GET,/api/mixed/db/1/,5.12,247,0,
2026-05-16T16:01:34.433481,GET,/api/mixed/db/1/,4.01,247,0,
2026-05-16T16:01:34.469184,GET,/api/mixed/http/,108.73,55353,0,
2026-05-16T16:01:34.469889,GET,/api/mixed/http/,107.76,55353,0,
2026-05-16T16:01:34.482921,GET,/api/mixed/pipeline/1/,3.01,82,0,
2026-05-16T16:01:34.486952,GET,/api/mixed/pipeline/1/,2.75,82,0,
2026-05-16T16:01:34.507680,GET,/api/mixed/db/1/,5.33,247,0,
2026-05-16T16:01:34.510908,GET,/api/mixed/pipeline/1/,3.1,82,0,
2026-05-16T16:01:34.512981,GET,/api/mixed/http/,109.25,55353,0,
2026-05-16T16:01:34.518594,GET,/api/mixed/pipeline/1/,3.83,82,0,
2026-05-16T16:01:34.519105,GET,/api/mixed/db/1/,4.79,247,0,
2026-05-16T16:01:34.522120,GET,/api/mixed/pipeline/1/,4.61,82,0,
2026-05-16T16:01:34.526211,GET,/api/mixed/pipeline/1/,2.72,82,0,
2026-05-16T16:01:34.535223,GET,/api/mixed/db/1/,3.69,247,0,
2026-05-16T16:01:34.574232,GET,/api/mixed/pipeline/1/,3.71,82,0,
2026-05-16T16:01:34.583361,GET,/api/mixed/db/1/,4.25,247,0,
2026-05-16T16:01:34.585446,GET,/api/mixed/pipeline/1/,3.57,82,0,
2026-05-16T16:01:34.588060,GET,/api/mixed/http/,108.74,55353,0,
2026-05-16T16:01:34.610736,GET,/api/mixed/db/1/,4.2,247,0,
2026-05-16T16:01:34.637162,GET,/api/mixed/db/1/,5.41,247,0,
2026-05-16T16:01:34.652754,GET,/api/mixed/pipeline/1/,4.33,82,0,
2026-05-16T16:01:34.653515,GET,/api/mixed/pipeline/1/,5.57,82,0,
2026-05-16T16:01:34.655011,GET,/api/mixed/http/,110.49,55353,0,
2026-05-16T16:01:34.661845,GET,/api/mixed/pipeline/1/,3.14,82,0,
2026-05-16T16:01:34.671672,GET,/api/mixed/db/1/,4.63,247,0,
2026-05-16T16:01:34.687880,GET,/api/mixed/http/,109.3,55353,0,
2026-05-16T16:01:34.707036,GET,/api/mixed/db/1/,5.28,247,0,
2026-05-16T16:01:34.707444,GET,/api/mixed/db/1/,4.25,247,0,
2026-05-16T16:01:34.713637,GET,/api/mixed/http/,109.33,55353,0,
2026-05-16T16:01:34.721790,GET,/api/mixed/pipeline/1/,3.24,82,0,
2026-05-16T16:01:34.722972,GET,/api/mixed/db/1/,5.02,247,0,
2026-05-16T16:01:34.736867,GET,/api/mixed/http/,108.92,55353,0,
2026-05-16T16:01:34.742658,GET,/api/mixed/db/1/,4.21,247,0,
2026-05-16T16:01:34.750295,GET,/api/mixed/http/,108.69,55353,0,
2026-05-16T16:01:34.759198,GET,/api/mixed/pipeline/1/,3.51,82,0,
2026-05-16T16:01:34.761331,GET,/api/mixed/pipeline/1/,3.08,82,0,
2026-05-16T16:01:34.765421,GET,/api/mixed/db/1/,4.86,247,0,
2026-05-16T16:01:34.776114,GET,/api/mixed/db/1/,4.07,247,0,
2026-05-16T16:01:34.782295,GET,/api/mixed/db/1/,3.79,247,0,
2026-05-16T16:01:34.793700,GET,/api/mixed/pipeline/1/,2.86,82,0,
2026-05-16T16:01:34.796469,GET,/api/mixed/pipeline/1/,2.65,82,0,
2026-05-16T16:01:34.810472,GET,/api/mixed/http/,109.27,55353,0,
2026-05-16T16:01:34.820722,GET,/api/mixed/http/,109.07,55353,0,
2026-05-16T16:01:34.823231,GET,/api/mixed/pipeline/1/,3.57,82,0,
2026-05-16T16:01:34.833601,GET,/api/mixed/http/,108.37,55353,0,
2026-05-16T16:01:34.842845,GET,/api/mixed/db/1/,4.02,247,0,
2026-05-16T16:01:34.843357,GET,/api/mixed/http/,109.42,55353,0,
2026-05-16T16:01:34.864896,GET,/api/mixed/pipeline/1/,3.34,82,0,
2026-05-16T16:01:34.877110,GET,/api/mixed/db/1/,4.82,247,0,
2026-05-16T16:01:34.877700,GET,/api/mixed/db/1/,4.81,247,0,
2026-05-16T16:01:34.881723,GET,/api/mixed/pipeline/1/,6.07,82,0,
2026-05-16T16:01:34.882882,GET,/api/mixed/db/1/,6.73,247,0,
2026-05-16T16:01:34.897953,GET,/api/mixed/http/,108.34,55353,0,
2026-05-16T16:01:34.916226,GET,/api/mixed/http/,109.48,55353,0,
2026-05-16T16:01:34.921205,GET,/api/mixed/pipeline/1/,4.8,82,0,
2026-05-16T16:01:34.921996,GET,/api/mixed/db/1/,6.74,247,0,
2026-05-16T16:01:34.922452,GET,/api/mixed/db/1/,7.76,247,0,
2026-05-16T16:01:34.922918,GET,/api/mixed/db/1/,5.58,247,0,
2026-05-16T16:01:34.924099,GET,/api/mixed/db/1/,4.43,247,0,
2026-05-16T16:01:34.928271,GET,/api/mixed/http/,107.43,55353,0,
2026-05-16T16:01:34.936665,GET,/api/mixed/http/,108.26,55353,0,
2026-05-16T16:01:34.938889,GET,/api/mixed/pipeline/1/,3.37,82,0,
2026-05-16T16:01:34.946973,GET,/api/mixed/db/1/,4.74,247,0,
2026-05-16T16:01:34.957384,GET,/api/mixed/db/1/,4.0,247,0,
2026-05-16T16:01:34.986577,GET,/api/mixed/pipeline/1/,2.94,82,0,
2026-05-16T16:01:35.016278,GET,/api/mixed/db/1/,6.99,247,0,
2026-05-16T16:01:35.032395,GET,/api/mixed/pipeline/1/,3.01,82,0,
2026-05-16T16:01:35.049890,GET,/api/mixed/db/1/,4.21,247,0,
2026-05-16T16:01:35.061379,GET,/api/mixed/db/1/,4.13,247,0,
2026-05-16T16:01:35.067311,GET,/api/mixed/db/1/,3.66,247,0,
2026-05-16T16:01:35.073489,GET,/api/mixed/db/1/,3.81,247,0,
2026-05-16T16:01:35.083006,GET,/api/mixed/db/1/,4.1,247,0,
2026-05-16T16:01:35.087377,GET,/api/mixed/http/,108.51,55353,0,
2026-05-16T16:01:35.107813,GET,/api/mixed/http/,107.89,55353,0,
2026-05-16T16:01:35.114703,GET,/api/mixed/db/1/,4.6,247,0,
2026-05-16T16:01:35.115235,GET,/api/mixed/http/,109.6,55353,0,
2026-05-16T16:01:35.118321,GET,/api/mixed/db/1/,4.61,247,0,
2026-05-16T16:01:35.128571,GET,/api/mixed/http/,109.86,55353,0,
2026-05-16T16:01:35.131128,GET,/api/mixed/pipeline/1/,4.04,82,0,
2026-05-16T16:01:35.131543,GET,/api/mixed/pipeline/1/,2.83,82,0,
2026-05-16T16:01:35.140626,GET,/api/mixed/pipeline/1/,2.76,82,0,
2026-05-16T16:01:35.146906,GET,/api/mixed/pipeline/1/,3.05,82,0,
2026-05-16T16:01:35.149647,GET,/api/mixed/pipeline/1/,2.61,82,0,
2026-05-16T16:01:35.159692,GET,/api/mixed/db/1/,4.84,247,0,
2026-05-16T16:01:35.171473,GET,/api/mixed/http/,108.82,55353,0,
2026-05-16T16:01:35.175093,GET,/api/mixed/db/1/,5.02,247,0,
2026-05-16T16:01:35.182781,GET,/api/mixed/pipeline/1/,3.18,82,0,
2026-05-16T16:01:35.202264,GET,/api/mixed/pipeline/1/,3.26,82,0,
2026-05-16T16:01:35.207753,GET,/api/mixed/http/,108.9,55353,0,
2026-05-16T16:01:35.226599,GET,/api/mixed/http/,109.66,55353,0,
2026-05-16T16:01:35.228765,GET,/api/mixed/http/,108.7,55353,0,
2026-05-16T16:01:35.229801,GET,/api/mixed/pipeline/1/,4.59,82,0,
2026-05-16T16:01:35.245411,GET,/api/mixed/db/1/,6.66,247,0,
2026-05-16T16:01:35.245846,GET,/api/mixed/db/1/,7.61,247,0,
2026-05-16T16:01:35.246214,GET,/api/mixed/db/1/,5.87,247,0,
2026-05-16T16:01:35.253227,GET,/api/mixed/pipeline/1/,3.23,82,0,
2026-05-16T16:01:35.253622,GET,/api/mixed/pipeline/1/,4.08,82,0,
2026-05-16T16:01:35.263367,GET,/api/mixed/http/,108.07,55353,0,
2026-05-16T16:01:35.277188,GET,/api/mixed/pipeline/1/,3.05,82,0,
2026-05-16T16:01:35.283335,GET,/api/mixed/db/1/,3.83,247,0,
2026-05-16T16:01:35.298147,GET,/api/mixed/pipeline/1/,3.55,82,0,
2026-05-16T16:01:35.301573,GET,/api/mixed/db/1/,4.28,247,0,
2026-05-16T16:01:35.312843,GET,/api/mixed/db/1/,4.0,247,0,
2026-05-16T16:01:35.316376,GET,/api/mixed/pipeline/1/,3.42,82,0,
2026-05-16T16:01:35.320224,GET,/api/mixed/pipeline/1/,2.63,82,0,
2026-05-16T16:01:35.320936,GET,/api/mixed/http/,107.82,55353,0,
2026-05-16T16:01:35.326801,GET,/api/mixed/pipeline/1/,3.47,82,0,
2026-05-16T16:01:35.335273,GET,/api/mixed/pipeline/1/,3.25,82,0,
2026-05-16T16:01:35.336004,GET,/api/mixed/pipeline/1/,2.77,82,0,
2026-05-16T16:01:35.344762,GET,/api/mixed/pipeline/1/,4.34,82,0,
2026-05-16T16:01:35.357397,GET,/api/mixed/pipeline/1/,4.34,82,0,
2026-05-16T16:01:35.372898,GET,/api/mixed/http/,111.02,55353,0,
2026-05-16T16:01:35.404858,GET,/api/mixed/pipeline/1/,3.71,82,0,
2026-05-16T16:01:35.451674,GET,/api/mixed/db/1/,4.25,247,0,
2026-05-16T16:01:35.459483,GET,/api/mixed/pipeline/1/,2.96,82,0,
2026-05-16T16:01:35.465655,GET,/api/mixed/http/,109.94,55353,0,
2026-05-16T16:01:35.468160,GET,/api/mixed/pipeline/1/,3.69,82,0,
2026-05-16T16:01:35.516204,GET,/api/mixed/http/,108.01,55353,0,
2026-05-16T16:01:35.540002,GET,/api/mixed/pipeline/1/,3.12,82,0,
2026-05-16T16:01:35.543693,GET,/api/mixed/http/,108.87,55353,0,
2026-05-16T16:01:35.560371,GET,/api/mixed/http/,108.55,55353,0,
2026-05-16T16:01:35.566030,GET,/api/mixed/pipeline/1/,3.4,82,0,
2026-05-16T16:01:35.567989,GET,/api/mixed/pipeline/1/,3.83,82,0,
2026-05-16T16:01:35.579971,GET,/api/mixed/db/1/,5.57,247,0,
2026-05-16T16:01:35.587951,GET,/api/mixed/pipeline/1/,3.27,82,0,
2026-05-16T16:01:35.616800,GET,/api/mixed/http/,110.34,55353,0,
2026-05-16T16:01:35.620832,GET,/api/mixed/pipeline/1/,3.83,82,0,
2026-05-16T16:01:35.635507,GET,/api/mixed/http/,109.04,55353,0,
2026-05-16T16:01:35.641086,GET,/api/mixed/http/,108.87,55353,0,
2026-05-16T16:01:35.655056,GET,/api/mixed/http/,108.13,55353,0,
2026-05-16T16:01:35.688233,GET,/api/mixed/http/,109.41,55353,0,
2026-05-16T16:01:35.695748,GET,/api/mixed/db/1/,4.17,247,0,
2026-05-16T16:01:35.696198,GET,/api/mixed/pipeline/1/,3.18,82,0,
2026-05-16T16:01:35.710523,GET,/api/mixed/db/1/,4.12,247,0,
2026-05-16T16:01:35.722565,GET,/api/mixed/db/1/,4.61,247,0,
2026-05-16T16:01:35.724814,GET,/api/mixed/http/,110.14,55353,0,
2026-05-16T16:01:35.730245,GET,/api/mixed/pipeline/1/,3.1,82,0,
2026-05-16T16:01:35.733195,GET,/api/mixed/pipeline/1/,2.83,82,0,
2026-05-16T16:01:35.753932,GET,/api/mixed/http/,108.58,55353,0,
2026-05-16T16:01:35.764306,GET,/api/mixed/http/,108.02,55353,0,
2026-05-16T16:01:35.783311,GET,/api/mixed/pipeline/1/,3.1,82,0,
2026-05-16T16:01:35.818960,GET,/api/mixed/pipeline/1/,3.62,82,0,
2026-05-16T16:01:35.822485,GET,/api/mixed/http/,108.69,55353,0,
2026-05-16T16:01:35.826630,GET,/api/mixed/http/,107.67,55353,0,
2026-05-16T16:01:35.835167,GET,/api/mixed/db/1/,5.15,247,0,
2026-05-16T16:01:35.857678,GET,/api/mixed/pipeline/1/,3.11,82,0,
2026-05-16T16:01:35.865525,GET,/api/mixed/db/1/,3.91,247,0,
2026-05-16T16:01:35.881268,GET,/api/mixed/http/,108.62,55353,0,
2026-05-16T16:01:35.887555,GET,/api/mixed/pipeline/1/,3.95,82,0,
2026-05-16T16:01:35.898723,GET,/api/mixed/http/,109.0,55353,0,
2026-05-16T16:01:35.902120,GET,/api/mixed/db/1/,4.46,247,0,
2026-05-16T16:01:35.939096,GET,/api/mixed/http/,108.43,55353,0,
2026-05-16T16:01:35.948160,GET,/api/mixed/pipeline/1/,4.69,82,0,
2026-05-16T16:01:35.956475,GET,/api/mixed/db/1/,3.97,247,0,
2026-05-16T16:01:35.967968,GET,/api/mixed/db/1/,4.27,247,0,
2026-05-16T16:01:35.969145,GET,/api/mixed/http/,109.26,55353,0,
2026-05-16T16:01:35.983485,GET,/api/mixed/db/1/,4.84,247,0,
2026-05-16T16:01:35.985389,GET,/api/mixed/pipeline/1/,3.75,82,0,
2026-05-16T16:01:35.996346,GET,/api/mixed/pipeline/1/,6.72,82,0,
2026-05-16T16:01:35.998065,GET,/api/mixed/db/1/,7.07,247,0,
2026-05-16T16:01:36.000685,GET,/api/mixed/pipeline/1/,5.37,82,0,
2026-05-16T16:01:36.002091,GET,/api/mixed/db/1/,5.57,247,0,
2026-05-16T16:01:36.002529,GET,/api/mixed/db/1/,8.52,247,0,
2026-05-16T16:01:36.027032,GET,/api/mixed/http/,112.6,55353,0,
2026-05-16T16:01:36.030264,GET,/api/mixed/http/,114.55,55353,0,
2026-05-16T16:01:36.031563,GET,/api/mixed/db/1/,9.76,247,0,
2026-05-16T16:01:36.035609,GET,/api/mixed/pipeline/1/,5.15,82,0,
2026-05-16T16:01:36.048496,GET,/api/mixed/pipeline/1/,3.77,82,0,
2026-05-16T16:01:36.049238,GET,/api/mixed/pipeline/1/,3.77,82,0,
2026-05-16T16:01:36.060896,GET,/api/mixed/pipeline/1/,3.36,82,0,
2026-05-16T16:01:36.081486,GET,/api/mixed/pipeline/1/,3.93,82,0,
2026-05-16T16:01:36.083143,GET,/api/mixed/db/1/,4.83,247,0,
2026-05-16T16:01:36.085465,GET,/api/mixed/pipeline/1/,3.14,82,0,
2026-05-16T16:01:36.106227,GET,/api/mixed/pipeline/1/,3.32,82,0,
2026-05-16T16:01:36.120780,GET,/api/mixed/db/1/,3.85,247,0,
2026-05-16T16:01:36.139638,GET,/api/mixed/http/,112.2,55353,0,
2026-05-16T16:01:36.140332,GET,/api/mixed/http/,108.13,55353,0,
2026-05-16T16:01:36.144674,GET,/api/mixed/http/,110.13,55353,0,
2026-05-16T16:01:36.163164,GET,/api/mixed/db/1/,4.11,247,0,
2026-05-16T16:01:36.171944,GET,/api/mixed/pipeline/1/,3.69,82,0,
2026-05-16T16:01:36.181743,GET,/api/mixed/pipeline/1/,3.02,82,0,
2026-05-16T16:01:36.182210,GET,/api/mixed/pipeline/1/,3.95,82,0,
2026-05-16T16:01:36.219648,GET,/api/mixed/pipeline/1/,3.23,82,0,
2026-05-16T16:01:36.225170,GET,/api/mixed/http/,109.63,55353,0,
2026-05-16T16:01:36.242011,GET,/api/mixed/db/1/,4.41,247,0,
2026-05-16T16:01:36.258971,GET,/api/mixed/pipeline/1/,3.72,82,0,
2026-05-16T16:01:36.262243,GET,/api/mixed/db/1/,4.13,247,0,
2026-05-16T16:01:36.274320,GET,/api/mixed/http/,108.74,55353,0,
2026-05-16T16:01:36.283459,GET,/api/mixed/http/,107.87,55353,0,
2026-05-16T16:01:36.288568,GET,/api/mixed/db/1/,6.47,247,0,
2026-05-16T16:01:36.289147,GET,/api/mixed/db/1/,7.55,247,0,
2026-05-16T16:01:36.293547,GET,/api/mixed/db/1/,3.87,247,0,
2026-05-16T16:01:36.308483,GET,/api/mixed/pipeline/1/,5.62,82,0,
2026-05-16T16:01:36.313934,GET,/api/mixed/db/1/,4.08,247,0,
2026-05-16T16:01:36.323299,GET,/api/mixed/db/1/,5.99,247,0,
2026-05-16T16:01:36.333986,GET,/api/mixed/pipeline/1/,5.77,82,0,
2026-05-16T16:01:36.370197,GET,/api/mixed/pipeline/1/,4.87,82,0,
2026-05-16T16:01:36.371440,GET,/api/mixed/pipeline/1/,4.9,82,0,
2026-05-16T16:01:36.379497,GET,/api/mixed/db/1/,6.81,247,0,
2026-05-16T16:01:36.397057,GET,/api/mixed/http/,109.54,55353,0,
2026-05-16T16:01:36.409465,GET,/api/mixed/db/1/,5.0,247,0,
2026-05-16T16:01:36.413684,GET,/api/mixed/http/,110.0,55353,0,
2026-05-16T16:01:36.438317,GET,/api/mixed/http/,110.75,55353,0,
2026-05-16T16:01:36.446213,GET,/api/mixed/db/1/,4.62,247,0,
2026-05-16T16:01:36.446635,GET,/api/mixed/db/1/,3.93,247,0,
2026-05-16T16:01:36.465282,GET,/api/mixed/db/1/,4.07,247,0,
2026-05-16T16:01:36.494157,GET,/api/mixed/http/,109.4,55353,0,
2026-05-16T16:01:36.503437,GET,/api/mixed/pipeline/1/,3.86,82,0,
2026-05-16T16:01:36.526209,GET,/api/mixed/pipeline/1/,2.98,82,0,
2026-05-16T16:01:36.526680,GET,/api/mixed/db/1/,4.12,247,0,
2026-05-16T16:01:36.527259,GET,/api/mixed/pipeline/1/,2.74,82,0,
2026-05-16T16:01:36.546960,GET,/api/mixed/db/1/,4.33,247,0,
2026-05-16T16:01:36.567140,GET,/api/mixed/pipeline/1/,6.81,82,0,
2026-05-16T16:01:36.567595,GET,/api/mixed/db/1/,6.29,247,0,
2026-05-16T16:01:36.567975,GET,/api/mixed/db/1/,7.06,247,0,
2026-05-16T16:01:36.570259,GET,/api/mixed/http/,110.28,55353,0,
2026-05-16T16:01:36.585749,GET,/api/mixed/http/,109.03,55353,0,
2026-05-16T16:01:36.614808,GET,/api/mixed/http/,109.06,55353,0,
2026-05-16T16:01:36.635814,GET,/api/mixed/pipeline/1/,3.0,82,0,
2026-05-16T16:01:36.641975,GET,/api/mixed/pipeline/1/,2.83,82,0,
2026-05-16T16:01:36.648337,GET,/api/mixed/db/1/,4.13,247,0,
2026-05-16T16:01:36.688116,GET,/api/mixed/db/1/,4.54,247,0,
2026-05-16T16:01:36.688547,GET,/api/mixed/db/1/,3.81,247,0,
2026-05-16T16:01:36.689190,GET,/api/mixed/http/,108.37,55353,0,
2026-05-16T16:01:36.718340,GET,/api/mixed/http/,108.01,55353,0,
2026-05-16T16:01:36.728677,GET,/api/mixed/http/,108.52,55353,0,
2026-05-16T16:01:36.751687,GET,/api/mixed/pipeline/1/,3.57,82,0,
2026-05-16T16:01:36.755173,GET,/api/mixed/db/1/,4.32,247,0,
2026-05-16T16:01:36.767253,GET,/api/mixed/pipeline/1/,2.88,82,0,
2026-05-16T16:01:36.783604,GET,/api/mixed/pipeline/1/,4.84,82,0,
2026-05-16T16:01:36.784016,GET,/api/mixed/pipeline/1/,4.74,82,0,
2026-05-16T16:01:36.799737,GET,/api/mixed/pipeline/1/,5.47,82,0,
2026-05-16T16:01:36.800457,GET,/api/mixed/db/1/,5.46,247,0,
2026-05-16T16:01:36.822256,GET,/api/mixed/http/,107.84,55353,0,
2026-05-16T16:01:36.833792,GET,/api/mixed/http/,109.24,55353,0,
2026-05-16T16:01:36.841366,GET,/api/mixed/pipeline/1/,3.84,82,0,
2026-05-16T16:01:36.854269,GET,/api/mixed/pipeline/1/,2.98,82,0,
2026-05-16T16:01:36.869533,GET,/api/mixed/http/,107.95,55353,0,
2026-05-16T16:01:36.880105,GET,/api/mixed/http/,108.52,55353,0,
2026-05-16T16:01:36.881571,GET,/api/mixed/http/,107.54,55353,0,
2026-05-16T16:01:36.889932,GET,/api/mixed/db/1/,4.01,247,0,
2026-05-16T16:01:36.913448,GET,/api/mixed/db/1/,4.23,247,0,
2026-05-16T16:01:36.914085,GET,/api/mixed/http/,111.43,55353,0,
2026-05-16T16:01:36.918114,GET,/api/mixed/db/1/,3.93,247,0,
2026-05-16T16:01:36.924908,GET,/api/mixed/pipeline/1/,3.42,82,0,
2026-05-16T16:01:36.932376,GET,/api/mixed/pipeline/1/,3.99,82,0,
2026-05-16T16:01:36.933140,GET,/api/mixed/db/1/,4.18,247,0,
2026-05-16T16:01:36.941598,GET,/api/mixed/http/,108.9,55353,0,
2026-05-16T16:01:36.944165,GET,/api/mixed/pipeline/1/,3.79,82,0,
2026-05-16T16:01:36.945459,GET,/api/mixed/db/1/,3.73,247,0,
2026-05-16T16:01:36.946410,GET,/api/mixed/http/,107.68,55353,0,
2026-05-16T16:01:36.948918,GET,/api/mixed/pipeline/1/,3.35,82,0,
2026-05-16T16:01:36.951388,GET,/api/mixed/http/,107.74,55353,0,
2026-05-16T16:01:36.980773,GET,/api/mixed/http/,108.8,55353,0,
2026-05-16T16:01:36.981467,GET,/api/mixed/pipeline/1/,3.84,82,0,
2026-05-16T16:01:37.011045,GET,/api/mixed/pipeline/1/,6.19,82,0,
2026-05-16T16:01:37.011520,GET,/api/mixed/pipeline/1/,4.5,82,0,
2026-05-16T16:01:37.026867,GET,/api/mixed/pipeline/1/,3.02,82,0,
2026-05-16T16:01:37.040560,GET,/api/mixed/pipeline/1/,4.35,82,0,
2026-05-16T16:01:37.044371,GET,/api/mixed/http/,109.05,55353,0,
2026-05-16T16:01:37.047334,GET,/api/mixed/db/1/,4.0,247,0,
2026-05-16T16:01:37.075528,GET,/api/mixed/db/1/,4.77,247,0,
2026-05-16T16:01:37.082849,GET,/api/mixed/db/1/,3.93,247,0,
2026-05-16T16:01:37.086247,GET,/api/mixed/http/,107.99,55353,0,
2026-05-16T16:01:37.088768,GET,/api/mixed/pipeline/1/,3.61,82,0,
2026-05-16T16:01:37.116518,GET,/api/mixed/db/1/,4.08,247,0,
2026-05-16T16:01:37.135616,GET,/api/mixed/pipeline/1/,3.96,82,0,
2026-05-16T16:01:37.137683,GET,/api/mixed/db/1/,4.86,247,0,
2026-05-16T16:01:37.145323,GET,/api/mixed/pipeline/1/,3.37,82,0,
2026-05-16T16:01:37.176202,GET,/api/mixed/pipeline/1/,3.91,82,0,
2026-05-16T16:01:37.179524,GET,/api/mixed/http/,110.79,55353,0,
2026-05-16T16:01:37.180011,GET,/api/mixed/http/,110.24,55353,0,
2026-05-16T16:01:37.185464,GET,/api/mixed/db/1/,5.36,247,0,
2026-05-16T16:01:37.185945,GET,/api/mixed/db/1/,4.85,247,0,
2026-05-16T16:01:37.190826,GET,/api/mixed/pipeline/1/,3.63,82,0,
2026-05-16T16:01:37.198234,GET,/api/mixed/db/1/,4.18,247,0,
2026-05-16T16:01:37.199491,GET,/api/mixed/http/,109.08,55353,0,
2026-05-16T16:01:37.200113,GET,/api/mixed/http/,108.41,55353,0,
2026-05-16T16:01:37.200750,GET,/api/mixed/http/,107.79,55353,0,
2026-05-16T16:01:37.224004,GET,/api/mixed/pipeline/1/,3.09,82,0,
2026-05-16T16:01:37.229084,GET,/api/mixed/db/1/,3.75,247,0,
2026-05-16T16:01:37.234389,GET,/api/mixed/http/,109.55,55353,0,
2026-05-16T16:01:37.259850,GET,/api/mixed/pipeline/1/,3.13,82,0,
2026-05-16T16:01:37.267233,GET,/api/mixed/db/1/,5.02,247,0,
2026-05-16T16:01:37.273685,GET,/api/mixed/db/1/,4.04,247,0,
2026-05-16T16:01:37.280848,GET,/api/mixed/http/,109.99,55353,0,
2026-05-16T16:01:37.282154,GET,/api/mixed/http/,108.33,55353,0,
2026-05-16T16:01:37.286030,GET,/api/mixed/pipeline/1/,5.03,82,0,
2026-05-16T16:01:37.286507,GET,/api/mixed/pipeline/1/,4.15,82,0,
2026-05-16T16:01:37.314219,GET,/api/mixed/http/,108.11,55353,0,
2026-05-16T16:01:37.329643,GET,/api/mixed/db/1/,4.05,247,0,
2026-05-16T16:01:37.345015,GET,/api/mixed/db/1/,4.18,247,0,
2026-05-16T16:01:37.361410,GET,/api/mixed/pipeline/1/,3.13,82,0,
2026-05-16T16:01:37.370922,GET,/api/mixed/http/,107.79,55353,0,
2026-05-16T16:01:37.373942,GET,/api/mixed/pipeline/1/,2.89,82,0,
2026-05-16T16:01:37.411682,GET,/api/mixed/db/1/,4.05,247,0,
2026-05-16T16:01:37.423709,GET,/api/mixed/db/1/,5.05,247,0,
2026-05-16T16:01:37.425823,GET,/api/mixed/pipeline/1/,3.15,82,0,
2026-05-16T16:01:37.427644,GET,/api/mixed/http/,108.05,55353,0,
2026-05-16T16:01:37.464477,GET,/api/mixed/pipeline/1/,4.88,82,0,
2026-05-16T16:01:37.465015,GET,/api/mixed/pipeline/1/,6.01,82,0,
2026-05-16T16:01:37.482966,GET,/api/mixed/http/,108.87,55353,0,
2026-05-16T16:01:37.488855,GET,/api/mixed/http/,109.24,55353,0,
2026-05-16T16:01:37.497762,GET,/api/mixed/http/,108.64,55353,0,
2026-05-16T16:01:37.508057,GET,/api/mixed/db/1/,3.98,247,0,
2026-05-16T16:01:37.510164,GET,/api/mixed/pipeline/1/,2.99,82,0,
2026-05-16T16:01:37.511270,GET,/api/mixed/pipeline/1/,4.6,82,0,
2026-05-16T16:01:37.514355,GET,/api/mixed/http/,109.34,55353,0,
2026-05-16T16:01:37.515002,GET,/api/mixed/pipeline/1/,4.7,82,0,
2026-05-16T16:01:37.527624,GET,/api/mixed/http/,109.53,55353,0,
2026-05-16T16:01:37.531486,GET,/api/mixed/db/1/,5.18,247,0,
2026-05-16T16:01:37.532560,GET,/api/mixed/pipeline/1/,3.02,82,0,
2026-05-16T16:01:37.547484,GET,/api/mixed/db/1/,5.57,247,0,
2026-05-16T16:01:37.559657,GET,/api/mixed/pipeline/1/,2.95,82,0,
2026-05-16T16:01:37.587324,GET,/api/mixed/pipeline/1/,3.1,82,0,
2026-05-16T16:01:37.596640,GET,/api/mixed/http/,108.77,55353,0,
2026-05-16T16:01:37.606899,GET,/api/mixed/db/1/,4.01,247,0,
2026-05-16T16:01:37.617107,GET,/api/mixed/db/1/,4.32,247,0,
2026-05-16T16:01:37.618362,GET,/api/mixed/db/1/,4.39,247,0,
2026-05-16T16:01:37.661146,GET,/api/mixed/db/1/,5.94,247,0,
2026-05-16T16:01:37.667214,GET,/api/mixed/db/1/,4.79,247,0,
2026-05-16T16:01:37.681057,GET,/api/mixed/db/1/,4.43,247,0,
2026-05-16T16:01:37.681479,GET,/api/mixed/db/1/,3.96,247,0,
2026-05-16T16:01:37.713244,GET,/api/mixed/db/1/,6.45,247,0,
2026-05-16T16:01:37.715391,GET,/api/mixed/db/1/,6.87,247,0,
2026-05-16T16:01:37.715834,GET,/api/mixed/pipeline/1/,6.62,82,0,
2026-05-16T16:01:37.718311,GET,/api/mixed/http/,109.16,55353,0,
2026-05-16T16:01:37.729547,GET,/api/mixed/http/,107.78,55353,0,
2026-05-16T16:01:37.731618,GET,/api/mixed/db/1/,4.09,247,0,
2026-05-16T16:01:37.746948,GET,/api/mixed/pipeline/1/,2.97,82,0,
2026-05-16T16:01:37.760583,GET,/api/mixed/http/,110.53,55353,0,
2026-05-16T16:01:37.761065,GET,/api/mixed/http/,108.96,55353,0,
2026-05-16T16:01:38.576189,GET,/api/mixed/db/1/,4.12,247,0,
2026-05-16T16:01:38.588998,GET,/api/mixed/http/,108.15,55353,0,
2026-05-16T16:01:38.610280,GET,/api/mixed/http/,110.61,55353,0,
2026-05-16T16:01:38.610804,GET,/api/mixed/db/1/,3.89,247,0,
2026-05-16T16:01:38.657425,GET,/api/mixed/pipeline/1/,3.16,82,0,
2026-05-16T16:01:38.658961,GET,/api/mixed/http/,110.59,55353,0,
2026-05-16T16:01:38.661497,GET,/api/mixed/pipeline/1/,3.93,82,0,
2026-05-16T16:01:38.663973,GET,/api/mixed/http/,110.44,55353,0,
2026-05-16T16:01:38.665466,GET,/api/mixed/http/,114.38,55353,0,
2026-05-16T16:01:38.668818,GET,/api/mixed/db/1/,6.56,247,0,
2026-05-16T16:01:38.669229,GET,/api/mixed/db/1/,7.55,247,0,
2026-05-16T16:01:38.674979,GET,/api/mixed/pipeline/1/,3.4,82,0,
2026-05-16T16:01:38.678292,GET,/api/mixed/db/1/,4.29,247,0,
2026-05-16T16:01:38.694258,GET,/api/mixed/http/,108.79,55353,0,
2026-05-16T16:01:38.695024,GET,/api/mixed/http/,109.04,55353,0,
2026-05-16T16:01:38.705428,GET,/api/mixed/http/,108.1,55353,0,
2026-05-16T16:01:38.720873,GET,/api/mixed/db/1/,4.07,247,0,
2026-05-16T16:01:38.729053,GET,/api/mixed/pipeline/1/,2.98,82,0,
2026-05-16T16:01:38.735440,GET,/api/mixed/http/,108.35,55353,0,
2026-05-16T16:01:38.741413,GET,/api/mixed/http/,108.47,55353,0,
2026-05-16T16:01:38.748611,GET,/api/mixed/pipeline/1/,3.79,82,0,
2026-05-16T16:01:38.760850,GET,/api/mixed/db/1/,6.03,247,0,
2026-05-16T16:01:38.765967,GET,/api/mixed/pipeline/1/,3.77,82,0,
2026-05-16T16:01:38.772888,GET,/api/mixed/http/,108.7,55353,0,
2026-05-16T16:01:38.780623,GET,/api/mixed/db/1/,6.47,247,0,
2026-05-16T16:01:38.804383,GET,/api/mixed/db/1/,4.58,247,0,
2026-05-16T16:01:38.814939,GET,/api/mixed/pipeline/1/,3.17,82,0,
2026-05-16T16:01:38.822056,GET,/api/mixed/db/1/,3.82,247,0,
2026-05-16T16:01:38.864604,GET,/api/mixed/http/,109.26,55353,0,
2026-05-16T16:01:38.874138,GET,/api/mixed/db/1/,5.16,247,0,
2026-05-16T16:01:38.877506,GET,/api/mixed/db/1/,4.51,247,0,
2026-05-16T16:01:38.899428,GET,/api/mixed/http/,108.54,55353,0,
2026-05-16T16:01:38.935130,GET,/api/mixed/http/,108.78,55353,0,
2026-05-16T16:01:38.940173,GET,/api/mixed/pipeline/1/,3.7,82,0,
2026-05-16T16:01:38.943046,GET,/api/mixed/http/,108.29,55353,0,
2026-05-16T16:01:38.961494,GET,/api/mixed/pipeline/1/,4.01,82,0,
2026-05-16T16:01:38.961914,GET,/api/mixed/db/1/,7.95,247,0,
2026-05-16T16:01:38.969998,GET,/api/mixed/http/,109.64,55353,0,
2026-05-16T16:01:38.971354,GET,/api/mixed/pipeline/1/,3.23,82,0,
2026-05-16T16:01:39.017825,GET,/api/mixed/http/,108.07,55353,0,
2026-05-16T16:01:39.029101,GET,/api/mixed/pipeline/1/,3.86,82,0,
2026-05-16T16:01:39.045790,GET,/api/mixed/db/1/,4.43,247,0,
2026-05-16T16:01:39.056240,GET,/api/mixed/http/,108.85,55353,0,
2026-05-16T16:01:39.080823,GET,/api/mixed/db/1/,3.9,247,0,
2026-05-16T16:01:39.083553,GET,/api/mixed/db/1/,4.14,247,0,
2026-05-16T16:01:39.084054,GET,/api/mixed/http/,108.06,55353,0,
2026-05-16T16:01:39.087492,GET,/api/mixed/pipeline/1/,3.34,82,0,
2026-05-16T16:01:39.092841,GET,/api/mixed/pipeline/1/,3.93,82,0,
2026-05-16T16:01:39.098953,GET,/api/mixed/db/1/,3.74,247,0,
2026-05-16T16:01:39.111511,GET,/api/mixed/db/1/,4.16,247,0,
2026-05-16T16:01:39.127074,GET,/api/mixed/pipeline/1/,2.99,82,0,
2026-05-16T16:01:39.136012,GET,/api/mixed/http/,109.39,55353,0,
2026-05-16T16:01:39.139718,GET,/api/mixed/db/1/,5.71,247,0,
2026-05-16T16:01:39.141492,GET,/api/mixed/pipeline/1/,3.28,82,0,
2026-05-16T16:01:39.147795,GET,/api/mixed/pipeline/1/,2.76,82,0,
2026-05-16T16:01:39.161028,GET,/api/mixed/http/,108.93,55353,0,
2026-05-16T16:01:39.177834,GET,/api/mixed/http/,109.31,55353,0,
2026-05-16T16:01:39.181128,GET,/api/mixed/http/,107.58,55353,0,
2026-05-16T16:01:39.183978,GET,/api/mixed/pipeline/1/,3.92,82,0,
2026-05-16T16:01:39.199667,GET,/api/mixed/db/1/,4.73,247,0,
2026-05-16T16:01:39.214477,GET,/api/mixed/db/1/,4.23,247,0,
2026-05-16T16:01:39.225660,GET,/api/mixed/http/,108.94,55353,0,
2026-05-16T16:01:39.237940,GET,/api/mixed/pipeline/1/,3.02,82,0,
2026-05-16T16:01:39.241717,GET,/api/mixed/pipeline/1/,2.55,82,0,
2026-05-16T16:01:39.243711,GET,/api/mixed/http/,108.97,55353,0,
2026-05-16T16:01:39.251194,GET,/api/mixed/http/,108.5,55353,0,
2026-05-16T16:01:39.254741,GET,/api/mixed/db/1/,4.87,247,0,
2026-05-16T16:01:39.278343,GET,/api/mixed/pipeline/1/,3.18,82,0,
2026-05-16T16:01:39.291901,GET,/api/mixed/http/,108.95,55353,0,
2026-05-16T16:01:39.308429,GET,/api/mixed/db/1/,4.14,247,0,
2026-05-16T16:01:39.317842,GET,/api/mixed/db/1/,4.15,247,0,
2026-05-16T16:01:39.323787,GET,/api/mixed/pipeline/1/,2.78,82,0,
2026-05-16T16:01:39.335837,GET,/api/mixed/db/1/,4.71,247,0,
2026-05-16T16:01:39.347438,GET,/api/mixed/pipeline/1/,3.21,82,0,
2026-05-16T16:01:39.398793,GET,/api/mixed/http/,110.21,55353,0,
2026-05-16T16:01:39.403438,GET,/api/mixed/pipeline/1/,4.04,82,0,
2026-05-16T16:01:39.453959,GET,/api/mixed/db/1/,4.74,247,0,
2026-05-16T16:01:39.466863,GET,/api/mixed/db/1/,4.88,247,0,
2026-05-16T16:01:39.474585,GET,/api/mixed/db/1/,3.95,247,0,
2026-05-16T16:01:39.485226,GET,/api/mixed/db/1/,4.32,247,0,
2026-05-16T16:01:39.501162,GET,/api/mixed/db/1/,4.62,247,0,
2026-05-16T16:01:39.509355,GET,/api/mixed/http/,110.42,55353,0,
2026-05-16T16:01:39.527035,GET,/api/mixed/db/1/,4.58,247,0,
2026-05-16T16:01:39.528704,GET,/api/mixed/http/,108.84,55353,0,
2026-05-16T16:01:39.537580,GET,/api/mixed/http/,110.78,55353,0,
2026-05-16T16:01:39.558284,GET,/api/mixed/http/,108.49,55353,0,
2026-05-16T16:01:39.565827,GET,/api/mixed/http/,110.45,55353,0,
2026-05-16T16:01:39.569243,GET,/api/mixed/db/1/,4.62,247,0,
2026-05-16T16:01:39.574382,GET,/api/mixed/http/,108.61,55353,0,
2026-05-16T16:01:39.577996,GET,/api/mixed/db/1/,4.7,247,0,
2026-05-16T16:01:39.584195,GET,/api/mixed/db/1/,3.96,247,0,
2026-05-16T16:01:39.593349,GET,/api/mixed/pipeline/1/,4.46,82,0,
2026-05-16T16:01:39.594885,GET,/api/mixed/db/1/,7.4,247,0,
2026-05-16T16:01:39.612229,GET,/api/mixed/db/1/,4.97,247,0,
2026-05-16T16:01:39.618534,GET,/api/mixed/db/1/,4.87,247,0,
2026-05-16T16:01:39.619055,GET,/api/mixed/http/,111.58,55353,0,
2026-05-16T16:01:39.645151,GET,/api/mixed/http/,110.1,55353,0,
2026-05-16T16:01:39.651567,GET,/api/mixed/http/,109.92,55353,0,
2026-05-16T16:01:39.666728,GET,/api/mixed/pipeline/1/,3.87,82,0,
2026-05-16T16:01:39.679278,GET,/api/mixed/http/,111.46,55353,0,
2026-05-16T16:01:39.723868,GET,/api/mixed/db/1/,4.67,247,0,
2026-05-16T16:01:39.728460,GET,/api/mixed/db/1/,4.42,247,0,
2026-05-16T16:01:39.746598,GET,/api/mixed/db/1/,5.48,247,0,
2026-05-16T16:01:39.749748,GET,/api/mixed/db/1/,4.23,247,0,
2026-05-16T16:01:39.755418,GET,/api/mixed/http/,107.99,55353,0,
2026-05-16T16:01:39.761265,GET,/api/mixed/db/1/,5.7,247,0,
2026-05-16T16:01:39.769848,GET,/api/mixed/pipeline/1/,3.25,82,0,
2026-05-16T16:01:39.772434,GET,/api/mixed/pipeline/1/,3.44,82,0,
2026-05-16T16:01:39.773566,GET,/api/mixed/http/,107.96,55353,0,
2026-05-16T16:01:39.788343,GET,/api/mixed/pipeline/1/,3.18,82,0,
2026-05-16T16:01:39.793987,GET,/api/mixed/pipeline/1/,3.4,82,0,
2026-05-16T16:01:39.803745,GET,/api/mixed/http/,108.1,55353,0,
2026-05-16T16:01:39.818019,GET,/api/mixed/pipeline/1/,2.97,82,0,
2026-05-16T16:01:39.824418,GET,/api/mixed/http/,108.95,55353,0,
2026-05-16T16:01:39.828901,GET,/api/mixed/http/,108.74,55353,0,
2026-05-16T16:01:39.829329,GET,/api/mixed/pipeline/1/,2.75,82,0,
2026-05-16T16:01:39.839616,GET,/api/mixed/http/,108.9,55353,0,
2026-05-16T16:01:39.842973,GET,/api/mixed/pipeline/1/,6.43,82,0,
2026-05-16T16:01:39.844168,GET,/api/mixed/db/1/,5.95,247,0,
2026-05-16T16:01:39.844564,GET,/api/mixed/db/1/,4.08,247,0,
2026-05-16T16:01:39.877009,GET,/api/mixed/pipeline/1/,4.21,82,0,
2026-05-16T16:01:39.889008,GET,/api/mixed/db/1/,4.59,247,0,
2026-05-16T16:01:39.902347,GET,/api/mixed/http/,109.1,55353,0,
2026-05-16T16:01:39.912723,GET,/api/mixed/db/1/,4.51,247,0,
2026-05-16T16:01:39.921686,GET,/api/mixed/db/1/,4.75,247,0,
2026-05-16T16:01:39.931582,GET,/api/mixed/db/1/,4.48,247,0,
2026-05-16T16:01:39.933964,GET,/api/mixed/pipeline/1/,3.32,82,0,
2026-05-16T16:01:39.943426,GET,/api/mixed/pipeline/1/,4.15,82,0,
2026-05-16T16:01:39.949443,GET,/api/mixed/db/1/,3.8,247,0,
2026-05-16T16:01:39.957235,GET,/api/mixed/pipeline/1/,3.46,82,0,
2026-05-16T16:01:39.969546,GET,/api/mixed/pipeline/1/,3.94,82,0,
2026-05-16T16:01:39.971336,GET,/api/mixed/db/1/,4.29,247,0,
2026-05-16T16:01:39.971736,GET,/api/mixed/db/1/,3.88,247,0,
2026-05-16T16:01:39.981689,GET,/api/mixed/pipeline/1/,3.36,82,0,
2026-05-16T16:01:39.982098,GET,/api/mixed/pipeline/1/,3.13,82,0,
2026-05-16T16:01:39.992605,GET,/api/mixed/db/1/,4.15,247,0,
2026-05-16T16:01:40.004709,GET,/api/mixed/db/1/,5.89,247,0,
2026-05-16T16:01:40.007613,GET,/api/mixed/http/,109.4,55353,0,
2026-05-16T16:01:40.008103,GET,/api/mixed/http/,109.32,55353,0,
2026-05-16T16:01:40.022125,GET,/api/mixed/db/1/,6.07,247,0,
2026-05-16T16:01:40.028139,GET,/api/mixed/db/1/,4.65,247,0,
2026-05-16T16:01:40.031061,GET,/api/mixed/db/1/,4.24,247,0,
2026-05-16T16:01:40.039279,GET,/api/mixed/pipeline/1/,3.82,82,0,
2026-05-16T16:01:40.046493,GET,/api/mixed/http/,109.09,55353,0,
2026-05-16T16:01:40.048818,GET,/api/mixed/http/,108.36,55353,0,
2026-05-16T16:01:40.051552,GET,/api/mixed/http/,108.98,55353,0,
2026-05-16T16:01:40.052606,GET,/api/mixed/pipeline/1/,3.64,82,0,
2026-05-16T16:01:40.060794,GET,/api/mixed/db/1/,3.87,247,0,
2026-05-16T16:01:40.069942,GET,/api/mixed/db/1/,5.77,247,0,
2026-05-16T16:01:40.070595,GET,/api/mixed/pipeline/1/,4.95,82,0,
2026-05-16T16:01:40.085482,GET,/api/mixed/pipeline/1/,3.61,82,0,
2026-05-16T16:01:40.101677,GET,/api/mixed/pipeline/1/,3.86,82,0,
2026-05-16T16:01:40.107658,GET,/api/mixed/db/1/,4.3,247,0,
2026-05-16T16:01:40.123084,GET,/api/mixed/http/,109.66,55353,0,
2026-05-16T16:01:40.134952,GET,/api/mixed/http/,110.99,55353,0,
2026-05-16T16:01:40.146764,GET,/api/mixed/http/,108.43,55353,0,
2026-05-16T16:01:40.169736,GET,/api/mixed/pipeline/1/,4.63,82,0,
2026-05-16T16:01:40.178151,GET,/api/mixed/db/1/,4.22,247,0,
2026-05-16T16:01:40.212138,GET,/api/mixed/http/,109.23,55353,0,
2026-05-16T16:01:40.232898,GET,/api/mixed/pipeline/1/,3.85,82,0,
2026-05-16T16:01:40.245758,GET,/api/mixed/db/1/,4.63,247,0,
2026-05-16T16:01:40.256779,GET,/api/mixed/db/1/,5.71,247,0,
2026-05-16T16:01:40.257253,GET,/api/mixed/db/1/,4.61,247,0,
2026-05-16T16:01:40.259304,GET,/api/mixed/pipeline/1/,4.04,82,0,
2026-05-16T16:01:40.265792,GET,/api/mixed/pipeline/1/,4.26,82,0,
2026-05-16T16:01:40.275966,GET,/api/mixed/http/,108.9,55353,0,
2026-05-16T16:01:40.276443,GET,/api/mixed/http/,110.36,55353,0,
2026-05-16T16:01:40.284384,GET,/api/mixed/db/1/,4.31,247,0,
2026-05-16T16:01:40.290762,GET,/api/mixed/http/,109.23,55353,0,
2026-05-16T16:01:40.292816,GET,/api/mixed/db/1/,4.21,247,0,
2026-05-16T16:01:40.306043,GET,/api/mixed/pipeline/1/,3.97,82,0,
2026-05-16T16:01:40.306571,GET,/api/mixed/pipeline/1/,3.85,82,0,
2026-05-16T16:01:40.336773,GET,/api/mixed/http/,109.31,55353,0,
2026-05-16T16:01:40.348786,GET,/api/mixed/db/1/,7.21,247,0,
2026-05-16T16:01:40.349202,GET,/api/mixed/db/1/,7.11,247,0,
2026-05-16T16:01:40.350689,GET,/api/mixed/db/1/,4.97,247,0,
2026-05-16T16:01:40.360521,GET,/api/mixed/http/,108.95,55353,0,
2026-05-16T16:01:40.363450,GET,/api/mixed/db/1/,4.53,247,0,
2026-05-16T16:01:40.379632,GET,/api/mixed/http/,108.48,55353,0,
2026-05-16T16:01:40.383143,GET,/api/mixed/http/,108.24,55353,0,
2026-05-16T16:01:40.398769,GET,/api/mixed/pipeline/1/,4.4,82,0,
2026-05-16T16:01:40.414903,GET,/api/mixed/pipeline/1/,3.15,82,0,
2026-05-16T16:01:40.419933,GET,/api/mixed/pipeline/1/,2.83,82,0,
2026-05-16T16:01:40.422029,GET,/api/mixed/http/,108.0,55353,0,
2026-05-16T16:01:40.436758,GET,/api/mixed/http/,108.68,55353,0,
2026-05-16T16:01:40.446786,GET,/api/mixed/http/,108.77,55353,0,
2026-05-16T16:01:40.464672,GET,/api/mixed/db/1/,5.56,247,0,
2026-05-16T16:01:40.472279,GET,/api/mixed/pipeline/1/,3.3,82,0,
2026-05-16T16:01:40.478841,GET,/api/mixed/db/1/,4.33,247,0,
2026-05-16T16:01:40.485470,GET,/api/mixed/pipeline/1/,4.33,82,0,
2026-05-16T16:01:40.487381,GET,/api/mixed/db/1/,5.79,247,0,
2026-05-16T16:01:40.497923,GET,/api/mixed/db/1/,4.13,247,0,
2026-05-16T16:01:40.520373,GET,/api/mixed/http/,109.19,55353,0,
2026-05-16T16:01:40.520806,GET,/api/mixed/pipeline/1/,3.65,82,0,
2026-05-16T16:01:40.536467,GET,/api/mixed/http/,109.05,55353,0,
2026-05-16T16:01:40.539650,GET,/api/mixed/http/,108.27,55353,0,
2026-05-16T16:01:40.543523,GET,/api/mixed/http/,109.31,55353,0,
2026-05-16T16:01:40.544071,GET,/api/mixed/db/1/,8.73,247,0,
2026-05-16T16:01:40.549245,GET,/api/mixed/db/1/,9.4,247,0,
2026-05-16T16:01:40.552937,GET,/api/mixed/db/1/,4.9,247,0,
2026-05-16T16:01:40.556406,GET,/api/mixed/db/1/,4.33,247,0,
2026-05-16T16:01:40.560652,GET,/api/mixed/http/,108.42,55353,0,
2026-05-16T16:01:40.561746,GET,/api/mixed/http/,108.14,55353,0,
2026-05-16T16:01:40.563773,GET,/api/mixed/pipeline/1/,3.0,82,0,
2026-05-16T16:01:40.575856,GET,/api/mixed/pipeline/1/,3.79,82,0,
2026-05-16T16:01:40.586346,GET,/api/mixed/pipeline/1/,2.78,82,0,
2026-05-16T16:01:40.592751,GET,/api/mixed/pipeline/1/,5.05,82,0,
2026-05-16T16:01:40.601167,GET,/api/mixed/pipeline/1/,3.12,82,0,
2026-05-16T16:01:40.632891,GET,/api/mixed/http/,108.61,55353,0,
2026-05-16T16:01:40.639205,GET,/api/mixed/db/1/,6.06,247,0,
2026-05-16T16:01:40.645607,GET,/api/mixed/http/,109.0,55353,0,
2026-05-16T16:01:40.665281,GET,/api/mixed/db/1/,4.43,247,0,
2026-05-16T16:01:40.700357,GET,/api/mixed/http/,109.54,55353,0,
2026-05-16T16:01:40.710980,GET,/api/mixed/pipeline/1/,3.0,82,0,
2026-05-16T16:01:40.718532,GET,/api/mixed/http/,107.9,55353,0,
2026-05-16T16:01:40.730200,GET,/api/mixed/http/,108.99,55353,0,
2026-05-16T16:01:40.739736,GET,/api/mixed/pipeline/1/,5.04,82,0,
2026-05-16T16:01:40.777271,GET,/api/mixed/pipeline/1/,3.16,82,0,
2026-05-16T16:01:40.795164,GET,/api/mixed/db/1/,7.22,247,0,
2026-05-16T16:01:40.796290,GET,/api/mixed/http/,114.77,55353,0,
2026-05-16T16:01:40.804040,GET,/api/mixed/db/1/,11.43,247,0,
2026-05-16T16:01:40.807329,GET,/api/mixed/pipeline/1/,5.99,82,0,
2026-05-16T16:01:40.811286,GET,/api/mixed/db/1/,3.83,247,0,
2026-05-16T16:01:40.811767,GET,/api/mixed/http/,109.15,55353,0,
2026-05-16T16:01:40.903231,GET,/api/mixed/pipeline/1/,4.86,82,0,
2026-05-16T16:01:40.905441,GET,/api/mixed/pipeline/1/,4.17,82,0,
2026-05-16T16:01:40.905833,GET,/api/mixed/pipeline/1/,3.6,82,0,
2026-05-16T16:01:40.945449,GET,/api/mixed/db/1/,4.2,247,0,
2026-05-16T16:01:40.950691,GET,/api/mixed/http/,108.59,55353,0,
2026-05-16T16:01:40.951156,GET,/api/mixed/db/1/,4.48,247,0,
2026-05-16T16:01:40.960350,GET,/api/mixed/pipeline/1/,2.85,82,0,
2026-05-16T16:01:40.971970,GET,/api/mixed/db/1/,4.33,247,0,
2026-05-16T16:01:40.982162,GET,/api/mixed/http/,108.33,55353,0,
2026-05-16T16:01:40.989870,GET,/api/mixed/pipeline/1/,3.46,82,0,
2026-05-16T16:01:40.992318,GET,/api/mixed/http/,108.75,55353,0,
2026-05-16T16:01:41.008924,GET,/api/mixed/pipeline/1/,3.18,82,0,
2026-05-16T16:01:41.019576,GET,/api/mixed/http/,108.56,55353,0,
2026-05-16T16:01:41.025897,GET,/api/mixed/db/1/,4.02,247,0,
2026-05-16T16:01:41.026841,GET,/api/mixed/http/,108.24,55353,0,
2026-05-16T16:01:41.028703,GET,/api/mixed/db/1/,4.26,247,0,
2026-05-16T16:01:41.045964,GET,/api/mixed/db/1/,3.99,247,0,
2026-05-16T16:01:41.060563,GET,/api/mixed/pipeline/1/,3.17,82,0,
2026-05-16T16:01:41.074181,GET,/api/mixed/db/1/,4.39,247,0,
2026-05-16T16:01:41.075267,GET,/api/mixed/pipeline/1/,2.81,82,0,
2026-05-16T16:01:41.097007,GET,/api/mixed/db/1/,4.51,247,0,
2026-05-16T16:01:41.097669,GET,/api/mixed/http/,108.63,55353,0,
2026-05-16T16:01:41.113671,GET,/api/mixed/db/1/,5.88,247,0,
2026-05-16T16:01:41.141998,GET,/api/mixed/pipeline/1/,3.07,82,0,
2026-05-16T16:01:41.167570,GET,/api/mixed/db/1/,4.16,247,0,
2026-05-16T16:01:41.215002,GET,/api/mixed/http/,109.96,55353,0,
2026-05-16T16:01:41.218187,GET,/api/mixed/pipeline/1/,4.14,82,0,
2026-05-16T16:01:41.218672,GET,/api/mixed/db/1/,5.52,247,0,
2026-05-16T16:01:41.266481,GET,/api/mixed/pipeline/1/,3.57,82,0,
2026-05-16T16:01:41.266938,GET,/api/mixed/pipeline/1/,4.8,82,0,
2026-05-16T16:01:41.267296,GET,/api/mixed/pipeline/1/,3.98,82,0,
2026-05-16T16:01:41.273510,GET,/api/mixed/pipeline/1/,2.85,82,0,
2026-05-16T16:01:41.285930,GET,/api/mixed/pipeline/1/,3.16,82,0,
2026-05-16T16:01:41.295871,GET,/api/mixed/pipeline/1/,3.67,82,0,
2026-05-16T16:01:41.313219,GET,/api/mixed/pipeline/1/,3.09,82,0,
2026-05-16T16:01:41.323152,GET,/api/mixed/pipeline/1/,3.2,82,0,
2026-05-16T16:01:41.325530,GET,/api/mixed/db/1/,6.06,247,0,
2026-05-16T16:01:41.326175,GET,/api/mixed/http/,109.01,55353,0,
2026-05-16T16:01:41.329279,GET,/api/mixed/pipeline/1/,5.03,82,0,
2026-05-16T16:01:41.331874,GET,/api/mixed/http/,108.49,55353,0,
2026-05-16T16:01:41.338942,GET,/api/mixed/pipeline/1/,2.84,82,0,
2026-05-16T16:01:41.352019,GET,/api/mixed/http/,109.11,55353,0,
2026-05-16T16:01:41.352496,GET,/api/mixed/http/,108.31,55353,0,
2026-05-16T16:01:41.362747,GET,/api/mixed/db/1/,3.98,247,0,
2026-05-16T16:01:41.366240,GET,/api/mixed/pipeline/1/,2.94,82,0,
2026-05-16T16:01:41.377318,GET,/api/mixed/db/1/,6.76,247,0,
2026-05-16T16:01:41.378823,GET,/api/mixed/db/1/,4.68,247,0,
2026-05-16T16:01:41.381713,GET,/api/mixed/pipeline/1/,2.79,82,0,
2026-05-16T16:01:41.408951,GET,/api/mixed/db/1/,5.57,247,0,
2026-05-16T16:01:41.413266,GET,/api/mixed/db/1/,4.04,247,0,
2026-05-16T16:01:41.428037,GET,/api/mixed/pipeline/1/,3.49,82,0,
2026-05-16T16:01:41.448574,GET,/api/mixed/http/,108.37,55353,0,
2026-05-16T16:01:41.465146,GET,/api/mixed/pipeline/1/,3.69,82,0,
2026-05-16T16:01:41.468399,GET,/api/mixed/pipeline/1/,4.09,82,0,
2026-05-16T16:01:41.474773,GET,/api/mixed/pipeline/1/,6.2,82,0,
2026-05-16T16:01:41.475450,GET,/api/mixed/http/,112.58,55353,0,
2026-05-16T16:01:41.494650,GET,/api/mixed/http/,107.74,55353,0,
2026-05-16T16:01:41.496650,GET,/api/mixed/db/1/,3.98,247,0,
2026-05-16T16:01:41.529084,GET,/api/mixed/pipeline/1/,4.83,82,0,
2026-05-16T16:01:41.529489,GET,/api/mixed/pipeline/1/,3.07,82,0,
2026-05-16T16:01:41.543317,GET,/api/mixed/db/1/,4.61,247,0,
2026-05-16T16:01:41.545134,GET,/api/mixed/pipeline/1/,3.11,82,0,
2026-05-16T16:01:41.556587,GET,/api/mixed/http/,107.89,55353,0,
2026-05-16T16:01:41.557006,GET,/api/mixed/db/1/,4.6,247,0,
2026-05-16T16:01:41.569323,GET,/api/mixed/http/,109.0,55353,0,
2026-05-16T16:01:41.569913,GET,/api/mixed/http/,108.98,55353,0,
2026-05-16T16:01:41.597788,GET,/api/mixed/db/1/,4.27,247,0,
2026-05-16T16:01:41.608522,GET,/api/mixed/pipeline/1/,3.58,82,0,
2026-05-16T16:01:41.608994,GET,/api/mixed/db/1/,7.82,247,0,
2026-05-16T16:01:41.609400,GET,/api/mixed/db/1/,5.79,247,0,
2026-05-16T16:01:41.620146,GET,/api/mixed/db/1/,5.58,247,0,
2026-05-16T16:01:41.629610,GET,/api/mixed/http/,109.68,55353,0,
2026-05-16T16:01:41.630034,GET,/api/mixed/db/1/,4.68,247,0,
2026-05-16T16:01:41.633573,GET,/api/mixed/http/,110.71,55353,0,
2026-05-16T16:01:41.648477,GET,/api/mixed/http/,108.66,55353,0,
2026-05-16T16:01:41.672305,GET,/api/mixed/db/1/,4.52,247,0,
2026-05-16T16:01:41.679474,GET,/api/mixed/db/1/,3.81,247,0,
2026-05-16T16:01:41.689921,GET,/api/mixed/pipeline/1/,3.07,82,0,
2026-05-16T16:01:41.696455,GET,/api/mixed/db/1/,4.19,247,0,
2026-05-16T16:01:41.699697,GET,/api/mixed/db/1/,4.13,247,0,
2026-05-16T16:01:41.705722,GET,/api/mixed/db/1/,4.37,247,0,
2026-05-16T16:01:41.713939,GET,/api/mixed/http/,112.2,55353,0,
2026-05-16T16:01:41.716942,GET,/api/mixed/pipeline/1/,4.48,82,0,
2026-05-16T16:01:41.717658,GET,/api/mixed/db/1/,6.6,247,0,
2026-05-16T16:01:41.723135,GET,/api/mixed/pipeline/1/,7.5,82,0,
2026-05-16T16:01:41.724361,GET,/api/mixed/pipeline/1/,6.56,82,0,
2026-05-16T16:01:41.737177,GET,/api/mixed/http/,108.7,55353,0,
2026-05-16T16:01:41.753375,GET,/api/mixed/http/,108.57,55353,0,
2026-05-16T16:01:41.759173,GET,/api/mixed/db/1/,4.03,247,0,
2026-05-16T16:01:41.759595,GET,/api/mixed/db/1/,4.9,247,0,
2026-05-16T16:01:41.778689,GET,/api/mixed/pipeline/1/,2.97,82,0,
2026-05-16T16:01:41.795367,GET,/api/mixed/db/1/,3.98,247,0,
2026-05-16T16:01:41.827434,GET,/api/mixed/db/1/,4.04,247,0,
2026-05-16T16:01:41.830192,GET,/api/mixed/http/,110.33,55353,0,
2026-05-16T16:01:41.835101,GET,/api/mixed/pipeline/1/,3.65,82,0,
2026-05-16T16:01:41.839313,GET,/api/mixed/pipeline/1/,2.86,82,0,
2026-05-16T16:01:41.844223,GET,/api/mixed/pipeline/1/,2.59,82,0,
2026-05-16T16:01:41.857192,GET,/api/mixed/http/,108.8,55353,0,
2026-05-16T16:01:41.876847,GET,/api/mixed/http/,107.86,55353,0,
2026-05-16T16:01:41.890914,GET,/api/mixed/http/,110.86,55353,0,
2026-05-16T16:01:41.891419,GET,/api/mixed/http/,109.27,55353,0,
2026-05-16T16:01:41.891779,GET,/api/mixed/pipeline/1/,4.62,82,0,
2026-05-16T16:01:41.893710,GET,/api/mixed/http/,108.43,55353,0,
2026-05-16T16:01:41.897780,GET,/api/mixed/db/1/,5.88,247,0,
2026-05-16T16:01:41.901381,GET,/api/mixed/db/1/,4.95,247,0,
2026-05-16T16:01:41.908910,GET,/api/mixed/pipeline/1/,3.35,82,0,
2026-05-16T16:01:41.920585,GET,/api/mixed/http/,108.92,55353,0,
2026-05-16T16:01:41.947467,GET,/api/mixed/pipeline/1/,4.05,82,0,
2026-05-16T16:01:41.947931,GET,/api/mixed/pipeline/1/,3.62,82,0,
2026-05-16T16:01:41.953952,GET,/api/mixed/db/1/,3.7,247,0,
2026-05-16T16:01:41.973851,GET,/api/mixed/pipeline/1/,3.66,82,0,
2026-05-16T16:01:41.974902,GET,/api/mixed/http/,109.31,55353,0,
2026-05-16T16:01:41.989214,GET,/api/mixed/http/,109.09,55353,0,
2026-05-16T16:01:42.011125,GET,/api/mixed/pipeline/1/,4.52,82,0,
2026-05-16T16:01:42.015011,GET,/api/mixed/http/,108.42,55353,0,
2026-05-16T16:01:42.021825,GET,/api/mixed/http/,108.58,55353,0,
2026-05-16T16:01:42.027340,GET,/api/mixed/db/1/,4.28,247,0,
2026-05-16T16:01:42.028002,GET,/api/mixed/http/,108.51,55353,0,
2026-05-16T16:01:42.060292,GET,/api/mixed/db/1/,5.94,247,0,
2026-05-16T16:01:42.063305,GET,/api/mixed/pipeline/1/,5.41,82,0,
2026-05-16T16:01:42.065630,GET,/api/mixed/pipeline/1/,3.27,82,0,
2026-05-16T16:01:42.070646,GET,/api/mixed/db/1/,3.8,247,0,
2026-05-16T16:01:42.078526,GET,/api/mixed/db/1/,6.46,247,0,
2026-05-16T16:01:42.079903,GET,/api/mixed/http/,108.5,55353,0,
2026-05-16T16:01:42.082934,GET,/api/mixed/pipeline/1/,2.91,82,0,
2026-05-16T16:01:42.089589,GET,/api/mixed/pipeline/1/,3.48,82,0,
2026-05-16T16:01:42.090451,GET,/api/mixed/http/,108.25,55353,0,
2026-05-16T16:01:42.094308,GET,/api/mixed/db/1/,6.91,247,0,
2026-05-16T16:01:42.098491,GET,/api/mixed/db/1/,3.81,247,0,
2026-05-16T16:01:42.117417,GET,/api/mixed/http/,109.67,55353,0,
2026-05-16T16:01:42.134338,GET,/api/mixed/pipeline/1/,3.01,82,0,
2026-05-16T16:01:42.153605,GET,/api/mixed/http/,108.26,55353,0,
2026-05-16T16:01:42.158145,GET,/api/mixed/pipeline/1/,4.41,82,0,
2026-05-16T16:01:42.170711,GET,/api/mixed/pipeline/1/,3.29,82,0,
2026-05-16T16:01:42.171772,GET,/api/mixed/pipeline/1/,2.7,82,0,
2026-05-16T16:01:42.200986,GET,/api/mixed/http/,112.26,55353,0,
2026-05-16T16:01:42.202005,GET,/api/mixed/http/,111.26,55353,0,
2026-05-16T16:01:42.223135,GET,/api/mixed/http/,108.32,55353,0,
2026-05-16T16:01:42.229983,GET,/api/mixed/http/,108.41,55353,0,
2026-05-16T16:01:42.235028,GET,/api/mixed/db/1/,3.67,247,0,
2026-05-16T16:01:42.242614,GET,/api/mixed/pipeline/1/,3.79,82,0,
2026-05-16T16:01:42.257484,GET,/api/mixed/pipeline/1/,4.53,82,0,
2026-05-16T16:01:42.262190,GET,/api/mixed/http/,108.01,55353,0,
2026-05-16T16:01:42.269447,GET,/api/mixed/pipeline/1/,2.94,82,0,
2026-05-16T16:01:42.279320,GET,/api/mixed/db/1/,4.67,247,0,
2026-05-16T16:01:42.282585,GET,/api/mixed/db/1/,4.21,247,0,
2026-05-16T16:01:42.283798,GET,/api/mixed/http/,108.65,55353,0,
2026-05-16T16:01:42.285222,GET,/api/mixed/http/,108.32,55353,0,
2026-05-16T16:01:42.309643,GET,/api/mixed/http/,110.06,55353,0,
2026-05-16T16:01:42.312153,GET,/api/mixed/pipeline/1/,3.74,82,0,
2026-05-16T16:01:42.315710,GET,/api/mixed/db/1/,4.43,247,0,
2026-05-16T16:01:42.330729,GET,/api/mixed/http/,109.54,55353,0,
2026-05-16T16:01:42.332690,GET,/api/mixed/http/,107.7,55353,0,
2026-05-16T16:01:42.339610,GET,/api/mixed/db/1/,4.73,247,0,
2026-05-16T16:01:42.346344,GET,/api/mixed/http/,109.96,55353,0,
2026-05-16T16:01:42.346808,GET,/api/mixed/db/1/,3.71,247,0,
2026-05-16T16:01:42.352110,GET,/api/mixed/pipeline/1/,2.94,82,0,
2026-05-16T16:01:42.392757,GET,/api/mixed/http/,108.6,55353,0,
2026-05-16T16:01:42.409091,GET,/api/mixed/http/,108.17,55353,0,
2026-05-16T16:01:42.431392,GET,/api/mixed/pipeline/1/,3.04,82,0,
2026-05-16T16:01:42.432522,GET,/api/mixed/db/1/,4.66,247,0,
2026-05-16T16:01:42.452020,GET,/api/mixed/http/,110.17,55353,0,
2026-05-16T16:01:42.454007,GET,/api/mixed/pipeline/1/,4.1,82,0,
2026-05-16T16:01:42.471969,GET,/api/mixed/db/1/,4.72,247,0,
2026-05-16T16:01:42.479683,GET,/api/mixed/db/1/,4.33,247,0,
2026-05-16T16:01:42.487570,GET,/api/mixed/http/,108.11,55353,0,
2026-05-16T16:01:42.492381,GET,/api/mixed/http/,109.13,55353,0,
2026-05-16T16:01:42.501192,GET,/api/mixed/db/1/,4.63,247,0,
2026-05-16T16:01:42.512865,GET,/api/mixed/pipeline/1/,3.24,82,0,
2026-05-16T16:01:42.523114,GET,/api/mixed/http/,108.63,55353,0,
2026-05-16T16:01:42.533663,GET,/api/mixed/http/,109.49,55353,0,
2026-05-16T16:01:42.539734,GET,/api/mixed/db/1/,4.75,247,0,
2026-05-16T16:01:42.542079,GET,/api/mixed/pipeline/1/,3.38,82,0,
2026-05-16T16:01:42.547239,GET,/api/mixed/http/,108.86,55353,0,
2026-05-16T16:01:42.549396,GET,/api/mixed/db/1/,5.56,247,0,
2026-05-16T16:01:42.569422,GET,/api/mixed/http/,121.25,55353,0,
2026-05-16T16:01:42.573856,GET,/api/mixed/db/1/,9.94,247,0,
2026-05-16T16:01:42.575456,GET,/api/mixed/pipeline/1/,9.51,82,0,
2026-05-16T16:01:42.583036,GET,/api/mixed/pipeline/1/,6.23,82,0,
2026-05-16T16:01:42.587811,GET,/api/mixed/pipeline/1/,4.53,82,0,
2026-05-16T16:01:42.591767,GET,/api/mixed/http/,115.95,55353,0,
2026-05-16T16:01:42.597824,GET,/api/mixed/pipeline/1/,4.73,82,0,
2026-05-16T16:01:42.622285,GET,/api/mixed/pipeline/1/,4.12,82,0,
2026-05-16T16:01:42.639032,GET,/api/mixed/db/1/,7.34,247,0,
2026-05-16T16:01:42.654533,GET,/api/mixed/http/,111.14,55353,0,
2026-05-16T16:01:42.678835,GET,/api/mixed/db/1/,5.0,247,0,
2026-05-16T16:01:42.679890,GET,/api/mixed/http/,112.91,55353,0,
2026-05-16T16:01:42.688957,GET,/api/mixed/pipeline/1/,2.8,82,0,
2026-05-16T16:01:42.716190,GET,/api/mixed/db/1/,3.9,247,0,
2026-05-16T16:01:42.761396,GET,/api/mixed/db/1/,4.89,247,0,
2026-05-16T16:01:42.764253,GET,/api/mixed/http/,111.98,55353,0,
2026-05-16T16:01:42.768349,GET,/api/mixed/db/1/,3.93,247,0,
2026-05-16T16:01:42.774662,GET,/api/mixed/pipeline/1/,3.11,82,0,
2026-05-16T16:01:42.778972,GET,/api/mixed/http/,110.24,55353,0,
2026-05-16T16:01:42.784320,GET,/api/mixed/pipeline/1/,2.99,82,0,
2026-05-16T16:01:42.796058,GET,/api/mixed/db/1/,4.16,247,0,
2026-05-16T16:01:42.797805,GET,/api/mixed/pipeline/1/,3.2,82,0,
2026-05-16T16:01:42.810282,GET,/api/mixed/http/,109.13,55353,0,
2026-05-16T16:01:42.816578,GET,/api/mixed/http/,109.66,55353,0,
2026-05-16T16:01:42.820742,GET,/api/mixed/http/,108.98,55353,0,
2026-05-16T16:01:42.823724,GET,/api/mixed/pipeline/1/,3.87,82,0,
2026-05-16T16:01:42.831702,GET,/api/mixed/db/1/,4.6,247,0,
2026-05-16T16:01:42.842689,GET,/api/mixed/db/1/,5.44,247,0,
2026-05-16T16:01:42.852657,GET,/api/mixed/pipeline/1/,3.49,82,0,
2026-05-16T16:01:42.867332,GET,/api/mixed/http/,108.17,55353,0,
2026-05-16T16:01:42.871750,GET,/api/mixed/http/,109.38,55353,0,
2026-05-16T16:01:42.872480,GET,/api/mixed/pipeline/1/,2.87,82,0,
2026-05-16T16:01:42.891183,GET,/api/mixed/db/1/,4.41,247,0,
2026-05-16T16:01:42.909038,GET,/api/mixed/http/,107.92,55353,0,
2026-05-16T16:01:42.924597,GET,/api/mixed/http/,109.04,55353,0,
2026-05-16T16:01:42.926418,GET,/api/mixed/pipeline/1/,3.1,82,0,
2026-05-16T16:01:42.929088,GET,/api/mixed/http/,107.5,55353,0,
2026-05-16T16:01:42.939303,GET,/api/mixed/pipeline/1/,3.01,82,0,
2026-05-16T16:01:42.939875,GET,/api/mixed/http/,108.04,55353,0,
2026-05-16T16:01:42.953175,GET,/api/mixed/pipeline/1/,3.12,82,0,
2026-05-16T16:01:42.961527,GET,/api/mixed/http/,109.74,55353,0,
2026-05-16T16:01:42.989348,GET,/api/mixed/pipeline/1/,4.42,82,0,
2026-05-16T16:01:42.992851,GET,/api/mixed/db/1/,5.09,247,0,
2026-05-16T16:01:43.060339,GET,/api/mixed/db/1/,6.19,247,0,
2026-05-16T16:01:43.148234,GET,/api/mixed/http/,107.97,55353,0,
2026-05-16T16:01:43.149290,GET,/api/mixed/http/,107.5,55353,0,
2026-05-16T16:01:43.167077,GET,/api/mixed/http/,109.5,55353,0,
2026-05-16T16:01:43.174642,GET,/api/mixed/db/1/,4.11,247,0,
2026-05-16T16:01:43.176796,GET,/api/mixed/pipeline/1/,3.09,82,0,
2026-05-16T16:01:43.177873,GET,/api/mixed/db/1/,4.64,247,0,
2026-05-16T16:01:43.203623,GET,/api/mixed/http/,109.04,55353,0,
2026-05-16T16:01:43.205550,GET,/api/mixed/pipeline/1/,3.91,82,0,
2026-05-16T16:01:43.229160,GET,/api/mixed/pipeline/1/,3.25,82,0,
2026-05-16T16:01:43.229774,GET,/api/mixed/db/1/,4.91,247,0,
2026-05-16T16:01:43.238175,GET,/api/mixed/pipeline/1/,3.01,82,0,
2026-05-16T16:01:43.250074,GET,/api/mixed/http/,108.63,55353,0,
2026-05-16T16:01:43.250700,GET,/api/mixed/http/,108.72,55353,0,
2026-05-16T16:01:43.263450,GET,/api/mixed/db/1/,4.43,247,0,
2026-05-16T16:01:43.264481,GET,/api/mixed/http/,107.86,55353,0,
2026-05-16T16:01:43.266046,GET,/api/mixed/http/,111.37,55353,0,
2026-05-16T16:01:43.268091,GET,/api/mixed/db/1/,5.55,247,0,
2026-05-16T16:01:43.291030,GET,/api/mixed/pipeline/1/,3.0,82,0,
2026-05-16T16:01:43.291442,GET,/api/mixed/pipeline/1/,3.98,82,0,
2026-05-16T16:01:43.301659,GET,/api/mixed/db/1/,5.86,247,0,
2026-05-16T16:01:43.320786,GET,/api/mixed/http/,108.41,55353,0,
2026-05-16T16:01:43.321253,GET,/api/mixed/http/,109.33,55353,0,
2026-05-16T16:01:43.334584,GET,/api/mixed/http/,111.36,55353,0,
2026-05-16T16:01:43.335392,GET,/api/mixed/pipeline/1/,3.79,82,0,
2026-05-16T16:01:43.353396,GET,/api/mixed/http/,109.99,55353,0,
2026-05-16T16:01:43.390473,GET,/api/mixed/pipeline/1/,2.97,82,0,
2026-05-16T16:01:43.406107,GET,/api/mixed/http/,108.69,55353,0,
2026-05-16T16:01:43.406593,GET,/api/mixed/http/,109.72,55353,0,
2026-05-16T16:01:43.419312,GET,/api/mixed/pipeline/1/,3.27,82,0,
2026-05-16T16:01:43.423160,GET,/api/mixed/db/1/,3.74,247,0,
2026-05-16T16:01:43.435385,GET,/api/mixed/db/1/,4.95,247,0,
2026-05-16T16:01:43.444798,GET,/api/mixed/http/,108.07,55353,0,
2026-05-16T16:01:43.447973,GET,/api/mixed/db/1/,5.34,247,0,
2026-05-16T16:01:43.489814,GET,/api/mixed/http/,108.06,55353,0,
2026-05-16T16:01:43.510559,GET,/api/mixed/pipeline/1/,3.9,82,0,
2026-05-16T16:01:43.532294,GET,/api/mixed/pipeline/1/,3.45,82,0,
2026-05-16T16:01:43.545377,GET,/api/mixed/pipeline/1/,3.8,82,0,
2026-05-16T16:01:43.556947,GET,/api/mixed/http/,108.84,55353,0,
2026-05-16T16:01:43.562243,GET,/api/mixed/http/,109.13,55353,0,
2026-05-16T16:01:43.563552,GET,/api/mixed/pipeline/1/,5.32,82,0,
2026-05-16T16:01:43.579660,GET,/api/mixed/http/,109.08,55353,0,
2026-05-16T16:01:43.597937,GET,/api/mixed/http/,107.99,55353,0,
2026-05-16T16:01:43.599218,GET,/api/mixed/db/1/,4.13,247,0,
2026-05-16T16:01:43.616818,GET,/api/mixed/pipeline/1/,3.2,82,0,
2026-05-16T16:01:43.622179,GET,/api/mixed/pipeline/1/,3.1,82,0,
2026-05-16T16:01:43.632720,GET,/api/mixed/db/1/,4.17,247,0,
2026-05-16T16:01:43.640878,GET,/api/mixed/db/1/,4.89,247,0,
2026-05-16T16:01:43.652599,GET,/api/mixed/db/1/,4.27,247,0,
2026-05-16T16:01:43.678785,GET,/api/mixed/pipeline/1/,5.32,82,0,
2026-05-16T16:01:43.679396,GET,/api/mixed/http/,109.55,55353,0,
2026-05-16T16:01:43.681561,GET,/api/mixed/db/1/,8.72,247,0,
2026-05-16T16:01:43.684779,GET,/api/mixed/pipeline/1/,4.13,82,0,
2026-05-16T16:01:43.688015,GET,/api/mixed/db/1/,4.35,247,0,
2026-05-16T16:01:43.706371,GET,/api/mixed/db/1/,4.98,247,0,
2026-05-16T16:01:43.708328,GET,/api/mixed/pipeline/1/,4.41,82,0,
2026-05-16T16:01:43.711743,GET,/api/mixed/pipeline/1/,3.31,82,0,
2026-05-16T16:01:43.712150,GET,/api/mixed/pipeline/1/,2.79,82,0,
2026-05-16T16:01:43.722838,GET,/api/mixed/pipeline/1/,3.33,82,0,
2026-05-16T16:01:43.729916,GET,/api/mixed/http/,108.9,55353,0,
2026-05-16T16:01:43.730820,GET,/api/mixed/http/,110.25,55353,0,
2026-05-16T16:01:43.737235,GET,/api/mixed/db/1/,4.03,247,0,
2026-05-16T16:01:43.752698,GET,/api/mixed/pipeline/1/,3.03,82,0,
2026-05-16T16:01:43.758371,GET,/api/mixed/pipeline/1/,4.4,82,0,
2026-05-16T16:01:43.765867,GET,/api/mixed/db/1/,5.26,247,0,
2026-05-16T16:01:43.767778,GET,/api/mixed/pipeline/1/,2.92,82,0,
2026-05-16T16:01:43.789374,GET,/api/mixed/pipeline/1/,4.67,82,0,
2026-05-16T16:01:43.793592,GET,/api/mixed/db/1/,5.61,247,0,
2026-05-16T16:01:43.794537,GET,/api/mixed/db/1/,4.48,247,0,
2026-05-16T16:01:43.812702,GET,/api/mixed/http/,109.94,55353,0,
2026-05-16T16:01:43.813761,GET,/api/mixed/pipeline/1/,3.03,82,0,
2026-05-16T16:01:43.815308,GET,/api/mixed/pipeline/1/,5.56,82,0,
2026-05-16T16:01:43.820462,GET,/api/mixed/db/1/,5.97,247,0,
2026-05-16T16:01:43.832308,GET,/api/mixed/http/,108.13,55353,0,
2026-05-16T16:01:43.841858,GET,/api/mixed/db/1/,4.36,247,0,
2026-05-16T16:01:43.849080,GET,/api/mixed/http/,108.47,55353,0,
2026-05-16T16:01:43.869062,GET,/api/mixed/http/,108.01,55353,0,
2026-05-16T16:01:43.870493,GET,/api/mixed/db/1/,4.36,247,0,
2026-05-16T16:01:43.881517,GET,/api/mixed/pipeline/1/,3.09,82,0,
2026-05-16T16:01:43.882731,GET,/api/mixed/db/1/,4.86,247,0,
2026-05-16T16:01:43.890127,GET,/api/mixed/db/1/,4.04,247,0,
2026-05-16T16:01:43.892939,GET,/api/mixed/http/,108.78,55353,0,
2026-05-16T16:01:43.906420,GET,/api/mixed/db/1/,4.11,247,0,
2026-05-16T16:01:43.921576,GET,/api/mixed/http/,111.27,55353,0,
2026-05-16T16:01:43.925251,GET,/api/mixed/pipeline/1/,3.48,82,0,
2026-05-16T16:01:43.931863,GET,/api/mixed/db/1/,4.22,247,0,
2026-05-16T16:01:43.943143,GET,/api/mixed/http/,108.55,55353,0,
2026-05-16T16:01:43.971762,GET,/api/mixed/http/,109.41,55353,0,
2026-05-16T16:01:43.994409,GET,/api/mixed/pipeline/1/,2.89,82,0,
2026-05-16T16:01:44.004178,GET,/api/mixed/db/1/,5.01,247,0,
2026-05-16T16:01:44.029902,GET,/api/mixed/db/1/,4.32,247,0,
2026-05-16T16:01:44.030420,GET,/api/mixed/db/1/,5.24,247,0,
2026-05-16T16:01:44.040962,GET,/api/mixed/db/1/,5.64,247,0,
2026-05-16T16:01:44.041390,GET,/api/mixed/db/1/,3.97,247,0,
2026-05-16T16:01:44.089767,GET,/api/mixed/http/,108.66,55353,0,
2026-05-16T16:01:44.099784,GET,/api/mixed/http/,109.78,55353,0,
2026-05-16T16:01:44.108189,GET,/api/mixed/http/,109.59,55353,0,
2026-05-16T16:01:44.118764,GET,/api/mixed/pipeline/1/,3.25,82,0,
2026-05-16T16:01:44.135200,GET,/api/mixed/http/,110.57,55353,0,
2026-05-16T16:01:44.143533,GET,/api/mixed/http/,109.77,55353,0,
2026-05-16T16:01:44.156892,GET,/api/mixed/pipeline/1/,3.07,82,0,
2026-05-16T16:01:44.170398,GET,/api/mixed/db/1/,5.2,247,0,
2026-05-16T16:01:44.172833,GET,/api/mixed/pipeline/1/,3.39,82,0,
2026-05-16T16:01:44.176053,GET,/api/mixed/http/,110.42,55353,0,
2026-05-16T16:01:44.187578,GET,/api/mixed/pipeline/1/,3.15,82,0,
2026-05-16T16:01:44.190143,GET,/api/mixed/pipeline/1/,2.46,82,0,
2026-05-16T16:01:44.198310,GET,/api/mixed/http/,109.54,55353,0,
2026-05-16T16:01:44.212194,GET,/api/mixed/pipeline/1/,4.86,82,0,
2026-05-16T16:01:44.226614,GET,/api/mixed/http/,107.71,55353,0,
2026-05-16T16:01:44.243457,GET,/api/mixed/pipeline/1/,3.44,82,0,
2026-05-16T16:01:44.247406,GET,/api/mixed/db/1/,3.82,247,0,
2026-05-16T16:01:44.251914,GET,/api/mixed/db/1/,4.4,247,0,
2026-05-16T16:01:44.258655,GET,/api/mixed/db/1/,3.93,247,0,
2026-05-16T16:01:44.266815,GET,/api/mixed/db/1/,5.19,247,0,
2026-05-16T16:01:44.288290,GET,/api/mixed/db/1/,4.08,247,0,
2026-05-16T16:01:44.302020,GET,/api/mixed/http/,108.5,55353,0,
2026-05-16T16:01:44.305325,GET,/api/mixed/http/,108.45,55353,0,
2026-05-16T16:01:44.323921,GET,/api/mixed/db/1/,4.13,247,0,
2026-05-16T16:01:44.330136,GET,/api/mixed/db/1/,5.68,247,0,
2026-05-16T16:01:44.345399,GET,/api/mixed/db/1/,6.85,247,0,
2026-05-16T16:01:44.346081,GET,/api/mixed/db/1/,6.18,247,0,
2026-05-16T16:01:44.356286,GET,/api/mixed/http/,107.58,55353,0,
2026-05-16T16:01:44.360605,GET,/api/mixed/http/,109.56,55353,0,
2026-05-16T16:01:44.364088,GET,/api/mixed/db/1/,4.49,247,0,
2026-05-16T16:01:44.368355,GET,/api/mixed/http/,108.49,55353,0,
2026-05-16T16:01:44.376821,GET,/api/mixed/pipeline/1/,4.23,82,0,
2026-05-16T16:01:44.399435,GET,/api/mixed/db/1/,3.78,247,0,
2026-05-16T16:01:44.408274,GET,/api/mixed/http/,109.78,55353,0,
2026-05-16T16:01:44.421327,GET,/api/mixed/db/1/,4.76,247,0,
2026-05-16T16:01:44.435490,GET,/api/mixed/db/1/,4.01,247,0,
2026-05-16T16:01:44.441097,GET,/api/mixed/pipeline/1/,5.48,82,0,
2026-05-16T16:01:44.444754,GET,/api/mixed/db/1/,4.85,247,0,
2026-05-16T16:01:44.457088,GET,/api/mixed/pipeline/1/,5.51,82,0,
2026-05-16T16:01:44.457665,GET,/api/mixed/db/1/,6.62,247,0,
2026-05-16T16:01:44.489093,GET,/api/mixed/http/,108.9,55353,0,
2026-05-16T16:01:44.497602,GET,/api/mixed/db/1/,6.24,247,0,
2026-05-16T16:01:44.503342,GET,/api/mixed/http/,109.21,55353,0,
2026-05-16T16:01:44.507717,GET,/api/mixed/pipeline/1/,4.21,82,0,
2026-05-16T16:01:44.532703,GET,/api/mixed/http/,108.64,55353,0,
2026-05-16T16:01:44.533248,GET,/api/mixed/http/,110.35,55353,0,
2026-05-16T16:01:44.555797,GET,/api/mixed/db/1/,7.29,247,0,
2026-05-16T16:01:44.559239,GET,/api/mixed/db/1/,6.5,247,0,
2026-05-16T16:01:44.560882,GET,/api/mixed/http/,108.89,55353,0,
2026-05-16T16:01:44.565340,GET,/api/mixed/http/,109.8,55353,0,
2026-05-16T16:01:44.570911,GET,/api/mixed/pipeline/1/,4.16,82,0,
2026-05-16T16:01:44.572088,GET,/api/mixed/db/1/,4.88,247,0,
2026-05-16T16:01:44.579912,GET,/api/mixed/http/,108.9,55353,0,
2026-05-16T16:01:44.601674,GET,/api/mixed/http/,108.82,55353,0,
2026-05-16T16:01:44.608778,GET,/api/mixed/pipeline/1/,4.58,82,0,
2026-05-16T16:01:44.609223,GET,/api/mixed/pipeline/1/,3.46,82,0,
2026-05-16T16:01:44.609606,GET,/api/mixed/pipeline/1/,4.87,82,0,
2026-05-16T16:01:44.610402,GET,/api/mixed/db/1/,3.9,247,0,
2026-05-16T16:01:44.617768,GET,/api/mixed/pipeline/1/,4.06,82,0,
2026-05-16T16:01:44.620601,GET,/api/mixed/pipeline/1/,3.91,82,0,
2026-05-16T16:01:44.627428,GET,/api/mixed/db/1/,4.32,247,0,
2026-05-16T16:01:44.630166,GET,/api/mixed/pipeline/1/,3.6,82,0,
2026-05-16T16:01:44.648563,GET,/api/mixed/pipeline/1/,3.13,82,0,
2026-05-16T16:01:44.649693,GET,/api/mixed/db/1/,4.76,247,0,
2026-05-16T16:01:44.657763,GET,/api/mixed/pipeline/1/,4.79,82,0,
2026-05-16T16:01:44.665182,GET,/api/mixed/db/1/,4.09,247,0,
2026-05-16T16:01:44.685096,GET,/api/mixed/http/,109.78,55353,0,
2026-05-16T16:01:44.685712,GET,/api/mixed/http/,109.9,55353,0,
2026-05-16T16:01:44.687732,GET,/api/mixed/pipeline/1/,5.27,82,0,
2026-05-16T16:01:44.692043,GET,/api/mixed/http/,107.69,55353,0,
2026-05-16T16:01:44.698818,GET,/api/mixed/pipeline/1/,3.38,82,0,
2026-05-16T16:01:44.725729,GET,/api/mixed/http/,109.57,55353,0,
2026-05-16T16:01:44.731986,GET,/api/mixed/pipeline/1/,3.44,82,0,
2026-05-16T16:01:44.737913,GET,/api/mixed/http/,108.53,55353,0,
2026-05-16T16:01:44.745697,GET,/api/mixed/http/,108.33,55353,0,
2026-05-16T16:01:44.769416,GET,/api/mixed/db/1/,4.98,247,0,
2026-05-16T16:01:44.776767,GET,/api/mixed/pipeline/1/,3.02,82,0,
2026-05-16T16:01:44.793903,GET,/api/mixed/db/1/,5.16,247,0,
2026-05-16T16:01:44.794408,GET,/api/mixed/db/1/,5.28,247,0,
2026-05-16T16:01:44.802656,GET,/api/mixed/db/1/,10.29,247,0,
2026-05-16T16:01:44.803819,GET,/api/mixed/db/1/,8.91,247,0,
2026-05-16T16:01:44.806696,GET,/api/mixed/http/,108.82,55353,0,
2026-05-16T16:01:44.816673,GET,/api/mixed/db/1/,4.62,247,0,
2026-05-16T16:01:44.836771,GET,/api/mixed/http/,108.68,55353,0,
2026-05-16T16:01:44.859137,GET,/api/mixed/db/1/,4.08,247,0,
2026-05-16T16:01:44.860589,GET,/api/mixed/http/,108.48,55353,0,
2026-05-16T16:01:44.864475,GET,/api/mixed/db/1/,6.81,247,0,
2026-05-16T16:01:44.866610,GET,/api/mixed/pipeline/1/,3.41,82,0,
2026-05-16T16:01:44.867390,GET,/api/mixed/http/,108.69,55353,0,
2026-05-16T16:01:44.869994,GET,/api/mixed/http/,108.29,55353,0,
2026-05-16T16:01:44.871217,GET,/api/mixed/http/,110.01,55353,0,
2026-05-16T16:01:44.873740,GET,/api/mixed/pipeline/1/,4.72,82,0,
2026-05-16T16:01:44.874139,GET,/api/mixed/pipeline/1/,3.9,82,0,
2026-05-16T16:01:44.875857,GET,/api/mixed/db/1/,4.43,247,0,
2026-05-16T16:01:44.899240,GET,/api/mixed/pipeline/1/,4.23,82,0,
2026-05-16T16:01:44.901695,GET,/api/mixed/http/,113.5,55353,0,
2026-05-16T16:01:44.904805,GET,/api/mixed/db/1/,5.05,247,0,
2026-05-16T16:01:44.906959,GET,/api/mixed/http/,114.09,55353,0,
2026-05-16T16:01:44.907768,GET,/api/mixed/http/,112.43,55353,0,
2026-05-16T16:01:44.919695,GET,/api/mixed/db/1/,4.62,247,0,
2026-05-16T16:01:44.933704,GET,/api/mixed/db/1/,4.81,247,0,
2026-05-16T16:01:44.934880,GET,/api/mixed/http/,108.86,55353,0,
2026-05-16T16:01:44.967351,GET,/api/mixed/http/,109.23,55353,0,
2026-05-16T16:01:44.978019,GET,/api/mixed/pipeline/1/,3.29,82,0,
2026-05-16T16:01:45.001339,GET,/api/mixed/http/,109.19,55353,0,
2026-05-16T16:01:45.016008,GET,/api/mixed/http/,109.97,55353,0,
2026-05-16T16:01:45.021611,GET,/api/mixed/db/1/,4.33,247,0,
2026-05-16T16:01:45.023106,GET,/api/mixed/http/,109.49,55353,0,
2026-05-16T16:01:45.028933,GET,/api/mixed/http/,110.11,55353,0,
2026-05-16T16:01:45.052806,GET,/api/mixed/db/1/,5.44,247,0,
2026-05-16T16:01:45.054510,GET,/api/mixed/http/,108.4,55353,0,
2026-05-16T16:01:45.054983,GET,/api/mixed/pipeline/1/,3.72,82,0,
2026-05-16T16:01:45.063654,GET,/api/mixed/pipeline/1/,3.35,82,0,
2026-05-16T16:01:45.074595,GET,/api/mixed/db/1/,4.71,247,0,
2026-05-16T16:01:45.100433,GET,/api/mixed/db/1/,4.57,247,0,
2026-05-16T16:01:45.127470,GET,/api/mixed/pipeline/1/,5.75,82,0,
2026-05-16T16:01:45.143664,GET,/api/mixed/pipeline/1/,3.81,82,0,
2026-05-16T16:01:45.172507,GET,/api/mixed/pipeline/1/,3.43,82,0,
2026-05-16T16:01:45.181995,GET,/api/mixed/pipeline/1/,3.11,82,0,
2026-05-16T16:01:45.195385,GET,/api/mixed/db/1/,5.34,247,0,
2026-05-16T16:01:45.262961,GET,/api/mixed/db/1/,4.58,247,0,
2026-05-16T16:01:45.299157,GET,/api/mixed/http/,111.89,55353,0,
2026-05-16T16:01:45.323446,GET,/api/mixed/pipeline/1/,6.36,82,0,
2026-05-16T16:01:45.324570,GET,/api/mixed/pipeline/1/,4.24,82,0,
2026-05-16T16:01:45.325329,GET,/api/mixed/db/1/,6.51,247,0,
2026-05-16T16:01:45.342163,GET,/api/mixed/db/1/,5.06,247,0,
2026-05-16T16:01:45.342663,GET,/api/mixed/db/1/,6.11,247,0,
2026-05-16T16:01:45.350336,GET,/api/mixed/db/1/,4.83,247,0,
2026-05-16T16:01:45.351165,GET,/api/mixed/http/,108.48,55353,0,
2026-05-16T16:01:45.351730,GET,/api/mixed/pipeline/1/,7.89,82,0,
2026-05-16T16:01:45.370687,GET,/api/mixed/http/,109.65,55353,0,
2026-05-16T16:01:45.372035,GET,/api/mixed/pipeline/1/,6.05,82,0,
2026-05-16T16:01:45.373098,GET,/api/mixed/pipeline/1/,5.73,82,0,
2026-05-16T16:01:45.375448,GET,/api/mixed/db/1/,6.5,247,0,
2026-05-16T16:01:45.393433,GET,/api/mixed/db/1/,4.75,247,0,
2026-05-16T16:01:45.396813,GET,/api/mixed/db/1/,4.42,247,0,
2026-05-16T16:01:45.407346,GET,/api/mixed/http/,110.07,55353,0,
2026-05-16T16:01:45.407875,GET,/api/mixed/http/,108.33,55353,0,
2026-05-16T16:01:45.413966,GET,/api/mixed/db/1/,4.77,247,0,
2026-05-16T16:01:45.429502,GET,/api/mixed/db/1/,4.16,247,0,
2026-05-16T16:01:45.445506,GET,/api/mixed/http/,108.02,55353,0,
2026-05-16T16:01:45.445979,GET,/api/mixed/pipeline/1/,3.43,82,0,
2026-05-16T16:01:45.469105,GET,/api/mixed/db/1/,4.89,247,0,
2026-05-16T16:01:45.491717,GET,/api/mixed/pipeline/1/,3.17,82,0,
2026-05-16T16:01:45.492143,GET,/api/mixed/pipeline/1/,4.62,82,0,
2026-05-16T16:01:45.518689,GET,/api/mixed/pipeline/1/,4.33,82,0,
2026-05-16T16:01:45.519431,GET,/api/mixed/http/,109.16,55353,0,
2026-05-16T16:01:45.532939,GET,/api/mixed/pipeline/1/,3.95,82,0,
2026-05-16T16:01:45.533350,GET,/api/mixed/pipeline/1/,2.82,82,0,
2026-05-16T16:01:45.542669,GET,/api/mixed/db/1/,3.99,247,0,
2026-05-16T16:01:45.545764,GET,/api/mixed/http/,108.99,55353,0,
2026-05-16T16:01:45.585378,GET,/api/mixed/pipeline/1/,3.21,82,0,
2026-05-16T16:01:45.592773,GET,/api/mixed/pipeline/1/,3.04,82,0,
2026-05-16T16:01:45.597156,GET,/api/mixed/http/,109.01,55353,0,
2026-05-16T16:01:45.603843,GET,/api/mixed/db/1/,5.15,247,0,
2026-05-16T16:01:45.616919,GET,/api/mixed/pipeline/1/,5.7,82,0,
2026-05-16T16:01:45.617626,GET,/api/mixed/db/1/,4.72,247,0,
2026-05-16T16:01:45.657192,GET,/api/mixed/http/,109.13,55353,0,
2026-05-16T16:01:45.669646,GET,/api/mixed/db/1/,4.08,247,0,
2026-05-16T16:01:45.684685,GET,/api/mixed/pipeline/1/,3.78,82,0,
2026-05-16T16:01:45.687500,GET,/api/mixed/pipeline/1/,3.78,82,0,
2026-05-16T16:01:45.708373,GET,/api/mixed/http/,107.91,55353,0,
2026-05-16T16:01:45.726832,GET,/api/mixed/pipeline/1/,4.12,82,0,
2026-05-16T16:01:45.737546,GET,/api/mixed/http/,108.67,55353,0,
2026-05-16T16:01:45.752199,GET,/api/mixed/pipeline/1/,3.26,82,0,
2026-05-16T16:01:45.797384,GET,/api/mixed/pipeline/1/,3.36,82,0,
2026-05-16T16:01:45.798622,GET,/api/mixed/db/1/,5.81,247,0,
2026-05-16T16:01:45.813924,GET,/api/mixed/pipeline/1/,3.74,82,0,
2026-05-16T16:01:45.863790,GET,/api/mixed/http/,108.21,55353,0,
2026-05-16T16:01:45.866092,GET,/api/mixed/pipeline/1/,3.96,82,0,
2026-05-16T16:01:45.885789,GET,/api/mixed/db/1/,6.4,247,0,
2026-05-16T16:01:45.886921,GET,/api/mixed/http/,109.66,55353,0,
2026-05-16T16:01:45.887585,GET,/api/mixed/http/,112.18,55353,0,
2026-05-16T16:01:45.905994,GET,/api/mixed/db/1/,4.67,247,0,
2026-05-16T16:01:45.914345,GET,/api/mixed/db/1/,4.02,247,0,
2026-05-16T16:01:45.919034,GET,/api/mixed/http/,112.13,55353,0,
2026-05-16T16:01:45.925099,GET,/api/mixed/db/1/,5.94,247,0,
2026-05-16T16:01:45.926930,GET,/api/mixed/pipeline/1/,4.94,82,0,
2026-05-16T16:01:45.938669,GET,/api/mixed/db/1/,4.85,247,0,
2026-05-16T16:01:45.954522,GET,/api/mixed/db/1/,4.28,247,0,
2026-05-16T16:01:45.958612,GET,/api/mixed/pipeline/1/,2.86,82,0,
2026-05-16T16:01:45.973910,GET,/api/mixed/http/,108.62,55353,0,
2026-05-16T16:01:45.976714,GET,/api/mixed/pipeline/1/,3.87,82,0,
2026-05-16T16:01:45.995418,GET,/api/mixed/http/,109.39,55353,0,
2026-05-16T16:01:45.995963,GET,/api/mixed/http/,112.22,55353,0,
2026-05-16T16:01:45.998378,GET,/api/mixed/http/,107.76,55353,0,
2026-05-16T16:01:46.012615,GET,/api/mixed/pipeline/1/,3.16,82,0,
2026-05-16T16:01:46.013177,GET,/api/mixed/db/1/,4.39,247,0,
2026-05-16T16:01:46.016287,GET,/api/mixed/http/,108.89,55353,0,
2026-05-16T16:01:46.021103,GET,/api/mixed/pipeline/1/,4.06,82,0,
2026-05-16T16:01:46.024319,GET,/api/mixed/http/,108.74,55353,0,
2026-05-16T16:01:46.031683,GET,/api/mixed/db/1/,3.95,247,0,
2026-05-16T16:01:46.040159,GET,/api/mixed/http/,107.94,55353,0,
2026-05-16T16:01:46.042034,GET,/api/mixed/http/,107.34,55353,0,
2026-05-16T16:01:46.048739,GET,/api/mixed/pipeline/1/,3.46,82,0,
2026-05-16T16:01:46.053280,GET,/api/mixed/db/1/,5.42,247,0,
2026-05-16T16:01:46.062337,GET,/api/mixed/pipeline/1/,3.45,82,0,
2026-05-16T16:01:46.062888,GET,/api/mixed/db/1/,5.28,247,0,
2026-05-16T16:01:46.065864,GET,/api/mixed/db/1/,4.53,247,0,
2026-05-16T16:01:46.083653,GET,/api/mixed/http/,107.92,55353,0,
2026-05-16T16:01:46.090721,GET,/api/mixed/pipeline/1/,3.62,82,0,
2026-05-16T16:01:46.091150,GET,/api/mixed/pipeline/1/,3.49,82,0,
2026-05-16T16:01:46.101057,GET,/api/mixed/pipeline/1/,3.01,82,0,
2026-05-16T16:01:46.126040,GET,/api/mixed/http/,109.53,55353,0,
2026-05-16T16:01:46.126808,GET,/api/mixed/http/,111.58,55353,0,
2026-05-16T16:01:46.129731,GET,/api/mixed/db/1/,5.32,247,0,
2026-05-16T16:01:46.130217,GET,/api/mixed/db/1/,5.25,247,0,
2026-05-16T16:01:46.132278,GET,/api/mixed/pipeline/1/,3.64,82,0,
2026-05-16T16:01:46.138266,GET,/api/mixed/pipeline/1/,4.73,82,0,
2026-05-16T16:01:46.141263,GET,/api/mixed/http/,111.09,55353,0,
2026-05-16T16:01:46.145423,GET,/api/mixed/http/,108.07,55353,0,
2026-05-16T16:01:46.145836,GET,/api/mixed/db/1/,4.44,247,0,
2026-05-16T16:01:46.153868,GET,/api/mixed/db/1/,5.71,247,0,
2026-05-16T16:01:46.154306,GET,/api/mixed/db/1/,4.69,247,0,
2026-05-16T16:01:46.194881,GET,/api/mixed/db/1/,4.17,247,0,
2026-05-16T16:01:46.200628,GET,/api/mixed/http/,108.21,55353,0,
2026-05-16T16:01:46.217016,GET,/api/mixed/http/,108.66,55353,0,
2026-05-16T16:01:46.217628,GET,/api/mixed/pipeline/1/,3.72,82,0,
2026-05-16T16:01:46.218222,GET,/api/mixed/db/1/,5.34,247,0,
2026-05-16T16:01:46.223367,GET,/api/mixed/pipeline/1/,2.88,82,0,
2026-05-16T16:01:46.228122,GET,/api/mixed/http/,109.01,55353,0,
2026-05-16T16:01:46.232659,GET,/api/mixed/db/1/,4.43,247,0,
2026-05-16T16:01:46.244549,GET,/api/mixed/pipeline/1/,2.85,82,0,
2026-05-16T16:01:46.250300,GET,/api/mixed/http/,110.73,55353,0,
2026-05-16T16:01:46.251490,GET,/api/mixed/http/,111.45,55353,0,
2026-05-16T16:01:46.255250,GET,/api/mixed/db/1/,6.39,247,0,
2026-05-16T16:01:46.275220,GET,/api/mixed/db/1/,4.61,247,0,
2026-05-16T16:01:46.275635,GET,/api/mixed/pipeline/1/,3.36,82,0,
2026-05-16T16:01:46.281459,GET,/api/mixed/pipeline/1/,3.62,82,0,
2026-05-16T16:01:46.290679,GET,/api/mixed/pipeline/1/,3.0,82,0,
2026-05-16T16:01:46.305829,GET,/api/mixed/http/,108.75,55353,0,
2026-05-16T16:01:46.326296,GET,/api/mixed/pipeline/1/,3.14,82,0,
2026-05-16T16:01:46.340726,GET,/api/mixed/http/,109.01,55353,0,
2026-05-16T16:01:46.354258,GET,/api/mixed/db/1/,4.18,247,0,
2026-05-16T16:01:46.383533,GET,/api/mixed/db/1/,5.53,247,0,
2026-05-16T16:01:46.412144,GET,/api/mixed/db/1/,4.46,247,0,
2026-05-16T16:01:46.414483,GET,/api/mixed/http/,109.65,55353,0,
2026-05-16T16:01:46.419730,GET,/api/mixed/pipeline/1/,2.9,82,0,
2026-05-16T16:01:46.462043,GET,/api/mixed/pipeline/1/,5.16,82,0,
2026-05-16T16:01:46.469019,GET,/api/mixed/http/,108.43,55353,0,
2026-05-16T16:01:46.485856,GET,/api/mixed/http/,109.04,55353,0,
2026-05-16T16:01:46.491467,GET,/api/mixed/http/,107.75,55353,0,
2026-05-16T16:01:46.502865,GET,/api/mixed/pipeline/1/,3.29,82,0,
2026-05-16T16:01:46.503636,GET,/api/mixed/db/1/,5.22,247,0,
2026-05-16T16:01:46.504034,GET,/api/mixed/db/1/,6.17,247,0,
2026-05-16T16:01:46.519158,GET,/api/mixed/pipeline/1/,3.74,82,0,
2026-05-16T16:01:46.524039,GET,/api/mixed/db/1/,4.73,247,0,
2026-05-16T16:01:46.565395,GET,/api/mixed/http/,109.5,55353,0,
2026-05-16T16:01:46.565862,GET,/api/mixed/http/,109.4,55353,0,
2026-05-16T16:01:46.580136,GET,/api/mixed/pipeline/1/,4.99,82,0,
2026-05-16T16:01:46.629778,GET,/api/mixed/http/,107.83,55353,0,
2026-05-16T16:01:46.630204,GET,/api/mixed/pipeline/1/,2.93,82,0,
2026-05-16T16:01:46.647027,GET,/api/mixed/db/1/,4.09,247,0,
2026-05-16T16:01:46.665050,GET,/api/mixed/http/,109.74,55353,0,
2026-05-16T16:01:46.667017,GET,/api/mixed/http/,108.4,55353,0,
2026-05-16T16:01:46.667962,GET,/api/mixed/db/1/,5.89,247,0,
2026-05-16T16:01:46.671583,GET,/api/mixed/pipeline/1/,3.46,82,0,
2026-05-16T16:01:46.685533,GET,/api/mixed/http/,109.77,55353,0,
2026-05-16T16:01:46.686493,GET,/api/mixed/pipeline/1/,3.48,82,0,
2026-05-16T16:01:46.688904,GET,/api/mixed/db/1/,4.86,247,0,
2026-05-16T16:01:46.714470,GET,/api/mixed/db/1/,4.18,247,0,
2026-05-16T16:01:46.727563,GET,/api/mixed/http/,108.89,55353,0,
2026-05-16T16:01:46.737142,GET,/api/mixed/db/1/,4.27,247,0,
2026-05-16T16:01:46.738181,GET,/api/mixed/pipeline/1/,2.87,82,0,
2026-05-16T16:01:46.741770,GET,/api/mixed/http/,108.27,55353,0,
2026-05-16T16:01:46.756441,GET,/api/mixed/pipeline/1/,4.43,82,0,
2026-05-16T16:01:46.758244,GET,/api/mixed/http/,108.89,55353,0,
2026-05-16T16:01:46.764695,GET,/api/mixed/pipeline/1/,3.35,82,0,
2026-05-16T16:01:46.766033,GET,/api/mixed/db/1/,5.11,247,0,
2026-05-16T16:01:46.767419,GET,/api/mixed/db/1/,5.19,247,0,
2026-05-16T16:01:46.770969,GET,/api/mixed/http/,110.12,55353,0,
2026-05-16T16:01:46.772117,GET,/api/mixed/db/1/,5.97,247,0,
2026-05-16T16:01:46.805296,GET,/api/mixed/pipeline/1/,3.82,82,0,
2026-05-16T16:01:46.816621,GET,/api/mixed/db/1/,5.1,247,0,
2026-05-16T16:01:46.819118,GET,/api/mixed/pipeline/1/,3.42,82,0,
2026-05-16T16:01:46.835347,GET,/api/mixed/http/,108.85,55353,0,
2026-05-16T16:01:46.866103,GET,/api/mixed/http/,107.74,55353,0,
2026-05-16T16:01:46.867926,GET,/api/mixed/pipeline/1/,4.23,82,0,
2026-05-16T16:01:46.875381,GET,/api/mixed/http/,108.73,55353,0,
2026-05-16T16:01:46.887126,GET,/api/mixed/pipeline/1/,4.45,82,0,
2026-05-16T16:01:46.939493,GET,/api/mixed/db/1/,4.14,247,0,
2026-05-16T16:01:46.954749,GET,/api/mixed/db/1/,3.81,247,0,
2026-05-16T16:01:46.956884,GET,/api/mixed/http/,108.15,55353,0,
2026-05-16T16:01:46.959189,GET,/api/mixed/pipeline/1/,3.18,82,0,
2026-05-16T16:01:46.989281,GET,/api/mixed/db/1/,4.76,247,0,
2026-05-16T16:01:46.989705,GET,/api/mixed/db/1/,4.66,247,0,
2026-05-16T16:01:46.997133,GET,/api/mixed/http/,108.63,55353,0,
2026-05-16T16:01:47.002415,GET,/api/mixed/http/,109.39,55353,0,
2026-05-16T16:01:47.019158,GET,/api/mixed/http/,108.53,55353,0,
2026-05-16T16:01:47.032600,GET,/api/mixed/pipeline/1/,4.96,82,0,
2026-05-16T16:01:47.033121,GET,/api/mixed/pipeline/1/,4.51,82,0,
2026-05-16T16:01:47.052110,GET,/api/mixed/db/1/,6.62,247,0,
2026-05-16T16:01:47.052592,GET,/api/mixed/pipeline/1/,5.67,82,0,
2026-05-16T16:01:47.058567,GET,/api/mixed/http/,108.83,55353,0,
2026-05-16T16:01:47.068365,GET,/api/mixed/db/1/,6.57,247,0,
2026-05-16T16:01:47.077617,GET,/api/mixed/http/,108.17,55353,0,
2026-05-16T16:01:47.088058,GET,/api/mixed/pipeline/1/,3.21,82,0,
2026-05-16T16:01:47.093265,GET,/api/mixed/pipeline/1/,2.83,82,0,
2026-05-16T16:01:47.099285,GET,/api/mixed/pipeline/1/,3.74,82,0,
2026-05-16T16:01:47.109538,GET,/api/mixed/http/,108.8,55353,0,
2026-05-16T16:01:47.110004,GET,/api/mixed/http/,108.64,55353,0,
2026-05-16T16:01:47.129292,GET,/api/mixed/http/,107.79,55353,0,
2026-05-16T16:01:47.133143,GET,/api/mixed/http/,107.99,55353,0,
2026-05-16T16:01:47.139445,GET,/api/mixed/db/1/,6.07,247,0,
2026-05-16T16:01:47.141831,GET,/api/mixed/pipeline/1/,3.3,82,0,
2026-05-16T16:01:47.162738,GET,/api/mixed/db/1/,4.95,247,0,
2026-05-16T16:01:47.169636,GET,/api/mixed/db/1/,5.23,247,0,
2026-05-16T16:01:47.171460,GET,/api/mixed/db/1/,3.91,247,0,
2026-05-16T16:01:47.179380,GET,/api/mixed/pipeline/1/,5.56,82,0,
2026-05-16T16:01:47.183421,GET,/api/mixed/db/1/,7.23,247,0,
2026-05-16T16:01:47.183836,GET,/api/mixed/db/1/,4.31,247,0,
2026-05-16T16:01:47.188957,GET,/api/mixed/pipeline/1/,2.78,82,0,
2026-05-16T16:01:47.196445,GET,/api/mixed/pipeline/1/,4.14,82,0,
2026-05-16T16:01:47.198678,GET,/api/mixed/db/1/,4.73,247,0,
2026-05-16T16:01:47.200493,GET,/api/mixed/db/1/,3.92,247,0,
2026-05-16T16:01:47.208661,GET,/api/mixed/pipeline/1/,3.51,82,0,
2026-05-16T16:01:47.209527,GET,/api/mixed/pipeline/1/,3.95,82,0,
2026-05-16T16:01:47.220714,GET,/api/mixed/db/1/,3.85,247,0,
2026-05-16T16:01:47.226541,GET,/api/mixed/pipeline/1/,3.54,82,0,
2026-05-16T16:01:47.243543,GET,/api/mixed/http/,111.25,55353,0,
2026-05-16T16:01:47.244232,GET,/api/mixed/http/,109.39,55353,0,
2026-05-16T16:01:47.249758,GET,/api/mixed/db/1/,4.1,247,0,
2026-05-16T16:01:47.253006,GET,/api/mixed/http/,107.84,55353,0,
2026-05-16T16:01:47.261070,GET,/api/mixed/db/1/,4.26,247,0,
2026-05-16T16:01:47.261476,GET,/api/mixed/db/1/,5.14,247,0,
2026-05-16T16:01:47.273839,GET,/api/mixed/http/,107.77,55353,0,
2026-05-16T16:01:47.288025,GET,/api/mixed/http/,108.05,55353,0,
2026-05-16T16:01:47.315438,GET,/api/mixed/db/1/,4.15,247,0,
2026-05-16T16:01:47.333631,GET,/api/mixed/pipeline/1/,2.92,82,0,
2026-05-16T16:01:47.368365,GET,/api/mixed/db/1/,4.71,247,0,
2026-05-16T16:01:47.369341,GET,/api/mixed/http/,107.78,55353,0,
2026-05-16T16:01:47.370222,GET,/api/mixed/pipeline/1/,2.93,82,0,
2026-05-16T16:01:47.375604,GET,/api/mixed/db/1/,6.15,247,0,
2026-05-16T16:01:47.378666,GET,/api/mixed/http/,110.52,55353,0,
2026-05-16T16:01:47.386199,GET,/api/mixed/http/,108.0,55353,0,
2026-05-16T16:01:47.393969,GET,/api/mixed/pipeline/1/,3.29,82,0,
2026-05-16T16:01:47.396295,GET,/api/mixed/http/,108.14,55353,0,
2026-05-16T16:01:47.403340,GET,/api/mixed/http/,108.54,55353,0,
2026-05-16T16:01:47.407428,GET,/api/mixed/http/,107.72,55353,0,
2026-05-16T16:01:47.413507,GET,/api/mixed/db/1/,3.74,247,0,
2026-05-16T16:01:47.455545,GET,/api/mixed/db/1/,4.79,247,0,
2026-05-16T16:01:47.459853,GET,/api/mixed/http/,107.84,55353,0,
2026-05-16T16:01:47.465574,GET,/api/mixed/pipeline/1/,3.4,82,0,
2026-05-16T16:01:47.509987,GET,/api/mixed/pipeline/1/,3.19,82,0,
2026-05-16T16:01:47.511167,GET,/api/mixed/db/1/,5.29,247,0,
2026-05-16T16:01:47.513126,GET,/api/mixed/pipeline/1/,3.0,82,0,
2026-05-16T16:01:47.518082,GET,/api/mixed/pipeline/1/,2.56,82,0,
2026-05-16T16:01:47.525359,GET,/api/mixed/pipeline/1/,4.91,82,0,
2026-05-16T16:01:47.563741,GET,/api/mixed/pipeline/1/,3.12,82,0,
2026-05-16T16:01:47.573329,GET,/api/mixed/http/,108.57,55353,0,
2026-05-16T16:01:47.629411,GET,/api/mixed/db/1/,4.24,247,0,
2026-05-16T16:01:47.631394,GET,/api/mixed/http/,109.5,55353,0,
2026-05-16T16:01:47.651756,GET,/api/mixed/pipeline/1/,3.88,82,0,
2026-05-16T16:01:47.652277,GET,/api/mixed/http/,108.61,55353,0,
2026-05-16T16:01:47.660945,GET,/api/mixed/http/,108.57,55353,0,
2026-05-16T16:01:47.677922,GET,/api/mixed/http/,107.91,55353,0,
2026-05-16T16:01:47.684213,GET,/api/mixed/db/1/,6.16,247,0,
2026-05-16T16:01:47.698185,GET,/api/mixed/db/1/,4.53,247,0,
2026-05-16T16:01:47.709546,GET,/api/mixed/http/,108.94,55353,0,
2026-05-16T16:01:47.710035,GET,/api/mixed/http/,108.91,55353,0,
2026-05-16T16:01:47.722565,GET,/api/mixed/pipeline/1/,3.13,82,0,
2026-05-16T16:01:47.731156,GET,/api/mixed/db/1/,5.28,247,0,
2026-05-16T16:01:47.734663,GET,/api/mixed/db/1/,4.87,247,0,
2026-05-16T16:01:47.746185,GET,/api/mixed/pipeline/1/,3.07,82,0,
2026-05-16T16:01:47.746824,GET,/api/mixed/http/,108.19,55353,0,
2026-05-16T16:01:47.747396,GET,/api/mixed/pipeline/1/,4.81,82,0,
2026-05-16T16:01:47.753649,GET,/api/mixed/http/,108.24,55353,0,
2026-05-16T16:01:47.765834,GET,/api/mixed/pipeline/1/,3.81,82,0,
2026-05-16T16:01:47.769760,GET,/api/mixed/pipeline/1/,2.8,82,0,
2026-05-16T16:01:47.770731,GET,/api/mixed/db/1/,4.78,247,0,
2026-05-16T16:01:47.773863,GET,/api/mixed/db/1/,3.97,247,0,
2026-05-16T16:01:47.779475,GET,/api/mixed/db/1/,5.5,247,0,
2026-05-16T16:01:47.780081,GET,/api/mixed/db/1/,4.6,247,0,
2026-05-16T16:01:47.789476,GET,/api/mixed/db/1/,4.1,247,0,
2026-05-16T16:01:47.806258,GET,/api/mixed/pipeline/1/,2.78,82,0,
2026-05-16T16:01:47.820824,GET,/api/mixed/db/1/,5.11,247,0,
2026-05-16T16:01:47.826276,GET,/api/mixed/pipeline/1/,4.17,82,0,
2026-05-16T16:01:47.827039,GET,/api/mixed/db/1/,4.43,247,0,
2026-05-16T16:01:47.834791,GET,/api/mixed/http/,107.98,55353,0,
2026-05-16T16:01:47.836161,GET,/api/mixed/db/1/,4.18,247,0,
2026-05-16T16:01:47.841515,GET,/api/mixed/http/,107.74,55353,0,
2026-05-16T16:01:47.872396,GET,/api/mixed/db/1/,5.21,247,0,
2026-05-16T16:01:47.883600,GET,/api/mixed/http/,109.18,55353,0,
2026-05-16T16:01:47.901422,GET,/api/mixed/http/,108.6,55353,0,
2026-05-16T16:01:47.901895,GET,/api/mixed/http/,108.61,55353,0,
2026-05-16T16:01:47.910664,GET,/api/mixed/http/,108.6,55353,0,
2026-05-16T16:01:47.932181,GET,/api/mixed/http/,108.3,55353,0,
2026-05-16T16:01:47.935368,GET,/api/mixed/http/,108.23,55353,0,
2026-05-16T16:01:47.940538,GET,/api/mixed/db/1/,3.78,247,0,
2026-05-16T16:01:47.963010,GET,/api/mixed/pipeline/1/,4.11,82,0,
2026-05-16T16:01:47.967074,GET,/api/mixed/pipeline/1/,2.71,82,0,
2026-05-16T16:01:47.971288,GET,/api/mixed/http/,108.52,55353,0,
2026-05-16T16:01:47.990157,GET,/api/mixed/pipeline/1/,3.68,82,0,
2026-05-16T16:01:47.990610,GET,/api/mixed/db/1/,5.07,247,0,
2026-05-16T16:01:48.006305,GET,/api/mixed/pipeline/1/,2.78,82,0,
2026-05-16T16:01:48.016013,GET,/api/mixed/db/1/,5.64,247,0,
2026-05-16T16:01:48.016457,GET,/api/mixed/db/1/,5.44,247,0,
2026-05-16T16:01:48.018465,GET,/api/mixed/http/,109.4,55353,0,
2026-05-16T16:01:48.027280,GET,/api/mixed/http/,108.89,55353,0,
2026-05-16T16:01:48.095550,GET,/api/mixed/http/,109.46,55353,0,
2026-05-16T16:01:48.107695,GET,/api/mixed/http/,108.84,55353,0,
2026-05-16T16:01:48.116735,GET,/api/mixed/http/,109.09,55353,0,
2026-05-16T16:01:48.137539,GET,/api/mixed/http/,107.77,55353,0,
2026-05-16T16:01:48.149727,GET,/api/mixed/db/1/,4.16,247,0,
2026-05-16T16:01:48.165694,GET,/api/mixed/pipeline/1/,4.15,82,0,
2026-05-16T16:01:48.166134,GET,/api/mixed/db/1/,4.12,247,0,
2026-05-16T16:01:48.185498,GET,/api/mixed/http/,108.01,55353,0,
2026-05-16T16:01:48.192943,GET,/api/mixed/db/1/,3.86,247,0,
2026-05-16T16:01:48.209900,GET,/api/mixed/db/1/,5.65,247,0,
2026-05-16T16:01:48.211605,GET,/api/mixed/http/,109.86,55353,0,
2026-05-16T16:01:48.214144,GET,/api/mixed/pipeline/1/,4.08,82,0,
2026-05-16T16:01:48.239310,GET,/api/mixed/http/,110.29,55353,0,
2026-05-16T16:01:48.250123,GET,/api/mixed/http/,109.11,55353,0,
2026-05-16T16:01:48.257819,GET,/api/mixed/pipeline/1/,3.41,82,0,
2026-05-16T16:01:48.262186,GET,/api/mixed/pipeline/1/,4.24,82,0,
2026-05-16T16:01:48.265134,GET,/api/mixed/pipeline/1/,4.6,82,0,
2026-05-16T16:01:48.267379,GET,/api/mixed/db/1/,6.19,247,0,
2026-05-16T16:01:48.272763,GET,/api/mixed/http/,111.78,55353,0,
2026-05-16T16:01:48.283010,GET,/api/mixed/pipeline/1/,5.88,82,0,
2026-05-16T16:01:48.283600,GET,/api/mixed/http/,112.24,55353,0,
2026-05-16T16:01:48.291270,GET,/api/mixed/http/,114.56,55353,0,
2026-05-16T16:01:48.294728,GET,/api/mixed/pipeline/1/,5.84,82,0,
2026-05-16T16:01:48.299556,GET,/api/mixed/http/,111.76,55353,0,
2026-05-16T16:01:48.313200,GET,/api/mixed/db/1/,4.24,247,0,
2026-05-16T16:01:48.316670,GET,/api/mixed/http/,109.04,55353,0,
2026-05-16T16:01:48.355025,GET,/api/mixed/pipeline/1/,6.68,82,0,
2026-05-16T16:01:48.360774,GET,/api/mixed/db/1/,8.38,247,0,
2026-05-16T16:01:48.361521,GET,/api/mixed/pipeline/1/,5.71,82,0,
2026-05-16T16:01:48.362102,GET,/api/mixed/pipeline/1/,6.88,82,0,
2026-05-16T16:01:48.362868,GET,/api/mixed/db/1/,4.76,247,0,
2026-05-16T16:01:48.379466,GET,/api/mixed/db/1/,4.32,247,0,
2026-05-16T16:01:48.392060,GET,/api/mixed/pipeline/1/,3.12,82,0,
2026-05-16T16:01:48.403848,GET,/api/mixed/http/,110.55,55353,0,
2026-05-16T16:01:48.405980,GET,/api/mixed/db/1/,5.38,247,0,
2026-05-16T16:01:48.425340,GET,/api/mixed/pipeline/1/,3.35,82,0,
2026-05-16T16:01:48.433773,GET,/api/mixed/db/1/,5.93,247,0,
2026-05-16T16:01:48.447087,GET,/api/mixed/pipeline/1/,4.28,82,0,
2026-05-16T16:01:48.450643,GET,/api/mixed/db/1/,6.71,247,0,
2026-05-16T16:01:48.452912,GET,/api/mixed/http/,113.74,55353,0,
2026-05-16T16:01:48.457114,GET,/api/mixed/pipeline/1/,3.78,82,0,
2026-05-16T16:01:48.475704,GET,/api/mixed/db/1/,4.2,247,0,
2026-05-16T16:01:48.484872,GET,/api/mixed/db/1/,6.8,247,0,
2026-05-16T16:01:48.527678,GET,/api/mixed/http/,110.17,55353,0,
2026-05-16T16:01:48.531239,GET,/api/mixed/db/1/,5.54,247,0,
2026-05-16T16:01:48.533868,GET,/api/mixed/pipeline/1/,4.88,82,0,
2026-05-16T16:01:48.545478,GET,/api/mixed/http/,109.43,55353,0,
2026-05-16T16:01:48.552209,GET,/api/mixed/pipeline/1/,3.26,82,0,
2026-05-16T16:01:48.552682,GET,/api/mixed/db/1/,5.34,247,0,
2026-05-16T16:01:48.553135,GET,/api/mixed/http/,109.67,55353,0,
2026-05-16T16:01:48.561832,GET,/api/mixed/http/,110.95,55353,0,
2026-05-16T16:01:48.571481,GET,/api/mixed/db/1/,4.21,247,0,
2026-05-16T16:01:48.603925,GET,/api/mixed/pipeline/1/,3.48,82,0,
2026-05-16T16:01:48.611305,GET,/api/mixed/pipeline/1/,3.18,82,0,
2026-05-16T16:01:48.629375,GET,/api/mixed/pipeline/1/,4.64,82,0,
2026-05-16T16:01:48.632865,GET,/api/mixed/pipeline/1/,3.35,82,0,
2026-05-16T16:01:48.650936,GET,/api/mixed/db/1/,5.69,247,0,
2026-05-16T16:01:48.655353,GET,/api/mixed/pipeline/1/,7.23,82,0,
2026-05-16T16:01:48.657474,GET,/api/mixed/pipeline/1/,4.58,82,0,
2026-05-16T16:01:48.673198,GET,/api/mixed/db/1/,4.32,247,0,
2026-05-16T16:01:48.683057,GET,/api/mixed/http/,109.26,55353,0,
2026-05-16T16:01:48.690303,GET,/api/mixed/db/1/,5.92,247,0,
2026-05-16T16:01:48.690950,GET,/api/mixed/db/1/,4.76,247,0,
2026-05-16T16:01:48.695744,GET,/api/mixed/http/,109.02,55353,0,
2026-05-16T16:01:48.696705,GET,/api/mixed/http/,109.57,55353,0,
2026-05-16T16:01:48.697408,GET,/api/mixed/pipeline/1/,5.23,82,0,
2026-05-16T16:01:48.698577,GET,/api/mixed/http/,112.99,55353,0,
2026-05-16T16:01:48.699134,GET,/api/mixed/http/,109.21,55353,0,
2026-05-16T16:01:48.713709,GET,/api/mixed/pipeline/1/,4.34,82,0,
2026-05-16T16:01:48.760994,GET,/api/mixed/db/1/,6.26,247,0,
2026-05-16T16:01:48.785441,GET,/api/mixed/db/1/,4.15,247,0,
2026-05-16T16:01:48.794213,GET,/api/mixed/db/1/,5.43,247,0,
2026-05-16T16:01:48.834046,GET,/api/mixed/pipeline/1/,9.45,82,0,
2026-05-16T16:01:48.834938,GET,/api/mixed/pipeline/1/,8.8,82,0,
2026-05-16T16:01:48.848863,GET,/api/mixed/pipeline/1/,7.25,82,0,
2026-05-16T16:01:48.862078,GET,/api/mixed/pipeline/1/,9.17,82,0,
2026-05-16T16:01:48.863301,GET,/api/mixed/db/1/,11.11,247,0,
2026-05-16T16:01:48.869219,GET,/api/mixed/http/,115.13,55353,0,
2026-05-16T16:01:48.880321,GET,/api/mixed/db/1/,10.91,247,0,
2026-05-16T16:01:48.885254,GET,/api/mixed/pipeline/1/,4.75,82,0,
2026-05-16T16:01:48.898693,GET,/api/mixed/db/1/,7.94,247,0,
2026-05-16T16:01:48.903809,GET,/api/mixed/db/1/,8.14,247,0,
2026-05-16T16:01:48.956957,GET,/api/mixed/db/1/,9.6,247,0,
2026-05-16T16:01:48.975899,GET,/api/mixed/http/,121.54,55353,0,
2026-05-16T16:01:48.978802,GET,/api/mixed/pipeline/1/,4.6,82,0,
2026-05-16T16:01:48.979933,GET,/api/mixed/db/1/,7.76,247,0,
2026-05-16T16:01:48.990539,GET,/api/mixed/http/,113.26,55353,0,
2026-05-16T16:01:49.029062,GET,/api/mixed/http/,110.87,55353,0,
2026-05-16T16:01:49.035784,GET,/api/mixed/db/1/,4.99,247,0,
2026-05-16T16:01:49.043624,GET,/api/mixed/db/1/,7.08,247,0,
2026-05-16T16:01:49.071237,GET,/api/mixed/http/,114.08,55353,0,
2026-05-16T16:01:49.075158,GET,/api/mixed/http/,114.75,55353,0,
2026-05-16T16:01:49.077148,GET,/api/mixed/pipeline/1/,5.69,82,0,
2026-05-16T16:01:49.078241,GET,/api/mixed/http/,112.85,55353,0,
2026-05-16T16:01:49.079869,GET,/api/mixed/http/,112.93,55353,0,
2026-05-16T16:01:49.081153,GET,/api/mixed/http/,113.42,55353,0,
2026-05-16T16:01:49.086733,GET,/api/mixed/http/,110.02,55353,0,
2026-05-16T16:01:49.089292,GET,/api/mixed/pipeline/1/,6.93,82,0,
2026-05-16T16:01:49.092775,GET,/api/mixed/db/1/,4.91,247,0,
2026-05-16T16:01:49.110183,GET,/api/mixed/http/,110.29,55353,0,
2026-05-16T16:01:49.124186,GET,/api/mixed/http/,109.49,55353,0,
2026-05-16T16:01:49.137128,GET,/api/mixed/http/,109.46,55353,0,
2026-05-16T16:01:49.143398,GET,/api/mixed/pipeline/1/,2.89,82,0,
2026-05-16T16:01:49.165657,GET,/api/mixed/http/,109.59,55353,0,
2026-05-16T16:01:49.167428,GET,/api/mixed/db/1/,6.3,247,0,
2026-05-16T16:01:49.177354,GET,/api/mixed/pipeline/1/,2.86,82,0,
2026-05-16T16:01:49.190744,GET,/api/mixed/db/1/,5.11,247,0,
2026-05-16T16:01:49.196060,GET,/api/mixed/http/,108.94,55353,0,
2026-05-16T16:01:49.219556,GET,/api/mixed/http/,110.38,55353,0,
2026-05-16T16:01:49.224330,GET,/api/mixed/db/1/,4.62,247,0,
2026-05-16T16:01:49.236476,GET,/api/mixed/http/,108.93,55353,0,
2026-05-16T16:01:49.254300,GET,/api/mixed/pipeline/1/,3.47,82,0,
2026-05-16T16:01:49.258705,GET,/api/mixed/http/,110.05,55353,0,
2026-05-16T16:01:49.259141,GET,/api/mixed/db/1/,3.62,247,0,
2026-05-16T16:01:49.266399,GET,/api/mixed/http/,108.98,55353,0,
2026-05-16T16:01:49.270939,GET,/api/mixed/http/,109.32,55353,0,
2026-05-16T16:01:49.275802,GET,/api/mixed/http/,108.2,55353,0,
2026-05-16T16:01:49.286192,GET,/api/mixed/pipeline/1/,3.13,82,0,
2026-05-16T16:01:49.287997,GET,/api/mixed/db/1/,5.85,247,0,
2026-05-16T16:01:49.309515,GET,/api/mixed/http/,109.18,55353,0,
2026-05-16T16:01:49.324754,GET,/api/mixed/pipeline/1/,3.84,82,0,
2026-05-16T16:01:49.330401,GET,/api/mixed/pipeline/1/,4.28,82,0,
2026-05-16T16:01:49.342077,GET,/api/mixed/db/1/,4.11,247,0,
2026-05-16T16:01:49.373110,GET,/api/mixed/pipeline/1/,3.11,82,0,
2026-05-16T16:01:49.383413,GET,/api/mixed/http/,110.29,55353,0,
2026-05-16T16:01:49.399613,GET,/api/mixed/db/1/,6.82,247,0,
2026-05-16T16:01:49.411449,GET,/api/mixed/http/,110.06,55353,0,
2026-05-16T16:01:49.414483,GET,/api/mixed/pipeline/1/,8.51,82,0,
2026-05-16T16:01:49.415459,GET,/api/mixed/pipeline/1/,8.39,82,0,
2026-05-16T16:01:49.417587,GET,/api/mixed/db/1/,9.55,247,0,
2026-05-16T16:01:49.434586,GET,/api/mixed/db/1/,8.77,247,0,
2026-05-16T16:01:49.436742,GET,/api/mixed/db/1/,5.87,247,0,
2026-05-16T16:01:49.442443,GET,/api/mixed/db/1/,4.46,247,0,
2026-05-16T16:01:49.469808,GET,/api/mixed/pipeline/1/,4.98,82,0,
2026-05-16T16:01:49.470237,GET,/api/mixed/pipeline/1/,4.57,82,0,
2026-05-16T16:01:49.472163,GET,/api/mixed/http/,108.7,55353,0,
2026-05-16T16:01:49.480559,GET,/api/mixed/http/,111.08,55353,0,
2026-05-16T16:01:49.486660,GET,/api/mixed/db/1/,5.79,247,0,
2026-05-16T16:01:49.499924,GET,/api/mixed/pipeline/1/,4.55,82,0,
2026-05-16T16:01:49.515210,GET,/api/mixed/pipeline/1/,6.46,82,0,
2026-05-16T16:01:49.517378,GET,/api/mixed/pipeline/1/,4.12,82,0,
2026-05-16T16:01:49.549157,GET,/api/mixed/db/1/,9.3,247,0,
2026-05-16T16:01:49.549577,GET,/api/mixed/db/1/,5.1,247,0,
2026-05-16T16:01:49.554818,GET,/api/mixed/pipeline/1/,2.91,82,0,
2026-05-16T16:01:49.569211,GET,/api/mixed/http/,108.44,55353,0,
2026-05-16T16:01:49.583804,GET,/api/mixed/pipeline/1/,3.19,82,0,
2026-05-16T16:01:49.597939,GET,/api/mixed/http/,112.84,55353,0,
2026-05-16T16:01:49.600220,GET,/api/mixed/pipeline/1/,3.45,82,0,
2026-05-16T16:01:49.606625,GET,/api/mixed/http/,108.93,55353,0,
2026-05-16T16:01:49.608949,GET,/api/mixed/http/,110.28,55353,0,
2026-05-16T16:01:49.613841,GET,/api/mixed/db/1/,4.74,247,0,
2026-05-16T16:01:49.616555,GET,/api/mixed/db/1/,4.18,247,0,
2026-05-16T16:01:49.640656,GET,/api/mixed/db/1/,5.02,247,0,
2026-05-16T16:01:49.651156,GET,/api/mixed/http/,112.52,55353,0,
2026-05-16T16:01:49.652602,GET,/api/mixed/http/,113.41,55353,0,
2026-05-16T16:01:49.654709,GET,/api/mixed/db/1/,4.75,247,0,
2026-05-16T16:01:49.685972,GET,/api/mixed/pipeline/1/,4.17,82,0,
2026-05-16T16:01:49.724698,GET,/api/mixed/pipeline/1/,3.89,82,0,
2026-05-16T16:01:49.742093,GET,/api/mixed/http/,109.16,55353,0,
2026-05-16T16:01:49.757929,GET,/api/mixed/db/1/,5.63,247,0,
2026-05-16T16:01:49.760932,GET,/api/mixed/db/1/,4.04,247,0,
2026-05-16T16:01:49.776593,GET,/api/mixed/http/,108.46,55353,0,
2026-05-16T16:01:49.805211,GET,/api/mixed/http/,109.03,55353,0,
2026-05-16T16:01:49.811312,GET,/api/mixed/db/1/,3.82,247,0,
2026-05-16T16:01:49.811780,GET,/api/mixed/http/,109.06,55353,0,
2026-05-16T16:01:49.820547,GET,/api/mixed/pipeline/1/,4.44,82,0,
2026-05-16T16:01:49.821697,GET,/api/mixed/db/1/,3.84,247,0,
2026-05-16T16:01:49.825156,GET,/api/mixed/http/,108.45,55353,0,
2026-05-16T16:01:49.834311,GET,/api/mixed/db/1/,4.94,247,0,
2026-05-16T16:01:49.835695,GET,/api/mixed/db/1/,6.72,247,0,
2026-05-16T16:01:49.836417,GET,/api/mixed/db/1/,7.92,247,0,
2026-05-16T16:01:49.840229,GET,/api/mixed/pipeline/1/,7.0,82,0,
2026-05-16T16:01:49.840852,GET,/api/mixed/db/1/,6.38,247,0,
2026-05-16T16:01:49.856013,GET,/api/mixed/db/1/,3.93,247,0,
2026-05-16T16:01:49.866311,GET,/api/mixed/pipeline/1/,2.97,82,0,
2026-05-16T16:01:49.871185,GET,/api/mixed/pipeline/1/,3.55,82,0,
2026-05-16T16:01:49.878631,GET,/api/mixed/pipeline/1/,2.78,82,0,
2026-05-16T16:01:49.879061,GET,/api/mixed/db/1/,4.48,247,0,
2026-05-16T16:01:49.888336,GET,/api/mixed/db/1/,3.93,247,0,
2026-05-16T16:01:49.906005,GET,/api/mixed/pipeline/1/,3.23,82,0,
2026-05-16T16:01:49.931818,GET,/api/mixed/pipeline/1/,3.41,82,0,
2026-05-16T16:01:49.951368,GET,/api/mixed/pipeline/1/,5.21,82,0,
2026-05-16T16:01:49.951826,GET,/api/mixed/pipeline/1/,4.41,82,0,
2026-05-16T16:01:49.961465,GET,/api/mixed/http/,110.0,55353,0,
2026-05-16T16:01:49.964782,GET,/api/mixed/pipeline/1/,3.15,82,0,
2026-05-16T16:01:49.965568,GET,/api/mixed/db/1/,5.17,247,0,
2026-05-16T16:01:50.000537,GET,/api/mixed/db/1/,5.39,247,0,
2026-05-16T16:01:50.014434,GET,/api/mixed/db/1/,5.31,247,0,
2026-05-16T16:01:50.055886,GET,/api/mixed/pipeline/1/,3.15,82,0,
2026-05-16T16:01:50.076002,GET,/api/mixed/db/1/,4.7,247,0,
2026-05-16T16:01:50.076417,GET,/api/mixed/db/1/,3.94,247,0,
2026-05-16T16:01:50.089614,GET,/api/mixed/http/,108.77,55353,0,
2026-05-16T16:01:50.108108,GET,/api/mixed/http/,109.21,55353,0,
2026-05-16T16:01:50.116364,GET,/api/mixed/db/1/,6.85,247,0,
2026-05-16T16:01:50.123371,GET,/api/mixed/pipeline/1/,2.79,82,0,
2026-05-16T16:01:50.134871,GET,/api/mixed/pipeline/1/,2.88,82,0,
2026-05-16T16:01:50.140566,GET,/api/mixed/pipeline/1/,3.94,82,0,
2026-05-16T16:01:50.141213,GET,/api/mixed/db/1/,5.02,247,0,
2026-05-16T16:01:50.144663,GET,/api/mixed/pipeline/1/,3.35,82,0,
2026-05-16T16:01:50.145557,GET,/api/mixed/http/,108.64,55353,0,
2026-05-16T16:01:50.168778,GET,/api/mixed/db/1/,4.8,247,0,
2026-05-16T16:01:50.169180,GET,/api/mixed/db/1/,4.62,247,0,
2026-05-16T16:01:50.178170,GET,/api/mixed/pipeline/1/,4.68,82,0,
2026-05-16T16:01:50.206657,GET,/api/mixed/db/1/,4.19,247,0,
2026-05-16T16:01:50.220335,GET,/api/mixed/http/,110.31,55353,0,
2026-05-16T16:01:50.236613,GET,/api/mixed/db/1/,5.88,247,0,
2026-05-16T16:01:50.237661,GET,/api/mixed/http/,112.09,55353,0,
2026-05-16T16:01:50.270661,GET,/api/mixed/db/1/,5.76,247,0,
2026-05-16T16:01:50.280210,GET,/api/mixed/db/1/,6.17,247,0,
2026-05-16T16:01:50.288249,GET,/api/mixed/pipeline/1/,3.11,82,0,
2026-05-16T16:01:50.289413,GET,/api/mixed/pipeline/1/,4.74,82,0,
2026-05-16T16:01:50.302328,GET,/api/mixed/pipeline/1/,3.19,82,0,
2026-05-16T16:01:50.321584,GET,/api/mixed/http/,108.54,55353,0,
2026-05-16T16:01:50.332235,GET,/api/mixed/pipeline/1/,2.98,82,0,
2026-05-16T16:01:50.347573,GET,/api/mixed/http/,109.76,55353,0,
2026-05-16T16:01:50.350442,GET,/api/mixed/db/1/,4.0,247,0,
2026-05-16T16:01:50.351206,GET,/api/mixed/pipeline/1/,3.17,82,0,
2026-05-16T16:01:50.351614,GET,/api/mixed/pipeline/1/,3.15,82,0,
2026-05-16T16:01:50.364918,GET,/api/mixed/pipeline/1/,3.03,82,0,
2026-05-16T16:01:50.401410,GET,/api/mixed/http/,109.38,55353,0,
2026-05-16T16:01:50.401870,GET,/api/mixed/pipeline/1/,2.96,82,0,
2026-05-16T16:01:50.406205,GET,/api/mixed/db/1/,7.83,247,0,
2026-05-16T16:01:50.432068,GET,/api/mixed/http/,110.33,55353,0,
2026-05-16T16:01:50.434371,GET,/api/mixed/pipeline/1/,3.25,82,0,
2026-05-16T16:01:50.468491,GET,/api/mixed/db/1/,4.84,247,0,
2026-05-16T16:01:50.469114,GET,/api/mixed/db/1/,4.26,247,0,
2026-05-16T16:01:50.471488,GET,/api/mixed/pipeline/1/,4.23,82,0,
2026-05-16T16:01:50.478606,GET,/api/mixed/http/,109.33,55353,0,
2026-05-16T16:01:50.493990,GET,/api/mixed/pipeline/1/,3.13,82,0,
2026-05-16T16:01:50.497150,GET,/api/mixed/http/,109.38,55353,0,
2026-05-16T16:01:50.514308,GET,/api/mixed/http/,107.98,55353,0,
2026-05-16T16:01:50.534866,GET,/api/mixed/http/,109.67,55353,0,
2026-05-16T16:01:50.603886,GET,/api/mixed/db/1/,4.56,247,0,
2026-05-16T16:01:50.637893,GET,/api/mixed/db/1/,6.56,247,0,
2026-05-16T16:01:50.648883,GET,/api/mixed/http/,109.66,55353,0,
2026-05-16T16:01:50.655631,GET,/api/mixed/db/1/,5.26,247,0,
2026-05-16T16:01:50.677493,GET,/api/mixed/db/1/,9.57,247,0,
2026-05-16T16:01:50.683693,GET,/api/mixed/http/,117.84,55353,0,
2026-05-16T16:01:50.685302,GET,/api/mixed/pipeline/1/,12.51,82,0,
2026-05-16T16:01:50.687590,GET,/api/mixed/db/1/,12.06,247,0,
2026-05-16T16:01:50.708469,GET,/api/mixed/pipeline/1/,3.76,82,0,
2026-05-16T16:01:50.714999,GET,/api/mixed/db/1/,5.88,247,0,
2026-05-16T16:01:50.723498,GET,/api/mixed/db/1/,8.34,247,0,
2026-05-16T16:01:50.730148,GET,/api/mixed/pipeline/1/,3.39,82,0,
2026-05-16T16:01:50.736849,GET,/api/mixed/http/,111.34,55353,0,
2026-05-16T16:01:50.754986,GET,/api/mixed/db/1/,4.34,247,0,
2026-05-16T16:01:50.756282,GET,/api/mixed/db/1/,7.64,247,0,
2026-05-16T16:01:50.759365,GET,/api/mixed/http/,108.32,55353,0,
2026-05-16T16:01:50.759845,GET,/api/mixed/db/1/,4.51,247,0,
2026-05-16T16:01:50.772060,GET,/api/mixed/http/,113.15,55353,0,
2026-05-16T16:01:50.775454,GET,/api/mixed/pipeline/1/,3.23,82,0,
2026-05-16T16:01:50.778273,GET,/api/mixed/pipeline/1/,2.68,82,0,
2026-05-16T16:01:50.794079,GET,/api/mixed/db/1/,4.56,247,0,
2026-05-16T16:01:50.803923,GET,/api/mixed/http/,112.77,55353,0,
2026-05-16T16:01:50.806625,GET,/api/mixed/pipeline/1/,4.28,82,0,
2026-05-16T16:01:50.807193,GET,/api/mixed/pipeline/1/,3.02,82,0,
2026-05-16T16:01:50.807913,GET,/api/mixed/db/1/,4.94,247,0,
2026-05-16T16:01:50.818993,GET,/api/mixed/http/,110.38,55353,0,
2026-05-16T16:01:50.820370,GET,/api/mixed/http/,109.4,55353,0,
2026-05-16T16:01:50.863245,GET,/api/mixed/db/1/,6.56,247,0,
2026-05-16T16:01:50.867379,GET,/api/mixed/pipeline/1/,7.38,82,0,
2026-05-16T16:01:50.880802,GET,/api/mixed/http/,112.58,55353,0,
2026-05-16T16:01:50.881494,GET,/api/mixed/http/,111.66,55353,0,
2026-05-16T16:01:50.886241,GET,/api/mixed/pipeline/1/,3.47,82,0,
2026-05-16T16:01:50.888529,GET,/api/mixed/pipeline/1/,3.13,82,0,
2026-05-16T16:01:50.891333,GET,/api/mixed/http/,111.77,55353,0,
2026-05-16T16:01:50.901645,GET,/api/mixed/http/,111.58,55353,0,
2026-05-16T16:01:50.902111,GET,/api/mixed/http/,110.33,55353,0,
2026-05-16T16:01:50.925472,GET,/api/mixed/pipeline/1/,3.43,82,0,
2026-05-16T16:01:50.926244,GET,/api/mixed/pipeline/1/,4.77,82,0,
2026-05-16T16:01:50.941117,GET,/api/mixed/http/,108.26,55353,0,
2026-05-16T16:01:50.947402,GET,/api/mixed/http/,108.71,55353,0,
2026-05-16T16:01:50.960065,GET,/api/mixed/http/,109.8,55353,0,
2026-05-16T16:01:50.964968,GET,/api/mixed/http/,107.82,55353,0,
2026-05-16T16:01:50.969093,GET,/api/mixed/pipeline/1/,2.79,82,0,
2026-05-16T16:01:50.982562,GET,/api/mixed/db/1/,5.22,247,0,
2026-05-16T16:01:51.001591,GET,/api/mixed/db/1/,4.72,247,0,
2026-05-16T16:01:51.007676,GET,/api/mixed/http/,109.91,55353,0,
2026-05-16T16:01:51.013148,GET,/api/mixed/pipeline/1/,3.08,82,0,
2026-05-16T16:01:51.041836,GET,/api/mixed/http/,108.31,55353,0,
2026-05-16T16:01:51.058995,GET,/api/mixed/http/,110.22,55353,0,
2026-05-16T16:01:51.059598,GET,/api/mixed/http/,110.35,55353,0,
2026-05-16T16:01:51.074899,GET,/api/mixed/pipeline/1/,4.96,82,0,
2026-05-16T16:01:51.078392,GET,/api/mixed/db/1/,5.61,247,0,
2026-05-16T16:01:51.090764,GET,/api/mixed/pipeline/1/,3.48,82,0,
2026-05-16T16:01:51.098143,GET,/api/mixed/http/,109.23,55353,0,
2026-05-16T16:01:51.110632,GET,/api/mixed/db/1/,6.2,247,0,
2026-05-16T16:01:51.118757,GET,/api/mixed/db/1/,3.92,247,0,
2026-05-16T16:01:51.126369,GET,/api/mixed/pipeline/1/,5.38,82,0,
2026-05-16T16:01:51.128791,GET,/api/mixed/pipeline/1/,3.36,82,0,
2026-05-16T16:01:51.151754,GET,/api/mixed/db/1/,3.87,247,0,
2026-05-16T16:01:51.158098,GET,/api/mixed/pipeline/1/,2.94,82,0,
2026-05-16T16:01:51.165618,GET,/api/mixed/http/,110.44,55353,0,
2026-05-16T16:01:51.166212,GET,/api/mixed/db/1/,4.89,247,0,
2026-05-16T16:01:51.168875,GET,/api/mixed/pipeline/1/,4.36,82,0,
2026-05-16T16:01:51.170765,GET,/api/mixed/db/1/,4.4,247,0,
2026-05-16T16:01:51.180060,GET,/api/mixed/pipeline/1/,3.84,82,0,
2026-05-16T16:01:51.192147,GET,/api/mixed/http/,109.45,55353,0,
2026-05-16T16:01:51.204507,GET,/api/mixed/db/1/,4.43,247,0,
2026-05-16T16:01:51.212131,GET,/api/mixed/db/1/,5.42,247,0,
2026-05-16T16:01:51.212555,GET,/api/mixed/db/1/,3.85,247,0,
2026-05-16T16:01:51.225923,GET,/api/mixed/db/1/,4.02,247,0,
2026-05-16T16:01:51.235795,GET,/api/mixed/db/1/,4.14,247,0,
2026-05-16T16:01:51.241709,GET,/api/mixed/db/1/,5.78,247,0,
2026-05-16T16:01:51.246675,GET,/api/mixed/http/,108.66,55353,0,
2026-05-16T16:01:51.256614,GET,/api/mixed/http/,109.22,55353,0,
2026-05-16T16:01:51.272287,GET,/api/mixed/db/1/,5.4,247,0,
2026-05-16T16:01:51.285311,GET,/api/mixed/http/,108.53,55353,0,
2026-05-16T16:01:51.290821,GET,/api/mixed/pipeline/1/,3.27,82,0,
2026-05-16T16:01:51.310757,GET,/api/mixed/pipeline/1/,11.86,82,0,
2026-05-16T16:01:51.314232,GET,/api/mixed/pipeline/1/,6.05,82,0,
2026-05-16T16:01:51.314838,GET,/api/mixed/pipeline/1/,11.33,82,0,
2026-05-16T16:01:51.319870,GET,/api/mixed/db/1/,17.8,247,0,
2026-05-16T16:01:51.321491,GET,/api/mixed/http/,124.08,55353,0,
2026-05-16T16:01:51.322044,GET,/api/mixed/http/,114.85,55353,0,
2026-05-16T16:01:51.325625,GET,/api/mixed/pipeline/1/,3.47,82,0,
2026-05-16T16:01:51.330658,GET,/api/mixed/http/,111.89,55353,0,
2026-05-16T16:01:51.331284,GET,/api/mixed/pipeline/1/,5.5,82,0,
2026-05-16T16:01:51.332885,GET,/api/mixed/http/,112.85,55353,0,
2026-05-16T16:01:51.341257,GET,/api/mixed/http/,113.01,55353,0,
2026-05-16T16:01:51.379884,GET,/api/mixed/http/,108.53,55353,0,
2026-05-16T16:01:51.390613,GET,/api/mixed/db/1/,5.38,247,0,
2026-05-16T16:01:51.391590,GET,/api/mixed/db/1/,4.71,247,0,
2026-05-16T16:01:51.401835,GET,/api/mixed/http/,110.81,55353,0,
2026-05-16T16:01:51.402615,GET,/api/mixed/pipeline/1/,7.75,82,0,
2026-05-16T16:01:51.420281,GET,/api/mixed/http/,114.49,55353,0,
2026-05-16T16:01:51.422390,GET,/api/mixed/pipeline/1/,3.4,82,0,
2026-05-16T16:01:51.443026,GET,/api/mixed/db/1/,4.39,247,0,
2026-05-16T16:01:51.464656,GET,/api/mixed/pipeline/1/,5.21,82,0,
2026-05-16T16:01:51.470038,GET,/api/mixed/http/,108.4,55353,0,
2026-05-16T16:01:51.477130,GET,/api/mixed/pipeline/1/,3.81,82,0,
2026-05-16T16:01:51.509109,GET,/api/mixed/http/,112.74,55353,0,
2026-05-16T16:01:51.514141,GET,/api/mixed/http/,109.14,55353,0,
2026-05-16T16:01:51.514734,GET,/api/mixed/db/1/,5.09,247,0,
2026-05-16T16:01:51.531012,GET,/api/mixed/pipeline/1/,3.7,82,0,
2026-05-16T16:01:51.531667,GET,/api/mixed/pipeline/1/,4.88,82,0,
2026-05-16T16:01:51.537436,GET,/api/mixed/http/,109.66,55353,0,
2026-05-16T16:01:51.565441,GET,/api/mixed/pipeline/1/,2.84,82,0,
2026-05-16T16:01:51.580682,GET,/api/mixed/db/1/,8.01,247,0,
2026-05-16T16:01:51.593034,GET,/api/mixed/pipeline/1/,2.99,82,0,
2026-05-16T16:01:51.597524,GET,/api/mixed/http/,108.17,55353,0,
2026-05-16T16:01:51.598444,GET,/api/mixed/db/1/,4.15,247,0,
2026-05-16T16:01:51.616896,GET,/api/mixed/http/,109.23,55353,0,
2026-05-16T16:01:51.631599,GET,/api/mixed/http/,108.63,55353,0,
2026-05-16T16:01:51.632161,GET,/api/mixed/db/1/,4.87,247,0,
2026-05-16T16:01:51.637410,GET,/api/mixed/db/1/,4.6,247,0,
2026-05-16T16:01:51.648883,GET,/api/mixed/pipeline/1/,3.93,82,0,
2026-05-16T16:01:51.649720,GET,/api/mixed/db/1/,5.97,247,0,
2026-05-16T16:01:51.667927,GET,/api/mixed/http/,108.63,55353,0,
2026-05-16T16:01:51.668399,GET,/api/mixed/http/,109.64,55353,0,
2026-05-16T16:01:51.685738,GET,/api/mixed/pipeline/1/,2.98,82,0,
2026-05-16T16:01:51.715138,GET,/api/mixed/pipeline/1/,3.1,82,0,
2026-05-16T16:01:51.721153,GET,/api/mixed/db/1/,3.69,247,0,
2026-05-16T16:01:51.728196,GET,/api/mixed/db/1/,3.84,247,0,
2026-05-16T16:01:51.740302,GET,/api/mixed/http/,110.29,55353,0,
2026-05-16T16:01:51.746401,GET,/api/mixed/db/1/,3.82,247,0,
2026-05-16T16:01:51.761574,GET,/api/mixed/http/,108.58,55353,0,
2026-05-16T16:01:51.774395,GET,/api/mixed/http/,108.55,55353,0,
2026-05-16T16:01:51.797741,GET,/api/mixed/db/1/,4.08,247,0,
2026-05-16T16:01:51.815033,GET,/api/mixed/db/1/,4.02,247,0,
2026-05-16T16:01:51.835296,GET,/api/mixed/pipeline/1/,4.43,82,0,
2026-05-16T16:01:51.835754,GET,/api/mixed/db/1/,15.21,247,0,
2026-05-16T16:01:51.840913,GET,/api/mixed/pipeline/1/,3.32,82,0,
2026-05-16T16:01:51.841325,GET,/api/mixed/pipeline/1/,4.25,82,0,
2026-05-16T16:01:51.861650,GET,/api/mixed/http/,108.91,55353,0,
2026-05-16T16:01:51.875742,GET,/api/mixed/pipeline/1/,3.31,82,0,
2026-05-16T16:01:51.884133,GET,/api/mixed/pipeline/1/,4.13,82,0,
2026-05-16T16:01:51.890720,GET,/api/mixed/db/1/,4.4,247,0,
2026-05-16T16:01:51.898302,GET,/api/mixed/pipeline/1/,3.31,82,0,
2026-05-16T16:01:51.902531,GET,/api/mixed/db/1/,4.08,247,0,
2026-05-16T16:01:51.910086,GET,/api/mixed/pipeline/1/,3.24,82,0,
2026-05-16T16:01:51.939703,GET,/api/mixed/http/,110.21,55353,0,
2026-05-16T16:01:51.940819,GET,/api/mixed/http/,109.29,55353,0,
2026-05-16T16:01:51.974390,GET,/api/mixed/http/,113.87,55353,0,
2026-05-16T16:01:52.004525,GET,/api/mixed/pipeline/1/,3.89,82,0,
2026-05-16T16:01:52.027639,GET,/api/mixed/pipeline/1/,3.98,82,0,
2026-05-16T16:01:52.034651,GET,/api/mixed/pipeline/1/,3.74,82,0,
2026-05-16T16:01:52.041940,GET,/api/mixed/db/1/,4.46,247,0,
2026-05-16T16:01:52.061621,GET,/api/mixed/pipeline/1/,3.43,82,0,
2026-05-16T16:01:52.070275,GET,/api/mixed/pipeline/1/,6.32,82,0,
2026-05-16T16:01:52.071138,GET,/api/mixed/pipeline/1/,5.09,82,0,
2026-05-16T16:01:52.073511,GET,/api/mixed/db/1/,8.41,247,0,
2026-05-16T16:01:52.076815,GET,/api/mixed/http/,113.68,55353,0,
2026-05-16T16:01:52.078071,GET,/api/mixed/pipeline/1/,5.99,82,0,
2026-05-16T16:01:52.101754,GET,/api/mixed/db/1/,7.07,247,0,
2026-05-16T16:01:52.107144,GET,/api/mixed/http/,112.25,55353,0,
2026-05-16T16:01:52.113027,GET,/api/mixed/pipeline/1/,5.47,82,0,
2026-05-16T16:01:52.117280,GET,/api/mixed/http/,110.43,55353,0,
2026-05-16T16:01:52.123114,GET,/api/mixed/http/,109.33,55353,0,
2026-05-16T16:01:52.132387,GET,/api/mixed/db/1/,5.93,247,0,
2026-05-16T16:01:52.148675,GET,/api/mixed/pipeline/1/,4.96,82,0,
2026-05-16T16:01:52.149214,GET,/api/mixed/http/,113.25,55353,0,
2026-05-16T16:01:52.157048,GET,/api/mixed/db/1/,5.54,247,0,
2026-05-16T16:01:52.157569,GET,/api/mixed/db/1/,5.11,247,0,
2026-05-16T16:01:52.167112,GET,/api/mixed/db/1/,5.31,247,0,
2026-05-16T16:01:52.173247,GET,/api/mixed/pipeline/1/,4.33,82,0,
2026-05-16T16:01:52.176097,GET,/api/mixed/pipeline/1/,3.94,82,0,
2026-05-16T16:01:52.176597,GET,/api/mixed/http/,112.01,55353,0,
2026-05-16T16:01:52.191609,GET,/api/mixed/http/,117.19,55353,0,
2026-05-16T16:01:52.201058,GET,/api/mixed/db/1/,5.44,247,0,
2026-05-16T16:01:52.215340,GET,/api/mixed/pipeline/1/,3.94,82,0,
2026-05-16T16:01:52.220581,GET,/api/mixed/http/,112.34,55353,0,
2026-05-16T16:01:52.221628,GET,/api/mixed/pipeline/1/,5.02,82,0,
2026-05-16T16:01:52.224801,GET,/api/mixed/pipeline/1/,4.07,82,0,
2026-05-16T16:01:52.272188,GET,/api/mixed/db/1/,5.07,247,0,
2026-05-16T16:01:52.279284,GET,/api/mixed/http/,110.92,55353,0,
2026-05-16T16:01:52.304043,GET,/api/mixed/http/,113.7,55353,0,
2026-05-16T16:01:52.346039,GET,/api/mixed/pipeline/1/,7.29,82,0,
2026-05-16T16:01:52.349704,GET,/api/mixed/http/,108.45,55353,0,
2026-05-16T16:01:52.356949,GET,/api/mixed/pipeline/1/,2.92,82,0,
2026-05-16T16:01:52.398362,GET,/api/mixed/pipeline/1/,4.86,82,0,
2026-05-16T16:01:52.438986,GET,/api/mixed/pipeline/1/,3.2,82,0,
2026-05-16T16:01:52.450315,GET,/api/mixed/db/1/,4.78,247,0,
2026-05-16T16:01:52.457535,GET,/api/mixed/pipeline/1/,4.86,82,0,
2026-05-16T16:01:52.459114,GET,/api/mixed/db/1/,5.89,247,0,
2026-05-16T16:01:52.483064,GET,/api/mixed/pipeline/1/,5.48,82,0,
2026-05-16T16:01:52.483840,GET,/api/mixed/pipeline/1/,5.02,82,0,
2026-05-16T16:01:52.484420,GET,/api/mixed/db/1/,6.21,247,0,
2026-05-16T16:01:52.487431,GET,/api/mixed/http/,109.23,55353,0,
2026-05-16T16:01:52.504283,GET,/api/mixed/http/,112.53,55353,0,
2026-05-16T16:01:52.505242,GET,/api/mixed/pipeline/1/,4.54,82,0,
2026-05-16T16:01:52.508660,GET,/api/mixed/db/1/,5.97,247,0,
2026-05-16T16:01:52.509723,GET,/api/mixed/pipeline/1/,3.11,82,0,
2026-05-16T16:01:52.517805,GET,/api/mixed/pipeline/1/,4.83,82,0,
2026-05-16T16:01:52.521490,GET,/api/mixed/db/1/,5.29,247,0,
2026-05-16T16:01:52.522946,GET,/api/mixed/http/,109.23,55353,0,
2026-05-16T16:01:52.531480,GET,/api/mixed/http/,108.89,55353,0,
2026-05-16T16:01:52.540881,GET,/api/mixed/http/,109.46,55353,0,
2026-05-16T16:01:52.544256,GET,/api/mixed/http/,109.74,55353,0,
2026-05-16T16:01:52.544821,GET,/api/mixed/db/1/,5.36,247,0,
2026-05-16T16:01:52.561740,GET,/api/mixed/pipeline/1/,3.44,82,0,
2026-05-16T16:01:52.581830,GET,/api/mixed/http/,109.48,55353,0,
2026-05-16T16:01:52.590407,GET,/api/mixed/pipeline/1/,3.69,82,0,
2026-05-16T16:01:52.623173,GET,/api/mixed/http/,108.45,55353,0,
2026-05-16T16:01:52.639567,GET,/api/mixed/http/,107.95,55353,0,
2026-05-16T16:01:52.641033,GET,/api/mixed/db/1/,4.1,247,0,
2026-05-16T16:01:52.654431,GET,/api/mixed/http/,108.4,55353,0,
2026-05-16T16:01:52.657033,GET,/api/mixed/pipeline/1/,3.58,82,0,
2026-05-16T16:01:52.657746,GET,/api/mixed/db/1/,4.8,247,0,
2026-05-16T16:01:52.665725,GET,/api/mixed/http/,108.74,55353,0,
2026-05-16T16:01:52.675267,GET,/api/mixed/db/1/,4.2,247,0,
2026-05-16T16:01:52.678094,GET,/api/mixed/pipeline/1/,2.66,82,0,
2026-05-16T16:01:52.678585,GET,/api/mixed/pipeline/1/,4.19,82,0,
2026-05-16T16:01:52.691176,GET,/api/mixed/http/,107.95,55353,0,
2026-05-16T16:01:52.692951,GET,/api/mixed/pipeline/1/,3.13,82,0,
2026-05-16T16:01:52.694951,GET,/api/mixed/http/,107.78,55353,0,
2026-05-16T16:01:52.708109,GET,/api/mixed/http/,111.16,55353,0,
2026-05-16T16:01:52.716134,GET,/api/mixed/pipeline/1/,2.71,82,0,
2026-05-16T16:01:52.727776,GET,/api/mixed/http/,107.73,55353,0,
2026-05-16T16:01:52.729874,GET,/api/mixed/http/,107.82,55353,0,
2026-05-16T16:01:52.732294,GET,/api/mixed/pipeline/1/,3.29,82,0,
2026-05-16T16:01:52.750604,GET,/api/mixed/http/,108.3,55353,0,
2026-05-16T16:01:52.764996,GET,/api/mixed/db/1/,4.2,247,0,
2026-05-16T16:01:52.806462,GET,/api/mixed/pipeline/1/,3.06,82,0,
2026-05-16T16:01:52.810277,GET,/api/mixed/http/,108.06,55353,0,
2026-05-16T16:01:52.825216,GET,/api/mixed/http/,107.76,55353,0,
2026-05-16T16:01:52.853600,GET,/api/mixed/db/1/,3.99,247,0,
2026-05-16T16:01:52.854060,GET,/api/mixed/http/,109.47,55353,0,
2026-05-16T16:01:52.863394,GET,/api/mixed/http/,108.5,55353,0,
2026-05-16T16:01:52.868864,GET,/api/mixed/http/,108.51,55353,0,
2026-05-16T16:01:52.879530,GET,/api/mixed/pipeline/1/,3.3,82,0,
2026-05-16T16:01:52.886300,GET,/api/mixed/db/1/,3.6,247,0,
2026-05-16T16:01:52.888212,GET,/api/mixed/pipeline/1/,3.19,82,0,
2026-05-16T16:01:52.894820,GET,/api/mixed/db/1/,4.24,247,0,
2026-05-16T16:01:52.898083,GET,/api/mixed/db/1/,4.17,247,0,
2026-05-16T16:01:52.911145,GET,/api/mixed/pipeline/1/,3.1,82,0,
2026-05-16T16:01:52.912081,GET,/api/mixed/db/1/,4.71,247,0,
2026-05-16T16:01:52.935627,GET,/api/mixed/db/1/,4.35,247,0,
2026-05-16T16:01:52.941889,GET,/api/mixed/db/1/,5.0,247,0,
2026-05-16T16:01:52.942473,GET,/api/mixed/http/,107.87,55353,0,
2026-05-16T16:01:52.947432,GET,/api/mixed/http/,108.25,55353,0,
2026-05-16T16:01:52.957425,GET,/api/mixed/db/1/,4.32,247,0,
2026-05-16T16:01:52.961685,GET,/api/mixed/pipeline/1/,2.94,82,0,
2026-05-16T16:01:52.971835,GET,/api/mixed/http/,108.32,55353,0,
2026-05-16T16:01:52.972265,GET,/api/mixed/pipeline/1/,3.37,82,0,
2026-05-16T16:01:52.985601,GET,/api/mixed/http/,108.09,55353,0,
2026-05-16T16:01:52.986114,GET,/api/mixed/pipeline/1/,3.67,82,0,
2026-05-16T16:01:53.014993,GET,/api/mixed/db/1/,4.54,247,0,
2026-05-16T16:01:53.022947,GET,/api/mixed/pipeline/1/,3.0,82,0,
2026-05-16T16:01:53.023383,GET,/api/mixed/pipeline/1/,3.98,82,0,
2026-05-16T16:01:53.029436,GET,/api/mixed/http/,108.09,55353,0,
2026-05-16T16:01:53.036844,GET,/api/mixed/pipeline/1/,3.01,82,0,
2026-05-16T16:01:53.055438,GET,/api/mixed/http/,107.87,55353,0,
2026-05-16T16:01:53.062590,GET,/api/mixed/pipeline/1/,4.75,82,0,
2026-05-16T16:01:53.063055,GET,/api/mixed/db/1/,4.76,247,0,
2026-05-16T16:01:53.080578,GET,/api/mixed/pipeline/1/,4.33,82,0,
2026-05-16T16:01:53.082264,GET,/api/mixed/db/1/,4.28,247,0,
2026-05-16T16:01:53.115021,GET,/api/mixed/db/1/,4.21,247,0,
2026-05-16T16:01:53.148959,GET,/api/mixed/db/1/,4.05,247,0,
2026-05-16T16:01:53.178732,GET,/api/mixed/pipeline/1/,3.11,82,0,
2026-05-16T16:01:53.180730,GET,/api/mixed/db/1/,5.97,247,0,
2026-05-16T16:01:53.181266,GET,/api/mixed/db/1/,7.93,247,0,
2026-05-16T16:01:53.183260,GET,/api/mixed/pipeline/1/,4.4,82,0,
2026-05-16T16:01:53.193405,GET,/api/mixed/http/,107.8,55353,0,
2026-05-16T16:01:53.211265,GET,/api/mixed/http/,108.04,55353,0,
2026-05-16T16:01:53.224276,GET,/api/mixed/pipeline/1/,3.6,82,0,
2026-05-16T16:01:53.228346,GET,/api/mixed/db/1/,5.07,247,0,
2026-05-16T16:01:53.231223,GET,/api/mixed/db/1/,3.81,247,0,
2026-05-16T16:01:53.238627,GET,/api/mixed/db/1/,4.23,247,0,
2026-05-16T16:01:53.239194,GET,/api/mixed/db/1/,5.18,247,0,
2026-05-16T16:01:53.242232,GET,/api/mixed/db/1/,4.62,247,0,
2026-05-16T16:01:53.243247,GET,/api/mixed/http/,107.96,55353,0,
2026-05-16T16:01:53.244215,GET,/api/mixed/pipeline/1/,3.37,82,0,
2026-05-16T16:01:53.248869,GET,/api/mixed/db/1/,4.56,247,0,
2026-05-16T16:01:53.254931,GET,/api/mixed/pipeline/1/,2.72,82,0,
2026-05-16T16:01:53.264872,GET,/api/mixed/http/,108.6,55353,0,
2026-05-16T16:01:53.269740,GET,/api/mixed/db/1/,3.82,247,0,
2026-05-16T16:01:53.274637,GET,/api/mixed/db/1/,3.55,247,0,
2026-05-16T16:01:53.281420,GET,/api/mixed/db/1/,4.48,247,0,
2026-05-16T16:01:53.286146,GET,/api/mixed/db/1/,3.44,247,0,
2026-05-16T16:01:53.303988,GET,/api/mixed/db/1/,3.78,247,0,
2026-05-16T16:01:53.325646,GET,/api/mixed/db/1/,3.86,247,0,
2026-05-16T16:01:53.336183,GET,/api/mixed/pipeline/1/,2.76,82,0,
2026-05-16T16:01:53.349140,GET,/api/mixed/http/,115.59,55353,0,
2026-05-16T16:01:53.350180,GET,/api/mixed/pipeline/1/,7.4,82,0,
2026-05-16T16:01:53.352077,GET,/api/mixed/db/1/,6.03,247,0,
2026-05-16T16:01:53.354053,GET,/api/mixed/pipeline/1/,3.78,82,0,
2026-05-16T16:01:53.384449,GET,/api/mixed/pipeline/1/,3.22,82,0,
2026-05-16T16:01:53.398900,GET,/api/mixed/pipeline/1/,3.03,82,0,
2026-05-16T16:01:53.400200,GET,/api/mixed/http/,107.7,55353,0,
2026-05-16T16:01:53.407845,GET,/api/mixed/db/1/,4.32,247,0,
2026-05-16T16:01:53.420126,GET,/api/mixed/http/,107.9,55353,0,
2026-05-16T16:01:53.422930,GET,/api/mixed/pipeline/1/,2.68,82,0,
2026-05-16T16:01:53.431861,GET,/api/mixed/db/1/,3.62,247,0,
2026-05-16T16:01:53.441444,GET,/api/mixed/http/,108.48,55353,0,
2026-05-16T16:01:53.459746,GET,/api/mixed/http/,108.98,55353,0,
2026-05-16T16:01:53.479073,GET,/api/mixed/db/1/,3.97,247,0,
2026-05-16T16:01:53.496361,GET,/api/mixed/pipeline/1/,3.09,82,0,
2026-05-16T16:01:53.496841,GET,/api/mixed/http/,108.04,55353,0,
2026-05-16T16:01:53.501766,GET,/api/mixed/db/1/,3.69,247,0,
2026-05-16T16:01:53.504651,GET,/api/mixed/http/,109.24,55353,0,
2026-05-16T16:01:53.506474,GET,/api/mixed/pipeline/1/,2.82,82,0,
2026-05-16T16:01:53.515101,GET,/api/mixed/http/,108.2,55353,0,
2026-05-16T16:01:53.515582,GET,/api/mixed/http/,107.63,55353,0,
2026-05-16T16:01:53.526001,GET,/api/mixed/pipeline/1/,3.18,82,0,
2026-05-16T16:01:53.528549,GET,/api/mixed/pipeline/1/,3.34,82,0,
2026-05-16T16:01:53.531285,GET,/api/mixed/pipeline/1/,2.63,82,0,
2026-05-16T16:01:53.556926,GET,/api/mixed/db/1/,4.9,247,0,
2026-05-16T16:01:53.561578,GET,/api/mixed/http/,107.93,55353,0,
2026-05-16T16:01:53.597050,GET,/api/mixed/pipeline/1/,3.11,82,0,
2026-05-16T16:01:53.612288,GET,/api/mixed/pipeline/1/,2.92,82,0,
2026-05-16T16:01:53.619174,GET,/api/mixed/pipeline/1/,2.58,82,0,
2026-05-16T16:01:53.625658,GET,/api/mixed/db/1/,4.18,247,0,
2026-05-16T16:01:53.626164,GET,/api/mixed/db/1/,4.23,247,0,
2026-05-16T16:01:53.628101,GET,/api/mixed/pipeline/1/,3.51,82,0,
2026-05-16T16:01:53.637253,GET,/api/mixed/pipeline/1/,2.83,82,0,
2026-05-16T16:01:53.642318,GET,/api/mixed/db/1/,3.69,247,0,
2026-05-16T16:01:53.645136,GET,/api/mixed/http/,107.57,55353,0,
2026-05-16T16:01:53.678754,GET,/api/mixed/db/1/,3.97,247,0,
2026-05-16T16:01:53.714278,GET,/api/mixed/db/1/,3.88,247,0,
2026-05-16T16:01:53.726945,GET,/api/mixed/pipeline/1/,2.82,82,0,
2026-05-16T16:01:53.727364,GET,/api/mixed/pipeline/1/,3.73,82,0,
2026-05-16T16:01:53.732446,GET,/api/mixed/db/1/,3.87,247,0,
2026-05-16T16:01:53.738418,GET,/api/mixed/db/1/,3.73,247,0,
2026-05-16T16:01:53.741068,GET,/api/mixed/db/1/,3.81,247,0,
2026-05-16T16:01:53.756967,GET,/api/mixed/http/,107.65,55353,0,
2026-05-16T16:01:53.757382,GET,/api/mixed/db/1/,4.13,247,0,
2026-05-16T16:01:53.761217,GET,/api/mixed/pipeline/1/,2.63,82,0,
2026-05-16T16:01:53.795050,GET,/api/mixed/db/1/,3.99,247,0,
2026-05-16T16:01:53.800714,GET,/api/mixed/http/,107.59,55353,0,
2026-05-16T16:01:53.811636,GET,/api/mixed/http/,107.8,55353,0,
2026-05-16T16:01:53.819766,GET,/api/mixed/db/1/,3.79,247,0,
2026-05-16T16:01:53.838113,GET,/api/mixed/pipeline/1/,2.81,82,0,
2026-05-16T16:01:53.847122,GET,/api/mixed/pipeline/1/,6.52,82,0,
2026-05-16T16:01:53.853177,GET,/api/mixed/db/1/,3.75,247,0,
2026-05-16T16:01:53.856183,GET,/api/mixed/pipeline/1/,2.88,82,0,
2026-05-16T16:01:53.864198,GET,/api/mixed/db/1/,3.75,247,0,
2026-05-16T16:01:53.871327,GET,/api/mixed/pipeline/1/,2.77,82,0,
2026-05-16T16:01:53.884437,GET,/api/mixed/http/,107.91,55353,0,
2026-05-16T16:01:53.928769,GET,/api/mixed/pipeline/1/,3.06,82,0,
2026-05-16T16:01:53.929308,GET,/api/mixed/http/,107.24,55353,0,
2026-05-16T16:01:53.939688,GET,/api/mixed/http/,109.09,55353,0,
2026-05-16T16:01:53.943212,GET,/api/mixed/db/1/,4.48,247,0,
2026-05-16T16:01:53.958232,GET,/api/mixed/db/1/,3.74,247,0,
2026-05-16T16:01:53.991916,GET,/api/mixed/http/,109.4,55353,0,
2026-05-16T16:01:54.000238,GET,/api/mixed/db/1/,3.94,247,0,
2026-05-16T16:01:54.006231,GET,/api/mixed/db/1/,3.66,247,0,
2026-05-16T16:01:54.015165,GET,/api/mixed/db/1/,4.78,247,0,
2026-05-16T16:01:54.026148,GET,/api/mixed/db/1/,3.69,247,0,
2026-05-16T16:01:54.033094,GET,/api/mixed/pipeline/1/,3.2,82,0,
2026-05-16T16:01:54.033773,GET,/api/mixed/db/1/,4.34,247,0,
2026-05-16T16:01:54.050713,GET,/api/mixed/http/,108.91,55353,0,
2026-05-16T16:01:54.054787,GET,/api/mixed/pipeline/1/,2.73,82,0,
2026-05-16T16:01:54.058409,GET,/api/mixed/http/,107.59,55353,0,
2026-05-16T16:01:54.079174,GET,/api/mixed/db/1/,3.87,247,0,
2026-05-16T16:01:54.080264,GET,/api/mixed/http/,107.77,55353,0,
2026-05-16T16:01:54.096201,GET,/api/mixed/db/1/,10.63,247,0,
2026-05-16T16:01:54.096766,GET,/api/mixed/db/1/,9.98,247,0,
2026-05-16T16:01:54.099699,GET,/api/mixed/db/1/,8.31,247,0,
2026-05-16T16:01:54.109714,GET,/api/mixed/pipeline/1/,3.72,82,0,
2026-05-16T16:01:54.110427,GET,/api/mixed/db/1/,3.94,247,0,
2026-05-16T16:01:54.136718,GET,/api/mixed/db/1/,4.07,247,0,
2026-05-16T16:01:54.141816,GET,/api/mixed/db/1/,3.73,247,0,
2026-05-16T16:01:54.153181,GET,/api/mixed/http/,107.96,55353,0,
2026-05-16T16:01:54.169194,GET,/api/mixed/http/,108.43,55353,0,
2026-05-16T16:01:54.175431,GET,/api/mixed/pipeline/1/,2.9,82,0,
2026-05-16T16:01:54.194732,GET,/api/mixed/pipeline/1/,2.93,82,0,
2026-05-16T16:01:54.207147,GET,/api/mixed/db/1/,4.02,247,0,
2026-05-16T16:01:54.222578,GET,/api/mixed/pipeline/1/,3.04,82,0,
2026-05-16T16:01:54.228588,GET,/api/mixed/db/1/,3.68,247,0,
2026-05-16T16:01:54.239954,GET,/api/mixed/db/1/,3.95,247,0,
2026-05-16T16:01:54.245647,GET,/api/mixed/pipeline/1/,3.31,82,0,
2026-05-16T16:01:54.247972,GET,/api/mixed/db/1/,4.4,247,0,
2026-05-16T16:01:54.249905,GET,/api/mixed/pipeline/1/,2.97,82,0,
2026-05-16T16:01:54.275581,GET,/api/mixed/db/1/,4.03,247,0,
2026-05-16T16:01:54.289846,GET,/api/mixed/pipeline/1/,2.99,82,0,
2026-05-16T16:01:54.295086,GET,/api/mixed/pipeline/1/,3.01,82,0,
2026-05-16T16:01:54.333951,GET,/api/mixed/pipeline/1/,2.71,82,0,
2026-05-16T16:01:54.345845,GET,/api/mixed/pipeline/1/,8.33,82,0,
2026-05-16T16:01:54.346254,GET,/api/mixed/db/1/,4.64,247,0,
2026-05-16T16:01:54.357036,GET,/api/mixed/pipeline/1/,3.19,82,0,
2026-05-16T16:01:54.357678,GET,/api/mixed/http/,107.66,55353,0,
2026-05-16T16:01:54.361530,GET,/api/mixed/pipeline/1/,2.68,82,0,
2026-05-16T16:01:54.410848,GET,/api/mixed/pipeline/1/,3.08,82,0,
2026-05-16T16:01:54.435260,GET,/api/mixed/http/,107.77,55353,0,
2026-05-16T16:01:54.451635,GET,/api/mixed/http/,111.84,55353,0,
2026-05-16T16:01:54.454649,GET,/api/mixed/http/,108.3,55353,0,
2026-05-16T16:01:54.468594,GET,/api/mixed/pipeline/1/,3.61,82,0,
2026-05-16T16:01:54.472661,GET,/api/mixed/pipeline/1/,2.72,82,0,
2026-05-16T16:01:54.497439,GET,/api/mixed/pipeline/1/,3.93,82,0,
2026-05-16T16:01:54.506971,GET,/api/mixed/db/1/,4.27,247,0,
2026-05-16T16:01:54.544719,GET,/api/mixed/db/1/,4.95,247,0,
2026-05-16T16:01:54.555858,GET,/api/mixed/db/1/,3.93,247,0,
2026-05-16T16:01:54.559171,GET,/api/mixed/http/,108.7,55353,0,
2026-05-16T16:01:54.561565,GET,/api/mixed/pipeline/1/,3.51,82,0,
2026-05-16T16:01:54.564932,GET,/api/mixed/db/1/,4.23,247,0,
2026-05-16T16:01:54.567222,GET,/api/mixed/pipeline/1/,3.1,82,0,
2026-05-16T16:01:54.573235,GET,/api/mixed/http/,107.77,55353,0,
2026-05-16T16:01:54.575223,GET,/api/mixed/db/1/,4.27,247,0,
2026-05-16T16:01:54.575846,GET,/api/mixed/db/1/,6.01,247,0,
2026-05-16T16:01:54.578134,GET,/api/mixed/pipeline/1/,4.33,82,0,
2026-05-16T16:01:54.579213,GET,/api/mixed/db/1/,5.86,247,0,
2026-05-16T16:01:54.580042,GET,/api/mixed/db/1/,5.82,247,0,
2026-05-16T16:01:54.583383,GET,/api/mixed/http/,107.37,55353,0,
2026-05-16T16:01:54.595800,GET,/api/mixed/db/1/,3.99,247,0,
2026-05-16T16:01:54.607951,GET,/api/mixed/pipeline/1/,2.8,82,0,
2026-05-16T16:01:54.614857,GET,/api/mixed/http/,107.77,55353,0,
2026-05-16T16:01:54.623405,GET,/api/mixed/http/,107.63,55353,0,
2026-05-16T16:01:54.634150,GET,/api/mixed/pipeline/1/,3.44,82,0,
2026-05-16T16:01:54.634620,GET,/api/mixed/pipeline/1/,3.45,82,0,
2026-05-16T16:01:54.639496,GET,/api/mixed/pipeline/1/,2.7,82,0,
2026-05-16T16:01:54.641030,GET,/api/mixed/http/,107.69,55353,0,
2026-05-16T16:01:54.646040,GET,/api/mixed/pipeline/1/,2.64,82,0,
2026-05-16T16:01:54.652493,GET,/api/mixed/http/,108.67,55353,0,
2026-05-16T16:01:54.678635,GET,/api/mixed/http/,109.23,55353,0,
2026-05-16T16:01:54.681684,GET,/api/mixed/pipeline/1/,4.05,82,0,
2026-05-16T16:01:54.682113,GET,/api/mixed/pipeline/1/,3.36,82,0,
2026-05-16T16:01:54.683357,GET,/api/mixed/db/1/,4.05,247,0,
2026-05-16T16:01:54.689238,GET,/api/mixed/pipeline/1/,2.71,82,0,
2026-05-16T16:01:54.706315,GET,/api/mixed/pipeline/1/,2.72,82,0,
2026-05-16T16:01:54.727846,GET,/api/mixed/http/,107.78,55353,0,
2026-05-16T16:01:54.738650,GET,/api/mixed/pipeline/1/,4.64,82,0,
2026-05-16T16:01:54.739078,GET,/api/mixed/pipeline/1/,4.58,82,0,
2026-05-16T16:01:54.739581,GET,/api/mixed/db/1/,5.96,247,0,
2026-05-16T16:01:54.745249,GET,/api/mixed/pipeline/1/,3.36,82,0,
2026-05-16T16:01:54.757979,GET,/api/mixed/http/,108.74,55353,0,
2026-05-16T16:01:54.758458,GET,/api/mixed/db/1/,4.7,247,0,
2026-05-16T16:01:54.759244,GET,/api/mixed/http/,107.77,55353,0,
2026-05-16T16:01:54.763186,GET,/api/mixed/http/,107.87,55353,0,
2026-05-16T16:01:54.764675,GET,/api/mixed/db/1/,3.78,247,0,
2026-05-16T16:01:54.765103,GET,/api/mixed/db/1/,4.66,247,0,
2026-05-16T16:01:54.796895,GET,/api/mixed/pipeline/1/,2.82,82,0,
2026-05-16T16:01:54.820293,GET,/api/mixed/pipeline/1/,3.03,82,0,
2026-05-16T16:01:54.823382,GET,/api/mixed/pipeline/1/,2.97,82,0,
2026-05-16T16:01:54.833417,GET,/api/mixed/db/1/,3.73,247,0,
2026-05-16T16:01:54.847046,GET,/api/mixed/http/,113.87,55353,0,
2026-05-16T16:01:54.847582,GET,/api/mixed/http/,112.41,55353,0,
2026-05-16T16:01:54.847973,GET,/api/mixed/db/1/,4.52,247,0,
2026-05-16T16:01:54.850968,GET,/api/mixed/http/,108.1,55353,0,
2026-05-16T16:01:54.852896,GET,/api/mixed/http/,107.53,55353,0,
2026-05-16T16:01:54.878452,GET,/api/mixed/pipeline/1/,2.91,82,0,
2026-05-16T16:01:54.892038,GET,/api/mixed/db/1/,4.16,247,0,
2026-05-16T16:01:54.895431,GET,/api/mixed/http/,107.95,55353,0,
2026-05-16T16:01:54.905017,GET,/api/mixed/db/1/,4.4,247,0,
2026-05-16T16:01:54.928786,GET,/api/mixed/db/1/,4.39,247,0,
2026-05-16T16:01:54.929256,GET,/api/mixed/db/1/,5.98,247,0,
2026-05-16T16:01:54.932307,GET,/api/mixed/db/1/,4.54,247,0,
2026-05-16T16:01:54.965161,GET,/api/mixed/pipeline/1/,3.42,82,0,
2026-05-16T16:01:54.965698,GET,/api/mixed/pipeline/1/,2.62,82,0,
2026-05-16T16:01:54.967782,GET,/api/mixed/http/,107.51,55353,0,
2026-05-16T16:01:54.970679,GET,/api/mixed/db/1/,3.75,247,0,
2026-05-16T16:01:54.977597,GET,/api/mixed/http/,107.69,55353,0,
2026-05-16T16:01:54.980895,GET,/api/mixed/pipeline/1/,3.19,82,0,
2026-05-16T16:01:54.983671,GET,/api/mixed/pipeline/1/,3.6,82,0,
2026-05-16T16:01:54.984536,GET,/api/mixed/pipeline/1/,2.99,82,0,
2026-05-16T16:01:54.986752,GET,/api/mixed/pipeline/1/,2.96,82,0,
2026-05-16T16:01:55.007053,GET,/api/mixed/db/1/,3.94,247,0,
2026-05-16T16:01:55.009424,GET,/api/mixed/http/,107.75,55353,0,
2026-05-16T16:01:55.030641,GET,/api/mixed/db/1/,3.92,247,0,
2026-05-16T16:01:55.032408,GET,/api/mixed/pipeline/1/,3.14,82,0,
2026-05-16T16:01:55.058017,GET,/api/mixed/db/1/,4.06,247,0,
2026-05-16T16:01:55.059981,GET,/api/mixed/pipeline/1/,3.47,82,0,
2026-05-16T16:01:55.067063,GET,/api/mixed/db/1/,3.61,247,0,
2026-05-16T16:01:55.094270,GET,/api/mixed/pipeline/1/,3.33,82,0,
2026-05-16T16:01:55.126907,GET,/api/mixed/db/1/,4.69,247,0,
2026-05-16T16:01:55.129201,GET,/api/mixed/pipeline/1/,3.33,82,0,
2026-05-16T16:01:55.152392,GET,/api/mixed/db/1/,4.13,247,0,
2026-05-16T16:01:55.162472,GET,/api/mixed/pipeline/1/,2.72,82,0,
2026-05-16T16:01:55.169828,GET,/api/mixed/http/,107.65,55353,0,
2026-05-16T16:01:55.200677,GET,/api/mixed/pipeline/1/,3.88,82,0,
2026-05-16T16:01:55.222800,GET,/api/mixed/db/1/,3.9,247,0,
2026-05-16T16:01:55.226819,GET,/api/mixed/db/1/,3.9,247,0,
2026-05-16T16:01:55.231176,GET,/api/mixed/http/,109.55,55353,0,
2026-05-16T16:01:55.245359,GET,/api/mixed/http/,107.82,55353,0,
2026-05-16T16:01:55.251364,GET,/api/mixed/db/1/,3.79,247,0,
2026-05-16T16:01:55.252487,GET,/api/mixed/http/,108.32,55353,0,
2026-05-16T16:01:55.255886,GET,/api/mixed/http/,108.09,55353,0,
2026-05-16T16:01:55.287437,GET,/api/mixed/pipeline/1/,2.96,82,0,
2026-05-16T16:01:55.289063,GET,/api/mixed/http/,107.89,55353,0,
2026-05-16T16:01:55.310619,GET,/api/mixed/pipeline/1/,2.89,82,0,
2026-05-16T16:01:55.311509,GET,/api/mixed/db/1/,5.19,247,0,
2026-05-16T16:01:55.314847,GET,/api/mixed/db/1/,4.1,247,0,
2026-05-16T16:01:55.332578,GET,/api/mixed/db/1/,4.37,247,0,
2026-05-16T16:01:55.334814,GET,/api/mixed/pipeline/1/,3.12,82,0,
2026-05-16T16:01:55.344918,GET,/api/mixed/pipeline/1/,3.48,82,0,
2026-05-16T16:01:55.346159,GET,/api/mixed/db/1/,7.86,247,0,
2026-05-16T16:01:55.348032,GET,/api/mixed/http/,107.67,55353,0,
2026-05-16T16:01:55.355300,GET,/api/mixed/pipeline/1/,3.09,82,0,
2026-05-16T16:01:55.363176,GET,/api/mixed/http/,108.5,55353,0,
2026-05-16T16:01:55.363648,GET,/api/mixed/http/,107.63,55353,0,
2026-05-16T16:01:55.369959,GET,/api/mixed/http/,108.24,55353,0,
2026-05-16T16:01:55.380089,GET,/api/mixed/db/1/,3.78,247,0,
2026-05-16T16:01:55.388252,GET,/api/mixed/pipeline/1/,3.37,82,0,
2026-05-16T16:01:55.389460,GET,/api/mixed/db/1/,5.03,247,0,
2026-05-16T16:01:55.389854,GET,/api/mixed/db/1/,4.1,247,0,
2026-05-16T16:01:55.401103,GET,/api/mixed/db/1/,4.11,247,0,
2026-05-16T16:01:55.406101,GET,/api/mixed/db/1/,3.55,247,0,
2026-05-16T16:01:55.412171,GET,/api/mixed/db/1/,4.72,247,0,
2026-05-16T16:01:55.420331,GET,/api/mixed/pipeline/1/,2.84,82,0,
2026-05-16T16:01:55.425741,GET,/api/mixed/db/1/,4.13,247,0,
2026-05-16T16:01:55.446092,GET,/api/mixed/pipeline/1/,2.97,82,0,
2026-05-16T16:01:55.451555,GET,/api/mixed/db/1/,4.11,247,0,
2026-05-16T16:01:55.453451,GET,/api/mixed/pipeline/1/,2.8,82,0,
2026-05-16T16:01:55.457141,GET,/api/mixed/pipeline/1/,2.45,82,0,
2026-05-16T16:01:55.470673,GET,/api/mixed/pipeline/1/,3.32,82,0,
2026-05-16T16:01:55.474713,GET,/api/mixed/pipeline/1/,2.7,82,0,
2026-05-16T16:01:55.482325,GET,/api/mixed/pipeline/1/,3.27,82,0,
2026-05-16T16:01:55.483537,GET,/api/mixed/db/1/,4.05,247,0,
2026-05-16T16:01:55.516149,GET,/api/mixed/http/,108.25,55353,0,
2026-05-16T16:01:55.516623,GET,/api/mixed/http/,107.51,55353,0,
2026-05-16T16:01:55.516991,GET,/api/mixed/db/1/,5.23,247,0,
2026-05-16T16:01:55.566811,GET,/api/mixed/pipeline/1/,2.98,82,0,
2026-05-16T16:01:55.576032,GET,/api/mixed/http/,107.72,55353,0,
2026-05-16T16:01:55.600491,GET,/api/mixed/db/1/,4.2,247,0,
2026-05-16T16:01:55.610678,GET,/api/mixed/db/1/,5.43,247,0,
2026-05-16T16:01:55.618784,GET,/api/mixed/pipeline/1/,2.87,82,0,
2026-05-16T16:01:55.631497,GET,/api/mixed/db/1/,4.39,247,0,
2026-05-16T16:01:55.632902,GET,/api/mixed/http/,107.57,55353,0,
2026-05-16T16:01:55.639683,GET,/api/mixed/db/1/,3.6,247,0,
2026-05-16T16:01:55.647227,GET,/api/mixed/pipeline/1/,3.19,82,0,
2026-05-16T16:01:55.710429,GET,/api/mixed/http/,107.73,55353,0,
2026-05-16T16:01:55.714523,GET,/api/mixed/http/,108.85,55353,0,
2026-05-16T16:01:55.735812,GET,/api/mixed/http/,108.19,55353,0,
2026-05-16T16:01:55.752020,GET,/api/mixed/http/,107.45,55353,0,
2026-05-16T16:01:55.769482,GET,/api/mixed/pipeline/1/,3.21,82,0,
2026-05-16T16:01:55.790223,GET,/api/mixed/http/,108.72,55353,0,
2026-05-16T16:01:55.806350,GET,/api/mixed/http/,108.17,55353,0,
2026-05-16T16:01:55.818181,GET,/api/mixed/http/,109.29,55353,0,
2026-05-16T16:01:55.837006,GET,/api/mixed/http/,111.96,55353,0,
2026-05-16T16:01:55.841886,GET,/api/mixed/pipeline/1/,3.23,82,0,
2026-05-16T16:01:55.846094,GET,/api/mixed/http/,108.03,55353,0,
2026-05-16T16:01:55.848374,GET,/api/mixed/db/1/,4.26,247,0,
2026-05-16T16:01:55.856575,GET,/api/mixed/http/,107.97,55353,0,
2026-05-16T16:01:55.859545,GET,/api/mixed/db/1/,4.94,247,0,
2026-05-16T16:01:55.881936,GET,/api/mixed/http/,112.33,55353,0,
2026-05-16T16:01:55.894831,GET,/api/mixed/http/,108.15,55353,0,
2026-05-16T16:01:55.895329,GET,/api/mixed/http/,110.22,55353,0,
2026-05-16T16:01:55.895769,GET,/api/mixed/http/,110.1,55353,0,
2026-05-16T16:01:55.927052,GET,/api/mixed/http/,107.62,55353,0,
2026-05-16T16:01:55.933241,GET,/api/mixed/db/1/,4.8,247,0,
2026-05-16T16:01:55.933648,GET,/api/mixed/db/1/,4.29,247,0,
2026-05-16T16:01:55.936349,GET,/api/mixed/http/,108.38,55353,0,
2026-05-16T16:01:55.946844,GET,/api/mixed/http/,109.02,55353,0,
2026-05-16T16:01:55.947557,GET,/api/mixed/pipeline/1/,3.01,82,0,
2026-05-16T16:01:55.969801,GET,/api/mixed/http/,108.01,55353,0,
2026-05-16T16:01:55.985761,GET,/api/mixed/http/,110.02,55353,0,
2026-05-16T16:01:55.986853,GET,/api/mixed/pipeline/1/,3.86,82,0,
2026-05-16T16:01:55.987361,GET,/api/mixed/db/1/,5.33,247,0,
2026-05-16T16:01:55.987781,GET,/api/mixed/db/1/,5.18,247,0,
2026-05-16T16:01:55.999763,GET,/api/mixed/pipeline/1/,2.81,82,0,
2026-05-16T16:01:56.003571,GET,/api/mixed/db/1/,3.7,247,0,
2026-05-16T16:01:56.004053,GET,/api/mixed/http/,108.2,55353,0,
2026-05-16T16:01:56.013213,GET,/api/mixed/db/1/,4.5,247,0,
2026-05-16T16:01:56.016691,GET,/api/mixed/db/1/,5.45,247,0,
2026-05-16T16:01:56.017195,GET,/api/mixed/http/,108.77,55353,0,
2026-05-16T16:01:56.020148,GET,/api/mixed/db/1/,4.47,247,0,
2026-05-16T16:01:56.038046,GET,/api/mixed/http/,107.96,55353,0,
2026-05-16T16:01:56.058870,GET,/api/mixed/db/1/,3.72,247,0,
2026-05-16T16:01:56.085425,GET,/api/mixed/pipeline/1/,6.06,82,0,
2026-05-16T16:01:56.093331,GET,/api/mixed/http/,109.85,55353,0,
2026-05-16T16:01:56.110535,GET,/api/mixed/db/1/,3.91,247,0,
2026-05-16T16:01:56.111047,GET,/api/mixed/http/,108.81,55353,0,
2026-05-16T16:01:56.112199,GET,/api/mixed/http/,108.04,55353,0,
2026-05-16T16:01:56.114148,GET,/api/mixed/db/1/,4.64,247,0,
2026-05-16T16:01:56.114593,GET,/api/mixed/db/1/,5.55,247,0,
2026-05-16T16:01:56.138118,GET,/api/mixed/db/1/,3.93,247,0,
2026-05-16T16:01:56.139913,GET,/api/mixed/http/,107.58,55353,0,
2026-05-16T16:01:56.155026,GET,/api/mixed/pipeline/1/,2.89,82,0,
2026-05-16T16:01:56.157063,GET,/api/mixed/http/,107.57,55353,0,
2026-05-16T16:01:56.226564,GET,/api/mixed/http/,107.79,55353,0,
2026-05-16T16:01:56.244783,GET,/api/mixed/http/,107.99,55353,0,
2026-05-16T16:01:56.247667,GET,/api/mixed/pipeline/1/,2.75,82,0,
2026-05-16T16:01:56.259600,GET,/api/mixed/db/1/,3.76,247,0,
2026-05-16T16:01:56.268722,GET,/api/mixed/db/1/,3.62,247,0,
2026-05-16T16:01:56.274908,GET,/api/mixed/pipeline/1/,2.84,82,0,
2026-05-16T16:01:56.293068,GET,/api/mixed/db/1/,4.83,247,0,
2026-05-16T16:01:56.295488,GET,/api/mixed/pipeline/1/,3.92,82,0,
2026-05-16T16:01:56.296036,GET,/api/mixed/db/1/,3.97,247,0,
2026-05-16T16:01:56.307058,GET,/api/mixed/http/,108.71,55353,0,
2026-05-16T16:01:56.313572,GET,/api/mixed/http/,107.62,55353,0,
2026-05-16T16:01:56.353460,GET,/api/mixed/pipeline/1/,3.6,82,0,
2026-05-16T16:01:56.363479,GET,/api/mixed/db/1/,3.67,247,0,
2026-05-16T16:01:56.370855,GET,/api/mixed/db/1/,4.18,247,0,
2026-05-16T16:01:56.371957,GET,/api/mixed/http/,108.04,55353,0,
2026-05-16T16:01:56.388020,GET,/api/mixed/pipeline/1/,3.43,82,0,
2026-05-16T16:01:56.389459,GET,/api/mixed/db/1/,3.75,247,0,
2026-05-16T16:01:56.430906,GET,/api/mixed/pipeline/1/,3.63,82,0,
2026-05-16T16:01:56.444088,GET,/api/mixed/pipeline/1/,3.86,82,0,
2026-05-16T16:01:56.444531,GET,/api/mixed/pipeline/1/,3.27,82,0,
2026-05-16T16:01:56.446030,GET,/api/mixed/http/,109.8,55353,0,
2026-05-16T16:01:56.477742,GET,/api/mixed/pipeline/1/,3.3,82,0,
2026-05-16T16:01:56.478781,GET,/api/mixed/http/,108.85,55353,0,
2026-05-16T16:01:56.502274,GET,/api/mixed/db/1/,4.22,247,0,
2026-05-16T16:01:56.505595,GET,/api/mixed/http/,107.85,55353,0,
2026-05-16T16:01:56.525137,GET,/api/mixed/db/1/,4.31,247,0,
2026-05-16T16:01:56.543176,GET,/api/mixed/pipeline/1/,3.19,82,0,
2026-05-16T16:01:56.593672,GET,/api/mixed/pipeline/1/,3.19,82,0,
2026-05-16T16:01:56.604186,GET,/api/mixed/pipeline/1/,3.27,82,0,
2026-05-16T16:01:56.614720,GET,/api/mixed/pipeline/1/,4.33,82,0,
2026-05-16T16:01:56.636095,GET,/api/mixed/http/,108.71,55353,0,
2026-05-16T16:01:56.637547,GET,/api/mixed/db/1/,4.03,247,0,
2026-05-16T16:01:56.652836,GET,/api/mixed/db/1/,4.94,247,0,
2026-05-16T16:01:56.655527,GET,/api/mixed/db/1/,4.04,247,0,
2026-05-16T16:01:56.658819,GET,/api/mixed/db/1/,4.43,247,0,
2026-05-16T16:01:56.659232,GET,/api/mixed/db/1/,3.49,247,0,
2026-05-16T16:01:56.687988,GET,/api/mixed/pipeline/1/,2.89,82,0,
2026-05-16T16:01:56.717780,GET,/api/mixed/db/1/,4.46,247,0,
2026-05-16T16:01:56.718199,GET,/api/mixed/db/1/,3.51,247,0,
2026-05-16T16:01:56.722863,GET,/api/mixed/http/,108.01,55353,0,
2026-05-16T16:01:56.739341,GET,/api/mixed/pipeline/1/,3.13,82,0,
2026-05-16T16:01:56.743389,GET,/api/mixed/db/1/,3.92,247,0,
2026-05-16T16:01:56.746180,GET,/api/mixed/db/1/,4.18,247,0,
2026-05-16T16:01:56.755979,GET,/api/mixed/db/1/,3.87,247,0,
2026-05-16T16:01:56.764897,GET,/api/mixed/pipeline/1/,2.75,82,0,
2026-05-16T16:01:56.772639,GET,/api/mixed/http/,109.17,55353,0,
2026-05-16T16:01:56.787511,GET,/api/mixed/pipeline/1/,3.42,82,0,
2026-05-16T16:01:56.790990,GET,/api/mixed/pipeline/1/,4.62,82,0,
2026-05-16T16:01:56.799536,GET,/api/mixed/db/1/,3.82,247,0,
2026-05-16T16:01:56.804368,GET,/api/mixed/pipeline/1/,3.2,82,0,
2026-05-16T16:01:56.805102,GET,/api/mixed/pipeline/1/,4.39,82,0,
2026-05-16T16:01:56.806048,GET,/api/mixed/pipeline/1/,2.97,82,0,
2026-05-16T16:01:56.826008,GET,/api/mixed/db/1/,3.92,247,0,
2026-05-16T16:01:56.830012,GET,/api/mixed/pipeline/1/,2.8,82,0,
2026-05-16T16:01:56.840917,GET,/api/mixed/pipeline/1/,8.63,82,0,
2026-05-16T16:01:56.842088,GET,/api/mixed/db/1/,10.72,247,0,
2026-05-16T16:01:56.845221,GET,/api/mixed/db/1/,4.16,247,0,
2026-05-16T16:01:56.857567,GET,/api/mixed/http/,108.07,55353,0,
2026-05-16T16:01:56.861529,GET,/api/mixed/db/1/,4.95,247,0,
2026-05-16T16:01:56.882635,GET,/api/mixed/db/1/,4.25,247,0,
2026-05-16T16:01:56.894490,GET,/api/mixed/http/,108.86,55353,0,
2026-05-16T16:01:56.898209,GET,/api/mixed/http/,108.36,55353,0,
2026-05-16T16:01:56.901701,GET,/api/mixed/pipeline/1/,2.76,82,0,
2026-05-16T16:01:56.918192,GET,/api/mixed/http/,107.95,55353,0,
2026-05-16T16:01:56.925310,GET,/api/mixed/db/1/,3.76,247,0,
2026-05-16T16:01:56.929207,GET,/api/mixed/http/,108.25,55353,0,
2026-05-16T16:01:56.969372,GET,/api/mixed/http/,108.7,55353,0,
2026-05-16T16:01:56.969772,GET,/api/mixed/pipeline/1/,3.3,82,0,
2026-05-16T16:01:56.978567,GET,/api/mixed/http/,107.82,55353,0,
2026-05-16T16:01:56.981467,GET,/api/mixed/db/1/,5.14,247,0,
2026-05-16T16:01:57.006429,GET,/api/mixed/pipeline/1/,3.76,82,0,
2026-05-16T16:01:57.007043,GET,/api/mixed/http/,109.79,55353,0,
2026-05-16T16:01:57.009243,GET,/api/mixed/pipeline/1/,3.79,82,0,
2026-05-16T16:01:57.009906,GET,/api/mixed/db/1/,5.04,247,0,
2026-05-16T16:01:57.013370,GET,/api/mixed/http/,107.36,55353,0,
2026-05-16T16:01:57.027037,GET,/api/mixed/db/1/,4.35,247,0,
2026-05-16T16:01:57.030312,GET,/api/mixed/db/1/,4.19,247,0,
2026-05-16T16:01:57.046226,GET,/api/mixed/pipeline/1/,3.61,82,0,
2026-05-16T16:01:57.051219,GET,/api/mixed/http/,107.64,55353,0,
2026-05-16T16:01:57.052795,GET,/api/mixed/pipeline/1/,3.35,82,0,
2026-05-16T16:01:57.058419,GET,/api/mixed/http/,107.28,55353,0,
2026-05-16T16:01:57.070826,GET,/api/mixed/pipeline/1/,3.55,82,0,
2026-05-16T16:01:57.074341,GET,/api/mixed/db/1/,4.28,247,0,
2026-05-16T16:01:57.082101,GET,/api/mixed/http/,108.08,55353,0,
2026-05-16T16:01:57.103195,GET,/api/mixed/db/1/,5.26,247,0,
2026-05-16T16:01:57.111785,GET,/api/mixed/http/,108.06,55353,0,
2026-05-16T16:01:57.134754,GET,/api/mixed/pipeline/1/,3.37,82,0,
2026-05-16T16:01:57.144421,GET,/api/mixed/pipeline/1/,3.29,82,0,
2026-05-16T16:01:57.151811,GET,/api/mixed/http/,108.7,55353,0,
2026-05-16T16:01:57.167768,GET,/api/mixed/http/,107.94,55353,0,
2026-05-16T16:01:57.174229,GET,/api/mixed/pipeline/1/,3.0,82,0,
2026-05-16T16:01:57.179032,GET,/api/mixed/db/1/,4.67,247,0,
2026-05-16T16:01:57.179579,GET,/api/mixed/http/,109.95,55353,0,
2026-05-16T16:01:57.194710,GET,/api/mixed/http/,108.9,55353,0,
2026-05-16T16:01:57.207680,GET,/api/mixed/http/,108.23,55353,0,
2026-05-16T16:01:57.219345,GET,/api/mixed/pipeline/1/,3.4,82,0,
2026-05-16T16:01:57.220471,GET,/api/mixed/http/,108.57,55353,0,
2026-05-16T16:01:57.223850,GET,/api/mixed/pipeline/1/,3.27,82,0,
2026-05-16T16:01:57.224614,GET,/api/mixed/http/,108.96,55353,0,
2026-05-16T16:01:57.234544,GET,/api/mixed/db/1/,5.1,247,0,
2026-05-16T16:01:57.238628,GET,/api/mixed/db/1/,5.01,247,0,
2026-05-16T16:01:57.255736,GET,/api/mixed/db/1/,5.06,247,0,
2026-05-16T16:01:57.263208,GET,/api/mixed/db/1/,4.18,247,0,
2026-05-16T16:01:57.268614,GET,/api/mixed/pipeline/1/,4.06,82,0,
2026-05-16T16:01:57.270007,GET,/api/mixed/db/1/,4.94,247,0,
2026-05-16T16:01:57.310918,GET,/api/mixed/http/,111.89,55353,0,
2026-05-16T16:01:57.341563,GET,/api/mixed/pipeline/1/,8.07,82,0,
2026-05-16T16:01:57.342284,GET,/api/mixed/http/,113.47,55353,0,
2026-05-16T16:01:57.343319,GET,/api/mixed/db/1/,4.19,247,0,
2026-05-16T16:01:57.344543,GET,/api/mixed/http/,111.55,55353,0,
2026-05-16T16:01:57.348608,GET,/api/mixed/pipeline/1/,3.96,82,0,
2026-05-16T16:01:57.351394,GET,/api/mixed/http/,108.54,55353,0,
2026-05-16T16:01:57.357869,GET,/api/mixed/db/1/,4.15,247,0,
2026-05-16T16:01:57.361309,GET,/api/mixed/db/1/,4.26,247,0,
2026-05-16T16:01:57.374763,GET,/api/mixed/db/1/,4.03,247,0,
2026-05-16T16:01:57.389066,GET,/api/mixed/db/1/,5.86,247,0,
2026-05-16T16:01:57.396308,GET,/api/mixed/db/1/,5.19,247,0,
2026-05-16T16:01:57.409729,GET,/api/mixed/pipeline/1/,3.57,82,0,
2026-05-16T16:01:57.412970,GET,/api/mixed/db/1/,7.29,247,0,
2026-05-16T16:01:57.425778,GET,/api/mixed/http/,108.61,55353,0,
2026-05-16T16:01:57.428322,GET,/api/mixed/db/1/,5.06,247,0,
2026-05-16T16:01:57.445183,GET,/api/mixed/http/,115.19,55353,0,
2026-05-16T16:01:57.460427,GET,/api/mixed/pipeline/1/,3.79,82,0,
2026-05-16T16:01:57.483242,GET,/api/mixed/db/1/,4.21,247,0,
2026-05-16T16:01:57.483669,GET,/api/mixed/db/1/,5.85,247,0,
2026-05-16T16:01:57.484610,GET,/api/mixed/db/1/,4.72,247,0,
2026-05-16T16:01:57.487366,GET,/api/mixed/pipeline/1/,3.6,82,0,
2026-05-16T16:01:57.496417,GET,/api/mixed/http/,109.52,55353,0,
2026-05-16T16:01:57.518126,GET,/api/mixed/http/,110.01,55353,0,
2026-05-16T16:01:57.521460,GET,/api/mixed/db/1/,4.7,247,0,
2026-05-16T16:01:57.535853,GET,/api/mixed/http/,108.79,55353,0,
2026-05-16T16:01:57.552025,GET,/api/mixed/pipeline/1/,4.57,82,0,
2026-05-16T16:01:57.552700,GET,/api/mixed/http/,108.75,55353,0,
2026-05-16T16:01:57.556518,GET,/api/mixed/db/1/,5.56,247,0,
2026-05-16T16:01:57.557629,GET,/api/mixed/db/1/,4.57,247,0,
2026-05-16T16:01:57.565592,GET,/api/mixed/http/,109.52,55353,0,
2026-05-16T16:01:57.596047,GET,/api/mixed/pipeline/1/,3.5,82,0,
2026-05-16T16:01:57.600102,GET,/api/mixed/http/,108.47,55353,0,
2026-05-16T16:01:57.627063,GET,/api/mixed/db/1/,4.32,247,0,
2026-05-16T16:01:57.635557,GET,/api/mixed/db/1/,4.08,247,0,
2026-05-16T16:01:57.652779,GET,/api/mixed/pipeline/1/,3.85,82,0,
2026-05-16T16:01:57.655734,GET,/api/mixed/http/,109.64,55353,0,
2026-05-16T16:01:57.657455,GET,/api/mixed/http/,109.12,55353,0,
2026-05-16T16:01:57.662225,GET,/api/mixed/http/,108.21,55353,0,
2026-05-16T16:01:57.672898,GET,/api/mixed/http/,108.98,55353,0,
2026-05-16T16:01:57.706782,GET,/api/mixed/db/1/,4.51,247,0,
2026-05-16T16:01:57.710164,GET,/api/mixed/http/,107.67,55353,0,
2026-05-16T16:01:57.711874,GET,/api/mixed/db/1/,3.87,247,0,
2026-05-16T16:01:57.720498,GET,/api/mixed/pipeline/1/,3.26,82,0,
2026-05-16T16:01:57.724314,GET,/api/mixed/http/,108.16,55353,0,
2026-05-16T16:01:57.733350,GET,/api/mixed/pipeline/1/,2.86,82,0,
2026-05-16T16:01:57.748732,GET,/api/mixed/db/1/,4.52,247,0,
2026-05-16T16:01:57.749134,GET,/api/mixed/db/1/,4.5,247,0,
2026-05-16T16:01:57.755562,GET,/api/mixed/pipeline/1/,3.24,82,0,
2026-05-16T16:01:57.757288,GET,/api/mixed/http/,107.82,55353,0,
2026-05-16T16:01:57.798095,GET,/api/mixed/pipeline/1/,3.15,82,0,
2026-05-16T16:01:57.807472,GET,/api/mixed/pipeline/1/,3.97,82,0,
2026-05-16T16:01:57.817800,GET,/api/mixed/db/1/,3.99,247,0,
2026-05-16T16:01:57.825249,GET,/api/mixed/pipeline/1/,2.79,82,0,
2026-05-16T16:01:57.836273,GET,/api/mixed/pipeline/1/,2.92,82,0,
2026-05-16T16:01:57.844831,GET,/api/mixed/http/,108.1,55353,0,
2026-05-16T16:01:57.854224,GET,/api/mixed/pipeline/1/,2.67,82,0,
2026-05-16T16:01:57.863796,GET,/api/mixed/http/,109.02,55353,0,
2026-05-16T16:01:57.870062,GET,/api/mixed/pipeline/1/,2.87,82,0,
2026-05-16T16:01:57.876804,GET,/api/mixed/pipeline/1/,3.38,82,0,
2026-05-16T16:01:57.878288,GET,/api/mixed/db/1/,3.96,247,0,
2026-05-16T16:01:57.884341,GET,/api/mixed/pipeline/1/,2.75,82,0,
2026-05-16T16:01:57.888278,GET,/api/mixed/pipeline/1/,2.59,82,0,
2026-05-16T16:01:57.897240,GET,/api/mixed/pipeline/1/,2.8,82,0,
2026-05-16T16:01:57.898943,GET,/api/mixed/http/,107.72,55353,0,
2026-05-16T16:01:57.899419,GET,/api/mixed/http/,108.74,55353,0,
2026-05-16T16:01:57.921361,GET,/api/mixed/db/1/,3.93,247,0,
2026-05-16T16:01:57.924521,GET,/api/mixed/http/,108.14,55353,0,
2026-05-16T16:01:57.930620,GET,/api/mixed/pipeline/1/,2.75,82,0,
2026-05-16T16:01:57.941767,GET,/api/mixed/http/,112.75,55353,0,
2026-05-16T16:01:57.957912,GET,/api/mixed/http/,107.76,55353,0,
2026-05-16T16:01:57.964943,GET,/api/mixed/db/1/,3.7,247,0,
2026-05-16T16:01:58.025263,GET,/api/mixed/http/,112.49,55353,0,
2026-05-16T16:01:58.029156,GET,/api/mixed/http/,109.23,55353,0,
2026-05-16T16:01:58.039790,GET,/api/mixed/db/1/,3.81,247,0,
2026-05-16T16:01:58.041652,GET,/api/mixed/http/,108.84,55353,0,
2026-05-16T16:01:58.044796,GET,/api/mixed/http/,107.59,55353,0,
2026-05-16T16:01:58.045414,GET,/api/mixed/db/1/,3.65,247,0,
2026-05-16T16:01:58.053927,GET,/api/mixed/http/,108.82,55353,0,
2026-05-16T16:01:58.056937,GET,/api/mixed/pipeline/1/,4.55,82,0,
2026-05-16T16:01:58.058267,GET,/api/mixed/db/1/,5.35,247,0,
2026-05-16T16:01:58.059311,GET,/api/mixed/db/1/,5.24,247,0,
2026-05-16T16:01:58.061725,GET,/api/mixed/pipeline/1/,4.31,82,0,
2026-05-16T16:01:58.062807,GET,/api/mixed/db/1/,4.42,247,0,
2026-05-16T16:01:58.074680,GET,/api/mixed/db/1/,4.67,247,0,
2026-05-16T16:01:58.086632,GET,/api/mixed/pipeline/1/,6.9,82,0,
2026-05-16T16:01:58.087084,GET,/api/mixed/pipeline/1/,4.6,82,0,
2026-05-16T16:01:58.115721,GET,/api/mixed/http/,108.37,55353,0,
2026-05-16T16:01:58.116196,GET,/api/mixed/http/,108.34,55353,0,
2026-05-16T16:01:58.126601,GET,/api/mixed/http/,108.96,55353,0,
2026-05-16T16:01:58.134987,GET,/api/mixed/pipeline/1/,3.16,82,0,
2026-05-16T16:01:58.142074,GET,/api/mixed/http/,108.57,55353,0,
2026-05-16T16:01:58.142898,GET,/api/mixed/http/,107.88,55353,0,
2026-05-16T16:01:58.148946,GET,/api/mixed/http/,108.2,55353,0,
2026-05-16T16:01:58.155229,GET,/api/mixed/db/1/,4.0,247,0,
2026-05-16T16:01:58.176507,GET,/api/mixed/pipeline/1/,3.06,82,0,
2026-05-16T16:01:58.182147,GET,/api/mixed/http/,108.51,55353,0,
2026-05-16T16:01:58.227538,GET,/api/mixed/http/,108.12,55353,0,
2026-05-16T16:01:58.281543,GET,/api/mixed/db/1/,4.3,247,0,
2026-05-16T16:01:58.299435,GET,/api/mixed/db/1/,4.6,247,0,
2026-05-16T16:01:58.306310,GET,/api/mixed/http/,107.81,55353,0,
2026-05-16T16:01:58.314513,GET,/api/mixed/pipeline/1/,2.9,82,0,
2026-05-16T16:01:58.352462,GET,/api/mixed/http/,109.68,55353,0,
2026-05-16T16:01:58.354143,GET,/api/mixed/http/,107.42,55353,0,
2026-05-16T16:01:58.368233,GET,/api/mixed/pipeline/1/,3.31,82,0,
2026-05-16T16:01:58.370405,GET,/api/mixed/pipeline/1/,3.02,82,0,
2026-05-16T16:01:58.386959,GET,/api/mixed/db/1/,3.84,247,0,
2026-05-16T16:01:58.395037,GET,/api/mixed/db/1/,3.73,247,0,
2026-05-16T16:01:58.414230,GET,/api/mixed/pipeline/1/,2.84,82,0,
2026-05-16T16:01:58.418112,GET,/api/mixed/pipeline/1/,2.55,82,0,
2026-05-16T16:01:58.437851,GET,/api/mixed/http/,108.96,55353,0,
2026-05-16T16:01:58.447597,GET,/api/mixed/db/1/,4.47,247,0,
2026-05-16T16:01:58.458778,GET,/api/mixed/db/1/,3.95,247,0,
2026-05-16T16:01:58.460494,GET,/api/mixed/pipeline/1/,3.1,82,0,
2026-05-16T16:01:58.469981,GET,/api/mixed/http/,107.66,55353,0,
2026-05-16T16:01:58.491092,GET,/api/mixed/http/,108.42,55353,0,
2026-05-16T16:01:58.503392,GET,/api/mixed/pipeline/1/,2.96,82,0,
2026-05-16T16:01:58.510355,GET,/api/mixed/pipeline/1/,2.63,82,0,
2026-05-16T16:01:58.516754,GET,/api/mixed/pipeline/1/,3.17,82,0,
2026-05-16T16:01:58.522470,GET,/api/mixed/pipeline/1/,2.86,82,0,
2026-05-16T16:01:58.528851,GET,/api/mixed/db/1/,4.13,247,0,
2026-05-16T16:01:58.530463,GET,/api/mixed/http/,109.04,55353,0,
2026-05-16T16:01:58.534327,GET,/api/mixed/http/,107.54,55353,0,
2026-05-16T16:01:58.540296,GET,/api/mixed/pipeline/1/,2.67,82,0,
2026-05-16T16:01:58.576378,GET,/api/mixed/db/1/,7.16,247,0,
2026-05-16T16:01:58.576908,GET,/api/mixed/http/,111.21,55353,0,
2026-05-16T16:01:58.583584,GET,/api/mixed/pipeline/1/,3.39,82,0,
2026-05-16T16:01:58.585084,GET,/api/mixed/db/1/,4.45,247,0,
2026-05-16T16:01:58.593986,GET,/api/mixed/pipeline/1/,3.6,82,0,
2026-05-16T16:01:58.594765,GET,/api/mixed/db/1/,3.85,247,0,
2026-05-16T16:01:58.610939,GET,/api/mixed/pipeline/1/,3.34,82,0,
2026-05-16T16:01:58.627545,GET,/api/mixed/http/,108.39,55353,0,
2026-05-16T16:01:58.634953,GET,/api/mixed/http/,107.77,55353,0,
2026-05-16T16:01:58.637015,GET,/api/mixed/http/,108.05,55353,0,
2026-05-16T16:01:58.668047,GET,/api/mixed/http/,108.39,55353,0,
2026-05-16T16:01:58.669842,GET,/api/mixed/db/1/,4.34,247,0,
2026-05-16T16:01:58.679274,GET,/api/mixed/http/,108.78,55353,0,
2026-05-16T16:01:58.687741,GET,/api/mixed/pipeline/1/,3.09,82,0,
2026-05-16T16:01:58.696962,GET,/api/mixed/db/1/,3.87,247,0,
2026-05-16T16:01:58.703446,GET,/api/mixed/pipeline/1/,4.23,82,0,
2026-05-16T16:01:58.712459,GET,/api/mixed/http/,109.47,55353,0,
2026-05-16T16:01:58.718811,GET,/api/mixed/http/,107.76,55353,0,
2026-05-16T16:01:58.726359,GET,/api/mixed/db/1/,3.74,247,0,
2026-05-16T16:01:58.728432,GET,/api/mixed/pipeline/1/,3.15,82,0,
2026-05-16T16:01:58.733017,GET,/api/mixed/http/,108.61,55353,0,
2026-05-16T16:01:58.745948,GET,/api/mixed/db/1/,4.01,247,0,
2026-05-16T16:01:58.749150,GET,/api/mixed/http/,107.94,55353,0,
2026-05-16T16:01:58.756129,GET,/api/mixed/pipeline/1/,2.68,82,0,
2026-05-16T16:01:58.759568,GET,/api/mixed/http/,108.84,55353,0,
2026-05-16T16:01:58.766214,GET,/api/mixed/db/1/,4.38,247,0,
2026-05-16T16:01:58.799136,GET,/api/mixed/pipeline/1/,3.16,82,0,
2026-05-16T16:01:58.809329,GET,/api/mixed/pipeline/1/,3.88,82,0,
2026-05-16T16:01:58.813398,GET,/api/mixed/http/,108.69,55353,0,
2026-05-16T16:01:58.813920,GET,/api/mixed/http/,107.93,55353,0,
2026-05-16T16:01:58.832986,GET,/api/mixed/http/,110.87,55353,0,
2026-05-16T16:01:58.845001,GET,/api/mixed/http/,107.66,55353,0,
2026-05-16T16:01:58.846138,GET,/api/mixed/pipeline/1/,3.95,82,0,
2026-05-16T16:01:58.846825,GET,/api/mixed/db/1/,4.07,247,0,
2026-05-16T16:01:58.851024,GET,/api/mixed/pipeline/1/,2.89,82,0,
2026-05-16T16:01:58.858345,GET,/api/mixed/pipeline/1/,2.94,82,0,
2026-05-16T16:01:58.867717,GET,/api/mixed/pipeline/1/,3.11,82,0,
2026-05-16T16:01:58.877264,GET,/api/mixed/pipeline/1/,3.29,82,0,
2026-05-16T16:01:58.878427,GET,/api/mixed/http/,107.85,55353,0,
2026-05-16T16:01:58.887408,GET,/api/mixed/db/1/,4.72,247,0,
2026-05-16T16:01:58.891181,GET,/api/mixed/pipeline/1/,4.67,82,0,
2026-05-16T16:01:58.893127,GET,/api/mixed/db/1/,4.68,247,0,
2026-05-16T16:01:58.894484,GET,/api/mixed/http/,108.35,55353,0,
2026-05-16T16:01:58.927880,GET,/api/mixed/db/1/,4.13,247,0,
2026-05-16T16:01:58.951609,GET,/api/mixed/pipeline/1/,3.38,82,0,
2026-05-16T16:01:58.954957,GET,/api/mixed/db/1/,4.19,247,0,
2026-05-16T16:01:58.959977,GET,/api/mixed/pipeline/1/,2.71,82,0,
2026-05-16T16:01:58.973557,GET,/api/mixed/pipeline/1/,3.26,82,0,
2026-05-16T16:01:58.992552,GET,/api/mixed/http/,108.95,55353,0,
2026-05-16T16:01:58.996698,GET,/api/mixed/http/,107.73,55353,0,
2026-05-16T16:01:59.013919,GET,/api/mixed/db/1/,4.01,247,0,
2026-05-16T16:01:59.019663,GET,/api/mixed/db/1/,3.5,247,0,
2026-05-16T16:01:59.042780,GET,/api/mixed/pipeline/1/,3.15,82,0,
2026-05-16T16:01:59.058978,GET,/api/mixed/db/1/,3.95,247,0,
2026-05-16T16:01:59.082433,GET,/api/mixed/http/,109.7,55353,0,
2026-05-16T16:01:59.097321,GET,/api/mixed/http/,107.66,55353,0,
2026-05-16T16:01:59.097745,GET,/api/mixed/db/1/,3.92,247,0,
2026-05-16T16:01:59.104982,GET,/api/mixed/pipeline/1/,2.98,82,0,
2026-05-16T16:01:59.127297,GET,/api/mixed/http/,107.53,55353,0,
2026-05-16T16:01:59.131045,GET,/api/mixed/http/,107.91,55353,0,
2026-05-16T16:01:59.151969,GET,/api/mixed/pipeline/1/,3.73,82,0,
2026-05-16T16:01:59.177231,GET,/api/mixed/pipeline/1/,2.86,82,0,
2026-05-16T16:01:59.183129,GET,/api/mixed/http/,111.8,55353,0,
2026-05-16T16:01:59.195495,GET,/api/mixed/http/,108.76,55353,0,
2026-05-16T16:01:59.199330,GET,/api/mixed/http/,107.93,55353,0,
2026-05-16T16:01:59.201721,GET,/api/mixed/pipeline/1/,3.37,82,0,
2026-05-16T16:01:59.215775,GET,/api/mixed/db/1/,3.85,247,0,
2026-05-16T16:01:59.221247,GET,/api/mixed/db/1/,3.77,247,0,
2026-05-16T16:01:59.233305,GET,/api/mixed/pipeline/1/,3.33,82,0,
2026-05-16T16:01:59.255316,GET,/api/mixed/pipeline/1/,2.93,82,0,
2026-05-16T16:01:59.260458,GET,/api/mixed/http/,109.38,55353,0,
2026-05-16T16:01:59.264077,GET,/api/mixed/pipeline/1/,5.48,82,0,
2026-05-16T16:01:59.265939,GET,/api/mixed/db/1/,5.27,247,0,
2026-05-16T16:01:59.266520,GET,/api/mixed/db/1/,4.85,247,0,
2026-05-16T16:01:59.267081,GET,/api/mixed/http/,111.08,55353,0,
2026-05-16T16:01:59.270553,GET,/api/mixed/db/1/,5.54,247,0,
2026-05-16T16:01:59.273455,GET,/api/mixed/http/,107.74,55353,0,
2026-05-16T16:01:59.291460,GET,/api/mixed/pipeline/1/,3.08,82,0,
2026-05-16T16:01:59.293668,GET,/api/mixed/http/,108.2,55353,0,
2026-05-16T16:01:59.325804,GET,/api/mixed/http/,111.37,55353,0,
2026-05-16T16:01:59.330800,GET,/api/mixed/http/,108.38,55353,0,
2026-05-16T16:01:59.341039,GET,/api/mixed/http/,108.57,55353,0,
2026-05-16T16:01:59.344118,GET,/api/mixed/db/1/,4.08,247,0,
2026-05-16T16:01:59.375106,GET,/api/mixed/http/,107.92,55353,0,
2026-05-16T16:01:59.377222,GET,/api/mixed/http/,107.71,55353,0,
2026-05-16T16:01:59.379345,GET,/api/mixed/pipeline/1/,2.98,82,0,
2026-05-16T16:01:59.385948,GET,/api/mixed/http/,108.25,55353,0,
2026-05-16T16:01:59.386429,GET,/api/mixed/http/,107.71,55353,0,
2026-05-16T16:01:59.392782,GET,/api/mixed/http/,107.79,55353,0,
2026-05-16T16:01:59.398019,GET,/api/mixed/pipeline/1/,2.68,82,0,
2026-05-16T16:01:59.418753,GET,/api/mixed/http/,107.86,55353,0,
2026-05-16T16:01:59.428915,GET,/api/mixed/db/1/,3.82,247,0,
2026-05-16T16:01:59.441370,GET,/api/mixed/pipeline/1/,2.65,82,0,
2026-05-16T16:01:59.471999,GET,/api/mixed/db/1/,5.82,247,0,
2026-05-16T16:01:59.472438,GET,/api/mixed/db/1/,5.23,247,0,
2026-05-16T16:01:59.475924,GET,/api/mixed/http/,107.46,55353,0,
2026-05-16T16:01:59.491268,GET,/api/mixed/db/1/,3.97,247,0,
2026-05-16T16:01:59.498967,GET,/api/mixed/http/,108.4,55353,0,
2026-05-16T16:01:59.499392,GET,/api/mixed/db/1/,3.89,247,0,
2026-05-16T16:01:59.499848,GET,/api/mixed/http/,108.27,55353,0,
2026-05-16T16:01:59.506243,GET,/api/mixed/db/1/,4.09,247,0,
2026-05-16T16:01:59.509513,GET,/api/mixed/db/1/,4.09,247,0,
2026-05-16T16:01:59.534905,GET,/api/mixed/pipeline/1/,3.01,82,0,
2026-05-16T16:01:59.543581,GET,/api/mixed/http/,108.3,55353,0,
2026-05-16T16:01:59.556979,GET,/api/mixed/pipeline/1/,3.05,82,0,
2026-05-16T16:01:59.561965,GET,/api/mixed/db/1/,3.64,247,0,
2026-05-16T16:01:59.568692,GET,/api/mixed/pipeline/1/,2.56,82,0,
2026-05-16T16:01:59.574380,GET,/api/mixed/http/,112.68,55353,0,
2026-05-16T16:01:59.582187,GET,/api/mixed/db/1/,4.81,247,0,
2026-05-16T16:01:59.582722,GET,/api/mixed/http/,112.63,55353,0,
2026-05-16T16:01:59.583094,GET,/api/mixed/db/1/,4.81,247,0,
2026-05-16T16:01:59.587023,GET,/api/mixed/db/1/,3.84,247,0,
2026-05-16T16:01:59.590886,GET,/api/mixed/db/1/,3.75,247,0,
2026-05-16T16:01:59.601540,GET,/api/mixed/pipeline/1/,3.42,82,0,
2026-05-16T16:01:59.604890,GET,/api/mixed/db/1/,4.23,247,0,
2026-05-16T16:01:59.624475,GET,/api/mixed/db/1/,3.74,247,0,
2026-05-16T16:01:59.647890,GET,/api/mixed/http/,107.75,55353,0,
2026-05-16T16:01:59.660415,GET,/api/mixed/db/1/,4.1,247,0,
2026-05-16T16:01:59.673010,GET,/api/mixed/pipeline/1/,3.2,82,0,
2026-05-16T16:01:59.686219,GET,/api/mixed/http/,110.91,55353,0,
2026-05-16T16:01:59.691159,GET,/api/mixed/db/1/,4.8,247,0,
2026-05-16T16:01:59.707070,GET,/api/mixed/pipeline/1/,3.65,82,0,
2026-05-16T16:01:59.708437,GET,/api/mixed/db/1/,3.88,247,0,
2026-05-16T16:01:59.721778,GET,/api/mixed/http/,107.58,55353,0,
2026-05-16T16:01:59.729356,GET,/api/mixed/pipeline/1/,4.34,82,0,
2026-05-16T16:01:59.736307,GET,/api/mixed/http/,107.66,55353,0,
2026-05-16T16:01:59.750774,GET,/api/mixed/pipeline/1/,3.04,82,0,
2026-05-16T16:01:59.789509,GET,/api/mixed/pipeline/1/,2.94,82,0,
2026-05-16T16:01:59.793321,GET,/api/mixed/pipeline/1/,2.61,82,0,
2026-05-16T16:01:59.798628,GET,/api/mixed/http/,108.59,55353,0,
2026-05-16T16:01:59.817364,GET,/api/mixed/db/1/,4.4,247,0,
2026-05-16T16:01:59.817776,GET,/api/mixed/db/1/,4.34,247,0,
2026-05-16T16:01:59.852477,GET,/api/mixed/pipeline/1/,3.64,82,0,
2026-05-16T16:01:59.853126,GET,/api/mixed/db/1/,4.69,247,0,
2026-05-16T16:01:59.853505,GET,/api/mixed/db/1/,5.58,247,0,
2026-05-16T16:01:59.880279,GET,/api/mixed/pipeline/1/,3.26,82,0,
2026-05-16T16:01:59.882194,GET,/api/mixed/http/,108.08,55353,0,
2026-05-16T16:01:59.887695,GET,/api/mixed/http/,107.67,55353,0,
2026-05-16T16:01:59.903439,GET,/api/mixed/db/1/,4.46,247,0,
2026-05-16T16:01:59.910385,GET,/api/mixed/pipeline/1/,3.08,82,0,
2026-05-16T16:01:59.929968,GET,/api/mixed/db/1/,5.31,247,0,
2026-05-16T16:01:59.930463,GET,/api/mixed/http/,110.97,55353,0,
2026-05-16T16:01:59.935633,GET,/api/mixed/pipeline/1/,2.8,82,0,
2026-05-16T16:01:59.943906,GET,/api/mixed/pipeline/1/,3.85,82,0,
2026-05-16T16:01:59.989673,GET,/api/mixed/db/1/,4.18,247,0,
2026-05-16T16:01:59.994465,GET,/api/mixed/db/1/,4.2,247,0,
2026-05-16T16:02:00.000377,GET,/api/mixed/db/1/,3.55,247,0,
2026-05-16T16:02:00.011530,GET,/api/mixed/http/,109.03,55353,0,
2026-05-16T16:02:00.015257,GET,/api/mixed/http/,108.49,55353,0,
2026-05-16T16:02:00.023559,GET,/api/mixed/db/1/,4.07,247,0,
2026-05-16T16:02:00.048438,GET,/api/mixed/http/,107.83,55353,0,
2026-05-16T16:02:00.048867,GET,/api/mixed/db/1/,4.18,247,0,
2026-05-16T16:02:00.053506,GET,/api/mixed/http/,108.25,55353,0,
2026-05-16T16:02:00.054377,GET,/api/mixed/http/,107.77,55353,0,
2026-05-16T16:02:00.056557,GET,/api/mixed/db/1/,4.21,247,0,
2026-05-16T16:02:00.060513,GET,/api/mixed/db/1/,3.85,247,0,
2026-05-16T16:02:00.064606,GET,/api/mixed/db/1/,3.75,247,0,
2026-05-16T16:02:00.073368,GET,/api/mixed/pipeline/1/,3.23,82,0,
2026-05-16T16:02:00.080750,GET,/api/mixed/pipeline/1/,3.02,82,0,
2026-05-16T16:02:00.084207,GET,/api/mixed/db/1/,4.23,247,0,
2026-05-16T16:02:00.090582,GET,/api/mixed/http/,107.65,55353,0,
2026-05-16T16:02:00.097939,GET,/api/mixed/http/,108.15,55353,0,
2026-05-16T16:02:00.112483,GET,/api/mixed/http/,107.86,55353,0,
2026-05-16T16:02:00.151681,GET,/api/mixed/http/,108.93,55353,0,
2026-05-16T16:02:00.152408,GET,/api/mixed/http/,108.32,55353,0,
2026-05-16T16:02:00.155185,GET,/api/mixed/db/1/,5.02,247,0,
2026-05-16T16:02:00.162015,GET,/api/mixed/db/1/,4.51,247,0,
2026-05-16T16:02:00.162437,GET,/api/mixed/db/1/,4.48,247,0,
2026-05-16T16:02:00.167482,GET,/api/mixed/http/,108.33,55353,0,
2026-05-16T16:02:00.211583,GET,/api/mixed/http/,108.28,55353,0,
2026-05-16T16:02:00.221920,GET,/api/mixed/pipeline/1/,3.06,82,0,
2026-05-16T16:02:00.223153,GET,/api/mixed/http/,107.45,55353,0,
2026-05-16T16:02:00.234825,GET,/api/mixed/pipeline/1/,2.76,82,0,
2026-05-16T16:02:00.241976,GET,/api/mixed/pipeline/1/,2.79,82,0,
2026-05-16T16:02:00.250525,GET,/api/mixed/pipeline/1/,3.12,82,0,
2026-05-16T16:02:00.253928,GET,/api/mixed/db/1/,4.23,247,0,
2026-05-16T16:02:00.286598,GET,/api/mixed/db/1/,10.31,247,0,
2026-05-16T16:02:00.287849,GET,/api/mixed/pipeline/1/,8.04,82,0,
2026-05-16T16:02:00.312205,GET,/api/mixed/pipeline/1/,18.88,82,0,
2026-05-16T16:02:00.312835,GET,/api/mixed/pipeline/1/,13.72,82,0,
2026-05-16T16:02:00.313668,GET,/api/mixed/db/1/,11.38,247,0,
2026-05-16T16:02:00.339071,GET,/api/mixed/http/,112.59,55353,0,
2026-05-16T16:02:00.354715,GET,/api/mixed/db/1/,4.16,247,0,
2026-05-16T16:02:00.357400,GET,/api/mixed/db/1/,4.16,247,0,
2026-05-16T16:02:00.406734,GET,/api/mixed/pipeline/1/,3.76,82,0,
2026-05-16T16:02:00.426703,GET,/api/mixed/http/,109.72,55353,0,
2026-05-16T16:02:00.427152,GET,/api/mixed/db/1/,5.19,247,0,
2026-05-16T16:02:00.432969,GET,/api/mixed/db/1/,4.6,247,0,
2026-05-16T16:02:00.455992,GET,/api/mixed/pipeline/1/,5.71,82,0,
2026-05-16T16:02:00.470802,GET,/api/mixed/db/1/,5.43,247,0,
2026-05-16T16:02:00.474590,GET,/api/mixed/http/,109.81,55353,0,
2026-05-16T16:02:00.479387,GET,/api/mixed/pipeline/1/,4.61,82,0,
2026-05-16T16:02:00.481070,GET,/api/mixed/db/1/,5.16,247,0,
2026-05-16T16:02:00.497966,GET,/api/mixed/pipeline/1/,3.67,82,0,
2026-05-16T16:02:00.499665,GET,/api/mixed/http/,111.14,55353,0,
2026-05-16T16:02:00.501578,GET,/api/mixed/http/,111.56,55353,0,
2026-05-16T16:02:00.513611,GET,/api/mixed/http/,109.2,55353,0,
2026-05-16T16:02:00.535231,GET,/api/mixed/db/1/,4.31,247,0,
2026-05-16T16:02:00.544204,GET,/api/mixed/pipeline/1/,3.55,82,0,
2026-05-16T16:02:00.561400,GET,/api/mixed/http/,110.07,55353,0,
2026-05-16T16:02:00.579459,GET,/api/mixed/pipeline/1/,4.72,82,0,
2026-05-16T16:02:00.581052,GET,/api/mixed/db/1/,4.33,247,0,
2026-05-16T16:02:00.583461,GET,/api/mixed/http/,110.44,55353,0,
2026-05-16T16:02:00.600255,GET,/api/mixed/pipeline/1/,3.02,82,0,
2026-05-16T16:02:00.600697,GET,/api/mixed/pipeline/1/,4.01,82,0,
2026-05-16T16:02:00.619159,GET,/api/mixed/pipeline/1/,3.16,82,0,
2026-05-16T16:02:00.631770,GET,/api/mixed/pipeline/1/,3.2,82,0,
2026-05-16T16:02:00.659439,GET,/api/mixed/db/1/,7.0,247,0,
2026-05-16T16:02:00.659893,GET,/api/mixed/db/1/,5.51,247,0,
2026-05-16T16:02:00.677252,GET,/api/mixed/http/,109.46,55353,0,
2026-05-16T16:02:00.679668,GET,/api/mixed/pipeline/1/,3.38,82,0,
2026-05-16T16:02:00.680414,GET,/api/mixed/db/1/,4.69,247,0,
2026-05-16T16:02:00.697817,GET,/api/mixed/pipeline/1/,3.18,82,0,
2026-05-16T16:02:00.717799,GET,/api/mixed/pipeline/1/,2.96,82,0,
2026-05-16T16:02:00.742984,GET,/api/mixed/http/,108.88,55353,0,
2026-05-16T16:02:00.746444,GET,/api/mixed/http/,107.86,55353,0,
2026-05-16T16:02:00.750811,GET,/api/mixed/pipeline/1/,3.0,82,0,
2026-05-16T16:02:00.766644,GET,/api/mixed/pipeline/1/,2.75,82,0,
2026-05-16T16:02:00.775638,GET,/api/mixed/http/,109.46,55353,0,
2026-05-16T16:02:00.792994,GET,/api/mixed/db/1/,5.02,247,0,
2026-05-16T16:02:00.822719,GET,/api/mixed/pipeline/1/,5.54,82,0,
2026-05-16T16:02:00.825655,GET,/api/mixed/http/,111.49,55353,0,
2026-05-16T16:02:00.840095,GET,/api/mixed/http/,110.88,55353,0,
2026-05-16T16:02:00.847100,GET,/api/mixed/http/,109.98,55353,0,
2026-05-16T16:02:00.847576,GET,/api/mixed/http/,108.15,55353,0,
2026-05-16T16:02:00.858106,GET,/api/mixed/db/1/,4.2,247,0,
2026-05-16T16:02:00.860536,GET,/api/mixed/http/,108.33,55353,0,
2026-05-16T16:02:00.864385,GET,/api/mixed/http/,107.98,55353,0,
2026-05-16T16:02:00.868237,GET,/api/mixed/db/1/,6.44,247,0,
2026-05-16T16:02:00.872730,GET,/api/mixed/db/1/,6.17,247,0,
2026-05-16T16:02:00.874492,GET,/api/mixed/db/1/,4.44,247,0,
2026-05-16T16:02:00.877691,GET,/api/mixed/db/1/,4.01,247,0,
2026-05-16T16:02:00.889956,GET,/api/mixed/http/,109.06,55353,0,
2026-05-16T16:02:00.890376,GET,/api/mixed/pipeline/1/,3.08,82,0,
2026-05-16T16:02:00.906268,GET,/api/mixed/pipeline/1/,2.92,82,0,
2026-05-16T16:02:00.906715,GET,/api/mixed/pipeline/1/,3.92,82,0,
2026-05-16T16:02:00.916193,GET,/api/mixed/http/,109.91,55353,0,
2026-05-16T16:02:00.924709,GET,/api/mixed/db/1/,4.03,247,0,
2026-05-16T16:02:00.926281,GET,/api/mixed/http/,110.32,55353,0,
2026-05-16T16:02:00.935339,GET,/api/mixed/http/,110.84,55353,0,
2026-05-16T16:02:00.945201,GET,/api/mixed/http/,107.98,55353,0,
2026-05-16T16:02:00.951411,GET,/api/mixed/pipeline/1/,4.99,82,0,
2026-05-16T16:02:00.954968,GET,/api/mixed/pipeline/1/,3.41,82,0,
2026-05-16T16:02:00.959901,GET,/api/mixed/pipeline/1/,2.6,82,0,
2026-05-16T16:02:00.968671,GET,/api/mixed/pipeline/1/,4.37,82,0,
2026-05-16T16:02:00.969871,GET,/api/mixed/db/1/,6.5,247,0,
2026-05-16T16:02:00.971878,GET,/api/mixed/http/,109.65,55353,0,
2026-05-16T16:02:00.986474,GET,/api/mixed/pipeline/1/,3.33,82,0,
2026-05-16T16:02:00.988233,GET,/api/mixed/http/,109.35,55353,0,
2026-05-16T16:02:00.996098,GET,/api/mixed/pipeline/1/,3.61,82,0,
2026-05-16T16:02:01.021074,GET,/api/mixed/db/1/,9.65,247,0,
2026-05-16T16:02:01.021561,GET,/api/mixed/db/1/,5.73,247,0,
2026-05-16T16:02:01.038172,GET,/api/mixed/http/,108.71,55353,0,
2026-05-16T16:02:01.040028,GET,/api/mixed/http/,108.66,55353,0,
2026-05-16T16:02:01.052234,GET,/api/mixed/db/1/,4.92,247,0,
2026-05-16T16:02:01.069515,GET,/api/mixed/pipeline/1/,3.27,82,0,
2026-05-16T16:02:01.079929,GET,/api/mixed/db/1/,6.07,247,0,
2026-05-16T16:02:01.107645,GET,/api/mixed/db/1/,4.9,247,0,
2026-05-16T16:02:01.123820,GET,/api/mixed/db/1/,4.92,247,0,
2026-05-16T16:02:01.125524,GET,/api/mixed/http/,112.89,55353,0,
2026-05-16T16:02:01.129274,GET,/api/mixed/http/,109.36,55353,0,
2026-05-16T16:02:01.136009,GET,/api/mixed/pipeline/1/,3.26,82,0,
2026-05-16T16:02:01.163678,GET,/api/mixed/http/,109.05,55353,0,
2026-05-16T16:02:01.164185,GET,/api/mixed/pipeline/1/,3.92,82,0,
2026-05-16T16:02:01.172447,GET,/api/mixed/pipeline/1/,3.86,82,0,
2026-05-16T16:02:01.183661,GET,/api/mixed/pipeline/1/,4.93,82,0,
2026-05-16T16:02:01.188074,GET,/api/mixed/db/1/,5.27,247,0,
2026-05-16T16:02:01.194107,GET,/api/mixed/http/,109.73,55353,0,
2026-05-16T16:02:01.202346,GET,/api/mixed/pipeline/1/,3.61,82,0,
2026-05-16T16:02:01.204078,GET,/api/mixed/db/1/,4.06,247,0,
2026-05-16T16:02:01.204609,GET,/api/mixed/http/,109.52,55353,0,
2026-05-16T16:02:01.204991,GET,/api/mixed/db/1/,4.37,247,0,
2026-05-16T16:02:01.212818,GET,/api/mixed/http/,109.55,55353,0,
2026-05-16T16:02:01.229138,GET,/api/mixed/http/,109.68,55353,0,
2026-05-16T16:02:01.230153,GET,/api/mixed/pipeline/1/,3.15,82,0,
2026-05-16T16:02:01.264566,GET,/api/mixed/db/1/,6.14,247,0,
2026-05-16T16:02:01.264986,GET,/api/mixed/db/1/,4.45,247,0,
2026-05-16T16:02:01.279137,GET,/api/mixed/http/,110.02,55353,0,
2026-05-16T16:02:01.293766,GET,/api/mixed/http/,109.93,55353,0,
2026-05-16T16:02:01.301515,GET,/api/mixed/http/,110.12,55353,0,
2026-05-16T16:02:01.333255,GET,/api/mixed/http/,110.19,55353,0,
2026-05-16T16:02:01.337465,GET,/api/mixed/pipeline/1/,2.99,82,0,
2026-05-16T16:02:01.360401,GET,/api/mixed/db/1/,6.37,247,0,
2026-05-16T16:02:01.364576,GET,/api/mixed/pipeline/1/,2.85,82,0,
2026-05-16T16:02:01.379678,GET,/api/mixed/http/,109.37,55353,0,
2026-05-16T16:02:01.385101,GET,/api/mixed/http/,108.03,55353,0,
2026-05-16T16:02:01.388463,GET,/api/mixed/db/1/,6.02,247,0,
2026-05-16T16:02:01.390940,GET,/api/mixed/db/1/,6.79,247,0,
2026-05-16T16:02:01.392897,GET,/api/mixed/http/,111.38,55353,0,
2026-05-16T16:02:01.434495,GET,/api/mixed/http/,110.56,55353,0,
2026-05-16T16:02:01.441915,GET,/api/mixed/http/,114.78,55353,0,
2026-05-16T16:02:01.447230,GET,/api/mixed/db/1/,4.43,247,0,
2026-05-16T16:02:01.450612,GET,/api/mixed/pipeline/1/,4.31,82,0,
2026-05-16T16:02:01.454466,GET,/api/mixed/pipeline/1/,5.08,82,0,
2026-05-16T16:02:01.488305,GET,/api/mixed/pipeline/1/,8.34,82,0,
2026-05-16T16:02:01.489354,GET,/api/mixed/db/1/,12.11,247,0,
2026-05-16T16:02:01.493122,GET,/api/mixed/db/1/,6.29,247,0,
2026-05-16T16:02:01.497989,GET,/api/mixed/http/,116.03,55353,0,
2026-05-16T16:02:01.509882,GET,/api/mixed/db/1/,8.45,247,0,
2026-05-16T16:02:01.518720,GET,/api/mixed/http/,117.54,55353,0,
2026-05-16T16:02:01.519912,GET,/api/mixed/db/1/,14.03,247,0,
2026-05-16T16:02:01.521071,GET,/api/mixed/db/1/,14.13,247,0,
2026-05-16T16:02:01.522876,GET,/api/mixed/pipeline/1/,12.64,82,0,
2026-05-16T16:02:01.544744,GET,/api/mixed/pipeline/1/,11.14,82,0,
2026-05-16T16:02:01.547893,GET,/api/mixed/pipeline/1/,10.05,82,0,
2026-05-16T16:02:01.557759,GET,/api/mixed/http/,117.8,55353,0,
2026-05-16T16:02:01.565747,GET,/api/mixed/pipeline/1/,3.69,82,0,
2026-05-16T16:02:01.569467,GET,/api/mixed/db/1/,5.61,247,0,
2026-05-16T16:02:01.571486,GET,/api/mixed/http/,110.7,55353,0,
2026-05-16T16:02:01.574802,GET,/api/mixed/db/1/,4.6,247,0,
2026-05-16T16:02:01.583949,GET,/api/mixed/http/,109.82,55353,0,
2026-05-16T16:02:01.623696,GET,/api/mixed/pipeline/1/,9.48,82,0,
2026-05-16T16:02:01.625870,GET,/api/mixed/db/1/,7.63,247,0,
2026-05-16T16:02:01.636144,GET,/api/mixed/pipeline/1/,8.33,82,0,
2026-05-16T16:02:01.658218,GET,/api/mixed/db/1/,7.53,247,0,
2026-05-16T16:02:01.659379,GET,/api/mixed/db/1/,6.4,247,0,
2026-05-16T16:02:01.660089,GET,/api/mixed/http/,114.82,55353,0,
2026-05-16T16:02:01.668408,GET,/api/mixed/pipeline/1/,5.0,82,0,
2026-05-16T16:02:01.675266,GET,/api/mixed/db/1/,5.57,247,0,
2026-05-16T16:02:01.683936,GET,/api/mixed/db/1/,10.1,247,0,
2026-05-16T16:02:01.687287,GET,/api/mixed/pipeline/1/,7.05,82,0,
2026-05-16T16:02:01.688717,GET,/api/mixed/http/,115.61,55353,0,
2026-05-16T16:02:01.691821,GET,/api/mixed/db/1/,5.76,247,0,
2026-05-16T16:02:01.696620,GET,/api/mixed/pipeline/1/,3.49,82,0,
2026-05-16T16:02:01.697446,GET,/api/mixed/http/,110.26,55353,0,
2026-05-16T16:02:01.722134,GET,/api/mixed/db/1/,10.4,247,0,
2026-05-16T16:02:01.736532,GET,/api/mixed/http/,112.58,55353,0,
2026-05-16T16:02:01.748234,GET,/api/mixed/pipeline/1/,5.76,82,0,
2026-05-16T16:02:01.748989,GET,/api/mixed/db/1/,8.21,247,0,
2026-05-16T16:02:01.752116,GET,/api/mixed/pipeline/1/,6.67,82,0,
2026-05-16T16:02:01.757146,GET,/api/mixed/http/,111.61,55353,0,
2026-05-16T16:02:01.765454,GET,/api/mixed/pipeline/1/,4.01,82,0,
2026-05-16T16:02:01.774143,GET,/api/mixed/db/1/,4.51,247,0,
2026-05-16T16:02:01.776524,GET,/api/mixed/pipeline/1/,4.25,82,0,
2026-05-16T16:02:01.802290,GET,/api/mixed/db/1/,5.48,247,0,
2026-05-16T16:02:01.807656,GET,/api/mixed/db/1/,6.56,247,0,
2026-05-16T16:02:01.812392,GET,/api/mixed/db/1/,7.28,247,0,
2026-05-16T16:02:01.827219,GET,/api/mixed/pipeline/1/,3.79,82,0,
2026-05-16T16:02:01.836559,GET,/api/mixed/db/1/,4.96,247,0,
2026-05-16T16:02:01.840538,GET,/api/mixed/db/1/,5.1,247,0,
2026-05-16T16:02:01.858754,GET,/api/mixed/db/1/,4.89,247,0,
2026-05-16T16:02:01.873266,GET,/api/mixed/pipeline/1/,3.16,82,0,
2026-05-16T16:02:01.894648,GET,/api/mixed/db/1/,5.26,247,0,
2026-05-16T16:02:01.895166,GET,/api/mixed/db/1/,4.73,247,0,
2026-05-16T16:02:01.924014,GET,/api/mixed/http/,108.35,55353,0,
2026-05-16T16:02:01.947891,GET,/api/mixed/db/1/,4.08,247,0,
2026-05-16T16:02:01.952974,GET,/api/mixed/db/1/,3.8,247,0,
2026-05-16T16:02:01.974389,GET,/api/mixed/pipeline/1/,3.12,82,0,
2026-05-16T16:02:01.985640,GET,/api/mixed/http/,107.99,55353,0,
2026-05-16T16:02:01.992418,GET,/api/mixed/pipeline/1/,3.48,82,0,
2026-05-16T16:02:02.007837,GET,/api/mixed/http/,108.27,55353,0,
2026-05-16T16:02:02.024831,GET,/api/mixed/db/1/,6.5,247,0,
2026-05-16T16:02:02.035183,GET,/api/mixed/pipeline/1/,2.97,82,0,
2026-05-16T16:02:02.045010,GET,/api/mixed/http/,108.61,55353,0,
2026-05-16T16:02:02.045502,GET,/api/mixed/http/,107.93,55353,0,
2026-05-16T16:02:02.056715,GET,/api/mixed/db/1/,4.03,247,0,
2026-05-16T16:02:02.077170,GET,/api/mixed/db/1/,4.11,247,0,
2026-05-16T16:02:02.085265,GET,/api/mixed/http/,107.65,55353,0,
2026-05-16T16:02:02.100544,GET,/api/mixed/http/,108.98,55353,0,
2026-05-16T16:02:02.103592,GET,/api/mixed/db/1/,4.07,247,0,
2026-05-16T16:02:02.105508,GET,/api/mixed/pipeline/1/,3.26,82,0,
2026-05-16T16:02:02.109487,GET,/api/mixed/pipeline/1/,2.77,82,0,
2026-05-16T16:02:02.129017,GET,/api/mixed/http/,109.17,55353,0,
2026-05-16T16:02:02.146184,GET,/api/mixed/http/,107.84,55353,0,
2026-05-16T16:02:02.164445,GET,/api/mixed/pipeline/1/,2.77,82,0,
2026-05-16T16:02:02.189134,GET,/api/mixed/http/,107.8,55353,0,
2026-05-16T16:02:02.191293,GET,/api/mixed/pipeline/1/,3.59,82,0,
2026-05-16T16:02:02.195395,GET,/api/mixed/pipeline/1/,2.85,82,0,
2026-05-16T16:02:02.255175,GET,/api/mixed/db/1/,3.78,247,0,
2026-05-16T16:02:02.268991,GET,/api/mixed/http/,108.41,55353,0,
2026-05-16T16:02:02.280379,GET,/api/mixed/db/1/,4.6,247,0,
2026-05-16T16:02:02.283952,GET,/api/mixed/db/1/,4.5,247,0,
2026-05-16T16:02:02.288931,GET,/api/mixed/db/1/,3.61,247,0,
2026-05-16T16:02:02.304619,GET,/api/mixed/pipeline/1/,3.53,82,0,
2026-05-16T16:02:02.310608,GET,/api/mixed/db/1/,3.75,247,0,
2026-05-16T16:02:02.325500,GET,/api/mixed/pipeline/1/,3.54,82,0,
2026-05-16T16:02:02.326061,GET,/api/mixed/db/1/,3.64,247,0,
2026-05-16T16:02:02.342146,GET,/api/mixed/http/,108.49,55353,0,
2026-05-16T16:02:02.345877,GET,/api/mixed/pipeline/1/,3.14,82,0,
2026-05-16T16:02:02.348099,GET,/api/mixed/pipeline/1/,3.01,82,0,
2026-05-16T16:02:02.357238,GET,/api/mixed/pipeline/1/,2.94,82,0,
2026-05-16T16:02:02.358567,GET,/api/mixed/http/,108.25,55353,0,
2026-05-16T16:02:02.376880,GET,/api/mixed/http/,109.43,55353,0,
2026-05-16T16:02:02.378143,GET,/api/mixed/pipeline/1/,3.55,82,0,
2026-05-16T16:02:02.380484,GET,/api/mixed/db/1/,4.95,247,0,
2026-05-16T16:02:02.381117,GET,/api/mixed/db/1/,3.92,247,0,
2026-05-16T16:02:02.400006,GET,/api/mixed/pipeline/1/,3.0,82,0,
2026-05-16T16:02:02.409694,GET,/api/mixed/http/,107.51,55353,0,
2026-05-16T16:02:02.433794,GET,/api/mixed/db/1/,3.88,247,0,
2026-05-16T16:02:02.444476,GET,/api/mixed/db/1/,4.86,247,0,
2026-05-16T16:02:02.448037,GET,/api/mixed/db/1/,4.59,247,0,
2026-05-16T16:02:02.451706,GET,/api/mixed/http/,109.36,55353,0,
2026-05-16T16:02:02.463809,GET,/api/mixed/db/1/,4.25,247,0,
2026-05-16T16:02:02.469471,GET,/api/mixed/http/,107.69,55353,0,
2026-05-16T16:02:02.476405,GET,/api/mixed/pipeline/1/,3.2,82,0,
2026-05-16T16:02:02.477596,GET,/api/mixed/db/1/,4.91,247,0,
2026-05-16T16:02:02.480485,GET,/api/mixed/http/,108.27,55353,0,
2026-05-16T16:02:02.482759,GET,/api/mixed/pipeline/1/,3.3,82,0,
2026-05-16T16:02:02.515454,GET,/api/mixed/pipeline/1/,4.76,82,0,
2026-05-16T16:02:02.516092,GET,/api/mixed/db/1/,5.97,247,0,
2026-05-16T16:02:02.542150,GET,/api/mixed/db/1/,4.14,247,0,
2026-05-16T16:02:02.548236,GET,/api/mixed/http/,109.08,55353,0,
2026-05-16T16:02:02.585987,GET,/api/mixed/db/1/,3.92,247,0,
2026-05-16T16:02:02.609295,GET,/api/mixed/pipeline/1/,2.87,82,0,
2026-05-16T16:02:02.609737,GET,/api/mixed/db/1/,4.42,247,0,
2026-05-16T16:02:02.620402,GET,/api/mixed/http/,108.37,55353,0,
2026-05-16T16:02:02.639258,GET,/api/mixed/http/,107.8,55353,0,
2026-05-16T16:02:02.650892,GET,/api/mixed/db/1/,3.76,247,0,
2026-05-16T16:02:02.657703,GET,/api/mixed/db/1/,4.48,247,0,
2026-05-16T16:02:02.672992,GET,/api/mixed/db/1/,3.96,247,0,
2026-05-16T16:02:02.679344,GET,/api/mixed/http/,107.84,55353,0,
2026-05-16T16:02:02.706390,GET,/api/mixed/pipeline/1/,3.89,82,0,
2026-05-16T16:02:02.708623,GET,/api/mixed/pipeline/1/,3.07,82,0,
2026-05-16T16:02:02.720409,GET,/api/mixed/pipeline/1/,3.25,82,0,
2026-05-16T16:02:02.722550,GET,/api/mixed/db/1/,4.16,247,0,
2026-05-16T16:02:02.725708,GET,/api/mixed/pipeline/1/,2.59,82,0,
2026-05-16T16:02:02.726113,GET,/api/mixed/db/1/,4.48,247,0,
2026-05-16T16:02:02.733133,GET,/api/mixed/pipeline/1/,2.89,82,0,
2026-05-16T16:02:02.750438,GET,/api/mixed/http/,107.93,55353,0,
2026-05-16T16:02:02.760520,GET,/api/mixed/pipeline/1/,2.86,82,0,
2026-05-16T16:02:02.761851,GET,/api/mixed/http/,107.66,55353,0,
2026-05-16T16:02:02.784298,GET,/api/mixed/db/1/,4.19,247,0,
2026-05-16T16:02:02.791401,GET,/api/mixed/http/,107.7,55353,0,
2026-05-16T16:02:02.792258,GET,/api/mixed/pipeline/1/,2.78,82,0,
2026-05-16T16:02:02.801065,GET,/api/mixed/db/1/,4.48,247,0,
2026-05-16T16:02:02.813812,GET,/api/mixed/pipeline/1/,2.81,82,0,
2026-05-16T16:02:02.814223,GET,/api/mixed/pipeline/1/,3.81,82,0,
2026-05-16T16:02:02.825190,GET,/api/mixed/http/,109.18,55353,0,
2026-05-16T16:02:02.897065,GET,/api/mixed/db/1/,7.54,247,0,
2026-05-16T16:02:02.897916,GET,/api/mixed/pipeline/1/,6.44,82,0,
2026-05-16T16:02:02.905014,GET,/api/mixed/pipeline/1/,2.76,82,0,
2026-05-16T16:02:02.907758,GET,/api/mixed/pipeline/1/,2.63,82,0,
2026-05-16T16:02:02.917078,GET,/api/mixed/pipeline/1/,3.01,82,0,
2026-05-16T16:02:02.936007,GET,/api/mixed/http/,108.44,55353,0,
2026-05-16T16:02:02.948996,GET,/api/mixed/db/1/,4.48,247,0,
2026-05-16T16:02:02.951836,GET,/api/mixed/pipeline/1/,2.72,82,0,
2026-05-16T16:02:02.995138,GET,/api/mixed/http/,109.53,55353,0,
2026-05-16T16:02:02.995580,GET,/api/mixed/db/1/,4.24,247,0,
2026-05-16T16:02:03.011271,GET,/api/mixed/pipeline/1/,4.06,82,0,
2026-05-16T16:02:03.019978,GET,/api/mixed/pipeline/1/,3.32,82,0,
2026-05-16T16:02:03.021243,GET,/api/mixed/db/1/,4.14,247,0,
2026-05-16T16:02:03.028537,GET,/api/mixed/db/1/,4.13,247,0,
2026-05-16T16:02:03.028955,GET,/api/mixed/db/1/,4.11,247,0,
2026-05-16T16:02:03.035991,GET,/api/mixed/db/1/,3.68,247,0,
2026-05-16T16:02:03.043164,GET,/api/mixed/http/,108.08,55353,0,
2026-05-16T16:02:03.043858,GET,/api/mixed/pipeline/1/,2.65,82,0,
2026-05-16T16:02:03.050421,GET,/api/mixed/http/,110.19,55353,0,
2026-05-16T16:02:03.063380,GET,/api/mixed/http/,107.36,55353,0,
2026-05-16T16:02:03.084600,GET,/api/mixed/db/1/,4.8,247,0,
2026-05-16T16:02:03.095359,GET,/api/mixed/db/1/,3.72,247,0,
2026-05-16T16:02:03.116464,GET,/api/mixed/http/,109.73,55353,0,
2026-05-16T16:02:03.120401,GET,/api/mixed/db/1/,4.91,247,0,
2026-05-16T16:02:03.123670,GET,/api/mixed/db/1/,4.09,247,0,
2026-05-16T16:02:03.139861,GET,/api/mixed/db/1/,3.84,247,0,
2026-05-16T16:02:03.145830,GET,/api/mixed/db/1/,3.76,247,0,
2026-05-16T16:02:03.153851,GET,/api/mixed/pipeline/1/,2.62,82,0,
2026-05-16T16:02:03.177677,GET,/api/mixed/http/,107.99,55353,0,
2026-05-16T16:02:03.194888,GET,/api/mixed/pipeline/1/,4.96,82,0,
2026-05-16T16:02:03.197487,GET,/api/mixed/http/,109.34,55353,0,
2026-05-16T16:02:03.197932,GET,/api/mixed/http/,114.52,55353,0,
2026-05-16T16:02:03.204047,GET,/api/mixed/db/1/,3.96,247,0,
2026-05-16T16:02:03.247810,GET,/api/mixed/db/1/,3.98,247,0,
2026-05-16T16:02:03.264174,GET,/api/mixed/http/,107.97,55353,0,
2026-05-16T16:02:03.275549,GET,/api/mixed/http/,107.86,55353,0,
2026-05-16T16:02:03.278786,GET,/api/mixed/http/,107.63,55353,0,
2026-05-16T16:02:03.282103,GET,/api/mixed/pipeline/1/,4.39,82,0,
2026-05-16T16:02:03.284388,GET,/api/mixed/pipeline/1/,3.16,82,0,
2026-05-16T16:02:03.284844,GET,/api/mixed/http/,108.24,55353,0,
2026-05-16T16:02:03.294476,GET,/api/mixed/http/,109.75,55353,0,
2026-05-16T16:02:03.299013,GET,/api/mixed/pipeline/1/,3.31,82,0,
2026-05-16T16:02:03.303450,GET,/api/mixed/db/1/,4.2,247,0,
2026-05-16T16:02:03.313065,GET,/api/mixed/pipeline/1/,3.42,82,0,
2026-05-16T16:02:03.320931,GET,/api/mixed/http/,107.69,55353,0,
2026-05-16T16:02:03.323761,GET,/api/mixed/http/,107.87,55353,0,
2026-05-16T16:02:03.327852,GET,/api/mixed/db/1/,5.0,247,0,
2026-05-16T16:02:03.331796,GET,/api/mixed/pipeline/1/,3.78,82,0,
2026-05-16T16:02:03.332727,GET,/api/mixed/db/1/,5.79,247,0,
2026-05-16T16:02:03.333812,GET,/api/mixed/http/,107.56,55353,0,
2026-05-16T16:02:03.339929,GET,/api/mixed/db/1/,4.75,247,0,
2026-05-16T16:02:03.360108,GET,/api/mixed/pipeline/1/,3.0,82,0,
2026-05-16T16:02:03.364110,GET,/api/mixed/pipeline/1/,2.66,82,0,
2026-05-16T16:02:03.366934,GET,/api/mixed/pipeline/1/,2.69,82,0,
2026-05-16T16:02:03.378956,GET,/api/mixed/http/,107.53,55353,0,
2026-05-16T16:02:03.401136,GET,/api/mixed/db/1/,3.95,247,0,
2026-05-16T16:02:03.407458,GET,/api/mixed/http/,109.29,55353,0,
2026-05-16T16:02:03.408547,GET,/api/mixed/http/,108.51,55353,0,
2026-05-16T16:02:03.419531,GET,/api/mixed/pipeline/1/,2.8,82,0,
2026-05-16T16:02:03.424662,GET,/api/mixed/http/,107.41,55353,0,
2026-05-16T16:02:03.427121,GET,/api/mixed/db/1/,4.4,247,0,
2026-05-16T16:02:03.430232,GET,/api/mixed/db/1/,4.26,247,0,
2026-05-16T16:02:03.436590,GET,/api/mixed/http/,108.12,55353,0,
2026-05-16T16:02:03.449464,GET,/api/mixed/pipeline/1/,8.83,82,0,
2026-05-16T16:02:03.449865,GET,/api/mixed/pipeline/1/,6.69,82,0,
2026-05-16T16:02:03.478202,GET,/api/mixed/db/1/,4.03,247,0,
2026-05-16T16:02:03.488361,GET,/api/mixed/pipeline/1/,2.78,82,0,
2026-05-16T16:02:03.496851,GET,/api/mixed/pipeline/1/,3.14,82,0,
2026-05-16T16:02:03.497490,GET,/api/mixed/pipeline/1/,2.58,82,0,
2026-05-16T16:02:03.521168,GET,/api/mixed/db/1/,4.35,247,0,
2026-05-16T16:02:03.523742,GET,/api/mixed/http/,108.02,55353,0,
2026-05-16T16:02:03.524459,GET,/api/mixed/db/1/,4.17,247,0,
2026-05-16T16:02:03.529345,GET,/api/mixed/db/1/,4.79,247,0,
2026-05-16T16:02:03.551584,GET,/api/mixed/db/1/,3.87,247,0,
2026-05-16T16:02:03.553759,GET,/api/mixed/http/,113.86,55353,0,
2026-05-16T16:02:03.564945,GET,/api/mixed/db/1/,3.87,247,0,
2026-05-16T16:02:03.574128,GET,/api/mixed/pipeline/1/,2.82,82,0,
2026-05-16T16:02:03.582554,GET,/api/mixed/pipeline/1/,4.27,82,0,
2026-05-16T16:02:03.585331,GET,/api/mixed/db/1/,3.74,247,0,
2026-05-16T16:02:03.588099,GET,/api/mixed/pipeline/1/,2.66,82,0,
2026-05-16T16:02:03.595537,GET,/api/mixed/db/1/,4.06,247,0,
2026-05-16T16:02:03.602234,GET,/api/mixed/db/1/,4.27,247,0,
2026-05-16T16:02:03.606895,GET,/api/mixed/pipeline/1/,3.14,82,0,
2026-05-16T16:02:03.622144,GET,/api/mixed/pipeline/1/,3.54,82,0,
2026-05-16T16:02:03.624906,GET,/api/mixed/db/1/,3.77,247,0,
2026-05-16T16:02:03.633031,GET,/api/mixed/http/,107.51,55353,0,
2026-05-16T16:02:03.645713,GET,/api/mixed/pipeline/1/,3.47,82,0,
2026-05-16T16:02:03.646115,GET,/api/mixed/pipeline/1/,2.54,82,0,
2026-05-16T16:02:03.689882,GET,/api/mixed/http/,110.99,55353,0,
2026-05-16T16:02:03.695711,GET,/api/mixed/db/1/,5.13,247,0,
2026-05-16T16:02:03.697977,GET,/api/mixed/pipeline/1/,3.15,82,0,
2026-05-16T16:02:03.707124,GET,/api/mixed/pipeline/1/,2.78,82,0,
2026-05-16T16:02:03.712010,GET,/api/mixed/db/1/,3.71,247,0,
2026-05-16T16:02:03.718072,GET,/api/mixed/http/,107.87,55353,0,
2026-05-16T16:02:03.728382,GET,/api/mixed/db/1/,3.85,247,0,
2026-05-16T16:02:03.736385,GET,/api/mixed/db/1/,4.46,247,0,
2026-05-16T16:02:03.803564,GET,/api/mixed/pipeline/1/,55.1,82,0,
2026-05-16T16:02:03.804356,GET,/api/mixed/pipeline/1/,9.37,82,0,
2026-05-16T16:02:03.804786,GET,/api/mixed/pipeline/1/,8.5,82,0,
2026-05-16T16:02:03.805149,GET,/api/mixed/pipeline/1/,56.03,82,0,
2026-05-16T16:02:03.805514,GET,/api/mixed/db/1/,11.01,247,0,
2026-05-16T16:02:03.820894,GET,/api/mixed/pipeline/1/,3.99,82,0,
2026-05-16T16:02:03.835805,GET,/api/mixed/http/,108.78,55353,0,
2026-05-16T16:02:03.853029,GET,/api/mixed/http/,110.42,55353,0,
2026-05-16T16:02:03.856053,GET,/api/mixed/db/1/,4.4,247,0,
2026-05-16T16:02:03.861647,GET,/api/mixed/pipeline/1/,3.35,82,0,
2026-05-16T16:02:03.870733,GET,/api/mixed/pipeline/1/,3.78,82,0,
2026-05-16T16:02:03.908890,GET,/api/mixed/http/,113.03,55353,0,
2026-05-16T16:02:03.909356,GET,/api/mixed/http/,113.94,55353,0,
2026-05-16T16:02:03.914539,GET,/api/mixed/pipeline/1/,2.96,82,0,
2026-05-16T16:02:03.947452,GET,/api/mixed/http/,108.43,55353,0,
2026-05-16T16:02:03.957932,GET,/api/mixed/db/1/,3.9,247,0,
2026-05-16T16:02:03.967454,GET,/api/mixed/pipeline/1/,3.28,82,0,
2026-05-16T16:02:03.983702,GET,/api/mixed/db/1/,4.27,247,0,
2026-05-16T16:02:04.000037,GET,/api/mixed/db/1/,4.03,247,0,
2026-05-16T16:02:04.000527,GET,/api/mixed/http/,107.87,55353,0,
2026-05-16T16:02:04.007683,GET,/api/mixed/http/,108.38,55353,0,
2026-05-16T16:02:04.010426,GET,/api/mixed/http/,108.42,55353,0,
2026-05-16T16:02:04.016833,GET,/api/mixed/db/1/,5.11,247,0,
2026-05-16T16:02:04.054287,GET,/api/mixed/http/,108.52,55353,0,
2026-05-16T16:02:04.055140,GET,/api/mixed/pipeline/1/,3.28,82,0,
2026-05-16T16:02:04.063434,GET,/api/mixed/pipeline/1/,2.94,82,0,
2026-05-16T16:02:04.076103,GET,/api/mixed/db/1/,3.81,247,0,
2026-05-16T16:02:04.078158,GET,/api/mixed/http/,108.45,55353,0,
2026-05-16T16:02:04.082228,GET,/api/mixed/pipeline/1/,2.68,82,0,
2026-05-16T16:02:04.109271,GET,/api/mixed/http/,107.53,55353,0,
2026-05-16T16:02:04.113014,GET,/api/mixed/http/,107.82,55353,0,
2026-05-16T16:02:04.119220,GET,/api/mixed/db/1/,3.78,247,0,
2026-05-16T16:02:04.129039,GET,/api/mixed/http/,107.78,55353,0,
2026-05-16T16:02:04.178603,GET,/api/mixed/http/,109.94,55353,0,
2026-05-16T16:02:04.187143,GET,/api/mixed/db/1/,9.51,247,0,
2026-05-16T16:02:04.191627,GET,/api/mixed/http/,108.1,55353,0,
2026-05-16T16:02:04.227502,GET,/api/mixed/pipeline/1/,6.52,82,0,
2026-05-16T16:02:04.230408,GET,/api/mixed/pipeline/1/,4.65,82,0,
2026-05-16T16:02:04.249352,GET,/api/mixed/pipeline/1/,4.47,82,0,
2026-05-16T16:02:04.276296,GET,/api/mixed/http/,109.91,55353,0,
2026-05-16T16:02:04.284672,GET,/api/mixed/db/1/,6.33,247,0,
2026-05-16T16:02:04.285146,GET,/api/mixed/db/1/,7.57,247,0,
2026-05-16T16:02:04.295313,GET,/api/mixed/http/,113.43,55353,0,
2026-05-16T16:02:04.299277,GET,/api/mixed/pipeline/1/,6.07,82,0,
2026-05-16T16:02:04.299903,GET,/api/mixed/http/,110.5,55353,0,
2026-05-16T16:02:04.300363,GET,/api/mixed/pipeline/1/,7.98,82,0,
2026-05-16T16:02:04.305520,GET,/api/mixed/db/1/,5.05,247,0,
2026-05-16T16:02:04.332809,GET,/api/mixed/db/1/,7.9,247,0,
2026-05-16T16:02:04.343455,GET,/api/mixed/pipeline/1/,6.09,82,0,
2026-05-16T16:02:04.366873,GET,/api/mixed/http/,118.96,55353,0,
2026-05-16T16:02:04.381858,GET,/api/mixed/db/1/,11.47,247,0,
2026-05-16T16:02:04.392842,GET,/api/mixed/pipeline/1/,7.71,82,0,
2026-05-16T16:02:04.400094,GET,/api/mixed/db/1/,12.61,247,0,
2026-05-16T16:02:04.404242,GET,/api/mixed/pipeline/1/,7.03,82,0,
2026-05-16T16:02:04.412297,GET,/api/mixed/pipeline/1/,4.6,82,0,
2026-05-16T16:02:04.431758,GET,/api/mixed/pipeline/1/,8.31,82,0,
2026-05-16T16:02:04.460319,GET,/api/mixed/http/,118.96,55353,0,
2026-05-16T16:02:04.461276,GET,/api/mixed/http/,111.46,55353,0,
2026-05-16T16:02:04.469985,GET,/api/mixed/http/,110.95,55353,0,
2026-05-16T16:02:04.475383,GET,/api/mixed/http/,114.03,55353,0,
2026-05-16T16:02:04.476915,GET,/api/mixed/pipeline/1/,5.95,82,0,
2026-05-16T16:02:04.477566,GET,/api/mixed/db/1/,9.11,247,0,
2026-05-16T16:02:04.485970,GET,/api/mixed/db/1/,4.53,247,0,
2026-05-16T16:02:04.487242,GET,/api/mixed/db/1/,6.38,247,0,
2026-05-16T16:02:04.497869,GET,/api/mixed/http/,113.63,55353,0,
2026-05-16T16:02:04.507504,GET,/api/mixed/db/1/,6.33,247,0,
2026-05-16T16:02:04.515827,GET,/api/mixed/db/1/,9.59,247,0,
2026-05-16T16:02:04.522120,GET,/api/mixed/db/1/,13.43,247,0,
2026-05-16T16:02:04.527886,GET,/api/mixed/http/,114.25,55353,0,
2026-05-16T16:02:04.539761,GET,/api/mixed/pipeline/1/,3.34,82,0,
2026-05-16T16:02:04.544036,GET,/api/mixed/pipeline/1/,3.05,82,0,
2026-05-16T16:02:04.556102,GET,/api/mixed/pipeline/1/,4.79,82,0,
2026-05-16T16:02:04.556625,GET,/api/mixed/pipeline/1/,3.82,82,0,
2026-05-16T16:02:04.558197,GET,/api/mixed/http/,112.14,55353,0,
2026-05-16T16:02:04.566043,GET,/api/mixed/pipeline/1/,4.6,82,0,
2026-05-16T16:02:04.586878,GET,/api/mixed/pipeline/1/,7.35,82,0,
2026-05-16T16:02:04.588809,GET,/api/mixed/db/1/,6.22,247,0,
2026-05-16T16:02:04.596807,GET,/api/mixed/http/,126.56,55353,0,
2026-05-16T16:02:04.597884,GET,/api/mixed/http/,130.25,55353,0,
2026-05-16T16:02:04.600036,GET,/api/mixed/db/1/,12.97,247,0,
2026-05-16T16:02:04.605634,GET,/api/mixed/db/1/,7.55,247,0,
2026-05-16T16:02:04.607994,GET,/api/mixed/db/1/,5.93,247,0,
2026-05-16T16:02:04.609906,GET,/api/mixed/http/,123.79,55353,0,
2026-05-16T16:02:04.610872,GET,/api/mixed/db/1/,10.61,247,0,
2026-05-16T16:02:04.635612,GET,/api/mixed/http/,123.55,55353,0,
2026-05-16T16:02:04.640749,GET,/api/mixed/http/,127.05,55353,0,
2026-05-16T16:02:04.641171,GET,/api/mixed/db/1/,7.78,247,0,
2026-05-16T16:02:04.660117,GET,/api/mixed/pipeline/1/,8.66,82,0,
2026-05-16T16:02:04.660858,GET,/api/mixed/pipeline/1/,7.59,82,0,
2026-05-16T16:02:04.678407,GET,/api/mixed/db/1/,6.35,247,0,
2026-05-16T16:02:04.685070,GET,/api/mixed/db/1/,6.34,247,0,
2026-05-16T16:02:04.706617,GET,/api/mixed/http/,126.06,55353,0,
2026-05-16T16:02:04.707552,GET,/api/mixed/db/1/,12.16,247,0,
2026-05-16T16:02:04.708322,GET,/api/mixed/db/1/,11.1,247,0,
2026-05-16T16:02:04.729931,GET,/api/mixed/db/1/,20.28,247,0,
2026-05-16T16:02:04.730943,GET,/api/mixed/pipeline/1/,10.46,82,0,
2026-05-16T16:02:04.732022,GET,/api/mixed/pipeline/1/,21.24,82,0,
2026-05-16T16:02:04.733388,GET,/api/mixed/pipeline/1/,11.56,82,0,
2026-05-16T16:02:04.744608,GET,/api/mixed/db/1/,7.18,247,0,
2026-05-16T16:02:04.766116,GET,/api/mixed/http/,116.65,55353,0,
2026-05-16T16:02:04.770001,GET,/api/mixed/db/1/,6.96,247,0,
2026-05-16T16:02:04.771644,GET,/api/mixed/pipeline/1/,4.18,82,0,
2026-05-16T16:02:04.772183,GET,/api/mixed/http/,113.79,55353,0,
2026-05-16T16:02:04.789008,GET,/api/mixed/db/1/,7.41,247,0,
2026-05-16T16:02:04.820615,GET,/api/mixed/http/,127.03,55353,0,
2026-05-16T16:02:04.823827,GET,/api/mixed/db/1/,6.33,247,0,
2026-05-16T16:02:04.829648,GET,/api/mixed/http/,137.86,55353,0,
2026-05-16T16:02:04.846301,GET,/api/mixed/http/,123.47,55353,0,
2026-05-16T16:02:04.851744,GET,/api/mixed/db/1/,8.72,247,0,
2026-05-16T16:02:04.857054,GET,/api/mixed/http/,129.68,55353,0,
2026-05-16T16:02:04.927227,GET,/api/mixed/pipeline/1/,3.92,82,0,
2026-05-16T16:02:04.927753,GET,/api/mixed/db/1/,6.01,247,0,
2026-05-16T16:02:04.942326,GET,/api/mixed/pipeline/1/,3.92,82,0,
2026-05-16T16:02:04.961607,GET,/api/mixed/db/1/,5.96,247,0,
2026-05-16T16:02:04.962271,GET,/api/mixed/http/,112.8,55353,0,
2026-05-16T16:02:04.987300,GET,/api/mixed/pipeline/1/,3.73,82,0,
2026-05-16T16:02:05.010805,GET,/api/mixed/db/1/,5.23,247,0,
2026-05-16T16:02:05.035320,GET,/api/mixed/http/,109.32,55353,0,
2026-05-16T16:02:05.058024,GET,/api/mixed/pipeline/1/,3.4,82,0,
2026-05-16T16:02:05.062616,GET,/api/mixed/pipeline/1/,3.36,82,0,
2026-05-16T16:02:05.094564,GET,/api/mixed/pipeline/1/,5.77,82,0,
2026-05-16T16:02:05.095180,GET,/api/mixed/pipeline/1/,5.31,82,0,
2026-05-16T16:02:05.120003,GET,/api/mixed/pipeline/1/,4.46,82,0,
2026-05-16T16:02:05.129798,GET,/api/mixed/http/,110.45,55353,0,
2026-05-16T16:02:05.130337,GET,/api/mixed/http/,109.67,55353,0,
2026-05-16T16:02:05.140636,GET,/api/mixed/pipeline/1/,4.07,82,0,
2026-05-16T16:02:05.156221,GET,/api/mixed/pipeline/1/,3.35,82,0,
2026-05-16T16:02:05.190788,GET,/api/mixed/http/,109.92,55353,0,
2026-05-16T16:02:05.192923,GET,/api/mixed/pipeline/1/,3.82,82,0,
2026-05-16T16:02:05.193372,GET,/api/mixed/db/1/,5.52,247,0,
2026-05-16T16:02:05.199140,GET,/api/mixed/pipeline/1/,4.47,82,0,
2026-05-16T16:02:05.202311,GET,/api/mixed/http/,112.87,55353,0,
2026-05-16T16:02:05.203137,GET,/api/mixed/pipeline/1/,5.26,82,0,
2026-05-16T16:02:05.219665,GET,/api/mixed/db/1/,5.25,247,0,
2026-05-16T16:02:05.228088,GET,/api/mixed/http/,109.73,55353,0,
2026-05-16T16:02:05.244218,GET,/api/mixed/db/1/,6.84,247,0,
2026-05-16T16:02:05.247312,GET,/api/mixed/pipeline/1/,5.49,82,0,
2026-05-16T16:02:05.247939,GET,/api/mixed/http/,109.85,55353,0,
2026-05-16T16:02:05.261373,GET,/api/mixed/pipeline/1/,4.17,82,0,
2026-05-16T16:02:05.268562,GET,/api/mixed/http/,109.07,55353,0,
2026-05-16T16:02:05.283389,GET,/api/mixed/http/,111.95,55353,0,
2026-05-16T16:02:05.292117,GET,/api/mixed/pipeline/1/,3.31,82,0,
2026-05-16T16:02:05.319164,GET,/api/mixed/db/1/,6.0,247,0,
2026-05-16T16:02:05.360654,GET,/api/mixed/db/1/,4.56,247,0,
2026-05-16T16:02:05.366341,GET,/api/mixed/pipeline/1/,3.94,82,0,
2026-05-16T16:02:05.367756,GET,/api/mixed/db/1/,5.9,247,0,
2026-05-16T16:02:05.376426,GET,/api/mixed/db/1/,4.4,247,0,
2026-05-16T16:02:05.384684,GET,/api/mixed/db/1/,5.98,247,0,
2026-05-16T16:02:05.387043,GET,/api/mixed/http/,111.22,55353,0,
2026-05-16T16:02:05.387754,GET,/api/mixed/http/,108.89,55353,0,
2026-05-16T16:02:05.417891,GET,/api/mixed/db/1/,5.02,247,0,
2026-05-16T16:02:05.421663,GET,/api/mixed/http/,110.24,55353,0,
2026-05-16T16:02:05.453907,GET,/api/mixed/http/,108.5,55353,0,
2026-05-16T16:02:05.464022,GET,/api/mixed/http/,108.63,55353,0,
2026-05-16T16:02:05.465101,GET,/api/mixed/db/1/,5.33,247,0,
2026-05-16T16:02:05.468597,GET,/api/mixed/db/1/,4.44,247,0,
2026-05-16T16:02:05.492006,GET,/api/mixed/pipeline/1/,3.46,82,0,
2026-05-16T16:02:05.492667,GET,/api/mixed/db/1/,5.58,247,0,
2026-05-16T16:02:05.497488,GET,/api/mixed/http/,108.49,55353,0,
2026-05-16T16:02:05.500482,GET,/api/mixed/http/,108.76,55353,0,
2026-05-16T16:02:05.517846,GET,/api/mixed/pipeline/1/,4.87,82,0,
2026-05-16T16:02:05.518319,GET,/api/mixed/db/1/,4.73,247,0,
2026-05-16T16:02:05.526882,GET,/api/mixed/pipeline/1/,3.32,82,0,
2026-05-16T16:02:05.542038,GET,/api/mixed/pipeline/1/,4.93,82,0,
2026-05-16T16:02:05.543181,GET,/api/mixed/pipeline/1/,4.15,82,0,
2026-05-16T16:02:05.545461,GET,/api/mixed/http/,109.49,55353,0,
2026-05-16T16:02:05.549344,GET,/api/mixed/db/1/,5.07,247,0,
2026-05-16T16:02:05.561985,GET,/api/mixed/http/,109.26,55353,0,
2026-05-16T16:02:05.564227,GET,/api/mixed/pipeline/1/,3.61,82,0,
2026-05-16T16:02:05.565296,GET,/api/mixed/http/,108.4,55353,0,
2026-05-16T16:02:05.576623,GET,/api/mixed/db/1/,5.0,247,0,
2026-05-16T16:02:05.599485,GET,/api/mixed/pipeline/1/,3.91,82,0,
2026-05-16T16:02:05.610478,GET,/api/mixed/pipeline/1/,3.72,82,0,
2026-05-16T16:02:05.619174,GET,/api/mixed/pipeline/1/,4.32,82,0,
2026-05-16T16:02:05.631400,GET,/api/mixed/pipeline/1/,4.97,82,0,
2026-05-16T16:02:05.651263,GET,/api/mixed/db/1/,6.54,247,0,
2026-05-16T16:02:05.653084,GET,/api/mixed/http/,114.48,55353,0,
2026-05-16T16:02:05.662269,GET,/api/mixed/pipeline/1/,5.09,82,0,
2026-05-16T16:02:05.663538,GET,/api/mixed/db/1/,9.6,247,0,
2026-05-16T16:02:05.689712,GET,/api/mixed/db/1/,6.85,247,0,
2026-05-16T16:02:05.696030,GET,/api/mixed/db/1/,6.05,247,0,
2026-05-16T16:02:05.696865,GET,/api/mixed/db/1/,8.87,247,0,
2026-05-16T16:02:05.697912,GET,/api/mixed/http/,111.3,55353,0,
2026-05-16T16:02:05.701970,GET,/api/mixed/http/,116.1,55353,0,
2026-05-16T16:02:05.706205,GET,/api/mixed/http/,115.56,55353,0,
2026-05-16T16:02:05.707505,GET,/api/mixed/http/,115.36,55353,0,
2026-05-16T16:02:05.708573,GET,/api/mixed/http/,114.65,55353,0,
2026-05-16T16:02:05.728961,GET,/api/mixed/db/1/,5.97,247,0,
2026-05-16T16:02:05.732863,GET,/api/mixed/db/1/,6.88,247,0,
2026-05-16T16:02:05.738180,GET,/api/mixed/pipeline/1/,3.96,82,0,
2026-05-16T16:02:05.751471,GET,/api/mixed/pipeline/1/,4.98,82,0,
2026-05-16T16:02:05.752281,GET,/api/mixed/db/1/,7.16,247,0,
2026-05-16T16:02:05.752928,GET,/api/mixed/pipeline/1/,8.53,82,0,
2026-05-16T16:02:05.757081,GET,/api/mixed/pipeline/1/,6.87,82,0,
2026-05-16T16:02:05.773747,GET,/api/mixed/pipeline/1/,5.19,82,0,
2026-05-16T16:02:05.774994,GET,/api/mixed/db/1/,7.57,247,0,
2026-05-16T16:02:05.803851,GET,/api/mixed/db/1/,6.57,247,0,
2026-05-16T16:02:05.818337,GET,/api/mixed/pipeline/1/,5.23,82,0,
2026-05-16T16:02:05.825529,GET,/api/mixed/http/,114.65,55353,0,
2026-05-16T16:02:05.836001,GET,/api/mixed/pipeline/1/,5.08,82,0,
2026-05-16T16:02:05.837791,GET,/api/mixed/db/1/,6.16,247,0,
2026-05-16T16:02:05.847466,GET,/api/mixed/pipeline/1/,4.78,82,0,
2026-05-16T16:02:05.848967,GET,/api/mixed/db/1/,7.78,247,0,
2026-05-16T16:02:05.852553,GET,/api/mixed/http/,112.07,55353,0,
2026-05-16T16:02:05.864866,GET,/api/mixed/http/,111.28,55353,0,
2026-05-16T16:02:05.874193,GET,/api/mixed/pipeline/1/,6.75,82,0,
2026-05-16T16:02:05.878052,GET,/api/mixed/db/1/,6.37,247,0,
2026-05-16T16:02:05.878898,GET,/api/mixed/pipeline/1/,4.54,82,0,
2026-05-16T16:02:05.884662,GET,/api/mixed/http/,116.6,55353,0,
2026-05-16T16:02:05.887139,GET,/api/mixed/http/,109.84,55353,0,
2026-05-16T16:02:05.891404,GET,/api/mixed/db/1/,5.61,247,0,
2026-05-16T16:02:05.906488,GET,/api/mixed/pipeline/1/,4.91,82,0,
2026-05-16T16:02:05.914838,GET,/api/mixed/db/1/,6.04,247,0,
2026-05-16T16:02:05.919473,GET,/api/mixed/http/,112.28,55353,0,
2026-05-16T16:02:05.928585,GET,/api/mixed/http/,109.95,55353,0,
2026-05-16T16:02:05.937860,GET,/api/mixed/db/1/,5.92,247,0,
2026-05-16T16:02:05.939827,GET,/api/mixed/pipeline/1/,4.66,82,0,
2026-05-16T16:02:05.962117,GET,/api/mixed/pipeline/1/,4.94,82,0,
2026-05-16T16:02:05.968112,GET,/api/mixed/db/1/,5.75,247,0,
2026-05-16T16:02:05.975037,GET,/api/mixed/db/1/,4.67,247,0,
2026-05-16T16:02:05.990590,GET,/api/mixed/pipeline/1/,3.37,82,0,
2026-05-16T16:02:05.999954,GET,/api/mixed/pipeline/1/,3.7,82,0,
2026-05-16T16:02:06.002566,GET,/api/mixed/db/1/,8.06,247,0,
2026-05-16T16:02:06.003309,GET,/api/mixed/http/,110.59,55353,0,
2026-05-16T16:02:06.005856,GET,/api/mixed/pipeline/1/,4.56,82,0,
2026-05-16T16:02:06.011780,GET,/api/mixed/db/1/,5.76,247,0,
2026-05-16T16:02:06.016133,GET,/api/mixed/db/1/,6.39,247,0,
2026-05-16T16:02:06.027149,GET,/api/mixed/db/1/,4.77,247,0,
2026-05-16T16:02:06.037985,GET,/api/mixed/pipeline/1/,5.56,82,0,
2026-05-16T16:02:06.038688,GET,/api/mixed/pipeline/1/,4.68,82,0,
2026-05-16T16:02:06.050238,GET,/api/mixed/pipeline/1/,3.46,82,0,
2026-05-16T16:02:06.051052,GET,/api/mixed/db/1/,5.08,247,0,
2026-05-16T16:02:06.061229,GET,/api/mixed/db/1/,4.87,247,0,
2026-05-16T16:02:06.079575,GET,/api/mixed/pipeline/1/,4.7,82,0,
2026-05-16T16:02:06.080480,GET,/api/mixed/pipeline/1/,4.82,82,0,
2026-05-16T16:02:06.094045,GET,/api/mixed/http/,111.79,55353,0,
2026-05-16T16:02:06.094870,GET,/api/mixed/db/1/,6.95,247,0,
2026-05-16T16:02:06.099804,GET,/api/mixed/db/1/,7.39,247,0,
2026-05-16T16:02:06.100742,GET,/api/mixed/http/,110.0,55353,0,
2026-05-16T16:02:06.101259,GET,/api/mixed/db/1/,6.19,247,0,
2026-05-16T16:02:06.114726,GET,/api/mixed/db/1/,5.18,247,0,
2026-05-16T16:02:06.153371,GET,/api/mixed/pipeline/1/,4.25,82,0,
2026-05-16T16:02:06.180736,GET,/api/mixed/pipeline/1/,4.98,82,0,
2026-05-16T16:02:06.181642,GET,/api/mixed/http/,112.11,55353,0,
2026-05-16T16:02:06.201695,GET,/api/mixed/pipeline/1/,5.66,82,0,
2026-05-16T16:02:06.220389,GET,/api/mixed/http/,131.67,55353,0,
2026-05-16T16:02:06.233612,GET,/api/mixed/http/,114.52,55353,0,
2026-05-16T16:02:06.246440,GET,/api/mixed/db/1/,8.15,247,0,
2026-05-16T16:02:06.254669,GET,/api/mixed/db/1/,6.72,247,0,
2026-05-16T16:02:06.274359,GET,/api/mixed/db/1/,9.11,247,0,
2026-05-16T16:02:06.288600,GET,/api/mixed/http/,113.9,55353,0,
2026-05-16T16:02:06.296459,GET,/api/mixed/pipeline/1/,4.45,82,0,
2026-05-16T16:02:06.330824,GET,/api/mixed/http/,118.22,55353,0,
2026-05-16T16:02:06.333925,GET,/api/mixed/http/,112.28,55353,0,
2026-05-16T16:02:06.338187,GET,/api/mixed/db/1/,7.1,247,0,
2026-05-16T16:02:06.355010,GET,/api/mixed/pipeline/1/,5.8,82,0,
2026-05-16T16:02:06.369215,GET,/api/mixed/db/1/,5.85,247,0,
2026-05-16T16:02:06.376974,GET,/api/mixed/db/1/,7.52,247,0,
2026-05-16T16:02:06.377566,GET,/api/mixed/http/,114.4,55353,0,
2026-05-16T16:02:06.396043,GET,/api/mixed/http/,114.37,55353,0,
2026-05-16T16:02:06.409676,GET,/api/mixed/db/1/,7.29,247,0,
2026-05-16T16:02:06.434903,GET,/api/mixed/pipeline/1/,4.9,82,0,
2026-05-16T16:02:06.442630,GET,/api/mixed/http/,110.47,55353,0,
2026-05-16T16:02:06.457295,GET,/api/mixed/http/,112.76,55353,0,
2026-05-16T16:02:06.462976,GET,/api/mixed/http/,111.6,55353,0,
2026-05-16T16:02:06.495753,GET,/api/mixed/db/1/,11.32,247,0,
2026-05-16T16:02:06.497310,GET,/api/mixed/db/1/,11.94,247,0,
2026-05-16T16:02:06.504419,GET,/api/mixed/pipeline/1/,5.67,82,0,
2026-05-16T16:02:06.505728,GET,/api/mixed/pipeline/1/,5.59,82,0,
2026-05-16T16:02:06.515726,GET,/api/mixed/http/,112.48,55353,0,
2026-05-16T16:02:06.529425,GET,/api/mixed/db/1/,5.4,247,0,
2026-05-16T16:02:06.533015,GET,/api/mixed/db/1/,5.08,247,0,
2026-05-16T16:02:06.547011,GET,/api/mixed/pipeline/1/,5.62,82,0,
2026-05-16T16:02:06.588554,GET,/api/mixed/db/1/,6.72,247,0,
2026-05-16T16:02:06.600194,GET,/api/mixed/http/,111.8,55353,0,
2026-05-16T16:02:06.608014,GET,/api/mixed/pipeline/1/,5.29,82,0,
2026-05-16T16:02:06.619320,GET,/api/mixed/http/,111.09,55353,0,
2026-05-16T16:02:06.620727,GET,/api/mixed/http/,109.99,55353,0,
2026-05-16T16:02:06.621483,GET,/api/mixed/http/,109.6,55353,0,
2026-05-16T16:02:06.629081,GET,/api/mixed/db/1/,6.99,247,0,
2026-05-16T16:02:06.645156,GET,/api/mixed/pipeline/1/,6.18,82,0,
2026-05-16T16:02:06.646267,GET,/api/mixed/pipeline/1/,6.39,82,0,
2026-05-16T16:02:06.647561,GET,/api/mixed/db/1/,12.91,247,0,
2026-05-16T16:02:06.650870,GET,/api/mixed/db/1/,7.57,247,0,
2026-05-16T16:02:06.680735,GET,/api/mixed/pipeline/1/,3.57,82,0,
2026-05-16T16:02:06.684773,GET,/api/mixed/http/,112.23,55353,0,
2026-05-16T16:02:06.697755,GET,/api/mixed/db/1/,5.42,247,0,
2026-05-16T16:02:06.700328,GET,/api/mixed/pipeline/1/,3.83,82,0,
2026-05-16T16:02:06.714027,GET,/api/mixed/http/,113.61,55353,0,
2026-05-16T16:02:06.716554,GET,/api/mixed/pipeline/1/,4.95,82,0,
2026-05-16T16:02:06.717575,GET,/api/mixed/db/1/,4.85,247,0,
2026-05-16T16:02:06.728400,GET,/api/mixed/db/1/,4.58,247,0,
2026-05-16T16:02:06.730578,GET,/api/mixed/http/,111.1,55353,0,
2026-05-16T16:02:06.736900,GET,/api/mixed/http/,109.19,55353,0,
2026-05-16T16:02:06.752033,GET,/api/mixed/pipeline/1/,4.82,82,0,
2026-05-16T16:02:06.780114,GET,/api/mixed/pipeline/1/,2.77,82,0,
2026-05-16T16:02:06.793523,GET,/api/mixed/http/,108.52,55353,0,
2026-05-16T16:02:06.795963,GET,/api/mixed/db/1/,4.58,247,0,
2026-05-16T16:02:06.801049,GET,/api/mixed/pipeline/1/,3.69,82,0,
2026-05-16T16:02:06.807911,GET,/api/mixed/db/1/,4.55,247,0,
2026-05-16T16:02:06.816064,GET,/api/mixed/db/1/,4.4,247,0,
2026-05-16T16:02:06.829192,GET,/api/mixed/pipeline/1/,4.81,82,0,
2026-05-16T16:02:06.836006,GET,/api/mixed/http/,109.31,55353,0,
2026-05-16T16:02:06.836484,GET,/api/mixed/pipeline/1/,3.97,82,0,
2026-05-16T16:02:06.849281,GET,/api/mixed/pipeline/1/,5.44,82,0,
2026-05-16T16:02:06.887076,GET,/api/mixed/db/1/,9.67,247,0,
2026-05-16T16:02:06.890872,GET,/api/mixed/http/,116.44,55353,0,
2026-05-16T16:02:06.917045,GET,/api/mixed/http/,109.0,55353,0,
2026-05-16T16:02:06.931822,GET,/api/mixed/db/1/,4.51,247,0,
2026-05-16T16:02:06.937214,GET,/api/mixed/pipeline/1/,3.04,82,0,
2026-05-16T16:02:06.944513,GET,/api/mixed/db/1/,3.95,247,0,
2026-05-16T16:02:06.959822,GET,/api/mixed/http/,108.16,55353,0,
2026-05-16T16:02:06.964845,GET,/api/mixed/pipeline/1/,2.84,82,0,
2026-05-16T16:02:06.972850,GET,/api/mixed/pipeline/1/,3.64,82,0,
2026-05-16T16:02:06.973296,GET,/api/mixed/pipeline/1/,3.65,82,0,
2026-05-16T16:02:06.973673,GET,/api/mixed/pipeline/1/,3.64,82,0,
2026-05-16T16:02:06.993503,GET,/api/mixed/db/1/,4.04,247,0,
2026-05-16T16:02:06.997240,GET,/api/mixed/db/1/,5.43,247,0,
2026-05-16T16:02:06.998230,GET,/api/mixed/http/,109.89,55353,0,
2026-05-16T16:02:07.001611,GET,/api/mixed/db/1/,4.24,247,0,
2026-05-16T16:02:07.018775,GET,/api/mixed/http/,109.44,55353,0,
2026-05-16T16:02:07.022049,GET,/api/mixed/pipeline/1/,3.11,82,0,
2026-05-16T16:02:07.044590,GET,/api/mixed/pipeline/1/,3.14,82,0,
2026-05-16T16:02:07.057345,GET,/api/mixed/db/1/,4.51,247,0,
2026-05-16T16:02:07.086154,GET,/api/mixed/pipeline/1/,3.94,82,0,
2026-05-16T16:02:07.086890,GET,/api/mixed/db/1/,4.02,247,0,
2026-05-16T16:02:07.093403,GET,/api/mixed/http/,107.57,55353,0,
2026-05-16T16:02:07.105854,GET,/api/mixed/pipeline/1/,3.23,82,0,
2026-05-16T16:02:07.118663,GET,/api/mixed/http/,111.82,55353,0,
2026-05-16T16:02:07.119319,GET,/api/mixed/db/1/,6.15,247,0,
2026-05-16T16:02:07.132643,GET,/api/mixed/pipeline/1/,9.99,82,0,
2026-05-16T16:02:07.134901,GET,/api/mixed/pipeline/1/,7.52,82,0,
2026-05-16T16:02:07.140646,GET,/api/mixed/db/1/,4.42,247,0,
2026-05-16T16:02:07.161015,GET,/api/mixed/db/1/,4.4,247,0,
2026-05-16T16:02:07.172940,GET,/api/mixed/pipeline/1/,3.75,82,0,
2026-05-16T16:02:07.173453,GET,/api/mixed/http/,109.71,55353,0,
2026-05-16T16:02:07.174591,GET,/api/mixed/http/,108.05,55353,0,
2026-05-16T16:02:07.192361,GET,/api/mixed/pipeline/1/,3.69,82,0,
2026-05-16T16:02:07.193126,GET,/api/mixed/db/1/,3.99,247,0,
2026-05-16T16:02:07.226551,GET,/api/mixed/db/1/,4.04,247,0,
2026-05-16T16:02:07.242758,GET,/api/mixed/db/1/,4.28,247,0,
2026-05-16T16:02:07.249336,GET,/api/mixed/pipeline/1/,2.82,82,0,
2026-05-16T16:02:07.249814,GET,/api/mixed/http/,107.92,55353,0,
2026-05-16T16:02:07.276078,GET,/api/mixed/http/,108.79,55353,0,
2026-05-16T16:02:07.290658,GET,/api/mixed/http/,107.81,55353,0,
2026-05-16T16:02:07.303098,GET,/api/mixed/pipeline/1/,3.44,82,0,
2026-05-16T16:02:07.322957,GET,/api/mixed/http/,108.61,55353,0,
2026-05-16T16:02:07.324907,GET,/api/mixed/pipeline/1/,4.02,82,0,
2026-05-16T16:02:07.325484,GET,/api/mixed/http/,108.36,55353,0,
2026-05-16T16:02:07.346863,GET,/api/mixed/http/,108.91,55353,0,
2026-05-16T16:02:07.352352,GET,/api/mixed/http/,108.33,55353,0,
2026-05-16T16:02:07.355494,GET,/api/mixed/db/1/,4.38,247,0,
2026-05-16T16:02:07.403568,GET,/api/mixed/http/,108.39,55353,0,
2026-05-16T16:02:07.406531,GET,/api/mixed/pipeline/1/,2.8,82,0,
2026-05-16T16:02:07.414155,GET,/api/mixed/http/,108.74,55353,0,
2026-05-16T16:02:07.416019,GET,/api/mixed/db/1/,4.64,247,0,
2026-05-16T16:02:07.448409,GET,/api/mixed/pipeline/1/,3.43,82,0,
2026-05-16T16:02:07.449742,GET,/api/mixed/db/1/,4.3,247,0,
2026-05-16T16:02:07.459311,GET,/api/mixed/pipeline/1/,3.36,82,0,
2026-05-16T16:02:07.487460,GET,/api/mixed/pipeline/1/,2.92,82,0,
2026-05-16T16:02:07.504746,GET,/api/mixed/http/,108.83,55353,0,
2026-05-16T16:02:07.505208,GET,/api/mixed/db/1/,4.74,247,0,
2026-05-16T16:02:07.510743,GET,/api/mixed/pipeline/1/,3.32,82,0,
2026-05-16T16:02:07.515726,GET,/api/mixed/http/,107.99,55353,0,
2026-05-16T16:02:07.516189,GET,/api/mixed/http/,107.18,55353,0,
2026-05-16T16:02:07.532628,GET,/api/mixed/db/1/,4.09,247,0,
2026-05-16T16:02:07.537119,GET,/api/mixed/http/,107.77,55353,0,
2026-05-16T16:02:07.537815,GET,/api/mixed/pipeline/1/,2.99,82,0,
2026-05-16T16:02:07.575070,GET,/api/mixed/db/1/,4.26,247,0,
2026-05-16T16:02:07.597811,GET,/api/mixed/pipeline/1/,3.41,82,0,
2026-05-16T16:02:07.598894,GET,/api/mixed/pipeline/1/,2.93,82,0,
2026-05-16T16:02:07.602604,GET,/api/mixed/db/1/,3.6,247,0,
2026-05-16T16:02:07.608852,GET,/api/mixed/http/,108.85,55353,0,
2026-05-16T16:02:07.611970,GET,/api/mixed/db/1/,4.15,247,0,
2026-05-16T16:02:07.622642,GET,/api/mixed/pipeline/1/,3.22,82,0,
2026-05-16T16:02:07.638694,GET,/api/mixed/db/1/,3.84,247,0,
2026-05-16T16:02:07.649538,GET,/api/mixed/http/,108.39,55353,0,
2026-05-16T16:02:07.656477,GET,/api/mixed/http/,107.94,55353,0,
2026-05-16T16:02:07.661049,GET,/api/mixed/http/,107.93,55353,0,
2026-05-16T16:02:07.670824,GET,/api/mixed/pipeline/1/,2.8,82,0,
2026-05-16T16:02:07.675698,GET,/api/mixed/db/1/,3.68,247,0,
2026-05-16T16:02:07.681166,GET,/api/mixed/pipeline/1/,3.67,82,0,
2026-05-16T16:02:07.681627,GET,/api/mixed/db/1/,4.59,247,0,
2026-05-16T16:02:07.683588,GET,/api/mixed/pipeline/1/,3.43,82,0,
2026-05-16T16:02:07.689961,GET,/api/mixed/http/,109.52,55353,0,
2026-05-16T16:02:07.709903,GET,/api/mixed/db/1/,3.89,247,0,
2026-05-16T16:02:07.727759,GET,/api/mixed/pipeline/1/,3.36,82,0,
2026-05-16T16:02:07.728348,GET,/api/mixed/pipeline/1/,2.73,82,0,
2026-05-16T16:02:07.729225,GET,/api/mixed/db/1/,5.33,247,0,
2026-05-16T16:02:07.741452,GET,/api/mixed/pipeline/1/,4.08,82,0,
2026-05-16T16:02:07.754545,GET,/api/mixed/db/1/,3.85,247,0,
2026-05-16T16:02:07.761452,GET,/api/mixed/pipeline/1/,2.73,82,0,
2026-05-16T16:02:07.767472,GET,/api/mixed/db/1/,3.8,247,0,
2026-05-16T16:02:07.771843,GET,/api/mixed/http/,107.45,55353,0,
2026-05-16T16:02:07.786392,GET,/api/mixed/db/1/,4.24,247,0,
2026-05-16T16:02:07.807072,GET,/api/mixed/http/,108.64,55353,0,
2026-05-16T16:02:07.810586,GET,/api/mixed/db/1/,4.54,247,0,
2026-05-16T16:02:07.816623,GET,/api/mixed/pipeline/1/,2.73,82,0,
2026-05-16T16:02:07.825902,GET,/api/mixed/http/,107.69,55353,0,
2026-05-16T16:02:07.828784,GET,/api/mixed/db/1/,3.97,247,0,
2026-05-16T16:02:07.836320,GET,/api/mixed/http/,107.87,55353,0,
2026-05-16T16:02:07.847591,GET,/api/mixed/http/,107.85,55353,0,
2026-05-16T16:02:07.851210,GET,/api/mixed/db/1/,4.72,247,0,
2026-05-16T16:02:07.869663,GET,/api/mixed/pipeline/1/,2.92,82,0,
2026-05-16T16:02:07.892454,GET,/api/mixed/http/,107.71,55353,0,
2026-05-16T16:02:07.900409,GET,/api/mixed/pipeline/1/,3.55,82,0,
2026-05-16T16:02:07.901578,GET,/api/mixed/db/1/,4.25,247,0,
2026-05-16T16:02:07.933838,GET,/api/mixed/db/1/,4.05,247,0,
2026-05-16T16:02:07.945017,GET,/api/mixed/db/1/,3.81,247,0,
2026-05-16T16:02:07.951690,GET,/api/mixed/pipeline/1/,2.83,82,0,
2026-05-16T16:02:07.952095,GET,/api/mixed/pipeline/1/,3.71,82,0,
2026-05-16T16:02:07.958472,GET,/api/mixed/http/,108.14,55353,0,
2026-05-16T16:02:07.970272,GET,/api/mixed/db/1/,3.91,247,0,
2026-05-16T16:02:07.971799,GET,/api/mixed/http/,113.11,55353,0,
2026-05-16T16:02:07.979133,GET,/api/mixed/db/1/,3.99,247,0,
2026-05-16T16:02:07.981033,GET,/api/mixed/pipeline/1/,3.33,82,0,
2026-05-16T16:02:07.985977,GET,/api/mixed/db/1/,3.62,247,0,
2026-05-16T16:02:07.992538,GET,/api/mixed/pipeline/1/,2.93,82,0,
2026-05-16T16:02:07.992960,GET,/api/mixed/db/1/,4.66,247,0,
2026-05-16T16:02:08.002882,GET,/api/mixed/pipeline/1/,2.78,82,0,
2026-05-16T16:02:08.027838,GET,/api/mixed/pipeline/1/,2.9,82,0,
2026-05-16T16:02:08.037254,GET,/api/mixed/db/1/,4.08,247,0,
2026-05-16T16:02:08.061323,GET,/api/mixed/db/1/,3.74,247,0,
2026-05-16T16:02:08.067530,GET,/api/mixed/http/,107.65,55353,0,
2026-05-16T16:02:08.068432,GET,/api/mixed/db/1/,3.94,247,0,
2026-05-16T16:02:08.075508,GET,/api/mixed/db/1/,3.74,247,0,
2026-05-16T16:02:08.091161,GET,/api/mixed/db/1/,4.41,247,0,
2026-05-16T16:02:08.102251,GET,/api/mixed/db/1/,4.7,247,0,
2026-05-16T16:02:08.102776,GET,/api/mixed/pipeline/1/,2.71,82,0,
2026-05-16T16:02:08.119447,GET,/api/mixed/http/,108.15,55353,0,
2026-05-16T16:02:08.121779,GET,/api/mixed/pipeline/1/,3.24,82,0,
2026-05-16T16:02:08.137263,GET,/api/mixed/pipeline/1/,3.2,82,0,
2026-05-16T16:02:08.145487,GET,/api/mixed/pipeline/1/,3.88,82,0,
2026-05-16T16:02:08.154727,GET,/api/mixed/http/,108.29,55353,0,
2026-05-16T16:02:08.161815,GET,/api/mixed/pipeline/1/,2.85,82,0,
2026-05-16T16:02:08.162863,GET,/api/mixed/http/,107.69,55353,0,
2026-05-16T16:02:08.207252,GET,/api/mixed/pipeline/1/,2.89,82,0,
2026-05-16T16:02:08.221991,GET,/api/mixed/http/,108.02,55353,0,
2026-05-16T16:02:08.223995,GET,/api/mixed/db/1/,4.5,247,0,
2026-05-16T16:02:08.242166,GET,/api/mixed/pipeline/1/,2.93,82,0,
2026-05-16T16:02:08.243386,GET,/api/mixed/http/,107.85,55353,0,
2026-05-16T16:02:08.253072,GET,/api/mixed/db/1/,4.36,247,0,
2026-05-16T16:02:08.255462,GET,/api/mixed/pipeline/1/,3.27,82,0,
2026-05-16T16:02:08.276557,GET,/api/mixed/http/,107.38,55353,0,
2026-05-16T16:02:08.281048,GET,/api/mixed/http/,107.55,55353,0,
2026-05-16T16:02:08.297831,GET,/api/mixed/http/,107.92,55353,0,
2026-05-16T16:02:08.301665,GET,/api/mixed/http/,108.02,55353,0,
2026-05-16T16:02:08.302154,GET,/api/mixed/http/,107.23,55353,0,
2026-05-16T16:02:08.322564,GET,/api/mixed/pipeline/1/,2.76,82,0,
2026-05-16T16:02:08.331741,GET,/api/mixed/pipeline/1/,2.9,82,0,
2026-05-16T16:02:08.347168,GET,/api/mixed/db/1/,4.05,247,0,
2026-05-16T16:02:08.351293,GET,/api/mixed/pipeline/1/,2.78,82,0,
2026-05-16T16:02:08.364747,GET,/api/mixed/pipeline/1/,6.47,82,0,
2026-05-16T16:02:08.372913,GET,/api/mixed/db/1/,4.23,247,0,
2026-05-16T16:02:08.382422,GET,/api/mixed/pipeline/1/,3.26,82,0,
2026-05-16T16:02:08.396098,GET,/api/mixed/db/1/,4.94,247,0,
2026-05-16T16:02:08.399295,GET,/api/mixed/db/1/,4.28,247,0,
2026-05-16T16:02:08.408468,GET,/api/mixed/db/1/,3.97,247,0,
2026-05-16T16:02:08.417245,GET,/api/mixed/pipeline/1/,3.14,82,0,
2026-05-16T16:02:08.423793,GET,/api/mixed/http/,107.78,55353,0,
2026-05-16T16:02:08.424590,GET,/api/mixed/http/,109.11,55353,0,
2026-05-16T16:02:08.434910,GET,/api/mixed/pipeline/1/,3.0,82,0,
2026-05-16T16:02:08.441005,GET,/api/mixed/db/1/,3.77,247,0,
2026-05-16T16:02:08.456887,GET,/api/mixed/db/1/,4.22,247,0,
2026-05-16T16:02:08.468427,GET,/api/mixed/http/,113.87,55353,0,
2026-05-16T16:02:08.472347,GET,/api/mixed/http/,108.53,55353,0,
2026-05-16T16:02:08.478102,GET,/api/mixed/pipeline/1/,3.39,82,0,
2026-05-16T16:02:08.479421,GET,/api/mixed/db/1/,4.26,247,0,
2026-05-16T16:02:08.490305,GET,/api/mixed/http/,108.69,55353,0,
2026-05-16T16:02:08.490859,GET,/api/mixed/http/,108.2,55353,0,
2026-05-16T16:02:08.512845,GET,/api/mixed/db/1/,3.87,247,0,
2026-05-16T16:02:08.518640,GET,/api/mixed/pipeline/1/,3.56,82,0,
2026-05-16T16:02:08.519161,GET,/api/mixed/http/,108.48,55353,0,
2026-05-16T16:02:08.519951,GET,/api/mixed/db/1/,4.4,247,0,
2026-05-16T16:02:08.546435,GET,/api/mixed/pipeline/1/,3.1,82,0,
2026-05-16T16:02:08.550372,GET,/api/mixed/http/,107.98,55353,0,
2026-05-16T16:02:08.563863,GET,/api/mixed/pipeline/1/,4.67,82,0,
2026-05-16T16:02:08.564870,GET,/api/mixed/db/1/,6.16,247,0,
2026-05-16T16:02:08.565280,GET,/api/mixed/pipeline/1/,3.18,82,0,
2026-05-16T16:02:08.575718,GET,/api/mixed/db/1/,3.77,247,0,
2026-05-16T16:02:08.586872,GET,/api/mixed/db/1/,3.92,247,0,
2026-05-16T16:02:08.605769,GET,/api/mixed/http/,110.51,55353,0,
2026-05-16T16:02:08.624215,GET,/api/mixed/db/1/,4.06,247,0,
2026-05-16T16:02:08.640383,GET,/api/mixed/db/1/,3.78,247,0,
2026-05-16T16:02:08.647534,GET,/api/mixed/pipeline/1/,2.89,82,0,
2026-05-16T16:02:08.656246,GET,/api/mixed/http/,107.53,55353,0,
2026-05-16T16:02:08.663441,GET,/api/mixed/pipeline/1/,2.82,82,0,
2026-05-16T16:02:08.669567,GET,/api/mixed/db/1/,3.76,247,0,
2026-05-16T16:02:08.676114,GET,/api/mixed/http/,107.65,55353,0,
2026-05-16T16:02:08.703192,GET,/api/mixed/pipeline/1/,2.93,82,0,
2026-05-16T16:02:08.720940,GET,/api/mixed/pipeline/1/,2.92,82,0,
2026-05-16T16:02:08.727155,GET,/api/mixed/db/1/,3.8,247,0,
2026-05-16T16:02:08.741065,GET,/api/mixed/db/1/,4.57,247,0,
2026-05-16T16:02:08.743860,GET,/api/mixed/http/,108.27,55353,0,
2026-05-16T16:02:08.744302,GET,/api/mixed/db/1/,4.29,247,0,
2026-05-16T16:02:08.749278,GET,/api/mixed/db/1/,3.65,247,0,
2026-05-16T16:02:08.758374,GET,/api/mixed/http/,107.64,55353,0,
2026-05-16T16:02:08.766959,GET,/api/mixed/db/1/,3.89,247,0,
2026-05-16T16:02:08.767370,GET,/api/mixed/db/1/,4.78,247,0,
2026-05-16T16:02:08.776858,GET,/api/mixed/http/,108.58,55353,0,
2026-05-16T16:02:08.796204,GET,/api/mixed/http/,107.69,55353,0,
2026-05-16T16:02:08.804481,GET,/api/mixed/db/1/,3.89,247,0,
2026-05-16T16:02:08.813897,GET,/api/mixed/http/,107.35,55353,0,
2026-05-16T16:02:08.858179,GET,/api/mixed/http/,107.68,55353,0,
2026-05-16T16:02:08.881015,GET,/api/mixed/db/1/,4.1,247,0,
2026-05-16T16:02:08.881501,GET,/api/mixed/http/,107.98,55353,0,
2026-05-16T16:02:08.881870,GET,/api/mixed/db/1/,5.47,247,0,
2026-05-16T16:02:08.899526,GET,/api/mixed/pipeline/1/,3.2,82,0,
2026-05-16T16:02:08.899978,GET,/api/mixed/db/1/,4.76,247,0,
2026-05-16T16:02:08.911719,GET,/api/mixed/db/1/,3.89,247,0,
2026-05-16T16:02:08.912139,GET,/api/mixed/db/1/,4.78,247,0,
2026-05-16T16:02:08.918962,GET,/api/mixed/pipeline/1/,2.86,82,0,
2026-05-16T16:02:08.923776,GET,/api/mixed/http/,107.54,55353,0,
2026-05-16T16:02:08.925052,GET,/api/mixed/http/,107.47,55353,0,
2026-05-16T16:02:08.931740,GET,/api/mixed/http/,108.59,55353,0,
2026-05-16T16:02:08.940858,GET,/api/mixed/pipeline/1/,2.89,82,0,
2026-05-16T16:02:08.942382,GET,/api/mixed/http/,107.53,55353,0,
2026-05-16T16:02:08.946347,GET,/api/mixed/db/1/,3.84,247,0,
2026-05-16T16:02:08.979784,GET,/api/mixed/pipeline/1/,4.02,82,0,
2026-05-16T16:02:08.984841,GET,/api/mixed/db/1/,3.71,247,0,
2026-05-16T16:02:08.999156,GET,/api/mixed/db/1/,3.94,247,0,
2026-05-16T16:02:09.004033,GET,/api/mixed/db/1/,4.76,247,0,
2026-05-16T16:02:09.021564,GET,/api/mixed/http/,108.06,55353,0,
2026-05-16T16:02:09.032761,GET,/api/mixed/pipeline/1/,2.82,82,0,
2026-05-16T16:02:09.051780,GET,/api/mixed/db/1/,4.64,247,0,
2026-05-16T16:02:09.052443,GET,/api/mixed/pipeline/1/,2.84,82,0,
2026-05-16T16:02:09.058401,GET,/api/mixed/db/1/,3.69,247,0,
2026-05-16T16:02:09.066776,GET,/api/mixed/pipeline/1/,2.93,82,0,
2026-05-16T16:02:09.069609,GET,/api/mixed/pipeline/1/,2.71,82,0,
2026-05-16T16:02:09.071912,GET,/api/mixed/http/,108.18,55353,0,
2026-05-16T16:02:09.072404,GET,/api/mixed/http/,107.6,55353,0,
2026-05-16T16:02:09.079509,GET,/api/mixed/http/,108.1,55353,0,
2026-05-16T16:02:09.084181,GET,/api/mixed/db/1/,4.28,247,0,
2026-05-16T16:02:09.087722,GET,/api/mixed/db/1/,4.43,247,0,
2026-05-16T16:02:09.106714,GET,/api/mixed/pipeline/1/,3.31,82,0,
2026-05-16T16:02:09.110926,GET,/api/mixed/http/,107.87,55353,0,
2026-05-16T16:02:09.118770,GET,/api/mixed/pipeline/1/,2.82,82,0,
2026-05-16T16:02:09.119200,GET,/api/mixed/db/1/,4.46,247,0,
2026-05-16T16:02:09.152776,GET,/api/mixed/pipeline/1/,2.85,82,0,
2026-05-16T16:02:09.153233,GET,/api/mixed/db/1/,4.69,247,0,
2026-05-16T16:02:09.162590,GET,/api/mixed/pipeline/1/,3.14,82,0,
2026-05-16T16:02:09.182010,GET,/api/mixed/pipeline/1/,3.17,82,0,
2026-05-16T16:02:09.186821,GET,/api/mixed/http/,108.23,55353,0,
2026-05-16T16:02:09.192098,GET,/api/mixed/db/1/,4.08,247,0,
2026-05-16T16:02:09.209251,GET,/api/mixed/http/,113.1,55353,0,
2026-05-16T16:02:09.216518,GET,/api/mixed/http/,107.61,55353,0,
2026-05-16T16:02:09.223190,GET,/api/mixed/http/,108.95,55353,0,
2026-05-16T16:02:09.242566,GET,/api/mixed/pipeline/1/,3.29,82,0,
2026-05-16T16:02:09.244930,GET,/api/mixed/pipeline/1/,3.31,82,0,
2026-05-16T16:02:09.264284,GET,/api/mixed/pipeline/1/,3.06,82,0,
2026-05-16T16:02:09.273414,GET,/api/mixed/db/1/,3.76,247,0,
2026-05-16T16:02:09.292504,GET,/api/mixed/db/1/,3.96,247,0,
2026-05-16T16:02:09.342404,GET,/api/mixed/pipeline/1/,3.38,82,0,
2026-05-16T16:02:09.347141,GET,/api/mixed/http/,111.54,55353,0,
2026-05-16T16:02:09.347603,GET,/api/mixed/db/1/,7.3,247,0,
2026-05-16T16:02:09.357046,GET,/api/mixed/pipeline/1/,3.15,82,0,
2026-05-16T16:02:09.366327,GET,/api/mixed/db/1/,3.92,247,0,
2026-05-16T16:02:09.380707,GET,/api/mixed/http/,108.64,55353,0,
2026-05-16T16:02:09.382401,GET,/api/mixed/http/,107.31,55353,0,
2026-05-16T16:02:09.392650,GET,/api/mixed/db/1/,3.92,247,0,
2026-05-16T16:02:09.400576,GET,/api/mixed/pipeline/1/,2.74,82,0,
2026-05-16T16:02:09.404554,GET,/api/mixed/pipeline/1/,2.63,82,0,
2026-05-16T16:02:09.410506,GET,/api/mixed/pipeline/1/,2.6,82,0,
2026-05-16T16:02:09.417521,GET,/api/mixed/pipeline/1/,2.81,82,0,
2026-05-16T16:02:09.421746,GET,/api/mixed/pipeline/1/,4.08,82,0,
2026-05-16T16:02:09.433853,GET,/api/mixed/http/,107.79,55353,0,
2026-05-16T16:02:09.441078,GET,/api/mixed/http/,107.41,55353,0,
2026-05-16T16:02:09.451394,GET,/api/mixed/pipeline/1/,2.96,82,0,
2026-05-16T16:02:09.467609,GET,/api/mixed/pipeline/1/,2.89,82,0,
2026-05-16T16:02:09.474459,GET,/api/mixed/pipeline/1/,2.61,82,0,
2026-05-16T16:02:09.526209,GET,/api/mixed/pipeline/1/,3.53,82,0,
2026-05-16T16:02:09.526723,GET,/api/mixed/db/1/,4.62,247,0,
2026-05-16T16:02:09.528582,GET,/api/mixed/pipeline/1/,3.37,82,0,
2026-05-16T16:02:09.539757,GET,/api/mixed/db/1/,3.76,247,0,
2026-05-16T16:02:09.544775,GET,/api/mixed/pipeline/1/,2.69,82,0,
2026-05-16T16:02:09.557233,GET,/api/mixed/db/1/,4.14,247,0,
2026-05-16T16:02:09.558257,GET,/api/mixed/pipeline/1/,2.73,82,0,
2026-05-16T16:02:09.601432,GET,/api/mixed/http/,112.6,55353,0,
2026-05-16T16:02:09.616750,GET,/api/mixed/db/1/,4.94,247,0,
2026-05-16T16:02:09.617181,GET,/api/mixed/db/1/,4.54,247,0,
2026-05-16T16:02:09.621097,GET,/api/mixed/http/,107.59,55353,0,
2026-05-16T16:02:09.627313,GET,/api/mixed/pipeline/1/,2.88,82,0,
2026-05-16T16:02:09.651426,GET,/api/mixed/db/1/,3.93,247,0,
2026-05-16T16:02:09.672333,GET,/api/mixed/http/,107.72,55353,0,
2026-05-16T16:02:09.675392,GET,/api/mixed/db/1/,4.4,247,0,
2026-05-16T16:02:09.686365,GET,/api/mixed/db/1/,3.76,247,0,
2026-05-16T16:02:09.721643,GET,/api/mixed/http/,109.38,55353,0,
2026-05-16T16:02:09.726912,GET,/api/mixed/pipeline/1/,2.9,82,0,
2026-05-16T16:02:09.733907,GET,/api/mixed/pipeline/1/,2.63,82,0,
2026-05-16T16:02:09.750703,GET,/api/mixed/http/,107.54,55353,0,
2026-05-16T16:02:09.751185,GET,/api/mixed/http/,108.54,55353,0,
2026-05-16T16:02:09.755495,GET,/api/mixed/http/,108.45,55353,0,
2026-05-16T16:02:09.759555,GET,/api/mixed/http/,108.01,55353,0,
2026-05-16T16:02:09.771972,GET,/api/mixed/db/1/,4.01,247,0,
2026-05-16T16:02:09.773728,GET,/api/mixed/pipeline/1/,3.17,82,0,
2026-05-16T16:02:09.783850,GET,/api/mixed/pipeline/1/,2.91,82,0,
2026-05-16T16:02:09.817734,GET,/api/mixed/http/,107.91,55353,0,
2026-05-16T16:02:09.831715,GET,/api/mixed/db/1/,3.8,247,0,
2026-05-16T16:02:09.844468,GET,/api/mixed/http/,108.18,55353,0,
2026-05-16T16:02:09.849124,GET,/api/mixed/db/1/,4.49,247,0,
2026-05-16T16:02:09.856732,GET,/api/mixed/http/,108.01,55353,0,
2026-05-16T16:02:09.885654,GET,/api/mixed/pipeline/1/,3.58,82,0,
2026-05-16T16:02:09.896850,GET,/api/mixed/http/,108.61,55353,0,
2026-05-16T16:02:09.906753,GET,/api/mixed/db/1/,3.89,247,0,
2026-05-16T16:02:09.922483,GET,/api/mixed/db/1/,3.98,247,0,
2026-05-16T16:02:09.931666,GET,/api/mixed/http/,107.6,55353,0,
2026-05-16T16:02:09.932802,GET,/api/mixed/http/,107.32,55353,0,
2026-05-16T16:02:09.941203,GET,/api/mixed/db/1/,5.2,247,0,
2026-05-16T16:02:09.942313,GET,/api/mixed/db/1/,4.89,247,0,
2026-05-16T16:02:09.942901,GET,/api/mixed/db/1/,4.07,247,0,
2026-05-16T16:02:09.964213,GET,/api/mixed/db/1/,3.97,247,0,
2026-05-16T16:02:09.971885,GET,/api/mixed/pipeline/1/,3.33,82,0,
2026-05-16T16:02:09.992829,GET,/api/mixed/http/,108.1,55353,0,
2026-05-16T16:02:09.999527,GET,/api/mixed/http/,107.98,55353,0,
2026-05-16T16:02:10.005919,GET,/api/mixed/http/,107.72,55353,0,
2026-05-16T16:02:10.016303,GET,/api/mixed/http/,108.3,55353,0,
2026-05-16T16:02:10.085920,GET,/api/mixed/http/,114.87,55353,0,
2026-05-16T16:02:10.087884,GET,/api/mixed/pipeline/1/,3.68,82,0,
2026-05-16T16:02:10.102015,GET,/api/mixed/http/,107.92,55353,0,
2026-05-16T16:02:10.102956,GET,/api/mixed/pipeline/1/,3.82,82,0,
2026-05-16T16:02:10.124795,GET,/api/mixed/http/,109.58,55353,0,
2026-05-16T16:02:10.134015,GET,/api/mixed/pipeline/1/,2.82,82,0,
2026-05-16T16:02:10.164819,GET,/api/mixed/pipeline/1/,3.54,82,0,
2026-05-16T16:02:10.176260,GET,/api/mixed/db/1/,4.0,247,0,
2026-05-16T16:02:10.177989,GET,/api/mixed/pipeline/1/,3.13,82,0,
2026-05-16T16:02:10.192738,GET,/api/mixed/db/1/,4.89,247,0,
2026-05-16T16:02:10.195678,GET,/api/mixed/db/1/,3.89,247,0,
2026-05-16T16:02:10.200725,GET,/api/mixed/db/1/,3.69,247,0,
2026-05-16T16:02:10.210801,GET,/api/mixed/http/,108.64,55353,0,
2026-05-16T16:02:10.218075,GET,/api/mixed/pipeline/1/,2.91,82,0,
2026-05-16T16:02:10.224298,GET,/api/mixed/http/,108.28,55353,0,
2026-05-16T16:02:10.228282,GET,/api/mixed/http/,107.72,55353,0,
2026-05-16T16:02:10.228697,GET,/api/mixed/pipeline/1/,3.18,82,0,
2026-05-16T16:02:10.233714,GET,/api/mixed/db/1/,3.65,247,0,
2026-05-16T16:02:10.244160,GET,/api/mixed/db/1/,4.23,247,0,
2026-05-16T16:02:10.270158,GET,/api/mixed/http/,108.37,55353,0,
2026-05-16T16:02:10.295970,GET,/api/mixed/http/,108.61,55353,0,
2026-05-16T16:02:10.299401,GET,/api/mixed/http/,108.82,55353,0,
2026-05-16T16:02:10.311477,GET,/api/mixed/pipeline/1/,2.99,82,0,
2026-05-16T16:02:10.369344,GET,/api/mixed/db/1/,5.34,247,0,
2026-05-16T16:02:10.400460,GET,/api/mixed/db/1/,4.24,247,0,
2026-05-16T16:02:10.406167,GET,/api/mixed/http/,107.85,55353,0,
2026-05-16T16:02:10.410902,GET,/api/mixed/pipeline/1/,3.34,82,0,
2026-05-16T16:02:10.421793,GET,/api/mixed/pipeline/1/,2.67,82,0,
2026-05-16T16:02:10.428063,GET,/api/mixed/http/,108.2,55353,0,
2026-05-16T16:02:10.433113,GET,/api/mixed/db/1/,3.76,247,0,
2026-05-16T16:02:10.438145,GET,/api/mixed/pipeline/1/,2.68,82,0,
2026-05-16T16:02:10.442087,GET,/api/mixed/pipeline/1/,2.62,82,0,
2026-05-16T16:02:10.448067,GET,/api/mixed/db/1/,3.73,247,0,
2026-05-16T16:02:10.451666,GET,/api/mixed/db/1/,3.48,247,0,
2026-05-16T16:02:10.463939,GET,/api/mixed/http/,108.64,55353,0,
2026-05-16T16:02:10.480439,GET,/api/mixed/http/,107.74,55353,0,
2026-05-16T16:02:10.487816,GET,/api/mixed/pipeline/1/,3.12,82,0,
2026-05-16T16:02:10.501316,GET,/api/mixed/pipeline/1/,2.97,82,0,
2026-05-16T16:02:10.501871,GET,/api/mixed/db/1/,4.72,247,0,
2026-05-16T16:02:10.506298,GET,/api/mixed/http/,107.54,55353,0,
2026-05-16T16:02:10.518406,GET,/api/mixed/http/,108.4,55353,0,
2026-05-16T16:02:10.518869,GET,/api/mixed/db/1/,4.81,247,0,
2026-05-16T16:02:10.519236,GET,/api/mixed/pipeline/1/,4.06,82,0,
2026-05-16T16:02:10.521169,GET,/api/mixed/http/,108.55,55353,0,
2026-05-16T16:02:10.527258,GET,/api/mixed/pipeline/1/,2.76,82,0,
2026-05-16T16:02:10.533378,GET,/api/mixed/pipeline/1/,2.76,82,0,
2026-05-16T16:02:10.542455,GET,/api/mixed/pipeline/1/,2.71,82,0,
2026-05-16T16:02:10.567744,GET,/api/mixed/pipeline/1/,2.99,82,0,
2026-05-16T16:02:10.571211,GET,/api/mixed/http/,108.28,55353,0,
2026-05-16T16:02:10.585946,GET,/api/mixed/http/,108.89,55353,0,
2026-05-16T16:02:10.600722,GET,/api/mixed/db/1/,3.81,247,0,
2026-05-16T16:02:10.618137,GET,/api/mixed/http/,107.62,55353,0,
2026-05-16T16:02:10.689026,GET,/api/mixed/http/,108.31,55353,0,
2026-05-16T16:02:10.702251,GET,/api/mixed/db/1/,4.02,247,0,
2026-05-16T16:02:10.702796,GET,/api/mixed/http/,108.48,55353,0,
2026-05-16T16:02:10.703245,GET,/api/mixed/http/,107.57,55353,0,
2026-05-16T16:02:10.711137,GET,/api/mixed/pipeline/1/,4.4,82,0,
2026-05-16T16:02:10.711908,GET,/api/mixed/db/1/,4.73,247,0,
2026-05-16T16:02:10.715664,GET,/api/mixed/db/1/,3.66,247,0,
2026-05-16T16:02:10.719261,GET,/api/mixed/http/,108.13,55353,0,
2026-05-16T16:02:10.734107,GET,/api/mixed/http/,107.6,55353,0,
2026-05-16T16:02:10.738274,GET,/api/mixed/db/1/,4.04,247,0,
2026-05-16T16:02:10.741325,GET,/api/mixed/http/,108.17,55353,0,
2026-05-16T16:02:10.741821,GET,/api/mixed/http/,107.46,55353,0,
2026-05-16T16:02:10.743138,GET,/api/mixed/db/1/,3.64,247,0,
2026-05-16T16:02:10.751390,GET,/api/mixed/db/1/,3.86,247,0,
2026-05-16T16:02:10.781938,GET,/api/mixed/pipeline/1/,2.92,82,0,
2026-05-16T16:02:10.787753,GET,/api/mixed/pipeline/1/,2.66,82,0,
2026-05-16T16:02:11.508996,GET,/api/mixed/http/,108.46,55353,0,
2026-05-16T16:02:11.510972,GET,/api/mixed/db/1/,4.01,247,0,
2026-05-16T16:02:11.524768,GET,/api/mixed/http/,113.47,55353,0,
2026-05-16T16:02:11.525256,GET,/api/mixed/pipeline/1/,10.6,82,0,
2026-05-16T16:02:11.525873,GET,/api/mixed/db/1/,11.67,247,0,
2026-05-16T16:02:11.534600,GET,/api/mixed/pipeline/1/,5.46,82,0,
2026-05-16T16:02:11.535836,GET,/api/mixed/db/1/,6.16,247,0,
2026-05-16T16:02:11.538299,GET,/api/mixed/db/1/,4.94,247,0,
2026-05-16T16:02:11.556650,GET,/api/mixed/http/,107.87,55353,0,
2026-05-16T16:02:11.572919,GET,/api/mixed/db/1/,4.46,247,0,
2026-05-16T16:02:11.573427,GET,/api/mixed/db/1/,5.53,247,0,
2026-05-16T16:02:11.574513,GET,/api/mixed/http/,110.05,55353,0,
2026-05-16T16:02:11.575610,GET,/api/mixed/pipeline/1/,3.73,82,0,
2026-05-16T16:02:11.607844,GET,/api/mixed/db/1/,4.1,247,0,
2026-05-16T16:02:11.612604,GET,/api/mixed/pipeline/1/,3.49,82,0,
2026-05-16T16:02:11.613012,GET,/api/mixed/pipeline/1/,2.89,82,0,
2026-05-16T16:02:11.646138,GET,/api/mixed/db/1/,4.77,247,0,
2026-05-16T16:02:11.647907,GET,/api/mixed/pipeline/1/,3.15,82,0,
2026-05-16T16:02:11.653880,GET,/api/mixed/db/1/,3.64,247,0,
2026-05-16T16:02:11.660736,GET,/api/mixed/db/1/,3.98,247,0,
2026-05-16T16:02:11.663193,GET,/api/mixed/pipeline/1/,3.77,82,0,
2026-05-16T16:02:11.675654,GET,/api/mixed/db/1/,4.09,247,0,
2026-05-16T16:02:11.689610,GET,/api/mixed/db/1/,4.63,247,0,
2026-05-16T16:02:11.700442,GET,/api/mixed/http/,108.55,55353,0,
2026-05-16T16:02:11.721729,GET,/api/mixed/db/1/,3.94,247,0,
2026-05-16T16:02:11.749731,GET,/api/mixed/http/,107.83,55353,0,
2026-05-16T16:02:11.752465,GET,/api/mixed/db/1/,5.52,247,0,
2026-05-16T16:02:11.755912,GET,/api/mixed/pipeline/1/,4.51,82,0,
2026-05-16T16:02:11.759829,GET,/api/mixed/db/1/,5.05,247,0,
2026-05-16T16:02:11.769326,GET,/api/mixed/http/,113.03,55353,0,
2026-05-16T16:02:11.773322,GET,/api/mixed/http/,112.41,55353,0,
2026-05-16T16:02:11.781311,GET,/api/mixed/db/1/,5.24,247,0,
2026-05-16T16:02:11.800045,GET,/api/mixed/http/,114.56,55353,0,
2026-05-16T16:02:11.805825,GET,/api/mixed/db/1/,8.21,247,0,
2026-05-16T16:02:11.810799,GET,/api/mixed/db/1/,8.69,247,0,
2026-05-16T16:02:11.812499,GET,/api/mixed/pipeline/1/,8.01,82,0,
2026-05-16T16:02:11.826179,GET,/api/mixed/pipeline/1/,18.94,82,0,
2026-05-16T16:02:11.834841,GET,/api/mixed/db/1/,18.71,247,0,
2026-05-16T16:02:11.845708,GET,/api/mixed/db/1/,6.5,247,0,
2026-05-16T16:02:11.867633,GET,/api/mixed/http/,110.87,55353,0,
2026-05-16T16:02:11.869934,GET,/api/mixed/pipeline/1/,4.84,82,0,
2026-05-16T16:02:11.875102,GET,/api/mixed/http/,114.01,55353,0,
2026-05-16T16:02:11.881889,GET,/api/mixed/http/,110.09,55353,0,
2026-05-16T16:02:11.886539,GET,/api/mixed/http/,108.82,55353,0,
2026-05-16T16:02:11.917261,GET,/api/mixed/db/1/,4.68,247,0,
2026-05-16T16:02:11.942732,GET,/api/mixed/http/,125.77,55353,0,
2026-05-16T16:02:11.943938,GET,/api/mixed/http/,117.4,55353,0,
2026-05-16T16:02:11.948766,GET,/api/mixed/http/,115.72,55353,0,
2026-05-16T16:02:11.973542,GET,/api/mixed/http/,111.49,55353,0,
2026-05-16T16:02:11.974910,GET,/api/mixed/http/,111.59,55353,0,
2026-05-16T16:02:11.977876,GET,/api/mixed/pipeline/1/,4.14,82,0,
2026-05-16T16:02:11.988046,GET,/api/mixed/pipeline/1/,5.15,82,0,
2026-05-16T16:02:11.989721,GET,/api/mixed/http/,115.77,55353,0,
2026-05-16T16:02:11.993524,GET,/api/mixed/pipeline/1/,7.06,82,0,
2026-05-16T16:02:11.994667,GET,/api/mixed/db/1/,6.47,247,0,
2026-05-16T16:02:12.003323,GET,/api/mixed/http/,109.51,55353,0,
2026-05-16T16:02:12.017400,GET,/api/mixed/db/1/,13.71,247,0,
2026-05-16T16:02:12.018137,GET,/api/mixed/http/,119.44,55353,0,
2026-05-16T16:02:12.022344,GET,/api/mixed/pipeline/1/,9.5,82,0,
2026-05-16T16:02:12.039345,GET,/api/mixed/http/,110.73,55353,0,
2026-05-16T16:02:12.057459,GET,/api/mixed/db/1/,5.76,247,0,
2026-05-16T16:02:12.072242,GET,/api/mixed/pipeline/1/,8.41,82,0,
2026-05-16T16:02:12.073355,GET,/api/mixed/pipeline/1/,4.79,82,0,
2026-05-16T16:02:12.074000,GET,/api/mixed/db/1/,7.2,247,0,
2026-05-16T16:02:12.084935,GET,/api/mixed/pipeline/1/,3.66,82,0,
2026-05-16T16:02:12.091809,GET,/api/mixed/http/,109.63,55353,0,
2026-05-16T16:02:12.127837,GET,/api/mixed/http/,113.59,55353,0,
2026-05-16T16:02:12.128749,GET,/api/mixed/http/,113.49,55353,0,
2026-05-16T16:02:12.145787,GET,/api/mixed/http/,110.14,55353,0,
2026-05-16T16:02:12.161942,GET,/api/mixed/http/,109.63,55353,0,
2026-05-16T16:02:12.172021,GET,/api/mixed/pipeline/1/,4.79,82,0,
2026-05-16T16:02:12.172745,GET,/api/mixed/pipeline/1/,4.84,82,0,
2026-05-16T16:02:12.176316,GET,/api/mixed/http/,111.62,55353,0,
2026-05-16T16:02:12.181994,GET,/api/mixed/pipeline/1/,3.29,82,0,
2026-05-16T16:02:12.192155,GET,/api/mixed/pipeline/1/,4.81,82,0,
2026-05-16T16:02:12.195138,GET,/api/mixed/pipeline/1/,4.73,82,0,
2026-05-16T16:02:12.199398,GET,/api/mixed/http/,110.19,55353,0,
2026-05-16T16:02:12.207110,GET,/api/mixed/pipeline/1/,4.5,82,0,
2026-05-16T16:02:12.208407,GET,/api/mixed/db/1/,6.68,247,0,
2026-05-16T16:02:12.220252,GET,/api/mixed/http/,109.13,55353,0,
2026-05-16T16:02:12.220758,GET,/api/mixed/pipeline/1/,4.03,82,0,
2026-05-16T16:02:12.234883,GET,/api/mixed/db/1/,4.6,247,0,
2026-05-16T16:02:12.246620,GET,/api/mixed/db/1/,5.46,247,0,
2026-05-16T16:02:12.248423,GET,/api/mixed/http/,109.41,55353,0,
2026-05-16T16:02:12.254637,GET,/api/mixed/http/,110.91,55353,0,
2026-05-16T16:02:12.262348,GET,/api/mixed/pipeline/1/,6.56,82,0,
2026-05-16T16:02:12.275505,GET,/api/mixed/pipeline/1/,3.83,82,0,
2026-05-16T16:02:12.288400,GET,/api/mixed/pipeline/1/,3.9,82,0,
2026-05-16T16:02:12.296677,GET,/api/mixed/pipeline/1/,6.0,82,0,
2026-05-16T16:02:12.322222,GET,/api/mixed/pipeline/1/,3.17,82,0,
2026-05-16T16:02:12.333158,GET,/api/mixed/db/1/,4.21,247,0,
2026-05-16T16:02:12.338084,GET,/api/mixed/http/,109.11,55353,0,
2026-05-16T16:02:12.340320,GET,/api/mixed/pipeline/1/,3.9,82,0,
2026-05-16T16:02:12.370028,GET,/api/mixed/pipeline/1/,3.45,82,0,
2026-05-16T16:02:12.388709,GET,/api/mixed/http/,108.87,55353,0,
2026-05-16T16:02:12.392157,GET,/api/mixed/http/,109.61,55353,0,
2026-05-16T16:02:12.402650,GET,/api/mixed/db/1/,4.1,247,0,
2026-05-16T16:02:12.422997,GET,/api/mixed/pipeline/1/,2.72,82,0,
2026-05-16T16:02:12.434794,GET,/api/mixed/http/,108.21,55353,0,
2026-05-16T16:02:12.436776,GET,/api/mixed/pipeline/1/,3.4,82,0,
2026-05-16T16:02:12.437193,GET,/api/mixed/db/1/,4.95,247,0,
2026-05-16T16:02:12.452367,GET,/api/mixed/db/1/,4.44,247,0,
2026-05-16T16:02:12.452781,GET,/api/mixed/db/1/,4.45,247,0,
2026-05-16T16:02:12.466612,GET,/api/mixed/db/1/,3.78,247,0,
2026-05-16T16:02:12.481301,GET,/api/mixed/http/,108.02,55353,0,
2026-05-16T16:02:12.489994,GET,/api/mixed/db/1/,4.32,247,0,
2026-05-16T16:02:12.490610,GET,/api/mixed/db/1/,3.72,247,0,
2026-05-16T16:02:12.496853,GET,/api/mixed/db/1/,3.92,247,0,
2026-05-16T16:02:12.512626,GET,/api/mixed/http/,107.7,55353,0,
2026-05-16T16:02:12.526042,GET,/api/mixed/http/,108.57,55353,0,
2026-05-16T16:02:12.538098,GET,/api/mixed/db/1/,3.84,247,0,
2026-05-16T16:02:12.556771,GET,/api/mixed/http/,109.39,55353,0,
2026-05-16T16:02:12.567932,GET,/api/mixed/http/,107.78,55353,0,
2026-05-16T16:02:12.579073,GET,/api/mixed/pipeline/1/,2.79,82,0,
2026-05-16T16:02:12.590443,GET,/api/mixed/pipeline/1/,2.97,82,0,
2026-05-16T16:02:12.607617,GET,/api/mixed/pipeline/1/,3.82,82,0,
2026-05-16T16:02:12.608092,GET,/api/mixed/pipeline/1/,3.52,82,0,
2026-05-16T16:02:12.610180,GET,/api/mixed/http/,110.75,55353,0,
2026-05-16T16:02:12.621354,GET,/api/mixed/http/,108.59,55353,0,
2026-05-16T16:02:12.622399,GET,/api/mixed/pipeline/1/,3.01,82,0,
2026-05-16T16:02:12.661275,GET,/api/mixed/http/,132.47,55353,0,
2026-05-16T16:02:12.661774,GET,/api/mixed/http/,135.61,55353,0,
2026-05-16T16:02:12.678141,GET,/api/mixed/pipeline/1/,51.39,82,0,
2026-05-16T16:02:12.678820,GET,/api/mixed/db/1/,51.58,247,0,
