timestamp,method,name,response_time_ms,response_length,failed,error
2026-05-16T15:44:00.434343,POST,/api/queue/,4.06,68,0,
2026-05-16T15:44:00.499962,GET,/api/articles/1/,4.36,171,0,
2026-05-16T15:44:00.531605,GET,/api/cache/1/,3.26,142,0,
2026-05-16T15:44:00.558634,GET,/api/cache/1/,5.77,142,0,
2026-05-16T15:44:00.559334,GET,/api/articles/1/,4.28,171,0,
2026-05-16T15:44:00.667254,POST,/api/queue/,4.54,68,0,
2026-05-16T15:44:00.727225,GET,/api/cache/1/,4.08,142,0,
2026-05-16T15:44:00.731168,POST,/api/queue/,5.35,68,0,
2026-05-16T15:44:00.741151,POST,/api/queue/,4.64,68,0,
2026-05-16T15:44:00.764124,GET,/api/articles/1/,4.7,171,0,
2026-05-16T15:44:00.894966,GET,/api/articles/1/,4.79,171,0,
2026-05-16T15:44:00.918417,PUT,/api/articles/1/,1473.62,171,0,
2026-05-16T15:44:00.959309,GET,/api/articles/1/,4.2,171,0,
2026-05-16T15:44:00.975949,POST,/api/queue/,3.92,68,0,
2026-05-16T15:44:00.979736,PUT,/api/articles/1/,1517.1,171,0,
2026-05-16T15:44:01.066181,GET,/api/external/,103.53,78,0,
2026-05-16T15:44:01.066724,GET,/api/articles/1/,5.39,171,0,
2026-05-16T15:44:01.095438,GET,/api/articles/1/,4.38,171,0,
2026-05-16T15:44:01.110413,PUT,/api/articles/1/,267.84,171,0,
2026-05-16T15:44:01.159578,GET,/api/external/,103.54,78,0,
2026-05-16T15:44:01.256455,PUT,/api/articles/1/,943.08,171,0,
2026-05-16T15:44:01.423940,PUT,/api/articles/1/,1901.16,171,0,
2026-05-16T15:44:01.424487,GET,/api/cache/1/,5.32,142,0,
2026-05-16T15:44:01.468345,PUT,/api/articles/1/,1336.21,171,0,
2026-05-16T15:44:01.483911,GET,/api/cache/1/,4.22,142,0,
2026-05-16T15:44:01.512323,PUT,/api/articles/1/,834.84,171,0,
2026-05-16T15:44:01.551031,PUT,/api/articles/1/,813.33,171,0,
2026-05-16T15:44:01.551455,POST,/api/queue/,40.24,68,0,
2026-05-16T15:44:01.561792,GET,/api/articles/1/,3.98,171,0,
2026-05-16T15:44:01.578742,PUT,/api/articles/1/,1589.07,171,0,
2026-05-16T15:44:01.579616,POST,/api/queue/,7.54,68,0,
2026-05-16T15:44:01.605874,PUT,/api/articles/1/,781.08,171,0,
2026-05-16T15:44:01.626235,GET,/api/cache/1/,3.03,142,0,
2026-05-16T15:44:01.632728,PUT,/api/articles/1/,894.18,171,0,
2026-05-16T15:44:01.639891,GET,/api/articles/1/,3.86,171,0,
2026-05-16T15:44:01.653578,POST,/api/queue/,4.37,68,0,
2026-05-16T15:44:01.682166,PUT,/api/articles/1/,29.55,171,0,
2026-05-16T15:44:01.716541,GET,/api/articles/1/,3.99,171,0,
2026-05-16T15:44:01.751202,GET,/api/cache/1/,3.56,142,0,
2026-05-16T15:44:01.774158,PUT,/api/articles/1/,42.25,171,0,
2026-05-16T15:44:01.818782,GET,/api/articles/1/,4.08,171,0,
2026-05-16T15:44:01.876631,POST,/api/queue/,5.68,68,0,
2026-05-16T15:44:01.942278,PUT,/api/articles/1/,37.84,171,0,
2026-05-16T15:44:01.955039,GET,/api/external/,102.89,77,0,
2026-05-16T15:44:02.138485,POST,/api/queue/,4.05,68,0,
2026-05-16T15:44:02.204642,POST,/api/queue/,4.03,68,0,
2026-05-16T15:44:02.205309,GET,/api/articles/1/,5.25,171,0,
2026-05-16T15:44:02.208364,GET,/api/external/,102.77,78,0,
2026-05-16T15:44:02.233033,GET,/api/articles/1/,4.33,171,0,
2026-05-16T15:44:02.273668,GET,/api/articles/1/,4.35,171,0,
2026-05-16T15:44:02.356106,GET,/api/external/,103.58,78,0,
2026-05-16T15:44:02.383065,GET,/api/external/,103.05,78,0,
2026-05-16T15:44:02.413318,GET,/api/cache/1/,6.94,142,0,
2026-05-16T15:44:02.451325,GET,/api/external/,105.61,78,0,
2026-05-16T15:44:02.468998,GET,/api/articles/1/,4.35,171,0,
2026-05-16T15:44:02.489299,GET,/api/articles/1/,3.96,171,0,
2026-05-16T15:44:02.543095,POST,/api/queue/,4.41,68,0,
2026-05-16T15:44:02.653557,POST,/api/queue/,4.1,68,0,
2026-05-16T15:44:02.669991,POST,/api/queue/,4.05,68,0,
2026-05-16T15:44:02.673043,GET,/api/articles/1/,4.56,171,0,
2026-05-16T15:44:02.724845,GET,/api/cache/1/,4.46,142,0,
2026-05-16T15:44:02.741319,GET,/api/articles/1/,4.41,171,0,
2026-05-16T15:44:02.787770,GET,/api/cache/1/,3.02,142,0,
2026-05-16T15:44:02.840333,GET,/api/external/,103.95,78,0,
2026-05-16T15:44:02.893711,PUT,/api/articles/1/,165.13,171,0,
2026-05-16T15:44:02.920994,PUT,/api/articles/1/,81.99,171,0,
2026-05-16T15:44:03.010306,GET,/api/external/,103.27,78,0,
2026-05-16T15:44:03.067255,PUT,/api/articles/1/,176.11,171,0,
2026-05-16T15:44:03.067749,POST,/api/queue/,112.49,68,0,
2026-05-16T15:44:03.143880,GET,/api/external/,103.26,78,0,
2026-05-16T15:44:03.179217,GET,/api/external/,104.12,78,0,
2026-05-16T15:44:03.251028,GET,/api/cache/1/,3.14,142,0,
2026-05-16T15:44:03.275649,GET,/api/cache/1/,3.24,142,0,
2026-05-16T15:44:03.290266,POST,/api/queue/,4.19,68,0,
2026-05-16T15:44:03.333439,GET,/api/cache/1/,3.74,142,0,
2026-05-16T15:44:03.333838,GET,/api/cache/1/,3.63,142,0,
2026-05-16T15:44:03.353202,GET,/api/cache/1/,5.11,142,0,
2026-05-16T15:44:03.356666,POST,/api/queue/,6.67,68,0,
2026-05-16T15:44:03.398620,PUT,/api/articles/1/,36.36,171,0,
2026-05-16T15:44:03.407867,GET,/api/articles/1/,3.89,171,0,
2026-05-16T15:44:03.513534,GET,/api/articles/1/,4.19,171,0,
2026-05-16T15:44:03.548876,GET,/api/articles/1/,4.05,171,0,
2026-05-16T15:44:04.357864,GET,/api/external/,103.29,77,0,
2026-05-16T15:44:04.413288,GET,/api/cache/1/,2.99,142,0,
2026-05-16T15:44:04.419357,GET,/api/cache/1/,2.76,142,0,
2026-05-16T15:44:04.449630,GET,/api/articles/1/,4.04,171,0,
2026-05-16T15:44:04.596412,GET,/api/articles/1/,4.28,171,0,
2026-05-16T15:44:04.723084,GET,/api/external/,103.21,78,0,
2026-05-16T15:44:04.743900,GET,/api/external/,103.36,78,0,
2026-05-16T15:44:04.757158,GET,/api/cache/1/,2.92,142,0,
2026-05-16T15:44:04.811139,GET,/api/cache/1/,3.16,142,0,
2026-05-16T15:44:04.876187,POST,/api/queue/,3.79,68,0,
2026-05-16T15:44:04.885426,GET,/api/external/,102.99,78,0,
2026-05-16T15:44:04.905276,GET,/api/cache/1/,3.54,142,0,
2026-05-16T15:44:04.925823,GET,/api/articles/1/,4.21,171,0,
2026-05-16T15:44:04.967415,POST,/api/queue/,6.32,68,0,
2026-05-16T15:44:04.970803,POST,/api/queue/,5.19,68,0,
2026-05-16T15:44:05.035153,POST,/api/queue/,3.94,68,0,
2026-05-16T15:44:05.103251,POST,/api/queue/,5.53,68,0,
2026-05-16T15:44:05.110770,POST,/api/queue/,4.22,68,0,
2026-05-16T15:44:05.127602,POST,/api/queue/,4.55,68,0,
2026-05-16T15:44:05.131805,POST,/api/queue/,4.08,68,0,
2026-05-16T15:44:05.224463,GET,/api/articles/1/,5.99,171,0,
2026-05-16T15:44:05.274588,POST,/api/queue/,4.77,68,0,
2026-05-16T15:44:05.323083,GET,/api/external/,103.78,77,0,
2026-05-16T15:44:05.458198,GET,/api/cache/1/,3.43,142,0,
2026-05-16T15:44:05.459379,POST,/api/queue/,4.04,68,0,
2026-05-16T15:44:05.556753,GET,/api/cache/1/,3.08,142,0,
2026-05-16T15:44:05.627127,GET,/api/cache/1/,3.6,142,0,
2026-05-16T15:44:05.657523,POST,/api/queue/,3.98,68,0,
2026-05-16T15:44:05.721235,GET,/api/external/,103.26,78,0,
2026-05-16T15:44:05.825429,GET,/api/external/,103.01,77,0,
2026-05-16T15:44:05.848989,GET,/api/cache/1/,3.3,142,0,
2026-05-16T15:44:06.051379,GET,/api/cache/1/,90.31,142,0,
2026-05-16T15:44:06.052527,GET,/api/cache/1/,75.79,142,0,
2026-05-16T15:44:06.062274,PUT,/api/articles/1/,989.7,171,0,
2026-05-16T15:44:06.062984,POST,/api/queue/,128.65,68,0,
2026-05-16T15:44:06.098824,GET,/api/cache/1/,3.08,142,0,
2026-05-16T15:44:06.207439,PUT,/api/articles/1/,604.37,171,0,
2026-05-16T15:44:06.240093,POST,/api/queue/,4.11,68,0,
2026-05-16T15:44:06.240567,PUT,/api/articles/1/,426.42,171,0,
2026-05-16T15:44:06.268449,PUT,/api/articles/1/,341.09,171,0,
2026-05-16T15:44:06.299418,GET,/api/articles/1/,4.54,171,0,
2026-05-16T15:44:06.306938,PUT,/api/articles/1/,354.7,171,0,
2026-05-16T15:44:06.334482,PUT,/api/articles/1/,284.88,171,0,
2026-05-16T15:44:06.341348,POST,/api/queue/,4.02,68,0,
2026-05-16T15:44:06.357747,POST,/api/queue/,4.1,68,0,
2026-05-16T15:44:06.358207,GET,/api/external/,103.28,78,0,
2026-05-16T15:44:06.361255,PUT,/api/articles/1/,55.61,171,0,
2026-05-16T15:44:06.389229,PUT,/api/articles/1/,54.62,171,0,
2026-05-16T15:44:06.427944,GET,/api/cache/1/,3.0,142,0,
2026-05-16T15:44:06.459493,PUT,/api/articles/1/,35.1,171,0,
2026-05-16T15:44:06.503453,GET,/api/external/,102.96,77,0,
2026-05-16T15:44:06.556878,GET,/api/cache/1/,3.13,142,0,
2026-05-16T15:44:06.575045,GET,/api/external/,103.29,78,0,
2026-05-16T15:44:06.596434,POST,/api/queue/,4.48,68,0,
2026-05-16T15:44:06.603725,GET,/api/cache/1/,2.96,142,0,
2026-05-16T15:44:06.686065,POST,/api/queue/,4.25,68,0,
2026-05-16T15:44:06.693386,GET,/api/external/,103.11,78,0,
2026-05-16T15:44:06.728258,GET,/api/articles/1/,4.58,171,0,
2026-05-16T15:44:06.734540,POST,/api/queue/,5.01,68,0,
2026-05-16T15:44:06.735186,GET,/api/external/,104.04,78,0,
2026-05-16T15:44:06.858444,GET,/api/articles/1/,4.1,171,0,
2026-05-16T15:44:06.863617,GET,/api/external/,103.18,78,0,
2026-05-16T15:44:06.886653,POST,/api/queue/,4.82,68,0,
2026-05-16T15:44:06.966052,GET,/api/cache/1/,3.07,142,0,
2026-05-16T15:44:07.098636,POST,/api/queue/,3.9,68,0,
2026-05-16T15:44:07.126135,GET,/api/articles/1/,4.12,171,0,
2026-05-16T15:44:07.245853,GET,/api/articles/1/,4.73,171,0,
2026-05-16T15:44:07.293747,GET,/api/external/,103.16,77,0,
2026-05-16T15:44:07.333733,GET,/api/external/,103.23,78,0,
2026-05-16T15:44:07.379380,GET,/api/cache/1/,3.22,142,0,
2026-05-16T15:44:07.521789,POST,/api/queue/,3.96,68,0,
2026-05-16T15:44:07.525430,POST,/api/queue/,3.5,68,0,
2026-05-16T15:44:07.583123,GET,/api/cache/1/,3.29,142,0,
2026-05-16T15:44:07.594354,GET,/api/articles/1/,3.95,171,0,
2026-05-16T15:44:07.595170,GET,/api/external/,103.05,78,0,
2026-05-16T15:44:07.739571,GET,/api/external/,104.02,78,0,
2026-05-16T15:44:07.743415,POST,/api/queue/,4.88,68,0,
2026-05-16T15:44:07.807190,GET,/api/external/,103.22,78,0,
2026-05-16T15:44:07.842066,GET,/api/external/,104.16,78,0,
2026-05-16T15:44:07.869761,GET,/api/articles/1/,4.41,171,0,
2026-05-16T15:44:08.096834,GET,/api/cache/1/,3.14,142,0,
2026-05-16T15:44:08.160153,GET,/api/external/,103.19,77,0,
2026-05-16T15:44:08.333272,GET,/api/articles/1/,7.26,171,0,
2026-05-16T15:44:08.353626,GET,/api/articles/1/,4.06,171,0,
2026-05-16T15:44:08.382258,GET,/api/articles/1/,4.3,171,0,
2026-05-16T15:44:08.411207,GET,/api/articles/1/,4.19,171,0,
2026-05-16T15:44:08.436975,PUT,/api/articles/1/,1114.96,171,0,
2026-05-16T15:44:08.475975,PUT,/api/articles/1/,554.94,171,0,
2026-05-16T15:44:08.491494,GET,/api/external/,102.91,76,0,
2026-05-16T15:44:08.496054,GET,/api/external/,102.79,78,0,
2026-05-16T15:44:08.532422,POST,/api/queue/,4.1,68,0,
2026-05-16T15:44:08.546283,GET,/api/external/,103.07,78,0,
2026-05-16T15:44:08.563847,POST,/api/queue/,4.12,68,0,
2026-05-16T15:44:08.651188,GET,/api/articles/1/,4.02,171,0,
2026-05-16T15:44:08.700135,POST,/api/queue/,4.6,68,0,
2026-05-16T15:44:08.711460,POST,/api/queue/,3.98,68,0,
2026-05-16T15:44:08.760761,POST,/api/queue/,4.36,68,0,
2026-05-16T15:44:08.831139,PUT,/api/articles/1/,898.35,171,0,
2026-05-16T15:44:08.854700,GET,/api/external/,102.97,77,0,
2026-05-16T15:44:08.866352,POST,/api/queue/,4.34,68,0,
2026-05-16T15:44:08.906733,GET,/api/external/,103.61,78,0,
2026-05-16T15:44:08.908701,PUT,/api/articles/1/,369.91,171,0,
2026-05-16T15:44:08.947497,PUT,/api/articles/1/,308.21,171,0,
2026-05-16T15:44:08.974655,PUT,/api/articles/1/,171.0,171,0,
2026-05-16T15:44:08.975194,POST,/api/queue/,6.47,68,0,
2026-05-16T15:44:08.975931,POST,/api/queue/,4.7,68,0,
2026-05-16T15:44:09.013140,PUT,/api/articles/1/,42.75,171,0,
2026-05-16T15:44:09.020578,GET,/api/cache/1/,3.05,142,0,
2026-05-16T15:44:09.043154,GET,/api/cache/1/,2.93,142,0,
2026-05-16T15:44:09.097621,GET,/api/articles/1/,4.21,171,0,
2026-05-16T15:44:09.115066,GET,/api/cache/1/,3.06,142,0,
2026-05-16T15:44:09.158998,PUT,/api/articles/1/,39.53,171,0,
2026-05-16T15:44:09.217955,GET,/api/cache/1/,3.15,142,0,
2026-05-16T15:44:09.239457,POST,/api/queue/,3.87,68,0,
2026-05-16T15:44:09.263344,GET,/api/external/,103.0,77,0,
2026-05-16T15:44:09.277736,POST,/api/queue/,3.94,68,0,
2026-05-16T15:44:09.346567,GET,/api/external/,103.72,78,0,
2026-05-16T15:44:09.473439,GET,/api/cache/1/,3.65,142,0,
2026-05-16T15:44:09.492584,GET,/api/external/,103.76,78,0,
2026-05-16T15:44:09.603821,POST,/api/queue/,3.97,68,0,
2026-05-16T15:44:09.711058,GET,/api/articles/1/,5.06,171,0,
2026-05-16T15:44:09.713461,GET,/api/cache/1/,3.49,142,0,
2026-05-16T15:44:09.739887,GET,/api/articles/1/,4.99,171,0,
2026-05-16T15:44:09.744941,POST,/api/queue/,3.72,68,0,
2026-05-16T15:44:09.777485,GET,/api/external/,103.21,78,0,
2026-05-16T15:44:09.788846,GET,/api/articles/1/,3.92,171,0,
2026-05-16T15:44:09.791739,GET,/api/cache/1/,2.78,142,0,
2026-05-16T15:44:09.838555,GET,/api/external/,103.11,78,0,
2026-05-16T15:44:09.846643,POST,/api/queue/,3.74,68,0,
2026-05-16T15:44:09.993204,PUT,/api/articles/1/,488.26,171,0,
2026-05-16T15:44:10.128914,PUT,/api/articles/1/,201.85,171,0,
2026-05-16T15:44:10.129424,POST,/api/queue/,82.02,68,0,
2026-05-16T15:44:10.129807,GET,/api/cache/1/,108.27,142,0,
2026-05-16T15:44:10.132491,GET,/api/external/,103.06,77,0,
2026-05-16T15:44:10.199826,GET,/api/cache/1/,3.01,142,0,
2026-05-16T15:44:10.211174,POST,/api/queue/,4.09,68,0,
2026-05-16T15:44:10.296162,PUT,/api/articles/1/,332.0,171,0,
2026-05-16T15:44:10.304411,GET,/api/cache/1/,3.01,142,0,
2026-05-16T15:44:10.323821,PUT,/api/articles/1/,210.59,171,0,
2026-05-16T15:44:10.343270,POST,/api/queue/,4.06,68,0,
2026-05-16T15:44:10.355877,GET,/api/external/,103.16,78,0,
2026-05-16T15:44:10.420371,POST,/api/queue/,5.23,68,0,
2026-05-16T15:44:10.504901,POST,/api/queue/,4.21,68,0,
2026-05-16T15:44:10.555601,GET,/api/external/,103.6,77,0,
2026-05-16T15:44:10.596875,PUT,/api/articles/1/,84.61,171,0,
2026-05-16T15:44:10.623959,PUT,/api/articles/1/,73.55,171,0,
2026-05-16T15:44:10.649982,GET,/api/external/,103.15,78,0,
2026-05-16T15:44:10.656263,GET,/api/cache/1/,3.04,142,0,
2026-05-16T15:44:10.677630,POST,/api/queue/,4.02,68,0,
2026-05-16T15:44:10.681805,GET,/api/articles/1/,4.06,171,0,
2026-05-16T15:44:10.690951,POST,/api/queue/,3.76,68,0,
2026-05-16T15:44:10.719447,GET,/api/articles/1/,4.22,171,0,
2026-05-16T15:44:10.778930,GET,/api/cache/1/,3.07,142,0,
2026-05-16T15:44:10.796118,GET,/api/cache/1/,2.98,142,0,
2026-05-16T15:44:10.821341,GET,/api/cache/1/,2.95,142,0,
2026-05-16T15:44:10.847097,GET,/api/cache/1/,3.07,142,0,
2026-05-16T15:44:10.889365,GET,/api/articles/1/,4.03,171,0,
2026-05-16T15:44:10.899494,GET,/api/articles/1/,3.83,171,0,
2026-05-16T15:44:10.943302,GET,/api/cache/1/,3.4,142,0,
2026-05-16T15:44:11.038046,POST,/api/queue/,4.37,68,0,
2026-05-16T15:44:11.069707,GET,/api/cache/1/,3.25,142,0,
2026-05-16T15:44:11.076942,GET,/api/external/,104.22,78,0,
2026-05-16T15:44:11.134064,POST,/api/queue/,3.82,68,0,
2026-05-16T15:44:11.155180,POST,/api/queue/,3.88,68,0,
2026-05-16T15:44:11.200677,GET,/api/cache/1/,3.14,142,0,
2026-05-16T15:44:11.497684,GET,/api/cache/1/,3.22,142,0,
2026-05-16T15:44:11.537833,GET,/api/articles/1/,4.87,171,0,
2026-05-16T15:44:11.612868,GET,/api/articles/1/,4.35,171,0,
2026-05-16T15:44:11.619682,GET,/api/cache/1/,3.37,142,0,
2026-05-16T15:44:11.632701,GET,/api/cache/1/,4.72,142,0,
2026-05-16T15:44:11.644011,GET,/api/external/,103.88,78,0,
2026-05-16T15:44:11.686057,GET,/api/cache/1/,3.42,142,0,
2026-05-16T15:44:11.781599,POST,/api/queue/,4.39,68,0,
2026-05-16T15:44:11.922057,PUT,/api/articles/1/,263.74,171,0,
2026-05-16T15:44:11.960663,PUT,/api/articles/1/,244.43,171,0,
2026-05-16T15:44:11.979209,GET,/api/articles/1/,4.28,171,0,
2026-05-16T15:44:11.987645,PUT,/api/articles/1/,236.37,171,0,
2026-05-16T15:44:12.007115,GET,/api/external/,104.2,78,0,
2026-05-16T15:44:12.015465,PUT,/api/articles/1/,140.31,171,0,
2026-05-16T15:44:12.027450,GET,/api/articles/1/,4.72,171,0,
2026-05-16T15:44:12.038873,GET,/api/cache/1/,3.0,142,0,
2026-05-16T15:44:12.065365,PUT,/api/articles/1/,42.1,171,0,
2026-05-16T15:44:12.098650,GET,/api/cache/1/,3.27,142,0,
2026-05-16T15:44:12.120240,PUT,/api/articles/1/,56.77,171,0,
2026-05-16T15:44:12.137591,GET,/api/articles/1/,4.02,171,0,
2026-05-16T15:44:12.141663,GET,/api/external/,102.66,78,0,
2026-05-16T15:44:12.158888,POST,/api/queue/,3.98,68,0,
2026-05-16T15:44:12.295161,GET,/api/external/,103.0,77,0,
2026-05-16T15:44:12.297015,POST,/api/queue/,3.92,68,0,
2026-05-16T15:44:12.358197,POST,/api/queue/,3.94,68,0,
2026-05-16T15:44:12.411710,GET,/api/external/,103.34,78,0,
2026-05-16T15:44:12.457380,GET,/api/cache/1/,3.21,142,0,
2026-05-16T15:44:12.486269,GET,/api/external/,103.75,78,0,
2026-05-16T15:44:12.489800,GET,/api/articles/1/,4.63,171,0,
2026-05-16T15:44:12.666047,GET,/api/articles/1/,4.04,171,0,
2026-05-16T15:44:12.688743,POST,/api/queue/,4.34,68,0,
2026-05-16T15:44:12.699068,GET,/api/cache/1/,3.1,142,0,
2026-05-16T15:44:12.796847,GET,/api/articles/1/,4.64,171,0,
2026-05-16T15:44:12.819315,GET,/api/articles/1/,4.11,171,0,
2026-05-16T15:44:12.885554,PUT,/api/articles/1/,308.49,171,0,
2026-05-16T15:44:12.971987,GET,/api/external/,103.24,78,0,
2026-05-16T15:44:13.033886,GET,/api/cache/1/,101.0,142,0,
2026-05-16T15:44:13.034763,POST,/api/queue/,75.95,68,0,
2026-05-16T15:44:13.035544,GET,/api/cache/1/,91.31,142,0,
2026-05-16T15:44:13.131854,GET,/api/articles/1/,4.1,171,0,
2026-05-16T15:44:13.168641,PUT,/api/articles/1/,514.47,171,0,
2026-05-16T15:44:13.193607,PUT,/api/articles/1/,397.73,171,0,
2026-05-16T15:44:13.228012,GET,/api/articles/1/,4.14,171,0,
2026-05-16T15:44:13.232072,PUT,/api/articles/1/,528.7,171,0,
2026-05-16T15:44:13.257564,GET,/api/cache/1/,2.99,142,0,
2026-05-16T15:44:13.259059,PUT,/api/articles/1/,256.78,171,0,
2026-05-16T15:44:13.272252,GET,/api/articles/1/,3.98,171,0,
2026-05-16T15:44:13.298264,PUT,/api/articles/1/,251.2,171,0,
2026-05-16T15:44:13.325223,PUT,/api/articles/1/,163.12,171,0,
2026-05-16T15:44:13.430811,GET,/api/external/,103.18,78,0,
2026-05-16T15:44:13.432788,GET,/api/articles/1/,4.43,171,0,
2026-05-16T15:44:13.439161,PUT,/api/articles/1/,34.71,171,0,
2026-05-16T15:44:13.531171,PUT,/api/articles/1/,37.23,171,0,
2026-05-16T15:44:13.539824,POST,/api/queue/,4.25,68,0,
2026-05-16T15:44:13.612852,PUT,/api/articles/1/,32.77,171,0,
2026-05-16T15:44:13.706289,GET,/api/external/,103.44,78,0,
2026-05-16T15:44:13.727891,GET,/api/cache/1/,3.41,142,0,
2026-05-16T15:44:13.851264,POST,/api/queue/,4.91,68,0,
2026-05-16T15:44:13.854177,GET,/api/articles/1/,4.13,171,0,
2026-05-16T15:44:13.913339,GET,/api/cache/1/,3.92,142,0,
2026-05-16T15:44:13.915883,POST,/api/queue/,4.95,68,0,
2026-05-16T15:44:13.956170,PUT,/api/articles/1/,42.69,171,0,
2026-05-16T15:44:13.984026,PUT,/api/articles/1/,55.62,171,0,
2026-05-16T15:44:14.024756,GET,/api/external/,103.26,78,0,
2026-05-16T15:44:14.046306,GET,/api/cache/1/,3.1,142,0,
2026-05-16T15:44:14.107510,POST,/api/queue/,4.78,68,0,
2026-05-16T15:44:14.119514,GET,/api/external/,103.25,78,0,
2026-05-16T15:44:14.155332,GET,/api/articles/1/,4.39,171,0,
2026-05-16T15:44:14.403892,POST,/api/queue/,4.14,68,0,
2026-05-16T15:44:14.488044,GET,/api/external/,104.93,78,0,
2026-05-16T15:44:14.527448,GET,/api/external/,103.12,78,0,
2026-05-16T15:44:14.535814,GET,/api/articles/1/,4.02,171,0,
2026-05-16T15:44:14.577001,GET,/api/articles/1/,4.11,171,0,
2026-05-16T15:44:14.608121,POST,/api/queue/,3.83,68,0,
2026-05-16T15:44:14.619431,GET,/api/external/,103.24,78,0,
2026-05-16T15:44:14.644853,GET,/api/articles/1/,4.06,171,0,
2026-05-16T15:44:14.658312,GET,/api/external/,103.12,78,0,
2026-05-16T15:44:14.742624,GET,/api/articles/1/,4.11,171,0,
2026-05-16T15:44:14.792775,GET,/api/external/,103.06,78,0,
2026-05-16T15:44:14.825148,GET,/api/articles/1/,4.14,171,0,
2026-05-16T15:44:14.832329,GET,/api/articles/1/,3.98,171,0,
2026-05-16T15:44:14.838503,GET,/api/articles/1/,3.82,171,0,
2026-05-16T15:44:14.958434,GET,/api/articles/1/,4.91,171,0,
2026-05-16T15:44:14.977990,GET,/api/cache/1/,3.15,142,0,
2026-05-16T15:44:15.042342,GET,/api/cache/1/,3.44,142,0,
2026-05-16T15:44:15.060917,GET,/api/articles/1/,4.08,171,0,
2026-05-16T15:44:15.101243,GET,/api/external/,103.03,78,0,
2026-05-16T15:44:15.148590,GET,/api/cache/1/,3.08,142,0,
2026-05-16T15:44:15.165286,GET,/api/articles/1/,3.67,171,0,
2026-05-16T15:44:15.214765,GET,/api/cache/1/,3.13,142,0,
2026-05-16T15:44:15.261860,GET,/api/external/,102.92,77,0,
2026-05-16T15:44:15.384099,GET,/api/external/,102.98,78,0,
2026-05-16T15:44:15.473457,POST,/api/queue/,3.93,68,0,
2026-05-16T15:44:15.503716,POST,/api/queue/,4.05,68,0,
2026-05-16T15:44:15.741775,GET,/api/cache/1/,2.96,142,0,
2026-05-16T15:44:15.811757,POST,/api/queue/,4.01,68,0,
2026-05-16T15:44:15.817989,GET,/api/cache/1/,2.8,142,0,
2026-05-16T15:44:15.862269,GET,/api/external/,103.06,78,0,
2026-05-16T15:44:15.886552,PUT,/api/articles/1/,1408.2,171,0,
2026-05-16T15:44:15.932805,GET,/api/articles/1/,5.88,171,0,
2026-05-16T15:44:15.937022,PUT,/api/articles/1/,1443.58,171,0,
2026-05-16T15:44:15.975725,PUT,/api/articles/1/,633.16,171,0,
2026-05-16T15:44:16.013957,GET,/api/cache/1/,22.93,142,0,
2026-05-16T15:44:16.015475,PUT,/api/articles/1/,1368.16,171,0,
2026-05-16T15:44:16.051788,GET,/api/external/,103.35,77,0,
2026-05-16T15:44:16.053031,PUT,/api/articles/1/,805.89,171,0,
2026-05-16T15:44:16.114914,GET,/api/articles/1/,5.8,171,0,
2026-05-16T15:44:16.119784,PUT,/api/articles/1/,513.78,171,0,
2026-05-16T15:44:16.122513,POST,/api/queue/,4.22,68,0,
2026-05-16T15:44:16.138213,GET,/api/articles/1/,3.82,171,0,
2026-05-16T15:44:16.144509,GET,/api/articles/1/,4.08,171,0,
2026-05-16T15:44:16.167610,GET,/api/cache/1/,3.28,142,0,
2026-05-16T15:44:16.177431,GET,/api/external/,103.08,78,0,
2026-05-16T15:44:16.207210,PUT,/api/articles/1/,1279.12,171,0,
2026-05-16T15:44:16.231415,GET,/api/external/,103.54,78,0,
2026-05-16T15:44:16.235843,PUT,/api/articles/1/,1424.74,171,0,
2026-05-16T15:44:16.272855,PUT,/api/articles/1/,1319.93,171,0,
2026-05-16T15:44:16.289241,POST,/api/queue/,4.2,68,0,
2026-05-16T15:44:16.300614,PUT,/api/articles/1/,285.98,171,0,
2026-05-16T15:44:16.329617,PUT,/api/articles/1/,1014.7,171,0,
2026-05-16T15:44:16.333404,GET,/api/articles/1/,5.55,171,0,
2026-05-16T15:44:16.366297,PUT,/api/articles/1/,202.51,171,0,
2026-05-16T15:44:16.495143,GET,/api/articles/1/,4.44,171,0,
2026-05-16T15:44:16.510865,GET,/api/external/,103.16,76,0,
2026-05-16T15:44:16.613504,POST,/api/queue/,4.36,68,0,
2026-05-16T15:44:16.747650,GET,/api/external/,103.73,78,0,
2026-05-16T15:44:16.880813,GET,/api/articles/1/,4.26,171,0,
2026-05-16T15:44:16.939511,POST,/api/queue/,4.39,68,0,
2026-05-16T15:44:17.009891,POST,/api/queue/,5.08,68,0,
2026-05-16T15:44:17.010557,GET,/api/articles/1/,4.65,171,0,
2026-05-16T15:44:17.013393,GET,/api/articles/1/,4.62,171,0,
2026-05-16T15:44:17.028549,GET,/api/articles/1/,3.97,171,0,
2026-05-16T15:44:17.084553,GET,/api/articles/1/,4.67,171,0,
2026-05-16T15:44:17.235088,GET,/api/articles/1/,4.26,171,0,
2026-05-16T15:44:17.250062,GET,/api/external/,103.21,78,0,
2026-05-16T15:44:17.382344,GET,/api/cache/1/,4.08,142,0,
2026-05-16T15:44:17.382815,POST,/api/queue/,4.01,68,0,
2026-05-16T15:44:17.406097,GET,/api/cache/1/,2.94,142,0,
2026-05-16T15:44:17.574835,GET,/api/articles/1/,5.69,171,0,
2026-05-16T15:44:17.588624,GET,/api/external/,103.0,78,0,
2026-05-16T15:44:17.606278,GET,/api/external/,102.93,78,0,
2026-05-16T15:44:17.742933,GET,/api/cache/1/,3.98,142,0,
2026-05-16T15:44:17.743594,GET,/api/articles/1/,4.09,171,0,
2026-05-16T15:44:17.747680,GET,/api/cache/1/,2.85,142,0,
2026-05-16T15:44:17.773979,GET,/api/cache/1/,2.99,142,0,
2026-05-16T15:44:17.803415,GET,/api/articles/1/,4.05,171,0,
2026-05-16T15:44:17.949737,POST,/api/queue/,4.02,68,0,
2026-05-16T15:44:18.023885,GET,/api/cache/1/,3.12,142,0,
2026-05-16T15:44:18.067196,POST,/api/queue/,4.07,68,0,
2026-05-16T15:44:18.158473,PUT,/api/articles/1/,1078.04,171,0,
2026-05-16T15:44:18.167481,GET,/api/articles/1/,4.61,171,0,
2026-05-16T15:44:18.186567,PUT,/api/articles/1/,930.81,171,0,
2026-05-16T15:44:18.213248,PUT,/api/articles/1/,351.38,171,0,
2026-05-16T15:44:18.234578,GET,/api/articles/1/,4.11,171,0,
2026-05-16T15:44:18.244804,GET,/api/cache/1/,2.92,142,0,
2026-05-16T15:44:18.252869,PUT,/api/articles/1/,105.35,171,0,
2026-05-16T15:44:18.291739,PUT,/api/articles/1/,266.59,171,0,
2026-05-16T15:44:18.326309,GET,/api/cache/1/,5.92,142,0,
2026-05-16T15:44:18.330966,POST,/api/queue/,8.34,68,0,
2026-05-16T15:44:18.331377,PUT,/api/articles/1/,1051.95,171,0,
2026-05-16T15:44:18.357595,PUT,/api/articles/1/,390.54,171,0,
2026-05-16T15:44:18.387557,GET,/api/cache/1/,3.49,142,0,
2026-05-16T15:44:18.393546,GET,/api/external/,103.5,78,0,
2026-05-16T15:44:18.406954,PUT,/api/articles/1/,138.47,171,0,
2026-05-16T15:44:18.692672,PUT,/api/articles/1/,45.06,171,0,
2026-05-16T15:44:18.695965,GET,/api/cache/1/,3.14,142,0,
2026-05-16T15:44:18.705335,GET,/api/articles/1/,4.03,171,0,
2026-05-16T15:44:18.732212,GET,/api/articles/1/,4.5,171,0,
2026-05-16T15:44:18.737583,GET,/api/articles/1/,3.86,171,0,
2026-05-16T15:44:18.763499,PUT,/api/articles/1/,32.22,171,0,
2026-05-16T15:44:18.801405,PUT,/api/articles/1/,68.95,171,0,
2026-05-16T15:44:18.813811,GET,/api/cache/1/,3.02,142,0,
2026-05-16T15:44:18.855508,GET,/api/articles/1/,4.3,171,0,
2026-05-16T15:44:18.883898,POST,/api/queue/,4.07,68,0,
2026-05-16T15:44:18.937488,GET,/api/cache/1/,3.0,142,0,
2026-05-16T15:44:18.958607,PUT,/api/articles/1/,32.85,171,0,
2026-05-16T15:44:18.967973,GET,/api/external/,102.88,78,0,
2026-05-16T15:44:18.998276,GET,/api/external/,103.12,78,0,
2026-05-16T15:44:19.147423,PUT,/api/articles/1/,40.65,171,0,
2026-05-16T15:44:19.155907,GET,/api/cache/1/,3.06,142,0,
2026-05-16T15:44:19.156756,GET,/api/external/,103.27,77,0,
2026-05-16T15:44:19.255135,POST,/api/queue/,4.29,68,0,
2026-05-16T15:44:19.280947,PUT,/api/articles/1/,80.92,171,0,
2026-05-16T15:44:19.290059,GET,/api/cache/1/,3.88,142,0,
2026-05-16T15:44:19.328328,GET,/api/external/,103.3,78,0,
2026-05-16T15:44:19.378517,POST,/api/queue/,3.94,68,0,
2026-05-16T15:44:19.438135,GET,/api/articles/1/,4.18,171,0,
2026-05-16T15:44:19.473407,POST,/api/queue/,3.94,68,0,
2026-05-16T15:44:19.492896,GET,/api/cache/1/,3.13,142,0,
2026-05-16T15:44:19.541201,POST,/api/queue/,4.03,68,0,
2026-05-16T15:44:19.552716,GET,/api/external/,104.27,78,0,
2026-05-16T15:44:19.597037,GET,/api/articles/1/,4.91,171,0,
2026-05-16T15:44:19.614611,POST,/api/queue/,4.14,68,0,
2026-05-16T15:44:19.643148,GET,/api/articles/1/,4.22,171,0,
2026-05-16T15:44:19.769174,GET,/api/articles/1/,4.69,171,0,
2026-05-16T15:44:19.769635,POST,/api/queue/,3.87,68,0,
2026-05-16T15:44:19.837939,GET,/api/cache/1/,3.42,142,0,
2026-05-16T15:44:19.854745,POST,/api/queue/,3.74,68,0,
2026-05-16T15:44:19.928455,GET,/api/cache/1/,3.0,142,0,
2026-05-16T15:44:19.995925,GET,/api/external/,103.58,78,0,
2026-05-16T15:44:20.011773,GET,/api/articles/1/,4.05,171,0,
2026-05-16T15:44:20.323670,GET,/api/cache/1/,3.22,142,0,
2026-05-16T15:44:20.375024,GET,/api/external/,103.33,78,0,
2026-05-16T15:44:20.657763,GET,/api/external/,103.22,76,0,
2026-05-16T15:44:20.687253,POST,/api/queue/,4.13,68,0,
2026-05-16T15:44:20.688173,PUT,/api/articles/1/,926.39,171,0,
2026-05-16T15:44:20.754997,PUT,/api/articles/1/,969.06,171,0,
2026-05-16T15:44:20.800200,PUT,/api/articles/1/,474.17,171,0,
2026-05-16T15:44:20.838317,PUT,/api/articles/1/,1001.22,171,0,
2026-05-16T15:44:20.843087,GET,/api/cache/1/,3.49,142,0,
2026-05-16T15:44:20.865993,PUT,/api/articles/1/,1053.62,171,0,
2026-05-16T15:44:20.893468,GET,/api/articles/1/,5.02,171,0,
2026-05-16T15:44:20.904262,PUT,/api/articles/1/,121.96,171,0,
2026-05-16T15:44:20.911418,GET,/api/cache/1/,3.91,142,0,
2026-05-16T15:44:20.923250,GET,/api/external/,103.77,78,0,
2026-05-16T15:44:20.927702,GET,/api/cache/1/,3.2,142,0,
2026-05-16T15:44:20.931587,PUT,/api/articles/1/,1111.64,171,0,
2026-05-16T15:44:20.969463,PUT,/api/articles/1/,1165.7,171,0,
2026-05-16T15:44:20.997665,PUT,/api/articles/1/,995.51,171,0,
2026-05-16T15:44:21.024242,PUT,/api/articles/1/,360.11,171,0,
2026-05-16T15:44:21.052456,PUT,/api/articles/1/,116.49,171,0,
2026-05-16T15:44:21.079258,PUT,/api/articles/1/,29.55,171,0,
2026-05-16T15:44:21.087947,GET,/api/external/,103.15,77,0,
2026-05-16T15:44:21.108583,GET,/api/articles/1/,4.26,171,0,
2026-05-16T15:44:21.112412,POST,/api/queue/,3.7,68,0,
2026-05-16T15:44:21.182347,PUT,/api/articles/1/,33.53,171,0,
2026-05-16T15:44:21.267527,POST,/api/queue/,3.99,68,0,
2026-05-16T15:44:21.277725,GET,/api/external/,103.16,77,0,
2026-05-16T15:44:21.305101,GET,/api/articles/1/,4.1,171,0,
2026-05-16T15:44:21.397837,GET,/api/cache/1/,3.3,142,0,
2026-05-16T15:44:21.435701,GET,/api/articles/1/,5.44,171,0,
2026-05-16T15:44:21.440916,POST,/api/queue/,3.96,68,0,
2026-05-16T15:44:21.463490,POST,/api/queue/,4.17,68,0,
2026-05-16T15:44:21.503024,GET,/api/cache/1/,3.17,142,0,
2026-05-16T15:44:21.526144,PUT,/api/articles/1/,42.03,171,0,
2026-05-16T15:44:21.533372,POST,/api/queue/,3.99,68,0,
2026-05-16T15:44:21.634800,GET,/api/cache/1/,3.14,142,0,
2026-05-16T15:44:21.642095,GET,/api/cache/1/,2.89,142,0,
2026-05-16T15:44:21.783985,GET,/api/articles/1/,4.78,171,0,
2026-05-16T15:44:21.786532,GET,/api/cache/1/,3.51,142,0,
2026-05-16T15:44:21.828359,GET,/api/articles/1/,4.6,171,0,
2026-05-16T15:44:21.834470,GET,/api/cache/1/,3.83,142,0,
2026-05-16T15:44:21.858653,GET,/api/cache/1/,3.0,142,0,
2026-05-16T15:44:21.925398,GET,/api/articles/1/,4.57,171,0,
2026-05-16T15:44:21.928189,GET,/api/cache/1/,3.89,142,0,
2026-05-16T15:44:21.935477,GET,/api/cache/1/,2.91,142,0,
2026-05-16T15:44:21.999299,GET,/api/external/,103.07,78,0,
2026-05-16T15:44:22.142298,POST,/api/queue/,4.33,68,0,
2026-05-16T15:44:22.162824,POST,/api/queue/,5.14,68,0,
2026-05-16T15:44:22.181482,POST,/api/queue/,4.39,68,0,
2026-05-16T15:44:22.196763,GET,/api/external/,103.42,78,0,
2026-05-16T15:44:22.281363,GET,/api/cache/1/,3.25,142,0,
2026-05-16T15:44:22.311971,GET,/api/external/,103.83,77,0,
2026-05-16T15:44:22.481339,POST,/api/queue/,4.1,68,0,
2026-05-16T15:44:22.539292,GET,/api/external/,103.09,78,0,
2026-05-16T15:44:22.541250,GET,/api/cache/1/,3.62,142,0,
2026-05-16T15:44:22.569377,GET,/api/articles/1/,4.87,171,0,
2026-05-16T15:44:22.572389,GET,/api/articles/1/,4.08,171,0,
2026-05-16T15:44:22.692600,GET,/api/articles/1/,5.3,171,0,
2026-05-16T15:44:22.756915,POST,/api/queue/,4.02,68,0,
2026-05-16T15:44:22.858508,GET,/api/articles/1/,6.33,171,0,
2026-05-16T15:44:22.944802,GET,/api/cache/1/,3.21,142,0,
2026-05-16T15:44:23.013078,GET,/api/external/,104.19,78,0,
2026-05-16T15:44:23.022737,GET,/api/cache/1/,5.27,142,0,
2026-05-16T15:44:23.045779,GET,/api/cache/1/,3.75,142,0,
2026-05-16T15:44:23.102263,GET,/api/external/,103.16,78,0,
2026-05-16T15:44:23.157258,GET,/api/external/,104.37,78,0,
2026-05-16T15:44:23.168872,GET,/api/cache/1/,3.39,142,0,
2026-05-16T15:44:23.229944,POST,/api/queue/,3.93,68,0,
2026-05-16T15:44:23.306764,GET,/api/articles/1/,4.37,171,0,
2026-05-16T15:44:23.323387,GET,/api/external/,103.1,77,0,
2026-05-16T15:44:23.386031,PUT,/api/articles/1/,1315.44,171,0,
2026-05-16T15:44:23.412131,GET,/api/cache/1/,3.73,142,0,
2026-05-16T15:44:23.441934,PUT,/api/articles/1/,1283.0,171,0,
2026-05-16T15:44:23.491286,GET,/api/articles/1/,7.74,171,0,
2026-05-16T15:44:23.497681,PUT,/api/articles/1/,155.01,171,0,
2026-05-16T15:44:23.582504,PUT,/api/articles/1/,322.19,171,0,
2026-05-16T15:44:23.584694,GET,/api/cache/1/,3.29,142,0,
2026-05-16T15:44:23.602047,GET,/api/cache/1/,2.99,142,0,
2026-05-16T15:44:23.619746,PUT,/api/articles/1/,772.38,171,0,
2026-05-16T15:44:23.710661,PUT,/api/articles/1/,659.55,171,0,
2026-05-16T15:44:23.759103,GET,/api/external/,103.15,78,0,
2026-05-16T15:44:23.783104,PUT,/api/articles/1/,908.02,171,0,
2026-05-16T15:44:23.885186,PUT,/api/articles/1/,1602.56,171,0,
2026-05-16T15:44:23.886884,GET,/api/cache/1/,5.15,142,0,
2026-05-16T15:44:23.930224,GET,/api/external/,103.59,78,0,
2026-05-16T15:44:23.940097,PUT,/api/articles/1/,1319.42,171,0,
2026-05-16T15:44:24.021613,GET,/api/articles/1/,4.16,171,0,
2026-05-16T15:44:24.114580,PUT,/api/articles/1/,307.2,171,0,
2026-05-16T15:44:24.152083,GET,/api/external/,103.17,78,0,
2026-05-16T15:44:24.268366,PUT,/api/articles/1/,588.65,171,0,
2026-05-16T15:44:24.268817,POST,/api/queue/,156.92,68,0,
2026-05-16T15:44:24.269198,POST,/api/queue/,90.36,68,0,
2026-05-16T15:44:24.269572,GET,/api/cache/1/,110.19,142,0,
2026-05-16T15:44:24.269930,POST,/api/queue/,53.84,68,0,
2026-05-16T15:44:24.285774,GET,/api/cache/1/,3.66,142,0,
2026-05-16T15:44:24.287203,POST,/api/queue/,3.85,68,0,
2026-05-16T15:44:24.618117,PUT,/api/articles/1/,411.63,171,0,
2026-05-16T15:44:24.633089,GET,/api/articles/1/,5.07,171,0,
2026-05-16T15:44:24.633642,POST,/api/queue/,4.19,68,0,
2026-05-16T15:44:24.645119,GET,/api/cache/1/,3.23,142,0,
2026-05-16T15:44:24.657540,GET,/api/external/,103.43,77,0,
2026-05-16T15:44:24.659493,POST,/api/queue/,4.08,68,0,
2026-05-16T15:44:24.667420,GET,/api/external/,103.52,78,0,
2026-05-16T15:44:24.671025,GET,/api/articles/1/,5.22,171,0,
2026-05-16T15:44:24.681453,GET,/api/cache/1/,3.18,142,0,
2026-05-16T15:44:24.792535,PUT,/api/articles/1/,858.02,171,0,
2026-05-16T15:44:24.838159,PUT,/api/articles/1/,2513.8,171,0,
2026-05-16T15:44:24.840285,POST,/api/queue/,4.84,68,0,
2026-05-16T15:44:24.880989,GET,/api/articles/1/,4.43,171,0,
2026-05-16T15:44:24.895761,GET,/api/external/,103.05,78,0,
2026-05-16T15:44:24.914475,POST,/api/queue/,5.35,68,0,
2026-05-16T15:44:24.928282,PUT,/api/articles/1/,2301.83,171,0,
2026-05-16T15:44:24.977426,GET,/api/cache/1/,3.12,142,0,
2026-05-16T15:44:25.039233,PUT,/api/articles/1/,654.67,171,0,
2026-05-16T15:44:25.039678,POST,/api/queue/,24.21,68,0,
2026-05-16T15:44:25.098867,GET,/api/external/,103.06,76,0,
2026-05-16T15:44:25.111304,PUT,/api/articles/1/,163.78,171,0,
2026-05-16T15:44:25.161428,PUT,/api/articles/1/,96.53,171,0,
2026-05-16T15:44:25.184563,POST,/api/queue/,3.81,68,0,
2026-05-16T15:44:25.228162,POST,/api/queue/,4.79,68,0,
2026-05-16T15:44:25.262323,PUT,/api/articles/1/,69.45,171,0,
2026-05-16T15:44:25.299826,PUT,/api/articles/1/,94.21,171,0,
2026-05-16T15:44:25.327560,PUT,/api/articles/1/,82.19,171,0,
2026-05-16T15:44:25.381032,GET,/api/cache/1/,3.17,142,0,
2026-05-16T15:44:25.474095,POST,/api/queue/,6.62,68,0,
2026-05-16T15:44:25.547925,GET,/api/cache/1/,3.39,142,0,
2026-05-16T15:44:25.559654,PUT,/api/articles/1/,40.87,171,0,
2026-05-16T15:44:25.587433,PUT,/api/articles/1/,38.15,171,0,
2026-05-16T15:44:25.613400,GET,/api/articles/1/,4.58,171,0,
2026-05-16T15:44:25.624443,POST,/api/queue/,4.67,68,0,
2026-05-16T15:44:25.705836,PUT,/api/articles/1/,42.08,171,0,
2026-05-16T15:44:25.709275,POST,/api/queue/,4.59,68,0,
2026-05-16T15:44:25.760534,POST,/api/queue/,4.01,68,0,
2026-05-16T15:44:25.846509,POST,/api/queue/,4.68,68,0,
2026-05-16T15:44:25.898661,GET,/api/articles/1/,4.21,171,0,
2026-05-16T15:44:25.905162,PUT,/api/articles/1/,41.29,171,0,
2026-05-16T15:44:25.974899,GET,/api/external/,103.29,78,0,
2026-05-16T15:44:26.028372,GET,/api/cache/1/,3.22,142,0,
2026-05-16T15:44:26.053537,POST,/api/queue/,7.87,68,0,
2026-05-16T15:44:26.064609,GET,/api/cache/1/,3.81,142,0,
2026-05-16T15:44:26.082026,GET,/api/cache/1/,4.03,142,0,
2026-05-16T15:44:26.116033,PUT,/api/articles/1/,37.46,171,0,
2026-05-16T15:44:26.153890,PUT,/api/articles/1/,30.44,171,0,
2026-05-16T15:44:26.196170,GET,/api/cache/1/,3.02,142,0,
2026-05-16T15:44:26.271143,POST,/api/queue/,4.08,68,0,
2026-05-16T15:44:26.329466,GET,/api/external/,103.05,78,0,
2026-05-16T15:44:26.363650,POST,/api/queue/,4.07,68,0,
2026-05-16T15:44:26.386642,PUT,/api/articles/1/,35.79,171,0,
2026-05-16T15:44:26.413612,PUT,/api/articles/1/,47.65,171,0,
2026-05-16T15:44:26.416572,POST,/api/queue/,4.56,68,0,
2026-05-16T15:44:26.547394,GET,/api/cache/1/,3.23,142,0,
2026-05-16T15:44:26.690768,GET,/api/articles/1/,6.84,171,0,
2026-05-16T15:44:26.850747,POST,/api/queue/,5.63,68,0,
2026-05-16T15:44:26.853579,GET,/api/external/,103.24,78,0,
2026-05-16T15:44:26.883923,GET,/api/cache/1/,4.14,142,0,
2026-05-16T15:44:26.914565,PUT,/api/articles/1/,34.28,171,0,
2026-05-16T15:44:26.916364,POST,/api/queue/,4.84,68,0,
2026-05-16T15:44:26.941948,GET,/api/external/,103.69,78,0,
2026-05-16T15:44:26.967436,GET,/api/cache/1/,3.0,142,0,
2026-05-16T15:44:26.985872,PUT,/api/articles/1/,31.28,171,0,
2026-05-16T15:44:26.989121,GET,/api/articles/1/,4.41,171,0,
2026-05-16T15:44:27.043714,GET,/api/external/,102.98,78,0,
2026-05-16T15:44:27.044533,PUT,/api/articles/1/,42.17,171,0,
2026-05-16T15:44:27.094044,PUT,/api/articles/1/,37.16,171,0,
2026-05-16T15:44:27.144179,GET,/api/external/,103.0,78,0,
2026-05-16T15:44:27.211646,GET,/api/cache/1/,4.14,142,0,
2026-05-16T15:44:27.303863,GET,/api/cache/1/,3.19,142,0,
2026-05-16T15:44:27.326038,GET,/api/external/,102.98,78,0,
2026-05-16T15:44:27.340651,GET,/api/external/,102.94,77,0,
2026-05-16T15:44:27.341108,GET,/api/articles/1/,4.2,171,0,
2026-05-16T15:44:27.373809,POST,/api/queue/,4.38,68,0,
2026-05-16T15:44:27.377293,POST,/api/queue/,4.39,68,0,
2026-05-16T15:44:27.415806,GET,/api/cache/1/,3.13,142,0,
2026-05-16T15:44:27.428977,GET,/api/external/,102.7,78,0,
2026-05-16T15:44:27.445021,GET,/api/cache/1/,2.72,142,0,
2026-05-16T15:44:27.481484,GET,/api/articles/1/,3.91,171,0,
2026-05-16T15:44:27.498358,PUT,/api/articles/1/,43.99,171,0,
2026-05-16T15:44:27.526094,PUT,/api/articles/1/,62.17,171,0,
2026-05-16T15:44:27.529904,GET,/api/external/,102.7,78,0,
2026-05-16T15:44:27.556098,GET,/api/cache/1/,3.02,142,0,
2026-05-16T15:44:27.604471,GET,/api/articles/1/,4.02,171,0,
2026-05-16T15:44:27.715038,POST,/api/queue/,4.88,68,0,
2026-05-16T15:44:27.732414,GET,/api/articles/1/,3.95,171,0,
2026-05-16T15:44:27.850394,POST,/api/queue/,5.82,68,0,
2026-05-16T15:44:27.851406,GET,/api/articles/1/,5.41,171,0,
2026-05-16T15:44:28.029125,GET,/api/external/,104.21,78,0,
2026-05-16T15:44:28.091423,GET,/api/cache/1/,3.09,142,0,
2026-05-16T15:44:28.096866,GET,/api/articles/1/,4.14,171,0,
2026-05-16T15:44:28.186769,GET,/api/external/,103.17,76,0,
2026-05-16T15:44:28.229459,GET,/api/external/,103.31,78,0,
2026-05-16T15:44:28.309126,POST,/api/queue/,4.15,68,0,
2026-05-16T15:44:28.318374,PUT,/api/articles/1/,494.66,171,0,
2026-05-16T15:44:28.326835,GET,/api/articles/1/,4.06,171,0,
2026-05-16T15:44:28.345496,PUT,/api/articles/1/,503.93,171,0,
2026-05-16T15:44:28.373323,PUT,/api/articles/1/,386.83,171,0,
2026-05-16T15:44:28.423606,POST,/api/queue/,5.59,68,0,
2026-05-16T15:44:28.427042,POST,/api/queue/,4.48,68,0,
2026-05-16T15:44:28.439207,GET,/api/articles/1/,3.92,171,0,
2026-05-16T15:44:28.475472,GET,/api/external/,103.74,78,0,
2026-05-16T15:44:28.569887,GET,/api/cache/1/,2.99,142,0,
2026-05-16T15:44:28.613380,PUT,/api/articles/1/,94.25,171,0,
2026-05-16T15:44:28.620725,GET,/api/articles/1/,4.09,171,0,
2026-05-16T15:44:28.645754,GET,/api/articles/1/,4.3,171,0,
2026-05-16T15:44:28.703135,GET,/api/external/,102.98,78,0,
2026-05-16T15:44:28.715228,PUT,/api/articles/1/,74.3,171,0,
2026-05-16T15:44:28.759593,PUT,/api/articles/1/,100.47,171,0,
2026-05-16T15:44:28.778616,POST,/api/queue/,4.7,68,0,
2026-05-16T15:44:28.803161,GET,/api/cache/1/,3.17,142,0,
2026-05-16T15:44:28.809397,GET,/api/articles/1/,3.94,171,0,
2026-05-16T15:44:28.842803,GET,/api/cache/1/,3.19,142,0,
2026-05-16T15:44:28.908493,GET,/api/cache/1/,3.14,142,0,
2026-05-16T15:44:28.912757,GET,/api/cache/1/,2.91,142,0,
2026-05-16T15:44:28.934944,POST,/api/queue/,3.8,68,0,
2026-05-16T15:44:29.039145,GET,/api/external/,102.81,78,0,
2026-05-16T15:44:29.051502,GET,/api/articles/1/,3.95,171,0,
2026-05-16T15:44:29.066740,PUT,/api/articles/1/,39.01,171,0,
2026-05-16T15:44:29.081190,GET,/api/articles/1/,3.97,171,0,
2026-05-16T15:44:29.088255,POST,/api/queue/,3.82,68,0,
2026-05-16T15:44:29.105202,PUT,/api/articles/1/,58.9,171,0,
2026-05-16T15:44:29.146609,GET,/api/external/,103.05,78,0,
2026-05-16T15:44:29.324439,GET,/api/articles/1/,4.55,171,0,
2026-05-16T15:44:29.327204,GET,/api/external/,103.16,78,0,
2026-05-16T15:44:29.349899,GET,/api/external/,103.04,78,0,
2026-05-16T15:44:29.469535,GET,/api/cache/1/,3.19,142,0,
2026-05-16T15:44:29.473855,POST,/api/queue/,4.17,68,0,
2026-05-16T15:44:29.501187,GET,/api/articles/1/,5.09,171,0,
2026-05-16T15:44:29.504517,POST,/api/queue/,4.34,68,0,
2026-05-16T15:44:29.548824,POST,/api/queue/,4.07,68,0,
2026-05-16T15:44:29.561399,GET,/api/articles/1/,4.21,171,0,
2026-05-16T15:44:29.573789,GET,/api/external/,102.98,78,0,
2026-05-16T15:44:29.625220,GET,/api/cache/1/,3.18,142,0,
2026-05-16T15:44:29.670668,GET,/api/cache/1/,3.05,142,0,
2026-05-16T15:44:29.708015,POST,/api/queue/,4.07,68,0,
2026-05-16T15:44:29.782125,GET,/api/cache/1/,3.75,142,0,
2026-05-16T15:44:29.854900,POST,/api/queue/,4.6,68,0,
2026-05-16T15:44:29.895736,GET,/api/external/,103.1,78,0,
2026-05-16T15:44:30.006244,GET,/api/articles/1/,3.96,171,0,
2026-05-16T15:44:30.011587,GET,/api/articles/1/,3.92,171,0,
2026-05-16T15:44:30.025888,GET,/api/external/,103.58,78,0,
2026-05-16T15:44:30.029503,GET,/api/articles/1/,4.65,171,0,
2026-05-16T15:44:30.100819,GET,/api/external/,105.67,78,0,
2026-05-16T15:44:30.133328,PUT,/api/articles/1/,279.5,171,0,
2026-05-16T15:44:30.183226,POST,/api/queue/,4.78,68,0,
2026-05-16T15:44:30.192175,GET,/api/external/,103.27,78,0,
2026-05-16T15:44:30.219874,POST,/api/queue/,4.3,68,0,
2026-05-16T15:44:30.260370,GET,/api/external/,103.67,78,0,
2026-05-16T15:44:30.284374,GET,/api/external/,103.14,77,0,
2026-05-16T15:44:30.418306,GET,/api/articles/1/,4.45,171,0,
2026-05-16T15:44:30.485138,GET,/api/cache/1/,3.37,142,0,
2026-05-16T15:44:30.604145,POST,/api/queue/,6.37,68,0,
2026-05-16T15:44:30.824887,GET,/api/external/,103.12,78,0,
2026-05-16T15:44:30.872386,POST,/api/queue/,4.45,68,0,
2026-05-16T15:44:30.893721,GET,/api/cache/1/,3.2,142,0,
2026-05-16T15:44:30.897872,PUT,/api/articles/1/,38.73,171,0,
2026-05-16T15:44:30.921777,GET,/api/external/,103.19,78,0,
2026-05-16T15:44:30.936631,PUT,/api/articles/1/,65.17,171,0,
2026-05-16T15:44:30.960887,POST,/api/queue/,3.9,68,0,
2026-05-16T15:44:30.972626,GET,/api/cache/1/,3.04,142,0,
2026-05-16T15:44:30.980559,GET,/api/articles/1/,3.74,171,0,
2026-05-16T15:44:30.995941,PUT,/api/articles/1/,34.94,171,0,
2026-05-16T15:44:31.056322,POST,/api/queue/,3.97,68,0,
2026-05-16T15:44:31.061613,GET,/api/articles/1/,3.92,171,0,
2026-05-16T15:44:31.081290,POST,/api/queue/,4.47,68,0,
2026-05-16T15:44:31.110234,PUT,/api/articles/1/,37.28,171,0,
2026-05-16T15:44:31.122613,GET,/api/articles/1/,4.13,171,0,
2026-05-16T15:44:31.172170,POST,/api/queue/,4.71,68,0,
2026-05-16T15:44:31.180278,PUT,/api/articles/1/,34.4,171,0,
2026-05-16T15:44:31.208454,PUT,/api/articles/1/,32.05,171,0,
2026-05-16T15:44:31.209575,GET,/api/external/,102.9,77,0,
2026-05-16T15:44:31.217534,GET,/api/articles/1/,4.57,171,0,
2026-05-16T15:44:31.218283,GET,/api/articles/1/,4.85,171,0,
2026-05-16T15:44:31.229414,GET,/api/articles/1/,3.86,171,0,
2026-05-16T15:44:31.246098,GET,/api/external/,103.04,77,0,
2026-05-16T15:44:31.249127,GET,/api/articles/1/,4.36,171,0,
2026-05-16T15:44:31.271325,GET,/api/articles/1/,3.8,171,0,
2026-05-16T15:44:31.314637,GET,/api/articles/1/,3.87,171,0,
2026-05-16T15:44:31.355173,GET,/api/external/,102.7,78,0,
2026-05-16T15:44:31.361754,GET,/api/external/,102.76,78,0,
2026-05-16T15:44:31.461311,GET,/api/articles/1/,4.28,171,0,
2026-05-16T15:44:31.610263,GET,/api/cache/1/,3.18,142,0,
2026-05-16T15:44:31.731178,GET,/api/external/,103.28,78,0,
2026-05-16T15:44:31.750729,POST,/api/queue/,4.28,68,0,
2026-05-16T15:44:31.782353,GET,/api/cache/1/,4.29,142,0,
2026-05-16T15:44:31.799894,GET,/api/cache/1/,3.51,142,0,
2026-05-16T15:44:31.830258,POST,/api/queue/,3.97,68,0,
2026-05-16T15:44:31.864530,GET,/api/articles/1/,4.03,171,0,
2026-05-16T15:44:31.936371,GET,/api/articles/1/,4.25,171,0,
2026-05-16T15:44:31.954985,GET,/api/cache/1/,3.22,142,0,
2026-05-16T15:44:31.970246,GET,/api/cache/1/,2.9,142,0,
2026-05-16T15:44:32.008148,POST,/api/queue/,3.77,68,0,
2026-05-16T15:44:32.021553,GET,/api/articles/1/,4.06,171,0,
2026-05-16T15:44:32.066592,POST,/api/queue/,3.82,68,0,
2026-05-16T15:44:32.081833,GET,/api/articles/1/,3.93,171,0,
2026-05-16T15:44:32.097291,GET,/api/external/,103.75,78,0,
2026-05-16T15:44:32.099158,GET,/api/cache/1/,2.96,142,0,
2026-05-16T15:44:32.125749,GET,/api/cache/1/,3.09,142,0,
2026-05-16T15:44:32.131300,POST,/api/queue/,4.21,68,0,
2026-05-16T15:44:32.131807,POST,/api/queue/,4.25,68,0,
2026-05-16T15:44:32.210410,GET,/api/cache/1/,3.19,142,0,
2026-05-16T15:44:32.389376,PUT,/api/articles/1/,605.68,171,0,
2026-05-16T15:44:32.393520,POST,/api/queue/,5.23,68,0,
2026-05-16T15:44:32.473912,GET,/api/cache/1/,3.12,142,0,
2026-05-16T15:44:32.512359,POST,/api/queue/,4.09,68,0,
2026-05-16T15:44:32.539258,GET,/api/articles/1/,4.26,171,0,
2026-05-16T15:44:32.634883,GET,/api/cache/1/,3.43,142,0,
2026-05-16T15:44:32.651239,POST,/api/queue/,4.13,68,0,
2026-05-16T15:44:32.674730,GET,/api/cache/1/,3.12,142,0,
2026-05-16T15:44:32.743863,GET,/api/cache/1/,3.97,142,0,
2026-05-16T15:44:32.797948,PUT,/api/articles/1/,32.79,171,0,
2026-05-16T15:44:32.811532,GET,/api/external/,103.54,78,0,
2026-05-16T15:44:32.869314,GET,/api/articles/1/,5.4,171,0,
2026-05-16T15:44:32.969418,GET,/api/external/,104.9,77,0,
2026-05-16T15:44:33.004075,GET,/api/articles/1/,7.24,171,0,
2026-05-16T15:44:33.007257,GET,/api/external/,104.62,78,0,
2026-05-16T15:44:33.008085,GET,/api/articles/1/,7.63,171,0,
2026-05-16T15:44:33.047451,GET,/api/cache/1/,3.13,142,0,
2026-05-16T15:44:33.100741,PUT,/api/articles/1/,35.06,171,0,
2026-05-16T15:44:33.135577,GET,/api/articles/1/,4.85,171,0,
2026-05-16T15:44:33.139718,PUT,/api/articles/1/,36.69,171,0,
2026-05-16T15:44:33.178140,PUT,/api/articles/1/,49.88,171,0,
2026-05-16T15:44:33.205160,PUT,/api/articles/1/,76.34,171,0,
2026-05-16T15:44:33.210255,GET,/api/articles/1/,3.87,171,0,
2026-05-16T15:44:33.228261,GET,/api/articles/1/,4.96,171,0,
2026-05-16T15:44:33.243553,PUT,/api/articles/1/,62.98,171,0,
2026-05-16T15:44:33.270733,PUT,/api/articles/1/,58.16,171,0,
2026-05-16T15:44:33.318077,POST,/api/queue/,4.1,68,0,
2026-05-16T15:44:33.352850,GET,/api/external/,103.09,78,0,
2026-05-16T15:44:33.439054,PUT,/api/articles/1/,38.94,171,0,
2026-05-16T15:44:33.450682,GET,/api/external/,103.12,77,0,
2026-05-16T15:44:33.531108,PUT,/api/articles/1/,44.1,171,0,
2026-05-16T15:44:33.550430,POST,/api/queue/,4.06,68,0,
2026-05-16T15:44:33.607130,GET,/api/external/,103.33,78,0,
2026-05-16T15:44:33.623458,PUT,/api/articles/1/,41.74,171,0,
2026-05-16T15:44:33.773639,PUT,/api/articles/1/,77.93,171,0,
2026-05-16T15:44:33.791404,GET,/api/cache/1/,3.39,142,0,
2026-05-16T15:44:33.801331,PUT,/api/articles/1/,68.52,171,0,
2026-05-16T15:44:33.903224,POST,/api/queue/,19.7,68,0,
2026-05-16T15:44:33.912665,GET,/api/cache/1/,3.07,142,0,
2026-05-16T15:44:33.961582,GET,/api/articles/1/,4.25,171,0,
2026-05-16T15:44:34.026247,GET,/api/articles/1/,4.29,171,0,
2026-05-16T15:44:34.058742,GET,/api/articles/1/,4.42,171,0,
2026-05-16T15:44:34.076566,PUT,/api/articles/1/,40.93,171,0,
2026-05-16T15:44:34.128632,POST,/api/queue/,3.89,68,0,
2026-05-16T15:44:34.158425,PUT,/api/articles/1/,37.43,171,0,
2026-05-16T15:44:34.170321,GET,/api/articles/1/,4.54,171,0,
2026-05-16T15:44:34.196333,PUT,/api/articles/1/,29.4,171,0,
2026-05-16T15:44:34.278064,PUT,/api/articles/1/,38.33,171,0,
2026-05-16T15:44:34.305116,PUT,/api/articles/1/,62.66,171,0,
2026-05-16T15:44:34.338620,GET,/api/articles/1/,4.09,171,0,
2026-05-16T15:44:34.374351,GET,/api/external/,103.22,78,0,
2026-05-16T15:44:34.404678,GET,/api/external/,103.33,78,0,
2026-05-16T15:44:34.428709,POST,/api/queue/,4.8,68,0,
2026-05-16T15:44:34.485075,GET,/api/external/,103.3,78,0,
2026-05-16T15:44:34.527640,PUT,/api/articles/1/,40.15,171,0,
2026-05-16T15:44:34.560529,GET,/api/cache/1/,3.5,142,0,
2026-05-16T15:44:34.592801,GET,/api/articles/1/,5.03,171,0,
2026-05-16T15:44:34.619271,PUT,/api/articles/1/,30.99,171,0,
2026-05-16T15:44:34.631863,GET,/api/cache/1/,3.18,142,0,
2026-05-16T15:44:34.658017,GET,/api/articles/1/,4.4,171,0,
2026-05-16T15:44:34.740520,POST,/api/queue/,4.82,68,0,
2026-05-16T15:44:34.814897,POST,/api/queue/,3.92,68,0,
2026-05-16T15:44:34.828391,GET,/api/articles/1/,4.12,171,0,
2026-05-16T15:44:34.848600,POST,/api/queue/,3.86,68,0,
2026-05-16T15:44:35.074613,GET,/api/external/,103.24,78,0,
2026-05-16T15:44:35.081835,GET,/api/articles/1/,4.82,171,0,
2026-05-16T15:44:35.085694,GET,/api/external/,102.62,78,0,
2026-05-16T15:44:35.108075,GET,/api/cache/1/,3.11,142,0,
2026-05-16T15:44:35.121470,GET,/api/articles/1/,4.05,171,0,
2026-05-16T15:44:35.163190,GET,/api/external/,103.46,78,0,
2026-05-16T15:44:35.213224,GET,/api/cache/1/,2.97,142,0,
2026-05-16T15:44:35.248609,GET,/api/cache/1/,3.08,142,0,
2026-05-16T15:44:35.335943,GET,/api/cache/1/,3.14,142,0,
2026-05-16T15:44:35.343630,POST,/api/queue/,5.88,68,0,
2026-05-16T15:44:35.344084,POST,/api/queue/,6.83,68,0,
2026-05-16T15:44:35.353613,GET,/api/external/,102.64,78,0,
2026-05-16T15:44:35.456244,GET,/api/cache/1/,2.9,142,0,
2026-05-16T15:44:35.471870,GET,/api/cache/1/,3.24,142,0,
2026-05-16T15:44:35.583621,POST,/api/queue/,4.26,68,0,
2026-05-16T15:44:35.618352,GET,/api/cache/1/,3.46,142,0,
2026-05-16T15:44:35.740094,GET,/api/articles/1/,4.36,171,0,
2026-05-16T15:44:35.805385,GET,/api/cache/1/,3.0,142,0,
2026-05-16T15:44:35.809572,GET,/api/external/,102.98,78,0,
2026-05-16T15:44:35.925882,GET,/api/external/,102.96,77,0,
2026-05-16T15:44:35.967394,GET,/api/articles/1/,4.24,171,0,
2026-05-16T15:44:36.060638,GET,/api/articles/1/,4.08,171,0,
2026-05-16T15:44:36.094645,POST,/api/queue/,4.08,68,0,
2026-05-16T15:44:36.166350,GET,/api/external/,103.3,78,0,
2026-05-16T15:44:36.291283,PUT,/api/articles/1/,1087.83,171,0,
2026-05-16T15:44:36.347283,PUT,/api/articles/1/,1009.16,171,0,
2026-05-16T15:44:36.350146,POST,/api/queue/,4.34,68,0,
2026-05-16T15:44:36.408873,PUT,/api/articles/1/,583.29,171,0,
2026-05-16T15:44:36.447690,PUT,/api/articles/1/,378.99,171,0,
2026-05-16T15:44:36.462977,POST,/api/queue/,3.91,68,0,
2026-05-16T15:44:36.475010,PUT,/api/articles/1/,524.58,171,0,
2026-05-16T15:44:36.513505,PUT,/api/articles/1/,265.82,171,0,
2026-05-16T15:44:36.520772,POST,/api/queue/,4.0,68,0,
2026-05-16T15:44:36.540828,PUT,/api/articles/1/,1094.1,171,0,
2026-05-16T15:44:36.579089,PUT,/api/articles/1/,1147.14,171,0,
2026-05-16T15:44:37.333325,GET,/api/external/,103.02,78,0,
2026-05-16T15:44:37.404216,GET,/api/external/,103.23,78,0,
2026-05-16T15:44:37.519830,POST,/api/queue/,3.74,68,0,
2026-05-16T15:44:37.548848,GET,/api/external/,103.18,78,0,
2026-05-16T15:44:37.554784,PUT,/api/articles/1/,858.16,171,0,
2026-05-16T15:44:37.593832,PUT,/api/articles/1/,1228.72,171,0,
2026-05-16T15:44:37.653654,PUT,/api/articles/1/,730.14,171,0,
2026-05-16T15:44:37.655733,GET,/api/articles/1/,4.64,171,0,
2026-05-16T15:44:37.685251,GET,/api/cache/1/,3.12,142,0,
2026-05-16T15:44:37.689041,GET,/api/articles/1/,3.62,171,0,
2026-05-16T15:44:37.699032,GET,/api/cache/1/,2.79,142,0,
2026-05-16T15:44:37.732578,PUT,/api/articles/1/,1494.71,171,0,
2026-05-16T15:44:37.747904,GET,/api/articles/1/,4.01,171,0,
2026-05-16T15:44:37.771303,PUT,/api/articles/1/,263.78,171,0,
2026-05-16T15:44:37.798245,PUT,/api/articles/1/,1002.32,171,0,
2026-05-16T15:44:37.805123,GET,/api/external/,102.74,78,0,
2026-05-16T15:44:37.814281,GET,/api/articles/1/,3.82,171,0,
2026-05-16T15:44:37.837070,PUT,/api/articles/1/,115.06,171,0,
2026-05-16T15:44:37.855116,POST,/api/queue/,3.82,68,0,
2026-05-16T15:44:37.888605,GET,/api/cache/1/,3.21,142,0,
2026-05-16T15:44:37.958336,GET,/api/articles/1/,4.44,171,0,
2026-05-16T15:44:38.048668,GET,/api/cache/1/,3.08,142,0,
2026-05-16T15:44:38.058002,GET,/api/cache/1/,2.95,142,0,
2026-05-16T15:44:38.100443,GET,/api/cache/1/,2.98,142,0,
2026-05-16T15:44:38.101664,GET,/api/articles/1/,5.33,171,0,
2026-05-16T15:44:38.124987,GET,/api/external/,103.13,78,0,
2026-05-16T15:44:38.176693,GET,/api/cache/1/,3.22,142,0,
2026-05-16T15:44:38.203737,GET,/api/external/,103.17,77,0,
2026-05-16T15:44:38.282135,GET,/api/external/,103.05,78,0,
2026-05-16T15:44:38.345810,GET,/api/external/,103.83,77,0,
2026-05-16T15:44:38.346250,GET,/api/external/,103.76,78,0,
2026-05-16T15:44:38.454573,GET,/api/articles/1/,4.61,171,0,
2026-05-16T15:44:38.459975,GET,/api/articles/1/,4.09,171,0,
2026-05-16T15:44:38.549085,GET,/api/articles/1/,4.0,171,0,
2026-05-16T15:44:38.588458,GET,/api/external/,103.16,78,0,
2026-05-16T15:44:38.691578,GET,/api/articles/1/,5.16,171,0,
2026-05-16T15:44:38.706079,GET,/api/cache/1/,3.12,142,0,
2026-05-16T15:44:38.739359,POST,/api/queue/,5.45,68,0,
2026-05-16T15:44:38.742658,POST,/api/queue/,5.27,68,0,
2026-05-16T15:44:38.775489,GET,/api/cache/1/,2.85,142,0,
2026-05-16T15:44:38.789402,GET,/api/external/,103.51,78,0,
2026-05-16T15:44:38.819339,GET,/api/external/,103.06,78,0,
2026-05-16T15:44:38.826455,GET,/api/cache/1/,2.8,142,0,
2026-05-16T15:44:38.912843,GET,/api/articles/1/,4.45,171,0,
2026-05-16T15:44:38.979249,GET,/api/external/,103.41,78,0,
2026-05-16T15:44:39.033655,POST,/api/queue/,4.05,68,0,
2026-05-16T15:44:39.362728,POST,/api/queue/,3.89,68,0,
2026-05-16T15:44:39.390011,GET,/api/articles/1/,4.1,171,0,
2026-05-16T15:44:39.426916,POST,/api/queue/,4.05,68,0,
2026-05-16T15:44:39.469810,POST,/api/queue/,3.97,68,0,
2026-05-16T15:44:39.516584,GET,/api/external/,103.37,76,0,
2026-05-16T15:44:39.526186,POST,/api/queue/,4.15,68,0,
2026-05-16T15:44:39.712063,POST,/api/queue/,3.93,68,0,
2026-05-16T15:44:39.724298,POST,/api/queue/,3.86,68,0,
2026-05-16T15:44:39.783414,GET,/api/external/,103.12,78,0,
2026-05-16T15:44:39.796751,GET,/api/cache/1/,3.05,142,0,
2026-05-16T15:44:39.812288,PUT,/api/articles/1/,1054.31,171,0,
2026-05-16T15:44:39.813634,POST,/api/queue/,4.62,68,0,
2026-05-16T15:44:39.841366,PUT,/api/articles/1/,1071.4,171,0,
2026-05-16T15:44:39.947513,PUT,/api/articles/1/,512.32,171,0,
2026-05-16T15:44:39.997081,PUT,/api/articles/1/,652.87,171,0,
2026-05-16T15:44:40.024262,PUT,/api/articles/1/,1068.98,171,0,
2026-05-16T15:44:40.052194,PUT,/api/articles/1/,1144.35,171,0,
2026-05-16T15:44:40.079497,PUT,/api/articles/1/,797.06,171,0,
2026-05-16T15:44:40.086837,GET,/api/cache/1/,3.14,142,0,
2026-05-16T15:44:40.106862,PUT,/api/articles/1/,582.09,171,0,
2026-05-16T15:44:40.122411,GET,/api/cache/1/,3.2,142,0,
2026-05-16T15:44:40.144920,PUT,/api/articles/1/,279.25,171,0,
2026-05-16T15:44:40.172442,GET,/api/articles/1/,4.14,171,0,
2026-05-16T15:44:40.172933,PUT,/api/articles/1/,167.58,171,0,
2026-05-16T15:44:40.183199,GET,/api/cache/1/,2.98,142,0,
2026-05-16T15:44:40.200353,GET,/api/cache/1/,2.93,142,0,
2026-05-16T15:44:40.210756,PUT,/api/articles/1/,241.87,171,0,
2026-05-16T15:44:40.238797,PUT,/api/articles/1/,859.69,171,0,
2026-05-16T15:44:40.276640,PUT,/api/articles/1/,198.21,171,0,
2026-05-16T15:44:40.323266,GET,/api/cache/1/,3.33,142,0,
2026-05-16T15:44:40.384586,GET,/api/articles/1/,4.42,171,0,
2026-05-16T15:44:40.392706,POST,/api/queue/,3.92,68,0,
2026-05-16T15:44:40.429815,GET,/api/cache/1/,3.22,142,0,
2026-05-16T15:44:40.434127,PUT,/api/articles/1/,39.18,171,0,
2026-05-16T15:44:40.450618,GET,/api/external/,103.12,78,0,
2026-05-16T15:44:40.573819,GET,/api/cache/1/,3.82,142,0,
2026-05-16T15:44:40.577844,POST,/api/queue/,5.04,68,0,
2026-05-16T15:44:40.613859,GET,/api/cache/1/,3.25,142,0,
2026-05-16T15:44:40.713786,GET,/api/external/,104.46,76,0,
2026-05-16T15:44:40.714256,GET,/api/articles/1/,4.11,171,0,
2026-05-16T15:44:40.753333,PUT,/api/articles/1/,40.57,171,0,
2026-05-16T15:44:40.791711,GET,/api/articles/1/,4.91,171,0,
2026-05-16T15:44:40.804903,POST,/api/queue/,3.77,68,0,
2026-05-16T15:44:40.823056,GET,/api/cache/1/,3.77,142,0,
2026-05-16T15:44:40.929688,PUT,/api/articles/1/,109.89,171,0,
2026-05-16T15:44:40.933423,GET,/api/articles/1/,5.0,171,0,
2026-05-16T15:44:40.968250,PUT,/api/articles/1/,66.26,171,0,
2026-05-16T15:44:40.968664,POST,/api/queue/,25.0,68,0,
2026-05-16T15:44:41.298798,PUT,/api/articles/1/,146.59,171,0,
2026-05-16T15:44:41.325349,GET,/api/cache/1/,3.18,142,0,
2026-05-16T15:44:41.419947,GET,/api/articles/1/,5.41,171,0,
2026-05-16T15:44:41.423009,PUT,/api/articles/1/,30.13,171,0,
2026-05-16T15:44:41.444349,POST,/api/queue/,4.01,68,0,
2026-05-16T15:44:41.513978,GET,/api/cache/1/,3.17,142,0,
2026-05-16T15:44:41.624124,PUT,/api/articles/1/,41.86,171,0,
2026-05-16T15:44:41.635348,POST,/api/queue/,3.84,68,0,
2026-05-16T15:44:41.651135,PUT,/api/articles/1/,59.81,171,0,
2026-05-16T15:44:41.679112,PUT,/api/articles/1/,59.09,171,0,
2026-05-16T15:44:41.694589,GET,/api/cache/1/,3.24,142,0,
2026-05-16T15:44:41.748825,GET,/api/external/,103.24,77,0,
2026-05-16T15:44:41.760107,PUT,/api/articles/1/,33.27,171,0,
2026-05-16T15:44:41.762465,GET,/api/external/,103.07,78,0,
2026-05-16T15:44:41.789244,GET,/api/articles/1/,4.05,171,0,
2026-05-16T15:44:41.809900,PUT,/api/articles/1/,44.22,171,0,
2026-05-16T15:44:41.837129,PUT,/api/articles/1/,43.52,171,0,
2026-05-16T15:44:41.906444,GET,/api/external/,103.19,77,0,
2026-05-16T15:44:42.105345,GET,/api/cache/1/,4.66,142,0,
2026-05-16T15:44:42.106085,GET,/api/articles/1/,4.78,171,0,
2026-05-16T15:44:42.124525,GET,/api/external/,103.27,78,0,
2026-05-16T15:44:42.139907,GET,/api/articles/1/,4.09,171,0,
2026-05-16T15:44:42.170530,GET,/api/external/,103.36,78,0,
2026-05-16T15:44:42.184523,POST,/api/queue/,5.61,68,0,
2026-05-16T15:44:42.196252,GET,/api/external/,104.29,78,0,
2026-05-16T15:44:42.200164,GET,/api/articles/1/,4.89,171,0,
2026-05-16T15:44:42.200592,POST,/api/queue/,6.09,68,0,
2026-05-16T15:44:42.261916,POST,/api/queue/,3.8,68,0,
2026-05-16T15:44:42.340985,GET,/api/external/,103.0,78,0,
2026-05-16T15:44:42.351593,GET,/api/external/,103.14,77,0,
2026-05-16T15:44:42.376005,PUT,/api/articles/1/,36.1,171,0,
2026-05-16T15:44:42.445812,POST,/api/queue/,4.03,68,0,
2026-05-16T15:44:42.536236,GET,/api/articles/1/,4.36,171,0,
2026-05-16T15:44:42.563665,POST,/api/queue/,4.17,68,0,
2026-05-16T15:44:42.566082,GET,/api/external/,102.94,78,0,
2026-05-16T15:44:42.647825,POST,/api/queue/,4.09,68,0,
2026-05-16T15:44:42.807603,POST,/api/queue/,4.05,68,0,
2026-05-16T15:44:42.829155,GET,/api/cache/1/,3.24,142,0,
2026-05-16T15:44:42.900094,GET,/api/cache/1/,2.98,142,0,
2026-05-16T15:44:42.991501,GET,/api/external/,103.1,78,0,
2026-05-16T15:44:43.020627,POST,/api/queue/,4.6,68,0,
2026-05-16T15:44:43.075817,GET,/api/external/,103.3,77,0,
2026-05-16T15:44:43.104110,GET,/api/cache/1/,2.87,142,0,
2026-05-16T15:44:43.104767,POST,/api/queue/,4.77,68,0,
2026-05-16T15:44:43.119543,GET,/api/cache/1/,3.59,142,0,
2026-05-16T15:44:43.152714,POST,/api/queue/,4.11,68,0,
2026-05-16T15:44:43.165279,GET,/api/articles/1/,4.17,171,0,
2026-05-16T15:44:43.188696,POST,/api/queue/,3.95,68,0,
2026-05-16T15:44:43.273535,GET,/api/external/,103.45,78,0,
2026-05-16T15:44:43.278773,GET,/api/cache/1/,3.54,142,0,
2026-05-16T15:44:43.279232,GET,/api/external/,103.17,78,0,
2026-05-16T15:44:43.397897,GET,/api/external/,103.3,78,0,
2026-05-16T15:44:43.437294,GET,/api/articles/1/,4.18,171,0,
2026-05-16T15:44:43.450584,GET,/api/cache/1/,3.11,142,0,
2026-05-16T15:44:43.520887,POST,/api/queue/,3.89,68,0,
2026-05-16T15:44:43.578006,POST,/api/queue/,5.82,68,0,
2026-05-16T15:44:43.733882,GET,/api/articles/1/,4.1,171,0,
2026-05-16T15:44:43.822483,POST,/api/queue/,4.17,68,0,
2026-05-16T15:44:43.857752,POST,/api/queue/,3.86,68,0,
2026-05-16T15:44:44.000407,GET,/api/external/,103.4,78,0,
2026-05-16T15:44:44.062963,GET,/api/cache/1/,3.17,142,0,
2026-05-16T15:44:44.108716,PUT,/api/articles/1/,1233.16,171,0,
2026-05-16T15:44:44.214052,GET,/api/articles/1/,4.71,171,0,
2026-05-16T15:44:44.224989,GET,/api/external/,102.89,78,0,
2026-05-16T15:44:44.255188,PUT,/api/articles/1/,1273.94,171,0,
2026-05-16T15:44:44.255831,POST,/api/queue/,67.4,68,0,
2026-05-16T15:44:44.256253,GET,/api/cache/1/,102.29,142,0,
2026-05-16T15:44:44.256871,GET,/api/cache/1/,124.29,142,0,
2026-05-16T15:44:44.423625,PUT,/api/articles/1/,615.13,171,0,
2026-05-16T15:44:44.424760,GET,/api/cache/1/,22.61,142,0,
2026-05-16T15:44:44.425445,GET,/api/articles/1/,114.53,171,0,
2026-05-16T15:44:44.425857,GET,/api/articles/1/,113.71,171,0,
2026-05-16T15:44:44.426285,POST,/api/queue/,160.03,68,0,
2026-05-16T15:44:44.426678,GET,/api/articles/1/,12.4,171,0,
2026-05-16T15:44:44.428529,GET,/api/cache/1/,4.75,142,0,
2026-05-16T15:44:44.442876,POST,/api/queue/,3.99,68,0,
2026-05-16T15:44:44.477066,POST,/api/queue/,3.82,68,0,
2026-05-16T15:44:44.512897,PUT,/api/articles/1/,1240.62,171,0,
2026-05-16T15:44:44.524100,GET,/api/external/,164.36,78,0,
2026-05-16T15:44:44.524501,GET,/api/external/,210.05,78,0,
2026-05-16T15:44:44.540065,PUT,/api/articles/1/,1395.2,171,0,
2026-05-16T15:44:44.540506,POST,/api/queue/,18.2,68,0,
2026-05-16T15:44:44.554475,GET,/api/external/,103.2,77,0,
2026-05-16T15:44:44.578521,PUT,/api/articles/1/,1408.98,171,0,
2026-05-16T15:44:44.606935,PUT,/api/articles/1/,670.1,171,0,
2026-05-16T15:44:44.633809,PUT,/api/articles/1/,717.02,171,0,
2026-05-16T15:44:44.660861,PUT,/api/articles/1/,593.59,171,0,
2026-05-16T15:44:44.744300,GET,/api/articles/1/,4.06,171,0,
2026-05-16T15:44:44.797141,PUT,/api/articles/1/,31.4,171,0,
2026-05-16T15:44:44.834946,PUT,/api/articles/1/,54.51,171,0,
2026-05-16T15:44:45.091085,GET,/api/articles/1/,4.39,171,0,
2026-05-16T15:44:45.122479,PUT,/api/articles/1/,37.06,171,0,
2026-05-16T15:44:45.129936,GET,/api/cache/1/,3.46,142,0,
2026-05-16T15:44:45.152082,GET,/api/external/,103.35,78,0,
2026-05-16T15:44:45.157845,GET,/api/external/,103.18,78,0,
2026-05-16T15:44:45.176281,POST,/api/queue/,4.17,68,0,
2026-05-16T15:44:45.224873,GET,/api/external/,103.48,78,0,
2026-05-16T15:44:45.412848,POST,/api/queue/,4.29,68,0,
2026-05-16T15:44:45.440363,POST,/api/queue/,4.12,68,0,
2026-05-16T15:44:45.536570,GET,/api/articles/1/,4.84,171,0,
2026-05-16T15:44:45.541069,POST,/api/queue/,3.96,68,0,
2026-05-16T15:44:45.639187,GET,/api/external/,104.0,76,0,
2026-05-16T15:44:45.659181,POST,/api/queue/,6.6,68,0,
2026-05-16T15:44:45.672523,POST,/api/queue/,4.06,68,0,
2026-05-16T15:44:45.788301,GET,/api/external/,103.46,78,0,
2026-05-16T15:44:45.925112,POST,/api/queue/,5.08,68,0,
2026-05-16T15:44:45.925547,GET,/api/articles/1/,4.95,171,0,
2026-05-16T15:44:45.935796,POST,/api/queue/,3.92,68,0,
2026-05-16T15:44:46.013902,POST,/api/queue/,4.15,68,0,
2026-05-16T15:44:46.057986,GET,/api/external/,102.96,78,0,
2026-05-16T15:44:46.136506,POST,/api/queue/,3.94,68,0,
2026-05-16T15:44:46.184446,GET,/api/external/,103.24,77,0,
2026-05-16T15:44:46.192680,GET,/api/cache/1/,2.86,142,0,
2026-05-16T15:44:46.198798,GET,/api/external/,103.0,78,0,
2026-05-16T15:44:46.250137,GET,/api/articles/1/,4.88,171,0,
2026-05-16T15:44:46.302164,GET,/api/cache/1/,3.73,142,0,
2026-05-16T15:44:46.345651,GET,/api/articles/1/,4.09,171,0,
2026-05-16T15:44:46.381919,GET,/api/cache/1/,3.07,142,0,
2026-05-16T15:44:46.386373,GET,/api/cache/1/,3.21,142,0,
2026-05-16T15:44:46.429143,GET,/api/articles/1/,4.17,171,0,
2026-05-16T15:44:46.534659,PUT,/api/articles/1/,771.14,171,0,
2026-05-16T15:44:46.568492,PUT,/api/articles/1/,739.55,171,0,
2026-05-16T15:44:46.591925,GET,/api/articles/1/,5.22,171,0,
2026-05-16T15:44:46.615711,GET,/api/external/,103.14,78,0,
2026-05-16T15:44:46.630696,GET,/api/articles/1/,4.63,171,0,
2026-05-16T15:44:46.684519,GET,/api/articles/1/,6.45,171,0,
2026-05-16T15:44:46.715446,PUT,/api/articles/1/,458.93,171,0,
2026-05-16T15:44:46.716294,GET,/api/cache/1/,132.46,142,0,
2026-05-16T15:44:46.725673,GET,/api/articles/1/,4.12,171,0,
2026-05-16T15:44:46.765004,PUT,/api/articles/1/,80.35,171,0,
2026-05-16T15:44:46.804805,POST,/api/queue/,4.43,68,0,
2026-05-16T15:44:46.815115,PUT,/api/articles/1/,85.09,171,0,
2026-05-16T15:44:46.958598,GET,/api/articles/1/,4.17,171,0,
2026-05-16T15:44:47.003368,PUT,/api/articles/1/,41.37,171,0,
2026-05-16T15:44:47.074937,GET,/api/cache/1/,3.09,142,0,
2026-05-16T15:44:47.127390,GET,/api/cache/1/,3.16,142,0,
2026-05-16T15:44:47.149814,GET,/api/articles/1/,4.01,171,0,
2026-05-16T15:44:47.156096,GET,/api/cache/1/,2.88,142,0,
2026-05-16T15:44:47.260224,GET,/api/external/,102.93,77,0,
2026-05-16T15:44:47.283637,GET,/api/articles/1/,4.11,171,0,
2026-05-16T15:44:47.334994,GET,/api/external/,103.16,78,0,
2026-05-16T15:44:47.351321,PUT,/api/articles/1/,33.38,171,0,
2026-05-16T15:44:47.371633,GET,/api/articles/1/,3.98,171,0,
2026-05-16T15:44:47.392660,POST,/api/queue/,3.86,68,0,
2026-05-16T15:44:47.428807,POST,/api/queue/,4.19,68,0,
2026-05-16T15:44:47.450660,GET,/api/external/,103.32,78,0,
2026-05-16T15:44:47.464718,PUT,/api/articles/1/,40.66,171,0,
2026-05-16T15:44:47.535145,POST,/api/queue/,4.01,68,0,
2026-05-16T15:44:47.580632,GET,/api/cache/1/,3.25,142,0,
2026-05-16T15:44:47.590622,GET,/api/articles/1/,4.68,171,0,
2026-05-16T15:44:47.592651,GET,/api/articles/1/,4.17,171,0,
2026-05-16T15:44:47.759742,GET,/api/external/,103.3,77,0,
2026-05-16T15:44:47.763102,POST,/api/queue/,4.33,68,0,
2026-05-16T15:44:47.865848,GET,/api/articles/1/,4.16,171,0,
2026-05-16T15:44:48.020494,GET,/api/external/,103.23,77,0,
2026-05-16T15:44:48.137115,GET,/api/cache/1/,2.95,142,0,
2026-05-16T15:44:48.149660,GET,/api/external/,102.9,77,0,
2026-05-16T15:44:48.184024,GET,/api/cache/1/,3.11,142,0,
2026-05-16T15:44:48.208575,GET,/api/external/,103.08,77,0,
2026-05-16T15:44:48.477297,POST,/api/queue/,3.67,68,0,
2026-05-16T15:44:48.538053,GET,/api/cache/1/,3.45,142,0,
2026-05-16T15:44:48.538636,GET,/api/external/,103.91,78,0,
2026-05-16T15:44:48.604458,GET,/api/cache/1/,3.39,142,0,
2026-05-16T15:44:48.638220,GET,/api/external/,103.08,78,0,
2026-05-16T15:44:48.786532,GET,/api/articles/1/,4.45,171,0,
2026-05-16T15:44:48.806392,PUT,/api/articles/1/,1166.3,171,0,
2026-05-16T15:44:48.833764,PUT,/api/articles/1/,1184.99,171,0,
2026-05-16T15:44:48.861645,PUT,/api/articles/1/,481.86,171,0,
2026-05-16T15:44:48.879831,GET,/api/articles/1/,3.98,171,0,
2026-05-16T15:44:48.889991,GET,/api/cache/1/,2.94,142,0,
2026-05-16T15:44:48.899440,PUT,/api/articles/1/,1217.4,171,0,
2026-05-16T15:44:48.938931,PUT,/api/articles/1/,607.65,171,0,
2026-05-16T15:44:48.977152,PUT,/api/articles/1/,509.74,171,0,
2026-05-16T15:44:49.004218,PUT,/api/articles/1/,144.03,171,0,
2026-05-16T15:44:49.004661,POST,/api/queue/,9.5,68,0,
2026-05-16T15:44:49.005104,POST,/api/queue/,29.06,68,0,
2026-05-16T15:44:49.027413,POST,/api/queue/,3.78,68,0,
2026-05-16T15:44:49.041820,PUT,/api/articles/1/,709.97,171,0,
2026-05-16T15:44:49.069505,PUT,/api/articles/1/,331.02,171,0,
2026-05-16T15:44:49.082657,POST,/api/queue/,3.76,68,0,
2026-05-16T15:44:49.102017,GET,/api/cache/1/,3.0,142,0,
2026-05-16T15:44:49.160851,PUT,/api/articles/1/,34.48,171,0,
2026-05-16T15:44:49.199820,POST,/api/queue/,5.55,68,0,
2026-05-16T15:44:49.237983,POST,/api/queue/,5.66,68,0,
2026-05-16T15:44:49.312919,GET,/api/cache/1/,5.56,142,0,
2026-05-16T15:44:49.336129,GET,/api/external/,103.28,77,0,
2026-05-16T15:44:49.407684,GET,/api/cache/1/,3.2,142,0,
2026-05-16T15:44:49.445745,PUT,/api/articles/1/,36.88,171,0,
2026-05-16T15:44:49.447708,POST,/api/queue/,4.29,68,0,
2026-05-16T15:44:49.472149,PUT,/api/articles/1/,59.51,171,0,
2026-05-16T15:44:49.480771,GET,/api/external/,103.31,78,0,
2026-05-16T15:44:49.516334,GET,/api/external/,103.1,77,0,
2026-05-16T15:44:49.561139,POST,/api/queue/,3.92,68,0,
2026-05-16T15:44:49.596324,PUT,/api/articles/1/,36.38,171,0,
2026-05-16T15:44:49.636474,GET,/api/external/,102.86,78,0,
2026-05-16T15:44:49.761186,GET,/api/cache/1/,3.23,142,0,
2026-05-16T15:44:49.767536,GET,/api/articles/1/,4.0,171,0,
2026-05-16T15:44:49.855250,POST,/api/queue/,4.03,68,0,
2026-05-16T15:44:49.891312,GET,/api/articles/1/,4.06,171,0,
2026-05-16T15:44:49.934122,POST,/api/queue/,4.41,68,0,
2026-05-16T15:44:49.986804,GET,/api/external/,103.32,78,0,
2026-05-16T15:44:50.028375,POST,/api/queue/,4.89,68,0,
2026-05-16T15:44:50.028975,GET,/api/articles/1/,4.93,171,0,
2026-05-16T15:44:50.058532,GET,/api/articles/1/,4.22,171,0,
2026-05-16T15:44:50.148804,POST,/api/queue/,4.84,68,0,
2026-05-16T15:44:50.299177,GET,/api/cache/1/,3.09,142,0,
2026-05-16T15:44:50.336928,GET,/api/cache/1/,4.43,142,0,
2026-05-16T15:44:50.378518,POST,/api/queue/,4.59,68,0,
2026-05-16T15:44:50.379170,GET,/api/external/,103.88,78,0,
2026-05-16T15:44:50.439552,GET,/api/external/,104.46,78,0,
2026-05-16T15:44:50.465379,GET,/api/articles/1/,3.81,171,0,
2026-05-16T15:44:50.473152,GET,/api/external/,102.98,78,0,
2026-05-16T15:44:50.498429,GET,/api/cache/1/,2.96,142,0,
2026-05-16T15:44:50.550702,GET,/api/cache/1/,3.2,142,0,
2026-05-16T15:44:50.555802,GET,/api/external/,102.93,78,0,
2026-05-16T15:44:50.637467,GET,/api/articles/1/,4.17,171,0,
2026-05-16T15:44:50.715846,POST,/api/queue/,4.13,68,0,
2026-05-16T15:44:50.750315,POST,/api/queue/,4.24,68,0,
2026-05-16T15:44:50.774070,GET,/api/articles/1/,4.33,171,0,
2026-05-16T15:44:50.830493,POST,/api/queue/,3.94,68,0,
2026-05-16T15:44:50.868607,POST,/api/queue/,3.86,68,0,
2026-05-16T15:44:50.873888,GET,/api/articles/1/,3.9,171,0,
2026-05-16T15:44:50.911362,GET,/api/cache/1/,3.18,142,0,
2026-05-16T15:44:50.951085,GET,/api/articles/1/,4.39,171,0,
2026-05-16T15:44:50.956961,GET,/api/articles/1/,3.61,171,0,
2026-05-16T15:44:51.062742,POST,/api/queue/,3.97,68,0,
2026-05-16T15:44:51.094277,PUT,/api/articles/1/,949.08,171,0,
2026-05-16T15:44:51.159848,PUT,/api/articles/1/,650.17,171,0,
2026-05-16T15:44:51.161891,GET,/api/cache/1/,3.76,142,0,
2026-05-16T15:44:51.186293,POST,/api/queue/,4.07,68,0,
2026-05-16T15:44:51.199250,PUT,/api/articles/1/,207.21,171,0,
2026-05-16T15:44:51.236613,PUT,/api/articles/1/,272.29,171,0,
2026-05-16T15:44:51.264438,PUT,/api/articles/1/,256.54,171,0,
2026-05-16T15:44:51.273716,GET,/api/cache/1/,2.93,142,0,
2026-05-16T15:44:51.282943,GET,/api/articles/1/,3.9,171,0,
2026-05-16T15:44:51.345390,GET,/api/articles/1/,4.19,171,0,
2026-05-16T15:44:51.393878,GET,/api/cache/1/,3.24,142,0,
2026-05-16T15:44:51.497099,GET,/api/external/,103.11,78,0,
2026-05-16T15:44:51.611533,GET,/api/external/,103.04,78,0,
2026-05-16T15:44:51.682814,GET,/api/cache/1/,3.09,142,0,
2026-05-16T15:44:51.763012,GET,/api/articles/1/,4.75,171,0,
2026-05-16T15:44:51.807020,POST,/api/queue/,4.04,68,0,
2026-05-16T15:44:51.812761,POST,/api/queue/,3.57,68,0,
2026-05-16T15:44:51.836384,GET,/api/articles/1/,4.14,171,0,
2026-05-16T15:44:51.883474,GET,/api/external/,103.19,77,0,
2026-05-16T15:44:51.943075,GET,/api/external/,103.4,77,0,
2026-05-16T15:44:51.951303,GET,/api/articles/1/,3.92,171,0,
2026-05-16T15:44:51.975625,GET,/api/external/,103.3,77,0,
2026-05-16T15:44:51.981857,GET,/api/cache/1/,2.89,142,0,
2026-05-16T15:44:52.000030,GET,/api/cache/1/,3.0,142,0,
2026-05-16T15:44:52.245714,GET,/api/articles/1/,4.38,171,0,
2026-05-16T15:44:52.288697,GET,/api/cache/1/,3.04,142,0,
2026-05-16T15:44:52.311977,POST,/api/queue/,3.97,68,0,
2026-05-16T15:44:52.328181,GET,/api/cache/1/,2.99,142,0,
2026-05-16T15:44:52.366017,GET,/api/external/,103.04,77,0,
2026-05-16T15:44:52.407042,POST,/api/queue/,3.86,68,0,
2026-05-16T15:44:52.464577,GET,/api/cache/1/,3.05,142,0,
2026-05-16T15:44:52.488492,GET,/api/external/,103.13,78,0,
2026-05-16T15:44:52.518905,GET,/api/cache/1/,3.13,142,0,
2026-05-16T15:44:52.519311,GET,/api/external/,102.99,78,0,
2026-05-16T15:44:52.674678,GET,/api/cache/1/,3.11,142,0,
2026-05-16T15:44:52.760162,GET,/api/external/,103.39,78,0,
2026-05-16T15:44:52.833903,GET,/api/articles/1/,4.3,171,0,
2026-05-16T15:44:52.908271,PUT,/api/articles/1/,1315.98,171,0,
2026-05-16T15:44:52.953173,PUT,/api/articles/1/,1282.1,171,0,
2026-05-16T15:44:52.980301,GET,/api/articles/1/,4.8,171,0,
2026-05-16T15:44:53.003675,PUT,/api/articles/1/,1051.16,171,0,
2026-05-16T15:44:53.029942,PUT,/api/articles/1/,1267.97,171,0,
2026-05-16T15:44:53.031419,GET,/api/articles/1/,4.49,171,0,
2026-05-16T15:44:53.057856,PUT,/api/articles/1/,1035.43,171,0,
2026-05-16T15:44:53.085397,PUT,/api/articles/1/,479.68,171,0,
2026-05-16T15:44:53.086045,POST,/api/queue/,26.95,68,0,
2026-05-16T15:44:53.130539,PUT,/api/articles/1/,94.8,171,0,
2026-05-16T15:44:53.172911,GET,/api/external/,103.02,78,0,
2026-05-16T15:44:53.188139,GET,/api/external/,103.91,78,0,
2026-05-16T15:44:53.193223,GET,/api/articles/1/,3.84,171,0,
2026-05-16T15:44:53.257967,GET,/api/cache/1/,3.29,142,0,
2026-05-16T15:44:53.292973,GET,/api/cache/1/,3.71,142,0,
2026-05-16T15:44:53.438211,GET,/api/external/,103.77,77,0,
2026-05-16T15:44:53.441672,POST,/api/queue/,4.4,68,0,
2026-05-16T15:44:53.473145,GET,/api/articles/1/,4.05,171,0,
2026-05-16T15:44:53.501561,POST,/api/queue/,4.21,68,0,
2026-05-16T15:44:53.508705,GET,/api/articles/1/,3.85,171,0,
2026-05-16T15:44:53.551152,GET,/api/cache/1/,3.0,142,0,
2026-05-16T15:44:53.609515,GET,/api/articles/1/,4.09,171,0,
2026-05-16T15:44:53.692130,POST,/api/queue/,4.1,68,0,
2026-05-16T15:44:53.749852,GET,/api/cache/1/,3.28,142,0,
2026-05-16T15:44:53.760155,GET,/api/articles/1/,3.97,171,0,
2026-05-16T15:44:53.815357,POST,/api/queue/,5.03,68,0,
2026-05-16T15:44:53.844291,PUT,/api/articles/1/,33.41,171,0,
2026-05-16T15:44:53.844702,GET,/api/articles/1/,3.96,171,0,
2026-05-16T15:44:53.854721,GET,/api/articles/1/,3.83,171,0,
2026-05-16T15:44:53.904354,PUT,/api/articles/1/,33.29,171,0,
2026-05-16T15:44:53.910738,POST,/api/queue/,5.0,68,0,
2026-05-16T15:44:53.912595,GET,/api/cache/1/,4.24,142,0,
2026-05-16T15:44:53.952688,PUT,/api/articles/1/,43.87,171,0,
2026-05-16T15:44:54.072195,GET,/api/external/,103.15,77,0,
2026-05-16T15:44:54.089671,GET,/api/articles/1/,4.21,171,0,
2026-05-16T15:44:54.092649,GET,/api/articles/1/,4.53,171,0,
2026-05-16T15:44:54.107097,GET,/api/cache/1/,3.14,142,0,
2026-05-16T15:44:54.164428,GET,/api/articles/1/,4.06,171,0,
2026-05-16T15:44:54.351790,GET,/api/cache/1/,3.18,142,0,
2026-05-16T15:44:54.365021,GET,/api/external/,103.09,78,0,
2026-05-16T15:44:54.381248,GET,/api/external/,104.52,78,0,
2026-05-16T15:44:54.396667,GET,/api/articles/1/,5.23,171,0,
2026-05-16T15:44:54.431602,GET,/api/cache/1/,2.86,142,0,
2026-05-16T15:44:54.441916,GET,/api/cache/1/,2.72,142,0,
2026-05-16T15:44:54.614934,GET,/api/articles/1/,4.38,171,0,
2026-05-16T15:44:54.631505,GET,/api/articles/1/,4.17,171,0,
2026-05-16T15:44:54.684833,GET,/api/external/,103.11,78,0,
2026-05-16T15:44:54.940873,GET,/api/external/,103.28,78,0,
2026-05-16T15:44:55.132925,GET,/api/external/,103.02,77,0,
2026-05-16T15:44:55.155431,GET,/api/external/,103.62,78,0,
2026-05-16T15:44:55.234302,GET,/api/external/,170.62,78,0,
2026-05-16T15:44:55.335792,GET,/api/external/,181.48,78,0,
2026-05-16T15:44:55.730904,POST,/api/queue/,1052.4,68,0,
2026-05-16T15:44:55.757658,POST,/api/queue/,871.35,68,0,
2026-05-16T15:44:55.758193,GET,/api/cache/1/,579.73,142,0,
2026-05-16T15:44:55.758696,GET,/api/cache/1/,672.44,142,0,
2026-05-16T15:44:55.759115,PUT,/api/articles/1/,1364.74,171,0,
2026-05-16T15:44:55.759577,POST,/api/queue/,1254.7,68,0,
2026-05-16T15:44:55.759965,POST,/api/queue/,154.8,68,0,
2026-05-16T15:44:55.760371,POST,/api/queue/,86.36,68,0,
2026-05-16T15:44:55.760717,GET,/api/cache/1/,182.2,142,0,
2026-05-16T15:44:55.761156,POST,/api/queue/,280.53,68,0,
2026-05-16T15:44:55.761514,POST,/api/queue/,391.31,68,0,
2026-05-16T15:44:55.761942,GET,/api/articles/1/,556.81,171,0,
2026-05-16T15:44:55.762327,GET,/api/cache/1/,371.53,142,0,
2026-05-16T15:44:55.762680,POST,/api/queue/,1126.89,68,0,
2026-05-16T15:44:55.766721,POST,/api/queue/,3.95,68,0,
2026-05-16T15:44:55.829131,GET,/api/articles/1/,4.31,171,0,
2026-05-16T15:44:55.831186,GET,/api/external/,528.81,77,0,
2026-05-16T15:44:55.841705,PUT,/api/articles/1/,1415.65,171,0,
2026-05-16T15:44:55.844891,GET,/api/articles/1/,4.49,171,0,
2026-05-16T15:44:55.873076,GET,/api/articles/1/,3.97,171,0,
2026-05-16T15:44:55.880213,PUT,/api/articles/1/,1022.83,171,0,
2026-05-16T15:44:55.880628,GET,/api/cache/1/,5.24,142,0,
2026-05-16T15:44:55.907418,PUT,/api/articles/1/,1137.53,171,0,
2026-05-16T15:44:55.935249,PUT,/api/articles/1/,153.17,171,0,
2026-05-16T15:44:55.962320,PUT,/api/articles/1/,1488.02,171,0,
2026-05-16T15:44:55.991678,PUT,/api/articles/1/,1036.59,171,0,
2026-05-16T15:44:56.028040,PUT,/api/articles/1/,790.34,171,0,
2026-05-16T15:44:56.073974,GET,/api/articles/1/,4.24,171,0,
2026-05-16T15:44:56.084473,PUT,/api/articles/1/,1373.32,171,0,
2026-05-16T15:44:56.093925,GET,/api/external/,103.43,78,0,
2026-05-16T15:44:56.094351,GET,/api/articles/1/,4.64,171,0,
2026-05-16T15:44:56.115271,PUT,/api/articles/1/,168.68,171,0,
2026-05-16T15:44:56.338143,GET,/api/external/,103.5,78,0,
2026-05-16T15:44:56.360187,GET,/api/articles/1/,5.76,171,0,
2026-05-16T15:44:56.386551,PUT,/api/articles/1/,31.62,171,0,
2026-05-16T15:44:56.398148,POST,/api/queue/,4.18,68,0,
2026-05-16T15:44:56.415352,POST,/api/queue/,3.85,68,0,
2026-05-16T15:44:56.468510,PUT,/api/articles/1/,33.77,171,0,
2026-05-16T15:44:56.470566,POST,/api/queue/,4.08,68,0,
2026-05-16T15:44:56.516829,PUT,/api/articles/1/,30.88,171,0,
2026-05-16T15:44:56.577242,PUT,/api/articles/1/,42.05,171,0,
2026-05-16T15:44:56.770997,GET,/api/cache/1/,5.21,142,0,
2026-05-16T15:44:56.843843,GET,/api/cache/1/,4.61,142,0,
2026-05-16T15:44:56.905552,GET,/api/external/,103.2,78,0,
2026-05-16T15:44:57.184022,GET,/api/articles/1/,7.65,171,0,
2026-05-16T15:44:57.194401,PUT,/api/articles/1/,319.13,171,0,
2026-05-16T15:44:57.208806,GET,/api/cache/1/,3.09,142,0,
2026-05-16T15:44:57.221752,PUT,/api/articles/1/,336.69,171,0,
2026-05-16T15:44:57.349141,GET,/api/external/,103.06,78,0,
2026-05-16T15:44:57.350426,GET,/api/cache/1/,3.99,142,0,
2026-05-16T15:44:57.376839,GET,/api/cache/1/,3.04,142,0,
2026-05-16T15:44:57.399511,GET,/api/external/,104.24,78,0,
2026-05-16T15:44:57.439804,GET,/api/articles/1/,4.31,171,0,
2026-05-16T15:44:57.453200,GET,/api/articles/1/,4.18,171,0,
2026-05-16T15:44:57.518123,PUT,/api/articles/1/,29.61,171,0,
2026-05-16T15:44:57.529928,GET,/api/external/,103.02,78,0,
2026-05-16T15:44:57.563833,GET,/api/articles/1/,4.77,171,0,
2026-05-16T15:44:57.599891,PUT,/api/articles/1/,40.27,171,0,
2026-05-16T15:44:57.604070,GET,/api/cache/1/,4.05,142,0,
2026-05-16T15:44:57.618734,GET,/api/external/,103.38,77,0,
2026-05-16T15:44:57.638291,GET,/api/external/,103.0,78,0,
2026-05-16T15:44:57.667598,GET,/api/cache/1/,3.92,142,0,
2026-05-16T15:44:57.810161,GET,/api/articles/1/,4.06,171,0,
2026-05-16T15:44:57.947227,GET,/api/cache/1/,3.41,142,0,
2026-05-16T15:44:58.016361,GET,/api/external/,103.27,78,0,
2026-05-16T15:44:58.228412,GET,/api/external/,103.7,78,0,
2026-05-16T15:44:58.290316,GET,/api/articles/1/,4.48,171,0,
2026-05-16T15:44:58.299126,GET,/api/articles/1/,7.46,171,0,
2026-05-16T15:44:58.367142,GET,/api/external/,102.99,78,0,
2026-05-16T15:44:58.397845,GET,/api/external/,105.0,77,0,
2026-05-16T15:44:58.429166,GET,/api/external/,103.41,78,0,
2026-05-16T15:44:58.475550,GET,/api/articles/1/,4.69,171,0,
2026-05-16T15:44:58.487644,GET,/api/articles/1/,3.78,171,0,
2026-05-16T15:44:58.545647,GET,/api/external/,103.2,78,0,
2026-05-16T15:44:58.573917,GET,/api/external/,103.59,78,0,
2026-05-16T15:44:58.591894,GET,/api/articles/1/,4.75,171,0,
2026-05-16T15:44:58.660964,GET,/api/external/,102.92,77,0,
2026-05-16T15:44:58.715318,GET,/api/external/,103.64,78,0,
2026-05-16T15:44:58.718378,GET,/api/articles/1/,35.0,171,0,
2026-05-16T15:44:58.820061,GET,/api/external/,132.02,78,0,
2026-05-16T15:44:58.899616,POST,/api/queue/,582.15,68,0,
2026-05-16T15:44:58.900529,POST,/api/queue/,925.89,68,0,
2026-05-16T15:44:58.900943,GET,/api/cache/1/,536.48,142,0,
2026-05-16T15:44:58.901470,GET,/api/cache/1/,817.06,142,0,
2026-05-16T15:44:58.901854,GET,/api/cache/1/,311.08,142,0,
2026-05-16T15:44:58.902201,PUT,/api/articles/1/,1091.9,171,0,
2026-05-16T15:44:58.902616,POST,/api/queue/,35.59,68,0,
2026-05-16T15:44:58.902963,POST,/api/queue/,172.79,68,0,
2026-05-16T15:44:58.903309,GET,/api/cache/1/,839.48,142,0,
2026-05-16T15:44:58.915807,GET,/api/articles/1/,4.2,171,0,
2026-05-16T15:44:58.946536,GET,/api/cache/1/,4.34,142,0,
2026-05-16T15:44:58.947328,GET,/api/articles/1/,4.64,171,0,
2026-05-16T15:44:58.954612,PUT,/api/articles/1/,1115.66,171,0,
2026-05-16T15:44:59.000361,GET,/api/external/,182.86,78,0,
2026-05-16T15:44:59.042808,PUT,/api/articles/1/,830.4,171,0,
2026-05-16T15:44:59.070578,PUT,/api/articles/1/,457.44,171,0,
2026-05-16T15:44:59.108672,GET,/api/cache/1/,25.77,142,0,
2026-05-16T15:44:59.109498,PUT,/api/articles/1/,382.89,171,0,
2026-05-16T15:44:59.153704,PUT,/api/articles/1/,1058.66,171,0,
2026-05-16T15:44:59.237668,PUT,/api/articles/1/,901.95,171,0,
2026-05-16T15:44:59.306261,POST,/api/queue/,4.91,68,0,
2026-05-16T15:44:59.332930,GET,/api/cache/1/,3.23,142,0,
2026-05-16T15:44:59.404675,PUT,/api/articles/1/,36.42,171,0,
2026-05-16T15:44:59.406350,POST,/api/queue/,4.17,68,0,
2026-05-16T15:44:59.461674,POST,/api/queue/,4.19,68,0,
2026-05-16T15:44:59.482050,GET,/api/articles/1/,3.98,171,0,
2026-05-16T15:44:59.497068,PUT,/api/articles/1/,40.29,171,0,
2026-05-16T15:44:59.687918,GET,/api/cache/1/,3.1,142,0,
2026-05-16T15:45:00.013658,GET,/api/external/,103.16,78,0,
2026-05-16T15:45:00.089785,GET,/api/articles/1/,4.27,171,0,
2026-05-16T15:45:00.119167,GET,/api/articles/1/,4.17,171,0,
2026-05-16T15:45:00.124927,GET,/api/external/,102.85,78,0,
2026-05-16T15:45:00.135468,GET,/api/cache/1/,3.16,142,0,
2026-05-16T15:45:00.137770,GET,/api/external/,103.09,78,0,
2026-05-16T15:45:00.213285,POST,/api/queue/,4.35,68,0,
2026-05-16T15:45:00.316519,GET,/api/cache/1/,3.13,142,0,
2026-05-16T15:45:00.350859,POST,/api/queue/,4.05,68,0,
2026-05-16T15:45:00.387472,GET,/api/cache/1/,4.27,142,0,
2026-05-16T15:45:00.390984,GET,/api/external/,104.07,78,0,
2026-05-16T15:45:00.444437,GET,/api/articles/1/,4.19,171,0,
2026-05-16T15:45:00.628508,GET,/api/articles/1/,4.2,171,0,
2026-05-16T15:45:00.634764,GET,/api/cache/1/,2.94,142,0,
2026-05-16T15:45:00.670528,GET,/api/articles/1/,4.27,171,0,
2026-05-16T15:45:00.677652,POST,/api/queue/,3.73,68,0,
2026-05-16T15:45:00.734660,GET,/api/articles/1/,4.78,171,0,
2026-05-16T15:45:00.782717,GET,/api/cache/1/,3.73,142,0,
2026-05-16T15:45:00.902464,GET,/api/external/,103.41,78,0,
2026-05-16T15:45:01.051479,POST,/api/queue/,3.8,68,0,
2026-05-16T15:45:01.147933,GET,/api/external/,103.09,78,0,
2026-05-16T15:45:01.231593,GET,/api/cache/1/,3.08,142,0,
2026-05-16T15:45:01.298573,GET,/api/external/,103.21,78,0,
2026-05-16T15:45:01.323755,POST,/api/queue/,3.86,68,0,
2026-05-16T15:45:01.330560,GET,/api/external/,104.37,78,0,
2026-05-16T15:45:01.371664,POST,/api/queue/,3.9,68,0,
2026-05-16T15:45:01.398150,GET,/api/cache/1/,3.23,142,0,
2026-05-16T15:45:01.433616,GET,/api/cache/1/,3.1,142,0,
2026-05-16T15:45:01.493395,GET,/api/articles/1/,6.52,171,0,
2026-05-16T15:45:01.505451,PUT,/api/articles/1/,1359.33,171,0,
2026-05-16T15:45:01.532732,PUT,/api/articles/1/,1129.4,171,0,
2026-05-16T15:45:01.567209,GET,/api/cache/1/,2.99,142,0,
2026-05-16T15:45:01.577767,PUT,/api/articles/1/,113.89,171,0,
2026-05-16T15:45:01.592288,GET,/api/external/,102.75,77,0,
2026-05-16T15:45:01.594188,GET,/api/cache/1/,3.08,142,0,
2026-05-16T15:45:01.600844,POST,/api/queue/,3.45,68,0,
2026-05-16T15:45:01.630902,GET,/api/external/,103.17,77,0,
2026-05-16T15:45:01.652058,POST,/api/queue/,3.94,68,0,
2026-05-16T15:45:01.661422,PUT,/api/articles/1/,1197.11,171,0,
2026-05-16T15:45:01.679673,POST,/api/queue/,3.71,68,0,
2026-05-16T15:45:01.692897,GET,/api/articles/1/,3.93,171,0,
2026-05-16T15:45:01.697210,PUT,/api/articles/1/,1248.36,171,0,
2026-05-16T15:45:01.727052,GET,/api/cache/1/,3.98,142,0,
2026-05-16T15:45:01.727463,PUT,/api/articles/1/,1220.48,171,0,
2026-05-16T15:45:01.754307,PUT,/api/articles/1/,185.77,171,0,
2026-05-16T15:45:01.792975,PUT,/api/articles/1/,1334.48,171,0,
2026-05-16T15:45:01.796687,POST,/api/queue/,3.52,68,0,
2026-05-16T15:45:01.820082,PUT,/api/articles/1/,577.07,171,0,
2026-05-16T15:45:01.826228,GET,/api/articles/1/,3.88,171,0,
2026-05-16T15:45:01.836596,GET,/api/external/,102.81,77,0,
2026-05-16T15:45:01.858821,PUT,/api/articles/1/,144.4,171,0,
2026-05-16T15:45:01.939890,GET,/api/external/,103.17,78,0,
2026-05-16T15:45:01.983637,PUT,/api/articles/1/,40.34,171,0,
2026-05-16T15:45:02.035121,GET,/api/articles/1/,4.23,171,0,
2026-05-16T15:45:02.068591,GET,/api/external/,103.58,78,0,
2026-05-16T15:45:02.181576,GET,/api/cache/1/,3.49,142,0,
2026-05-16T15:45:02.228307,GET,/api/articles/1/,4.35,171,0,
2026-05-16T15:45:02.311647,GET,/api/articles/1/,4.08,171,0,
2026-05-16T15:45:02.322805,PUT,/api/articles/1/,46.99,171,0,
2026-05-16T15:45:02.387425,GET,/api/articles/1/,4.87,171,0,
2026-05-16T15:45:02.429525,GET,/api/articles/1/,4.81,171,0,
2026-05-16T15:45:02.441975,GET,/api/external/,103.01,78,0,
2026-05-16T15:45:02.641897,GET,/api/cache/1/,4.19,142,0,
2026-05-16T15:45:02.655366,GET,/api/cache/1/,3.22,142,0,
2026-05-16T15:45:02.659149,GET,/api/cache/1/,3.65,142,0,
2026-05-16T15:45:02.713946,GET,/api/articles/1/,5.07,171,0,
2026-05-16T15:45:02.719086,GET,/api/articles/1/,6.42,171,0,
2026-05-16T15:45:02.765096,GET,/api/articles/1/,4.71,171,0,
2026-05-16T15:45:02.783445,GET,/api/articles/1/,4.11,171,0,
2026-05-16T15:45:02.900018,GET,/api/external/,103.21,78,0,
2026-05-16T15:45:02.964855,GET,/api/articles/1/,4.13,171,0,
2026-05-16T15:45:02.991011,GET,/api/articles/1/,4.16,171,0,
2026-05-16T15:45:03.016537,GET,/api/cache/1/,3.25,142,0,
2026-05-16T15:45:03.125354,GET,/api/articles/1/,7.22,171,0,
2026-05-16T15:45:03.137786,GET,/api/articles/1/,4.03,171,0,
2026-05-16T15:45:03.236942,GET,/api/cache/1/,3.1,142,0,
2026-05-16T15:45:03.271322,GET,/api/external/,103.29,78,0,
2026-05-16T15:45:03.318777,GET,/api/external/,103.91,78,0,
2026-05-16T15:45:03.320187,GET,/api/external/,102.73,77,0,
2026-05-16T15:45:03.474387,GET,/api/articles/1/,6.83,171,0,
2026-05-16T15:45:03.717852,GET,/api/articles/1/,4.46,171,0,
2026-05-16T15:45:04.060936,POST,/api/queue/,320.99,68,0,
2026-05-16T15:45:04.086333,POST,/api/queue/,274.57,68,0,
2026-05-16T15:45:04.086806,GET,/api/cache/1/,570.42,142,0,
2026-05-16T15:45:04.087222,GET,/api/cache/1/,296.51,142,0,
2026-05-16T15:45:04.087573,POST,/api/queue/,747.03,68,0,
2026-05-16T15:45:04.087926,PUT,/api/articles/1/,1155.64,171,0,
2026-05-16T15:45:04.088792,PUT,/api/articles/1/,1153.67,171,0,
2026-05-16T15:45:04.089289,GET,/api/cache/1/,269.9,142,0,
2026-05-16T15:45:04.089836,GET,/api/cache/1/,153.29,142,0,
2026-05-16T15:45:04.090291,GET,/api/cache/1/,270.44,142,0,
2026-05-16T15:45:04.090703,GET,/api/cache/1/,227.16,142,0,
2026-05-16T15:45:04.093725,POST,/api/queue/,5.7,68,0,
2026-05-16T15:45:04.127280,GET,/api/articles/1/,5.19,171,0,
2026-05-16T15:45:04.162000,GET,/api/external/,157.98,78,0,
2026-05-16T15:45:04.177088,PUT,/api/articles/1/,378.78,171,0,
2026-05-16T15:45:04.187784,GET,/api/articles/1/,4.36,171,0,
2026-05-16T15:45:04.204959,PUT,/api/articles/1/,706.02,171,0,
2026-05-16T15:45:04.242809,GET,/api/cache/1/,35.59,142,0,
2026-05-16T15:45:04.243241,POST,/api/queue/,8.29,68,0,
2026-05-16T15:45:04.243612,PUT,/api/articles/1/,1275.55,171,0,
2026-05-16T15:45:04.270678,PUT,/api/articles/1/,548.42,171,0,
2026-05-16T15:45:04.288034,GET,/api/cache/1/,3.03,142,0,
2026-05-16T15:45:04.298044,PUT,/api/articles/1/,317.77,171,0,
2026-05-16T15:45:04.310367,GET,/api/articles/1/,4.07,171,0,
2026-05-16T15:45:04.325843,PUT,/api/articles/1/,817.26,171,0,
2026-05-16T15:45:04.345202,GET,/api/articles/1/,3.99,171,0,
2026-05-16T15:45:04.352840,PUT,/api/articles/1/,963.25,171,0,
2026-05-16T15:45:04.391868,PUT,/api/articles/1/,204.98,171,0,
2026-05-16T15:45:04.418722,PUT,/api/articles/1/,127.28,171,0,
2026-05-16T15:45:04.457529,PUT,/api/articles/1/,60.3,171,0,
2026-05-16T15:45:04.484505,PUT,/api/articles/1/,81.03,171,0,
2026-05-16T15:45:04.502770,GET,/api/external/,102.8,78,0,
2026-05-16T15:45:04.523231,PUT,/api/articles/1/,83.15,171,0,
2026-05-16T15:45:04.550526,PUT,/api/articles/1/,90.79,171,0,
2026-05-16T15:45:04.565790,POST,/api/queue/,3.87,68,0,
2026-05-16T15:45:04.578773,PUT,/api/articles/1/,29.35,171,0,
2026-05-16T15:45:04.582283,GET,/api/cache/1/,5.33,142,0,
2026-05-16T15:45:04.604789,GET,/api/cache/1/,3.22,142,0,
2026-05-16T15:45:04.681698,GET,/api/cache/1/,3.47,142,0,
2026-05-16T15:45:04.730364,GET,/api/cache/1/,3.27,142,0,
2026-05-16T15:45:04.751696,GET,/api/articles/1/,3.98,171,0,
2026-05-16T15:45:04.902448,GET,/api/articles/1/,4.33,171,0,
2026-05-16T15:45:04.954275,GET,/api/external/,103.13,78,0,
2026-05-16T15:45:05.014817,POST,/api/queue/,4.09,68,0,
2026-05-16T15:45:05.129292,GET,/api/external/,103.02,78,0,
2026-05-16T15:45:05.281859,GET,/api/cache/1/,3.15,142,0,
2026-05-16T15:45:05.310268,GET,/api/articles/1/,4.13,171,0,
2026-05-16T15:45:05.468963,GET,/api/external/,103.35,78,0,
2026-05-16T15:45:05.479469,GET,/api/cache/1/,3.08,142,0,
2026-05-16T15:45:05.498779,GET,/api/external/,103.35,78,0,
2026-05-16T15:45:05.660148,GET,/api/articles/1/,4.16,171,0,
2026-05-16T15:45:05.695858,GET,/api/articles/1/,4.39,171,0,
2026-05-16T15:45:05.703120,GET,/api/external/,102.99,78,0,
2026-05-16T15:45:05.757546,POST,/api/queue/,4.05,68,0,
2026-05-16T15:45:05.767669,POST,/api/queue/,3.92,68,0,
2026-05-16T15:45:05.775930,GET,/api/cache/1/,3.02,142,0,
2026-05-16T15:45:05.904065,GET,/api/articles/1/,5.63,171,0,
2026-05-16T15:45:06.038483,GET,/api/articles/1/,4.34,171,0,
2026-05-16T15:45:06.051665,GET,/api/external/,103.23,78,0,
2026-05-16T15:45:06.060083,POST,/api/queue/,4.1,68,0,
2026-05-16T15:45:06.067969,POST,/api/queue/,3.57,68,0,
2026-05-16T15:45:06.106500,GET,/api/articles/1/,5.0,171,0,
2026-05-16T15:45:06.136948,POST,/api/queue/,4.03,68,0,
2026-05-16T15:45:06.187780,GET,/api/cache/1/,4.44,142,0,
2026-05-16T15:45:06.230598,GET,/api/external/,103.04,77,0,
2026-05-16T15:45:06.239967,GET,/api/articles/1/,4.09,171,0,
2026-05-16T15:45:06.287146,POST,/api/queue/,3.95,68,0,
2026-05-16T15:45:06.334648,POST,/api/queue/,3.92,68,0,
2026-05-16T15:45:06.367941,GET,/api/cache/1/,3.06,142,0,
2026-05-16T15:45:06.434428,GET,/api/articles/1/,4.94,171,0,
2026-05-16T15:45:06.518323,GET,/api/external/,103.07,78,0,
2026-05-16T15:45:06.551863,PUT,/api/articles/1/,1254.52,171,0,
2026-05-16T15:45:06.580161,PUT,/api/articles/1/,457.31,171,0,
2026-05-16T15:45:06.607700,PUT,/api/articles/1/,481.26,171,0,
2026-05-16T15:45:06.610786,POST,/api/queue/,4.68,68,0,
2026-05-16T15:45:06.625129,GET,/api/articles/1/,4.11,171,0,
2026-05-16T15:45:06.652610,PUT,/api/articles/1/,252.41,171,0,
2026-05-16T15:45:06.709308,PUT,/api/articles/1/,282.43,171,0,
2026-05-16T15:45:06.736334,PUT,/api/articles/1/,90.52,171,0,
2026-05-16T15:45:06.756729,GET,/api/articles/1/,4.08,171,0,
2026-05-16T15:45:06.764222,PUT,/api/articles/1/,192.06,171,0,
2026-05-16T15:45:06.791284,PUT,/api/articles/1/,146.03,171,0,
2026-05-16T15:45:06.793703,GET,/api/external/,102.85,78,0,
2026-05-16T15:45:06.819031,PUT,/api/articles/1/,183.6,171,0,
2026-05-16T15:45:06.854789,GET,/api/articles/1/,4.81,171,0,
2026-05-16T15:45:06.855204,POST,/api/queue/,4.72,68,0,
2026-05-16T15:45:06.888448,GET,/api/external/,102.99,78,0,
2026-05-16T15:45:06.917291,PUT,/api/articles/1/,72.06,171,0,
2026-05-16T15:45:06.926616,GET,/api/articles/1/,4.11,171,0,
2026-05-16T15:45:06.954777,GET,/api/articles/1/,4.01,171,0,
2026-05-16T15:45:06.976538,PUT,/api/articles/1/,36.52,171,0,
2026-05-16T15:45:07.006244,GET,/api/articles/1/,4.3,171,0,
2026-05-16T15:45:07.069043,GET,/api/external/,102.92,78,0,
2026-05-16T15:45:07.077718,GET,/api/external/,103.1,78,0,
2026-05-16T15:45:07.084058,GET,/api/cache/1/,2.97,142,0,
2026-05-16T15:45:07.101445,GET,/api/cache/1/,3.05,142,0,
2026-05-16T15:45:07.228274,GET,/api/cache/1/,7.34,142,0,
2026-05-16T15:45:07.232407,GET,/api/cache/1/,5.82,142,0,
2026-05-16T15:45:07.274497,PUT,/api/articles/1/,48.79,171,0,
2026-05-16T15:45:07.362527,POST,/api/queue/,4.08,68,0,
2026-05-16T15:45:07.414267,GET,/api/cache/1/,3.38,142,0,
2026-05-16T15:45:07.423682,GET,/api/articles/1/,4.03,171,0,
2026-05-16T15:45:07.554064,GET,/api/external/,103.15,78,0,
2026-05-16T15:45:07.618693,GET,/api/external/,103.12,78,0,
2026-05-16T15:45:07.796606,GET,/api/articles/1/,4.28,171,0,
2026-05-16T15:45:07.818150,GET,/api/articles/1/,4.24,171,0,
2026-05-16T15:45:07.906533,GET,/api/cache/1/,3.08,142,0,
2026-05-16T15:45:07.950783,POST,/api/queue/,4.98,68,0,
2026-05-16T15:45:07.962106,GET,/api/articles/1/,4.19,171,0,
2026-05-16T15:45:08.042823,POST,/api/queue/,6.36,68,0,
2026-05-16T15:45:08.053220,GET,/api/cache/1/,3.06,142,0,
2026-05-16T15:45:08.055093,GET,/api/external/,102.87,78,0,
2026-05-16T15:45:08.083047,GET,/api/articles/1/,4.1,171,0,
2026-05-16T15:45:08.116182,GET,/api/cache/1/,3.28,142,0,
2026-05-16T15:45:08.178516,GET,/api/cache/1/,4.05,142,0,
2026-05-16T15:45:08.179786,PUT,/api/articles/1/,219.51,171,0,
2026-05-16T15:45:08.207709,PUT,/api/articles/1/,138.39,171,0,
2026-05-16T15:45:08.215946,GET,/api/external/,103.57,78,0,
2026-05-16T15:45:08.226272,GET,/api/cache/1/,5.07,142,0,
2026-05-16T15:45:08.281806,GET,/api/cache/1/,3.23,142,0,
2026-05-16T15:45:08.289784,POST,/api/queue/,3.71,68,0,
2026-05-16T15:45:08.399292,GET,/api/articles/1/,4.89,171,0,
2026-05-16T15:45:08.402231,POST,/api/queue/,4.57,68,0,
2026-05-16T15:45:08.439560,GET,/api/external/,103.09,78,0,
2026-05-16T15:45:08.493889,PUT,/api/articles/1/,45.01,171,0,
2026-05-16T15:45:08.498010,GET,/api/cache/1/,2.73,142,0,
2026-05-16T15:45:08.554733,PUT,/api/articles/1/,48.29,171,0,
2026-05-16T15:45:08.556605,POST,/api/queue/,4.2,68,0,
2026-05-16T15:45:08.583958,POST,/api/queue/,4.08,68,0,
2026-05-16T15:45:08.689579,GET,/api/cache/1/,2.88,142,0,
2026-05-16T15:45:08.742354,GET,/api/articles/1/,4.58,171,0,
2026-05-16T15:45:08.743575,GET,/api/external/,103.22,78,0,
2026-05-16T15:45:08.745633,GET,/api/articles/1/,4.23,171,0,
2026-05-16T15:45:08.764804,PUT,/api/articles/1/,43.79,171,0,
2026-05-16T15:45:08.765291,POST,/api/queue/,19.52,68,0,
2026-05-16T15:45:08.786043,GET,/api/external/,102.99,77,0,
2026-05-16T15:45:08.791680,PUT,/api/articles/1/,42.46,171,0,
2026-05-16T15:45:08.820762,POST,/api/queue/,3.87,68,0,
2026-05-16T15:45:08.877926,POST,/api/queue/,3.91,68,0,
2026-05-16T15:45:08.883801,GET,/api/cache/1/,2.7,142,0,
2026-05-16T15:45:08.943643,GET,/api/cache/1/,3.11,142,0,
2026-05-16T15:45:09.025800,POST,/api/queue/,4.02,68,0,
2026-05-16T15:45:09.037337,GET,/api/cache/1/,3.07,142,0,
2026-05-16T15:45:09.182254,GET,/api/cache/1/,3.21,142,0,
2026-05-16T15:45:09.342033,GET,/api/cache/1/,3.23,142,0,
2026-05-16T15:45:09.367324,GET,/api/external/,103.62,78,0,
2026-05-16T15:45:09.444828,POST,/api/queue/,4.19,68,0,
2026-05-16T15:45:10.181465,GET,/api/articles/1/,7.04,171,0,
2026-05-16T15:45:10.242193,GET,/api/articles/1/,4.19,171,0,
2026-05-16T15:45:10.408633,GET,/api/cache/1/,3.17,142,0,
2026-05-16T15:45:10.456932,PUT,/api/articles/1/,772.74,171,0,
2026-05-16T15:45:10.510738,POST,/api/queue/,4.52,68,0,
2026-05-16T15:45:10.518329,PUT,/api/articles/1/,499.88,171,0,
2026-05-16T15:45:10.570159,PUT,/api/articles/1/,545.19,171,0,
2026-05-16T15:45:10.596829,PUT,/api/articles/1/,365.59,171,0,
2026-05-16T15:45:10.620799,GET,/api/external/,103.69,77,0,
2026-05-16T15:45:10.635670,PUT,/api/articles/1/,244.88,171,0,
2026-05-16T15:45:10.657907,POST,/api/queue/,4.35,68,0,
2026-05-16T15:45:10.662523,PUT,/api/articles/1/,76.13,171,0,
2026-05-16T15:45:10.701247,PUT,/api/articles/1/,78.2,171,0,
2026-05-16T15:45:10.739164,GET,/api/cache/1/,2.96,142,0,
2026-05-16T15:45:10.755304,GET,/api/external/,103.32,77,0,
2026-05-16T15:45:10.807764,GET,/api/external/,103.25,78,0,
2026-05-16T15:45:10.828700,GET,/api/cache/1/,3.75,142,0,
2026-05-16T15:45:10.929053,GET,/api/external/,103.51,78,0,
2026-05-16T15:45:10.999861,GET,/api/external/,103.76,76,0,
2026-05-16T15:45:11.013173,GET,/api/cache/1/,3.08,142,0,
2026-05-16T15:45:11.019705,PUT,/api/articles/1/,37.13,171,0,
2026-05-16T15:45:11.141813,GET,/api/cache/1/,3.12,142,0,
2026-05-16T15:45:11.142269,GET,/api/cache/1/,4.07,142,0,
2026-05-16T15:45:11.198545,PUT,/api/articles/1/,38.96,171,0,
2026-05-16T15:45:11.218782,GET,/api/external/,103.2,78,0,
2026-05-16T15:45:11.233692,GET,/api/articles/1/,5.55,171,0,
2026-05-16T15:45:11.243868,POST,/api/queue/,3.81,68,0,
2026-05-16T15:45:11.255811,POST,/api/queue/,3.62,68,0,
2026-05-16T15:45:11.302441,GET,/api/cache/1/,3.25,142,0,
2026-05-16T15:45:11.311641,GET,/api/cache/1/,3.86,142,0,
2026-05-16T15:45:11.505448,GET,/api/external/,103.25,78,0,
2026-05-16T15:45:11.552339,GET,/api/external/,103.4,78,0,
2026-05-16T15:45:11.598874,GET,/api/external/,103.08,78,0,
2026-05-16T15:45:11.744543,GET,/api/articles/1/,4.17,171,0,
2026-05-16T15:45:11.754060,POST,/api/queue/,4.09,68,0,
2026-05-16T15:45:11.780443,GET,/api/cache/1/,2.98,142,0,
2026-05-16T15:45:11.784145,GET,/api/cache/1/,3.59,142,0,
2026-05-16T15:45:11.806806,GET,/api/articles/1/,4.13,171,0,
2026-05-16T15:45:11.814573,GET,/api/articles/1/,4.37,171,0,
2026-05-16T15:45:11.827838,GET,/api/cache/1/,2.89,142,0,
2026-05-16T15:45:11.884407,GET,/api/external/,103.42,78,0,
2026-05-16T15:45:11.912439,POST,/api/queue/,3.99,68,0,
2026-05-16T15:45:11.968652,PUT,/api/articles/1/,599.68,171,0,
2026-05-16T15:45:11.975091,GET,/api/articles/1/,4.04,171,0,
2026-05-16T15:45:11.989522,GET,/api/cache/1/,3.06,142,0,
2026-05-16T15:45:11.995938,PUT,/api/articles/1/,449.25,171,0,
2026-05-16T15:45:12.014977,GET,/api/articles/1/,4.17,171,0,
2026-05-16T15:45:12.035071,PUT,/api/articles/1/,143.31,171,0,
2026-05-16T15:45:12.055529,GET,/api/cache/1/,3.13,142,0,
2026-05-16T15:45:12.062163,PUT,/api/articles/1/,33.94,171,0,
2026-05-16T15:45:12.103509,POST,/api/queue/,5.05,68,0,
2026-05-16T15:45:12.106846,GET,/api/external/,102.69,77,0,
2026-05-16T15:45:12.208732,POST,/api/queue/,4.22,68,0,
2026-05-16T15:45:12.252108,GET,/api/articles/1/,4.97,171,0,
2026-05-16T15:45:12.256131,POST,/api/queue/,3.91,68,0,
2026-05-16T15:45:12.336828,GET,/api/articles/1/,4.31,171,0,
2026-05-16T15:45:12.375017,GET,/api/cache/1/,3.02,142,0,
2026-05-16T15:45:12.399040,PUT,/api/articles/1/,38.8,171,0,
2026-05-16T15:45:12.491828,PUT,/api/articles/1/,42.54,171,0,
2026-05-16T15:45:12.552891,POST,/api/queue/,6.76,68,0,
2026-05-16T15:45:12.759595,GET,/api/external/,104.06,77,0,
2026-05-16T15:45:12.767239,GET,/api/articles/1/,6.12,171,0,
2026-05-16T15:45:12.866779,GET,/api/external/,103.28,78,0,
2026-05-16T15:45:12.901393,PUT,/api/articles/1/,34.35,171,0,
2026-05-16T15:45:12.950742,GET,/api/external/,104.94,78,0,
2026-05-16T15:45:13.092242,PUT,/api/articles/1/,41.1,171,0,
2026-05-16T15:45:13.110133,POST,/api/queue/,4.58,68,0,
2026-05-16T15:45:13.120135,PUT,/api/articles/1/,48.17,171,0,
2026-05-16T15:45:13.143515,POST,/api/queue/,4.99,68,0,
2026-05-16T15:45:13.153567,GET,/api/cache/1/,2.84,142,0,
2026-05-16T15:45:13.167677,GET,/api/cache/1/,2.75,142,0,
2026-05-16T15:45:13.195813,POST,/api/queue/,3.76,68,0,
2026-05-16T15:45:13.209482,GET,/api/external/,102.72,78,0,
2026-05-16T15:45:13.210647,GET,/api/cache/1/,4.16,142,0,
2026-05-16T15:45:13.282232,GET,/api/cache/1/,3.29,142,0,
2026-05-16T15:45:13.314377,PUT,/api/articles/1/,66.51,171,0,
2026-05-16T15:45:13.341712,GET,/api/articles/1/,4.07,171,0,
2026-05-16T15:45:13.381216,GET,/api/cache/1/,3.08,142,0,
2026-05-16T15:45:13.393503,GET,/api/cache/1/,2.85,142,0,
2026-05-16T15:45:13.451529,PUT,/api/articles/1/,47.66,171,0,
2026-05-16T15:45:13.479151,GET,/api/cache/1/,3.21,142,0,
2026-05-16T15:45:13.554081,POST,/api/queue/,6.57,68,0,
2026-05-16T15:45:13.633196,GET,/api/cache/1/,2.89,142,0,
2026-05-16T15:45:13.669798,GET,/api/articles/1/,7.27,171,0,
2026-05-16T15:45:13.687469,POST,/api/queue/,4.24,68,0,
2026-05-16T15:45:13.723457,GET,/api/cache/1/,3.6,142,0,
2026-05-16T15:45:13.724004,GET,/api/external/,103.22,77,0,
2026-05-16T15:45:13.726594,GET,/api/cache/1/,4.06,142,0,
2026-05-16T15:45:13.777652,POST,/api/queue/,4.76,68,0,
2026-05-16T15:45:13.838434,PUT,/api/articles/1/,38.35,171,0,
2026-05-16T15:45:13.885026,GET,/api/cache/1/,3.29,142,0,
2026-05-16T15:45:13.964154,POST,/api/queue/,4.02,68,0,
2026-05-16T15:45:14.040754,GET,/api/external/,103.31,78,0,
2026-05-16T15:45:14.082511,GET,/api/cache/1/,5.28,142,0,
2026-05-16T15:45:14.138849,POST,/api/queue/,3.87,68,0,
2026-05-16T15:45:14.198332,GET,/api/articles/1/,8.02,171,0,
2026-05-16T15:45:14.221718,POST,/api/queue/,4.56,68,0,
2026-05-16T15:45:14.231770,GET,/api/articles/1/,4.7,171,0,
2026-05-16T15:45:14.274969,GET,/api/cache/1/,2.99,142,0,
2026-05-16T15:45:14.302950,POST,/api/queue/,3.8,68,0,
2026-05-16T15:45:14.394956,POST,/api/queue/,3.95,68,0,
2026-05-16T15:45:14.440284,GET,/api/articles/1/,4.71,171,0,
2026-05-16T15:45:14.514619,GET,/api/cache/1/,5.31,142,0,
2026-05-16T15:45:14.519784,GET,/api/cache/1/,4.94,142,0,
2026-05-16T15:45:14.572908,GET,/api/external/,103.3,78,0,
2026-05-16T15:45:14.596189,POST,/api/queue/,3.93,68,0,
2026-05-16T15:45:14.675832,GET,/api/cache/1/,5.03,142,0,
2026-05-16T15:45:14.690123,POST,/api/queue/,3.9,68,0,
2026-05-16T15:45:14.797442,GET,/api/articles/1/,6.86,171,0,
2026-05-16T15:45:14.863374,POST,/api/queue/,4.58,68,0,
2026-05-16T15:45:14.956956,GET,/api/external/,104.79,78,0,
2026-05-16T15:45:14.987508,GET,/api/articles/1/,4.23,171,0,
2026-05-16T15:45:15.012737,GET,/api/cache/1/,3.57,142,0,
2026-05-16T15:45:15.014237,PUT,/api/articles/1/,627.03,171,0,
2026-05-16T15:45:15.078155,GET,/api/articles/1/,6.35,171,0,
2026-05-16T15:45:15.080567,PUT,/api/articles/1/,563.55,171,0,
2026-05-16T15:45:15.084769,GET,/api/cache/1/,3.01,142,0,
2026-05-16T15:45:15.143085,POST,/api/queue/,3.92,68,0,
2026-05-16T15:45:15.152087,POST,/api/queue/,4.17,68,0,
2026-05-16T15:45:15.152498,POST,/api/queue/,5.05,68,0,
2026-05-16T15:45:15.275266,GET,/api/external/,103.41,78,0,
2026-05-16T15:45:15.353947,GET,/api/external/,103.18,78,0,
2026-05-16T15:45:15.395231,PUT,/api/articles/1/,32.83,171,0,
2026-05-16T15:45:15.399654,POST,/api/queue/,5.57,68,0,
2026-05-16T15:45:15.436422,GET,/api/cache/1/,3.12,142,0,
2026-05-16T15:45:15.475561,GET,/api/articles/1/,6.86,171,0,
2026-05-16T15:45:15.513848,POST,/api/queue/,4.0,68,0,
2026-05-16T15:45:15.520853,PUT,/api/articles/1/,47.42,171,0,
2026-05-16T15:45:15.541125,GET,/api/articles/1/,4.02,171,0,
2026-05-16T15:45:15.577560,GET,/api/cache/1/,3.06,142,0,
2026-05-16T15:45:15.679118,GET,/api/articles/1/,4.25,171,0,
2026-05-16T15:45:15.686827,GET,/api/external/,102.87,78,0,
2026-05-16T15:45:15.711713,PUT,/api/articles/1/,39.76,171,0,
2026-05-16T15:45:15.723081,GET,/api/cache/1/,2.96,142,0,
2026-05-16T15:45:15.794473,PUT,/api/articles/1/,43.02,171,0,
2026-05-16T15:45:15.798700,GET,/api/articles/1/,4.08,171,0,
2026-05-16T15:45:15.918501,POST,/api/queue/,4.14,68,0,
2026-05-16T15:45:16.033209,GET,/api/articles/1/,9.02,171,0,
2026-05-16T15:45:16.088134,POST,/api/queue/,4.63,68,0,
2026-05-16T15:45:16.090563,GET,/api/cache/1/,3.41,142,0,
2026-05-16T15:45:16.162234,GET,/api/external/,104.57,78,0,
2026-05-16T15:45:16.217013,GET,/api/external/,103.48,78,0,
2026-05-16T15:45:16.223689,GET,/api/cache/1/,5.31,142,0,
2026-05-16T15:45:16.267774,GET,/api/articles/1/,5.74,171,0,
2026-05-16T15:45:16.427329,GET,/api/articles/1/,4.24,171,0,
2026-05-16T15:45:16.439283,POST,/api/queue/,4.15,68,0,
2026-05-16T15:45:16.443256,GET,/api/articles/1/,3.86,171,0,
2026-05-16T15:45:16.455573,GET,/api/articles/1/,3.98,171,0,
2026-05-16T15:45:16.585075,GET,/api/external/,104.21,77,0,
2026-05-16T15:45:16.587280,GET,/api/external/,103.53,77,0,
2026-05-16T15:45:16.590429,POST,/api/queue/,7.71,68,0,
2026-05-16T15:45:16.603731,GET,/api/articles/1/,4.03,171,0,
2026-05-16T15:45:16.628100,GET,/api/external/,103.01,78,0,
2026-05-16T15:45:16.640648,GET,/api/articles/1/,4.16,171,0,
2026-05-16T15:45:16.721835,GET,/api/external/,103.41,78,0,
2026-05-16T15:45:16.805626,GET,/api/cache/1/,5.31,142,0,
2026-05-16T15:45:16.876408,POST,/api/queue/,6.18,68,0,
2026-05-16T15:45:16.919222,GET,/api/external/,103.97,78,0,
2026-05-16T15:45:16.986465,GET,/api/articles/1/,6.82,171,0,
2026-05-16T15:45:17.038067,POST,/api/queue/,4.1,68,0,
2026-05-16T15:45:17.098283,GET,/api/cache/1/,3.75,142,0,
2026-05-16T15:45:17.110650,GET,/api/articles/1/,3.99,171,0,
2026-05-16T15:45:17.313335,POST,/api/queue/,4.56,68,0,
2026-05-16T15:45:17.313840,GET,/api/articles/1/,3.88,171,0,
2026-05-16T15:45:17.442401,GET,/api/articles/1/,6.9,171,0,
2026-05-16T15:45:17.471845,GET,/api/external/,104.65,77,0,
2026-05-16T15:45:17.493425,GET,/api/articles/1/,4.38,171,0,
2026-05-16T15:45:17.532829,PUT,/api/articles/1/,1421.94,171,0,
2026-05-16T15:45:17.563104,GET,/api/external/,103.34,78,0,
2026-05-16T15:45:17.596911,GET,/api/cache/1/,3.79,142,0,
2026-05-16T15:45:17.625151,GET,/api/articles/1/,4.8,171,0,
2026-05-16T15:45:17.660310,GET,/api/external/,103.11,78,0,
2026-05-16T15:45:17.805883,GET,/api/articles/1/,3.95,171,0,
2026-05-16T15:45:17.827432,POST,/api/queue/,3.63,68,0,
2026-05-16T15:45:17.841411,GET,/api/articles/1/,3.77,171,0,
2026-05-16T15:45:17.894878,GET,/api/external/,103.5,78,0,
2026-05-16T15:45:17.900020,GET,/api/cache/1/,2.8,142,0,
2026-05-16T15:45:17.920242,PUT,/api/articles/1/,1557.02,171,0,
2026-05-16T15:45:17.926525,GET,/api/external/,104.0,77,0,
2026-05-16T15:45:17.975407,GET,/api/cache/1/,3.54,142,0,
2026-05-16T15:45:17.978387,GET,/api/cache/1/,2.86,142,0,
2026-05-16T15:45:18.020561,PUT,/api/articles/1/,752.58,171,0,
2026-05-16T15:45:18.059759,PUT,/api/articles/1/,319.15,171,0,
2026-05-16T15:45:18.086977,PUT,/api/articles/1/,1661.23,171,0,
2026-05-16T15:45:18.102331,GET,/api/articles/1/,4.08,171,0,
2026-05-16T15:45:18.120532,POST,/api/queue/,4.84,68,0,
2026-05-16T15:45:18.128740,GET,/api/external/,102.9,77,0,
2026-05-16T15:45:18.137830,PUT,/api/articles/1/,926.93,171,0,
2026-05-16T15:45:18.141923,GET,/api/cache/1/,2.83,142,0,
2026-05-16T15:45:18.177009,PUT,/api/articles/1/,273.66,171,0,
2026-05-16T15:45:18.189337,GET,/api/external/,103.43,78,0,
2026-05-16T15:45:18.205111,PUT,/api/articles/1/,1331.68,171,0,
2026-05-16T15:45:18.232535,PUT,/api/articles/1/,642.15,171,0,
2026-05-16T15:45:18.260675,PUT,/api/articles/1/,645.31,171,0,
2026-05-16T15:45:18.279002,GET,/api/external/,103.63,78,0,
2026-05-16T15:45:18.285593,GET,/api/articles/1/,6.41,171,0,
2026-05-16T15:45:18.504498,PUT,/api/articles/1/,35.33,171,0,
2026-05-16T15:45:18.569527,GET,/api/articles/1/,3.99,171,0,
2026-05-16T15:45:18.574932,GET,/api/cache/1/,3.05,142,0,
2026-05-16T15:45:18.586270,PUT,/api/articles/1/,37.56,171,0,
2026-05-16T15:45:18.674685,GET,/api/articles/1/,4.14,171,0,
2026-05-16T15:45:18.720181,GET,/api/external/,103.61,78,0,
2026-05-16T15:45:18.773529,GET,/api/external/,103.52,78,0,
2026-05-16T15:45:18.777669,GET,/api/cache/1/,2.86,142,0,
2026-05-16T15:45:18.829086,PUT,/api/articles/1/,35.04,171,0,
2026-05-16T15:45:18.933108,GET,/api/cache/1/,3.66,142,0,
2026-05-16T15:45:18.985568,GET,/api/cache/1/,3.31,142,0,
2026-05-16T15:45:18.986496,PUT,/api/articles/1/,32.09,171,0,
2026-05-16T15:45:19.116698,GET,/api/cache/1/,4.95,142,0,
2026-05-16T15:45:19.178581,PUT,/api/articles/1/,70.67,171,0,
2026-05-16T15:45:19.179038,POST,/api/queue/,9.86,68,0,
2026-05-16T15:45:19.202327,POST,/api/queue/,4.86,68,0,
2026-05-16T15:45:19.223518,GET,/api/external/,103.39,78,0,
2026-05-16T15:45:19.250172,GET,/api/cache/1/,3.24,142,0,
2026-05-16T15:45:19.336120,POST,/api/queue/,6.56,68,0,
2026-05-16T15:45:19.342233,GET,/api/cache/1/,4.2,142,0,
2026-05-16T15:45:19.344038,POST,/api/queue/,5.17,68,0,
2026-05-16T15:45:19.354608,GET,/api/articles/1/,4.2,171,0,
2026-05-16T15:45:19.466215,POST,/api/queue/,4.57,68,0,
2026-05-16T15:45:19.501876,GET,/api/external/,102.98,77,0,
2026-05-16T15:45:19.591686,GET,/api/articles/1/,4.1,171,0,
2026-05-16T15:45:19.648048,POST,/api/queue/,4.79,68,0,
2026-05-16T15:45:19.662427,GET,/api/external/,105.59,77,0,
2026-05-16T15:45:19.673911,GET,/api/external/,102.87,78,0,
2026-05-16T15:45:19.734753,GET,/api/cache/1/,3.55,142,0,
2026-05-16T15:45:19.799603,POST,/api/queue/,4.53,68,0,
2026-05-16T15:45:19.841122,GET,/api/articles/1/,4.01,171,0,
2026-05-16T15:45:19.876452,GET,/api/external/,103.93,78,0,
2026-05-16T15:45:19.996967,GET,/api/cache/1/,3.28,142,0,
2026-05-16T15:45:19.999731,POST,/api/queue/,4.56,68,0,
2026-05-16T15:45:20.065018,GET,/api/external/,103.04,77,0,
2026-05-16T15:45:20.096301,GET,/api/cache/1/,3.0,142,0,
2026-05-16T15:45:20.266129,GET,/api/articles/1/,4.24,171,0,
2026-05-16T15:45:20.315685,POST,/api/queue/,4.14,68,0,
2026-05-16T15:45:20.356761,POST,/api/queue/,4.08,68,0,
2026-05-16T15:45:20.389605,POST,/api/queue/,4.52,68,0,
2026-05-16T15:45:20.417505,GET,/api/cache/1/,3.15,142,0,
2026-05-16T15:45:20.426915,GET,/api/external/,102.91,78,0,
2026-05-16T15:45:20.436066,POST,/api/queue/,3.81,68,0,
2026-05-16T15:45:20.479873,PUT,/api/articles/1/,969.59,171,0,
2026-05-16T15:45:20.516257,POST,/api/queue/,3.94,68,0,
2026-05-16T15:45:20.525626,PUT,/api/articles/1/,786.59,171,0,
2026-05-16T15:45:20.626826,POST,/api/queue/,3.99,68,0,
2026-05-16T15:45:20.642981,GET,/api/cache/1/,3.28,142,0,
2026-05-16T15:45:20.657295,POST,/api/queue/,3.99,68,0,
2026-05-16T15:45:20.657823,GET,/api/cache/1/,2.94,142,0,
2026-05-16T15:45:20.671466,PUT,/api/articles/1/,768.7,171,0,
2026-05-16T15:45:20.683595,GET,/api/articles/1/,3.91,171,0,
2026-05-16T15:45:20.700553,PUT,/api/articles/1/,312.06,171,0,
2026-05-16T15:45:20.737550,PUT,/api/articles/1/,787.24,171,0,
2026-05-16T15:45:20.742900,GET,/api/external/,103.72,77,0,
2026-05-16T15:45:20.773393,GET,/api/articles/1/,4.26,171,0,
2026-05-16T15:45:20.778677,GET,/api/articles/1/,3.99,171,0,
2026-05-16T15:45:20.830217,PUT,/api/articles/1/,35.16,171,0,
2026-05-16T15:45:20.879640,GET,/api/cache/1/,3.17,142,0,
2026-05-16T15:45:20.943920,POST,/api/queue/,3.91,68,0,
2026-05-16T15:45:20.968258,POST,/api/queue/,4.13,68,0,
2026-05-16T15:45:20.990682,GET,/api/cache/1/,3.07,142,0,
2026-05-16T15:45:21.043130,GET,/api/cache/1/,3.13,142,0,
2026-05-16T15:45:21.074574,GET,/api/cache/1/,3.13,142,0,
2026-05-16T15:45:21.309199,PUT,/api/articles/1/,34.62,171,0,
2026-05-16T15:45:21.337389,GET,/api/external/,104.3,78,0,
2026-05-16T15:45:21.375069,GET,/api/external/,103.26,77,0,
2026-05-16T15:45:21.416824,GET,/api/external/,104.13,78,0,
2026-05-16T15:45:21.421047,POST,/api/queue/,5.2,68,0,
2026-05-16T15:45:21.457515,POST,/api/queue/,4.0,68,0,
2026-05-16T15:45:21.473959,GET,/api/cache/1/,3.08,142,0,
2026-05-16T15:45:21.477810,GET,/api/articles/1/,3.73,171,0,
2026-05-16T15:45:21.497213,GET,/api/articles/1/,4.07,171,0,
2026-05-16T15:45:21.508162,GET,/api/articles/1/,4.17,171,0,
2026-05-16T15:45:21.513430,GET,/api/external/,104.04,77,0,
2026-05-16T15:45:21.530538,PUT,/api/articles/1/,34.68,171,0,
2026-05-16T15:45:21.563916,GET,/api/cache/1/,3.11,142,0,
2026-05-16T15:45:21.613235,GET,/api/cache/1/,3.0,142,0,
2026-05-16T15:45:21.648424,GET,/api/cache/1/,2.87,142,0,
2026-05-16T15:45:21.715920,GET,/api/articles/1/,4.19,171,0,
2026-05-16T15:45:21.850846,POST,/api/queue/,4.08,68,0,
2026-05-16T15:45:21.856024,GET,/api/cache/1/,2.96,142,0,
2026-05-16T15:45:21.922475,GET,/api/cache/1/,3.79,142,0,
2026-05-16T15:45:21.922966,POST,/api/queue/,3.81,68,0,
2026-05-16T15:45:21.976232,GET,/api/external/,103.01,78,0,
2026-05-16T15:45:21.989597,GET,/api/external/,102.75,78,0,
2026-05-16T15:45:21.998058,GET,/api/external/,102.77,78,0,
2026-05-16T15:45:22.009985,GET,/api/external/,102.95,77,0,
2026-05-16T15:45:22.034322,GET,/api/external/,103.02,78,0,
2026-05-16T15:45:22.115508,GET,/api/articles/1/,7.23,171,0,
2026-05-16T15:45:22.142722,GET,/api/external/,103.02,78,0,
2026-05-16T15:45:22.237473,PUT,/api/articles/1/,42.37,171,0,
2026-05-16T15:45:22.241552,POST,/api/queue/,5.26,68,0,
2026-05-16T15:45:22.267123,GET,/api/cache/1/,3.19,142,0,
2026-05-16T15:45:22.344773,GET,/api/cache/1/,3.34,142,0,
2026-05-16T15:45:22.417435,POST,/api/queue/,6.46,68,0,
2026-05-16T15:45:22.433761,GET,/api/cache/1/,3.09,142,0,
2026-05-16T15:45:22.515302,GET,/api/external/,105.23,78,0,
2026-05-16T15:45:22.590671,GET,/api/external/,103.5,77,0,
2026-05-16T15:45:22.646106,POST,/api/queue/,6.71,68,0,
2026-05-16T15:45:22.695254,GET,/api/cache/1/,3.07,142,0,
2026-05-16T15:45:22.766618,GET,/api/external/,103.01,77,0,
2026-05-16T15:45:22.774805,POST,/api/queue/,3.83,68,0,
2026-05-16T15:45:22.815175,GET,/api/articles/1/,4.13,171,0,
2026-05-16T15:45:22.852336,POST,/api/queue/,4.65,68,0,
2026-05-16T15:45:22.853158,GET,/api/articles/1/,3.96,171,0,
2026-05-16T15:45:22.922286,GET,/api/articles/1/,4.79,171,0,
2026-05-16T15:45:22.972678,GET,/api/articles/1/,4.05,171,0,
2026-05-16T15:45:22.983284,GET,/api/external/,103.83,78,0,
2026-05-16T15:45:22.987209,POST,/api/queue/,5.29,68,0,
2026-05-16T15:45:22.987628,POST,/api/queue/,4.23,68,0,
2026-05-16T15:45:22.988034,GET,/api/articles/1/,7.06,171,0,
2026-05-16T15:45:23.006121,GET,/api/external/,103.12,78,0,
2026-05-16T15:45:23.090960,GET,/api/cache/1/,3.05,142,0,
2026-05-16T15:45:23.119421,GET,/api/cache/1/,3.09,142,0,
2026-05-16T15:45:23.209505,GET,/api/cache/1/,5.08,142,0,
2026-05-16T15:45:23.226061,GET,/api/cache/1/,3.11,142,0,
2026-05-16T15:45:23.236672,GET,/api/cache/1/,3.28,142,0,
2026-05-16T15:45:23.317916,GET,/api/articles/1/,4.39,171,0,
2026-05-16T15:45:23.386959,PUT,/api/articles/1/,628.42,171,0,
2026-05-16T15:45:23.432339,GET,/api/cache/1/,4.88,142,0,
2026-05-16T15:45:23.442252,PUT,/api/articles/1/,320.6,171,0,
2026-05-16T15:45:23.470558,POST,/api/queue/,4.07,68,0,
2026-05-16T15:45:23.498507,PUT,/api/articles/1/,258.62,171,0,
2026-05-16T15:45:23.526463,PUT,/api/articles/1/,254.87,171,0,
2026-05-16T15:45:23.574745,PUT,/api/articles/1/,35.06,171,0,
2026-05-16T15:45:23.582803,GET,/api/external/,103.02,77,0,
2026-05-16T15:45:23.626009,GET,/api/external/,103.26,78,0,
2026-05-16T15:45:23.709433,POST,/api/queue/,6.3,68,0,
2026-05-16T15:45:23.723865,POST,/api/queue/,4.16,68,0,
2026-05-16T15:45:23.743492,PUT,/api/articles/1/,32.59,171,0,
2026-05-16T15:45:23.744027,GET,/api/external/,103.41,78,0,
2026-05-16T15:45:23.747192,GET,/api/articles/1/,4.83,171,0,
2026-05-16T15:45:23.803314,GET,/api/external/,104.94,78,0,
2026-05-16T15:45:23.867136,PUT,/api/articles/1/,38.48,171,0,
2026-05-16T15:45:23.995178,GET,/api/cache/1/,2.85,142,0,
2026-05-16T15:45:23.995749,GET,/api/articles/1/,5.09,171,0,
2026-05-16T15:45:24.043938,GET,/api/cache/1/,6.79,142,0,
2026-05-16T15:45:24.044761,GET,/api/articles/1/,6.65,171,0,
2026-05-16T15:45:24.089099,PUT,/api/articles/1/,32.11,171,0,
2026-05-16T15:45:24.129397,GET,/api/articles/1/,4.02,171,0,
2026-05-16T15:45:24.257028,GET,/api/articles/1/,6.22,171,0,
2026-05-16T15:45:24.281738,GET,/api/external/,102.97,77,0,
2026-05-16T15:45:24.335089,POST,/api/queue/,4.92,68,0,
2026-05-16T15:45:24.362261,GET,/api/articles/1/,4.15,171,0,
2026-05-16T15:45:24.384769,PUT,/api/articles/1/,36.45,171,0,
2026-05-16T15:45:24.408518,GET,/api/cache/1/,3.39,142,0,
2026-05-16T15:45:24.421492,POST,/api/queue/,3.72,68,0,
2026-05-16T15:45:24.528892,GET,/api/articles/1/,4.71,171,0,
2026-05-16T15:45:24.594887,GET,/api/articles/1/,6.56,171,0,
2026-05-16T15:45:24.751976,POST,/api/queue/,6.68,68,0,
2026-05-16T15:45:24.771473,GET,/api/articles/1/,5.1,171,0,
2026-05-16T15:45:24.820952,GET,/api/articles/1/,6.44,171,0,
2026-05-16T15:45:24.875867,GET,/api/external/,103.08,78,0,
2026-05-16T15:45:24.916268,GET,/api/cache/1/,3.15,142,0,
2026-05-16T15:45:24.964298,GET,/api/cache/1/,3.77,142,0,
2026-05-16T15:45:24.975751,GET,/api/articles/1/,4.08,171,0,
2026-05-16T15:45:25.051562,POST,/api/queue/,4.27,68,0,
2026-05-16T15:45:25.115744,GET,/api/cache/1/,3.02,142,0,
2026-05-16T15:45:25.132357,GET,/api/cache/1/,3.27,142,0,
2026-05-16T15:45:25.154345,GET,/api/cache/1/,3.04,142,0,
2026-05-16T15:45:25.202223,POST,/api/queue/,3.66,68,0,
2026-05-16T15:45:25.205074,GET,/api/external/,102.97,77,0,
2026-05-16T15:45:25.215117,GET,/api/cache/1/,3.69,142,0,
2026-05-16T15:45:25.242448,GET,/api/external/,102.76,77,0,
2026-05-16T15:45:25.263509,GET,/api/cache/1/,2.83,142,0,
2026-05-16T15:45:25.287203,POST,/api/queue/,4.39,68,0,
2026-05-16T15:45:25.320467,GET,/api/articles/1/,3.96,171,0,
2026-05-16T15:45:25.327627,POST,/api/queue/,3.79,68,0,
2026-05-16T15:45:25.388294,GET,/api/articles/1/,4.82,171,0,
2026-05-16T15:45:25.388770,GET,/api/cache/1/,4.83,142,0,
2026-05-16T15:45:25.535759,GET,/api/articles/1/,4.19,171,0,
2026-05-16T15:45:25.602949,GET,/api/external/,103.1,78,0,
2026-05-16T15:45:25.643448,GET,/api/cache/1/,3.17,142,0,
2026-05-16T15:45:25.663769,POST,/api/queue/,4.09,68,0,
2026-05-16T15:45:25.676187,GET,/api/cache/1/,3.16,142,0,
2026-05-16T15:45:25.706818,GET,/api/cache/1/,3.33,142,0,
2026-05-16T15:45:25.716163,GET,/api/cache/1/,3.14,142,0,
2026-05-16T15:45:25.761414,GET,/api/articles/1/,4.06,171,0,
2026-05-16T15:45:25.886029,POST,/api/queue/,4.89,68,0,
2026-05-16T15:45:25.893982,POST,/api/queue/,4.66,68,0,
2026-05-16T15:45:25.945899,GET,/api/external/,103.26,78,0,
2026-05-16T15:45:25.946397,GET,/api/articles/1/,5.18,171,0,
2026-05-16T15:45:26.045594,POST,/api/queue/,3.95,68,0,
2026-05-16T15:45:26.095319,PUT,/api/articles/1/,1462.18,171,0,
2026-05-16T15:45:26.151002,GET,/api/external/,103.13,78,0,
2026-05-16T15:45:26.151520,PUT,/api/articles/1/,1086.71,171,0,
2026-05-16T15:45:26.196422,PUT,/api/articles/1/,465.02,171,0,
2026-05-16T15:45:26.219068,GET,/api/external/,103.37,78,0,
2026-05-16T15:45:26.224409,PUT,/api/articles/1/,915.87,171,0,
2026-05-16T15:45:26.262307,PUT,/api/articles/1/,893.46,171,0,
2026-05-16T15:45:26.282998,GET,/api/cache/1/,3.17,142,0,
2026-05-16T15:45:26.289494,GET,/api/articles/1/,4.29,171,0,
2026-05-16T15:45:26.307635,PUT,/api/articles/1/,1021.36,171,0,
2026-05-16T15:45:26.336054,POST,/api/queue/,4.15,68,0,
2026-05-16T15:45:26.345572,GET,/api/articles/1/,4.23,171,0,
2026-05-16T15:45:26.374408,PUT,/api/articles/1/,517.0,171,0,
2026-05-16T15:45:26.412938,PUT,/api/articles/1/,956.82,171,0,
2026-05-16T15:45:26.440006,PUT,/api/articles/1/,988.77,171,0,
2026-05-16T15:45:26.478659,PUT,/api/articles/1/,89.99,171,0,
2026-05-16T15:45:26.848911,GET,/api/articles/1/,4.7,171,0,
2026-05-16T15:45:26.884685,POST,/api/queue/,4.53,68,0,
2026-05-16T15:45:26.964330,GET,/api/articles/1/,4.56,171,0,
2026-05-16T15:45:26.983415,GET,/api/articles/1/,4.76,171,0,
2026-05-16T15:45:27.029422,GET,/api/external/,103.46,78,0,
2026-05-16T15:45:27.077773,PUT,/api/articles/1/,36.02,171,0,
2026-05-16T15:45:27.092583,GET,/api/cache/1/,3.7,142,0,
2026-05-16T15:45:27.176192,GET,/api/external/,104.17,78,0,
2026-05-16T15:45:27.189074,GET,/api/articles/1/,5.53,171,0,
2026-05-16T15:45:27.243400,GET,/api/articles/1/,4.63,171,0,
2026-05-16T15:45:27.282997,POST,/api/queue/,4.16,68,0,
2026-05-16T15:45:27.335230,POST,/api/queue/,4.95,68,0,
2026-05-16T15:45:27.336208,GET,/api/articles/1/,4.3,171,0,
2026-05-16T15:45:27.362796,GET,/api/cache/1/,3.35,142,0,
2026-05-16T15:45:27.390160,POST,/api/queue/,4.12,68,0,
2026-05-16T15:45:27.397634,GET,/api/cache/1/,3.23,142,0,
2026-05-16T15:45:27.441432,GET,/api/articles/1/,4.99,171,0,
2026-05-16T15:45:27.482891,GET,/api/articles/1/,4.4,171,0,
2026-05-16T15:45:27.503405,GET,/api/cache/1/,3.29,142,0,
2026-05-16T15:45:27.528192,GET,/api/articles/1/,4.53,171,0,
2026-05-16T15:45:27.592173,GET,/api/cache/1/,3.7,142,0,
2026-05-16T15:45:27.626861,POST,/api/queue/,4.43,68,0,
2026-05-16T15:45:27.637792,GET,/api/articles/1/,4.65,171,0,
2026-05-16T15:45:27.708643,GET,/api/cache/1/,3.23,142,0,
2026-05-16T15:45:27.743260,GET,/api/external/,103.28,77,0,
2026-05-16T15:45:27.750118,POST,/api/queue/,4.6,68,0,
2026-05-16T15:45:27.753300,GET,/api/articles/1/,4.23,171,0,
2026-05-16T15:45:27.796872,GET,/api/external/,103.07,78,0,
2026-05-16T15:45:27.810787,GET,/api/articles/1/,4.63,171,0,
2026-05-16T15:45:27.914705,GET,/api/cache/1/,3.2,142,0,
2026-05-16T15:45:27.930254,GET,/api/external/,103.26,78,0,
2026-05-16T15:45:27.952063,GET,/api/external/,103.33,78,0,
2026-05-16T15:45:28.264429,GET,/api/articles/1/,8.22,171,0,
2026-05-16T15:45:28.265992,POST,/api/queue/,7.28,68,0,
2026-05-16T15:45:28.266914,PUT,/api/articles/1/,869.15,171,0,
2026-05-16T15:45:28.304387,PUT,/api/articles/1/,857.68,171,0,
2026-05-16T15:45:28.325481,GET,/api/cache/1/,3.67,142,0,
2026-05-16T15:45:28.360971,GET,/api/articles/1/,4.26,171,0,
2026-05-16T15:45:28.367490,PUT,/api/articles/1/,586.92,171,0,
2026-05-16T15:45:28.407719,GET,/api/cache/1/,2.99,142,0,
2026-05-16T15:45:28.414681,PUT,/api/articles/1/,628.11,171,0,
2026-05-16T15:45:28.452426,PUT,/api/articles/1/,578.76,171,0,
2026-05-16T15:45:28.522552,PUT,/api/articles/1/,36.89,171,0,
2026-05-16T15:45:28.586219,POST,/api/queue/,6.36,68,0,
2026-05-16T15:45:28.624029,PUT,/api/articles/1/,36.56,171,0,
2026-05-16T15:45:28.652385,GET,/api/cache/1/,3.0,142,0,
2026-05-16T15:45:28.719797,GET,/api/articles/1/,4.0,171,0,
2026-05-16T15:45:28.896785,PUT,/api/articles/1/,41.34,171,0,
2026-05-16T15:45:28.955482,PUT,/api/articles/1/,27.3,171,0,
2026-05-16T15:45:28.974558,GET,/api/external/,103.4,78,0,
2026-05-16T15:45:28.982378,GET,/api/external/,103.44,77,0,
2026-05-16T15:45:28.982850,GET,/api/external/,103.5,78,0,
2026-05-16T15:45:29.033435,GET,/api/cache/1/,3.23,142,0,
2026-05-16T15:45:29.079018,PUT,/api/articles/1/,38.28,171,0,
2026-05-16T15:45:29.104052,POST,/api/queue/,4.7,68,0,
2026-05-16T15:45:29.105165,GET,/api/cache/1/,2.98,142,0,
2026-05-16T15:45:29.105730,PUT,/api/articles/1/,33.92,171,0,
2026-05-16T15:45:29.117170,GET,/api/cache/1/,3.09,142,0,
2026-05-16T15:45:29.186534,GET,/api/articles/1/,4.44,171,0,
2026-05-16T15:45:29.188624,GET,/api/cache/1/,3.5,142,0,
2026-05-16T15:45:29.240085,PUT,/api/articles/1/,39.2,171,0,
2026-05-16T15:45:29.285498,GET,/api/external/,104.0,78,0,
2026-05-16T15:45:29.331812,GET,/api/articles/1/,4.07,171,0,
2026-05-16T15:45:29.500232,GET,/api/external/,103.11,75,0,
2026-05-16T15:45:29.521186,GET,/api/external/,103.1,78,0,
2026-05-16T15:45:29.559600,GET,/api/cache/1/,3.02,142,0,
2026-05-16T15:45:29.578578,POST,/api/queue/,4.6,68,0,
2026-05-16T15:45:29.599956,GET,/api/cache/1/,3.07,142,0,
2026-05-16T15:45:29.660762,GET,/api/cache/1/,3.2,142,0,
2026-05-16T15:45:29.728310,POST,/api/queue/,4.15,68,0,
2026-05-16T15:45:29.772374,PUT,/api/articles/1/,34.83,171,0,
2026-05-16T15:45:29.800344,GET,/api/articles/1/,3.98,171,0,
2026-05-16T15:45:29.810575,PUT,/api/articles/1/,29.87,171,0,
2026-05-16T15:45:29.901997,GET,/api/articles/1/,6.88,171,0,
2026-05-16T15:45:29.947474,POST,/api/queue/,3.98,68,0,
2026-05-16T15:45:29.967887,GET,/api/cache/1/,3.1,142,0,
2026-05-16T15:45:30.013773,POST,/api/queue/,3.94,68,0,
2026-05-16T15:45:30.018514,PUT,/api/articles/1/,37.35,171,0,
2026-05-16T15:45:30.025765,GET,/api/articles/1/,3.83,171,0,
2026-05-16T15:45:30.067337,PUT,/api/articles/1/,31.34,171,0,
2026-05-16T15:45:30.073522,GET,/api/cache/1/,3.95,142,0,
2026-05-16T15:45:30.112836,POST,/api/queue/,4.02,68,0,
2026-05-16T15:45:30.180879,GET,/api/articles/1/,4.22,171,0,
2026-05-16T15:45:30.198118,POST,/api/queue/,3.9,68,0,
2026-05-16T15:45:30.211589,PUT,/api/articles/1/,42.77,171,0,
2026-05-16T15:45:30.224796,GET,/api/articles/1/,3.94,171,0,
2026-05-16T15:45:30.228041,GET,/api/articles/1/,4.17,171,0,
2026-05-16T15:45:30.235110,GET,/api/external/,103.06,77,0,
2026-05-16T15:45:30.260456,PUT,/api/articles/1/,37.07,171,0,
2026-05-16T15:45:30.354203,GET,/api/articles/1/,4.33,171,0,
2026-05-16T15:45:30.536216,GET,/api/articles/1/,6.64,171,0,
2026-05-16T15:45:30.537256,PUT,/api/articles/1/,37.55,171,0,
2026-05-16T15:45:30.577529,GET,/api/articles/1/,3.95,171,0,
2026-05-16T15:45:30.585565,GET,/api/cache/1/,2.87,142,0,
2026-05-16T15:45:30.659627,GET,/api/articles/1/,4.18,171,0,
2026-05-16T15:45:30.664173,GET,/api/cache/1/,3.18,142,0,
2026-05-16T15:45:30.690706,GET,/api/external/,102.84,78,0,
2026-05-16T15:45:30.734896,PUT,/api/articles/1/,36.83,171,0,
2026-05-16T15:45:30.762527,PUT,/api/articles/1/,46.89,171,0,
2026-05-16T15:45:30.765461,GET,/api/articles/1/,4.3,171,0,
2026-05-16T15:45:30.799871,PUT,/api/articles/1/,54.69,171,0,
2026-05-16T15:45:30.805709,GET,/api/cache/1/,3.43,142,0,
2026-05-16T15:45:30.941358,GET,/api/cache/1/,4.01,142,0,
2026-05-16T15:45:30.974897,GET,/api/articles/1/,4.2,171,0,
2026-05-16T15:45:31.103986,PUT,/api/articles/1/,34.41,171,0,
2026-05-16T15:45:31.192854,GET,/api/external/,103.48,78,0,
2026-05-16T15:45:31.216902,PUT,/api/articles/1/,39.47,171,0,
2026-05-16T15:45:31.217397,POST,/api/queue/,22.13,68,0,
2026-05-16T15:45:31.226793,GET,/api/articles/1/,4.02,171,0,
2026-05-16T15:45:31.255152,PUT,/api/articles/1/,40.54,171,0,
2026-05-16T15:45:31.318672,GET,/api/external/,104.51,78,0,
2026-05-16T15:45:31.329977,GET,/api/cache/1/,4.94,142,0,
2026-05-16T15:45:31.498247,GET,/api/external/,103.84,78,0,
2026-05-16T15:45:31.510219,PUT,/api/articles/1/,40.66,171,0,
2026-05-16T15:45:31.515557,GET,/api/external/,102.8,78,0,
2026-05-16T15:45:31.546978,GET,/api/cache/1/,4.1,142,0,
2026-05-16T15:45:31.554476,GET,/api/cache/1/,3.18,142,0,
2026-05-16T15:45:31.585742,GET,/api/cache/1/,3.09,142,0,
2026-05-16T15:45:31.708181,PUT,/api/articles/1/,36.91,171,0,
2026-05-16T15:45:31.714632,GET,/api/articles/1/,4.06,171,0,
2026-05-16T15:45:31.772987,POST,/api/queue/,8.08,68,0,
2026-05-16T15:45:31.785131,GET,/api/articles/1/,3.86,171,0,
2026-05-16T15:45:31.831538,GET,/api/articles/1/,4.13,171,0,
2026-05-16T15:45:31.859839,GET,/api/cache/1/,3.03,142,0,
2026-05-16T15:45:31.956669,GET,/api/articles/1/,4.29,171,0,
2026-05-16T15:45:32.003812,GET,/api/articles/1/,6.79,171,0,
2026-05-16T15:45:32.041595,GET,/api/articles/1/,3.98,171,0,
2026-05-16T15:45:32.041989,GET,/api/articles/1/,4.93,171,0,
2026-05-16T15:45:32.129516,GET,/api/articles/1/,4.05,171,0,
2026-05-16T15:45:32.137919,GET,/api/articles/1/,5.14,171,0,
2026-05-16T15:45:32.190215,POST,/api/queue/,3.92,68,0,
2026-05-16T15:45:32.195239,GET,/api/articles/1/,3.69,171,0,
2026-05-16T15:45:32.236215,PUT,/api/articles/1/,435.74,171,0,
2026-05-16T15:45:32.306154,GET,/api/cache/1/,3.28,142,0,
2026-05-16T15:45:32.412327,GET,/api/articles/1/,6.84,171,0,
2026-05-16T15:45:32.417580,GET,/api/cache/1/,2.89,142,0,
2026-05-16T15:45:32.434626,GET,/api/articles/1/,3.88,171,0,
2026-05-16T15:45:32.443653,GET,/api/articles/1/,3.77,171,0,
2026-05-16T15:45:32.488014,POST,/api/queue/,4.84,68,0,
