timestamp,method,name,response_time_ms,response_length,failed,error
2026-05-16T16:13:48.631939,GET,/api/mixed/pipeline/1/,3.46,82,0,
2026-05-16T16:13:48.634172,GET,/api/mixed/pipeline/1/,3.09,82,0,
2026-05-16T16:13:48.649260,GET,/api/mixed/db/1/,3.87,247,0,
2026-05-16T16:13:48.655587,GET,/api/mixed/http/,108.78,55353,0,
2026-05-16T16:13:48.672487,GET,/api/mixed/db/1/,4.62,247,0,
2026-05-16T16:13:48.675292,GET,/api/mixed/db/1/,3.89,247,0,
2026-05-16T16:13:48.685314,GET,/api/mixed/db/1/,3.83,247,0,
2026-05-16T16:13:48.689688,GET,/api/mixed/http/,108.92,55353,0,
2026-05-16T16:13:48.691007,GET,/api/mixed/http/,107.61,55353,0,
2026-05-16T16:13:48.696527,GET,/api/mixed/pipeline/1/,2.89,82,0,
2026-05-16T16:13:48.697747,GET,/api/mixed/db/1/,4.57,247,0,
2026-05-16T16:13:48.711022,GET,/api/mixed/db/1/,4.92,247,0,
2026-05-16T16:13:48.713349,GET,/api/mixed/http/,107.7,55353,0,
2026-05-16T16:13:48.752652,GET,/api/mixed/pipeline/1/,3.04,82,0,
2026-05-16T16:13:48.775095,GET,/api/mixed/pipeline/1/,3.05,82,0,
2026-05-16T16:13:48.810860,GET,/api/mixed/db/1/,4.95,247,0,
2026-05-16T16:13:48.817195,GET,/api/mixed/db/1/,3.94,247,0,
2026-05-16T16:13:48.832901,GET,/api/mixed/http/,108.26,55353,0,
2026-05-16T16:13:48.846296,GET,/api/mixed/http/,108.02,55353,0,
2026-05-16T16:13:48.855181,GET,/api/mixed/http/,108.31,55353,0,
2026-05-16T16:13:48.873309,GET,/api/mixed/db/1/,3.98,247,0,
2026-05-16T16:13:48.883426,GET,/api/mixed/pipeline/1/,2.9,82,0,
2026-05-16T16:13:48.884847,GET,/api/mixed/http/,108.42,55353,0,
2026-05-16T16:13:48.889614,GET,/api/mixed/pipeline/1/,3.58,82,0,
2026-05-16T16:13:48.891018,GET,/api/mixed/db/1/,4.09,247,0,
2026-05-16T16:13:48.903455,GET,/api/mixed/db/1/,4.08,247,0,
2026-05-16T16:13:48.906645,GET,/api/mixed/pipeline/1/,3.05,82,0,
2026-05-16T16:13:48.929344,GET,/api/mixed/db/1/,4.05,247,0,
2026-05-16T16:13:48.939401,GET,/api/mixed/http/,109.03,55353,0,
2026-05-16T16:13:48.979555,GET,/api/mixed/pipeline/1/,3.19,82,0,
2026-05-16T16:13:48.980672,GET,/api/mixed/db/1/,4.87,247,0,
2026-05-16T16:13:48.987740,GET,/api/mixed/pipeline/1/,2.88,82,0,
2026-05-16T16:13:48.998924,GET,/api/mixed/pipeline/1/,2.95,82,0,
2026-05-16T16:13:49.021153,GET,/api/mixed/http/,108.21,55353,0,
2026-05-16T16:13:49.021646,GET,/api/mixed/http/,108.26,55353,0,
2026-05-16T16:13:49.034707,GET,/api/mixed/pipeline/1/,3.37,82,0,
2026-05-16T16:13:49.050636,GET,/api/mixed/db/1/,4.64,247,0,
2026-05-16T16:13:49.057436,GET,/api/mixed/pipeline/1/,2.98,82,0,
2026-05-16T16:13:49.058772,GET,/api/mixed/db/1/,4.8,247,0,
2026-05-16T16:13:49.059197,GET,/api/mixed/pipeline/1/,3.05,82,0,
2026-05-16T16:13:49.082402,GET,/api/mixed/db/1/,4.84,247,0,
2026-05-16T16:13:49.102335,GET,/api/mixed/db/1/,3.87,247,0,
2026-05-16T16:13:49.110219,GET,/api/mixed/db/1/,3.71,247,0,
2026-05-16T16:13:49.118453,GET,/api/mixed/pipeline/1/,2.86,82,0,
2026-05-16T16:13:49.139346,GET,/api/mixed/http/,108.5,55353,0,
2026-05-16T16:13:49.154922,GET,/api/mixed/http/,108.43,55353,0,
2026-05-16T16:13:49.173199,GET,/api/mixed/db/1/,3.93,247,0,
2026-05-16T16:13:49.179404,GET,/api/mixed/db/1/,3.84,247,0,
2026-05-16T16:13:49.190802,GET,/api/mixed/http/,109.14,55353,0,
2026-05-16T16:13:49.191799,GET,/api/mixed/http/,110.66,55353,0,
2026-05-16T16:13:49.196455,GET,/api/mixed/pipeline/1/,4.44,82,0,
2026-05-16T16:13:49.200645,GET,/api/mixed/db/1/,5.32,247,0,
2026-05-16T16:13:49.203518,GET,/api/mixed/http/,108.58,55353,0,
2026-05-16T16:13:49.213815,GET,/api/mixed/http/,112.86,55353,0,
2026-05-16T16:13:49.214371,GET,/api/mixed/db/1/,5.98,247,0,
2026-05-16T16:13:49.217738,GET,/api/mixed/http/,111.8,55353,0,
2026-05-16T16:13:49.224483,GET,/api/mixed/pipeline/1/,4.38,82,0,
2026-05-16T16:13:49.227512,GET,/api/mixed/pipeline/1/,4.5,82,0,
2026-05-16T16:13:49.244248,GET,/api/mixed/pipeline/1/,3.4,82,0,
2026-05-16T16:13:49.254931,GET,/api/mixed/db/1/,3.83,247,0,
2026-05-16T16:13:49.255622,GET,/api/mixed/http/,109.05,55353,0,
2026-05-16T16:13:49.293832,GET,/api/mixed/pipeline/1/,3.54,82,0,
2026-05-16T16:13:49.305269,GET,/api/mixed/db/1/,6.01,247,0,
2026-05-16T16:13:49.305769,GET,/api/mixed/db/1/,5.34,247,0,
2026-05-16T16:13:49.314366,GET,/api/mixed/http/,110.69,55353,0,
2026-05-16T16:13:49.315789,GET,/api/mixed/http/,110.73,55353,0,
2026-05-16T16:13:49.322242,GET,/api/mixed/pipeline/1/,4.18,82,0,
2026-05-16T16:13:49.323981,GET,/api/mixed/pipeline/1/,4.58,82,0,
2026-05-16T16:13:49.324580,GET,/api/mixed/pipeline/1/,4.06,82,0,
2026-05-16T16:13:49.330907,GET,/api/mixed/pipeline/1/,4.06,82,0,
2026-05-16T16:13:49.354566,GET,/api/mixed/db/1/,4.37,247,0,
2026-05-16T16:13:49.357808,GET,/api/mixed/http/,108.24,55353,0,
2026-05-16T16:13:49.365038,GET,/api/mixed/http/,108.19,55353,0,
2026-05-16T16:13:49.371161,GET,/api/mixed/http/,109.44,55353,0,
2026-05-16T16:13:49.372556,GET,/api/mixed/db/1/,4.04,247,0,
2026-05-16T16:13:49.376785,GET,/api/mixed/http/,108.42,55353,0,
2026-05-16T16:13:49.414765,GET,/api/mixed/pipeline/1/,3.48,82,0,
2026-05-16T16:13:49.425389,GET,/api/mixed/pipeline/1/,3.04,82,0,
2026-05-16T16:13:49.435749,GET,/api/mixed/pipeline/1/,3.07,82,0,
2026-05-16T16:13:49.449685,GET,/api/mixed/db/1/,4.22,247,0,
2026-05-16T16:13:49.458747,GET,/api/mixed/http/,107.78,55353,0,
2026-05-16T16:13:49.463474,GET,/api/mixed/pipeline/1/,3.37,82,0,
2026-05-16T16:13:49.476726,GET,/api/mixed/http/,109.38,55353,0,
2026-05-16T16:13:49.480888,GET,/api/mixed/pipeline/1/,2.8,82,0,
2026-05-16T16:13:49.501839,GET,/api/mixed/db/1/,6.58,247,0,
2026-05-16T16:13:49.506946,GET,/api/mixed/pipeline/1/,4.91,82,0,
2026-05-16T16:13:49.514918,GET,/api/mixed/http/,114.77,55353,0,
2026-05-16T16:13:49.521123,GET,/api/mixed/http/,110.34,55353,0,
2026-05-16T16:13:49.538508,GET,/api/mixed/pipeline/1/,3.09,82,0,
2026-05-16T16:13:49.558809,GET,/api/mixed/http/,110.48,55353,0,
2026-05-16T16:13:49.560616,GET,/api/mixed/pipeline/1/,4.18,82,0,
2026-05-16T16:13:49.580873,GET,/api/mixed/pipeline/1/,3.06,82,0,
2026-05-16T16:13:49.581973,GET,/api/mixed/http/,108.29,55353,0,
2026-05-16T16:13:49.606011,GET,/api/mixed/pipeline/1/,3.32,82,0,
2026-05-16T16:13:49.611022,GET,/api/mixed/pipeline/1/,2.66,82,0,
2026-05-16T16:13:49.620337,GET,/api/mixed/http/,109.0,55353,0,
2026-05-16T16:13:49.650591,GET,/api/mixed/http/,107.77,55353,0,
2026-05-16T16:13:49.664523,GET,/api/mixed/http/,109.22,55353,0,
2026-05-16T16:13:49.665786,GET,/api/mixed/db/1/,3.91,247,0,
2026-05-16T16:13:49.682978,GET,/api/mixed/db/1/,3.99,247,0,
2026-05-16T16:13:49.696455,GET,/api/mixed/db/1/,4.24,247,0,
2026-05-16T16:13:49.698448,GET,/api/mixed/db/1/,3.74,247,0,
2026-05-16T16:13:49.713718,GET,/api/mixed/http/,112.39,55353,0,
2026-05-16T16:13:49.714754,GET,/api/mixed/db/1/,4.13,247,0,
2026-05-16T16:13:49.715283,GET,/api/mixed/http/,111.61,55353,0,
2026-05-16T16:13:49.730580,GET,/api/mixed/pipeline/1/,3.03,82,0,
2026-05-16T16:13:49.739122,GET,/api/mixed/http/,108.41,55353,0,
2026-05-16T16:13:49.752361,GET,/api/mixed/pipeline/1/,4.26,82,0,
2026-05-16T16:13:49.752880,GET,/api/mixed/db/1/,4.36,247,0,
2026-05-16T16:13:49.756050,GET,/api/mixed/db/1/,4.83,247,0,
2026-05-16T16:13:49.777651,GET,/api/mixed/pipeline/1/,3.18,82,0,
2026-05-16T16:13:49.782163,GET,/api/mixed/pipeline/1/,3.3,82,0,
2026-05-16T16:13:49.784363,GET,/api/mixed/db/1/,3.94,247,0,
2026-05-16T16:13:49.786706,GET,/api/mixed/pipeline/1/,3.26,82,0,
2026-05-16T16:13:49.800815,GET,/api/mixed/pipeline/1/,3.74,82,0,
2026-05-16T16:13:49.802058,GET,/api/mixed/db/1/,3.81,247,0,
2026-05-16T16:13:49.849621,GET,/api/mixed/http/,108.15,55353,0,
2026-05-16T16:13:49.867115,GET,/api/mixed/http/,108.85,55353,0,
2026-05-16T16:13:49.875769,GET,/api/mixed/http/,107.9,55353,0,
2026-05-16T16:13:49.890455,GET,/api/mixed/pipeline/1/,3.42,82,0,
2026-05-16T16:13:49.892877,GET,/api/mixed/pipeline/1/,3.32,82,0,
2026-05-16T16:13:49.895724,GET,/api/mixed/pipeline/1/,2.72,82,0,
2026-05-16T16:13:49.915013,GET,/api/mixed/http/,108.63,55353,0,
2026-05-16T16:13:49.922816,GET,/api/mixed/http/,108.69,55353,0,
2026-05-16T16:13:49.926996,GET,/api/mixed/pipeline/1/,2.82,82,0,
2026-05-16T16:13:49.944865,GET,/api/mixed/db/1/,3.85,247,0,
2026-05-16T16:13:49.964242,GET,/api/mixed/db/1/,4.01,247,0,
2026-05-16T16:13:49.976909,GET,/api/mixed/pipeline/1/,3.33,82,0,
2026-05-16T16:13:49.978742,GET,/api/mixed/pipeline/1/,2.77,82,0,
2026-05-16T16:13:49.988621,GET,/api/mixed/pipeline/1/,2.6,82,0,
2026-05-16T16:13:49.997295,GET,/api/mixed/db/1/,4.08,247,0,
2026-05-16T16:13:50.025795,GET,/api/mixed/pipeline/1/,4.1,82,0,
2026-05-16T16:13:50.041436,GET,/api/mixed/http/,110.06,55353,0,
2026-05-16T16:13:50.050032,GET,/api/mixed/pipeline/1/,4.51,82,0,
2026-05-16T16:13:50.063474,GET,/api/mixed/pipeline/1/,3.2,82,0,
2026-05-16T16:13:50.089655,GET,/api/mixed/pipeline/1/,3.3,82,0,
2026-05-16T16:13:50.096880,GET,/api/mixed/pipeline/1/,4.0,82,0,
2026-05-16T16:13:50.097479,GET,/api/mixed/http/,108.75,55353,0,
2026-05-16T16:13:50.133283,GET,/api/mixed/http/,108.6,55353,0,
2026-05-16T16:13:50.139346,GET,/api/mixed/db/1/,4.75,247,0,
2026-05-16T16:13:50.142864,GET,/api/mixed/db/1/,4.61,247,0,
2026-05-16T16:13:50.143852,GET,/api/mixed/http/,108.2,55353,0,
2026-05-16T16:13:50.149970,GET,/api/mixed/http/,111.04,55353,0,
2026-05-16T16:13:50.150492,GET,/api/mixed/pipeline/1/,4.0,82,0,
2026-05-16T16:13:50.151541,GET,/api/mixed/db/1/,6.47,247,0,
2026-05-16T16:13:50.155772,GET,/api/mixed/http/,108.87,55353,0,
2026-05-16T16:13:50.176569,GET,/api/mixed/http/,108.67,55353,0,
2026-05-16T16:13:50.178022,GET,/api/mixed/db/1/,5.42,247,0,
2026-05-16T16:13:50.179200,GET,/api/mixed/db/1/,5.23,247,0,
2026-05-16T16:13:50.190695,GET,/api/mixed/http/,108.1,55353,0,
2026-05-16T16:13:50.205138,GET,/api/mixed/http/,109.57,55353,0,
2026-05-16T16:13:50.207253,GET,/api/mixed/pipeline/1/,3.31,82,0,
2026-05-16T16:13:50.212870,GET,/api/mixed/db/1/,5.49,247,0,
2026-05-16T16:13:50.216901,GET,/api/mixed/db/1/,5.96,247,0,
2026-05-16T16:13:50.237877,GET,/api/mixed/pipeline/1/,3.43,82,0,
2026-05-16T16:13:50.259299,GET,/api/mixed/http/,108.69,55353,0,
2026-05-16T16:13:50.273609,GET,/api/mixed/db/1/,5.07,247,0,
2026-05-16T16:13:50.276341,GET,/api/mixed/pipeline/1/,4.15,82,0,
2026-05-16T16:13:50.277597,GET,/api/mixed/http/,110.52,55353,0,
2026-05-16T16:13:50.278403,GET,/api/mixed/http/,110.19,55353,0,
2026-05-16T16:13:50.281749,GET,/api/mixed/pipeline/1/,5.27,82,0,
2026-05-16T16:13:50.282996,GET,/api/mixed/pipeline/1/,4.3,82,0,
2026-05-16T16:13:50.284047,GET,/api/mixed/pipeline/1/,4.24,82,0,
2026-05-16T16:13:50.290027,GET,/api/mixed/db/1/,4.6,247,0,
2026-05-16T16:13:50.296654,GET,/api/mixed/db/1/,5.24,247,0,
2026-05-16T16:13:50.309339,GET,/api/mixed/pipeline/1/,3.93,82,0,
2026-05-16T16:13:50.310710,GET,/api/mixed/pipeline/1/,3.35,82,0,
2026-05-16T16:13:50.311408,GET,/api/mixed/db/1/,5.02,247,0,
2026-05-16T16:13:50.321013,GET,/api/mixed/db/1/,4.35,247,0,
2026-05-16T16:13:50.322174,GET,/api/mixed/http/,110.64,55353,0,
2026-05-16T16:13:50.322710,GET,/api/mixed/http/,108.89,55353,0,
2026-05-16T16:13:50.352176,GET,/api/mixed/pipeline/1/,3.47,82,0,
2026-05-16T16:13:50.354300,GET,/api/mixed/http/,109.14,55353,0,
2026-05-16T16:13:50.365827,GET,/api/mixed/pipeline/1/,4.3,82,0,
2026-05-16T16:13:50.372791,GET,/api/mixed/pipeline/1/,3.72,82,0,
2026-05-16T16:13:50.377977,GET,/api/mixed/pipeline/1/,3.24,82,0,
2026-05-16T16:13:50.401182,GET,/api/mixed/http/,108.69,55353,0,
2026-05-16T16:13:50.401822,GET,/api/mixed/db/1/,4.32,247,0,
2026-05-16T16:13:50.402281,GET,/api/mixed/db/1/,5.37,247,0,
2026-05-16T16:13:50.412791,GET,/api/mixed/http/,108.87,55353,0,
2026-05-16T16:13:50.413266,GET,/api/mixed/pipeline/1/,3.79,82,0,
2026-05-16T16:13:50.427105,GET,/api/mixed/db/1/,4.63,247,0,
2026-05-16T16:13:50.455125,GET,/api/mixed/http/,109.22,55353,0,
2026-05-16T16:13:50.456679,GET,/api/mixed/http/,109.25,55353,0,
2026-05-16T16:13:50.461303,GET,/api/mixed/pipeline/1/,4.37,82,0,
2026-05-16T16:13:50.461962,GET,/api/mixed/http/,109.63,55353,0,
2026-05-16T16:13:50.473432,GET,/api/mixed/pipeline/1/,4.38,82,0,
2026-05-16T16:13:50.474040,GET,/api/mixed/db/1/,6.63,247,0,
2026-05-16T16:13:50.480691,GET,/api/mixed/http/,108.93,55353,0,
2026-05-16T16:13:50.493013,GET,/api/mixed/http/,108.75,55353,0,
2026-05-16T16:13:50.543056,GET,/api/mixed/db/1/,9.11,247,0,
2026-05-16T16:13:50.546110,GET,/api/mixed/pipeline/1/,9.25,82,0,
2026-05-16T16:13:50.548085,GET,/api/mixed/db/1/,6.56,247,0,
2026-05-16T16:13:50.548525,GET,/api/mixed/db/1/,9.49,247,0,
2026-05-16T16:13:50.561800,GET,/api/mixed/db/1/,5.03,247,0,
2026-05-16T16:13:50.562353,GET,/api/mixed/db/1/,6.54,247,0,
2026-05-16T16:13:50.575730,GET,/api/mixed/db/1/,6.06,247,0,
2026-05-16T16:13:50.578433,GET,/api/mixed/pipeline/1/,4.12,82,0,
2026-05-16T16:13:50.583058,GET,/api/mixed/db/1/,4.46,247,0,
2026-05-16T16:13:50.583565,GET,/api/mixed/http/,112.1,55353,0,
2026-05-16T16:13:50.595250,GET,/api/mixed/pipeline/1/,3.7,82,0,
2026-05-16T16:13:50.610088,GET,/api/mixed/db/1/,6.74,247,0,
2026-05-16T16:13:50.610939,GET,/api/mixed/pipeline/1/,5.4,82,0,
2026-05-16T16:13:50.614683,GET,/api/mixed/db/1/,6.06,247,0,
2026-05-16T16:13:50.618047,GET,/api/mixed/pipeline/1/,4.44,82,0,
2026-05-16T16:13:50.626081,GET,/api/mixed/http/,108.81,55353,0,
2026-05-16T16:13:50.652732,GET,/api/mixed/http/,112.24,55353,0,
2026-05-16T16:13:50.688382,GET,/api/mixed/db/1/,7.08,247,0,
2026-05-16T16:13:50.692509,GET,/api/mixed/pipeline/1/,3.48,82,0,
2026-05-16T16:13:50.693207,GET,/api/mixed/pipeline/1/,4.68,82,0,
2026-05-16T16:13:50.696919,GET,/api/mixed/http/,111.07,55353,0,
2026-05-16T16:13:50.708321,GET,/api/mixed/http/,109.81,55353,0,
2026-05-16T16:13:50.708783,GET,/api/mixed/pipeline/1/,3.59,82,0,
2026-05-16T16:13:50.746863,GET,/api/mixed/http/,109.49,55353,0,
2026-05-16T16:13:50.753051,GET,/api/mixed/db/1/,6.0,247,0,
2026-05-16T16:13:50.759761,GET,/api/mixed/pipeline/1/,3.28,82,0,
2026-05-16T16:13:50.793912,GET,/api/mixed/db/1/,4.75,247,0,
2026-05-16T16:13:50.797226,GET,/api/mixed/http/,109.92,55353,0,
2026-05-16T16:13:50.831791,GET,/api/mixed/db/1/,5.86,247,0,
2026-05-16T16:13:50.835547,GET,/api/mixed/pipeline/1/,3.63,82,0,
2026-05-16T16:13:50.868481,GET,/api/mixed/pipeline/1/,4.67,82,0,
2026-05-16T16:13:50.872906,GET,/api/mixed/db/1/,5.51,247,0,
2026-05-16T16:13:50.878447,GET,/api/mixed/pipeline/1/,3.23,82,0,
2026-05-16T16:13:50.889849,GET,/api/mixed/http/,109.67,55353,0,
2026-05-16T16:13:50.891176,GET,/api/mixed/http/,109.26,55353,0,
2026-05-16T16:13:50.892895,GET,/api/mixed/pipeline/1/,4.59,82,0,
2026-05-16T16:13:50.896885,GET,/api/mixed/db/1/,5.09,247,0,
2026-05-16T16:13:50.908387,GET,/api/mixed/http/,108.92,55353,0,
2026-05-16T16:13:50.942948,GET,/api/mixed/db/1/,4.17,247,0,
2026-05-16T16:13:50.956234,GET,/api/mixed/db/1/,4.06,247,0,
2026-05-16T16:13:50.961981,GET,/api/mixed/http/,109.03,55353,0,
2026-05-16T16:13:50.966677,GET,/api/mixed/db/1/,6.22,247,0,
2026-05-16T16:13:50.992265,GET,/api/mixed/pipeline/1/,3.32,82,0,
2026-05-16T16:13:51.002870,GET,/api/mixed/pipeline/1/,3.68,82,0,
2026-05-16T16:13:51.030668,GET,/api/mixed/pipeline/1/,4.28,82,0,
2026-05-16T16:13:51.047213,GET,/api/mixed/db/1/,5.25,247,0,
2026-05-16T16:13:51.051523,GET,/api/mixed/pipeline/1/,3.05,82,0,
2026-05-16T16:13:51.067156,GET,/api/mixed/pipeline/1/,3.82,82,0,
2026-05-16T16:13:51.067573,GET,/api/mixed/db/1/,4.81,247,0,
2026-05-16T16:13:51.075413,GET,/api/mixed/db/1/,4.57,247,0,
2026-05-16T16:13:51.104732,GET,/api/mixed/pipeline/1/,3.23,82,0,
2026-05-16T16:13:51.107251,GET,/api/mixed/http/,108.7,55353,0,
2026-05-16T16:13:51.112979,GET,/api/mixed/db/1/,4.35,247,0,
2026-05-16T16:13:51.117121,GET,/api/mixed/pipeline/1/,2.75,82,0,
2026-05-16T16:13:51.135887,GET,/api/mixed/pipeline/1/,3.41,82,0,
2026-05-16T16:13:51.136298,GET,/api/mixed/pipeline/1/,3.18,82,0,
2026-05-16T16:13:51.140341,GET,/api/mixed/pipeline/1/,2.7,82,0,
2026-05-16T16:13:51.180893,GET,/api/mixed/pipeline/1/,3.74,82,0,
2026-05-16T16:13:51.188025,GET,/api/mixed/pipeline/1/,2.91,82,0,
2026-05-16T16:13:51.188484,GET,/api/mixed/http/,107.81,55353,0,
2026-05-16T16:13:51.208146,GET,/api/mixed/pipeline/1/,4.37,82,0,
2026-05-16T16:13:51.208714,GET,/api/mixed/db/1/,4.46,247,0,
2026-05-16T16:13:51.209214,GET,/api/mixed/db/1/,3.96,247,0,
2026-05-16T16:13:51.221849,GET,/api/mixed/db/1/,4.37,247,0,
2026-05-16T16:13:51.222260,GET,/api/mixed/db/1/,4.32,247,0,
2026-05-16T16:13:51.234279,GET,/api/mixed/pipeline/1/,3.58,82,0,
2026-05-16T16:13:51.234760,GET,/api/mixed/db/1/,5.0,247,0,
2026-05-16T16:13:51.235133,GET,/api/mixed/db/1/,4.86,247,0,
2026-05-16T16:13:51.240554,GET,/api/mixed/pipeline/1/,3.14,82,0,
2026-05-16T16:13:51.241218,GET,/api/mixed/pipeline/1/,2.6,82,0,
2026-05-16T16:13:51.251233,GET,/api/mixed/http/,107.59,55353,0,
2026-05-16T16:13:51.275188,GET,/api/mixed/pipeline/1/,2.84,82,0,
2026-05-16T16:13:51.292023,GET,/api/mixed/db/1/,4.13,247,0,
2026-05-16T16:13:51.298304,GET,/api/mixed/pipeline/1/,2.63,82,0,
2026-05-16T16:13:51.310935,GET,/api/mixed/pipeline/1/,3.45,82,0,
2026-05-16T16:13:51.313115,GET,/api/mixed/pipeline/1/,3.08,82,0,
2026-05-16T16:13:51.343809,GET,/api/mixed/db/1/,3.84,247,0,
2026-05-16T16:13:51.344202,GET,/api/mixed/pipeline/1/,4.75,82,0,
2026-05-16T16:13:51.357903,GET,/api/mixed/http/,108.45,55353,0,
2026-05-16T16:13:51.363838,GET,/api/mixed/db/1/,3.61,247,0,
2026-05-16T16:13:51.368055,GET,/api/mixed/pipeline/1/,2.89,82,0,
2026-05-16T16:13:51.374991,GET,/api/mixed/http/,108.42,55353,0,
2026-05-16T16:13:51.396171,GET,/api/mixed/http/,109.78,55353,0,
2026-05-16T16:13:51.398737,GET,/api/mixed/http/,107.9,55353,0,
2026-05-16T16:13:51.415984,GET,/api/mixed/pipeline/1/,4.03,82,0,
2026-05-16T16:13:51.420504,GET,/api/mixed/db/1/,4.36,247,0,
2026-05-16T16:13:51.458374,GET,/api/mixed/http/,108.91,55353,0,
2026-05-16T16:13:51.469525,GET,/api/mixed/pipeline/1/,4.31,82,0,
2026-05-16T16:13:51.470229,GET,/api/mixed/db/1/,5.64,247,0,
2026-05-16T16:13:51.470663,GET,/api/mixed/db/1/,5.05,247,0,
2026-05-16T16:13:51.479535,GET,/api/mixed/pipeline/1/,4.61,82,0,
2026-05-16T16:13:51.480898,GET,/api/mixed/http/,109.63,55353,0,
2026-05-16T16:13:51.483508,GET,/api/mixed/pipeline/1/,5.84,82,0,
2026-05-16T16:13:51.484018,GET,/api/mixed/http/,108.92,55353,0,
2026-05-16T16:13:51.492815,GET,/api/mixed/db/1/,4.63,247,0,
2026-05-16T16:13:51.509844,GET,/api/mixed/db/1/,4.75,247,0,
2026-05-16T16:13:51.515482,GET,/api/mixed/pipeline/1/,3.32,82,0,
2026-05-16T16:13:51.524160,GET,/api/mixed/http/,109.38,55353,0,
2026-05-16T16:13:51.527471,GET,/api/mixed/db/1/,4.69,247,0,
2026-05-16T16:13:51.549151,GET,/api/mixed/pipeline/1/,3.54,82,0,
2026-05-16T16:13:51.570520,GET,/api/mixed/http/,108.9,55353,0,
2026-05-16T16:13:51.570972,GET,/api/mixed/pipeline/1/,3.56,82,0,
2026-05-16T16:13:51.574648,GET,/api/mixed/http/,107.64,55353,0,
2026-05-16T16:13:51.586099,GET,/api/mixed/db/1/,4.07,247,0,
2026-05-16T16:13:51.595073,GET,/api/mixed/db/1/,4.71,247,0,
2026-05-16T16:13:51.598015,GET,/api/mixed/db/1/,3.99,247,0,
2026-05-16T16:13:51.622072,GET,/api/mixed/pipeline/1/,3.76,82,0,
2026-05-16T16:13:51.646714,GET,/api/mixed/http/,108.99,55353,0,
2026-05-16T16:13:51.674710,GET,/api/mixed/db/1/,5.37,247,0,
2026-05-16T16:13:51.681641,GET,/api/mixed/db/1/,4.23,247,0,
2026-05-16T16:13:51.685322,GET,/api/mixed/db/1/,5.13,247,0,
2026-05-16T16:13:51.685738,GET,/api/mixed/db/1/,5.04,247,0,
2026-05-16T16:13:51.696152,GET,/api/mixed/pipeline/1/,3.2,82,0,
2026-05-16T16:13:51.703442,GET,/api/mixed/db/1/,4.01,247,0,
2026-05-16T16:13:51.726349,GET,/api/mixed/db/1/,4.01,247,0,
2026-05-16T16:13:51.733208,GET,/api/mixed/db/1/,3.59,247,0,
2026-05-16T16:13:51.751731,GET,/api/mixed/db/1/,3.71,247,0,
2026-05-16T16:13:51.753631,GET,/api/mixed/pipeline/1/,3.3,82,0,
2026-05-16T16:13:51.763689,GET,/api/mixed/http/,108.68,55353,0,
2026-05-16T16:13:51.785942,GET,/api/mixed/http/,109.04,55353,0,
2026-05-16T16:13:51.802236,GET,/api/mixed/pipeline/1/,2.92,82,0,
2026-05-16T16:13:51.818200,GET,/api/mixed/http/,109.56,55353,0,
2026-05-16T16:13:51.819419,GET,/api/mixed/http/,107.52,55353,0,
2026-05-16T16:13:51.820118,GET,/api/mixed/http/,110.17,55353,0,
2026-05-16T16:13:51.838975,GET,/api/mixed/db/1/,4.28,247,0,
2026-05-16T16:13:51.842640,GET,/api/mixed/pipeline/1/,5.37,82,0,
2026-05-16T16:13:51.843151,GET,/api/mixed/db/1/,5.37,247,0,
2026-05-16T16:13:51.845348,GET,/api/mixed/pipeline/1/,3.69,82,0,
2026-05-16T16:13:51.845744,GET,/api/mixed/pipeline/1/,4.65,82,0,
2026-05-16T16:13:51.850059,GET,/api/mixed/http/,107.6,55353,0,
2026-05-16T16:13:51.857140,GET,/api/mixed/db/1/,3.72,247,0,
2026-05-16T16:13:51.870388,GET,/api/mixed/db/1/,4.01,247,0,
2026-05-16T16:13:51.890178,GET,/api/mixed/http/,108.27,55353,0,
2026-05-16T16:13:51.892779,GET,/api/mixed/pipeline/1/,3.63,82,0,
2026-05-16T16:13:51.893332,GET,/api/mixed/pipeline/1/,4.72,82,0,
2026-05-16T16:13:51.896231,GET,/api/mixed/db/1/,4.29,247,0,
2026-05-16T16:13:51.917113,GET,/api/mixed/http/,107.69,55353,0,
2026-05-16T16:13:51.923876,GET,/api/mixed/http/,107.97,55353,0,
2026-05-16T16:13:51.927084,GET,/api/mixed/pipeline/1/,3.1,82,0,
2026-05-16T16:13:51.932073,GET,/api/mixed/db/1/,3.65,247,0,
2026-05-16T16:13:51.975233,GET,/api/mixed/pipeline/1/,2.84,82,0,
2026-05-16T16:13:51.994201,GET,/api/mixed/db/1/,4.26,247,0,
2026-05-16T16:13:51.997370,GET,/api/mixed/db/1/,4.07,247,0,
2026-05-16T16:13:52.004342,GET,/api/mixed/db/1/,3.63,247,0,
2026-05-16T16:13:52.009302,GET,/api/mixed/pipeline/1/,2.59,82,0,
2026-05-16T16:13:52.019409,GET,/api/mixed/pipeline/1/,2.76,82,0,
2026-05-16T16:13:52.042503,GET,/api/mixed/pipeline/1/,2.97,82,0,
2026-05-16T16:13:52.053543,GET,/api/mixed/pipeline/1/,3.2,82,0,
2026-05-16T16:13:52.056472,GET,/api/mixed/http/,108.08,55353,0,
2026-05-16T16:13:52.056966,GET,/api/mixed/db/1/,4.23,247,0,
2026-05-16T16:13:52.061463,GET,/api/mixed/pipeline/1/,2.67,82,0,
2026-05-16T16:13:52.080578,GET,/api/mixed/http/,108.69,55353,0,
2026-05-16T16:13:52.084956,GET,/api/mixed/http/,107.43,55353,0,
2026-05-16T16:13:52.113407,GET,/api/mixed/db/1/,4.09,247,0,
2026-05-16T16:13:52.115178,GET,/api/mixed/pipeline/1/,3.14,82,0,
2026-05-16T16:13:52.140827,GET,/api/mixed/db/1/,4.97,247,0,
2026-05-16T16:13:52.141660,GET,/api/mixed/http/,107.82,55353,0,
2026-05-16T16:13:52.150842,GET,/api/mixed/http/,108.16,55353,0,
2026-05-16T16:13:52.158254,GET,/api/mixed/pipeline/1/,3.18,82,0,
2026-05-16T16:13:52.164764,GET,/api/mixed/http/,109.28,55353,0,
2026-05-16T16:13:52.171255,GET,/api/mixed/db/1/,7.76,247,0,
2026-05-16T16:13:52.177349,GET,/api/mixed/pipeline/1/,8.05,82,0,
2026-05-16T16:13:52.178230,GET,/api/mixed/pipeline/1/,5.45,82,0,
2026-05-16T16:13:52.192195,GET,/api/mixed/db/1/,8.63,247,0,
2026-05-16T16:13:52.196317,GET,/api/mixed/db/1/,6.16,247,0,
2026-05-16T16:13:52.208090,GET,/api/mixed/pipeline/1/,6.65,82,0,
2026-05-16T16:13:52.226260,GET,/api/mixed/http/,108.8,55353,0,
2026-05-16T16:13:52.238919,GET,/api/mixed/pipeline/1/,3.12,82,0,
2026-05-16T16:13:52.263691,GET,/api/mixed/db/1/,4.44,247,0,
2026-05-16T16:13:52.270340,GET,/api/mixed/pipeline/1/,3.96,82,0,
2026-05-16T16:13:52.271160,GET,/api/mixed/db/1/,4.12,247,0,
2026-05-16T16:13:52.279224,GET,/api/mixed/pipeline/1/,2.88,82,0,
2026-05-16T16:13:52.281698,GET,/api/mixed/http/,113.25,55353,0,
2026-05-16T16:13:52.288238,GET,/api/mixed/db/1/,4.3,247,0,
2026-05-16T16:13:52.288658,GET,/api/mixed/db/1/,3.51,247,0,
2026-05-16T16:13:52.298403,GET,/api/mixed/http/,111.37,55353,0,
2026-05-16T16:13:52.300174,GET,/api/mixed/db/1/,4.29,247,0,
2026-05-16T16:13:52.305335,GET,/api/mixed/pipeline/1/,2.87,82,0,
2026-05-16T16:13:52.312970,GET,/api/mixed/http/,112.27,55353,0,
2026-05-16T16:13:52.315143,GET,/api/mixed/pipeline/1/,3.53,82,0,
2026-05-16T16:13:52.323487,GET,/api/mixed/pipeline/1/,3.13,82,0,
2026-05-16T16:13:52.327495,GET,/api/mixed/pipeline/1/,2.78,82,0,
2026-05-16T16:13:52.358750,GET,/api/mixed/http/,108.54,55353,0,
2026-05-16T16:13:52.368054,GET,/api/mixed/http/,107.76,55353,0,
2026-05-16T16:13:52.371042,GET,/api/mixed/pipeline/1/,2.86,82,0,
2026-05-16T16:13:52.374422,GET,/api/mixed/http/,108.58,55353,0,
2026-05-16T16:13:52.384733,GET,/api/mixed/pipeline/1/,3.03,82,0,
2026-05-16T16:13:52.391728,GET,/api/mixed/http/,108.84,55353,0,
2026-05-16T16:13:52.418144,GET,/api/mixed/pipeline/1/,3.01,82,0,
2026-05-16T16:13:52.428219,GET,/api/mixed/pipeline/1/,2.74,82,0,
2026-05-16T16:13:52.435507,GET,/api/mixed/pipeline/1/,2.76,82,0,
2026-05-16T16:13:52.450743,GET,/api/mixed/http/,107.93,55353,0,
2026-05-16T16:13:52.464177,GET,/api/mixed/db/1/,4.18,247,0,
2026-05-16T16:13:52.469237,GET,/api/mixed/db/1/,3.72,247,0,
2026-05-16T16:13:52.472376,GET,/api/mixed/http/,108.36,55353,0,
2026-05-16T16:13:52.475163,GET,/api/mixed/db/1/,3.74,247,0,
2026-05-16T16:13:52.527507,GET,/api/mixed/pipeline/1/,3.0,82,0,
2026-05-16T16:13:52.569843,GET,/api/mixed/http/,109.19,55353,0,
2026-05-16T16:13:52.570320,GET,/api/mixed/pipeline/1/,7.91,82,0,
2026-05-16T16:13:52.570776,GET,/api/mixed/pipeline/1/,7.96,82,0,
2026-05-16T16:13:52.571179,GET,/api/mixed/pipeline/1/,9.17,82,0,
2026-05-16T16:13:52.571535,GET,/api/mixed/pipeline/1/,5.02,82,0,
2026-05-16T16:13:52.593233,GET,/api/mixed/http/,107.88,55353,0,
2026-05-16T16:13:52.595580,GET,/api/mixed/http/,107.59,55353,0,
2026-05-16T16:13:52.597824,GET,/api/mixed/db/1/,4.46,247,0,
2026-05-16T16:13:52.627066,GET,/api/mixed/pipeline/1/,3.08,82,0,
2026-05-16T16:13:52.635794,GET,/api/mixed/http/,108.17,55353,0,
2026-05-16T16:13:52.650184,GET,/api/mixed/pipeline/1/,3.08,82,0,
2026-05-16T16:13:52.672371,GET,/api/mixed/http/,132.27,55353,0,
2026-05-16T16:13:52.678340,GET,/api/mixed/http/,110.12,55353,0,
2026-05-16T16:13:52.678903,GET,/api/mixed/http/,115.63,55353,0,
2026-05-16T16:13:52.679337,GET,/api/mixed/http/,115.63,55353,0,
2026-05-16T16:13:52.682259,GET,/api/mixed/pipeline/1/,2.81,82,0,
2026-05-16T16:13:52.705423,GET,/api/mixed/http/,108.61,55353,0,
2026-05-16T16:13:52.722436,GET,/api/mixed/http/,108.95,55353,0,
2026-05-16T16:13:52.723460,GET,/api/mixed/http/,109.4,55353,0,
2026-05-16T16:13:52.727068,GET,/api/mixed/db/1/,4.48,247,0,
2026-05-16T16:13:52.743429,GET,/api/mixed/db/1/,3.86,247,0,
2026-05-16T16:13:52.752872,GET,/api/mixed/db/1/,4.2,247,0,
2026-05-16T16:13:52.762164,GET,/api/mixed/pipeline/1/,3.03,82,0,
2026-05-16T16:13:52.769982,GET,/api/mixed/db/1/,4.59,247,0,
2026-05-16T16:13:52.799262,GET,/api/mixed/http/,107.76,55353,0,
2026-05-16T16:13:52.810562,GET,/api/mixed/pipeline/1/,3.04,82,0,
2026-05-16T16:13:52.820354,GET,/api/mixed/http/,109.72,55353,0,
2026-05-16T16:13:52.840889,GET,/api/mixed/http/,108.64,55353,0,
2026-05-16T16:13:52.845672,GET,/api/mixed/db/1/,5.87,247,0,
2026-05-16T16:13:52.846592,GET,/api/mixed/db/1/,5.48,247,0,
2026-05-16T16:13:52.848504,GET,/api/mixed/http/,109.55,55353,0,
2026-05-16T16:13:52.851724,GET,/api/mixed/db/1/,4.91,247,0,
2026-05-16T16:13:52.853723,GET,/api/mixed/pipeline/1/,3.54,82,0,
2026-05-16T16:13:52.859998,GET,/api/mixed/pipeline/1/,2.94,82,0,
2026-05-16T16:13:52.889964,GET,/api/mixed/pipeline/1/,3.66,82,0,
2026-05-16T16:13:52.894757,GET,/api/mixed/http/,108.52,55353,0,
2026-05-16T16:13:52.895309,GET,/api/mixed/db/1/,6.34,247,0,
2026-05-16T16:13:52.897704,GET,/api/mixed/http/,108.72,55353,0,
2026-05-16T16:13:52.934756,GET,/api/mixed/db/1/,4.21,247,0,
2026-05-16T16:13:52.938903,GET,/api/mixed/db/1/,4.02,247,0,
2026-05-16T16:13:52.946968,GET,/api/mixed/pipeline/1/,3.79,82,0,
2026-05-16T16:13:52.947624,GET,/api/mixed/db/1/,3.92,247,0,
2026-05-16T16:13:52.948489,GET,/api/mixed/http/,109.46,55353,0,
2026-05-16T16:13:52.963419,GET,/api/mixed/pipeline/1/,5.72,82,0,
2026-05-16T16:13:52.964600,GET,/api/mixed/pipeline/1/,6.34,82,0,
2026-05-16T16:13:52.965523,GET,/api/mixed/db/1/,6.7,247,0,
2026-05-16T16:13:52.969979,GET,/api/mixed/pipeline/1/,3.25,82,0,
2026-05-16T16:13:52.976454,GET,/api/mixed/db/1/,5.22,247,0,
2026-05-16T16:13:52.982058,GET,/api/mixed/db/1/,4.36,247,0,
2026-05-16T16:13:52.996903,GET,/api/mixed/pipeline/1/,3.63,82,0,
2026-05-16T16:13:53.014600,GET,/api/mixed/http/,107.68,55353,0,
2026-05-16T16:13:53.069998,GET,/api/mixed/db/1/,4.19,247,0,
2026-05-16T16:13:53.081305,GET,/api/mixed/db/1/,3.92,247,0,
2026-05-16T16:13:53.102430,GET,/api/mixed/http/,107.7,55353,0,
2026-05-16T16:13:53.114135,GET,/api/mixed/pipeline/1/,3.41,82,0,
2026-05-16T16:13:53.115186,GET,/api/mixed/http/,110.03,55353,0,
2026-05-16T16:13:53.115720,GET,/api/mixed/http/,107.7,55353,0,
2026-05-16T16:13:53.120183,GET,/api/mixed/db/1/,5.9,247,0,
2026-05-16T16:13:53.120963,GET,/api/mixed/http/,108.31,55353,0,
2026-05-16T16:13:53.133499,GET,/api/mixed/http/,108.53,55353,0,
2026-05-16T16:13:53.177710,GET,/api/mixed/db/1/,4.67,247,0,
2026-05-16T16:13:53.199868,GET,/api/mixed/db/1/,4.17,247,0,
2026-05-16T16:13:53.244735,GET,/api/mixed/http/,107.96,55353,0,
2026-05-16T16:13:53.253279,GET,/api/mixed/http/,109.85,55353,0,
2026-05-16T16:13:53.255171,GET,/api/mixed/pipeline/1/,5.19,82,0,
2026-05-16T16:13:53.263756,GET,/api/mixed/db/1/,4.16,247,0,
2026-05-16T16:13:53.271116,GET,/api/mixed/pipeline/1/,2.98,82,0,
2026-05-16T16:13:53.275216,GET,/api/mixed/pipeline/1/,2.87,82,0,
2026-05-16T16:13:53.287025,GET,/api/mixed/http/,111.27,55353,0,
2026-05-16T16:13:53.287906,GET,/api/mixed/db/1/,5.41,247,0,
2026-05-16T16:13:53.291476,GET,/api/mixed/http/,111.81,55353,0,
2026-05-16T16:13:53.292346,GET,/api/mixed/http/,108.02,55353,0,
2026-05-16T16:13:53.302352,GET,/api/mixed/http/,109.21,55353,0,
2026-05-16T16:13:53.309696,GET,/api/mixed/http/,108.61,55353,0,
2026-05-16T16:13:53.310605,GET,/api/mixed/db/1/,4.01,247,0,
2026-05-16T16:13:53.322603,GET,/api/mixed/db/1/,3.91,247,0,
2026-05-16T16:13:53.347857,GET,/api/mixed/pipeline/1/,4.0,82,0,
2026-05-16T16:13:53.367273,GET,/api/mixed/db/1/,5.48,247,0,
2026-05-16T16:13:53.369571,GET,/api/mixed/pipeline/1/,3.29,82,0,
2026-05-16T16:13:53.375950,GET,/api/mixed/pipeline/1/,3.17,82,0,
2026-05-16T16:13:53.384404,GET,/api/mixed/pipeline/1/,3.09,82,0,
2026-05-16T16:13:53.395804,GET,/api/mixed/pipeline/1/,4.18,82,0,
2026-05-16T16:13:53.404901,GET,/api/mixed/http/,108.31,55353,0,
2026-05-16T16:13:53.420428,GET,/api/mixed/pipeline/1/,3.28,82,0,
2026-05-16T16:13:53.423376,GET,/api/mixed/http/,108.54,55353,0,
2026-05-16T16:13:53.426601,GET,/api/mixed/http/,109.0,55353,0,
2026-05-16T16:13:53.439388,GET,/api/mixed/pipeline/1/,3.26,82,0,
2026-05-16T16:13:53.453782,GET,/api/mixed/pipeline/1/,3.15,82,0,
2026-05-16T16:13:53.459945,GET,/api/mixed/http/,108.8,55353,0,
2026-05-16T16:13:53.460891,GET,/api/mixed/pipeline/1/,4.22,82,0,
2026-05-16T16:13:53.461358,GET,/api/mixed/db/1/,7.46,247,0,
2026-05-16T16:13:53.464616,GET,/api/mixed/db/1/,4.53,247,0,
2026-05-16T16:13:53.484174,GET,/api/mixed/pipeline/1/,3.22,82,0,
2026-05-16T16:13:53.490467,GET,/api/mixed/pipeline/1/,3.06,82,0,
2026-05-16T16:13:53.503720,GET,/api/mixed/pipeline/1/,4.41,82,0,
2026-05-16T16:13:53.504326,GET,/api/mixed/db/1/,5.57,247,0,
2026-05-16T16:13:53.504784,GET,/api/mixed/db/1/,5.06,247,0,
2026-05-16T16:13:53.516335,GET,/api/mixed/pipeline/1/,3.03,82,0,
2026-05-16T16:13:53.564052,GET,/api/mixed/http/,109.69,55353,0,
2026-05-16T16:13:53.571553,GET,/api/mixed/http/,108.32,55353,0,
2026-05-16T16:13:53.573670,GET,/api/mixed/db/1/,5.87,247,0,
2026-05-16T16:13:53.574164,GET,/api/mixed/db/1/,6.87,247,0,
2026-05-16T16:13:53.574584,GET,/api/mixed/db/1/,4.77,247,0,
2026-05-16T16:13:53.583083,GET,/api/mixed/pipeline/1/,3.31,82,0,
2026-05-16T16:13:53.587319,GET,/api/mixed/http/,109.06,55353,0,
2026-05-16T16:13:53.611549,GET,/api/mixed/http/,108.82,55353,0,
2026-05-16T16:13:53.644029,GET,/api/mixed/db/1/,4.62,247,0,
2026-05-16T16:13:53.654077,GET,/api/mixed/db/1/,4.81,247,0,
2026-05-16T16:13:53.661232,GET,/api/mixed/http/,107.56,55353,0,
2026-05-16T16:13:53.664476,GET,/api/mixed/db/1/,4.82,247,0,
2026-05-16T16:13:53.668462,GET,/api/mixed/pipeline/1/,3.8,82,0,
2026-05-16T16:13:53.685693,GET,/api/mixed/db/1/,4.98,247,0,
2026-05-16T16:13:53.702610,GET,/api/mixed/db/1/,4.15,247,0,
2026-05-16T16:13:53.703086,GET,/api/mixed/db/1/,5.2,247,0,
2026-05-16T16:13:53.709621,GET,/api/mixed/pipeline/1/,2.9,82,0,
2026-05-16T16:13:53.710307,GET,/api/mixed/db/1/,4.63,247,0,
2026-05-16T16:13:53.717713,GET,/api/mixed/pipeline/1/,3.15,82,0,
2026-05-16T16:13:53.724101,GET,/api/mixed/http/,108.17,55353,0,
2026-05-16T16:13:53.735059,GET,/api/mixed/db/1/,5.26,247,0,
2026-05-16T16:13:53.735566,GET,/api/mixed/http/,107.98,55353,0,
2026-05-16T16:13:53.735999,GET,/api/mixed/db/1/,4.47,247,0,
2026-05-16T16:13:53.752247,GET,/api/mixed/http/,109.24,55353,0,
2026-05-16T16:13:53.755286,GET,/api/mixed/db/1/,4.39,247,0,
2026-05-16T16:13:53.757019,GET,/api/mixed/http/,109.08,55353,0,
2026-05-16T16:13:53.764171,GET,/api/mixed/http/,109.97,55353,0,
2026-05-16T16:13:53.766473,GET,/api/mixed/db/1/,6.23,247,0,
2026-05-16T16:13:53.767287,GET,/api/mixed/pipeline/1/,6.46,82,0,
2026-05-16T16:13:53.768379,GET,/api/mixed/db/1/,6.15,247,0,
2026-05-16T16:13:53.770339,GET,/api/mixed/pipeline/1/,2.93,82,0,
2026-05-16T16:13:53.772723,GET,/api/mixed/http/,109.79,55353,0,
2026-05-16T16:13:53.775822,GET,/api/mixed/db/1/,4.23,247,0,
2026-05-16T16:13:53.789809,GET,/api/mixed/http/,107.75,55353,0,
2026-05-16T16:13:53.795780,GET,/api/mixed/db/1/,4.58,247,0,
2026-05-16T16:13:53.800707,GET,/api/mixed/pipeline/1/,3.69,82,0,
2026-05-16T16:13:53.804245,GET,/api/mixed/db/1/,4.43,247,0,
2026-05-16T16:13:53.814384,GET,/api/mixed/http/,109.98,55353,0,
2026-05-16T16:13:53.817580,GET,/api/mixed/db/1/,7.79,247,0,
2026-05-16T16:13:53.834668,GET,/api/mixed/http/,108.39,55353,0,
2026-05-16T16:13:53.845656,GET,/api/mixed/db/1/,4.56,247,0,
2026-05-16T16:13:53.871636,GET,/api/mixed/pipeline/1/,3.02,82,0,
2026-05-16T16:13:53.878938,GET,/api/mixed/db/1/,5.09,247,0,
2026-05-16T16:13:53.911421,GET,/api/mixed/http/,108.59,55353,0,
2026-05-16T16:13:53.923419,GET,/api/mixed/db/1/,5.71,247,0,
2026-05-16T16:13:53.944501,GET,/api/mixed/db/1/,4.14,247,0,
2026-05-16T16:13:53.948236,GET,/api/mixed/db/1/,3.62,247,0,
2026-05-16T16:13:53.963108,GET,/api/mixed/db/1/,4.06,247,0,
2026-05-16T16:13:53.970508,GET,/api/mixed/http/,108.52,55353,0,
2026-05-16T16:13:53.974061,GET,/api/mixed/pipeline/1/,4.75,82,0,
2026-05-16T16:13:53.974521,GET,/api/mixed/pipeline/1/,3.28,82,0,
2026-05-16T16:13:53.992509,GET,/api/mixed/db/1/,4.77,247,0,
2026-05-16T16:13:53.993837,GET,/api/mixed/http/,107.66,55353,0,
2026-05-16T16:13:53.995945,GET,/api/mixed/db/1/,4.45,247,0,
2026-05-16T16:13:54.002298,GET,/api/mixed/pipeline/1/,3.08,82,0,
2026-05-16T16:13:54.006828,GET,/api/mixed/http/,109.13,55353,0,
2026-05-16T16:13:54.010874,GET,/api/mixed/pipeline/1/,2.85,82,0,
2026-05-16T16:13:54.034459,GET,/api/mixed/http/,108.66,55353,0,
2026-05-16T16:13:54.040050,GET,/api/mixed/pipeline/1/,3.17,82,0,
2026-05-16T16:13:54.049382,GET,/api/mixed/pipeline/1/,3.05,82,0,
2026-05-16T16:13:54.055722,GET,/api/mixed/pipeline/1/,3.08,82,0,
2026-05-16T16:13:54.060491,GET,/api/mixed/http/,108.05,55353,0,
2026-05-16T16:13:54.096532,GET,/api/mixed/pipeline/1/,3.04,82,0,
2026-05-16T16:13:54.101452,GET,/api/mixed/pipeline/1/,3.69,82,0,
2026-05-16T16:13:54.126471,GET,/api/mixed/pipeline/1/,3.75,82,0,
2026-05-16T16:13:54.128145,GET,/api/mixed/db/1/,3.95,247,0,
2026-05-16T16:13:54.137226,GET,/api/mixed/http/,109.12,55353,0,
2026-05-16T16:13:54.144215,GET,/api/mixed/pipeline/1/,2.77,82,0,
2026-05-16T16:13:54.154576,GET,/api/mixed/db/1/,4.09,247,0,
2026-05-16T16:13:54.162855,GET,/api/mixed/db/1/,3.82,247,0,
2026-05-16T16:13:54.176003,GET,/api/mixed/db/1/,4.74,247,0,
2026-05-16T16:13:54.176485,GET,/api/mixed/db/1/,3.85,247,0,
2026-05-16T16:13:54.178700,GET,/api/mixed/pipeline/1/,3.67,82,0,
2026-05-16T16:13:54.183175,GET,/api/mixed/http/,110.34,55353,0,
2026-05-16T16:13:54.192240,GET,/api/mixed/http/,108.64,55353,0,
2026-05-16T16:13:54.193640,GET,/api/mixed/db/1/,4.17,247,0,
2026-05-16T16:13:54.226466,GET,/api/mixed/pipeline/1/,4.59,82,0,
2026-05-16T16:13:54.235034,GET,/api/mixed/http/,108.43,55353,0,
2026-05-16T16:13:54.246049,GET,/api/mixed/db/1/,4.58,247,0,
2026-05-16T16:13:54.266012,GET,/api/mixed/http/,108.27,55353,0,
2026-05-16T16:13:54.273375,GET,/api/mixed/db/1/,4.09,247,0,
2026-05-16T16:13:54.288219,GET,/api/mixed/db/1/,3.99,247,0,
2026-05-16T16:13:54.295458,GET,/api/mixed/db/1/,3.91,247,0,
2026-05-16T16:13:54.311245,GET,/api/mixed/pipeline/1/,3.52,82,0,
2026-05-16T16:13:54.315367,GET,/api/mixed/db/1/,3.99,247,0,
2026-05-16T16:13:54.331808,GET,/api/mixed/http/,108.72,55353,0,
2026-05-16T16:13:54.332625,GET,/api/mixed/http/,108.6,55353,0,
2026-05-16T16:13:54.334573,GET,/api/mixed/pipeline/1/,3.94,82,0,
2026-05-16T16:13:54.362324,GET,/api/mixed/pipeline/1/,3.33,82,0,
2026-05-16T16:13:54.366385,GET,/api/mixed/pipeline/1/,3.94,82,0,
2026-05-16T16:13:54.382842,GET,/api/mixed/db/1/,4.14,247,0,
2026-05-16T16:13:54.383474,GET,/api/mixed/http/,107.73,55353,0,
2026-05-16T16:13:54.401215,GET,/api/mixed/db/1/,4.38,247,0,
2026-05-16T16:13:54.459801,GET,/api/mixed/pipeline/1/,3.18,82,0,
2026-05-16T16:13:54.493290,GET,/api/mixed/pipeline/1/,3.17,82,0,
2026-05-16T16:13:54.502557,GET,/api/mixed/db/1/,4.47,247,0,
2026-05-16T16:13:54.509865,GET,/api/mixed/pipeline/1/,4.05,82,0,
2026-05-16T16:13:54.510428,GET,/api/mixed/db/1/,4.09,247,0,
2026-05-16T16:13:54.516354,GET,/api/mixed/pipeline/1/,3.8,82,0,
2026-05-16T16:13:54.517106,GET,/api/mixed/db/1/,4.08,247,0,
2026-05-16T16:13:54.530606,GET,/api/mixed/pipeline/1/,3.11,82,0,
2026-05-16T16:13:54.547138,GET,/api/mixed/db/1/,4.25,247,0,
2026-05-16T16:13:54.552367,GET,/api/mixed/db/1/,5.1,247,0,
2026-05-16T16:13:54.553269,GET,/api/mixed/http/,108.33,55353,0,
2026-05-16T16:13:54.558048,GET,/api/mixed/pipeline/1/,3.56,82,0,
2026-05-16T16:13:54.559859,GET,/api/mixed/db/1/,4.08,247,0,
2026-05-16T16:13:54.568198,GET,/api/mixed/pipeline/1/,2.99,82,0,
2026-05-16T16:13:54.591873,GET,/api/mixed/pipeline/1/,3.12,82,0,
2026-05-16T16:13:54.593085,GET,/api/mixed/db/1/,5.54,247,0,
2026-05-16T16:13:54.603639,GET,/api/mixed/http/,109.13,55353,0,
2026-05-16T16:13:54.607368,GET,/api/mixed/db/1/,4.85,247,0,
2026-05-16T16:13:54.607796,GET,/api/mixed/db/1/,4.04,247,0,
2026-05-16T16:13:54.613691,GET,/api/mixed/db/1/,4.68,247,0,
2026-05-16T16:13:54.639101,GET,/api/mixed/pipeline/1/,3.03,82,0,
2026-05-16T16:13:54.643413,GET,/api/mixed/pipeline/1/,2.92,82,0,
2026-05-16T16:13:54.655593,GET,/api/mixed/http/,107.88,55353,0,
2026-05-16T16:13:54.678829,GET,/api/mixed/pipeline/1/,3.21,82,0,
2026-05-16T16:13:54.712550,GET,/api/mixed/db/1/,4.59,247,0,
2026-05-16T16:13:54.717207,GET,/api/mixed/http/,107.72,55353,0,
2026-05-16T16:13:54.734763,GET,/api/mixed/db/1/,4.77,247,0,
2026-05-16T16:13:54.735210,GET,/api/mixed/db/1/,5.72,247,0,
2026-05-16T16:13:54.737211,GET,/api/mixed/pipeline/1/,3.43,82,0,
2026-05-16T16:13:54.747137,GET,/api/mixed/db/1/,4.6,247,0,
2026-05-16T16:13:54.750291,GET,/api/mixed/db/1/,4.24,247,0,
2026-05-16T16:13:54.769646,GET,/api/mixed/http/,107.72,55353,0,
2026-05-16T16:13:54.778779,GET,/api/mixed/pipeline/1/,2.87,82,0,
2026-05-16T16:13:54.783694,GET,/api/mixed/pipeline/1/,3.71,82,0,
2026-05-16T16:13:54.787646,GET,/api/mixed/http/,107.64,55353,0,
2026-05-16T16:13:54.793018,GET,/api/mixed/db/1/,4.02,247,0,
2026-05-16T16:13:54.801319,GET,/api/mixed/pipeline/1/,3.03,82,0,
2026-05-16T16:13:54.805530,GET,/api/mixed/http/,107.91,55353,0,
2026-05-16T16:13:54.815825,GET,/api/mixed/http/,108.39,55353,0,
2026-05-16T16:13:54.816332,GET,/api/mixed/http/,107.92,55353,0,
2026-05-16T16:13:54.868130,GET,/api/mixed/db/1/,4.11,247,0,
2026-05-16T16:13:54.879447,GET,/api/mixed/pipeline/1/,2.98,82,0,
2026-05-16T16:13:54.883002,GET,/api/mixed/http/,108.15,55353,0,
2026-05-16T16:13:54.889230,GET,/api/mixed/db/1/,3.9,247,0,
2026-05-16T16:13:54.895494,GET,/api/mixed/db/1/,3.88,247,0,
2026-05-16T16:13:54.907552,GET,/api/mixed/pipeline/1/,3.78,82,0,
2026-05-16T16:13:54.908150,GET,/api/mixed/pipeline/1/,3.05,82,0,
2026-05-16T16:13:54.911366,GET,/api/mixed/http/,107.78,55353,0,
2026-05-16T16:13:54.916621,GET,/api/mixed/db/1/,3.93,247,0,
2026-05-16T16:13:54.938982,GET,/api/mixed/db/1/,4.13,247,0,
2026-05-16T16:13:54.965934,GET,/api/mixed/db/1/,4.8,247,0,
2026-05-16T16:13:54.966333,GET,/api/mixed/db/1/,4.69,247,0,
2026-05-16T16:13:54.985072,GET,/api/mixed/db/1/,4.44,247,0,
2026-05-16T16:13:55.011264,GET,/api/mixed/pipeline/1/,3.56,82,0,
2026-05-16T16:13:55.026597,GET,/api/mixed/pipeline/1/,4.06,82,0,
2026-05-16T16:13:55.027317,GET,/api/mixed/db/1/,5.31,247,0,
2026-05-16T16:13:55.029362,GET,/api/mixed/pipeline/1/,3.84,82,0,
2026-05-16T16:13:55.042925,GET,/api/mixed/db/1/,4.29,247,0,
2026-05-16T16:13:55.053873,GET,/api/mixed/http/,108.63,55353,0,
2026-05-16T16:13:55.076859,GET,/api/mixed/pipeline/1/,3.61,82,0,
2026-05-16T16:13:55.079003,GET,/api/mixed/db/1/,4.27,247,0,
2026-05-16T16:13:55.088536,GET,/api/mixed/db/1/,4.17,247,0,
2026-05-16T16:13:55.092725,GET,/api/mixed/http/,108.54,55353,0,
2026-05-16T16:13:55.093971,GET,/api/mixed/pipeline/1/,4.22,82,0,
2026-05-16T16:13:55.095500,GET,/api/mixed/pipeline/1/,4.27,82,0,
2026-05-16T16:13:55.096275,GET,/api/mixed/db/1/,6.04,247,0,
2026-05-16T16:13:55.098805,GET,/api/mixed/http/,109.55,55353,0,
2026-05-16T16:13:55.101823,GET,/api/mixed/db/1/,4.24,247,0,
2026-05-16T16:13:55.117643,GET,/api/mixed/http/,108.5,55353,0,
2026-05-16T16:13:55.118825,GET,/api/mixed/pipeline/1/,3.12,82,0,
2026-05-16T16:13:55.121037,GET,/api/mixed/http/,107.58,55353,0,
2026-05-16T16:13:55.135607,GET,/api/mixed/pipeline/1/,4.33,82,0,
2026-05-16T16:13:55.136769,GET,/api/mixed/db/1/,4.36,247,0,
2026-05-16T16:13:55.139326,GET,/api/mixed/db/1/,4.71,247,0,
2026-05-16T16:13:55.165800,GET,/api/mixed/db/1/,4.18,247,0,
2026-05-16T16:13:55.192379,GET,/api/mixed/db/1/,4.34,247,0,
2026-05-16T16:13:55.203932,GET,/api/mixed/db/1/,4.11,247,0,
2026-05-16T16:13:55.224656,GET,/api/mixed/http/,109.55,55353,0,
2026-05-16T16:13:55.240577,GET,/api/mixed/http/,108.7,55353,0,
2026-05-16T16:13:55.251887,GET,/api/mixed/http/,108.32,55353,0,
2026-05-16T16:13:55.275502,GET,/api/mixed/pipeline/1/,5.65,82,0,
2026-05-16T16:13:55.291458,GET,/api/mixed/db/1/,4.63,247,0,
2026-05-16T16:13:55.367880,GET,/api/mixed/db/1/,4.78,247,0,
2026-05-16T16:13:55.370771,GET,/api/mixed/http/,109.63,55353,0,
2026-05-16T16:13:55.379773,GET,/api/mixed/http/,108.39,55353,0,
2026-05-16T16:13:55.380222,GET,/api/mixed/pipeline/1/,3.23,82,0,
2026-05-16T16:13:55.383203,GET,/api/mixed/http/,109.6,55353,0,
2026-05-16T16:13:55.385906,GET,/api/mixed/pipeline/1/,4.5,82,0,
2026-05-16T16:13:55.416652,GET,/api/mixed/http/,108.96,55353,0,
2026-05-16T16:13:55.425097,GET,/api/mixed/db/1/,4.48,247,0,
2026-05-16T16:13:55.447745,GET,/api/mixed/db/1/,4.14,247,0,
2026-05-16T16:13:55.457941,GET,/api/mixed/pipeline/1/,4.92,82,0,
2026-05-16T16:13:55.460130,GET,/api/mixed/db/1/,6.1,247,0,
2026-05-16T16:13:55.464196,GET,/api/mixed/http/,107.79,55353,0,
2026-05-16T16:13:55.475416,GET,/api/mixed/http/,108.56,55353,0,
2026-05-16T16:13:55.491161,GET,/api/mixed/http/,109.24,55353,0,
2026-05-16T16:13:55.509229,GET,/api/mixed/pipeline/1/,3.28,82,0,
2026-05-16T16:13:55.517067,GET,/api/mixed/pipeline/1/,3.59,82,0,
2026-05-16T16:13:55.523908,GET,/api/mixed/http/,108.77,55353,0,
2026-05-16T16:13:55.562652,GET,/api/mixed/db/1/,4.62,247,0,
2026-05-16T16:13:55.563235,GET,/api/mixed/http/,109.63,55353,0,
2026-05-16T16:13:55.569168,GET,/api/mixed/http/,107.84,55353,0,
2026-05-16T16:13:55.582286,GET,/api/mixed/db/1/,4.89,247,0,
2026-05-16T16:13:55.592158,GET,/api/mixed/http/,108.38,55353,0,
2026-05-16T16:13:55.601608,GET,/api/mixed/http/,108.12,55353,0,
2026-05-16T16:13:55.610697,GET,/api/mixed/db/1/,4.74,247,0,
2026-05-16T16:13:55.611394,GET,/api/mixed/pipeline/1/,3.92,82,0,
2026-05-16T16:13:55.627960,GET,/api/mixed/db/1/,4.32,247,0,
2026-05-16T16:13:55.647617,GET,/api/mixed/db/1/,4.19,247,0,
2026-05-16T16:13:55.649763,GET,/api/mixed/http/,108.5,55353,0,
2026-05-16T16:13:55.672271,GET,/api/mixed/pipeline/1/,3.22,82,0,
2026-05-16T16:13:55.689786,GET,/api/mixed/http/,108.43,55353,0,
2026-05-16T16:13:55.690302,GET,/api/mixed/pipeline/1/,3.23,82,0,
2026-05-16T16:13:55.701858,GET,/api/mixed/db/1/,4.22,247,0,
2026-05-16T16:13:55.704369,GET,/api/mixed/http/,108.0,55353,0,
2026-05-16T16:13:55.708957,GET,/api/mixed/pipeline/1/,3.35,82,0,
2026-05-16T16:13:55.714102,GET,/api/mixed/pipeline/1/,2.9,82,0,
2026-05-16T16:13:55.718203,GET,/api/mixed/db/1/,3.97,247,0,
2026-05-16T16:13:55.729925,GET,/api/mixed/pipeline/1/,4.51,82,0,
2026-05-16T16:13:55.730373,GET,/api/mixed/db/1/,6.4,247,0,
2026-05-16T16:13:55.741711,GET,/api/mixed/pipeline/1/,3.6,82,0,
2026-05-16T16:13:55.755336,GET,/api/mixed/db/1/,4.4,247,0,
2026-05-16T16:13:55.792763,GET,/api/mixed/http/,109.27,55353,0,
2026-05-16T16:13:55.796013,GET,/api/mixed/db/1/,4.36,247,0,
2026-05-16T16:13:55.817291,GET,/api/mixed/db/1/,4.53,247,0,
2026-05-16T16:13:55.819493,GET,/api/mixed/pipeline/1/,4.03,82,0,
2026-05-16T16:13:55.822789,GET,/api/mixed/pipeline/1/,3.14,82,0,
2026-05-16T16:13:55.831815,GET,/api/mixed/http/,109.34,55353,0,
2026-05-16T16:13:55.835332,GET,/api/mixed/db/1/,4.95,247,0,
2026-05-16T16:13:55.838303,GET,/api/mixed/http/,110.44,55353,0,
2026-05-16T16:13:55.852516,GET,/api/mixed/pipeline/1/,3.78,82,0,
2026-05-16T16:13:55.858877,GET,/api/mixed/db/1/,4.11,247,0,
2026-05-16T16:13:55.880303,GET,/api/mixed/db/1/,4.17,247,0,
2026-05-16T16:13:55.882389,GET,/api/mixed/http/,109.83,55353,0,
2026-05-16T16:13:55.883121,GET,/api/mixed/pipeline/1/,4.4,82,0,
2026-05-16T16:13:55.883662,GET,/api/mixed/http/,109.96,55353,0,
2026-05-16T16:13:55.886784,GET,/api/mixed/db/1/,5.73,247,0,
2026-05-16T16:13:55.887306,GET,/api/mixed/http/,109.02,55353,0,
2026-05-16T16:13:55.907037,GET,/api/mixed/http/,107.79,55353,0,
2026-05-16T16:13:55.907630,GET,/api/mixed/pipeline/1/,3.11,82,0,
2026-05-16T16:13:55.921067,GET,/api/mixed/db/1/,4.25,247,0,
2026-05-16T16:13:55.926957,GET,/api/mixed/http/,108.85,55353,0,
2026-05-16T16:13:55.930340,GET,/api/mixed/http/,107.42,55353,0,
2026-05-16T16:13:55.953467,GET,/api/mixed/db/1/,4.77,247,0,
2026-05-16T16:13:55.991859,GET,/api/mixed/pipeline/1/,3.64,82,0,
2026-05-16T16:13:55.995017,GET,/api/mixed/db/1/,4.18,247,0,
2026-05-16T16:13:56.008700,GET,/api/mixed/db/1/,4.3,247,0,
2026-05-16T16:13:56.014450,GET,/api/mixed/db/1/,4.5,247,0,
2026-05-16T16:13:56.018468,GET,/api/mixed/db/1/,3.9,247,0,
2026-05-16T16:13:56.025205,GET,/api/mixed/pipeline/1/,3.38,82,0,
2026-05-16T16:13:56.029032,GET,/api/mixed/pipeline/1/,3.64,82,0,
2026-05-16T16:13:56.033465,GET,/api/mixed/pipeline/1/,3.02,82,0,
2026-05-16T16:13:56.057608,GET,/api/mixed/http/,107.77,55353,0,
2026-05-16T16:13:56.065372,GET,/api/mixed/db/1/,4.44,247,0,
2026-05-16T16:13:56.066258,GET,/api/mixed/http/,108.58,55353,0,
2026-05-16T16:13:56.082977,GET,/api/mixed/pipeline/1/,3.34,82,0,
2026-05-16T16:13:56.098807,GET,/api/mixed/db/1/,4.55,247,0,
2026-05-16T16:13:56.128359,GET,/api/mixed/pipeline/1/,3.27,82,0,
2026-05-16T16:13:56.132232,GET,/api/mixed/pipeline/1/,3.75,82,0,
2026-05-16T16:13:56.135674,GET,/api/mixed/db/1/,4.46,247,0,
2026-05-16T16:13:56.149609,GET,/api/mixed/http/,107.91,55353,0,
2026-05-16T16:13:56.184800,GET,/api/mixed/db/1/,4.37,247,0,
2026-05-16T16:13:56.188102,GET,/api/mixed/db/1/,4.77,247,0,
2026-05-16T16:13:56.198406,GET,/api/mixed/pipeline/1/,3.06,82,0,
2026-05-16T16:13:56.198967,GET,/api/mixed/http/,108.75,55353,0,
2026-05-16T16:13:56.206419,GET,/api/mixed/db/1/,4.21,247,0,
2026-05-16T16:13:56.215374,GET,/api/mixed/pipeline/1/,5.12,82,0,
2026-05-16T16:13:56.215913,GET,/api/mixed/db/1/,5.14,247,0,
2026-05-16T16:13:56.216609,GET,/api/mixed/http/,109.52,55353,0,
2026-05-16T16:13:56.217117,GET,/api/mixed/db/1/,5.17,247,0,
2026-05-16T16:13:56.219685,GET,/api/mixed/db/1/,6.8,247,0,
2026-05-16T16:13:56.242677,GET,/api/mixed/db/1/,4.94,247,0,
2026-05-16T16:13:56.251079,GET,/api/mixed/http/,108.09,55353,0,
2026-05-16T16:13:56.262745,GET,/api/mixed/db/1/,4.37,247,0,
2026-05-16T16:13:56.288866,GET,/api/mixed/http/,109.97,55353,0,
2026-05-16T16:13:56.298694,GET,/api/mixed/pipeline/1/,3.08,82,0,
2026-05-16T16:13:56.299219,GET,/api/mixed/http/,109.77,55353,0,
2026-05-16T16:13:56.299603,GET,/api/mixed/pipeline/1/,4.52,82,0,
2026-05-16T16:13:56.315849,GET,/api/mixed/http/,108.07,55353,0,
2026-05-16T16:13:56.318253,GET,/api/mixed/http/,109.04,55353,0,
2026-05-16T16:13:56.322307,GET,/api/mixed/pipeline/1/,3.9,82,0,
2026-05-16T16:13:56.322839,GET,/api/mixed/pipeline/1/,3.13,82,0,
2026-05-16T16:13:56.335170,GET,/api/mixed/http/,109.23,55353,0,
2026-05-16T16:13:56.364163,GET,/api/mixed/pipeline/1/,3.13,82,0,
2026-05-16T16:13:56.414383,GET,/api/mixed/db/1/,4.45,247,0,
2026-05-16T16:13:56.422997,GET,/api/mixed/db/1/,4.28,247,0,
2026-05-16T16:13:56.433715,GET,/api/mixed/pipeline/1/,3.5,82,0,
2026-05-16T16:13:56.443375,GET,/api/mixed/pipeline/1/,3.95,82,0,
2026-05-16T16:13:56.453023,GET,/api/mixed/pipeline/1/,3.59,82,0,
2026-05-16T16:13:56.454410,GET,/api/mixed/http/,109.05,55353,0,
2026-05-16T16:13:56.469657,GET,/api/mixed/pipeline/1/,2.92,82,0,
2026-05-16T16:13:56.485189,GET,/api/mixed/db/1/,4.29,247,0,
2026-05-16T16:13:56.489190,GET,/api/mixed/db/1/,3.88,247,0,
2026-05-16T16:13:56.499662,GET,/api/mixed/http/,108.08,55353,0,
2026-05-16T16:13:56.504918,GET,/api/mixed/db/1/,4.01,247,0,
2026-05-16T16:13:56.513779,GET,/api/mixed/http/,109.48,55353,0,
2026-05-16T16:13:56.538389,GET,/api/mixed/db/1/,4.36,247,0,
2026-05-16T16:13:56.542918,GET,/api/mixed/http/,107.99,55353,0,
2026-05-16T16:13:56.548522,GET,/api/mixed/http/,107.81,55353,0,
2026-05-16T16:13:56.549403,GET,/api/mixed/pipeline/1/,3.23,82,0,
2026-05-16T16:13:56.552887,GET,/api/mixed/http/,108.26,55353,0,
2026-05-16T16:13:56.553560,GET,/api/mixed/pipeline/1/,2.94,82,0,
2026-05-16T16:13:56.564704,GET,/api/mixed/pipeline/1/,4.34,82,0,
2026-05-16T16:13:56.575668,GET,/api/mixed/pipeline/1/,3.6,82,0,
2026-05-16T16:13:56.590363,GET,/api/mixed/db/1/,4.33,247,0,
2026-05-16T16:13:56.592981,GET,/api/mixed/pipeline/1/,4.39,82,0,
2026-05-16T16:13:56.599890,GET,/api/mixed/pipeline/1/,3.03,82,0,
2026-05-16T16:13:56.617832,GET,/api/mixed/http/,108.7,55353,0,
2026-05-16T16:13:56.618382,GET,/api/mixed/http/,110.23,55353,0,
2026-05-16T16:13:56.618874,GET,/api/mixed/http/,110.19,55353,0,
2026-05-16T16:13:56.625805,GET,/api/mixed/db/1/,4.7,247,0,
2026-05-16T16:13:56.659111,GET,/api/mixed/db/1/,4.86,247,0,
2026-05-16T16:13:56.662217,GET,/api/mixed/pipeline/1/,2.98,82,0,
2026-05-16T16:13:56.669211,GET,/api/mixed/http/,109.41,55353,0,
2026-05-16T16:13:56.675033,GET,/api/mixed/pipeline/1/,3.51,82,0,
2026-05-16T16:13:56.702941,GET,/api/mixed/http/,108.61,55353,0,
2026-05-16T16:13:56.725472,GET,/api/mixed/pipeline/1/,3.23,82,0,
2026-05-16T16:13:56.773982,GET,/api/mixed/http/,108.59,55353,0,
2026-05-16T16:13:56.776080,GET,/api/mixed/pipeline/1/,3.35,82,0,
2026-05-16T16:13:56.788064,GET,/api/mixed/pipeline/1/,3.22,82,0,
2026-05-16T16:13:56.789073,GET,/api/mixed/http/,107.83,55353,0,
2026-05-16T16:13:56.794921,GET,/api/mixed/http/,108.11,55353,0,
2026-05-16T16:13:56.796930,GET,/api/mixed/pipeline/1/,3.64,82,0,
2026-05-16T16:13:56.811412,GET,/api/mixed/db/1/,4.22,247,0,
2026-05-16T16:13:56.819951,GET,/api/mixed/db/1/,4.27,247,0,
2026-05-16T16:13:56.833802,GET,/api/mixed/db/1/,4.44,247,0,
2026-05-16T16:13:56.851944,GET,/api/mixed/db/1/,5.84,247,0,
2026-05-16T16:13:56.852405,GET,/api/mixed/pipeline/1/,4.45,82,0,
2026-05-16T16:13:56.852890,GET,/api/mixed/pipeline/1/,3.6,82,0,
2026-05-16T16:13:56.853295,GET,/api/mixed/pipeline/1/,4.49,82,0,
2026-05-16T16:13:56.863415,GET,/api/mixed/pipeline/1/,3.74,82,0,
2026-05-16T16:13:56.887145,GET,/api/mixed/http/,108.88,55353,0,
2026-05-16T16:13:56.894066,GET,/api/mixed/pipeline/1/,3.69,82,0,
2026-05-16T16:13:56.928737,GET,/api/mixed/http/,108.64,55353,0,
2026-05-16T16:13:56.932129,GET,/api/mixed/http/,108.26,55353,0,
2026-05-16T16:13:56.935006,GET,/api/mixed/pipeline/1/,4.0,82,0,
2026-05-16T16:13:56.938027,GET,/api/mixed/db/1/,4.14,247,0,
2026-05-16T16:13:56.969518,GET,/api/mixed/db/1/,5.13,247,0,
2026-05-16T16:13:56.970305,GET,/api/mixed/http/,108.12,55353,0,
2026-05-16T16:13:56.983891,GET,/api/mixed/http/,109.64,55353,0,
2026-05-16T16:13:56.990930,GET,/api/mixed/pipeline/1/,3.6,82,0,
2026-05-16T16:13:56.994442,GET,/api/mixed/http/,109.4,55353,0,
2026-05-16T16:13:56.994956,GET,/api/mixed/db/1/,5.04,247,0,
2026-05-16T16:13:56.998155,GET,/api/mixed/pipeline/1/,2.88,82,0,
2026-05-16T16:13:56.999780,GET,/api/mixed/http/,108.84,55353,0,
2026-05-16T16:13:57.005182,GET,/api/mixed/http/,107.88,55353,0,
2026-05-16T16:13:57.012097,GET,/api/mixed/http/,107.94,55353,0,
2026-05-16T16:13:57.019511,GET,/api/mixed/http/,108.76,55353,0,
2026-05-16T16:13:57.022679,GET,/api/mixed/db/1/,4.38,247,0,
2026-05-16T16:13:57.028153,GET,/api/mixed/http/,108.46,55353,0,
2026-05-16T16:13:57.032009,GET,/api/mixed/db/1/,5.01,247,0,
2026-05-16T16:13:57.033034,GET,/api/mixed/http/,108.76,55353,0,
2026-05-16T16:13:57.061877,GET,/api/mixed/pipeline/1/,4.59,82,0,
2026-05-16T16:13:57.064263,GET,/api/mixed/pipeline/1/,3.49,82,0,
2026-05-16T16:13:57.069275,GET,/api/mixed/db/1/,3.83,247,0,
2026-05-16T16:13:57.078893,GET,/api/mixed/pipeline/1/,3.37,82,0,
2026-05-16T16:13:57.083081,GET,/api/mixed/db/1/,4.06,247,0,
2026-05-16T16:13:57.093290,GET,/api/mixed/db/1/,4.92,247,0,
2026-05-16T16:13:57.102917,GET,/api/mixed/http/,109.89,55353,0,
2026-05-16T16:13:57.113313,GET,/api/mixed/db/1/,4.17,247,0,
2026-05-16T16:13:57.127481,GET,/api/mixed/pipeline/1/,3.14,82,0,
2026-05-16T16:13:57.140740,GET,/api/mixed/pipeline/1/,4.06,82,0,
2026-05-16T16:13:57.142836,GET,/api/mixed/http/,108.45,55353,0,
2026-05-16T16:13:57.161887,GET,/api/mixed/db/1/,4.27,247,0,
2026-05-16T16:13:57.170457,GET,/api/mixed/pipeline/1/,3.31,82,0,
2026-05-16T16:13:57.227615,GET,/api/mixed/http/,108.09,55353,0,
2026-05-16T16:13:57.242114,GET,/api/mixed/pipeline/1/,3.17,82,0,
2026-05-16T16:13:57.252268,GET,/api/mixed/http/,108.17,55353,0,
2026-05-16T16:13:57.269052,GET,/api/mixed/db/1/,4.96,247,0,
2026-05-16T16:13:57.284431,GET,/api/mixed/db/1/,4.99,247,0,
2026-05-16T16:13:57.300269,GET,/api/mixed/db/1/,5.49,247,0,
2026-05-16T16:13:57.303356,GET,/api/mixed/pipeline/1/,5.02,82,0,
2026-05-16T16:13:57.306314,GET,/api/mixed/db/1/,4.84,247,0,
2026-05-16T16:13:57.316462,GET,/api/mixed/http/,108.72,55353,0,
2026-05-16T16:13:57.333206,GET,/api/mixed/pipeline/1/,4.38,82,0,
2026-05-16T16:13:57.333652,GET,/api/mixed/db/1/,5.38,247,0,
2026-05-16T16:13:57.344903,GET,/api/mixed/pipeline/1/,3.11,82,0,
2026-05-16T16:13:57.360429,GET,/api/mixed/db/1/,4.22,247,0,
2026-05-16T16:13:57.365466,GET,/api/mixed/http/,108.98,55353,0,
2026-05-16T16:13:57.380671,GET,/api/mixed/db/1/,4.84,247,0,
2026-05-16T16:13:57.384685,GET,/api/mixed/db/1/,3.88,247,0,
2026-05-16T16:13:57.392608,GET,/api/mixed/pipeline/1/,3.61,82,0,
2026-05-16T16:13:57.398554,GET,/api/mixed/db/1/,4.36,247,0,
2026-05-16T16:13:57.410478,GET,/api/mixed/http/,110.04,55353,0,
2026-05-16T16:13:57.424556,GET,/api/mixed/http/,110.03,55353,0,
2026-05-16T16:13:57.426270,GET,/api/mixed/http/,108.1,55353,0,
2026-05-16T16:13:57.430143,GET,/api/mixed/http/,109.29,55353,0,
2026-05-16T16:13:57.430790,GET,/api/mixed/pipeline/1/,3.3,82,0,
2026-05-16T16:13:57.432606,GET,/api/mixed/pipeline/1/,3.53,82,0,
2026-05-16T16:13:57.445884,GET,/api/mixed/pipeline/1/,5.03,82,0,
2026-05-16T16:13:57.447295,GET,/api/mixed/db/1/,5.08,247,0,
2026-05-16T16:13:57.447742,GET,/api/mixed/db/1/,4.47,247,0,
2026-05-16T16:13:57.467197,GET,/api/mixed/pipeline/1/,3.68,82,0,
2026-05-16T16:13:57.480019,GET,/api/mixed/pipeline/1/,3.32,82,0,
2026-05-16T16:13:57.490341,GET,/api/mixed/pipeline/1/,2.93,82,0,
2026-05-16T16:13:57.500857,GET,/api/mixed/http/,109.34,55353,0,
2026-05-16T16:13:57.507844,GET,/api/mixed/http/,108.07,55353,0,
2026-05-16T16:13:57.530366,GET,/api/mixed/pipeline/1/,3.2,82,0,
2026-05-16T16:13:57.539427,GET,/api/mixed/db/1/,5.87,247,0,
2026-05-16T16:13:57.543100,GET,/api/mixed/db/1/,5.42,247,0,
2026-05-16T16:13:57.547379,GET,/api/mixed/pipeline/1/,3.06,82,0,
2026-05-16T16:13:57.561251,GET,/api/mixed/pipeline/1/,3.64,82,0,
2026-05-16T16:13:57.561705,GET,/api/mixed/pipeline/1/,2.89,82,0,
2026-05-16T16:13:57.568432,GET,/api/mixed/http/,108.65,55353,0,
2026-05-16T16:13:57.569027,GET,/api/mixed/db/1/,4.08,247,0,
2026-05-16T16:13:57.572585,GET,/api/mixed/db/1/,5.23,247,0,
2026-05-16T16:13:57.581227,GET,/api/mixed/pipeline/1/,2.94,82,0,
2026-05-16T16:13:57.581655,GET,/api/mixed/db/1/,4.78,247,0,
2026-05-16T16:13:57.585830,GET,/api/mixed/pipeline/1/,2.99,82,0,
2026-05-16T16:13:57.591098,GET,/api/mixed/pipeline/1/,3.98,82,0,
2026-05-16T16:13:57.594859,GET,/api/mixed/http/,108.64,55353,0,
2026-05-16T16:13:57.612684,GET,/api/mixed/http/,108.62,55353,0,
2026-05-16T16:13:57.613133,GET,/api/mixed/db/1/,4.08,247,0,
2026-05-16T16:13:57.616357,GET,/api/mixed/http/,108.35,55353,0,
2026-05-16T16:13:57.627201,GET,/api/mixed/db/1/,4.44,247,0,
2026-05-16T16:13:57.630475,GET,/api/mixed/db/1/,4.34,247,0,
2026-05-16T16:13:57.639581,GET,/api/mixed/db/1/,4.86,247,0,
2026-05-16T16:13:57.642893,GET,/api/mixed/http/,108.84,55353,0,
2026-05-16T16:13:57.643425,GET,/api/mixed/http/,108.31,55353,0,
2026-05-16T16:13:57.710981,GET,/api/mixed/db/1/,4.41,247,0,
2026-05-16T16:13:57.721454,GET,/api/mixed/db/1/,4.63,247,0,
2026-05-16T16:13:57.730656,GET,/api/mixed/http/,109.06,55353,0,
2026-05-16T16:13:57.733022,GET,/api/mixed/pipeline/1/,3.52,82,0,
2026-05-16T16:13:57.750137,GET,/api/mixed/pipeline/1/,3.68,82,0,
2026-05-16T16:13:57.760921,GET,/api/mixed/http/,107.98,55353,0,
2026-05-16T16:13:57.767015,GET,/api/mixed/pipeline/1/,3.82,82,0,
2026-05-16T16:13:57.775154,GET,/api/mixed/pipeline/1/,2.81,82,0,
2026-05-16T16:13:57.782167,GET,/api/mixed/http/,108.28,55353,0,
2026-05-16T16:13:57.794749,GET,/api/mixed/db/1/,6.07,247,0,
2026-05-16T16:13:57.795322,GET,/api/mixed/db/1/,4.78,247,0,
2026-05-16T16:13:57.826033,GET,/api/mixed/http/,109.8,55353,0,
2026-05-16T16:13:57.832561,GET,/api/mixed/pipeline/1/,3.31,82,0,
2026-05-16T16:13:57.849305,GET,/api/mixed/db/1/,4.51,247,0,
2026-05-16T16:13:57.865427,GET,/api/mixed/http/,108.06,55353,0,
2026-05-16T16:13:57.869573,GET,/api/mixed/pipeline/1/,2.95,82,0,
2026-05-16T16:13:57.875918,GET,/api/mixed/pipeline/1/,4.12,82,0,
2026-05-16T16:13:57.890010,GET,/api/mixed/http/,107.71,55353,0,
2026-05-16T16:13:57.893054,GET,/api/mixed/db/1/,4.54,247,0,
2026-05-16T16:13:57.895824,GET,/api/mixed/pipeline/1/,2.66,82,0,
2026-05-16T16:13:57.898402,GET,/api/mixed/pipeline/1/,2.48,82,0,
2026-05-16T16:13:57.902294,GET,/api/mixed/http/,108.63,55353,0,
2026-05-16T16:13:57.911732,GET,/api/mixed/http/,108.77,55353,0,
2026-05-16T16:13:57.921975,GET,/api/mixed/pipeline/1/,3.02,82,0,
2026-05-16T16:13:57.972168,GET,/api/mixed/db/1/,3.85,247,0,
2026-05-16T16:13:57.980126,GET,/api/mixed/http/,107.88,55353,0,
2026-05-16T16:13:57.988899,GET,/api/mixed/http/,107.82,55353,0,
2026-05-16T16:13:58.007632,GET,/api/mixed/pipeline/1/,2.98,82,0,
2026-05-16T16:13:58.015769,GET,/api/mixed/pipeline/1/,3.81,82,0,
2026-05-16T16:13:58.016236,GET,/api/mixed/pipeline/1/,3.83,82,0,
2026-05-16T16:13:58.040015,GET,/api/mixed/http/,107.83,55353,0,
2026-05-16T16:13:58.063417,GET,/api/mixed/pipeline/1/,2.93,82,0,
2026-05-16T16:13:58.066539,GET,/api/mixed/http/,107.75,55353,0,
2026-05-16T16:13:58.107098,GET,/api/mixed/http/,107.92,55353,0,
2026-05-16T16:13:58.107512,GET,/api/mixed/pipeline/1/,2.88,82,0,
2026-05-16T16:13:58.134035,GET,/api/mixed/pipeline/1/,2.74,82,0,
2026-05-16T16:13:58.140070,GET,/api/mixed/db/1/,3.72,247,0,
2026-05-16T16:13:58.145713,GET,/api/mixed/http/,108.32,55353,0,
2026-05-16T16:13:58.169970,GET,/api/mixed/pipeline/1/,2.86,82,0,
2026-05-16T16:13:58.187302,GET,/api/mixed/db/1/,3.97,247,0,
2026-05-16T16:13:58.202514,GET,/api/mixed/db/1/,3.87,247,0,
2026-05-16T16:13:58.204388,GET,/api/mixed/http/,108.44,55353,0,
2026-05-16T16:13:58.219054,GET,/api/mixed/db/1/,4.42,247,0,
2026-05-16T16:13:58.220966,GET,/api/mixed/pipeline/1/,2.94,82,0,
2026-05-16T16:13:58.235956,GET,/api/mixed/http/,108.23,55353,0,
2026-05-16T16:13:58.238481,GET,/api/mixed/pipeline/1/,3.5,82,0,
2026-05-16T16:13:58.255947,GET,/api/mixed/pipeline/1/,2.91,82,0,
2026-05-16T16:13:58.267097,GET,/api/mixed/pipeline/1/,2.82,82,0,
2026-05-16T16:13:58.293160,GET,/api/mixed/pipeline/1/,2.79,82,0,
2026-05-16T16:13:58.316890,GET,/api/mixed/pipeline/1/,2.97,82,0,
2026-05-16T16:13:58.353728,GET,/api/mixed/pipeline/1/,4.01,82,0,
2026-05-16T16:13:58.365757,GET,/api/mixed/db/1/,3.82,247,0,
2026-05-16T16:13:58.379928,GET,/api/mixed/http/,107.51,55353,0,
2026-05-16T16:13:58.390711,GET,/api/mixed/db/1/,4.5,247,0,
2026-05-16T16:13:58.394325,GET,/api/mixed/http/,108.49,55353,0,
2026-05-16T16:13:58.400449,GET,/api/mixed/pipeline/1/,3.82,82,0,
2026-05-16T16:13:58.413598,GET,/api/mixed/http/,115.18,55353,0,
2026-05-16T16:13:58.425095,GET,/api/mixed/db/1/,6.47,247,0,
2026-05-16T16:13:58.433566,GET,/api/mixed/pipeline/1/,4.23,82,0,
2026-05-16T16:13:58.438711,GET,/api/mixed/pipeline/1/,4.88,82,0,
2026-05-16T16:13:58.441263,GET,/api/mixed/http/,113.08,55353,0,
2026-05-16T16:13:58.446391,GET,/api/mixed/pipeline/1/,7.36,82,0,
2026-05-16T16:13:58.447039,GET,/api/mixed/pipeline/1/,4.99,82,0,
2026-05-16T16:13:58.481103,GET,/api/mixed/pipeline/1/,3.81,82,0,
2026-05-16T16:13:58.481807,GET,/api/mixed/db/1/,3.96,247,0,
2026-05-16T16:13:58.490263,GET,/api/mixed/pipeline/1/,3.21,82,0,
2026-05-16T16:13:58.495015,GET,/api/mixed/pipeline/1/,3.35,82,0,
2026-05-16T16:13:58.520859,GET,/api/mixed/http/,109.15,55353,0,
2026-05-16T16:13:58.521274,GET,/api/mixed/pipeline/1/,3.69,82,0,
2026-05-16T16:13:58.538863,GET,/api/mixed/db/1/,4.37,247,0,
2026-05-16T16:13:58.542819,GET,/api/mixed/pipeline/1/,2.71,82,0,
2026-05-16T16:13:58.573442,GET,/api/mixed/http/,107.86,55353,0,
2026-05-16T16:13:58.575316,GET,/api/mixed/pipeline/1/,3.27,82,0,
2026-05-16T16:13:58.589441,GET,/api/mixed/pipeline/1/,3.63,82,0,
2026-05-16T16:13:58.599830,GET,/api/mixed/pipeline/1/,3.33,82,0,
2026-05-16T16:13:58.602042,GET,/api/mixed/http/,108.03,55353,0,
2026-05-16T16:13:58.613384,GET,/api/mixed/http/,107.84,55353,0,
2026-05-16T16:13:58.619674,GET,/api/mixed/http/,107.48,55353,0,
2026-05-16T16:13:58.625340,GET,/api/mixed/db/1/,4.34,247,0,
2026-05-16T16:13:58.638345,GET,/api/mixed/db/1/,4.73,247,0,
2026-05-16T16:13:58.641405,GET,/api/mixed/db/1/,4.19,247,0,
2026-05-16T16:13:58.656533,GET,/api/mixed/db/1/,4.13,247,0,
2026-05-16T16:13:58.660661,GET,/api/mixed/pipeline/1/,2.78,82,0,
2026-05-16T16:13:58.674306,GET,/api/mixed/http/,108.24,55353,0,
2026-05-16T16:13:58.686890,GET,/api/mixed/http/,108.21,55353,0,
2026-05-16T16:13:58.687386,GET,/api/mixed/http/,107.77,55353,0,
2026-05-16T16:13:58.696674,GET,/api/mixed/http/,108.13,55353,0,
2026-05-16T16:13:58.724378,GET,/api/mixed/http/,107.76,55353,0,
2026-05-16T16:13:58.732573,GET,/api/mixed/http/,108.15,55353,0,
2026-05-16T16:13:58.751720,GET,/api/mixed/http/,108.96,55353,0,
2026-05-16T16:13:58.779601,GET,/api/mixed/pipeline/1/,4.12,82,0,
2026-05-16T16:13:58.780304,GET,/api/mixed/db/1/,4.31,247,0,
2026-05-16T16:13:58.783379,GET,/api/mixed/db/1/,4.65,247,0,
2026-05-16T16:13:58.787962,GET,/api/mixed/http/,108.3,55353,0,
2026-05-16T16:13:58.793081,GET,/api/mixed/pipeline/1/,2.95,82,0,
2026-05-16T16:13:58.800618,GET,/api/mixed/http/,108.07,55353,0,
2026-05-16T16:13:58.804650,GET,/api/mixed/pipeline/1/,2.81,82,0,
2026-05-16T16:13:58.833642,GET,/api/mixed/pipeline/1/,3.08,82,0,
2026-05-16T16:13:58.842775,GET,/api/mixed/pipeline/1/,2.92,82,0,
2026-05-16T16:13:58.853973,GET,/api/mixed/pipeline/1/,3.47,82,0,
2026-05-16T16:13:58.856131,GET,/api/mixed/pipeline/1/,3.07,82,0,
2026-05-16T16:13:58.858285,GET,/api/mixed/http/,107.73,55353,0,
2026-05-16T16:13:58.871567,GET,/api/mixed/pipeline/1/,3.07,82,0,
2026-05-16T16:13:58.883183,GET,/api/mixed/pipeline/1/,2.98,82,0,
2026-05-16T16:13:58.885242,GET,/api/mixed/db/1/,3.67,247,0,
2026-05-16T16:13:58.893734,GET,/api/mixed/pipeline/1/,2.73,82,0,
2026-05-16T16:13:58.922720,GET,/api/mixed/db/1/,3.79,247,0,
2026-05-16T16:13:58.932571,GET,/api/mixed/pipeline/1/,3.53,82,0,
2026-05-16T16:13:58.932998,GET,/api/mixed/pipeline/1/,3.51,82,0,
2026-05-16T16:13:58.937895,GET,/api/mixed/db/1/,3.7,247,0,
2026-05-16T16:13:58.938878,GET,/api/mixed/http/,109.83,55353,0,
2026-05-16T16:13:58.943893,GET,/api/mixed/db/1/,5.88,247,0,
2026-05-16T16:13:58.944443,GET,/api/mixed/db/1/,5.0,247,0,
2026-05-16T16:13:58.947000,GET,/api/mixed/pipeline/1/,5.18,82,0,
2026-05-16T16:13:58.947777,GET,/api/mixed/db/1/,5.38,247,0,
2026-05-16T16:13:58.948183,GET,/api/mixed/db/1/,5.32,247,0,
2026-05-16T16:13:58.955038,GET,/api/mixed/http/,108.07,55353,0,
2026-05-16T16:13:58.965873,GET,/api/mixed/db/1/,4.48,247,0,
2026-05-16T16:13:58.974021,GET,/api/mixed/pipeline/1/,2.75,82,0,
2026-05-16T16:13:58.981326,GET,/api/mixed/http/,108.42,55353,0,
2026-05-16T16:13:58.981989,GET,/api/mixed/http/,107.52,55353,0,
2026-05-16T16:13:58.982435,GET,/api/mixed/http/,108.38,55353,0,
2026-05-16T16:13:58.993537,GET,/api/mixed/db/1/,3.93,247,0,
2026-05-16T16:13:58.995082,GET,/api/mixed/http/,107.51,55353,0,
2026-05-16T16:13:59.014203,GET,/api/mixed/db/1/,3.95,247,0,
2026-05-16T16:13:59.015255,GET,/api/mixed/http/,108.32,55353,0,
2026-05-16T16:13:59.022023,GET,/api/mixed/pipeline/1/,3.09,82,0,
2026-05-16T16:13:59.022664,GET,/api/mixed/db/1/,4.23,247,0,
2026-05-16T16:13:59.023641,GET,/api/mixed/http/,108.14,55353,0,
2026-05-16T16:13:59.027342,GET,/api/mixed/db/1/,4.56,247,0,
2026-05-16T16:13:59.040738,GET,/api/mixed/db/1/,4.03,247,0,
2026-05-16T16:13:59.041150,GET,/api/mixed/pipeline/1/,3.02,82,0,
2026-05-16T16:13:59.047225,GET,/api/mixed/db/1/,3.76,247,0,
2026-05-16T16:13:59.070354,GET,/api/mixed/http/,107.62,55353,0,
2026-05-16T16:13:59.097473,GET,/api/mixed/pipeline/1/,3.18,82,0,
2026-05-16T16:13:59.107736,GET,/api/mixed/pipeline/1/,2.92,82,0,
2026-05-16T16:13:59.118315,GET,/api/mixed/db/1/,4.43,247,0,
2026-05-16T16:13:59.120778,GET,/api/mixed/pipeline/1/,3.38,82,0,
2026-05-16T16:13:59.129352,GET,/api/mixed/db/1/,4.26,247,0,
2026-05-16T16:13:59.129759,GET,/api/mixed/pipeline/1/,3.69,82,0,
2026-05-16T16:13:59.140578,GET,/api/mixed/db/1/,5.64,247,0,
2026-05-16T16:13:59.154168,GET,/api/mixed/pipeline/1/,3.35,82,0,
2026-05-16T16:13:59.154653,GET,/api/mixed/pipeline/1/,2.82,82,0,
2026-05-16T16:13:59.173152,GET,/api/mixed/db/1/,4.13,247,0,
2026-05-16T16:13:59.183482,GET,/api/mixed/http/,107.76,55353,0,
2026-05-16T16:13:59.244049,GET,/api/mixed/http/,108.65,55353,0,
2026-05-16T16:13:59.247377,GET,/api/mixed/db/1/,5.15,247,0,
2026-05-16T16:13:59.256680,GET,/api/mixed/db/1/,3.96,247,0,
2026-05-16T16:13:59.267573,GET,/api/mixed/db/1/,4.68,247,0,
2026-05-16T16:13:59.267984,GET,/api/mixed/db/1/,4.62,247,0,
2026-05-16T16:13:59.273355,GET,/api/mixed/db/1/,4.05,247,0,
2026-05-16T16:13:59.295463,GET,/api/mixed/http/,107.63,55353,0,
2026-05-16T16:13:59.317146,GET,/api/mixed/pipeline/1/,2.93,82,0,
2026-05-16T16:13:59.345460,GET,/api/mixed/db/1/,4.11,247,0,
2026-05-16T16:13:59.352413,GET,/api/mixed/http/,109.57,55353,0,
2026-05-16T16:13:59.375078,GET,/api/mixed/pipeline/1/,5.24,82,0,
2026-05-16T16:13:59.377280,GET,/api/mixed/pipeline/1/,3.46,82,0,
2026-05-16T16:13:59.377741,GET,/api/mixed/pipeline/1/,4.5,82,0,
2026-05-16T16:13:59.384425,GET,/api/mixed/http/,109.69,55353,0,
2026-05-16T16:13:59.386372,GET,/api/mixed/http/,110.39,55353,0,
2026-05-16T16:13:59.393341,GET,/api/mixed/http/,107.85,55353,0,
2026-05-16T16:13:59.409793,GET,/api/mixed/pipeline/1/,3.06,82,0,
2026-05-16T16:13:59.417299,GET,/api/mixed/http/,109.55,55353,0,
2026-05-16T16:13:59.452128,GET,/api/mixed/pipeline/1/,3.81,82,0,
2026-05-16T16:13:59.476687,GET,/api/mixed/db/1/,4.78,247,0,
2026-05-16T16:13:59.479696,GET,/api/mixed/http/,111.02,55353,0,
2026-05-16T16:13:59.480295,GET,/api/mixed/pipeline/1/,2.89,82,0,
2026-05-16T16:13:59.480722,GET,/api/mixed/pipeline/1/,3.89,82,0,
2026-05-16T16:13:59.483108,GET,/api/mixed/http/,111.64,55353,0,
2026-05-16T16:13:59.494220,GET,/api/mixed/pipeline/1/,3.82,82,0,
2026-05-16T16:13:59.509970,GET,/api/mixed/pipeline/1/,3.53,82,0,
2026-05-16T16:13:59.520621,GET,/api/mixed/pipeline/1/,3.32,82,0,
2026-05-16T16:13:59.533258,GET,/api/mixed/db/1/,4.26,247,0,
2026-05-16T16:13:59.555413,GET,/api/mixed/pipeline/1/,3.18,82,0,
2026-05-16T16:13:59.556154,GET,/api/mixed/db/1/,4.49,247,0,
2026-05-16T16:13:59.560532,GET,/api/mixed/pipeline/1/,3.19,82,0,
2026-05-16T16:13:59.571470,GET,/api/mixed/http/,111.32,55353,0,
2026-05-16T16:13:59.575475,GET,/api/mixed/http/,112.16,55353,0,
2026-05-16T16:13:59.577934,GET,/api/mixed/pipeline/1/,3.55,82,0,
2026-05-16T16:13:59.585028,GET,/api/mixed/pipeline/1/,2.9,82,0,
2026-05-16T16:13:59.593963,GET,/api/mixed/pipeline/1/,3.74,82,0,
2026-05-16T16:13:59.596250,GET,/api/mixed/pipeline/1/,3.19,82,0,
2026-05-16T16:13:59.599141,GET,/api/mixed/http/,107.64,55353,0,
2026-05-16T16:13:59.613436,GET,/api/mixed/db/1/,4.14,247,0,
2026-05-16T16:13:59.626431,GET,/api/mixed/http/,107.85,55353,0,
2026-05-16T16:13:59.633252,GET,/api/mixed/db/1/,5.4,247,0,
2026-05-16T16:13:59.649204,GET,/api/mixed/pipeline/1/,3.08,82,0,
2026-05-16T16:13:59.669579,GET,/api/mixed/db/1/,4.75,247,0,
2026-05-16T16:13:59.670022,GET,/api/mixed/db/1/,4.67,247,0,
2026-05-16T16:13:59.718098,GET,/api/mixed/pipeline/1/,3.07,82,0,
2026-05-16T16:13:59.737536,GET,/api/mixed/pipeline/1/,5.14,82,0,
2026-05-16T16:13:59.747373,GET,/api/mixed/http/,108.95,55353,0,
2026-05-16T16:13:59.768715,GET,/api/mixed/pipeline/1/,5.82,82,0,
2026-05-16T16:13:59.787641,GET,/api/mixed/http/,112.35,55353,0,
2026-05-16T16:13:59.807120,GET,/api/mixed/pipeline/1/,3.03,82,0,
2026-05-16T16:13:59.813264,GET,/api/mixed/db/1/,3.78,247,0,
2026-05-16T16:13:59.816463,GET,/api/mixed/db/1/,4.55,247,0,
2026-05-16T16:13:59.821695,GET,/api/mixed/pipeline/1/,3.09,82,0,
2026-05-16T16:13:59.832947,GET,/api/mixed/pipeline/1/,3.08,82,0,
2026-05-16T16:13:59.867521,GET,/api/mixed/http/,108.69,55353,0,
2026-05-16T16:13:59.890726,GET,/api/mixed/db/1/,4.26,247,0,
2026-05-16T16:13:59.904884,GET,/api/mixed/pipeline/1/,3.23,82,0,
2026-05-16T16:13:59.905988,GET,/api/mixed/db/1/,4.88,247,0,
2026-05-16T16:13:59.911168,GET,/api/mixed/pipeline/1/,3.04,82,0,
2026-05-16T16:13:59.923769,GET,/api/mixed/db/1/,4.62,247,0,
2026-05-16T16:13:59.925812,GET,/api/mixed/pipeline/1/,3.14,82,0,
2026-05-16T16:13:59.926278,GET,/api/mixed/http/,108.41,55353,0,
2026-05-16T16:13:59.935739,GET,/api/mixed/db/1/,4.74,247,0,
2026-05-16T16:13:59.936185,GET,/api/mixed/db/1/,5.7,247,0,
2026-05-16T16:13:59.936560,GET,/api/mixed/db/1/,4.11,247,0,
2026-05-16T16:13:59.950819,GET,/api/mixed/db/1/,5.53,247,0,
2026-05-16T16:13:59.952396,GET,/api/mixed/db/1/,5.95,247,0,
2026-05-16T16:13:59.952862,GET,/api/mixed/db/1/,4.83,247,0,
2026-05-16T16:13:59.955302,GET,/api/mixed/pipeline/1/,4.36,82,0,
2026-05-16T16:13:59.955722,GET,/api/mixed/db/1/,4.26,247,0,
2026-05-16T16:13:59.967908,GET,/api/mixed/pipeline/1/,2.96,82,0,
2026-05-16T16:13:59.979951,GET,/api/mixed/http/,109.11,55353,0,
2026-05-16T16:13:59.991372,GET,/api/mixed/pipeline/1/,3.15,82,0,
2026-05-16T16:14:00.002057,GET,/api/mixed/pipeline/1/,4.02,82,0,
2026-05-16T16:14:00.021374,GET,/api/mixed/http/,107.96,55353,0,
2026-05-16T16:14:00.036783,GET,/api/mixed/pipeline/1/,3.04,82,0,
2026-05-16T16:14:00.045416,GET,/api/mixed/http/,107.54,55353,0,
2026-05-16T16:14:00.057256,GET,/api/mixed/db/1/,4.61,247,0,
2026-05-16T16:14:00.057808,GET,/api/mixed/http/,110.91,55353,0,
2026-05-16T16:14:00.061507,GET,/api/mixed/db/1/,6.21,247,0,
2026-05-16T16:14:00.071852,GET,/api/mixed/db/1/,3.95,247,0,
2026-05-16T16:14:00.081115,GET,/api/mixed/pipeline/1/,2.91,82,0,
2026-05-16T16:14:00.107475,GET,/api/mixed/http/,108.02,55353,0,
2026-05-16T16:14:00.116537,GET,/api/mixed/db/1/,4.63,247,0,
2026-05-16T16:14:00.119530,GET,/api/mixed/pipeline/1/,3.93,82,0,
2026-05-16T16:14:00.123032,GET,/api/mixed/http/,108.59,55353,0,
2026-05-16T16:14:00.172526,GET,/api/mixed/pipeline/1/,3.08,82,0,
2026-05-16T16:14:00.183875,GET,/api/mixed/pipeline/1/,3.0,82,0,
2026-05-16T16:14:00.190731,GET,/api/mixed/db/1/,5.62,247,0,
2026-05-16T16:14:00.212167,GET,/api/mixed/pipeline/1/,3.38,82,0,
2026-05-16T16:14:00.212647,GET,/api/mixed/http/,108.3,55353,0,
2026-05-16T16:14:00.228041,GET,/api/mixed/http/,109.51,55353,0,
2026-05-16T16:14:00.246379,GET,/api/mixed/pipeline/1/,3.28,82,0,
2026-05-16T16:14:00.262480,GET,/api/mixed/db/1/,4.37,247,0,
2026-05-16T16:14:00.272301,GET,/api/mixed/pipeline/1/,4.51,82,0,
2026-05-16T16:14:00.274931,GET,/api/mixed/db/1/,5.78,247,0,
2026-05-16T16:14:00.278235,GET,/api/mixed/db/1/,4.55,247,0,
2026-05-16T16:14:00.285994,GET,/api/mixed/pipeline/1/,3.01,82,0,
2026-05-16T16:14:00.287154,GET,/api/mixed/db/1/,5.7,247,0,
2026-05-16T16:14:00.290346,GET,/api/mixed/pipeline/1/,4.23,82,0,
2026-05-16T16:14:00.306243,GET,/api/mixed/http/,109.14,55353,0,
2026-05-16T16:14:00.308374,GET,/api/mixed/pipeline/1/,3.79,82,0,
2026-05-16T16:14:00.320008,GET,/api/mixed/pipeline/1/,3.31,82,0,
2026-05-16T16:14:00.326030,GET,/api/mixed/db/1/,4.47,247,0,
2026-05-16T16:14:00.343578,GET,/api/mixed/http/,108.28,55353,0,
2026-05-16T16:14:00.357641,GET,/api/mixed/http/,109.08,55353,0,
2026-05-16T16:14:00.369237,GET,/api/mixed/pipeline/1/,5.16,82,0,
2026-05-16T16:14:00.369946,GET,/api/mixed/db/1/,5.38,247,0,
2026-05-16T16:14:00.386774,GET,/api/mixed/db/1/,5.2,247,0,
2026-05-16T16:14:00.466223,GET,/api/mixed/db/1/,4.14,247,0,
2026-05-16T16:14:00.478395,GET,/api/mixed/http/,111.01,55353,0,
2026-05-16T16:14:00.482033,GET,/api/mixed/http/,109.28,55353,0,
2026-05-16T16:14:00.484268,GET,/api/mixed/pipeline/1/,4.16,82,0,
2026-05-16T16:14:00.500996,GET,/api/mixed/http/,108.75,55353,0,
2026-05-16T16:14:00.516558,GET,/api/mixed/pipeline/1/,3.29,82,0,
2026-05-16T16:14:00.521028,GET,/api/mixed/http/,109.05,55353,0,
2026-05-16T16:14:00.535472,GET,/api/mixed/pipeline/1/,3.16,82,0,
2026-05-16T16:14:00.539945,GET,/api/mixed/http/,109.25,55353,0,
2026-05-16T16:14:00.543251,GET,/api/mixed/http/,108.78,55353,0,
2026-05-16T16:14:00.546656,GET,/api/mixed/db/1/,5.49,247,0,
2026-05-16T16:14:00.561124,GET,/api/mixed/http/,108.85,55353,0,
2026-05-16T16:14:00.566537,GET,/api/mixed/pipeline/1/,3.03,82,0,
2026-05-16T16:14:00.574189,GET,/api/mixed/http/,109.39,55353,0,
2026-05-16T16:14:00.580753,GET,/api/mixed/http/,108.83,55353,0,
2026-05-16T16:14:00.584744,GET,/api/mixed/http/,108.29,55353,0,
2026-05-16T16:14:00.586183,GET,/api/mixed/pipeline/1/,4.19,82,0,
2026-05-16T16:14:00.590088,GET,/api/mixed/pipeline/1/,5.2,82,0,
2026-05-16T16:14:00.598203,GET,/api/mixed/http/,110.55,55353,0,
2026-05-16T16:14:00.599027,GET,/api/mixed/http/,108.16,55353,0,
2026-05-16T16:14:00.599686,GET,/api/mixed/http/,110.53,55353,0,
2026-05-16T16:14:00.604044,GET,/api/mixed/http/,110.55,55353,0,
2026-05-16T16:14:00.624636,GET,/api/mixed/db/1/,5.06,247,0,
2026-05-16T16:14:00.627138,GET,/api/mixed/pipeline/1/,3.61,82,0,
2026-05-16T16:14:00.631054,GET,/api/mixed/db/1/,4.78,247,0,
2026-05-16T16:14:00.636425,GET,/api/mixed/db/1/,4.07,247,0,
2026-05-16T16:14:00.650209,GET,/api/mixed/http/,108.57,55353,0,
2026-05-16T16:14:00.668363,GET,/api/mixed/pipeline/1/,2.91,82,0,
2026-05-16T16:14:00.690149,GET,/api/mixed/http/,107.67,55353,0,
2026-05-16T16:14:00.696257,GET,/api/mixed/db/1/,3.89,247,0,
2026-05-16T16:14:00.704771,GET,/api/mixed/db/1/,4.19,247,0,
2026-05-16T16:14:00.711284,GET,/api/mixed/http/,109.39,55353,0,
2026-05-16T16:14:00.717718,GET,/api/mixed/http/,107.84,55353,0,
2026-05-16T16:14:00.718475,GET,/api/mixed/pipeline/1/,2.87,82,0,
2026-05-16T16:14:00.723553,GET,/api/mixed/pipeline/1/,3.74,82,0,
2026-05-16T16:14:00.724252,GET,/api/mixed/db/1/,4.0,247,0,
2026-05-16T16:14:00.730357,GET,/api/mixed/http/,108.17,55353,0,
2026-05-16T16:14:00.767503,GET,/api/mixed/db/1/,4.01,247,0,
2026-05-16T16:14:00.770118,GET,/api/mixed/http/,108.33,55353,0,
2026-05-16T16:14:00.776267,GET,/api/mixed/db/1/,3.83,247,0,
2026-05-16T16:14:00.776733,GET,/api/mixed/pipeline/1/,2.92,82,0,
2026-05-16T16:14:00.801663,GET,/api/mixed/db/1/,3.8,247,0,
2026-05-16T16:14:00.812908,GET,/api/mixed/http/,109.02,55353,0,
2026-05-16T16:14:00.821935,GET,/api/mixed/pipeline/1/,2.83,82,0,
2026-05-16T16:14:00.846069,GET,/api/mixed/http/,108.36,55353,0,
2026-05-16T16:14:00.870235,GET,/api/mixed/db/1/,3.96,247,0,
2026-05-16T16:14:00.885563,GET,/api/mixed/http/,107.46,55353,0,
2026-05-16T16:14:00.890062,GET,/api/mixed/http/,107.62,55353,0,
2026-05-16T16:14:00.891686,GET,/api/mixed/db/1/,3.89,247,0,
2026-05-16T16:14:00.900528,GET,/api/mixed/http/,107.55,55353,0,
2026-05-16T16:14:00.902648,GET,/api/mixed/http/,107.26,55353,0,
2026-05-16T16:14:00.915928,GET,/api/mixed/db/1/,3.93,247,0,
2026-05-16T16:14:00.917795,GET,/api/mixed/pipeline/1/,3.28,82,0,
2026-05-16T16:14:00.953157,GET,/api/mixed/http/,108.08,55353,0,
2026-05-16T16:14:00.972565,GET,/api/mixed/pipeline/1/,3.47,82,0,
2026-05-16T16:14:00.972981,GET,/api/mixed/db/1/,5.51,247,0,
2026-05-16T16:14:00.979330,GET,/api/mixed/pipeline/1/,3.03,82,0,
2026-05-16T16:14:01.020905,GET,/api/mixed/pipeline/1/,3.54,82,0,
2026-05-16T16:14:01.021332,GET,/api/mixed/pipeline/1/,2.84,82,0,
2026-05-16T16:14:01.030075,GET,/api/mixed/pipeline/1/,2.8,82,0,
2026-05-16T16:14:01.048076,GET,/api/mixed/http/,107.92,55353,0,
2026-05-16T16:14:01.048786,GET,/api/mixed/pipeline/1/,3.71,82,0,
2026-05-16T16:14:01.056218,GET,/api/mixed/db/1/,4.07,247,0,
2026-05-16T16:14:01.063251,GET,/api/mixed/db/1/,3.62,247,0,
2026-05-16T16:14:01.070657,GET,/api/mixed/db/1/,4.19,247,0,
2026-05-16T16:14:01.078543,GET,/api/mixed/http/,107.72,55353,0,
2026-05-16T16:14:01.097181,GET,/api/mixed/db/1/,4.34,247,0,
2026-05-16T16:14:01.103117,GET,/api/mixed/pipeline/1/,3.64,82,0,
2026-05-16T16:14:01.119057,GET,/api/mixed/http/,108.35,55353,0,
2026-05-16T16:14:01.120166,GET,/api/mixed/db/1/,4.84,247,0,
2026-05-16T16:14:01.130413,GET,/api/mixed/http/,107.88,55353,0,
2026-05-16T16:14:01.131369,GET,/api/mixed/pipeline/1/,3.01,82,0,
2026-05-16T16:14:01.139413,GET,/api/mixed/db/1/,3.71,247,0,
2026-05-16T16:14:01.146495,GET,/api/mixed/db/1/,3.91,247,0,
2026-05-16T16:14:01.149510,GET,/api/mixed/http/,108.08,55353,0,
2026-05-16T16:14:01.150487,GET,/api/mixed/pipeline/1/,2.73,82,0,
2026-05-16T16:14:01.153311,GET,/api/mixed/http/,107.73,55353,0,
2026-05-16T16:14:01.161743,GET,/api/mixed/pipeline/1/,3.07,82,0,
2026-05-16T16:14:01.176098,GET,/api/mixed/pipeline/1/,4.09,82,0,
2026-05-16T16:14:01.176520,GET,/api/mixed/db/1/,3.98,247,0,
2026-05-16T16:14:01.208690,GET,/api/mixed/http/,107.75,55353,0,
2026-05-16T16:14:01.217088,GET,/api/mixed/pipeline/1/,3.15,82,0,
2026-05-16T16:14:01.227517,GET,/api/mixed/pipeline/1/,3.05,82,0,
2026-05-16T16:14:01.238366,GET,/api/mixed/db/1/,4.52,247,0,
2026-05-16T16:14:01.240773,GET,/api/mixed/pipeline/1/,3.37,82,0,
2026-05-16T16:14:01.267013,GET,/api/mixed/db/1/,4.22,247,0,
2026-05-16T16:14:01.273281,GET,/api/mixed/pipeline/1/,3.43,82,0,
2026-05-16T16:14:01.321034,GET,/api/mixed/pipeline/1/,3.78,82,0,
2026-05-16T16:14:01.322355,GET,/api/mixed/db/1/,4.55,247,0,
2026-05-16T16:14:01.331949,GET,/api/mixed/pipeline/1/,3.21,82,0,
2026-05-16T16:14:01.341784,GET,/api/mixed/db/1/,5.45,247,0,
2026-05-16T16:14:01.344408,GET,/api/mixed/pipeline/1/,4.57,82,0,
2026-05-16T16:14:01.365286,GET,/api/mixed/db/1/,4.96,247,0,
2026-05-16T16:14:01.366246,GET,/api/mixed/db/1/,5.39,247,0,
2026-05-16T16:14:01.366843,GET,/api/mixed/http/,108.83,55353,0,
2026-05-16T16:14:01.369152,GET,/api/mixed/pipeline/1/,3.73,82,0,
2026-05-16T16:14:01.378462,GET,/api/mixed/http/,109.11,55353,0,
2026-05-16T16:14:01.379073,GET,/api/mixed/pipeline/1/,3.7,82,0,
2026-05-16T16:14:01.380411,GET,/api/mixed/db/1/,4.51,247,0,
2026-05-16T16:14:01.402412,GET,/api/mixed/http/,109.81,55353,0,
2026-05-16T16:14:01.418249,GET,/api/mixed/pipeline/1/,3.07,82,0,
2026-05-16T16:14:01.426498,GET,/api/mixed/http/,108.15,55353,0,
2026-05-16T16:14:01.432057,GET,/api/mixed/pipeline/1/,2.96,82,0,
2026-05-16T16:14:01.448094,GET,/api/mixed/pipeline/1/,3.1,82,0,
2026-05-16T16:14:01.454587,GET,/api/mixed/http/,107.84,55353,0,
2026-05-16T16:14:01.478938,GET,/api/mixed/db/1/,5.33,247,0,
2026-05-16T16:14:01.522905,GET,/api/mixed/db/1/,4.36,247,0,
2026-05-16T16:14:01.523434,GET,/api/mixed/http/,108.84,55353,0,
2026-05-16T16:14:01.536588,GET,/api/mixed/pipeline/1/,3.44,82,0,
2026-05-16T16:14:01.537153,GET,/api/mixed/http/,109.26,55353,0,
2026-05-16T16:14:01.542252,GET,/api/mixed/http/,107.87,55353,0,
2026-05-16T16:14:01.552859,GET,/api/mixed/pipeline/1/,3.69,82,0,
2026-05-16T16:14:01.554364,GET,/api/mixed/db/1/,4.13,247,0,
2026-05-16T16:14:01.573654,GET,/api/mixed/db/1/,4.11,247,0,
2026-05-16T16:14:01.574160,GET,/api/mixed/http/,108.35,55353,0,
2026-05-16T16:14:01.585938,GET,/api/mixed/http/,108.07,55353,0,
2026-05-16T16:14:01.590118,GET,/api/mixed/pipeline/1/,2.95,82,0,
2026-05-16T16:14:01.628267,GET,/api/mixed/pipeline/1/,3.37,82,0,
2026-05-16T16:14:01.636027,GET,/api/mixed/pipeline/1/,3.51,82,0,
2026-05-16T16:14:01.641417,GET,/api/mixed/http/,108.81,55353,0,
2026-05-16T16:14:01.644843,GET,/api/mixed/db/1/,4.52,247,0,
2026-05-16T16:14:01.651234,GET,/api/mixed/http/,107.74,55353,0,
2026-05-16T16:14:01.691648,GET,/api/mixed/http/,108.27,55353,0,
2026-05-16T16:14:01.701220,GET,/api/mixed/db/1/,4.23,247,0,
2026-05-16T16:14:01.705406,GET,/api/mixed/db/1/,4.05,247,0,
2026-05-16T16:14:01.719549,GET,/api/mixed/pipeline/1/,2.98,82,0,
2026-05-16T16:14:01.729434,GET,/api/mixed/db/1/,4.53,247,0,
2026-05-16T16:14:01.731280,GET,/api/mixed/pipeline/1/,3.8,82,0,
2026-05-16T16:14:01.732879,GET,/api/mixed/http/,108.53,55353,0,
2026-05-16T16:14:01.738186,GET,/api/mixed/pipeline/1/,3.05,82,0,
2026-05-16T16:14:01.747264,GET,/api/mixed/http/,109.99,55353,0,
2026-05-16T16:14:01.750565,GET,/api/mixed/http/,110.71,55353,0,
2026-05-16T16:14:01.751074,GET,/api/mixed/db/1/,5.61,247,0,
2026-05-16T16:14:01.800072,GET,/api/mixed/pipeline/1/,4.17,82,0,
2026-05-16T16:14:01.810736,GET,/api/mixed/pipeline/1/,3.01,82,0,
2026-05-16T16:14:01.811899,GET,/api/mixed/db/1/,4.61,247,0,
2026-05-16T16:14:01.821059,GET,/api/mixed/pipeline/1/,2.95,82,0,
2026-05-16T16:14:01.821491,GET,/api/mixed/pipeline/1/,3.92,82,0,
2026-05-16T16:14:01.821951,GET,/api/mixed/http/,108.33,55353,0,
2026-05-16T16:14:01.838944,GET,/api/mixed/http/,108.77,55353,0,
2026-05-16T16:14:01.839372,GET,/api/mixed/db/1/,4.38,247,0,
2026-05-16T16:14:01.851638,GET,/api/mixed/pipeline/1/,3.04,82,0,
2026-05-16T16:14:01.854803,GET,/api/mixed/http/,108.81,55353,0,
2026-05-16T16:14:01.857444,GET,/api/mixed/pipeline/1/,3.56,82,0,
2026-05-16T16:14:01.889064,GET,/api/mixed/pipeline/1/,4.05,82,0,
2026-05-16T16:14:01.892730,GET,/api/mixed/http/,108.42,55353,0,
2026-05-16T16:14:01.908199,GET,/api/mixed/db/1/,5.21,247,0,
2026-05-16T16:14:01.908861,GET,/api/mixed/http/,108.68,55353,0,
2026-05-16T16:14:01.912224,GET,/api/mixed/http/,107.91,55353,0,
2026-05-16T16:14:01.912880,GET,/api/mixed/http/,109.05,55353,0,
2026-05-16T16:14:01.917816,GET,/api/mixed/pipeline/1/,3.71,82,0,
2026-05-16T16:14:01.918974,GET,/api/mixed/http/,108.11,55353,0,
2026-05-16T16:14:01.919440,GET,/api/mixed/db/1/,4.3,247,0,
2026-05-16T16:14:01.932497,GET,/api/mixed/http/,108.18,55353,0,
2026-05-16T16:14:01.936138,GET,/api/mixed/http/,109.32,55353,0,
2026-05-16T16:14:01.948243,GET,/api/mixed/pipeline/1/,3.75,82,0,
2026-05-16T16:14:01.960390,GET,/api/mixed/pipeline/1/,3.76,82,0,
2026-05-16T16:14:01.966601,GET,/api/mixed/http/,107.91,55353,0,
2026-05-16T16:14:01.982872,GET,/api/mixed/db/1/,4.02,247,0,
2026-05-16T16:14:01.985053,GET,/api/mixed/http/,107.42,55353,0,
2026-05-16T16:14:01.985505,GET,/api/mixed/http/,109.0,55353,0,
2026-05-16T16:14:01.996131,GET,/api/mixed/http/,108.08,55353,0,
2026-05-16T16:14:02.007597,GET,/api/mixed/db/1/,4.09,247,0,
2026-05-16T16:14:02.014355,GET,/api/mixed/http/,108.75,55353,0,
2026-05-16T16:14:02.016374,GET,/api/mixed/pipeline/1/,3.56,82,0,
2026-05-16T16:14:02.024680,GET,/api/mixed/pipeline/1/,3.12,82,0,
2026-05-16T16:14:02.033633,GET,/api/mixed/http/,107.99,55353,0,
2026-05-16T16:14:02.064991,GET,/api/mixed/http/,107.87,55353,0,
2026-05-16T16:14:02.071992,GET,/api/mixed/http/,108.34,55353,0,
2026-05-16T16:14:02.079134,GET,/api/mixed/pipeline/1/,3.3,82,0,
2026-05-16T16:14:02.097657,GET,/api/mixed/http/,107.88,55353,0,
2026-05-16T16:14:02.098253,GET,/api/mixed/pipeline/1/,3.02,82,0,
2026-05-16T16:14:02.109104,GET,/api/mixed/pipeline/1/,3.07,82,0,
2026-05-16T16:14:02.109777,GET,/api/mixed/db/1/,4.24,247,0,
2026-05-16T16:14:02.117795,GET,/api/mixed/pipeline/1/,3.73,82,0,
2026-05-16T16:14:02.142359,GET,/api/mixed/db/1/,3.94,247,0,
2026-05-16T16:14:02.148788,GET,/api/mixed/pipeline/1/,3.22,82,0,
2026-05-16T16:14:02.149409,GET,/api/mixed/pipeline/1/,2.58,82,0,
2026-05-16T16:14:02.151314,GET,/api/mixed/http/,108.46,55353,0,
2026-05-16T16:14:02.163810,GET,/api/mixed/http/,108.44,55353,0,
2026-05-16T16:14:02.172140,GET,/api/mixed/http/,108.18,55353,0,
2026-05-16T16:14:02.173986,GET,/api/mixed/db/1/,3.96,247,0,
2026-05-16T16:14:02.177876,GET,/api/mixed/pipeline/1/,2.63,82,0,
2026-05-16T16:14:02.178694,GET,/api/mixed/http/,107.82,55353,0,
2026-05-16T16:14:02.186453,GET,/api/mixed/http/,108.17,55353,0,
2026-05-16T16:14:02.200047,GET,/api/mixed/pipeline/1/,3.13,82,0,
2026-05-16T16:14:02.230433,GET,/api/mixed/http/,108.47,55353,0,
2026-05-16T16:14:02.230884,GET,/api/mixed/db/1/,4.61,247,0,
2026-05-16T16:14:02.260497,GET,/api/mixed/db/1/,4.39,247,0,
2026-05-16T16:14:02.270001,GET,/api/mixed/db/1/,3.74,247,0,
2026-05-16T16:14:02.290602,GET,/api/mixed/http/,107.67,55353,0,
2026-05-16T16:14:02.306189,GET,/api/mixed/pipeline/1/,4.17,82,0,
2026-05-16T16:14:02.314029,GET,/api/mixed/db/1/,4.67,247,0,
2026-05-16T16:14:02.314498,GET,/api/mixed/db/1/,4.08,247,0,
2026-05-16T16:14:02.335792,GET,/api/mixed/db/1/,5.45,247,0,
2026-05-16T16:14:02.336364,GET,/api/mixed/db/1/,4.42,247,0,
2026-05-16T16:14:02.342937,GET,/api/mixed/db/1/,4.04,247,0,
2026-05-16T16:14:02.349574,GET,/api/mixed/db/1/,4.43,247,0,
2026-05-16T16:14:02.355015,GET,/api/mixed/pipeline/1/,3.15,82,0,
2026-05-16T16:14:02.365932,GET,/api/mixed/pipeline/1/,3.62,82,0,
2026-05-16T16:14:02.366546,GET,/api/mixed/http/,107.83,55353,0,
2026-05-16T16:14:02.371503,GET,/api/mixed/http/,107.66,55353,0,
2026-05-16T16:14:02.401752,GET,/api/mixed/pipeline/1/,3.19,82,0,
2026-05-16T16:14:02.410757,GET,/api/mixed/http/,108.19,55353,0,
2026-05-16T16:14:02.439563,GET,/api/mixed/http/,109.77,55353,0,
2026-05-16T16:14:02.443941,GET,/api/mixed/http/,109.36,55353,0,
2026-05-16T16:14:02.454432,GET,/api/mixed/pipeline/1/,3.09,82,0,
2026-05-16T16:14:02.466376,GET,/api/mixed/db/1/,4.0,247,0,
2026-05-16T16:14:02.482807,GET,/api/mixed/db/1/,4.13,247,0,
2026-05-16T16:14:02.498590,GET,/api/mixed/http/,107.84,55353,0,
2026-05-16T16:14:02.515488,GET,/api/mixed/http/,108.48,55353,0,
2026-05-16T16:14:02.521856,GET,/api/mixed/http/,107.78,55353,0,
2026-05-16T16:14:02.532468,GET,/api/mixed/http/,108.56,55353,0,
2026-05-16T16:14:02.536272,GET,/api/mixed/db/1/,3.68,247,0,
2026-05-16T16:14:02.562771,GET,/api/mixed/pipeline/1/,3.07,82,0,
2026-05-16T16:14:02.566300,GET,/api/mixed/http/,107.59,55353,0,
2026-05-16T16:14:02.594069,GET,/api/mixed/http/,107.91,55353,0,
2026-05-16T16:14:02.619491,GET,/api/mixed/pipeline/1/,2.84,82,0,
2026-05-16T16:14:02.622486,GET,/api/mixed/http/,108.18,55353,0,
2026-05-16T16:14:02.656556,GET,/api/mixed/pipeline/1/,2.86,82,0,
2026-05-16T16:14:02.672782,GET,/api/mixed/db/1/,3.9,247,0,
2026-05-16T16:14:02.677688,GET,/api/mixed/db/1/,3.69,247,0,
2026-05-16T16:14:02.678157,GET,/api/mixed/http/,107.59,55353,0,
2026-05-16T16:14:02.711469,GET,/api/mixed/http/,108.01,55353,0,
2026-05-16T16:14:02.721609,GET,/api/mixed/http/,107.53,55353,0,
2026-05-16T16:14:02.722680,GET,/api/mixed/pipeline/1/,2.89,82,0,
2026-05-16T16:14:02.749208,GET,/api/mixed/http/,109.46,55353,0,
2026-05-16T16:14:02.752414,GET,/api/mixed/db/1/,4.41,247,0,
2026-05-16T16:14:02.758794,GET,/api/mixed/pipeline/1/,3.12,82,0,
2026-05-16T16:14:02.765777,GET,/api/mixed/http/,108.01,55353,0,
2026-05-16T16:14:02.768788,GET,/api/mixed/pipeline/1/,3.88,82,0,
2026-05-16T16:14:02.769835,GET,/api/mixed/pipeline/1/,3.05,82,0,
2026-05-16T16:14:02.771955,GET,/api/mixed/http/,107.66,55353,0,
2026-05-16T16:14:02.788112,GET,/api/mixed/db/1/,4.24,247,0,
2026-05-16T16:14:02.799718,GET,/api/mixed/pipeline/1/,3.68,82,0,
2026-05-16T16:14:02.803607,GET,/api/mixed/http/,108.07,55353,0,
2026-05-16T16:14:02.809342,GET,/api/mixed/pipeline/1/,3.52,82,0,
2026-05-16T16:14:02.811218,GET,/api/mixed/pipeline/1/,2.85,82,0,
2026-05-16T16:14:02.834456,GET,/api/mixed/http/,108.48,55353,0,
2026-05-16T16:14:02.837967,GET,/api/mixed/db/1/,4.65,247,0,
2026-05-16T16:14:02.842024,GET,/api/mixed/pipeline/1/,2.7,82,0,
2026-05-16T16:14:02.852549,GET,/api/mixed/http/,109.1,55353,0,
2026-05-16T16:14:02.854571,GET,/api/mixed/pipeline/1/,3.25,82,0,
2026-05-16T16:14:02.864929,GET,/api/mixed/db/1/,4.03,247,0,
2026-05-16T16:14:02.866955,GET,/api/mixed/pipeline/1/,3.53,82,0,
2026-05-16T16:14:02.871557,GET,/api/mixed/db/1/,4.48,247,0,
2026-05-16T16:14:02.874781,GET,/api/mixed/db/1/,4.27,247,0,
2026-05-16T16:14:02.885142,GET,/api/mixed/pipeline/1/,3.05,82,0,
2026-05-16T16:14:02.892219,GET,/api/mixed/http/,108.87,55353,0,
2026-05-16T16:14:02.896921,GET,/api/mixed/http/,107.57,55353,0,
2026-05-16T16:14:02.898756,GET,/api/mixed/pipeline/1/,3.31,82,0,
2026-05-16T16:14:02.926559,GET,/api/mixed/http/,107.96,55353,0,
2026-05-16T16:14:02.935337,GET,/api/mixed/http/,109.15,55353,0,
2026-05-16T16:14:02.937686,GET,/api/mixed/pipeline/1/,3.55,82,0,
2026-05-16T16:14:02.939426,GET,/api/mixed/db/1/,3.96,247,0,
2026-05-16T16:14:02.946227,GET,/api/mixed/http/,108.13,55353,0,
2026-05-16T16:14:02.977906,GET,/api/mixed/pipeline/1/,2.96,82,0,
2026-05-16T16:14:02.988329,GET,/api/mixed/pipeline/1/,3.07,82,0,
2026-05-16T16:14:02.996114,GET,/api/mixed/db/1/,4.55,247,0,
2026-05-16T16:14:03.033938,GET,/api/mixed/pipeline/1/,3.06,82,0,
2026-05-16T16:14:03.039877,GET,/api/mixed/pipeline/1/,3.54,82,0,
2026-05-16T16:14:03.066453,GET,/api/mixed/http/,107.9,55353,0,
2026-05-16T16:14:03.077158,GET,/api/mixed/http/,107.92,55353,0,
2026-05-16T16:14:03.085342,GET,/api/mixed/pipeline/1/,2.9,82,0,
2026-05-16T16:14:03.105417,GET,/api/mixed/http/,108.08,55353,0,
2026-05-16T16:14:03.111195,GET,/api/mixed/pipeline/1/,3.41,82,0,
2026-05-16T16:14:03.113403,GET,/api/mixed/pipeline/1/,3.09,82,0,
2026-05-16T16:14:03.121317,GET,/api/mixed/http/,108.12,55353,0,
2026-05-16T16:14:03.127605,GET,/api/mixed/pipeline/1/,2.96,82,0,
2026-05-16T16:14:03.131628,GET,/api/mixed/pipeline/1/,2.68,82,0,
2026-05-16T16:14:03.141744,GET,/api/mixed/pipeline/1/,2.92,82,0,
2026-05-16T16:14:03.149760,GET,/api/mixed/db/1/,3.74,247,0,
2026-05-16T16:14:03.165018,GET,/api/mixed/http/,107.82,55353,0,
2026-05-16T16:14:03.166044,GET,/api/mixed/db/1/,4.08,247,0,
2026-05-16T16:14:03.193527,GET,/api/mixed/pipeline/1/,3.3,82,0,
2026-05-16T16:14:03.199930,GET,/api/mixed/db/1/,4.05,247,0,
2026-05-16T16:14:03.210874,GET,/api/mixed/pipeline/1/,4.14,82,0,
2026-05-16T16:14:03.214046,GET,/api/mixed/db/1/,4.73,247,0,
2026-05-16T16:14:03.237268,GET,/api/mixed/db/1/,4.29,247,0,
2026-05-16T16:14:03.237711,GET,/api/mixed/db/1/,5.3,247,0,
2026-05-16T16:14:03.280071,GET,/api/mixed/pipeline/1/,4.2,82,0,
2026-05-16T16:14:03.293137,GET,/api/mixed/db/1/,5.67,247,0,
2026-05-16T16:14:03.311413,GET,/api/mixed/http/,108.11,55353,0,
2026-05-16T16:14:03.317696,GET,/api/mixed/db/1/,5.06,247,0,
2026-05-16T16:14:03.343987,GET,/api/mixed/pipeline/1/,3.62,82,0,
2026-05-16T16:14:03.351171,GET,/api/mixed/pipeline/1/,2.98,82,0,
2026-05-16T16:14:03.364607,GET,/api/mixed/db/1/,4.21,247,0,
2026-05-16T16:14:03.376734,GET,/api/mixed/http/,108.66,55353,0,
2026-05-16T16:14:03.385579,GET,/api/mixed/pipeline/1/,3.63,82,0,
2026-05-16T16:14:03.387395,GET,/api/mixed/db/1/,4.92,247,0,
2026-05-16T16:14:03.396143,GET,/api/mixed/http/,108.11,55353,0,
2026-05-16T16:14:03.413757,GET,/api/mixed/pipeline/1/,4.01,82,0,
2026-05-16T16:14:03.414563,GET,/api/mixed/db/1/,4.33,247,0,
2026-05-16T16:14:03.424690,GET,/api/mixed/db/1/,4.87,247,0,
2026-05-16T16:14:03.425394,GET,/api/mixed/http/,109.13,55353,0,
2026-05-16T16:14:03.435342,GET,/api/mixed/pipeline/1/,3.74,82,0,
2026-05-16T16:14:03.440353,GET,/api/mixed/db/1/,6.14,247,0,
2026-05-16T16:14:03.446650,GET,/api/mixed/db/1/,3.93,247,0,
2026-05-16T16:14:03.451540,GET,/api/mixed/db/1/,4.3,247,0,
2026-05-16T16:14:03.452140,GET,/api/mixed/db/1/,5.35,247,0,
2026-05-16T16:14:03.488477,GET,/api/mixed/db/1/,5.14,247,0,
2026-05-16T16:14:03.498710,GET,/api/mixed/db/1/,4.33,247,0,
2026-05-16T16:14:03.505597,GET,/api/mixed/pipeline/1/,5.61,82,0,
2026-05-16T16:14:03.508612,GET,/api/mixed/http/,109.26,55353,0,
2026-05-16T16:14:03.511796,GET,/api/mixed/pipeline/1/,4.54,82,0,
2026-05-16T16:14:03.512843,GET,/api/mixed/db/1/,5.08,247,0,
2026-05-16T16:14:03.515020,GET,/api/mixed/http/,108.12,55353,0,
2026-05-16T16:14:03.538037,GET,/api/mixed/db/1/,5.36,247,0,
2026-05-16T16:14:03.548905,GET,/api/mixed/db/1/,4.55,247,0,
2026-05-16T16:14:03.556700,GET,/api/mixed/db/1/,4.34,247,0,
2026-05-16T16:14:03.580724,GET,/api/mixed/http/,108.16,55353,0,
2026-05-16T16:14:03.596683,GET,/api/mixed/http/,109.37,55353,0,
2026-05-16T16:14:03.597610,GET,/api/mixed/db/1/,5.62,247,0,
2026-05-16T16:14:03.611069,GET,/api/mixed/http/,107.85,55353,0,
2026-05-16T16:14:03.611489,GET,/api/mixed/db/1/,4.65,247,0,
2026-05-16T16:14:03.619861,GET,/api/mixed/http/,109.76,55353,0,
2026-05-16T16:14:03.623324,GET,/api/mixed/pipeline/1/,3.32,82,0,
2026-05-16T16:14:03.631097,GET,/api/mixed/db/1/,5.9,247,0,
2026-05-16T16:14:03.639162,GET,/api/mixed/http/,108.8,55353,0,
2026-05-16T16:14:03.640008,GET,/api/mixed/http/,108.44,55353,0,
2026-05-16T16:14:03.648551,GET,/api/mixed/pipeline/1/,3.28,82,0,
2026-05-16T16:14:03.659042,GET,/api/mixed/pipeline/1/,3.22,82,0,
2026-05-16T16:14:03.667905,GET,/api/mixed/db/1/,4.54,247,0,
2026-05-16T16:14:03.669832,GET,/api/mixed/pipeline/1/,3.42,82,0,
2026-05-16T16:14:03.675218,GET,/api/mixed/db/1/,4.16,247,0,
2026-05-16T16:14:03.694803,GET,/api/mixed/db/1/,4.03,247,0,
2026-05-16T16:14:03.700888,GET,/api/mixed/db/1/,3.85,247,0,
2026-05-16T16:14:03.701723,GET,/api/mixed/http/,109.06,55353,0,
2026-05-16T16:14:03.713834,GET,/api/mixed/pipeline/1/,2.91,82,0,
2026-05-16T16:14:03.721154,GET,/api/mixed/http/,108.46,55353,0,
2026-05-16T16:14:03.722248,GET,/api/mixed/pipeline/1/,3.19,82,0,
2026-05-16T16:14:03.731855,GET,/api/mixed/http/,109.39,55353,0,
2026-05-16T16:14:03.733711,GET,/api/mixed/http/,108.03,55353,0,
2026-05-16T16:14:03.735708,GET,/api/mixed/http/,109.63,55353,0,
2026-05-16T16:14:03.765519,GET,/api/mixed/pipeline/1/,3.02,82,0,
2026-05-16T16:14:03.771621,GET,/api/mixed/db/1/,3.75,247,0,
2026-05-16T16:14:03.788026,GET,/api/mixed/http/,108.54,55353,0,
2026-05-16T16:14:03.790437,GET,/api/mixed/db/1/,4.58,247,0,
2026-05-16T16:14:03.793451,GET,/api/mixed/db/1/,4.2,247,0,
2026-05-16T16:14:03.795080,GET,/api/mixed/http/,107.72,55353,0,
2026-05-16T16:14:03.808814,GET,/api/mixed/pipeline/1/,2.78,82,0,
2026-05-16T16:14:03.841358,GET,/api/mixed/pipeline/1/,4.57,82,0,
2026-05-16T16:14:03.851195,GET,/api/mixed/pipeline/1/,5.48,82,0,
2026-05-16T16:14:03.852677,GET,/api/mixed/db/1/,8.9,247,0,
2026-05-16T16:14:03.858492,GET,/api/mixed/http/,108.51,55353,0,
2026-05-16T16:14:03.860031,GET,/api/mixed/pipeline/1/,4.57,82,0,
2026-05-16T16:14:03.862265,GET,/api/mixed/pipeline/1/,3.07,82,0,
2026-05-16T16:14:03.871480,GET,/api/mixed/db/1/,3.87,247,0,
2026-05-16T16:14:03.878728,GET,/api/mixed/db/1/,3.95,247,0,
2026-05-16T16:14:03.881506,GET,/api/mixed/pipeline/1/,2.66,82,0,
2026-05-16T16:14:03.900984,GET,/api/mixed/db/1/,4.15,247,0,
2026-05-16T16:14:03.909012,GET,/api/mixed/http/,108.56,55353,0,
2026-05-16T16:14:03.938223,GET,/api/mixed/http/,111.05,55353,0,
2026-05-16T16:14:03.943496,GET,/api/mixed/pipeline/1/,3.0,82,0,
2026-05-16T16:14:03.954756,GET,/api/mixed/http/,110.3,55353,0,
2026-05-16T16:14:03.958589,GET,/api/mixed/db/1/,5.2,247,0,
2026-05-16T16:14:03.962574,GET,/api/mixed/http/,111.16,55353,0,
2026-05-16T16:14:04.014951,GET,/api/mixed/pipeline/1/,3.33,82,0,
2026-05-16T16:14:04.018119,GET,/api/mixed/http/,107.72,55353,0,
2026-05-16T16:14:04.026552,GET,/api/mixed/pipeline/1/,3.15,82,0,
2026-05-16T16:14:04.028622,GET,/api/mixed/http/,108.52,55353,0,
2026-05-16T16:14:04.029620,GET,/api/mixed/pipeline/1/,2.93,82,0,
2026-05-16T16:14:04.034989,GET,/api/mixed/http/,108.95,55353,0,
2026-05-16T16:14:04.037473,GET,/api/mixed/db/1/,4.67,247,0,
2026-05-16T16:14:04.042725,GET,/api/mixed/db/1/,6.45,247,0,
2026-05-16T16:14:04.045025,GET,/api/mixed/pipeline/1/,3.85,82,0,
2026-05-16T16:14:04.045494,GET,/api/mixed/http/,109.78,55353,0,
2026-05-16T16:14:04.060038,GET,/api/mixed/pipeline/1/,3.14,82,0,
2026-05-16T16:14:04.066767,GET,/api/mixed/db/1/,4.34,247,0,
2026-05-16T16:14:04.087414,GET,/api/mixed/pipeline/1/,3.16,82,0,
2026-05-16T16:14:04.088359,GET,/api/mixed/db/1/,5.6,247,0,
2026-05-16T16:14:04.092004,GET,/api/mixed/db/1/,4.45,247,0,
2026-05-16T16:14:04.107281,GET,/api/mixed/http/,108.44,55353,0,
2026-05-16T16:14:04.127917,GET,/api/mixed/db/1/,4.21,247,0,
2026-05-16T16:14:04.130933,GET,/api/mixed/pipeline/1/,2.89,82,0,
2026-05-16T16:14:04.150538,GET,/api/mixed/http/,108.92,55353,0,
2026-05-16T16:14:04.151128,GET,/api/mixed/http/,110.63,55353,0,
2026-05-16T16:14:04.160646,GET,/api/mixed/db/1/,4.14,247,0,
2026-05-16T16:14:04.170618,GET,/api/mixed/db/1/,4.69,247,0,
2026-05-16T16:14:04.183810,GET,/api/mixed/http/,108.78,55353,0,
2026-05-16T16:14:04.201265,GET,/api/mixed/pipeline/1/,3.34,82,0,
2026-05-16T16:14:04.205088,GET,/api/mixed/pipeline/1/,2.65,82,0,
2026-05-16T16:14:04.214526,GET,/api/mixed/http/,109.31,55353,0,
2026-05-16T16:14:04.219185,GET,/api/mixed/db/1/,5.88,247,0,
2026-05-16T16:14:04.250137,GET,/api/mixed/pipeline/1/,3.72,82,0,
2026-05-16T16:14:04.253833,GET,/api/mixed/db/1/,4.63,247,0,
2026-05-16T16:14:04.255447,GET,/api/mixed/http/,108.21,55353,0,
2026-05-16T16:14:04.291524,GET,/api/mixed/db/1/,4.23,247,0,
2026-05-16T16:14:04.293153,GET,/api/mixed/http/,107.89,55353,0,
2026-05-16T16:14:04.313461,GET,/api/mixed/pipeline/1/,3.08,82,0,
2026-05-16T16:14:04.318721,GET,/api/mixed/pipeline/1/,2.9,82,0,
2026-05-16T16:14:04.347277,GET,/api/mixed/db/1/,4.15,247,0,
2026-05-16T16:14:04.363575,GET,/api/mixed/http/,108.01,55353,0,
2026-05-16T16:14:04.378780,GET,/api/mixed/db/1/,4.04,247,0,
2026-05-16T16:14:04.419598,GET,/api/mixed/db/1/,4.31,247,0,
2026-05-16T16:14:04.455147,GET,/api/mixed/pipeline/1/,3.42,82,0,
2026-05-16T16:14:04.471248,GET,/api/mixed/http/,109.72,55353,0,
2026-05-16T16:14:04.497346,GET,/api/mixed/db/1/,3.94,247,0,
2026-05-16T16:14:04.507196,GET,/api/mixed/http/,108.03,55353,0,
2026-05-16T16:14:04.512511,GET,/api/mixed/db/1/,3.91,247,0,
2026-05-16T16:14:04.521515,GET,/api/mixed/db/1/,3.82,247,0,
2026-05-16T16:14:04.523613,GET,/api/mixed/http/,108.84,55353,0,
2026-05-16T16:14:04.526611,GET,/api/mixed/pipeline/1/,3.93,82,0,
2026-05-16T16:14:04.527111,GET,/api/mixed/pipeline/1/,3.39,82,0,
2026-05-16T16:14:04.531926,GET,/api/mixed/pipeline/1/,3.45,82,0,
2026-05-16T16:14:04.536498,GET,/api/mixed/db/1/,3.92,247,0,
2026-05-16T16:14:04.551639,GET,/api/mixed/pipeline/1/,3.42,82,0,
2026-05-16T16:14:04.552300,GET,/api/mixed/db/1/,4.58,247,0,
2026-05-16T16:14:04.560443,GET,/api/mixed/http/,109.21,55353,0,
2026-05-16T16:14:04.566322,GET,/api/mixed/http/,107.88,55353,0,
2026-05-16T16:14:04.591942,GET,/api/mixed/http/,108.17,55353,0,
2026-05-16T16:14:04.614411,GET,/api/mixed/db/1/,4.44,247,0,
2026-05-16T16:14:04.616636,GET,/api/mixed/db/1/,4.0,247,0,
2026-05-16T16:14:04.632830,GET,/api/mixed/http/,108.46,55353,0,
2026-05-16T16:14:04.640763,GET,/api/mixed/http/,109.8,55353,0,
2026-05-16T16:14:04.649065,GET,/api/mixed/http/,108.14,55353,0,
2026-05-16T16:14:04.666665,GET,/api/mixed/db/1/,4.23,247,0,
2026-05-16T16:14:04.687459,GET,/api/mixed/db/1/,4.58,247,0,
2026-05-16T16:14:04.688439,GET,/api/mixed/http/,108.15,55353,0,
2026-05-16T16:14:04.688909,GET,/api/mixed/http/,109.19,55353,0,
2026-05-16T16:14:04.702306,GET,/api/mixed/db/1/,4.19,247,0,
2026-05-16T16:14:04.705280,GET,/api/mixed/http/,108.0,55353,0,
2026-05-16T16:14:04.714966,GET,/api/mixed/pipeline/1/,3.31,82,0,
2026-05-16T16:14:04.726154,GET,/api/mixed/http/,108.29,55353,0,
2026-05-16T16:14:04.754058,GET,/api/mixed/db/1/,4.83,247,0,
2026-05-16T16:14:04.767845,GET,/api/mixed/db/1/,5.82,247,0,
2026-05-16T16:14:04.771143,GET,/api/mixed/db/1/,4.3,247,0,
2026-05-16T16:14:04.775017,GET,/api/mixed/http/,108.2,55353,0,
2026-05-16T16:14:04.775679,GET,/api/mixed/pipeline/1/,3.31,82,0,
2026-05-16T16:14:04.781935,GET,/api/mixed/http/,108.01,55353,0,
2026-05-16T16:14:04.782410,GET,/api/mixed/http/,109.02,55353,0,
2026-05-16T16:14:04.789666,GET,/api/mixed/pipeline/1/,3.12,82,0,
2026-05-16T16:14:04.809530,GET,/api/mixed/pipeline/1/,3.0,82,0,
2026-05-16T16:14:04.810045,GET,/api/mixed/http/,109.19,55353,0,
2026-05-16T16:14:04.816346,GET,/api/mixed/pipeline/1/,3.05,82,0,
2026-05-16T16:14:04.832524,GET,/api/mixed/pipeline/1/,4.06,82,0,
2026-05-16T16:14:04.833614,GET,/api/mixed/pipeline/1/,3.5,82,0,
2026-05-16T16:14:04.835434,GET,/api/mixed/db/1/,4.76,247,0,
2026-05-16T16:14:04.848429,GET,/api/mixed/http/,107.96,55353,0,
2026-05-16T16:14:04.856384,GET,/api/mixed/db/1/,3.93,247,0,
2026-05-16T16:14:04.861842,GET,/api/mixed/http/,108.92,55353,0,
2026-05-16T16:14:04.870282,GET,/api/mixed/db/1/,4.72,247,0,
2026-05-16T16:14:04.872740,GET,/api/mixed/http/,109.38,55353,0,
2026-05-16T16:14:04.873168,GET,/api/mixed/pipeline/1/,4.01,82,0,
2026-05-16T16:14:04.881508,GET,/api/mixed/http/,108.57,55353,0,
2026-05-16T16:14:04.882750,GET,/api/mixed/db/1/,5.4,247,0,
2026-05-16T16:14:04.885873,GET,/api/mixed/db/1/,5.58,247,0,
2026-05-16T16:14:04.886272,GET,/api/mixed/db/1/,4.57,247,0,
2026-05-16T16:14:04.908828,GET,/api/mixed/pipeline/1/,2.97,82,0,
2026-05-16T16:14:04.911760,GET,/api/mixed/http/,108.29,55353,0,
2026-05-16T16:14:04.912484,GET,/api/mixed/http/,109.58,55353,0,
2026-05-16T16:14:04.928524,GET,/api/mixed/http/,107.78,55353,0,
2026-05-16T16:14:04.957791,GET,/api/mixed/http/,107.96,55353,0,
2026-05-16T16:14:04.961707,GET,/api/mixed/pipeline/1/,2.72,82,0,
2026-05-16T16:14:04.968594,GET,/api/mixed/http/,108.01,55353,0,
2026-05-16T16:14:04.992822,GET,/api/mixed/http/,108.29,55353,0,
2026-05-16T16:14:05.009448,GET,/api/mixed/pipeline/1/,3.28,82,0,
2026-05-16T16:14:05.026116,GET,/api/mixed/http/,108.34,55353,0,
2026-05-16T16:14:05.026668,GET,/api/mixed/http/,107.64,55353,0,
2026-05-16T16:14:05.040658,GET,/api/mixed/http/,107.81,55353,0,
2026-05-16T16:14:05.057681,GET,/api/mixed/db/1/,4.12,247,0,
2026-05-16T16:14:05.074966,GET,/api/mixed/http/,109.1,55353,0,
2026-05-16T16:14:05.090654,GET,/api/mixed/http/,107.81,55353,0,
2026-05-16T16:14:05.094747,GET,/api/mixed/http/,108.17,55353,0,
2026-05-16T16:14:05.096035,GET,/api/mixed/db/1/,4.06,247,0,
2026-05-16T16:14:05.104482,GET,/api/mixed/pipeline/1/,3.08,82,0,
2026-05-16T16:14:05.133541,GET,/api/mixed/http/,108.85,55353,0,
2026-05-16T16:14:05.145043,GET,/api/mixed/http/,107.88,55353,0,
2026-05-16T16:14:05.156937,GET,/api/mixed/http/,107.98,55353,0,
2026-05-16T16:14:05.174249,GET,/api/mixed/http/,108.37,55353,0,
2026-05-16T16:14:05.181581,GET,/api/mixed/db/1/,3.95,247,0,
2026-05-16T16:14:05.187068,GET,/api/mixed/http/,108.77,55353,0,
2026-05-16T16:14:05.190369,GET,/api/mixed/db/1/,4.57,247,0,
2026-05-16T16:14:05.207903,GET,/api/mixed/db/1/,4.22,247,0,
2026-05-16T16:14:05.227707,GET,/api/mixed/pipeline/1/,4.54,82,0,
2026-05-16T16:14:05.237606,GET,/api/mixed/db/1/,4.7,247,0,
2026-05-16T16:14:05.239851,GET,/api/mixed/pipeline/1/,3.33,82,0,
2026-05-16T16:14:05.246690,GET,/api/mixed/http/,107.95,55353,0,
2026-05-16T16:14:05.247152,GET,/api/mixed/db/1/,4.06,247,0,
2026-05-16T16:14:05.257501,GET,/api/mixed/http/,108.06,55353,0,
2026-05-16T16:14:05.266334,GET,/api/mixed/http/,108.04,55353,0,
2026-05-16T16:14:05.276465,GET,/api/mixed/pipeline/1/,3.72,82,0,
2026-05-16T16:14:05.278808,GET,/api/mixed/pipeline/1/,3.39,82,0,
2026-05-16T16:14:05.289291,GET,/api/mixed/pipeline/1/,4.45,82,0,
2026-05-16T16:14:05.291138,GET,/api/mixed/db/1/,4.25,247,0,
2026-05-16T16:14:05.291576,GET,/api/mixed/db/1/,6.11,247,0,
2026-05-16T16:14:05.306369,GET,/api/mixed/pipeline/1/,3.63,82,0,
2026-05-16T16:14:05.309783,GET,/api/mixed/db/1/,4.32,247,0,
2026-05-16T16:14:05.313308,GET,/api/mixed/db/1/,4.9,247,0,
2026-05-16T16:14:05.317044,GET,/api/mixed/db/1/,4.7,247,0,
2026-05-16T16:14:05.327355,GET,/api/mixed/db/1/,4.03,247,0,
2026-05-16T16:14:05.335904,GET,/api/mixed/db/1/,4.19,247,0,
2026-05-16T16:14:05.360510,GET,/api/mixed/http/,108.15,55353,0,
2026-05-16T16:14:05.377521,GET,/api/mixed/pipeline/1/,2.94,82,0,
2026-05-16T16:14:05.388909,GET,/api/mixed/http/,108.84,55353,0,
2026-05-16T16:14:05.392303,GET,/api/mixed/db/1/,5.55,247,0,
2026-05-16T16:14:05.395116,GET,/api/mixed/http/,109.09,55353,0,
2026-05-16T16:14:05.418526,GET,/api/mixed/db/1/,4.08,247,0,
2026-05-16T16:14:05.447328,GET,/api/mixed/pipeline/1/,3.95,82,0,
2026-05-16T16:14:05.447933,GET,/api/mixed/db/1/,4.04,247,0,
2026-05-16T16:14:05.467941,GET,/api/mixed/pipeline/1/,3.02,82,0,
2026-05-16T16:14:05.478680,GET,/api/mixed/http/,107.82,55353,0,
2026-05-16T16:14:05.479554,GET,/api/mixed/pipeline/1/,2.92,82,0,
2026-05-16T16:14:05.496790,GET,/api/mixed/http/,109.19,55353,0,
2026-05-16T16:14:05.503510,GET,/api/mixed/pipeline/1/,3.33,82,0,
2026-05-16T16:14:05.503920,GET,/api/mixed/pipeline/1/,3.29,82,0,
2026-05-16T16:14:05.510577,GET,/api/mixed/pipeline/1/,2.76,82,0,
2026-05-16T16:14:05.523722,GET,/api/mixed/db/1/,4.93,247,0,
2026-05-16T16:14:05.524306,GET,/api/mixed/db/1/,4.51,247,0,
2026-05-16T16:14:05.528190,GET,/api/mixed/db/1/,5.36,247,0,
2026-05-16T16:14:05.529246,GET,/api/mixed/http/,109.4,55353,0,
2026-05-16T16:14:05.546101,GET,/api/mixed/db/1/,3.92,247,0,
2026-05-16T16:14:05.559561,GET,/api/mixed/pipeline/1/,3.22,82,0,
2026-05-16T16:14:05.585513,GET,/api/mixed/http/,109.36,55353,0,
2026-05-16T16:14:05.585961,GET,/api/mixed/pipeline/1/,4.42,82,0,
2026-05-16T16:14:05.592622,GET,/api/mixed/db/1/,3.92,247,0,
2026-05-16T16:14:05.613551,GET,/api/mixed/http/,108.27,55353,0,
2026-05-16T16:14:05.621797,GET,/api/mixed/pipeline/1/,3.04,82,0,
2026-05-16T16:14:05.631444,GET,/api/mixed/db/1/,4.26,247,0,
2026-05-16T16:14:05.635597,GET,/api/mixed/http/,108.46,55353,0,
2026-05-16T16:14:05.645425,GET,/api/mixed/http/,107.84,55353,0,
2026-05-16T16:14:05.668635,GET,/api/mixed/pipeline/1/,2.99,82,0,
2026-05-16T16:14:05.669481,GET,/api/mixed/http/,107.54,55353,0,
2026-05-16T16:14:05.694415,GET,/api/mixed/http/,108.36,55353,0,
2026-05-16T16:14:05.696795,GET,/api/mixed/db/1/,4.34,247,0,
2026-05-16T16:14:05.697279,GET,/api/mixed/db/1/,5.44,247,0,
2026-05-16T16:14:05.706199,GET,/api/mixed/db/1/,4.58,247,0,
2026-05-16T16:14:05.708660,GET,/api/mixed/pipeline/1/,3.52,82,0,
2026-05-16T16:14:05.709704,GET,/api/mixed/http/,107.89,55353,0,
2026-05-16T16:14:05.718883,GET,/api/mixed/http/,108.51,55353,0,
2026-05-16T16:14:05.739589,GET,/api/mixed/http/,109.33,55353,0,
2026-05-16T16:14:05.740445,GET,/api/mixed/http/,110.71,55353,0,
2026-05-16T16:14:05.740986,GET,/api/mixed/pipeline/1/,3.84,82,0,
2026-05-16T16:14:05.779703,GET,/api/mixed/db/1/,4.28,247,0,
2026-05-16T16:14:05.877229,GET,/api/mixed/db/1/,4.97,247,0,
2026-05-16T16:14:05.880532,GET,/api/mixed/db/1/,4.47,247,0,
2026-05-16T16:14:05.883201,GET,/api/mixed/pipeline/1/,4.18,82,0,
2026-05-16T16:14:05.887432,GET,/api/mixed/db/1/,5.26,247,0,
2026-05-16T16:14:05.890857,GET,/api/mixed/db/1/,5.03,247,0,
2026-05-16T16:14:05.896006,GET,/api/mixed/http/,108.03,55353,0,
2026-05-16T16:14:05.905085,GET,/api/mixed/db/1/,4.84,247,0,
2026-05-16T16:14:05.916784,GET,/api/mixed/db/1/,4.26,247,0,
2026-05-16T16:14:05.924226,GET,/api/mixed/pipeline/1/,4.12,82,0,
2026-05-16T16:14:05.962013,GET,/api/mixed/db/1/,4.57,247,0,
2026-05-16T16:14:05.963663,GET,/api/mixed/http/,109.09,55353,0,
2026-05-16T16:14:05.964108,GET,/api/mixed/db/1/,4.04,247,0,
2026-05-16T16:14:05.984603,GET,/api/mixed/pipeline/1/,4.13,82,0,
2026-05-16T16:14:05.988872,GET,/api/mixed/db/1/,4.14,247,0,
2026-05-16T16:14:05.990454,GET,/api/mixed/http/,109.55,55353,0,
2026-05-16T16:14:06.006583,GET,/api/mixed/db/1/,4.22,247,0,
2026-05-16T16:14:06.007047,GET,/api/mixed/db/1/,5.36,247,0,
2026-05-16T16:14:06.050856,GET,/api/mixed/http/,109.28,55353,0,
2026-05-16T16:14:06.079750,GET,/api/mixed/db/1/,4.0,247,0,
2026-05-16T16:14:06.091360,GET,/api/mixed/db/1/,7.21,247,0,
2026-05-16T16:14:06.098776,GET,/api/mixed/pipeline/1/,4.1,82,0,
2026-05-16T16:14:06.136490,GET,/api/mixed/http/,111.22,55353,0,
2026-05-16T16:14:06.138970,GET,/api/mixed/pipeline/1/,5.0,82,0,
2026-05-16T16:14:06.146711,GET,/api/mixed/http/,108.53,55353,0,
2026-05-16T16:14:06.156143,GET,/api/mixed/http/,109.19,55353,0,
2026-05-16T16:14:06.170329,GET,/api/mixed/http/,108.22,55353,0,
2026-05-16T16:14:06.219304,GET,/api/mixed/http/,110.22,55353,0,
2026-05-16T16:14:06.225999,GET,/api/mixed/pipeline/1/,3.48,82,0,
2026-05-16T16:14:06.227084,GET,/api/mixed/pipeline/1/,2.96,82,0,
2026-05-16T16:14:06.232741,GET,/api/mixed/pipeline/1/,3.45,82,0,
2026-05-16T16:14:06.237326,GET,/api/mixed/pipeline/1/,3.41,82,0,
2026-05-16T16:14:06.244321,GET,/api/mixed/db/1/,4.7,247,0,
2026-05-16T16:14:06.253623,GET,/api/mixed/http/,108.52,55353,0,
2026-05-16T16:14:06.254155,GET,/api/mixed/http/,109.71,55353,0,
2026-05-16T16:14:06.258654,GET,/api/mixed/pipeline/1/,3.13,82,0,
2026-05-16T16:14:06.267837,GET,/api/mixed/pipeline/1/,3.01,82,0,
2026-05-16T16:14:06.283904,GET,/api/mixed/http/,108.36,55353,0,
2026-05-16T16:14:06.309470,GET,/api/mixed/http/,108.24,55353,0,
2026-05-16T16:14:06.309953,GET,/api/mixed/http/,109.42,55353,0,
2026-05-16T16:14:06.317919,GET,/api/mixed/db/1/,4.05,247,0,
2026-05-16T16:14:06.324285,GET,/api/mixed/http/,108.96,55353,0,
2026-05-16T16:14:06.337991,GET,/api/mixed/db/1/,6.65,247,0,
2026-05-16T16:14:06.345149,GET,/api/mixed/http/,113.7,55353,0,
2026-05-16T16:14:06.346120,GET,/api/mixed/http/,115.22,55353,0,
2026-05-16T16:14:06.347778,GET,/api/mixed/http/,114.89,55353,0,
2026-05-16T16:14:06.350498,GET,/api/mixed/pipeline/1/,4.19,82,0,
2026-05-16T16:14:06.365744,GET,/api/mixed/db/1/,5.78,247,0,
2026-05-16T16:14:06.382381,GET,/api/mixed/pipeline/1/,3.67,82,0,
2026-05-16T16:14:06.394745,GET,/api/mixed/http/,108.49,55353,0,
2026-05-16T16:14:06.401959,GET,/api/mixed/db/1/,4.91,247,0,
2026-05-16T16:14:06.407762,GET,/api/mixed/http/,108.89,55353,0,
2026-05-16T16:14:06.408952,GET,/api/mixed/pipeline/1/,3.61,82,0,
2026-05-16T16:14:06.412754,GET,/api/mixed/db/1/,4.85,247,0,
2026-05-16T16:14:06.419130,GET,/api/mixed/db/1/,5.1,247,0,
2026-05-16T16:14:06.420783,GET,/api/mixed/http/,109.43,55353,0,
2026-05-16T16:14:06.432820,GET,/api/mixed/http/,110.61,55353,0,
2026-05-16T16:14:06.448625,GET,/api/mixed/db/1/,4.49,247,0,
2026-05-16T16:14:06.455995,GET,/api/mixed/db/1/,6.12,247,0,
2026-05-16T16:14:06.469034,GET,/api/mixed/pipeline/1/,3.39,82,0,
2026-05-16T16:14:06.469633,GET,/api/mixed/db/1/,5.37,247,0,
2026-05-16T16:14:06.479966,GET,/api/mixed/pipeline/1/,4.23,82,0,
2026-05-16T16:14:06.482049,GET,/api/mixed/http/,109.99,55353,0,
2026-05-16T16:14:06.492049,GET,/api/mixed/pipeline/1/,3.54,82,0,
2026-05-16T16:14:06.498807,GET,/api/mixed/db/1/,4.5,247,0,
2026-05-16T16:14:06.506360,GET,/api/mixed/pipeline/1/,3.27,82,0,
2026-05-16T16:14:06.510091,GET,/api/mixed/http/,109.25,55353,0,
2026-05-16T16:14:06.536481,GET,/api/mixed/pipeline/1/,15.06,82,0,
2026-05-16T16:14:06.539134,GET,/api/mixed/db/1/,13.62,247,0,
2026-05-16T16:14:06.539896,GET,/api/mixed/db/1/,17.46,247,0,
2026-05-16T16:14:06.549772,GET,/api/mixed/pipeline/1/,6.48,82,0,
2026-05-16T16:14:06.557928,GET,/api/mixed/pipeline/1/,5.63,82,0,
2026-05-16T16:14:06.563112,GET,/api/mixed/http/,111.69,55353,0,
2026-05-16T16:14:06.586154,GET,/api/mixed/http/,113.23,55353,0,
2026-05-16T16:14:06.601181,GET,/api/mixed/db/1/,5.94,247,0,
2026-05-16T16:14:06.616845,GET,/api/mixed/db/1/,6.27,247,0,
2026-05-16T16:14:06.622750,GET,/api/mixed/pipeline/1/,5.66,82,0,
2026-05-16T16:14:06.643963,GET,/api/mixed/pipeline/1/,5.91,82,0,
2026-05-16T16:14:06.657652,GET,/api/mixed/pipeline/1/,4.56,82,0,
2026-05-16T16:14:06.659012,GET,/api/mixed/db/1/,6.73,247,0,
2026-05-16T16:14:06.666508,GET,/api/mixed/http/,111.37,55353,0,
2026-05-16T16:14:06.667156,GET,/api/mixed/pipeline/1/,4.45,82,0,
2026-05-16T16:14:06.679597,GET,/api/mixed/db/1/,5.15,247,0,
2026-05-16T16:14:06.690856,GET,/api/mixed/http/,113.34,55353,0,
2026-05-16T16:14:06.694749,GET,/api/mixed/http/,109.8,55353,0,
2026-05-16T16:14:06.701272,GET,/api/mixed/db/1/,5.23,247,0,
2026-05-16T16:14:06.701749,GET,/api/mixed/db/1/,5.07,247,0,
2026-05-16T16:14:06.707010,GET,/api/mixed/pipeline/1/,3.07,82,0,
2026-05-16T16:14:06.751518,GET,/api/mixed/http/,111.14,55353,0,
2026-05-16T16:14:06.752795,GET,/api/mixed/http/,111.53,55353,0,
2026-05-16T16:14:06.767532,GET,/api/mixed/http/,109.73,55353,0,
2026-05-16T16:14:06.773013,GET,/api/mixed/pipeline/1/,5.33,82,0,
2026-05-16T16:14:06.773446,GET,/api/mixed/pipeline/1/,4.03,82,0,
2026-05-16T16:14:06.784401,GET,/api/mixed/pipeline/1/,6.74,82,0,
2026-05-16T16:14:06.791174,GET,/api/mixed/pipeline/1/,3.17,82,0,
2026-05-16T16:14:06.796379,GET,/api/mixed/http/,109.32,55353,0,
2026-05-16T16:14:06.802876,GET,/api/mixed/pipeline/1/,3.28,82,0,
2026-05-16T16:14:06.811539,GET,/api/mixed/pipeline/1/,3.41,82,0,
2026-05-16T16:14:06.817912,GET,/api/mixed/http/,108.68,55353,0,
2026-05-16T16:14:06.829388,GET,/api/mixed/http/,108.97,55353,0,
2026-05-16T16:14:06.844425,GET,/api/mixed/pipeline/1/,3.18,82,0,
2026-05-16T16:14:06.860008,GET,/api/mixed/db/1/,4.75,247,0,
2026-05-16T16:14:06.878346,GET,/api/mixed/pipeline/1/,4.2,82,0,
2026-05-16T16:14:06.886569,GET,/api/mixed/http/,108.24,55353,0,
2026-05-16T16:14:06.891560,GET,/api/mixed/http/,108.37,55353,0,
2026-05-16T16:14:06.910282,GET,/api/mixed/db/1/,4.49,247,0,
2026-05-16T16:14:06.917656,GET,/api/mixed/db/1/,5.11,247,0,
2026-05-16T16:14:06.924678,GET,/api/mixed/db/1/,4.76,247,0,
2026-05-16T16:14:06.931336,GET,/api/mixed/pipeline/1/,3.44,82,0,
2026-05-16T16:14:06.933044,GET,/api/mixed/http/,108.89,55353,0,
2026-05-16T16:14:06.941267,GET,/api/mixed/http/,109.66,55353,0,
2026-05-16T16:14:06.941871,GET,/api/mixed/http/,108.8,55353,0,
2026-05-16T16:14:06.942746,GET,/api/mixed/http/,108.12,55353,0,
2026-05-16T16:14:06.955143,GET,/api/mixed/pipeline/1/,3.97,82,0,
2026-05-16T16:14:06.955877,GET,/api/mixed/db/1/,4.22,247,0,
2026-05-16T16:14:06.963062,GET,/api/mixed/db/1/,4.93,247,0,
2026-05-16T16:14:06.964268,GET,/api/mixed/http/,109.6,55353,0,
2026-05-16T16:14:06.973633,GET,/api/mixed/http/,108.35,55353,0,
2026-05-16T16:14:06.988591,GET,/api/mixed/http/,108.99,55353,0,
2026-05-16T16:14:06.991929,GET,/api/mixed/pipeline/1/,3.19,82,0,
2026-05-16T16:14:07.011517,GET,/api/mixed/db/1/,4.43,247,0,
2026-05-16T16:14:07.020012,GET,/api/mixed/db/1/,4.7,247,0,
2026-05-16T16:14:07.023307,GET,/api/mixed/pipeline/1/,3.14,82,0,
2026-05-16T16:14:07.059265,GET,/api/mixed/http/,109.32,55353,0,
2026-05-16T16:14:07.070212,GET,/api/mixed/http/,108.41,55353,0,
2026-05-16T16:14:07.076390,GET,/api/mixed/db/1/,4.91,247,0,
2026-05-16T16:14:07.110821,GET,/api/mixed/http/,108.66,55353,0,
2026-05-16T16:14:07.119627,GET,/api/mixed/http/,107.95,55353,0,
2026-05-16T16:14:07.134354,GET,/api/mixed/db/1/,4.49,247,0,
2026-05-16T16:14:07.146875,GET,/api/mixed/db/1/,4.31,247,0,
2026-05-16T16:14:07.152514,GET,/api/mixed/pipeline/1/,5.5,82,0,
2026-05-16T16:14:07.153479,GET,/api/mixed/pipeline/1/,5.47,82,0,
2026-05-16T16:14:07.155627,GET,/api/mixed/pipeline/1/,5.18,82,0,
2026-05-16T16:14:07.158500,GET,/api/mixed/http/,108.93,55353,0,
2026-05-16T16:14:07.159350,GET,/api/mixed/http/,108.57,55353,0,
2026-05-16T16:14:07.181836,GET,/api/mixed/db/1/,4.53,247,0,
2026-05-16T16:14:07.184451,GET,/api/mixed/http/,109.31,55353,0,
2026-05-16T16:14:07.190089,GET,/api/mixed/http/,107.99,55353,0,
2026-05-16T16:14:07.204202,GET,/api/mixed/http/,109.17,55353,0,
2026-05-16T16:14:07.210949,GET,/api/mixed/db/1/,6.6,247,0,
2026-05-16T16:14:07.213367,GET,/api/mixed/pipeline/1/,4.0,82,0,
2026-05-16T16:14:07.221026,GET,/api/mixed/http/,108.95,55353,0,
2026-05-16T16:14:07.231614,GET,/api/mixed/db/1/,6.53,247,0,
2026-05-16T16:14:07.241499,GET,/api/mixed/pipeline/1/,3.61,82,0,
2026-05-16T16:14:07.248485,GET,/api/mixed/db/1/,4.73,247,0,
2026-05-16T16:14:07.253348,GET,/api/mixed/db/1/,4.73,247,0,
2026-05-16T16:14:07.282466,GET,/api/mixed/pipeline/1/,5.74,82,0,
2026-05-16T16:14:07.283238,GET,/api/mixed/http/,109.67,55353,0,
2026-05-16T16:14:07.318173,GET,/api/mixed/pipeline/1/,6.12,82,0,
2026-05-16T16:14:07.328851,GET,/api/mixed/http/,109.18,55353,0,
2026-05-16T16:14:07.334440,GET,/api/mixed/http/,108.22,55353,0,
2026-05-16T16:14:07.347767,GET,/api/mixed/pipeline/1/,4.04,82,0,
2026-05-16T16:14:07.350348,GET,/api/mixed/pipeline/1/,3.81,82,0,
2026-05-16T16:14:07.355005,GET,/api/mixed/http/,108.6,55353,0,
2026-05-16T16:14:07.358149,GET,/api/mixed/http/,108.31,55353,0,
2026-05-16T16:14:07.391286,GET,/api/mixed/http/,110.36,55353,0,
2026-05-16T16:14:07.394055,GET,/api/mixed/pipeline/1/,4.05,82,0,
2026-05-16T16:14:07.411810,GET,/api/mixed/pipeline/1/,6.42,82,0,
2026-05-16T16:14:07.419477,GET,/api/mixed/db/1/,4.19,247,0,
2026-05-16T16:14:07.422573,GET,/api/mixed/http/,109.9,55353,0,
2026-05-16T16:14:07.427749,GET,/api/mixed/db/1/,4.94,247,0,
2026-05-16T16:14:07.439227,GET,/api/mixed/http/,109.11,55353,0,
2026-05-16T16:14:07.439894,GET,/api/mixed/pipeline/1/,3.18,82,0,
2026-05-16T16:14:07.440363,GET,/api/mixed/http/,108.36,55353,0,
2026-05-16T16:14:07.470347,GET,/api/mixed/db/1/,4.12,247,0,
2026-05-16T16:14:07.483562,GET,/api/mixed/pipeline/1/,3.11,82,0,
2026-05-16T16:14:07.498752,GET,/api/mixed/http/,109.35,55353,0,
2026-05-16T16:14:07.501704,GET,/api/mixed/db/1/,4.24,247,0,
2026-05-16T16:14:07.542113,GET,/api/mixed/http/,108.19,55353,0,
2026-05-16T16:14:07.547979,GET,/api/mixed/db/1/,4.58,247,0,
2026-05-16T16:14:07.573438,GET,/api/mixed/pipeline/1/,3.25,82,0,
2026-05-16T16:14:07.582239,GET,/api/mixed/http/,108.66,55353,0,
2026-05-16T16:14:07.582832,GET,/api/mixed/pipeline/1/,4.13,82,0,
2026-05-16T16:14:07.583564,GET,/api/mixed/pipeline/1/,4.32,82,0,
2026-05-16T16:14:07.584449,GET,/api/mixed/db/1/,4.44,247,0,
2026-05-16T16:14:07.595949,GET,/api/mixed/http/,108.1,55353,0,
2026-05-16T16:14:07.647187,GET,/api/mixed/pipeline/1/,2.89,82,0,
2026-05-16T16:14:07.652122,GET,/api/mixed/http/,108.26,55353,0,
2026-05-16T16:14:07.666530,GET,/api/mixed/pipeline/1/,3.41,82,0,
2026-05-16T16:14:07.674083,GET,/api/mixed/pipeline/1/,4.18,82,0,
2026-05-16T16:14:07.710386,GET,/api/mixed/http/,108.23,55353,0,
2026-05-16T16:14:07.724294,GET,/api/mixed/db/1/,4.63,247,0,
2026-05-16T16:14:07.727523,GET,/api/mixed/db/1/,4.8,247,0,
2026-05-16T16:14:07.741311,GET,/api/mixed/http/,108.29,55353,0,
2026-05-16T16:14:07.748768,GET,/api/mixed/http/,108.1,55353,0,
2026-05-16T16:14:07.757757,GET,/api/mixed/pipeline/1/,3.75,82,0,
2026-05-16T16:14:07.758489,GET,/api/mixed/pipeline/1/,3.0,82,0,
2026-05-16T16:14:07.771093,GET,/api/mixed/http/,109.67,55353,0,
2026-05-16T16:14:07.771580,GET,/api/mixed/http/,109.56,55353,0,
2026-05-16T16:14:07.771946,GET,/api/mixed/db/1/,5.27,247,0,
2026-05-16T16:14:07.782666,GET,/api/mixed/http/,108.36,55353,0,
2026-05-16T16:14:07.790227,GET,/api/mixed/http/,109.0,55353,0,
2026-05-16T16:14:07.792327,GET,/api/mixed/db/1/,4.39,247,0,
2026-05-16T16:14:07.802913,GET,/api/mixed/db/1/,4.25,247,0,
2026-05-16T16:14:07.809178,GET,/api/mixed/http/,108.98,55353,0,
2026-05-16T16:14:07.816998,GET,/api/mixed/db/1/,4.59,247,0,
2026-05-16T16:14:07.826004,GET,/api/mixed/pipeline/1/,3.78,82,0,
2026-05-16T16:14:07.865000,GET,/api/mixed/pipeline/1/,3.24,82,0,
2026-05-16T16:14:07.869427,GET,/api/mixed/pipeline/1/,3.21,82,0,
2026-05-16T16:14:07.876846,GET,/api/mixed/pipeline/1/,3.17,82,0,
2026-05-16T16:14:07.898638,GET,/api/mixed/pipeline/1/,3.36,82,0,
2026-05-16T16:14:07.921773,GET,/api/mixed/http/,108.9,55353,0,
2026-05-16T16:14:07.948432,GET,/api/mixed/http/,109.11,55353,0,
2026-05-16T16:14:07.955822,GET,/api/mixed/http/,110.28,55353,0,
2026-05-16T16:14:07.961260,GET,/api/mixed/pipeline/1/,3.37,82,0,
2026-05-16T16:14:07.973873,GET,/api/mixed/pipeline/1/,4.37,82,0,
2026-05-16T16:14:07.977593,GET,/api/mixed/db/1/,5.18,247,0,
2026-05-16T16:14:07.980995,GET,/api/mixed/db/1/,4.47,247,0,
2026-05-16T16:14:07.981989,GET,/api/mixed/db/1/,3.71,247,0,
2026-05-16T16:14:07.994990,GET,/api/mixed/db/1/,4.08,247,0,
2026-05-16T16:14:07.995418,GET,/api/mixed/db/1/,5.09,247,0,
2026-05-16T16:14:07.996385,GET,/api/mixed/db/1/,3.72,247,0,
2026-05-16T16:14:08.008670,GET,/api/mixed/pipeline/1/,4.11,82,0,
2026-05-16T16:14:08.030743,GET,/api/mixed/pipeline/1/,3.85,82,0,
2026-05-16T16:14:08.031147,GET,/api/mixed/pipeline/1/,4.68,82,0,
2026-05-16T16:14:08.033867,GET,/api/mixed/pipeline/1/,2.63,82,0,
2026-05-16T16:14:08.037908,GET,/api/mixed/http/,108.85,55353,0,
2026-05-16T16:14:08.060798,GET,/api/mixed/db/1/,4.05,247,0,
2026-05-16T16:14:08.063001,GET,/api/mixed/http/,108.42,55353,0,
2026-05-16T16:14:08.065798,GET,/api/mixed/db/1/,3.77,247,0,
2026-05-16T16:14:08.080492,GET,/api/mixed/http/,109.78,55353,0,
2026-05-16T16:14:08.101200,GET,/api/mixed/db/1/,4.35,247,0,
2026-05-16T16:14:08.104511,GET,/api/mixed/db/1/,5.02,247,0,
2026-05-16T16:14:08.104908,GET,/api/mixed/db/1/,4.86,247,0,
2026-05-16T16:14:08.113630,GET,/api/mixed/http/,107.78,55353,0,
2026-05-16T16:14:08.117599,GET,/api/mixed/db/1/,3.86,247,0,
2026-05-16T16:14:08.119435,GET,/api/mixed/pipeline/1/,3.2,82,0,
2026-05-16T16:14:08.126545,GET,/api/mixed/http/,107.65,55353,0,
2026-05-16T16:14:08.129066,GET,/api/mixed/http/,107.58,55353,0,
2026-05-16T16:14:08.134586,GET,/api/mixed/http/,108.54,55353,0,
2026-05-16T16:14:08.136603,GET,/api/mixed/http/,108.01,55353,0,
2026-05-16T16:14:08.142327,GET,/api/mixed/db/1/,3.84,247,0,
2026-05-16T16:14:08.147889,GET,/api/mixed/http/,107.72,55353,0,
2026-05-16T16:14:08.150809,GET,/api/mixed/db/1/,4.32,247,0,
2026-05-16T16:14:08.158003,GET,/api/mixed/db/1/,3.85,247,0,
2026-05-16T16:14:08.163212,GET,/api/mixed/db/1/,3.8,247,0,
2026-05-16T16:14:08.171242,GET,/api/mixed/db/1/,3.67,247,0,
2026-05-16T16:14:08.181178,GET,/api/mixed/db/1/,4.82,247,0,
2026-05-16T16:14:08.186416,GET,/api/mixed/http/,108.41,55353,0,
2026-05-16T16:14:08.200779,GET,/api/mixed/db/1/,4.02,247,0,
2026-05-16T16:14:08.221286,GET,/api/mixed/db/1/,4.17,247,0,
2026-05-16T16:14:08.234357,GET,/api/mixed/db/1/,3.77,247,0,
2026-05-16T16:14:08.244041,GET,/api/mixed/http/,108.45,55353,0,
2026-05-16T16:14:08.251380,GET,/api/mixed/db/1/,3.91,247,0,
2026-05-16T16:14:08.254952,GET,/api/mixed/pipeline/1/,4.98,82,0,
2026-05-16T16:14:08.274185,GET,/api/mixed/pipeline/1/,2.86,82,0,
2026-05-16T16:14:08.284492,GET,/api/mixed/http/,108.87,55353,0,
2026-05-16T16:14:08.285528,GET,/api/mixed/http/,110.95,55353,0,
2026-05-16T16:14:08.318994,GET,/api/mixed/pipeline/1/,3.93,82,0,
2026-05-16T16:14:08.332474,GET,/api/mixed/pipeline/1/,3.12,82,0,
2026-05-16T16:14:08.343823,GET,/api/mixed/pipeline/1/,3.0,82,0,
2026-05-16T16:14:08.352150,GET,/api/mixed/db/1/,4.07,247,0,
2026-05-16T16:14:08.360178,GET,/api/mixed/http/,107.88,55353,0,
2026-05-16T16:14:08.360655,GET,/api/mixed/http/,109.08,55353,0,
2026-05-16T16:14:08.389909,GET,/api/mixed/pipeline/1/,3.92,82,0,
2026-05-16T16:14:08.390591,GET,/api/mixed/db/1/,4.04,247,0,
2026-05-16T16:14:08.392997,GET,/api/mixed/http/,108.33,55353,0,
2026-05-16T16:14:08.446515,GET,/api/mixed/db/1/,3.88,247,0,
2026-05-16T16:14:08.450482,GET,/api/mixed/db/1/,3.58,247,0,
2026-05-16T16:14:08.465859,GET,/api/mixed/pipeline/1/,3.0,82,0,
2026-05-16T16:14:08.495049,GET,/api/mixed/http/,107.88,55353,0,
2026-05-16T16:14:08.496483,GET,/api/mixed/db/1/,3.88,247,0,
2026-05-16T16:14:08.498312,GET,/api/mixed/pipeline/1/,3.14,82,0,
2026-05-16T16:14:08.504557,GET,/api/mixed/http/,108.21,55353,0,
2026-05-16T16:14:08.516067,GET,/api/mixed/db/1/,4.28,247,0,
2026-05-16T16:14:08.518374,GET,/api/mixed/pipeline/1/,3.93,82,0,
2026-05-16T16:14:08.543801,GET,/api/mixed/db/1/,4.27,247,0,
2026-05-16T16:14:08.546569,GET,/api/mixed/http/,107.8,55353,0,
2026-05-16T16:14:08.554596,GET,/api/mixed/http/,109.44,55353,0,
2026-05-16T16:14:08.568247,GET,/api/mixed/pipeline/1/,2.73,82,0,
2026-05-16T16:14:08.576374,GET,/api/mixed/pipeline/1/,2.85,82,0,
2026-05-16T16:14:08.590032,GET,/api/mixed/pipeline/1/,3.21,82,0,
2026-05-16T16:14:08.591525,GET,/api/mixed/db/1/,3.89,247,0,
2026-05-16T16:14:08.593270,GET,/api/mixed/pipeline/1/,3.11,82,0,
2026-05-16T16:14:08.600580,GET,/api/mixed/http/,108.5,55353,0,
2026-05-16T16:14:08.601101,GET,/api/mixed/db/1/,3.66,247,0,
2026-05-16T16:14:08.626057,GET,/api/mixed/http/,108.5,55353,0,
2026-05-16T16:14:08.630226,GET,/api/mixed/pipeline/1/,2.79,82,0,
2026-05-16T16:14:08.652096,GET,/api/mixed/pipeline/1/,3.13,82,0,
2026-05-16T16:14:08.667312,GET,/api/mixed/http/,109.33,55353,0,
2026-05-16T16:14:08.667860,GET,/api/mixed/http/,108.93,55353,0,
2026-05-16T16:14:08.668350,GET,/api/mixed/db/1/,6.02,247,0,
2026-05-16T16:14:08.676142,GET,/api/mixed/db/1/,4.53,247,0,
2026-05-16T16:14:08.695205,GET,/api/mixed/http/,109.46,55353,0,
2026-05-16T16:14:08.704438,GET,/api/mixed/pipeline/1/,2.91,82,0,
2026-05-16T16:14:08.722739,GET,/api/mixed/db/1/,5.07,247,0,
2026-05-16T16:14:08.731338,GET,/api/mixed/pipeline/1/,4.22,82,0,
2026-05-16T16:14:08.732464,GET,/api/mixed/db/1/,3.85,247,0,
2026-05-16T16:14:08.736398,GET,/api/mixed/pipeline/1/,2.76,82,0,
2026-05-16T16:14:08.750658,GET,/api/mixed/pipeline/1/,2.9,82,0,
2026-05-16T16:14:08.757142,GET,/api/mixed/http/,108.71,55353,0,
2026-05-16T16:14:08.764236,GET,/api/mixed/pipeline/1/,2.74,82,0,
2026-05-16T16:14:08.772425,GET,/api/mixed/db/1/,3.85,247,0,
2026-05-16T16:14:08.777439,GET,/api/mixed/pipeline/1/,2.67,82,0,
2026-05-16T16:14:08.798961,GET,/api/mixed/db/1/,4.55,247,0,
2026-05-16T16:14:08.807205,GET,/api/mixed/db/1/,3.83,247,0,
2026-05-16T16:14:08.827416,GET,/api/mixed/http/,109.19,55353,0,
2026-05-16T16:14:08.828675,GET,/api/mixed/pipeline/1/,4.2,82,0,
2026-05-16T16:14:08.830303,GET,/api/mixed/db/1/,5.23,247,0,
2026-05-16T16:14:08.844658,GET,/api/mixed/http/,117.05,55353,0,
2026-05-16T16:14:08.851399,GET,/api/mixed/db/1/,8.7,247,0,
2026-05-16T16:14:08.860665,GET,/api/mixed/db/1/,5.83,247,0,
2026-05-16T16:14:08.866268,GET,/api/mixed/db/1/,7.12,247,0,
2026-05-16T16:14:08.882365,GET,/api/mixed/pipeline/1/,4.06,82,0,
2026-05-16T16:14:08.893810,GET,/api/mixed/http/,108.21,55353,0,
2026-05-16T16:14:08.937900,GET,/api/mixed/db/1/,4.19,247,0,
2026-05-16T16:14:08.957911,GET,/api/mixed/http/,109.71,55353,0,
2026-05-16T16:14:08.974826,GET,/api/mixed/db/1/,4.6,247,0,
2026-05-16T16:14:08.975238,GET,/api/mixed/db/1/,4.48,247,0,
2026-05-16T16:14:08.982618,GET,/api/mixed/http/,108.0,55353,0,
2026-05-16T16:14:09.008891,GET,/api/mixed/db/1/,4.01,247,0,
2026-05-16T16:14:09.025876,GET,/api/mixed/http/,107.73,55353,0,
2026-05-16T16:14:09.032673,GET,/api/mixed/http/,107.81,55353,0,
2026-05-16T16:14:09.041548,GET,/api/mixed/http/,108.32,55353,0,
2026-05-16T16:14:09.045467,GET,/api/mixed/db/1/,3.79,247,0,
2026-05-16T16:14:09.073976,GET,/api/mixed/db/1/,4.15,247,0,
2026-05-16T16:14:09.084275,GET,/api/mixed/pipeline/1/,2.94,82,0,
2026-05-16T16:14:09.100515,GET,/api/mixed/pipeline/1/,3.29,82,0,
2026-05-16T16:14:09.101193,GET,/api/mixed/db/1/,4.48,247,0,
2026-05-16T16:14:09.110418,GET,/api/mixed/pipeline/1/,2.89,82,0,
2026-05-16T16:14:09.126723,GET,/api/mixed/pipeline/1/,2.95,82,0,
2026-05-16T16:14:09.141204,GET,/api/mixed/http/,108.14,55353,0,
2026-05-16T16:14:09.142074,GET,/api/mixed/http/,110.93,55353,0,
2026-05-16T16:14:09.155661,GET,/api/mixed/db/1/,4.88,247,0,
2026-05-16T16:14:09.177871,GET,/api/mixed/pipeline/1/,3.03,82,0,
2026-05-16T16:14:09.192074,GET,/api/mixed/pipeline/1/,2.88,82,0,
2026-05-16T16:14:09.192492,GET,/api/mixed/db/1/,4.39,247,0,
2026-05-16T16:14:09.208269,GET,/api/mixed/db/1/,4.46,247,0,
2026-05-16T16:14:09.233959,GET,/api/mixed/db/1/,3.97,247,0,
2026-05-16T16:14:09.242198,GET,/api/mixed/http/,109.15,55353,0,
2026-05-16T16:14:09.246009,GET,/api/mixed/db/1/,4.84,247,0,
2026-05-16T16:14:09.259257,GET,/api/mixed/http/,109.93,55353,0,
2026-05-16T16:14:09.260207,GET,/api/mixed/pipeline/1/,2.95,82,0,
2026-05-16T16:14:09.266403,GET,/api/mixed/pipeline/1/,2.85,82,0,
2026-05-16T16:14:09.306986,GET,/api/mixed/pipeline/1/,3.09,82,0,
2026-05-16T16:14:09.315502,GET,/api/mixed/http/,108.12,55353,0,
2026-05-16T16:14:09.323295,GET,/api/mixed/pipeline/1/,2.73,82,0,
2026-05-16T16:14:09.329259,GET,/api/mixed/db/1/,3.77,247,0,
2026-05-16T16:14:09.330056,GET,/api/mixed/http/,107.67,55353,0,
2026-05-16T16:14:09.352520,GET,/api/mixed/http/,108.19,55353,0,
2026-05-16T16:14:09.373003,GET,/api/mixed/pipeline/1/,3.11,82,0,
2026-05-16T16:14:09.378150,GET,/api/mixed/pipeline/1/,2.74,82,0,
2026-05-16T16:14:09.400548,GET,/api/mixed/pipeline/1/,2.83,82,0,
2026-05-16T16:14:09.425192,GET,/api/mixed/pipeline/1/,2.86,82,0,
2026-05-16T16:14:09.425687,GET,/api/mixed/http/,107.82,55353,0,
2026-05-16T16:14:09.436551,GET,/api/mixed/http/,108.65,55353,0,
2026-05-16T16:14:09.443908,GET,/api/mixed/db/1/,5.07,247,0,
2026-05-16T16:14:09.444350,GET,/api/mixed/db/1/,4.31,247,0,
2026-05-16T16:14:09.444723,GET,/api/mixed/db/1/,4.27,247,0,
2026-05-16T16:14:09.448006,GET,/api/mixed/http/,107.61,55353,0,
2026-05-16T16:14:09.454845,GET,/api/mixed/http/,108.0,55353,0,
2026-05-16T16:14:09.467725,GET,/api/mixed/pipeline/1/,3.45,82,0,
2026-05-16T16:14:09.485238,GET,/api/mixed/db/1/,4.13,247,0,
2026-05-16T16:14:09.494938,GET,/api/mixed/http/,108.49,55353,0,
2026-05-16T16:14:09.495372,GET,/api/mixed/db/1/,4.92,247,0,
2026-05-16T16:14:09.501087,GET,/api/mixed/http/,109.03,55353,0,
2026-05-16T16:14:09.502371,GET,/api/mixed/db/1/,4.79,247,0,
2026-05-16T16:14:09.521909,GET,/api/mixed/http/,108.04,55353,0,
2026-05-16T16:14:09.536958,GET,/api/mixed/pipeline/1/,3.7,82,0,
2026-05-16T16:14:09.537687,GET,/api/mixed/db/1/,3.9,247,0,
2026-05-16T16:14:09.543897,GET,/api/mixed/http/,108.29,55353,0,
2026-05-16T16:14:09.550183,GET,/api/mixed/db/1/,3.92,247,0,
2026-05-16T16:14:09.569652,GET,/api/mixed/pipeline/1/,3.15,82,0,
2026-05-16T16:14:09.570268,GET,/api/mixed/db/1/,4.22,247,0,
2026-05-16T16:14:09.576153,GET,/api/mixed/pipeline/1/,3.57,82,0,
2026-05-16T16:14:09.606131,GET,/api/mixed/db/1/,4.06,247,0,
2026-05-16T16:14:09.611287,GET,/api/mixed/http/,107.5,55353,0,
2026-05-16T16:14:09.619173,GET,/api/mixed/http/,107.9,55353,0,
2026-05-16T16:14:09.620380,GET,/api/mixed/db/1/,3.86,247,0,
2026-05-16T16:14:09.642562,GET,/api/mixed/db/1/,4.0,247,0,
2026-05-16T16:14:09.646811,GET,/api/mixed/db/1/,4.08,247,0,
2026-05-16T16:14:09.657107,GET,/api/mixed/pipeline/1/,2.93,82,0,
2026-05-16T16:14:09.662198,GET,/api/mixed/db/1/,3.74,247,0,
2026-05-16T16:14:09.669182,GET,/api/mixed/http/,107.82,55353,0,
2026-05-16T16:14:09.697300,GET,/api/mixed/http/,107.9,55353,0,
2026-05-16T16:14:09.709272,GET,/api/mixed/pipeline/1/,3.02,82,0,
2026-05-16T16:14:09.710369,GET,/api/mixed/pipeline/1/,2.74,82,0,
2026-05-16T16:14:09.718033,GET,/api/mixed/pipeline/1/,3.36,82,0,
2026-05-16T16:14:09.725665,GET,/api/mixed/db/1/,4.36,247,0,
2026-05-16T16:14:09.731848,GET,/api/mixed/pipeline/1/,2.99,82,0,
2026-05-16T16:14:09.753298,GET,/api/mixed/pipeline/1/,6.18,82,0,
2026-05-16T16:14:09.755857,GET,/api/mixed/pipeline/1/,3.51,82,0,
2026-05-16T16:14:09.761302,GET,/api/mixed/pipeline/1/,3.15,82,0,
2026-05-16T16:14:09.773019,GET,/api/mixed/http/,107.63,55353,0,
2026-05-16T16:14:09.781323,GET,/api/mixed/pipeline/1/,2.98,82,0,
2026-05-16T16:14:09.800745,GET,/api/mixed/db/1/,4.11,247,0,
2026-05-16T16:14:09.804616,GET,/api/mixed/db/1/,3.75,247,0,
2026-05-16T16:14:09.809726,GET,/api/mixed/http/,108.07,55353,0,
2026-05-16T16:14:09.819817,GET,/api/mixed/pipeline/1/,2.75,82,0,
2026-05-16T16:14:09.898333,GET,/api/mixed/pipeline/1/,4.26,82,0,
2026-05-16T16:14:09.898895,GET,/api/mixed/pipeline/1/,3.6,82,0,
2026-05-16T16:14:09.912142,GET,/api/mixed/pipeline/1/,4.08,82,0,
2026-05-16T16:14:09.912938,GET,/api/mixed/db/1/,5.77,247,0,
2026-05-16T16:14:09.913685,GET,/api/mixed/db/1/,5.99,247,0,
2026-05-16T16:14:09.914783,GET,/api/mixed/http/,108.95,55353,0,
2026-05-16T16:14:09.928806,GET,/api/mixed/pipeline/1/,3.1,82,0,
2026-05-16T16:14:09.940716,GET,/api/mixed/http/,108.54,55353,0,
2026-05-16T16:14:09.962577,GET,/api/mixed/http/,107.89,55353,0,
2026-05-16T16:14:09.965821,GET,/api/mixed/pipeline/1/,3.08,82,0,
2026-05-16T16:14:09.970314,GET,/api/mixed/http/,108.86,55353,0,
2026-05-16T16:14:09.990172,GET,/api/mixed/db/1/,4.01,247,0,
2026-05-16T16:14:10.002774,GET,/api/mixed/pipeline/1/,4.29,82,0,
2026-05-16T16:14:10.003258,GET,/api/mixed/pipeline/1/,2.68,82,0,
2026-05-16T16:14:10.003643,GET,/api/mixed/db/1/,6.17,247,0,
2026-05-16T16:14:10.022946,GET,/api/mixed/pipeline/1/,3.55,82,0,
2026-05-16T16:14:10.026103,GET,/api/mixed/pipeline/1/,4.08,82,0,
2026-05-16T16:14:10.034488,GET,/api/mixed/http/,109.32,55353,0,
2026-05-16T16:14:10.046584,GET,/api/mixed/http/,108.59,55353,0,
2026-05-16T16:14:10.047414,GET,/api/mixed/http/,108.32,55353,0,
2026-05-16T16:14:10.048630,GET,/api/mixed/http/,107.46,55353,0,
2026-05-16T16:14:10.050075,GET,/api/mixed/http/,107.64,55353,0,
2026-05-16T16:14:10.069092,GET,/api/mixed/db/1/,4.0,247,0,
2026-05-16T16:14:10.080454,GET,/api/mixed/http/,107.9,55353,0,
2026-05-16T16:14:10.085975,GET,/api/mixed/db/1/,4.26,247,0,
2026-05-16T16:14:10.092680,GET,/api/mixed/pipeline/1/,3.47,82,0,
2026-05-16T16:14:10.096137,GET,/api/mixed/pipeline/1/,3.31,82,0,
2026-05-16T16:14:10.103782,GET,/api/mixed/pipeline/1/,3.13,82,0,
2026-05-16T16:14:10.120268,GET,/api/mixed/db/1/,4.11,247,0,
2026-05-16T16:14:10.127159,GET,/api/mixed/http/,108.3,55353,0,
2026-05-16T16:14:10.150999,GET,/api/mixed/pipeline/1/,3.46,82,0,
2026-05-16T16:14:10.159033,GET,/api/mixed/pipeline/1/,2.81,82,0,
2026-05-16T16:14:10.160364,GET,/api/mixed/http/,107.96,55353,0,
2026-05-16T16:14:10.173063,GET,/api/mixed/pipeline/1/,2.8,82,0,
2026-05-16T16:14:10.179925,GET,/api/mixed/pipeline/1/,3.48,82,0,
2026-05-16T16:14:10.182795,GET,/api/mixed/db/1/,3.93,247,0,
2026-05-16T16:14:10.202474,GET,/api/mixed/pipeline/1/,2.85,82,0,
2026-05-16T16:14:10.216671,GET,/api/mixed/db/1/,3.86,247,0,
2026-05-16T16:14:10.256507,GET,/api/mixed/http/,107.64,55353,0,
2026-05-16T16:14:10.266720,GET,/api/mixed/db/1/,4.01,247,0,
2026-05-16T16:14:10.273446,GET,/api/mixed/http/,107.92,55353,0,
2026-05-16T16:14:10.274859,GET,/api/mixed/db/1/,3.87,247,0,
2026-05-16T16:14:10.286554,GET,/api/mixed/db/1/,4.19,247,0,
2026-05-16T16:14:10.297643,GET,/api/mixed/pipeline/1/,2.89,82,0,
2026-05-16T16:14:10.298940,GET,/api/mixed/db/1/,4.72,247,0,
2026-05-16T16:14:10.303655,GET,/api/mixed/http/,107.52,55353,0,
2026-05-16T16:14:10.315988,GET,/api/mixed/pipeline/1/,3.22,82,0,
2026-05-16T16:14:10.328302,GET,/api/mixed/http/,108.23,55353,0,
2026-05-16T16:14:10.335056,GET,/api/mixed/pipeline/1/,4.04,82,0,
2026-05-16T16:14:10.335581,GET,/api/mixed/pipeline/1/,4.0,82,0,
2026-05-16T16:14:10.354979,GET,/api/mixed/db/1/,4.11,247,0,
2026-05-16T16:14:10.379975,GET,/api/mixed/db/1/,4.61,247,0,
2026-05-16T16:14:10.385815,GET,/api/mixed/http/,109.61,55353,0,
2026-05-16T16:14:10.388043,GET,/api/mixed/pipeline/1/,4.79,82,0,
2026-05-16T16:14:10.388459,GET,/api/mixed/pipeline/1/,4.69,82,0,
2026-05-16T16:14:10.390493,GET,/api/mixed/http/,108.59,55353,0,
2026-05-16T16:14:10.394044,GET,/api/mixed/http/,108.89,55353,0,
2026-05-16T16:14:10.396720,GET,/api/mixed/pipeline/1/,3.57,82,0,
2026-05-16T16:14:10.398772,GET,/api/mixed/db/1/,4.49,247,0,
2026-05-16T16:14:10.402769,GET,/api/mixed/pipeline/1/,2.72,82,0,
2026-05-16T16:14:10.416980,GET,/api/mixed/http/,107.95,55353,0,
2026-05-16T16:14:10.423246,GET,/api/mixed/http/,108.08,55353,0,
2026-05-16T16:14:10.433355,GET,/api/mixed/db/1/,3.74,247,0,
2026-05-16T16:14:10.435153,GET,/api/mixed/http/,108.07,55353,0,
2026-05-16T16:14:10.459220,GET,/api/mixed/db/1/,3.93,247,0,
2026-05-16T16:14:10.466430,GET,/api/mixed/pipeline/1/,2.8,82,0,
2026-05-16T16:14:10.474474,GET,/api/mixed/pipeline/1/,2.65,82,0,
2026-05-16T16:14:10.484142,GET,/api/mixed/http/,107.71,55353,0,
2026-05-16T16:14:10.485930,GET,/api/mixed/http/,108.16,55353,0,
2026-05-16T16:14:10.500172,GET,/api/mixed/http/,108.43,55353,0,
2026-05-16T16:14:10.520945,GET,/api/mixed/http/,107.95,55353,0,
2026-05-16T16:14:10.521382,GET,/api/mixed/db/1/,4.45,247,0,
2026-05-16T16:14:10.536958,GET,/api/mixed/http/,108.43,55353,0,
2026-05-16T16:14:10.543048,GET,/api/mixed/http/,107.79,55353,0,
2026-05-16T16:14:10.545715,GET,/api/mixed/http/,107.94,55353,0,
2026-05-16T16:14:10.559859,GET,/api/mixed/db/1/,3.99,247,0,
2026-05-16T16:14:10.562519,GET,/api/mixed/db/1/,4.08,247,0,
2026-05-16T16:14:10.592659,GET,/api/mixed/db/1/,4.12,247,0,
2026-05-16T16:14:10.607450,GET,/api/mixed/http/,109.29,55353,0,
2026-05-16T16:14:10.613632,GET,/api/mixed/pipeline/1/,2.78,82,0,
2026-05-16T16:14:10.624271,GET,/api/mixed/db/1/,4.29,247,0,
2026-05-16T16:14:10.627717,GET,/api/mixed/db/1/,4.36,247,0,
2026-05-16T16:14:10.637922,GET,/api/mixed/http/,108.2,55353,0,
2026-05-16T16:14:10.641441,GET,/api/mixed/db/1/,4.46,247,0,
2026-05-16T16:14:10.652948,GET,/api/mixed/http/,108.67,55353,0,
2026-05-16T16:14:10.653662,GET,/api/mixed/http/,108.92,55353,0,
2026-05-16T16:14:10.668755,GET,/api/mixed/pipeline/1/,3.03,82,0,
2026-05-16T16:14:10.669989,GET,/api/mixed/db/1/,4.78,247,0,
2026-05-16T16:14:10.674047,GET,/api/mixed/pipeline/1/,2.71,82,0,
2026-05-16T16:14:10.683433,GET,/api/mixed/http/,107.58,55353,0,
2026-05-16T16:14:10.702820,GET,/api/mixed/pipeline/1/,3.07,82,0,
2026-05-16T16:14:10.718078,GET,/api/mixed/db/1/,3.94,247,0,
2026-05-16T16:14:10.720795,GET,/api/mixed/db/1/,4.14,247,0,
2026-05-16T16:14:10.735451,GET,/api/mixed/pipeline/1/,3.35,82,0,
2026-05-16T16:14:10.740820,GET,/api/mixed/pipeline/1/,3.23,82,0,
2026-05-16T16:14:10.741219,GET,/api/mixed/pipeline/1/,3.22,82,0,
2026-05-16T16:14:10.754257,GET,/api/mixed/pipeline/1/,3.87,82,0,
2026-05-16T16:14:10.756093,GET,/api/mixed/pipeline/1/,3.03,82,0,
2026-05-16T16:14:10.760234,GET,/api/mixed/http/,108.57,55353,0,
2026-05-16T16:14:10.767579,GET,/api/mixed/db/1/,3.95,247,0,
2026-05-16T16:14:10.780010,GET,/api/mixed/db/1/,3.87,247,0,
2026-05-16T16:14:10.794520,GET,/api/mixed/pipeline/1/,4.24,82,0,
2026-05-16T16:14:10.804395,GET,/api/mixed/http/,108.68,55353,0,
2026-05-16T16:14:10.842761,GET,/api/mixed/http/,108.17,55353,0,
2026-05-16T16:14:10.860574,GET,/api/mixed/pipeline/1/,2.97,82,0,
2026-05-16T16:14:10.878986,GET,/api/mixed/http/,108.26,55353,0,
2026-05-16T16:14:10.885164,GET,/api/mixed/pipeline/1/,3.87,82,0,
2026-05-16T16:14:10.913750,GET,/api/mixed/http/,107.95,55353,0,
2026-05-16T16:14:10.917700,GET,/api/mixed/http/,108.21,55353,0,
2026-05-16T16:14:10.939637,GET,/api/mixed/db/1/,3.96,247,0,
2026-05-16T16:14:10.942491,GET,/api/mixed/pipeline/1/,2.74,82,0,
2026-05-16T16:14:10.964815,GET,/api/mixed/db/1/,4.57,247,0,
2026-05-16T16:14:10.965259,GET,/api/mixed/db/1/,3.98,247,0,
2026-05-16T16:14:10.966188,GET,/api/mixed/http/,109.08,55353,0,
2026-05-16T16:14:10.969302,GET,/api/mixed/pipeline/1/,3.0,82,0,
2026-05-16T16:14:10.976176,GET,/api/mixed/pipeline/1/,3.23,82,0,
2026-05-16T16:14:10.978745,GET,/api/mixed/http/,107.91,55353,0,
2026-05-16T16:14:10.979803,GET,/api/mixed/db/1/,4.47,247,0,
2026-05-16T16:14:10.990709,GET,/api/mixed/http/,110.38,55353,0,
2026-05-16T16:14:10.991221,GET,/api/mixed/http/,108.15,55353,0,
2026-05-16T16:14:10.995957,GET,/api/mixed/pipeline/1/,3.55,82,0,
2026-05-16T16:14:11.006526,GET,/api/mixed/pipeline/1/,3.1,82,0,
2026-05-16T16:14:11.017545,GET,/api/mixed/http/,107.9,55353,0,
2026-05-16T16:14:11.019565,GET,/api/mixed/pipeline/1/,3.33,82,0,
2026-05-16T16:14:11.027301,GET,/api/mixed/pipeline/1/,3.49,82,0,
2026-05-16T16:14:11.028744,GET,/api/mixed/http/,107.71,55353,0,
2026-05-16T16:14:11.029384,GET,/api/mixed/pipeline/1/,3.24,82,0,
2026-05-16T16:14:11.047825,GET,/api/mixed/db/1/,4.18,247,0,
2026-05-16T16:14:11.053426,GET,/api/mixed/http/,107.62,55353,0,
2026-05-16T16:14:11.072124,GET,/api/mixed/pipeline/1/,2.95,82,0,
2026-05-16T16:14:11.074338,GET,/api/mixed/http/,108.99,55353,0,
2026-05-16T16:14:11.078500,GET,/api/mixed/http/,107.89,55353,0,
2026-05-16T16:14:11.111713,GET,/api/mixed/db/1/,4.28,247,0,
2026-05-16T16:14:11.121503,GET,/api/mixed/http/,108.7,55353,0,
2026-05-16T16:14:11.136862,GET,/api/mixed/pipeline/1/,3.12,82,0,
2026-05-16T16:14:11.159174,GET,/api/mixed/http/,109.08,55353,0,
2026-05-16T16:14:11.168788,GET,/api/mixed/db/1/,3.86,247,0,
2026-05-16T16:14:11.170511,GET,/api/mixed/http/,107.78,55353,0,
2026-05-16T16:14:11.177782,GET,/api/mixed/pipeline/1/,3.96,82,0,
2026-05-16T16:14:11.178195,GET,/api/mixed/pipeline/1/,2.56,82,0,
2026-05-16T16:14:11.185559,GET,/api/mixed/pipeline/1/,3.03,82,0,
2026-05-16T16:14:11.197054,GET,/api/mixed/http/,108.17,55353,0,
2026-05-16T16:14:11.204549,GET,/api/mixed/db/1/,4.32,247,0,
2026-05-16T16:14:11.206920,GET,/api/mixed/pipeline/1/,4.18,82,0,
2026-05-16T16:14:11.213926,GET,/api/mixed/http/,108.01,55353,0,
2026-05-16T16:14:11.214379,GET,/api/mixed/pipeline/1/,3.24,82,0,
2026-05-16T16:14:11.218280,GET,/api/mixed/pipeline/1/,2.74,82,0,
2026-05-16T16:14:11.229809,GET,/api/mixed/db/1/,4.22,247,0,
2026-05-16T16:14:11.230885,GET,/api/mixed/db/1/,4.87,247,0,
2026-05-16T16:14:11.234527,GET,/api/mixed/db/1/,4.6,247,0,
2026-05-16T16:14:11.266269,GET,/api/mixed/http/,108.2,55353,0,
2026-05-16T16:14:11.282912,GET,/api/mixed/http/,108.01,55353,0,
2026-05-16T16:14:11.299499,GET,/api/mixed/db/1/,4.27,247,0,
2026-05-16T16:14:11.348999,GET,/api/mixed/pipeline/1/,3.12,82,0,
2026-05-16T16:14:11.373897,GET,/api/mixed/pipeline/1/,2.95,82,0,
2026-05-16T16:14:11.375119,GET,/api/mixed/http/,107.48,55353,0,
2026-05-16T16:14:11.387878,GET,/api/mixed/http/,107.81,55353,0,
2026-05-16T16:14:11.407267,GET,/api/mixed/http/,108.68,55353,0,
2026-05-16T16:14:11.407780,GET,/api/mixed/db/1/,5.73,247,0,
2026-05-16T16:14:11.415715,GET,/api/mixed/pipeline/1/,3.66,82,0,
2026-05-16T16:14:11.438819,GET,/api/mixed/pipeline/1/,3.7,82,0,
2026-05-16T16:14:11.473141,GET,/api/mixed/pipeline/1/,4.29,82,0,
2026-05-16T16:14:11.473944,GET,/api/mixed/db/1/,4.37,247,0,
2026-05-16T16:14:11.477570,GET,/api/mixed/http/,110.13,55353,0,
2026-05-16T16:14:11.504367,GET,/api/mixed/pipeline/1/,3.04,82,0,
2026-05-16T16:14:11.510588,GET,/api/mixed/http/,108.05,55353,0,
2026-05-16T16:14:11.519760,GET,/api/mixed/pipeline/1/,2.82,82,0,
2026-05-16T16:14:11.535599,GET,/api/mixed/pipeline/1/,2.87,82,0,
2026-05-16T16:14:11.543148,GET,/api/mixed/http/,109.17,55353,0,
2026-05-16T16:14:11.544717,GET,/api/mixed/db/1/,4.83,247,0,
2026-05-16T16:14:11.545179,GET,/api/mixed/db/1/,4.6,247,0,
2026-05-16T16:14:11.546175,GET,/api/mixed/http/,108.44,55353,0,
2026-05-16T16:14:11.552687,GET,/api/mixed/http/,107.88,55353,0,
2026-05-16T16:14:11.553563,GET,/api/mixed/db/1/,4.14,247,0,
2026-05-16T16:14:11.584787,GET,/api/mixed/http/,108.84,55353,0,
2026-05-16T16:14:11.587257,GET,/api/mixed/http/,107.79,55353,0,
2026-05-16T16:14:11.597154,GET,/api/mixed/pipeline/1/,4.53,82,0,
2026-05-16T16:14:11.597736,GET,/api/mixed/pipeline/1/,4.2,82,0,
2026-05-16T16:14:11.598584,GET,/api/mixed/db/1/,5.44,247,0,
2026-05-16T16:14:11.614171,GET,/api/mixed/http/,107.64,55353,0,
2026-05-16T16:14:11.614601,GET,/api/mixed/pipeline/1/,2.78,82,0,
2026-05-16T16:14:11.619533,GET,/api/mixed/db/1/,3.67,247,0,
2026-05-16T16:14:11.625002,GET,/api/mixed/db/1/,4.08,247,0,
2026-05-16T16:14:11.631808,GET,/api/mixed/http/,107.66,55353,0,
2026-05-16T16:14:11.672526,GET,/api/mixed/pipeline/1/,3.51,82,0,
2026-05-16T16:14:11.698012,GET,/api/mixed/db/1/,4.17,247,0,
2026-05-16T16:14:11.700704,GET,/api/mixed/pipeline/1/,3.97,82,0,
2026-05-16T16:14:11.703604,GET,/api/mixed/http/,108.54,55353,0,
2026-05-16T16:14:11.710803,GET,/api/mixed/pipeline/1/,2.84,82,0,
2026-05-16T16:14:11.729069,GET,/api/mixed/pipeline/1/,2.92,82,0,
2026-05-16T16:14:11.734904,GET,/api/mixed/http/,107.66,55353,0,
2026-05-16T16:14:11.738025,GET,/api/mixed/db/1/,4.25,247,0,
2026-05-16T16:14:11.738437,GET,/api/mixed/db/1/,5.15,247,0,
2026-05-16T16:14:11.745506,GET,/api/mixed/pipeline/1/,2.93,82,0,
2026-05-16T16:14:11.763930,GET,/api/mixed/pipeline/1/,3.06,82,0,
2026-05-16T16:14:11.778020,GET,/api/mixed/db/1/,4.43,247,0,
2026-05-16T16:14:11.778453,GET,/api/mixed/db/1/,3.95,247,0,
2026-05-16T16:14:11.779579,GET,/api/mixed/http/,107.9,55353,0,
2026-05-16T16:14:11.795700,GET,/api/mixed/http/,108.05,55353,0,
2026-05-16T16:14:11.801992,GET,/api/mixed/http/,109.51,55353,0,
2026-05-16T16:14:11.805740,GET,/api/mixed/http/,108.53,55353,0,
2026-05-16T16:14:11.822216,GET,/api/mixed/db/1/,5.14,247,0,
2026-05-16T16:14:11.825346,GET,/api/mixed/pipeline/1/,4.0,82,0,
2026-05-16T16:14:11.827470,GET,/api/mixed/pipeline/1/,3.84,82,0,
2026-05-16T16:14:11.832792,GET,/api/mixed/pipeline/1/,3.13,82,0,
2026-05-16T16:14:11.843386,GET,/api/mixed/db/1/,4.31,247,0,
2026-05-16T16:14:11.850247,GET,/api/mixed/db/1/,3.53,247,0,
2026-05-16T16:14:11.862601,GET,/api/mixed/pipeline/1/,2.95,82,0,
2026-05-16T16:14:11.868992,GET,/api/mixed/db/1/,5.02,247,0,
2026-05-16T16:14:11.872013,GET,/api/mixed/db/1/,4.16,247,0,
2026-05-16T16:14:11.877715,GET,/api/mixed/http/,107.65,55353,0,
2026-05-16T16:14:11.880756,GET,/api/mixed/db/1/,4.54,247,0,
2026-05-16T16:14:11.881165,GET,/api/mixed/db/1/,4.48,247,0,
2026-05-16T16:14:11.886123,GET,/api/mixed/pipeline/1/,2.74,82,0,
2026-05-16T16:14:11.894464,GET,/api/mixed/http/,107.65,55353,0,
2026-05-16T16:14:11.905687,GET,/api/mixed/http/,107.76,55353,0,
2026-05-16T16:14:11.913560,GET,/api/mixed/db/1/,3.73,247,0,
2026-05-16T16:14:11.923660,GET,/api/mixed/pipeline/1/,2.9,82,0,
2026-05-16T16:14:11.925447,GET,/api/mixed/http/,107.87,55353,0,
2026-05-16T16:14:11.930677,GET,/api/mixed/http/,107.73,55353,0,
2026-05-16T16:14:11.939579,GET,/api/mixed/db/1/,3.89,247,0,
2026-05-16T16:14:11.946288,GET,/api/mixed/db/1/,4.37,247,0,
2026-05-16T16:14:11.950614,GET,/api/mixed/pipeline/1/,4.17,82,0,
2026-05-16T16:14:11.977534,GET,/api/mixed/http/,110.26,55353,0,
2026-05-16T16:14:11.993160,GET,/api/mixed/db/1/,4.58,247,0,
2026-05-16T16:14:11.995518,GET,/api/mixed/http/,109.29,55353,0,
2026-05-16T16:14:11.995943,GET,/api/mixed/pipeline/1/,4.86,82,0,
2026-05-16T16:14:12.003371,GET,/api/mixed/http/,107.55,55353,0,
2026-05-16T16:14:12.010779,GET,/api/mixed/http/,108.55,55353,0,
2026-05-16T16:14:12.012966,GET,/api/mixed/pipeline/1/,3.16,82,0,
2026-05-16T16:14:12.040923,GET,/api/mixed/http/,108.9,55353,0,
2026-05-16T16:14:12.041402,GET,/api/mixed/db/1/,5.17,247,0,
2026-05-16T16:14:12.078475,GET,/api/mixed/db/1/,4.33,247,0,
2026-05-16T16:14:12.084649,GET,/api/mixed/http/,108.24,55353,0,
2026-05-16T16:14:12.133276,GET,/api/mixed/db/1/,4.09,247,0,
2026-05-16T16:14:12.144050,GET,/api/mixed/pipeline/1/,3.39,82,0,
2026-05-16T16:14:12.144458,GET,/api/mixed/pipeline/1/,3.31,82,0,
2026-05-16T16:14:12.154516,GET,/api/mixed/pipeline/1/,2.83,82,0,
2026-05-16T16:14:12.162743,GET,/api/mixed/pipeline/1/,2.83,82,0,
2026-05-16T16:14:12.172929,GET,/api/mixed/db/1/,3.96,247,0,
2026-05-16T16:14:12.181131,GET,/api/mixed/http/,108.53,55353,0,
2026-05-16T16:14:12.186346,GET,/api/mixed/http/,110.97,55353,0,
2026-05-16T16:14:12.187404,GET,/api/mixed/http/,108.79,55353,0,
2026-05-16T16:14:12.226472,GET,/api/mixed/pipeline/1/,3.54,82,0,
2026-05-16T16:14:12.226971,GET,/api/mixed/pipeline/1/,3.66,82,0,
2026-05-16T16:14:12.239615,GET,/api/mixed/pipeline/1/,2.7,82,0,
2026-05-16T16:14:12.276490,GET,/api/mixed/pipeline/1/,3.54,82,0,
2026-05-16T16:14:12.305394,GET,/api/mixed/pipeline/1/,3.71,82,0,
2026-05-16T16:14:12.311568,GET,/api/mixed/http/,107.79,55353,0,
2026-05-16T16:14:12.322745,GET,/api/mixed/pipeline/1/,2.8,82,0,
2026-05-16T16:14:12.331369,GET,/api/mixed/http/,109.02,55353,0,
2026-05-16T16:14:12.331799,GET,/api/mixed/db/1/,3.83,247,0,
2026-05-16T16:14:12.340839,GET,/api/mixed/http/,107.56,55353,0,
2026-05-16T16:14:12.353166,GET,/api/mixed/http/,108.21,55353,0,
2026-05-16T16:14:12.353979,GET,/api/mixed/http/,107.78,55353,0,
2026-05-16T16:14:12.372636,GET,/api/mixed/db/1/,4.43,247,0,
2026-05-16T16:14:12.374861,GET,/api/mixed/db/1/,4.07,247,0,
2026-05-16T16:14:12.375575,GET,/api/mixed/pipeline/1/,2.82,82,0,
2026-05-16T16:14:12.382079,GET,/api/mixed/db/1/,4.28,247,0,
2026-05-16T16:14:12.383257,GET,/api/mixed/http/,107.7,55353,0,
2026-05-16T16:14:12.386082,GET,/api/mixed/pipeline/1/,3.87,82,0,
2026-05-16T16:14:12.391300,GET,/api/mixed/pipeline/1/,3.94,82,0,
2026-05-16T16:14:12.391846,GET,/api/mixed/db/1/,4.01,247,0,
2026-05-16T16:14:12.395892,GET,/api/mixed/http/,108.83,55353,0,
2026-05-16T16:14:12.409147,GET,/api/mixed/pipeline/1/,3.05,82,0,
2026-05-16T16:14:12.410910,GET,/api/mixed/http/,108.72,55353,0,
2026-05-16T16:14:12.415966,GET,/api/mixed/pipeline/1/,2.74,82,0,
2026-05-16T16:14:12.433013,GET,/api/mixed/db/1/,4.66,247,0,
2026-05-16T16:14:12.442100,GET,/api/mixed/db/1/,3.75,247,0,
2026-05-16T16:14:12.461624,GET,/api/mixed/pipeline/1/,4.63,82,0,
2026-05-16T16:14:12.462223,GET,/api/mixed/db/1/,5.73,247,0,
2026-05-16T16:14:12.464982,GET,/api/mixed/pipeline/1/,4.24,82,0,
2026-05-16T16:14:12.482483,GET,/api/mixed/pipeline/1/,3.04,82,0,
2026-05-16T16:14:12.491850,GET,/api/mixed/http/,107.89,55353,0,
2026-05-16T16:14:12.506236,GET,/api/mixed/db/1/,4.06,247,0,
2026-05-16T16:14:12.523309,GET,/api/mixed/pipeline/1/,2.98,82,0,
2026-05-16T16:14:12.536649,GET,/api/mixed/http/,107.83,55353,0,
2026-05-16T16:14:12.540799,GET,/api/mixed/pipeline/1/,2.74,82,0,
2026-05-16T16:14:12.551442,GET,/api/mixed/pipeline/1/,3.3,82,0,
2026-05-16T16:14:12.607015,GET,/api/mixed/pipeline/1/,2.8,82,0,
2026-05-16T16:14:12.610795,GET,/api/mixed/pipeline/1/,3.07,82,0,
2026-05-16T16:14:12.611274,GET,/api/mixed/db/1/,4.12,247,0,
2026-05-16T16:14:12.621774,GET,/api/mixed/http/,107.93,55353,0,
2026-05-16T16:14:12.644214,GET,/api/mixed/pipeline/1/,3.18,82,0,
2026-05-16T16:14:12.652432,GET,/api/mixed/db/1/,4.35,247,0,
2026-05-16T16:14:12.659109,GET,/api/mixed/http/,108.52,55353,0,
2026-05-16T16:14:12.665989,GET,/api/mixed/http/,107.42,55353,0,
2026-05-16T16:14:12.674585,GET,/api/mixed/http/,108.54,55353,0,
2026-05-16T16:14:12.676780,GET,/api/mixed/db/1/,4.54,247,0,
2026-05-16T16:14:12.677228,GET,/api/mixed/db/1/,3.68,247,0,
2026-05-16T16:14:12.683330,GET,/api/mixed/db/1/,3.73,247,0,
2026-05-16T16:14:12.693341,GET,/api/mixed/db/1/,3.69,247,0,
2026-05-16T16:14:12.704439,GET,/api/mixed/http/,107.83,55353,0,
2026-05-16T16:14:12.709633,GET,/api/mixed/pipeline/1/,2.83,82,0,
2026-05-16T16:14:12.744425,GET,/api/mixed/pipeline/1/,2.84,82,0,
2026-05-16T16:14:12.753569,GET,/api/mixed/http/,108.08,55353,0,
2026-05-16T16:14:12.770826,GET,/api/mixed/pipeline/1/,3.0,82,0,
2026-05-16T16:14:12.771603,GET,/api/mixed/http/,108.22,55353,0,
2026-05-16T16:14:12.825580,GET,/api/mixed/db/1/,6.66,247,0,
2026-05-16T16:14:12.834891,GET,/api/mixed/pipeline/1/,2.86,82,0,
2026-05-16T16:14:12.839799,GET,/api/mixed/http/,107.79,55353,0,
2026-05-16T16:14:12.845244,GET,/api/mixed/pipeline/1/,2.76,82,0,
2026-05-16T16:14:12.856874,GET,/api/mixed/pipeline/1/,2.75,82,0,
2026-05-16T16:14:12.867083,GET,/api/mixed/pipeline/1/,2.81,82,0,
2026-05-16T16:14:12.883409,GET,/api/mixed/pipeline/1/,3.5,82,0,
2026-05-16T16:14:12.884457,GET,/api/mixed/db/1/,5.01,247,0,
2026-05-16T16:14:12.887855,GET,/api/mixed/db/1/,4.19,247,0,
2026-05-16T16:14:12.911143,GET,/api/mixed/pipeline/1/,4.36,82,0,
2026-05-16T16:14:12.912131,GET,/api/mixed/db/1/,4.79,247,0,
2026-05-16T16:14:12.919520,GET,/api/mixed/db/1/,5.1,247,0,
2026-05-16T16:14:12.922592,GET,/api/mixed/pipeline/1/,2.92,82,0,
2026-05-16T16:14:12.929652,GET,/api/mixed/db/1/,4.84,247,0,
2026-05-16T16:14:12.943874,GET,/api/mixed/db/1/,5.52,247,0,
2026-05-16T16:14:12.945494,GET,/api/mixed/db/1/,3.96,247,0,
2026-05-16T16:14:12.947564,GET,/api/mixed/http/,107.65,55353,0,
2026-05-16T16:14:12.959343,GET,/api/mixed/http/,107.7,55353,0,
2026-05-16T16:14:12.967487,GET,/api/mixed/db/1/,3.94,247,0,
2026-05-16T16:14:12.999756,GET,/api/mixed/db/1/,4.45,247,0,
2026-05-16T16:14:13.000171,GET,/api/mixed/db/1/,3.83,247,0,
2026-05-16T16:14:13.010918,GET,/api/mixed/http/,108.75,55353,0,
2026-05-16T16:14:13.013974,GET,/api/mixed/db/1/,4.24,247,0,
2026-05-16T16:14:13.040926,GET,/api/mixed/pipeline/1/,3.41,82,0,
2026-05-16T16:14:13.043538,GET,/api/mixed/http/,109.68,55353,0,
2026-05-16T16:14:13.047393,GET,/api/mixed/http/,108.56,55353,0,
2026-05-16T16:14:13.061384,GET,/api/mixed/db/1/,5.59,247,0,
2026-05-16T16:14:13.062100,GET,/api/mixed/pipeline/1/,2.82,82,0,
2026-05-16T16:14:13.088511,GET,/api/mixed/http/,107.73,55353,0,
2026-05-16T16:14:13.100780,GET,/api/mixed/db/1/,3.92,247,0,
2026-05-16T16:14:13.106440,GET,/api/mixed/pipeline/1/,3.46,82,0,
2026-05-16T16:14:13.115627,GET,/api/mixed/db/1/,3.9,247,0,
2026-05-16T16:14:13.116794,GET,/api/mixed/http/,108.41,55353,0,
2026-05-16T16:14:13.120367,GET,/api/mixed/http/,107.77,55353,0,
2026-05-16T16:14:13.142320,GET,/api/mixed/pipeline/1/,3.62,82,0,
2026-05-16T16:14:13.150914,GET,/api/mixed/db/1/,4.39,247,0,
2026-05-16T16:14:13.151441,GET,/api/mixed/http/,109.24,55353,0,
2026-05-16T16:14:13.153441,GET,/api/mixed/pipeline/1/,3.55,82,0,
2026-05-16T16:14:13.164223,GET,/api/mixed/http/,107.92,55353,0,
2026-05-16T16:14:13.171386,GET,/api/mixed/pipeline/1/,2.86,82,0,
2026-05-16T16:14:13.174584,GET,/api/mixed/http/,108.17,55353,0,
2026-05-16T16:14:13.184462,GET,/api/mixed/pipeline/1/,2.92,82,0,
2026-05-16T16:14:13.196948,GET,/api/mixed/pipeline/1/,2.78,82,0,
2026-05-16T16:14:13.208912,GET,/api/mixed/pipeline/1/,2.78,82,0,
2026-05-16T16:14:13.211832,GET,/api/mixed/http/,107.86,55353,0,
2026-05-16T16:14:13.217664,GET,/api/mixed/pipeline/1/,2.65,82,0,
2026-05-16T16:14:13.225919,GET,/api/mixed/pipeline/1/,3.02,82,0,
2026-05-16T16:14:13.238191,GET,/api/mixed/pipeline/1/,4.43,82,0,
2026-05-16T16:14:13.238748,GET,/api/mixed/db/1/,5.54,247,0,
2026-05-16T16:14:13.241953,GET,/api/mixed/db/1/,4.88,247,0,
2026-05-16T16:14:13.252732,GET,/api/mixed/http/,112.9,55353,0,
2026-05-16T16:14:13.276086,GET,/api/mixed/pipeline/1/,3.65,82,0,
2026-05-16T16:14:13.279884,GET,/api/mixed/http/,108.39,55353,0,
2026-05-16T16:14:13.283476,GET,/api/mixed/http/,107.52,55353,0,
2026-05-16T16:14:13.297298,GET,/api/mixed/http/,108.63,55353,0,
2026-05-16T16:14:13.300964,GET,/api/mixed/db/1/,5.28,247,0,
2026-05-16T16:14:13.301387,GET,/api/mixed/db/1/,3.96,247,0,
2026-05-16T16:14:13.319182,GET,/api/mixed/pipeline/1/,4.36,82,0,
2026-05-16T16:14:13.319627,GET,/api/mixed/pipeline/1/,3.37,82,0,
2026-05-16T16:14:13.346918,GET,/api/mixed/db/1/,4.09,247,0,
2026-05-16T16:14:13.356557,GET,/api/mixed/pipeline/1/,3.31,82,0,
2026-05-16T16:14:13.357706,GET,/api/mixed/db/1/,4.01,247,0,
2026-05-16T16:14:13.365824,GET,/api/mixed/http/,108.76,55353,0,
2026-05-16T16:14:13.385535,GET,/api/mixed/db/1/,3.62,247,0,
2026-05-16T16:14:13.404720,GET,/api/mixed/db/1/,3.97,247,0,
2026-05-16T16:14:13.405201,GET,/api/mixed/http/,109.0,55353,0,
2026-05-16T16:14:13.411296,GET,/api/mixed/pipeline/1/,3.29,82,0,
2026-05-16T16:14:13.412215,GET,/api/mixed/db/1/,4.68,247,0,
2026-05-16T16:14:13.416800,GET,/api/mixed/db/1/,5.34,247,0,
2026-05-16T16:14:13.420169,GET,/api/mixed/db/1/,4.82,247,0,
2026-05-16T16:14:13.441304,GET,/api/mixed/pipeline/1/,2.86,82,0,
2026-05-16T16:14:13.441844,GET,/api/mixed/db/1/,4.44,247,0,
2026-05-16T16:14:13.449549,GET,/api/mixed/db/1/,3.73,247,0,
2026-05-16T16:14:13.468563,GET,/api/mixed/http/,107.66,55353,0,
2026-05-16T16:14:13.474302,GET,/api/mixed/db/1/,3.83,247,0,
2026-05-16T16:14:13.486775,GET,/api/mixed/http/,109.6,55353,0,
2026-05-16T16:14:13.487176,GET,/api/mixed/pipeline/1/,3.64,82,0,
2026-05-16T16:14:13.519161,GET,/api/mixed/http/,108.83,55353,0,
2026-05-16T16:14:13.523724,GET,/api/mixed/http/,107.91,55353,0,
2026-05-16T16:14:13.541905,GET,/api/mixed/pipeline/1/,3.55,82,0,
2026-05-16T16:14:13.544280,GET,/api/mixed/pipeline/1/,3.3,82,0,
2026-05-16T16:14:13.548012,GET,/api/mixed/pipeline/1/,2.52,82,0,
2026-05-16T16:14:13.551086,GET,/api/mixed/http/,108.04,55353,0,
2026-05-16T16:14:13.557123,GET,/api/mixed/db/1/,3.71,247,0,
2026-05-16T16:14:13.566288,GET,/api/mixed/db/1/,3.85,247,0,
2026-05-16T16:14:13.571895,GET,/api/mixed/db/1/,3.8,247,0,
2026-05-16T16:14:13.572298,GET,/api/mixed/db/1/,4.66,247,0,
2026-05-16T16:14:13.608210,GET,/api/mixed/db/1/,3.85,247,0,
2026-05-16T16:14:13.619243,GET,/api/mixed/db/1/,3.8,247,0,
2026-05-16T16:14:13.634336,GET,/api/mixed/http/,107.42,55353,0,
2026-05-16T16:14:13.659202,GET,/api/mixed/db/1/,4.61,247,0,
2026-05-16T16:14:13.659615,GET,/api/mixed/db/1/,3.85,247,0,
2026-05-16T16:14:13.674831,GET,/api/mixed/db/1/,4.01,247,0,
2026-05-16T16:14:13.683925,GET,/api/mixed/db/1/,3.75,247,0,
2026-05-16T16:14:13.709022,GET,/api/mixed/http/,109.46,55353,0,
2026-05-16T16:14:13.731972,GET,/api/mixed/http/,108.35,55353,0,
2026-05-16T16:14:13.768376,GET,/api/mixed/pipeline/1/,2.82,82,0,
2026-05-16T16:14:13.801814,GET,/api/mixed/db/1/,6.18,247,0,
2026-05-16T16:14:13.811513,GET,/api/mixed/http/,108.18,55353,0,
2026-05-16T16:14:13.825305,GET,/api/mixed/http/,107.69,55353,0,
2026-05-16T16:14:13.842181,GET,/api/mixed/db/1/,4.54,247,0,
2026-05-16T16:14:13.847312,GET,/api/mixed/db/1/,3.81,247,0,
2026-05-16T16:14:13.850997,GET,/api/mixed/db/1/,3.57,247,0,
2026-05-16T16:14:13.865795,GET,/api/mixed/http/,108.43,55353,0,
2026-05-16T16:14:13.871924,GET,/api/mixed/http/,109.0,55353,0,
2026-05-16T16:14:13.884903,GET,/api/mixed/pipeline/1/,2.87,82,0,
2026-05-16T16:14:13.885792,GET,/api/mixed/db/1/,5.53,247,0,
2026-05-16T16:14:13.897252,GET,/api/mixed/db/1/,4.98,247,0,
2026-05-16T16:14:13.897678,GET,/api/mixed/db/1/,5.97,247,0,
2026-05-16T16:14:13.909214,GET,/api/mixed/http/,108.29,55353,0,
2026-05-16T16:14:13.916881,GET,/api/mixed/db/1/,4.3,247,0,
2026-05-16T16:14:13.933144,GET,/api/mixed/pipeline/1/,2.97,82,0,
2026-05-16T16:14:13.948029,GET,/api/mixed/pipeline/1/,3.03,82,0,
2026-05-16T16:14:13.989080,GET,/api/mixed/http/,108.33,55353,0,
2026-05-16T16:14:14.000198,GET,/api/mixed/http/,112.63,55353,0,
2026-05-16T16:14:14.000684,GET,/api/mixed/http/,113.64,55353,0,
2026-05-16T16:14:14.022679,GET,/api/mixed/db/1/,4.81,247,0,
2026-05-16T16:14:14.023235,GET,/api/mixed/http/,108.13,55353,0,
2026-05-16T16:14:14.032992,GET,/api/mixed/db/1/,3.92,247,0,
2026-05-16T16:14:14.050020,GET,/api/mixed/http/,107.67,55353,0,
2026-05-16T16:14:14.064220,GET,/api/mixed/http/,107.86,55353,0,
2026-05-16T16:14:14.076620,GET,/api/mixed/http/,107.7,55353,0,
2026-05-16T16:14:14.080005,GET,/api/mixed/db/1/,4.5,247,0,
2026-05-16T16:14:14.082174,GET,/api/mixed/pipeline/1/,3.93,82,0,
2026-05-16T16:14:14.091491,GET,/api/mixed/pipeline/1/,4.01,82,0,
2026-05-16T16:14:14.130897,GET,/api/mixed/http/,109.19,55353,0,
2026-05-16T16:14:14.131371,GET,/api/mixed/http/,107.9,55353,0,
2026-05-16T16:14:14.137435,GET,/api/mixed/pipeline/1/,2.76,82,0,
2026-05-16T16:14:14.145281,GET,/api/mixed/http/,107.98,55353,0,
2026-05-16T16:14:14.147699,GET,/api/mixed/pipeline/1/,3.8,82,0,
2026-05-16T16:14:14.152804,GET,/api/mixed/http/,108.13,55353,0,
2026-05-16T16:14:14.158929,GET,/api/mixed/http/,108.78,55353,0,
2026-05-16T16:14:14.159453,GET,/api/mixed/http/,108.28,55353,0,
2026-05-16T16:14:14.168284,GET,/api/mixed/db/1/,4.58,247,0,
2026-05-16T16:14:14.168820,GET,/api/mixed/http/,108.27,55353,0,
2026-05-16T16:14:14.172530,GET,/api/mixed/db/1/,5.27,247,0,
2026-05-16T16:14:14.175770,GET,/api/mixed/db/1/,4.37,247,0,
2026-05-16T16:14:14.203657,GET,/api/mixed/db/1/,4.82,247,0,
2026-05-16T16:14:14.205797,GET,/api/mixed/http/,107.99,55353,0,
2026-05-16T16:14:14.208349,GET,/api/mixed/pipeline/1/,3.47,82,0,
2026-05-16T16:14:14.211072,GET,/api/mixed/http/,107.65,55353,0,
2026-05-16T16:14:14.229820,GET,/api/mixed/http/,107.86,55353,0,
2026-05-16T16:14:14.232074,GET,/api/mixed/http/,107.44,55353,0,
2026-05-16T16:14:14.232706,GET,/api/mixed/db/1/,4.4,247,0,
2026-05-16T16:14:14.245027,GET,/api/mixed/http/,107.48,55353,0,
2026-05-16T16:14:14.281028,GET,/api/mixed/pipeline/1/,3.13,82,0,
2026-05-16T16:14:14.302445,GET,/api/mixed/http/,108.36,55353,0,
2026-05-16T16:14:14.322669,GET,/api/mixed/pipeline/1/,3.87,82,0,
2026-05-16T16:14:14.323107,GET,/api/mixed/pipeline/1/,3.83,82,0,
2026-05-16T16:14:14.333119,GET,/api/mixed/pipeline/1/,2.7,82,0,
2026-05-16T16:14:14.345967,GET,/api/mixed/http/,107.97,55353,0,
2026-05-16T16:14:14.353566,GET,/api/mixed/pipeline/1/,3.27,82,0,
2026-05-16T16:14:14.357172,GET,/api/mixed/db/1/,4.46,247,0,
2026-05-16T16:14:14.358882,GET,/api/mixed/http/,108.54,55353,0,
2026-05-16T16:14:14.363470,GET,/api/mixed/pipeline/1/,3.38,82,0,
2026-05-16T16:14:14.366333,GET,/api/mixed/db/1/,3.87,247,0,
2026-05-16T16:14:14.396220,GET,/api/mixed/db/1/,3.7,247,0,
2026-05-16T16:14:14.402129,GET,/api/mixed/http/,107.84,55353,0,
2026-05-16T16:14:14.415996,GET,/api/mixed/pipeline/1/,3.6,82,0,
2026-05-16T16:14:14.417550,GET,/api/mixed/http/,107.77,55353,0,
2026-05-16T16:14:14.421392,GET,/api/mixed/http/,108.11,55353,0,
2026-05-16T16:14:14.425149,GET,/api/mixed/db/1/,3.65,247,0,
2026-05-16T16:14:14.432767,GET,/api/mixed/pipeline/1/,3.37,82,0,
2026-05-16T16:14:14.434441,GET,/api/mixed/pipeline/1/,2.63,82,0,
2026-05-16T16:14:14.438772,GET,/api/mixed/pipeline/1/,3.0,82,0,
2026-05-16T16:14:14.443946,GET,/api/mixed/pipeline/1/,3.95,82,0,
2026-05-16T16:14:14.446413,GET,/api/mixed/pipeline/1/,3.57,82,0,
2026-05-16T16:14:14.452067,GET,/api/mixed/db/1/,4.4,247,0,
2026-05-16T16:14:14.461538,GET,/api/mixed/http/,107.72,55353,0,
2026-05-16T16:14:14.472720,GET,/api/mixed/db/1/,4.0,247,0,
2026-05-16T16:14:14.480842,GET,/api/mixed/http/,108.2,55353,0,
2026-05-16T16:14:14.483771,GET,/api/mixed/db/1/,3.92,247,0,
2026-05-16T16:14:14.485510,GET,/api/mixed/pipeline/1/,3.05,82,0,
2026-05-16T16:14:14.490928,GET,/api/mixed/http/,107.8,55353,0,
2026-05-16T16:14:14.494770,GET,/api/mixed/db/1/,3.72,247,0,
2026-05-16T16:14:14.500792,GET,/api/mixed/pipeline/1/,2.72,82,0,
2026-05-16T16:14:14.507023,GET,/api/mixed/db/1/,4.48,247,0,
2026-05-16T16:14:14.513866,GET,/api/mixed/db/1/,4.0,247,0,
2026-05-16T16:14:14.524217,GET,/api/mixed/http/,109.11,55353,0,
2026-05-16T16:14:14.528566,GET,/api/mixed/pipeline/1/,2.94,82,0,
2026-05-16T16:14:14.538701,GET,/api/mixed/pipeline/1/,2.75,82,0,
2026-05-16T16:14:14.554685,GET,/api/mixed/db/1/,3.78,247,0,
2026-05-16T16:14:14.579923,GET,/api/mixed/pipeline/1/,3.03,82,0,
2026-05-16T16:14:14.580375,GET,/api/mixed/pipeline/1/,3.89,82,0,
2026-05-16T16:14:14.581407,GET,/api/mixed/db/1/,5.38,247,0,
2026-05-16T16:14:14.585317,GET,/api/mixed/http/,107.4,55353,0,
2026-05-16T16:14:14.588078,GET,/api/mixed/pipeline/1/,2.66,82,0,
2026-05-16T16:14:14.608463,GET,/api/mixed/db/1/,5.12,247,0,
2026-05-16T16:14:14.610751,GET,/api/mixed/pipeline/1/,3.56,82,0,
2026-05-16T16:14:14.612980,GET,/api/mixed/http/,110.88,55353,0,
2026-05-16T16:14:14.618369,GET,/api/mixed/http/,109.0,55353,0,
2026-05-16T16:14:14.629610,GET,/api/mixed/db/1/,3.87,247,0,
2026-05-16T16:14:14.634691,GET,/api/mixed/pipeline/1/,2.73,82,0,
2026-05-16T16:14:14.638906,GET,/api/mixed/pipeline/1/,2.85,82,0,
2026-05-16T16:14:14.654024,GET,/api/mixed/db/1/,3.78,247,0,
2026-05-16T16:14:14.668706,GET,/api/mixed/http/,107.7,55353,0,
2026-05-16T16:14:14.676408,GET,/api/mixed/http/,108.99,55353,0,
2026-05-16T16:14:14.721131,GET,/api/mixed/db/1/,3.94,247,0,
2026-05-16T16:14:14.723891,GET,/api/mixed/http/,107.63,55353,0,
2026-05-16T16:14:14.758711,GET,/api/mixed/pipeline/1/,2.76,82,0,
2026-05-16T16:14:14.759328,GET,/api/mixed/db/1/,4.47,247,0,
2026-05-16T16:14:14.763102,GET,/api/mixed/http/,107.67,55353,0,
2026-05-16T16:14:14.778774,GET,/api/mixed/pipeline/1/,2.93,82,0,
2026-05-16T16:14:14.780559,GET,/api/mixed/http/,109.61,55353,0,
2026-05-16T16:14:14.795582,GET,/api/mixed/http/,107.83,55353,0,
2026-05-16T16:14:14.798460,GET,/api/mixed/pipeline/1/,2.76,82,0,
2026-05-16T16:14:14.806167,GET,/api/mixed/db/1/,4.48,247,0,
2026-05-16T16:14:14.806605,GET,/api/mixed/db/1/,3.9,247,0,
2026-05-16T16:14:14.807834,GET,/api/mixed/http/,107.54,55353,0,
2026-05-16T16:14:14.839270,GET,/api/mixed/pipeline/1/,3.04,82,0,
2026-05-16T16:14:14.844957,GET,/api/mixed/http/,107.69,55353,0,
2026-05-16T16:14:14.857193,GET,/api/mixed/db/1/,3.87,247,0,
2026-05-16T16:14:14.881329,GET,/api/mixed/http/,108.04,55353,0,
2026-05-16T16:14:14.913607,GET,/api/mixed/db/1/,3.86,247,0,
2026-05-16T16:14:14.932174,GET,/api/mixed/db/1/,4.16,247,0,
2026-05-16T16:14:14.964623,GET,/api/mixed/pipeline/1/,3.12,82,0,
2026-05-16T16:14:14.983941,GET,/api/mixed/pipeline/1/,2.9,82,0,
2026-05-16T16:14:14.984588,GET,/api/mixed/db/1/,4.73,247,0,
2026-05-16T16:14:14.991323,GET,/api/mixed/pipeline/1/,3.07,82,0,
2026-05-16T16:14:14.996692,GET,/api/mixed/pipeline/1/,3.05,82,0,
2026-05-16T16:14:15.014340,GET,/api/mixed/pipeline/1/,2.96,82,0,
2026-05-16T16:14:15.017121,GET,/api/mixed/http/,108.52,55353,0,
2026-05-16T16:14:15.032092,GET,/api/mixed/db/1/,4.7,247,0,
2026-05-16T16:14:15.093099,GET,/api/mixed/http/,108.41,55353,0,
2026-05-16T16:14:15.119604,GET,/api/mixed/http/,108.7,55353,0,
2026-05-16T16:14:15.126472,GET,/api/mixed/db/1/,4.6,247,0,
2026-05-16T16:14:15.134198,GET,/api/mixed/db/1/,5.39,247,0,
2026-05-16T16:14:15.149564,GET,/api/mixed/http/,108.08,55353,0,
2026-05-16T16:14:15.166078,GET,/api/mixed/pipeline/1/,4.15,82,0,
2026-05-16T16:14:15.171802,GET,/api/mixed/pipeline/1/,3.32,82,0,
2026-05-16T16:14:15.199314,GET,/api/mixed/pipeline/1/,3.12,82,0,
2026-05-16T16:14:15.203904,GET,/api/mixed/http/,107.62,55353,0,
2026-05-16T16:14:15.211332,GET,/api/mixed/db/1/,4.04,247,0,
2026-05-16T16:14:15.224122,GET,/api/mixed/pipeline/1/,3.23,82,0,
2026-05-16T16:14:15.230370,GET,/api/mixed/pipeline/1/,2.88,82,0,
2026-05-16T16:14:15.235619,GET,/api/mixed/pipeline/1/,2.75,82,0,
2026-05-16T16:14:15.259835,GET,/api/mixed/db/1/,3.95,247,0,
2026-05-16T16:14:15.265124,GET,/api/mixed/pipeline/1/,2.9,82,0,
2026-05-16T16:14:15.277550,GET,/api/mixed/http/,108.12,55353,0,
2026-05-16T16:14:15.298965,GET,/api/mixed/db/1/,4.09,247,0,
2026-05-16T16:14:15.311882,GET,/api/mixed/db/1/,4.53,247,0,
2026-05-16T16:14:15.327454,GET,/api/mixed/pipeline/1/,3.02,82,0,
2026-05-16T16:14:15.330340,GET,/api/mixed/pipeline/1/,2.77,82,0,
2026-05-16T16:14:15.332526,GET,/api/mixed/http/,112.82,55353,0,
2026-05-16T16:14:15.333774,GET,/api/mixed/http/,113.4,55353,0,
2026-05-16T16:14:15.340757,GET,/api/mixed/http/,109.02,55353,0,
2026-05-16T16:14:15.341187,GET,/api/mixed/db/1/,5.2,247,0,
2026-05-16T16:14:15.354537,GET,/api/mixed/db/1/,4.14,247,0,
2026-05-16T16:14:15.376639,GET,/api/mixed/http/,108.19,55353,0,
2026-05-16T16:14:15.382210,GET,/api/mixed/pipeline/1/,3.28,82,0,
2026-05-16T16:14:15.428484,GET,/api/mixed/pipeline/1/,2.77,82,0,
2026-05-16T16:14:15.445328,GET,/api/mixed/http/,108.88,55353,0,
2026-05-16T16:14:15.453547,GET,/api/mixed/http/,108.08,55353,0,
2026-05-16T16:14:15.466806,GET,/api/mixed/db/1/,4.07,247,0,
2026-05-16T16:14:15.477533,GET,/api/mixed/db/1/,3.82,247,0,
2026-05-16T16:14:15.490480,GET,/api/mixed/pipeline/1/,3.02,82,0,
2026-05-16T16:14:15.508769,GET,/api/mixed/db/1/,3.91,247,0,
2026-05-16T16:14:15.516365,GET,/api/mixed/http/,107.83,55353,0,
2026-05-16T16:14:15.532904,GET,/api/mixed/http/,108.54,55353,0,
2026-05-16T16:14:15.534478,GET,/api/mixed/db/1/,4.58,247,0,
2026-05-16T16:14:15.541141,GET,/api/mixed/pipeline/1/,2.76,82,0,
2026-05-16T16:14:15.555427,GET,/api/mixed/http/,107.68,55353,0,
2026-05-16T16:14:15.562555,GET,/api/mixed/db/1/,5.72,247,0,
2026-05-16T16:14:15.566022,GET,/api/mixed/db/1/,6.24,247,0,
2026-05-16T16:14:15.584014,GET,/api/mixed/db/1/,4.11,247,0,
2026-05-16T16:14:15.584452,GET,/api/mixed/pipeline/1/,5.13,82,0,
2026-05-16T16:14:15.584826,GET,/api/mixed/pipeline/1/,3.25,82,0,
2026-05-16T16:14:15.594674,GET,/api/mixed/db/1/,4.05,247,0,
2026-05-16T16:14:15.596051,GET,/api/mixed/http/,109.14,55353,0,
2026-05-16T16:14:15.645341,GET,/api/mixed/http/,109.49,55353,0,
2026-05-16T16:14:15.645840,GET,/api/mixed/http/,115.44,55353,0,
2026-05-16T16:14:15.648909,GET,/api/mixed/pipeline/1/,5.39,82,0,
2026-05-16T16:14:15.652422,GET,/api/mixed/pipeline/1/,4.87,82,0,
2026-05-16T16:14:15.663725,GET,/api/mixed/db/1/,5.68,247,0,
2026-05-16T16:14:15.664793,GET,/api/mixed/http/,112.41,55353,0,
2026-05-16T16:14:15.665740,GET,/api/mixed/http/,112.83,55353,0,
2026-05-16T16:14:15.669896,GET,/api/mixed/http/,109.66,55353,0,
2026-05-16T16:14:15.682119,GET,/api/mixed/pipeline/1/,3.27,82,0,
2026-05-16T16:14:15.683183,GET,/api/mixed/db/1/,4.93,247,0,
2026-05-16T16:14:15.693802,GET,/api/mixed/http/,107.64,55353,0,
2026-05-16T16:14:15.716789,GET,/api/mixed/pipeline/1/,2.89,82,0,
2026-05-16T16:14:15.721193,GET,/api/mixed/http/,107.79,55353,0,
2026-05-16T16:14:15.723337,GET,/api/mixed/pipeline/1/,3.16,82,0,
2026-05-16T16:14:15.740287,GET,/api/mixed/http/,109.22,55353,0,
2026-05-16T16:14:15.742859,GET,/api/mixed/http/,108.32,55353,0,
2026-05-16T16:14:15.753578,GET,/api/mixed/db/1/,4.49,247,0,
2026-05-16T16:14:15.757194,GET,/api/mixed/db/1/,4.56,247,0,
2026-05-16T16:14:15.764051,GET,/api/mixed/http/,109.3,55353,0,
2026-05-16T16:14:15.797387,GET,/api/mixed/db/1/,3.96,247,0,
2026-05-16T16:14:15.800494,GET,/api/mixed/http/,108.05,55353,0,
2026-05-16T16:14:15.805121,GET,/api/mixed/http/,107.62,55353,0,
2026-05-16T16:14:15.809720,GET,/api/mixed/http/,107.76,55353,0,
2026-05-16T16:14:15.817017,GET,/api/mixed/db/1/,3.81,247,0,
2026-05-16T16:14:15.817692,GET,/api/mixed/http/,108.33,55353,0,
2026-05-16T16:14:15.834249,GET,/api/mixed/http/,107.67,55353,0,
2026-05-16T16:14:15.861686,GET,/api/mixed/http/,107.87,55353,0,
2026-05-16T16:14:15.864869,GET,/api/mixed/db/1/,4.4,247,0,
2026-05-16T16:14:15.869730,GET,/api/mixed/pipeline/1/,3.63,82,0,
2026-05-16T16:14:15.873404,GET,/api/mixed/db/1/,4.46,247,0,
2026-05-16T16:14:15.873814,GET,/api/mixed/db/1/,5.38,247,0,
2026-05-16T16:14:15.877911,GET,/api/mixed/pipeline/1/,2.92,82,0,
2026-05-16T16:14:15.890924,GET,/api/mixed/pipeline/1/,3.38,82,0,
2026-05-16T16:14:15.891328,GET,/api/mixed/pipeline/1/,4.68,82,0,
2026-05-16T16:14:15.903043,GET,/api/mixed/db/1/,4.48,247,0,
2026-05-16T16:14:15.909157,GET,/api/mixed/http/,108.51,55353,0,
2026-05-16T16:14:15.913046,GET,/api/mixed/db/1/,3.76,247,0,
2026-05-16T16:14:15.920313,GET,/api/mixed/http/,108.35,55353,0,
2026-05-16T16:14:15.926682,GET,/api/mixed/http/,107.77,55353,0,
2026-05-16T16:14:15.933442,GET,/api/mixed/pipeline/1/,2.95,82,0,
2026-05-16T16:14:15.937859,GET,/api/mixed/http/,108.45,55353,0,
2026-05-16T16:14:15.939924,GET,/api/mixed/http/,107.91,55353,0,
2026-05-16T16:14:15.942150,GET,/api/mixed/db/1/,4.17,247,0,
2026-05-16T16:14:15.944149,GET,/api/mixed/db/1/,4.1,247,0,
2026-05-16T16:14:15.960928,GET,/api/mixed/pipeline/1/,2.85,82,0,
2026-05-16T16:14:15.969923,GET,/api/mixed/pipeline/1/,2.77,82,0,
2026-05-16T16:14:15.980794,GET,/api/mixed/pipeline/1/,3.62,82,0,
2026-05-16T16:14:15.986957,GET,/api/mixed/pipeline/1/,3.91,82,0,
2026-05-16T16:14:15.988304,GET,/api/mixed/pipeline/1/,3.95,82,0,
2026-05-16T16:14:15.988876,GET,/api/mixed/http/,109.75,55353,0,
2026-05-16T16:14:15.996227,GET,/api/mixed/http/,109.11,55353,0,
2026-05-16T16:14:16.007067,GET,/api/mixed/db/1/,4.04,247,0,
2026-05-16T16:14:16.010354,GET,/api/mixed/http/,109.23,55353,0,
2026-05-16T16:14:16.027350,GET,/api/mixed/pipeline/1/,3.56,82,0,
2026-05-16T16:14:16.029507,GET,/api/mixed/db/1/,4.29,247,0,
2026-05-16T16:14:16.031998,GET,/api/mixed/pipeline/1/,3.31,82,0,
2026-05-16T16:14:16.039244,GET,/api/mixed/http/,109.21,55353,0,
2026-05-16T16:14:16.043096,GET,/api/mixed/db/1/,3.62,247,0,
2026-05-16T16:14:16.048797,GET,/api/mixed/http/,107.58,55353,0,
2026-05-16T16:14:16.053955,GET,/api/mixed/http/,107.59,55353,0,
2026-05-16T16:14:16.086247,GET,/api/mixed/http/,108.56,55353,0,
2026-05-16T16:14:16.099475,GET,/api/mixed/db/1/,3.96,247,0,
2026-05-16T16:14:16.102979,GET,/api/mixed/http/,107.82,55353,0,
2026-05-16T16:14:16.107119,GET,/api/mixed/pipeline/1/,2.82,82,0,
2026-05-16T16:14:16.131758,GET,/api/mixed/pipeline/1/,2.94,82,0,
2026-05-16T16:14:16.141868,GET,/api/mixed/http/,107.64,55353,0,
2026-05-16T16:14:16.146795,GET,/api/mixed/http/,108.55,55353,0,
2026-05-16T16:14:16.150655,GET,/api/mixed/db/1/,3.73,247,0,
2026-05-16T16:14:16.158568,GET,/api/mixed/db/1/,4.51,247,0,
2026-05-16T16:14:16.161258,GET,/api/mixed/http/,108.23,55353,0,
2026-05-16T16:14:16.166348,GET,/api/mixed/pipeline/1/,3.27,82,0,
2026-05-16T16:14:16.166823,GET,/api/mixed/db/1/,4.22,247,0,
2026-05-16T16:14:16.186977,GET,/api/mixed/pipeline/1/,3.72,82,0,
2026-05-16T16:14:16.192724,GET,/api/mixed/pipeline/1/,3.47,82,0,
2026-05-16T16:14:16.214116,GET,/api/mixed/pipeline/1/,3.38,82,0,
2026-05-16T16:14:16.215663,GET,/api/mixed/db/1/,4.44,247,0,
2026-05-16T16:14:16.218760,GET,/api/mixed/db/1/,4.49,247,0,
2026-05-16T16:14:16.224815,GET,/api/mixed/db/1/,3.85,247,0,
2026-05-16T16:14:16.262209,GET,/api/mixed/pipeline/1/,2.84,82,0,
2026-05-16T16:14:16.278715,GET,/api/mixed/http/,108.61,55353,0,
2026-05-16T16:14:16.280538,GET,/api/mixed/pipeline/1/,3.1,82,0,
2026-05-16T16:14:16.283462,GET,/api/mixed/http/,107.65,55353,0,
2026-05-16T16:14:16.310104,GET,/api/mixed/http/,107.95,55353,0,
2026-05-16T16:14:16.319212,GET,/api/mixed/db/1/,3.77,247,0,
2026-05-16T16:14:16.334052,GET,/api/mixed/http/,107.87,55353,0,
2026-05-16T16:14:16.352635,GET,/api/mixed/db/1/,4.2,247,0,
2026-05-16T16:14:16.354903,GET,/api/mixed/http/,108.3,55353,0,
2026-05-16T16:14:16.378471,GET,/api/mixed/pipeline/1/,3.24,82,0,
2026-05-16T16:14:16.396437,GET,/api/mixed/pipeline/1/,3.03,82,0,
2026-05-16T16:14:16.396839,GET,/api/mixed/pipeline/1/,4.04,82,0,
2026-05-16T16:14:16.401638,GET,/api/mixed/http/,107.99,55353,0,
2026-05-16T16:14:16.403336,GET,/api/mixed/pipeline/1/,4.29,82,0,
2026-05-16T16:14:16.406441,GET,/api/mixed/pipeline/1/,4.65,82,0,
2026-05-16T16:14:16.407018,GET,/api/mixed/pipeline/1/,4.69,82,0,
2026-05-16T16:14:16.409971,GET,/api/mixed/db/1/,4.37,247,0,
2026-05-16T16:14:16.413111,GET,/api/mixed/http/,108.71,55353,0,
2026-05-16T16:14:16.415296,GET,/api/mixed/pipeline/1/,3.11,82,0,
2026-05-16T16:14:16.442228,GET,/api/mixed/pipeline/1/,4.12,82,0,
2026-05-16T16:14:16.443933,GET,/api/mixed/db/1/,4.64,247,0,
2026-05-16T16:14:16.461469,GET,/api/mixed/http/,108.7,55353,0,
2026-05-16T16:14:16.468347,GET,/api/mixed/pipeline/1/,3.55,82,0,
2026-05-16T16:14:16.512730,GET,/api/mixed/http/,108.77,55353,0,
2026-05-16T16:14:16.524542,GET,/api/mixed/http/,108.0,55353,0,
2026-05-16T16:14:16.527858,GET,/api/mixed/http/,107.71,55353,0,
2026-05-16T16:14:16.533339,GET,/api/mixed/http/,107.69,55353,0,
2026-05-16T16:14:16.560839,GET,/api/mixed/pipeline/1/,3.26,82,0,
2026-05-16T16:14:16.572853,GET,/api/mixed/db/1/,5.68,247,0,
2026-05-16T16:14:16.575557,GET,/api/mixed/http/,109.33,55353,0,
2026-05-16T16:14:16.576007,GET,/api/mixed/pipeline/1/,4.38,82,0,
2026-05-16T16:14:16.579019,GET,/api/mixed/db/1/,6.02,247,0,
2026-05-16T16:14:16.581897,GET,/api/mixed/db/1/,4.22,247,0,
2026-05-16T16:14:16.602767,GET,/api/mixed/http/,108.04,55353,0,
2026-05-16T16:14:16.604601,GET,/api/mixed/pipeline/1/,3.47,82,0,
2026-05-16T16:14:16.609600,GET,/api/mixed/db/1/,3.65,247,0,
2026-05-16T16:14:16.618800,GET,/api/mixed/db/1/,3.94,247,0,
2026-05-16T16:14:16.623897,GET,/api/mixed/pipeline/1/,2.74,82,0,
2026-05-16T16:14:16.629674,GET,/api/mixed/db/1/,4.42,247,0,
2026-05-16T16:14:16.653905,GET,/api/mixed/db/1/,4.01,247,0,
2026-05-16T16:14:16.666955,GET,/api/mixed/pipeline/1/,2.82,82,0,
2026-05-16T16:14:16.676963,GET,/api/mixed/pipeline/1/,2.8,82,0,
2026-05-16T16:14:16.699346,GET,/api/mixed/db/1/,4.52,247,0,
2026-05-16T16:14:16.699766,GET,/api/mixed/db/1/,4.46,247,0,
2026-05-16T16:14:16.706895,GET,/api/mixed/pipeline/1/,2.79,82,0,
2026-05-16T16:14:16.739176,GET,/api/mixed/pipeline/1/,3.24,82,0,
2026-05-16T16:14:17.597090,GET,/api/mixed/http/,107.8,55353,0,
2026-05-16T16:14:17.620526,GET,/api/mixed/pipeline/1/,4.42,82,0,
2026-05-16T16:14:17.624725,GET,/api/mixed/pipeline/1/,4.0,82,0,
2026-05-16T16:14:17.633068,GET,/api/mixed/http/,108.01,55353,0,
2026-05-16T16:14:17.650225,GET,/api/mixed/db/1/,4.1,247,0,
2026-05-16T16:14:17.655336,GET,/api/mixed/db/1/,3.73,247,0,
2026-05-16T16:14:17.671781,GET,/api/mixed/pipeline/1/,4.09,82,0,
2026-05-16T16:14:17.672656,GET,/api/mixed/db/1/,4.45,247,0,
2026-05-16T16:14:17.676324,GET,/api/mixed/http/,107.99,55353,0,
2026-05-16T16:14:17.687258,GET,/api/mixed/pipeline/1/,3.22,82,0,
2026-05-16T16:14:17.688686,GET,/api/mixed/db/1/,5.16,247,0,
2026-05-16T16:14:17.717248,GET,/api/mixed/http/,107.83,55353,0,
2026-05-16T16:14:17.729994,GET,/api/mixed/http/,108.86,55353,0,
2026-05-16T16:14:17.730804,GET,/api/mixed/http/,112.16,55353,0,
2026-05-16T16:14:17.731211,GET,/api/mixed/pipeline/1/,3.74,82,0,
2026-05-16T16:14:17.731766,GET,/api/mixed/pipeline/1/,3.28,82,0,
2026-05-16T16:14:17.736450,GET,/api/mixed/pipeline/1/,3.02,82,0,
2026-05-16T16:14:17.737400,GET,/api/mixed/pipeline/1/,4.44,82,0,
2026-05-16T16:14:17.745182,GET,/api/mixed/http/,107.69,55353,0,
2026-05-16T16:14:17.807809,GET,/api/mixed/http/,108.74,55353,0,
2026-05-16T16:14:17.829059,GET,/api/mixed/pipeline/1/,4.26,82,0,
2026-05-16T16:14:17.829479,GET,/api/mixed/db/1/,4.19,247,0,
2026-05-16T16:14:17.847571,GET,/api/mixed/pipeline/1/,3.45,82,0,
2026-05-16T16:14:17.860437,GET,/api/mixed/http/,107.92,55353,0,
2026-05-16T16:14:17.867875,GET,/api/mixed/http/,107.66,55353,0,
2026-05-16T16:14:17.880967,GET,/api/mixed/pipeline/1/,2.88,82,0,
2026-05-16T16:14:17.893693,GET,/api/mixed/http/,107.99,55353,0,
2026-05-16T16:14:17.917993,GET,/api/mixed/db/1/,4.06,247,0,
2026-05-16T16:14:17.924239,GET,/api/mixed/pipeline/1/,2.88,82,0,
2026-05-16T16:14:17.927921,GET,/api/mixed/http/,107.76,55353,0,
2026-05-16T16:14:17.935940,GET,/api/mixed/http/,109.12,55353,0,
2026-05-16T16:14:17.939082,GET,/api/mixed/db/1/,4.23,247,0,
2026-05-16T16:14:17.952618,GET,/api/mixed/http/,108.98,55353,0,
2026-05-16T16:14:17.953666,GET,/api/mixed/http/,108.16,55353,0,
2026-05-16T16:14:17.971115,GET,/api/mixed/http/,109.3,55353,0,
2026-05-16T16:14:17.982396,GET,/api/mixed/pipeline/1/,2.88,82,0,
2026-05-16T16:14:18.012814,GET,/api/mixed/db/1/,3.96,247,0,
2026-05-16T16:14:18.049129,GET,/api/mixed/http/,107.68,55353,0,
2026-05-16T16:14:18.062020,GET,/api/mixed/pipeline/1/,2.98,82,0,
2026-05-16T16:14:18.068092,GET,/api/mixed/db/1/,3.7,247,0,
2026-05-16T16:14:18.093537,GET,/api/mixed/db/1/,4.05,247,0,
2026-05-16T16:14:18.101282,GET,/api/mixed/http/,108.62,55353,0,
2026-05-16T16:14:18.101765,GET,/api/mixed/http/,108.57,55353,0,
2026-05-16T16:14:18.104609,GET,/api/mixed/pipeline/1/,2.75,82,0,
2026-05-16T16:14:18.121098,GET,/api/mixed/pipeline/1/,3.24,82,0,
2026-05-16T16:14:18.131646,GET,/api/mixed/db/1/,5.34,247,0,
2026-05-16T16:14:18.156284,GET,/api/mixed/http/,108.21,55353,0,
2026-05-16T16:14:18.164410,GET,/api/mixed/db/1/,3.77,247,0,
2026-05-16T16:14:18.171236,GET,/api/mixed/db/1/,4.49,247,0,
2026-05-16T16:14:18.171652,GET,/api/mixed/db/1/,4.47,247,0,
2026-05-16T16:14:18.212456,GET,/api/mixed/pipeline/1/,3.03,82,0,
2026-05-16T16:14:18.212936,GET,/api/mixed/pipeline/1/,4.0,82,0,
2026-05-16T16:14:18.226015,GET,/api/mixed/http/,109.19,55353,0,
2026-05-16T16:14:18.228249,GET,/api/mixed/http/,107.99,55353,0,
2026-05-16T16:14:18.235916,GET,/api/mixed/http/,107.68,55353,0,
2026-05-16T16:14:18.248872,GET,/api/mixed/pipeline/1/,2.72,82,0,
2026-05-16T16:14:18.250278,GET,/api/mixed/db/1/,4.55,247,0,
2026-05-16T16:14:18.256863,GET,/api/mixed/pipeline/1/,2.84,82,0,
2026-05-16T16:14:18.260888,GET,/api/mixed/http/,107.74,55353,0,
2026-05-16T16:14:18.280187,GET,/api/mixed/db/1/,3.93,247,0,
2026-05-16T16:14:18.294548,GET,/api/mixed/http/,107.72,55353,0,
2026-05-16T16:14:18.298190,GET,/api/mixed/http/,107.68,55353,0,
2026-05-16T16:14:18.333344,GET,/api/mixed/pipeline/1/,2.99,82,0,
2026-05-16T16:14:18.341642,GET,/api/mixed/db/1/,3.84,247,0,
2026-05-16T16:14:18.347756,GET,/api/mixed/http/,107.64,55353,0,
2026-05-16T16:14:18.357280,GET,/api/mixed/http/,108.27,55353,0,
2026-05-16T16:14:18.376758,GET,/api/mixed/pipeline/1/,3.09,82,0,
2026-05-16T16:14:18.395395,GET,/api/mixed/db/1/,4.37,247,0,
2026-05-16T16:14:18.411425,GET,/api/mixed/http/,107.79,55353,0,
2026-05-16T16:14:18.459840,GET,/api/mixed/db/1/,4.83,247,0,
2026-05-16T16:14:18.483105,GET,/api/mixed/pipeline/1/,3.7,82,0,
2026-05-16T16:14:18.519592,GET,/api/mixed/pipeline/1/,3.55,82,0,
2026-05-16T16:14:18.522316,GET,/api/mixed/http/,107.53,55353,0,
2026-05-16T16:14:18.545530,GET,/api/mixed/http/,108.28,55353,0,
2026-05-16T16:14:18.548629,GET,/api/mixed/db/1/,4.2,247,0,
2026-05-16T16:14:18.555491,GET,/api/mixed/pipeline/1/,2.71,82,0,
2026-05-16T16:14:18.563942,GET,/api/mixed/pipeline/1/,3.28,82,0,
2026-05-16T16:14:18.564436,GET,/api/mixed/http/,108.91,55353,0,
2026-05-16T16:14:18.564857,GET,/api/mixed/pipeline/1/,2.91,82,0,
2026-05-16T16:14:18.566542,GET,/api/mixed/http/,108.09,55353,0,
2026-05-16T16:14:18.575693,GET,/api/mixed/db/1/,3.82,247,0,
2026-05-16T16:14:18.588274,GET,/api/mixed/http/,108.33,55353,0,
2026-05-16T16:14:18.589363,GET,/api/mixed/pipeline/1/,3.43,82,0,
2026-05-16T16:14:18.590232,GET,/api/mixed/pipeline/1/,3.25,82,0,
2026-05-16T16:14:18.602033,GET,/api/mixed/http/,107.68,55353,0,
2026-05-16T16:14:18.626468,GET,/api/mixed/http/,109.23,55353,0,
2026-05-16T16:14:18.630285,GET,/api/mixed/db/1/,5.82,247,0,
2026-05-16T16:14:18.639030,GET,/api/mixed/pipeline/1/,2.96,82,0,
2026-05-16T16:14:18.644183,GET,/api/mixed/db/1/,3.75,247,0,
2026-05-16T16:14:18.649551,GET,/api/mixed/http/,107.69,55353,0,
2026-05-16T16:14:18.654406,GET,/api/mixed/pipeline/1/,2.66,82,0,
2026-05-16T16:14:18.670018,GET,/api/mixed/db/1/,4.4,247,0,
2026-05-16T16:14:18.692922,GET,/api/mixed/db/1/,4.94,247,0,
2026-05-16T16:14:18.693366,GET,/api/mixed/db/1/,4.12,247,0,
2026-05-16T16:14:18.695986,GET,/api/mixed/pipeline/1/,4.01,82,0,
2026-05-16T16:14:18.697254,GET,/api/mixed/http/,107.78,55353,0,
2026-05-16T16:14:18.697772,GET,/api/mixed/db/1/,3.97,247,0,
2026-05-16T16:14:18.707142,GET,/api/mixed/db/1/,4.04,247,0,
2026-05-16T16:14:18.723027,GET,/api/mixed/http/,107.65,55353,0,
2026-05-16T16:14:18.725681,GET,/api/mixed/http/,107.57,55353,0,
2026-05-16T16:14:18.732963,GET,/api/mixed/db/1/,4.11,247,0,
2026-05-16T16:14:18.737460,GET,/api/mixed/http/,108.14,55353,0,
2026-05-16T16:14:18.753326,GET,/api/mixed/db/1/,4.67,247,0,
2026-05-16T16:14:18.766334,GET,/api/mixed/db/1/,4.54,247,0,
2026-05-16T16:14:18.769678,GET,/api/mixed/db/1/,4.25,247,0,
2026-05-16T16:14:18.788653,GET,/api/mixed/http/,109.22,55353,0,
2026-05-16T16:14:18.792242,GET,/api/mixed/db/1/,4.69,247,0,
2026-05-16T16:14:18.805577,GET,/api/mixed/pipeline/1/,2.96,82,0,
2026-05-16T16:14:18.819777,GET,/api/mixed/pipeline/1/,2.96,82,0,
2026-05-16T16:14:18.825361,GET,/api/mixed/db/1/,4.36,247,0,
2026-05-16T16:14:18.826996,GET,/api/mixed/http/,113.5,55353,0,
2026-05-16T16:14:18.840390,GET,/api/mixed/http/,108.95,55353,0,
2026-05-16T16:14:18.844484,GET,/api/mixed/pipeline/1/,2.85,82,0,
2026-05-16T16:14:18.845013,GET,/api/mixed/http/,108.55,55353,0,
2026-05-16T16:14:18.855102,GET,/api/mixed/db/1/,3.86,247,0,
2026-05-16T16:14:18.885449,GET,/api/mixed/http/,108.48,55353,0,
2026-05-16T16:14:18.897732,GET,/api/mixed/pipeline/1/,3.05,82,0,
2026-05-16T16:14:18.907098,GET,/api/mixed/db/1/,4.14,247,0,
2026-05-16T16:14:18.909749,GET,/api/mixed/db/1/,4.06,247,0,
2026-05-16T16:14:18.935147,GET,/api/mixed/pipeline/1/,2.89,82,0,
2026-05-16T16:14:18.958791,GET,/api/mixed/pipeline/1/,2.78,82,0,
2026-05-16T16:14:18.964995,GET,/api/mixed/db/1/,3.77,247,0,
2026-05-16T16:14:18.967149,GET,/api/mixed/http/,107.7,55353,0,
2026-05-16T16:14:18.970148,GET,/api/mixed/pipeline/1/,2.89,82,0,
2026-05-16T16:14:18.970581,GET,/api/mixed/db/1/,4.36,247,0,
2026-05-16T16:14:18.981360,GET,/api/mixed/db/1/,4.52,247,0,
2026-05-16T16:14:19.003216,GET,/api/mixed/db/1/,3.87,247,0,
2026-05-16T16:14:19.023127,GET,/api/mixed/http/,107.99,55353,0,
2026-05-16T16:14:19.035865,GET,/api/mixed/db/1/,5.48,247,0,
2026-05-16T16:14:19.036357,GET,/api/mixed/http/,109.68,55353,0,
2026-05-16T16:14:19.051142,GET,/api/mixed/pipeline/1/,3.79,82,0,
2026-05-16T16:14:19.053361,GET,/api/mixed/pipeline/1/,3.15,82,0,
2026-05-16T16:14:19.055309,GET,/api/mixed/db/1/,5.59,247,0,
2026-05-16T16:14:19.057285,GET,/api/mixed/pipeline/1/,2.92,82,0,
2026-05-16T16:14:19.060363,GET,/api/mixed/http/,108.79,55353,0,
2026-05-16T16:14:19.060868,GET,/api/mixed/http/,108.8,55353,0,
2026-05-16T16:14:19.084122,GET,/api/mixed/pipeline/1/,3.34,82,0,
2026-05-16T16:14:19.085416,GET,/api/mixed/db/1/,4.11,247,0,
2026-05-16T16:14:19.104853,GET,/api/mixed/http/,108.09,55353,0,
2026-05-16T16:14:19.131076,GET,/api/mixed/db/1/,5.31,247,0,
2026-05-16T16:14:19.131615,GET,/api/mixed/pipeline/1/,6.37,82,0,
2026-05-16T16:14:19.135292,GET,/api/mixed/db/1/,5.27,247,0,
2026-05-16T16:14:19.135730,GET,/api/mixed/db/1/,6.47,247,0,
2026-05-16T16:14:19.136099,GET,/api/mixed/db/1/,4.39,247,0,
2026-05-16T16:14:19.149621,GET,/api/mixed/http/,107.9,55353,0,
2026-05-16T16:14:19.160306,GET,/api/mixed/db/1/,3.7,247,0,
2026-05-16T16:14:19.167038,GET,/api/mixed/pipeline/1/,3.38,82,0,
2026-05-16T16:14:19.170427,GET,/api/mixed/db/1/,4.26,247,0,
2026-05-16T16:14:19.173064,GET,/api/mixed/http/,107.85,55353,0,
2026-05-16T16:14:19.173571,GET,/api/mixed/db/1/,4.51,247,0,
2026-05-16T16:14:19.175862,GET,/api/mixed/pipeline/1/,3.76,82,0,
2026-05-16T16:14:19.187509,GET,/api/mixed/pipeline/1/,2.74,82,0,
2026-05-16T16:14:19.222217,GET,/api/mixed/db/1/,3.96,247,0,
2026-05-16T16:14:19.235334,GET,/api/mixed/http/,108.52,55353,0,
2026-05-16T16:14:19.236916,GET,/api/mixed/http/,108.72,55353,0,
2026-05-16T16:14:19.240948,GET,/api/mixed/db/1/,3.92,247,0,
2026-05-16T16:14:19.251703,GET,/api/mixed/db/1/,4.4,247,0,
2026-05-16T16:14:19.259766,GET,/api/mixed/http/,107.87,55353,0,
2026-05-16T16:14:19.266388,GET,/api/mixed/pipeline/1/,2.75,82,0,
2026-05-16T16:14:19.284256,GET,/api/mixed/pipeline/1/,3.58,82,0,
2026-05-16T16:14:19.290781,GET,/api/mixed/pipeline/1/,3.23,82,0,
2026-05-16T16:14:19.293579,GET,/api/mixed/http/,114.38,55353,0,
2026-05-16T16:14:19.296770,GET,/api/mixed/db/1/,4.66,247,0,
2026-05-16T16:14:19.297278,GET,/api/mixed/http/,108.58,55353,0,
2026-05-16T16:14:19.299087,GET,/api/mixed/http/,107.87,55353,0,
2026-05-16T16:14:19.302457,GET,/api/mixed/http/,107.72,55353,0,
2026-05-16T16:14:19.307356,GET,/api/mixed/pipeline/1/,3.5,82,0,
2026-05-16T16:14:19.307763,GET,/api/mixed/pipeline/1/,2.95,82,0,
2026-05-16T16:14:19.331533,GET,/api/mixed/pipeline/1/,2.75,82,0,
2026-05-16T16:14:19.340921,GET,/api/mixed/pipeline/1/,3.15,82,0,
2026-05-16T16:14:19.357432,GET,/api/mixed/db/1/,5.59,247,0,
2026-05-16T16:14:19.362573,GET,/api/mixed/db/1/,3.82,247,0,
2026-05-16T16:14:19.368730,GET,/api/mixed/http/,107.71,55353,0,
2026-05-16T16:14:19.389414,GET,/api/mixed/http/,108.01,55353,0,
2026-05-16T16:14:19.397634,GET,/api/mixed/db/1/,3.85,247,0,
2026-05-16T16:14:19.421013,GET,/api/mixed/pipeline/1/,3.0,82,0,
2026-05-16T16:14:19.434127,GET,/api/mixed/http/,108.14,55353,0,
2026-05-16T16:14:19.434566,GET,/api/mixed/db/1/,4.33,247,0,
2026-05-16T16:14:19.449850,GET,/api/mixed/db/1/,3.9,247,0,
2026-05-16T16:14:19.456672,GET,/api/mixed/http/,108.57,55353,0,
2026-05-16T16:14:19.476602,GET,/api/mixed/http/,108.82,55353,0,
2026-05-16T16:14:19.494077,GET,/api/mixed/pipeline/1/,3.1,82,0,
2026-05-16T16:14:19.513429,GET,/api/mixed/db/1/,4.25,247,0,
2026-05-16T16:14:19.515474,GET,/api/mixed/db/1/,3.78,247,0,
2026-05-16T16:14:19.523728,GET,/api/mixed/db/1/,6.57,247,0,
2026-05-16T16:14:19.538151,GET,/api/mixed/pipeline/1/,3.15,82,0,
2026-05-16T16:14:19.538557,GET,/api/mixed/pipeline/1/,4.09,82,0,
2026-05-16T16:14:19.542645,GET,/api/mixed/pipeline/1/,2.92,82,0,
2026-05-16T16:14:19.569397,GET,/api/mixed/db/1/,4.55,247,0,
2026-05-16T16:14:19.569861,GET,/api/mixed/db/1/,3.98,247,0,
2026-05-16T16:14:19.577081,GET,/api/mixed/pipeline/1/,3.01,82,0,
2026-05-16T16:14:19.577629,GET,/api/mixed/db/1/,4.6,247,0,
2026-05-16T16:14:19.610090,GET,/api/mixed/http/,108.61,55353,0,
2026-05-16T16:14:19.620168,GET,/api/mixed/db/1/,4.21,247,0,
2026-05-16T16:14:19.625132,GET,/api/mixed/db/1/,3.59,247,0,
2026-05-16T16:14:19.627847,GET,/api/mixed/http/,111.15,55353,0,
2026-05-16T16:14:19.630585,GET,/api/mixed/http/,108.02,55353,0,
2026-05-16T16:14:19.634686,GET,/api/mixed/pipeline/1/,2.75,82,0,
2026-05-16T16:14:19.657103,GET,/api/mixed/db/1/,3.79,247,0,
2026-05-16T16:14:19.689639,GET,/api/mixed/db/1/,4.48,247,0,
2026-05-16T16:14:19.702964,GET,/api/mixed/db/1/,4.23,247,0,
2026-05-16T16:14:19.714794,GET,/api/mixed/pipeline/1/,3.18,82,0,
2026-05-16T16:14:19.715785,GET,/api/mixed/db/1/,4.81,247,0,
2026-05-16T16:14:19.718469,GET,/api/mixed/pipeline/1/,3.55,82,0,
2026-05-16T16:14:19.720561,GET,/api/mixed/pipeline/1/,3.14,82,0,
2026-05-16T16:14:19.723569,GET,/api/mixed/http/,108.08,55353,0,
2026-05-16T16:14:19.740862,GET,/api/mixed/db/1/,4.06,247,0,
2026-05-16T16:14:19.752641,GET,/api/mixed/db/1/,4.06,247,0,
2026-05-16T16:14:19.760423,GET,/api/mixed/http/,108.47,55353,0,
2026-05-16T16:14:19.771674,GET,/api/mixed/pipeline/1/,3.97,82,0,
2026-05-16T16:14:19.790674,GET,/api/mixed/http/,108.29,55353,0,
2026-05-16T16:14:19.798974,GET,/api/mixed/http/,111.0,55353,0,
2026-05-16T16:14:19.799894,GET,/api/mixed/http/,109.03,55353,0,
2026-05-16T16:14:19.818202,GET,/api/mixed/db/1/,4.07,247,0,
2026-05-16T16:14:19.821960,GET,/api/mixed/http/,112.61,55353,0,
2026-05-16T16:14:19.823730,GET,/api/mixed/http/,113.17,55353,0,
2026-05-16T16:14:19.827920,GET,/api/mixed/http/,107.25,55353,0,
2026-05-16T16:14:19.830891,GET,/api/mixed/pipeline/1/,2.86,82,0,
2026-05-16T16:14:19.839947,GET,/api/mixed/db/1/,3.7,247,0,
2026-05-16T16:14:19.849387,GET,/api/mixed/db/1/,4.63,247,0,
2026-05-16T16:14:19.864648,GET,/api/mixed/pipeline/1/,2.87,82,0,
2026-05-16T16:14:19.868535,GET,/api/mixed/pipeline/1/,2.59,82,0,
2026-05-16T16:14:19.898346,GET,/api/mixed/db/1/,4.54,247,0,
2026-05-16T16:14:19.949679,GET,/api/mixed/http/,108.34,55353,0,
2026-05-16T16:14:19.979944,GET,/api/mixed/pipeline/1/,3.05,82,0,
2026-05-16T16:14:20.005604,GET,/api/mixed/db/1/,4.01,247,0,
2026-05-16T16:14:20.010856,GET,/api/mixed/db/1/,3.85,247,0,
2026-05-16T16:14:20.017970,GET,/api/mixed/db/1/,4.76,247,0,
2026-05-16T16:14:20.029883,GET,/api/mixed/http/,108.19,55353,0,
2026-05-16T16:14:20.048135,GET,/api/mixed/db/1/,3.91,247,0,
2026-05-16T16:14:20.051235,GET,/api/mixed/pipeline/1/,2.98,82,0,
2026-05-16T16:14:20.087674,GET,/api/mixed/http/,107.61,55353,0,
2026-05-16T16:14:20.106016,GET,/api/mixed/pipeline/1/,3.01,82,0,
2026-05-16T16:14:20.117365,GET,/api/mixed/db/1/,3.93,247,0,
2026-05-16T16:14:20.121702,GET,/api/mixed/http/,107.92,55353,0,
2026-05-16T16:14:20.134954,GET,/api/mixed/db/1/,3.87,247,0,
2026-05-16T16:14:20.138891,GET,/api/mixed/db/1/,3.8,247,0,
2026-05-16T16:14:20.154533,GET,/api/mixed/pipeline/1/,2.99,82,0,
2026-05-16T16:14:20.168788,GET,/api/mixed/db/1/,4.92,247,0,
2026-05-16T16:14:20.169803,GET,/api/mixed/db/1/,4.92,247,0,
2026-05-16T16:14:20.170441,GET,/api/mixed/db/1/,4.59,247,0,
2026-05-16T16:14:20.181870,GET,/api/mixed/db/1/,6.09,247,0,
2026-05-16T16:14:20.187677,GET,/api/mixed/pipeline/1/,4.43,82,0,
2026-05-16T16:14:20.190269,GET,/api/mixed/pipeline/1/,3.77,82,0,
2026-05-16T16:14:20.197072,GET,/api/mixed/pipeline/1/,3.03,82,0,
2026-05-16T16:14:20.214463,GET,/api/mixed/pipeline/1/,3.94,82,0,
2026-05-16T16:14:20.227564,GET,/api/mixed/pipeline/1/,2.89,82,0,
2026-05-16T16:14:20.249260,GET,/api/mixed/db/1/,4.86,247,0,
2026-05-16T16:14:20.259337,GET,/api/mixed/pipeline/1/,4.53,82,0,
2026-05-16T16:14:20.260697,GET,/api/mixed/http/,110.19,55353,0,
2026-05-16T16:14:20.288484,GET,/api/mixed/pipeline/1/,3.71,82,0,
2026-05-16T16:14:20.289448,GET,/api/mixed/pipeline/1/,3.51,82,0,
2026-05-16T16:14:20.303030,GET,/api/mixed/http/,109.5,55353,0,
2026-05-16T16:14:20.303474,GET,/api/mixed/db/1/,4.75,247,0,
2026-05-16T16:14:20.336165,GET,/api/mixed/pipeline/1/,2.65,82,0,
2026-05-16T16:14:20.336723,GET,/api/mixed/http/,107.91,55353,0,
2026-05-16T16:14:20.350215,GET,/api/mixed/pipeline/1/,2.92,82,0,
2026-05-16T16:14:20.364940,GET,/api/mixed/http/,108.84,55353,0,
2026-05-16T16:14:20.379482,GET,/api/mixed/pipeline/1/,3.13,82,0,
2026-05-16T16:14:20.423594,GET,/api/mixed/http/,107.75,55353,0,
2026-05-16T16:14:20.434426,GET,/api/mixed/pipeline/1/,3.77,82,0,
2026-05-16T16:14:20.434885,GET,/api/mixed/db/1/,4.84,247,0,
2026-05-16T16:14:20.440954,GET,/api/mixed/http/,108.56,55353,0,
2026-05-16T16:14:20.454624,GET,/api/mixed/http/,109.47,55353,0,
2026-05-16T16:14:20.455119,GET,/api/mixed/http/,108.85,55353,0,
2026-05-16T16:14:20.457968,GET,/api/mixed/db/1/,4.75,247,0,
2026-05-16T16:14:20.480529,GET,/api/mixed/db/1/,4.26,247,0,
2026-05-16T16:14:20.496031,GET,/api/mixed/http/,108.3,55353,0,
2026-05-16T16:14:20.504389,GET,/api/mixed/http/,109.73,55353,0,
2026-05-16T16:14:20.505301,GET,/api/mixed/pipeline/1/,3.03,82,0,
2026-05-16T16:14:20.508898,GET,/api/mixed/http/,108.47,55353,0,
2026-05-16T16:14:20.513931,GET,/api/mixed/db/1/,3.8,247,0,
2026-05-16T16:14:20.523928,GET,/api/mixed/http/,107.95,55353,0,
2026-05-16T16:14:20.530159,GET,/api/mixed/pipeline/1/,2.87,82,0,
2026-05-16T16:14:20.539667,GET,/api/mixed/http/,108.51,55353,0,
2026-05-16T16:14:20.546440,GET,/api/mixed/http/,108.3,55353,0,
2026-05-16T16:14:20.547295,GET,/api/mixed/http/,108.65,55353,0,
2026-05-16T16:14:20.568990,GET,/api/mixed/pipeline/1/,3.47,82,0,
2026-05-16T16:14:20.572183,GET,/api/mixed/db/1/,4.13,247,0,
2026-05-16T16:14:20.577363,GET,/api/mixed/http/,108.11,55353,0,
2026-05-16T16:14:20.584391,GET,/api/mixed/pipeline/1/,3.81,82,0,
2026-05-16T16:14:20.585114,GET,/api/mixed/db/1/,4.08,247,0,
2026-05-16T16:14:20.592657,GET,/api/mixed/pipeline/1/,4.21,82,0,
2026-05-16T16:14:20.593374,GET,/api/mixed/db/1/,4.44,247,0,
2026-05-16T16:14:20.593782,GET,/api/mixed/db/1/,3.85,247,0,
2026-05-16T16:14:20.600723,GET,/api/mixed/http/,107.94,55353,0,
2026-05-16T16:14:20.621093,GET,/api/mixed/pipeline/1/,3.06,82,0,
2026-05-16T16:14:20.636310,GET,/api/mixed/db/1/,3.96,247,0,
2026-05-16T16:14:20.642384,GET,/api/mixed/pipeline/1/,2.72,82,0,
2026-05-16T16:14:20.646285,GET,/api/mixed/http/,107.89,55353,0,
2026-05-16T16:14:20.652396,GET,/api/mixed/db/1/,3.91,247,0,
2026-05-16T16:14:20.661266,GET,/api/mixed/pipeline/1/,3.64,82,0,
2026-05-16T16:14:20.663801,GET,/api/mixed/pipeline/1/,3.36,82,0,
2026-05-16T16:14:20.664523,GET,/api/mixed/pipeline/1/,4.54,82,0,
2026-05-16T16:14:20.688114,GET,/api/mixed/pipeline/1/,2.85,82,0,
2026-05-16T16:14:20.694485,GET,/api/mixed/pipeline/1/,2.98,82,0,
2026-05-16T16:14:20.703180,GET,/api/mixed/pipeline/1/,3.13,82,0,
2026-05-16T16:14:20.704436,GET,/api/mixed/db/1/,5.72,247,0,
2026-05-16T16:14:20.717723,GET,/api/mixed/db/1/,5.03,247,0,
2026-05-16T16:14:20.747658,GET,/api/mixed/db/1/,4.94,247,0,
2026-05-16T16:14:20.748090,GET,/api/mixed/db/1/,4.17,247,0,
2026-05-16T16:14:20.785729,GET,/api/mixed/http/,110.93,55353,0,
2026-05-16T16:14:20.787392,GET,/api/mixed/db/1/,4.96,247,0,
2026-05-16T16:14:20.788462,GET,/api/mixed/http/,107.91,55353,0,
2026-05-16T16:14:20.823469,GET,/api/mixed/pipeline/1/,2.89,82,0,
2026-05-16T16:14:20.831765,GET,/api/mixed/http/,107.65,55353,0,
2026-05-16T16:14:20.838041,GET,/api/mixed/db/1/,3.91,247,0,
2026-05-16T16:14:20.842624,GET,/api/mixed/pipeline/1/,3.32,82,0,
2026-05-16T16:14:20.850262,GET,/api/mixed/db/1/,4.39,247,0,
2026-05-16T16:14:20.858557,GET,/api/mixed/pipeline/1/,2.94,82,0,
2026-05-16T16:14:20.863661,GET,/api/mixed/pipeline/1/,2.86,82,0,
2026-05-16T16:14:20.866342,GET,/api/mixed/http/,110.06,55353,0,
2026-05-16T16:14:20.871585,GET,/api/mixed/pipeline/1/,3.98,82,0,
2026-05-16T16:14:20.874656,GET,/api/mixed/pipeline/1/,4.53,82,0,
2026-05-16T16:14:20.876135,GET,/api/mixed/db/1/,4.15,247,0,
2026-05-16T16:14:20.878762,GET,/api/mixed/pipeline/1/,3.53,82,0,
2026-05-16T16:14:20.879614,GET,/api/mixed/db/1/,4.84,247,0,
2026-05-16T16:14:20.892358,GET,/api/mixed/http/,109.35,55353,0,
2026-05-16T16:14:20.924106,GET,/api/mixed/http/,108.36,55353,0,
2026-05-16T16:14:20.924626,GET,/api/mixed/pipeline/1/,2.93,82,0,
2026-05-16T16:14:20.945436,GET,/api/mixed/pipeline/1/,4.59,82,0,
2026-05-16T16:14:20.979358,GET,/api/mixed/http/,108.7,55353,0,
2026-05-16T16:14:20.981295,GET,/api/mixed/db/1/,4.05,247,0,
2026-05-16T16:14:20.987798,GET,/api/mixed/http/,108.05,55353,0,
2026-05-16T16:14:20.995511,GET,/api/mixed/pipeline/1/,3.37,82,0,
2026-05-16T16:14:20.998911,GET,/api/mixed/db/1/,4.25,247,0,
2026-05-16T16:14:20.999394,GET,/api/mixed/http/,108.13,55353,0,
2026-05-16T16:14:21.019511,GET,/api/mixed/db/1/,4.08,247,0,
2026-05-16T16:14:21.023240,GET,/api/mixed/http/,108.12,55353,0,
2026-05-16T16:14:21.024437,GET,/api/mixed/pipeline/1/,4.31,82,0,
2026-05-16T16:14:21.024925,GET,/api/mixed/db/1/,5.27,247,0,
2026-05-16T16:14:21.034075,GET,/api/mixed/db/1/,3.98,247,0,
2026-05-16T16:14:21.049941,GET,/api/mixed/http/,108.53,55353,0,
2026-05-16T16:14:21.053054,GET,/api/mixed/http/,108.72,55353,0,
2026-05-16T16:14:21.076719,GET,/api/mixed/http/,108.07,55353,0,
2026-05-16T16:14:21.097111,GET,/api/mixed/pipeline/1/,3.01,82,0,
2026-05-16T16:14:21.109776,GET,/api/mixed/pipeline/1/,3.72,82,0,
2026-05-16T16:14:21.117531,GET,/api/mixed/http/,107.76,55353,0,
2026-05-16T16:14:21.126802,GET,/api/mixed/db/1/,3.88,247,0,
2026-05-16T16:14:21.131641,GET,/api/mixed/http/,108.26,55353,0,
2026-05-16T16:14:21.138132,GET,/api/mixed/http/,108.51,55353,0,
2026-05-16T16:14:21.180121,GET,/api/mixed/pipeline/1/,3.72,82,0,
2026-05-16T16:14:21.211750,GET,/api/mixed/http/,108.3,55353,0,
2026-05-16T16:14:21.213807,GET,/api/mixed/db/1/,4.96,247,0,
2026-05-16T16:14:21.214232,GET,/api/mixed/pipeline/1/,4.85,82,0,
2026-05-16T16:14:21.215000,GET,/api/mixed/db/1/,4.68,247,0,
2026-05-16T16:14:21.238120,GET,/api/mixed/pipeline/1/,3.17,82,0,
2026-05-16T16:14:21.238535,GET,/api/mixed/pipeline/1/,4.15,82,0,
2026-05-16T16:14:21.251935,GET,/api/mixed/db/1/,3.83,247,0,
2026-05-16T16:14:21.260089,GET,/api/mixed/pipeline/1/,2.75,82,0,
2026-05-16T16:14:21.270214,GET,/api/mixed/pipeline/1/,2.78,82,0,
2026-05-16T16:14:21.274179,GET,/api/mixed/http/,108.38,55353,0,
2026-05-16T16:14:21.284994,GET,/api/mixed/pipeline/1/,2.82,82,0,
2026-05-16T16:14:21.288008,GET,/api/mixed/http/,107.75,55353,0,
2026-05-16T16:14:21.347430,GET,/api/mixed/http/,107.69,55353,0,
2026-05-16T16:14:21.373492,GET,/api/mixed/pipeline/1/,2.9,82,0,
2026-05-16T16:14:21.386607,GET,/api/mixed/pipeline/1/,2.9,82,0,
2026-05-16T16:14:21.387098,GET,/api/mixed/http/,107.7,55353,0,
2026-05-16T16:14:21.396893,GET,/api/mixed/db/1/,4.08,247,0,
2026-05-16T16:14:21.411633,GET,/api/mixed/http/,108.29,55353,0,
2026-05-16T16:14:21.414484,GET,/api/mixed/pipeline/1/,2.73,82,0,
2026-05-16T16:14:21.419621,GET,/api/mixed/db/1/,3.73,247,0,
2026-05-16T16:14:21.441956,GET,/api/mixed/http/,108.1,55353,0,
2026-05-16T16:14:21.446310,GET,/api/mixed/http/,107.7,55353,0,
2026-05-16T16:14:21.451744,GET,/api/mixed/http/,107.64,55353,0,
2026-05-16T16:14:21.458895,GET,/api/mixed/db/1/,4.43,247,0,
2026-05-16T16:14:21.459334,GET,/api/mixed/db/1/,5.34,247,0,
2026-05-16T16:14:21.464697,GET,/api/mixed/http/,107.58,55353,0,
2026-05-16T16:14:21.481960,GET,/api/mixed/pipeline/1/,3.04,82,0,
2026-05-16T16:14:21.487991,GET,/api/mixed/pipeline/1/,2.66,82,0,
2026-05-16T16:14:21.497175,GET,/api/mixed/db/1/,4.33,247,0,
2026-05-16T16:14:21.500299,GET,/api/mixed/http/,108.01,55353,0,
2026-05-16T16:14:21.502038,GET,/api/mixed/db/1/,3.67,247,0,
2026-05-16T16:14:21.509968,GET,/api/mixed/http/,107.7,55353,0,
2026-05-16T16:14:21.521382,GET,/api/mixed/db/1/,3.99,247,0,
2026-05-16T16:14:21.526372,GET,/api/mixed/pipeline/1/,3.61,82,0,
2026-05-16T16:14:21.532604,GET,/api/mixed/http/,107.74,55353,0,
2026-05-16T16:14:21.534105,GET,/api/mixed/db/1/,5.49,247,0,
2026-05-16T16:14:21.537503,GET,/api/mixed/db/1/,4.76,247,0,
2026-05-16T16:14:21.548720,GET,/api/mixed/db/1/,4.03,247,0,
2026-05-16T16:14:21.549837,GET,/api/mixed/http/,107.75,55353,0,
2026-05-16T16:14:21.555898,GET,/api/mixed/pipeline/1/,2.8,82,0,
2026-05-16T16:14:21.562129,GET,/api/mixed/pipeline/1/,2.79,82,0,
2026-05-16T16:14:21.563431,GET,/api/mixed/http/,107.75,55353,0,
2026-05-16T16:14:21.584592,GET,/api/mixed/pipeline/1/,3.34,82,0,
2026-05-16T16:14:21.600922,GET,/api/mixed/http/,108.59,55353,0,
2026-05-16T16:14:21.624583,GET,/api/mixed/db/1/,4.37,247,0,
2026-05-16T16:14:21.625647,GET,/api/mixed/pipeline/1/,2.87,82,0,
2026-05-16T16:14:21.630784,GET,/api/mixed/http/,107.56,55353,0,
2026-05-16T16:14:21.642963,GET,/api/mixed/http/,108.5,55353,0,
2026-05-16T16:14:21.644279,GET,/api/mixed/pipeline/1/,5.21,82,0,
2026-05-16T16:14:21.659998,GET,/api/mixed/db/1/,4.41,247,0,
2026-05-16T16:14:21.666195,GET,/api/mixed/http/,108.08,55353,0,
2026-05-16T16:14:21.668629,GET,/api/mixed/pipeline/1/,3.38,82,0,
2026-05-16T16:14:21.676245,GET,/api/mixed/http/,109.46,55353,0,
2026-05-16T16:14:21.685132,GET,/api/mixed/db/1/,3.96,247,0,
2026-05-16T16:14:21.692057,GET,/api/mixed/http/,108.32,55353,0,
2026-05-16T16:14:21.707960,GET,/api/mixed/pipeline/1/,3.11,82,0,
2026-05-16T16:14:21.720268,GET,/api/mixed/pipeline/1/,3.03,82,0,
2026-05-16T16:14:21.749030,GET,/api/mixed/http/,109.35,55353,0,
2026-05-16T16:14:21.750901,GET,/api/mixed/http/,110.12,55353,0,
2026-05-16T16:14:21.773050,GET,/api/mixed/db/1/,4.12,247,0,
2026-05-16T16:14:21.780128,GET,/api/mixed/db/1/,4.72,247,0,
2026-05-16T16:14:21.785509,GET,/api/mixed/db/1/,4.16,247,0,
2026-05-16T16:14:21.786449,GET,/api/mixed/http/,107.84,55353,0,
2026-05-16T16:14:21.802751,GET,/api/mixed/http/,109.32,55353,0,
2026-05-16T16:14:21.831869,GET,/api/mixed/db/1/,6.89,247,0,
2026-05-16T16:14:21.856480,GET,/api/mixed/http/,114.82,55353,0,
2026-05-16T16:14:21.860432,GET,/api/mixed/db/1/,6.37,247,0,
2026-05-16T16:14:21.861537,GET,/api/mixed/pipeline/1/,4.83,82,0,
2026-05-16T16:14:21.863682,GET,/api/mixed/pipeline/1/,4.54,82,0,
2026-05-16T16:14:21.865210,GET,/api/mixed/db/1/,4.59,247,0,
2026-05-16T16:14:21.877119,GET,/api/mixed/http/,108.81,55353,0,
2026-05-16T16:14:21.894100,GET,/api/mixed/pipeline/1/,3.07,82,0,
2026-05-16T16:14:21.899160,GET,/api/mixed/db/1/,3.66,247,0,
2026-05-16T16:14:21.911924,GET,/api/mixed/db/1/,4.38,247,0,
2026-05-16T16:14:21.915149,GET,/api/mixed/db/1/,4.1,247,0,
2026-05-16T16:14:21.928214,GET,/api/mixed/http/,108.18,55353,0,
2026-05-16T16:14:21.935664,GET,/api/mixed/http/,110.05,55353,0,
2026-05-16T16:14:21.941884,GET,/api/mixed/pipeline/1/,2.82,82,0,
2026-05-16T16:14:21.950545,GET,/api/mixed/pipeline/1/,3.43,82,0,
2026-05-16T16:14:21.951598,GET,/api/mixed/pipeline/1/,2.93,82,0,
2026-05-16T16:14:21.955346,GET,/api/mixed/http/,108.19,55353,0,
2026-05-16T16:14:21.965542,GET,/api/mixed/db/1/,3.88,247,0,
2026-05-16T16:14:21.989160,GET,/api/mixed/http/,107.62,55353,0,
2026-05-16T16:14:22.011273,GET,/api/mixed/db/1/,5.01,247,0,
2026-05-16T16:14:22.014653,GET,/api/mixed/pipeline/1/,2.8,82,0,
2026-05-16T16:14:22.015065,GET,/api/mixed/pipeline/1/,3.66,82,0,
2026-05-16T16:14:22.029242,GET,/api/mixed/db/1/,3.85,247,0,
2026-05-16T16:14:22.037361,GET,/api/mixed/pipeline/1/,2.76,82,0,
2026-05-16T16:14:22.046402,GET,/api/mixed/pipeline/1/,3.71,82,0,
2026-05-16T16:14:22.047132,GET,/api/mixed/db/1/,3.95,247,0,
2026-05-16T16:14:22.061841,GET,/api/mixed/pipeline/1/,2.8,82,0,
2026-05-16T16:14:22.062262,GET,/api/mixed/db/1/,4.76,247,0,
2026-05-16T16:14:22.069407,GET,/api/mixed/db/1/,3.72,247,0,
2026-05-16T16:14:22.070673,GET,/api/mixed/db/1/,3.75,247,0,
2026-05-16T16:14:22.105090,GET,/api/mixed/http/,108.49,55353,0,
2026-05-16T16:14:22.133425,GET,/api/mixed/pipeline/1/,3.0,82,0,
2026-05-16T16:14:22.143036,GET,/api/mixed/pipeline/1/,2.72,82,0,
2026-05-16T16:14:22.167142,GET,/api/mixed/db/1/,6.62,247,0,
2026-05-16T16:14:22.168147,GET,/api/mixed/db/1/,6.72,247,0,
2026-05-16T16:14:22.197762,GET,/api/mixed/pipeline/1/,4.02,82,0,
2026-05-16T16:14:22.200165,GET,/api/mixed/http/,110.12,55353,0,
2026-05-16T16:14:22.210133,GET,/api/mixed/http/,109.46,55353,0,
2026-05-16T16:14:22.226377,GET,/api/mixed/db/1/,4.77,247,0,
2026-05-16T16:14:22.229754,GET,/api/mixed/db/1/,5.08,247,0,
2026-05-16T16:14:22.243545,GET,/api/mixed/http/,107.76,55353,0,
2026-05-16T16:14:22.255389,GET,/api/mixed/db/1/,4.6,247,0,
2026-05-16T16:14:22.265751,GET,/api/mixed/pipeline/1/,3.49,82,0,
2026-05-16T16:14:22.290620,GET,/api/mixed/db/1/,4.72,247,0,
2026-05-16T16:14:22.294163,GET,/api/mixed/http/,108.67,55353,0,
2026-05-16T16:14:22.316414,GET,/api/mixed/pipeline/1/,3.98,82,0,
2026-05-16T16:14:22.323823,GET,/api/mixed/http/,112.34,55353,0,
2026-05-16T16:14:22.325252,GET,/api/mixed/pipeline/1/,5.56,82,0,
2026-05-16T16:14:22.342767,GET,/api/mixed/http/,108.69,55353,0,
2026-05-16T16:14:22.343655,GET,/api/mixed/pipeline/1/,3.16,82,0,
2026-05-16T16:14:22.352676,GET,/api/mixed/db/1/,4.62,247,0,
2026-05-16T16:14:22.365147,GET,/api/mixed/pipeline/1/,3.14,82,0,
2026-05-16T16:14:22.365918,GET,/api/mixed/http/,108.26,55353,0,
2026-05-16T16:14:22.384949,GET,/api/mixed/db/1/,4.76,247,0,
2026-05-16T16:14:22.393344,GET,/api/mixed/http/,110.32,55353,0,
2026-05-16T16:14:22.395363,GET,/api/mixed/pipeline/1/,3.29,82,0,
2026-05-16T16:14:22.431344,GET,/api/mixed/http/,108.89,55353,0,
2026-05-16T16:14:22.435004,GET,/api/mixed/http/,114.74,55353,0,
2026-05-16T16:14:22.435700,GET,/api/mixed/http/,114.96,55353,0,
2026-05-16T16:14:22.467393,GET,/api/mixed/http/,108.4,55353,0,
2026-05-16T16:14:22.478710,GET,/api/mixed/pipeline/1/,2.73,82,0,
2026-05-16T16:14:22.491194,GET,/api/mixed/pipeline/1/,4.08,82,0,
2026-05-16T16:14:22.491600,GET,/api/mixed/db/1/,4.93,247,0,
2026-05-16T16:14:22.493517,GET,/api/mixed/pipeline/1/,3.22,82,0,
2026-05-16T16:14:22.518517,GET,/api/mixed/http/,108.88,55353,0,
2026-05-16T16:14:22.535626,GET,/api/mixed/pipeline/1/,2.88,82,0,
2026-05-16T16:14:22.551754,GET,/api/mixed/db/1/,3.91,247,0,
2026-05-16T16:14:22.552254,GET,/api/mixed/http/,109.27,55353,0,
2026-05-16T16:14:22.569658,GET,/api/mixed/http/,108.85,55353,0,
2026-05-16T16:14:22.576872,GET,/api/mixed/db/1/,3.96,247,0,
2026-05-16T16:14:22.577853,GET,/api/mixed/http/,109.08,55353,0,
2026-05-16T16:14:22.580265,GET,/api/mixed/pipeline/1/,3.27,82,0,
2026-05-16T16:14:22.581479,GET,/api/mixed/http/,108.04,55353,0,
2026-05-16T16:14:22.591941,GET,/api/mixed/http/,107.96,55353,0,
2026-05-16T16:14:22.614162,GET,/api/mixed/db/1/,4.21,247,0,
2026-05-16T16:14:22.641568,GET,/api/mixed/db/1/,4.09,247,0,
2026-05-16T16:14:22.644340,GET,/api/mixed/pipeline/1/,2.66,82,0,
2026-05-16T16:14:22.657749,GET,/api/mixed/db/1/,4.04,247,0,
2026-05-16T16:14:22.663643,GET,/api/mixed/http/,107.85,55353,0,
2026-05-16T16:14:22.673306,GET,/api/mixed/db/1/,5.33,247,0,
2026-05-16T16:14:22.685709,GET,/api/mixed/pipeline/1/,3.13,82,0,
2026-05-16T16:14:22.691744,GET,/api/mixed/pipeline/1/,2.63,82,0,
2026-05-16T16:14:22.703552,GET,/api/mixed/db/1/,4.41,247,0,
2026-05-16T16:14:22.710027,GET,/api/mixed/http/,107.72,55353,0,
2026-05-16T16:14:22.719234,GET,/api/mixed/pipeline/1/,2.95,82,0,
2026-05-16T16:14:22.720213,GET,/api/mixed/http/,107.73,55353,0,
2026-05-16T16:14:22.737861,GET,/api/mixed/db/1/,4.27,247,0,
2026-05-16T16:14:22.747996,GET,/api/mixed/pipeline/1/,2.85,82,0,
2026-05-16T16:14:22.755303,GET,/api/mixed/pipeline/1/,3.08,82,0,
2026-05-16T16:14:22.763700,GET,/api/mixed/http/,107.6,55353,0,
2026-05-16T16:14:22.781155,GET,/api/mixed/http/,109.02,55353,0,
2026-05-16T16:14:22.786362,GET,/api/mixed/pipeline/1/,2.97,82,0,
2026-05-16T16:14:22.808271,GET,/api/mixed/http/,107.87,55353,0,
2026-05-16T16:14:22.847708,GET,/api/mixed/pipeline/1/,3.02,82,0,
2026-05-16T16:14:22.854618,GET,/api/mixed/db/1/,4.67,247,0,
2026-05-16T16:14:22.855032,GET,/api/mixed/db/1/,4.1,247,0,
2026-05-16T16:14:22.860657,GET,/api/mixed/pipeline/1/,2.9,82,0,
2026-05-16T16:14:22.861852,GET,/api/mixed/db/1/,4.55,247,0,
2026-05-16T16:14:22.894336,GET,/api/mixed/http/,107.86,55353,0,
2026-05-16T16:14:22.895210,GET,/api/mixed/pipeline/1/,2.79,82,0,
2026-05-16T16:14:22.911235,GET,/api/mixed/db/1/,4.67,247,0,
2026-05-16T16:14:22.928491,GET,/api/mixed/db/1/,3.9,247,0,
2026-05-16T16:14:22.963320,GET,/api/mixed/pipeline/1/,3.14,82,0,
2026-05-16T16:14:22.972470,GET,/api/mixed/pipeline/1/,3.87,82,0,
2026-05-16T16:14:22.982912,GET,/api/mixed/http/,107.82,55353,0,
2026-05-16T16:14:22.997876,GET,/api/mixed/http/,108.16,55353,0,
2026-05-16T16:14:23.004037,GET,/api/mixed/pipeline/1/,2.73,82,0,
2026-05-16T16:14:23.011781,GET,/api/mixed/db/1/,4.4,247,0,
2026-05-16T16:14:23.013920,GET,/api/mixed/db/1/,4.07,247,0,
2026-05-16T16:14:23.015845,GET,/api/mixed/db/1/,3.93,247,0,
2026-05-16T16:14:23.017584,GET,/api/mixed/db/1/,3.55,247,0,
2026-05-16T16:14:23.026773,GET,/api/mixed/pipeline/1/,2.81,82,0,
2026-05-16T16:14:23.040003,GET,/api/mixed/db/1/,3.89,247,0,
2026-05-16T16:14:23.068929,GET,/api/mixed/db/1/,4.42,247,0,
2026-05-16T16:14:23.070742,GET,/api/mixed/pipeline/1/,2.9,82,0,
2026-05-16T16:14:23.075694,GET,/api/mixed/db/1/,3.61,247,0,
2026-05-16T16:14:23.093413,GET,/api/mixed/db/1/,3.69,247,0,
2026-05-16T16:14:23.122175,GET,/api/mixed/db/1/,4.55,247,0,
2026-05-16T16:14:23.122580,GET,/api/mixed/db/1/,4.47,247,0,
2026-05-16T16:14:23.129281,GET,/api/mixed/pipeline/1/,3.32,82,0,
2026-05-16T16:14:23.130612,GET,/api/mixed/db/1/,3.62,247,0,
2026-05-16T16:14:23.139921,GET,/api/mixed/pipeline/1/,2.72,82,0,
2026-05-16T16:14:23.154127,GET,/api/mixed/pipeline/1/,2.82,82,0,
2026-05-16T16:14:23.171616,GET,/api/mixed/pipeline/1/,3.13,82,0,
2026-05-16T16:14:23.172116,GET,/api/mixed/http/,108.73,55353,0,
2026-05-16T16:14:23.177252,GET,/api/mixed/db/1/,3.78,247,0,
2026-05-16T16:14:23.195084,GET,/api/mixed/http/,108.06,55353,0,
2026-05-16T16:14:23.211607,GET,/api/mixed/db/1/,4.5,247,0,
2026-05-16T16:14:23.214032,GET,/api/mixed/pipeline/1/,3.52,82,0,
2026-05-16T16:14:23.219302,GET,/api/mixed/db/1/,4.03,247,0,
2026-05-16T16:14:23.219720,GET,/api/mixed/db/1/,5.57,247,0,
2026-05-16T16:14:23.245177,GET,/api/mixed/http/,109.36,55353,0,
2026-05-16T16:14:23.257306,GET,/api/mixed/db/1/,4.86,247,0,
2026-05-16T16:14:23.265877,GET,/api/mixed/db/1/,4.27,247,0,
2026-05-16T16:14:23.303251,GET,/api/mixed/pipeline/1/,3.41,82,0,
2026-05-16T16:14:23.308106,GET,/api/mixed/db/1/,3.94,247,0,
2026-05-16T16:14:23.309951,GET,/api/mixed/pipeline/1/,3.22,82,0,
2026-05-16T16:14:23.310891,GET,/api/mixed/http/,108.48,55353,0,
2026-05-16T16:14:23.328079,GET,/api/mixed/pipeline/1/,2.99,82,0,
2026-05-16T16:14:23.338276,GET,/api/mixed/http/,110.34,55353,0,
2026-05-16T16:14:23.340869,GET,/api/mixed/pipeline/1/,4.57,82,0,
2026-05-16T16:14:23.341360,GET,/api/mixed/pipeline/1/,6.07,82,0,
2026-05-16T16:14:23.341753,GET,/api/mixed/db/1/,5.95,247,0,
2026-05-16T16:14:23.349887,GET,/api/mixed/http/,108.14,55353,0,
2026-05-16T16:14:23.358436,GET,/api/mixed/db/1/,4.86,247,0,
2026-05-16T16:14:23.382766,GET,/api/mixed/pipeline/1/,3.11,82,0,
2026-05-16T16:14:23.390995,GET,/api/mixed/db/1/,4.01,247,0,
2026-05-16T16:14:23.395124,GET,/api/mixed/http/,108.04,55353,0,
2026-05-16T16:14:23.403270,GET,/api/mixed/pipeline/1/,2.81,82,0,
2026-05-16T16:14:23.410395,GET,/api/mixed/pipeline/1/,2.93,82,0,
2026-05-16T16:14:23.412080,GET,/api/mixed/http/,109.69,55353,0,
2026-05-16T16:14:23.416089,GET,/api/mixed/db/1/,4.85,247,0,
2026-05-16T16:14:23.416523,GET,/api/mixed/db/1/,3.78,247,0,
2026-05-16T16:14:23.435775,GET,/api/mixed/pipeline/1/,3.02,82,0,
2026-05-16T16:14:23.449181,GET,/api/mixed/db/1/,4.02,247,0,
2026-05-16T16:14:23.454303,GET,/api/mixed/http/,108.3,55353,0,
2026-05-16T16:14:23.462125,GET,/api/mixed/http/,108.16,55353,0,
2026-05-16T16:14:23.462940,GET,/api/mixed/http/,109.82,55353,0,
2026-05-16T16:14:23.469474,GET,/api/mixed/db/1/,4.2,247,0,
2026-05-16T16:14:23.471794,GET,/api/mixed/pipeline/1/,3.17,82,0,
2026-05-16T16:14:23.487004,GET,/api/mixed/pipeline/1/,4.89,82,0,
2026-05-16T16:14:23.487476,GET,/api/mixed/pipeline/1/,4.76,82,0,
2026-05-16T16:14:23.489358,GET,/api/mixed/db/1/,5.21,247,0,
2026-05-16T16:14:23.499661,GET,/api/mixed/pipeline/1/,3.04,82,0,
2026-05-16T16:14:23.501065,GET,/api/mixed/http/,107.79,55353,0,
2026-05-16T16:14:23.525066,GET,/api/mixed/pipeline/1/,3.28,82,0,
2026-05-16T16:14:23.543902,GET,/api/mixed/db/1/,4.51,247,0,
2026-05-16T16:14:23.544388,GET,/api/mixed/db/1/,5.98,247,0,
2026-05-16T16:14:23.552222,GET,/api/mixed/db/1/,3.76,247,0,
2026-05-16T16:14:23.570204,GET,/api/mixed/pipeline/1/,3.65,82,0,
2026-05-16T16:14:23.581637,GET,/api/mixed/db/1/,4.34,247,0,
2026-05-16T16:14:23.605604,GET,/api/mixed/db/1/,4.02,247,0,
2026-05-16T16:14:23.609467,GET,/api/mixed/http/,108.29,55353,0,
2026-05-16T16:14:23.619737,GET,/api/mixed/pipeline/1/,2.98,82,0,
2026-05-16T16:14:23.644025,GET,/api/mixed/pipeline/1/,3.05,82,0,
2026-05-16T16:14:23.651957,GET,/api/mixed/http/,108.98,55353,0,
2026-05-16T16:14:23.682451,GET,/api/mixed/http/,107.96,55353,0,
2026-05-16T16:14:23.703760,GET,/api/mixed/pipeline/1/,5.38,82,0,
2026-05-16T16:14:23.704405,GET,/api/mixed/pipeline/1/,5.58,82,0,
2026-05-16T16:14:23.704901,GET,/api/mixed/db/1/,5.66,247,0,
2026-05-16T16:14:23.705673,GET,/api/mixed/http/,108.82,55353,0,
2026-05-16T16:14:23.707807,GET,/api/mixed/db/1/,5.18,247,0,
2026-05-16T16:14:23.710901,GET,/api/mixed/db/1/,4.01,247,0,
2026-05-16T16:14:23.751154,GET,/api/mixed/pipeline/1/,3.31,82,0,
2026-05-16T16:14:23.766101,GET,/api/mixed/http/,107.91,55353,0,
2026-05-16T16:14:23.772088,GET,/api/mixed/pipeline/1/,2.71,82,0,
2026-05-16T16:14:23.772852,GET,/api/mixed/http/,108.09,55353,0,
2026-05-16T16:14:23.779296,GET,/api/mixed/http/,107.87,55353,0,
2026-05-16T16:14:23.785201,GET,/api/mixed/http/,108.21,55353,0,
2026-05-16T16:14:23.788599,GET,/api/mixed/db/1/,4.56,247,0,
2026-05-16T16:14:23.801476,GET,/api/mixed/http/,107.8,55353,0,
2026-05-16T16:14:23.804313,GET,/api/mixed/pipeline/1/,2.72,82,0,
2026-05-16T16:14:23.809378,GET,/api/mixed/db/1/,3.67,247,0,
2026-05-16T16:14:23.815275,GET,/api/mixed/pipeline/1/,2.68,82,0,
2026-05-16T16:14:23.827406,GET,/api/mixed/http/,108.25,55353,0,
2026-05-16T16:14:23.834457,GET,/api/mixed/db/1/,3.84,247,0,
2026-05-16T16:14:23.886541,GET,/api/mixed/db/1/,6.6,247,0,
2026-05-16T16:14:23.893693,GET,/api/mixed/http/,110.18,55353,0,
2026-05-16T16:14:23.905017,GET,/api/mixed/http/,108.22,55353,0,
2026-05-16T16:14:23.905747,GET,/api/mixed/http/,107.71,55353,0,
2026-05-16T16:14:23.908897,GET,/api/mixed/db/1/,4.9,247,0,
2026-05-16T16:14:23.914583,GET,/api/mixed/pipeline/1/,3.49,82,0,
2026-05-16T16:14:23.918728,GET,/api/mixed/pipeline/1/,4.03,82,0,
2026-05-16T16:14:23.919444,GET,/api/mixed/db/1/,4.32,247,0,
2026-05-16T16:14:23.934653,GET,/api/mixed/http/,108.17,55353,0,
2026-05-16T16:14:23.938662,GET,/api/mixed/pipeline/1/,2.82,82,0,
2026-05-16T16:14:23.948686,GET,/api/mixed/db/1/,3.81,247,0,
2026-05-16T16:14:23.960038,GET,/api/mixed/db/1/,3.74,247,0,
2026-05-16T16:14:23.964664,GET,/api/mixed/pipeline/1/,3.23,82,0,
2026-05-16T16:14:23.967577,GET,/api/mixed/db/1/,3.78,247,0,
2026-05-16T16:14:23.970785,GET,/api/mixed/pipeline/1/,3.1,82,0,
2026-05-16T16:14:23.973857,GET,/api/mixed/db/1/,3.91,247,0,
2026-05-16T16:14:23.978771,GET,/api/mixed/pipeline/1/,2.66,82,0,
2026-05-16T16:14:23.987417,GET,/api/mixed/http/,109.57,55353,0,
2026-05-16T16:14:23.996167,GET,/api/mixed/http/,107.3,55353,0,
2026-05-16T16:14:24.016813,GET,/api/mixed/db/1/,3.73,247,0,
2026-05-16T16:14:24.023549,GET,/api/mixed/http/,107.51,55353,0,
2026-05-16T16:14:24.055839,GET,/api/mixed/http/,108.49,55353,0,
2026-05-16T16:14:24.065900,GET,/api/mixed/db/1/,3.82,247,0,
2026-05-16T16:14:24.069509,GET,/api/mixed/db/1/,3.5,247,0,
2026-05-16T16:14:24.087986,GET,/api/mixed/db/1/,3.75,247,0,
2026-05-16T16:14:24.090377,GET,/api/mixed/http/,107.41,55353,0,
2026-05-16T16:14:24.116603,GET,/api/mixed/http/,108.24,55353,0,
2026-05-16T16:14:24.117009,GET,/api/mixed/db/1/,4.1,247,0,
2026-05-16T16:14:24.122026,GET,/api/mixed/db/1/,3.77,247,0,
2026-05-16T16:14:24.157609,GET,/api/mixed/pipeline/1/,4.05,82,0,
2026-05-16T16:14:24.161614,GET,/api/mixed/pipeline/1/,2.6,82,0,
2026-05-16T16:14:24.181522,GET,/api/mixed/http/,107.71,55353,0,
2026-05-16T16:14:24.197456,GET,/api/mixed/db/1/,4.73,247,0,
2026-05-16T16:14:24.219592,GET,/api/mixed/http/,108.01,55353,0,
2026-05-16T16:14:24.225794,GET,/api/mixed/pipeline/1/,4.47,82,0,
2026-05-16T16:14:24.227688,GET,/api/mixed/db/1/,4.84,247,0,
2026-05-16T16:14:24.234684,GET,/api/mixed/http/,107.47,55353,0,
2026-05-16T16:14:24.241347,GET,/api/mixed/http/,107.7,55353,0,
2026-05-16T16:14:24.283443,GET,/api/mixed/http/,107.62,55353,0,
2026-05-16T16:14:24.292131,GET,/api/mixed/pipeline/1/,2.86,82,0,
2026-05-16T16:14:24.296839,GET,/api/mixed/db/1/,3.5,247,0,
2026-05-16T16:14:24.301525,GET,/api/mixed/http/,107.73,55353,0,
2026-05-16T16:14:24.315322,GET,/api/mixed/pipeline/1/,2.83,82,0,
2026-05-16T16:14:24.325224,GET,/api/mixed/db/1/,3.72,247,0,
2026-05-16T16:14:24.325995,GET,/api/mixed/http/,108.33,55353,0,
2026-05-16T16:14:24.330376,GET,/api/mixed/http/,109.55,55353,0,
2026-05-16T16:14:24.333176,GET,/api/mixed/pipeline/1/,2.69,82,0,
2026-05-16T16:14:24.350809,GET,/api/mixed/pipeline/1/,4.42,82,0,
2026-05-16T16:14:24.351261,GET,/api/mixed/db/1/,5.72,247,0,
2026-05-16T16:14:24.352082,GET,/api/mixed/db/1/,4.0,247,0,
2026-05-16T16:14:24.391487,GET,/api/mixed/db/1/,3.92,247,0,
2026-05-16T16:14:24.409046,GET,/api/mixed/http/,107.4,55353,0,
2026-05-16T16:14:24.414492,GET,/api/mixed/http/,107.37,55353,0,
2026-05-16T16:14:24.426723,GET,/api/mixed/db/1/,3.96,247,0,
2026-05-16T16:14:24.437786,GET,/api/mixed/db/1/,3.76,247,0,
2026-05-16T16:14:24.453688,GET,/api/mixed/pipeline/1/,2.7,82,0,
2026-05-16T16:14:24.455542,GET,/api/mixed/http/,108.67,55353,0,
2026-05-16T16:14:24.456010,GET,/api/mixed/http/,110.0,55353,0,
2026-05-16T16:14:24.459632,GET,/api/mixed/http/,107.46,55353,0,
2026-05-16T16:14:24.478221,GET,/api/mixed/http/,108.31,55353,0,
2026-05-16T16:14:24.481176,GET,/api/mixed/db/1/,4.02,247,0,
2026-05-16T16:14:24.496469,GET,/api/mixed/pipeline/1/,3.05,82,0,
2026-05-16T16:14:24.520512,GET,/api/mixed/db/1/,3.86,247,0,
2026-05-16T16:14:24.529946,GET,/api/mixed/pipeline/1/,2.74,82,0,
2026-05-16T16:14:24.541716,GET,/api/mixed/pipeline/1/,3.44,82,0,
2026-05-16T16:14:24.572271,GET,/api/mixed/http/,108.39,55353,0,
2026-05-16T16:14:24.588405,GET,/api/mixed/db/1/,3.87,247,0,
2026-05-16T16:14:24.599028,GET,/api/mixed/pipeline/1/,3.35,82,0,
2026-05-16T16:14:24.600394,GET,/api/mixed/db/1/,3.67,247,0,
2026-05-16T16:14:24.612739,GET,/api/mixed/pipeline/1/,4.1,82,0,
2026-05-16T16:14:24.630159,GET,/api/mixed/http/,107.35,55353,0,
2026-05-16T16:14:24.638189,GET,/api/mixed/pipeline/1/,2.78,82,0,
2026-05-16T16:14:24.646412,GET,/api/mixed/http/,107.7,55353,0,
2026-05-16T16:14:24.660699,GET,/api/mixed/http/,108.75,55353,0,
2026-05-16T16:14:24.662278,GET,/api/mixed/pipeline/1/,4.06,82,0,
2026-05-16T16:14:24.669468,GET,/api/mixed/http/,107.8,55353,0,
2026-05-16T16:14:24.676108,GET,/api/mixed/http/,107.8,55353,0,
2026-05-16T16:14:24.694917,GET,/api/mixed/db/1/,3.86,247,0,
2026-05-16T16:14:24.709607,GET,/api/mixed/db/1/,4.32,247,0,
2026-05-16T16:14:24.712484,GET,/api/mixed/db/1/,3.86,247,0,
2026-05-16T16:14:24.719635,GET,/api/mixed/http/,107.73,55353,0,
2026-05-16T16:14:24.722340,GET,/api/mixed/db/1/,4.6,247,0,
2026-05-16T16:14:24.731763,GET,/api/mixed/db/1/,3.89,247,0,
2026-05-16T16:14:24.766519,GET,/api/mixed/http/,108.83,55353,0,
2026-05-16T16:14:24.783832,GET,/api/mixed/pipeline/1/,2.72,82,0,
2026-05-16T16:14:24.785765,GET,/api/mixed/http/,107.34,55353,0,
2026-05-16T16:14:24.798343,GET,/api/mixed/pipeline/1/,3.35,82,0,
2026-05-16T16:14:24.801096,GET,/api/mixed/pipeline/1/,2.64,82,0,
2026-05-16T16:14:24.809221,GET,/api/mixed/db/1/,3.8,247,0,
2026-05-16T16:14:24.829663,GET,/api/mixed/http/,108.35,55353,0,
2026-05-16T16:14:24.831512,GET,/api/mixed/pipeline/1/,3.27,82,0,
2026-05-16T16:14:24.867880,GET,/api/mixed/pipeline/1/,4.15,82,0,
2026-05-16T16:14:24.868268,GET,/api/mixed/pipeline/1/,2.99,82,0,
2026-05-16T16:14:24.878256,GET,/api/mixed/http/,107.53,55353,0,
2026-05-16T16:14:24.896317,GET,/api/mixed/pipeline/1/,3.19,82,0,
2026-05-16T16:14:24.898787,GET,/api/mixed/pipeline/1/,3.26,82,0,
2026-05-16T16:14:24.899831,GET,/api/mixed/pipeline/1/,2.57,82,0,
2026-05-16T16:14:24.905352,GET,/api/mixed/http/,107.95,55353,0,
2026-05-16T16:14:24.912714,GET,/api/mixed/pipeline/1/,3.21,82,0,
2026-05-16T16:14:24.915472,GET,/api/mixed/http/,107.61,55353,0,
2026-05-16T16:14:24.923420,GET,/api/mixed/db/1/,3.76,247,0,
2026-05-16T16:14:24.927268,GET,/api/mixed/http/,107.52,55353,0,
2026-05-16T16:14:24.962951,GET,/api/mixed/pipeline/1/,3.42,82,0,
2026-05-16T16:14:24.963410,GET,/api/mixed/pipeline/1/,3.18,82,0,
2026-05-16T16:14:24.969281,GET,/api/mixed/pipeline/1/,2.64,82,0,
2026-05-16T16:14:24.972155,GET,/api/mixed/http/,107.89,55353,0,
2026-05-16T16:14:24.982138,GET,/api/mixed/db/1/,3.79,247,0,
2026-05-16T16:14:24.989163,GET,/api/mixed/db/1/,3.78,247,0,
2026-05-16T16:14:24.996889,GET,/api/mixed/http/,108.42,55353,0,
2026-05-16T16:14:25.017574,GET,/api/mixed/http/,107.62,55353,0,
2026-05-16T16:14:25.034715,GET,/api/mixed/pipeline/1/,2.91,82,0,
2026-05-16T16:14:25.049062,GET,/api/mixed/db/1/,4.14,247,0,
2026-05-16T16:14:25.063652,GET,/api/mixed/db/1/,3.68,247,0,
2026-05-16T16:14:25.076159,GET,/api/mixed/pipeline/1/,2.74,82,0,
2026-05-16T16:14:25.081293,GET,/api/mixed/pipeline/1/,2.81,82,0,
2026-05-16T16:14:25.130466,GET,/api/mixed/pipeline/1/,4.15,82,0,
2026-05-16T16:14:25.138674,GET,/api/mixed/pipeline/1/,2.98,82,0,
2026-05-16T16:14:25.163351,GET,/api/mixed/http/,108.03,55353,0,
2026-05-16T16:14:25.168363,GET,/api/mixed/db/1/,3.81,247,0,
2026-05-16T16:14:25.173260,GET,/api/mixed/http/,108.42,55353,0,
2026-05-16T16:14:25.176663,GET,/api/mixed/db/1/,4.33,247,0,
2026-05-16T16:14:25.197992,GET,/api/mixed/http/,108.31,55353,0,
2026-05-16T16:14:25.200010,GET,/api/mixed/pipeline/1/,3.25,82,0,
2026-05-16T16:14:25.216019,GET,/api/mixed/pipeline/1/,2.69,82,0,
2026-05-16T16:14:25.225011,GET,/api/mixed/pipeline/1/,2.74,82,0,
2026-05-16T16:14:25.255623,GET,/api/mixed/http/,107.73,55353,0,
2026-05-16T16:14:25.270224,GET,/api/mixed/pipeline/1/,3.41,82,0,
2026-05-16T16:14:25.287306,GET,/api/mixed/db/1/,3.73,247,0,
2026-05-16T16:14:25.287712,GET,/api/mixed/db/1/,4.59,247,0,
2026-05-16T16:14:25.297842,GET,/api/mixed/db/1/,3.85,247,0,
2026-05-16T16:14:25.305111,GET,/api/mixed/http/,109.23,55353,0,
2026-05-16T16:14:25.339600,GET,/api/mixed/pipeline/1/,3.06,82,0,
2026-05-16T16:14:25.344958,GET,/api/mixed/pipeline/1/,3.01,82,0,
2026-05-16T16:14:25.357669,GET,/api/mixed/pipeline/1/,3.07,82,0,
2026-05-16T16:14:25.361741,GET,/api/mixed/pipeline/1/,3.95,82,0,
2026-05-16T16:14:25.365916,GET,/api/mixed/db/1/,5.42,247,0,
2026-05-16T16:14:25.387069,GET,/api/mixed/http/,110.55,55353,0,
2026-05-16T16:14:25.399312,GET,/api/mixed/db/1/,6.95,247,0,
2026-05-16T16:14:25.430357,GET,/api/mixed/http/,107.91,55353,0,
2026-05-16T16:14:25.432446,GET,/api/mixed/http/,107.35,55353,0,
2026-05-16T16:14:25.453521,GET,/api/mixed/http/,107.21,55353,0,
2026-05-16T16:14:25.467523,GET,/api/mixed/pipeline/1/,2.79,82,0,
2026-05-16T16:14:25.472326,GET,/api/mixed/pipeline/1/,2.49,82,0,
2026-05-16T16:14:25.487123,GET,/api/mixed/pipeline/1/,2.68,82,0,
2026-05-16T16:14:25.498719,GET,/api/mixed/pipeline/1/,2.87,82,0,
2026-05-16T16:14:25.499864,GET,/api/mixed/db/1/,4.49,247,0,
2026-05-16T16:14:25.502440,GET,/api/mixed/http/,109.41,55353,0,
2026-05-16T16:14:25.502889,GET,/api/mixed/http/,109.24,55353,0,
2026-05-16T16:14:25.547126,GET,/api/mixed/pipeline/1/,2.76,82,0,
2026-05-16T16:14:25.564440,GET,/api/mixed/db/1/,4.86,247,0,
2026-05-16T16:14:25.573207,GET,/api/mixed/pipeline/1/,3.84,82,0,
2026-05-16T16:14:25.574199,GET,/api/mixed/db/1/,5.42,247,0,
2026-05-16T16:14:25.576140,GET,/api/mixed/pipeline/1/,4.03,82,0,
2026-05-16T16:14:25.577581,GET,/api/mixed/db/1/,4.24,247,0,
2026-05-16T16:14:25.584722,GET,/api/mixed/http/,108.22,55353,0,
2026-05-16T16:14:25.593650,GET,/api/mixed/http/,113.53,55353,0,
2026-05-16T16:14:25.602918,GET,/api/mixed/db/1/,4.09,247,0,
2026-05-16T16:14:25.611354,GET,/api/mixed/pipeline/1/,2.72,82,0,
2026-05-16T16:14:25.613759,GET,/api/mixed/http/,107.65,55353,0,
2026-05-16T16:14:25.623202,GET,/api/mixed/http/,107.69,55353,0,
2026-05-16T16:14:25.631692,GET,/api/mixed/http/,107.77,55353,0,
2026-05-16T16:14:25.645341,GET,/api/mixed/http/,107.79,55353,0,
2026-05-16T16:14:25.646283,GET,/api/mixed/db/1/,4.39,247,0,
2026-05-16T16:14:25.651998,GET,/api/mixed/http/,108.06,55353,0,
2026-05-16T16:14:25.654362,GET,/api/mixed/http/,107.09,55353,0,
2026-05-16T16:14:25.668516,GET,/api/mixed/http/,108.38,55353,0,
2026-05-16T16:14:25.681100,GET,/api/mixed/db/1/,4.26,247,0,
2026-05-16T16:14:25.685270,GET,/api/mixed/db/1/,5.03,247,0,
2026-05-16T16:14:25.689004,GET,/api/mixed/pipeline/1/,2.55,82,0,
2026-05-16T16:14:25.689806,GET,/api/mixed/http/,108.04,55353,0,
2026-05-16T16:14:25.712207,GET,/api/mixed/http/,107.96,55353,0,
2026-05-16T16:14:25.714130,GET,/api/mixed/pipeline/1/,3.5,82,0,
2026-05-16T16:14:25.720053,GET,/api/mixed/pipeline/1/,2.56,82,0,
2026-05-16T16:14:25.753537,GET,/api/mixed/pipeline/1/,2.79,82,0,
2026-05-16T16:14:25.762043,GET,/api/mixed/http/,107.57,55353,0,
2026-05-16T16:14:25.775780,GET,/api/mixed/pipeline/1/,3.3,82,0,
2026-05-16T16:14:25.785319,GET,/api/mixed/db/1/,3.67,247,0,
2026-05-16T16:14:25.789288,GET,/api/mixed/http/,107.62,55353,0,
2026-05-16T16:14:25.803307,GET,/api/mixed/pipeline/1/,2.81,82,0,
2026-05-16T16:14:25.804974,GET,/api/mixed/http/,107.75,55353,0,
2026-05-16T16:14:25.823480,GET,/api/mixed/pipeline/1/,2.75,82,0,
2026-05-16T16:14:25.834527,GET,/api/mixed/pipeline/1/,2.82,82,0,
2026-05-16T16:14:25.841276,GET,/api/mixed/pipeline/1/,2.62,82,0,
2026-05-16T16:14:25.843702,GET,/api/mixed/http/,107.46,55353,0,
2026-05-16T16:14:25.848711,GET,/api/mixed/db/1/,3.84,247,0,
2026-05-16T16:14:25.865650,GET,/api/mixed/http/,107.93,55353,0,
2026-05-16T16:14:25.866117,GET,/api/mixed/http/,107.43,55353,0,
2026-05-16T16:14:25.873980,GET,/api/mixed/db/1/,3.56,247,0,
2026-05-16T16:14:25.883527,GET,/api/mixed/http/,108.58,55353,0,
2026-05-16T16:14:25.886490,GET,/api/mixed/db/1/,3.97,247,0,
2026-05-16T16:14:25.892750,GET,/api/mixed/db/1/,3.64,247,0,
2026-05-16T16:14:25.914191,GET,/api/mixed/db/1/,4.48,247,0,
2026-05-16T16:14:25.916381,GET,/api/mixed/http/,107.26,55353,0,
2026-05-16T16:14:25.916967,GET,/api/mixed/http/,108.86,55353,0,
2026-05-16T16:14:25.917350,GET,/api/mixed/pipeline/1/,3.04,82,0,
2026-05-16T16:14:25.920664,GET,/api/mixed/http/,108.35,55353,0,
2026-05-16T16:14:25.923085,GET,/api/mixed/pipeline/1/,4.27,82,0,
2026-05-16T16:14:25.929425,GET,/api/mixed/pipeline/1/,3.0,82,0,
2026-05-16T16:14:25.932423,GET,/api/mixed/db/1/,3.77,247,0,
2026-05-16T16:14:25.959660,GET,/api/mixed/pipeline/1/,3.5,82,0,
2026-05-16T16:14:25.985475,GET,/api/mixed/http/,108.28,55353,0,
2026-05-16T16:14:25.997428,GET,/api/mixed/http/,108.75,55353,0,
2026-05-16T16:14:26.008722,GET,/api/mixed/http/,107.57,55353,0,
2026-05-16T16:14:26.017743,GET,/api/mixed/http/,107.56,55353,0,
2026-05-16T16:14:26.019286,GET,/api/mixed/db/1/,4.29,247,0,
2026-05-16T16:14:26.024085,GET,/api/mixed/http/,108.81,55353,0,
2026-05-16T16:14:26.032597,GET,/api/mixed/pipeline/1/,3.28,82,0,
2026-05-16T16:14:26.044612,GET,/api/mixed/db/1/,3.84,247,0,
2026-05-16T16:14:26.050739,GET,/api/mixed/db/1/,3.81,247,0,
2026-05-16T16:14:26.059087,GET,/api/mixed/http/,108.4,55353,0,
2026-05-16T16:14:26.061923,GET,/api/mixed/db/1/,3.99,247,0,
2026-05-16T16:14:26.074183,GET,/api/mixed/pipeline/1/,2.95,82,0,
2026-05-16T16:14:26.080113,GET,/api/mixed/pipeline/1/,2.6,82,0,
2026-05-16T16:14:26.085687,GET,/api/mixed/db/1/,3.85,247,0,
2026-05-16T16:14:26.090892,GET,/api/mixed/db/1/,3.87,247,0,
2026-05-16T16:14:26.092726,GET,/api/mixed/pipeline/1/,3.25,82,0,
2026-05-16T16:14:26.103803,GET,/api/mixed/pipeline/1/,2.73,82,0,
2026-05-16T16:14:26.108650,GET,/api/mixed/pipeline/1/,2.61,82,0,
2026-05-16T16:14:26.125258,GET,/api/mixed/pipeline/1/,3.34,82,0,
2026-05-16T16:14:26.125653,GET,/api/mixed/pipeline/1/,2.68,82,0,
2026-05-16T16:14:26.143429,GET,/api/mixed/http/,107.62,55353,0,
2026-05-16T16:14:26.148271,GET,/api/mixed/http/,108.02,55353,0,
2026-05-16T16:14:26.158941,GET,/api/mixed/db/1/,4.4,247,0,
2026-05-16T16:14:26.159374,GET,/api/mixed/db/1/,3.82,247,0,
2026-05-16T16:14:26.161762,GET,/api/mixed/pipeline/1/,3.82,82,0,
2026-05-16T16:14:26.162614,GET,/api/mixed/pipeline/1/,2.92,82,0,
2026-05-16T16:14:26.165066,GET,/api/mixed/pipeline/1/,3.2,82,0,
2026-05-16T16:14:26.190485,GET,/api/mixed/http/,109.05,55353,0,
2026-05-16T16:14:26.212435,GET,/api/mixed/db/1/,3.73,247,0,
2026-05-16T16:14:26.225102,GET,/api/mixed/db/1/,4.46,247,0,
2026-05-16T16:14:26.240764,GET,/api/mixed/pipeline/1/,3.32,82,0,
2026-05-16T16:14:26.247046,GET,/api/mixed/http/,108.28,55353,0,
2026-05-16T16:14:26.261974,GET,/api/mixed/db/1/,4.71,247,0,
2026-05-16T16:14:26.265436,GET,/api/mixed/db/1/,4.35,247,0,
2026-05-16T16:14:26.298283,GET,/api/mixed/db/1/,3.98,247,0,
2026-05-16T16:14:26.306354,GET,/api/mixed/pipeline/1/,2.82,82,0,
2026-05-16T16:14:26.322187,GET,/api/mixed/db/1/,4.02,247,0,
2026-05-16T16:14:26.324069,GET,/api/mixed/pipeline/1/,3.1,82,0,
2026-05-16T16:14:26.329258,GET,/api/mixed/http/,108.1,55353,0,
2026-05-16T16:14:26.332119,GET,/api/mixed/db/1/,4.91,247,0,
2026-05-16T16:14:26.347643,GET,/api/mixed/http/,107.77,55353,0,
2026-05-16T16:14:26.365798,GET,/api/mixed/http/,107.53,55353,0,
2026-05-16T16:14:26.369245,GET,/api/mixed/http/,108.74,55353,0,
2026-05-16T16:14:26.374089,GET,/api/mixed/pipeline/1/,2.63,82,0,
2026-05-16T16:14:26.379721,GET,/api/mixed/db/1/,3.89,247,0,
2026-05-16T16:14:26.384173,GET,/api/mixed/pipeline/1/,3.11,82,0,
2026-05-16T16:14:26.405422,GET,/api/mixed/db/1/,3.72,247,0,
2026-05-16T16:14:26.417335,GET,/api/mixed/db/1/,4.72,247,0,
2026-05-16T16:14:26.419623,GET,/api/mixed/pipeline/1/,3.18,82,0,
2026-05-16T16:14:26.426057,GET,/api/mixed/http/,108.38,55353,0,
2026-05-16T16:14:26.442903,GET,/api/mixed/http/,107.54,55353,0,
2026-05-16T16:14:26.447873,GET,/api/mixed/db/1/,3.73,247,0,
2026-05-16T16:14:26.448685,GET,/api/mixed/http/,107.93,55353,0,
2026-05-16T16:14:26.449647,GET,/api/mixed/pipeline/1/,3.18,82,0,
2026-05-16T16:14:26.450332,GET,/api/mixed/http/,107.25,55353,0,
2026-05-16T16:14:26.462368,GET,/api/mixed/pipeline/1/,2.8,82,0,
2026-05-16T16:14:26.469613,GET,/api/mixed/http/,107.75,55353,0,
2026-05-16T16:14:26.475603,GET,/api/mixed/db/1/,3.79,247,0,
2026-05-16T16:14:26.476272,GET,/api/mixed/http/,107.94,55353,0,
2026-05-16T16:14:26.481259,GET,/api/mixed/db/1/,3.67,247,0,
2026-05-16T16:14:26.484003,GET,/api/mixed/http/,108.58,55353,0,
2026-05-16T16:14:26.490731,GET,/api/mixed/http/,107.45,55353,0,
2026-05-16T16:14:26.496625,GET,/api/mixed/pipeline/1/,2.73,82,0,
2026-05-16T16:14:26.501497,GET,/api/mixed/pipeline/1/,2.61,82,0,
2026-05-16T16:14:26.508929,GET,/api/mixed/http/,108.21,55353,0,
2026-05-16T16:14:26.509638,GET,/api/mixed/pipeline/1/,3.01,82,0,
2026-05-16T16:14:26.510937,GET,/api/mixed/db/1/,3.88,247,0,
2026-05-16T16:14:26.519930,GET,/api/mixed/db/1/,3.79,247,0,
2026-05-16T16:14:26.520978,GET,/api/mixed/http/,107.4,55353,0,
2026-05-16T16:14:26.526181,GET,/api/mixed/pipeline/1/,2.89,82,0,
2026-05-16T16:14:26.546155,GET,/api/mixed/db/1/,4.05,247,0,
2026-05-16T16:14:26.546556,GET,/api/mixed/db/1/,5.8,247,0,
2026-05-16T16:14:26.561802,GET,/api/mixed/db/1/,3.95,247,0,
2026-05-16T16:14:26.582498,GET,/api/mixed/db/1/,4.16,247,0,
2026-05-16T16:14:26.612640,GET,/api/mixed/pipeline/1/,2.8,82,0,
2026-05-16T16:14:26.637918,GET,/api/mixed/http/,107.58,55353,0,
2026-05-16T16:14:26.645533,GET,/api/mixed/db/1/,4.21,247,0,
2026-05-16T16:14:26.650967,GET,/api/mixed/http/,108.23,55353,0,
2026-05-16T16:14:26.709694,GET,/api/mixed/db/1/,3.81,247,0,
2026-05-16T16:14:26.718437,GET,/api/mixed/db/1/,5.5,247,0,
2026-05-16T16:14:26.719040,GET,/api/mixed/http/,110.31,55353,0,
2026-05-16T16:14:26.722000,GET,/api/mixed/pipeline/1/,2.75,82,0,
2026-05-16T16:14:26.726681,GET,/api/mixed/db/1/,3.47,247,0,
2026-05-16T16:14:26.739597,GET,/api/mixed/db/1/,3.7,247,0,
2026-05-16T16:14:26.741785,GET,/api/mixed/pipeline/1/,3.44,82,0,
2026-05-16T16:14:26.745570,GET,/api/mixed/db/1/,3.67,247,0,
2026-05-16T16:14:26.747293,GET,/api/mixed/pipeline/1/,2.69,82,0,
2026-05-16T16:14:26.769040,GET,/api/mixed/http/,107.71,55353,0,
2026-05-16T16:14:26.774769,GET,/api/mixed/http/,107.87,55353,0,
2026-05-16T16:14:26.791239,GET,/api/mixed/db/1/,3.72,247,0,
2026-05-16T16:14:26.792980,GET,/api/mixed/http/,107.57,55353,0,
2026-05-16T16:14:26.821339,GET,/api/mixed/http/,107.2,55353,0,
2026-05-16T16:14:26.826178,GET,/api/mixed/http/,109.84,55353,0,
2026-05-16T16:14:26.826615,GET,/api/mixed/db/1/,4.05,247,0,
2026-05-16T16:14:26.830890,GET,/api/mixed/db/1/,4.18,247,0,
2026-05-16T16:14:26.844094,GET,/api/mixed/db/1/,4.94,247,0,
2026-05-16T16:14:26.845670,GET,/api/mixed/db/1/,3.77,247,0,
2026-05-16T16:14:26.850716,GET,/api/mixed/http/,109.71,55353,0,
2026-05-16T16:14:26.859136,GET,/api/mixed/pipeline/1/,2.78,82,0,
2026-05-16T16:14:26.867337,GET,/api/mixed/pipeline/1/,3.0,82,0,
2026-05-16T16:14:26.867809,GET,/api/mixed/http/,108.26,55353,0,
2026-05-16T16:14:26.874760,GET,/api/mixed/db/1/,3.84,247,0,
2026-05-16T16:14:26.882292,GET,/api/mixed/db/1/,3.8,247,0,
2026-05-16T16:14:26.888435,GET,/api/mixed/http/,107.37,55353,0,
2026-05-16T16:14:26.896832,GET,/api/mixed/db/1/,4.2,247,0,
2026-05-16T16:14:26.897232,GET,/api/mixed/db/1/,3.62,247,0,
2026-05-16T16:14:26.924963,GET,/api/mixed/http/,107.75,55353,0,
2026-05-16T16:14:26.940120,GET,/api/mixed/db/1/,4.88,247,0,
2026-05-16T16:14:26.952388,GET,/api/mixed/pipeline/1/,3.01,82,0,
2026-05-16T16:14:26.957987,GET,/api/mixed/http/,108.34,55353,0,
2026-05-16T16:14:26.986244,GET,/api/mixed/http/,108.18,55353,0,
2026-05-16T16:14:26.992276,GET,/api/mixed/db/1/,3.73,247,0,
2026-05-16T16:14:27.000392,GET,/api/mixed/db/1/,3.9,247,0,
2026-05-16T16:14:27.019192,GET,/api/mixed/db/1/,3.66,247,0,
2026-05-16T16:14:27.025958,GET,/api/mixed/db/1/,3.44,247,0,
2026-05-16T16:14:27.057105,GET,/api/mixed/pipeline/1/,2.73,82,0,
2026-05-16T16:14:27.072225,GET,/api/mixed/pipeline/1/,2.77,82,0,
2026-05-16T16:14:27.122622,GET,/api/mixed/http/,108.05,55353,0,
2026-05-16T16:14:27.134575,GET,/api/mixed/pipeline/1/,2.69,82,0,
2026-05-16T16:14:27.137558,GET,/api/mixed/http/,107.32,55353,0,
2026-05-16T16:14:27.145901,GET,/api/mixed/http/,107.23,55353,0,
2026-05-16T16:14:27.154461,GET,/api/mixed/http/,107.45,55353,0,
2026-05-16T16:14:27.175077,GET,/api/mixed/pipeline/1/,4.48,82,0,
2026-05-16T16:14:27.175662,GET,/api/mixed/db/1/,3.74,247,0,
2026-05-16T16:14:27.184550,GET,/api/mixed/http/,107.58,55353,0,
2026-05-16T16:14:27.186077,GET,/api/mixed/http/,109.66,55353,0,
2026-05-16T16:14:27.202237,GET,/api/mixed/db/1/,3.87,247,0,
2026-05-16T16:14:27.219372,GET,/api/mixed/pipeline/1/,2.94,82,0,
2026-05-16T16:14:27.224447,GET,/api/mixed/db/1/,3.8,247,0,
2026-05-16T16:14:27.226455,GET,/api/mixed/http/,107.78,55353,0,
2026-05-16T16:14:27.232261,GET,/api/mixed/pipeline/1/,2.64,82,0,
2026-05-16T16:14:27.241794,GET,/api/mixed/http/,107.11,55353,0,
2026-05-16T16:14:27.242198,GET,/api/mixed/db/1/,3.8,247,0,
2026-05-16T16:14:27.253347,GET,/api/mixed/pipeline/1/,2.85,82,0,
2026-05-16T16:14:27.258660,GET,/api/mixed/pipeline/1/,3.05,82,0,
2026-05-16T16:14:27.260070,GET,/api/mixed/db/1/,3.57,247,0,
2026-05-16T16:14:27.269276,GET,/api/mixed/http/,107.49,55353,0,
2026-05-16T16:14:27.284281,GET,/api/mixed/db/1/,3.79,247,0,
2026-05-16T16:14:27.292700,GET,/api/mixed/pipeline/1/,3.1,82,0,
2026-05-16T16:14:27.293269,GET,/api/mixed/pipeline/1/,2.51,82,0,
2026-05-16T16:14:27.313430,GET,/api/mixed/db/1/,3.82,247,0,
2026-05-16T16:14:27.373225,GET,/api/mixed/pipeline/1/,3.0,82,0,
2026-05-16T16:14:27.378121,GET,/api/mixed/pipeline/1/,2.61,82,0,
2026-05-16T16:14:27.416419,GET,/api/mixed/db/1/,4.08,247,0,
2026-05-16T16:14:27.439504,GET,/api/mixed/db/1/,3.83,247,0,
2026-05-16T16:14:27.447170,GET,/api/mixed/http/,107.54,55353,0,
2026-05-16T16:14:27.453302,GET,/api/mixed/db/1/,3.76,247,0,
2026-05-16T16:14:27.464378,GET,/api/mixed/db/1/,3.8,247,0,
2026-05-16T16:14:27.476568,GET,/api/mixed/db/1/,3.92,247,0,
2026-05-16T16:14:27.478526,GET,/api/mixed/db/1/,3.61,247,0,
2026-05-16T16:14:27.486466,GET,/api/mixed/db/1/,3.68,247,0,
2026-05-16T16:14:27.497325,GET,/api/mixed/http/,107.93,55353,0,
2026-05-16T16:14:27.505631,GET,/api/mixed/db/1/,3.93,247,0,
2026-05-16T16:14:27.517870,GET,/api/mixed/pipeline/1/,2.92,82,0,
2026-05-16T16:14:27.525957,GET,/api/mixed/pipeline/1/,2.79,82,0,
2026-05-16T16:14:27.539257,GET,/api/mixed/db/1/,3.66,247,0,
2026-05-16T16:14:27.544098,GET,/api/mixed/pipeline/1/,2.52,82,0,
2026-05-16T16:14:27.573301,GET,/api/mixed/db/1/,3.88,247,0,
2026-05-16T16:14:27.584386,GET,/api/mixed/pipeline/1/,2.76,82,0,
2026-05-16T16:14:27.621676,GET,/api/mixed/pipeline/1/,3.06,82,0,
2026-05-16T16:14:27.628587,GET,/api/mixed/db/1/,3.7,247,0,
2026-05-16T16:14:27.633516,GET,/api/mixed/pipeline/1/,2.67,82,0,
2026-05-16T16:14:27.639710,GET,/api/mixed/http/,107.58,55353,0,
2026-05-16T16:14:27.648422,GET,/api/mixed/db/1/,4.5,247,0,
2026-05-16T16:14:27.648909,GET,/api/mixed/db/1/,3.86,247,0,
2026-05-16T16:14:27.681538,GET,/api/mixed/pipeline/1/,2.98,82,0,
2026-05-16T16:14:27.716131,GET,/api/mixed/pipeline/1/,2.75,82,0,
2026-05-16T16:14:27.723079,GET,/api/mixed/pipeline/1/,2.75,82,0,
2026-05-16T16:14:27.749287,GET,/api/mixed/pipeline/1/,3.86,82,0,
2026-05-16T16:14:27.764331,GET,/api/mixed/pipeline/1/,2.72,82,0,
2026-05-16T16:14:27.773746,GET,/api/mixed/http/,107.68,55353,0,
2026-05-16T16:14:27.785104,GET,/api/mixed/pipeline/1/,3.54,82,0,
2026-05-16T16:14:27.785607,GET,/api/mixed/db/1/,4.52,247,0,
2026-05-16T16:14:27.804015,GET,/api/mixed/pipeline/1/,2.61,82,0,
2026-05-16T16:14:27.816130,GET,/api/mixed/http/,108.39,55353,0,
2026-05-16T16:14:27.820105,GET,/api/mixed/pipeline/1/,2.64,82,0,
2026-05-16T16:14:27.837674,GET,/api/mixed/pipeline/1/,2.78,82,0,
2026-05-16T16:14:27.859693,GET,/api/mixed/db/1/,3.88,247,0,
2026-05-16T16:14:27.905127,GET,/api/mixed/http/,108.28,55353,0,
2026-05-16T16:14:27.915040,GET,/api/mixed/db/1/,3.67,247,0,
2026-05-16T16:14:27.920592,GET,/api/mixed/pipeline/1/,3.34,82,0,
2026-05-16T16:14:27.922237,GET,/api/mixed/http/,108.06,55353,0,
2026-05-16T16:14:27.934912,GET,/api/mixed/http/,107.56,55353,0,
2026-05-16T16:14:27.936719,GET,/api/mixed/pipeline/1/,3.28,82,0,
2026-05-16T16:14:27.991053,GET,/api/mixed/db/1/,4.08,247,0,
2026-05-16T16:14:27.995086,GET,/api/mixed/pipeline/1/,2.74,82,0,
2026-05-16T16:14:28.006387,GET,/api/mixed/http/,108.36,55353,0,
2026-05-16T16:14:28.009666,GET,/api/mixed/pipeline/1/,3.14,82,0,
2026-05-16T16:14:28.010502,GET,/api/mixed/pipeline/1/,3.02,82,0,
2026-05-16T16:14:28.013623,GET,/api/mixed/pipeline/1/,2.53,82,0,
2026-05-16T16:14:28.014216,GET,/api/mixed/db/1/,4.43,247,0,
2026-05-16T16:14:28.018550,GET,/api/mixed/db/1/,4.23,247,0,
2026-05-16T16:14:28.018961,GET,/api/mixed/db/1/,4.24,247,0,
2026-05-16T16:14:28.021185,GET,/api/mixed/pipeline/1/,3.8,82,0,
2026-05-16T16:14:28.026976,GET,/api/mixed/http/,108.51,55353,0,
2026-05-16T16:14:28.029922,GET,/api/mixed/db/1/,3.89,247,0,
2026-05-16T16:14:28.038574,GET,/api/mixed/db/1/,4.41,247,0,
2026-05-16T16:14:28.057689,GET,/api/mixed/db/1/,3.9,247,0,
2026-05-16T16:14:28.060446,GET,/api/mixed/pipeline/1/,2.64,82,0,
2026-05-16T16:14:28.071701,GET,/api/mixed/http/,107.75,55353,0,
2026-05-16T16:14:28.073724,GET,/api/mixed/pipeline/1/,3.1,82,0,
2026-05-16T16:14:28.124567,GET,/api/mixed/pipeline/1/,3.42,82,0,
2026-05-16T16:14:28.126724,GET,/api/mixed/pipeline/1/,3.1,82,0,
2026-05-16T16:14:28.128419,GET,/api/mixed/http/,108.03,55353,0,
2026-05-16T16:14:28.129523,GET,/api/mixed/http/,108.12,55353,0,
2026-05-16T16:14:28.129943,GET,/api/mixed/pipeline/1/,2.99,82,0,
2026-05-16T16:14:28.130314,GET,/api/mixed/db/1/,4.41,247,0,
2026-05-16T16:14:28.137985,GET,/api/mixed/db/1/,5.06,247,0,
2026-05-16T16:14:28.138434,GET,/api/mixed/db/1/,5.99,247,0,
2026-05-16T16:14:28.168092,GET,/api/mixed/pipeline/1/,3.43,82,0,
2026-05-16T16:14:28.170985,GET,/api/mixed/pipeline/1/,3.74,82,0,
2026-05-16T16:14:28.179426,GET,/api/mixed/db/1/,3.91,247,0,
2026-05-16T16:14:28.182693,GET,/api/mixed/db/1/,4.72,247,0,
2026-05-16T16:14:28.186903,GET,/api/mixed/pipeline/1/,3.01,82,0,
2026-05-16T16:14:28.197028,GET,/api/mixed/db/1/,3.79,247,0,
2026-05-16T16:14:28.199369,GET,/api/mixed/http/,107.45,55353,0,
2026-05-16T16:14:28.207222,GET,/api/mixed/pipeline/1/,2.68,82,0,
2026-05-16T16:14:28.216496,GET,/api/mixed/pipeline/1/,2.74,82,0,
2026-05-16T16:14:28.220804,GET,/api/mixed/http/,107.27,55353,0,
2026-05-16T16:14:28.239883,GET,/api/mixed/pipeline/1/,2.84,82,0,
2026-05-16T16:14:28.241356,GET,/api/mixed/http/,107.55,55353,0,
2026-05-16T16:14:28.302950,GET,/api/mixed/pipeline/1/,3.14,82,0,
2026-05-16T16:14:28.314714,GET,/api/mixed/http/,107.39,55353,0,
2026-05-16T16:14:28.333236,GET,/api/mixed/pipeline/1/,4.15,82,0,
2026-05-16T16:14:28.333640,GET,/api/mixed/db/1/,4.07,247,0,
2026-05-16T16:14:28.355067,GET,/api/mixed/http/,107.47,55353,0,
2026-05-16T16:14:28.360255,GET,/api/mixed/pipeline/1/,2.97,82,0,
2026-05-16T16:14:28.374830,GET,/api/mixed/db/1/,4.32,247,0,
2026-05-16T16:14:28.377805,GET,/api/mixed/db/1/,4.13,247,0,
2026-05-16T16:14:28.378855,GET,/api/mixed/http/,107.83,55353,0,
2026-05-16T16:14:28.381578,GET,/api/mixed/pipeline/1/,2.63,82,0,
2026-05-16T16:14:28.390591,GET,/api/mixed/pipeline/1/,2.78,82,0,
2026-05-16T16:14:28.395642,GET,/api/mixed/http/,107.77,55353,0,
2026-05-16T16:14:28.415064,GET,/api/mixed/db/1/,3.67,247,0,
2026-05-16T16:14:28.421142,GET,/api/mixed/db/1/,3.76,247,0,
2026-05-16T16:14:28.427389,GET,/api/mixed/db/1/,3.73,247,0,
2026-05-16T16:14:28.434391,GET,/api/mixed/pipeline/1/,2.8,82,0,
2026-05-16T16:14:28.437955,GET,/api/mixed/http/,107.43,55353,0,
2026-05-16T16:14:28.440697,GET,/api/mixed/db/1/,4.08,247,0,
2026-05-16T16:14:28.448695,GET,/api/mixed/db/1/,3.82,247,0,
2026-05-16T16:14:28.450351,GET,/api/mixed/pipeline/1/,3.06,82,0,
2026-05-16T16:14:28.472867,GET,/api/mixed/db/1/,3.72,247,0,
2026-05-16T16:14:28.478835,GET,/api/mixed/http/,107.88,55353,0,
2026-05-16T16:14:28.486844,GET,/api/mixed/db/1/,3.81,247,0,
2026-05-16T16:14:28.496071,GET,/api/mixed/pipeline/1/,2.65,82,0,
2026-05-16T16:14:28.496497,GET,/api/mixed/db/1/,4.43,247,0,
2026-05-16T16:14:28.513024,GET,/api/mixed/http/,108.04,55353,0,
2026-05-16T16:14:28.528674,GET,/api/mixed/pipeline/1/,4.06,82,0,
2026-05-16T16:14:28.529173,GET,/api/mixed/http/,107.91,55353,0,
2026-05-16T16:14:28.529591,GET,/api/mixed/http/,109.81,55353,0,
2026-05-16T16:14:28.560131,GET,/api/mixed/db/1/,3.88,247,0,
2026-05-16T16:14:28.567164,GET,/api/mixed/pipeline/1/,2.85,82,0,
2026-05-16T16:14:28.572380,GET,/api/mixed/http/,108.85,55353,0,
2026-05-16T16:14:28.574118,GET,/api/mixed/db/1/,3.78,247,0,
2026-05-16T16:14:28.576457,GET,/api/mixed/pipeline/1/,3.47,82,0,
2026-05-16T16:14:28.577542,GET,/api/mixed/pipeline/1/,2.73,82,0,
2026-05-16T16:14:28.594996,GET,/api/mixed/db/1/,4.22,247,0,
2026-05-16T16:14:28.605964,GET,/api/mixed/pipeline/1/,2.81,82,0,
2026-05-16T16:14:28.607842,GET,/api/mixed/http/,108.11,55353,0,
2026-05-16T16:14:28.619386,GET,/api/mixed/http/,107.38,55353,0,
2026-05-16T16:14:28.626671,GET,/api/mixed/pipeline/1/,3.09,82,0,
2026-05-16T16:14:28.639142,GET,/api/mixed/db/1/,4.27,247,0,
2026-05-16T16:14:28.658682,GET,/api/mixed/http/,108.95,55353,0,
2026-05-16T16:14:28.677968,GET,/api/mixed/db/1/,4.05,247,0,
2026-05-16T16:14:28.681273,GET,/api/mixed/http/,108.78,55353,0,
2026-05-16T16:14:28.702043,GET,/api/mixed/http/,107.88,55353,0,
2026-05-16T16:14:28.704121,GET,/api/mixed/db/1/,4.3,247,0,
2026-05-16T16:14:28.707794,GET,/api/mixed/db/1/,4.6,247,0,
2026-05-16T16:14:28.719716,GET,/api/mixed/http/,107.7,55353,0,
2026-05-16T16:14:28.727955,GET,/api/mixed/pipeline/1/,3.08,82,0,
2026-05-16T16:14:28.730850,GET,/api/mixed/db/1/,3.68,247,0,
2026-05-16T16:14:28.743966,GET,/api/mixed/pipeline/1/,2.76,82,0,
2026-05-16T16:14:28.747811,GET,/api/mixed/pipeline/1/,2.49,82,0,
2026-05-16T16:14:28.756057,GET,/api/mixed/db/1/,3.61,247,0,
2026-05-16T16:14:28.761882,GET,/api/mixed/db/1/,3.54,247,0,
2026-05-16T16:14:28.781764,GET,/api/mixed/pipeline/1/,3.62,82,0,
2026-05-16T16:14:28.783795,GET,/api/mixed/pipeline/1/,4.41,82,0,
2026-05-16T16:14:28.784216,GET,/api/mixed/pipeline/1/,3.61,82,0,
2026-05-16T16:14:28.788596,GET,/api/mixed/http/,108.44,55353,0,
2026-05-16T16:14:28.797503,GET,/api/mixed/pipeline/1/,3.59,82,0,
2026-05-16T16:14:28.798238,GET,/api/mixed/db/1/,3.86,247,0,
2026-05-16T16:14:28.802965,GET,/api/mixed/pipeline/1/,2.61,82,0,
2026-05-16T16:14:28.814948,GET,/api/mixed/http/,107.98,55353,0,
2026-05-16T16:14:28.823455,GET,/api/mixed/pipeline/1/,2.79,82,0,
2026-05-16T16:14:28.824691,GET,/api/mixed/db/1/,4.55,247,0,
2026-05-16T16:14:28.825195,GET,/api/mixed/http/,108.29,55353,0,
2026-05-16T16:14:28.831699,GET,/api/mixed/http/,107.76,55353,0,
2026-05-16T16:14:28.834533,GET,/api/mixed/db/1/,4.2,247,0,
2026-05-16T16:14:28.847254,GET,/api/mixed/db/1/,4.51,247,0,
2026-05-16T16:14:28.852285,GET,/api/mixed/db/1/,3.84,247,0,
2026-05-16T16:14:28.856580,GET,/api/mixed/http/,107.38,55353,0,
2026-05-16T16:14:28.857574,GET,/api/mixed/pipeline/1/,4.05,82,0,
2026-05-16T16:14:28.861454,GET,/api/mixed/pipeline/1/,2.59,82,0,
2026-05-16T16:14:28.867353,GET,/api/mixed/pipeline/1/,2.71,82,0,
2026-05-16T16:14:28.872953,GET,/api/mixed/http/,107.68,55353,0,
2026-05-16T16:14:28.875807,GET,/api/mixed/http/,107.16,55353,0,
2026-05-16T16:14:28.891123,GET,/api/mixed/pipeline/1/,3.1,82,0,
2026-05-16T16:14:28.891594,GET,/api/mixed/http/,109.66,55353,0,
2026-05-16T16:14:28.930200,GET,/api/mixed/pipeline/1/,2.93,82,0,
2026-05-16T16:14:28.952252,GET,/api/mixed/pipeline/1/,2.82,82,0,
2026-05-16T16:14:28.958871,GET,/api/mixed/db/1/,4.28,247,0,
2026-05-16T16:14:28.962982,GET,/api/mixed/http/,108.2,55353,0,
2026-05-16T16:14:28.969886,GET,/api/mixed/db/1/,3.7,247,0,
2026-05-16T16:14:28.986906,GET,/api/mixed/db/1/,4.42,247,0,
2026-05-16T16:14:28.987325,GET,/api/mixed/db/1/,3.85,247,0,
2026-05-16T16:14:28.997248,GET,/api/mixed/pipeline/1/,2.72,82,0,
2026-05-16T16:14:29.004290,GET,/api/mixed/http/,107.53,55353,0,
2026-05-16T16:14:29.006673,GET,/api/mixed/pipeline/1/,3.24,82,0,
2026-05-16T16:14:29.010318,GET,/api/mixed/db/1/,3.53,247,0,
2026-05-16T16:14:29.029290,GET,/api/mixed/db/1/,3.76,247,0,
2026-05-16T16:14:29.109332,GET,/api/mixed/db/1/,4.21,247,0,
2026-05-16T16:14:29.111577,GET,/api/mixed/pipeline/1/,3.83,82,0,
2026-05-16T16:14:29.114569,GET,/api/mixed/pipeline/1/,2.89,82,0,
2026-05-16T16:14:29.116723,GET,/api/mixed/pipeline/1/,2.94,82,0,
2026-05-16T16:14:29.137703,GET,/api/mixed/pipeline/1/,4.12,82,0,
2026-05-16T16:14:29.139450,GET,/api/mixed/http/,107.85,55353,0,
2026-05-16T16:14:29.139980,GET,/api/mixed/db/1/,5.03,247,0,
2026-05-16T16:14:29.144343,GET,/api/mixed/db/1/,5.77,247,0,
2026-05-16T16:14:29.152373,GET,/api/mixed/db/1/,3.73,247,0,
2026-05-16T16:14:29.164905,GET,/api/mixed/pipeline/1/,2.74,82,0,
2026-05-16T16:14:29.178373,GET,/api/mixed/pipeline/1/,2.72,82,0,
2026-05-16T16:14:29.202132,GET,/api/mixed/db/1/,4.53,247,0,
2026-05-16T16:14:29.215786,GET,/api/mixed/db/1/,4.45,247,0,
2026-05-16T16:14:29.216280,GET,/api/mixed/http/,108.09,55353,0,
2026-05-16T16:14:29.216689,GET,/api/mixed/db/1/,3.57,247,0,
2026-05-16T16:14:29.241873,GET,/api/mixed/pipeline/1/,2.86,82,0,
2026-05-16T16:14:29.242353,GET,/api/mixed/http/,109.28,55353,0,
2026-05-16T16:14:29.243244,GET,/api/mixed/http/,108.69,55353,0,
2026-05-16T16:14:29.270197,GET,/api/mixed/http/,108.48,55353,0,
2026-05-16T16:14:29.275611,GET,/api/mixed/http/,107.44,55353,0,
2026-05-16T16:14:29.305920,GET,/api/mixed/http/,107.83,55353,0,
2026-05-16T16:14:29.309818,GET,/api/mixed/db/1/,3.77,247,0,
2026-05-16T16:14:29.320319,GET,/api/mixed/http/,107.77,55353,0,
2026-05-16T16:14:29.346199,GET,/api/mixed/http/,108.27,55353,0,
2026-05-16T16:14:29.350413,GET,/api/mixed/http/,107.96,55353,0,
2026-05-16T16:14:29.357191,GET,/api/mixed/pipeline/1/,3.42,82,0,
2026-05-16T16:14:29.363181,GET,/api/mixed/db/1/,3.82,247,0,
2026-05-16T16:14:29.368879,GET,/api/mixed/http/,107.5,55353,0,
2026-05-16T16:14:29.376331,GET,/api/mixed/http/,109.52,55353,0,
2026-05-16T16:14:29.381459,GET,/api/mixed/pipeline/1/,2.94,82,0,
2026-05-16T16:14:29.388396,GET,/api/mixed/db/1/,3.66,247,0,
2026-05-16T16:14:29.394506,GET,/api/mixed/pipeline/1/,3.36,82,0,
2026-05-16T16:14:29.395057,GET,/api/mixed/db/1/,4.37,247,0,
2026-05-16T16:14:29.462692,GET,/api/mixed/http/,107.61,55353,0,
2026-05-16T16:14:29.478044,GET,/api/mixed/pipeline/1/,3.06,82,0,
2026-05-16T16:14:29.492095,GET,/api/mixed/pipeline/1/,2.66,82,0,
2026-05-16T16:14:29.511223,GET,/api/mixed/http/,107.81,55353,0,
2026-05-16T16:14:29.522434,GET,/api/mixed/pipeline/1/,2.85,82,0,
2026-05-16T16:14:29.533731,GET,/api/mixed/pipeline/1/,2.92,82,0,
2026-05-16T16:14:29.562907,GET,/api/mixed/pipeline/1/,2.89,82,0,
2026-05-16T16:14:29.570337,GET,/api/mixed/db/1/,4.22,247,0,
2026-05-16T16:14:29.573677,GET,/api/mixed/db/1/,4.17,247,0,
2026-05-16T16:14:29.576371,GET,/api/mixed/db/1/,3.92,247,0,
2026-05-16T16:14:29.581385,GET,/api/mixed/db/1/,3.67,247,0,
2026-05-16T16:14:29.588933,GET,/api/mixed/http/,107.62,55353,0,
2026-05-16T16:14:29.594391,GET,/api/mixed/http/,107.51,55353,0,
2026-05-16T16:14:29.606170,GET,/api/mixed/pipeline/1/,2.85,82,0,
2026-05-16T16:14:29.616875,GET,/api/mixed/http/,107.54,55353,0,
2026-05-16T16:14:29.630729,GET,/api/mixed/pipeline/1/,3.02,82,0,
2026-05-16T16:14:29.691634,GET,/api/mixed/db/1/,4.17,247,0,
2026-05-16T16:14:29.700196,GET,/api/mixed/http/,108.08,55353,0,
2026-05-16T16:14:29.702513,GET,/api/mixed/http/,108.0,55353,0,
2026-05-16T16:14:29.707482,GET,/api/mixed/db/1/,3.79,247,0,
2026-05-16T16:14:29.708181,GET,/api/mixed/http/,107.36,55353,0,
2026-05-16T16:14:29.715213,GET,/api/mixed/db/1/,4.24,247,0,
2026-05-16T16:14:29.715643,GET,/api/mixed/db/1/,5.11,247,0,
2026-05-16T16:14:29.724170,GET,/api/mixed/db/1/,4.39,247,0,
2026-05-16T16:14:29.731122,GET,/api/mixed/http/,108.06,55353,0,
2026-05-16T16:14:29.734719,GET,/api/mixed/db/1/,4.96,247,0,
2026-05-16T16:14:29.735300,GET,/api/mixed/db/1/,3.82,247,0,
2026-05-16T16:14:29.753071,GET,/api/mixed/http/,107.9,55353,0,
2026-05-16T16:14:29.763550,GET,/api/mixed/http/,107.65,55353,0,
2026-05-16T16:14:29.768312,GET,/api/mixed/pipeline/1/,3.59,82,0,
2026-05-16T16:14:29.797928,GET,/api/mixed/db/1/,4.0,247,0,
2026-05-16T16:14:29.820290,GET,/api/mixed/http/,108.92,55353,0,
2026-05-16T16:14:29.823525,GET,/api/mixed/db/1/,4.39,247,0,
2026-05-16T16:14:29.831572,GET,/api/mixed/db/1/,3.83,247,0,
2026-05-16T16:14:29.836759,GET,/api/mixed/http/,108.42,55353,0,
2026-05-16T16:14:29.841817,GET,/api/mixed/http/,107.98,55353,0,
2026-05-16T16:14:29.849020,GET,/api/mixed/pipeline/1/,2.95,82,0,
2026-05-16T16:14:29.867842,GET,/api/mixed/http/,107.55,55353,0,
2026-05-16T16:14:29.873935,GET,/api/mixed/db/1/,3.76,247,0,
2026-05-16T16:14:29.893916,GET,/api/mixed/pipeline/1/,2.9,82,0,
2026-05-16T16:14:29.896614,GET,/api/mixed/pipeline/1/,2.59,82,0,
2026-05-16T16:14:29.903623,GET,/api/mixed/db/1/,3.75,247,0,
2026-05-16T16:14:29.934758,GET,/api/mixed/http/,107.99,55353,0,
2026-05-16T16:14:29.941886,GET,/api/mixed/db/1/,3.92,247,0,
2026-05-16T16:14:29.973821,GET,/api/mixed/http/,108.56,55353,0,
2026-05-16T16:14:29.985853,GET,/api/mixed/pipeline/1/,3.59,82,0,
2026-05-16T16:14:29.996633,GET,/api/mixed/http/,108.37,55353,0,
2026-05-16T16:14:30.008459,GET,/api/mixed/db/1/,3.98,247,0,
2026-05-16T16:14:30.037520,GET,/api/mixed/http/,108.68,55353,0,
2026-05-16T16:14:30.040401,GET,/api/mixed/db/1/,4.16,247,0,
2026-05-16T16:14:30.051685,GET,/api/mixed/db/1/,4.47,247,0,
2026-05-16T16:14:30.052098,GET,/api/mixed/db/1/,4.49,247,0,
2026-05-16T16:14:30.104922,GET,/api/mixed/pipeline/1/,2.82,82,0,
2026-05-16T16:14:30.108397,GET,/api/mixed/http/,107.56,55353,0,
2026-05-16T16:14:30.115092,GET,/api/mixed/http/,108.21,55353,0,
2026-05-16T16:14:30.117997,GET,/api/mixed/db/1/,4.33,247,0,
2026-05-16T16:14:30.126650,GET,/api/mixed/http/,107.91,55353,0,
2026-05-16T16:14:30.130787,GET,/api/mixed/pipeline/1/,2.9,82,0,
2026-05-16T16:14:30.156189,GET,/api/mixed/http/,109.45,55353,0,
2026-05-16T16:14:30.157971,GET,/api/mixed/db/1/,3.94,247,0,
2026-05-16T16:14:30.184381,GET,/api/mixed/db/1/,3.85,247,0,
2026-05-16T16:14:30.191482,GET,/api/mixed/pipeline/1/,2.78,82,0,
2026-05-16T16:14:30.198190,GET,/api/mixed/http/,107.88,55353,0,
2026-05-16T16:14:30.199684,GET,/api/mixed/db/1/,3.96,247,0,
2026-05-16T16:14:30.235012,GET,/api/mixed/db/1/,3.92,247,0,
2026-05-16T16:14:30.264069,GET,/api/mixed/pipeline/1/,3.1,82,0,
2026-05-16T16:14:30.266140,GET,/api/mixed/http/,108.06,55353,0,
2026-05-16T16:14:30.271117,GET,/api/mixed/http/,107.54,55353,0,
2026-05-16T16:14:30.281573,GET,/api/mixed/http/,107.45,55353,0,
2026-05-16T16:14:30.282127,GET,/api/mixed/pipeline/1/,3.49,82,0,
2026-05-16T16:14:30.328644,GET,/api/mixed/db/1/,4.51,247,0,
2026-05-16T16:14:30.344266,GET,/api/mixed/pipeline/1/,4.3,82,0,
2026-05-16T16:14:30.347406,GET,/api/mixed/pipeline/1/,2.94,82,0,
2026-05-16T16:14:30.377114,GET,/api/mixed/http/,107.75,55353,0,
2026-05-16T16:14:30.382615,GET,/api/mixed/http/,107.6,55353,0,
2026-05-16T16:14:30.383117,GET,/api/mixed/http/,108.59,55353,0,
2026-05-16T16:14:30.383494,GET,/api/mixed/db/1/,4.14,247,0,
2026-05-16T16:14:30.414998,GET,/api/mixed/db/1/,4.24,247,0,
2026-05-16T16:14:30.424903,GET,/api/mixed/db/1/,5.12,247,0,
2026-05-16T16:14:30.428107,GET,/api/mixed/db/1/,4.32,247,0,
2026-05-16T16:14:30.452507,GET,/api/mixed/http/,110.0,55353,0,
2026-05-16T16:14:30.466822,GET,/api/mixed/http/,108.08,55353,0,
2026-05-16T16:14:30.471542,GET,/api/mixed/db/1/,5.77,247,0,
2026-05-16T16:14:30.474854,GET,/api/mixed/http/,108.4,55353,0,
2026-05-16T16:14:30.477726,GET,/api/mixed/pipeline/1/,2.75,82,0,
2026-05-16T16:14:30.484653,GET,/api/mixed/pipeline/1/,2.59,82,0,
2026-05-16T16:14:30.495878,GET,/api/mixed/pipeline/1/,2.73,82,0,
2026-05-16T16:14:30.522570,GET,/api/mixed/db/1/,4.41,247,0,
2026-05-16T16:14:30.527427,GET,/api/mixed/http/,108.1,55353,0,
2026-05-16T16:14:30.529098,GET,/api/mixed/pipeline/1/,3.31,82,0,
2026-05-16T16:14:30.544427,GET,/api/mixed/db/1/,3.98,247,0,
2026-05-16T16:14:30.551258,GET,/api/mixed/http/,107.82,55353,0,
2026-05-16T16:14:30.554128,GET,/api/mixed/http/,107.47,55353,0,
2026-05-16T16:14:30.555112,GET,/api/mixed/http/,108.9,55353,0,
2026-05-16T16:14:30.561557,GET,/api/mixed/pipeline/1/,3.53,82,0,
2026-05-16T16:14:30.561959,GET,/api/mixed/pipeline/1/,3.51,82,0,
2026-05-16T16:14:30.563735,GET,/api/mixed/db/1/,3.77,247,0,
2026-05-16T16:14:30.565947,GET,/api/mixed/db/1/,3.89,247,0,
2026-05-16T16:14:30.575049,GET,/api/mixed/http/,108.08,55353,0,
2026-05-16T16:14:30.575958,GET,/api/mixed/http/,108.04,55353,0,
2026-05-16T16:14:30.578042,GET,/api/mixed/http/,107.72,55353,0,
2026-05-16T16:14:30.582561,GET,/api/mixed/db/1/,4.42,247,0,
2026-05-16T16:14:30.582996,GET,/api/mixed/db/1/,3.66,247,0,
2026-05-16T16:14:30.593542,GET,/api/mixed/http/,107.61,55353,0,
2026-05-16T16:14:30.596926,GET,/api/mixed/http/,107.61,55353,0,
2026-05-16T16:14:30.601743,GET,/api/mixed/http/,109.01,55353,0,
2026-05-16T16:14:30.602900,GET,/api/mixed/pipeline/1/,2.77,82,0,
2026-05-16T16:14:30.603559,GET,/api/mixed/db/1/,4.41,247,0,
2026-05-16T16:14:30.621276,GET,/api/mixed/pipeline/1/,2.77,82,0,
2026-05-16T16:14:30.629436,GET,/api/mixed/pipeline/1/,2.81,82,0,
2026-05-16T16:14:30.644359,GET,/api/mixed/pipeline/1/,3.04,82,0,
2026-05-16T16:14:30.654131,GET,/api/mixed/http/,107.5,55353,0,
2026-05-16T16:14:30.663485,GET,/api/mixed/http/,109.25,55353,0,
2026-05-16T16:14:30.667438,GET,/api/mixed/db/1/,3.7,247,0,
2026-05-16T16:14:30.723768,GET,/api/mixed/http/,108.01,55353,0,
2026-05-16T16:14:30.728693,GET,/api/mixed/pipeline/1/,3.62,82,0,
2026-05-16T16:14:30.738445,GET,/api/mixed/pipeline/1/,5.7,82,0,
2026-05-16T16:14:30.746758,GET,/api/mixed/pipeline/1/,6.06,82,0,
2026-05-16T16:14:30.751757,GET,/api/mixed/http/,113.91,55353,0,
2026-05-16T16:14:30.752430,GET,/api/mixed/db/1/,10.48,247,0,
2026-05-16T16:14:30.764861,GET,/api/mixed/pipeline/1/,4.74,82,0,
2026-05-16T16:14:30.767002,GET,/api/mixed/http/,116.43,55353,0,
2026-05-16T16:14:30.769575,GET,/api/mixed/pipeline/1/,4.47,82,0,
2026-05-16T16:14:30.770377,GET,/api/mixed/http/,111.06,55353,0,
2026-05-16T16:14:30.770784,GET,/api/mixed/pipeline/1/,2.82,82,0,
2026-05-16T16:14:30.771665,GET,/api/mixed/http/,109.99,55353,0,
2026-05-16T16:14:30.781428,GET,/api/mixed/http/,108.06,55353,0,
2026-05-16T16:14:30.781894,GET,/api/mixed/http/,109.07,55353,0,
2026-05-16T16:14:30.837419,GET,/api/mixed/pipeline/1/,3.6,82,0,
2026-05-16T16:14:30.839257,GET,/api/mixed/http/,110.38,55353,0,
2026-05-16T16:14:30.840728,GET,/api/mixed/db/1/,4.32,247,0,
2026-05-16T16:14:30.850574,GET,/api/mixed/db/1/,3.91,247,0,
2026-05-16T16:14:30.855371,GET,/api/mixed/http/,112.25,55353,0,
2026-05-16T16:14:30.859657,GET,/api/mixed/http/,109.67,55353,0,
2026-05-16T16:14:30.863618,GET,/api/mixed/db/1/,3.85,247,0,
2026-05-16T16:14:30.867682,GET,/api/mixed/pipeline/1/,2.87,82,0,
2026-05-16T16:14:30.875344,GET,/api/mixed/http/,108.19,55353,0,
2026-05-16T16:14:30.876499,GET,/api/mixed/db/1/,4.19,247,0,
2026-05-16T16:14:30.927762,GET,/api/mixed/http/,107.79,55353,0,
2026-05-16T16:14:30.928279,GET,/api/mixed/http/,108.87,55353,0,
2026-05-16T16:14:30.935879,GET,/api/mixed/db/1/,3.87,247,0,
2026-05-16T16:14:30.951983,GET,/api/mixed/http/,107.92,55353,0,
2026-05-16T16:14:30.959896,GET,/api/mixed/http/,108.08,55353,0,
2026-05-16T16:14:30.960313,GET,/api/mixed/db/1/,4.08,247,0,
2026-05-16T16:14:30.979674,GET,/api/mixed/db/1/,4.4,247,0,
2026-05-16T16:14:30.980199,GET,/api/mixed/http/,108.35,55353,0,
2026-05-16T16:14:30.982502,GET,/api/mixed/pipeline/1/,4.04,82,0,
2026-05-16T16:14:30.984391,GET,/api/mixed/pipeline/1/,3.45,82,0,
2026-05-16T16:14:30.994299,GET,/api/mixed/http/,107.46,55353,0,
2026-05-16T16:14:30.997183,GET,/api/mixed/pipeline/1/,2.76,82,0,
2026-05-16T16:14:31.006014,GET,/api/mixed/http/,108.7,55353,0,
2026-05-16T16:14:31.007998,GET,/api/mixed/db/1/,4.59,247,0,
2026-05-16T16:14:31.008447,GET,/api/mixed/pipeline/1/,3.7,82,0,
2026-05-16T16:14:31.008928,GET,/api/mixed/http/,108.98,55353,0,
2026-05-16T16:14:31.011024,GET,/api/mixed/http/,107.7,55353,0,
2026-05-16T16:14:31.017753,GET,/api/mixed/http/,107.79,55353,0,
2026-05-16T16:14:31.027083,GET,/api/mixed/http/,107.59,55353,0,
2026-05-16T16:14:31.027669,GET,/api/mixed/db/1/,3.7,247,0,
2026-05-16T16:14:31.031326,GET,/api/mixed/db/1/,3.56,247,0,
2026-05-16T16:14:31.038328,GET,/api/mixed/db/1/,3.77,247,0,
2026-05-16T16:14:31.039838,GET,/api/mixed/http/,108.39,55353,0,
2026-05-16T16:14:31.071910,GET,/api/mixed/pipeline/1/,3.28,82,0,
2026-05-16T16:14:31.072872,GET,/api/mixed/db/1/,4.84,247,0,
2026-05-16T16:14:31.073335,GET,/api/mixed/http/,108.83,55353,0,
2026-05-16T16:14:31.073706,GET,/api/mixed/pipeline/1/,3.53,82,0,
2026-05-16T16:14:31.081756,GET,/api/mixed/db/1/,3.72,247,0,
2026-05-16T16:14:31.085475,GET,/api/mixed/db/1/,3.6,247,0,
2026-05-16T16:14:31.087245,GET,/api/mixed/http/,109.25,55353,0,
2026-05-16T16:14:31.091434,GET,/api/mixed/http/,108.82,55353,0,
2026-05-16T16:14:31.121185,GET,/api/mixed/http/,107.91,55353,0,
2026-05-16T16:14:31.131403,GET,/api/mixed/pipeline/1/,3.02,82,0,
2026-05-16T16:14:31.139597,GET,/api/mixed/db/1/,3.98,247,0,
2026-05-16T16:14:31.163009,GET,/api/mixed/pipeline/1/,5.68,82,0,
2026-05-16T16:14:31.164934,GET,/api/mixed/db/1/,6.8,247,0,
2026-05-16T16:14:31.171429,GET,/api/mixed/db/1/,4.36,247,0,
2026-05-16T16:14:31.179603,GET,/api/mixed/db/1/,3.86,247,0,
2026-05-16T16:14:31.192785,GET,/api/mixed/db/1/,3.83,247,0,
2026-05-16T16:14:31.234248,GET,/api/mixed/pipeline/1/,3.42,82,0,
2026-05-16T16:14:31.234882,GET,/api/mixed/pipeline/1/,2.76,82,0,
2026-05-16T16:14:31.238965,GET,/api/mixed/pipeline/1/,2.75,82,0,
2026-05-16T16:14:31.246409,GET,/api/mixed/http/,108.24,55353,0,
2026-05-16T16:14:31.251488,GET,/api/mixed/pipeline/1/,2.74,82,0,
2026-05-16T16:14:31.276084,GET,/api/mixed/http/,109.78,55353,0,
2026-05-16T16:14:31.292756,GET,/api/mixed/pipeline/1/,2.94,82,0,
2026-05-16T16:14:31.296646,GET,/api/mixed/http/,108.74,55353,0,
2026-05-16T16:14:31.297604,GET,/api/mixed/pipeline/1/,2.66,82,0,
2026-05-16T16:14:31.307774,GET,/api/mixed/db/1/,3.83,247,0,
2026-05-16T16:14:31.317929,GET,/api/mixed/pipeline/1/,2.82,82,0,
2026-05-16T16:14:31.320766,GET,/api/mixed/http/,107.6,55353,0,
2026-05-16T16:14:31.332586,GET,/api/mixed/db/1/,4.55,247,0,
2026-05-16T16:14:31.337890,GET,/api/mixed/pipeline/1/,3.59,82,0,
2026-05-16T16:14:31.338327,GET,/api/mixed/pipeline/1/,4.47,82,0,
2026-05-16T16:14:31.339010,GET,/api/mixed/db/1/,3.51,247,0,
2026-05-16T16:14:31.352132,GET,/api/mixed/db/1/,3.83,247,0,
2026-05-16T16:14:31.373951,GET,/api/mixed/pipeline/1/,2.89,82,0,
2026-05-16T16:14:31.382973,GET,/api/mixed/http/,108.26,55353,0,
2026-05-16T16:14:31.408124,GET,/api/mixed/pipeline/1/,3.5,82,0,
2026-05-16T16:14:31.413423,GET,/api/mixed/pipeline/1/,3.02,82,0,
2026-05-16T16:14:31.423294,GET,/api/mixed/db/1/,5.44,247,0,
2026-05-16T16:14:31.426823,GET,/api/mixed/pipeline/1/,3.38,82,0,
2026-05-16T16:14:31.427981,GET,/api/mixed/db/1/,6.63,247,0,
2026-05-16T16:14:31.432980,GET,/api/mixed/pipeline/1/,2.81,82,0,
2026-05-16T16:14:31.438641,GET,/api/mixed/http/,109.27,55353,0,
2026-05-16T16:14:31.454966,GET,/api/mixed/db/1/,4.01,247,0,
2026-05-16T16:14:31.467272,GET,/api/mixed/http/,108.8,55353,0,
2026-05-16T16:14:31.470090,GET,/api/mixed/db/1/,3.9,247,0,
2026-05-16T16:14:31.474719,GET,/api/mixed/pipeline/1/,3.29,82,0,
2026-05-16T16:14:31.476390,GET,/api/mixed/db/1/,4.53,247,0,
2026-05-16T16:14:31.478669,GET,/api/mixed/pipeline/1/,3.08,82,0,
2026-05-16T16:14:31.512367,GET,/api/mixed/http/,108.83,55353,0,
2026-05-16T16:14:31.522727,GET,/api/mixed/db/1/,4.02,247,0,
2026-05-16T16:14:31.531104,GET,/api/mixed/db/1/,4.16,247,0,
2026-05-16T16:14:31.532150,GET,/api/mixed/http/,107.81,55353,0,
2026-05-16T16:14:31.544649,GET,/api/mixed/pipeline/1/,2.95,82,0,
2026-05-16T16:14:31.592682,GET,/api/mixed/db/1/,6.74,247,0,
2026-05-16T16:14:31.595434,GET,/api/mixed/db/1/,4.54,247,0,
2026-05-16T16:14:31.613711,GET,/api/mixed/db/1/,3.92,247,0,
2026-05-16T16:14:31.616048,GET,/api/mixed/pipeline/1/,3.75,82,0,
2026-05-16T16:14:31.616773,GET,/api/mixed/pipeline/1/,2.69,82,0,
2026-05-16T16:14:31.625707,GET,/api/mixed/pipeline/1/,2.82,82,0,
2026-05-16T16:14:31.626123,GET,/api/mixed/db/1/,4.19,247,0,
2026-05-16T16:14:31.636345,GET,/api/mixed/db/1/,4.01,247,0,
2026-05-16T16:14:31.639672,GET,/api/mixed/http/,109.41,55353,0,
2026-05-16T16:14:31.652816,GET,/api/mixed/pipeline/1/,2.89,82,0,
2026-05-16T16:14:31.663350,GET,/api/mixed/pipeline/1/,3.28,82,0,
2026-05-16T16:14:31.663789,GET,/api/mixed/pipeline/1/,3.27,82,0,
2026-05-16T16:14:31.678916,GET,/api/mixed/db/1/,3.83,247,0,
2026-05-16T16:14:31.684945,GET,/api/mixed/db/1/,3.67,247,0,
2026-05-16T16:14:31.729745,GET,/api/mixed/db/1/,4.04,247,0,
2026-05-16T16:14:31.747844,GET,/api/mixed/pipeline/1/,3.77,82,0,
2026-05-16T16:14:31.752084,GET,/api/mixed/db/1/,3.89,247,0,
2026-05-16T16:14:31.773987,GET,/api/mixed/db/1/,3.85,247,0,
2026-05-16T16:14:31.803395,GET,/api/mixed/http/,108.12,55353,0,
2026-05-16T16:14:31.815563,GET,/api/mixed/pipeline/1/,2.85,82,0,
2026-05-16T16:14:31.855073,GET,/api/mixed/http/,108.37,55353,0,
2026-05-16T16:14:31.868058,GET,/api/mixed/http/,107.66,55353,0,
2026-05-16T16:14:31.889290,GET,/api/mixed/http/,107.94,55353,0,
2026-05-16T16:14:31.892200,GET,/api/mixed/pipeline/1/,2.78,82,0,
2026-05-16T16:14:31.919065,GET,/api/mixed/db/1/,3.85,247,0,
2026-05-16T16:14:31.940617,GET,/api/mixed/http/,107.83,55353,0,
2026-05-16T16:14:32.004751,GET,/api/mixed/db/1/,3.99,247,0,
2026-05-16T16:14:32.015370,GET,/api/mixed/http/,107.84,55353,0,
2026-05-16T16:14:32.018328,GET,/api/mixed/pipeline/1/,2.83,82,0,
2026-05-16T16:14:32.030694,GET,/api/mixed/pipeline/1/,4.01,82,0,
2026-05-16T16:14:32.037689,GET,/api/mixed/db/1/,3.65,247,0,
2026-05-16T16:14:32.039408,GET,/api/mixed/pipeline/1/,3.02,82,0,
2026-05-16T16:14:32.042823,GET,/api/mixed/http/,107.53,55353,0,
2026-05-16T16:14:32.049861,GET,/api/mixed/db/1/,3.79,247,0,
2026-05-16T16:14:32.055899,GET,/api/mixed/db/1/,3.73,247,0,
2026-05-16T16:14:32.092231,GET,/api/mixed/http/,108.23,55353,0,
2026-05-16T16:14:32.094083,GET,/api/mixed/pipeline/1/,3.39,82,0,
2026-05-16T16:14:32.102138,GET,/api/mixed/pipeline/1/,2.71,82,0,
2026-05-16T16:14:32.109733,GET,/api/mixed/db/1/,4.37,247,0,
2026-05-16T16:14:32.110611,GET,/api/mixed/db/1/,4.82,247,0,
2026-05-16T16:14:32.114075,GET,/api/mixed/db/1/,4.22,247,0,
2026-05-16T16:14:32.116782,GET,/api/mixed/db/1/,4.04,247,0,
2026-05-16T16:14:32.143454,GET,/api/mixed/db/1/,3.71,247,0,
2026-05-16T16:14:32.165620,GET,/api/mixed/pipeline/1/,2.95,82,0,
2026-05-16T16:14:32.167875,GET,/api/mixed/http/,107.64,55353,0,
2026-05-16T16:14:32.201629,GET,/api/mixed/db/1/,3.91,247,0,
2026-05-16T16:14:32.230798,GET,/api/mixed/pipeline/1/,4.42,82,0,
2026-05-16T16:14:32.233878,GET,/api/mixed/db/1/,4.19,247,0,
2026-05-16T16:14:32.244954,GET,/api/mixed/http/,107.85,55353,0,
2026-05-16T16:14:32.273306,GET,/api/mixed/db/1/,4.41,247,0,
2026-05-16T16:14:32.292724,GET,/api/mixed/http/,107.98,55353,0,
2026-05-16T16:14:32.293479,GET,/api/mixed/http/,109.31,55353,0,
2026-05-16T16:14:32.312691,GET,/api/mixed/http/,107.87,55353,0,
2026-05-16T16:14:32.321716,GET,/api/mixed/db/1/,3.8,247,0,
2026-05-16T16:14:32.336910,GET,/api/mixed/pipeline/1/,2.92,82,0,
2026-05-16T16:14:32.342967,GET,/api/mixed/pipeline/1/,2.76,82,0,
2026-05-16T16:14:32.359481,GET,/api/mixed/db/1/,4.19,247,0,
2026-05-16T16:14:32.361773,GET,/api/mixed/pipeline/1/,3.76,82,0,
2026-05-16T16:14:32.365110,GET,/api/mixed/db/1/,4.15,247,0,
2026-05-16T16:14:32.366985,GET,/api/mixed/http/,107.69,55353,0,
2026-05-16T16:14:32.384053,GET,/api/mixed/pipeline/1/,2.76,82,0,
2026-05-16T16:14:32.388296,GET,/api/mixed/http/,107.77,55353,0,
2026-05-16T16:14:32.393484,GET,/api/mixed/db/1/,3.84,247,0,
2026-05-16T16:14:32.397050,GET,/api/mixed/http/,107.9,55353,0,
2026-05-16T16:14:32.413244,GET,/api/mixed/db/1/,5.91,247,0,
2026-05-16T16:14:32.415996,GET,/api/mixed/db/1/,3.77,247,0,
2026-05-16T16:14:32.419717,GET,/api/mixed/http/,109.02,55353,0,
2026-05-16T16:14:32.432579,GET,/api/mixed/pipeline/1/,3.12,82,0,
2026-05-16T16:14:32.456246,GET,/api/mixed/db/1/,4.35,247,0,
2026-05-16T16:14:32.456719,GET,/api/mixed/pipeline/1/,3.53,82,0,
2026-05-16T16:14:32.461960,GET,/api/mixed/db/1/,3.89,247,0,
2026-05-16T16:14:32.469132,GET,/api/mixed/pipeline/1/,2.82,82,0,
2026-05-16T16:14:32.483446,GET,/api/mixed/http/,108.12,55353,0,
2026-05-16T16:14:32.485782,GET,/api/mixed/http/,107.9,55353,0,
2026-05-16T16:14:32.486181,GET,/api/mixed/pipeline/1/,3.81,82,0,
2026-05-16T16:14:32.486606,GET,/api/mixed/http/,107.75,55353,0,
2026-05-16T16:14:32.505583,GET,/api/mixed/pipeline/1/,3.61,82,0,
2026-05-16T16:14:32.508675,GET,/api/mixed/http/,107.77,55353,0,
2026-05-16T16:14:32.509159,GET,/api/mixed/http/,108.78,55353,0,
2026-05-16T16:14:32.512409,GET,/api/mixed/http/,107.66,55353,0,
2026-05-16T16:14:32.515517,GET,/api/mixed/db/1/,4.14,247,0,
2026-05-16T16:14:32.516234,GET,/api/mixed/http/,107.68,55353,0,
2026-05-16T16:14:32.527869,GET,/api/mixed/db/1/,4.32,247,0,
2026-05-16T16:14:32.531285,GET,/api/mixed/db/1/,4.25,247,0,
2026-05-16T16:14:32.536779,GET,/api/mixed/http/,107.83,55353,0,
2026-05-16T16:14:32.537870,GET,/api/mixed/db/1/,4.36,247,0,
2026-05-16T16:14:32.555948,GET,/api/mixed/pipeline/1/,2.72,82,0,
2026-05-16T16:14:32.562035,GET,/api/mixed/db/1/,3.83,247,0,
2026-05-16T16:14:32.566022,GET,/api/mixed/pipeline/1/,2.64,82,0,
2026-05-16T16:14:32.592434,GET,/api/mixed/db/1/,4.12,247,0,
2026-05-16T16:14:32.611372,GET,/api/mixed/pipeline/1/,4.85,82,0,
2026-05-16T16:14:32.611989,GET,/api/mixed/http/,109.53,55353,0,
2026-05-16T16:14:32.617239,GET,/api/mixed/pipeline/1/,2.88,82,0,
2026-05-16T16:14:32.642064,GET,/api/mixed/http/,107.64,55353,0,
2026-05-16T16:14:32.647395,GET,/api/mixed/pipeline/1/,2.98,82,0,
2026-05-16T16:14:32.654238,GET,/api/mixed/http/,109.02,55353,0,
2026-05-16T16:14:32.657339,GET,/api/mixed/pipeline/1/,2.72,82,0,
2026-05-16T16:14:32.658368,GET,/api/mixed/http/,107.7,55353,0,
2026-05-16T16:14:32.665917,GET,/api/mixed/pipeline/1/,2.99,82,0,
2026-05-16T16:14:32.666361,GET,/api/mixed/db/1/,4.78,247,0,
2026-05-16T16:14:32.671349,GET,/api/mixed/pipeline/1/,2.64,82,0,
2026-05-16T16:14:32.678386,GET,/api/mixed/pipeline/1/,2.74,82,0,
2026-05-16T16:14:32.686505,GET,/api/mixed/pipeline/1/,2.82,82,0,
2026-05-16T16:14:32.693384,GET,/api/mixed/pipeline/1/,3.52,82,0,
2026-05-16T16:14:32.693927,GET,/api/mixed/db/1/,3.65,247,0,
2026-05-16T16:14:32.699706,GET,/api/mixed/db/1/,4.58,247,0,
2026-05-16T16:14:32.700911,GET,/api/mixed/db/1/,3.85,247,0,
2026-05-16T16:14:32.701316,GET,/api/mixed/pipeline/1/,4.74,82,0,
2026-05-16T16:14:32.709643,GET,/api/mixed/http/,107.85,55353,0,
2026-05-16T16:14:32.729835,GET,/api/mixed/db/1/,3.96,247,0,
2026-05-16T16:14:32.733856,GET,/api/mixed/pipeline/1/,2.67,82,0,
2026-05-16T16:14:32.752912,GET,/api/mixed/db/1/,3.85,247,0,
2026-05-16T16:14:32.762144,GET,/api/mixed/http/,109.01,55353,0,
2026-05-16T16:14:32.780995,GET,/api/mixed/pipeline/1/,2.94,82,0,
2026-05-16T16:14:32.795601,GET,/api/mixed/db/1/,4.25,247,0,
2026-05-16T16:14:32.812877,GET,/api/mixed/db/1/,5.12,247,0,
2026-05-16T16:14:32.842958,GET,/api/mixed/pipeline/1/,2.98,82,0,
2026-05-16T16:14:32.875343,GET,/api/mixed/db/1/,4.14,247,0,
2026-05-16T16:14:32.877830,GET,/api/mixed/http/,108.32,55353,0,
2026-05-16T16:14:32.880752,GET,/api/mixed/pipeline/1/,4.15,82,0,
2026-05-16T16:14:32.885446,GET,/api/mixed/pipeline/1/,4.52,82,0,
2026-05-16T16:14:32.887405,GET,/api/mixed/db/1/,5.48,247,0,
2026-05-16T16:14:32.888798,GET,/api/mixed/db/1/,4.38,247,0,
2026-05-16T16:14:32.907507,GET,/api/mixed/pipeline/1/,3.4,82,0,
2026-05-16T16:14:32.912155,GET,/api/mixed/http/,108.33,55353,0,
2026-05-16T16:14:32.912623,GET,/api/mixed/db/1/,5.0,247,0,
2026-05-16T16:14:32.942066,GET,/api/mixed/db/1/,5.18,247,0,
2026-05-16T16:14:32.942491,GET,/api/mixed/db/1/,4.2,247,0,
2026-05-16T16:14:32.945518,GET,/api/mixed/http/,108.25,55353,0,
2026-05-16T16:14:32.960750,GET,/api/mixed/db/1/,4.0,247,0,
2026-05-16T16:14:32.969970,GET,/api/mixed/pipeline/1/,2.86,82,0,
2026-05-16T16:14:32.979021,GET,/api/mixed/db/1/,3.7,247,0,
2026-05-16T16:14:32.981782,GET,/api/mixed/pipeline/1/,2.65,82,0,
2026-05-16T16:14:32.989283,GET,/api/mixed/http/,109.87,55353,0,
2026-05-16T16:14:32.989848,GET,/api/mixed/pipeline/1/,2.88,82,0,
2026-05-16T16:14:32.996969,GET,/api/mixed/pipeline/1/,2.55,82,0,
2026-05-16T16:14:33.014958,GET,/api/mixed/http/,108.32,55353,0,
2026-05-16T16:14:33.029173,GET,/api/mixed/pipeline/1/,2.76,82,0,
2026-05-16T16:14:33.040331,GET,/api/mixed/pipeline/1/,3.39,82,0,
2026-05-16T16:14:33.040824,GET,/api/mixed/pipeline/1/,4.62,82,0,
2026-05-16T16:14:33.060401,GET,/api/mixed/db/1/,4.25,247,0,
2026-05-16T16:14:33.071060,GET,/api/mixed/pipeline/1/,3.37,82,0,
2026-05-16T16:14:33.087782,GET,/api/mixed/db/1/,3.88,247,0,
2026-05-16T16:14:33.088189,GET,/api/mixed/db/1/,4.84,247,0,
2026-05-16T16:14:33.110365,GET,/api/mixed/db/1/,3.98,247,0,
2026-05-16T16:14:33.113053,GET,/api/mixed/http/,107.73,55353,0,
2026-05-16T16:14:33.115422,GET,/api/mixed/pipeline/1/,3.84,82,0,
2026-05-16T16:14:33.133566,GET,/api/mixed/http/,108.18,55353,0,
2026-05-16T16:14:33.140049,GET,/api/mixed/pipeline/1/,3.27,82,0,
2026-05-16T16:14:33.141673,GET,/api/mixed/http/,108.19,55353,0,
2026-05-16T16:14:33.170445,GET,/api/mixed/pipeline/1/,3.77,82,0,
2026-05-16T16:14:33.171154,GET,/api/mixed/db/1/,3.88,247,0,
2026-05-16T16:14:33.178533,GET,/api/mixed/http/,108.31,55353,0,
2026-05-16T16:14:33.186623,GET,/api/mixed/pipeline/1/,2.88,82,0,
2026-05-16T16:14:33.194863,GET,/api/mixed/pipeline/1/,2.94,82,0,
2026-05-16T16:14:33.200797,GET,/api/mixed/pipeline/1/,2.69,82,0,
2026-05-16T16:14:33.220335,GET,/api/mixed/http/,108.3,55353,0,
2026-05-16T16:14:33.254952,GET,/api/mixed/http/,108.05,55353,0,
2026-05-16T16:14:33.295513,GET,/api/mixed/db/1/,3.98,247,0,
2026-05-16T16:14:33.307059,GET,/api/mixed/db/1/,3.96,247,0,
2026-05-16T16:14:33.334666,GET,/api/mixed/http/,107.97,55353,0,
2026-05-16T16:14:33.342316,GET,/api/mixed/http/,107.89,55353,0,
2026-05-16T16:14:33.350127,GET,/api/mixed/http/,109.07,55353,0,
2026-05-16T16:14:33.350568,GET,/api/mixed/pipeline/1/,3.08,82,0,
2026-05-16T16:14:33.374138,GET,/api/mixed/http/,107.91,55353,0,
2026-05-16T16:14:33.383810,GET,/api/mixed/http/,108.05,55353,0,
2026-05-16T16:14:33.402302,GET,/api/mixed/http/,108.17,55353,0,
2026-05-16T16:14:33.405443,GET,/api/mixed/db/1/,4.6,247,0,
2026-05-16T16:14:33.417004,GET,/api/mixed/http/,108.59,55353,0,
2026-05-16T16:14:33.427264,GET,/api/mixed/pipeline/1/,2.95,82,0,
2026-05-16T16:14:33.447714,GET,/api/mixed/db/1/,4.06,247,0,
2026-05-16T16:14:33.448129,GET,/api/mixed/db/1/,5.0,247,0,
2026-05-16T16:14:33.463482,GET,/api/mixed/http/,107.62,55353,0,
2026-05-16T16:14:33.491822,GET,/api/mixed/db/1/,3.84,247,0,
2026-05-16T16:14:33.495489,GET,/api/mixed/db/1/,3.54,247,0,
2026-05-16T16:14:33.509717,GET,/api/mixed/http/,109.43,55353,0,
2026-05-16T16:14:33.510247,GET,/api/mixed/db/1/,3.94,247,0,
2026-05-16T16:14:33.534197,GET,/api/mixed/db/1/,3.97,247,0,
2026-05-16T16:14:33.542295,GET,/api/mixed/http/,107.67,55353,0,
2026-05-16T16:14:33.560859,GET,/api/mixed/http/,108.46,55353,0,
2026-05-16T16:14:33.579249,GET,/api/mixed/pipeline/1/,3.61,82,0,
2026-05-16T16:14:33.579775,GET,/api/mixed/http/,108.96,55353,0,
2026-05-16T16:14:33.592283,GET,/api/mixed/http/,107.91,55353,0,
2026-05-16T16:14:33.599129,GET,/api/mixed/http/,108.71,55353,0,
2026-05-16T16:14:33.604280,GET,/api/mixed/db/1/,3.9,247,0,
2026-05-16T16:14:33.605782,GET,/api/mixed/http/,107.94,55353,0,
2026-05-16T16:14:33.607560,GET,/api/mixed/pipeline/1/,3.17,82,0,
2026-05-16T16:14:33.624245,GET,/api/mixed/db/1/,4.1,247,0,
2026-05-16T16:14:33.626913,GET,/api/mixed/pipeline/1/,4.22,82,0,
2026-05-16T16:14:33.627767,GET,/api/mixed/db/1/,4.63,247,0,
2026-05-16T16:14:33.628291,GET,/api/mixed/db/1/,3.55,247,0,
2026-05-16T16:14:33.630263,GET,/api/mixed/http/,107.67,55353,0,
2026-05-16T16:14:33.644916,GET,/api/mixed/db/1/,4.3,247,0,
2026-05-16T16:14:33.645327,GET,/api/mixed/db/1/,3.94,247,0,
2026-05-16T16:14:33.650680,GET,/api/mixed/pipeline/1/,3.12,82,0,
2026-05-16T16:14:33.652907,GET,/api/mixed/pipeline/1/,3.02,82,0,
2026-05-16T16:14:33.659070,GET,/api/mixed/http/,107.58,55353,0,
2026-05-16T16:14:33.662209,GET,/api/mixed/http/,108.11,55353,0,
2026-05-16T16:14:33.662811,GET,/api/mixed/http/,108.3,55353,0,
2026-05-16T16:14:33.664642,GET,/api/mixed/db/1/,4.39,247,0,
2026-05-16T16:14:33.674784,GET,/api/mixed/http/,107.6,55353,0,
2026-05-16T16:14:33.681812,GET,/api/mixed/pipeline/1/,2.83,82,0,
2026-05-16T16:14:33.686326,GET,/api/mixed/http/,108.01,55353,0,
2026-05-16T16:14:33.701066,GET,/api/mixed/pipeline/1/,3.37,82,0,
2026-05-16T16:14:33.704370,GET,/api/mixed/db/1/,4.14,247,0,
2026-05-16T16:14:33.711925,GET,/api/mixed/pipeline/1/,2.93,82,0,
2026-05-16T16:14:33.713240,GET,/api/mixed/db/1/,4.72,247,0,
2026-05-16T16:14:33.721702,GET,/api/mixed/http/,108.96,55353,0,
2026-05-16T16:14:33.729245,GET,/api/mixed/db/1/,4.78,247,0,
2026-05-16T16:14:33.729653,GET,/api/mixed/db/1/,4.7,247,0,
2026-05-16T16:14:33.735672,GET,/api/mixed/pipeline/1/,2.82,82,0,
2026-05-16T16:14:33.742681,GET,/api/mixed/pipeline/1/,3.57,82,0,
2026-05-16T16:14:33.743308,GET,/api/mixed/http/,107.74,55353,0,
2026-05-16T16:14:33.745073,GET,/api/mixed/pipeline/1/,3.5,82,0,
2026-05-16T16:14:33.747306,GET,/api/mixed/http/,109.1,55353,0,
2026-05-16T16:14:33.748740,GET,/api/mixed/http/,109.6,55353,0,
2026-05-16T16:14:33.766432,GET,/api/mixed/pipeline/1/,2.78,82,0,
2026-05-16T16:14:33.771484,GET,/api/mixed/pipeline/1/,2.74,82,0,
2026-05-16T16:14:33.781827,GET,/api/mixed/http/,108.35,55353,0,
2026-05-16T16:14:33.782592,GET,/api/mixed/http/,109.64,55353,0,
2026-05-16T16:14:33.786674,GET,/api/mixed/pipeline/1/,2.92,82,0,
2026-05-16T16:14:33.791114,GET,/api/mixed/http/,108.09,55353,0,
2026-05-16T16:14:33.791613,GET,/api/mixed/http/,108.15,55353,0,
2026-05-16T16:14:33.802441,GET,/api/mixed/pipeline/1/,2.73,82,0,
2026-05-16T16:14:33.815369,GET,/api/mixed/pipeline/1/,3.62,82,0,
2026-05-16T16:14:33.828734,GET,/api/mixed/http/,108.3,55353,0,
2026-05-16T16:14:33.843691,GET,/api/mixed/http/,107.91,55353,0,
2026-05-16T16:14:33.846095,GET,/api/mixed/pipeline/1/,3.35,82,0,
2026-05-16T16:14:33.863377,GET,/api/mixed/db/1/,4.06,247,0,
2026-05-16T16:14:33.863850,GET,/api/mixed/http/,107.82,55353,0,
2026-05-16T16:14:33.868967,GET,/api/mixed/db/1/,3.75,247,0,
2026-05-16T16:14:33.879582,GET,/api/mixed/db/1/,3.81,247,0,
2026-05-16T16:14:33.888708,GET,/api/mixed/pipeline/1/,2.77,82,0,
2026-05-16T16:14:33.894703,GET,/api/mixed/db/1/,4.6,247,0,
2026-05-16T16:14:33.895361,GET,/api/mixed/db/1/,4.08,247,0,
2026-05-16T16:14:33.895768,GET,/api/mixed/db/1/,3.64,247,0,
2026-05-16T16:14:33.899087,GET,/api/mixed/http/,109.23,55353,0,
2026-05-16T16:14:33.900868,GET,/api/mixed/http/,107.59,55353,0,
2026-05-16T16:14:33.905425,GET,/api/mixed/pipeline/1/,3.35,82,0,
2026-05-16T16:14:33.908971,GET,/api/mixed/db/1/,4.34,247,0,
2026-05-16T16:14:33.937809,GET,/api/mixed/db/1/,3.88,247,0,
2026-05-16T16:14:33.955210,GET,/api/mixed/db/1/,5.05,247,0,
2026-05-16T16:14:33.958521,GET,/api/mixed/db/1/,5.89,247,0,
2026-05-16T16:14:33.981212,GET,/api/mixed/http/,107.88,55353,0,
2026-05-16T16:14:34.034172,GET,/api/mixed/http/,108.83,55353,0,
2026-05-16T16:14:34.063139,GET,/api/mixed/http/,110.05,55353,0,
2026-05-16T16:14:34.077429,GET,/api/mixed/db/1/,4.11,247,0,
2026-05-16T16:14:34.087725,GET,/api/mixed/db/1/,4.08,247,0,
2026-05-16T16:14:34.100907,GET,/api/mixed/db/1/,5.95,247,0,
2026-05-16T16:14:34.101319,GET,/api/mixed/db/1/,5.45,247,0,
2026-05-16T16:14:34.104528,GET,/api/mixed/pipeline/1/,3.11,82,0,
2026-05-16T16:14:34.136097,GET,/api/mixed/pipeline/1/,3.23,82,0,
2026-05-16T16:14:34.156328,GET,/api/mixed/pipeline/1/,2.97,82,0,
2026-05-16T16:14:34.176533,GET,/api/mixed/http/,108.01,55353,0,
2026-05-16T16:14:34.186297,GET,/api/mixed/pipeline/1/,3.51,82,0,
2026-05-16T16:14:34.188383,GET,/api/mixed/pipeline/1/,2.92,82,0,
2026-05-16T16:14:34.195371,GET,/api/mixed/pipeline/1/,2.68,82,0,
2026-05-16T16:14:34.203858,GET,/api/mixed/http/,108.37,55353,0,
2026-05-16T16:14:34.211558,GET,/api/mixed/pipeline/1/,4.54,82,0,
2026-05-16T16:14:34.213479,GET,/api/mixed/db/1/,4.21,247,0,
2026-05-16T16:14:34.216385,GET,/api/mixed/pipeline/1/,2.8,82,0,
2026-05-16T16:14:34.237216,GET,/api/mixed/pipeline/1/,2.8,82,0,
2026-05-16T16:14:34.304310,GET,/api/mixed/db/1/,4.82,247,0,
2026-05-16T16:14:34.304829,GET,/api/mixed/db/1/,3.95,247,0,
2026-05-16T16:14:34.312048,GET,/api/mixed/pipeline/1/,2.86,82,0,
2026-05-16T16:14:34.316730,GET,/api/mixed/http/,108.86,55353,0,
2026-05-16T16:14:34.317391,GET,/api/mixed/http/,109.93,55353,0,
2026-05-16T16:14:34.317802,GET,/api/mixed/pipeline/1/,4.53,82,0,
2026-05-16T16:14:34.318202,GET,/api/mixed/pipeline/1/,4.49,82,0,
2026-05-16T16:14:34.339574,GET,/api/mixed/http/,107.87,55353,0,
2026-05-16T16:14:34.342878,GET,/api/mixed/http/,107.24,55353,0,
2026-05-16T16:14:34.349087,GET,/api/mixed/http/,107.52,55353,0,
2026-05-16T16:14:34.364659,GET,/api/mixed/db/1/,4.22,247,0,
2026-05-16T16:14:34.394765,GET,/api/mixed/pipeline/1/,2.95,82,0,
2026-05-16T16:14:34.397074,GET,/api/mixed/http/,107.92,55353,0,
2026-05-16T16:14:34.410205,GET,/api/mixed/db/1/,3.92,247,0,
2026-05-16T16:14:34.434086,GET,/api/mixed/pipeline/1/,2.92,82,0,
2026-05-16T16:14:34.454570,GET,/api/mixed/db/1/,4.56,247,0,
2026-05-16T16:14:34.454987,GET,/api/mixed/db/1/,4.53,247,0,
2026-05-16T16:14:34.458871,GET,/api/mixed/db/1/,3.79,247,0,
2026-05-16T16:14:34.471663,GET,/api/mixed/pipeline/1/,3.95,82,0,
2026-05-16T16:14:34.476691,GET,/api/mixed/pipeline/1/,2.68,82,0,
2026-05-16T16:14:34.494973,GET,/api/mixed/http/,108.45,55353,0,
2026-05-16T16:14:34.495458,GET,/api/mixed/http/,109.55,55353,0,
2026-05-16T16:14:34.525555,GET,/api/mixed/http/,109.0,55353,0,
2026-05-16T16:14:34.529020,GET,/api/mixed/db/1/,4.49,247,0,
2026-05-16T16:14:34.534211,GET,/api/mixed/db/1/,3.91,247,0,
2026-05-16T16:14:34.545157,GET,/api/mixed/http/,107.68,55353,0,
2026-05-16T16:14:34.556870,GET,/api/mixed/pipeline/1/,2.78,82,0,
2026-05-16T16:14:34.569742,GET,/api/mixed/http/,107.49,55353,0,
2026-05-16T16:14:34.570777,GET,/api/mixed/pipeline/1/,2.77,82,0,
2026-05-16T16:14:34.574616,GET,/api/mixed/db/1/,3.74,247,0,
2026-05-16T16:14:34.587832,GET,/api/mixed/http/,108.82,55353,0,
2026-05-16T16:14:34.589979,GET,/api/mixed/pipeline/1/,3.15,82,0,
2026-05-16T16:14:34.610038,GET,/api/mixed/pipeline/1/,2.92,82,0,
2026-05-16T16:14:34.620034,GET,/api/mixed/db/1/,3.7,247,0,
2026-05-16T16:14:34.620451,GET,/api/mixed/pipeline/1/,2.76,82,0,
2026-05-16T16:14:34.649062,GET,/api/mixed/pipeline/1/,3.43,82,0,
2026-05-16T16:14:34.649467,GET,/api/mixed/pipeline/1/,2.71,82,0,
2026-05-16T16:14:34.662460,GET,/api/mixed/http/,110.98,55353,0,
2026-05-16T16:14:34.665643,GET,/api/mixed/pipeline/1/,4.94,82,0,
2026-05-16T16:14:34.673260,GET,/api/mixed/http/,112.03,55353,0,
2026-05-16T16:14:34.674380,GET,/api/mixed/pipeline/1/,3.43,82,0,
2026-05-16T16:14:34.676206,GET,/api/mixed/http/,109.34,55353,0,
2026-05-16T16:14:34.699134,GET,/api/mixed/http/,107.8,55353,0,
2026-05-16T16:14:34.715005,GET,/api/mixed/pipeline/1/,3.63,82,0,
2026-05-16T16:14:34.718973,GET,/api/mixed/db/1/,3.85,247,0,
2026-05-16T16:14:34.767445,GET,/api/mixed/db/1/,4.23,247,0,
2026-05-16T16:14:34.781814,GET,/api/mixed/pipeline/1/,3.14,82,0,
2026-05-16T16:14:34.785357,GET,/api/mixed/http/,107.9,55353,0,
2026-05-16T16:14:34.788578,GET,/api/mixed/db/1/,4.51,247,0,
2026-05-16T16:14:34.792993,GET,/api/mixed/http/,107.99,55353,0,
2026-05-16T16:14:34.796519,GET,/api/mixed/http/,107.88,55353,0,
2026-05-16T16:14:34.802095,GET,/api/mixed/pipeline/1/,3.16,82,0,
2026-05-16T16:14:34.809479,GET,/api/mixed/pipeline/1/,3.16,82,0,
2026-05-16T16:14:34.821824,GET,/api/mixed/pipeline/1/,3.11,82,0,
2026-05-16T16:14:34.822292,GET,/api/mixed/http/,108.27,55353,0,
2026-05-16T16:14:34.826508,GET,/api/mixed/pipeline/1/,2.87,82,0,
2026-05-16T16:14:34.857819,GET,/api/mixed/db/1/,4.34,247,0,
2026-05-16T16:14:34.886181,GET,/api/mixed/pipeline/1/,3.36,82,0,
2026-05-16T16:14:34.887938,GET,/api/mixed/pipeline/1/,2.77,82,0,
2026-05-16T16:14:34.900924,GET,/api/mixed/http/,107.8,55353,0,
2026-05-16T16:14:34.901330,GET,/api/mixed/db/1/,4.18,247,0,
2026-05-16T16:14:34.907944,GET,/api/mixed/pipeline/1/,3.34,82,0,
2026-05-16T16:14:34.911334,GET,/api/mixed/db/1/,4.3,247,0,
2026-05-16T16:14:34.918744,GET,/api/mixed/pipeline/1/,4.19,82,0,
2026-05-16T16:14:34.922508,GET,/api/mixed/db/1/,4.56,247,0,
2026-05-16T16:14:34.935101,GET,/api/mixed/pipeline/1/,3.31,82,0,
2026-05-16T16:14:34.946246,GET,/api/mixed/pipeline/1/,2.77,82,0,
2026-05-16T16:14:34.955148,GET,/api/mixed/http/,108.32,55353,0,
2026-05-16T16:14:34.961414,GET,/api/mixed/http/,107.5,55353,0,
2026-05-16T16:14:34.972257,GET,/api/mixed/db/1/,4.5,247,0,
2026-05-16T16:14:34.985899,GET,/api/mixed/http/,108.71,55353,0,
2026-05-16T16:14:35.001581,GET,/api/mixed/db/1/,4.32,247,0,
2026-05-16T16:14:35.004086,GET,/api/mixed/pipeline/1/,3.38,82,0,
2026-05-16T16:14:35.016328,GET,/api/mixed/pipeline/1/,2.98,82,0,
2026-05-16T16:14:35.025415,GET,/api/mixed/pipeline/1/,2.72,82,0,
2026-05-16T16:14:35.037990,GET,/api/mixed/db/1/,4.35,247,0,
2026-05-16T16:14:35.038411,GET,/api/mixed/db/1/,5.71,247,0,
2026-05-16T16:14:35.038775,GET,/api/mixed/db/1/,5.53,247,0,
2026-05-16T16:14:35.050505,GET,/api/mixed/http/,108.07,55353,0,
2026-05-16T16:14:35.079238,GET,/api/mixed/http/,107.93,55353,0,
2026-05-16T16:14:35.083336,GET,/api/mixed/db/1/,3.97,247,0,
2026-05-16T16:14:35.085993,GET,/api/mixed/db/1/,4.02,247,0,
2026-05-16T16:14:35.118140,GET,/api/mixed/pipeline/1/,4.95,82,0,
2026-05-16T16:14:35.118563,GET,/api/mixed/db/1/,4.52,247,0,
2026-05-16T16:14:35.118969,GET,/api/mixed/pipeline/1/,3.52,82,0,
2026-05-16T16:14:35.133911,GET,/api/mixed/pipeline/1/,3.65,82,0,
2026-05-16T16:14:35.134472,GET,/api/mixed/db/1/,3.71,247,0,
2026-05-16T16:14:35.167769,GET,/api/mixed/db/1/,4.01,247,0,
2026-05-16T16:14:35.204577,GET,/api/mixed/http/,107.79,55353,0,
2026-05-16T16:14:35.205042,GET,/api/mixed/http/,108.78,55353,0,
2026-05-16T16:14:35.206909,GET,/api/mixed/http/,107.26,55353,0,
2026-05-16T16:14:35.222728,GET,/api/mixed/http/,109.08,55353,0,
2026-05-16T16:14:35.232324,GET,/api/mixed/db/1/,4.3,247,0,
2026-05-16T16:14:35.242636,GET,/api/mixed/db/1/,4.0,247,0,
2026-05-16T16:14:35.258104,GET,/api/mixed/db/1/,4.03,247,0,
2026-05-16T16:14:35.275315,GET,/api/mixed/pipeline/1/,2.91,82,0,
2026-05-16T16:14:35.301469,GET,/api/mixed/pipeline/1/,2.95,82,0,
2026-05-16T16:14:35.305000,GET,/api/mixed/http/,108.91,55353,0,
2026-05-16T16:14:35.311111,GET,/api/mixed/db/1/,3.92,247,0,
2026-05-16T16:14:35.320522,GET,/api/mixed/db/1/,4.24,247,0,
2026-05-16T16:14:35.321057,GET,/api/mixed/http/,108.87,55353,0,
2026-05-16T16:14:35.324851,GET,/api/mixed/db/1/,5.27,247,0,
2026-05-16T16:14:35.325350,GET,/api/mixed/db/1/,4.06,247,0,
2026-05-16T16:14:35.336906,GET,/api/mixed/http/,107.86,55353,0,
2026-05-16T16:14:35.347110,GET,/api/mixed/pipeline/1/,2.89,82,0,
2026-05-16T16:14:35.367229,GET,/api/mixed/pipeline/1/,3.02,82,0,
2026-05-16T16:14:35.395045,GET,/api/mixed/db/1/,4.43,247,0,
2026-05-16T16:14:35.398296,GET,/api/mixed/db/1/,5.11,247,0,
2026-05-16T16:14:35.431125,GET,/api/mixed/db/1/,3.99,247,0,
2026-05-16T16:14:35.443522,GET,/api/mixed/pipeline/1/,3.06,82,0,
2026-05-16T16:14:35.462974,GET,/api/mixed/db/1/,4.05,247,0,
2026-05-16T16:14:35.464899,GET,/api/mixed/http/,107.52,55353,0,
2026-05-16T16:14:35.469336,GET,/api/mixed/http/,108.47,55353,0,
2026-05-16T16:14:35.484305,GET,/api/mixed/db/1/,4.08,247,0,
2026-05-16T16:14:35.485392,GET,/api/mixed/pipeline/1/,2.74,82,0,
2026-05-16T16:14:35.493639,GET,/api/mixed/pipeline/1/,2.91,82,0,
2026-05-16T16:14:35.507104,GET,/api/mixed/http/,107.46,55353,0,
2026-05-16T16:14:35.507520,GET,/api/mixed/db/1/,3.7,247,0,
2026-05-16T16:14:35.512436,GET,/api/mixed/db/1/,3.68,247,0,
2026-05-16T16:14:35.522981,GET,/api/mixed/pipeline/1/,3.23,82,0,
2026-05-16T16:14:35.542233,GET,/api/mixed/pipeline/1/,2.9,82,0,
2026-05-16T16:14:35.554602,GET,/api/mixed/db/1/,3.99,247,0,
2026-05-16T16:14:35.577159,GET,/api/mixed/db/1/,4.35,247,0,
2026-05-16T16:14:35.579597,GET,/api/mixed/pipeline/1/,3.32,82,0,
2026-05-16T16:14:35.583361,GET,/api/mixed/http/,107.83,55353,0,
2026-05-16T16:14:35.589403,GET,/api/mixed/pipeline/1/,2.67,82,0,
2026-05-16T16:14:35.607353,GET,/api/mixed/pipeline/1/,2.63,82,0,
2026-05-16T16:14:35.614915,GET,/api/mixed/db/1/,3.7,247,0,
2026-05-16T16:14:35.628531,GET,/api/mixed/http/,107.57,55353,0,
2026-05-16T16:14:35.638185,GET,/api/mixed/pipeline/1/,2.78,82,0,
2026-05-16T16:14:35.638608,GET,/api/mixed/pipeline/1/,3.69,82,0,
2026-05-16T16:14:35.650652,GET,/api/mixed/db/1/,3.75,247,0,
2026-05-16T16:14:35.667656,GET,/api/mixed/db/1/,3.82,247,0,
2026-05-16T16:14:35.674449,GET,/api/mixed/pipeline/1/,3.43,82,0,
2026-05-16T16:14:35.675765,GET,/api/mixed/db/1/,4.29,247,0,
2026-05-16T16:14:35.678649,GET,/api/mixed/db/1/,4.09,247,0,
2026-05-16T16:14:35.702063,GET,/api/mixed/http/,108.47,55353,0,
2026-05-16T16:14:35.705554,GET,/api/mixed/db/1/,4.62,247,0,
2026-05-16T16:14:35.709284,GET,/api/mixed/db/1/,4.75,247,0,
2026-05-16T16:14:35.710018,GET,/api/mixed/http/,109.85,55353,0,
2026-05-16T16:14:35.712319,GET,/api/mixed/pipeline/1/,4.32,82,0,
2026-05-16T16:14:35.712956,GET,/api/mixed/db/1/,4.46,247,0,
2026-05-16T16:14:35.713351,GET,/api/mixed/pipeline/1/,2.65,82,0,
2026-05-16T16:14:35.717069,GET,/api/mixed/http/,108.52,55353,0,
2026-05-16T16:14:35.718910,GET,/api/mixed/pipeline/1/,3.37,82,0,
2026-05-16T16:14:35.723530,GET,/api/mixed/http/,107.4,55353,0,
2026-05-16T16:14:35.735759,GET,/api/mixed/db/1/,3.86,247,0,
2026-05-16T16:14:35.755113,GET,/api/mixed/db/1/,3.67,247,0,
2026-05-16T16:14:35.780888,GET,/api/mixed/pipeline/1/,4.59,82,0,
2026-05-16T16:14:35.785382,GET,/api/mixed/db/1/,6.43,247,0,
2026-05-16T16:14:35.793698,GET,/api/mixed/http/,107.7,55353,0,
2026-05-16T16:14:35.802656,GET,/api/mixed/db/1/,3.76,247,0,
2026-05-16T16:14:35.813147,GET,/api/mixed/pipeline/1/,4.06,82,0,
2026-05-16T16:14:35.813589,GET,/api/mixed/db/1/,5.6,247,0,
2026-05-16T16:14:35.813978,GET,/api/mixed/pipeline/1/,4.07,82,0,
2026-05-16T16:14:35.814339,GET,/api/mixed/pipeline/1/,3.28,82,0,
2026-05-16T16:14:35.829572,GET,/api/mixed/db/1/,3.83,247,0,
2026-05-16T16:14:35.843650,GET,/api/mixed/pipeline/1/,3.29,82,0,
2026-05-16T16:14:35.854649,GET,/api/mixed/http/,107.69,55353,0,
2026-05-16T16:14:35.887766,GET,/api/mixed/db/1/,3.86,247,0,
2026-05-16T16:14:35.902010,GET,/api/mixed/db/1/,3.9,247,0,
2026-05-16T16:14:35.911041,GET,/api/mixed/db/1/,3.71,247,0,
2026-05-16T16:14:35.927984,GET,/api/mixed/db/1/,4.26,247,0,
2026-05-16T16:14:35.931324,GET,/api/mixed/db/1/,4.21,247,0,
2026-05-16T16:14:35.938391,GET,/api/mixed/pipeline/1/,2.71,82,0,
2026-05-16T16:14:35.941934,GET,/api/mixed/http/,108.01,55353,0,
2026-05-16T16:14:35.949910,GET,/api/mixed/pipeline/1/,2.77,82,0,
2026-05-16T16:14:35.950974,GET,/api/mixed/http/,108.17,55353,0,
2026-05-16T16:14:35.955515,GET,/api/mixed/http/,108.75,55353,0,
2026-05-16T16:14:35.988028,GET,/api/mixed/pipeline/1/,3.16,82,0,
2026-05-16T16:14:35.995187,GET,/api/mixed/db/1/,3.88,247,0,
2026-05-16T16:14:36.009157,GET,/api/mixed/db/1/,3.86,247,0,
2026-05-16T16:14:36.019932,GET,/api/mixed/http/,107.68,55353,0,
2026-05-16T16:14:36.022875,GET,/api/mixed/pipeline/1/,2.81,82,0,
2026-05-16T16:14:36.027179,GET,/api/mixed/pipeline/1/,2.96,82,0,
2026-05-16T16:14:36.040104,GET,/api/mixed/pipeline/1/,2.8,82,0,
2026-05-16T16:14:36.052007,GET,/api/mixed/db/1/,3.76,247,0,
2026-05-16T16:14:36.078605,GET,/api/mixed/db/1/,3.78,247,0,
2026-05-16T16:14:36.084723,GET,/api/mixed/pipeline/1/,2.77,82,0,
2026-05-16T16:14:36.088757,GET,/api/mixed/pipeline/1/,2.69,82,0,
2026-05-16T16:14:36.096801,GET,/api/mixed/pipeline/1/,2.71,82,0,
2026-05-16T16:14:36.106780,GET,/api/mixed/http/,107.42,55353,0,
2026-05-16T16:14:36.124674,GET,/api/mixed/db/1/,4.58,247,0,
2026-05-16T16:14:36.125078,GET,/api/mixed/db/1/,4.46,247,0,
2026-05-16T16:14:36.132923,GET,/api/mixed/db/1/,3.64,247,0,
2026-05-16T16:14:36.134932,GET,/api/mixed/http/,108.54,55353,0,
2026-05-16T16:14:36.135411,GET,/api/mixed/http/,107.65,55353,0,
2026-05-16T16:14:36.150919,GET,/api/mixed/pipeline/1/,4.19,82,0,
2026-05-16T16:14:36.154082,GET,/api/mixed/db/1/,4.96,247,0,
2026-05-16T16:14:36.164062,GET,/api/mixed/db/1/,3.69,247,0,
2026-05-16T16:14:36.174931,GET,/api/mixed/http/,107.61,55353,0,
2026-05-16T16:14:36.207699,GET,/api/mixed/http/,107.57,55353,0,
2026-05-16T16:14:36.220961,GET,/api/mixed/pipeline/1/,2.9,82,0,
2026-05-16T16:14:36.241098,GET,/api/mixed/http/,108.06,55353,0,
2026-05-16T16:14:36.263994,GET,/api/mixed/pipeline/1/,2.76,82,0,
2026-05-16T16:14:36.267237,GET,/api/mixed/pipeline/1/,3.13,82,0,
2026-05-16T16:14:36.267902,GET,/api/mixed/pipeline/1/,2.62,82,0,
2026-05-16T16:14:36.285195,GET,/api/mixed/db/1/,3.93,247,0,
2026-05-16T16:14:36.286982,GET,/api/mixed/http/,107.83,55353,0,
2026-05-16T16:14:36.300358,GET,/api/mixed/http/,107.61,55353,0,
2026-05-16T16:14:36.308193,GET,/api/mixed/db/1/,4.6,247,0,
2026-05-16T16:14:36.310951,GET,/api/mixed/http/,108.7,55353,0,
2026-05-16T16:14:36.355651,GET,/api/mixed/pipeline/1/,2.8,82,0,
2026-05-16T16:14:36.363270,GET,/api/mixed/http/,107.84,55353,0,
2026-05-16T16:14:36.365529,GET,/api/mixed/pipeline/1/,3.63,82,0,
2026-05-16T16:14:36.383641,GET,/api/mixed/pipeline/1/,2.86,82,0,
2026-05-16T16:14:36.384062,GET,/api/mixed/db/1/,4.37,247,0,
2026-05-16T16:14:36.401391,GET,/api/mixed/db/1/,4.12,247,0,
2026-05-16T16:14:36.408507,GET,/api/mixed/pipeline/1/,3.77,82,0,
2026-05-16T16:14:36.410002,GET,/api/mixed/db/1/,4.3,247,0,
2026-05-16T16:14:36.419749,GET,/api/mixed/db/1/,5.36,247,0,
2026-05-16T16:14:36.427458,GET,/api/mixed/db/1/,4.47,247,0,
2026-05-16T16:14:36.428073,GET,/api/mixed/http/,108.95,55353,0,
2026-05-16T16:14:36.434717,GET,/api/mixed/http/,107.95,55353,0,
2026-05-16T16:14:36.443668,GET,/api/mixed/db/1/,4.63,247,0,
2026-05-16T16:14:36.453342,GET,/api/mixed/http/,108.02,55353,0,
2026-05-16T16:14:36.457327,GET,/api/mixed/db/1/,5.27,247,0,
2026-05-16T16:14:36.458422,GET,/api/mixed/pipeline/1/,3.27,82,0,
2026-05-16T16:14:36.488329,GET,/api/mixed/pipeline/1/,3.63,82,0,
2026-05-16T16:14:36.502575,GET,/api/mixed/db/1/,4.65,247,0,
2026-05-16T16:14:36.506443,GET,/api/mixed/db/1/,4.84,247,0,
2026-05-16T16:14:36.514024,GET,/api/mixed/http/,107.65,55353,0,
2026-05-16T16:14:36.528482,GET,/api/mixed/pipeline/1/,3.15,82,0,
2026-05-16T16:14:36.551430,GET,/api/mixed/http/,108.73,55353,0,
2026-05-16T16:14:36.567039,GET,/api/mixed/db/1/,4.37,247,0,
2026-05-16T16:14:36.574128,GET,/api/mixed/pipeline/1/,2.87,82,0,
2026-05-16T16:14:36.580229,GET,/api/mixed/pipeline/1/,2.84,82,0,
2026-05-16T16:14:36.588443,GET,/api/mixed/pipeline/1/,2.95,82,0,
2026-05-16T16:14:36.596040,GET,/api/mixed/http/,108.69,55353,0,
2026-05-16T16:14:36.606686,GET,/api/mixed/db/1/,5.28,247,0,
2026-05-16T16:14:36.610289,GET,/api/mixed/db/1/,5.46,247,0,
2026-05-16T16:14:36.615446,GET,/api/mixed/db/1/,5.03,247,0,
2026-05-16T16:14:36.617864,GET,/api/mixed/pipeline/1/,4.74,82,0,
2026-05-16T16:14:36.619089,GET,/api/mixed/db/1/,5.33,247,0,
2026-05-16T16:14:36.620426,GET,/api/mixed/http/,108.79,55353,0,
2026-05-16T16:14:36.622473,GET,/api/mixed/db/1/,4.2,247,0,
2026-05-16T16:14:36.636745,GET,/api/mixed/db/1/,4.04,247,0,
2026-05-16T16:14:36.637369,GET,/api/mixed/http/,107.67,55353,0,
2026-05-16T16:14:36.679582,GET,/api/mixed/pipeline/1/,2.88,82,0,
2026-05-16T16:14:36.684018,GET,/api/mixed/db/1/,4.32,247,0,
2026-05-16T16:14:36.694462,GET,/api/mixed/db/1/,4.18,247,0,
2026-05-16T16:14:36.697748,GET,/api/mixed/http/,107.98,55353,0,
2026-05-16T16:14:36.712836,GET,/api/mixed/db/1/,3.89,247,0,
2026-05-16T16:14:36.738700,GET,/api/mixed/db/1/,6.55,247,0,
2026-05-16T16:14:36.751662,GET,/api/mixed/db/1/,5.66,247,0,
2026-05-16T16:14:36.757409,GET,/api/mixed/db/1/,5.53,247,0,
2026-05-16T16:14:36.762868,GET,/api/mixed/http/,111.11,55353,0,
2026-05-16T16:14:36.768355,GET,/api/mixed/http/,110.9,55353,0,
2026-05-16T16:14:36.768968,GET,/api/mixed/http/,111.04,55353,0,
2026-05-16T16:14:36.788277,GET,/api/mixed/pipeline/1/,4.49,82,0,
2026-05-16T16:14:36.790336,GET,/api/mixed/http/,110.22,55353,0,
2026-05-16T16:14:36.807779,GET,/api/mixed/pipeline/1/,4.42,82,0,
2026-05-16T16:14:36.811228,GET,/api/mixed/db/1/,4.82,247,0,
2026-05-16T16:14:36.814943,GET,/api/mixed/db/1/,3.6,247,0,
2026-05-16T16:14:36.855321,GET,/api/mixed/db/1/,4.08,247,0,
2026-05-16T16:14:36.866978,GET,/api/mixed/db/1/,3.87,247,0,
2026-05-16T16:14:36.871009,GET,/api/mixed/http/,111.26,55353,0,
2026-05-16T16:14:36.881290,GET,/api/mixed/pipeline/1/,2.89,82,0,
2026-05-16T16:14:36.886211,GET,/api/mixed/db/1/,3.71,247,0,
2026-05-16T16:14:36.887401,GET,/api/mixed/http/,108.25,55353,0,
2026-05-16T16:14:36.892991,GET,/api/mixed/http/,109.85,55353,0,
2026-05-16T16:14:36.912124,GET,/api/mixed/http/,109.47,55353,0,
2026-05-16T16:14:36.953283,GET,/api/mixed/pipeline/1/,2.97,82,0,
2026-05-16T16:14:36.958189,GET,/api/mixed/pipeline/1/,2.59,82,0,
2026-05-16T16:14:36.965769,GET,/api/mixed/pipeline/1/,3.35,82,0,
2026-05-16T16:14:36.966368,GET,/api/mixed/http/,107.72,55353,0,
2026-05-16T16:14:36.999484,GET,/api/mixed/pipeline/1/,2.78,82,0,
2026-05-16T16:14:37.017057,GET,/api/mixed/db/1/,3.85,247,0,
2026-05-16T16:14:37.021433,GET,/api/mixed/pipeline/1/,2.97,82,0,
2026-05-16T16:14:37.038092,GET,/api/mixed/pipeline/1/,3.9,82,0,
2026-05-16T16:14:37.080379,GET,/api/mixed/db/1/,3.97,247,0,
2026-05-16T16:14:37.087415,GET,/api/mixed/http/,107.71,55353,0,
2026-05-16T16:14:37.097717,GET,/api/mixed/http/,107.71,55353,0,
2026-05-16T16:14:37.098180,GET,/api/mixed/http/,108.72,55353,0,
2026-05-16T16:14:37.121453,GET,/api/mixed/pipeline/1/,2.93,82,0,
2026-05-16T16:14:37.129705,GET,/api/mixed/pipeline/1/,2.99,82,0,
2026-05-16T16:14:37.134627,GET,/api/mixed/http/,108.94,55353,0,
2026-05-16T16:14:37.135093,GET,/api/mixed/http/,108.95,55353,0,
2026-05-16T16:14:37.146916,GET,/api/mixed/db/1/,4.36,247,0,
2026-05-16T16:14:37.154920,GET,/api/mixed/http/,107.51,55353,0,
2026-05-16T16:14:37.162464,GET,/api/mixed/http/,107.49,55353,0,
2026-05-16T16:14:37.165517,GET,/api/mixed/db/1/,4.34,247,0,
2026-05-16T16:14:37.199463,GET,/api/mixed/http/,107.73,55353,0,
2026-05-16T16:14:37.215829,GET,/api/mixed/db/1/,3.89,247,0,
2026-05-16T16:14:37.232561,GET,/api/mixed/pipeline/1/,3.43,82,0,
2026-05-16T16:14:37.252048,GET,/api/mixed/db/1/,4.21,247,0,
2026-05-16T16:14:37.255008,GET,/api/mixed/pipeline/1/,2.84,82,0,
2026-05-16T16:14:37.260303,GET,/api/mixed/db/1/,3.94,247,0,
2026-05-16T16:14:37.271090,GET,/api/mixed/db/1/,3.92,247,0,
2026-05-16T16:14:37.279840,GET,/api/mixed/pipeline/1/,3.41,82,0,
2026-05-16T16:14:37.281467,GET,/api/mixed/db/1/,3.71,247,0,
2026-05-16T16:14:37.289337,GET,/api/mixed/db/1/,3.57,247,0,
2026-05-16T16:14:37.294903,GET,/api/mixed/pipeline/1/,3.24,82,0,
2026-05-16T16:14:37.297218,GET,/api/mixed/pipeline/1/,3.14,82,0,
2026-05-16T16:14:37.304145,GET,/api/mixed/db/1/,3.63,247,0,
2026-05-16T16:14:37.310109,GET,/api/mixed/pipeline/1/,2.64,82,0,
2026-05-16T16:14:37.321832,GET,/api/mixed/pipeline/1/,2.82,82,0,
2026-05-16T16:14:37.327842,GET,/api/mixed/db/1/,3.69,247,0,
2026-05-16T16:14:37.370552,GET,/api/mixed/http/,107.88,55353,0,
2026-05-16T16:14:37.374973,GET,/api/mixed/db/1/,4.29,247,0,
2026-05-16T16:14:37.383413,GET,/api/mixed/db/1/,4.75,247,0,
2026-05-16T16:14:37.384494,GET,/api/mixed/db/1/,4.87,247,0,
2026-05-16T16:14:37.387773,GET,/api/mixed/pipeline/1/,4.17,82,0,
2026-05-16T16:14:37.408845,GET,/api/mixed/db/1/,4.08,247,0,
2026-05-16T16:14:37.425000,GET,/api/mixed/http/,108.59,55353,0,
2026-05-16T16:14:37.439482,GET,/api/mixed/http/,108.32,55353,0,
2026-05-16T16:14:37.454260,GET,/api/mixed/pipeline/1/,2.82,82,0,
2026-05-16T16:14:37.456138,GET,/api/mixed/http/,107.63,55353,0,
2026-05-16T16:14:37.481062,GET,/api/mixed/http/,107.99,55353,0,
2026-05-16T16:14:37.486900,GET,/api/mixed/http/,108.7,55353,0,
2026-05-16T16:14:37.502682,GET,/api/mixed/http/,108.56,55353,0,
2026-05-16T16:14:37.517886,GET,/api/mixed/http/,107.65,55353,0,
2026-05-16T16:14:37.520403,GET,/api/mixed/http/,107.67,55353,0,
2026-05-16T16:14:37.533164,GET,/api/mixed/http/,108.03,55353,0,
2026-05-16T16:14:37.548586,GET,/api/mixed/db/1/,4.4,247,0,
2026-05-16T16:14:37.548999,GET,/api/mixed/db/1/,5.56,247,0,
2026-05-16T16:14:37.550851,GET,/api/mixed/http/,107.99,55353,0,
2026-05-16T16:14:37.572750,GET,/api/mixed/pipeline/1/,3.05,82,0,
2026-05-16T16:14:37.593407,GET,/api/mixed/db/1/,4.65,247,0,
2026-05-16T16:14:37.605275,GET,/api/mixed/db/1/,3.81,247,0,
2026-05-16T16:14:37.607724,GET,/api/mixed/http/,107.65,55353,0,
2026-05-16T16:14:37.608149,GET,/api/mixed/pipeline/1/,2.76,82,0,
2026-05-16T16:14:37.631005,GET,/api/mixed/pipeline/1/,2.98,82,0,
2026-05-16T16:14:37.645299,GET,/api/mixed/pipeline/1/,2.96,82,0,
2026-05-16T16:14:37.650275,GET,/api/mixed/db/1/,3.62,247,0,
2026-05-16T16:14:37.662621,GET,/api/mixed/http/,109.42,55353,0,
2026-05-16T16:14:37.665225,GET,/api/mixed/pipeline/1/,3.52,82,0,
2026-05-16T16:14:37.665642,GET,/api/mixed/db/1/,4.63,247,0,
2026-05-16T16:14:37.679321,GET,/api/mixed/pipeline/1/,2.91,82,0,
2026-05-16T16:14:37.690355,GET,/api/mixed/http/,108.25,55353,0,
2026-05-16T16:14:37.690847,GET,/api/mixed/http/,107.71,55353,0,
2026-05-16T16:14:37.696956,GET,/api/mixed/http/,107.77,55353,0,
2026-05-16T16:14:37.704250,GET,/api/mixed/http/,108.52,55353,0,
2026-05-16T16:14:37.710331,GET,/api/mixed/pipeline/1/,2.77,82,0,
2026-05-16T16:14:37.716220,GET,/api/mixed/pipeline/1/,2.63,82,0,
2026-05-16T16:14:37.736158,GET,/api/mixed/http/,108.68,55353,0,
2026-05-16T16:14:37.762471,GET,/api/mixed/http/,107.87,55353,0,
2026-05-16T16:14:37.773046,GET,/api/mixed/pipeline/1/,3.21,82,0,
2026-05-16T16:14:37.779337,GET,/api/mixed/http/,108.48,55353,0,
2026-05-16T16:14:37.787719,GET,/api/mixed/pipeline/1/,3.06,82,0,
2026-05-16T16:14:37.801967,GET,/api/mixed/http/,108.88,55353,0,
2026-05-16T16:14:37.804383,GET,/api/mixed/pipeline/1/,3.4,82,0,
2026-05-16T16:14:37.812298,GET,/api/mixed/pipeline/1/,2.84,82,0,
2026-05-16T16:14:37.812751,GET,/api/mixed/db/1/,5.05,247,0,
2026-05-16T16:14:37.835959,GET,/api/mixed/pipeline/1/,2.57,82,0,
2026-05-16T16:14:37.861834,GET,/api/mixed/pipeline/1/,4.03,82,0,
2026-05-16T16:14:37.865390,GET,/api/mixed/db/1/,4.94,247,0,
2026-05-16T16:14:37.873572,GET,/api/mixed/db/1/,5.88,247,0,
2026-05-16T16:14:37.883665,GET,/api/mixed/pipeline/1/,2.91,82,0,
2026-05-16T16:14:37.916482,GET,/api/mixed/http/,108.29,55353,0,
2026-05-16T16:14:37.919459,GET,/api/mixed/db/1/,4.55,247,0,
2026-05-16T16:14:37.925963,GET,/api/mixed/db/1/,4.16,247,0,
2026-05-16T16:14:37.928515,GET,/api/mixed/pipeline/1/,3.59,82,0,
2026-05-16T16:14:37.928932,GET,/api/mixed/pipeline/1/,2.86,82,0,
2026-05-16T16:14:37.934314,GET,/api/mixed/pipeline/1/,4.02,82,0,
2026-05-16T16:14:37.937641,GET,/api/mixed/db/1/,5.05,247,0,
2026-05-16T16:14:37.940676,GET,/api/mixed/http/,108.64,55353,0,
2026-05-16T16:14:37.944335,GET,/api/mixed/db/1/,3.51,247,0,
2026-05-16T16:14:37.956059,GET,/api/mixed/http/,107.87,55353,0,
2026-05-16T16:14:37.957915,GET,/api/mixed/pipeline/1/,3.39,82,0,
2026-05-16T16:14:37.978486,GET,/api/mixed/http/,109.54,55353,0,
2026-05-16T16:14:37.978985,GET,/api/mixed/http/,107.74,55353,0,
2026-05-16T16:14:37.979368,GET,/api/mixed/db/1/,4.78,247,0,
2026-05-16T16:14:37.984604,GET,/api/mixed/pipeline/1/,2.91,82,0,
2026-05-16T16:14:37.999674,GET,/api/mixed/db/1/,3.78,247,0,
2026-05-16T16:14:38.048886,GET,/api/mixed/http/,109.18,55353,0,
2026-05-16T16:14:38.051190,GET,/api/mixed/pipeline/1/,3.56,82,0,
2026-05-16T16:14:38.070406,GET,/api/mixed/pipeline/1/,2.89,82,0,
2026-05-16T16:14:38.078763,GET,/api/mixed/http/,107.66,55353,0,
2026-05-16T16:14:38.085574,GET,/api/mixed/pipeline/1/,3.03,82,0,
2026-05-16T16:14:38.098116,GET,/api/mixed/pipeline/1/,3.38,82,0,
2026-05-16T16:14:38.111962,GET,/api/mixed/http/,108.08,55353,0,
2026-05-16T16:14:38.120312,GET,/api/mixed/pipeline/1/,2.96,82,0,
2026-05-16T16:14:38.135590,GET,/api/mixed/db/1/,4.01,247,0,
2026-05-16T16:14:38.143801,GET,/api/mixed/db/1/,4.43,247,0,
2026-05-16T16:14:38.147892,GET,/api/mixed/pipeline/1/,2.75,82,0,
2026-05-16T16:14:38.171746,GET,/api/mixed/pipeline/1/,4.03,82,0,
2026-05-16T16:14:38.174987,GET,/api/mixed/db/1/,4.4,247,0,
2026-05-16T16:14:38.179462,GET,/api/mixed/http/,107.74,55353,0,
2026-05-16T16:14:38.183042,GET,/api/mixed/http/,107.82,55353,0,
2026-05-16T16:14:38.191087,GET,/api/mixed/http/,108.97,55353,0,
2026-05-16T16:14:38.204723,GET,/api/mixed/http/,107.54,55353,0,
2026-05-16T16:14:38.217853,GET,/api/mixed/pipeline/1/,3.57,82,0,
2026-05-16T16:14:38.219010,GET,/api/mixed/db/1/,4.23,247,0,
2026-05-16T16:14:38.247428,GET,/api/mixed/http/,108.5,55353,0,
2026-05-16T16:14:38.251806,GET,/api/mixed/http/,107.87,55353,0,
2026-05-16T16:14:38.259731,GET,/api/mixed/http/,108.47,55353,0,
2026-05-16T16:14:38.266000,GET,/api/mixed/db/1/,3.87,247,0,
2026-05-16T16:14:38.289167,GET,/api/mixed/http/,108.51,55353,0,
2026-05-16T16:14:38.300016,GET,/api/mixed/pipeline/1/,4.27,82,0,
2026-05-16T16:14:38.301650,GET,/api/mixed/db/1/,4.76,247,0,
2026-05-16T16:14:38.320391,GET,/api/mixed/db/1/,5.94,247,0,
2026-05-16T16:14:38.323168,GET,/api/mixed/pipeline/1/,5.42,82,0,
2026-05-16T16:14:38.323606,GET,/api/mixed/pipeline/1/,4.19,82,0,
2026-05-16T16:14:38.324012,GET,/api/mixed/db/1/,5.79,247,0,
2026-05-16T16:14:38.329183,GET,/api/mixed/db/1/,3.79,247,0,
2026-05-16T16:14:38.337268,GET,/api/mixed/db/1/,3.82,247,0,
2026-05-16T16:14:38.338429,GET,/api/mixed/http/,108.08,55353,0,
2026-05-16T16:14:38.340294,GET,/api/mixed/pipeline/1/,3.83,82,0,
2026-05-16T16:14:38.340752,GET,/api/mixed/db/1/,4.76,247,0,
2026-05-16T16:14:38.346890,GET,/api/mixed/http/,108.0,55353,0,
2026-05-16T16:14:38.356017,GET,/api/mixed/db/1/,3.79,247,0,
2026-05-16T16:14:38.360954,GET,/api/mixed/http/,109.03,55353,0,
2026-05-16T16:14:38.361882,GET,/api/mixed/pipeline/1/,3.63,82,0,
2026-05-16T16:14:38.364020,GET,/api/mixed/db/1/,4.79,247,0,
2026-05-16T16:14:38.365641,GET,/api/mixed/db/1/,3.65,247,0,
2026-05-16T16:14:38.372473,GET,/api/mixed/db/1/,3.63,247,0,
2026-05-16T16:14:38.388337,GET,/api/mixed/http/,108.0,55353,0,
2026-05-16T16:14:38.400475,GET,/api/mixed/http/,107.99,55353,0,
2026-05-16T16:14:38.401526,GET,/api/mixed/pipeline/1/,2.95,82,0,
2026-05-16T16:14:38.416330,GET,/api/mixed/http/,108.34,55353,0,
2026-05-16T16:14:38.419274,GET,/api/mixed/pipeline/1/,2.81,82,0,
2026-05-16T16:14:38.430568,GET,/api/mixed/db/1/,4.05,247,0,
2026-05-16T16:14:38.433378,GET,/api/mixed/db/1/,4.23,247,0,
2026-05-16T16:14:38.439294,GET,/api/mixed/pipeline/1/,3.74,82,0,
2026-05-16T16:14:38.439857,GET,/api/mixed/db/1/,3.82,247,0,
2026-05-16T16:14:38.455471,GET,/api/mixed/db/1/,4.43,247,0,
2026-05-16T16:14:38.457473,GET,/api/mixed/pipeline/1/,2.94,82,0,
2026-05-16T16:14:38.467515,GET,/api/mixed/pipeline/1/,2.78,82,0,
2026-05-16T16:14:38.490261,GET,/api/mixed/db/1/,4.38,247,0,
2026-05-16T16:14:38.520002,GET,/api/mixed/http/,108.07,55353,0,
2026-05-16T16:14:38.528233,GET,/api/mixed/pipeline/1/,2.86,82,0,
2026-05-16T16:14:38.557131,GET,/api/mixed/db/1/,4.16,247,0,
2026-05-16T16:14:38.564437,GET,/api/mixed/pipeline/1/,3.0,82,0,
2026-05-16T16:14:38.594877,GET,/api/mixed/http/,108.5,55353,0,
2026-05-16T16:14:38.596092,GET,/api/mixed/pipeline/1/,3.25,82,0,
2026-05-16T16:14:38.599546,GET,/api/mixed/http/,108.06,55353,0,
2026-05-16T16:14:38.628914,GET,/api/mixed/pipeline/1/,4.26,82,0,
2026-05-16T16:14:38.629637,GET,/api/mixed/db/1/,4.44,247,0,
2026-05-16T16:14:38.651848,GET,/api/mixed/pipeline/1/,2.96,82,0,
2026-05-16T16:14:38.659804,GET,/api/mixed/http/,108.23,55353,0,
2026-05-16T16:14:38.664724,GET,/api/mixed/http/,108.46,55353,0,
2026-05-16T16:14:38.673648,GET,/api/mixed/pipeline/1/,2.95,82,0,
2026-05-16T16:14:38.674061,GET,/api/mixed/pipeline/1/,3.91,82,0,
2026-05-16T16:14:38.682832,GET,/api/mixed/http/,108.13,55353,0,
2026-05-16T16:14:38.693049,GET,/api/mixed/http/,107.66,55353,0,
2026-05-16T16:14:38.703252,GET,/api/mixed/http/,107.95,55353,0,
2026-05-16T16:14:38.714246,GET,/api/mixed/http/,108.35,55353,0,
2026-05-16T16:14:38.734179,GET,/api/mixed/http/,107.63,55353,0,
2026-05-16T16:14:38.741002,GET,/api/mixed/pipeline/1/,3.46,82,0,
2026-05-16T16:14:38.748660,GET,/api/mixed/db/1/,4.44,247,0,
2026-05-16T16:14:38.755894,GET,/api/mixed/db/1/,4.9,247,0,
2026-05-16T16:14:38.760935,GET,/api/mixed/db/1/,3.61,247,0,
2026-05-16T16:14:38.767906,GET,/api/mixed/pipeline/1/,2.6,82,0,
2026-05-16T16:14:38.807039,GET,/api/mixed/pipeline/1/,3.39,82,0,
2026-05-16T16:14:38.812095,GET,/api/mixed/pipeline/1/,2.7,82,0,
2026-05-16T16:14:38.818146,GET,/api/mixed/http/,107.66,55353,0,
2026-05-16T16:14:38.823953,GET,/api/mixed/http/,107.32,55353,0,
2026-05-16T16:14:38.838920,GET,/api/mixed/db/1/,4.76,247,0,
2026-05-16T16:14:38.848698,GET,/api/mixed/http/,108.66,55353,0,
2026-05-16T16:14:38.863792,GET,/api/mixed/pipeline/1/,2.83,82,0,
2026-05-16T16:14:38.887781,GET,/api/mixed/http/,107.7,55353,0,
2026-05-16T16:14:38.892075,GET,/api/mixed/db/1/,4.17,247,0,
2026-05-16T16:14:38.894500,GET,/api/mixed/pipeline/1/,3.26,82,0,
2026-05-16T16:14:38.903430,GET,/api/mixed/pipeline/1/,2.68,82,0,
2026-05-16T16:14:38.912029,GET,/api/mixed/http/,107.34,55353,0,
2026-05-16T16:14:38.917837,GET,/api/mixed/http/,107.23,55353,0,
2026-05-16T16:14:38.930086,GET,/api/mixed/db/1/,3.91,247,0,
2026-05-16T16:14:38.939807,GET,/api/mixed/pipeline/1/,3.37,82,0,
2026-05-16T16:14:38.942299,GET,/api/mixed/http/,107.65,55353,0,
2026-05-16T16:14:38.957546,GET,/api/mixed/db/1/,5.47,247,0,
2026-05-16T16:14:38.957961,GET,/api/mixed/db/1/,5.38,247,0,
2026-05-16T16:14:38.966031,GET,/api/mixed/pipeline/1/,2.73,82,0,
2026-05-16T16:14:38.982545,GET,/api/mixed/db/1/,4.14,247,0,
2026-05-16T16:14:38.987382,GET,/api/mixed/pipeline/1/,2.66,82,0,
2026-05-16T16:14:39.011533,GET,/api/mixed/pipeline/1/,2.85,82,0,
2026-05-16T16:14:39.017704,GET,/api/mixed/pipeline/1/,2.66,82,0,
2026-05-16T16:14:39.044845,GET,/api/mixed/http/,107.85,55353,0,
2026-05-16T16:14:39.046335,GET,/api/mixed/db/1/,3.8,247,0,
2026-05-16T16:14:39.052124,GET,/api/mixed/http/,107.46,55353,0,
2026-05-16T16:14:39.061682,GET,/api/mixed/http/,108.65,55353,0,
2026-05-16T16:14:39.062146,GET,/api/mixed/http/,108.7,55353,0,
2026-05-16T16:14:39.084642,GET,/api/mixed/db/1/,3.75,247,0,
2026-05-16T16:14:39.109209,GET,/api/mixed/db/1/,4.4,247,0,
2026-05-16T16:14:39.109635,GET,/api/mixed/db/1/,5.78,247,0,
2026-05-16T16:14:39.109994,GET,/api/mixed/db/1/,5.63,247,0,
2026-05-16T16:14:39.119902,GET,/api/mixed/db/1/,3.76,247,0,
2026-05-16T16:14:39.145394,GET,/api/mixed/http/,108.33,55353,0,
2026-05-16T16:14:39.148941,GET,/api/mixed/db/1/,4.7,247,0,
2026-05-16T16:14:39.163800,GET,/api/mixed/http/,108.36,55353,0,
2026-05-16T16:14:39.170064,GET,/api/mixed/pipeline/1/,2.98,82,0,
2026-05-16T16:14:39.174972,GET,/api/mixed/pipeline/1/,2.59,82,0,
2026-05-16T16:14:39.182050,GET,/api/mixed/http/,107.63,55353,0,
2026-05-16T16:14:39.223294,GET,/api/mixed/pipeline/1/,3.78,82,0,
2026-05-16T16:14:39.223711,GET,/api/mixed/pipeline/1/,3.65,82,0,
2026-05-16T16:14:39.227768,GET,/api/mixed/http/,107.76,55353,0,
2026-05-16T16:14:39.238025,GET,/api/mixed/http/,108.52,55353,0,
2026-05-16T16:14:39.239306,GET,/api/mixed/db/1/,4.33,247,0,
2026-05-16T16:14:39.239695,GET,/api/mixed/db/1/,3.74,247,0,
2026-05-16T16:14:39.251541,GET,/api/mixed/pipeline/1/,3.63,82,0,
2026-05-16T16:14:39.252239,GET,/api/mixed/db/1/,3.83,247,0,
2026-05-16T16:14:39.253017,GET,/api/mixed/http/,107.5,55353,0,
2026-05-16T16:14:39.278035,GET,/api/mixed/db/1/,4.79,247,0,
2026-05-16T16:14:39.285616,GET,/api/mixed/http/,109.27,55353,0,
2026-05-16T16:14:39.296235,GET,/api/mixed/pipeline/1/,3.41,82,0,
2026-05-16T16:14:39.296733,GET,/api/mixed/http/,108.35,55353,0,
2026-05-16T16:14:39.297120,GET,/api/mixed/pipeline/1/,3.82,82,0,
2026-05-16T16:14:39.300373,GET,/api/mixed/http/,107.46,55353,0,
2026-05-16T16:14:39.311885,GET,/api/mixed/pipeline/1/,3.3,82,0,
2026-05-16T16:14:39.312298,GET,/api/mixed/db/1/,4.72,247,0,
2026-05-16T16:14:39.312753,GET,/api/mixed/http/,108.38,55353,0,
2026-05-16T16:14:39.325858,GET,/api/mixed/pipeline/1/,3.29,82,0,
2026-05-16T16:14:39.326494,GET,/api/mixed/db/1/,4.4,247,0,
2026-05-16T16:14:39.348171,GET,/api/mixed/db/1/,3.86,247,0,
2026-05-16T16:14:39.363558,GET,/api/mixed/http/,108.23,55353,0,
2026-05-16T16:14:39.369314,GET,/api/mixed/pipeline/1/,3.39,82,0,
2026-05-16T16:14:39.370672,GET,/api/mixed/db/1/,3.73,247,0,
2026-05-16T16:14:39.372282,GET,/api/mixed/http/,107.51,55353,0,
2026-05-16T16:14:39.378487,GET,/api/mixed/db/1/,3.84,247,0,
2026-05-16T16:14:39.417385,GET,/api/mixed/pipeline/1/,2.76,82,0,
2026-05-16T16:14:39.423393,GET,/api/mixed/db/1/,3.65,247,0,
2026-05-16T16:14:39.429244,GET,/api/mixed/pipeline/1/,3.1,82,0,
2026-05-16T16:14:39.429833,GET,/api/mixed/db/1/,4.19,247,0,
2026-05-16T16:14:39.449534,GET,/api/mixed/http/,108.77,55353,0,
2026-05-16T16:14:39.477251,GET,/api/mixed/pipeline/1/,2.77,82,0,
2026-05-16T16:14:39.493510,GET,/api/mixed/db/1/,3.89,247,0,
2026-05-16T16:14:39.496921,GET,/api/mixed/http/,108.16,55353,0,
2026-05-16T16:14:39.510079,GET,/api/mixed/http/,107.71,55353,0,
2026-05-16T16:14:39.518049,GET,/api/mixed/http/,108.09,55353,0,
2026-05-16T16:14:39.520419,GET,/api/mixed/pipeline/1/,3.29,82,0,
2026-05-16T16:14:39.537629,GET,/api/mixed/db/1/,3.82,247,0,
2026-05-16T16:14:39.544034,GET,/api/mixed/pipeline/1/,2.74,82,0,
2026-05-16T16:14:39.544444,GET,/api/mixed/pipeline/1/,3.6,82,0,
2026-05-16T16:14:39.555084,GET,/api/mixed/http/,108.09,55353,0,
2026-05-16T16:14:39.556494,GET,/api/mixed/db/1/,3.87,247,0,
2026-05-16T16:14:39.578854,GET,/api/mixed/http/,107.98,55353,0,
2026-05-16T16:14:39.580734,GET,/api/mixed/pipeline/1/,4.41,82,0,
2026-05-16T16:14:39.600367,GET,/api/mixed/db/1/,3.86,247,0,
2026-05-16T16:14:39.632175,GET,/api/mixed/http/,107.43,55353,0,
2026-05-16T16:14:39.636761,GET,/api/mixed/http/,107.49,55353,0,
2026-05-16T16:14:39.641362,GET,/api/mixed/db/1/,4.05,247,0,
2026-05-16T16:14:39.657744,GET,/api/mixed/db/1/,4.09,247,0,
2026-05-16T16:14:39.658227,GET,/api/mixed/pipeline/1/,2.98,82,0,
2026-05-16T16:14:39.658614,GET,/api/mixed/db/1/,5.4,247,0,
2026-05-16T16:14:39.667511,GET,/api/mixed/http/,107.65,55353,0,
2026-05-16T16:14:39.689387,GET,/api/mixed/pipeline/1/,2.83,82,0,
2026-05-16T16:14:39.695713,GET,/api/mixed/http/,107.69,55353,0,
2026-05-16T16:14:39.723468,GET,/api/mixed/http/,107.76,55353,0,
2026-05-16T16:14:39.745017,GET,/api/mixed/http/,108.14,55353,0,
2026-05-16T16:14:39.753773,GET,/api/mixed/pipeline/1/,2.89,82,0,
2026-05-16T16:14:39.758773,GET,/api/mixed/http/,109.14,55353,0,
2026-05-16T16:14:39.778556,GET,/api/mixed/db/1/,5.02,247,0,
2026-05-16T16:14:39.778970,GET,/api/mixed/pipeline/1/,2.97,82,0,
2026-05-16T16:14:39.787533,GET,/api/mixed/http/,107.71,55353,0,
2026-05-16T16:14:39.790955,GET,/api/mixed/db/1/,4.34,247,0,
2026-05-16T16:14:39.794927,GET,/api/mixed/pipeline/1/,2.79,82,0,
2026-05-16T16:14:39.829174,GET,/api/mixed/pipeline/1/,2.82,82,0,
2026-05-16T16:14:39.852055,GET,/api/mixed/http/,108.38,55353,0,
2026-05-16T16:14:39.865327,GET,/api/mixed/http/,108.35,55353,0,
2026-05-16T16:14:39.882168,GET,/api/mixed/http/,109.15,55353,0,
2026-05-16T16:14:39.882648,GET,/api/mixed/http/,108.7,55353,0,
2026-05-16T16:14:39.895137,GET,/api/mixed/http/,108.97,55353,0,
2026-05-16T16:14:39.904321,GET,/api/mixed/http/,108.07,55353,0,
2026-05-16T16:14:39.906625,GET,/api/mixed/pipeline/1/,3.26,82,0,
2026-05-16T16:14:39.919159,GET,/api/mixed/db/1/,3.66,247,0,
2026-05-16T16:14:39.921522,GET,/api/mixed/http/,107.67,55353,0,
2026-05-16T16:14:39.929999,GET,/api/mixed/http/,108.17,55353,0,
2026-05-16T16:14:39.934149,GET,/api/mixed/db/1/,3.72,247,0,
2026-05-16T16:14:39.942531,GET,/api/mixed/http/,107.98,55353,0,
2026-05-16T16:14:39.949635,GET,/api/mixed/http/,107.69,55353,0,
2026-05-16T16:14:39.963815,GET,/api/mixed/db/1/,3.86,247,0,
2026-05-16T16:14:39.970975,GET,/api/mixed/pipeline/1/,2.89,82,0,
2026-05-16T16:14:39.976054,GET,/api/mixed/http/,107.52,55353,0,
2026-05-16T16:14:39.988214,GET,/api/mixed/pipeline/1/,2.83,82,0,
2026-05-16T16:14:40.008174,GET,/api/mixed/db/1/,3.84,247,0,
2026-05-16T16:14:40.018598,GET,/api/mixed/http/,107.68,55353,0,
2026-05-16T16:14:40.029413,GET,/api/mixed/db/1/,5.16,247,0,
2026-05-16T16:14:40.038197,GET,/api/mixed/http/,109.27,55353,0,
2026-05-16T16:14:40.090881,GET,/api/mixed/db/1/,4.87,247,0,
2026-05-16T16:14:40.102027,GET,/api/mixed/http/,107.63,55353,0,
2026-05-16T16:14:40.109306,GET,/api/mixed/http/,108.51,55353,0,
2026-05-16T16:14:40.126413,GET,/api/mixed/http/,108.97,55353,0,
2026-05-16T16:14:40.128209,GET,/api/mixed/db/1/,4.19,247,0,
2026-05-16T16:14:40.132270,GET,/api/mixed/pipeline/1/,2.7,82,0,
2026-05-16T16:14:40.136647,GET,/api/mixed/http/,109.07,55353,0,
2026-05-16T16:14:40.155478,GET,/api/mixed/pipeline/1/,2.96,82,0,
2026-05-16T16:14:40.162911,GET,/api/mixed/pipeline/1/,2.79,82,0,
2026-05-16T16:14:40.163363,GET,/api/mixed/pipeline/1/,3.7,82,0,
2026-05-16T16:14:40.172291,GET,/api/mixed/db/1/,4.17,247,0,
2026-05-16T16:14:40.175436,GET,/api/mixed/http/,107.92,55353,0,
2026-05-16T16:14:40.187847,GET,/api/mixed/http/,108.65,55353,0,
2026-05-16T16:14:40.193731,GET,/api/mixed/db/1/,3.66,247,0,
2026-05-16T16:14:40.194380,GET,/api/mixed/http/,107.84,55353,0,
2026-05-16T16:14:40.213676,GET,/api/mixed/http/,107.89,55353,0,
2026-05-16T16:14:40.214159,GET,/api/mixed/http/,108.86,55353,0,
2026-05-16T16:14:40.218316,GET,/api/mixed/http/,107.68,55353,0,
2026-05-16T16:14:40.221932,GET,/api/mixed/db/1/,4.52,247,0,
2026-05-16T16:14:40.247386,GET,/api/mixed/db/1/,4.21,247,0,
2026-05-16T16:14:40.251456,GET,/api/mixed/http/,108.5,55353,0,
2026-05-16T16:14:40.252902,GET,/api/mixed/db/1/,4.3,247,0,
2026-05-16T16:14:40.253338,GET,/api/mixed/db/1/,3.56,247,0,
2026-05-16T16:14:40.275952,GET,/api/mixed/http/,108.28,55353,0,
2026-05-16T16:14:40.277210,GET,/api/mixed/db/1/,3.84,247,0,
2026-05-16T16:14:40.290435,GET,/api/mixed/http/,107.76,55353,0,
2026-05-16T16:14:40.292873,GET,/api/mixed/http/,107.73,55353,0,
2026-05-16T16:14:40.294212,GET,/api/mixed/db/1/,3.66,247,0,
2026-05-16T16:14:40.301230,GET,/api/mixed/pipeline/1/,2.9,82,0,
2026-05-16T16:14:40.312963,GET,/api/mixed/pipeline/1/,3.51,82,0,
2026-05-16T16:14:40.315181,GET,/api/mixed/pipeline/1/,3.11,82,0,
2026-05-16T16:14:40.316253,GET,/api/mixed/http/,107.64,55353,0,
2026-05-16T16:14:40.320148,GET,/api/mixed/pipeline/1/,2.58,82,0,
2026-05-16T16:14:40.326167,GET,/api/mixed/http/,107.59,55353,0,
2026-05-16T16:14:40.342488,GET,/api/mixed/db/1/,3.98,247,0,
2026-05-16T16:14:40.352704,GET,/api/mixed/db/1/,3.98,247,0,
2026-05-16T16:14:40.354611,GET,/api/mixed/pipeline/1/,3.47,82,0,
2026-05-16T16:14:40.374519,GET,/api/mixed/http/,107.65,55353,0,
2026-05-16T16:14:40.389601,GET,/api/mixed/http/,108.16,55353,0,
2026-05-16T16:14:40.390665,GET,/api/mixed/pipeline/1/,3.88,82,0,
2026-05-16T16:14:40.393159,GET,/api/mixed/http/,108.25,55353,0,
2026-05-16T16:14:40.395626,GET,/api/mixed/http/,107.35,55353,0,
2026-05-16T16:14:40.432173,GET,/api/mixed/db/1/,4.1,247,0,
2026-05-16T16:14:40.453413,GET,/api/mixed/pipeline/1/,2.92,82,0,
2026-05-16T16:14:40.470319,GET,/api/mixed/http/,109.52,55353,0,
2026-05-16T16:14:40.480688,GET,/api/mixed/http/,108.22,55353,0,
2026-05-16T16:14:40.486410,GET,/api/mixed/http/,115.05,55353,0,
2026-05-16T16:14:40.494217,GET,/api/mixed/pipeline/1/,3.05,82,0,
2026-05-16T16:14:40.494635,GET,/api/mixed/pipeline/1/,3.97,82,0,
2026-05-16T16:14:40.512846,GET,/api/mixed/db/1/,4.0,247,0,
2026-05-16T16:14:40.516902,GET,/api/mixed/pipeline/1/,2.82,82,0,
2026-05-16T16:14:40.522016,GET,/api/mixed/db/1/,3.91,247,0,
2026-05-16T16:14:40.532012,GET,/api/mixed/db/1/,4.67,247,0,
2026-05-16T16:14:40.569417,GET,/api/mixed/pipeline/1/,3.38,82,0,
2026-05-16T16:14:40.575155,GET,/api/mixed/http/,110.45,55353,0,
2026-05-16T16:14:40.578382,GET,/api/mixed/http/,109.21,55353,0,
2026-05-16T16:14:40.587638,GET,/api/mixed/http/,108.44,55353,0,
2026-05-16T16:14:40.591736,GET,/api/mixed/pipeline/1/,2.85,82,0,
2026-05-16T16:14:40.607120,GET,/api/mixed/db/1/,4.12,247,0,
2026-05-16T16:14:40.623617,GET,/api/mixed/pipeline/1/,3.13,82,0,
2026-05-16T16:14:40.635548,GET,/api/mixed/http/,109.33,55353,0,
2026-05-16T16:14:40.642105,GET,/api/mixed/db/1/,4.17,247,0,
2026-05-16T16:14:40.647785,GET,/api/mixed/db/1/,4.42,247,0,
2026-05-16T16:14:40.648260,GET,/api/mixed/http/,107.92,55353,0,
2026-05-16T16:14:40.652354,GET,/api/mixed/pipeline/1/,2.78,82,0,
2026-05-16T16:14:40.663606,GET,/api/mixed/pipeline/1/,2.93,82,0,
2026-05-16T16:14:40.674266,GET,/api/mixed/db/1/,4.31,247,0,
2026-05-16T16:14:40.678163,GET,/api/mixed/pipeline/1/,3.76,82,0,
2026-05-16T16:14:40.678583,GET,/api/mixed/pipeline/1/,3.62,82,0,
2026-05-16T16:14:40.701923,GET,/api/mixed/pipeline/1/,3.02,82,0,
2026-05-16T16:14:40.707933,GET,/api/mixed/db/1/,3.78,247,0,
2026-05-16T16:14:40.726162,GET,/api/mixed/pipeline/1/,2.91,82,0,
2026-05-16T16:14:40.741341,GET,/api/mixed/pipeline/1/,2.98,82,0,
2026-05-16T16:14:40.752204,GET,/api/mixed/http/,107.83,55353,0,
2026-05-16T16:14:40.761028,GET,/api/mixed/pipeline/1/,4.56,82,0,
2026-05-16T16:14:40.762605,GET,/api/mixed/db/1/,5.46,247,0,
2026-05-16T16:14:40.773013,GET,/api/mixed/pipeline/1/,2.96,82,0,
2026-05-16T16:14:40.805739,GET,/api/mixed/pipeline/1/,2.84,82,0,
2026-05-16T16:14:40.819952,GET,/api/mixed/db/1/,4.0,247,0,
2026-05-16T16:14:40.820366,GET,/api/mixed/db/1/,4.86,247,0,
2026-05-16T16:14:40.831592,GET,/api/mixed/db/1/,3.89,247,0,
2026-05-16T16:14:40.847064,GET,/api/mixed/pipeline/1/,4.12,82,0,
2026-05-16T16:14:40.847566,GET,/api/mixed/db/1/,5.62,247,0,
2026-05-16T16:14:40.852925,GET,/api/mixed/pipeline/1/,2.97,82,0,
2026-05-16T16:14:40.860367,GET,/api/mixed/pipeline/1/,3.17,82,0,
2026-05-16T16:14:40.872309,GET,/api/mixed/pipeline/1/,3.7,82,0,
2026-05-16T16:14:40.878049,GET,/api/mixed/pipeline/1/,3.83,82,0,
2026-05-16T16:14:40.886235,GET,/api/mixed/http/,107.88,55353,0,
2026-05-16T16:14:40.898779,GET,/api/mixed/db/1/,3.75,247,0,
2026-05-16T16:14:40.907370,GET,/api/mixed/http/,108.25,55353,0,
2026-05-16T16:14:40.914240,GET,/api/mixed/db/1/,4.57,247,0,
2026-05-16T16:14:40.918213,GET,/api/mixed/http/,108.25,55353,0,
2026-05-16T16:14:40.924200,GET,/api/mixed/db/1/,3.78,247,0,
2026-05-16T16:14:40.950795,GET,/api/mixed/db/1/,4.07,247,0,
2026-05-16T16:14:40.952572,GET,/api/mixed/http/,108.02,55353,0,
2026-05-16T16:14:40.956230,GET,/api/mixed/pipeline/1/,3.53,82,0,
2026-05-16T16:14:40.956705,GET,/api/mixed/pipeline/1/,3.03,82,0,
2026-05-16T16:14:40.959243,GET,/api/mixed/http/,107.9,55353,0,
2026-05-16T16:14:40.963005,GET,/api/mixed/db/1/,5.1,247,0,
2026-05-16T16:14:40.965156,GET,/api/mixed/db/1/,4.09,247,0,
2026-05-16T16:14:40.977488,GET,/api/mixed/http/,108.3,55353,0,
2026-05-16T16:14:40.981740,GET,/api/mixed/http/,107.98,55353,0,
2026-05-16T16:14:40.994707,GET,/api/mixed/pipeline/1/,3.38,82,0,
2026-05-16T16:14:40.995109,GET,/api/mixed/pipeline/1/,3.3,82,0,
2026-05-16T16:14:40.999358,GET,/api/mixed/http/,107.92,55353,0,
2026-05-16T16:14:40.999957,GET,/api/mixed/db/1/,3.66,247,0,
2026-05-16T16:14:41.008103,GET,/api/mixed/http/,108.08,55353,0,
2026-05-16T16:14:41.018281,GET,/api/mixed/pipeline/1/,2.94,82,0,
2026-05-16T16:14:41.020952,GET,/api/mixed/http/,107.7,55353,0,
2026-05-16T16:14:41.034108,GET,/api/mixed/http/,107.53,55353,0,
2026-05-16T16:14:41.043700,GET,/api/mixed/http/,107.57,55353,0,
2026-05-16T16:14:41.065473,GET,/api/mixed/db/1/,3.78,247,0,
2026-05-16T16:14:41.073774,GET,/api/mixed/db/1/,4.01,247,0,
2026-05-16T16:14:41.080023,GET,/api/mixed/http/,107.67,55353,0,
2026-05-16T16:14:41.090454,GET,/api/mixed/http/,107.49,55353,0,
2026-05-16T16:14:41.135844,GET,/api/mixed/pipeline/1/,3.0,82,0,
2026-05-16T16:14:41.162707,GET,/api/mixed/db/1/,4.58,247,0,
2026-05-16T16:14:41.165204,GET,/api/mixed/pipeline/1/,3.86,82,0,
2026-05-16T16:14:41.167355,GET,/api/mixed/http/,109.3,55353,0,
2026-05-16T16:14:41.168501,GET,/api/mixed/db/1/,4.15,247,0,
2026-05-16T16:14:41.183941,GET,/api/mixed/db/1/,4.12,247,0,
2026-05-16T16:14:41.186688,GET,/api/mixed/db/1/,4.34,247,0,
2026-05-16T16:14:41.194962,GET,/api/mixed/http/,107.74,55353,0,
2026-05-16T16:14:41.212778,GET,/api/mixed/http/,108.01,55353,0,
2026-05-16T16:14:41.217062,GET,/api/mixed/http/,107.61,55353,0,
2026-05-16T16:14:41.247100,GET,/api/mixed/pipeline/1/,3.87,82,0,
2026-05-16T16:14:41.253667,GET,/api/mixed/http/,107.62,55353,0,
2026-05-16T16:14:41.263910,GET,/api/mixed/http/,108.34,55353,0,
2026-05-16T16:14:41.264930,GET,/api/mixed/pipeline/1/,3.01,82,0,
2026-05-16T16:14:41.274014,GET,/api/mixed/pipeline/1/,3.41,82,0,
2026-05-16T16:14:41.274427,GET,/api/mixed/pipeline/1/,4.29,82,0,
2026-05-16T16:14:41.317743,GET,/api/mixed/db/1/,4.09,247,0,
2026-05-16T16:14:41.320507,GET,/api/mixed/http/,107.6,55353,0,
2026-05-16T16:14:41.329961,GET,/api/mixed/db/1/,4.1,247,0,
2026-05-16T16:14:41.332921,GET,/api/mixed/db/1/,4.65,247,0,
2026-05-16T16:14:41.334653,GET,/api/mixed/pipeline/1/,3.13,82,0,
2026-05-16T16:14:41.339166,GET,/api/mixed/http/,107.58,55353,0,
2026-05-16T16:14:41.354918,GET,/api/mixed/db/1/,3.78,247,0,
2026-05-16T16:14:41.369856,GET,/api/mixed/http/,108.95,55353,0,
2026-05-16T16:14:41.371796,GET,/api/mixed/pipeline/1/,3.61,82,0,
2026-05-16T16:14:41.372194,GET,/api/mixed/pipeline/1/,3.39,82,0,
2026-05-16T16:14:41.379168,GET,/api/mixed/http/,108.17,55353,0,
2026-05-16T16:14:41.425064,GET,/api/mixed/pipeline/1/,6.05,82,0,
2026-05-16T16:14:41.428274,GET,/api/mixed/db/1/,7.24,247,0,
2026-05-16T16:14:41.429929,GET,/api/mixed/db/1/,6.75,247,0,
2026-05-16T16:14:41.452616,GET,/api/mixed/http/,108.15,55353,0,
2026-05-16T16:14:41.463769,GET,/api/mixed/db/1/,3.88,247,0,
2026-05-16T16:14:41.486026,GET,/api/mixed/db/1/,3.89,247,0,
2026-05-16T16:14:41.507287,GET,/api/mixed/pipeline/1/,2.92,82,0,
2026-05-16T16:14:41.512237,GET,/api/mixed/http/,107.82,55353,0,
2026-05-16T16:14:41.525564,GET,/api/mixed/db/1/,3.97,247,0,
2026-05-16T16:14:41.537797,GET,/api/mixed/pipeline/1/,2.87,82,0,
2026-05-16T16:14:41.571940,GET,/api/mixed/pipeline/1/,3.26,82,0,
2026-05-16T16:14:41.588018,GET,/api/mixed/db/1/,3.94,247,0,
2026-05-16T16:14:41.610274,GET,/api/mixed/pipeline/1/,2.92,82,0,
2026-05-16T16:14:41.620062,GET,/api/mixed/db/1/,4.54,247,0,
2026-05-16T16:14:41.620473,GET,/api/mixed/db/1/,4.5,247,0,
2026-05-16T16:14:41.631397,GET,/api/mixed/db/1/,3.88,247,0,
2026-05-16T16:14:41.635130,GET,/api/mixed/db/1/,4.8,247,0,
2026-05-16T16:14:41.635662,GET,/api/mixed/pipeline/1/,2.73,82,0,
2026-05-16T16:14:41.667692,GET,/api/mixed/pipeline/1/,2.78,82,0,
2026-05-16T16:14:41.670841,GET,/api/mixed/http/,107.67,55353,0,
2026-05-16T16:14:41.679109,GET,/api/mixed/http/,107.98,55353,0,
2026-05-16T16:14:41.695853,GET,/api/mixed/db/1/,5.4,247,0,
2026-05-16T16:14:41.696265,GET,/api/mixed/pipeline/1/,3.2,82,0,
2026-05-16T16:14:41.716451,GET,/api/mixed/db/1/,3.84,247,0,
2026-05-16T16:14:41.723966,GET,/api/mixed/pipeline/1/,3.24,82,0,
2026-05-16T16:14:41.735494,GET,/api/mixed/http/,108.43,55353,0,
2026-05-16T16:14:41.736588,GET,/api/mixed/db/1/,4.63,247,0,
2026-05-16T16:14:41.747531,GET,/api/mixed/db/1/,4.39,247,0,
2026-05-16T16:14:41.762633,GET,/api/mixed/http/,107.74,55353,0,
2026-05-16T16:14:41.768673,GET,/api/mixed/http/,108.16,55353,0,
2026-05-16T16:14:41.774834,GET,/api/mixed/pipeline/1/,2.85,82,0,
2026-05-16T16:14:41.784880,GET,/api/mixed/pipeline/1/,2.68,82,0,
2026-05-16T16:14:41.788862,GET,/api/mixed/pipeline/1/,2.69,82,0,
2026-05-16T16:14:41.831204,GET,/api/mixed/http/,108.08,55353,0,
2026-05-16T16:14:41.844262,GET,/api/mixed/http/,107.57,55353,0,
2026-05-16T16:14:41.856942,GET,/api/mixed/db/1/,3.74,247,0,
2026-05-16T16:14:41.864367,GET,/api/mixed/http/,109.57,55353,0,
2026-05-16T16:14:41.868293,GET,/api/mixed/db/1/,3.79,247,0,
2026-05-16T16:14:41.890510,GET,/api/mixed/pipeline/1/,4.42,82,0,
2026-05-16T16:14:41.890959,GET,/api/mixed/pipeline/1/,3.39,82,0,
2026-05-16T16:14:41.891452,GET,/api/mixed/db/1/,5.85,247,0,
2026-05-16T16:14:41.891865,GET,/api/mixed/db/1/,5.39,247,0,
2026-05-16T16:14:41.896549,GET,/api/mixed/http/,107.55,55353,0,
2026-05-16T16:14:41.896994,GET,/api/mixed/db/1/,3.88,247,0,
2026-05-16T16:14:41.904092,GET,/api/mixed/pipeline/1/,2.76,82,0,
2026-05-16T16:14:41.921657,GET,/api/mixed/pipeline/1/,2.9,82,0,
2026-05-16T16:14:41.922081,GET,/api/mixed/db/1/,4.66,247,0,
2026-05-16T16:14:41.928179,GET,/api/mixed/db/1/,3.79,247,0,
2026-05-16T16:14:41.932342,GET,/api/mixed/http/,107.71,55353,0,
2026-05-16T16:14:41.936260,GET,/api/mixed/db/1/,3.81,247,0,
2026-05-16T16:14:41.945481,GET,/api/mixed/db/1/,3.85,247,0,
2026-05-16T16:14:41.957300,GET,/api/mixed/http/,107.67,55353,0,
2026-05-16T16:14:41.965584,GET,/api/mixed/db/1/,3.92,247,0,
2026-05-16T16:14:41.972709,GET,/api/mixed/pipeline/1/,2.94,82,0,
2026-05-16T16:14:41.999898,GET,/api/mixed/pipeline/1/,3.28,82,0,
2026-05-16T16:14:42.002162,GET,/api/mixed/pipeline/1/,3.1,82,0,
2026-05-16T16:14:42.048022,GET,/api/mixed/db/1/,4.04,247,0,
2026-05-16T16:14:42.054953,GET,/api/mixed/db/1/,3.56,247,0,
2026-05-16T16:14:42.086232,GET,/api/mixed/db/1/,4.4,247,0,
2026-05-16T16:14:42.101373,GET,/api/mixed/pipeline/1/,3.98,82,0,
2026-05-16T16:14:42.101998,GET,/api/mixed/http/,108.07,55353,0,
2026-05-16T16:14:42.105219,GET,/api/mixed/db/1/,5.45,247,0,
2026-05-16T16:14:42.117425,GET,/api/mixed/db/1/,3.81,247,0,
2026-05-16T16:14:42.121065,GET,/api/mixed/http/,107.68,55353,0,
2026-05-16T16:14:42.126474,GET,/api/mixed/http/,107.48,55353,0,
2026-05-16T16:14:42.127358,GET,/api/mixed/pipeline/1/,3.1,82,0,
2026-05-16T16:14:42.130612,GET,/api/mixed/db/1/,4.02,247,0,
2026-05-16T16:14:42.135008,GET,/api/mixed/http/,107.51,55353,0,
2026-05-16T16:14:42.141365,GET,/api/mixed/pipeline/1/,2.98,82,0,
2026-05-16T16:14:42.150514,GET,/api/mixed/db/1/,3.75,247,0,
2026-05-16T16:14:42.161709,GET,/api/mixed/db/1/,3.84,247,0,
2026-05-16T16:14:42.170776,GET,/api/mixed/pipeline/1/,2.88,82,0,
2026-05-16T16:14:42.174409,GET,/api/mixed/pipeline/1/,3.52,82,0,
2026-05-16T16:14:42.175628,GET,/api/mixed/http/,107.51,55353,0,
2026-05-16T16:14:42.182320,GET,/api/mixed/pipeline/1/,3.34,82,0,
2026-05-16T16:14:42.182852,GET,/api/mixed/pipeline/1/,2.67,82,0,
2026-05-16T16:14:42.186697,GET,/api/mixed/pipeline/1/,2.65,82,0,
2026-05-16T16:14:42.189215,GET,/api/mixed/http/,108.6,55353,0,
2026-05-16T16:14:42.192936,GET,/api/mixed/http/,107.69,55353,0,
2026-05-16T16:14:42.195738,GET,/api/mixed/pipeline/1/,2.69,82,0,
2026-05-16T16:14:42.197605,GET,/api/mixed/http/,107.71,55353,0,
2026-05-16T16:14:42.217713,GET,/api/mixed/pipeline/1/,2.76,82,0,
2026-05-16T16:14:42.231020,GET,/api/mixed/db/1/,4.06,247,0,
2026-05-16T16:14:42.245492,GET,/api/mixed/db/1/,4.11,247,0,
2026-05-16T16:14:42.279751,GET,/api/mixed/http/,108.41,55353,0,
2026-05-16T16:14:42.285044,GET,/api/mixed/db/1/,4.0,247,0,
2026-05-16T16:14:42.311619,GET,/api/mixed/pipeline/1/,4.01,82,0,
2026-05-16T16:14:42.312687,GET,/api/mixed/pipeline/1/,2.98,82,0,
2026-05-16T16:14:42.314002,GET,/api/mixed/http/,108.0,55353,0,
2026-05-16T16:14:42.314470,GET,/api/mixed/db/1/,5.4,247,0,
2026-05-16T16:14:42.319031,GET,/api/mixed/http/,107.64,55353,0,
2026-05-16T16:14:42.323089,GET,/api/mixed/db/1/,3.93,247,0,
2026-05-16T16:14:42.339502,GET,/api/mixed/pipeline/1/,4.19,82,0,
2026-05-16T16:14:42.343785,GET,/api/mixed/pipeline/1/,3.07,82,0,
2026-05-16T16:14:42.356295,GET,/api/mixed/db/1/,4.29,247,0,
2026-05-16T16:14:42.370812,GET,/api/mixed/http/,108.08,55353,0,
2026-05-16T16:14:42.379241,GET,/api/mixed/http/,108.89,55353,0,
2026-05-16T16:14:42.381674,GET,/api/mixed/http/,108.67,55353,0,
2026-05-16T16:14:42.384198,GET,/api/mixed/http/,108.48,55353,0,
2026-05-16T16:14:42.387299,GET,/api/mixed/pipeline/1/,2.99,82,0,
2026-05-16T16:14:42.399938,GET,/api/mixed/http/,108.68,55353,0,
2026-05-16T16:14:42.440205,GET,/api/mixed/db/1/,4.07,247,0,
2026-05-16T16:14:42.440658,GET,/api/mixed/db/1/,4.96,247,0,
2026-05-16T16:14:42.444524,GET,/api/mixed/http/,108.63,55353,0,
2026-05-16T16:14:42.445566,GET,/api/mixed/pipeline/1/,3.27,82,0,
2026-05-16T16:14:42.495878,GET,/api/mixed/pipeline/1/,3.56,82,0,
2026-05-16T16:14:42.497251,GET,/api/mixed/db/1/,5.5,247,0,
2026-05-16T16:14:42.501287,GET,/api/mixed/http/,108.78,55353,0,
2026-05-16T16:14:42.511127,GET,/api/mixed/db/1/,4.5,247,0,
2026-05-16T16:14:42.513449,GET,/api/mixed/pipeline/1/,4.29,82,0,
2026-05-16T16:14:42.521648,GET,/api/mixed/pipeline/1/,3.84,82,0,
2026-05-16T16:14:42.522331,GET,/api/mixed/db/1/,4.01,247,0,
2026-05-16T16:14:42.527943,GET,/api/mixed/db/1/,4.34,247,0,
2026-05-16T16:14:42.533415,GET,/api/mixed/http/,108.06,55353,0,
2026-05-16T16:14:42.538250,GET,/api/mixed/pipeline/1/,3.62,82,0,
2026-05-16T16:14:42.538732,GET,/api/mixed/http/,107.45,55353,0,
2026-05-16T16:14:42.539119,GET,/api/mixed/db/1/,4.01,247,0,
2026-05-16T16:14:42.546291,GET,/api/mixed/pipeline/1/,3.05,82,0,
2026-05-16T16:14:42.550454,GET,/api/mixed/http/,108.6,55353,0,
2026-05-16T16:14:42.562722,GET,/api/mixed/pipeline/1/,2.96,82,0,
2026-05-16T16:14:42.568715,GET,/api/mixed/db/1/,3.63,247,0,
2026-05-16T16:14:42.578871,GET,/api/mixed/db/1/,3.83,247,0,
2026-05-16T16:14:42.613888,GET,/api/mixed/pipeline/1/,3.05,82,0,
2026-05-16T16:14:42.651629,GET,/api/mixed/db/1/,4.21,247,0,
2026-05-16T16:14:42.666806,GET,/api/mixed/db/1/,3.84,247,0,
2026-05-16T16:14:42.670874,GET,/api/mixed/db/1/,5.47,247,0,
2026-05-16T16:14:42.692176,GET,/api/mixed/db/1/,4.37,247,0,
2026-05-16T16:14:42.695408,GET,/api/mixed/db/1/,4.11,247,0,
2026-05-16T16:14:42.700089,GET,/api/mixed/http/,107.9,55353,0,
2026-05-16T16:14:42.720280,GET,/api/mixed/pipeline/1/,2.87,82,0,
2026-05-16T16:14:42.736139,GET,/api/mixed/pipeline/1/,3.38,82,0,
2026-05-16T16:14:42.750073,GET,/api/mixed/db/1/,3.88,247,0,
2026-05-16T16:14:42.773776,GET,/api/mixed/db/1/,4.3,247,0,
2026-05-16T16:14:42.774504,GET,/api/mixed/http/,108.65,55353,0,
2026-05-16T16:14:42.783887,GET,/api/mixed/http/,107.7,55353,0,
2026-05-16T16:14:42.787896,GET,/api/mixed/db/1/,3.89,247,0,
2026-05-16T16:14:42.828673,GET,/api/mixed/http/,108.28,55353,0,
2026-05-16T16:14:42.832878,GET,/api/mixed/pipeline/1/,2.79,82,0,
2026-05-16T16:14:42.843038,GET,/api/mixed/http/,107.79,55353,0,
2026-05-16T16:14:42.844225,GET,/api/mixed/pipeline/1/,3.11,82,0,
2026-05-16T16:14:42.847281,GET,/api/mixed/db/1/,4.08,247,0,
2026-05-16T16:14:42.851899,GET,/api/mixed/http/,109.21,55353,0,
2026-05-16T16:14:42.863655,GET,/api/mixed/http/,109.26,55353,0,
2026-05-16T16:14:42.876290,GET,/api/mixed/pipeline/1/,2.76,82,0,
2026-05-16T16:14:42.887619,GET,/api/mixed/db/1/,4.0,247,0,
2026-05-16T16:14:42.889286,GET,/api/mixed/http/,107.57,55353,0,
2026-05-16T16:14:42.905453,GET,/api/mixed/db/1/,3.98,247,0,
2026-05-16T16:14:42.914542,GET,/api/mixed/db/1/,3.76,247,0,
2026-05-16T16:14:42.950075,GET,/api/mixed/db/1/,5.3,247,0,
2026-05-16T16:14:42.975687,GET,/api/mixed/http/,107.82,55353,0,
2026-05-16T16:14:42.981829,GET,/api/mixed/db/1/,3.87,247,0,
2026-05-16T16:14:43.024891,GET,/api/mixed/db/1/,4.47,247,0,
2026-05-16T16:14:43.027841,GET,/api/mixed/db/1/,3.9,247,0,
2026-05-16T16:14:43.036791,GET,/api/mixed/pipeline/1/,3.01,82,0,
2026-05-16T16:14:43.042966,GET,/api/mixed/db/1/,3.84,247,0,
2026-05-16T16:14:43.051055,GET,/api/mixed/pipeline/1/,2.79,82,0,
2026-05-16T16:14:43.054082,GET,/api/mixed/http/,108.19,55353,0,
2026-05-16T16:14:43.057106,GET,/api/mixed/http/,108.07,55353,0,
2026-05-16T16:14:43.082832,GET,/api/mixed/pipeline/1/,2.86,82,0,
2026-05-16T16:14:43.104087,GET,/api/mixed/db/1/,4.06,247,0,
2026-05-16T16:14:43.109597,GET,/api/mixed/pipeline/1/,3.26,82,0,
2026-05-16T16:14:43.118243,GET,/api/mixed/http/,108.08,55353,0,
2026-05-16T16:14:43.125354,GET,/api/mixed/http/,108.48,55353,0,
2026-05-16T16:14:43.141356,GET,/api/mixed/http/,108.03,55353,0,
2026-05-16T16:14:43.154122,GET,/api/mixed/pipeline/1/,2.95,82,0,
2026-05-16T16:14:43.155287,GET,/api/mixed/db/1/,4.6,247,0,
2026-05-16T16:14:43.177849,GET,/api/mixed/http/,108.39,55353,0,
2026-05-16T16:14:43.178447,GET,/api/mixed/db/1/,3.9,247,0,
2026-05-16T16:14:43.178862,GET,/api/mixed/db/1/,5.37,247,0,
2026-05-16T16:14:43.181659,GET,/api/mixed/pipeline/1/,4.87,82,0,
2026-05-16T16:14:43.196356,GET,/api/mixed/db/1/,4.39,247,0,
2026-05-16T16:14:43.198735,GET,/api/mixed/pipeline/1/,3.31,82,0,
2026-05-16T16:14:43.208657,GET,/api/mixed/db/1/,3.69,247,0,
2026-05-16T16:14:43.215300,GET,/api/mixed/http/,107.71,55353,0,
2026-05-16T16:14:43.217004,GET,/api/mixed/http/,107.29,55353,0,
2026-05-16T16:14:43.225066,GET,/api/mixed/http/,108.01,55353,0,
2026-05-16T16:14:43.227487,GET,/api/mixed/http/,107.66,55353,0,
2026-05-16T16:14:43.240742,GET,/api/mixed/db/1/,3.97,247,0,
2026-05-16T16:14:43.287001,GET,/api/mixed/http/,108.02,55353,0,
2026-05-16T16:14:43.292324,GET,/api/mixed/pipeline/1/,3.07,82,0,
2026-05-16T16:14:43.297607,GET,/api/mixed/db/1/,4.04,247,0,
2026-05-16T16:14:43.315927,GET,/api/mixed/pipeline/1/,3.55,82,0,
2026-05-16T16:14:43.325241,GET,/api/mixed/pipeline/1/,3.1,82,0,
2026-05-16T16:14:43.333309,GET,/api/mixed/pipeline/1/,2.69,82,0,
2026-05-16T16:14:43.343909,GET,/api/mixed/pipeline/1/,2.93,82,0,
2026-05-16T16:14:43.355155,GET,/api/mixed/http/,108.04,55353,0,
2026-05-16T16:14:43.357633,GET,/api/mixed/http/,107.77,55353,0,
2026-05-16T16:14:43.358105,GET,/api/mixed/db/1/,4.41,247,0,
2026-05-16T16:14:43.361856,GET,/api/mixed/http/,107.54,55353,0,
2026-05-16T16:14:43.362262,GET,/api/mixed/pipeline/1/,2.93,82,0,
2026-05-16T16:14:43.379907,GET,/api/mixed/pipeline/1/,2.71,82,0,
2026-05-16T16:14:43.404131,GET,/api/mixed/pipeline/1/,3.89,82,0,
2026-05-16T16:14:43.420335,GET,/api/mixed/http/,108.51,55353,0,
2026-05-16T16:14:43.421778,GET,/api/mixed/http/,107.52,55353,0,
2026-05-16T16:14:43.428293,GET,/api/mixed/pipeline/1/,3.13,82,0,
2026-05-16T16:14:43.428888,GET,/api/mixed/pipeline/1/,2.78,82,0,
2026-05-16T16:14:43.442036,GET,/api/mixed/http/,107.47,55353,0,
2026-05-16T16:14:43.450500,GET,/api/mixed/db/1/,3.67,247,0,
2026-05-16T16:14:43.457697,GET,/api/mixed/http/,108.4,55353,0,
2026-05-16T16:14:43.477606,GET,/api/mixed/http/,109.05,55353,0,
2026-05-16T16:14:43.483546,GET,/api/mixed/db/1/,3.86,247,0,
2026-05-16T16:14:43.485352,GET,/api/mixed/pipeline/1/,3.2,82,0,
2026-05-16T16:14:43.493684,GET,/api/mixed/pipeline/1/,6.13,82,0,
2026-05-16T16:14:43.516529,GET,/api/mixed/http/,108.22,55353,0,
2026-05-16T16:14:43.525454,GET,/api/mixed/http/,107.66,55353,0,
2026-05-16T16:14:43.533611,GET,/api/mixed/db/1/,3.79,247,0,
2026-05-16T16:14:43.546690,GET,/api/mixed/pipeline/1/,3.73,82,0,
2026-05-16T16:14:43.549242,GET,/api/mixed/pipeline/1/,3.31,82,0,
2026-05-16T16:14:43.549648,GET,/api/mixed/pipeline/1/,4.2,82,0,
2026-05-16T16:14:43.553537,GET,/api/mixed/http/,108.08,55353,0,
2026-05-16T16:14:43.573125,GET,/api/mixed/db/1/,3.8,247,0,
2026-05-16T16:14:43.580646,GET,/api/mixed/http/,108.7,55353,0,
2026-05-16T16:14:43.584338,GET,/api/mixed/db/1/,4.67,247,0,
2026-05-16T16:14:43.584881,GET,/api/mixed/http/,108.27,55353,0,
2026-05-16T16:14:43.585279,GET,/api/mixed/pipeline/1/,3.51,82,0,
2026-05-16T16:14:43.598577,GET,/api/mixed/http/,110.56,55353,0,
2026-05-16T16:14:43.599508,GET,/api/mixed/http/,108.3,55353,0,
2026-05-16T16:14:43.632230,GET,/api/mixed/db/1/,3.89,247,0,
2026-05-16T16:14:43.647425,GET,/api/mixed/pipeline/1/,2.83,82,0,
2026-05-16T16:14:43.657438,GET,/api/mixed/pipeline/1/,2.65,82,0,
2026-05-16T16:14:43.663349,GET,/api/mixed/pipeline/1/,2.64,82,0,
2026-05-16T16:14:43.663977,GET,/api/mixed/db/1/,4.22,247,0,
2026-05-16T16:14:43.673473,GET,/api/mixed/http/,107.73,55353,0,
2026-05-16T16:14:43.680810,GET,/api/mixed/pipeline/1/,2.98,82,0,
2026-05-16T16:14:43.689686,GET,/api/mixed/http/,108.91,55353,0,
2026-05-16T16:14:43.708729,GET,/api/mixed/db/1/,4.15,247,0,
2026-05-16T16:14:43.709176,GET,/api/mixed/db/1/,5.13,247,0,
2026-05-16T16:14:43.716236,GET,/api/mixed/db/1/,3.78,247,0,
2026-05-16T16:14:43.730206,GET,/api/mixed/http/,108.39,55353,0,
2026-05-16T16:14:43.747103,GET,/api/mixed/pipeline/1/,2.92,82,0,
2026-05-16T16:14:43.750942,GET,/api/mixed/db/1/,3.71,247,0,
2026-05-16T16:14:43.822969,GET,/api/mixed/http/,108.01,55353,0,
2026-05-16T16:14:43.825959,GET,/api/mixed/pipeline/1/,2.84,82,0,
2026-05-16T16:14:43.838006,GET,/api/mixed/http/,107.68,55353,0,
2026-05-16T16:14:43.845171,GET,/api/mixed/http/,108.43,55353,0,
2026-05-16T16:14:43.873934,GET,/api/mixed/pipeline/1/,4.35,82,0,
2026-05-16T16:14:43.882988,GET,/api/mixed/db/1/,6.31,247,0,
2026-05-16T16:14:43.897392,GET,/api/mixed/pipeline/1/,4.02,82,0,
2026-05-16T16:14:43.897863,GET,/api/mixed/pipeline/1/,2.68,82,0,
2026-05-16T16:14:43.908641,GET,/api/mixed/http/,109.4,55353,0,
2026-05-16T16:14:43.917661,GET,/api/mixed/http/,109.65,55353,0,
2026-05-16T16:14:43.924874,GET,/api/mixed/db/1/,3.81,247,0,
2026-05-16T16:14:43.937868,GET,/api/mixed/db/1/,3.77,247,0,
2026-05-16T16:14:43.951308,GET,/api/mixed/http/,108.1,55353,0,
2026-05-16T16:14:43.977252,GET,/api/mixed/db/1/,3.8,247,0,
2026-05-16T16:14:43.985294,GET,/api/mixed/http/,111.17,55353,0,
2026-05-16T16:14:44.002434,GET,/api/mixed/http/,107.97,55353,0,
2026-05-16T16:14:44.021682,GET,/api/mixed/http/,107.83,55353,0,
2026-05-16T16:14:44.041327,GET,/api/mixed/pipeline/1/,3.06,82,0,
2026-05-16T16:14:44.052286,GET,/api/mixed/pipeline/1/,3.65,82,0,
2026-05-16T16:14:44.053163,GET,/api/mixed/db/1/,4.06,247,0,
2026-05-16T16:14:44.058868,GET,/api/mixed/http/,107.44,55353,0,
2026-05-16T16:14:44.066193,GET,/api/mixed/db/1/,3.95,247,0,
2026-05-16T16:14:44.069522,GET,/api/mixed/http/,107.56,55353,0,
2026-05-16T16:14:44.075723,GET,/api/mixed/db/1/,3.89,247,0,
2026-05-16T16:14:44.093988,GET,/api/mixed/db/1/,3.88,247,0,
2026-05-16T16:14:44.096777,GET,/api/mixed/db/1/,4.16,247,0,
2026-05-16T16:14:44.111356,GET,/api/mixed/db/1/,3.64,247,0,
2026-05-16T16:14:44.112697,GET,/api/mixed/db/1/,3.7,247,0,
2026-05-16T16:14:44.142044,GET,/api/mixed/db/1/,4.64,247,0,
2026-05-16T16:14:44.143521,GET,/api/mixed/db/1/,3.65,247,0,
2026-05-16T16:14:44.211708,GET,/api/mixed/http/,108.5,55353,0,
2026-05-16T16:14:44.215740,GET,/api/mixed/db/1/,3.88,247,0,
2026-05-16T16:14:44.218607,GET,/api/mixed/db/1/,4.17,247,0,
2026-05-16T16:14:44.233522,GET,/api/mixed/http/,108.57,55353,0,
2026-05-16T16:14:44.235693,GET,/api/mixed/http/,109.78,55353,0,
2026-05-16T16:14:44.238817,GET,/api/mixed/pipeline/1/,4.34,82,0,
2026-05-16T16:14:44.239329,GET,/api/mixed/pipeline/1/,5.24,82,0,
2026-05-16T16:14:44.239696,GET,/api/mixed/db/1/,6.06,247,0,
2026-05-16T16:14:44.258991,GET,/api/mixed/db/1/,4.96,247,0,
2026-05-16T16:14:44.259390,GET,/api/mixed/db/1/,4.82,247,0,
2026-05-16T16:14:44.263665,GET,/api/mixed/db/1/,4.19,247,0,
2026-05-16T16:14:44.279890,GET,/api/mixed/pipeline/1/,2.87,82,0,
2026-05-16T16:14:44.291583,GET,/api/mixed/db/1/,4.51,247,0,
2026-05-16T16:14:44.294132,GET,/api/mixed/pipeline/1/,3.53,82,0,
2026-05-16T16:14:44.300513,GET,/api/mixed/db/1/,4.05,247,0,
2026-05-16T16:14:44.318365,GET,/api/mixed/db/1/,5.53,247,0,
2026-05-16T16:14:44.321700,GET,/api/mixed/pipeline/1/,5.19,82,0,
2026-05-16T16:14:44.335545,GET,/api/mixed/http/,108.59,55353,0,
2026-05-16T16:14:44.350835,GET,/api/mixed/pipeline/1/,3.01,82,0,
2026-05-16T16:14:44.369316,GET,/api/mixed/http/,108.41,55353,0,
2026-05-16T16:14:44.374628,GET,/api/mixed/http/,107.77,55353,0,
2026-05-16T16:14:44.376841,GET,/api/mixed/pipeline/1/,3.24,82,0,
2026-05-16T16:14:44.379917,GET,/api/mixed/http/,107.29,55353,0,
2026-05-16T16:14:44.385049,GET,/api/mixed/db/1/,3.9,247,0,
2026-05-16T16:14:44.389470,GET,/api/mixed/pipeline/1/,3.01,82,0,
2026-05-16T16:14:44.397550,GET,/api/mixed/pipeline/1/,2.78,82,0,
2026-05-16T16:14:44.404479,GET,/api/mixed/pipeline/1/,3.69,82,0,
2026-05-16T16:14:44.404963,GET,/api/mixed/pipeline/1/,3.75,82,0,
2026-05-16T16:14:44.417021,GET,/api/mixed/db/1/,3.84,247,0,
2026-05-16T16:14:44.423166,GET,/api/mixed/db/1/,3.94,247,0,
2026-05-16T16:14:44.426625,GET,/api/mixed/http/,108.05,55353,0,
2026-05-16T16:14:44.430489,GET,/api/mixed/db/1/,3.75,247,0,
2026-05-16T16:14:44.450682,GET,/api/mixed/pipeline/1/,3.32,82,0,
2026-05-16T16:14:44.484630,GET,/api/mixed/pipeline/1/,3.19,82,0,
2026-05-16T16:14:44.485068,GET,/api/mixed/pipeline/1/,4.18,82,0,
2026-05-16T16:14:44.504213,GET,/api/mixed/db/1/,4.78,247,0,
2026-05-16T16:14:44.513847,GET,/api/mixed/pipeline/1/,3.34,82,0,
2026-05-16T16:14:44.518342,GET,/api/mixed/db/1/,4.37,247,0,
2026-05-16T16:14:44.528339,GET,/api/mixed/db/1/,4.73,247,0,
2026-05-16T16:14:44.530766,GET,/api/mixed/db/1/,4.48,247,0,
2026-05-16T16:14:44.540087,GET,/api/mixed/http/,108.22,55353,0,
2026-05-16T16:14:44.542719,GET,/api/mixed/pipeline/1/,3.72,82,0,
2026-05-16T16:14:44.549997,GET,/api/mixed/pipeline/1/,4.02,82,0,
2026-05-16T16:14:44.560113,GET,/api/mixed/http/,108.18,55353,0,
2026-05-16T16:14:44.561394,GET,/api/mixed/pipeline/1/,3.93,82,0,
2026-05-16T16:14:44.561875,GET,/api/mixed/db/1/,5.14,247,0,
2026-05-16T16:14:44.566036,GET,/api/mixed/http/,109.54,55353,0,
2026-05-16T16:14:44.578600,GET,/api/mixed/http/,114.39,55353,0,
2026-05-16T16:14:44.582770,GET,/api/mixed/db/1/,5.41,247,0,
2026-05-16T16:14:44.592185,GET,/api/mixed/db/1/,4.42,247,0,
2026-05-16T16:14:44.624737,GET,/api/mixed/db/1/,4.65,247,0,
2026-05-16T16:14:44.628277,GET,/api/mixed/db/1/,4.6,247,0,
2026-05-16T16:14:44.655296,GET,/api/mixed/http/,108.78,55353,0,
2026-05-16T16:14:44.664010,GET,/api/mixed/http/,108.77,55353,0,
2026-05-16T16:14:44.674153,GET,/api/mixed/db/1/,4.89,247,0,
2026-05-16T16:14:44.690214,GET,/api/mixed/http/,108.58,55353,0,
2026-05-16T16:14:44.690772,GET,/api/mixed/pipeline/1/,3.35,82,0,
2026-05-16T16:14:44.701228,GET,/api/mixed/pipeline/1/,3.21,82,0,
2026-05-16T16:14:44.709722,GET,/api/mixed/db/1/,4.18,247,0,
2026-05-16T16:14:44.722516,GET,/api/mixed/http/,108.05,55353,0,
2026-05-16T16:14:44.761394,GET,/api/mixed/http/,109.67,55353,0,
2026-05-16T16:14:44.761916,GET,/api/mixed/http/,108.85,55353,0,
2026-05-16T16:14:44.762357,GET,/api/mixed/http/,109.98,55353,0,
2026-05-16T16:14:44.773432,GET,/api/mixed/pipeline/1/,3.31,82,0,
2026-05-16T16:14:44.773896,GET,/api/mixed/db/1/,5.28,247,0,
2026-05-16T16:14:44.783282,GET,/api/mixed/pipeline/1/,3.16,82,0,
2026-05-16T16:14:44.809410,GET,/api/mixed/pipeline/1/,4.42,82,0,
2026-05-16T16:14:44.809848,GET,/api/mixed/pipeline/1/,5.52,82,0,
2026-05-16T16:14:44.821402,GET,/api/mixed/pipeline/1/,3.32,82,0,
2026-05-16T16:14:44.826989,GET,/api/mixed/db/1/,4.37,247,0,
2026-05-16T16:14:44.833930,GET,/api/mixed/db/1/,4.68,247,0,
2026-05-16T16:14:44.842531,GET,/api/mixed/http/,109.75,55353,0,
2026-05-16T16:14:44.843750,GET,/api/mixed/pipeline/1/,5.03,82,0,
2026-05-16T16:14:44.846505,GET,/api/mixed/http/,110.9,55353,0,
2026-05-16T16:14:44.847061,GET,/api/mixed/http/,109.04,55353,0,
2026-05-16T16:14:44.852693,GET,/api/mixed/pipeline/1/,3.39,82,0,
2026-05-16T16:14:44.874861,GET,/api/mixed/pipeline/1/,3.13,82,0,
2026-05-16T16:14:44.881490,GET,/api/mixed/db/1/,4.32,247,0,
2026-05-16T16:14:44.884666,GET,/api/mixed/db/1/,4.92,247,0,
2026-05-16T16:14:44.894256,GET,/api/mixed/db/1/,4.31,247,0,
2026-05-16T16:14:44.900374,GET,/api/mixed/http/,108.83,55353,0,
2026-05-16T16:14:44.913881,GET,/api/mixed/http/,108.5,55353,0,
2026-05-16T16:14:44.921399,GET,/api/mixed/pipeline/1/,3.34,82,0,
2026-05-16T16:14:44.923811,GET,/api/mixed/pipeline/1/,3.27,82,0,
2026-05-16T16:14:44.933573,GET,/api/mixed/db/1/,3.8,247,0,
2026-05-16T16:14:44.938519,GET,/api/mixed/pipeline/1/,2.71,82,0,
2026-05-16T16:14:44.940899,GET,/api/mixed/http/,108.07,55353,0,
2026-05-16T16:14:44.949608,GET,/api/mixed/pipeline/1/,2.82,82,0,
2026-05-16T16:14:44.950084,GET,/api/mixed/http/,109.4,55353,0,
2026-05-16T16:14:44.950500,GET,/api/mixed/http/,110.61,55353,0,
2026-05-16T16:14:44.955508,GET,/api/mixed/db/1/,3.66,247,0,
2026-05-16T16:14:44.961509,GET,/api/mixed/pipeline/1/,2.85,82,0,
2026-05-16T16:14:44.968402,GET,/api/mixed/pipeline/1/,2.67,82,0,
2026-05-16T16:14:44.971903,GET,/api/mixed/http/,107.99,55353,0,
2026-05-16T16:14:44.979117,GET,/api/mixed/pipeline/1/,2.94,82,0,
2026-05-16T16:14:45.004464,GET,/api/mixed/http/,107.85,55353,0,
2026-05-16T16:14:45.004957,GET,/api/mixed/db/1/,4.0,247,0,
2026-05-16T16:14:45.032995,GET,/api/mixed/http/,107.84,55353,0,
2026-05-16T16:14:45.039473,GET,/api/mixed/pipeline/1/,3.18,82,0,
2026-05-16T16:14:45.051074,GET,/api/mixed/http/,107.87,55353,0,
2026-05-16T16:14:45.056103,GET,/api/mixed/pipeline/1/,2.75,82,0,
2026-05-16T16:14:45.061791,GET,/api/mixed/db/1/,4.31,247,0,
2026-05-16T16:14:45.071481,GET,/api/mixed/db/1/,3.89,247,0,
2026-05-16T16:14:45.074196,GET,/api/mixed/db/1/,4.04,247,0,
2026-05-16T16:14:45.082285,GET,/api/mixed/pipeline/1/,2.8,82,0,
2026-05-16T16:14:45.102556,GET,/api/mixed/db/1/,5.02,247,0,
2026-05-16T16:14:45.105559,GET,/api/mixed/http/,113.22,55353,0,
2026-05-16T16:14:45.106082,GET,/api/mixed/http/,112.55,55353,0,
2026-05-16T16:14:45.131052,GET,/api/mixed/db/1/,4.0,247,0,
2026-05-16T16:14:45.132251,GET,/api/mixed/http/,108.11,55353,0,
2026-05-16T16:14:45.150839,GET,/api/mixed/db/1/,3.79,247,0,
2026-05-16T16:14:45.167783,GET,/api/mixed/http/,109.02,55353,0,
2026-05-16T16:14:45.169199,GET,/api/mixed/http/,109.6,55353,0,
2026-05-16T16:14:45.183351,GET,/api/mixed/pipeline/1/,2.87,82,0,
2026-05-16T16:14:45.198589,GET,/api/mixed/pipeline/1/,2.92,82,0,
2026-05-16T16:14:45.229013,GET,/api/mixed/http/,108.63,55353,0,
2026-05-16T16:14:45.236089,GET,/api/mixed/http/,108.46,55353,0,
2026-05-16T16:14:45.243114,GET,/api/mixed/http/,107.67,55353,0,
2026-05-16T16:14:45.295357,GET,/api/mixed/pipeline/1/,3.55,82,0,
2026-05-16T16:14:45.309150,GET,/api/mixed/db/1/,6.45,247,0,
2026-05-16T16:14:45.322010,GET,/api/mixed/db/1/,5.57,247,0,
2026-05-16T16:14:45.326547,GET,/api/mixed/pipeline/1/,3.2,82,0,
2026-05-16T16:14:45.329171,GET,/api/mixed/pipeline/1/,3.45,82,0,
2026-05-16T16:14:45.349794,GET,/api/mixed/db/1/,4.34,247,0,
2026-05-16T16:14:45.360970,GET,/api/mixed/db/1/,3.79,247,0,
2026-05-16T16:14:45.365887,GET,/api/mixed/db/1/,3.59,247,0,
2026-05-16T16:14:45.379994,GET,/api/mixed/http/,108.41,55353,0,
2026-05-16T16:14:45.380492,GET,/api/mixed/http/,108.24,55353,0,
2026-05-16T16:14:45.441766,GET,/api/mixed/pipeline/1/,3.15,82,0,
2026-05-16T16:14:45.447609,GET,/api/mixed/pipeline/1/,2.56,82,0,
2026-05-16T16:14:45.455732,GET,/api/mixed/http/,107.71,55353,0,
2026-05-16T16:14:45.468362,GET,/api/mixed/db/1/,4.45,247,0,
2026-05-16T16:14:45.468829,GET,/api/mixed/db/1/,3.89,247,0,
2026-05-16T16:14:45.472610,GET,/api/mixed/db/1/,3.69,247,0,
2026-05-16T16:14:45.480037,GET,/api/mixed/http/,107.83,55353,0,
2026-05-16T16:14:45.493268,GET,/api/mixed/db/1/,3.98,247,0,
2026-05-16T16:14:45.496566,GET,/api/mixed/http/,107.8,55353,0,
2026-05-16T16:14:45.505016,GET,/api/mixed/http/,107.64,55353,0,
2026-05-16T16:14:45.527355,GET,/api/mixed/pipeline/1/,3.05,82,0,
2026-05-16T16:14:45.538155,GET,/api/mixed/http/,108.19,55353,0,
2026-05-16T16:14:45.596000,GET,/api/mixed/db/1/,4.43,247,0,
2026-05-16T16:14:45.597171,GET,/api/mixed/pipeline/1/,2.94,82,0,
2026-05-16T16:14:45.626581,GET,/api/mixed/pipeline/1/,3.16,82,0,
2026-05-16T16:14:45.636210,GET,/api/mixed/pipeline/1/,2.95,82,0,
2026-05-16T16:14:45.644191,GET,/api/mixed/pipeline/1/,2.53,82,0,
2026-05-16T16:14:45.664369,GET,/api/mixed/pipeline/1/,4.35,82,0,
2026-05-16T16:14:45.668340,GET,/api/mixed/db/1/,5.89,247,0,
2026-05-16T16:14:45.670673,GET,/api/mixed/pipeline/1/,3.19,82,0,
2026-05-16T16:14:45.679335,GET,/api/mixed/db/1/,4.48,247,0,
2026-05-16T16:14:45.707583,GET,/api/mixed/pipeline/1/,3.02,82,0,
2026-05-16T16:14:45.717665,GET,/api/mixed/db/1/,3.85,247,0,
2026-05-16T16:14:45.722559,GET,/api/mixed/http/,108.14,55353,0,
2026-05-16T16:14:45.733806,GET,/api/mixed/pipeline/1/,2.92,82,0,
2026-05-16T16:14:45.740477,GET,/api/mixed/db/1/,4.42,247,0,
2026-05-16T16:14:45.740974,GET,/api/mixed/db/1/,3.74,247,0,
2026-05-16T16:14:45.741986,GET,/api/mixed/http/,109.21,55353,0,
2026-05-16T16:14:45.756491,GET,/api/mixed/http/,108.0,55353,0,
2026-05-16T16:14:45.772345,GET,/api/mixed/http/,107.69,55353,0,
2026-05-16T16:14:45.827506,GET,/api/mixed/http/,107.64,55353,0,
2026-05-16T16:14:45.874496,GET,/api/mixed/pipeline/1/,3.05,82,0,
2026-05-16T16:14:45.890485,GET,/api/mixed/http/,107.87,55353,0,
2026-05-16T16:14:45.895953,GET,/api/mixed/pipeline/1/,3.26,82,0,
2026-05-16T16:14:45.899244,GET,/api/mixed/http/,109.08,55353,0,
2026-05-16T16:14:45.900221,GET,/api/mixed/pipeline/1/,3.42,82,0,
2026-05-16T16:14:45.907149,GET,/api/mixed/db/1/,3.77,247,0,
2026-05-16T16:14:45.914717,GET,/api/mixed/db/1/,4.25,247,0,
2026-05-16T16:14:45.918787,GET,/api/mixed/db/1/,4.93,247,0,
2026-05-16T16:14:45.919247,GET,/api/mixed/pipeline/1/,3.66,82,0,
2026-05-16T16:14:45.921608,GET,/api/mixed/pipeline/1/,3.72,82,0,
2026-05-16T16:14:45.963831,GET,/api/mixed/http/,107.98,55353,0,
2026-05-16T16:14:45.981733,GET,/api/mixed/db/1/,3.84,247,0,
2026-05-16T16:14:45.990665,GET,/api/mixed/db/1/,4.07,247,0,
2026-05-16T16:14:45.995596,GET,/api/mixed/pipeline/1/,2.73,82,0,
2026-05-16T16:14:46.004208,GET,/api/mixed/db/1/,4.13,247,0,
2026-05-16T16:14:46.004830,GET,/api/mixed/http/,108.65,55353,0,
2026-05-16T16:14:46.005416,GET,/api/mixed/http/,110.3,55353,0,
2026-05-16T16:14:46.026371,GET,/api/mixed/db/1/,3.82,247,0,
2026-05-16T16:14:46.032758,GET,/api/mixed/db/1/,4.15,247,0,
2026-05-16T16:14:46.033759,GET,/api/mixed/http/,107.79,55353,0,
2026-05-16T16:14:46.035619,GET,/api/mixed/pipeline/1/,3.72,82,0,
2026-05-16T16:14:46.051192,GET,/api/mixed/pipeline/1/,2.8,82,0,
2026-05-16T16:14:46.051669,GET,/api/mixed/http/,108.16,55353,0,
2026-05-16T16:14:46.063804,GET,/api/mixed/pipeline/1/,2.98,82,0,
2026-05-16T16:14:46.064237,GET,/api/mixed/pipeline/1/,4.71,82,0,
2026-05-16T16:14:46.065324,GET,/api/mixed/db/1/,6.34,247,0,
2026-05-16T16:14:46.077636,GET,/api/mixed/pipeline/1/,3.48,82,0,
2026-05-16T16:14:46.078233,GET,/api/mixed/http/,109.04,55353,0,
2026-05-16T16:14:46.079094,GET,/api/mixed/pipeline/1/,3.66,82,0,
2026-05-16T16:14:46.081966,GET,/api/mixed/pipeline/1/,3.62,82,0,
2026-05-16T16:14:46.082372,GET,/api/mixed/db/1/,5.99,247,0,
2026-05-16T16:14:46.091531,GET,/api/mixed/db/1/,3.82,247,0,
2026-05-16T16:14:46.094786,GET,/api/mixed/http/,108.65,55353,0,
2026-05-16T16:14:46.105899,GET,/api/mixed/http/,110.17,55353,0,
2026-05-16T16:14:46.107551,GET,/api/mixed/http/,108.43,55353,0,
2026-05-16T16:14:46.112113,GET,/api/mixed/http/,108.87,55353,0,
2026-05-16T16:14:46.117371,GET,/api/mixed/pipeline/1/,2.91,82,0,
2026-05-16T16:14:46.123743,GET,/api/mixed/http/,107.84,55353,0,
2026-05-16T16:14:46.134679,GET,/api/mixed/pipeline/1/,3.57,82,0,
2026-05-16T16:14:46.136497,GET,/api/mixed/pipeline/1/,2.87,82,0,
2026-05-16T16:14:46.145671,GET,/api/mixed/pipeline/1/,5.37,82,0,
2026-05-16T16:14:46.146117,GET,/api/mixed/db/1/,4.95,247,0,
2026-05-16T16:14:46.146482,GET,/api/mixed/db/1/,5.75,247,0,
2026-05-16T16:14:46.152855,GET,/api/mixed/http/,107.89,55353,0,
2026-05-16T16:14:46.157947,GET,/api/mixed/db/1/,3.86,247,0,
2026-05-16T16:14:46.174649,GET,/api/mixed/db/1/,3.84,247,0,
2026-05-16T16:14:46.179371,GET,/api/mixed/http/,107.89,55353,0,
2026-05-16T16:14:46.187205,GET,/api/mixed/http/,107.6,55353,0,
2026-05-16T16:14:46.192358,GET,/api/mixed/db/1/,3.79,247,0,
2026-05-16T16:14:46.205608,GET,/api/mixed/http/,107.61,55353,0,
2026-05-16T16:14:46.220738,GET,/api/mixed/db/1/,4.47,247,0,
2026-05-16T16:14:46.232987,GET,/api/mixed/pipeline/1/,2.88,82,0,
2026-05-16T16:14:46.236752,GET,/api/mixed/db/1/,3.65,247,0,
2026-05-16T16:14:46.249037,GET,/api/mixed/http/,109.19,55353,0,
2026-05-16T16:14:46.251757,GET,/api/mixed/http/,108.38,55353,0,
2026-05-16T16:14:46.273793,GET,/api/mixed/http/,108.42,55353,0,
2026-05-16T16:14:46.283543,GET,/api/mixed/http/,107.63,55353,0,
2026-05-16T16:14:46.289035,GET,/api/mixed/db/1/,4.29,247,0,
2026-05-16T16:14:46.289453,GET,/api/mixed/db/1/,3.69,247,0,
2026-05-16T16:14:46.307146,GET,/api/mixed/db/1/,4.73,247,0,
2026-05-16T16:14:46.308962,GET,/api/mixed/pipeline/1/,2.94,82,0,
2026-05-16T16:14:46.314311,GET,/api/mixed/pipeline/1/,3.13,82,0,
2026-05-16T16:14:46.315338,GET,/api/mixed/http/,109.61,55353,0,
2026-05-16T16:14:46.324914,GET,/api/mixed/http/,107.58,55353,0,
2026-05-16T16:14:46.335331,GET,/api/mixed/pipeline/1/,3.07,82,0,
2026-05-16T16:14:46.353606,GET,/api/mixed/pipeline/1/,2.93,82,0,
2026-05-16T16:14:46.359333,GET,/api/mixed/http/,107.45,55353,0,
2026-05-16T16:14:46.359751,GET,/api/mixed/pipeline/1/,2.95,82,0,
2026-05-16T16:14:46.370641,GET,/api/mixed/pipeline/1/,3.15,82,0,
2026-05-16T16:14:46.371060,GET,/api/mixed/pipeline/1/,4.01,82,0,
2026-05-16T16:14:46.375554,GET,/api/mixed/pipeline/1/,3.24,82,0,
2026-05-16T16:14:46.376783,GET,/api/mixed/db/1/,4.01,247,0,
2026-05-16T16:14:46.379082,GET,/api/mixed/http/,108.83,55353,0,
2026-05-16T16:14:46.380950,GET,/api/mixed/http/,108.24,55353,0,
2026-05-16T16:14:46.405179,GET,/api/mixed/pipeline/1/,4.42,82,0,
2026-05-16T16:14:46.424239,GET,/api/mixed/http/,107.55,55353,0,
2026-05-16T16:14:46.432887,GET,/api/mixed/db/1/,4.34,247,0,
2026-05-16T16:14:46.460321,GET,/api/mixed/pipeline/1/,2.76,82,0,
2026-05-16T16:14:46.466415,GET,/api/mixed/pipeline/1/,2.78,82,0,
2026-05-16T16:14:46.478389,GET,/api/mixed/pipeline/1/,2.77,82,0,
2026-05-16T16:14:46.499300,GET,/api/mixed/http/,108.01,55353,0,
2026-05-16T16:14:46.511000,GET,/api/mixed/http/,108.16,55353,0,
2026-05-16T16:14:46.527131,GET,/api/mixed/http/,107.74,55353,0,
2026-05-16T16:14:46.533428,GET,/api/mixed/db/1/,3.88,247,0,
2026-05-16T16:14:46.540242,GET,/api/mixed/http/,108.22,55353,0,
2026-05-16T16:14:46.543921,GET,/api/mixed/http/,107.83,55353,0,
2026-05-16T16:14:46.557077,GET,/api/mixed/http/,108.28,55353,0,
2026-05-16T16:14:46.574428,GET,/api/mixed/db/1/,4.91,247,0,
2026-05-16T16:14:46.628980,GET,/api/mixed/pipeline/1/,3.53,82,0,
2026-05-16T16:14:46.630942,GET,/api/mixed/pipeline/1/,2.99,82,0,
2026-05-16T16:14:46.639971,GET,/api/mixed/db/1/,3.7,247,0,
2026-05-16T16:14:46.645209,GET,/api/mixed/db/1/,3.87,247,0,
2026-05-16T16:14:46.659949,GET,/api/mixed/db/1/,4.45,247,0,
2026-05-16T16:14:46.661452,GET,/api/mixed/http/,108.23,55353,0,
2026-05-16T16:14:46.663296,GET,/api/mixed/db/1/,4.42,247,0,
2026-05-16T16:14:46.664334,GET,/api/mixed/pipeline/1/,2.77,82,0,
2026-05-16T16:14:46.671206,GET,/api/mixed/pipeline/1/,2.59,82,0,
2026-05-16T16:14:46.696228,GET,/api/mixed/pipeline/1/,3.62,82,0,
2026-05-16T16:14:46.701388,GET,/api/mixed/http/,107.7,55353,0,
2026-05-16T16:14:46.712670,GET,/api/mixed/pipeline/1/,2.88,82,0,
2026-05-16T16:14:46.735174,GET,/api/mixed/http/,108.35,55353,0,
2026-05-16T16:14:46.744753,GET,/api/mixed/db/1/,3.83,247,0,
2026-05-16T16:14:46.754293,GET,/api/mixed/pipeline/1/,2.92,82,0,
2026-05-16T16:14:46.823141,GET,/api/mixed/db/1/,4.08,247,0,
2026-05-16T16:14:46.845041,GET,/api/mixed/db/1/,4.28,247,0,
2026-05-16T16:14:46.847679,GET,/api/mixed/http/,108.26,55353,0,
2026-05-16T16:14:46.852346,GET,/api/mixed/http/,107.47,55353,0,
2026-05-16T16:14:46.852840,GET,/api/mixed/db/1/,3.89,247,0,
2026-05-16T16:14:46.877514,GET,/api/mixed/http/,108.01,55353,0,
2026-05-16T16:14:46.877963,GET,/api/mixed/db/1/,4.87,247,0,
2026-05-16T16:14:46.885099,GET,/api/mixed/db/1/,3.79,247,0,
2026-05-16T16:14:46.905162,GET,/api/mixed/db/1/,4.68,247,0,
2026-05-16T16:14:46.905582,GET,/api/mixed/db/1/,5.55,247,0,
2026-05-16T16:14:46.928104,GET,/api/mixed/pipeline/1/,2.98,82,0,
2026-05-16T16:14:46.930671,GET,/api/mixed/http/,107.39,55353,0,
2026-05-16T16:14:46.981604,GET,/api/mixed/http/,107.89,55353,0,
2026-05-16T16:14:46.982021,GET,/api/mixed/pipeline/1/,2.72,82,0,
2026-05-16T16:14:47.000238,GET,/api/mixed/http/,109.8,55353,0,
2026-05-16T16:14:47.012597,GET,/api/mixed/http/,108.56,55353,0,
2026-05-16T16:14:47.018175,GET,/api/mixed/pipeline/1/,3.19,82,0,
2026-05-16T16:14:47.028215,GET,/api/mixed/db/1/,4.76,247,0,
2026-05-16T16:14:47.076282,GET,/api/mixed/pipeline/1/,3.74,82,0,
2026-05-16T16:14:47.076726,GET,/api/mixed/pipeline/1/,3.23,82,0,
2026-05-16T16:14:47.077123,GET,/api/mixed/pipeline/1/,4.03,82,0,
2026-05-16T16:14:47.082516,GET,/api/mixed/http/,108.7,55353,0,
2026-05-16T16:14:47.091430,GET,/api/mixed/pipeline/1/,2.73,82,0,
2026-05-16T16:14:47.110178,GET,/api/mixed/http/,107.57,55353,0,
2026-05-16T16:14:47.114316,GET,/api/mixed/pipeline/1/,2.78,82,0,
2026-05-16T16:14:47.131921,GET,/api/mixed/db/1/,3.75,247,0,
2026-05-16T16:14:47.142723,GET,/api/mixed/db/1/,3.94,247,0,
2026-05-16T16:14:47.143452,GET,/api/mixed/db/1/,5.17,247,0,
2026-05-16T16:14:47.150992,GET,/api/mixed/pipeline/1/,3.24,82,0,
2026-05-16T16:14:47.162721,GET,/api/mixed/http/,108.95,55353,0,
2026-05-16T16:14:47.182556,GET,/api/mixed/pipeline/1/,2.8,82,0,
2026-05-16T16:14:47.232308,GET,/api/mixed/http/,107.79,55353,0,
2026-05-16T16:14:47.236244,GET,/api/mixed/pipeline/1/,2.74,82,0,
2026-05-16T16:14:47.251256,GET,/api/mixed/db/1/,5.16,247,0,
2026-05-16T16:14:47.253624,GET,/api/mixed/pipeline/1/,3.25,82,0,
2026-05-16T16:14:47.271207,GET,/api/mixed/db/1/,4.38,247,0,
2026-05-16T16:14:47.272284,GET,/api/mixed/pipeline/1/,3.0,82,0,
2026-05-16T16:14:47.283934,GET,/api/mixed/http/,107.9,55353,0,
2026-05-16T16:14:47.324755,GET,/api/mixed/db/1/,4.0,247,0,
2026-05-16T16:14:47.332776,GET,/api/mixed/db/1/,3.82,247,0,
2026-05-16T16:14:47.347899,GET,/api/mixed/db/1/,4.31,247,0,
2026-05-16T16:14:47.353762,GET,/api/mixed/http/,108.15,55353,0,
2026-05-16T16:14:47.354286,GET,/api/mixed/pipeline/1/,2.72,82,0,
2026-05-16T16:14:47.355319,GET,/api/mixed/http/,107.65,55353,0,
2026-05-16T16:14:47.361736,GET,/api/mixed/pipeline/1/,3.07,82,0,
2026-05-16T16:14:47.372860,GET,/api/mixed/db/1/,3.79,247,0,
2026-05-16T16:14:47.390276,GET,/api/mixed/http/,109.8,55353,0,
2026-05-16T16:14:47.391073,GET,/api/mixed/http/,108.09,55353,0,
2026-05-16T16:14:47.393010,GET,/api/mixed/pipeline/1/,4.68,82,0,
2026-05-16T16:14:47.411630,GET,/api/mixed/db/1/,4.46,247,0,
2026-05-16T16:14:47.424512,GET,/api/mixed/db/1/,3.82,247,0,
2026-05-16T16:14:47.431418,GET,/api/mixed/pipeline/1/,3.56,82,0,
2026-05-16T16:14:47.432219,GET,/api/mixed/db/1/,3.89,247,0,
2026-05-16T16:14:47.443611,GET,/api/mixed/http/,108.47,55353,0,
2026-05-16T16:14:47.447747,GET,/api/mixed/pipeline/1/,2.89,82,0,
2026-05-16T16:14:47.452446,GET,/api/mixed/http/,107.96,55353,0,
2026-05-16T16:14:47.456781,GET,/api/mixed/http/,107.65,55353,0,
2026-05-16T16:14:47.462837,GET,/api/mixed/pipeline/1/,2.73,82,0,
2026-05-16T16:14:47.473471,GET,/api/mixed/http/,107.42,55353,0,
2026-05-16T16:14:47.476653,GET,/api/mixed/http/,108.02,55353,0,
2026-05-16T16:14:47.487400,GET,/api/mixed/http/,107.84,55353,0,
2026-05-16T16:14:47.487918,GET,/api/mixed/http/,108.85,55353,0,
2026-05-16T16:14:47.491955,GET,/api/mixed/pipeline/1/,2.66,82,0,
2026-05-16T16:14:47.503115,GET,/api/mixed/pipeline/1/,3.85,82,0,
2026-05-16T16:14:47.504217,GET,/api/mixed/db/1/,4.51,247,0,
2026-05-16T16:14:47.511280,GET,/api/mixed/pipeline/1/,2.91,82,0,
2026-05-16T16:14:47.518880,GET,/api/mixed/http/,108.12,55353,0,
2026-05-16T16:14:47.523884,GET,/api/mixed/pipeline/1/,3.65,82,0,
2026-05-16T16:14:47.524468,GET,/api/mixed/db/1/,3.74,247,0,
2026-05-16T16:14:47.528813,GET,/api/mixed/pipeline/1/,3.18,82,0,
2026-05-16T16:14:47.530194,GET,/api/mixed/db/1/,3.6,247,0,
2026-05-16T16:14:47.535317,GET,/api/mixed/db/1/,3.92,247,0,
2026-05-16T16:14:47.542885,GET,/api/mixed/db/1/,4.21,247,0,
2026-05-16T16:14:47.545390,GET,/api/mixed/pipeline/1/,3.42,82,0,
2026-05-16T16:14:47.570417,GET,/api/mixed/pipeline/1/,2.82,82,0,
2026-05-16T16:14:47.575515,GET,/api/mixed/pipeline/1/,2.76,82,0,
2026-05-16T16:14:47.588869,GET,/api/mixed/http/,107.86,55353,0,
2026-05-16T16:14:47.604152,GET,/api/mixed/db/1/,3.96,247,0,
2026-05-16T16:14:47.608518,GET,/api/mixed/http/,107.48,55353,0,
2026-05-16T16:14:47.622080,GET,/api/mixed/pipeline/1/,2.85,82,0,
2026-05-16T16:14:47.631369,GET,/api/mixed/db/1/,3.91,247,0,
2026-05-16T16:14:47.640708,GET,/api/mixed/db/1/,3.98,247,0,
2026-05-16T16:14:47.653023,GET,/api/mixed/db/1/,4.26,247,0,
2026-05-16T16:14:47.664196,GET,/api/mixed/pipeline/1/,2.67,82,0,
2026-05-16T16:14:47.668850,GET,/api/mixed/http/,108.29,55353,0,
2026-05-16T16:14:47.676126,GET,/api/mixed/http/,108.97,55353,0,
2026-05-16T16:14:47.681399,GET,/api/mixed/db/1/,3.9,247,0,
2026-05-16T16:14:47.685459,GET,/api/mixed/pipeline/1/,2.84,82,0,
2026-05-16T16:14:47.687554,GET,/api/mixed/http/,107.73,55353,0,
2026-05-16T16:14:47.705433,GET,/api/mixed/pipeline/1/,2.83,82,0,
2026-05-16T16:14:47.714434,GET,/api/mixed/db/1/,3.75,247,0,
2026-05-16T16:14:47.717978,GET,/api/mixed/http/,109.3,55353,0,
2026-05-16T16:14:47.752700,GET,/api/mixed/http/,107.52,55353,0,
2026-05-16T16:14:47.755539,GET,/api/mixed/db/1/,4.35,247,0,
2026-05-16T16:14:47.760678,GET,/api/mixed/http/,108.62,55353,0,
2026-05-16T16:14:47.763345,GET,/api/mixed/http/,108.08,55353,0,
2026-05-16T16:14:47.763818,GET,/api/mixed/http/,107.67,55353,0,
2026-05-16T16:14:47.779684,GET,/api/mixed/pipeline/1/,4.7,82,0,
2026-05-16T16:14:47.801108,GET,/api/mixed/db/1/,4.15,247,0,
2026-05-16T16:14:47.806594,GET,/api/mixed/http/,107.68,55353,0,
2026-05-16T16:14:47.849223,GET,/api/mixed/db/1/,4.13,247,0,
2026-05-16T16:14:47.854078,GET,/api/mixed/db/1/,3.64,247,0,
2026-05-16T16:14:47.868427,GET,/api/mixed/http/,109.68,55353,0,
2026-05-16T16:14:47.877169,GET,/api/mixed/db/1/,4.42,247,0,
2026-05-16T16:14:47.897023,GET,/api/mixed/pipeline/1/,2.89,82,0,
2026-05-16T16:14:47.909260,GET,/api/mixed/pipeline/1/,2.88,82,0,
2026-05-16T16:14:47.916224,GET,/api/mixed/http/,108.28,55353,0,
2026-05-16T16:14:47.919048,GET,/api/mixed/http/,107.5,55353,0,
2026-05-16T16:14:47.932383,GET,/api/mixed/db/1/,3.99,247,0,
2026-05-16T16:14:47.952102,GET,/api/mixed/db/1/,3.99,247,0,
2026-05-16T16:14:47.981813,GET,/api/mixed/http/,108.04,55353,0,
2026-05-16T16:14:47.984759,GET,/api/mixed/db/1/,4.39,247,0,
2026-05-16T16:14:47.996362,GET,/api/mixed/http/,108.8,55353,0,
2026-05-16T16:14:48.005208,GET,/api/mixed/pipeline/1/,3.49,82,0,
2026-05-16T16:14:48.047513,GET,/api/mixed/pipeline/1/,3.54,82,0,
2026-05-16T16:14:48.049905,GET,/api/mixed/pipeline/1/,3.22,82,0,
2026-05-16T16:14:48.056694,GET,/api/mixed/http/,109.07,55353,0,
2026-05-16T16:14:48.058580,GET,/api/mixed/pipeline/1/,3.46,82,0,
2026-05-16T16:14:48.077929,GET,/api/mixed/pipeline/1/,2.99,82,0,
2026-05-16T16:14:48.086139,GET,/api/mixed/db/1/,3.85,247,0,
2026-05-16T16:14:48.097363,GET,/api/mixed/http/,108.41,55353,0,
2026-05-16T16:14:48.099721,GET,/api/mixed/pipeline/1/,3.42,82,0,
2026-05-16T16:14:48.105693,GET,/api/mixed/pipeline/1/,2.69,82,0,
2026-05-16T16:14:48.112572,GET,/api/mixed/http/,108.32,55353,0,
2026-05-16T16:14:48.115066,GET,/api/mixed/pipeline/1/,3.59,82,0,
2026-05-16T16:14:48.115495,GET,/api/mixed/db/1/,4.59,247,0,
2026-05-16T16:14:48.125847,GET,/api/mixed/db/1/,3.94,247,0,
2026-05-16T16:14:48.129761,GET,/api/mixed/http/,108.29,55353,0,
2026-05-16T16:14:48.132994,GET,/api/mixed/pipeline/1/,2.99,82,0,
2026-05-16T16:14:48.151247,GET,/api/mixed/pipeline/1/,2.98,82,0,
2026-05-16T16:14:48.164706,GET,/api/mixed/http/,109.12,55353,0,
2026-05-16T16:14:48.168909,GET,/api/mixed/db/1/,3.83,247,0,
2026-05-16T16:14:48.187326,GET,/api/mixed/pipeline/1/,3.05,82,0,
2026-05-16T16:14:48.193728,GET,/api/mixed/db/1/,4.01,247,0,
2026-05-16T16:14:48.239636,GET,/api/mixed/http/,110.85,55353,0,
2026-05-16T16:14:48.240121,GET,/api/mixed/db/1/,4.75,247,0,
2026-05-16T16:14:48.242343,GET,/api/mixed/pipeline/1/,5.02,82,0,
2026-05-16T16:14:48.243462,GET,/api/mixed/db/1/,5.69,247,0,
2026-05-16T16:14:48.250906,GET,/api/mixed/pipeline/1/,3.19,82,0,
2026-05-16T16:14:48.255383,GET,/api/mixed/http/,108.16,55353,0,
2026-05-16T16:14:48.260333,GET,/api/mixed/pipeline/1/,3.11,82,0,
2026-05-16T16:14:48.272693,GET,/api/mixed/http/,109.17,55353,0,
2026-05-16T16:14:48.285278,GET,/api/mixed/pipeline/1/,3.49,82,0,
2026-05-16T16:14:48.287585,GET,/api/mixed/pipeline/1/,3.25,82,0,
2026-05-16T16:14:48.302468,GET,/api/mixed/db/1/,4.56,247,0,
2026-05-16T16:14:48.314539,GET,/api/mixed/db/1/,4.85,247,0,
2026-05-16T16:14:48.314997,GET,/api/mixed/db/1/,4.26,247,0,
2026-05-16T16:14:48.329363,GET,/api/mixed/pipeline/1/,2.97,82,0,
2026-05-16T16:14:48.342447,GET,/api/mixed/http/,108.47,55353,0,
2026-05-16T16:14:48.361139,GET,/api/mixed/pipeline/1/,2.88,82,0,
2026-05-16T16:14:48.363248,GET,/api/mixed/db/1/,3.68,247,0,
2026-05-16T16:14:48.365321,GET,/api/mixed/http/,108.55,55353,0,
2026-05-16T16:14:48.368627,GET,/api/mixed/http/,108.18,55353,0,
2026-05-16T16:14:48.379841,GET,/api/mixed/http/,108.15,55353,0,
2026-05-16T16:14:48.386127,GET,/api/mixed/db/1/,3.87,247,0,
2026-05-16T16:14:48.404045,GET,/api/mixed/pipeline/1/,3.56,82,0,
2026-05-16T16:14:48.405295,GET,/api/mixed/db/1/,4.27,247,0,
2026-05-16T16:14:48.421835,GET,/api/mixed/pipeline/1/,4.21,82,0,
2026-05-16T16:14:48.423160,GET,/api/mixed/db/1/,4.43,247,0,
2026-05-16T16:14:48.455194,GET,/api/mixed/http/,108.38,55353,0,
2026-05-16T16:14:48.459257,GET,/api/mixed/db/1/,3.94,247,0,
2026-05-16T16:14:48.471604,GET,/api/mixed/pipeline/1/,2.95,82,0,
2026-05-16T16:14:48.506114,GET,/api/mixed/db/1/,4.12,247,0,
2026-05-16T16:14:48.527428,GET,/api/mixed/http/,107.77,55353,0,
2026-05-16T16:14:48.531510,GET,/api/mixed/db/1/,3.95,247,0,
2026-05-16T16:14:48.537012,GET,/api/mixed/db/1/,4.35,247,0,
2026-05-16T16:14:48.538003,GET,/api/mixed/db/1/,4.3,247,0,
2026-05-16T16:14:48.541504,GET,/api/mixed/db/1/,4.35,247,0,
2026-05-16T16:14:48.573707,GET,/api/mixed/db/1/,3.94,247,0,
2026-05-16T16:14:48.598788,GET,/api/mixed/pipeline/1/,3.15,82,0,
2026-05-16T16:14:48.615099,GET,/api/mixed/db/1/,4.08,247,0,
2026-05-16T16:14:48.615921,GET,/api/mixed/http/,108.44,55353,0,
2026-05-16T16:14:48.658849,GET,/api/mixed/db/1/,3.9,247,0,
2026-05-16T16:14:48.667902,GET,/api/mixed/http/,107.96,55353,0,
2026-05-16T16:14:48.681568,GET,/api/mixed/pipeline/1/,2.81,82,0,
2026-05-16T16:14:48.685484,GET,/api/mixed/http/,108.5,55353,0,
2026-05-16T16:14:48.701086,GET,/api/mixed/pipeline/1/,3.84,82,0,
2026-05-16T16:14:48.708338,GET,/api/mixed/pipeline/1/,2.87,82,0,
2026-05-16T16:14:48.720698,GET,/api/mixed/db/1/,3.99,247,0,
2026-05-16T16:14:48.723549,GET,/api/mixed/pipeline/1/,2.73,82,0,
2026-05-16T16:14:48.726283,GET,/api/mixed/pipeline/1/,2.63,82,0,
2026-05-16T16:14:48.736600,GET,/api/mixed/pipeline/1/,3.95,82,0,
2026-05-16T16:14:48.737026,GET,/api/mixed/db/1/,3.93,247,0,
2026-05-16T16:14:48.750624,GET,/api/mixed/db/1/,4.37,247,0,
2026-05-16T16:14:48.751160,GET,/api/mixed/http/,108.85,55353,0,
2026-05-16T16:14:48.753618,GET,/api/mixed/pipeline/1/,3.89,82,0,
2026-05-16T16:14:48.766561,GET,/api/mixed/http/,107.6,55353,0,
2026-05-16T16:14:48.782096,GET,/api/mixed/http/,107.82,55353,0,
2026-05-16T16:14:48.794813,GET,/api/mixed/http/,107.96,55353,0,
2026-05-16T16:14:48.801551,GET,/api/mixed/http/,107.87,55353,0,
2026-05-16T16:14:48.843476,GET,/api/mixed/pipeline/1/,2.85,82,0,
2026-05-16T16:14:48.868053,GET,/api/mixed/db/1/,4.5,247,0,
2026-05-16T16:14:48.874578,GET,/api/mixed/pipeline/1/,2.76,82,0,
2026-05-16T16:14:48.875723,GET,/api/mixed/db/1/,4.37,247,0,
2026-05-16T16:14:48.882075,GET,/api/mixed/db/1/,3.96,247,0,
2026-05-16T16:14:48.891281,GET,/api/mixed/http/,107.94,55353,0,
2026-05-16T16:14:48.893452,GET,/api/mixed/pipeline/1/,3.1,82,0,
2026-05-16T16:14:48.909585,GET,/api/mixed/http/,107.91,55353,0,
2026-05-16T16:14:48.932179,GET,/api/mixed/db/1/,4.2,247,0,
2026-05-16T16:14:48.937813,GET,/api/mixed/http/,107.67,55353,0,
2026-05-16T16:14:48.950237,GET,/api/mixed/db/1/,4.05,247,0,
2026-05-16T16:14:48.953338,GET,/api/mixed/http/,107.45,55353,0,
2026-05-16T16:14:48.960406,GET,/api/mixed/pipeline/1/,2.8,82,0,
2026-05-16T16:14:48.968672,GET,/api/mixed/pipeline/1/,2.69,82,0,
2026-05-16T16:14:48.975471,GET,/api/mixed/http/,108.28,55353,0,
2026-05-16T16:14:48.981717,GET,/api/mixed/db/1/,3.83,247,0,
2026-05-16T16:14:49.004440,GET,/api/mixed/pipeline/1/,3.14,82,0,
2026-05-16T16:14:49.016157,GET,/api/mixed/http/,108.48,55353,0,
2026-05-16T16:14:49.018388,GET,/api/mixed/pipeline/1/,3.66,82,0,
2026-05-16T16:14:49.025182,GET,/api/mixed/pipeline/1/,3.53,82,0,
2026-05-16T16:14:49.025585,GET,/api/mixed/pipeline/1/,4.34,82,0,
2026-05-16T16:14:49.060716,GET,/api/mixed/db/1/,3.83,247,0,
2026-05-16T16:14:49.061149,GET,/api/mixed/db/1/,5.23,247,0,
2026-05-16T16:14:49.072427,GET,/api/mixed/http/,107.78,55353,0,
2026-05-16T16:14:49.092061,GET,/api/mixed/http/,107.91,55353,0,
2026-05-16T16:14:49.098388,GET,/api/mixed/db/1/,3.93,247,0,
2026-05-16T16:14:49.109992,GET,/api/mixed/http/,109.2,55353,0,
2026-05-16T16:14:49.116666,GET,/api/mixed/db/1/,4.37,247,0,
2026-05-16T16:14:49.120660,GET,/api/mixed/db/1/,3.85,247,0,
2026-05-16T16:14:49.121524,GET,/api/mixed/db/1/,5.72,247,0,
2026-05-16T16:14:49.122861,GET,/api/mixed/db/1/,4.51,247,0,
2026-05-16T16:14:49.130532,GET,/api/mixed/http/,109.76,55353,0,
2026-05-16T16:14:49.130968,GET,/api/mixed/db/1/,3.9,247,0,
2026-05-16T16:14:49.149394,GET,/api/mixed/db/1/,4.05,247,0,
2026-05-16T16:14:49.159099,GET,/api/mixed/http/,107.85,55353,0,
2026-05-16T16:14:49.159517,GET,/api/mixed/pipeline/1/,2.89,82,0,
2026-05-16T16:14:49.164722,GET,/api/mixed/pipeline/1/,3.91,82,0,
2026-05-16T16:14:49.204676,GET,/api/mixed/db/1/,4.19,247,0,
2026-05-16T16:14:49.225016,GET,/api/mixed/db/1/,3.94,247,0,
2026-05-16T16:14:49.241955,GET,/api/mixed/db/1/,4.04,247,0,
2026-05-16T16:14:49.252583,GET,/api/mixed/pipeline/1/,3.77,82,0,
2026-05-16T16:14:49.253001,GET,/api/mixed/pipeline/1/,3.19,82,0,
2026-05-16T16:14:49.268684,GET,/api/mixed/pipeline/1/,2.82,82,0,
2026-05-16T16:14:49.272375,GET,/api/mixed/db/1/,3.58,247,0,
2026-05-16T16:14:49.274529,GET,/api/mixed/http/,107.46,55353,0,
2026-05-16T16:14:49.290299,GET,/api/mixed/db/1/,3.91,247,0,
2026-05-16T16:14:49.293309,GET,/api/mixed/http/,108.84,55353,0,
2026-05-16T16:14:49.295238,GET,/api/mixed/db/1/,3.7,247,0,
2026-05-16T16:14:49.299758,GET,/api/mixed/pipeline/1/,3.33,82,0,
2026-05-16T16:14:49.302223,GET,/api/mixed/pipeline/1/,3.29,82,0,
2026-05-16T16:14:49.326312,GET,/api/mixed/db/1/,4.0,247,0,
2026-05-16T16:14:49.328496,GET,/api/mixed/db/1/,3.81,247,0,
2026-05-16T16:14:49.334138,GET,/api/mixed/db/1/,3.89,247,0,
2026-05-16T16:14:49.335554,GET,/api/mixed/db/1/,3.69,247,0,
2026-05-16T16:14:49.347782,GET,/api/mixed/http/,110.37,55353,0,
2026-05-16T16:14:49.357560,GET,/api/mixed/http/,109.26,55353,0,
2026-05-16T16:14:49.364474,GET,/api/mixed/db/1/,4.63,247,0,
2026-05-16T16:14:49.364936,GET,/api/mixed/db/1/,5.5,247,0,
2026-05-16T16:14:49.367729,GET,/api/mixed/http/,107.56,55353,0,
2026-05-16T16:14:49.372944,GET,/api/mixed/pipeline/1/,2.85,82,0,
2026-05-16T16:14:49.387489,GET,/api/mixed/http/,107.79,55353,0,
2026-05-16T16:14:49.388484,GET,/api/mixed/pipeline/1/,2.71,82,0,
2026-05-16T16:14:49.398707,GET,/api/mixed/db/1/,3.86,247,0,
2026-05-16T16:14:49.402868,GET,/api/mixed/db/1/,3.81,247,0,
2026-05-16T16:14:49.408218,GET,/api/mixed/db/1/,3.91,247,0,
2026-05-16T16:14:49.427817,GET,/api/mixed/http/,108.35,55353,0,
2026-05-16T16:14:49.429853,GET,/api/mixed/db/1/,5.31,247,0,
2026-05-16T16:14:49.430303,GET,/api/mixed/pipeline/1/,4.0,82,0,
2026-05-16T16:14:49.430942,GET,/api/mixed/db/1/,5.07,247,0,
2026-05-16T16:14:49.437484,GET,/api/mixed/pipeline/1/,3.28,82,0,
2026-05-16T16:14:49.439086,GET,/api/mixed/db/1/,3.92,247,0,
2026-05-16T16:14:49.439548,GET,/api/mixed/http/,109.76,55353,0,
2026-05-16T16:14:49.458386,GET,/api/mixed/http/,109.24,55353,0,
2026-05-16T16:14:49.461615,GET,/api/mixed/db/1/,5.14,247,0,
2026-05-16T16:14:49.467822,GET,/api/mixed/http/,108.86,55353,0,
2026-05-16T16:14:49.489189,GET,/api/mixed/http/,107.87,55353,0,
2026-05-16T16:14:49.491366,GET,/api/mixed/pipeline/1/,3.31,82,0,
2026-05-16T16:14:49.507699,GET,/api/mixed/http/,110.39,55353,0,
2026-05-16T16:14:49.516027,GET,/api/mixed/db/1/,3.95,247,0,
2026-05-16T16:14:49.518817,GET,/api/mixed/db/1/,4.19,247,0,
2026-05-16T16:14:49.553557,GET,/api/mixed/http/,107.63,55353,0,
2026-05-16T16:14:49.555534,GET,/api/mixed/pipeline/1/,3.52,82,0,
2026-05-16T16:14:49.577955,GET,/api/mixed/pipeline/1/,3.06,82,0,
2026-05-16T16:14:49.587295,GET,/api/mixed/pipeline/1/,2.97,82,0,
2026-05-16T16:14:49.658531,GET,/api/mixed/pipeline/1/,3.72,82,0,
2026-05-16T16:14:49.660033,GET,/api/mixed/pipeline/1/,4.07,82,0,
2026-05-16T16:14:49.663334,GET,/api/mixed/db/1/,4.1,247,0,
2026-05-16T16:14:49.666658,GET,/api/mixed/db/1/,4.58,247,0,
2026-05-16T16:14:49.676723,GET,/api/mixed/db/1/,3.91,247,0,
2026-05-16T16:14:49.698517,GET,/api/mixed/pipeline/1/,3.07,82,0,
2026-05-16T16:14:49.715005,GET,/api/mixed/pipeline/1/,3.24,82,0,
2026-05-16T16:14:49.722761,GET,/api/mixed/http/,108.24,55353,0,
2026-05-16T16:14:49.728890,GET,/api/mixed/http/,107.91,55353,0,
2026-05-16T16:14:49.744215,GET,/api/mixed/pipeline/1/,2.95,82,0,
2026-05-16T16:14:49.771072,GET,/api/mixed/http/,107.62,55353,0,
2026-05-16T16:14:49.783636,GET,/api/mixed/http/,108.3,55353,0,
2026-05-16T16:14:50.589598,GET,/api/mixed/db/1/,4.2,247,0,
2026-05-16T16:14:50.608319,GET,/api/mixed/db/1/,3.91,247,0,
2026-05-16T16:14:50.617425,GET,/api/mixed/db/1/,3.76,247,0,
2026-05-16T16:14:50.641645,GET,/api/mixed/db/1/,4.09,247,0,
2026-05-16T16:14:50.648396,GET,/api/mixed/http/,108.44,55353,0,
2026-05-16T16:14:50.650799,GET,/api/mixed/pipeline/1/,3.94,82,0,
2026-05-16T16:14:50.684368,GET,/api/mixed/db/1/,4.21,247,0,
2026-05-16T16:14:50.703902,GET,/api/mixed/http/,108.02,55353,0,
2026-05-16T16:14:50.706388,GET,/api/mixed/pipeline/1/,3.46,82,0,
2026-05-16T16:14:50.727752,GET,/api/mixed/http/,107.97,55353,0,
2026-05-16T16:14:50.745918,GET,/api/mixed/pipeline/1/,3.36,82,0,
2026-05-16T16:14:50.747616,GET,/api/mixed/db/1/,3.79,247,0,
2026-05-16T16:14:50.755779,GET,/api/mixed/http/,108.47,55353,0,
2026-05-16T16:14:50.759335,GET,/api/mixed/db/1/,4.42,247,0,
2026-05-16T16:14:50.763585,GET,/api/mixed/pipeline/1/,2.86,82,0,
2026-05-16T16:14:50.777409,GET,/api/mixed/pipeline/1/,2.96,82,0,
2026-05-16T16:14:50.791495,GET,/api/mixed/http/,108.55,55353,0,
2026-05-16T16:14:50.798142,GET,/api/mixed/db/1/,5.34,247,0,
2026-05-16T16:14:50.816122,GET,/api/mixed/db/1/,7.58,247,0,
2026-05-16T16:14:50.826940,GET,/api/mixed/db/1/,5.43,247,0,
2026-05-16T16:14:50.846071,GET,/api/mixed/http/,107.94,55353,0,
2026-05-16T16:14:50.849538,GET,/api/mixed/pipeline/1/,3.33,82,0,
2026-05-16T16:14:50.856360,GET,/api/mixed/http/,107.47,55353,0,
2026-05-16T16:14:50.858907,GET,/api/mixed/pipeline/1/,4.31,82,0,
2026-05-16T16:14:50.867571,GET,/api/mixed/pipeline/1/,3.88,82,0,
2026-05-16T16:14:50.868013,GET,/api/mixed/db/1/,3.92,247,0,
2026-05-16T16:14:50.873252,GET,/api/mixed/http/,107.33,55353,0,
2026-05-16T16:14:50.891399,GET,/api/mixed/http/,107.66,55353,0,
2026-05-16T16:14:50.924013,GET,/api/mixed/pipeline/1/,3.28,82,0,
2026-05-16T16:14:50.924488,GET,/api/mixed/db/1/,5.17,247,0,
2026-05-16T16:14:50.957617,GET,/api/mixed/http/,108.9,55353,0,
2026-05-16T16:14:50.963478,GET,/api/mixed/http/,108.43,55353,0,
2026-05-16T16:14:50.973082,GET,/api/mixed/db/1/,4.32,247,0,
2026-05-16T16:14:50.973814,GET,/api/mixed/http/,110.58,55353,0,
2026-05-16T16:14:50.975740,GET,/api/mixed/pipeline/1/,3.55,82,0,
2026-05-16T16:14:50.992167,GET,/api/mixed/http/,107.72,55353,0,
2026-05-16T16:14:51.003507,GET,/api/mixed/http/,107.78,55353,0,
2026-05-16T16:14:51.022558,GET,/api/mixed/pipeline/1/,3.82,82,0,
2026-05-16T16:14:51.031299,GET,/api/mixed/http/,108.22,55353,0,
2026-05-16T16:14:51.052965,GET,/api/mixed/http/,108.78,55353,0,
2026-05-16T16:14:51.066107,GET,/api/mixed/pipeline/1/,4.34,82,0,
2026-05-16T16:14:51.069457,GET,/api/mixed/pipeline/1/,4.32,82,0,
2026-05-16T16:14:51.077534,GET,/api/mixed/db/1/,3.84,247,0,
2026-05-16T16:14:51.083708,GET,/api/mixed/db/1/,3.82,247,0,
2026-05-16T16:14:51.086938,GET,/api/mixed/http/,107.88,55353,0,
2026-05-16T16:14:51.093124,GET,/api/mixed/http/,107.56,55353,0,
2026-05-16T16:14:51.115439,GET,/api/mixed/pipeline/1/,3.07,82,0,
2026-05-16T16:14:51.128641,GET,/api/mixed/pipeline/1/,2.95,82,0,
2026-05-16T16:14:51.130579,GET,/api/mixed/http/,108.93,55353,0,
2026-05-16T16:14:51.133355,GET,/api/mixed/pipeline/1/,2.67,82,0,
2026-05-16T16:14:51.137390,GET,/api/mixed/pipeline/1/,2.98,82,0,
2026-05-16T16:14:51.137797,GET,/api/mixed/db/1/,4.34,247,0,
2026-05-16T16:14:51.149922,GET,/api/mixed/pipeline/1/,3.34,82,0,
2026-05-16T16:14:51.156401,GET,/api/mixed/http/,108.6,55353,0,
2026-05-16T16:14:51.170775,GET,/api/mixed/http/,109.47,55353,0,
2026-05-16T16:14:51.171301,GET,/api/mixed/http/,109.15,55353,0,
2026-05-16T16:14:51.174747,GET,/api/mixed/http/,108.45,55353,0,
2026-05-16T16:14:51.178009,GET,/api/mixed/pipeline/1/,4.22,82,0,
2026-05-16T16:14:51.194004,GET,/api/mixed/pipeline/1/,5.72,82,0,
2026-05-16T16:14:51.194428,GET,/api/mixed/db/1/,5.27,247,0,
2026-05-16T16:14:51.199908,GET,/api/mixed/pipeline/1/,3.16,82,0,
2026-05-16T16:14:51.200628,GET,/api/mixed/pipeline/1/,2.7,82,0,
2026-05-16T16:14:51.204698,GET,/api/mixed/pipeline/1/,2.74,82,0,
2026-05-16T16:14:51.221792,GET,/api/mixed/db/1/,3.93,247,0,
2026-05-16T16:14:51.255262,GET,/api/mixed/http/,109.14,55353,0,
2026-05-16T16:14:51.257014,GET,/api/mixed/http/,107.93,55353,0,
2026-05-16T16:14:51.278320,GET,/api/mixed/http/,108.72,55353,0,
2026-05-16T16:14:51.282519,GET,/api/mixed/http/,107.6,55353,0,
2026-05-16T16:14:51.295803,GET,/api/mixed/pipeline/1/,2.93,82,0,
2026-05-16T16:14:51.300151,GET,/api/mixed/http/,111.38,55353,0,
2026-05-16T16:14:51.302144,GET,/api/mixed/pipeline/1/,3.5,82,0,
2026-05-16T16:14:51.302632,GET,/api/mixed/pipeline/1/,3.55,82,0,
2026-05-16T16:14:51.314869,GET,/api/mixed/http/,107.87,55353,0,
2026-05-16T16:14:51.331973,GET,/api/mixed/pipeline/1/,2.85,82,0,
2026-05-16T16:14:51.337502,GET,/api/mixed/pipeline/1/,4.14,82,0,
2026-05-16T16:14:51.338197,GET,/api/mixed/db/1/,4.4,247,0,
2026-05-16T16:14:51.338590,GET,/api/mixed/db/1/,3.86,247,0,
2026-05-16T16:14:51.355616,GET,/api/mixed/pipeline/1/,3.69,82,0,
2026-05-16T16:14:51.361353,GET,/api/mixed/db/1/,3.79,247,0,
2026-05-16T16:14:51.365955,GET,/api/mixed/http/,107.61,55353,0,
2026-05-16T16:14:51.374037,GET,/api/mixed/http/,108.11,55353,0,
2026-05-16T16:14:51.376135,GET,/api/mixed/db/1/,3.95,247,0,
2026-05-16T16:14:51.384001,GET,/api/mixed/db/1/,3.68,247,0,
2026-05-16T16:14:51.390306,GET,/api/mixed/pipeline/1/,2.92,82,0,
2026-05-16T16:14:51.395973,GET,/api/mixed/pipeline/1/,3.24,82,0,
2026-05-16T16:14:51.397343,GET,/api/mixed/db/1/,3.59,247,0,
2026-05-16T16:14:51.402847,GET,/api/mixed/pipeline/1/,2.88,82,0,
2026-05-16T16:14:51.408989,GET,/api/mixed/db/1/,3.79,247,0,
2026-05-16T16:14:51.417070,GET,/api/mixed/pipeline/1/,2.81,82,0,
2026-05-16T16:14:51.422849,GET,/api/mixed/http/,108.99,55353,0,
2026-05-16T16:14:51.437710,GET,/api/mixed/pipeline/1/,3.47,82,0,
2026-05-16T16:14:51.441645,GET,/api/mixed/db/1/,4.8,247,0,
2026-05-16T16:14:51.442541,GET,/api/mixed/db/1/,4.26,247,0,
2026-05-16T16:14:51.452238,GET,/api/mixed/db/1/,4.47,247,0,
2026-05-16T16:14:51.452648,GET,/api/mixed/pipeline/1/,3.9,82,0,
2026-05-16T16:14:51.463238,GET,/api/mixed/http/,108.54,55353,0,
2026-05-16T16:14:51.504941,GET,/api/mixed/http/,107.49,55353,0,
2026-05-16T16:14:51.510317,GET,/api/mixed/db/1/,3.96,247,0,
2026-05-16T16:14:51.513855,GET,/api/mixed/db/1/,5.03,247,0,
2026-05-16T16:14:51.517163,GET,/api/mixed/db/1/,4.18,247,0,
2026-05-16T16:14:51.543565,GET,/api/mixed/pipeline/1/,3.09,82,0,
2026-05-16T16:14:51.549811,GET,/api/mixed/http/,108.05,55353,0,
2026-05-16T16:14:51.554472,GET,/api/mixed/pipeline/1/,3.36,82,0,
2026-05-16T16:14:51.558454,GET,/api/mixed/db/1/,3.87,247,0,
2026-05-16T16:14:51.563572,GET,/api/mixed/db/1/,3.87,247,0,
2026-05-16T16:14:51.574171,GET,/api/mixed/pipeline/1/,5.19,82,0,
2026-05-16T16:14:51.594306,GET,/api/mixed/http/,107.67,55353,0,
2026-05-16T16:14:51.609076,GET,/api/mixed/db/1/,4.56,247,0,
2026-05-16T16:14:51.610879,GET,/api/mixed/pipeline/1/,2.94,82,0,
2026-05-16T16:14:51.661773,GET,/api/mixed/http/,108.2,55353,0,
2026-05-16T16:14:51.680112,GET,/api/mixed/http/,107.52,55353,0,
2026-05-16T16:14:51.680578,GET,/api/mixed/http/,110.34,55353,0,
2026-05-16T16:14:51.686446,GET,/api/mixed/http/,108.03,55353,0,
2026-05-16T16:14:51.687732,GET,/api/mixed/db/1/,3.92,247,0,
2026-05-16T16:14:51.704800,GET,/api/mixed/db/1/,4.77,247,0,
2026-05-16T16:14:51.713264,GET,/api/mixed/http/,107.7,55353,0,
2026-05-16T16:14:51.727330,GET,/api/mixed/db/1/,4.68,247,0,
2026-05-16T16:14:51.754765,GET,/api/mixed/pipeline/1/,3.38,82,0,
2026-05-16T16:14:51.764649,GET,/api/mixed/pipeline/1/,3.5,82,0,
2026-05-16T16:14:51.765068,GET,/api/mixed/pipeline/1/,2.9,82,0,
2026-05-16T16:14:51.786235,GET,/api/mixed/http/,108.21,55353,0,
2026-05-16T16:14:51.786654,GET,/api/mixed/db/1/,4.64,247,0,
2026-05-16T16:14:51.791986,GET,/api/mixed/pipeline/1/,3.09,82,0,
2026-05-16T16:14:51.813424,GET,/api/mixed/http/,108.45,55353,0,
2026-05-16T16:14:51.824890,GET,/api/mixed/db/1/,4.06,247,0,
2026-05-16T16:14:51.831889,GET,/api/mixed/db/1/,5.78,247,0,
2026-05-16T16:14:51.832795,GET,/api/mixed/http/,109.64,55353,0,
2026-05-16T16:14:51.837422,GET,/api/mixed/pipeline/1/,3.36,82,0,
2026-05-16T16:14:51.841421,GET,/api/mixed/db/1/,3.88,247,0,
2026-05-16T16:14:51.854760,GET,/api/mixed/http/,108.14,55353,0,
2026-05-16T16:14:51.868092,GET,/api/mixed/pipeline/1/,3.53,82,0,
2026-05-16T16:14:51.870197,GET,/api/mixed/db/1/,4.26,247,0,
2026-05-16T16:14:51.872486,GET,/api/mixed/pipeline/1/,3.15,82,0,
2026-05-16T16:14:51.875288,GET,/api/mixed/http/,107.86,55353,0,
2026-05-16T16:14:51.884470,GET,/api/mixed/db/1/,3.99,247,0,
2026-05-16T16:14:51.904822,GET,/api/mixed/db/1/,3.96,247,0,
2026-05-16T16:14:51.935239,GET,/api/mixed/http/,107.77,55353,0,
2026-05-16T16:14:51.937362,GET,/api/mixed/db/1/,4.28,247,0,
2026-05-16T16:14:51.944615,GET,/api/mixed/db/1/,4.03,247,0,
2026-05-16T16:14:51.961763,GET,/api/mixed/pipeline/1/,2.89,82,0,
2026-05-16T16:14:51.962719,GET,/api/mixed/http/,107.83,55353,0,
2026-05-16T16:14:51.981203,GET,/api/mixed/db/1/,4.11,247,0,
2026-05-16T16:14:51.991025,GET,/api/mixed/db/1/,4.53,247,0,
2026-05-16T16:14:52.013965,GET,/api/mixed/pipeline/1/,4.11,82,0,
2026-05-16T16:14:52.014839,GET,/api/mixed/pipeline/1/,3.6,82,0,
2026-05-16T16:14:52.030410,GET,/api/mixed/pipeline/1/,3.16,82,0,
2026-05-16T16:14:52.054655,GET,/api/mixed/pipeline/1/,2.8,82,0,
2026-05-16T16:14:52.079877,GET,/api/mixed/pipeline/1/,2.77,82,0,
2026-05-16T16:14:52.092736,GET,/api/mixed/pipeline/1/,3.45,82,0,
2026-05-16T16:14:52.095950,GET,/api/mixed/db/1/,6.18,247,0,
2026-05-16T16:14:52.100633,GET,/api/mixed/http/,108.45,55353,0,
2026-05-16T16:14:52.101070,GET,/api/mixed/db/1/,3.87,247,0,
2026-05-16T16:14:52.151129,GET,/api/mixed/http/,108.51,55353,0,
2026-05-16T16:14:52.155845,GET,/api/mixed/http/,107.61,55353,0,
2026-05-16T16:14:52.158704,GET,/api/mixed/pipeline/1/,2.74,82,0,
2026-05-16T16:14:52.167778,GET,/api/mixed/pipeline/1/,2.71,82,0,
2026-05-16T16:14:52.176422,GET,/api/mixed/pipeline/1/,2.94,82,0,
2026-05-16T16:14:52.176894,GET,/api/mixed/http/,108.89,55353,0,
2026-05-16T16:14:52.179161,GET,/api/mixed/http/,107.61,55353,0,
2026-05-16T16:14:52.200383,GET,/api/mixed/db/1/,4.06,247,0,
2026-05-16T16:14:52.202184,GET,/api/mixed/pipeline/1/,3.26,82,0,
2026-05-16T16:14:52.236246,GET,/api/mixed/http/,107.92,55353,0,
2026-05-16T16:14:52.236665,GET,/api/mixed/db/1/,4.23,247,0,
2026-05-16T16:14:52.253881,GET,/api/mixed/http/,108.92,55353,0,
2026-05-16T16:14:52.257620,GET,/api/mixed/db/1/,5.17,247,0,
2026-05-16T16:14:52.258102,GET,/api/mixed/http/,108.04,55353,0,
2026-05-16T16:14:52.277626,GET,/api/mixed/http/,108.58,55353,0,
2026-05-16T16:14:52.278117,GET,/api/mixed/http/,107.98,55353,0,
2026-05-16T16:14:52.278502,GET,/api/mixed/db/1/,4.19,247,0,
2026-05-16T16:14:52.281324,GET,/api/mixed/pipeline/1/,2.73,82,0,
2026-05-16T16:14:52.289658,GET,/api/mixed/pipeline/1/,3.39,82,0,
2026-05-16T16:14:52.290060,GET,/api/mixed/pipeline/1/,3.35,82,0,
2026-05-16T16:14:52.337253,GET,/api/mixed/db/1/,5.62,247,0,
2026-05-16T16:14:52.343520,GET,/api/mixed/db/1/,6.13,247,0,
2026-05-16T16:14:52.347238,GET,/api/mixed/pipeline/1/,5.68,82,0,
2026-05-16T16:14:52.351189,GET,/api/mixed/db/1/,5.78,247,0,
2026-05-16T16:14:52.358866,GET,/api/mixed/http/,114.91,55353,0,
2026-05-16T16:14:52.359924,GET,/api/mixed/pipeline/1/,6.37,82,0,
2026-05-16T16:14:52.365883,GET,/api/mixed/http/,112.93,55353,0,
2026-05-16T16:14:52.376450,GET,/api/mixed/db/1/,5.17,247,0,
2026-05-16T16:14:52.390487,GET,/api/mixed/http/,107.75,55353,0,
2026-05-16T16:14:52.402578,GET,/api/mixed/pipeline/1/,3.72,82,0,
2026-05-16T16:14:52.404538,GET,/api/mixed/pipeline/1/,3.03,82,0,
2026-05-16T16:14:52.414608,GET,/api/mixed/pipeline/1/,2.74,82,0,
2026-05-16T16:14:52.427025,GET,/api/mixed/http/,108.75,55353,0,
2026-05-16T16:14:52.433511,GET,/api/mixed/db/1/,5.19,247,0,
2026-05-16T16:14:52.435517,GET,/api/mixed/pipeline/1/,3.32,82,0,
2026-05-16T16:14:52.435920,GET,/api/mixed/db/1/,5.03,247,0,
2026-05-16T16:14:52.463856,GET,/api/mixed/db/1/,3.99,247,0,
2026-05-16T16:14:52.478013,GET,/api/mixed/db/1/,5.3,247,0,
2026-05-16T16:14:52.478425,GET,/api/mixed/db/1/,6.19,247,0,
2026-05-16T16:14:52.483242,GET,/api/mixed/http/,108.97,55353,0,
2026-05-16T16:14:52.498342,GET,/api/mixed/db/1/,4.72,247,0,
2026-05-16T16:14:52.533284,GET,/api/mixed/pipeline/1/,3.69,82,0,
2026-05-16T16:14:52.533692,GET,/api/mixed/pipeline/1/,2.61,82,0,
2026-05-16T16:14:52.550335,GET,/api/mixed/http/,108.04,55353,0,
2026-05-16T16:14:52.555097,GET,/api/mixed/db/1/,4.15,247,0,
2026-05-16T16:14:52.555558,GET,/api/mixed/http/,108.24,55353,0,
2026-05-16T16:14:52.583443,GET,/api/mixed/db/1/,4.64,247,0,
2026-05-16T16:14:52.586887,GET,/api/mixed/db/1/,4.3,247,0,
2026-05-16T16:14:52.594566,GET,/api/mixed/pipeline/1/,3.33,82,0,
2026-05-16T16:14:52.602222,GET,/api/mixed/http/,108.1,55353,0,
2026-05-16T16:14:52.610464,GET,/api/mixed/pipeline/1/,2.85,82,0,
2026-05-16T16:14:52.627868,GET,/api/mixed/pipeline/1/,2.78,82,0,
2026-05-16T16:14:52.633069,GET,/api/mixed/pipeline/1/,2.92,82,0,
2026-05-16T16:14:52.659836,GET,/api/mixed/http/,109.37,55353,0,
2026-05-16T16:14:52.667682,GET,/api/mixed/pipeline/1/,3.5,82,0,
2026-05-16T16:14:52.675592,GET,/api/mixed/pipeline/1/,3.58,82,0,
2026-05-16T16:14:52.680125,GET,/api/mixed/pipeline/1/,3.1,82,0,
2026-05-16T16:14:52.697407,GET,/api/mixed/pipeline/1/,3.5,82,0,
2026-05-16T16:14:52.699895,GET,/api/mixed/http/,108.2,55353,0,
2026-05-16T16:14:52.705834,GET,/api/mixed/pipeline/1/,3.06,82,0,
2026-05-16T16:14:52.732908,GET,/api/mixed/http/,109.02,55353,0,
2026-05-16T16:14:52.738878,GET,/api/mixed/http/,109.63,55353,0,
2026-05-16T16:14:52.744088,GET,/api/mixed/db/1/,3.95,247,0,
2026-05-16T16:14:52.751877,GET,/api/mixed/http/,108.5,55353,0,
2026-05-16T16:14:52.790963,GET,/api/mixed/db/1/,4.1,247,0,
2026-05-16T16:14:52.795979,GET,/api/mixed/http/,107.65,55353,0,
2026-05-16T16:14:52.805445,GET,/api/mixed/http/,108.89,55353,0,
2026-05-16T16:14:52.811319,GET,/api/mixed/http/,109.01,55353,0,
2026-05-16T16:14:52.829187,GET,/api/mixed/pipeline/1/,3.58,82,0,
2026-05-16T16:14:52.829596,GET,/api/mixed/pipeline/1/,2.91,82,0,
2026-05-16T16:14:52.837806,GET,/api/mixed/pipeline/1/,2.84,82,0,
2026-05-16T16:14:52.865209,GET,/api/mixed/db/1/,3.89,247,0,
2026-05-16T16:14:52.873707,GET,/api/mixed/http/,108.43,55353,0,
2026-05-16T16:14:52.874212,GET,/api/mixed/http/,107.83,55353,0,
2026-05-16T16:14:52.877285,GET,/api/mixed/db/1/,4.5,247,0,
2026-05-16T16:14:52.880150,GET,/api/mixed/pipeline/1/,2.75,82,0,
2026-05-16T16:14:52.888345,GET,/api/mixed/http/,108.31,55353,0,
2026-05-16T16:14:52.893261,GET,/api/mixed/pipeline/1/,2.79,82,0,
2026-05-16T16:14:52.894963,GET,/api/mixed/http/,107.52,55353,0,
2026-05-16T16:14:52.901573,GET,/api/mixed/http/,108.37,55353,0,
2026-05-16T16:14:52.902082,GET,/api/mixed/db/1/,4.9,247,0,
2026-05-16T16:14:52.902500,GET,/api/mixed/db/1/,4.85,247,0,
2026-05-16T16:14:52.905455,GET,/api/mixed/db/1/,5.11,247,0,
2026-05-16T16:14:52.908511,GET,/api/mixed/db/1/,4.31,247,0,
2026-05-16T16:14:52.920116,GET,/api/mixed/pipeline/1/,2.89,82,0,
2026-05-16T16:14:52.920547,GET,/api/mixed/pipeline/1/,3.8,82,0,
2026-05-16T16:14:52.930244,GET,/api/mixed/db/1/,3.87,247,0,
2026-05-16T16:14:52.956982,GET,/api/mixed/http/,108.66,55353,0,
2026-05-16T16:14:52.957455,GET,/api/mixed/http/,108.66,55353,0,
2026-05-16T16:14:52.967546,GET,/api/mixed/db/1/,3.89,247,0,
2026-05-16T16:14:52.970176,GET,/api/mixed/http/,109.36,55353,0,
2026-05-16T16:14:52.977240,GET,/api/mixed/pipeline/1/,2.85,82,0,
2026-05-16T16:14:52.977701,GET,/api/mixed/http/,109.21,55353,0,
2026-05-16T16:14:52.988804,GET,/api/mixed/pipeline/1/,2.83,82,0,
2026-05-16T16:14:52.989224,GET,/api/mixed/db/1/,4.27,247,0,
2026-05-16T16:14:52.995857,GET,/api/mixed/http/,108.46,55353,0,
2026-05-16T16:14:53.006326,GET,/api/mixed/pipeline/1/,3.2,82,0,
2026-05-16T16:14:53.028587,GET,/api/mixed/db/1/,4.88,247,0,
2026-05-16T16:14:53.031245,GET,/api/mixed/http/,108.5,55353,0,
2026-05-16T16:14:53.044994,GET,/api/mixed/db/1/,3.8,247,0,
2026-05-16T16:14:53.051994,GET,/api/mixed/http/,107.55,55353,0,
2026-05-16T16:14:53.061737,GET,/api/mixed/pipeline/1/,2.86,82,0,
2026-05-16T16:14:53.107584,GET,/api/mixed/pipeline/1/,3.65,82,0,
2026-05-16T16:14:53.108176,GET,/api/mixed/pipeline/1/,2.73,82,0,
2026-05-16T16:14:53.113112,GET,/api/mixed/db/1/,3.7,247,0,
2026-05-16T16:14:53.118097,GET,/api/mixed/db/1/,3.8,247,0,
2026-05-16T16:14:53.121999,GET,/api/mixed/pipeline/1/,2.54,82,0,
2026-05-16T16:14:53.136525,GET,/api/mixed/http/,109.21,55353,0,
2026-05-16T16:14:53.139043,GET,/api/mixed/http/,108.69,55353,0,
2026-05-16T16:14:53.145388,GET,/api/mixed/http/,107.84,55353,0,
2026-05-16T16:14:53.149546,GET,/api/mixed/pipeline/1/,2.88,82,0,
2026-05-16T16:14:53.157012,GET,/api/mixed/db/1/,4.1,247,0,
2026-05-16T16:14:53.167238,GET,/api/mixed/http/,108.84,55353,0,
2026-05-16T16:14:53.191778,GET,/api/mixed/http/,107.82,55353,0,
2026-05-16T16:14:53.202657,GET,/api/mixed/http/,108.43,55353,0,
2026-05-16T16:14:53.212110,GET,/api/mixed/db/1/,4.11,247,0,
2026-05-16T16:14:53.244329,GET,/api/mixed/db/1/,4.0,247,0,
2026-05-16T16:14:53.264247,GET,/api/mixed/http/,108.09,55353,0,
2026-05-16T16:14:53.278502,GET,/api/mixed/http/,107.84,55353,0,
2026-05-16T16:14:53.280031,GET,/api/mixed/pipeline/1/,3.53,82,0,
2026-05-16T16:14:53.294237,GET,/api/mixed/db/1/,3.94,247,0,
2026-05-16T16:14:53.300276,GET,/api/mixed/db/1/,3.78,247,0,
2026-05-16T16:14:53.317713,GET,/api/mixed/pipeline/1/,3.07,82,0,
2026-05-16T16:14:53.321716,GET,/api/mixed/pipeline/1/,2.68,82,0,
2026-05-16T16:14:53.353860,GET,/api/mixed/db/1/,5.19,247,0,
2026-05-16T16:14:53.354302,GET,/api/mixed/db/1/,6.17,247,0,
2026-05-16T16:14:53.358037,GET,/api/mixed/db/1/,3.64,247,0,
2026-05-16T16:14:53.372959,GET,/api/mixed/pipeline/1/,3.03,82,0,
2026-05-16T16:14:53.387841,GET,/api/mixed/http/,108.66,55353,0,
2026-05-16T16:14:53.402609,GET,/api/mixed/pipeline/1/,3.41,82,0,
2026-05-16T16:14:53.420845,GET,/api/mixed/pipeline/1/,3.02,82,0,
2026-05-16T16:14:53.433316,GET,/api/mixed/db/1/,4.09,247,0,
2026-05-16T16:14:53.447243,GET,/api/mixed/db/1/,4.53,247,0,
2026-05-16T16:14:53.472231,GET,/api/mixed/db/1/,5.61,247,0,
2026-05-16T16:14:53.478223,GET,/api/mixed/http/,108.78,55353,0,
2026-05-16T16:14:53.485515,GET,/api/mixed/db/1/,3.89,247,0,
2026-05-16T16:14:53.498703,GET,/api/mixed/db/1/,3.82,247,0,
2026-05-16T16:14:53.502972,GET,/api/mixed/pipeline/1/,2.83,82,0,
2026-05-16T16:14:53.509677,GET,/api/mixed/http/,107.92,55353,0,
2026-05-16T16:14:53.519942,GET,/api/mixed/db/1/,3.92,247,0,
2026-05-16T16:14:53.551493,GET,/api/mixed/http/,108.27,55353,0,
2026-05-16T16:14:53.571100,GET,/api/mixed/http/,108.2,55353,0,
2026-05-16T16:14:53.581836,GET,/api/mixed/http/,108.31,55353,0,
2026-05-16T16:14:53.586002,GET,/api/mixed/pipeline/1/,2.75,82,0,
2026-05-16T16:14:53.616804,GET,/api/mixed/pipeline/1/,2.9,82,0,
2026-05-16T16:14:53.623874,GET,/api/mixed/pipeline/1/,2.69,82,0,
2026-05-16T16:14:53.637430,GET,/api/mixed/db/1/,6.08,247,0,
2026-05-16T16:14:53.637866,GET,/api/mixed/pipeline/1/,4.06,82,0,
2026-05-16T16:14:53.640554,GET,/api/mixed/pipeline/1/,4.75,82,0,
2026-05-16T16:14:53.644053,GET,/api/mixed/http/,108.84,55353,0,
2026-05-16T16:14:53.644586,GET,/api/mixed/http/,108.86,55353,0,
2026-05-16T16:14:53.645046,GET,/api/mixed/http/,108.84,55353,0,
2026-05-16T16:14:53.656649,GET,/api/mixed/pipeline/1/,2.71,82,0,
2026-05-16T16:14:53.669974,GET,/api/mixed/db/1/,3.93,247,0,
2026-05-16T16:14:53.674250,GET,/api/mixed/http/,107.52,55353,0,
2026-05-16T16:14:53.707028,GET,/api/mixed/db/1/,5.31,247,0,
2026-05-16T16:14:53.707443,GET,/api/mixed/db/1/,4.7,247,0,
2026-05-16T16:14:53.715895,GET,/api/mixed/http/,107.7,55353,0,
2026-05-16T16:14:53.719834,GET,/api/mixed/db/1/,3.82,247,0,
2026-05-16T16:14:53.739059,GET,/api/mixed/http/,108.9,55353,0,
2026-05-16T16:14:53.742708,GET,/api/mixed/http/,108.41,55353,0,
2026-05-16T16:14:53.745835,GET,/api/mixed/http/,107.47,55353,0,
2026-05-16T16:14:53.748054,GET,/api/mixed/http/,107.36,55353,0,
2026-05-16T16:14:53.750659,GET,/api/mixed/http/,114.19,55353,0,
2026-05-16T16:14:53.753654,GET,/api/mixed/db/1/,4.32,247,0,
2026-05-16T16:14:53.757110,GET,/api/mixed/http/,107.74,55353,0,
2026-05-16T16:14:53.781420,GET,/api/mixed/pipeline/1/,3.96,82,0,
2026-05-16T16:14:53.789924,GET,/api/mixed/db/1/,5.23,247,0,
2026-05-16T16:14:53.793361,GET,/api/mixed/http/,108.91,55353,0,
2026-05-16T16:14:53.794993,GET,/api/mixed/http/,110.06,55353,0,
2026-05-16T16:14:53.819194,GET,/api/mixed/http/,109.36,55353,0,
2026-05-16T16:14:53.819779,GET,/api/mixed/pipeline/1/,3.57,82,0,
2026-05-16T16:14:53.829038,GET,/api/mixed/pipeline/1/,3.07,82,0,
2026-05-16T16:14:53.840569,GET,/api/mixed/pipeline/1/,3.2,82,0,
2026-05-16T16:14:53.855311,GET,/api/mixed/db/1/,4.28,247,0,
2026-05-16T16:14:53.856856,GET,/api/mixed/pipeline/1/,3.21,82,0,
2026-05-16T16:14:53.863811,GET,/api/mixed/pipeline/1/,2.71,82,0,
2026-05-16T16:14:53.873184,GET,/api/mixed/pipeline/1/,2.73,82,0,
2026-05-16T16:14:53.873661,GET,/api/mixed/http/,108.19,55353,0,
2026-05-16T16:14:53.877711,GET,/api/mixed/http/,108.66,55353,0,
2026-05-16T16:14:53.878218,GET,/api/mixed/http/,108.68,55353,0,
2026-05-16T16:14:53.880007,GET,/api/mixed/db/1/,4.1,247,0,
2026-05-16T16:14:53.881070,GET,/api/mixed/pipeline/1/,2.75,82,0,
2026-05-16T16:14:53.894193,GET,/api/mixed/http/,108.84,55353,0,
2026-05-16T16:14:53.901307,GET,/api/mixed/db/1/,4.74,247,0,
2026-05-16T16:14:53.901736,GET,/api/mixed/db/1/,4.69,247,0,
2026-05-16T16:14:53.903545,GET,/api/mixed/http/,108.45,55353,0,
2026-05-16T16:14:53.905364,GET,/api/mixed/http/,107.7,55353,0,
2026-05-16T16:14:53.912545,GET,/api/mixed/pipeline/1/,3.76,82,0,
2026-05-16T16:14:53.913221,GET,/api/mixed/db/1/,3.95,247,0,
2026-05-16T16:14:53.942159,GET,/api/mixed/pipeline/1/,2.93,82,0,
2026-05-16T16:14:53.959610,GET,/api/mixed/db/1/,4.08,247,0,
2026-05-16T16:14:53.963901,GET,/api/mixed/http/,107.87,55353,0,
2026-05-16T16:14:53.970170,GET,/api/mixed/db/1/,3.89,247,0,
2026-05-16T16:14:53.975743,GET,/api/mixed/http/,107.73,55353,0,
2026-05-16T16:14:53.979029,GET,/api/mixed/db/1/,4.59,247,0,
2026-05-16T16:14:53.989218,GET,/api/mixed/pipeline/1/,3.78,82,0,
2026-05-16T16:14:53.990848,GET,/api/mixed/db/1/,4.85,247,0,
2026-05-16T16:14:53.991853,GET,/api/mixed/http/,108.44,55353,0,
2026-05-16T16:14:53.994824,GET,/api/mixed/db/1/,4.81,247,0,
2026-05-16T16:14:54.016729,GET,/api/mixed/pipeline/1/,3.53,82,0,
2026-05-16T16:14:54.027532,GET,/api/mixed/http/,107.98,55353,0,
2026-05-16T16:14:54.027965,GET,/api/mixed/db/1/,4.11,247,0,
2026-05-16T16:14:54.098470,GET,/api/mixed/db/1/,4.12,247,0,
2026-05-16T16:14:54.116895,GET,/api/mixed/pipeline/1/,3.13,82,0,
2026-05-16T16:14:54.124631,GET,/api/mixed/pipeline/1/,4.5,82,0,
2026-05-16T16:14:54.125224,GET,/api/mixed/http/,109.4,55353,0,
2026-05-16T16:14:54.137903,GET,/api/mixed/http/,107.75,55353,0,
2026-05-16T16:14:54.166201,GET,/api/mixed/http/,108.1,55353,0,
2026-05-16T16:14:54.184532,GET,/api/mixed/http/,107.9,55353,0,
2026-05-16T16:14:54.189699,GET,/api/mixed/db/1/,3.74,247,0,
2026-05-16T16:14:54.244118,GET,/api/mixed/pipeline/1/,6.14,82,0,
2026-05-16T16:14:54.270271,GET,/api/mixed/db/1/,4.17,247,0,
2026-05-16T16:14:54.274703,GET,/api/mixed/http/,108.37,55353,0,
2026-05-16T16:14:54.275139,GET,/api/mixed/db/1/,3.64,247,0,
2026-05-16T16:14:54.282304,GET,/api/mixed/db/1/,3.79,247,0,
2026-05-16T16:14:54.307485,GET,/api/mixed/pipeline/1/,2.97,82,0,
2026-05-16T16:14:54.319330,GET,/api/mixed/db/1/,4.59,247,0,
2026-05-16T16:14:54.325782,GET,/api/mixed/db/1/,4.15,247,0,
2026-05-16T16:14:54.333545,GET,/api/mixed/pipeline/1/,3.91,82,0,
2026-05-16T16:14:54.333989,GET,/api/mixed/pipeline/1/,3.56,82,0,
2026-05-16T16:14:54.334415,GET,/api/mixed/pipeline/1/,4.37,82,0,
2026-05-16T16:14:54.347721,GET,/api/mixed/http/,110.76,55353,0,
2026-05-16T16:14:54.352371,GET,/api/mixed/http/,109.96,55353,0,
2026-05-16T16:14:54.352878,GET,/api/mixed/pipeline/1/,3.92,82,0,
2026-05-16T16:14:54.355815,GET,/api/mixed/db/1/,4.69,247,0,
2026-05-16T16:14:54.374458,GET,/api/mixed/http/,108.85,55353,0,
2026-05-16T16:14:54.378757,GET,/api/mixed/db/1/,4.17,247,0,
2026-05-16T16:14:54.381158,GET,/api/mixed/pipeline/1/,3.23,82,0,
2026-05-16T16:14:54.412575,GET,/api/mixed/db/1/,4.23,247,0,
2026-05-16T16:14:54.421351,GET,/api/mixed/db/1/,3.95,247,0,
2026-05-16T16:14:54.439435,GET,/api/mixed/http/,110.24,55353,0,
2026-05-16T16:14:54.473459,GET,/api/mixed/db/1/,4.39,247,0,
2026-05-16T16:14:54.476777,GET,/api/mixed/db/1/,4.2,247,0,
2026-05-16T16:14:54.523243,GET,/api/mixed/http/,108.3,55353,0,
2026-05-16T16:14:54.538984,GET,/api/mixed/db/1/,4.42,247,0,
2026-05-16T16:14:54.542173,GET,/api/mixed/db/1/,4.06,247,0,
2026-05-16T16:14:54.553543,GET,/api/mixed/http/,107.86,55353,0,
2026-05-16T16:14:54.564079,GET,/api/mixed/pipeline/1/,4.25,82,0,
2026-05-16T16:14:54.569687,GET,/api/mixed/pipeline/1/,3.25,82,0,
2026-05-16T16:14:54.570377,GET,/api/mixed/http/,108.83,55353,0,
2026-05-16T16:14:54.576266,GET,/api/mixed/http/,108.14,55353,0,
2026-05-16T16:14:54.576695,GET,/api/mixed/pipeline/1/,4.1,82,0,
2026-05-16T16:14:54.599343,GET,/api/mixed/db/1/,4.33,247,0,
2026-05-16T16:14:54.605167,GET,/api/mixed/pipeline/1/,4.57,82,0,
2026-05-16T16:14:54.609285,GET,/api/mixed/pipeline/1/,2.91,82,0,
2026-05-16T16:14:54.621594,GET,/api/mixed/pipeline/1/,2.89,82,0,
2026-05-16T16:14:54.634329,GET,/api/mixed/pipeline/1/,3.37,82,0,
2026-05-16T16:14:54.642928,GET,/api/mixed/db/1/,4.38,247,0,
2026-05-16T16:14:54.643361,GET,/api/mixed/db/1/,3.9,247,0,
2026-05-16T16:14:54.654033,GET,/api/mixed/http/,107.5,55353,0,
2026-05-16T16:14:54.677757,GET,/api/mixed/db/1/,3.88,247,0,
2026-05-16T16:14:54.680695,GET,/api/mixed/http/,107.63,55353,0,
2026-05-16T16:14:54.686275,GET,/api/mixed/http/,108.37,55353,0,
2026-05-16T16:14:54.700503,GET,/api/mixed/pipeline/1/,2.96,82,0,
2026-05-16T16:14:54.703814,GET,/api/mixed/http/,109.37,55353,0,
2026-05-16T16:14:54.706159,GET,/api/mixed/pipeline/1/,3.42,82,0,
2026-05-16T16:14:54.708475,GET,/api/mixed/pipeline/1/,3.15,82,0,
2026-05-16T16:14:54.710997,GET,/api/mixed/http/,109.93,55353,0,
2026-05-16T16:14:54.712854,GET,/api/mixed/pipeline/1/,3.19,82,0,
2026-05-16T16:14:54.740025,GET,/api/mixed/http/,107.72,55353,0,
2026-05-16T16:14:54.753398,GET,/api/mixed/db/1/,3.98,247,0,
2026-05-16T16:14:54.770226,GET,/api/mixed/http/,107.82,55353,0,
2026-05-16T16:14:54.794122,GET,/api/mixed/pipeline/1/,2.88,82,0,
2026-05-16T16:14:54.804594,GET,/api/mixed/pipeline/1/,2.78,82,0,
2026-05-16T16:14:54.805010,GET,/api/mixed/db/1/,4.08,247,0,
2026-05-16T16:14:54.822037,GET,/api/mixed/pipeline/1/,3.65,82,0,
2026-05-16T16:14:54.822841,GET,/api/mixed/db/1/,3.96,247,0,
2026-05-16T16:14:54.824744,GET,/api/mixed/http/,108.61,55353,0,
2026-05-16T16:14:54.825246,GET,/api/mixed/http/,108.65,55353,0,
2026-05-16T16:14:54.846107,GET,/api/mixed/http/,108.6,55353,0,
2026-05-16T16:14:54.847519,GET,/api/mixed/http/,108.4,55353,0,
2026-05-16T16:14:54.863371,GET,/api/mixed/http/,107.67,55353,0,
2026-05-16T16:14:54.890783,GET,/api/mixed/http/,108.24,55353,0,
2026-05-16T16:14:54.906143,GET,/api/mixed/http/,107.66,55353,0,
2026-05-16T16:14:54.923163,GET,/api/mixed/db/1/,4.1,247,0,
2026-05-16T16:14:54.941662,GET,/api/mixed/http/,108.06,55353,0,
2026-05-16T16:14:54.942833,GET,/api/mixed/db/1/,4.82,247,0,
2026-05-16T16:14:54.950982,GET,/api/mixed/pipeline/1/,2.79,82,0,
2026-05-16T16:14:54.960261,GET,/api/mixed/pipeline/1/,2.88,82,0,
2026-05-16T16:14:54.993660,GET,/api/mixed/http/,108.06,55353,0,
2026-05-16T16:14:55.001810,GET,/api/mixed/db/1/,3.78,247,0,
2026-05-16T16:14:55.023146,GET,/api/mixed/db/1/,3.96,247,0,
2026-05-16T16:14:55.027451,GET,/api/mixed/http/,108.88,55353,0,
2026-05-16T16:14:55.038663,GET,/api/mixed/http/,108.14,55353,0,
2026-05-16T16:14:55.046034,GET,/api/mixed/pipeline/1/,4.03,82,0,
2026-05-16T16:14:55.046433,GET,/api/mixed/pipeline/1/,3.98,82,0,
2026-05-16T16:14:55.063348,GET,/api/mixed/pipeline/1/,4.53,82,0,
2026-05-16T16:14:55.074520,GET,/api/mixed/pipeline/1/,2.83,82,0,
2026-05-16T16:14:55.080939,GET,/api/mixed/http/,108.31,55353,0,
2026-05-16T16:14:55.099692,GET,/api/mixed/http/,108.34,55353,0,
2026-05-16T16:14:55.103262,GET,/api/mixed/db/1/,5.62,247,0,
2026-05-16T16:14:55.103776,GET,/api/mixed/pipeline/1/,5.15,82,0,
2026-05-16T16:14:55.104264,GET,/api/mixed/db/1/,6.07,247,0,
2026-05-16T16:14:55.104707,GET,/api/mixed/pipeline/1/,3.78,82,0,
2026-05-16T16:14:55.109878,GET,/api/mixed/pipeline/1/,2.89,82,0,
2026-05-16T16:14:55.132031,GET,/api/mixed/http/,107.69,55353,0,
2026-05-16T16:14:55.143481,GET,/api/mixed/db/1/,4.09,247,0,
2026-05-16T16:14:55.153430,GET,/api/mixed/http/,108.38,55353,0,
2026-05-16T16:14:55.154260,GET,/api/mixed/db/1/,4.53,247,0,
2026-05-16T16:14:55.156730,GET,/api/mixed/db/1/,4.59,247,0,
2026-05-16T16:14:55.157661,GET,/api/mixed/http/,107.56,55353,0,
2026-05-16T16:14:55.168510,GET,/api/mixed/http/,108.32,55353,0,
2026-05-16T16:14:55.170772,GET,/api/mixed/pipeline/1/,3.24,82,0,
2026-05-16T16:14:55.173317,GET,/api/mixed/pipeline/1/,3.34,82,0,
2026-05-16T16:14:55.197797,GET,/api/mixed/http/,107.89,55353,0,
2026-05-16T16:14:55.203348,GET,/api/mixed/pipeline/1/,3.33,82,0,
2026-05-16T16:14:55.204668,GET,/api/mixed/db/1/,4.16,247,0,
2026-05-16T16:14:55.208743,GET,/api/mixed/pipeline/1/,2.69,82,0,
2026-05-16T16:14:55.226994,GET,/api/mixed/pipeline/1/,2.95,82,0,
2026-05-16T16:14:55.282540,GET,/api/mixed/http/,107.86,55353,0,
2026-05-16T16:14:55.283053,GET,/api/mixed/db/1/,4.18,247,0,
2026-05-16T16:14:55.284962,GET,/api/mixed/pipeline/1/,3.51,82,0,
2026-05-16T16:14:55.289924,GET,/api/mixed/db/1/,3.59,247,0,
2026-05-16T16:14:55.296979,GET,/api/mixed/pipeline/1/,2.73,82,0,
2026-05-16T16:14:55.308959,GET,/api/mixed/db/1/,3.8,247,0,
2026-05-16T16:14:55.338080,GET,/api/mixed/pipeline/1/,2.85,82,0,
2026-05-16T16:14:55.358247,GET,/api/mixed/pipeline/1/,3.45,82,0,
2026-05-16T16:14:55.359489,GET,/api/mixed/db/1/,3.68,247,0,
2026-05-16T16:14:55.363871,GET,/api/mixed/http/,107.66,55353,0,
2026-05-16T16:14:55.371539,GET,/api/mixed/http/,107.71,55353,0,
2026-05-16T16:14:55.379629,GET,/api/mixed/http/,108.24,55353,0,
2026-05-16T16:14:55.389168,GET,/api/mixed/db/1/,4.24,247,0,
2026-05-16T16:14:55.406407,GET,/api/mixed/db/1/,4.39,247,0,
2026-05-16T16:14:55.409850,GET,/api/mixed/db/1/,4.35,247,0,
2026-05-16T16:14:55.418072,GET,/api/mixed/pipeline/1/,3.04,82,0,
2026-05-16T16:14:55.418544,GET,/api/mixed/http/,108.39,55353,0,
2026-05-16T16:14:55.425157,GET,/api/mixed/db/1/,3.9,247,0,
2026-05-16T16:14:55.425562,GET,/api/mixed/db/1/,4.77,247,0,
2026-05-16T16:14:55.427095,GET,/api/mixed/http/,108.38,55353,0,
2026-05-16T16:14:55.452326,GET,/api/mixed/http/,108.05,55353,0,
2026-05-16T16:14:55.453225,GET,/api/mixed/pipeline/1/,2.93,82,0,
2026-05-16T16:14:55.492034,GET,/api/mixed/pipeline/1/,4.35,82,0,
2026-05-16T16:14:55.493763,GET,/api/mixed/db/1/,6.5,247,0,
2026-05-16T16:14:55.507621,GET,/api/mixed/http/,113.06,55353,0,
2026-05-16T16:14:55.508439,GET,/api/mixed/http/,114.89,55353,0,
2026-05-16T16:14:55.510900,GET,/api/mixed/db/1/,7.45,247,0,
2026-05-16T16:14:55.534166,GET,/api/mixed/db/1/,5.46,247,0,
2026-05-16T16:14:55.540851,GET,/api/mixed/pipeline/1/,3.36,82,0,
2026-05-16T16:14:55.548510,GET,/api/mixed/db/1/,4.47,247,0,
2026-05-16T16:14:55.570561,GET,/api/mixed/pipeline/1/,3.76,82,0,
2026-05-16T16:14:55.576767,GET,/api/mixed/db/1/,3.96,247,0,
2026-05-16T16:14:55.587030,GET,/api/mixed/pipeline/1/,3.04,82,0,
2026-05-16T16:14:55.597833,GET,/api/mixed/http/,111.11,55353,0,
2026-05-16T16:14:55.601175,GET,/api/mixed/db/1/,5.62,247,0,
2026-05-16T16:14:55.604718,GET,/api/mixed/pipeline/1/,5.54,82,0,
2026-05-16T16:14:55.608953,GET,/api/mixed/http/,112.79,55353,0,
2026-05-16T16:14:55.623675,GET,/api/mixed/db/1/,6.41,247,0,
2026-05-16T16:14:55.626113,GET,/api/mixed/pipeline/1/,3.85,82,0,
2026-05-16T16:14:55.630072,GET,/api/mixed/http/,110.74,55353,0,
2026-05-16T16:14:55.648505,GET,/api/mixed/db/1/,6.07,247,0,
2026-05-16T16:14:55.678703,GET,/api/mixed/db/1/,4.77,247,0,
2026-05-16T16:14:55.696755,GET,/api/mixed/db/1/,4.6,247,0,
2026-05-16T16:14:55.698750,GET,/api/mixed/http/,107.54,55353,0,
2026-05-16T16:14:55.704945,GET,/api/mixed/pipeline/1/,3.36,82,0,
2026-05-16T16:14:55.705584,GET,/api/mixed/pipeline/1/,2.78,82,0,
2026-05-16T16:14:55.706533,GET,/api/mixed/db/1/,5.42,247,0,
2026-05-16T16:14:55.712706,GET,/api/mixed/pipeline/1/,4.93,82,0,
2026-05-16T16:14:55.713246,GET,/api/mixed/http/,109.82,55353,0,
2026-05-16T16:14:55.713672,GET,/api/mixed/db/1/,5.38,247,0,
2026-05-16T16:14:55.742859,GET,/api/mixed/pipeline/1/,3.57,82,0,
2026-05-16T16:14:55.752049,GET,/api/mixed/http/,108.45,55353,0,
2026-05-16T16:14:55.752589,GET,/api/mixed/http/,108.09,55353,0,
2026-05-16T16:14:55.763220,GET,/api/mixed/db/1/,4.01,247,0,
2026-05-16T16:14:55.771884,GET,/api/mixed/db/1/,4.36,247,0,
2026-05-16T16:14:55.775089,GET,/api/mixed/db/1/,4.1,247,0,
2026-05-16T16:14:55.776143,GET,/api/mixed/http/,108.01,55353,0,
2026-05-16T16:14:55.783831,GET,/api/mixed/pipeline/1/,3.01,82,0,
2026-05-16T16:14:55.784332,GET,/api/mixed/pipeline/1/,3.99,82,0,
2026-05-16T16:14:55.825544,GET,/api/mixed/http/,107.69,55353,0,
2026-05-16T16:14:55.832592,GET,/api/mixed/pipeline/1/,2.86,82,0,
2026-05-16T16:14:55.848854,GET,/api/mixed/http/,108.05,55353,0,
2026-05-16T16:14:55.862005,GET,/api/mixed/pipeline/1/,4.34,82,0,
2026-05-16T16:14:55.863355,GET,/api/mixed/http/,107.64,55353,0,
2026-05-16T16:14:55.891788,GET,/api/mixed/pipeline/1/,3.21,82,0,
2026-05-16T16:14:55.902438,GET,/api/mixed/http/,107.79,55353,0,
2026-05-16T16:14:55.905358,GET,/api/mixed/db/1/,4.33,247,0,
2026-05-16T16:14:55.920048,GET,/api/mixed/http/,108.73,55353,0,
2026-05-16T16:14:55.926967,GET,/api/mixed/http/,109.01,55353,0,
2026-05-16T16:14:55.943426,GET,/api/mixed/pipeline/1/,3.18,82,0,
2026-05-16T16:14:55.963070,GET,/api/mixed/pipeline/1/,3.4,82,0,
2026-05-16T16:14:55.963589,GET,/api/mixed/http/,109.39,55353,0,
2026-05-16T16:14:55.997040,GET,/api/mixed/pipeline/1/,2.72,82,0,
2026-05-16T16:14:56.011281,GET,/api/mixed/db/1/,4.01,247,0,
2026-05-16T16:14:56.015273,GET,/api/mixed/http/,108.61,55353,0,
2026-05-16T16:14:56.015766,GET,/api/mixed/http/,108.3,55353,0,
2026-05-16T16:14:56.051762,GET,/api/mixed/db/1/,4.72,247,0,
2026-05-16T16:14:56.055397,GET,/api/mixed/db/1/,4.41,247,0,
2026-05-16T16:14:56.055845,GET,/api/mixed/db/1/,5.35,247,0,
2026-05-16T16:14:56.084708,GET,/api/mixed/http/,107.87,55353,0,
2026-05-16T16:14:56.098019,GET,/api/mixed/http/,108.44,55353,0,
2026-05-16T16:14:56.122590,GET,/api/mixed/db/1/,4.21,247,0,
2026-05-16T16:14:56.134873,GET,/api/mixed/db/1/,4.08,247,0,
2026-05-16T16:14:56.137610,GET,/api/mixed/pipeline/1/,2.62,82,0,
2026-05-16T16:14:56.147675,GET,/api/mixed/pipeline/1/,3.61,82,0,
2026-05-16T16:14:56.148139,GET,/api/mixed/pipeline/1/,3.12,82,0,
2026-05-16T16:14:56.150207,GET,/api/mixed/http/,107.74,55353,0,
2026-05-16T16:14:56.168188,GET,/api/mixed/http/,108.11,55353,0,
2026-05-16T16:14:56.177312,GET,/api/mixed/pipeline/1/,3.85,82,0,
2026-05-16T16:14:56.180798,GET,/api/mixed/db/1/,4.58,247,0,
2026-05-16T16:14:56.187115,GET,/api/mixed/pipeline/1/,2.95,82,0,
2026-05-16T16:14:56.208537,GET,/api/mixed/db/1/,4.23,247,0,
2026-05-16T16:14:56.246669,GET,/api/mixed/db/1/,4.83,247,0,
2026-05-16T16:14:56.249223,GET,/api/mixed/pipeline/1/,3.75,82,0,
2026-05-16T16:14:56.252338,GET,/api/mixed/http/,109.5,55353,0,
2026-05-16T16:14:56.264209,GET,/api/mixed/pipeline/1/,5.5,82,0,
2026-05-16T16:14:56.272853,GET,/api/mixed/pipeline/1/,7.16,82,0,
2026-05-16T16:14:56.309640,GET,/api/mixed/pipeline/1/,6.81,82,0,
2026-05-16T16:14:56.310566,GET,/api/mixed/pipeline/1/,5.5,82,0,
2026-05-16T16:14:56.339243,GET,/api/mixed/pipeline/1/,5.99,82,0,
2026-05-16T16:14:56.347994,GET,/api/mixed/http/,110.18,55353,0,
2026-05-16T16:14:56.378128,GET,/api/mixed/http/,109.44,55353,0,
2026-05-16T16:14:56.392211,GET,/api/mixed/http/,113.96,55353,0,
2026-05-16T16:14:56.395427,GET,/api/mixed/pipeline/1/,4.68,82,0,
2026-05-16T16:14:56.396454,GET,/api/mixed/http/,110.19,55353,0,
2026-05-16T16:14:56.407300,GET,/api/mixed/db/1/,4.84,247,0,
2026-05-16T16:14:56.423601,GET,/api/mixed/http/,111.7,55353,0,
2026-05-16T16:14:56.427604,GET,/api/mixed/pipeline/1/,3.84,82,0,
2026-05-16T16:14:56.449962,GET,/api/mixed/http/,112.39,55353,0,
2026-05-16T16:14:56.450849,GET,/api/mixed/pipeline/1/,3.9,82,0,
2026-05-16T16:14:56.461488,GET,/api/mixed/pipeline/1/,4.27,82,0,
2026-05-16T16:14:56.462597,GET,/api/mixed/http/,111.29,55353,0,
2026-05-16T16:14:56.474791,GET,/api/mixed/db/1/,4.89,247,0,
2026-05-16T16:14:56.480387,GET,/api/mixed/http/,108.82,55353,0,
2026-05-16T16:14:56.491969,GET,/api/mixed/pipeline/1/,3.33,82,0,
2026-05-16T16:14:56.500456,GET,/api/mixed/http/,112.0,55353,0,
2026-05-16T16:14:56.500966,GET,/api/mixed/http/,108.59,55353,0,
2026-05-16T16:14:56.511075,GET,/api/mixed/http/,109.31,55353,0,
2026-05-16T16:14:56.526348,GET,/api/mixed/db/1/,4.01,247,0,
2026-05-16T16:14:56.527716,GET,/api/mixed/http/,108.15,55353,0,
2026-05-16T16:14:56.542519,GET,/api/mixed/pipeline/1/,2.76,82,0,
2026-05-16T16:14:56.550744,GET,/api/mixed/pipeline/1/,2.95,82,0,
2026-05-16T16:14:56.571928,GET,/api/mixed/pipeline/1/,2.93,82,0,
2026-05-16T16:14:56.591954,GET,/api/mixed/db/1/,5.47,247,0,
2026-05-16T16:14:56.600224,GET,/api/mixed/http/,108.08,55353,0,
2026-05-16T16:14:56.608584,GET,/api/mixed/pipeline/1/,2.98,82,0,
2026-05-16T16:14:56.613599,GET,/api/mixed/db/1/,3.79,247,0,
2026-05-16T16:14:56.615128,GET,/api/mixed/http/,107.95,55353,0,
2026-05-16T16:14:56.623940,GET,/api/mixed/db/1/,4.42,247,0,
2026-05-16T16:14:56.646204,GET,/api/mixed/http/,109.12,55353,0,
2026-05-16T16:14:56.663819,GET,/api/mixed/pipeline/1/,3.32,82,0,
2026-05-16T16:14:56.678531,GET,/api/mixed/pipeline/1/,5.01,82,0,
2026-05-16T16:14:56.682001,GET,/api/mixed/pipeline/1/,3.3,82,0,
2026-05-16T16:14:56.685980,GET,/api/mixed/http/,107.71,55353,0,
2026-05-16T16:14:56.697182,GET,/api/mixed/http/,112.5,55353,0,
2026-05-16T16:14:56.697903,GET,/api/mixed/http/,110.82,55353,0,
2026-05-16T16:14:56.714682,GET,/api/mixed/pipeline/1/,4.49,82,0,
2026-05-16T16:14:56.732970,GET,/api/mixed/pipeline/1/,9.62,82,0,
2026-05-16T16:14:56.737110,GET,/api/mixed/db/1/,10.77,247,0,
2026-05-16T16:14:56.744038,GET,/api/mixed/pipeline/1/,8.65,82,0,
2026-05-16T16:14:56.746478,GET,/api/mixed/pipeline/1/,5.35,82,0,
2026-05-16T16:14:56.747765,GET,/api/mixed/db/1/,5.7,247,0,
2026-05-16T16:14:56.757488,GET,/api/mixed/pipeline/1/,4.49,82,0,
2026-05-16T16:14:56.761964,GET,/api/mixed/http/,111.49,55353,0,
2026-05-16T16:14:56.772845,GET,/api/mixed/http/,108.9,55353,0,
2026-05-16T16:14:56.776114,GET,/api/mixed/pipeline/1/,4.93,82,0,
2026-05-16T16:14:56.776619,GET,/api/mixed/db/1/,4.88,247,0,
2026-05-16T16:14:56.791082,GET,/api/mixed/db/1/,5.16,247,0,
2026-05-16T16:14:56.793754,GET,/api/mixed/pipeline/1/,5.08,82,0,
2026-05-16T16:14:56.795965,GET,/api/mixed/db/1/,4.55,247,0,
2026-05-16T16:14:56.796424,GET,/api/mixed/db/1/,4.03,247,0,
2026-05-16T16:14:56.807617,GET,/api/mixed/db/1/,4.01,247,0,
2026-05-16T16:14:56.818614,GET,/api/mixed/pipeline/1/,3.14,82,0,
2026-05-16T16:14:56.832886,GET,/api/mixed/pipeline/1/,2.94,82,0,
2026-05-16T16:14:56.837035,GET,/api/mixed/pipeline/1/,2.94,82,0,
2026-05-16T16:14:56.837504,GET,/api/mixed/http/,113.03,55353,0,
2026-05-16T16:14:56.838498,GET,/api/mixed/http/,110.01,55353,0,
2026-05-16T16:14:56.841276,GET,/api/mixed/pipeline/1/,3.67,82,0,
2026-05-16T16:14:56.845125,GET,/api/mixed/db/1/,4.65,247,0,
2026-05-16T16:14:56.871109,GET,/api/mixed/db/1/,4.03,247,0,
2026-05-16T16:14:56.871537,GET,/api/mixed/db/1/,5.04,247,0,
2026-05-16T16:14:56.880786,GET,/api/mixed/http/,107.81,55353,0,
2026-05-16T16:14:56.883547,GET,/api/mixed/http/,108.38,55353,0,
2026-05-16T16:14:56.886913,GET,/api/mixed/http/,107.54,55353,0,
2026-05-16T16:14:56.894083,GET,/api/mixed/http/,110.19,55353,0,
2026-05-16T16:14:56.899463,GET,/api/mixed/http/,109.75,55353,0,
2026-05-16T16:14:56.899993,GET,/api/mixed/http/,109.82,55353,0,
2026-05-16T16:14:56.912897,GET,/api/mixed/db/1/,4.62,247,0,
2026-05-16T16:14:56.915524,GET,/api/mixed/pipeline/1/,3.57,82,0,
2026-05-16T16:14:56.917473,GET,/api/mixed/http/,107.52,55353,0,
2026-05-16T16:14:56.919427,GET,/api/mixed/db/1/,3.78,247,0,
2026-05-16T16:14:56.939139,GET,/api/mixed/pipeline/1/,3.48,82,0,
2026-05-16T16:14:56.947935,GET,/api/mixed/db/1/,4.61,247,0,
2026-05-16T16:14:56.948763,GET,/api/mixed/pipeline/1/,4.42,82,0,
2026-05-16T16:14:56.949584,GET,/api/mixed/http/,107.49,55353,0,
2026-05-16T16:14:56.949996,GET,/api/mixed/db/1/,4.35,247,0,
2026-05-16T16:14:56.959197,GET,/api/mixed/db/1/,3.93,247,0,
2026-05-16T16:14:56.963023,GET,/api/mixed/db/1/,3.71,247,0,
2026-05-16T16:14:56.974371,GET,/api/mixed/pipeline/1/,4.11,82,0,
2026-05-16T16:14:56.983841,GET,/api/mixed/pipeline/1/,3.19,82,0,
2026-05-16T16:14:56.993172,GET,/api/mixed/pipeline/1/,2.99,82,0,
2026-05-16T16:14:57.000637,GET,/api/mixed/http/,108.56,55353,0,
2026-05-16T16:14:57.012146,GET,/api/mixed/pipeline/1/,3.07,82,0,
2026-05-16T16:14:57.021584,GET,/api/mixed/pipeline/1/,3.08,82,0,
2026-05-16T16:14:57.030739,GET,/api/mixed/pipeline/1/,2.91,82,0,
2026-05-16T16:14:57.048341,GET,/api/mixed/http/,107.89,55353,0,
2026-05-16T16:14:57.078970,GET,/api/mixed/http/,108.12,55353,0,
2026-05-16T16:14:57.084143,GET,/api/mixed/pipeline/1/,2.78,82,0,
2026-05-16T16:14:57.098907,GET,/api/mixed/pipeline/1/,2.97,82,0,
2026-05-16T16:14:57.102814,GET,/api/mixed/http/,108.29,55353,0,
2026-05-16T16:14:57.119060,GET,/api/mixed/pipeline/1/,3.06,82,0,
2026-05-16T16:14:57.133150,GET,/api/mixed/pipeline/1/,2.89,82,0,
2026-05-16T16:14:57.137369,GET,/api/mixed/http/,110.48,55353,0,
2026-05-16T16:14:57.139555,GET,/api/mixed/pipeline/1/,4.22,82,0,
2026-05-16T16:14:57.143298,GET,/api/mixed/db/1/,3.65,247,0,
2026-05-16T16:14:57.153381,GET,/api/mixed/http/,108.43,55353,0,
2026-05-16T16:14:57.154584,GET,/api/mixed/db/1/,4.06,247,0,
2026-05-16T16:14:57.161367,GET,/api/mixed/pipeline/1/,3.42,82,0,
2026-05-16T16:14:57.162477,GET,/api/mixed/db/1/,4.08,247,0,
2026-05-16T16:14:57.171204,GET,/api/mixed/pipeline/1/,2.99,82,0,
2026-05-16T16:14:57.171613,GET,/api/mixed/pipeline/1/,3.97,82,0,
2026-05-16T16:14:57.180952,GET,/api/mixed/pipeline/1/,2.7,82,0,
2026-05-16T16:14:57.181654,GET,/api/mixed/http/,107.8,55353,0,
2026-05-16T16:14:57.189733,GET,/api/mixed/pipeline/1/,2.78,82,0,
2026-05-16T16:14:57.200853,GET,/api/mixed/db/1/,3.84,247,0,
2026-05-16T16:14:57.268595,GET,/api/mixed/db/1/,4.73,247,0,
2026-05-16T16:14:57.281251,GET,/api/mixed/db/1/,3.89,247,0,
2026-05-16T16:14:57.283142,GET,/api/mixed/http/,107.41,55353,0,
2026-05-16T16:14:57.290257,GET,/api/mixed/db/1/,3.89,247,0,
2026-05-16T16:14:57.328993,GET,/api/mixed/http/,107.8,55353,0,
2026-05-16T16:14:57.342904,GET,/api/mixed/http/,107.99,55353,0,
2026-05-16T16:14:57.345121,GET,/api/mixed/http/,107.38,55353,0,
2026-05-16T16:14:57.350480,GET,/api/mixed/pipeline/1/,3.03,82,0,
2026-05-16T16:14:57.354043,GET,/api/mixed/http/,107.83,55353,0,
2026-05-16T16:14:57.378668,GET,/api/mixed/http/,111.09,55353,0,
2026-05-16T16:14:57.381710,GET,/api/mixed/db/1/,4.45,247,0,
2026-05-16T16:14:57.386780,GET,/api/mixed/pipeline/1/,2.75,82,0,
2026-05-16T16:14:57.394130,GET,/api/mixed/db/1/,4.08,247,0,
2026-05-16T16:14:57.405813,GET,/api/mixed/db/1/,3.87,247,0,
2026-05-16T16:14:57.426222,GET,/api/mixed/pipeline/1/,3.02,82,0,
2026-05-16T16:14:57.452701,GET,/api/mixed/db/1/,4.1,247,0,
2026-05-16T16:14:57.487990,GET,/api/mixed/db/1/,4.12,247,0,
2026-05-16T16:14:57.494741,GET,/api/mixed/pipeline/1/,3.42,82,0,
2026-05-16T16:14:57.495349,GET,/api/mixed/db/1/,3.59,247,0,
2026-05-16T16:14:57.509875,GET,/api/mixed/http/,108.39,55353,0,
2026-05-16T16:14:57.518222,GET,/api/mixed/db/1/,3.97,247,0,
2026-05-16T16:14:57.527946,GET,/api/mixed/pipeline/1/,3.44,82,0,
2026-05-16T16:14:57.563205,GET,/api/mixed/pipeline/1/,3.51,82,0,
2026-05-16T16:14:57.568199,GET,/api/mixed/http/,108.19,55353,0,
2026-05-16T16:14:57.569186,GET,/api/mixed/db/1/,3.77,247,0,
2026-05-16T16:14:57.582906,GET,/api/mixed/pipeline/1/,2.78,82,0,
2026-05-16T16:14:57.620227,GET,/api/mixed/pipeline/1/,2.74,82,0,
2026-05-16T16:14:57.632353,GET,/api/mixed/http/,108.89,55353,0,
2026-05-16T16:14:57.635534,GET,/api/mixed/http/,107.46,55353,0,
2026-05-16T16:14:57.651662,GET,/api/mixed/db/1/,3.84,247,0,
2026-05-16T16:14:57.684167,GET,/api/mixed/http/,107.73,55353,0,
2026-05-16T16:14:57.684596,GET,/api/mixed/db/1/,4.41,247,0,
2026-05-16T16:14:57.696615,GET,/api/mixed/http/,108.48,55353,0,
2026-05-16T16:14:57.700054,GET,/api/mixed/http/,107.54,55353,0,
2026-05-16T16:14:57.715898,GET,/api/mixed/pipeline/1/,3.15,82,0,
2026-05-16T16:14:57.716610,GET,/api/mixed/db/1/,4.35,247,0,
2026-05-16T16:14:57.722326,GET,/api/mixed/http/,108.37,55353,0,
2026-05-16T16:14:57.733697,GET,/api/mixed/db/1/,3.99,247,0,
2026-05-16T16:14:57.737535,GET,/api/mixed/http/,108.06,55353,0,
2026-05-16T16:14:57.737929,GET,/api/mixed/pipeline/1/,3.03,82,0,
2026-05-16T16:14:57.782450,GET,/api/mixed/pipeline/1/,3.55,82,0,
2026-05-16T16:14:57.782872,GET,/api/mixed/pipeline/1/,3.36,82,0,
2026-05-16T16:14:57.829205,GET,/api/mixed/db/1/,4.41,247,0,
2026-05-16T16:14:57.831045,GET,/api/mixed/pipeline/1/,2.88,82,0,
2026-05-16T16:14:57.843273,GET,/api/mixed/pipeline/1/,3.53,82,0,
2026-05-16T16:14:57.843857,GET,/api/mixed/db/1/,4.57,247,0,
2026-05-16T16:14:57.844297,GET,/api/mixed/db/1/,4.01,247,0,
2026-05-16T16:14:57.857031,GET,/api/mixed/http/,107.77,55353,0,
2026-05-16T16:14:57.862037,GET,/api/mixed/pipeline/1/,2.83,82,0,
2026-05-16T16:14:57.894798,GET,/api/mixed/http/,107.76,55353,0,
2026-05-16T16:14:57.909342,GET,/api/mixed/http/,107.75,55353,0,
2026-05-16T16:14:57.912302,GET,/api/mixed/pipeline/1/,2.83,82,0,
2026-05-16T16:14:57.919642,GET,/api/mixed/http/,107.53,55353,0,
2026-05-16T16:14:57.920677,GET,/api/mixed/pipeline/1/,2.73,82,0,
2026-05-16T16:14:57.931614,GET,/api/mixed/db/1/,3.77,247,0,
2026-05-16T16:14:57.936486,GET,/api/mixed/pipeline/1/,2.72,82,0,
2026-05-16T16:14:57.946093,GET,/api/mixed/db/1/,3.83,247,0,
2026-05-16T16:14:57.955181,GET,/api/mixed/db/1/,3.75,247,0,
2026-05-16T16:14:57.966212,GET,/api/mixed/db/1/,3.72,247,0,
2026-05-16T16:14:57.978880,GET,/api/mixed/pipeline/1/,2.84,82,0,
2026-05-16T16:14:57.991703,GET,/api/mixed/db/1/,4.0,247,0,
2026-05-16T16:14:57.993513,GET,/api/mixed/pipeline/1/,3.24,82,0,
2026-05-16T16:14:57.995181,GET,/api/mixed/http/,107.68,55353,0,
2026-05-16T16:14:58.001676,GET,/api/mixed/http/,108.65,55353,0,
2026-05-16T16:14:58.002162,GET,/api/mixed/http/,108.7,55353,0,
2026-05-16T16:14:58.008418,GET,/api/mixed/http/,107.58,55353,0,
2026-05-16T16:14:58.014618,GET,/api/mixed/db/1/,3.89,247,0,
2026-05-16T16:14:58.016449,GET,/api/mixed/http/,108.2,55353,0,
2026-05-16T16:14:58.020989,GET,/api/mixed/http/,107.36,55353,0,
2026-05-16T16:14:58.028473,GET,/api/mixed/pipeline/1/,4.15,82,0,
2026-05-16T16:14:58.028895,GET,/api/mixed/db/1/,6.04,247,0,
2026-05-16T16:14:58.042205,GET,/api/mixed/pipeline/1/,3.01,82,0,
2026-05-16T16:14:58.046504,GET,/api/mixed/http/,107.71,55353,0,
2026-05-16T16:14:58.061074,GET,/api/mixed/db/1/,3.83,247,0,
2026-05-16T16:14:58.068039,GET,/api/mixed/db/1/,3.76,247,0,
2026-05-16T16:14:58.075051,GET,/api/mixed/db/1/,3.79,247,0,
2026-05-16T16:14:58.075972,GET,/api/mixed/http/,107.39,55353,0,
2026-05-16T16:14:58.083982,GET,/api/mixed/db/1/,3.81,247,0,
2026-05-16T16:14:58.088512,GET,/api/mixed/http/,107.27,55353,0,
2026-05-16T16:14:58.105624,GET,/api/mixed/http/,108.24,55353,0,
2026-05-16T16:14:58.107448,GET,/api/mixed/pipeline/1/,3.21,82,0,
2026-05-16T16:14:58.114484,GET,/api/mixed/db/1/,3.77,247,0,
2026-05-16T16:14:58.133463,GET,/api/mixed/http/,111.1,55353,0,
2026-05-16T16:14:58.133948,GET,/api/mixed/http/,109.25,55353,0,
2026-05-16T16:14:58.139131,GET,/api/mixed/pipeline/1/,2.87,82,0,
2026-05-16T16:14:58.144847,GET,/api/mixed/db/1/,4.53,247,0,
2026-05-16T16:14:58.149043,GET,/api/mixed/db/1/,4.08,247,0,
2026-05-16T16:14:58.153275,GET,/api/mixed/pipeline/1/,2.86,82,0,
2026-05-16T16:14:58.162414,GET,/api/mixed/http/,107.58,55353,0,
2026-05-16T16:14:58.163224,GET,/api/mixed/pipeline/1/,2.72,82,0,
2026-05-16T16:14:58.174313,GET,/api/mixed/pipeline/1/,2.81,82,0,
2026-05-16T16:14:58.201100,GET,/api/mixed/http/,108.34,55353,0,
2026-05-16T16:14:58.207201,GET,/api/mixed/db/1/,3.77,247,0,
2026-05-16T16:14:58.223227,GET,/api/mixed/http/,107.42,55353,0,
2026-05-16T16:14:58.238638,GET,/api/mixed/http/,108.41,55353,0,
2026-05-16T16:14:58.242792,GET,/api/mixed/db/1/,4.0,247,0,
2026-05-16T16:14:58.245565,GET,/api/mixed/db/1/,4.23,247,0,
2026-05-16T16:14:58.248978,GET,/api/mixed/http/,108.2,55353,0,
2026-05-16T16:14:58.252623,GET,/api/mixed/pipeline/1/,2.59,82,0,
2026-05-16T16:14:58.283279,GET,/api/mixed/db/1/,4.58,247,0,
2026-05-16T16:14:58.294282,GET,/api/mixed/pipeline/1/,3.05,82,0,
2026-05-16T16:14:58.312936,GET,/api/mixed/db/1/,4.23,247,0,
2026-05-16T16:14:58.340867,GET,/api/mixed/db/1/,3.87,247,0,
2026-05-16T16:14:58.349991,GET,/api/mixed/pipeline/1/,2.82,82,0,
2026-05-16T16:14:58.356991,GET,/api/mixed/http/,107.91,55353,0,
2026-05-16T16:14:58.386762,GET,/api/mixed/http/,108.61,55353,0,
2026-05-16T16:14:58.390106,GET,/api/mixed/http/,107.73,55353,0,
2026-05-16T16:14:58.395199,GET,/api/mixed/pipeline/1/,2.93,82,0,
2026-05-16T16:14:58.399448,GET,/api/mixed/pipeline/1/,2.58,82,0,
2026-05-16T16:14:58.418877,GET,/api/mixed/http/,107.62,55353,0,
2026-05-16T16:14:58.432316,GET,/api/mixed/http/,109.06,55353,0,
2026-05-16T16:14:58.435191,GET,/api/mixed/db/1/,4.04,247,0,
2026-05-16T16:14:58.443272,GET,/api/mixed/db/1/,3.79,247,0,
2026-05-16T16:14:58.454257,GET,/api/mixed/pipeline/1/,4.64,82,0,
2026-05-16T16:14:58.455009,GET,/api/mixed/db/1/,4.91,247,0,
2026-05-16T16:14:58.469037,GET,/api/mixed/http/,107.7,55353,0,
2026-05-16T16:14:58.486582,GET,/api/mixed/db/1/,3.8,247,0,
2026-05-16T16:14:58.504745,GET,/api/mixed/http/,108.31,55353,0,
2026-05-16T16:14:58.511123,GET,/api/mixed/http/,107.48,55353,0,
2026-05-16T16:14:58.559518,GET,/api/mixed/pipeline/1/,4.92,82,0,
2026-05-16T16:14:58.559961,GET,/api/mixed/db/1/,4.89,247,0,
2026-05-16T16:14:58.574145,GET,/api/mixed/http/,108.94,55353,0,
2026-05-16T16:14:58.574633,GET,/api/mixed/http/,108.97,55353,0,
2026-05-16T16:14:58.577550,GET,/api/mixed/pipeline/1/,2.82,82,0,
2026-05-16T16:14:58.580754,GET,/api/mixed/http/,107.52,55353,0,
2026-05-16T16:14:58.583585,GET,/api/mixed/db/1/,3.86,247,0,
2026-05-16T16:14:58.597228,GET,/api/mixed/db/1/,3.73,247,0,
2026-05-16T16:14:58.599876,GET,/api/mixed/db/1/,3.99,247,0,
2026-05-16T16:14:58.619063,GET,/api/mixed/db/1/,4.52,247,0,
2026-05-16T16:14:58.619497,GET,/api/mixed/db/1/,4.07,247,0,
2026-05-16T16:14:58.640707,GET,/api/mixed/http/,108.37,55353,0,
2026-05-16T16:14:58.641645,GET,/api/mixed/db/1/,3.95,247,0,
2026-05-16T16:14:58.643411,GET,/api/mixed/http/,107.38,55353,0,
2026-05-16T16:14:58.647425,GET,/api/mixed/db/1/,3.89,247,0,
2026-05-16T16:14:58.647910,GET,/api/mixed/pipeline/1/,3.11,82,0,
2026-05-16T16:14:58.658994,GET,/api/mixed/db/1/,3.81,247,0,
2026-05-16T16:14:58.667363,GET,/api/mixed/http/,109.47,55353,0,
2026-05-16T16:14:58.667851,GET,/api/mixed/http/,109.42,55353,0,
2026-05-16T16:14:58.679393,GET,/api/mixed/pipeline/1/,3.09,82,0,
2026-05-16T16:14:58.691431,GET,/api/mixed/db/1/,3.75,247,0,
2026-05-16T16:14:58.696707,GET,/api/mixed/http/,107.7,55353,0,
2026-05-16T16:14:58.699578,GET,/api/mixed/pipeline/1/,2.75,82,0,
2026-05-16T16:14:58.704435,GET,/api/mixed/db/1/,3.51,247,0,
2026-05-16T16:14:58.713943,GET,/api/mixed/http/,107.7,55353,0,
2026-05-16T16:14:58.717084,GET,/api/mixed/http/,108.07,55353,0,
2026-05-16T16:14:58.754483,GET,/api/mixed/db/1/,4.12,247,0,
2026-05-16T16:14:58.795337,GET,/api/mixed/db/1/,4.14,247,0,
2026-05-16T16:14:58.799546,GET,/api/mixed/pipeline/1/,2.96,82,0,
2026-05-16T16:14:58.811186,GET,/api/mixed/pipeline/1/,2.94,82,0,
2026-05-16T16:14:58.811605,GET,/api/mixed/pipeline/1/,3.91,82,0,
2026-05-16T16:14:58.814688,GET,/api/mixed/http/,108.88,55353,0,
2026-05-16T16:14:58.829365,GET,/api/mixed/db/1/,4.03,247,0,
2026-05-16T16:14:58.845518,GET,/api/mixed/http/,108.21,55353,0,
2026-05-16T16:14:58.856505,GET,/api/mixed/pipeline/1/,2.79,82,0,
2026-05-16T16:14:58.877227,GET,/api/mixed/http/,109.55,55353,0,
2026-05-16T16:14:58.921675,GET,/api/mixed/http/,108.05,55353,0,
2026-05-16T16:14:58.933793,GET,/api/mixed/db/1/,3.78,247,0,
2026-05-16T16:14:58.941323,GET,/api/mixed/pipeline/1/,3.32,82,0,
2026-05-16T16:14:58.943188,GET,/api/mixed/db/1/,3.93,247,0,
2026-05-16T16:14:58.943635,GET,/api/mixed/http/,108.07,55353,0,
2026-05-16T16:14:58.951835,GET,/api/mixed/pipeline/1/,2.87,82,0,
2026-05-16T16:14:58.981657,GET,/api/mixed/pipeline/1/,3.49,82,0,
2026-05-16T16:14:58.982057,GET,/api/mixed/pipeline/1/,3.4,82,0,
2026-05-16T16:14:58.982941,GET,/api/mixed/http/,107.86,55353,0,
2026-05-16T16:14:58.988882,GET,/api/mixed/pipeline/1/,2.72,82,0,
2026-05-16T16:14:58.990999,GET,/api/mixed/http/,107.48,55353,0,
2026-05-16T16:14:59.000109,GET,/api/mixed/db/1/,3.84,247,0,
2026-05-16T16:14:59.006216,GET,/api/mixed/pipeline/1/,2.79,82,0,
2026-05-16T16:14:59.010500,GET,/api/mixed/http/,108.52,55353,0,
2026-05-16T16:14:59.060623,GET,/api/mixed/db/1/,3.96,247,0,
2026-05-16T16:14:59.064622,GET,/api/mixed/db/1/,3.89,247,0,
2026-05-16T16:14:59.067015,GET,/api/mixed/pipeline/1/,3.25,82,0,
2026-05-16T16:14:59.072015,GET,/api/mixed/pipeline/1/,2.79,82,0,
2026-05-16T16:14:59.072512,GET,/api/mixed/http/,108.47,55353,0,
2026-05-16T16:14:59.075842,GET,/api/mixed/http/,107.98,55353,0,
2026-05-16T16:14:59.081446,GET,/api/mixed/http/,107.81,55353,0,
2026-05-16T16:14:59.083332,GET,/api/mixed/db/1/,4.26,247,0,
2026-05-16T16:14:59.090441,GET,/api/mixed/pipeline/1/,2.9,82,0,
2026-05-16T16:14:59.107885,GET,/api/mixed/db/1/,3.84,247,0,
2026-05-16T16:14:59.114991,GET,/api/mixed/http/,107.55,55353,0,
2026-05-16T16:14:59.122834,GET,/api/mixed/pipeline/1/,2.7,82,0,
2026-05-16T16:14:59.124677,GET,/api/mixed/http/,107.91,55353,0,
2026-05-16T16:14:59.134902,GET,/api/mixed/pipeline/1/,2.94,82,0,
2026-05-16T16:14:59.153854,GET,/api/mixed/pipeline/1/,3.14,82,0,
2026-05-16T16:14:59.154888,GET,/api/mixed/db/1/,4.66,247,0,
2026-05-16T16:14:59.178079,GET,/api/mixed/pipeline/1/,3.96,82,0,
2026-05-16T16:14:59.187106,GET,/api/mixed/db/1/,5.77,247,0,
2026-05-16T16:14:59.189753,GET,/api/mixed/pipeline/1/,3.85,82,0,
2026-05-16T16:14:59.211634,GET,/api/mixed/pipeline/1/,3.01,82,0,
2026-05-16T16:14:59.212202,GET,/api/mixed/http/,108.69,55353,0,
2026-05-16T16:14:59.217618,GET,/api/mixed/http/,107.46,55353,0,
2026-05-16T16:14:59.223755,GET,/api/mixed/pipeline/1/,2.9,82,0,
2026-05-16T16:14:59.235022,GET,/api/mixed/db/1/,3.97,247,0,
2026-05-16T16:14:59.239141,GET,/api/mixed/pipeline/1/,2.92,82,0,
2026-05-16T16:14:59.245167,GET,/api/mixed/db/1/,3.64,247,0,
2026-05-16T16:14:59.283022,GET,/api/mixed/http/,108.33,55353,0,
2026-05-16T16:14:59.290945,GET,/api/mixed/http/,108.47,55353,0,
2026-05-16T16:14:59.305608,GET,/api/mixed/pipeline/1/,2.93,82,0,
2026-05-16T16:14:59.309841,GET,/api/mixed/http/,107.86,55353,0,
2026-05-16T16:14:59.319464,GET,/api/mixed/db/1/,4.42,247,0,
2026-05-16T16:14:59.320826,GET,/api/mixed/http/,108.53,55353,0,
2026-05-16T16:14:59.321909,GET,/api/mixed/pipeline/1/,3.34,82,0,
2026-05-16T16:14:59.322360,GET,/api/mixed/http/,107.68,55353,0,
2026-05-16T16:14:59.325041,GET,/api/mixed/db/1/,4.11,247,0,
2026-05-16T16:14:59.343326,GET,/api/mixed/db/1/,3.81,247,0,
2026-05-16T16:14:59.355590,GET,/api/mixed/pipeline/1/,2.89,82,0,
2026-05-16T16:14:59.390005,GET,/api/mixed/http/,108.37,55353,0,
2026-05-16T16:14:59.390819,GET,/api/mixed/db/1/,4.41,247,0,
2026-05-16T16:14:59.410865,GET,/api/mixed/http/,109.57,55353,0,
2026-05-16T16:14:59.427870,GET,/api/mixed/db/1/,3.82,247,0,
2026-05-16T16:14:59.432418,GET,/api/mixed/http/,107.27,55353,0,
2026-05-16T16:14:59.438439,GET,/api/mixed/db/1/,4.81,247,0,
2026-05-16T16:14:59.442103,GET,/api/mixed/db/1/,4.95,247,0,
2026-05-16T16:14:59.466879,GET,/api/mixed/http/,108.97,55353,0,
2026-05-16T16:14:59.489402,GET,/api/mixed/db/1/,3.93,247,0,
2026-05-16T16:14:59.491613,GET,/api/mixed/pipeline/1/,3.57,82,0,
2026-05-16T16:14:59.494943,GET,/api/mixed/http/,107.27,55353,0,
2026-05-16T16:14:59.503774,GET,/api/mixed/pipeline/1/,3.5,82,0,
2026-05-16T16:14:59.518710,GET,/api/mixed/http/,107.72,55353,0,
2026-05-16T16:14:59.526082,GET,/api/mixed/http/,108.43,55353,0,
2026-05-16T16:14:59.541761,GET,/api/mixed/pipeline/1/,2.84,82,0,
2026-05-16T16:14:59.545958,GET,/api/mixed/http/,108.3,55353,0,
2026-05-16T16:14:59.596768,GET,/api/mixed/http/,108.24,55353,0,
2026-05-16T16:14:59.599617,GET,/api/mixed/pipeline/1/,2.69,82,0,
2026-05-16T16:14:59.607238,GET,/api/mixed/http/,108.0,55353,0,
2026-05-16T16:14:59.630606,GET,/api/mixed/pipeline/1/,3.06,82,0,
2026-05-16T16:14:59.638799,GET,/api/mixed/http/,108.39,55353,0,
2026-05-16T16:14:59.639284,GET,/api/mixed/http/,107.85,55353,0,
2026-05-16T16:14:59.644411,GET,/api/mixed/pipeline/1/,2.81,82,0,
2026-05-16T16:14:59.649948,GET,/api/mixed/pipeline/1/,3.3,82,0,
2026-05-16T16:14:59.653961,GET,/api/mixed/http/,108.94,55353,0,
2026-05-16T16:14:59.665351,GET,/api/mixed/pipeline/1/,3.01,82,0,
2026-05-16T16:14:59.701411,GET,/api/mixed/http/,107.76,55353,0,
2026-05-16T16:14:59.735081,GET,/api/mixed/pipeline/1/,2.81,82,0,
2026-05-16T16:14:59.753471,GET,/api/mixed/db/1/,4.01,247,0,
2026-05-16T16:14:59.769951,GET,/api/mixed/pipeline/1/,3.51,82,0,
2026-05-16T16:14:59.773612,GET,/api/mixed/pipeline/1/,4.63,82,0,
2026-05-16T16:14:59.777094,GET,/api/mixed/db/1/,5.28,247,0,
2026-05-16T16:14:59.786693,GET,/api/mixed/http/,107.76,55353,0,
2026-05-16T16:14:59.813900,GET,/api/mixed/http/,108.1,55353,0,
2026-05-16T16:14:59.819119,GET,/api/mixed/pipeline/1/,2.98,82,0,
2026-05-16T16:14:59.831329,GET,/api/mixed/pipeline/1/,3.0,82,0,
2026-05-16T16:14:59.836559,GET,/api/mixed/pipeline/1/,2.97,82,0,
2026-05-16T16:14:59.837527,GET,/api/mixed/http/,107.89,55353,0,
2026-05-16T16:14:59.852733,GET,/api/mixed/db/1/,3.85,247,0,
2026-05-16T16:14:59.860346,GET,/api/mixed/http/,108.27,55353,0,
2026-05-16T16:14:59.860766,GET,/api/mixed/pipeline/1/,3.41,82,0,
2026-05-16T16:14:59.864625,GET,/api/mixed/http/,107.61,55353,0,
2026-05-16T16:14:59.868724,GET,/api/mixed/pipeline/1/,2.73,82,0,
2026-05-16T16:14:59.878602,GET,/api/mixed/http/,108.53,55353,0,
2026-05-16T16:14:59.892180,GET,/api/mixed/pipeline/1/,2.88,82,0,
2026-05-16T16:14:59.900240,GET,/api/mixed/pipeline/1/,2.7,82,0,
2026-05-16T16:14:59.912367,GET,/api/mixed/http/,108.38,55353,0,
2026-05-16T16:14:59.914564,GET,/api/mixed/db/1/,4.14,247,0,
2026-05-16T16:14:59.918016,GET,/api/mixed/db/1/,4.42,247,0,
2026-05-16T16:14:59.931181,GET,/api/mixed/pipeline/1/,2.9,82,0,
2026-05-16T16:14:59.962523,GET,/api/mixed/http/,107.59,55353,0,
2026-05-16T16:14:59.972612,GET,/api/mixed/db/1/,3.85,247,0,
2026-05-16T16:14:59.986202,GET,/api/mixed/http/,107.48,55353,0,
2026-05-16T16:14:59.994351,GET,/api/mixed/db/1/,3.82,247,0,
2026-05-16T16:15:00.004515,GET,/api/mixed/pipeline/1/,2.82,82,0,
2026-05-16T16:15:00.022408,GET,/api/mixed/http/,107.69,55353,0,
2026-05-16T16:15:00.051807,GET,/api/mixed/pipeline/1/,3.37,82,0,
2026-05-16T16:15:00.054047,GET,/api/mixed/pipeline/1/,3.1,82,0,
2026-05-16T16:15:00.059274,GET,/api/mixed/http/,107.9,55353,0,
2026-05-16T16:15:00.078733,GET,/api/mixed/db/1/,3.92,247,0,
2026-05-16T16:15:00.090937,GET,/api/mixed/pipeline/1/,2.89,82,0,
2026-05-16T16:15:00.098825,GET,/api/mixed/pipeline/1/,2.63,82,0,
2026-05-16T16:15:00.117401,GET,/api/mixed/db/1/,4.32,247,0,
2026-05-16T16:15:00.119909,GET,/api/mixed/pipeline/1/,3.37,82,0,
2026-05-16T16:15:00.128548,GET,/api/mixed/pipeline/1/,3.26,82,0,
2026-05-16T16:15:00.131250,GET,/api/mixed/pipeline/1/,3.58,82,0,
2026-05-16T16:15:00.134498,GET,/api/mixed/pipeline/1/,4.02,82,0,
2026-05-16T16:15:00.137481,GET,/api/mixed/db/1/,4.42,247,0,
2026-05-16T16:15:00.142367,GET,/api/mixed/pipeline/1/,2.7,82,0,
2026-05-16T16:15:00.143675,GET,/api/mixed/http/,107.96,55353,0,
2026-05-16T16:15:00.171774,GET,/api/mixed/pipeline/1/,2.8,82,0,
2026-05-16T16:15:00.190979,GET,/api/mixed/db/1/,3.89,247,0,
2026-05-16T16:15:00.202073,GET,/api/mixed/db/1/,3.73,247,0,
2026-05-16T16:15:00.215364,GET,/api/mixed/pipeline/1/,6.3,82,0,
2026-05-16T16:15:00.215786,GET,/api/mixed/db/1/,4.96,247,0,
2026-05-16T16:15:00.242868,GET,/api/mixed/http/,109.31,55353,0,
2026-05-16T16:15:00.252462,GET,/api/mixed/http/,108.68,55353,0,
2026-05-16T16:15:00.258445,GET,/api/mixed/pipeline/1/,3.09,82,0,
2026-05-16T16:15:00.258914,GET,/api/mixed/db/1/,5.16,247,0,
2026-05-16T16:15:00.267477,GET,/api/mixed/http/,108.28,55353,0,
2026-05-16T16:15:00.267974,GET,/api/mixed/http/,108.3,55353,0,
2026-05-16T16:15:00.274070,GET,/api/mixed/http/,107.76,55353,0,
2026-05-16T16:15:00.276654,GET,/api/mixed/db/1/,4.51,247,0,
2026-05-16T16:15:00.279651,GET,/api/mixed/pipeline/1/,3.86,82,0,
2026-05-16T16:15:00.281298,GET,/api/mixed/db/1/,3.78,247,0,
2026-05-16T16:15:00.297250,GET,/api/mixed/db/1/,4.57,247,0,
2026-05-16T16:15:00.300012,GET,/api/mixed/db/1/,3.79,247,0,
2026-05-16T16:15:00.312435,GET,/api/mixed/http/,108.14,55353,0,
2026-05-16T16:15:00.320843,GET,/api/mixed/http/,109.61,55353,0,
2026-05-16T16:15:00.337814,GET,/api/mixed/http/,108.78,55353,0,
2026-05-16T16:15:00.354104,GET,/api/mixed/db/1/,4.02,247,0,
2026-05-16T16:15:00.364581,GET,/api/mixed/pipeline/1/,3.16,82,0,
2026-05-16T16:15:00.372015,GET,/api/mixed/http/,107.89,55353,0,
2026-05-16T16:15:00.377260,GET,/api/mixed/pipeline/1/,2.84,82,0,
2026-05-16T16:15:00.382836,GET,/api/mixed/db/1/,4.37,247,0,
2026-05-16T16:15:00.406837,GET,/api/mixed/pipeline/1/,2.99,82,0,
2026-05-16T16:15:00.413849,GET,/api/mixed/db/1/,3.7,247,0,
2026-05-16T16:15:00.442558,GET,/api/mixed/db/1/,3.71,247,0,
2026-05-16T16:15:00.449591,GET,/api/mixed/pipeline/1/,2.74,82,0,
2026-05-16T16:15:00.456700,GET,/api/mixed/pipeline/1/,4.29,82,0,
2026-05-16T16:15:00.457239,GET,/api/mixed/db/1/,5.34,247,0,
2026-05-16T16:15:00.457753,GET,/api/mixed/pipeline/1/,4.97,82,0,
2026-05-16T16:15:00.480934,GET,/api/mixed/db/1/,4.69,247,0,
2026-05-16T16:15:00.481397,GET,/api/mixed/db/1/,4.64,247,0,
2026-05-16T16:15:00.486937,GET,/api/mixed/http/,107.44,55353,0,
2026-05-16T16:15:00.495998,GET,/api/mixed/http/,107.8,55353,0,
2026-05-16T16:15:00.509535,GET,/api/mixed/db/1/,3.77,247,0,
2026-05-16T16:15:00.524821,GET,/api/mixed/pipeline/1/,2.96,82,0,
2026-05-16T16:15:00.531946,GET,/api/mixed/pipeline/1/,2.89,82,0,
2026-05-16T16:15:00.543307,GET,/api/mixed/http/,108.24,55353,0,
2026-05-16T16:15:00.570184,GET,/api/mixed/db/1/,6.59,247,0,
2026-05-16T16:15:00.578779,GET,/api/mixed/db/1/,4.2,247,0,
2026-05-16T16:15:00.586142,GET,/api/mixed/http/,107.69,55353,0,
2026-05-16T16:15:00.592334,GET,/api/mixed/pipeline/1/,2.86,82,0,
2026-05-16T16:15:00.606398,GET,/api/mixed/http/,108.16,55353,0,
2026-05-16T16:15:00.615517,GET,/api/mixed/db/1/,4.88,247,0,
2026-05-16T16:15:00.617370,GET,/api/mixed/pipeline/1/,3.02,82,0,
2026-05-16T16:15:00.635664,GET,/api/mixed/pipeline/1/,2.94,82,0,
2026-05-16T16:15:00.645711,GET,/api/mixed/pipeline/1/,2.84,82,0,
2026-05-16T16:15:00.647214,GET,/api/mixed/http/,108.04,55353,0,
2026-05-16T16:15:00.663520,GET,/api/mixed/pipeline/1/,2.95,82,0,
2026-05-16T16:15:00.691624,GET,/api/mixed/db/1/,4.59,247,0,
2026-05-16T16:15:00.701773,GET,/api/mixed/http/,108.12,55353,0,
2026-05-16T16:15:00.705577,GET,/api/mixed/db/1/,3.68,247,0,
2026-05-16T16:15:00.714848,GET,/api/mixed/pipeline/1/,3.01,82,0,
2026-05-16T16:15:00.720180,GET,/api/mixed/http/,108.24,55353,0,
2026-05-16T16:15:00.726402,GET,/api/mixed/db/1/,3.92,247,0,
2026-05-16T16:15:00.760266,GET,/api/mixed/db/1/,3.97,247,0,
2026-05-16T16:15:00.774088,GET,/api/mixed/http/,109.22,55353,0,
2026-05-16T16:15:00.790351,GET,/api/mixed/http/,107.86,55353,0,
2026-05-16T16:15:00.794439,GET,/api/mixed/pipeline/1/,2.74,82,0,
2026-05-16T16:15:00.841766,GET,/api/mixed/db/1/,3.8,247,0,
2026-05-16T16:15:00.848801,GET,/api/mixed/http/,108.04,55353,0,
2026-05-16T16:15:00.849244,GET,/api/mixed/pipeline/1/,3.28,82,0,
2026-05-16T16:15:00.875386,GET,/api/mixed/db/1/,4.17,247,0,
2026-05-16T16:15:00.912718,GET,/api/mixed/db/1/,3.84,247,0,
2026-05-16T16:15:00.916512,GET,/api/mixed/db/1/,3.68,247,0,
2026-05-16T16:15:00.921498,GET,/api/mixed/pipeline/1/,3.21,82,0,
2026-05-16T16:15:00.931580,GET,/api/mixed/pipeline/1/,2.74,82,0,
2026-05-16T16:15:00.936260,GET,/api/mixed/pipeline/1/,3.46,82,0,
2026-05-16T16:15:00.937576,GET,/api/mixed/db/1/,3.79,247,0,
2026-05-16T16:15:00.938784,GET,/api/mixed/http/,108.98,55353,0,
2026-05-16T16:15:00.942212,GET,/api/mixed/http/,107.77,55353,0,
2026-05-16T16:15:00.961522,GET,/api/mixed/http/,108.01,55353,0,
2026-05-16T16:15:00.969816,GET,/api/mixed/pipeline/1/,5.01,82,0,
2026-05-16T16:15:00.973018,GET,/api/mixed/pipeline/1/,4.32,82,0,
2026-05-16T16:15:00.974367,GET,/api/mixed/db/1/,4.4,247,0,
2026-05-16T16:15:00.982530,GET,/api/mixed/db/1/,3.83,247,0,
2026-05-16T16:15:00.987978,GET,/api/mixed/http/,108.27,55353,0,
2026-05-16T16:15:00.988479,GET,/api/mixed/http/,107.82,55353,0,
2026-05-16T16:15:01.000282,GET,/api/mixed/pipeline/1/,3.5,82,0,
2026-05-16T16:15:01.002404,GET,/api/mixed/pipeline/1/,3.14,82,0,
2026-05-16T16:15:01.014083,GET,/api/mixed/http/,107.86,55353,0,
2026-05-16T16:15:01.025912,GET,/api/mixed/http/,108.07,55353,0,
2026-05-16T16:15:01.041891,GET,/api/mixed/pipeline/1/,3.51,82,0,
2026-05-16T16:15:01.044193,GET,/api/mixed/pipeline/1/,3.3,82,0,
2026-05-16T16:15:01.053571,GET,/api/mixed/db/1/,3.99,247,0,
2026-05-16T16:15:01.058843,GET,/api/mixed/pipeline/1/,2.92,82,0,
2026-05-16T16:15:01.062542,GET,/api/mixed/http/,108.17,55353,0,
2026-05-16T16:15:01.071535,GET,/api/mixed/db/1/,3.79,247,0,
2026-05-16T16:15:01.073526,GET,/api/mixed/http/,108.12,55353,0,
2026-05-16T16:15:01.090918,GET,/api/mixed/db/1/,3.93,247,0,
2026-05-16T16:15:01.098902,GET,/api/mixed/pipeline/1/,2.92,82,0,
2026-05-16T16:15:01.138023,GET,/api/mixed/pipeline/1/,4.58,82,0,
2026-05-16T16:15:01.139294,GET,/api/mixed/pipeline/1/,4.6,82,0,
2026-05-16T16:15:01.144427,GET,/api/mixed/db/1/,3.75,247,0,
2026-05-16T16:15:01.174686,GET,/api/mixed/db/1/,3.91,247,0,
2026-05-16T16:15:01.179754,GET,/api/mixed/db/1/,3.72,247,0,
2026-05-16T16:15:01.188496,GET,/api/mixed/pipeline/1/,2.93,82,0,
2026-05-16T16:15:01.192276,GET,/api/mixed/db/1/,3.67,247,0,
2026-05-16T16:15:01.204936,GET,/api/mixed/pipeline/1/,3.32,82,0,
2026-05-16T16:15:01.207238,GET,/api/mixed/pipeline/1/,3.13,82,0,
2026-05-16T16:15:01.207840,GET,/api/mixed/http/,107.71,55353,0,
2026-05-16T16:15:01.223871,GET,/api/mixed/pipeline/1/,2.82,82,0,
2026-05-16T16:15:01.225582,GET,/api/mixed/http/,107.83,55353,0,
2026-05-16T16:15:01.286621,GET,/api/mixed/pipeline/1/,4.03,82,0,
2026-05-16T16:15:01.294252,GET,/api/mixed/http/,109.19,55353,0,
2026-05-16T16:15:01.341685,GET,/api/mixed/db/1/,4.51,247,0,
2026-05-16T16:15:01.343730,GET,/api/mixed/pipeline/1/,3.02,82,0,
2026-05-16T16:15:01.360419,GET,/api/mixed/http/,108.54,55353,0,
2026-05-16T16:15:01.365575,GET,/api/mixed/http/,108.94,55353,0,
2026-05-16T16:15:01.371802,GET,/api/mixed/http/,108.66,55353,0,
2026-05-16T16:15:01.372948,GET,/api/mixed/db/1/,5.12,247,0,
2026-05-16T16:15:01.387793,GET,/api/mixed/http/,107.83,55353,0,
2026-05-16T16:15:01.391506,GET,/api/mixed/http/,108.5,55353,0,
2026-05-16T16:15:01.423363,GET,/api/mixed/db/1/,4.19,247,0,
2026-05-16T16:15:01.425260,GET,/api/mixed/pipeline/1/,3.4,82,0,
2026-05-16T16:15:01.430295,GET,/api/mixed/http/,107.78,55353,0,
2026-05-16T16:15:01.451721,GET,/api/mixed/pipeline/1/,3.03,82,0,
2026-05-16T16:15:01.463540,GET,/api/mixed/http/,108.62,55353,0,
2026-05-16T16:15:01.468616,GET,/api/mixed/db/1/,3.66,247,0,
2026-05-16T16:15:01.472768,GET,/api/mixed/pipeline/1/,3.99,82,0,
2026-05-16T16:15:01.498587,GET,/api/mixed/http/,108.58,55353,0,
2026-05-16T16:15:01.507421,GET,/api/mixed/pipeline/1/,4.54,82,0,
2026-05-16T16:15:01.529367,GET,/api/mixed/pipeline/1/,4.51,82,0,
2026-05-16T16:15:01.574263,GET,/api/mixed/pipeline/1/,5.0,82,0,
2026-05-16T16:15:01.585117,GET,/api/mixed/http/,115.76,55353,0,
2026-05-16T16:15:01.585842,GET,/api/mixed/pipeline/1/,4.87,82,0,
2026-05-16T16:15:01.592759,GET,/api/mixed/db/1/,5.68,247,0,
2026-05-16T16:15:01.593376,GET,/api/mixed/pipeline/1/,4.25,82,0,
2026-05-16T16:15:01.596366,GET,/api/mixed/http/,113.96,55353,0,
2026-05-16T16:15:01.614091,GET,/api/mixed/db/1/,4.37,247,0,
2026-05-16T16:15:01.624476,GET,/api/mixed/http/,115.77,55353,0,
2026-05-16T16:15:01.640549,GET,/api/mixed/db/1/,4.38,247,0,
2026-05-16T16:15:01.642465,GET,/api/mixed/db/1/,4.25,247,0,
2026-05-16T16:15:01.646680,GET,/api/mixed/pipeline/1/,3.04,82,0,
2026-05-16T16:15:01.657429,GET,/api/mixed/db/1/,6.52,247,0,
2026-05-16T16:15:01.663449,GET,/api/mixed/db/1/,5.82,247,0,
2026-05-16T16:15:01.666745,GET,/api/mixed/http/,119.08,55353,0,
2026-05-16T16:15:01.670196,GET,/api/mixed/pipeline/1/,5.38,82,0,
2026-05-16T16:15:01.673288,GET,/api/mixed/http/,117.4,55353,0,
2026-05-16T16:15:01.674329,GET,/api/mixed/http/,117.65,55353,0,
2026-05-16T16:15:01.688440,GET,/api/mixed/http/,115.69,55353,0,
2026-05-16T16:15:01.697129,GET,/api/mixed/pipeline/1/,5.43,82,0,
2026-05-16T16:15:01.699905,GET,/api/mixed/pipeline/1/,4.9,82,0,
2026-05-16T16:15:01.708553,GET,/api/mixed/pipeline/1/,4.31,82,0,
2026-05-16T16:15:01.736018,GET,/api/mixed/pipeline/1/,9.68,82,0,
2026-05-16T16:15:01.737061,GET,/api/mixed/pipeline/1/,10.15,82,0,
2026-05-16T16:15:01.737808,GET,/api/mixed/pipeline/1/,5.82,82,0,
2026-05-16T16:15:01.739348,GET,/api/mixed/http/,117.06,55353,0,
2026-05-16T16:15:01.756183,GET,/api/mixed/db/1/,10.42,247,0,
2026-05-16T16:15:01.757405,GET,/api/mixed/pipeline/1/,8.01,82,0,
2026-05-16T16:15:01.762369,GET,/api/mixed/pipeline/1/,10.85,82,0,
2026-05-16T16:15:01.771859,GET,/api/mixed/http/,134.61,55353,0,
2026-05-16T16:15:01.781356,GET,/api/mixed/http/,129.81,55353,0,
2026-05-16T16:15:01.783521,GET,/api/mixed/pipeline/1/,6.74,82,0,
2026-05-16T16:15:01.786006,GET,/api/mixed/pipeline/1/,26.15,82,0,
2026-05-16T16:15:01.800373,GET,/api/mixed/pipeline/1/,7.01,82,0,
2026-05-16T16:15:01.802618,GET,/api/mixed/pipeline/1/,5.15,82,0,
2026-05-16T16:15:01.804382,GET,/api/mixed/http/,111.76,55353,0,
2026-05-16T16:15:01.819921,GET,/api/mixed/http/,111.16,55353,0,
2026-05-16T16:15:01.835145,GET,/api/mixed/pipeline/1/,3.96,82,0,
2026-05-16T16:15:01.847536,GET,/api/mixed/http/,116.2,55353,0,
2026-05-16T16:15:01.866899,GET,/api/mixed/http/,113.9,55353,0,
2026-05-16T16:15:01.881225,GET,/api/mixed/pipeline/1/,3.06,82,0,
2026-05-16T16:15:01.885307,GET,/api/mixed/http/,131.21,55353,0,
2026-05-16T16:15:01.892641,GET,/api/mixed/pipeline/1/,3.17,82,0,
2026-05-16T16:15:01.898919,GET,/api/mixed/http/,109.52,55353,0,
2026-05-16T16:15:01.908488,GET,/api/mixed/pipeline/1/,3.4,82,0,
2026-05-16T16:15:01.913980,GET,/api/mixed/pipeline/1/,3.29,82,0,
2026-05-16T16:15:01.936875,GET,/api/mixed/db/1/,4.16,247,0,
2026-05-16T16:15:01.942603,GET,/api/mixed/http/,110.22,55353,0,
2026-05-16T16:15:01.943009,GET,/api/mixed/pipeline/1/,4.91,82,0,
2026-05-16T16:15:01.961398,GET,/api/mixed/db/1/,4.73,247,0,
2026-05-16T16:15:01.969705,GET,/api/mixed/http/,108.64,55353,0,
2026-05-16T16:15:01.976989,GET,/api/mixed/db/1/,4.83,247,0,
2026-05-16T16:15:01.998238,GET,/api/mixed/db/1/,5.96,247,0,
2026-05-16T16:15:02.012571,GET,/api/mixed/http/,108.44,55353,0,
2026-05-16T16:15:02.034398,GET,/api/mixed/http/,108.91,55353,0,
2026-05-16T16:15:02.035497,GET,/api/mixed/http/,108.26,55353,0,
2026-05-16T16:15:02.050638,GET,/api/mixed/http/,109.8,55353,0,
2026-05-16T16:15:02.088603,GET,/api/mixed/pipeline/1/,3.47,82,0,
2026-05-16T16:15:02.102557,GET,/api/mixed/http/,108.77,55353,0,
2026-05-16T16:15:02.105389,GET,/api/mixed/http/,108.56,55353,0,
2026-05-16T16:15:02.108776,GET,/api/mixed/db/1/,4.98,247,0,
2026-05-16T16:15:02.134243,GET,/api/mixed/http/,108.27,55353,0,
2026-05-16T16:15:02.151304,GET,/api/mixed/pipeline/1/,3.81,82,0,
2026-05-16T16:15:02.160247,GET,/api/mixed/db/1/,4.63,247,0,
2026-05-16T16:15:02.186836,GET,/api/mixed/pipeline/1/,3.35,82,0,
2026-05-16T16:15:02.209732,GET,/api/mixed/db/1/,4.84,247,0,
2026-05-16T16:15:02.218340,GET,/api/mixed/pipeline/1/,3.36,82,0,
2026-05-16T16:15:02.222915,GET,/api/mixed/db/1/,4.43,247,0,
2026-05-16T16:15:02.231592,GET,/api/mixed/pipeline/1/,6.72,82,0,
2026-05-16T16:15:02.233902,GET,/api/mixed/db/1/,8.51,247,0,
2026-05-16T16:15:02.234783,GET,/api/mixed/db/1/,10.55,247,0,
2026-05-16T16:15:02.238872,GET,/api/mixed/pipeline/1/,8.97,82,0,
2026-05-16T16:15:02.242598,GET,/api/mixed/db/1/,4.89,247,0,
2026-05-16T16:15:02.248331,GET,/api/mixed/pipeline/1/,3.44,82,0,
2026-05-16T16:15:02.257159,GET,/api/mixed/db/1/,4.38,247,0,
2026-05-16T16:15:02.264953,GET,/api/mixed/db/1/,3.94,247,0,
2026-05-16T16:15:02.270687,GET,/api/mixed/http/,108.21,55353,0,
2026-05-16T16:15:02.277788,GET,/api/mixed/pipeline/1/,2.8,82,0,
2026-05-16T16:15:02.281653,GET,/api/mixed/db/1/,3.73,247,0,
2026-05-16T16:15:02.293842,GET,/api/mixed/pipeline/1/,3.77,82,0,
2026-05-16T16:15:02.294242,GET,/api/mixed/pipeline/1/,3.41,82,0,
2026-05-16T16:15:02.303458,GET,/api/mixed/db/1/,4.08,247,0,
2026-05-16T16:15:02.304223,GET,/api/mixed/http/,108.07,55353,0,
2026-05-16T16:15:02.310491,GET,/api/mixed/pipeline/1/,2.98,82,0,
2026-05-16T16:15:02.316014,GET,/api/mixed/db/1/,4.02,247,0,
2026-05-16T16:15:02.329674,GET,/api/mixed/db/1/,4.36,247,0,
2026-05-16T16:15:02.343838,GET,/api/mixed/http/,114.8,55353,0,
2026-05-16T16:15:02.344596,GET,/api/mixed/db/1/,6.42,247,0,
2026-05-16T16:15:02.347072,GET,/api/mixed/http/,115.21,55353,0,
2026-05-16T16:15:02.349105,GET,/api/mixed/pipeline/1/,7.22,82,0,
2026-05-16T16:15:02.350718,GET,/api/mixed/db/1/,5.99,247,0,
2026-05-16T16:15:02.365952,GET,/api/mixed/http/,108.66,55353,0,
2026-05-16T16:15:02.379053,GET,/api/mixed/db/1/,4.19,247,0,
2026-05-16T16:15:02.398018,GET,/api/mixed/http/,108.99,55353,0,
2026-05-16T16:15:02.399355,GET,/api/mixed/http/,107.88,55353,0,
2026-05-16T16:15:02.407207,GET,/api/mixed/db/1/,3.97,247,0,
2026-05-16T16:15:02.411325,GET,/api/mixed/pipeline/1/,2.92,82,0,
2026-05-16T16:15:02.418694,GET,/api/mixed/db/1/,4.15,247,0,
2026-05-16T16:15:02.419165,GET,/api/mixed/http/,108.56,55353,0,
2026-05-16T16:15:02.441569,GET,/api/mixed/http/,108.65,55353,0,
2026-05-16T16:15:02.447359,GET,/api/mixed/http/,108.58,55353,0,
2026-05-16T16:15:02.456111,GET,/api/mixed/pipeline/1/,3.52,82,0,
2026-05-16T16:15:02.456680,GET,/api/mixed/pipeline/1/,3.06,82,0,
2026-05-16T16:15:02.468761,GET,/api/mixed/http/,107.77,55353,0,
2026-05-16T16:15:02.475712,GET,/api/mixed/pipeline/1/,2.96,82,0,
2026-05-16T16:15:02.483858,GET,/api/mixed/http/,109.52,55353,0,
2026-05-16T16:15:02.487092,GET,/api/mixed/pipeline/1/,3.1,82,0,
2026-05-16T16:15:02.501851,GET,/api/mixed/http/,108.57,55353,0,
2026-05-16T16:15:02.514657,GET,/api/mixed/http/,114.08,55353,0,
2026-05-16T16:15:02.529277,GET,/api/mixed/pipeline/1/,4.25,82,0,
2026-05-16T16:15:02.544377,GET,/api/mixed/pipeline/1/,5.04,82,0,
2026-05-16T16:15:02.545452,GET,/api/mixed/db/1/,6.88,247,0,
2026-05-16T16:15:02.553289,GET,/api/mixed/db/1/,6.41,247,0,
2026-05-16T16:15:02.556768,GET,/api/mixed/db/1/,6.79,247,0,
2026-05-16T16:15:02.570438,GET,/api/mixed/http/,108.41,55353,0,
2026-05-16T16:15:02.579549,GET,/api/mixed/http/,109.37,55353,0,
2026-05-16T16:15:02.594739,GET,/api/mixed/db/1/,5.07,247,0,
2026-05-16T16:15:02.602348,GET,/api/mixed/db/1/,5.33,247,0,
2026-05-16T16:15:02.628449,GET,/api/mixed/db/1/,7.91,247,0,
2026-05-16T16:15:02.671614,GET,/api/mixed/db/1/,8.33,247,0,
2026-05-16T16:15:02.677831,GET,/api/mixed/db/1/,5.99,247,0,
2026-05-16T16:15:02.694436,GET,/api/mixed/http/,110.65,55353,0,
2026-05-16T16:15:02.714717,GET,/api/mixed/pipeline/1/,4.45,82,0,
2026-05-16T16:15:02.715505,GET,/api/mixed/pipeline/1/,3.44,82,0,
2026-05-16T16:15:02.716454,GET,/api/mixed/http/,110.71,55353,0,
2026-05-16T16:15:02.725637,GET,/api/mixed/http/,110.65,55353,0,
2026-05-16T16:15:02.730819,GET,/api/mixed/db/1/,5.01,247,0,
2026-05-16T16:15:02.733105,GET,/api/mixed/http/,110.26,55353,0,
2026-05-16T16:15:02.743315,GET,/api/mixed/http/,109.54,55353,0,
2026-05-16T16:15:02.747142,GET,/api/mixed/http/,109.25,55353,0,
2026-05-16T16:15:02.761256,GET,/api/mixed/http/,110.29,55353,0,
2026-05-16T16:15:02.775211,GET,/api/mixed/http/,110.91,55353,0,
2026-05-16T16:15:02.775788,GET,/api/mixed/pipeline/1/,3.59,82,0,
2026-05-16T16:15:02.782143,GET,/api/mixed/pipeline/1/,3.17,82,0,
2026-05-16T16:15:02.793284,GET,/api/mixed/http/,110.02,55353,0,
2026-05-16T16:15:02.802340,GET,/api/mixed/http/,109.78,55353,0,
2026-05-16T16:15:02.811859,GET,/api/mixed/pipeline/1/,3.23,82,0,
2026-05-16T16:15:02.833223,GET,/api/mixed/db/1/,5.01,247,0,
2026-05-16T16:15:02.873723,GET,/api/mixed/http/,108.22,55353,0,
2026-05-16T16:15:02.892212,GET,/api/mixed/http/,109.93,55353,0,
2026-05-16T16:15:02.897484,GET,/api/mixed/db/1/,5.14,247,0,
2026-05-16T16:15:02.900565,GET,/api/mixed/pipeline/1/,4.69,82,0,
2026-05-16T16:15:02.932195,GET,/api/mixed/db/1/,6.38,247,0,
2026-05-16T16:15:02.934183,GET,/api/mixed/pipeline/1/,3.39,82,0,
2026-05-16T16:15:02.945131,GET,/api/mixed/pipeline/1/,3.7,82,0,
2026-05-16T16:15:02.953524,GET,/api/mixed/db/1/,4.11,247,0,
2026-05-16T16:15:02.964608,GET,/api/mixed/pipeline/1/,4.85,82,0,
2026-05-16T16:15:02.967598,GET,/api/mixed/http/,108.95,55353,0,
2026-05-16T16:15:02.970647,GET,/api/mixed/pipeline/1/,2.93,82,0,
2026-05-16T16:15:02.979014,GET,/api/mixed/http/,110.69,55353,0,
2026-05-16T16:15:02.999046,GET,/api/mixed/pipeline/1/,2.7,82,0,
2026-05-16T16:15:03.009051,GET,/api/mixed/pipeline/1/,3.74,82,0,
2026-05-16T16:15:03.019522,GET,/api/mixed/pipeline/1/,3.21,82,0,
2026-05-16T16:15:03.034854,GET,/api/mixed/db/1/,4.89,247,0,
2026-05-16T16:15:03.035516,GET,/api/mixed/db/1/,5.0,247,0,
2026-05-16T16:15:03.041432,GET,/api/mixed/pipeline/1/,4.59,82,0,
2026-05-16T16:15:03.043894,GET,/api/mixed/db/1/,5.15,247,0,
2026-05-16T16:15:03.050879,GET,/api/mixed/pipeline/1/,3.47,82,0,
2026-05-16T16:15:03.054118,GET,/api/mixed/pipeline/1/,2.67,82,0,
2026-05-16T16:15:03.061679,GET,/api/mixed/pipeline/1/,4.31,82,0,
2026-05-16T16:15:03.071302,GET,/api/mixed/pipeline/1/,2.91,82,0,
2026-05-16T16:15:03.071774,GET,/api/mixed/db/1/,4.74,247,0,
2026-05-16T16:15:03.078208,GET,/api/mixed/pipeline/1/,5.19,82,0,
2026-05-16T16:15:03.102326,GET,/api/mixed/pipeline/1/,3.33,82,0,
2026-05-16T16:15:03.104328,GET,/api/mixed/http/,108.75,55353,0,
2026-05-16T16:15:03.127328,GET,/api/mixed/db/1/,5.68,247,0,
2026-05-16T16:15:03.150281,GET,/api/mixed/pipeline/1/,3.59,82,0,
2026-05-16T16:15:03.157499,GET,/api/mixed/pipeline/1/,3.96,82,0,
2026-05-16T16:15:03.159187,GET,/api/mixed/http/,109.11,55353,0,
2026-05-16T16:15:03.190952,GET,/api/mixed/http/,114.05,55353,0,
2026-05-16T16:15:03.208937,GET,/api/mixed/pipeline/1/,3.67,82,0,
2026-05-16T16:15:03.240539,GET,/api/mixed/pipeline/1/,3.5,82,0,
2026-05-16T16:15:03.255758,GET,/api/mixed/pipeline/1/,3.88,82,0,
2026-05-16T16:15:03.266191,GET,/api/mixed/http/,108.49,55353,0,
2026-05-16T16:15:03.290281,GET,/api/mixed/pipeline/1/,3.45,82,0,
2026-05-16T16:15:03.298356,GET,/api/mixed/pipeline/1/,2.78,82,0,
2026-05-16T16:15:03.324673,GET,/api/mixed/pipeline/1/,3.04,82,0,
2026-05-16T16:15:03.329054,GET,/api/mixed/http/,108.77,55353,0,
2026-05-16T16:15:03.330558,GET,/api/mixed/db/1/,3.66,247,0,
2026-05-16T16:15:03.354992,GET,/api/mixed/pipeline/1/,4.14,82,0,
2026-05-16T16:15:03.356926,GET,/api/mixed/db/1/,6.61,247,0,
2026-05-16T16:15:03.365025,GET,/api/mixed/pipeline/1/,3.76,82,0,
2026-05-16T16:15:03.365749,GET,/api/mixed/db/1/,4.02,247,0,
2026-05-16T16:15:03.374786,GET,/api/mixed/pipeline/1/,2.73,82,0,
2026-05-16T16:15:03.379678,GET,/api/mixed/db/1/,3.55,247,0,
2026-05-16T16:15:03.391231,GET,/api/mixed/http/,108.66,55353,0,
2026-05-16T16:15:03.393046,GET,/api/mixed/http/,107.75,55353,0,
2026-05-16T16:15:03.398993,GET,/api/mixed/pipeline/1/,2.76,82,0,
2026-05-16T16:15:03.404268,GET,/api/mixed/db/1/,3.99,247,0,
2026-05-16T16:15:03.431819,GET,/api/mixed/pipeline/1/,3.83,82,0,
2026-05-16T16:15:03.432393,GET,/api/mixed/pipeline/1/,3.99,82,0,
2026-05-16T16:15:03.432822,GET,/api/mixed/db/1/,5.37,247,0,
2026-05-16T16:15:03.441062,GET,/api/mixed/http/,108.16,55353,0,
2026-05-16T16:15:03.441499,GET,/api/mixed/pipeline/1/,3.5,82,0,
2026-05-16T16:15:03.443036,GET,/api/mixed/db/1/,3.78,247,0,
2026-05-16T16:15:03.453662,GET,/api/mixed/db/1/,3.77,247,0,
2026-05-16T16:15:03.497118,GET,/api/mixed/pipeline/1/,2.77,82,0,
2026-05-16T16:15:03.500986,GET,/api/mixed/pipeline/1/,2.53,82,0,
2026-05-16T16:15:03.537167,GET,/api/mixed/db/1/,4.34,247,0,
2026-05-16T16:15:03.538211,GET,/api/mixed/pipeline/1/,2.75,82,0,
2026-05-16T16:15:03.555008,GET,/api/mixed/http/,107.81,55353,0,
2026-05-16T16:15:03.557919,GET,/api/mixed/pipeline/1/,2.79,82,0,
2026-05-16T16:15:03.601744,GET,/api/mixed/http/,108.58,55353,0,
2026-05-16T16:15:03.604981,GET,/api/mixed/db/1/,5.38,247,0,
2026-05-16T16:15:03.610780,GET,/api/mixed/db/1/,4.2,247,0,
2026-05-16T16:15:03.620440,GET,/api/mixed/pipeline/1/,3.21,82,0,
2026-05-16T16:15:03.630180,GET,/api/mixed/http/,107.87,55353,0,
2026-05-16T16:15:03.641492,GET,/api/mixed/pipeline/1/,3.15,82,0,
2026-05-16T16:15:03.651814,GET,/api/mixed/db/1/,5.11,247,0,
2026-05-16T16:15:03.654766,GET,/api/mixed/db/1/,6.7,247,0,
2026-05-16T16:15:03.655230,GET,/api/mixed/db/1/,4.54,247,0,
2026-05-16T16:15:03.672980,GET,/api/mixed/http/,108.71,55353,0,
2026-05-16T16:15:03.682816,GET,/api/mixed/http/,108.82,55353,0,
2026-05-16T16:15:03.709764,GET,/api/mixed/http/,109.49,55353,0,
2026-05-16T16:15:03.711864,GET,/api/mixed/http/,108.17,55353,0,
2026-05-16T16:15:03.716619,GET,/api/mixed/http/,107.69,55353,0,
2026-05-16T16:15:03.725226,GET,/api/mixed/db/1/,4.38,247,0,
2026-05-16T16:15:03.730880,GET,/api/mixed/pipeline/1/,3.26,82,0,
2026-05-16T16:15:03.741918,GET,/api/mixed/pipeline/1/,4.24,82,0,
2026-05-16T16:15:03.742390,GET,/api/mixed/http/,107.84,55353,0,
2026-05-16T16:15:03.750321,GET,/api/mixed/pipeline/1/,2.8,82,0,
2026-05-16T16:15:03.771056,GET,/api/mixed/db/1/,3.92,247,0,
2026-05-16T16:15:03.772087,GET,/api/mixed/http/,108.61,55353,0,
2026-05-16T16:15:03.789646,GET,/api/mixed/http/,108.4,55353,0,
2026-05-16T16:15:03.809307,GET,/api/mixed/http/,109.58,55353,0,
2026-05-16T16:15:03.809998,GET,/api/mixed/pipeline/1/,3.14,82,0,
2026-05-16T16:15:03.829035,GET,/api/mixed/db/1/,4.06,247,0,
2026-05-16T16:15:03.832468,GET,/api/mixed/pipeline/1/,4.79,82,0,
2026-05-16T16:15:03.842595,GET,/api/mixed/http/,108.37,55353,0,
2026-05-16T16:15:03.847879,GET,/api/mixed/http/,109.32,55353,0,
2026-05-16T16:15:03.850716,GET,/api/mixed/db/1/,4.87,247,0,
2026-05-16T16:15:03.857996,GET,/api/mixed/pipeline/1/,3.02,82,0,
2026-05-16T16:15:03.870221,GET,/api/mixed/http/,107.56,55353,0,
2026-05-16T16:15:03.871148,GET,/api/mixed/pipeline/1/,2.98,82,0,
2026-05-16T16:15:03.877991,GET,/api/mixed/db/1/,4.45,247,0,
2026-05-16T16:15:03.879216,GET,/api/mixed/db/1/,4.48,247,0,
2026-05-16T16:15:03.881353,GET,/api/mixed/pipeline/1/,3.24,82,0,
2026-05-16T16:15:03.887491,GET,/api/mixed/pipeline/1/,2.86,82,0,
2026-05-16T16:15:03.921256,GET,/api/mixed/pipeline/1/,4.01,82,0,
2026-05-16T16:15:03.925858,GET,/api/mixed/http/,108.53,55353,0,
2026-05-16T16:15:03.938580,GET,/api/mixed/pipeline/1/,2.85,82,0,
2026-05-16T16:15:03.953292,GET,/api/mixed/pipeline/1/,3.48,82,0,
2026-05-16T16:15:03.960472,GET,/api/mixed/db/1/,3.78,247,0,
2026-05-16T16:15:03.986497,GET,/api/mixed/db/1/,4.79,247,0,
2026-05-16T16:15:03.987038,GET,/api/mixed/http/,110.04,55353,0,
2026-05-16T16:15:03.996263,GET,/api/mixed/pipeline/1/,3.97,82,0,
2026-05-16T16:15:03.998205,GET,/api/mixed/pipeline/1/,3.04,82,0,
2026-05-16T16:15:03.999524,GET,/api/mixed/http/,107.81,55353,0,
2026-05-16T16:15:04.006155,GET,/api/mixed/http/,107.78,55353,0,
2026-05-16T16:15:04.008992,GET,/api/mixed/db/1/,4.26,247,0,
2026-05-16T16:15:04.027925,GET,/api/mixed/http/,107.75,55353,0,
2026-05-16T16:15:04.033589,GET,/api/mixed/http/,108.76,55353,0,
2026-05-16T16:15:04.034527,GET,/api/mixed/http/,108.23,55353,0,
2026-05-16T16:15:04.038654,GET,/api/mixed/pipeline/1/,2.76,82,0,
2026-05-16T16:15:04.058932,GET,/api/mixed/http/,107.84,55353,0,
2026-05-16T16:15:04.092880,GET,/api/mixed/db/1/,4.07,247,0,
2026-05-16T16:15:04.094272,GET,/api/mixed/http/,109.09,55353,0,
2026-05-16T16:15:04.100703,GET,/api/mixed/http/,108.9,55353,0,
2026-05-16T16:15:04.118417,GET,/api/mixed/db/1/,3.94,247,0,
2026-05-16T16:15:04.126487,GET,/api/mixed/pipeline/1/,2.74,82,0,
2026-05-16T16:15:04.140578,GET,/api/mixed/http/,108.41,55353,0,
2026-05-16T16:15:04.158890,GET,/api/mixed/pipeline/1/,3.08,82,0,
2026-05-16T16:15:04.162592,GET,/api/mixed/http/,107.74,55353,0,
2026-05-16T16:15:04.164635,GET,/api/mixed/pipeline/1/,4.49,82,0,
2026-05-16T16:15:04.171088,GET,/api/mixed/http/,107.85,55353,0,
2026-05-16T16:15:04.187074,GET,/api/mixed/db/1/,5.6,247,0,
2026-05-16T16:15:04.197221,GET,/api/mixed/pipeline/1/,3.36,82,0,
2026-05-16T16:15:04.197990,GET,/api/mixed/db/1/,4.67,247,0,
2026-05-16T16:15:04.206596,GET,/api/mixed/http/,108.15,55353,0,
2026-05-16T16:15:04.207438,GET,/api/mixed/http/,107.77,55353,0,
2026-05-16T16:15:04.219675,GET,/api/mixed/pipeline/1/,2.89,82,0,
2026-05-16T16:15:04.225556,GET,/api/mixed/db/1/,3.57,247,0,
2026-05-16T16:15:04.272821,GET,/api/mixed/http/,110.08,55353,0,
2026-05-16T16:15:04.273505,GET,/api/mixed/http/,108.71,55353,0,
2026-05-16T16:15:04.276624,GET,/api/mixed/http/,107.99,55353,0,
2026-05-16T16:15:04.277101,GET,/api/mixed/http/,107.97,55353,0,
2026-05-16T16:15:04.290765,GET,/api/mixed/http/,108.34,55353,0,
2026-05-16T16:15:04.291269,GET,/api/mixed/http/,109.25,55353,0,
2026-05-16T16:15:04.293433,GET,/api/mixed/pipeline/1/,3.66,82,0,
2026-05-16T16:15:04.307758,GET,/api/mixed/http/,107.97,55353,0,
2026-05-16T16:15:04.308304,GET,/api/mixed/http/,108.96,55353,0,
2026-05-16T16:15:04.324359,GET,/api/mixed/db/1/,3.87,247,0,
2026-05-16T16:15:04.327199,GET,/api/mixed/pipeline/1/,2.73,82,0,
2026-05-16T16:15:04.343106,GET,/api/mixed/pipeline/1/,3.15,82,0,
2026-05-16T16:15:04.362486,GET,/api/mixed/db/1/,4.06,247,0,
2026-05-16T16:15:04.367436,GET,/api/mixed/db/1/,3.63,247,0,
2026-05-16T16:15:04.378293,GET,/api/mixed/pipeline/1/,3.16,82,0,
2026-05-16T16:15:04.378719,GET,/api/mixed/pipeline/1/,2.69,82,0,
2026-05-16T16:15:04.387846,GET,/api/mixed/http/,107.57,55353,0,
2026-05-16T16:15:04.406082,GET,/api/mixed/pipeline/1/,2.94,82,0,
2026-05-16T16:15:04.411164,GET,/api/mixed/http/,108.54,55353,0,
2026-05-16T16:15:04.413334,GET,/api/mixed/pipeline/1/,3.31,82,0,
2026-05-16T16:15:04.436176,GET,/api/mixed/db/1/,3.96,247,0,
2026-05-16T16:15:04.443107,GET,/api/mixed/pipeline/1/,3.74,82,0,
2026-05-16T16:15:04.448831,GET,/api/mixed/http/,109.35,55353,0,
2026-05-16T16:15:04.478032,GET,/api/mixed/http/,108.24,55353,0,
2026-05-16T16:15:04.497585,GET,/api/mixed/db/1/,4.0,247,0,
2026-05-16T16:15:04.504984,GET,/api/mixed/db/1/,4.6,247,0,
2026-05-16T16:15:04.525455,GET,/api/mixed/http/,107.74,55353,0,
2026-05-16T16:15:04.531609,GET,/api/mixed/pipeline/1/,2.91,82,0,
2026-05-16T16:15:04.536764,GET,/api/mixed/pipeline/1/,2.79,82,0,
2026-05-16T16:15:04.558019,GET,/api/mixed/pipeline/1/,2.88,82,0,
2026-05-16T16:15:04.567938,GET,/api/mixed/db/1/,4.59,247,0,
2026-05-16T16:15:04.569072,GET,/api/mixed/http/,107.74,55353,0,
2026-05-16T16:15:04.569954,GET,/api/mixed/pipeline/1/,4.37,82,0,
2026-05-16T16:15:04.573247,GET,/api/mixed/db/1/,4.07,247,0,
2026-05-16T16:15:04.577527,GET,/api/mixed/pipeline/1/,2.87,82,0,
2026-05-16T16:15:04.600009,GET,/api/mixed/pipeline/1/,3.17,82,0,
2026-05-16T16:15:04.605086,GET,/api/mixed/pipeline/1/,2.73,82,0,
2026-05-16T16:15:04.607845,GET,/api/mixed/pipeline/1/,2.65,82,0,
2026-05-16T16:15:04.608355,GET,/api/mixed/http/,108.45,55353,0,
2026-05-16T16:15:04.614070,GET,/api/mixed/db/1/,4.48,247,0,
2026-05-16T16:15:04.614489,GET,/api/mixed/db/1/,4.43,247,0,
2026-05-16T16:15:04.624643,GET,/api/mixed/pipeline/1/,2.85,82,0,
2026-05-16T16:15:04.629857,GET,/api/mixed/http/,107.67,55353,0,
2026-05-16T16:15:04.630445,GET,/api/mixed/db/1/,3.58,247,0,
2026-05-16T16:15:04.643847,GET,/api/mixed/db/1/,4.07,247,0,
2026-05-16T16:15:04.647598,GET,/api/mixed/http/,108.63,55353,0,
2026-05-16T16:15:04.655369,GET,/api/mixed/http/,108.82,55353,0,
2026-05-16T16:15:04.655810,GET,/api/mixed/db/1/,4.0,247,0,
2026-05-16T16:15:04.671502,GET,/api/mixed/http/,109.3,55353,0,
2026-05-16T16:15:04.674848,GET,/api/mixed/http/,107.82,55353,0,
2026-05-16T16:15:04.680449,GET,/api/mixed/db/1/,4.29,247,0,
2026-05-16T16:15:04.680901,GET,/api/mixed/db/1/,3.85,247,0,
2026-05-16T16:15:04.706190,GET,/api/mixed/db/1/,3.89,247,0,
2026-05-16T16:15:04.715234,GET,/api/mixed/db/1/,3.85,247,0,
2026-05-16T16:15:04.725115,GET,/api/mixed/db/1/,3.76,247,0,
2026-05-16T16:15:04.757558,GET,/api/mixed/pipeline/1/,3.21,82,0,
2026-05-16T16:15:04.783584,GET,/api/mixed/http/,108.62,55353,0,
2026-05-16T16:15:04.805835,GET,/api/mixed/http/,108.26,55353,0,
2026-05-16T16:15:04.828448,GET,/api/mixed/http/,108.02,55353,0,
2026-05-16T16:15:04.835508,GET,/api/mixed/db/1/,3.81,247,0,
2026-05-16T16:15:04.848466,GET,/api/mixed/pipeline/1/,2.88,82,0,
2026-05-16T16:15:04.857708,GET,/api/mixed/db/1/,3.92,247,0,
2026-05-16T16:15:04.880087,GET,/api/mixed/db/1/,4.09,247,0,
2026-05-16T16:15:04.893071,GET,/api/mixed/db/1/,4.75,247,0,
2026-05-16T16:15:04.893492,GET,/api/mixed/db/1/,4.05,247,0,
2026-05-16T16:15:04.903200,GET,/api/mixed/pipeline/1/,2.96,82,0,
2026-05-16T16:15:04.913186,GET,/api/mixed/http/,108.31,55353,0,
2026-05-16T16:15:04.918865,GET,/api/mixed/http/,107.88,55353,0,
2026-05-16T16:15:04.924596,GET,/api/mixed/http/,108.01,55353,0,
2026-05-16T16:15:04.927401,GET,/api/mixed/db/1/,4.31,247,0,
2026-05-16T16:15:04.942196,GET,/api/mixed/http/,107.98,55353,0,
2026-05-16T16:15:04.944863,GET,/api/mixed/pipeline/1/,4.41,82,0,
2026-05-16T16:15:04.945779,GET,/api/mixed/db/1/,4.84,247,0,
2026-05-16T16:15:04.946165,GET,/api/mixed/db/1/,3.49,247,0,
2026-05-16T16:15:04.947147,GET,/api/mixed/http/,108.12,55353,0,
2026-05-16T16:15:05.005979,GET,/api/mixed/http/,108.34,55353,0,
2026-05-16T16:15:05.014772,GET,/api/mixed/db/1/,4.37,247,0,
2026-05-16T16:15:05.015183,GET,/api/mixed/db/1/,3.74,247,0,
2026-05-16T16:15:05.021235,GET,/api/mixed/pipeline/1/,2.82,82,0,
2026-05-16T16:15:05.035352,GET,/api/mixed/pipeline/1/,2.77,82,0,
2026-05-16T16:15:05.042045,GET,/api/mixed/db/1/,5.48,247,0,
2026-05-16T16:15:05.042453,GET,/api/mixed/db/1/,4.99,247,0,
2026-05-16T16:15:05.042865,GET,/api/mixed/http/,110.06,55353,0,
2026-05-16T16:15:05.050539,GET,/api/mixed/pipeline/1/,3.01,82,0,
2026-05-16T16:15:05.060142,GET,/api/mixed/pipeline/1/,3.24,82,0,
2026-05-16T16:15:05.073969,GET,/api/mixed/pipeline/1/,2.61,82,0,
2026-05-16T16:15:05.137036,GET,/api/mixed/pipeline/1/,2.98,82,0,
2026-05-16T16:15:05.141804,GET,/api/mixed/pipeline/1/,2.47,82,0,
2026-05-16T16:15:05.154991,GET,/api/mixed/http/,107.92,55353,0,
2026-05-16T16:15:05.163691,GET,/api/mixed/pipeline/1/,2.93,82,0,
2026-05-16T16:15:05.165499,GET,/api/mixed/http/,107.39,55353,0,
2026-05-16T16:15:05.181162,GET,/api/mixed/pipeline/1/,3.49,82,0,
2026-05-16T16:15:05.181569,GET,/api/mixed/pipeline/1/,2.86,82,0,
2026-05-16T16:15:05.190453,GET,/api/mixed/db/1/,3.67,247,0,
2026-05-16T16:15:05.193195,GET,/api/mixed/db/1/,3.98,247,0,
2026-05-16T16:15:05.243015,GET,/api/mixed/pipeline/1/,3.19,82,0,
2026-05-16T16:15:05.264830,GET,/api/mixed/http/,107.53,55353,0,
2026-05-16T16:15:05.281133,GET,/api/mixed/db/1/,4.03,247,0,
2026-05-16T16:15:05.281527,GET,/api/mixed/db/1/,5.5,247,0,
2026-05-16T16:15:05.307090,GET,/api/mixed/http/,107.64,55353,0,
2026-05-16T16:15:05.312890,GET,/api/mixed/pipeline/1/,4.58,82,0,
2026-05-16T16:15:05.314017,GET,/api/mixed/db/1/,4.64,247,0,
2026-05-16T16:15:05.314794,GET,/api/mixed/db/1/,4.55,247,0,
2026-05-16T16:15:05.332594,GET,/api/mixed/db/1/,3.8,247,0,
2026-05-16T16:15:05.371213,GET,/api/mixed/db/1/,3.84,247,0,
2026-05-16T16:15:05.380355,GET,/api/mixed/pipeline/1/,2.81,82,0,
2026-05-16T16:15:05.386200,GET,/api/mixed/pipeline/1/,2.65,82,0,
2026-05-16T16:15:05.387908,GET,/api/mixed/http/,108.21,55353,0,
2026-05-16T16:15:05.394874,GET,/api/mixed/db/1/,3.74,247,0,
2026-05-16T16:15:05.417918,GET,/api/mixed/http/,107.27,55353,0,
2026-05-16T16:15:05.418324,GET,/api/mixed/pipeline/1/,2.74,82,0,
2026-05-16T16:15:05.425260,GET,/api/mixed/http/,108.12,55353,0,
2026-05-16T16:15:05.438817,GET,/api/mixed/db/1/,4.22,247,0,
2026-05-16T16:15:05.452660,GET,/api/mixed/http/,107.72,55353,0,
2026-05-16T16:15:05.469523,GET,/api/mixed/db/1/,4.6,247,0,
2026-05-16T16:15:05.472195,GET,/api/mixed/pipeline/1/,3.63,82,0,
2026-05-16T16:15:05.476774,GET,/api/mixed/db/1/,4.02,247,0,
2026-05-16T16:15:05.495087,GET,/api/mixed/pipeline/1/,4.56,82,0,
2026-05-16T16:15:05.505696,GET,/api/mixed/pipeline/1/,2.69,82,0,
2026-05-16T16:15:05.506108,GET,/api/mixed/db/1/,4.2,247,0,
2026-05-16T16:15:05.516122,GET,/api/mixed/db/1/,3.84,247,0,
2026-05-16T16:15:05.517863,GET,/api/mixed/http/,107.69,55353,0,
2026-05-16T16:15:05.519013,GET,/api/mixed/db/1/,4.31,247,0,
2026-05-16T16:15:05.555711,GET,/api/mixed/db/1/,3.82,247,0,
2026-05-16T16:15:05.577760,GET,/api/mixed/http/,108.1,55353,0,
2026-05-16T16:15:05.580336,GET,/api/mixed/http/,108.02,55353,0,
2026-05-16T16:15:05.580906,GET,/api/mixed/db/1/,4.16,247,0,
2026-05-16T16:15:05.589842,GET,/api/mixed/http/,107.75,55353,0,
2026-05-16T16:15:05.592169,GET,/api/mixed/pipeline/1/,3.2,82,0,
2026-05-16T16:15:05.602381,GET,/api/mixed/http/,109.36,55353,0,
2026-05-16T16:15:05.604488,GET,/api/mixed/pipeline/1/,3.12,82,0,
2026-05-16T16:15:05.642749,GET,/api/mixed/db/1/,4.27,247,0,
2026-05-16T16:15:05.645906,GET,/api/mixed/http/,107.62,55353,0,
2026-05-16T16:15:05.655771,GET,/api/mixed/db/1/,4.03,247,0,
2026-05-16T16:15:05.661874,GET,/api/mixed/pipeline/1/,2.83,82,0,
2026-05-16T16:15:05.665526,GET,/api/mixed/http/,107.64,55353,0,
2026-05-16T16:15:05.670103,GET,/api/mixed/http/,107.73,55353,0,
2026-05-16T16:15:05.680725,GET,/api/mixed/pipeline/1/,3.41,82,0,
2026-05-16T16:15:05.681373,GET,/api/mixed/pipeline/1/,2.75,82,0,
2026-05-16T16:15:05.697939,GET,/api/mixed/db/1/,4.28,247,0,
2026-05-16T16:15:05.700295,GET,/api/mixed/pipeline/1/,3.19,82,0,
2026-05-16T16:15:05.742568,GET,/api/mixed/db/1/,4.33,247,0,
2026-05-16T16:15:05.747693,GET,/api/mixed/http/,109.96,55353,0,
2026-05-16T16:15:05.758476,GET,/api/mixed/http/,109.27,55353,0,
2026-05-16T16:15:05.807960,GET,/api/mixed/pipeline/1/,3.29,82,0,
2026-05-16T16:15:05.810871,GET,/api/mixed/pipeline/1/,2.76,82,0,
2026-05-16T16:15:05.815991,GET,/api/mixed/db/1/,3.84,247,0,
2026-05-16T16:15:05.816574,GET,/api/mixed/http/,108.0,55353,0,
2026-05-16T16:15:05.833276,GET,/api/mixed/http/,107.83,55353,0,
2026-05-16T16:15:05.834324,GET,/api/mixed/db/1/,5.21,247,0,
2026-05-16T16:15:05.837459,GET,/api/mixed/pipeline/1/,3.03,82,0,
2026-05-16T16:15:05.855592,GET,/api/mixed/http/,107.77,55353,0,
2026-05-16T16:15:05.858645,GET,/api/mixed/http/,107.47,55353,0,
2026-05-16T16:15:05.863793,GET,/api/mixed/http/,108.16,55353,0,
2026-05-16T16:15:05.873027,GET,/api/mixed/pipeline/1/,2.93,82,0,
2026-05-16T16:15:05.895937,GET,/api/mixed/http/,108.25,55353,0,
2026-05-16T16:15:05.907008,GET,/api/mixed/http/,109.26,55353,0,
2026-05-16T16:15:05.909937,GET,/api/mixed/db/1/,4.5,247,0,
2026-05-16T16:15:05.916398,GET,/api/mixed/db/1/,4.22,247,0,
2026-05-16T16:15:05.923110,GET,/api/mixed/http/,108.57,55353,0,
2026-05-16T16:15:05.925856,GET,/api/mixed/pipeline/1/,2.62,82,0,
2026-05-16T16:15:05.933886,GET,/api/mixed/pipeline/1/,4.75,82,0,
2026-05-16T16:15:05.934503,GET,/api/mixed/db/1/,4.84,247,0,
2026-05-16T16:15:05.937401,GET,/api/mixed/http/,107.23,55353,0,
2026-05-16T16:15:05.967520,GET,/api/mixed/pipeline/1/,2.8,82,0,
2026-05-16T16:15:05.973406,GET,/api/mixed/pipeline/1/,2.58,82,0,
2026-05-16T16:15:05.982010,GET,/api/mixed/db/1/,4.32,247,0,
2026-05-16T16:15:05.983111,GET,/api/mixed/db/1/,4.23,247,0,
2026-05-16T16:15:05.990767,GET,/api/mixed/http/,107.58,55353,0,
2026-05-16T16:15:06.014091,GET,/api/mixed/http/,108.16,55353,0,
2026-05-16T16:15:06.042464,GET,/api/mixed/pipeline/1/,3.06,82,0,
2026-05-16T16:15:06.052588,GET,/api/mixed/db/1/,3.77,247,0,
2026-05-16T16:15:06.062503,GET,/api/mixed/http/,107.82,55353,0,
2026-05-16T16:15:06.063569,GET,/api/mixed/db/1/,3.77,247,0,
2026-05-16T16:15:06.064679,GET,/api/mixed/http/,107.29,55353,0,
2026-05-16T16:15:06.071705,GET,/api/mixed/db/1/,3.79,247,0,
2026-05-16T16:15:06.075582,GET,/api/mixed/pipeline/1/,2.54,82,0,
2026-05-16T16:15:06.083571,GET,/api/mixed/db/1/,3.77,247,0,
2026-05-16T16:15:06.100207,GET,/api/mixed/pipeline/1/,4.4,82,0,
2026-05-16T16:15:06.103959,GET,/api/mixed/db/1/,5.18,247,0,
2026-05-16T16:15:06.107329,GET,/api/mixed/db/1/,4.38,247,0,
2026-05-16T16:15:06.141362,GET,/api/mixed/pipeline/1/,3.27,82,0,
2026-05-16T16:15:06.143153,GET,/api/mixed/db/1/,3.74,247,0,
2026-05-16T16:15:06.169120,GET,/api/mixed/db/1/,3.64,247,0,
2026-05-16T16:15:06.184112,GET,/api/mixed/db/1/,3.79,247,0,
2026-05-16T16:15:06.218918,GET,/api/mixed/db/1/,3.87,247,0,
2026-05-16T16:15:06.220443,GET,/api/mixed/db/1/,4.02,247,0,
2026-05-16T16:15:06.226775,GET,/api/mixed/pipeline/1/,3.09,82,0,
2026-05-16T16:15:06.227219,GET,/api/mixed/pipeline/1/,2.61,82,0,
2026-05-16T16:15:06.233511,GET,/api/mixed/http/,108.21,55353,0,
2026-05-16T16:15:06.233981,GET,/api/mixed/http/,109.24,55353,0,
2026-05-16T16:15:06.266288,GET,/api/mixed/http/,107.93,55353,0,
2026-05-16T16:15:06.269367,GET,/api/mixed/http/,107.39,55353,0,
2026-05-16T16:15:06.282828,GET,/api/mixed/db/1/,4.2,247,0,
2026-05-16T16:15:06.283843,GET,/api/mixed/pipeline/1/,2.81,82,0,
2026-05-16T16:15:06.290151,GET,/api/mixed/pipeline/1/,3.13,82,0,
2026-05-16T16:15:06.301779,GET,/api/mixed/pipeline/1/,3.38,82,0,
2026-05-16T16:15:06.312052,GET,/api/mixed/pipeline/1/,4.94,82,0,
2026-05-16T16:15:06.316140,GET,/api/mixed/http/,110.8,55353,0,
2026-05-16T16:15:06.318757,GET,/api/mixed/pipeline/1/,4.14,82,0,
2026-05-16T16:15:06.341483,GET,/api/mixed/http/,109.06,55353,0,
2026-05-16T16:15:06.348957,GET,/api/mixed/pipeline/1/,5.64,82,0,
2026-05-16T16:15:06.349543,GET,/api/mixed/db/1/,6.82,247,0,
2026-05-16T16:15:06.363418,GET,/api/mixed/db/1/,5.13,247,0,
2026-05-16T16:15:06.379931,GET,/api/mixed/db/1/,5.3,247,0,
2026-05-16T16:15:06.382766,GET,/api/mixed/pipeline/1/,2.72,82,0,
2026-05-16T16:15:06.395459,GET,/api/mixed/http/,108.01,55353,0,
2026-05-16T16:15:06.404838,GET,/api/mixed/pipeline/1/,3.68,82,0,
2026-05-16T16:15:06.406383,GET,/api/mixed/db/1/,4.68,247,0,
2026-05-16T16:15:06.425916,GET,/api/mixed/http/,113.39,55353,0,
2026-05-16T16:15:06.449819,GET,/api/mixed/db/1/,6.62,247,0,
2026-05-16T16:15:06.462320,GET,/api/mixed/http/,115.07,55353,0,
2026-05-16T16:15:06.464988,GET,/api/mixed/pipeline/1/,6.82,82,0,
2026-05-16T16:15:06.465626,GET,/api/mixed/http/,111.36,55353,0,
2026-05-16T16:15:06.483702,GET,/api/mixed/http/,108.37,55353,0,
2026-05-16T16:15:06.489239,GET,/api/mixed/pipeline/1/,3.31,82,0,
2026-05-16T16:15:06.502171,GET,/api/mixed/http/,108.21,55353,0,
2026-05-16T16:15:06.512669,GET,/api/mixed/pipeline/1/,3.08,82,0,
2026-05-16T16:15:06.537310,GET,/api/mixed/db/1/,4.27,247,0,
2026-05-16T16:15:06.543179,GET,/api/mixed/db/1/,3.59,247,0,
2026-05-16T16:15:06.565148,GET,/api/mixed/pipeline/1/,3.74,82,0,
2026-05-16T16:15:06.572282,GET,/api/mixed/http/,108.35,55353,0,
2026-05-16T16:15:06.577834,GET,/api/mixed/http/,107.97,55353,0,
2026-05-16T16:15:06.578305,GET,/api/mixed/http/,109.03,55353,0,
2026-05-16T16:15:06.586151,GET,/api/mixed/pipeline/1/,3.33,82,0,
2026-05-16T16:15:06.596690,GET,/api/mixed/pipeline/1/,3.54,82,0,
2026-05-16T16:15:06.598801,GET,/api/mixed/pipeline/1/,3.22,82,0,
2026-05-16T16:15:06.606411,GET,/api/mixed/pipeline/1/,3.3,82,0,
2026-05-16T16:15:06.606811,GET,/api/mixed/pipeline/1/,3.24,82,0,
2026-05-16T16:15:06.623994,GET,/api/mixed/pipeline/1/,2.96,82,0,
2026-05-16T16:15:06.669681,GET,/api/mixed/http/,107.74,55353,0,
2026-05-16T16:15:06.671657,GET,/api/mixed/pipeline/1/,3.51,82,0,
2026-05-16T16:15:06.685454,GET,/api/mixed/http/,108.94,55353,0,
2026-05-16T16:15:06.692503,GET,/api/mixed/db/1/,4.84,247,0,
2026-05-16T16:15:06.693208,GET,/api/mixed/http/,107.86,55353,0,
2026-05-16T16:15:06.708936,GET,/api/mixed/db/1/,4.6,247,0,
2026-05-16T16:15:06.723563,GET,/api/mixed/pipeline/1/,3.4,82,0,
2026-05-16T16:15:06.726000,GET,/api/mixed/pipeline/1/,3.27,82,0,
2026-05-16T16:15:06.745086,GET,/api/mixed/pipeline/1/,3.91,82,0,
2026-05-16T16:15:06.751199,GET,/api/mixed/http/,108.84,55353,0,
2026-05-16T16:15:06.753330,GET,/api/mixed/pipeline/1/,3.21,82,0,
2026-05-16T16:15:06.756840,GET,/api/mixed/http/,107.87,55353,0,
2026-05-16T16:15:06.761281,GET,/api/mixed/db/1/,5.82,247,0,
2026-05-16T16:15:06.761752,GET,/api/mixed/db/1/,5.81,247,0,
2026-05-16T16:15:06.763517,GET,/api/mixed/pipeline/1/,3.17,82,0,
2026-05-16T16:15:06.768238,GET,/api/mixed/http/,107.66,55353,0,
2026-05-16T16:15:06.789680,GET,/api/mixed/db/1/,4.07,247,0,
2026-05-16T16:15:06.796100,GET,/api/mixed/http/,107.72,55353,0,
2026-05-16T16:15:06.804032,GET,/api/mixed/db/1/,3.68,247,0,
2026-05-16T16:15:06.813005,GET,/api/mixed/http/,108.18,55353,0,
2026-05-16T16:15:06.813511,GET,/api/mixed/http/,109.88,55353,0,
2026-05-16T16:15:06.819544,GET,/api/mixed/db/1/,3.76,247,0,
2026-05-16T16:15:06.834407,GET,/api/mixed/http/,108.28,55353,0,
2026-05-16T16:15:06.844360,GET,/api/mixed/http/,107.63,55353,0,
2026-05-16T16:15:06.853083,GET,/api/mixed/db/1/,4.46,247,0,
2026-05-16T16:15:06.900323,GET,/api/mixed/pipeline/1/,2.94,82,0,
2026-05-16T16:15:06.901339,GET,/api/mixed/http/,108.43,55353,0,
2026-05-16T16:15:06.901816,GET,/api/mixed/http/,108.44,55353,0,
2026-05-16T16:15:06.906979,GET,/api/mixed/http/,107.58,55353,0,
2026-05-16T16:15:06.907700,GET,/api/mixed/pipeline/1/,2.7,82,0,
2026-05-16T16:15:06.915844,GET,/api/mixed/pipeline/1/,2.8,82,0,
2026-05-16T16:15:06.940519,GET,/api/mixed/pipeline/1/,3.04,82,0,
2026-05-16T16:15:06.946910,GET,/api/mixed/db/1/,4.07,247,0,
2026-05-16T16:15:06.949123,GET,/api/mixed/pipeline/1/,3.12,82,0,
2026-05-16T16:15:06.963989,GET,/api/mixed/http/,107.68,55353,0,
2026-05-16T16:15:06.978194,GET,/api/mixed/http/,108.43,55353,0,
2026-05-16T16:15:06.981348,GET,/api/mixed/db/1/,4.22,247,0,
2026-05-16T16:15:06.983392,GET,/api/mixed/http/,108.09,55353,0,
2026-05-16T16:15:06.995124,GET,/api/mixed/http/,108.31,55353,0,
2026-05-16T16:15:07.003174,GET,/api/mixed/db/1/,3.8,247,0,
2026-05-16T16:15:07.004381,GET,/api/mixed/db/1/,3.54,247,0,
2026-05-16T16:15:07.017571,GET,/api/mixed/pipeline/1/,2.9,82,0,
2026-05-16T16:15:07.021220,GET,/api/mixed/db/1/,3.53,247,0,
2026-05-16T16:15:07.024696,GET,/api/mixed/pipeline/1/,4.67,82,0,
2026-05-16T16:15:07.026464,GET,/api/mixed/http/,107.42,55353,0,
2026-05-16T16:15:07.032644,GET,/api/mixed/db/1/,3.83,247,0,
2026-05-16T16:15:07.037448,GET,/api/mixed/db/1/,3.49,247,0,
2026-05-16T16:15:07.068775,GET,/api/mixed/db/1/,3.94,247,0,
2026-05-16T16:15:07.087869,GET,/api/mixed/db/1/,3.85,247,0,
2026-05-16T16:15:07.090803,GET,/api/mixed/db/1/,4.26,247,0,
2026-05-16T16:15:07.133108,GET,/api/mixed/db/1/,4.37,247,0,
2026-05-16T16:15:07.136126,GET,/api/mixed/pipeline/1/,3.88,82,0,
2026-05-16T16:15:07.162955,GET,/api/mixed/db/1/,4.56,247,0,
2026-05-16T16:15:07.177294,GET,/api/mixed/pipeline/1/,3.01,82,0,
2026-05-16T16:15:07.184443,GET,/api/mixed/pipeline/1/,3.3,82,0,
2026-05-16T16:15:07.199478,GET,/api/mixed/db/1/,3.81,247,0,
2026-05-16T16:15:07.201557,GET,/api/mixed/http/,107.42,55353,0,
2026-05-16T16:15:07.227895,GET,/api/mixed/db/1/,4.01,247,0,
2026-05-16T16:15:07.253649,GET,/api/mixed/pipeline/1/,4.39,82,0,
2026-05-16T16:15:07.263772,GET,/api/mixed/db/1/,5.82,247,0,
2026-05-16T16:15:07.267421,GET,/api/mixed/db/1/,5.97,247,0,
2026-05-16T16:15:07.267823,GET,/api/mixed/db/1/,5.84,247,0,
2026-05-16T16:15:07.268225,GET,/api/mixed/db/1/,5.72,247,0,
2026-05-16T16:15:07.275349,GET,/api/mixed/db/1/,3.9,247,0,
2026-05-16T16:15:07.278375,GET,/api/mixed/db/1/,4.46,247,0,
2026-05-16T16:15:07.289641,GET,/api/mixed/http/,108.11,55353,0,
2026-05-16T16:15:07.290105,GET,/api/mixed/http/,109.42,55353,0,
2026-05-16T16:15:07.303168,GET,/api/mixed/pipeline/1/,2.88,82,0,
2026-05-16T16:15:07.313567,GET,/api/mixed/pipeline/1/,4.07,82,0,
2026-05-16T16:15:07.314332,GET,/api/mixed/db/1/,4.38,247,0,
2026-05-16T16:15:07.314717,GET,/api/mixed/db/1/,3.76,247,0,
2026-05-16T16:15:07.327721,GET,/api/mixed/db/1/,3.54,247,0,
2026-05-16T16:15:07.332777,GET,/api/mixed/pipeline/1/,2.73,82,0,
2026-05-16T16:15:07.336723,GET,/api/mixed/pipeline/1/,2.59,82,0,
2026-05-16T16:15:07.340872,GET,/api/mixed/pipeline/1/,2.79,82,0,
2026-05-16T16:15:07.359055,GET,/api/mixed/http/,108.74,55353,0,
2026-05-16T16:15:07.395370,GET,/api/mixed/http/,107.78,55353,0,
2026-05-16T16:15:07.398285,GET,/api/mixed/pipeline/1/,2.79,82,0,
2026-05-16T16:15:07.424590,GET,/api/mixed/http/,107.49,55353,0,
2026-05-16T16:15:07.428797,GET,/api/mixed/pipeline/1/,2.98,82,0,
2026-05-16T16:15:07.429680,GET,/api/mixed/http/,108.02,55353,0,
2026-05-16T16:15:07.458486,GET,/api/mixed/db/1/,5.52,247,0,
2026-05-16T16:15:07.459387,GET,/api/mixed/pipeline/1/,3.89,82,0,
2026-05-16T16:15:07.470663,GET,/api/mixed/pipeline/1/,3.05,82,0,
2026-05-16T16:15:07.481487,GET,/api/mixed/pipeline/1/,3.07,82,0,
2026-05-16T16:15:07.490832,GET,/api/mixed/db/1/,3.76,247,0,
2026-05-16T16:15:07.504306,GET,/api/mixed/pipeline/1/,3.2,82,0,
2026-05-16T16:15:07.509020,GET,/api/mixed/db/1/,3.52,247,0,
2026-05-16T16:15:07.521476,GET,/api/mixed/db/1/,4.24,247,0,
2026-05-16T16:15:07.525030,GET,/api/mixed/db/1/,4.38,247,0,
2026-05-16T16:15:07.564166,GET,/api/mixed/pipeline/1/,3.05,82,0,
2026-05-16T16:15:07.564615,GET,/api/mixed/db/1/,4.67,247,0,
2026-05-16T16:15:07.571131,GET,/api/mixed/db/1/,4.38,247,0,
2026-05-16T16:15:07.576796,GET,/api/mixed/db/1/,4.43,247,0,
2026-05-16T16:15:07.580373,GET,/api/mixed/http/,107.4,55353,0,
2026-05-16T16:15:07.585441,GET,/api/mixed/http/,108.0,55353,0,
2026-05-16T16:15:07.589023,GET,/api/mixed/http/,108.43,55353,0,
2026-05-16T16:15:07.590280,GET,/api/mixed/db/1/,4.71,247,0,
2026-05-16T16:15:07.608038,GET,/api/mixed/http/,118.5,55353,0,
2026-05-16T16:15:07.616558,GET,/api/mixed/http/,115.92,55353,0,
2026-05-16T16:15:07.624214,GET,/api/mixed/pipeline/1/,4.91,82,0,
2026-05-16T16:15:07.656310,GET,/api/mixed/http/,109.01,55353,0,
2026-05-16T16:15:07.658018,GET,/api/mixed/db/1/,4.49,247,0,
2026-05-16T16:15:07.666798,GET,/api/mixed/db/1/,4.59,247,0,
2026-05-16T16:15:07.697725,GET,/api/mixed/db/1/,4.32,247,0,
2026-05-16T16:15:07.715305,GET,/api/mixed/db/1/,5.45,247,0,
2026-05-16T16:15:07.725724,GET,/api/mixed/http/,111.29,55353,0,
2026-05-16T16:15:07.726341,GET,/api/mixed/db/1/,6.09,247,0,
2026-05-16T16:15:07.740733,GET,/api/mixed/db/1/,5.12,247,0,
2026-05-16T16:15:07.741927,GET,/api/mixed/pipeline/1/,3.17,82,0,
2026-05-16T16:15:07.750384,GET,/api/mixed/db/1/,5.14,247,0,
2026-05-16T16:15:07.757731,GET,/api/mixed/http/,110.43,55353,0,
2026-05-16T16:15:07.758406,GET,/api/mixed/http/,111.79,55353,0,
2026-05-16T16:15:07.761728,GET,/api/mixed/db/1/,6.05,247,0,
2026-05-16T16:15:07.770068,GET,/api/mixed/pipeline/1/,4.12,82,0,
2026-05-16T16:15:07.773249,GET,/api/mixed/pipeline/1/,3.03,82,0,
2026-05-16T16:15:07.782974,GET,/api/mixed/http/,109.86,55353,0,
2026-05-16T16:15:07.785930,GET,/api/mixed/pipeline/1/,4.06,82,0,
2026-05-16T16:15:07.786613,GET,/api/mixed/db/1/,5.6,247,0,
2026-05-16T16:15:07.791253,GET,/api/mixed/pipeline/1/,3.48,82,0,
2026-05-16T16:15:07.791867,GET,/api/mixed/http/,109.13,55353,0,
2026-05-16T16:15:07.801689,GET,/api/mixed/db/1/,5.51,247,0,
2026-05-16T16:15:07.802354,GET,/api/mixed/db/1/,5.44,247,0,
2026-05-16T16:15:07.810902,GET,/api/mixed/http/,108.95,55353,0,
2026-05-16T16:15:07.820386,GET,/api/mixed/http/,108.81,55353,0,
2026-05-16T16:15:07.820939,GET,/api/mixed/db/1/,5.75,247,0,
2026-05-16T16:15:07.824365,GET,/api/mixed/http/,110.44,55353,0,
2026-05-16T16:15:07.828679,GET,/api/mixed/db/1/,5.69,247,0,
2026-05-16T16:15:07.831238,GET,/api/mixed/http/,110.48,55353,0,
2026-05-16T16:15:07.855284,GET,/api/mixed/http/,109.36,55353,0,
2026-05-16T16:15:07.882841,GET,/api/mixed/http/,108.38,55353,0,
2026-05-16T16:15:07.887702,GET,/api/mixed/pipeline/1/,3.48,82,0,
2026-05-16T16:15:07.939658,GET,/api/mixed/http/,109.48,55353,0,
2026-05-16T16:15:07.942003,GET,/api/mixed/pipeline/1/,5.28,82,0,
2026-05-16T16:15:07.968173,GET,/api/mixed/http/,108.43,55353,0,
2026-05-16T16:15:07.995916,GET,/api/mixed/http/,109.15,55353,0,
2026-05-16T16:15:07.999008,GET,/api/mixed/db/1/,4.55,247,0,
2026-05-16T16:15:08.035178,GET,/api/mixed/http/,108.15,55353,0,
2026-05-16T16:15:08.039198,GET,/api/mixed/db/1/,5.57,247,0,
2026-05-16T16:15:08.044849,GET,/api/mixed/http/,107.58,55353,0,
2026-05-16T16:15:08.050449,GET,/api/mixed/http/,108.23,55353,0,
2026-05-16T16:15:08.060046,GET,/api/mixed/db/1/,4.27,247,0,
2026-05-16T16:15:08.063301,GET,/api/mixed/db/1/,4.81,247,0,
2026-05-16T16:15:08.079589,GET,/api/mixed/pipeline/1/,4.96,82,0,
2026-05-16T16:15:08.080871,GET,/api/mixed/db/1/,5.61,247,0,
2026-05-16T16:15:08.088612,GET,/api/mixed/pipeline/1/,3.69,82,0,
2026-05-16T16:15:08.101237,GET,/api/mixed/pipeline/1/,5.82,82,0,
2026-05-16T16:15:08.102407,GET,/api/mixed/db/1/,7.57,247,0,
2026-05-16T16:15:08.105783,GET,/api/mixed/db/1/,4.39,247,0,
2026-05-16T16:15:08.121216,GET,/api/mixed/pipeline/1/,3.15,82,0,
2026-05-16T16:15:08.129657,GET,/api/mixed/db/1/,5.61,247,0,
2026-05-16T16:15:08.130321,GET,/api/mixed/http/,110.99,55353,0,
2026-05-16T16:15:08.131210,GET,/api/mixed/http/,111.06,55353,0,
2026-05-16T16:15:08.134107,GET,/api/mixed/pipeline/1/,7.22,82,0,
2026-05-16T16:15:08.137151,GET,/api/mixed/db/1/,8.68,247,0,
2026-05-16T16:15:08.139145,GET,/api/mixed/pipeline/1/,3.42,82,0,
2026-05-16T16:15:08.167876,GET,/api/mixed/http/,108.79,55353,0,
2026-05-16T16:15:08.193046,GET,/api/mixed/http/,110.0,55353,0,
2026-05-16T16:15:08.195408,GET,/api/mixed/pipeline/1/,3.8,82,0,
2026-05-16T16:15:08.199890,GET,/api/mixed/pipeline/1/,3.14,82,0,
2026-05-16T16:15:08.205223,GET,/api/mixed/http/,109.34,55353,0,
2026-05-16T16:15:08.224501,GET,/api/mixed/pipeline/1/,2.98,82,0,
2026-05-16T16:15:08.232453,GET,/api/mixed/http/,110.03,55353,0,
2026-05-16T16:15:08.261799,GET,/api/mixed/pipeline/1/,4.38,82,0,
2026-05-16T16:15:08.277052,GET,/api/mixed/pipeline/1/,4.46,82,0,
2026-05-16T16:15:08.278107,GET,/api/mixed/db/1/,6.08,247,0,
2026-05-16T16:15:08.279479,GET,/api/mixed/http/,108.31,55353,0,
2026-05-16T16:15:08.284675,GET,/api/mixed/db/1/,3.86,247,0,
2026-05-16T16:15:08.313197,GET,/api/mixed/db/1/,4.09,247,0,
2026-05-16T16:15:08.332090,GET,/api/mixed/pipeline/1/,4.63,82,0,
2026-05-16T16:15:08.333578,GET,/api/mixed/db/1/,4.84,247,0,
2026-05-16T16:15:08.336637,GET,/api/mixed/pipeline/1/,4.17,82,0,
2026-05-16T16:15:08.351010,GET,/api/mixed/db/1/,4.02,247,0,
2026-05-16T16:15:08.352991,GET,/api/mixed/http/,108.26,55353,0,
2026-05-16T16:15:08.367792,GET,/api/mixed/db/1/,4.49,247,0,
2026-05-16T16:15:08.370139,GET,/api/mixed/pipeline/1/,3.25,82,0,
2026-05-16T16:15:08.391107,GET,/api/mixed/db/1/,4.69,247,0,
2026-05-16T16:15:08.401668,GET,/api/mixed/pipeline/1/,2.77,82,0,
2026-05-16T16:15:08.410260,GET,/api/mixed/db/1/,4.25,247,0,
2026-05-16T16:15:08.412453,GET,/api/mixed/pipeline/1/,3.23,82,0,
2026-05-16T16:15:08.437349,GET,/api/mixed/db/1/,5.22,247,0,
2026-05-16T16:15:08.440951,GET,/api/mixed/http/,110.01,55353,0,
2026-05-16T16:15:08.461494,GET,/api/mixed/db/1/,4.18,247,0,
2026-05-16T16:15:08.468371,GET,/api/mixed/db/1/,5.66,247,0,
2026-05-16T16:15:08.501877,GET,/api/mixed/http/,109.52,55353,0,
2026-05-16T16:15:08.509076,GET,/api/mixed/pipeline/1/,2.84,82,0,
2026-05-16T16:15:08.520837,GET,/api/mixed/http/,112.1,55353,0,
2026-05-16T16:15:08.524958,GET,/api/mixed/http/,109.37,55353,0,
2026-05-16T16:15:08.525374,GET,/api/mixed/db/1/,4.31,247,0,
2026-05-16T16:15:08.568886,GET,/api/mixed/pipeline/1/,3.08,82,0,
2026-05-16T16:15:08.601686,GET,/api/mixed/http/,108.02,55353,0,
2026-05-16T16:15:08.607001,GET,/api/mixed/db/1/,3.93,247,0,
2026-05-16T16:15:08.636954,GET,/api/mixed/db/1/,3.82,247,0,
2026-05-16T16:15:08.650189,GET,/api/mixed/db/1/,3.98,247,0,
2026-05-16T16:15:08.654376,GET,/api/mixed/http/,109.64,55353,0,
2026-05-16T16:15:08.659452,GET,/api/mixed/http/,109.16,55353,0,
2026-05-16T16:15:08.661652,GET,/api/mixed/http/,108.69,55353,0,
2026-05-16T16:15:08.669076,GET,/api/mixed/http/,108.76,55353,0,
2026-05-16T16:15:08.686963,GET,/api/mixed/http/,108.85,55353,0,
2026-05-16T16:15:08.691971,GET,/api/mixed/pipeline/1/,3.74,82,0,
2026-05-16T16:15:08.716489,GET,/api/mixed/db/1/,4.07,247,0,
2026-05-16T16:15:08.729517,GET,/api/mixed/pipeline/1/,3.67,82,0,
2026-05-16T16:15:08.730869,GET,/api/mixed/db/1/,3.91,247,0,
2026-05-16T16:15:08.739734,GET,/api/mixed/http/,109.4,55353,0,
2026-05-16T16:15:08.744790,GET,/api/mixed/db/1/,3.86,247,0,
2026-05-16T16:15:08.757320,GET,/api/mixed/pipeline/1/,4.09,82,0,
2026-05-16T16:15:08.757794,GET,/api/mixed/pipeline/1/,3.85,82,0,
2026-05-16T16:15:08.772044,GET,/api/mixed/http/,108.23,55353,0,
2026-05-16T16:15:08.775063,GET,/api/mixed/pipeline/1/,2.84,82,0,
2026-05-16T16:15:08.786738,GET,/api/mixed/db/1/,4.27,247,0,
2026-05-16T16:15:08.787673,GET,/api/mixed/pipeline/1/,4.02,82,0,
2026-05-16T16:15:08.791615,GET,/api/mixed/http/,108.69,55353,0,
2026-05-16T16:15:08.793720,GET,/api/mixed/http/,111.39,55353,0,
2026-05-16T16:15:08.797684,GET,/api/mixed/pipeline/1/,2.74,82,0,
2026-05-16T16:15:08.802880,GET,/api/mixed/pipeline/1/,3.85,82,0,
2026-05-16T16:15:08.803879,GET,/api/mixed/pipeline/1/,4.45,82,0,
2026-05-16T16:15:08.840236,GET,/api/mixed/pipeline/1/,3.45,82,0,
2026-05-16T16:15:08.855671,GET,/api/mixed/db/1/,4.19,247,0,
2026-05-16T16:15:08.879968,GET,/api/mixed/db/1/,4.03,247,0,
2026-05-16T16:15:08.890259,GET,/api/mixed/db/1/,6.9,247,0,
2026-05-16T16:15:08.892385,GET,/api/mixed/pipeline/1/,3.03,82,0,
2026-05-16T16:15:08.897577,GET,/api/mixed/db/1/,3.84,247,0,
2026-05-16T16:15:08.904378,GET,/api/mixed/db/1/,5.31,247,0,
2026-05-16T16:15:08.923994,GET,/api/mixed/db/1/,4.05,247,0,
2026-05-16T16:15:08.932591,GET,/api/mixed/http/,107.95,55353,0,
2026-05-16T16:15:08.933068,GET,/api/mixed/http/,109.85,55353,0,
2026-05-16T16:15:08.936379,GET,/api/mixed/http/,108.26,55353,0,
2026-05-16T16:15:08.936821,GET,/api/mixed/db/1/,5.57,247,0,
2026-05-16T16:15:08.942552,GET,/api/mixed/pipeline/1/,3.45,82,0,
2026-05-16T16:15:08.942943,GET,/api/mixed/pipeline/1/,3.42,82,0,
2026-05-16T16:15:08.945040,GET,/api/mixed/http/,107.73,55353,0,
2026-05-16T16:15:08.977653,GET,/api/mixed/pipeline/1/,2.62,82,0,
2026-05-16T16:15:08.992690,GET,/api/mixed/http/,108.78,55353,0,
2026-05-16T16:15:08.993187,GET,/api/mixed/http/,108.27,55353,0,
2026-05-16T16:15:08.993623,GET,/api/mixed/http/,109.29,55353,0,
2026-05-16T16:15:09.009672,GET,/api/mixed/http/,109.47,55353,0,
2026-05-16T16:15:09.013182,GET,/api/mixed/db/1/,5.33,247,0,
2026-05-16T16:15:09.040566,GET,/api/mixed/http/,107.39,55353,0,
2026-05-16T16:15:09.068940,GET,/api/mixed/pipeline/1/,3.13,82,0,
2026-05-16T16:15:09.079047,GET,/api/mixed/http/,107.75,55353,0,
2026-05-16T16:15:09.091496,GET,/api/mixed/http/,107.52,55353,0,
2026-05-16T16:15:09.098805,GET,/api/mixed/db/1/,6.09,247,0,
2026-05-16T16:15:09.099250,GET,/api/mixed/pipeline/1/,4.11,82,0,
2026-05-16T16:15:09.099651,GET,/api/mixed/db/1/,5.46,247,0,
2026-05-16T16:15:09.116831,GET,/api/mixed/http/,108.14,55353,0,
2026-05-16T16:15:09.131520,GET,/api/mixed/pipeline/1/,3.41,82,0,
2026-05-16T16:15:09.150820,GET,/api/mixed/pipeline/1/,3.07,82,0,
2026-05-16T16:15:09.162023,GET,/api/mixed/db/1/,4.01,247,0,
2026-05-16T16:15:09.169821,GET,/api/mixed/db/1/,4.6,247,0,
2026-05-16T16:15:09.174258,GET,/api/mixed/db/1/,4.29,247,0,
2026-05-16T16:15:09.185477,GET,/api/mixed/db/1/,4.02,247,0,
2026-05-16T16:15:09.193587,GET,/api/mixed/pipeline/1/,3.46,82,0,
2026-05-16T16:15:09.194061,GET,/api/mixed/pipeline/1/,4.41,82,0,
2026-05-16T16:15:09.201835,GET,/api/mixed/http/,108.68,55353,0,
2026-05-16T16:15:09.210476,GET,/api/mixed/http/,107.65,55353,0,
2026-05-16T16:15:09.222485,GET,/api/mixed/http/,108.87,55353,0,
2026-05-16T16:15:09.253928,GET,/api/mixed/pipeline/1/,3.18,82,0,
2026-05-16T16:15:09.254378,GET,/api/mixed/db/1/,5.14,247,0,
2026-05-16T16:15:09.254758,GET,/api/mixed/db/1/,4.42,247,0,
2026-05-16T16:15:09.292096,GET,/api/mixed/pipeline/1/,2.78,82,0,
2026-05-16T16:15:09.293569,GET,/api/mixed/db/1/,5.41,247,0,
2026-05-16T16:15:09.295783,GET,/api/mixed/pipeline/1/,3.12,82,0,
2026-05-16T16:15:09.296313,GET,/api/mixed/db/1/,4.09,247,0,
2026-05-16T16:15:09.301741,GET,/api/mixed/http/,109.01,55353,0,
2026-05-16T16:15:09.302782,GET,/api/mixed/db/1/,5.29,247,0,
2026-05-16T16:15:09.303371,GET,/api/mixed/db/1/,5.44,247,0,
2026-05-16T16:15:09.304388,GET,/api/mixed/db/1/,5.49,247,0,
2026-05-16T16:15:09.328715,GET,/api/mixed/pipeline/1/,3.05,82,0,
2026-05-16T16:15:09.342307,GET,/api/mixed/http/,107.64,55353,0,
2026-05-16T16:15:09.368430,GET,/api/mixed/http/,108.5,55353,0,
2026-05-16T16:15:09.374132,GET,/api/mixed/pipeline/1/,3.5,82,0,
2026-05-16T16:15:09.379151,GET,/api/mixed/http/,107.74,55353,0,
2026-05-16T16:15:09.388878,GET,/api/mixed/db/1/,5.52,247,0,
2026-05-16T16:15:09.391840,GET,/api/mixed/db/1/,4.98,247,0,
2026-05-16T16:15:09.408922,GET,/api/mixed/db/1/,3.87,247,0,
2026-05-16T16:15:09.410133,GET,/api/mixed/db/1/,3.64,247,0,
2026-05-16T16:15:09.420237,GET,/api/mixed/db/1/,3.92,247,0,
2026-05-16T16:15:09.428369,GET,/api/mixed/pipeline/1/,3.82,82,0,
2026-05-16T16:15:09.430649,GET,/api/mixed/pipeline/1/,3.18,82,0,
2026-05-16T16:15:09.451801,GET,/api/mixed/pipeline/1/,2.93,82,0,
2026-05-16T16:15:09.473598,GET,/api/mixed/http/,109.04,55353,0,
2026-05-16T16:15:09.475918,GET,/api/mixed/db/1/,5.94,247,0,
2026-05-16T16:15:09.481228,GET,/api/mixed/http/,108.18,55353,0,
2026-05-16T16:15:09.485409,GET,/api/mixed/db/1/,3.71,247,0,
2026-05-16T16:15:09.502105,GET,/api/mixed/db/1/,3.76,247,0,
2026-05-16T16:15:09.513119,GET,/api/mixed/db/1/,4.76,247,0,
2026-05-16T16:15:09.533189,GET,/api/mixed/http/,107.7,55353,0,
2026-05-16T16:15:09.559855,GET,/api/mixed/pipeline/1/,3.43,82,0,
2026-05-16T16:15:09.563206,GET,/api/mixed/db/1/,4.17,247,0,
2026-05-16T16:15:09.567141,GET,/api/mixed/pipeline/1/,2.69,82,0,
2026-05-16T16:15:09.579813,GET,/api/mixed/http/,109.24,55353,0,
2026-05-16T16:15:09.588031,GET,/api/mixed/pipeline/1/,2.99,82,0,
2026-05-16T16:15:09.590044,GET,/api/mixed/http/,109.96,55353,0,
2026-05-16T16:15:09.591929,GET,/api/mixed/pipeline/1/,2.84,82,0,
2026-05-16T16:15:09.597663,GET,/api/mixed/http/,109.01,55353,0,
2026-05-16T16:15:09.598153,GET,/api/mixed/http/,108.48,55353,0,
2026-05-16T16:15:09.599132,GET,/api/mixed/http/,107.09,55353,0,
2026-05-16T16:15:09.620361,GET,/api/mixed/pipeline/1/,3.02,82,0,
2026-05-16T16:15:09.628516,GET,/api/mixed/pipeline/1/,2.95,82,0,
2026-05-16T16:15:09.633251,GET,/api/mixed/http/,107.85,55353,0,
2026-05-16T16:15:09.648887,GET,/api/mixed/pipeline/1/,3.46,82,0,
2026-05-16T16:15:09.690462,GET,/api/mixed/pipeline/1/,3.41,82,0,
2026-05-16T16:15:09.693808,GET,/api/mixed/db/1/,4.2,247,0,
2026-05-16T16:15:09.755792,GET,/api/mixed/http/,107.92,55353,0,
2026-05-16T16:15:09.757992,GET,/api/mixed/db/1/,4.48,247,0,
2026-05-16T16:15:09.758401,GET,/api/mixed/db/1/,4.38,247,0,
2026-05-16T16:15:09.760752,GET,/api/mixed/http/,108.05,55353,0,
2026-05-16T16:15:09.776657,GET,/api/mixed/db/1/,4.19,247,0,
2026-05-16T16:15:09.779803,GET,/api/mixed/http/,107.7,55353,0,
2026-05-16T16:15:09.784085,GET,/api/mixed/http/,108.46,55353,0,
2026-05-16T16:15:09.794434,GET,/api/mixed/pipeline/1/,4.47,82,0,
2026-05-16T16:15:09.811725,GET,/api/mixed/http/,107.7,55353,0,
2026-05-16T16:15:09.824952,GET,/api/mixed/db/1/,4.04,247,0,
2026-05-16T16:15:09.842620,GET,/api/mixed/http/,107.69,55353,0,
2026-05-16T16:15:09.843067,GET,/api/mixed/db/1/,3.9,247,0,
2026-05-16T16:15:09.849124,GET,/api/mixed/db/1/,3.81,247,0,
2026-05-16T16:15:09.867783,GET,/api/mixed/http/,108.18,55353,0,
2026-05-16T16:15:09.875963,GET,/api/mixed/http/,108.39,55353,0,
2026-05-16T16:15:09.879802,GET,/api/mixed/http/,107.82,55353,0,
2026-05-16T16:15:09.891046,GET,/api/mixed/http/,108.64,55353,0,
2026-05-16T16:15:09.898614,GET,/api/mixed/http/,108.07,55353,0,
2026-05-16T16:15:09.924905,GET,/api/mixed/pipeline/1/,2.9,82,0,
2026-05-16T16:15:09.930676,GET,/api/mixed/pipeline/1/,3.58,82,0,
2026-05-16T16:15:09.932770,GET,/api/mixed/pipeline/1/,3.41,82,0,
2026-05-16T16:15:09.951166,GET,/api/mixed/db/1/,4.19,247,0,
2026-05-16T16:15:09.961972,GET,/api/mixed/pipeline/1/,4.58,82,0,
2026-05-16T16:15:09.965712,GET,/api/mixed/http/,108.37,55353,0,
2026-05-16T16:15:09.974112,GET,/api/mixed/http/,108.33,55353,0,
2026-05-16T16:15:09.976022,GET,/api/mixed/http/,108.12,55353,0,
2026-05-16T16:15:10.011274,GET,/api/mixed/pipeline/1/,4.01,82,0,
2026-05-16T16:15:10.038209,GET,/api/mixed/http/,108.4,55353,0,
2026-05-16T16:15:10.038661,GET,/api/mixed/db/1/,6.51,247,0,
2026-05-16T16:15:10.044551,GET,/api/mixed/pipeline/1/,2.74,82,0,
2026-05-16T16:15:10.049471,GET,/api/mixed/pipeline/1/,2.72,82,0,
2026-05-16T16:15:10.060923,GET,/api/mixed/pipeline/1/,3.28,82,0,
2026-05-16T16:15:10.066548,GET,/api/mixed/http/,108.58,55353,0,
2026-05-16T16:15:10.073116,GET,/api/mixed/pipeline/1/,2.83,82,0,
2026-05-16T16:15:10.078325,GET,/api/mixed/http/,108.38,55353,0,
2026-05-16T16:15:10.081233,GET,/api/mixed/pipeline/1/,2.8,82,0,
2026-05-16T16:15:10.087241,GET,/api/mixed/db/1/,3.78,247,0,
2026-05-16T16:15:10.119172,GET,/api/mixed/http/,109.21,55353,0,
2026-05-16T16:15:10.123325,GET,/api/mixed/db/1/,5.59,247,0,
2026-05-16T16:15:10.123751,GET,/api/mixed/db/1/,4.39,247,0,
2026-05-16T16:15:10.143302,GET,/api/mixed/http/,108.43,55353,0,
2026-05-16T16:15:10.161420,GET,/api/mixed/db/1/,3.89,247,0,
2026-05-16T16:15:10.167934,GET,/api/mixed/http/,107.9,55353,0,
2026-05-16T16:15:10.171869,GET,/api/mixed/db/1/,3.75,247,0,
2026-05-16T16:15:10.175419,GET,/api/mixed/http/,107.65,55353,0,
2026-05-16T16:15:10.185647,GET,/api/mixed/http/,108.27,55353,0,
2026-05-16T16:15:10.207528,GET,/api/mixed/http/,109.07,55353,0,
2026-05-16T16:15:10.215318,GET,/api/mixed/http/,108.33,55353,0,
2026-05-16T16:15:10.227617,GET,/api/mixed/pipeline/1/,3.02,82,0,
2026-05-16T16:15:10.289200,GET,/api/mixed/http/,108.54,55353,0,
2026-05-16T16:15:10.302407,GET,/api/mixed/db/1/,4.97,247,0,
2026-05-16T16:15:10.304530,GET,/api/mixed/http/,113.65,55353,0,
2026-05-16T16:15:10.324961,GET,/api/mixed/pipeline/1/,3.0,82,0,
2026-05-16T16:15:10.331925,GET,/api/mixed/pipeline/1/,3.76,82,0,
2026-05-16T16:15:10.340566,GET,/api/mixed/db/1/,3.76,247,0,
2026-05-16T16:15:10.352393,GET,/api/mixed/http/,107.56,55353,0,
2026-05-16T16:15:10.357269,GET,/api/mixed/http/,107.91,55353,0,
2026-05-16T16:15:10.359352,GET,/api/mixed/pipeline/1/,3.69,82,0,
2026-05-16T16:15:10.379392,GET,/api/mixed/pipeline/1/,3.04,82,0,
2026-05-16T16:15:10.379874,GET,/api/mixed/http/,114.13,55353,0,
2026-05-16T16:15:10.396055,GET,/api/mixed/pipeline/1/,2.94,82,0,
2026-05-16T16:15:10.401947,GET,/api/mixed/pipeline/1/,2.69,82,0,
2026-05-16T16:15:10.409365,GET,/api/mixed/http/,109.42,55353,0,
2026-05-16T16:15:10.409861,GET,/api/mixed/http/,108.39,55353,0,
2026-05-16T16:15:10.416156,GET,/api/mixed/db/1/,4.08,247,0,
2026-05-16T16:15:10.440328,GET,/api/mixed/http/,109.48,55353,0,
2026-05-16T16:15:10.442462,GET,/api/mixed/pipeline/1/,3.26,82,0,
2026-05-16T16:15:10.469817,GET,/api/mixed/http/,108.22,55353,0,
2026-05-16T16:15:10.487726,GET,/api/mixed/pipeline/1/,3.06,82,0,
2026-05-16T16:15:10.500111,GET,/api/mixed/db/1/,4.21,247,0,
2026-05-16T16:15:10.538825,GET,/api/mixed/http/,108.49,55353,0,
2026-05-16T16:15:10.569097,GET,/api/mixed/pipeline/1/,3.04,82,0,
2026-05-16T16:15:10.570415,GET,/api/mixed/http/,107.73,55353,0,
2026-05-16T16:15:10.575332,GET,/api/mixed/db/1/,3.7,247,0,
2026-05-16T16:15:10.594723,GET,/api/mixed/http/,113.64,55353,0,
2026-05-16T16:15:10.611490,GET,/api/mixed/db/1/,3.95,247,0,
2026-05-16T16:15:10.625404,GET,/api/mixed/http/,107.93,55353,0,
2026-05-16T16:15:10.626194,GET,/api/mixed/db/1/,4.16,247,0,
2026-05-16T16:15:10.632383,GET,/api/mixed/db/1/,3.89,247,0,
2026-05-16T16:15:10.645831,GET,/api/mixed/pipeline/1/,3.21,82,0,
2026-05-16T16:15:10.660202,GET,/api/mixed/db/1/,4.1,247,0,
2026-05-16T16:15:10.678300,GET,/api/mixed/pipeline/1/,4.39,82,0,
2026-05-16T16:15:10.687292,GET,/api/mixed/http/,108.75,55353,0,
2026-05-16T16:15:10.699272,GET,/api/mixed/http/,108.26,55353,0,
2026-05-16T16:15:10.705114,GET,/api/mixed/pipeline/1/,3.56,82,0,
2026-05-16T16:15:10.706706,GET,/api/mixed/http/,110.73,55353,0,
2026-05-16T16:15:10.712596,GET,/api/mixed/db/1/,4.6,247,0,
2026-05-16T16:15:10.719035,GET,/api/mixed/http/,108.97,55353,0,
2026-05-16T16:15:10.729187,GET,/api/mixed/pipeline/1/,4.83,82,0,
2026-05-16T16:15:10.729745,GET,/api/mixed/db/1/,6.89,247,0,
2026-05-16T16:15:10.730357,GET,/api/mixed/pipeline/1/,8.48,82,0,
2026-05-16T16:15:10.738507,GET,/api/mixed/pipeline/1/,10.37,82,0,
2026-05-16T16:15:10.740391,GET,/api/mixed/pipeline/1/,9.88,82,0,
2026-05-16T16:15:10.746704,GET,/api/mixed/pipeline/1/,12.92,82,0,
2026-05-16T16:15:10.747485,GET,/api/mixed/pipeline/1/,12.81,82,0,
2026-05-16T16:15:10.748883,GET,/api/mixed/db/1/,13.43,247,0,
2026-05-16T16:15:10.763907,GET,/api/mixed/pipeline/1/,3.07,82,0,
2026-05-16T16:15:10.796994,GET,/api/mixed/pipeline/1/,3.6,82,0,
2026-05-16T16:15:10.808224,GET,/api/mixed/db/1/,5.29,247,0,
2026-05-16T16:15:10.810822,GET,/api/mixed/pipeline/1/,4.87,82,0,
2026-05-16T16:15:10.812190,GET,/api/mixed/db/1/,5.37,247,0,
2026-05-16T16:15:10.816791,GET,/api/mixed/pipeline/1/,3.37,82,0,
2026-05-16T16:15:10.833315,GET,/api/mixed/http/,112.95,55353,0,
2026-05-16T16:15:10.846574,GET,/api/mixed/db/1/,4.96,247,0,
2026-05-16T16:15:10.854327,GET,/api/mixed/http/,113.09,55353,0,
2026-05-16T16:15:10.855138,GET,/api/mixed/db/1/,5.85,247,0,
2026-05-16T16:15:10.855700,GET,/api/mixed/http/,122.75,55353,0,
2026-05-16T16:15:10.858913,GET,/api/mixed/pipeline/1/,3.09,82,0,
2026-05-16T16:15:10.866276,GET,/api/mixed/http/,108.12,55353,0,
2026-05-16T16:15:10.869770,GET,/api/mixed/db/1/,4.6,247,0,
2026-05-16T16:15:10.881152,GET,/api/mixed/http/,108.93,55353,0,
2026-05-16T16:15:10.882279,GET,/api/mixed/http/,109.26,55353,0,
2026-05-16T16:15:10.884341,GET,/api/mixed/pipeline/1/,3.05,82,0,
2026-05-16T16:15:10.892126,GET,/api/mixed/pipeline/1/,3.53,82,0,
2026-05-16T16:15:10.900665,GET,/api/mixed/http/,110.72,55353,0,
2026-05-16T16:15:10.901385,GET,/api/mixed/db/1/,4.95,247,0,
2026-05-16T16:15:10.908567,GET,/api/mixed/http/,108.31,55353,0,
2026-05-16T16:15:10.917175,GET,/api/mixed/pipeline/1/,6.12,82,0,
2026-05-16T16:15:10.949366,GET,/api/mixed/db/1/,5.29,247,0,
2026-05-16T16:15:10.951897,GET,/api/mixed/pipeline/1/,3.59,82,0,
2026-05-16T16:15:10.954552,GET,/api/mixed/http/,109.25,55353,0,
2026-05-16T16:15:10.955069,GET,/api/mixed/http/,108.37,55353,0,
2026-05-16T16:15:10.982057,GET,/api/mixed/db/1/,4.75,247,0,
2026-05-16T16:15:11.004665,GET,/api/mixed/db/1/,4.33,247,0,
2026-05-16T16:15:11.020743,GET,/api/mixed/db/1/,4.17,247,0,
2026-05-16T16:15:11.022735,GET,/api/mixed/pipeline/1/,3.61,82,0,
2026-05-16T16:15:11.027203,GET,/api/mixed/http/,108.82,55353,0,
2026-05-16T16:15:11.029962,GET,/api/mixed/pipeline/1/,4.97,82,0,
2026-05-16T16:15:11.034646,GET,/api/mixed/http/,110.17,55353,0,
2026-05-16T16:15:11.036613,GET,/api/mixed/http/,111.32,55353,0,
2026-05-16T16:15:11.053109,GET,/api/mixed/pipeline/1/,3.93,82,0,
2026-05-16T16:15:11.056898,GET,/api/mixed/http/,109.74,55353,0,
2026-05-16T16:15:11.061235,GET,/api/mixed/pipeline/1/,3.14,82,0,
2026-05-16T16:15:11.061720,GET,/api/mixed/db/1/,4.69,247,0,
2026-05-16T16:15:11.091497,GET,/api/mixed/pipeline/1/,4.11,82,0,
2026-05-16T16:15:11.094149,GET,/api/mixed/pipeline/1/,3.87,82,0,
2026-05-16T16:15:11.095880,GET,/api/mixed/http/,108.59,55353,0,
2026-05-16T16:15:11.099428,GET,/api/mixed/db/1/,5.14,247,0,
2026-05-16T16:15:11.105216,GET,/api/mixed/http/,109.22,55353,0,
2026-05-16T16:15:11.109367,GET,/api/mixed/http/,109.68,55353,0,
2026-05-16T16:15:11.120411,GET,/api/mixed/pipeline/1/,4.8,82,0,
2026-05-16T16:15:11.123309,GET,/api/mixed/pipeline/1/,4.17,82,0,
2026-05-16T16:15:11.126766,GET,/api/mixed/http/,111.8,55353,0,
2026-05-16T16:15:11.144170,GET,/api/mixed/pipeline/1/,5.41,82,0,
2026-05-16T16:15:11.144838,GET,/api/mixed/db/1/,7.28,247,0,
2026-05-16T16:15:11.145545,GET,/api/mixed/db/1/,5.0,247,0,
2026-05-16T16:15:11.150978,GET,/api/mixed/pipeline/1/,4.21,82,0,
2026-05-16T16:15:11.152712,GET,/api/mixed/db/1/,4.51,247,0,
2026-05-16T16:15:11.161556,GET,/api/mixed/http/,109.56,55353,0,
2026-05-16T16:15:11.184849,GET,/api/mixed/http/,110.9,55353,0,
2026-05-16T16:15:11.190004,GET,/api/mixed/http/,109.24,55353,0,
2026-05-16T16:15:11.192734,GET,/api/mixed/db/1/,5.61,247,0,
2026-05-16T16:15:11.236101,GET,/api/mixed/db/1/,9.02,247,0,
2026-05-16T16:15:11.241279,GET,/api/mixed/http/,119.23,55353,0,
2026-05-16T16:15:11.243021,GET,/api/mixed/http/,118.83,55353,0,
2026-05-16T16:15:11.251637,GET,/api/mixed/pipeline/1/,6.39,82,0,
2026-05-16T16:15:11.252396,GET,/api/mixed/pipeline/1/,7.88,82,0,
2026-05-16T16:15:11.263399,GET,/api/mixed/db/1/,6.92,247,0,
2026-05-16T16:15:11.285237,GET,/api/mixed/db/1/,4.43,247,0,
2026-05-16T16:15:11.290743,GET,/api/mixed/pipeline/1/,4.23,82,0,
2026-05-16T16:15:11.294744,GET,/api/mixed/pipeline/1/,3.85,82,0,
2026-05-16T16:15:11.317436,GET,/api/mixed/pipeline/1/,3.82,82,0,
2026-05-16T16:15:11.320792,GET,/api/mixed/db/1/,4.48,247,0,
2026-05-16T16:15:11.327904,GET,/api/mixed/pipeline/1/,3.62,82,0,
2026-05-16T16:15:11.344177,GET,/api/mixed/pipeline/1/,4.93,82,0,
2026-05-16T16:15:11.349906,GET,/api/mixed/pipeline/1/,5.08,82,0,
2026-05-16T16:15:11.350688,GET,/api/mixed/db/1/,8.09,247,0,
2026-05-16T16:15:11.362329,GET,/api/mixed/http/,109.79,55353,0,
2026-05-16T16:15:11.362853,GET,/api/mixed/http/,112.7,55353,0,
2026-05-16T16:15:11.375870,GET,/api/mixed/http/,109.14,55353,0,
2026-05-16T16:15:11.414754,GET,/api/mixed/http/,114.68,55353,0,
2026-05-16T16:15:11.415042,GET,/api/mixed/http/,110.33,55353,0,
2026-05-16T16:15:11.429125,GET,/api/mixed/pipeline/1/,3.82,82,0,
2026-05-16T16:15:11.441385,GET,/api/mixed/pipeline/1/,5.0,82,0,
2026-05-16T16:15:11.441873,GET,/api/mixed/pipeline/1/,6.42,82,0,
2026-05-16T16:15:11.458967,GET,/api/mixed/db/1/,5.55,247,0,
2026-05-16T16:15:11.459833,GET,/api/mixed/http/,114.08,55353,0,
2026-05-16T16:15:11.470433,GET,/api/mixed/pipeline/1/,5.25,82,0,
2026-05-16T16:15:11.478527,GET,/api/mixed/db/1/,5.77,247,0,
2026-05-16T16:15:11.503596,GET,/api/mixed/http/,110.47,55353,0,
2026-05-16T16:15:11.561893,GET,/api/mixed/pipeline/1/,3.96,82,0,
2026-05-16T16:15:11.562338,GET,/api/mixed/pipeline/1/,5.98,82,0,
2026-05-16T16:15:11.562726,GET,/api/mixed/db/1/,7.06,247,0,
2026-05-16T16:15:11.576066,GET,/api/mixed/db/1/,6.1,247,0,
2026-05-16T16:15:11.580179,GET,/api/mixed/pipeline/1/,3.91,82,0,
2026-05-16T16:15:11.581786,GET,/api/mixed/pipeline/1/,4.47,82,0,
2026-05-16T16:15:11.596465,GET,/api/mixed/pipeline/1/,10.7,82,0,
2026-05-16T16:15:11.598131,GET,/api/mixed/pipeline/1/,10.32,82,0,
2026-05-16T16:15:11.599112,GET,/api/mixed/db/1/,12.37,247,0,
2026-05-16T16:15:11.602617,GET,/api/mixed/db/1/,18.38,247,0,
2026-05-16T16:15:11.603927,GET,/api/mixed/http/,126.52,55353,0,
2026-05-16T16:15:11.612694,GET,/api/mixed/db/1/,12.34,247,0,
2026-05-16T16:15:11.615660,GET,/api/mixed/db/1/,8.53,247,0,
2026-05-16T16:15:11.621828,GET,/api/mixed/pipeline/1/,3.28,82,0,
2026-05-16T16:15:11.647450,GET,/api/mixed/http/,108.45,55353,0,
2026-05-16T16:15:11.659430,GET,/api/mixed/db/1/,3.94,247,0,
2026-05-16T16:15:11.701575,GET,/api/mixed/db/1/,5.71,247,0,
2026-05-16T16:15:11.714228,GET,/api/mixed/db/1/,6.4,247,0,
2026-05-16T16:15:11.718236,GET,/api/mixed/pipeline/1/,5.94,82,0,
2026-05-16T16:15:11.718742,GET,/api/mixed/db/1/,8.08,247,0,
2026-05-16T16:15:11.719120,GET,/api/mixed/pipeline/1/,4.39,82,0,
2026-05-16T16:15:11.719541,GET,/api/mixed/db/1/,8.28,247,0,
2026-05-16T16:15:11.730347,GET,/api/mixed/http/,116.27,55353,0,
2026-05-16T16:15:11.732760,GET,/api/mixed/pipeline/1/,4.2,82,0,
2026-05-16T16:15:11.743020,GET,/api/mixed/pipeline/1/,3.06,82,0,
2026-05-16T16:15:11.760986,GET,/api/mixed/http/,108.25,55353,0,
2026-05-16T16:15:11.767015,GET,/api/mixed/db/1/,4.64,247,0,
2026-05-16T16:15:11.772388,GET,/api/mixed/db/1/,4.08,247,0,
2026-05-16T16:15:11.819844,GET,/api/mixed/db/1/,4.42,247,0,
2026-05-16T16:15:11.830160,GET,/api/mixed/pipeline/1/,3.1,82,0,
2026-05-16T16:15:11.833773,GET,/api/mixed/http/,108.05,55353,0,
2026-05-16T16:15:11.836799,GET,/api/mixed/pipeline/1/,2.87,82,0,
2026-05-16T16:15:11.852986,GET,/api/mixed/db/1/,5.91,247,0,
2026-05-16T16:15:11.862024,GET,/api/mixed/pipeline/1/,2.78,82,0,
2026-05-16T16:15:11.895509,GET,/api/mixed/pipeline/1/,3.21,82,0,
2026-05-16T16:15:11.902993,GET,/api/mixed/http/,108.33,55353,0,
2026-05-16T16:15:11.919320,GET,/api/mixed/db/1/,4.11,247,0,
2026-05-16T16:15:11.924276,GET,/api/mixed/pipeline/1/,3.69,82,0,
2026-05-16T16:15:11.928706,GET,/api/mixed/db/1/,5.55,247,0,
2026-05-16T16:15:11.974517,GET,/api/mixed/pipeline/1/,32.54,82,0,
2026-05-16T16:15:11.976600,GET,/api/mixed/http/,121.31,55353,0,
2026-05-16T16:15:11.977469,GET,/api/mixed/http/,121.23,55353,0,
2026-05-16T16:15:11.978181,GET,/api/mixed/http/,130.5,55353,0,
2026-05-16T16:15:11.982220,GET,/api/mixed/pipeline/1/,7.46,82,0,
2026-05-16T16:15:11.982809,GET,/api/mixed/pipeline/1/,3.84,82,0,
2026-05-16T16:15:11.986108,GET,/api/mixed/db/1/,7.78,247,0,
2026-05-16T16:15:11.995011,GET,/api/mixed/db/1/,7.62,247,0,
2026-05-16T16:15:11.999623,GET,/api/mixed/pipeline/1/,3.38,82,0,
2026-05-16T16:15:12.029233,GET,/api/mixed/db/1/,4.3,247,0,
2026-05-16T16:15:12.032243,GET,/api/mixed/http/,107.78,55353,0,
2026-05-16T16:15:12.040009,GET,/api/mixed/db/1/,4.54,247,0,
2026-05-16T16:15:12.040536,GET,/api/mixed/db/1/,4.07,247,0,
2026-05-16T16:15:12.051748,GET,/api/mixed/http/,108.29,55353,0,
2026-05-16T16:15:12.052562,GET,/api/mixed/pipeline/1/,3.8,82,0,
2026-05-16T16:15:12.052980,GET,/api/mixed/pipeline/1/,3.69,82,0,
2026-05-16T16:15:12.079312,GET,/api/mixed/db/1/,5.1,247,0,
2026-05-16T16:15:12.096904,GET,/api/mixed/pipeline/1/,3.32,82,0,
2026-05-16T16:15:12.104784,GET,/api/mixed/pipeline/1/,3.59,82,0,
2026-05-16T16:15:12.113547,GET,/api/mixed/db/1/,4.45,247,0,
2026-05-16T16:15:12.114049,GET,/api/mixed/http/,115.29,55353,0,
2026-05-16T16:15:12.116793,GET,/api/mixed/http/,108.06,55353,0,
2026-05-16T16:15:12.131569,GET,/api/mixed/pipeline/1/,4.3,82,0,
2026-05-16T16:15:12.133607,GET,/api/mixed/db/1/,4.72,247,0,
2026-05-16T16:15:12.134155,GET,/api/mixed/http/,109.82,55353,0,
2026-05-16T16:15:12.143412,GET,/api/mixed/http/,114.04,55353,0,
2026-05-16T16:15:12.146035,GET,/api/mixed/pipeline/1/,4.68,82,0,
2026-05-16T16:15:12.150892,GET,/api/mixed/pipeline/1/,3.59,82,0,
2026-05-16T16:15:12.166621,GET,/api/mixed/db/1/,4.47,247,0,
2026-05-16T16:15:12.183801,GET,/api/mixed/http/,108.28,55353,0,
2026-05-16T16:15:12.184419,GET,/api/mixed/db/1/,5.11,247,0,
2026-05-16T16:15:12.190878,GET,/api/mixed/pipeline/1/,3.25,82,0,
2026-05-16T16:15:12.227623,GET,/api/mixed/pipeline/1/,4.25,82,0,
2026-05-16T16:15:12.244687,GET,/api/mixed/db/1/,5.73,247,0,
2026-05-16T16:15:12.247333,GET,/api/mixed/pipeline/1/,4.51,82,0,
2026-05-16T16:15:12.251272,GET,/api/mixed/db/1/,5.6,247,0,
2026-05-16T16:15:12.252409,GET,/api/mixed/http/,110.45,55353,0,
2026-05-16T16:15:12.253652,GET,/api/mixed/pipeline/1/,3.66,82,0,
2026-05-16T16:15:12.268989,GET,/api/mixed/pipeline/1/,5.09,82,0,
2026-05-16T16:15:12.271403,GET,/api/mixed/db/1/,6.08,247,0,
2026-05-16T16:15:12.272636,GET,/api/mixed/pipeline/1/,6.15,82,0,
2026-05-16T16:15:12.273234,GET,/api/mixed/pipeline/1/,5.86,82,0,
2026-05-16T16:15:12.275592,GET,/api/mixed/pipeline/1/,4.05,82,0,
2026-05-16T16:15:12.283018,GET,/api/mixed/http/,109.11,55353,0,
2026-05-16T16:15:12.295634,GET,/api/mixed/pipeline/1/,3.34,82,0,
2026-05-16T16:15:12.321755,GET,/api/mixed/http/,115.62,55353,0,
2026-05-16T16:15:12.323933,GET,/api/mixed/http/,108.61,55353,0,
2026-05-16T16:15:12.325022,GET,/api/mixed/pipeline/1/,3.13,82,0,
2026-05-16T16:15:12.330635,GET,/api/mixed/db/1/,4.43,247,0,
2026-05-16T16:15:12.343530,GET,/api/mixed/db/1/,4.62,247,0,
2026-05-16T16:15:12.352984,GET,/api/mixed/http/,109.56,55353,0,
2026-05-16T16:15:12.356856,GET,/api/mixed/db/1/,5.01,247,0,
2026-05-16T16:15:12.376356,GET,/api/mixed/pipeline/1/,3.73,82,0,
2026-05-16T16:15:12.386946,GET,/api/mixed/db/1/,4.3,247,0,
2026-05-16T16:15:12.393608,GET,/api/mixed/pipeline/1/,3.36,82,0,
2026-05-16T16:15:12.407900,GET,/api/mixed/db/1/,5.04,247,0,
2026-05-16T16:15:12.411544,GET,/api/mixed/pipeline/1/,3.5,82,0,
2026-05-16T16:15:12.438455,GET,/api/mixed/db/1/,5.77,247,0,
2026-05-16T16:15:12.439123,GET,/api/mixed/db/1/,5.87,247,0,
2026-05-16T16:15:12.441413,GET,/api/mixed/pipeline/1/,4.13,82,0,
2026-05-16T16:15:12.448260,GET,/api/mixed/pipeline/1/,3.52,82,0,
2026-05-16T16:15:12.458109,GET,/api/mixed/http/,108.32,55353,0,
2026-05-16T16:15:12.464218,GET,/api/mixed/http/,109.16,55353,0,
2026-05-16T16:15:12.476947,GET,/api/mixed/pipeline/1/,3.43,82,0,
2026-05-16T16:15:12.481701,GET,/api/mixed/http/,110.22,55353,0,
2026-05-16T16:15:12.485166,GET,/api/mixed/http/,114.3,55353,0,
2026-05-16T16:15:12.500656,GET,/api/mixed/pipeline/1/,3.54,82,0,
2026-05-16T16:15:12.501141,GET,/api/mixed/db/1/,5.22,247,0,
2026-05-16T16:15:12.513597,GET,/api/mixed/pipeline/1/,4.16,82,0,
2026-05-16T16:15:12.518016,GET,/api/mixed/db/1/,4.28,247,0,
2026-05-16T16:15:12.532938,GET,/api/mixed/pipeline/1/,3.46,82,0,
2026-05-16T16:15:12.534363,GET,/api/mixed/http/,108.54,55353,0,
2026-05-16T16:15:12.551053,GET,/api/mixed/db/1/,4.43,247,0,
2026-05-16T16:15:12.579252,GET,/api/mixed/pipeline/1/,3.5,82,0,
2026-05-16T16:15:12.629333,GET,/api/mixed/pipeline/1/,3.37,82,0,
2026-05-16T16:15:12.630987,GET,/api/mixed/db/1/,5.61,247,0,
2026-05-16T16:15:12.662421,GET,/api/mixed/db/1/,5.16,247,0,
2026-05-16T16:15:12.666287,GET,/api/mixed/db/1/,5.0,247,0,
2026-05-16T16:15:12.669793,GET,/api/mixed/http/,109.46,55353,0,
2026-05-16T16:15:12.673505,GET,/api/mixed/pipeline/1/,3.53,82,0,
2026-05-16T16:15:12.674001,GET,/api/mixed/db/1/,5.42,247,0,
2026-05-16T16:15:12.674453,GET,/api/mixed/http/,109.39,55353,0,
2026-05-16T16:15:12.699604,GET,/api/mixed/pipeline/1/,3.94,82,0,
2026-05-16T16:15:12.700245,GET,/api/mixed/pipeline/1/,3.37,82,0,
2026-05-16T16:15:12.704720,GET,/api/mixed/http/,109.23,55353,0,
2026-05-16T16:15:12.712350,GET,/api/mixed/pipeline/1/,3.35,82,0,
2026-05-16T16:15:12.728975,GET,/api/mixed/db/1/,4.44,247,0,
2026-05-16T16:15:12.746173,GET,/api/mixed/db/1/,9.97,247,0,
2026-05-16T16:15:12.748421,GET,/api/mixed/pipeline/1/,3.91,82,0,
2026-05-16T16:15:12.760655,GET,/api/mixed/db/1/,5.98,247,0,
2026-05-16T16:15:12.761465,GET,/api/mixed/db/1/,6.23,247,0,
2026-05-16T16:15:12.826721,GET,/api/mixed/http/,108.12,55353,0,
2026-05-16T16:15:12.866606,GET,/api/mixed/http/,112.91,55353,0,
2026-05-16T16:15:12.873611,GET,/api/mixed/pipeline/1/,4.49,82,0,
2026-05-16T16:15:12.895165,GET,/api/mixed/pipeline/1/,8.46,82,0,
2026-05-16T16:15:12.911129,GET,/api/mixed/http/,110.39,55353,0,
2026-05-16T16:15:12.915084,GET,/api/mixed/http/,113.8,55353,0,
2026-05-16T16:15:12.922812,GET,/api/mixed/db/1/,10.08,247,0,
2026-05-16T16:15:12.930477,GET,/api/mixed/http/,119.28,55353,0,
2026-05-16T16:15:12.932001,GET,/api/mixed/http/,119.27,55353,0,
2026-05-16T16:15:12.946626,GET,/api/mixed/db/1/,4.25,247,0,
2026-05-16T16:15:12.955209,GET,/api/mixed/db/1/,4.24,247,0,
2026-05-16T16:15:12.965426,GET,/api/mixed/pipeline/1/,3.95,82,0,
2026-05-16T16:15:12.966090,GET,/api/mixed/pipeline/1/,3.33,82,0,
2026-05-16T16:15:12.973079,GET,/api/mixed/db/1/,5.59,247,0,
2026-05-16T16:15:12.982190,GET,/api/mixed/pipeline/1/,3.84,82,0,
2026-05-16T16:15:12.991147,GET,/api/mixed/http/,109.26,55353,0,
2026-05-16T16:15:13.002449,GET,/api/mixed/http/,116.61,55353,0,
2026-05-16T16:15:13.007536,GET,/api/mixed/http/,119.12,55353,0,
2026-05-16T16:15:13.014628,GET,/api/mixed/pipeline/1/,3.82,82,0,
2026-05-16T16:15:13.024007,GET,/api/mixed/http/,112.58,55353,0,
2026-05-16T16:15:13.036609,GET,/api/mixed/http/,109.09,55353,0,
2026-05-16T16:15:13.040833,GET,/api/mixed/db/1/,4.09,247,0,
2026-05-16T16:15:13.076236,GET,/api/mixed/db/1/,4.18,247,0,
2026-05-16T16:15:13.133104,GET,/api/mixed/http/,110.19,55353,0,
2026-05-16T16:15:13.133699,GET,/api/mixed/http/,109.54,55353,0,
2026-05-16T16:15:13.174063,GET,/api/mixed/http/,108.95,55353,0,
2026-05-16T16:15:13.190066,GET,/api/mixed/db/1/,4.9,247,0,
2026-05-16T16:15:13.194083,GET,/api/mixed/http/,108.56,55353,0,
2026-05-16T16:15:13.201707,GET,/api/mixed/db/1/,4.33,247,0,
2026-05-16T16:15:13.217633,GET,/api/mixed/pipeline/1/,5.98,82,0,
2026-05-16T16:15:13.221077,GET,/api/mixed/db/1/,7.13,247,0,
2026-05-16T16:15:13.231176,GET,/api/mixed/pipeline/1/,6.03,82,0,
2026-05-16T16:15:13.235318,GET,/api/mixed/http/,111.05,55353,0,
2026-05-16T16:15:13.283613,GET,/api/mixed/http/,110.67,55353,0,
2026-05-16T16:15:13.299631,GET,/api/mixed/http/,110.79,55353,0,
2026-05-16T16:15:13.304721,GET,/api/mixed/pipeline/1/,4.48,82,0,
2026-05-16T16:15:13.305887,GET,/api/mixed/db/1/,7.92,247,0,
2026-05-16T16:15:13.316812,GET,/api/mixed/http/,112.85,55353,0,
2026-05-16T16:15:13.322849,GET,/api/mixed/db/1/,10.47,247,0,
2026-05-16T16:15:13.332916,GET,/api/mixed/http/,119.93,55353,0,
2026-05-16T16:15:13.334167,GET,/api/mixed/pipeline/1/,7.73,82,0,
2026-05-16T16:15:13.335502,GET,/api/mixed/http/,115.73,55353,0,
2026-05-16T16:15:13.342368,GET,/api/mixed/http/,116.56,55353,0,
2026-05-16T16:15:13.344809,GET,/api/mixed/http/,117.13,55353,0,
2026-05-16T16:15:13.354941,GET,/api/mixed/db/1/,12.28,247,0,
2026-05-16T16:15:13.357087,GET,/api/mixed/http/,121.59,55353,0,
2026-05-16T16:15:13.365761,GET,/api/mixed/db/1/,14.85,247,0,
2026-05-16T16:15:13.385731,GET,/api/mixed/http/,112.14,55353,0,
2026-05-16T16:15:13.397561,GET,/api/mixed/http/,110.63,55353,0,
2026-05-16T16:15:13.398630,GET,/api/mixed/http/,110.59,55353,0,
2026-05-16T16:15:13.404568,GET,/api/mixed/http/,111.92,55353,0,
2026-05-16T16:15:13.410385,GET,/api/mixed/db/1/,5.64,247,0,
2026-05-16T16:15:13.435757,GET,/api/mixed/pipeline/1/,3.4,82,0,
2026-05-16T16:15:13.440295,GET,/api/mixed/http/,112.03,55353,0,
2026-05-16T16:15:13.464318,GET,/api/mixed/pipeline/1/,3.72,82,0,
2026-05-16T16:15:13.470559,GET,/api/mixed/http/,111.5,55353,0,
2026-05-16T16:15:13.496483,GET,/api/mixed/http/,112.4,55353,0,
2026-05-16T16:15:13.505217,GET,/api/mixed/db/1/,4.51,247,0,
2026-05-16T16:15:13.506303,GET,/api/mixed/http/,110.79,55353,0,
2026-05-16T16:15:13.509934,GET,/api/mixed/db/1/,5.65,247,0,
2026-05-16T16:15:13.513977,GET,/api/mixed/http/,111.27,55353,0,
2026-05-16T16:15:13.515934,GET,/api/mixed/db/1/,4.76,247,0,
2026-05-16T16:15:13.517131,GET,/api/mixed/db/1/,4.35,247,0,
2026-05-16T16:15:13.524770,GET,/api/mixed/db/1/,5.47,247,0,
2026-05-16T16:15:13.528639,GET,/api/mixed/http/,110.97,55353,0,
2026-05-16T16:15:13.529172,GET,/api/mixed/http/,110.21,55353,0,
2026-05-16T16:15:13.571017,GET,/api/mixed/db/1/,4.45,247,0,
2026-05-16T16:15:13.576530,GET,/api/mixed/http/,108.99,55353,0,
2026-05-16T16:15:13.577694,GET,/api/mixed/http/,108.6,55353,0,
2026-05-16T16:15:13.601143,GET,/api/mixed/pipeline/1/,4.82,82,0,
2026-05-16T16:15:13.624267,GET,/api/mixed/pipeline/1/,4.74,82,0,
2026-05-16T16:15:13.631069,GET,/api/mixed/http/,109.84,55353,0,
2026-05-16T16:15:13.638913,GET,/api/mixed/pipeline/1/,3.45,82,0,
2026-05-16T16:15:13.661102,GET,/api/mixed/db/1/,4.93,247,0,
2026-05-16T16:15:13.665696,GET,/api/mixed/pipeline/1/,3.35,82,0,
2026-05-16T16:15:13.685044,GET,/api/mixed/db/1/,6.03,247,0,
2026-05-16T16:15:13.688462,GET,/api/mixed/http/,110.65,55353,0,
2026-05-16T16:15:13.691726,GET,/api/mixed/pipeline/1/,4.63,82,0,
2026-05-16T16:15:13.708213,GET,/api/mixed/db/1/,6.23,247,0,
2026-05-16T16:15:13.721456,GET,/api/mixed/pipeline/1/,3.94,82,0,
2026-05-16T16:15:13.745713,GET,/api/mixed/http/,123.02,55353,0,
2026-05-16T16:15:13.749337,GET,/api/mixed/pipeline/1/,12.04,82,0,
2026-05-16T16:15:13.751089,GET,/api/mixed/db/1/,14.87,247,0,
2026-05-16T16:15:13.761960,GET,/api/mixed/db/1/,4.61,247,0,
2026-05-16T16:15:13.771312,GET,/api/mixed/pipeline/1/,3.08,82,0,
2026-05-16T16:15:13.790604,GET,/api/mixed/db/1/,5.02,247,0,
2026-05-16T16:15:13.795104,GET,/api/mixed/db/1/,5.64,247,0,
2026-05-16T16:15:13.799012,GET,/api/mixed/db/1/,6.18,247,0,
2026-05-16T16:15:13.813694,GET,/api/mixed/pipeline/1/,3.45,82,0,
2026-05-16T16:15:13.839400,GET,/api/mixed/http/,110.19,55353,0,
2026-05-16T16:15:13.849730,GET,/api/mixed/http/,115.33,55353,0,
2026-05-16T16:15:13.857752,GET,/api/mixed/db/1/,4.64,247,0,
2026-05-16T16:15:13.898687,GET,/api/mixed/db/1/,6.25,247,0,
2026-05-16T16:15:13.903384,GET,/api/mixed/db/1/,6.64,247,0,
2026-05-16T16:15:13.909768,GET,/api/mixed/http/,112.46,55353,0,
2026-05-16T16:15:13.910302,GET,/api/mixed/http/,112.28,55353,0,
2026-05-16T16:15:13.921962,GET,/api/mixed/db/1/,5.66,247,0,
2026-05-16T16:15:13.937623,GET,/api/mixed/http/,109.57,55353,0,
2026-05-16T16:15:13.938884,GET,/api/mixed/http/,109.69,55353,0,
2026-05-16T16:15:13.940915,GET,/api/mixed/db/1/,5.57,247,0,
2026-05-16T16:15:13.967313,GET,/api/mixed/db/1/,4.76,247,0,
2026-05-16T16:15:13.970549,GET,/api/mixed/db/1/,4.5,247,0,
2026-05-16T16:15:13.978925,GET,/api/mixed/http/,108.92,55353,0,
2026-05-16T16:15:13.979629,GET,/api/mixed/http/,107.86,55353,0,
2026-05-16T16:15:13.989888,GET,/api/mixed/db/1/,4.0,247,0,
2026-05-16T16:15:13.994791,GET,/api/mixed/pipeline/1/,2.63,82,0,
2026-05-16T16:15:13.995205,GET,/api/mixed/db/1/,4.14,247,0,
2026-05-16T16:15:14.003325,GET,/api/mixed/pipeline/1/,3.48,82,0,
2026-05-16T16:15:14.015653,GET,/api/mixed/pipeline/1/,3.02,82,0,
2026-05-16T16:15:14.024486,GET,/api/mixed/http/,108.86,55353,0,
2026-05-16T16:15:14.031560,GET,/api/mixed/db/1/,4.32,247,0,
2026-05-16T16:15:14.040157,GET,/api/mixed/db/1/,4.19,247,0,
2026-05-16T16:15:14.046666,GET,/api/mixed/http/,108.89,55353,0,
2026-05-16T16:15:14.047560,GET,/api/mixed/http/,108.51,55353,0,
2026-05-16T16:15:14.052540,GET,/api/mixed/db/1/,3.78,247,0,
2026-05-16T16:15:14.065763,GET,/api/mixed/db/1/,3.84,247,0,
2026-05-16T16:15:14.067544,GET,/api/mixed/pipeline/1/,3.09,82,0,
2026-05-16T16:15:14.091411,GET,/api/mixed/db/1/,4.01,247,0,
2026-05-16T16:15:14.096449,GET,/api/mixed/db/1/,3.67,247,0,
2026-05-16T16:15:14.128537,GET,/api/mixed/http/,107.6,55353,0,
2026-05-16T16:15:14.135131,GET,/api/mixed/http/,108.31,55353,0,
2026-05-16T16:15:14.141727,GET,/api/mixed/pipeline/1/,3.16,82,0,
2026-05-16T16:15:14.149830,GET,/api/mixed/pipeline/1/,2.77,82,0,
2026-05-16T16:15:14.154870,GET,/api/mixed/pipeline/1/,2.85,82,0,
2026-05-16T16:15:14.161748,GET,/api/mixed/pipeline/1/,3.53,82,0,
2026-05-16T16:15:14.164832,GET,/api/mixed/pipeline/1/,2.96,82,0,
2026-05-16T16:15:14.181518,GET,/api/mixed/pipeline/1/,3.29,82,0,
2026-05-16T16:15:14.187266,GET,/api/mixed/http/,109.53,55353,0,
2026-05-16T16:15:14.196419,GET,/api/mixed/pipeline/1/,3.83,82,0,
2026-05-16T16:15:14.197849,GET,/api/mixed/db/1/,4.7,247,0,
2026-05-16T16:15:14.207887,GET,/api/mixed/db/1/,4.77,247,0,
2026-05-16T16:15:14.214150,GET,/api/mixed/db/1/,4.52,247,0,
2026-05-16T16:15:14.219958,GET,/api/mixed/pipeline/1/,3.54,82,0,
2026-05-16T16:15:14.246187,GET,/api/mixed/db/1/,4.95,247,0,
2026-05-16T16:15:14.257601,GET,/api/mixed/db/1/,7.28,247,0,
2026-05-16T16:15:14.269809,GET,/api/mixed/http/,111.15,55353,0,
2026-05-16T16:15:14.273159,GET,/api/mixed/db/1/,5.75,247,0,
2026-05-16T16:15:14.289889,GET,/api/mixed/db/1/,4.09,247,0,
2026-05-16T16:15:14.291290,GET,/api/mixed/http/,108.48,55353,0,
2026-05-16T16:15:14.300874,GET,/api/mixed/db/1/,4.19,247,0,
2026-05-16T16:15:14.318246,GET,/api/mixed/http/,109.12,55353,0,
2026-05-16T16:15:14.323699,GET,/api/mixed/db/1/,4.17,247,0,
2026-05-16T16:15:14.335052,GET,/api/mixed/pipeline/1/,3.95,82,0,
2026-05-16T16:15:14.339305,GET,/api/mixed/db/1/,5.37,247,0,
2026-05-16T16:15:14.340601,GET,/api/mixed/pipeline/1/,3.11,82,0,
2026-05-16T16:15:14.354029,GET,/api/mixed/pipeline/1/,3.19,82,0,
2026-05-16T16:15:14.354522,GET,/api/mixed/http/,108.21,55353,0,
2026-05-16T16:15:14.366790,GET,/api/mixed/db/1/,4.06,247,0,
2026-05-16T16:15:14.381671,GET,/api/mixed/http/,109.53,55353,0,
2026-05-16T16:15:14.384836,GET,/api/mixed/http/,113.3,55353,0,
2026-05-16T16:15:14.393254,GET,/api/mixed/http/,108.9,55353,0,
2026-05-16T16:15:14.431649,GET,/api/mixed/pipeline/1/,3.14,82,0,
2026-05-16T16:15:14.443231,GET,/api/mixed/db/1/,5.36,247,0,
2026-05-16T16:15:14.443643,GET,/api/mixed/db/1/,5.13,247,0,
2026-05-16T16:15:14.451222,GET,/api/mixed/db/1/,4.24,247,0,
2026-05-16T16:15:14.456751,GET,/api/mixed/pipeline/1/,3.3,82,0,
2026-05-16T16:15:14.475899,GET,/api/mixed/db/1/,4.91,247,0,
2026-05-16T16:15:14.478771,GET,/api/mixed/pipeline/1/,3.96,82,0,
2026-05-16T16:15:14.493554,GET,/api/mixed/http/,110.55,55353,0,
2026-05-16T16:15:14.494182,GET,/api/mixed/http/,109.18,55353,0,
2026-05-16T16:15:14.500820,GET,/api/mixed/db/1/,5.32,247,0,
2026-05-16T16:15:14.520889,GET,/api/mixed/pipeline/1/,3.75,82,0,
2026-05-16T16:15:14.535253,GET,/api/mixed/pipeline/1/,4.27,82,0,
2026-05-16T16:15:14.535655,GET,/api/mixed/pipeline/1/,5.4,82,0,
2026-05-16T16:15:14.551857,GET,/api/mixed/pipeline/1/,3.08,82,0,
2026-05-16T16:15:14.570795,GET,/api/mixed/http/,108.76,55353,0,
2026-05-16T16:15:14.573118,GET,/api/mixed/http/,108.16,55353,0,
2026-05-16T16:15:14.581798,GET,/api/mixed/db/1/,4.43,247,0,
2026-05-16T16:15:14.582628,GET,/api/mixed/pipeline/1/,3.56,82,0,
2026-05-16T16:15:14.583893,GET,/api/mixed/db/1/,4.27,247,0,
2026-05-16T16:15:14.586554,GET,/api/mixed/db/1/,3.83,247,0,
2026-05-16T16:15:14.616624,GET,/api/mixed/db/1/,4.8,247,0,
2026-05-16T16:15:14.632359,GET,/api/mixed/http/,109.22,55353,0,
2026-05-16T16:15:14.634908,GET,/api/mixed/db/1/,6.04,247,0,
2026-05-16T16:15:14.635766,GET,/api/mixed/pipeline/1/,3.27,82,0,
2026-05-16T16:15:14.640728,GET,/api/mixed/http/,108.55,55353,0,
2026-05-16T16:15:14.648822,GET,/api/mixed/pipeline/1/,4.2,82,0,
2026-05-16T16:15:14.649602,GET,/api/mixed/pipeline/1/,3.53,82,0,
2026-05-16T16:15:14.650192,GET,/api/mixed/pipeline/1/,6.24,82,0,
2026-05-16T16:15:14.652915,GET,/api/mixed/http/,109.91,55353,0,
2026-05-16T16:15:14.663383,GET,/api/mixed/http/,108.16,55353,0,
2026-05-16T16:15:14.671664,GET,/api/mixed/db/1/,4.99,247,0,
2026-05-16T16:15:14.678681,GET,/api/mixed/db/1/,5.13,247,0,
2026-05-16T16:15:14.686157,GET,/api/mixed/db/1/,5.14,247,0,
2026-05-16T16:15:14.721050,GET,/api/mixed/pipeline/1/,3.71,82,0,
2026-05-16T16:15:14.727171,GET,/api/mixed/pipeline/1/,3.86,82,0,
2026-05-16T16:15:14.739292,GET,/api/mixed/pipeline/1/,3.69,82,0,
2026-05-16T16:15:14.743138,GET,/api/mixed/pipeline/1/,3.72,82,0,
2026-05-16T16:15:14.762104,GET,/api/mixed/http/,109.05,55353,0,
2026-05-16T16:15:14.775496,GET,/api/mixed/pipeline/1/,4.12,82,0,
2026-05-16T16:15:14.776153,GET,/api/mixed/pipeline/1/,4.01,82,0,
2026-05-16T16:15:14.780970,GET,/api/mixed/pipeline/1/,3.54,82,0,
2026-05-16T16:15:14.813244,GET,/api/mixed/http/,109.83,55353,0,
2026-05-16T16:15:14.830895,GET,/api/mixed/pipeline/1/,3.37,82,0,
2026-05-16T16:15:14.841849,GET,/api/mixed/pipeline/1/,3.54,82,0,
2026-05-16T16:15:14.860137,GET,/api/mixed/db/1/,4.07,247,0,
2026-05-16T16:15:14.860551,GET,/api/mixed/pipeline/1/,2.88,82,0,
2026-05-16T16:15:14.867606,GET,/api/mixed/http/,108.18,55353,0,
2026-05-16T16:15:14.889184,GET,/api/mixed/pipeline/1/,3.35,82,0,
2026-05-16T16:15:14.898750,GET,/api/mixed/db/1/,4.27,247,0,
2026-05-16T16:15:14.899596,GET,/api/mixed/http/,108.19,55353,0,
2026-05-16T16:15:14.912964,GET,/api/mixed/http/,108.81,55353,0,
2026-05-16T16:15:14.916454,GET,/api/mixed/db/1/,4.63,247,0,
2026-05-16T16:15:14.916904,GET,/api/mixed/db/1/,3.58,247,0,
2026-05-16T16:15:14.936266,GET,/api/mixed/pipeline/1/,3.0,82,0,
2026-05-16T16:15:14.967522,GET,/api/mixed/db/1/,4.02,247,0,
2026-05-16T16:15:14.979953,GET,/api/mixed/pipeline/1/,3.57,82,0,
2026-05-16T16:15:14.981323,GET,/api/mixed/db/1/,4.59,247,0,
2026-05-16T16:15:14.981720,GET,/api/mixed/db/1/,5.91,247,0,
2026-05-16T16:15:15.004750,GET,/api/mixed/http/,107.62,55353,0,
2026-05-16T16:15:15.019202,GET,/api/mixed/db/1/,4.03,247,0,
2026-05-16T16:15:15.040926,GET,/api/mixed/pipeline/1/,3.31,82,0,
2026-05-16T16:15:15.058009,GET,/api/mixed/pipeline/1/,3.21,82,0,
2026-05-16T16:15:15.058729,GET,/api/mixed/db/1/,4.44,247,0,
2026-05-16T16:15:15.067754,GET,/api/mixed/db/1/,3.71,247,0,
2026-05-16T16:15:15.108458,GET,/api/mixed/http/,108.57,55353,0,
2026-05-16T16:15:15.127793,GET,/api/mixed/pipeline/1/,2.95,82,0,
2026-05-16T16:15:15.149989,GET,/api/mixed/pipeline/1/,4.19,82,0,
2026-05-16T16:15:15.167286,GET,/api/mixed/db/1/,4.27,247,0,
2026-05-16T16:15:15.183159,GET,/api/mixed/http/,108.25,55353,0,
2026-05-16T16:15:15.184204,GET,/api/mixed/db/1/,5.11,247,0,
2026-05-16T16:15:15.195269,GET,/api/mixed/http/,108.88,55353,0,
2026-05-16T16:15:15.197074,GET,/api/mixed/http/,108.04,55353,0,
2026-05-16T16:15:15.197715,GET,/api/mixed/pipeline/1/,3.55,82,0,
2026-05-16T16:15:15.208133,GET,/api/mixed/http/,108.62,55353,0,
2026-05-16T16:15:15.214145,GET,/api/mixed/http/,108.55,55353,0,
2026-05-16T16:15:15.232573,GET,/api/mixed/pipeline/1/,3.54,82,0,
2026-05-16T16:15:15.247299,GET,/api/mixed/http/,107.96,55353,0,
2026-05-16T16:15:15.257512,GET,/api/mixed/http/,108.36,55353,0,
2026-05-16T16:15:15.279642,GET,/api/mixed/db/1/,4.86,247,0,
2026-05-16T16:15:15.280735,GET,/api/mixed/http/,109.26,55353,0,
2026-05-16T16:15:15.285229,GET,/api/mixed/db/1/,4.32,247,0,
2026-05-16T16:15:15.288519,GET,/api/mixed/http/,108.17,55353,0,
2026-05-16T16:15:15.299088,GET,/api/mixed/http/,108.62,55353,0,
2026-05-16T16:15:15.306048,GET,/api/mixed/http/,108.23,55353,0,
2026-05-16T16:15:15.325624,GET,/api/mixed/pipeline/1/,3.58,82,0,
2026-05-16T16:15:15.337481,GET,/api/mixed/http/,109.07,55353,0,
2026-05-16T16:15:15.350441,GET,/api/mixed/db/1/,4.69,247,0,
2026-05-16T16:15:15.355897,GET,/api/mixed/http/,108.4,55353,0,
2026-05-16T16:15:15.395802,GET,/api/mixed/http/,109.32,55353,0,
2026-05-16T16:15:15.399214,GET,/api/mixed/pipeline/1/,3.23,82,0,
2026-05-16T16:15:15.407139,GET,/api/mixed/pipeline/1/,2.99,82,0,
2026-05-16T16:15:15.412827,GET,/api/mixed/pipeline/1/,4.48,82,0,
2026-05-16T16:15:15.413910,GET,/api/mixed/pipeline/1/,4.5,82,0,
2026-05-16T16:15:15.414503,GET,/api/mixed/http/,108.32,55353,0,
2026-05-16T16:15:15.417744,GET,/api/mixed/db/1/,6.01,247,0,
2026-05-16T16:15:15.418253,GET,/api/mixed/db/1/,5.31,247,0,
2026-05-16T16:15:15.420923,GET,/api/mixed/http/,108.99,55353,0,
2026-05-16T16:15:15.421513,GET,/api/mixed/db/1/,5.15,247,0,
2026-05-16T16:15:15.481682,GET,/api/mixed/pipeline/1/,3.16,82,0,
2026-05-16T16:15:15.506258,GET,/api/mixed/db/1/,3.99,247,0,
2026-05-16T16:15:15.512539,GET,/api/mixed/http/,108.99,55353,0,
2026-05-16T16:15:15.518492,GET,/api/mixed/pipeline/1/,3.2,82,0,
2026-05-16T16:15:15.519251,GET,/api/mixed/db/1/,5.48,247,0,
2026-05-16T16:15:15.533849,GET,/api/mixed/pipeline/1/,5.04,82,0,
2026-05-16T16:15:15.542516,GET,/api/mixed/pipeline/1/,4.34,82,0,
2026-05-16T16:15:15.543988,GET,/api/mixed/db/1/,4.9,247,0,
2026-05-16T16:15:15.546019,GET,/api/mixed/http/,109.24,55353,0,
2026-05-16T16:15:15.555075,GET,/api/mixed/http/,107.7,55353,0,
2026-05-16T16:15:15.559807,GET,/api/mixed/http/,108.85,55353,0,
2026-05-16T16:15:15.565953,GET,/api/mixed/pipeline/1/,2.93,82,0,
2026-05-16T16:15:15.568838,GET,/api/mixed/http/,109.0,55353,0,
2026-05-16T16:15:15.569434,GET,/api/mixed/http/,107.98,55353,0,
2026-05-16T16:15:15.572462,GET,/api/mixed/http/,108.36,55353,0,
2026-05-16T16:15:15.591517,GET,/api/mixed/pipeline/1/,3.77,82,0,
2026-05-16T16:15:15.595049,GET,/api/mixed/db/1/,4.45,247,0,
2026-05-16T16:15:15.605198,GET,/api/mixed/db/1/,3.9,247,0,
2026-05-16T16:15:15.605790,GET,/api/mixed/http/,108.89,55353,0,
2026-05-16T16:15:15.606586,GET,/api/mixed/http/,109.17,55353,0,
2026-05-16T16:15:15.616436,GET,/api/mixed/http/,107.91,55353,0,
2026-05-16T16:15:15.621965,GET,/api/mixed/pipeline/1/,3.29,82,0,
2026-05-16T16:15:15.641894,GET,/api/mixed/db/1/,4.12,247,0,
2026-05-16T16:15:15.647787,GET,/api/mixed/http/,109.08,55353,0,
2026-05-16T16:15:15.659969,GET,/api/mixed/http/,107.73,55353,0,
2026-05-16T16:15:15.687672,GET,/api/mixed/pipeline/1/,3.4,82,0,
2026-05-16T16:15:15.689746,GET,/api/mixed/pipeline/1/,2.89,82,0,
2026-05-16T16:15:15.735761,GET,/api/mixed/http/,107.61,55353,0,
2026-05-16T16:15:15.737165,GET,/api/mixed/db/1/,4.08,247,0,
2026-05-16T16:15:15.755112,GET,/api/mixed/pipeline/1/,2.92,82,0,
2026-05-16T16:15:15.778873,GET,/api/mixed/db/1/,5.52,247,0,
2026-05-16T16:15:15.785766,GET,/api/mixed/pipeline/1/,4.59,82,0,
2026-05-16T16:15:15.787478,GET,/api/mixed/db/1/,8.07,247,0,
2026-05-16T16:15:15.796805,GET,/api/mixed/db/1/,4.03,247,0,
2026-05-16T16:15:15.818204,GET,/api/mixed/pipeline/1/,2.84,82,0,
2026-05-16T16:15:15.830809,GET,/api/mixed/db/1/,4.52,247,0,
2026-05-16T16:15:15.833207,GET,/api/mixed/pipeline/1/,3.3,82,0,
2026-05-16T16:15:15.845544,GET,/api/mixed/db/1/,4.04,247,0,
2026-05-16T16:15:15.852365,GET,/api/mixed/http/,108.01,55353,0,
2026-05-16T16:15:15.860671,GET,/api/mixed/db/1/,3.94,247,0,
2026-05-16T16:15:15.887420,GET,/api/mixed/db/1/,4.38,247,0,
2026-05-16T16:15:15.890386,GET,/api/mixed/http/,108.16,55353,0,
2026-05-16T16:15:15.912222,GET,/api/mixed/pipeline/1/,2.97,82,0,
2026-05-16T16:15:15.913314,GET,/api/mixed/pipeline/1/,2.75,82,0,
2026-05-16T16:15:15.917267,GET,/api/mixed/pipeline/1/,2.75,82,0,
2026-05-16T16:15:15.918288,GET,/api/mixed/http/,109.11,55353,0,
2026-05-16T16:15:15.918804,GET,/api/mixed/http/,108.08,55353,0,
2026-05-16T16:15:15.919230,GET,/api/mixed/http/,109.56,55353,0,
2026-05-16T16:15:15.928089,GET,/api/mixed/http/,108.48,55353,0,
2026-05-16T16:15:15.934387,GET,/api/mixed/pipeline/1/,2.98,82,0,
2026-05-16T16:15:15.947710,GET,/api/mixed/pipeline/1/,3.88,82,0,
2026-05-16T16:15:15.948187,GET,/api/mixed/db/1/,3.72,247,0,
2026-05-16T16:15:15.957202,GET,/api/mixed/http/,108.39,55353,0,
2026-05-16T16:15:15.969325,GET,/api/mixed/db/1/,4.86,247,0,
2026-05-16T16:15:15.977660,GET,/api/mixed/pipeline/1/,4.07,82,0,
2026-05-16T16:15:15.990912,GET,/api/mixed/db/1/,6.21,247,0,
2026-05-16T16:15:16.011377,GET,/api/mixed/http/,108.8,55353,0,
2026-05-16T16:15:16.036677,GET,/api/mixed/pipeline/1/,5.61,82,0,
2026-05-16T16:15:16.037570,GET,/api/mixed/pipeline/1/,3.71,82,0,
2026-05-16T16:15:16.053506,GET,/api/mixed/db/1/,4.13,247,0,
2026-05-16T16:15:16.068585,GET,/api/mixed/pipeline/1/,3.56,82,0,
2026-05-16T16:15:16.072115,GET,/api/mixed/db/1/,4.42,247,0,
2026-05-16T16:15:16.075438,GET,/api/mixed/db/1/,4.74,247,0,
2026-05-16T16:15:16.085033,GET,/api/mixed/http/,108.7,55353,0,
2026-05-16T16:15:16.098915,GET,/api/mixed/http/,107.85,55353,0,
2026-05-16T16:15:16.103056,GET,/api/mixed/pipeline/1/,2.78,82,0,
2026-05-16T16:15:16.124377,GET,/api/mixed/db/1/,4.1,247,0,
2026-05-16T16:15:16.133967,GET,/api/mixed/db/1/,4.28,247,0,
2026-05-16T16:15:16.148989,GET,/api/mixed/http/,108.1,55353,0,
2026-05-16T16:15:16.166355,GET,/api/mixed/pipeline/1/,3.15,82,0,
2026-05-16T16:15:16.167380,GET,/api/mixed/pipeline/1/,2.62,82,0,
2026-05-16T16:15:16.172611,GET,/api/mixed/pipeline/1/,2.85,82,0,
2026-05-16T16:15:16.179280,GET,/api/mixed/http/,108.08,55353,0,
2026-05-16T16:15:16.179695,GET,/api/mixed/pipeline/1/,3.84,82,0,
2026-05-16T16:15:16.182231,GET,/api/mixed/http/,108.22,55353,0,
2026-05-16T16:15:16.194059,GET,/api/mixed/pipeline/1/,3.57,82,0,
2026-05-16T16:15:16.199837,GET,/api/mixed/pipeline/1/,3.52,82,0,
2026-05-16T16:15:16.234556,GET,/api/mixed/pipeline/1/,3.42,82,0,
2026-05-16T16:15:16.238291,GET,/api/mixed/http/,107.37,55353,0,
2026-05-16T16:15:16.247159,GET,/api/mixed/pipeline/1/,3.07,82,0,
2026-05-16T16:15:16.247664,GET,/api/mixed/pipeline/1/,4.12,82,0,
2026-05-16T16:15:16.259172,GET,/api/mixed/pipeline/1/,3.21,82,0,
2026-05-16T16:15:16.265605,GET,/api/mixed/pipeline/1/,3.09,82,0,
2026-05-16T16:15:16.289077,GET,/api/mixed/http/,112.66,55353,0,
2026-05-16T16:15:16.301546,GET,/api/mixed/pipeline/1/,4.12,82,0,
2026-05-16T16:15:16.302064,GET,/api/mixed/db/1/,4.06,247,0,
2026-05-16T16:15:16.312180,GET,/api/mixed/db/1/,4.92,247,0,
2026-05-16T16:15:16.312585,GET,/api/mixed/db/1/,4.15,247,0,
2026-05-16T16:15:16.323971,GET,/api/mixed/db/1/,4.21,247,0,
2026-05-16T16:15:16.328082,GET,/api/mixed/http/,108.8,55353,0,
2026-05-16T16:15:16.330544,GET,/api/mixed/pipeline/1/,3.35,82,0,
2026-05-16T16:15:16.342799,GET,/api/mixed/db/1/,4.47,247,0,
2026-05-16T16:15:16.343871,GET,/api/mixed/db/1/,4.39,247,0,
2026-05-16T16:15:16.359019,GET,/api/mixed/pipeline/1/,2.98,82,0,
2026-05-16T16:15:16.384461,GET,/api/mixed/pipeline/1/,3.07,82,0,
2026-05-16T16:15:16.394088,GET,/api/mixed/pipeline/1/,4.21,82,0,
2026-05-16T16:15:16.397585,GET,/api/mixed/db/1/,5.19,247,0,
2026-05-16T16:15:16.406467,GET,/api/mixed/pipeline/1/,3.56,82,0,
2026-05-16T16:15:16.406916,GET,/api/mixed/pipeline/1/,3.46,82,0,
2026-05-16T16:15:16.431957,GET,/api/mixed/http/,108.84,55353,0,
2026-05-16T16:15:16.434822,GET,/api/mixed/http/,108.64,55353,0,
2026-05-16T16:15:16.435248,GET,/api/mixed/pipeline/1/,3.11,82,0,
2026-05-16T16:15:16.438141,GET,/api/mixed/pipeline/1/,2.8,82,0,
2026-05-16T16:15:16.445191,GET,/api/mixed/http/,108.06,55353,0,
2026-05-16T16:15:16.449126,GET,/api/mixed/db/1/,4.8,247,0,
2026-05-16T16:15:16.453025,GET,/api/mixed/db/1/,4.78,247,0,
2026-05-16T16:15:16.469635,GET,/api/mixed/pipeline/1/,3.36,82,0,
2026-05-16T16:15:16.480931,GET,/api/mixed/db/1/,3.92,247,0,
2026-05-16T16:15:16.486069,GET,/api/mixed/db/1/,3.9,247,0,
2026-05-16T16:15:16.512658,GET,/api/mixed/db/1/,4.49,247,0,
2026-05-16T16:15:16.513667,GET,/api/mixed/pipeline/1/,3.12,82,0,
2026-05-16T16:15:16.536934,GET,/api/mixed/pipeline/1/,3.64,82,0,
2026-05-16T16:15:16.538601,GET,/api/mixed/http/,109.48,55353,0,
2026-05-16T16:15:16.570944,GET,/api/mixed/db/1/,5.34,247,0,
2026-05-16T16:15:16.571581,GET,/api/mixed/db/1/,5.48,247,0,
2026-05-16T16:15:16.581272,GET,/api/mixed/db/1/,3.99,247,0,
2026-05-16T16:15:16.598564,GET,/api/mixed/db/1/,3.99,247,0,
2026-05-16T16:15:16.611091,GET,/api/mixed/db/1/,4.19,247,0,
2026-05-16T16:15:16.613406,GET,/api/mixed/http/,107.93,55353,0,
2026-05-16T16:15:16.619741,GET,/api/mixed/http/,108.3,55353,0,
2026-05-16T16:15:16.626388,GET,/api/mixed/db/1/,3.9,247,0,
2026-05-16T16:15:16.645766,GET,/api/mixed/pipeline/1/,3.13,82,0,
2026-05-16T16:15:16.654165,GET,/api/mixed/http/,108.23,55353,0,
2026-05-16T16:15:16.656148,GET,/api/mixed/db/1/,4.14,247,0,
2026-05-16T16:15:16.672690,GET,/api/mixed/db/1/,4.31,247,0,
2026-05-16T16:15:16.678136,GET,/api/mixed/http/,108.09,55353,0,
2026-05-16T16:15:16.698988,GET,/api/mixed/db/1/,4.51,247,0,
2026-05-16T16:15:16.718190,GET,/api/mixed/db/1/,4.01,247,0,
2026-05-16T16:15:16.727514,GET,/api/mixed/http/,107.65,55353,0,
2026-05-16T16:15:16.731021,GET,/api/mixed/db/1/,4.61,247,0,
2026-05-16T16:15:16.731450,GET,/api/mixed/pipeline/1/,3.81,82,0,
2026-05-16T16:15:16.774103,GET,/api/mixed/db/1/,4.74,247,0,
2026-05-16T16:15:16.775039,GET,/api/mixed/db/1/,4.24,247,0,
2026-05-16T16:15:16.781856,GET,/api/mixed/pipeline/1/,7.61,82,0,
2026-05-16T16:15:16.803972,GET,/api/mixed/http/,108.38,55353,0,
2026-05-16T16:15:16.806126,GET,/api/mixed/db/1/,4.94,247,0,
2026-05-16T16:15:16.815894,GET,/api/mixed/pipeline/1/,5.51,82,0,
2026-05-16T16:15:16.819763,GET,/api/mixed/db/1/,6.38,247,0,
2026-05-16T16:15:16.822168,GET,/api/mixed/pipeline/1/,3.52,82,0,
2026-05-16T16:15:16.829826,GET,/api/mixed/db/1/,5.39,247,0,
2026-05-16T16:15:16.832823,GET,/api/mixed/pipeline/1/,4.76,82,0,
2026-05-16T16:15:16.835700,GET,/api/mixed/pipeline/1/,4.04,82,0,
2026-05-16T16:15:16.838055,GET,/api/mixed/http/,109.21,55353,0,
2026-05-16T16:15:16.853858,GET,/api/mixed/http/,108.77,55353,0,
2026-05-16T16:15:16.861307,GET,/api/mixed/pipeline/1/,4.14,82,0,
2026-05-16T16:15:16.866090,GET,/api/mixed/http/,109.32,55353,0,
2026-05-16T16:15:16.868789,GET,/api/mixed/db/1/,5.2,247,0,
2026-05-16T16:15:16.896979,GET,/api/mixed/pipeline/1/,4.76,82,0,
2026-05-16T16:15:16.903352,GET,/api/mixed/http/,109.11,55353,0,
2026-05-16T16:15:16.928610,GET,/api/mixed/db/1/,5.01,247,0,
2026-05-16T16:15:16.943478,GET,/api/mixed/db/1/,6.7,247,0,
2026-05-16T16:15:16.954796,GET,/api/mixed/pipeline/1/,4.52,82,0,
2026-05-16T16:15:16.959742,GET,/api/mixed/http/,110.42,55353,0,
2026-05-16T16:15:16.960211,GET,/api/mixed/pipeline/1/,4.18,82,0,
2026-05-16T16:15:16.964254,GET,/api/mixed/pipeline/1/,3.89,82,0,
2026-05-16T16:15:16.982224,GET,/api/mixed/http/,108.11,55353,0,
2026-05-16T16:15:16.993603,GET,/api/mixed/pipeline/1/,4.12,82,0,
2026-05-16T16:15:16.995988,GET,/api/mixed/http/,109.95,55353,0,
2026-05-16T16:15:17.001466,GET,/api/mixed/pipeline/1/,3.25,82,0,
2026-05-16T16:15:17.016031,GET,/api/mixed/db/1/,4.29,247,0,
2026-05-16T16:15:17.035357,GET,/api/mixed/pipeline/1/,3.05,82,0,
2026-05-16T16:15:17.039634,GET,/api/mixed/http/,108.69,55353,0,
2026-05-16T16:15:17.046955,GET,/api/mixed/http/,108.58,55353,0,
2026-05-16T16:15:17.050571,GET,/api/mixed/http/,109.09,55353,0,
2026-05-16T16:15:17.060729,GET,/api/mixed/http/,108.96,55353,0,
2026-05-16T16:15:17.061168,GET,/api/mixed/pipeline/1/,3.67,82,0,
2026-05-16T16:15:17.062027,GET,/api/mixed/db/1/,5.21,247,0,
2026-05-16T16:15:17.068328,GET,/api/mixed/http/,109.55,55353,0,
2026-05-16T16:15:17.079406,GET,/api/mixed/db/1/,4.73,247,0,
2026-05-16T16:15:17.084355,GET,/api/mixed/pipeline/1/,3.67,82,0,
2026-05-16T16:15:17.095797,GET,/api/mixed/pipeline/1/,4.11,82,0,
2026-05-16T16:15:17.114111,GET,/api/mixed/pipeline/1/,5.64,82,0,
2026-05-16T16:15:17.115187,GET,/api/mixed/pipeline/1/,6.0,82,0,
2026-05-16T16:15:17.116636,GET,/api/mixed/db/1/,6.77,247,0,
2026-05-16T16:15:17.146870,GET,/api/mixed/db/1/,6.67,247,0,
2026-05-16T16:15:17.164659,GET,/api/mixed/pipeline/1/,4.64,82,0,
2026-05-16T16:15:17.169357,GET,/api/mixed/db/1/,6.07,247,0,
2026-05-16T16:15:17.173223,GET,/api/mixed/db/1/,5.86,247,0,
2026-05-16T16:15:17.183088,GET,/api/mixed/pipeline/1/,5.58,82,0,
2026-05-16T16:15:17.210248,GET,/api/mixed/db/1/,4.82,247,0,
2026-05-16T16:15:17.220408,GET,/api/mixed/pipeline/1/,5.21,82,0,
2026-05-16T16:15:17.222292,GET,/api/mixed/http/,114.84,55353,0,
2026-05-16T16:15:17.227966,GET,/api/mixed/http/,110.02,55353,0,
2026-05-16T16:15:17.236561,GET,/api/mixed/http/,108.62,55353,0,
2026-05-16T16:15:17.245256,GET,/api/mixed/http/,109.38,55353,0,
2026-05-16T16:15:17.256581,GET,/api/mixed/db/1/,5.74,247,0,
2026-05-16T16:15:17.257188,GET,/api/mixed/db/1/,7.93,247,0,
2026-05-16T16:15:17.257761,GET,/api/mixed/db/1/,7.73,247,0,
2026-05-16T16:15:17.262919,GET,/api/mixed/http/,110.75,55353,0,
2026-05-16T16:15:17.270959,GET,/api/mixed/db/1/,4.78,247,0,
2026-05-16T16:15:17.286197,GET,/api/mixed/db/1/,5.99,247,0,
2026-05-16T16:15:17.290283,GET,/api/mixed/db/1/,6.34,247,0,
2026-05-16T16:15:17.291256,GET,/api/mixed/db/1/,6.64,247,0,
2026-05-16T16:15:17.293313,GET,/api/mixed/db/1/,5.63,247,0,
2026-05-16T16:15:17.318677,GET,/api/mixed/http/,110.44,55353,0,
2026-05-16T16:15:17.322921,GET,/api/mixed/db/1/,5.74,247,0,
2026-05-16T16:15:17.353018,GET,/api/mixed/http/,110.19,55353,0,
2026-05-16T16:15:17.360720,GET,/api/mixed/pipeline/1/,3.32,82,0,
2026-05-16T16:15:17.365726,GET,/api/mixed/http/,110.7,55353,0,
2026-05-16T16:15:17.375496,GET,/api/mixed/db/1/,4.5,247,0,
2026-05-16T16:15:17.393093,GET,/api/mixed/pipeline/1/,4.3,82,0,
2026-05-16T16:15:17.396292,GET,/api/mixed/http/,111.22,55353,0,
2026-05-16T16:15:17.407768,GET,/api/mixed/db/1/,4.22,247,0,
2026-05-16T16:15:17.410986,GET,/api/mixed/http/,114.43,55353,0,
2026-05-16T16:15:17.422784,GET,/api/mixed/db/1/,4.53,247,0,
2026-05-16T16:15:17.426136,GET,/api/mixed/pipeline/1/,3.22,82,0,
2026-05-16T16:15:17.426950,GET,/api/mixed/http/,108.13,55353,0,
2026-05-16T16:15:17.434180,GET,/api/mixed/db/1/,5.01,247,0,
2026-05-16T16:15:17.440541,GET,/api/mixed/pipeline/1/,3.09,82,0,
2026-05-16T16:15:17.457542,GET,/api/mixed/pipeline/1/,4.73,82,0,
2026-05-16T16:15:17.470497,GET,/api/mixed/db/1/,7.64,247,0,
2026-05-16T16:15:17.471220,GET,/api/mixed/http/,114.93,55353,0,
2026-05-16T16:15:17.474289,GET,/api/mixed/pipeline/1/,5.37,82,0,
2026-05-16T16:15:17.475225,GET,/api/mixed/pipeline/1/,7.5,82,0,
2026-05-16T16:15:17.485162,GET,/api/mixed/db/1/,7.49,247,0,
2026-05-16T16:15:17.497107,GET,/api/mixed/pipeline/1/,5.56,82,0,
2026-05-16T16:15:17.503185,GET,/api/mixed/http/,113.61,55353,0,
2026-05-16T16:15:17.505130,GET,/api/mixed/db/1/,7.22,247,0,
2026-05-16T16:15:17.507636,GET,/api/mixed/pipeline/1/,4.2,82,0,
2026-05-16T16:15:17.541237,GET,/api/mixed/pipeline/1/,8.01,82,0,
2026-05-16T16:15:17.577427,GET,/api/mixed/pipeline/1/,5.91,82,0,
2026-05-16T16:15:17.579767,GET,/api/mixed/db/1/,7.41,247,0,
2026-05-16T16:15:17.581076,GET,/api/mixed/http/,112.58,55353,0,
2026-05-16T16:15:17.598378,GET,/api/mixed/db/1/,6.21,247,0,
2026-05-16T16:15:17.598851,GET,/api/mixed/db/1/,7.47,247,0,
2026-05-16T16:15:17.607162,GET,/api/mixed/http/,109.89,55353,0,
2026-05-16T16:15:17.607726,GET,/api/mixed/http/,108.97,55353,0,
2026-05-16T16:15:17.614017,GET,/api/mixed/pipeline/1/,4.06,82,0,
2026-05-16T16:15:17.626438,GET,/api/mixed/pipeline/1/,4.41,82,0,
2026-05-16T16:15:17.635136,GET,/api/mixed/http/,110.2,55353,0,
2026-05-16T16:15:17.658807,GET,/api/mixed/db/1/,4.59,247,0,
2026-05-16T16:15:17.703331,GET,/api/mixed/pipeline/1/,3.04,82,0,
2026-05-16T16:15:17.705698,GET,/api/mixed/http/,108.82,55353,0,
2026-05-16T16:15:17.727705,GET,/api/mixed/http/,108.46,55353,0,
2026-05-16T16:15:17.748897,GET,/api/mixed/http/,108.49,55353,0,
2026-05-16T16:15:17.755757,GET,/api/mixed/db/1/,4.25,247,0,
2026-05-16T16:15:17.780858,GET,/api/mixed/http/,108.79,55353,0,
2026-05-16T16:15:17.818062,GET,/api/mixed/pipeline/1/,4.09,82,0,
2026-05-16T16:15:17.822505,GET,/api/mixed/http/,109.51,55353,0,
2026-05-16T16:15:17.833178,GET,/api/mixed/db/1/,4.36,247,0,
2026-05-16T16:15:17.837735,GET,/api/mixed/pipeline/1/,3.29,82,0,
2026-05-16T16:15:17.847117,GET,/api/mixed/pipeline/1/,3.17,82,0,
2026-05-16T16:15:17.856938,GET,/api/mixed/http/,109.74,55353,0,
2026-05-16T16:15:17.891843,GET,/api/mixed/http/,108.73,55353,0,
2026-05-16T16:15:17.904147,GET,/api/mixed/db/1/,4.93,247,0,
2026-05-16T16:15:17.951205,GET,/api/mixed/pipeline/1/,4.48,82,0,
2026-05-16T16:15:17.956630,GET,/api/mixed/pipeline/1/,3.15,82,0,
2026-05-16T16:15:17.966113,GET,/api/mixed/pipeline/1/,3.52,82,0,
2026-05-16T16:15:17.966783,GET,/api/mixed/db/1/,4.93,247,0,
2026-05-16T16:15:17.980784,GET,/api/mixed/pipeline/1/,3.79,82,0,
2026-05-16T16:15:17.983808,GET,/api/mixed/pipeline/1/,2.89,82,0,
2026-05-16T16:15:18.043111,GET,/api/mixed/db/1/,6.03,247,0,
2026-05-16T16:15:18.047463,GET,/api/mixed/http/,113.0,55353,0,
2026-05-16T16:15:18.058864,GET,/api/mixed/http/,110.19,55353,0,
2026-05-16T16:15:18.063369,GET,/api/mixed/db/1/,6.33,247,0,
2026-05-16T16:15:18.065672,GET,/api/mixed/db/1/,4.88,247,0,
2026-05-16T16:15:18.086056,GET,/api/mixed/db/1/,8.12,247,0,
2026-05-16T16:15:18.096330,GET,/api/mixed/pipeline/1/,3.47,82,0,
2026-05-16T16:15:18.111613,GET,/api/mixed/db/1/,5.0,247,0,
2026-05-16T16:15:18.132513,GET,/api/mixed/db/1/,4.54,247,0,
2026-05-16T16:15:18.140559,GET,/api/mixed/pipeline/1/,3.65,82,0,
2026-05-16T16:15:18.156674,GET,/api/mixed/http/,109.05,55353,0,
2026-05-16T16:15:18.166041,GET,/api/mixed/http/,110.87,55353,0,
2026-05-16T16:15:18.193821,GET,/api/mixed/http/,108.77,55353,0,
2026-05-16T16:15:18.202518,GET,/api/mixed/pipeline/1/,3.54,82,0,
2026-05-16T16:15:18.204170,GET,/api/mixed/db/1/,8.12,247,0,
2026-05-16T16:15:18.208804,GET,/api/mixed/db/1/,6.1,247,0,
2026-05-16T16:15:18.209395,GET,/api/mixed/db/1/,5.03,247,0,
2026-05-16T16:15:18.217715,GET,/api/mixed/http/,108.34,55353,0,
2026-05-16T16:15:18.221209,GET,/api/mixed/pipeline/1/,3.35,82,0,
2026-05-16T16:15:18.242538,GET,/api/mixed/db/1/,5.15,247,0,
2026-05-16T16:15:18.248298,GET,/api/mixed/http/,110.04,55353,0,
2026-05-16T16:15:18.252120,GET,/api/mixed/db/1/,5.75,247,0,
2026-05-16T16:15:18.291967,GET,/api/mixed/pipeline/1/,3.59,82,0,
2026-05-16T16:15:18.292534,GET,/api/mixed/http/,108.26,55353,0,
2026-05-16T16:15:18.293271,GET,/api/mixed/pipeline/1/,3.42,82,0,
2026-05-16T16:15:18.301023,GET,/api/mixed/db/1/,10.59,247,0,
2026-05-16T16:15:18.307203,GET,/api/mixed/pipeline/1/,4.94,82,0,
2026-05-16T16:15:18.307775,GET,/api/mixed/db/1/,5.0,247,0,
2026-05-16T16:15:18.308296,GET,/api/mixed/http/,110.07,55353,0,
2026-05-16T16:15:18.312212,GET,/api/mixed/db/1/,6.34,247,0,
2026-05-16T16:15:18.326576,GET,/api/mixed/db/1/,4.21,247,0,
2026-05-16T16:15:18.336817,GET,/api/mixed/http/,108.35,55353,0,
2026-05-16T16:15:18.349792,GET,/api/mixed/http/,108.33,55353,0,
2026-05-16T16:15:18.356281,GET,/api/mixed/http/,109.17,55353,0,
2026-05-16T16:15:18.373528,GET,/api/mixed/db/1/,4.8,247,0,
2026-05-16T16:15:18.398632,GET,/api/mixed/db/1/,4.25,247,0,
2026-05-16T16:15:18.399037,GET,/api/mixed/db/1/,5.23,247,0,
2026-05-16T16:15:18.408446,GET,/api/mixed/http/,111.51,55353,0,
2026-05-16T16:15:18.411680,GET,/api/mixed/db/1/,4.82,247,0,
2026-05-16T16:15:18.412153,GET,/api/mixed/db/1/,4.81,247,0,
2026-05-16T16:15:18.416035,GET,/api/mixed/db/1/,3.79,247,0,
2026-05-16T16:15:18.425504,GET,/api/mixed/http/,107.99,55353,0,
2026-05-16T16:15:18.428349,GET,/api/mixed/db/1/,4.08,247,0,
2026-05-16T16:15:18.439997,GET,/api/mixed/db/1/,4.26,247,0,
2026-05-16T16:15:18.491307,GET,/api/mixed/pipeline/1/,3.29,82,0,
2026-05-16T16:15:18.494261,GET,/api/mixed/pipeline/1/,2.79,82,0,
2026-05-16T16:15:18.509595,GET,/api/mixed/http/,108.32,55353,0,
2026-05-16T16:15:18.511745,GET,/api/mixed/http/,108.0,55353,0,
2026-05-16T16:15:18.548200,GET,/api/mixed/db/1/,7.56,247,0,
2026-05-16T16:15:18.548826,GET,/api/mixed/http/,114.17,55353,0,
2026-05-16T16:15:18.550396,GET,/api/mixed/http/,111.29,55353,0,
2026-05-16T16:15:18.553343,GET,/api/mixed/db/1/,10.25,247,0,
2026-05-16T16:15:18.553749,GET,/api/mixed/db/1/,4.77,247,0,
2026-05-16T16:15:18.564909,GET,/api/mixed/db/1/,3.96,247,0,
2026-05-16T16:15:18.569625,GET,/api/mixed/http/,108.32,55353,0,
2026-05-16T16:15:18.580631,GET,/api/mixed/http/,108.73,55353,0,
2026-05-16T16:15:18.588883,GET,/api/mixed/pipeline/1/,2.9,82,0,
2026-05-16T16:15:18.605091,GET,/api/mixed/db/1/,3.83,247,0,
2026-05-16T16:15:18.605555,GET,/api/mixed/http/,108.07,55353,0,
2026-05-16T16:15:18.609219,GET,/api/mixed/http/,107.91,55353,0,
2026-05-16T16:15:18.612135,GET,/api/mixed/db/1/,4.4,247,0,
2026-05-16T16:15:18.614332,GET,/api/mixed/pipeline/1/,3.53,82,0,
2026-05-16T16:15:18.618142,GET,/api/mixed/db/1/,4.6,247,0,
2026-05-16T16:15:18.619062,GET,/api/mixed/http/,108.24,55353,0,
2026-05-16T16:15:18.624652,GET,/api/mixed/db/1/,4.41,247,0,
2026-05-16T16:15:18.627770,GET,/api/mixed/db/1/,4.02,247,0,
2026-05-16T16:15:18.635068,GET,/api/mixed/http/,108.07,55353,0,
2026-05-16T16:15:18.639281,GET,/api/mixed/http/,109.39,55353,0,
2026-05-16T16:15:18.640760,GET,/api/mixed/db/1/,4.5,247,0,
2026-05-16T16:15:18.643130,GET,/api/mixed/pipeline/1/,3.24,82,0,
2026-05-16T16:15:18.645836,GET,/api/mixed/http/,107.62,55353,0,
2026-05-16T16:15:18.657171,GET,/api/mixed/http/,112.69,55353,0,
2026-05-16T16:15:18.658504,GET,/api/mixed/db/1/,5.39,247,0,
2026-05-16T16:15:18.674133,GET,/api/mixed/http/,108.01,55353,0,
2026-05-16T16:15:18.674559,GET,/api/mixed/pipeline/1/,4.65,82,0,
2026-05-16T16:15:18.674984,GET,/api/mixed/db/1/,4.31,247,0,
2026-05-16T16:15:18.681126,GET,/api/mixed/db/1/,3.77,247,0,
2026-05-16T16:15:18.690159,GET,/api/mixed/db/1/,4.81,247,0,
2026-05-16T16:15:18.692457,GET,/api/mixed/pipeline/1/,4.21,82,0,
2026-05-16T16:15:18.693869,GET,/api/mixed/db/1/,4.7,247,0,
2026-05-16T16:15:18.694280,GET,/api/mixed/db/1/,5.53,247,0,
2026-05-16T16:15:18.698677,GET,/api/mixed/http/,108.44,55353,0,
2026-05-16T16:15:18.706322,GET,/api/mixed/http/,108.48,55353,0,
2026-05-16T16:15:18.708515,GET,/api/mixed/pipeline/1/,3.31,82,0,
2026-05-16T16:15:18.744327,GET,/api/mixed/pipeline/1/,4.67,82,0,
2026-05-16T16:15:18.744787,GET,/api/mixed/db/1/,4.14,247,0,
2026-05-16T16:15:18.745159,GET,/api/mixed/db/1/,4.9,247,0,
2026-05-16T16:15:18.763633,GET,/api/mixed/db/1/,4.15,247,0,
2026-05-16T16:15:18.777810,GET,/api/mixed/pipeline/1/,3.79,82,0,
2026-05-16T16:15:18.778288,GET,/api/mixed/pipeline/1/,3.75,82,0,
2026-05-16T16:15:18.801303,GET,/api/mixed/db/1/,4.46,247,0,
2026-05-16T16:15:18.807579,GET,/api/mixed/db/1/,3.94,247,0,
2026-05-16T16:15:18.822885,GET,/api/mixed/http/,108.14,55353,0,
2026-05-16T16:15:18.832149,GET,/api/mixed/pipeline/1/,2.9,82,0,
2026-05-16T16:15:18.853022,GET,/api/mixed/pipeline/1/,2.81,82,0,
2026-05-16T16:15:18.867582,GET,/api/mixed/db/1/,4.19,247,0,
2026-05-16T16:15:18.881904,GET,/api/mixed/db/1/,4.0,247,0,
2026-05-16T16:15:18.907519,GET,/api/mixed/pipeline/1/,5.37,82,0,
2026-05-16T16:15:18.909281,GET,/api/mixed/db/1/,5.69,247,0,
2026-05-16T16:15:18.926783,GET,/api/mixed/http/,108.97,55353,0,
2026-05-16T16:15:18.948281,GET,/api/mixed/http/,108.82,55353,0,
2026-05-16T16:15:18.950488,GET,/api/mixed/pipeline/1/,4.19,82,0,
2026-05-16T16:15:18.958289,GET,/api/mixed/http/,109.15,55353,0,
2026-05-16T16:15:18.963038,GET,/api/mixed/pipeline/1/,3.5,82,0,
2026-05-16T16:15:18.970781,GET,/api/mixed/db/1/,4.94,247,0,
2026-05-16T16:15:18.971854,GET,/api/mixed/pipeline/1/,3.4,82,0,
2026-05-16T16:15:19.008565,GET,/api/mixed/db/1/,4.41,247,0,
2026-05-16T16:15:19.053630,GET,/api/mixed/db/1/,8.8,247,0,
2026-05-16T16:15:19.071225,GET,/api/mixed/db/1/,4.37,247,0,
2026-05-16T16:15:19.071832,GET,/api/mixed/http/,108.66,55353,0,
2026-05-16T16:15:19.110371,GET,/api/mixed/db/1/,4.84,247,0,
2026-05-16T16:15:19.128309,GET,/api/mixed/db/1/,5.7,247,0,
2026-05-16T16:15:19.132999,GET,/api/mixed/http/,109.13,55353,0,
2026-05-16T16:15:19.152494,GET,/api/mixed/pipeline/1/,3.24,82,0,
2026-05-16T16:15:19.156981,GET,/api/mixed/pipeline/1/,3.93,82,0,
2026-05-16T16:15:19.157711,GET,/api/mixed/pipeline/1/,4.25,82,0,
2026-05-16T16:15:19.161421,GET,/api/mixed/db/1/,5.29,247,0,
2026-05-16T16:15:19.166362,GET,/api/mixed/db/1/,4.08,247,0,
2026-05-16T16:15:19.194427,GET,/api/mixed/http/,108.33,55353,0,
2026-05-16T16:15:19.222559,GET,/api/mixed/pipeline/1/,5.32,82,0,
2026-05-16T16:15:19.223079,GET,/api/mixed/db/1/,6.39,247,0,
2026-05-16T16:15:19.223655,GET,/api/mixed/db/1/,5.49,247,0,
2026-05-16T16:15:19.224171,GET,/api/mixed/pipeline/1/,4.48,82,0,
2026-05-16T16:15:19.244434,GET,/api/mixed/http/,108.15,55353,0,
2026-05-16T16:15:19.249800,GET,/api/mixed/db/1/,4.0,247,0,
2026-05-16T16:15:19.255755,GET,/api/mixed/pipeline/1/,2.69,82,0,
2026-05-16T16:15:19.256745,GET,/api/mixed/db/1/,4.76,247,0,
2026-05-16T16:15:19.262227,GET,/api/mixed/http/,109.6,55353,0,
2026-05-16T16:15:19.269489,GET,/api/mixed/http/,109.01,55353,0,
2026-05-16T16:15:19.272411,GET,/api/mixed/pipeline/1/,2.8,82,0,
2026-05-16T16:15:19.281359,GET,/api/mixed/pipeline/1/,3.67,82,0,
2026-05-16T16:15:19.284226,GET,/api/mixed/pipeline/1/,4.03,82,0,
2026-05-16T16:15:19.298134,GET,/api/mixed/db/1/,4.61,247,0,
2026-05-16T16:15:19.300403,GET,/api/mixed/http/,110.74,55353,0,
2026-05-16T16:15:19.314138,GET,/api/mixed/http/,111.46,55353,0,
2026-05-16T16:15:19.315004,GET,/api/mixed/http/,110.87,55353,0,
2026-05-16T16:15:19.327799,GET,/api/mixed/pipeline/1/,4.47,82,0,
2026-05-16T16:15:19.329460,GET,/api/mixed/db/1/,5.53,247,0,
2026-05-16T16:15:19.350334,GET,/api/mixed/pipeline/1/,3.45,82,0,
2026-05-16T16:15:19.377158,GET,/api/mixed/pipeline/1/,3.79,82,0,
2026-05-16T16:15:19.377932,GET,/api/mixed/db/1/,4.04,247,0,
2026-05-16T16:15:19.394766,GET,/api/mixed/pipeline/1/,3.46,82,0,
2026-05-16T16:15:19.404312,GET,/api/mixed/http/,108.14,55353,0,
2026-05-16T16:15:19.410010,GET,/api/mixed/pipeline/1/,3.04,82,0,
2026-05-16T16:15:19.425315,GET,/api/mixed/db/1/,4.05,247,0,
2026-05-16T16:15:19.433635,GET,/api/mixed/db/1/,4.39,247,0,
2026-05-16T16:15:19.436722,GET,/api/mixed/db/1/,4.06,247,0,
2026-05-16T16:15:19.465835,GET,/api/mixed/db/1/,4.85,247,0,
2026-05-16T16:15:19.469896,GET,/api/mixed/pipeline/1/,3.34,82,0,
2026-05-16T16:15:19.470571,GET,/api/mixed/pipeline/1/,4.49,82,0,
2026-05-16T16:15:19.470983,GET,/api/mixed/db/1/,6.05,247,0,
2026-05-16T16:15:19.473291,GET,/api/mixed/http/,108.67,55353,0,
2026-05-16T16:15:19.499448,GET,/api/mixed/http/,108.72,55353,0,
2026-05-16T16:15:19.499917,GET,/api/mixed/http/,110.62,55353,0,
2026-05-16T16:15:19.513058,GET,/api/mixed/db/1/,4.83,247,0,
2026-05-16T16:15:19.515056,GET,/api/mixed/http/,108.53,55353,0,
2026-05-16T16:15:19.518954,GET,/api/mixed/db/1/,3.79,247,0,
2026-05-16T16:15:19.533273,GET,/api/mixed/db/1/,4.07,247,0,
2026-05-16T16:15:19.535342,GET,/api/mixed/http/,108.68,55353,0,
2026-05-16T16:15:19.557951,GET,/api/mixed/db/1/,6.0,247,0,
2026-05-16T16:15:19.586118,GET,/api/mixed/db/1/,4.22,247,0,
2026-05-16T16:15:19.589216,GET,/api/mixed/pipeline/1/,2.98,82,0,
2026-05-16T16:15:19.605480,GET,/api/mixed/db/1/,5.02,247,0,
2026-05-16T16:15:19.605936,GET,/api/mixed/pipeline/1/,3.1,82,0,
2026-05-16T16:15:19.606317,GET,/api/mixed/db/1/,4.72,247,0,
2026-05-16T16:15:19.613576,GET,/api/mixed/db/1/,4.0,247,0,
2026-05-16T16:15:19.630326,GET,/api/mixed/pipeline/1/,3.01,82,0,
2026-05-16T16:15:19.637833,GET,/api/mixed/db/1/,4.14,247,0,
2026-05-16T16:15:19.646118,GET,/api/mixed/db/1/,3.93,247,0,
2026-05-16T16:15:19.650494,GET,/api/mixed/pipeline/1/,3.18,82,0,
2026-05-16T16:15:19.669379,GET,/api/mixed/pipeline/1/,3.18,82,0,
2026-05-16T16:15:19.680358,GET,/api/mixed/db/1/,3.75,247,0,
2026-05-16T16:15:19.683207,GET,/api/mixed/http/,108.5,55353,0,
2026-05-16T16:15:19.690831,GET,/api/mixed/http/,109.43,55353,0,
2026-05-16T16:15:19.698576,GET,/api/mixed/pipeline/1/,4.16,82,0,
2026-05-16T16:15:19.699039,GET,/api/mixed/db/1/,5.85,247,0,
2026-05-16T16:15:19.701022,GET,/api/mixed/pipeline/1/,3.9,82,0,
2026-05-16T16:15:19.707317,GET,/api/mixed/pipeline/1/,3.12,82,0,
2026-05-16T16:15:19.720148,GET,/api/mixed/db/1/,4.6,247,0,
2026-05-16T16:15:19.730652,GET,/api/mixed/http/,107.88,55353,0,
2026-05-16T16:15:19.739425,GET,/api/mixed/pipeline/1/,3.43,82,0,
2026-05-16T16:15:19.760018,GET,/api/mixed/pipeline/1/,4.25,82,0,
2026-05-16T16:15:19.762255,GET,/api/mixed/http/,108.56,55353,0,
2026-05-16T16:15:19.763384,GET,/api/mixed/pipeline/1/,3.22,82,0,
2026-05-16T16:15:19.763986,GET,/api/mixed/db/1/,6.13,247,0,
2026-05-16T16:15:19.784056,GET,/api/mixed/pipeline/1/,2.79,82,0,
2026-05-16T16:15:19.784559,GET,/api/mixed/db/1/,4.03,247,0,
2026-05-16T16:15:19.785001,GET,/api/mixed/db/1/,5.64,247,0,
2026-05-16T16:15:19.801305,GET,/api/mixed/pipeline/1/,3.03,82,0,
2026-05-16T16:15:19.810333,GET,/api/mixed/db/1/,7.68,247,0,
2026-05-16T16:15:19.845106,GET,/api/mixed/http/,107.67,55353,0,
2026-05-16T16:15:19.846124,GET,/api/mixed/pipeline/1/,2.87,82,0,
2026-05-16T16:15:19.854348,GET,/api/mixed/db/1/,3.89,247,0,
2026-05-16T16:15:19.857522,GET,/api/mixed/db/1/,4.21,247,0,
2026-05-16T16:15:19.857914,GET,/api/mixed/db/1/,5.09,247,0,
2026-05-16T16:15:19.869032,GET,/api/mixed/http/,112.17,55353,0,
2026-05-16T16:15:19.869647,GET,/api/mixed/http/,109.07,55353,0,
2026-05-16T16:15:19.880563,GET,/api/mixed/pipeline/1/,2.94,82,0,
2026-05-16T16:15:19.895261,GET,/api/mixed/db/1/,4.31,247,0,
2026-05-16T16:15:19.904223,GET,/api/mixed/pipeline/1/,2.78,82,0,
2026-05-16T16:15:19.910227,GET,/api/mixed/db/1/,3.68,247,0,
2026-05-16T16:15:19.913157,GET,/api/mixed/db/1/,4.22,247,0,
2026-05-16T16:15:19.928252,GET,/api/mixed/db/1/,4.67,247,0,
2026-05-16T16:15:19.931356,GET,/api/mixed/pipeline/1/,2.98,82,0,
2026-05-16T16:15:19.935599,GET,/api/mixed/db/1/,4.12,247,0,
2026-05-16T16:15:19.941578,GET,/api/mixed/http/,107.86,55353,0,
2026-05-16T16:15:19.949870,GET,/api/mixed/db/1/,4.03,247,0,
2026-05-16T16:15:19.975088,GET,/api/mixed/db/1/,5.0,247,0,
2026-05-16T16:15:19.978026,GET,/api/mixed/pipeline/1/,2.82,82,0,
2026-05-16T16:15:19.981848,GET,/api/mixed/http/,107.84,55353,0,
2026-05-16T16:15:20.000178,GET,/api/mixed/db/1/,3.99,247,0,
2026-05-16T16:15:20.006349,GET,/api/mixed/http/,107.66,55353,0,
2026-05-16T16:15:20.006819,GET,/api/mixed/http/,109.17,55353,0,
2026-05-16T16:15:20.013950,GET,/api/mixed/pipeline/1/,2.84,82,0,
2026-05-16T16:15:20.025183,GET,/api/mixed/http/,107.62,55353,0,
2026-05-16T16:15:20.028904,GET,/api/mixed/http/,107.92,55353,0,
2026-05-16T16:15:20.032376,GET,/api/mixed/db/1/,4.38,247,0,
2026-05-16T16:15:20.047650,GET,/api/mixed/pipeline/1/,2.9,82,0,
2026-05-16T16:15:20.078822,GET,/api/mixed/http/,108.19,55353,0,
2026-05-16T16:15:20.080041,GET,/api/mixed/http/,107.7,55353,0,
2026-05-16T16:15:20.094222,GET,/api/mixed/pipeline/1/,2.86,82,0,
2026-05-16T16:15:20.127987,GET,/api/mixed/pipeline/1/,4.44,82,0,
2026-05-16T16:15:20.128597,GET,/api/mixed/pipeline/1/,2.69,82,0,
2026-05-16T16:15:20.132148,GET,/api/mixed/pipeline/1/,3.46,82,0,
2026-05-16T16:15:20.132840,GET,/api/mixed/db/1/,3.73,247,0,
2026-05-16T16:15:20.138594,GET,/api/mixed/db/1/,4.5,247,0,
2026-05-16T16:15:20.152862,GET,/api/mixed/db/1/,3.82,247,0,
2026-05-16T16:15:20.161439,GET,/api/mixed/db/1/,4.18,247,0,
2026-05-16T16:15:20.175140,GET,/api/mixed/pipeline/1/,4.36,82,0,
2026-05-16T16:15:20.176401,GET,/api/mixed/db/1/,4.16,247,0,
2026-05-16T16:15:20.226240,GET,/api/mixed/db/1/,4.06,247,0,
2026-05-16T16:15:20.231322,GET,/api/mixed/db/1/,3.72,247,0,
2026-05-16T16:15:20.234159,GET,/api/mixed/db/1/,3.95,247,0,
2026-05-16T16:15:20.247779,GET,/api/mixed/http/,110.07,55353,0,
2026-05-16T16:15:20.282213,GET,/api/mixed/db/1/,4.07,247,0,
2026-05-16T16:15:20.289333,GET,/api/mixed/db/1/,3.75,247,0,
2026-05-16T16:15:20.293280,GET,/api/mixed/pipeline/1/,2.73,82,0,
2026-05-16T16:15:20.297894,GET,/api/mixed/http/,108.12,55353,0,
2026-05-16T16:15:20.298351,GET,/api/mixed/http/,107.44,55353,0,
2026-05-16T16:15:20.333024,GET,/api/mixed/db/1/,4.03,247,0,
2026-05-16T16:15:20.340369,GET,/api/mixed/pipeline/1/,2.81,82,0,
2026-05-16T16:15:20.342131,GET,/api/mixed/http/,107.86,55353,0,
2026-05-16T16:15:20.348612,GET,/api/mixed/pipeline/1/,3.15,82,0,
2026-05-16T16:15:20.353473,GET,/api/mixed/http/,107.62,55353,0,
2026-05-16T16:15:20.358020,GET,/api/mixed/db/1/,4.43,247,0,
2026-05-16T16:15:20.358450,GET,/api/mixed/db/1/,4.43,247,0,
2026-05-16T16:15:20.360344,GET,/api/mixed/pipeline/1/,3.6,82,0,
2026-05-16T16:15:20.381081,GET,/api/mixed/db/1/,4.35,247,0,
2026-05-16T16:15:20.401704,GET,/api/mixed/db/1/,3.84,247,0,
2026-05-16T16:15:20.409114,GET,/api/mixed/db/1/,4.05,247,0,
2026-05-16T16:15:20.412413,GET,/api/mixed/db/1/,4.13,247,0,
2026-05-16T16:15:20.422846,GET,/api/mixed/http/,111.07,55353,0,
2026-05-16T16:15:20.439334,GET,/api/mixed/pipeline/1/,4.97,82,0,
2026-05-16T16:15:20.442416,GET,/api/mixed/http/,113.94,55353,0,
2026-05-16T16:15:20.446141,GET,/api/mixed/http/,113.0,55353,0,
2026-05-16T16:15:20.456598,GET,/api/mixed/http/,108.8,55353,0,
2026-05-16T16:15:20.464356,GET,/api/mixed/pipeline/1/,3.38,82,0,
2026-05-16T16:15:20.467059,GET,/api/mixed/db/1/,3.62,247,0,
2026-05-16T16:15:20.485149,GET,/api/mixed/http/,107.93,55353,0,
2026-05-16T16:15:20.494331,GET,/api/mixed/http/,108.0,55353,0,
2026-05-16T16:15:20.496364,GET,/api/mixed/db/1/,3.94,247,0,
2026-05-16T16:15:20.518576,GET,/api/mixed/db/1/,4.21,247,0,
2026-05-16T16:15:20.531689,GET,/api/mixed/http/,108.65,55353,0,
2026-05-16T16:15:20.540940,GET,/api/mixed/pipeline/1/,2.99,82,0,
2026-05-16T16:15:20.563013,GET,/api/mixed/http/,110.58,55353,0,
2026-05-16T16:15:20.576051,GET,/api/mixed/db/1/,4.13,247,0,
2026-05-16T16:15:20.622079,GET,/api/mixed/http/,124.4,55353,0,
2026-05-16T16:15:20.642468,GET,/api/mixed/http/,117.46,55353,0,
