timestamp,method,name,response_time_ms,response_length,failed,error
2026-05-16T15:16:40.810678,GET,/api/articles/list/large/,31.85,471824,0,
2026-05-16T15:16:40.833339,GET,/api/articles/list/large/,28.92,471824,0,
2026-05-16T15:16:40.844847,GET,/api/articles/list/large/,28.77,471824,0,
2026-05-16T15:16:40.860989,POST,/api/articles/analyze/,2.88,58,0,
2026-05-16T15:16:40.891416,POST,/api/articles/bulk/,6.33,34,0,
2026-05-16T15:16:40.891893,POST,/api/articles/bulk/,7.58,34,0,
2026-05-16T15:16:40.900420,GET,/api/articles/list/small/,3.89,23002,0,
2026-05-16T15:16:40.920182,GET,/api/articles/list/large/,29.92,471824,0,
2026-05-16T15:16:41.027822,GET,/api/articles/list/small/,5.97,23002,0,
2026-05-16T15:16:41.056619,GET,/api/articles/list/large/,28.64,471824,0,
2026-05-16T15:16:41.100631,POST,/api/articles/bulk/,6.75,34,0,
2026-05-16T15:16:41.123090,GET,/api/articles/list/small/,4.08,23002,0,
2026-05-16T15:16:41.180079,GET,/api/articles/list/small/,4.59,23002,0,
2026-05-16T15:16:41.744104,POST,/api/articles/analyze/,2.91,58,0,
2026-05-16T15:16:41.897743,POST,/api/articles/bulk/,11.12,34,0,
2026-05-16T15:16:42.004455,POST,/api/articles/bulk/,13.28,34,0,
2026-05-16T15:16:42.101641,GET,/api/articles/list/small/,8.58,23002,0,
2026-05-16T15:16:42.120795,POST,/api/articles/analyze/,2.65,58,0,
2026-05-16T15:16:42.125089,GET,/api/articles/list/small/,4.18,23002,0,
2026-05-16T15:16:42.127118,POST,/api/articles/analyze/,2.89,58,0,
2026-05-16T15:16:42.157521,POST,/api/articles/analyze/,2.82,58,0,
2026-05-16T15:16:42.193542,GET,/api/articles/list/small/,5.3,23002,0,
2026-05-16T15:16:42.204882,GET,/api/articles/list/large/,29.11,471824,0,
2026-05-16T15:16:42.230602,POST,/api/articles/bulk/,6.38,34,0,
2026-05-16T15:16:42.265733,POST,/api/articles/analyze/,2.84,58,0,
2026-05-16T15:16:42.336719,GET,/api/articles/list/small/,7.55,23002,0,
2026-05-16T15:16:42.412579,GET,/api/articles/list/large/,29.59,471824,0,
2026-05-16T15:16:42.430360,GET,/api/articles/list/large/,28.8,471824,0,
2026-05-16T15:16:42.469188,GET,/api/articles/list/small/,7.49,23002,0,
2026-05-16T15:16:42.479317,GET,/api/articles/list/small/,13.99,23002,0,
2026-05-16T15:16:42.574490,POST,/api/articles/bulk/,10.6,34,0,
2026-05-16T15:16:42.612233,GET,/api/articles/list/large/,28.32,471824,0,
2026-05-16T15:16:42.706704,POST,/api/articles/bulk/,12.02,34,0,
2026-05-16T15:16:42.801275,POST,/api/articles/analyze/,4.75,58,0,
2026-05-16T15:16:42.806424,GET,/api/articles/list/small/,4.92,23002,0,
2026-05-16T15:16:42.838774,GET,/api/articles/list/large/,27.98,471824,0,
2026-05-16T15:16:42.851710,POST,/api/articles/bulk/,6.55,34,0,
2026-05-16T15:16:42.889329,GET,/api/articles/list/small/,4.31,23002,0,
2026-05-16T15:16:42.896261,POST,/api/articles/analyze/,2.6,58,0,
2026-05-16T15:16:42.907823,POST,/api/articles/bulk/,6.24,34,0,
2026-05-16T15:16:43.016871,GET,/api/articles/list/large/,29.41,471824,0,
2026-05-16T15:16:43.053466,POST,/api/articles/bulk/,11.31,34,0,
2026-05-16T15:16:43.061199,POST,/api/articles/analyze/,4.34,58,0,
2026-05-16T15:16:43.065097,POST,/api/articles/bulk/,7.45,34,0,
2026-05-16T15:16:43.092429,GET,/api/articles/list/small/,5.44,23002,0,
2026-05-16T15:16:43.092902,GET,/api/articles/list/small/,4.82,23002,0,
2026-05-16T15:16:43.094037,POST,/api/articles/bulk/,7.75,34,0,
2026-05-16T15:16:43.158065,POST,/api/articles/bulk/,6.7,34,0,
2026-05-16T15:16:43.202597,POST,/api/articles/bulk/,6.36,34,0,
2026-05-16T15:16:43.347700,GET,/api/articles/list/small/,9.33,23002,0,
2026-05-16T15:16:43.349184,POST,/api/articles/bulk/,9.92,34,0,
2026-05-16T15:16:43.375982,POST,/api/articles/bulk/,8.41,34,0,
2026-05-16T15:16:43.382269,GET,/api/articles/list/large/,31.9,471824,0,
2026-05-16T15:16:43.398151,GET,/api/articles/list/large/,32.23,471824,0,
2026-05-16T15:16:43.417979,GET,/api/articles/list/large/,33.46,471824,0,
2026-05-16T15:16:43.489792,POST,/api/articles/bulk/,10.4,34,0,
2026-05-16T15:16:43.636966,POST,/api/articles/bulk/,11.6,34,0,
2026-05-16T15:16:43.749336,GET,/api/articles/list/small/,7.63,23002,0,
2026-05-16T15:16:43.815398,POST,/api/articles/analyze/,2.78,58,0,
2026-05-16T15:16:43.849404,POST,/api/articles/analyze/,2.65,58,0,
2026-05-16T15:16:43.867378,POST,/api/articles/analyze/,2.63,58,0,
2026-05-16T15:16:43.872782,GET,/api/articles/list/small/,4.05,23002,0,
2026-05-16T15:16:43.878646,POST,/api/articles/analyze/,2.52,58,0,
2026-05-16T15:16:43.890392,POST,/api/articles/bulk/,6.57,34,0,
2026-05-16T15:16:43.918239,GET,/api/articles/list/small/,5.5,23002,0,
2026-05-16T15:16:43.987348,POST,/api/articles/analyze/,4.58,58,0,
2026-05-16T15:16:44.028128,POST,/api/articles/bulk/,6.49,34,0,
2026-05-16T15:16:44.065591,GET,/api/articles/list/small/,4.11,23002,0,
2026-05-16T15:16:44.124704,POST,/api/articles/analyze/,3.86,58,0,
2026-05-16T15:16:44.196855,POST,/api/articles/bulk/,6.44,34,0,
2026-05-16T15:16:44.224618,GET,/api/articles/list/small/,4.41,23002,0,
2026-05-16T15:16:44.279799,POST,/api/articles/analyze/,2.94,58,0,
2026-05-16T15:16:44.304400,GET,/api/articles/list/small/,4.22,23002,0,
2026-05-16T15:16:44.306957,POST,/api/articles/analyze/,2.45,58,0,
2026-05-16T15:16:44.323781,POST,/api/articles/analyze/,2.5,58,0,
2026-05-16T15:16:44.338904,POST,/api/articles/analyze/,2.78,58,0,
2026-05-16T15:16:44.437862,POST,/api/articles/analyze/,4.69,58,0,
2026-05-16T15:16:44.533209,GET,/api/articles/list/small/,7.86,23002,0,
2026-05-16T15:16:44.548528,POST,/api/articles/analyze/,2.68,58,0,
2026-05-16T15:16:44.606266,GET,/api/articles/list/small/,4.44,23002,0,
2026-05-16T15:16:44.692803,POST,/api/articles/analyze/,3.82,58,0,
2026-05-16T15:16:44.693955,GET,/api/articles/list/small/,7.31,23002,0,
2026-05-16T15:16:44.695928,POST,/api/articles/analyze/,2.98,58,0,
2026-05-16T15:16:44.767107,POST,/api/articles/analyze/,2.97,58,0,
2026-05-16T15:16:44.770764,POST,/api/articles/bulk/,7.36,34,0,
2026-05-16T15:16:44.865977,POST,/api/articles/analyze/,3.78,58,0,
2026-05-16T15:16:44.948186,GET,/api/articles/list/large/,35.93,471824,0,
2026-05-16T15:16:44.961132,POST,/api/articles/bulk/,6.53,34,0,
2026-05-16T15:16:45.003021,GET,/api/articles/list/large/,28.69,471824,0,
2026-05-16T15:16:45.076879,POST,/api/articles/bulk/,6.65,34,0,
2026-05-16T15:16:45.096491,POST,/api/articles/bulk/,6.34,34,0,
2026-05-16T15:16:45.125194,GET,/api/articles/list/small/,4.31,23002,0,
2026-05-16T15:16:45.163270,POST,/api/articles/bulk/,6.45,34,0,
2026-05-16T15:16:45.176698,GET,/api/articles/list/small/,4.08,23002,0,
2026-05-16T15:16:45.271645,POST,/api/articles/analyze/,2.54,58,0,
2026-05-16T15:16:45.294786,GET,/api/articles/list/large/,29.48,471824,0,
2026-05-16T15:16:45.301460,GET,/api/articles/list/large/,28.54,471824,0,
2026-05-16T15:16:45.394380,GET,/api/articles/list/large/,33.42,471824,0,
2026-05-16T15:16:45.449398,GET,/api/articles/list/large/,28.67,471824,0,
2026-05-16T15:16:45.483339,POST,/api/articles/bulk/,6.61,34,0,
2026-05-16T15:16:45.507937,GET,/api/articles/list/small/,4.2,23002,0,
2026-05-16T15:16:45.523787,POST,/api/articles/analyze/,2.48,58,0,
2026-05-16T15:16:45.545229,GET,/api/articles/list/small/,4.12,23002,0,
2026-05-16T15:16:45.557134,POST,/api/articles/analyze/,2.53,58,0,
2026-05-16T15:16:45.656136,POST,/api/articles/bulk/,6.56,34,0,
2026-05-16T15:16:45.711157,POST,/api/articles/analyze/,4.58,58,0,
2026-05-16T15:16:45.725323,POST,/api/articles/analyze/,3.7,58,0,
2026-05-16T15:16:45.747571,POST,/api/articles/bulk/,6.91,34,0,
2026-05-16T15:16:45.772233,POST,/api/articles/analyze/,3.32,58,0,
2026-05-16T15:16:45.799541,GET,/api/articles/list/large/,29.27,471824,0,
2026-05-16T15:16:45.815539,GET,/api/articles/list/large/,29.06,471824,0,
2026-05-16T15:16:45.822073,POST,/api/articles/bulk/,6.41,34,0,
2026-05-16T15:16:45.865751,GET,/api/articles/list/large/,29.34,471824,0,
2026-05-16T15:16:45.867061,POST,/api/articles/bulk/,6.3,34,0,
2026-05-16T15:16:45.952144,POST,/api/articles/bulk/,7.06,34,0,
2026-05-16T15:16:45.958723,POST,/api/articles/bulk/,6.46,34,0,
2026-05-16T15:16:45.966075,GET,/api/articles/list/large/,37.62,471824,0,
2026-05-16T15:16:46.016980,GET,/api/articles/list/large/,28.62,471824,0,
2026-05-16T15:16:46.034875,GET,/api/articles/list/large/,28.88,471824,0,
2026-05-16T15:16:46.075012,POST,/api/articles/analyze/,4.92,58,0,
2026-05-16T15:16:46.078074,GET,/api/articles/list/small/,8.92,23002,0,
2026-05-16T15:16:46.103829,GET,/api/articles/list/small/,4.36,23002,0,
2026-05-16T15:16:46.107384,GET,/api/articles/list/small/,4.39,23002,0,
2026-05-16T15:16:46.150784,GET,/api/articles/list/small/,7.13,23002,0,
2026-05-16T15:16:46.190908,POST,/api/articles/bulk/,10.77,34,0,
2026-05-16T15:16:46.332151,GET,/api/articles/list/small/,8.67,23002,0,
2026-05-16T15:16:46.395352,POST,/api/articles/bulk/,6.58,34,0,
2026-05-16T15:16:46.454500,GET,/api/articles/list/small/,7.75,23002,0,
2026-05-16T15:16:46.521979,GET,/api/articles/list/small/,7.01,23002,0,
2026-05-16T15:16:46.535348,GET,/api/articles/list/small/,3.99,23002,0,
2026-05-16T15:16:46.593023,GET,/api/articles/list/small/,4.2,23002,0,
2026-05-16T15:16:46.654746,POST,/api/articles/analyze/,4.37,58,0,
2026-05-16T15:16:46.677805,POST,/api/articles/bulk/,6.66,34,0,
2026-05-16T15:16:46.813628,POST,/api/articles/analyze/,2.83,58,0,
2026-05-16T15:16:46.841665,POST,/api/articles/bulk/,6.7,34,0,
2026-05-16T15:16:46.871658,POST,/api/articles/bulk/,6.67,34,0,
2026-05-16T15:16:46.979060,POST,/api/articles/analyze/,4.84,58,0,
2026-05-16T15:16:47.058345,POST,/api/articles/analyze/,4.88,58,0,
2026-05-16T15:16:47.094104,GET,/api/articles/list/small/,4.81,23002,0,
2026-05-16T15:16:47.104126,GET,/api/articles/list/large/,29.24,471824,0,
2026-05-16T15:16:47.118060,POST,/api/articles/bulk/,6.61,34,0,
2026-05-16T15:16:47.143598,GET,/api/articles/list/small/,4.17,23002,0,
2026-05-16T15:16:47.191196,GET,/api/articles/list/large/,29.04,471824,0,
2026-05-16T15:16:47.231403,GET,/api/articles/list/large/,28.82,471824,0,
2026-05-16T15:16:47.298900,GET,/api/articles/list/large/,28.31,471824,0,
2026-05-16T15:16:47.369959,POST,/api/articles/bulk/,8.53,34,0,
2026-05-16T15:16:47.483300,GET,/api/articles/list/small/,5.85,23002,0,
2026-05-16T15:16:47.534409,POST,/api/articles/analyze/,4.71,58,0,
2026-05-16T15:16:47.550978,POST,/api/articles/bulk/,7.3,34,0,
2026-05-16T15:16:47.567745,GET,/api/articles/list/small/,4.39,23002,0,
2026-05-16T15:16:47.596145,POST,/api/articles/analyze/,2.63,58,0,
2026-05-16T15:16:47.601222,GET,/api/articles/list/large/,28.15,471824,0,
2026-05-16T15:16:47.621200,GET,/api/articles/list/small/,4.6,23002,0,
2026-05-16T15:16:47.622882,POST,/api/articles/analyze/,2.67,58,0,
2026-05-16T15:16:47.629080,POST,/api/articles/bulk/,6.09,34,0,
2026-05-16T15:16:47.656668,POST,/api/articles/bulk/,6.36,34,0,
2026-05-16T15:16:47.717403,GET,/api/articles/list/small/,4.37,23002,0,
2026-05-16T15:16:47.726869,POST,/api/articles/bulk/,6.09,34,0,
2026-05-16T15:16:47.775130,GET,/api/articles/list/small/,4.78,23002,0,
2026-05-16T15:16:47.787426,GET,/api/articles/list/small/,5.1,23002,0,
2026-05-16T15:16:47.810873,GET,/api/articles/list/large/,28.1,471824,0,
2026-05-16T15:16:47.874645,POST,/api/articles/analyze/,4.43,58,0,
2026-05-16T15:16:47.928670,POST,/api/articles/analyze/,4.65,58,0,
2026-05-16T15:16:47.938751,POST,/api/articles/analyze/,3.7,58,0,
2026-05-16T15:16:47.964363,GET,/api/articles/list/small/,4.29,23002,0,
2026-05-16T15:16:47.970622,POST,/api/articles/bulk/,6.15,34,0,
2026-05-16T15:16:48.017541,POST,/api/articles/bulk/,6.58,34,0,
2026-05-16T15:16:48.021640,GET,/api/articles/list/small/,3.98,23002,0,
2026-05-16T15:16:48.089035,GET,/api/articles/list/large/,29.19,471824,0,
2026-05-16T15:16:48.144282,GET,/api/articles/list/small/,5.82,23002,0,
2026-05-16T15:16:48.150695,POST,/api/articles/bulk/,6.27,34,0,
2026-05-16T15:16:48.171393,GET,/api/articles/list/small/,4.05,23002,0,
2026-05-16T15:16:48.235564,POST,/api/articles/analyze/,2.73,58,0,
2026-05-16T15:16:48.253718,GET,/api/articles/list/large/,28.93,471824,0,
2026-05-16T15:16:48.261809,GET,/api/articles/list/large/,29.42,471824,0,
2026-05-16T15:16:48.276460,POST,/api/articles/bulk/,6.31,34,0,
2026-05-16T15:16:48.318559,POST,/api/articles/bulk/,7.83,34,0,
2026-05-16T15:16:48.342092,GET,/api/articles/list/large/,29.58,471824,0,
2026-05-16T15:16:48.405914,POST,/api/articles/bulk/,11.28,34,0,
2026-05-16T15:16:48.493455,POST,/api/articles/bulk/,7.99,34,0,
2026-05-16T15:16:48.515350,GET,/api/articles/list/small/,4.06,23002,0,
2026-05-16T15:16:48.538992,GET,/api/articles/list/large/,29.18,471824,0,
2026-05-16T15:16:48.604042,GET,/api/articles/list/large/,29.55,471824,0,
2026-05-16T15:16:48.613168,POST,/api/articles/analyze/,2.81,58,0,
2026-05-16T15:16:48.616432,GET,/api/articles/list/large/,30.39,471824,0,
2026-05-16T15:16:48.621559,POST,/api/articles/bulk/,7.17,34,0,
2026-05-16T15:16:48.674366,GET,/api/articles/list/large/,28.64,471824,0,
2026-05-16T15:16:48.714870,GET,/api/articles/list/small/,4.24,23002,0,
2026-05-16T15:16:48.722995,GET,/api/articles/list/small/,3.77,23002,0,
2026-05-16T15:16:48.877317,GET,/api/articles/list/small/,7.63,23002,0,
2026-05-16T15:16:48.901136,GET,/api/articles/list/small/,5.36,23002,0,
2026-05-16T15:16:49.005586,POST,/api/articles/bulk/,11.91,34,0,
2026-05-16T15:16:49.032805,POST,/api/articles/analyze/,2.7,58,0,
2026-05-16T15:16:49.122108,POST,/api/articles/analyze/,4.88,58,0,
2026-05-16T15:16:49.139503,POST,/api/articles/bulk/,6.98,34,0,
2026-05-16T15:16:49.179311,POST,/api/articles/analyze/,2.81,58,0,
2026-05-16T15:16:49.188875,GET,/api/articles/list/large/,28.79,471824,0,
2026-05-16T15:16:49.194029,POST,/api/articles/bulk/,7.47,34,0,
2026-05-16T15:16:49.200653,GET,/api/articles/list/small/,4.3,23002,0,
2026-05-16T15:16:49.210424,POST,/api/articles/analyze/,2.42,58,0,
2026-05-16T15:16:49.216793,POST,/api/articles/bulk/,6.27,34,0,
2026-05-16T15:16:49.233245,GET,/api/articles/list/small/,4.11,23002,0,
2026-05-16T15:16:49.275495,GET,/api/articles/list/large/,33.1,471824,0,
2026-05-16T15:16:49.369004,GET,/api/articles/list/large/,29.14,471824,0,
2026-05-16T15:16:49.420796,GET,/api/articles/list/large/,29.38,471824,0,
2026-05-16T15:16:49.606196,POST,/api/articles/analyze/,6.52,58,0,
2026-05-16T15:16:49.636790,POST,/api/articles/analyze/,3.1,58,0,
2026-05-16T15:16:49.655602,POST,/api/articles/bulk/,6.49,34,0,
2026-05-16T15:16:49.663224,GET,/api/articles/list/small/,4.34,23002,0,
2026-05-16T15:16:49.706785,GET,/api/articles/list/large/,29.31,471824,0,
2026-05-16T15:16:49.733996,POST,/api/articles/analyze/,2.81,58,0,
2026-05-16T15:16:49.741660,POST,/api/articles/analyze/,2.27,58,0,
2026-05-16T15:16:49.801728,POST,/api/articles/analyze/,4.57,58,0,
2026-05-16T15:16:49.817390,GET,/api/articles/list/small/,4.36,23002,0,
2026-05-16T15:16:49.849231,POST,/api/articles/analyze/,2.63,58,0,
2026-05-16T15:16:49.938179,POST,/api/articles/analyze/,4.58,58,0,
2026-05-16T15:16:50.009382,POST,/api/articles/bulk/,11.37,34,0,
2026-05-16T15:16:50.067765,GET,/api/articles/list/small/,9.97,23002,0,
2026-05-16T15:16:50.071925,POST,/api/articles/bulk/,13.22,34,0,
2026-05-16T15:16:50.082032,POST,/api/articles/analyze/,2.66,58,0,
2026-05-16T15:16:50.181017,POST,/api/articles/analyze/,4.3,58,0,
2026-05-16T15:16:50.204341,POST,/api/articles/analyze/,2.79,58,0,
2026-05-16T15:16:50.215585,GET,/api/articles/list/large/,29.09,471824,0,
2026-05-16T15:16:50.221881,GET,/api/articles/list/large/,29.89,471824,0,
2026-05-16T15:16:50.236382,POST,/api/articles/bulk/,6.76,34,0,
2026-05-16T15:16:50.250155,GET,/api/articles/list/large/,30.32,471824,0,
2026-05-16T15:16:50.301832,GET,/api/articles/list/small/,4.27,23002,0,
2026-05-16T15:16:50.319818,POST,/api/articles/analyze/,2.76,58,0,
2026-05-16T15:16:50.400776,POST,/api/articles/analyze/,2.7,58,0,
2026-05-16T15:16:50.414671,POST,/api/articles/analyze/,4.66,58,0,
2026-05-16T15:16:50.417629,POST,/api/articles/bulk/,7.1,34,0,
2026-05-16T15:16:50.420619,GET,/api/articles/list/large/,30.24,471824,0,
2026-05-16T15:16:50.439835,POST,/api/articles/analyze/,2.96,58,0,
2026-05-16T15:16:50.445444,GET,/api/articles/list/large/,30.66,471824,0,
2026-05-16T15:16:50.453080,GET,/api/articles/list/small/,4.57,23002,0,
2026-05-16T15:16:50.454555,POST,/api/articles/bulk/,6.76,34,0,
2026-05-16T15:16:50.463102,POST,/api/articles/bulk/,6.23,34,0,
2026-05-16T15:16:50.614871,POST,/api/articles/analyze/,2.68,58,0,
2026-05-16T15:16:50.634817,GET,/api/articles/list/large/,30.95,471824,0,
2026-05-16T15:16:50.636542,GET,/api/articles/list/small/,4.42,23002,0,
2026-05-16T15:16:50.770467,GET,/api/articles/list/large/,36.66,471824,0,
2026-05-16T15:16:50.806193,POST,/api/articles/bulk/,6.47,34,0,
2026-05-16T15:16:50.848138,POST,/api/articles/bulk/,6.78,34,0,
2026-05-16T15:16:50.905868,GET,/api/articles/list/small/,7.45,23002,0,
2026-05-16T15:16:51.001678,POST,/api/articles/analyze/,5.08,58,0,
2026-05-16T15:16:51.025881,GET,/api/articles/list/large/,34.32,471824,0,
2026-05-16T15:16:51.163207,POST,/api/articles/bulk/,8.85,34,0,
2026-05-16T15:16:51.183949,GET,/api/articles/list/small/,4.25,23002,0,
2026-05-16T15:16:51.219036,GET,/api/articles/list/large/,28.89,471824,0,
2026-05-16T15:16:51.243706,GET,/api/articles/list/large/,29.56,471824,0,
2026-05-16T15:16:51.325167,GET,/api/articles/list/large/,32.07,471824,0,
2026-05-16T15:16:51.330781,GET,/api/articles/list/small/,4.17,23002,0,
2026-05-16T15:16:51.379853,POST,/api/articles/analyze/,2.75,58,0,
2026-05-16T15:16:51.416719,POST,/api/articles/bulk/,6.1,34,0,
2026-05-16T15:16:51.434981,POST,/api/articles/bulk/,10.06,34,0,
2026-05-16T15:16:51.436094,GET,/api/articles/list/large/,28.88,471824,0,
2026-05-16T15:16:51.442279,GET,/api/articles/list/large/,28.95,471824,0,
2026-05-16T15:16:51.469228,GET,/api/articles/list/small/,3.94,23002,0,
2026-05-16T15:16:51.487612,POST,/api/articles/bulk/,6.19,34,0,
2026-05-16T15:16:51.491903,GET,/api/articles/list/large/,29.24,471824,0,
2026-05-16T15:16:51.508730,POST,/api/articles/bulk/,6.59,34,0,
2026-05-16T15:16:51.591663,POST,/api/articles/bulk/,11.49,34,0,
2026-05-16T15:16:51.625102,GET,/api/articles/list/large/,33.2,471824,0,
2026-05-16T15:16:51.630555,GET,/api/articles/list/large/,30.26,471824,0,
2026-05-16T15:16:51.674134,POST,/api/articles/bulk/,11.36,34,0,
2026-05-16T15:16:51.729017,POST,/api/articles/bulk/,8.58,34,0,
2026-05-16T15:16:51.801558,POST,/api/articles/analyze/,4.89,58,0,
2026-05-16T15:16:51.872432,GET,/api/articles/list/small/,6.58,23002,0,
2026-05-16T15:16:51.912066,GET,/api/articles/list/large/,29.18,471824,0,
2026-05-16T15:16:51.967552,GET,/api/articles/list/large/,29.27,471824,0,
2026-05-16T15:16:52.070822,POST,/api/articles/bulk/,14.82,34,0,
2026-05-16T15:16:52.121970,GET,/api/articles/list/small/,5.61,23002,0,
2026-05-16T15:16:52.140553,POST,/api/articles/bulk/,6.32,34,0,
2026-05-16T15:16:52.302092,GET,/api/articles/list/large/,34.8,471824,0,
2026-05-16T15:16:52.312174,POST,/api/articles/analyze/,2.71,58,0,
2026-05-16T15:16:52.475769,POST,/api/articles/analyze/,4.8,58,0,
2026-05-16T15:16:52.559906,GET,/api/articles/list/small/,7.57,23002,0,
2026-05-16T15:16:52.561607,GET,/api/articles/list/small/,5.58,23002,0,
2026-05-16T15:16:52.626984,GET,/api/articles/list/small/,4.15,23002,0,
2026-05-16T15:16:52.640463,GET,/api/articles/list/small/,4.28,23002,0,
2026-05-16T15:16:52.641604,GET,/api/articles/list/large/,29.28,471824,0,
2026-05-16T15:16:52.726537,POST,/api/articles/analyze/,5.5,58,0,
2026-05-16T15:16:52.760009,GET,/api/articles/list/large/,29.04,471824,0,
2026-05-16T15:16:52.780301,POST,/api/articles/analyze/,3.01,58,0,
2026-05-16T15:16:52.823533,GET,/api/articles/list/large/,30.89,471824,0,
2026-05-16T15:16:52.839892,GET,/api/articles/list/large/,29.83,471824,0,
2026-05-16T15:16:52.840307,POST,/api/articles/analyze/,3.55,58,0,
2026-05-16T15:16:52.865013,POST,/api/articles/bulk/,6.36,34,0,
2026-05-16T15:16:52.878705,POST,/api/articles/bulk/,6.48,34,0,
2026-05-16T15:16:52.880271,GET,/api/articles/list/small/,4.25,23002,0,
2026-05-16T15:16:52.890720,GET,/api/articles/list/large/,29.25,471824,0,
2026-05-16T15:16:52.903269,POST,/api/articles/bulk/,6.21,34,0,
2026-05-16T15:16:52.912143,POST,/api/articles/analyze/,2.52,58,0,
2026-05-16T15:16:52.961872,GET,/api/articles/list/large/,28.42,471824,0,
2026-05-16T15:16:53.016827,GET,/api/articles/list/small/,6.25,23002,0,
2026-05-16T15:16:53.091903,GET,/api/articles/list/large/,28.86,471824,0,
2026-05-16T15:16:53.104906,POST,/api/articles/analyze/,2.75,58,0,
2026-05-16T15:16:53.143380,POST,/api/articles/analyze/,3.15,58,0,
2026-05-16T15:16:53.188276,GET,/api/articles/list/small/,4.38,23002,0,
2026-05-16T15:16:53.262710,POST,/api/articles/analyze/,3.74,58,0,
2026-05-16T15:16:53.294856,POST,/api/articles/analyze/,3.72,58,0,
2026-05-16T15:16:53.310859,POST,/api/articles/analyze/,2.76,58,0,
2026-05-16T15:16:53.317321,POST,/api/articles/analyze/,3.3,58,0,
2026-05-16T15:16:53.319505,GET,/api/articles/list/small/,4.31,23002,0,
2026-05-16T15:16:53.323189,GET,/api/articles/list/large/,31.49,471824,0,
2026-05-16T15:16:53.353031,POST,/api/articles/bulk/,6.43,34,0,
2026-05-16T15:16:53.473286,POST,/api/articles/analyze/,2.95,58,0,
2026-05-16T15:16:53.489137,POST,/api/articles/bulk/,6.59,34,0,
2026-05-16T15:16:53.500050,GET,/api/articles/list/large/,30.28,471824,0,
2026-05-16T15:16:53.514054,POST,/api/articles/bulk/,6.45,34,0,
2026-05-16T15:16:53.518201,GET,/api/articles/list/large/,29.9,471824,0,
2026-05-16T15:16:53.528771,GET,/api/articles/list/large/,30.59,471824,0,
2026-05-16T15:16:53.529236,POST,/api/articles/bulk/,7.82,34,0,
2026-05-16T15:16:53.577588,POST,/api/articles/analyze/,2.81,58,0,
2026-05-16T15:16:53.698020,GET,/api/articles/list/large/,53.07,471824,0,
2026-05-16T15:16:53.806013,GET,/api/articles/list/large/,30.44,471824,0,
2026-05-16T15:16:53.905538,POST,/api/articles/analyze/,8.07,58,0,
2026-05-16T15:16:53.910066,POST,/api/articles/analyze/,3.09,58,0,
2026-05-16T15:16:53.918251,POST,/api/articles/bulk/,5.87,34,0,
2026-05-16T15:16:53.969418,GET,/api/articles/list/small/,8.9,23002,0,
2026-05-16T15:16:53.972608,POST,/api/articles/bulk/,10.22,34,0,
2026-05-16T15:16:54.042484,GET,/api/articles/list/large/,28.44,471824,0,
2026-05-16T15:16:54.053252,POST,/api/articles/bulk/,6.47,34,0,
2026-05-16T15:16:54.082069,GET,/api/articles/list/small/,4.61,23002,0,
2026-05-16T15:16:54.106009,POST,/api/articles/bulk/,6.17,34,0,
2026-05-16T15:16:54.121693,GET,/api/articles/list/large/,28.31,471824,0,
2026-05-16T15:16:54.244470,GET,/api/articles/list/large/,30.34,471824,0,
2026-05-16T15:16:54.315397,POST,/api/articles/bulk/,7.63,34,0,
2026-05-16T15:16:54.333116,GET,/api/articles/list/small/,4.42,23002,0,
2026-05-16T15:16:54.347388,GET,/api/articles/list/small/,4.11,23002,0,
2026-05-16T15:16:54.396093,POST,/api/articles/analyze/,3.25,58,0,
2026-05-16T15:16:54.520470,GET,/api/articles/list/large/,33.92,471824,0,
2026-05-16T15:16:54.538666,POST,/api/articles/analyze/,2.81,58,0,
2026-05-16T15:16:54.556681,POST,/api/articles/bulk/,6.75,34,0,
2026-05-16T15:16:54.581467,GET,/api/articles/list/large/,28.77,471824,0,
2026-05-16T15:16:54.584673,GET,/api/articles/list/large/,28.91,471824,0,
2026-05-16T15:16:54.673248,POST,/api/articles/bulk/,10.15,34,0,
2026-05-16T15:16:54.683266,POST,/api/articles/analyze/,2.8,58,0,
2026-05-16T15:16:54.735134,GET,/api/articles/list/small/,4.49,23002,0,
2026-05-16T15:16:54.751511,GET,/api/articles/list/small/,4.03,23002,0,
2026-05-16T15:16:54.756353,POST,/api/articles/analyze/,2.53,58,0,
2026-05-16T15:16:54.780229,POST,/api/articles/analyze/,2.71,58,0,
2026-05-16T15:16:54.938021,GET,/api/articles/list/small/,8.29,23002,0,
2026-05-16T15:16:54.938629,GET,/api/articles/list/small/,6.17,23002,0,
2026-05-16T15:16:54.967250,POST,/api/articles/bulk/,6.32,34,0,
2026-05-16T15:16:54.989714,GET,/api/articles/list/large/,29.76,471824,0,
2026-05-16T15:16:54.993538,GET,/api/articles/list/large/,29.86,471824,0,
2026-05-16T15:16:55.003372,POST,/api/articles/bulk/,6.52,34,0,
2026-05-16T15:16:55.029961,GET,/api/articles/list/small/,4.24,23002,0,
2026-05-16T15:16:55.079088,POST,/api/articles/analyze/,4.37,58,0,
2026-05-16T15:16:55.096620,GET,/api/articles/list/small/,4.28,23002,0,
2026-05-16T15:16:55.111478,GET,/api/articles/list/large/,42.23,471824,0,
2026-05-16T15:16:55.157490,GET,/api/articles/list/large/,28.66,471824,0,
2026-05-16T15:16:55.266741,POST,/api/articles/analyze/,2.97,58,0,
2026-05-16T15:16:55.275986,GET,/api/articles/list/small/,3.89,23002,0,
2026-05-16T15:16:55.279861,POST,/api/articles/analyze/,2.5,58,0,
2026-05-16T15:16:55.467975,POST,/api/articles/analyze/,4.29,58,0,
2026-05-16T15:16:55.477761,POST,/api/articles/analyze/,3.98,58,0,
2026-05-16T15:16:55.478270,POST,/api/articles/analyze/,4.93,58,0,
2026-05-16T15:16:55.494873,GET,/api/articles/list/small/,4.26,23002,0,
2026-05-16T15:16:55.518341,GET,/api/articles/list/small/,4.27,23002,0,
2026-05-16T15:16:55.564135,POST,/api/articles/analyze/,4.47,58,0,
2026-05-16T15:16:55.580858,POST,/api/articles/bulk/,6.29,34,0,
2026-05-16T15:16:55.625324,POST,/api/articles/analyze/,2.58,58,0,
2026-05-16T15:16:55.639216,GET,/api/articles/list/large/,29.07,471824,0,
2026-05-16T15:16:55.648031,POST,/api/articles/analyze/,2.52,58,0,
2026-05-16T15:16:55.763384,POST,/api/articles/bulk/,11.93,34,0,
2026-05-16T15:16:55.767456,GET,/api/articles/list/small/,5.23,23002,0,
2026-05-16T15:16:55.772432,POST,/api/articles/analyze/,2.62,58,0,
2026-05-16T15:16:55.810245,GET,/api/articles/list/large/,28.43,471824,0,
2026-05-16T15:16:55.834934,POST,/api/articles/bulk/,6.28,34,0,
2026-05-16T15:16:55.900841,GET,/api/articles/list/small/,4.02,23002,0,
2026-05-16T15:16:55.917578,POST,/api/articles/bulk/,6.48,34,0,
2026-05-16T15:16:55.919392,GET,/api/articles/list/large/,29.18,471824,0,
2026-05-16T15:16:55.952122,POST,/api/articles/bulk/,6.45,34,0,
2026-05-16T15:16:55.978547,POST,/api/articles/bulk/,6.08,34,0,
2026-05-16T15:16:56.002665,POST,/api/articles/analyze/,3.0,58,0,
2026-05-16T15:16:56.024565,GET,/api/articles/list/large/,29.34,471824,0,
2026-05-16T15:16:56.048672,POST,/api/articles/analyze/,2.82,58,0,
2026-05-16T15:16:56.115775,GET,/api/articles/list/large/,28.75,471824,0,
2026-05-16T15:16:56.231028,GET,/api/articles/list/small/,7.33,23002,0,
2026-05-16T15:16:56.271884,GET,/api/articles/list/large/,27.55,471824,0,
2026-05-16T15:16:56.331606,POST,/api/articles/analyze/,5.36,58,0,
2026-05-16T15:16:56.332371,POST,/api/articles/analyze/,4.33,58,0,
2026-05-16T15:16:56.370963,GET,/api/articles/list/large/,28.23,471824,0,
2026-05-16T15:16:56.390834,GET,/api/articles/list/small/,4.18,23002,0,
2026-05-16T15:16:56.412322,GET,/api/articles/list/small/,4.16,23002,0,
2026-05-16T15:16:56.453988,GET,/api/articles/list/large/,28.39,471824,0,
2026-05-16T15:16:56.582272,POST,/api/articles/analyze/,4.81,58,0,
2026-05-16T15:16:56.593314,GET,/api/articles/list/small/,4.42,23002,0,
2026-05-16T15:16:56.598363,POST,/api/articles/bulk/,6.83,34,0,
2026-05-16T15:16:56.640957,GET,/api/articles/list/small/,3.98,23002,0,
2026-05-16T15:16:56.642540,POST,/api/articles/bulk/,6.85,34,0,
2026-05-16T15:16:56.675926,GET,/api/articles/list/large/,28.09,471824,0,
2026-05-16T15:16:56.732167,GET,/api/articles/list/large/,28.97,471824,0,
2026-05-16T15:16:56.789867,POST,/api/articles/bulk/,11.33,34,0,
2026-05-16T15:16:56.790905,POST,/api/articles/analyze/,4.26,58,0,
2026-05-16T15:16:56.807149,GET,/api/articles/list/small/,4.47,23002,0,
2026-05-16T15:16:56.829883,GET,/api/articles/list/large/,29.69,471824,0,
2026-05-16T15:16:56.830383,POST,/api/articles/analyze/,5.07,58,0,
2026-05-16T15:16:56.926872,POST,/api/articles/analyze/,6.7,58,0,
2026-05-16T15:16:56.929735,GET,/api/articles/list/small/,11.01,23002,0,
2026-05-16T15:16:56.930406,POST,/api/articles/analyze/,5.19,58,0,
2026-05-16T15:16:57.165125,GET,/api/articles/list/small/,8.0,23002,0,
2026-05-16T15:16:57.173987,POST,/api/articles/analyze/,2.49,58,0,
2026-05-16T15:16:57.187465,GET,/api/articles/list/small/,4.12,23002,0,
2026-05-16T15:16:57.266683,GET,/api/articles/list/large/,33.6,471824,0,
2026-05-16T15:16:57.276882,GET,/api/articles/list/small/,4.8,23002,0,
2026-05-16T15:16:57.302025,GET,/api/articles/list/large/,28.81,471824,0,
2026-05-16T15:16:57.347230,GET,/api/articles/list/small/,7.85,23002,0,
2026-05-16T15:16:57.383253,POST,/api/articles/analyze/,3.7,58,0,
2026-05-16T15:16:57.440184,POST,/api/articles/analyze/,4.36,58,0,
2026-05-16T15:16:57.464340,GET,/api/articles/list/small/,4.32,23002,0,
2026-05-16T15:16:57.480994,GET,/api/articles/list/large/,29.41,471824,0,
2026-05-16T15:16:57.489524,GET,/api/articles/list/small/,4.2,23002,0,
2026-05-16T15:16:57.583163,GET,/api/articles/list/small/,7.4,23002,0,
2026-05-16T15:16:57.656442,GET,/api/articles/list/large/,32.46,471824,0,
2026-05-16T15:16:57.658761,POST,/api/articles/bulk/,6.34,34,0,
2026-05-16T15:16:57.680304,GET,/api/articles/list/large/,32.55,471824,0,
2026-05-16T15:16:57.808368,GET,/api/articles/list/small/,4.58,23002,0,
2026-05-16T15:16:57.850833,GET,/api/articles/list/large/,28.08,471824,0,
2026-05-16T15:16:57.861536,POST,/api/articles/bulk/,6.34,34,0,
2026-05-16T15:16:57.897408,POST,/api/articles/analyze/,3.51,58,0,
2026-05-16T15:16:57.934774,GET,/api/articles/list/small/,7.11,23002,0,
2026-05-16T15:16:58.036126,POST,/api/articles/analyze/,3.76,58,0,
2026-05-16T15:16:58.067658,POST,/api/articles/bulk/,6.2,34,0,
2026-05-16T15:16:58.097439,GET,/api/articles/list/large/,28.42,471824,0,
2026-05-16T15:16:58.162426,GET,/api/articles/list/small/,4.62,23002,0,
2026-05-16T15:16:58.239776,POST,/api/articles/bulk/,9.63,34,0,
2026-05-16T15:16:58.353782,GET,/api/articles/list/large/,33.57,471824,0,
2026-05-16T15:16:58.364503,GET,/api/articles/list/small/,4.35,23002,0,
2026-05-16T15:16:58.488368,GET,/api/articles/list/small/,7.22,23002,0,
2026-05-16T15:16:58.528091,GET,/api/articles/list/small/,7.44,23002,0,
2026-05-16T15:16:58.643360,GET,/api/articles/list/small/,6.55,23002,0,
2026-05-16T15:16:58.674363,POST,/api/articles/analyze/,2.77,58,0,
2026-05-16T15:16:58.688145,POST,/api/articles/analyze/,2.5,58,0,
2026-05-16T15:16:58.720380,POST,/api/articles/bulk/,7.09,34,0,
2026-05-16T15:16:58.739283,POST,/api/articles/analyze/,2.58,58,0,
2026-05-16T15:16:58.752874,POST,/api/articles/analyze/,3.3,58,0,
2026-05-16T15:16:58.760078,GET,/api/articles/list/small/,3.97,23002,0,
2026-05-16T15:16:58.779454,GET,/api/articles/list/large/,29.36,471824,0,
2026-05-16T15:16:58.799162,POST,/api/articles/bulk/,7.32,34,0,
2026-05-16T15:16:58.862476,GET,/api/articles/list/small/,5.0,23002,0,
2026-05-16T15:16:58.871067,POST,/api/articles/analyze/,2.42,58,0,
2026-05-16T15:16:58.878354,POST,/api/articles/bulk/,6.08,34,0,
2026-05-16T15:16:58.879817,GET,/api/articles/list/small/,3.91,23002,0,
2026-05-16T15:16:58.887016,GET,/api/articles/list/large/,28.94,471824,0,
2026-05-16T15:16:58.922981,GET,/api/articles/list/large/,28.74,471824,0,
2026-05-16T15:16:59.019255,POST,/api/articles/bulk/,12.67,34,0,
2026-05-16T15:16:59.041753,GET,/api/articles/list/large/,33.66,471824,0,
2026-05-16T15:16:59.060973,GET,/api/articles/list/large/,28.46,471824,0,
2026-05-16T15:16:59.091611,GET,/api/articles/list/small/,4.26,23002,0,
2026-05-16T15:16:59.113713,POST,/api/articles/analyze/,2.83,58,0,
2026-05-16T15:16:59.117379,POST,/api/articles/analyze/,2.31,58,0,
2026-05-16T15:16:59.302047,GET,/api/articles/list/small/,4.46,23002,0,
2026-05-16T15:16:59.311917,POST,/api/articles/bulk/,6.54,34,0,
2026-05-16T15:16:59.347447,POST,/api/articles/analyze/,3.35,58,0,
2026-05-16T15:16:59.372436,POST,/api/articles/analyze/,2.7,58,0,
2026-05-16T15:16:59.435408,GET,/api/articles/list/small/,7.36,23002,0,
2026-05-16T15:16:59.457844,POST,/api/articles/bulk/,7.02,34,0,
2026-05-16T15:16:59.459574,POST,/api/articles/bulk/,6.71,34,0,
2026-05-16T15:16:59.484186,GET,/api/articles/list/large/,29.58,471824,0,
2026-05-16T15:16:59.495986,POST,/api/articles/analyze/,3.09,58,0,
2026-05-16T15:16:59.496373,POST,/api/articles/analyze/,2.45,58,0,
2026-05-16T15:16:59.504220,POST,/api/articles/analyze/,2.71,58,0,
2026-05-16T15:16:59.513625,GET,/api/articles/list/large/,29.27,471824,0,
2026-05-16T15:16:59.516463,GET,/api/articles/list/large/,34.61,471824,0,
2026-05-16T15:16:59.708305,POST,/api/articles/analyze/,3.11,58,0,
2026-05-16T15:16:59.739510,POST,/api/articles/bulk/,6.84,34,0,
2026-05-16T15:16:59.762581,POST,/api/articles/bulk/,6.8,34,0,
2026-05-16T15:16:59.820284,GET,/api/articles/list/small/,4.12,23002,0,
2026-05-16T15:16:59.918009,GET,/api/articles/list/small/,7.42,23002,0,
2026-05-16T15:16:59.938053,GET,/api/articles/list/small/,4.27,23002,0,
2026-05-16T15:16:59.949893,GET,/api/articles/list/large/,28.61,471824,0,
2026-05-16T15:17:00.045113,POST,/api/articles/bulk/,7.56,34,0,
2026-05-16T15:17:00.096000,GET,/api/articles/list/small/,4.46,23002,0,
2026-05-16T15:17:00.163827,POST,/api/articles/bulk/,6.6,34,0,
2026-05-16T15:17:00.176773,GET,/api/articles/list/large/,35.64,471824,0,
2026-05-16T15:17:00.178936,GET,/api/articles/list/large/,38.64,471824,0,
2026-05-16T15:17:00.184105,POST,/api/articles/bulk/,7.2,34,0,
2026-05-16T15:17:00.313755,POST,/api/articles/analyze/,3.05,58,0,
2026-05-16T15:17:00.377504,GET,/api/articles/list/large/,29.43,471824,0,
2026-05-16T15:17:00.457861,POST,/api/articles/analyze/,2.65,58,0,
2026-05-16T15:17:00.479869,POST,/api/articles/bulk/,7.74,34,0,
2026-05-16T15:17:00.511839,GET,/api/articles/list/large/,28.73,471824,0,
2026-05-16T15:17:00.528316,GET,/api/articles/list/small/,4.25,23002,0,
2026-05-16T15:17:00.570317,GET,/api/articles/list/large/,28.71,471824,0,
2026-05-16T15:17:00.648696,GET,/api/articles/list/small/,7.8,23002,0,
2026-05-16T15:17:00.649485,POST,/api/articles/analyze/,4.84,58,0,
2026-05-16T15:17:00.661097,POST,/api/articles/bulk/,6.18,34,0,
2026-05-16T15:17:00.669762,POST,/api/articles/bulk/,6.31,34,0,
2026-05-16T15:17:00.740730,GET,/api/articles/list/small/,4.58,23002,0,
2026-05-16T15:17:00.752259,GET,/api/articles/list/small/,4.29,23002,0,
2026-05-16T15:17:00.954170,GET,/api/articles/list/small/,7.49,23002,0,
2026-05-16T15:17:01.052429,GET,/api/articles/list/small/,7.76,23002,0,
2026-05-16T15:17:01.064348,GET,/api/articles/list/small/,4.62,23002,0,
2026-05-16T15:17:01.076837,GET,/api/articles/list/large/,31.31,471824,0,
2026-05-16T15:17:01.138984,POST,/api/articles/analyze/,5.76,58,0,
2026-05-16T15:17:01.167669,GET,/api/articles/list/large/,30.42,471824,0,
2026-05-16T15:17:01.174104,POST,/api/articles/bulk/,6.31,34,0,
2026-05-16T15:17:01.271794,POST,/api/articles/bulk/,8.14,34,0,
2026-05-16T15:17:01.286776,POST,/api/articles/analyze/,2.73,58,0,
2026-05-16T15:17:01.300814,POST,/api/articles/analyze/,2.67,58,0,
2026-05-16T15:17:01.354423,GET,/api/articles/list/large/,29.4,471824,0,
2026-05-16T15:17:01.362329,POST,/api/articles/bulk/,6.56,34,0,
2026-05-16T15:17:01.420099,GET,/api/articles/list/large/,29.41,471824,0,
2026-05-16T15:17:01.438330,POST,/api/articles/analyze/,2.88,58,0,
2026-05-16T15:17:01.447183,POST,/api/articles/analyze/,2.54,58,0,
2026-05-16T15:17:01.468391,POST,/api/articles/analyze/,2.87,58,0,
2026-05-16T15:17:01.499418,GET,/api/articles/list/small/,4.13,23002,0,
2026-05-16T15:17:01.517172,GET,/api/articles/list/large/,28.45,471824,0,
2026-05-16T15:17:01.540892,POST,/api/articles/bulk/,6.36,34,0,
2026-05-16T15:17:01.757513,POST,/api/articles/bulk/,14.88,34,0,
2026-05-16T15:17:01.798839,POST,/api/articles/bulk/,7.09,34,0,
2026-05-16T15:17:01.805883,POST,/api/articles/bulk/,8.18,34,0,
2026-05-16T15:17:01.811867,POST,/api/articles/bulk/,7.72,34,0,
2026-05-16T15:17:01.818578,POST,/api/articles/bulk/,6.6,34,0,
2026-05-16T15:17:01.846841,GET,/api/articles/list/large/,32.0,471824,0,
2026-05-16T15:17:01.872441,GET,/api/articles/list/small/,4.24,23002,0,
2026-05-16T15:17:01.923369,POST,/api/articles/analyze/,2.83,58,0,
2026-05-16T15:17:01.925073,GET,/api/articles/list/small/,5.01,23002,0,
2026-05-16T15:17:01.942236,GET,/api/articles/list/small/,5.87,23002,0,
2026-05-16T15:17:01.984199,GET,/api/articles/list/large/,76.51,471824,0,
2026-05-16T15:17:02.069158,POST,/api/articles/bulk/,12.38,34,0,
2026-05-16T15:17:02.201700,GET,/api/articles/list/large/,35.03,471824,0,
2026-05-16T15:17:02.202328,POST,/api/articles/bulk/,8.09,34,0,
2026-05-16T15:17:02.202696,POST,/api/articles/analyze/,3.48,58,0,
2026-05-16T15:17:02.294070,POST,/api/articles/analyze/,4.66,58,0,
2026-05-16T15:17:02.300501,POST,/api/articles/bulk/,10.39,34,0,
2026-05-16T15:17:02.325528,POST,/api/articles/analyze/,2.7,58,0,
2026-05-16T15:17:02.347055,GET,/api/articles/list/small/,4.21,23002,0,
2026-05-16T15:17:02.366537,GET,/api/articles/list/small/,4.23,23002,0,
2026-05-16T15:17:02.456042,GET,/api/articles/list/large/,32.97,471824,0,
2026-05-16T15:17:02.478774,POST,/api/articles/bulk/,6.38,34,0,
2026-05-16T15:17:02.589301,GET,/api/articles/list/small/,8.44,23002,0,
2026-05-16T15:17:02.610129,GET,/api/articles/list/small/,4.51,23002,0,
2026-05-16T15:17:02.612362,GET,/api/articles/list/large/,36.16,471824,0,
2026-05-16T15:17:02.644508,POST,/api/articles/bulk/,6.85,34,0,
2026-05-16T15:17:02.782488,POST,/api/articles/bulk/,10.52,34,0,
2026-05-16T15:17:02.783744,GET,/api/articles/list/small/,5.32,23002,0,
2026-05-16T15:17:02.797230,POST,/api/articles/analyze/,3.06,58,0,
2026-05-16T15:17:02.847166,GET,/api/articles/list/small/,4.44,23002,0,
2026-05-16T15:17:02.929763,GET,/api/articles/list/small/,7.25,23002,0,
2026-05-16T15:17:02.946883,POST,/api/articles/analyze/,2.73,58,0,
2026-05-16T15:17:02.992977,POST,/api/articles/bulk/,6.88,34,0,
2026-05-16T15:17:03.065160,POST,/api/articles/bulk/,9.6,34,0,
2026-05-16T15:17:03.092499,GET,/api/articles/list/large/,29.6,471824,0,
2026-05-16T15:17:03.095403,POST,/api/articles/analyze/,2.75,58,0,
2026-05-16T15:17:03.106840,POST,/api/articles/bulk/,6.11,34,0,
2026-05-16T15:17:03.121448,POST,/api/articles/bulk/,6.27,34,0,
2026-05-16T15:17:03.149981,GET,/api/articles/list/small/,4.22,23002,0,
2026-05-16T15:17:03.186399,POST,/api/articles/bulk/,6.17,34,0,
2026-05-16T15:17:03.218577,POST,/api/articles/bulk/,11.08,34,0,
2026-05-16T15:17:03.246956,GET,/api/articles/list/large/,40.27,471824,0,
2026-05-16T15:17:03.314280,POST,/api/articles/analyze/,4.26,58,0,
2026-05-16T15:17:03.339134,GET,/api/articles/list/large/,34.02,471824,0,
2026-05-16T15:17:03.357972,POST,/api/articles/bulk/,6.4,34,0,
2026-05-16T15:17:03.403591,GET,/api/articles/list/small/,7.34,23002,0,
2026-05-16T15:17:03.414611,POST,/api/articles/analyze/,2.61,58,0,
2026-05-16T15:17:03.428593,POST,/api/articles/analyze/,2.69,58,0,
2026-05-16T15:17:03.482178,POST,/api/articles/bulk/,6.38,34,0,
2026-05-16T15:17:03.504629,GET,/api/articles/list/small/,4.13,23002,0,
2026-05-16T15:17:03.555139,GET,/api/articles/list/large/,29.17,471824,0,
2026-05-16T15:17:03.558056,POST,/api/articles/bulk/,6.57,34,0,
2026-05-16T15:17:03.601077,GET,/api/articles/list/large/,28.65,471824,0,
2026-05-16T15:17:03.644331,POST,/api/articles/bulk/,6.62,34,0,
2026-05-16T15:17:03.649282,POST,/api/articles/bulk/,6.48,34,0,
2026-05-16T15:17:03.726585,GET,/api/articles/list/large/,29.09,471824,0,
2026-05-16T15:17:03.881443,POST,/api/articles/analyze/,7.21,58,0,
2026-05-16T15:17:03.894987,GET,/api/articles/list/small/,4.16,23002,0,
2026-05-16T15:17:03.903645,POST,/api/articles/bulk/,6.43,34,0,
2026-05-16T15:17:03.911548,GET,/api/articles/list/large/,29.85,471824,0,
2026-05-16T15:17:03.939362,POST,/api/articles/bulk/,6.48,34,0,
2026-05-16T15:17:04.020816,GET,/api/articles/list/large/,30.21,471824,0,
2026-05-16T15:17:04.052558,GET,/api/articles/list/large/,33.55,471824,0,
2026-05-16T15:17:04.103280,GET,/api/articles/list/small/,7.44,23002,0,
2026-05-16T15:17:04.156076,GET,/api/articles/list/large/,29.96,471824,0,
2026-05-16T15:17:04.159097,POST,/api/articles/bulk/,8.43,34,0,
2026-05-16T15:17:04.175363,POST,/api/articles/bulk/,6.94,34,0,
2026-05-16T15:17:04.188092,GET,/api/articles/list/large/,30.73,471824,0,
2026-05-16T15:17:04.189848,GET,/api/articles/list/large/,31.87,471824,0,
2026-05-16T15:17:04.191158,GET,/api/articles/list/large/,80.52,471824,0,
2026-05-16T15:17:04.205525,GET,/api/articles/list/small/,4.06,23002,0,
2026-05-16T15:17:04.294332,GET,/api/articles/list/large/,32.15,471824,0,
2026-05-16T15:17:04.317149,POST,/api/articles/bulk/,6.42,34,0,
2026-05-16T15:17:04.362802,GET,/api/articles/list/small/,7.41,23002,0,
2026-05-16T15:17:04.414382,POST,/api/articles/analyze/,2.77,58,0,
2026-05-16T15:17:04.419732,GET,/api/articles/list/large/,28.68,471824,0,
2026-05-16T15:17:04.492008,POST,/api/articles/bulk/,11.9,34,0,
2026-05-16T15:17:04.567425,GET,/api/articles/list/large/,33.09,471824,0,
2026-05-16T15:17:04.606141,GET,/api/articles/list/large/,28.3,471824,0,
2026-05-16T15:17:04.742531,POST,/api/articles/analyze/,4.67,58,0,
2026-05-16T15:17:04.779578,GET,/api/articles/list/large/,28.74,471824,0,
2026-05-16T15:17:04.900921,GET,/api/articles/list/small/,9.69,23002,0,
2026-05-16T15:17:04.954888,POST,/api/articles/bulk/,6.45,34,0,
2026-05-16T15:17:04.989747,POST,/api/articles/bulk/,6.48,34,0,
2026-05-16T15:17:05.046923,GET,/api/articles/list/large/,29.92,471824,0,
2026-05-16T15:17:05.053555,GET,/api/articles/list/large/,34.86,471824,0,
2026-05-16T15:17:05.104354,POST,/api/articles/analyze/,4.49,58,0,
2026-05-16T15:17:05.127069,POST,/api/articles/bulk/,6.3,34,0,
2026-05-16T15:17:05.168730,GET,/api/articles/list/small/,7.39,23002,0,
2026-05-16T15:17:05.206210,POST,/api/articles/analyze/,3.25,58,0,
2026-05-16T15:17:05.263060,POST,/api/articles/analyze/,2.67,58,0,
2026-05-16T15:17:05.305367,GET,/api/articles/list/large/,29.05,471824,0,
2026-05-16T15:17:05.337836,GET,/api/articles/list/large/,79.08,471824,0,
2026-05-16T15:17:05.408292,GET,/api/articles/list/large/,29.19,471824,0,
2026-05-16T15:17:05.418413,POST,/api/articles/bulk/,6.72,34,0,
2026-05-16T15:17:05.560539,POST,/api/articles/bulk/,7.4,34,0,
2026-05-16T15:17:05.729656,GET,/api/articles/list/large/,78.32,471824,0,
2026-05-16T15:17:05.762565,GET,/api/articles/list/small/,4.5,23002,0,
2026-05-16T15:17:05.805560,POST,/api/articles/bulk/,7.7,34,0,
2026-05-16T15:17:05.833444,POST,/api/articles/bulk/,11.53,34,0,
2026-05-16T15:17:05.860846,GET,/api/articles/list/large/,33.55,471824,0,
2026-05-16T15:17:05.904583,GET,/api/articles/list/small/,4.36,23002,0,
2026-05-16T15:17:05.913288,POST,/api/articles/analyze/,2.35,58,0,
2026-05-16T15:17:06.021234,POST,/api/articles/analyze/,4.61,58,0,
2026-05-16T15:17:06.051389,GET,/api/articles/list/small/,4.47,23002,0,
2026-05-16T15:17:06.072923,GET,/api/articles/list/small/,4.2,23002,0,
2026-05-16T15:17:06.117607,GET,/api/articles/list/small/,4.5,23002,0,
2026-05-16T15:17:06.144614,GET,/api/articles/list/large/,28.78,471824,0,
2026-05-16T15:17:06.181190,POST,/api/articles/bulk/,11.31,34,0,
2026-05-16T15:17:06.226086,GET,/api/articles/list/large/,28.57,471824,0,
2026-05-16T15:17:06.268580,GET,/api/articles/list/small/,4.28,23002,0,
2026-05-16T15:17:06.279324,POST,/api/articles/analyze/,2.42,58,0,
2026-05-16T15:17:06.301837,GET,/api/articles/list/small/,4.19,23002,0,
2026-05-16T15:17:06.314100,POST,/api/articles/analyze/,2.8,58,0,
2026-05-16T15:17:06.368061,GET,/api/articles/list/large/,28.59,471824,0,
2026-05-16T15:17:06.420328,GET,/api/articles/list/large/,28.88,471824,0,
2026-05-16T15:17:06.438437,GET,/api/articles/list/large/,29.42,471824,0,
2026-05-16T15:17:06.453592,POST,/api/articles/analyze/,2.79,58,0,
2026-05-16T15:17:06.527257,POST,/api/articles/analyze/,4.93,58,0,
2026-05-16T15:17:06.533632,POST,/api/articles/bulk/,12.72,34,0,
2026-05-16T15:17:06.559189,GET,/api/articles/list/small/,4.17,23002,0,
2026-05-16T15:17:06.650437,POST,/api/articles/analyze/,4.8,58,0,
2026-05-16T15:17:06.684805,GET,/api/articles/list/small/,4.03,23002,0,
2026-05-16T15:17:06.739049,GET,/api/articles/list/small/,4.34,23002,0,
2026-05-16T15:17:06.760657,GET,/api/articles/list/large/,31.51,471824,0,
2026-05-16T15:17:06.810982,POST,/api/articles/analyze/,2.92,58,0,
2026-05-16T15:17:06.830672,POST,/api/articles/analyze/,4.46,58,0,
2026-05-16T15:17:06.908881,GET,/api/articles/list/small/,7.92,23002,0,
2026-05-16T15:17:06.960804,GET,/api/articles/list/small/,5.56,23002,0,
2026-05-16T15:17:06.974589,POST,/api/articles/bulk/,6.4,34,0,
2026-05-16T15:17:07.012635,GET,/api/articles/list/small/,4.78,23002,0,
2026-05-16T15:17:07.043621,GET,/api/articles/list/large/,33.04,471824,0,
2026-05-16T15:17:07.094141,POST,/api/articles/bulk/,7.21,34,0,
2026-05-16T15:17:07.123075,POST,/api/articles/analyze/,2.65,58,0,
2026-05-16T15:17:07.129217,GET,/api/articles/list/small/,3.8,23002,0,
2026-05-16T15:17:07.135926,POST,/api/articles/analyze/,2.39,58,0,
2026-05-16T15:17:07.226728,POST,/api/articles/bulk/,13.43,34,0,
2026-05-16T15:17:07.241664,GET,/api/articles/list/small/,4.26,23002,0,
2026-05-16T15:17:07.254723,POST,/api/articles/bulk/,6.71,34,0,
2026-05-16T15:17:07.348515,GET,/api/articles/list/small/,4.57,23002,0,
2026-05-16T15:17:07.390375,GET,/api/articles/list/small/,4.37,23002,0,
2026-05-16T15:17:07.398648,GET,/api/articles/list/large/,30.75,471824,0,
2026-05-16T15:17:07.515792,GET,/api/articles/list/large/,35.47,471824,0,
2026-05-16T15:17:07.576497,POST,/api/articles/bulk/,9.3,34,0,
2026-05-16T15:17:07.589110,GET,/api/articles/list/small/,4.24,23002,0,
2026-05-16T15:17:07.630234,POST,/api/articles/analyze/,2.88,58,0,
2026-05-16T15:17:07.653999,POST,/api/articles/bulk/,6.38,34,0,
2026-05-16T15:17:07.723065,GET,/api/articles/list/large/,33.79,471824,0,
2026-05-16T15:17:07.794130,GET,/api/articles/list/small/,7.65,23002,0,
2026-05-16T15:17:07.966366,POST,/api/articles/bulk/,14.19,34,0,
2026-05-16T15:17:07.990818,GET,/api/articles/list/large/,35.85,471824,0,
2026-05-16T15:17:08.013376,GET,/api/articles/list/large/,30.64,471824,0,
2026-05-16T15:17:08.033320,POST,/api/articles/analyze/,3.55,58,0,
2026-05-16T15:17:08.087055,POST,/api/articles/analyze/,4.34,58,0,
2026-05-16T15:17:08.091141,GET,/api/articles/list/small/,5.12,23002,0,
2026-05-16T15:17:08.115001,POST,/api/articles/bulk/,6.46,34,0,
2026-05-16T15:17:08.115843,POST,/api/articles/analyze/,3.33,58,0,
2026-05-16T15:17:08.125312,POST,/api/articles/bulk/,6.68,34,0,
2026-05-16T15:17:08.147412,POST,/api/articles/analyze/,2.86,58,0,
2026-05-16T15:17:08.193841,GET,/api/articles/list/large/,78.71,471824,0,
2026-05-16T15:17:08.199387,GET,/api/articles/list/small/,4.13,23002,0,
2026-05-16T15:17:08.255391,POST,/api/articles/bulk/,6.49,34,0,
2026-05-16T15:17:08.366414,POST,/api/articles/bulk/,6.66,34,0,
2026-05-16T15:17:08.406581,POST,/api/articles/bulk/,13.86,34,0,
2026-05-16T15:17:08.419028,POST,/api/articles/analyze/,6.11,58,0,
2026-05-16T15:17:08.453407,POST,/api/articles/analyze/,5.64,58,0,
2026-05-16T15:17:08.475053,GET,/api/articles/list/large/,73.72,471824,0,
2026-05-16T15:17:08.500418,POST,/api/articles/analyze/,4.0,58,0,
2026-05-16T15:17:08.529166,GET,/api/articles/list/small/,5.42,23002,0,
2026-05-16T15:17:08.545518,POST,/api/articles/analyze/,3.76,58,0,
2026-05-16T15:17:08.569174,GET,/api/articles/list/large/,32.72,471824,0,
2026-05-16T15:17:08.625088,POST,/api/articles/bulk/,6.53,34,0,
2026-05-16T15:17:08.681436,GET,/api/articles/list/large/,28.96,471824,0,
2026-05-16T15:17:08.710367,POST,/api/articles/bulk/,6.56,34,0,
2026-05-16T15:17:08.764735,POST,/api/articles/bulk/,12.16,34,0,
2026-05-16T15:17:08.793426,GET,/api/articles/list/large/,30.63,471824,0,
2026-05-16T15:17:08.866109,POST,/api/articles/bulk/,10.21,34,0,
2026-05-16T15:17:08.962057,GET,/api/articles/list/large/,36.6,471824,0,
2026-05-16T15:17:08.979841,GET,/api/articles/list/small/,4.38,23002,0,
2026-05-16T15:17:08.985544,POST,/api/articles/analyze/,2.34,58,0,
2026-05-16T15:17:09.049681,GET,/api/articles/list/large/,28.79,471824,0,
2026-05-16T15:17:09.149034,POST,/api/articles/analyze/,5.48,58,0,
2026-05-16T15:17:09.151099,GET,/api/articles/list/small/,4.6,23002,0,
2026-05-16T15:17:09.152406,POST,/api/articles/bulk/,10.3,34,0,
2026-05-16T15:17:09.226095,POST,/api/articles/bulk/,12.31,34,0,
2026-05-16T15:17:09.249751,POST,/api/articles/bulk/,6.44,34,0,
2026-05-16T15:17:09.264433,GET,/api/articles/list/large/,34.96,471824,0,
2026-05-16T15:17:09.299219,GET,/api/articles/list/small/,4.49,23002,0,
2026-05-16T15:17:09.320291,POST,/api/articles/bulk/,7.7,34,0,
2026-05-16T15:17:09.321941,POST,/api/articles/bulk/,6.42,34,0,
2026-05-16T15:17:09.322483,GET,/api/articles/list/small/,4.28,23002,0,
2026-05-16T15:17:09.371114,POST,/api/articles/bulk/,6.44,34,0,
2026-05-16T15:17:09.456360,POST,/api/articles/analyze/,4.67,58,0,
2026-05-16T15:17:09.484862,GET,/api/articles/list/small/,4.38,23002,0,
2026-05-16T15:17:09.506674,GET,/api/articles/list/large/,31.82,471824,0,
2026-05-16T15:17:09.626656,POST,/api/articles/analyze/,6.56,58,0,
2026-05-16T15:17:09.731460,GET,/api/articles/list/small/,6.09,23002,0,
2026-05-16T15:17:09.767427,GET,/api/articles/list/small/,4.67,23002,0,
2026-05-16T15:17:09.787773,POST,/api/articles/analyze/,2.93,58,0,
2026-05-16T15:17:09.800443,POST,/api/articles/analyze/,2.78,58,0,
2026-05-16T15:17:09.821804,GET,/api/articles/list/large/,30.76,471824,0,
2026-05-16T15:17:09.974685,GET,/api/articles/list/small/,8.09,23002,0,
2026-05-16T15:17:10.064100,POST,/api/articles/bulk/,8.83,34,0,
2026-05-16T15:17:10.092032,POST,/api/articles/bulk/,6.55,34,0,
2026-05-16T15:17:10.105426,GET,/api/articles/list/small/,4.04,23002,0,
2026-05-16T15:17:10.113185,GET,/api/articles/list/small/,4.4,23002,0,
2026-05-16T15:17:10.259209,GET,/api/articles/list/small/,10.32,23002,0,
2026-05-16T15:17:10.264115,POST,/api/articles/bulk/,12.64,34,0,
2026-05-16T15:17:10.285419,POST,/api/articles/analyze/,2.81,58,0,
2026-05-16T15:17:10.296217,POST,/api/articles/bulk/,6.54,34,0,
2026-05-16T15:17:10.311652,GET,/api/articles/list/large/,30.12,471824,0,
2026-05-16T15:17:10.352089,POST,/api/articles/bulk/,12.16,34,0,
2026-05-16T15:17:10.421263,POST,/api/articles/bulk/,7.86,34,0,
2026-05-16T15:17:10.444642,POST,/api/articles/bulk/,7.01,34,0,
2026-05-16T15:17:10.457482,POST,/api/articles/analyze/,2.47,58,0,
2026-05-16T15:17:10.507656,GET,/api/articles/list/large/,31.82,471824,0,
2026-05-16T15:17:10.540292,GET,/api/articles/list/small/,4.26,23002,0,
2026-05-16T15:17:10.719517,GET,/api/articles/list/large/,38.66,471824,0,
2026-05-16T15:17:10.725717,GET,/api/articles/list/large/,29.33,471824,0,
2026-05-16T15:17:10.754642,POST,/api/articles/bulk/,6.55,34,0,
2026-05-16T15:17:10.766751,POST,/api/articles/analyze/,2.72,58,0,
2026-05-16T15:17:10.825244,GET,/api/articles/list/large/,34.06,471824,0,
2026-05-16T15:17:10.830204,POST,/api/articles/analyze/,2.57,58,0,
2026-05-16T15:17:10.835276,POST,/api/articles/analyze/,2.74,58,0,
2026-05-16T15:17:10.864396,GET,/api/articles/list/small/,4.52,23002,0,
2026-05-16T15:17:10.882157,POST,/api/articles/analyze/,4.42,58,0,
2026-05-16T15:17:10.882558,POST,/api/articles/analyze/,3.28,58,0,
2026-05-16T15:17:10.939912,GET,/api/articles/list/small/,6.11,23002,0,
2026-05-16T15:17:10.980922,GET,/api/articles/list/large/,33.65,471824,0,
2026-05-16T15:17:10.982881,GET,/api/articles/list/large/,29.21,471824,0,
2026-05-16T15:17:11.017042,GET,/api/articles/list/large/,32.8,471824,0,
2026-05-16T15:17:11.030768,GET,/api/articles/list/small/,4.48,23002,0,
2026-05-16T15:17:11.070772,GET,/api/articles/list/small/,4.6,23002,0,
2026-05-16T15:17:11.098943,POST,/api/articles/analyze/,2.82,58,0,
2026-05-16T15:17:11.111254,POST,/api/articles/bulk/,6.92,34,0,
2026-05-16T15:17:11.144264,POST,/api/articles/analyze/,2.66,58,0,
2026-05-16T15:17:11.221941,POST,/api/articles/analyze/,4.77,58,0,
2026-05-16T15:17:11.266698,POST,/api/articles/bulk/,6.57,34,0,
2026-05-16T15:17:11.293726,POST,/api/articles/analyze/,2.66,58,0,
2026-05-16T15:17:11.382343,POST,/api/articles/bulk/,12.26,34,0,
2026-05-16T15:17:11.407399,GET,/api/articles/list/large/,34.91,471824,0,
2026-05-16T15:17:11.471265,GET,/api/articles/list/small/,7.54,23002,0,
2026-05-16T15:17:11.498123,POST,/api/articles/analyze/,2.84,58,0,
2026-05-16T15:17:11.511609,GET,/api/articles/list/large/,28.87,471824,0,
2026-05-16T15:17:11.518141,POST,/api/articles/bulk/,6.4,34,0,
2026-05-16T15:17:11.548281,GET,/api/articles/list/large/,28.78,471824,0,
2026-05-16T15:17:11.567474,GET,/api/articles/list/large/,33.56,471824,0,
2026-05-16T15:17:11.629167,GET,/api/articles/list/large/,36.32,471824,0,
2026-05-16T15:17:11.630711,POST,/api/articles/bulk/,9.8,34,0,
2026-05-16T15:17:11.639761,GET,/api/articles/list/small/,4.79,23002,0,
2026-05-16T15:17:11.642800,GET,/api/articles/list/large/,32.39,471824,0,
2026-05-16T15:17:11.780179,GET,/api/articles/list/large/,32.96,471824,0,
2026-05-16T15:17:11.824972,GET,/api/articles/list/small/,4.49,23002,0,
2026-05-16T15:17:11.858495,POST,/api/articles/bulk/,7.37,34,0,
2026-05-16T15:17:11.868699,GET,/api/articles/list/large/,33.36,471824,0,
2026-05-16T15:17:11.918861,POST,/api/articles/analyze/,3.24,58,0,
2026-05-16T15:17:11.924235,GET,/api/articles/list/large/,34.43,471824,0,
2026-05-16T15:17:11.944243,GET,/api/articles/list/small/,4.69,23002,0,
2026-05-16T15:17:11.953112,GET,/api/articles/list/large/,78.98,471824,0,
2026-05-16T15:17:12.046123,POST,/api/articles/bulk/,6.67,34,0,
2026-05-16T15:17:12.073974,GET,/api/articles/list/small/,4.43,23002,0,
2026-05-16T15:17:12.089431,GET,/api/articles/list/small/,4.09,23002,0,
2026-05-16T15:17:12.147910,GET,/api/articles/list/large/,29.11,471824,0,
2026-05-16T15:17:12.148494,GET,/api/articles/list/small/,4.54,23002,0,
2026-05-16T15:17:12.167977,GET,/api/articles/list/large/,29.72,471824,0,
2026-05-16T15:17:12.345343,POST,/api/articles/bulk/,15.64,34,0,
2026-05-16T15:17:12.370643,POST,/api/articles/analyze/,2.85,58,0,
2026-05-16T15:17:12.489888,POST,/api/articles/bulk/,8.7,34,0,
2026-05-16T15:17:12.543043,POST,/api/articles/analyze/,4.7,58,0,
2026-05-16T15:17:12.584010,POST,/api/articles/analyze/,2.63,58,0,
2026-05-16T15:17:12.707569,GET,/api/articles/list/small/,7.84,23002,0,
2026-05-16T15:17:12.716829,GET,/api/articles/list/small/,9.03,23002,0,
2026-05-16T15:17:12.803434,GET,/api/articles/list/large/,28.36,471824,0,
2026-05-16T15:17:12.864528,POST,/api/articles/analyze/,4.55,58,0,
2026-05-16T15:17:12.931601,POST,/api/articles/analyze/,4.59,58,0,
2026-05-16T15:17:13.034765,GET,/api/articles/list/large/,28.7,471824,0,
2026-05-16T15:17:13.070044,POST,/api/articles/bulk/,11.56,34,0,
2026-05-16T15:17:13.095428,POST,/api/articles/bulk/,6.96,34,0,
2026-05-16T15:17:13.100363,POST,/api/articles/analyze/,2.57,58,0,
2026-05-16T15:17:13.104293,GET,/api/articles/list/small/,3.82,23002,0,
2026-05-16T15:17:13.128717,POST,/api/articles/bulk/,6.27,34,0,
2026-05-16T15:17:13.183553,GET,/api/articles/list/small/,7.46,23002,0,
2026-05-16T15:17:13.190648,POST,/api/articles/bulk/,6.93,34,0,
2026-05-16T15:17:13.203343,GET,/api/articles/list/small/,4.33,23002,0,
2026-05-16T15:17:13.215257,POST,/api/articles/analyze/,2.56,58,0,
2026-05-16T15:17:13.230013,POST,/api/articles/analyze/,2.41,58,0,
2026-05-16T15:17:13.261363,GET,/api/articles/list/large/,29.17,471824,0,
2026-05-16T15:17:13.279831,GET,/api/articles/list/large/,32.16,471824,0,
2026-05-16T15:17:13.353051,GET,/api/articles/list/small/,7.78,23002,0,
2026-05-16T15:17:13.360858,POST,/api/articles/analyze/,2.49,58,0,
2026-05-16T15:17:13.420497,GET,/api/articles/list/small/,4.41,23002,0,
2026-05-16T15:17:13.460724,POST,/api/articles/analyze/,2.74,58,0,
2026-05-16T15:17:13.499837,POST,/api/articles/analyze/,2.78,58,0,
2026-05-16T15:17:13.599167,POST,/api/articles/bulk/,10.01,34,0,
2026-05-16T15:17:13.756061,GET,/api/articles/list/small/,4.57,23002,0,
2026-05-16T15:17:13.760120,GET,/api/articles/list/large/,29.36,471824,0,
2026-05-16T15:17:13.792874,GET,/api/articles/list/small/,7.39,23002,0,
2026-05-16T15:17:13.846660,GET,/api/articles/list/small/,4.34,23002,0,
2026-05-16T15:17:13.856804,POST,/api/articles/bulk/,6.73,34,0,
2026-05-16T15:17:13.883877,GET,/api/articles/list/large/,33.11,471824,0,
2026-05-16T15:17:13.891899,POST,/api/articles/analyze/,2.68,58,0,
2026-05-16T15:17:13.913499,GET,/api/articles/list/small/,4.27,23002,0,
2026-05-16T15:17:13.941097,POST,/api/articles/analyze/,3.27,58,0,
2026-05-16T15:17:13.943164,POST,/api/articles/analyze/,2.93,58,0,
2026-05-16T15:17:14.562374,POST,/api/articles/analyze/,3.04,58,0,
2026-05-16T15:17:14.596489,POST,/api/articles/bulk/,6.64,34,0,
2026-05-16T15:17:14.706328,GET,/api/articles/list/small/,4.82,23002,0,
2026-05-16T15:17:14.720114,GET,/api/articles/list/large/,41.21,471824,0,
2026-05-16T15:17:14.752841,GET,/api/articles/list/small/,4.35,23002,0,
2026-05-16T15:17:14.831818,GET,/api/articles/list/large/,34.47,471824,0,
2026-05-16T15:17:14.832380,POST,/api/articles/bulk/,7.73,34,0,
2026-05-16T15:17:14.888359,POST,/api/articles/analyze/,4.62,58,0,
2026-05-16T15:17:14.939206,GET,/api/articles/list/large/,33.41,471824,0,
2026-05-16T15:17:14.970991,GET,/api/articles/list/large/,33.6,471824,0,
2026-05-16T15:17:14.990758,GET,/api/articles/list/small/,4.51,23002,0,
2026-05-16T15:17:15.039374,POST,/api/articles/bulk/,7.41,34,0,
2026-05-16T15:17:15.177015,GET,/api/articles/list/large/,30.21,471824,0,
2026-05-16T15:17:15.177970,POST,/api/articles/bulk/,8.98,34,0,
2026-05-16T15:17:15.217400,GET,/api/articles/list/small/,4.59,23002,0,
2026-05-16T15:17:15.223149,GET,/api/articles/list/large/,29.97,471824,0,
2026-05-16T15:17:15.237932,GET,/api/articles/list/large/,29.95,471824,0,
2026-05-16T15:17:15.242799,GET,/api/articles/list/small/,4.73,23002,0,
2026-05-16T15:17:15.294068,POST,/api/articles/analyze/,2.99,58,0,
2026-05-16T15:17:15.400102,GET,/api/articles/list/small/,7.49,23002,0,
2026-05-16T15:17:15.419600,POST,/api/articles/bulk/,7.08,34,0,
2026-05-16T15:17:15.485981,GET,/api/articles/list/large/,31.12,471824,0,
2026-05-16T15:17:15.547196,GET,/api/articles/list/small/,6.9,23002,0,
2026-05-16T15:17:15.601290,POST,/api/articles/bulk/,6.58,34,0,
2026-05-16T15:17:15.640173,GET,/api/articles/list/small/,5.64,23002,0,
2026-05-16T15:17:15.685978,POST,/api/articles/bulk/,6.47,34,0,
2026-05-16T15:17:15.708225,POST,/api/articles/analyze/,2.84,58,0,
2026-05-16T15:17:15.852500,GET,/api/articles/list/small/,5.93,23002,0,
2026-05-16T15:17:15.884699,GET,/api/articles/list/large/,29.93,471824,0,
2026-05-16T15:17:15.887650,GET,/api/articles/list/large/,30.29,471824,0,
2026-05-16T15:17:15.905882,GET,/api/articles/list/small/,4.42,23002,0,
2026-05-16T15:17:15.916306,GET,/api/articles/list/large/,30.37,471824,0,
2026-05-16T15:17:15.932430,GET,/api/articles/list/small/,4.88,23002,0,
2026-05-16T15:17:15.943703,GET,/api/articles/list/large/,33.57,471824,0,
2026-05-16T15:17:15.993764,POST,/api/articles/bulk/,6.66,34,0,
2026-05-16T15:17:16.038113,POST,/api/articles/analyze/,3.06,58,0,
2026-05-16T15:17:16.064062,GET,/api/articles/list/small/,4.8,23002,0,
2026-05-16T15:17:16.066465,POST,/api/articles/bulk/,8.01,34,0,
2026-05-16T15:17:16.172369,POST,/api/articles/bulk/,6.66,34,0,
2026-05-16T15:17:16.173507,GET,/api/articles/list/large/,29.74,471824,0,
2026-05-16T15:17:16.259793,POST,/api/articles/bulk/,6.98,34,0,
2026-05-16T15:17:16.300973,GET,/api/articles/list/small/,4.91,23002,0,
2026-05-16T15:17:16.321658,POST,/api/articles/analyze/,3.31,58,0,
2026-05-16T15:17:16.336719,POST,/api/articles/bulk/,7.78,34,0,
2026-05-16T15:17:16.457324,POST,/api/articles/analyze/,3.11,58,0,
2026-05-16T15:17:16.517507,POST,/api/articles/bulk/,6.91,34,0,
2026-05-16T15:17:16.541510,GET,/api/articles/list/small/,4.5,23002,0,
2026-05-16T15:17:16.558220,POST,/api/articles/analyze/,2.5,58,0,
2026-05-16T15:17:16.567025,POST,/api/articles/bulk/,7.48,34,0,
2026-05-16T15:17:16.593368,POST,/api/articles/bulk/,7.11,34,0,
2026-05-16T15:17:16.598471,POST,/api/articles/analyze/,2.75,58,0,
2026-05-16T15:17:16.635368,POST,/api/articles/bulk/,6.56,34,0,
2026-05-16T15:17:16.660436,GET,/api/articles/list/small/,4.74,23002,0,
2026-05-16T15:17:16.664078,GET,/api/articles/list/small/,4.75,23002,0,
2026-05-16T15:17:16.840678,POST,/api/articles/analyze/,2.83,58,0,
2026-05-16T15:17:16.901777,POST,/api/articles/bulk/,6.77,34,0,
2026-05-16T15:17:16.920489,GET,/api/articles/list/small/,4.42,23002,0,
2026-05-16T15:17:16.940739,POST,/api/articles/analyze/,2.99,58,0,
2026-05-16T15:17:16.992513,GET,/api/articles/list/small/,4.34,23002,0,
2026-05-16T15:17:17.136792,POST,/api/articles/analyze/,3.03,58,0,
2026-05-16T15:17:17.145373,POST,/api/articles/analyze/,3.29,58,0,
2026-05-16T15:17:17.155149,GET,/api/articles/list/large/,31.27,471824,0,
2026-05-16T15:17:17.202645,POST,/api/articles/analyze/,3.04,58,0,
2026-05-16T15:17:17.210958,POST,/api/articles/analyze/,3.1,58,0,
2026-05-16T15:17:17.320599,POST,/api/articles/bulk/,6.4,34,0,
2026-05-16T15:17:17.388288,POST,/api/articles/bulk/,7.26,34,0,
2026-05-16T15:17:17.430706,GET,/api/articles/list/small/,4.53,23002,0,
2026-05-16T15:17:17.454333,GET,/api/articles/list/large/,30.82,471824,0,
2026-05-16T15:17:17.508265,POST,/api/articles/bulk/,7.8,34,0,
2026-05-16T15:17:17.516183,GET,/api/articles/list/large/,30.56,471824,0,
2026-05-16T15:17:17.519117,POST,/api/articles/bulk/,8.02,34,0,
2026-05-16T15:17:17.539386,POST,/api/articles/analyze/,3.01,58,0,
2026-05-16T15:17:17.543121,GET,/api/articles/list/large/,32.57,471824,0,
2026-05-16T15:17:17.563102,GET,/api/articles/list/small/,4.68,23002,0,
2026-05-16T15:17:17.654487,POST,/api/articles/bulk/,6.9,34,0,
2026-05-16T15:17:17.685256,POST,/api/articles/bulk/,6.93,34,0,
2026-05-16T15:17:17.690902,GET,/api/articles/list/large/,29.17,471824,0,
2026-05-16T15:17:17.749536,POST,/api/articles/analyze/,3.23,58,0,
2026-05-16T15:17:17.774024,POST,/api/articles/bulk/,6.41,34,0,
2026-05-16T15:17:17.917550,POST,/api/articles/bulk/,7.14,34,0,
2026-05-16T15:17:17.973300,POST,/api/articles/bulk/,7.37,34,0,
2026-05-16T15:17:18.007566,GET,/api/articles/list/large/,30.91,471824,0,
2026-05-16T15:17:18.011604,GET,/api/articles/list/small/,6.02,23002,0,
2026-05-16T15:17:18.120788,POST,/api/articles/bulk/,6.87,34,0,
2026-05-16T15:17:18.124779,GET,/api/articles/list/small/,4.94,23002,0,
2026-05-16T15:17:18.162133,GET,/api/articles/list/small/,4.65,23002,0,
2026-05-16T15:17:18.175682,GET,/api/articles/list/large/,29.83,471824,0,
2026-05-16T15:17:18.183581,GET,/api/articles/list/large/,51.56,471824,0,
2026-05-16T15:17:18.190523,POST,/api/articles/bulk/,6.8,34,0,
2026-05-16T15:17:18.191166,GET,/api/articles/list/small/,4.39,23002,0,
2026-05-16T15:17:18.206977,GET,/api/articles/list/small/,4.57,23002,0,
2026-05-16T15:17:18.209018,POST,/api/articles/bulk/,8.64,34,0,
2026-05-16T15:17:18.426731,POST,/api/articles/analyze/,3.2,58,0,
2026-05-16T15:17:18.433507,GET,/api/articles/list/large/,37.85,471824,0,
2026-05-16T15:17:18.473084,POST,/api/articles/analyze/,3.15,58,0,
2026-05-16T15:17:18.474884,POST,/api/articles/bulk/,7.06,34,0,
2026-05-16T15:17:18.479170,POST,/api/articles/bulk/,8.56,34,0,
2026-05-16T15:17:18.583678,GET,/api/articles/list/large/,36.2,471824,0,
2026-05-16T15:17:18.605020,GET,/api/articles/list/large/,28.77,471824,0,
2026-05-16T15:17:18.613696,POST,/api/articles/bulk/,6.45,34,0,
2026-05-16T15:17:18.665031,POST,/api/articles/analyze/,4.27,58,0,
2026-05-16T15:17:18.673699,POST,/api/articles/analyze/,3.33,58,0,
2026-05-16T15:17:18.697194,GET,/api/articles/list/large/,40.11,471824,0,
2026-05-16T15:17:18.702520,GET,/api/articles/list/small/,5.2,23002,0,
2026-05-16T15:17:18.707718,POST,/api/articles/bulk/,6.83,34,0,
2026-05-16T15:17:18.734442,GET,/api/articles/list/large/,34.54,471824,0,
2026-05-16T15:17:18.781486,GET,/api/articles/list/large/,32.69,471824,0,
2026-05-16T15:17:18.831755,POST,/api/articles/bulk/,10.94,34,0,
2026-05-16T15:17:18.865807,POST,/api/articles/bulk/,7.73,34,0,
2026-05-16T15:17:18.925946,GET,/api/articles/list/large/,32.9,471824,0,
2026-05-16T15:17:19.009744,POST,/api/articles/bulk/,7.26,34,0,
2026-05-16T15:17:19.098597,GET,/api/articles/list/small/,8.41,23002,0,
2026-05-16T15:17:19.100732,POST,/api/articles/bulk/,8.61,34,0,
2026-05-16T15:17:19.243627,POST,/api/articles/analyze/,4.46,58,0,
2026-05-16T15:17:19.275344,GET,/api/articles/list/large/,41.97,471824,0,
2026-05-16T15:17:19.375153,POST,/api/articles/bulk/,11.47,34,0,
2026-05-16T15:17:19.411019,GET,/api/articles/list/large/,28.23,471824,0,
2026-05-16T15:17:19.428412,POST,/api/articles/analyze/,3.02,58,0,
2026-05-16T15:17:19.481085,POST,/api/articles/analyze/,2.89,58,0,
2026-05-16T15:17:19.499566,GET,/api/articles/list/large/,28.96,471824,0,
2026-05-16T15:17:19.509279,POST,/api/articles/bulk/,6.35,34,0,
2026-05-16T15:17:19.549794,POST,/api/articles/bulk/,6.61,34,0,
2026-05-16T15:17:19.561461,GET,/api/articles/list/large/,29.83,471824,0,
2026-05-16T15:17:19.566598,POST,/api/articles/bulk/,7.2,34,0,
2026-05-16T15:17:19.601576,POST,/api/articles/analyze/,2.65,58,0,
2026-05-16T15:17:19.659647,POST,/api/articles/bulk/,6.82,34,0,
2026-05-16T15:17:19.669886,GET,/api/articles/list/small/,4.96,23002,0,
2026-05-16T15:17:19.715251,POST,/api/articles/bulk/,7.13,34,0,
2026-05-16T15:17:19.735872,POST,/api/articles/bulk/,6.29,34,0,
2026-05-16T15:17:19.835430,POST,/api/articles/bulk/,11.14,34,0,
2026-05-16T15:17:19.920025,GET,/api/articles/list/small/,8.13,23002,0,
2026-05-16T15:17:19.980030,GET,/api/articles/list/large/,33.52,471824,0,
2026-05-16T15:17:19.985117,POST,/api/articles/analyze/,3.82,58,0,
2026-05-16T15:17:19.995255,GET,/api/articles/list/large/,29.14,471824,0,
2026-05-16T15:17:20.031115,POST,/api/articles/analyze/,4.59,58,0,
2026-05-16T15:17:20.065859,GET,/api/articles/list/large/,31.34,471824,0,
2026-05-16T15:17:20.119940,POST,/api/articles/analyze/,2.79,58,0,
2026-05-16T15:17:20.128928,POST,/api/articles/bulk/,6.6,34,0,
2026-05-16T15:17:20.201804,GET,/api/articles/list/large/,37.63,471824,0,
2026-05-16T15:17:20.266973,GET,/api/articles/list/large/,72.67,471824,0,
2026-05-16T15:17:20.288785,GET,/api/articles/list/large/,33.68,471824,0,
2026-05-16T15:17:20.317282,POST,/api/articles/bulk/,7.13,34,0,
2026-05-16T15:17:20.318845,POST,/api/articles/analyze/,2.9,58,0,
2026-05-16T15:17:20.331527,GET,/api/articles/list/small/,4.46,23002,0,
2026-05-16T15:17:20.338132,GET,/api/articles/list/small/,4.4,23002,0,
2026-05-16T15:17:20.350613,GET,/api/articles/list/small/,4.12,23002,0,
2026-05-16T15:17:20.454504,POST,/api/articles/bulk/,6.33,34,0,
2026-05-16T15:17:20.466804,GET,/api/articles/list/small/,3.94,23002,0,
2026-05-16T15:17:20.474481,GET,/api/articles/list/small/,4.45,23002,0,
2026-05-16T15:17:20.606724,POST,/api/articles/analyze/,5.57,58,0,
2026-05-16T15:17:20.663846,POST,/api/articles/bulk/,7.6,34,0,
2026-05-16T15:17:20.687996,POST,/api/articles/analyze/,2.78,58,0,
2026-05-16T15:17:20.720037,POST,/api/articles/analyze/,2.73,58,0,
2026-05-16T15:17:20.834757,GET,/api/articles/list/small/,8.12,23002,0,
2026-05-16T15:17:20.876155,GET,/api/articles/list/large/,31.93,471824,0,
2026-05-16T15:17:20.877672,GET,/api/articles/list/large/,32.98,471824,0,
2026-05-16T15:17:20.923618,GET,/api/articles/list/small/,7.66,23002,0,
2026-05-16T15:17:20.960492,GET,/api/articles/list/large/,29.45,471824,0,
2026-05-16T15:17:20.990101,POST,/api/articles/analyze/,2.94,58,0,
2026-05-16T15:17:21.029685,POST,/api/articles/analyze/,2.63,58,0,
2026-05-16T15:17:21.043677,GET,/api/articles/list/large/,29.19,471824,0,
2026-05-16T15:17:21.079380,GET,/api/articles/list/large/,28.32,471824,0,
2026-05-16T15:17:21.095655,POST,/api/articles/bulk/,6.97,34,0,
2026-05-16T15:17:21.101091,POST,/api/articles/bulk/,6.57,34,0,
2026-05-16T15:17:21.156805,POST,/api/articles/bulk/,6.32,34,0,
2026-05-16T15:17:21.196551,GET,/api/articles/list/large/,28.39,471824,0,
2026-05-16T15:17:21.276238,GET,/api/articles/list/small/,4.34,23002,0,
2026-05-16T15:17:21.284561,POST,/api/articles/bulk/,5.95,34,0,
2026-05-16T15:17:21.326218,GET,/api/articles/list/large/,28.36,471824,0,
2026-05-16T15:17:21.335843,GET,/api/articles/list/small/,4.26,23002,0,
2026-05-16T15:17:21.459524,GET,/api/articles/list/large/,38.17,471824,0,
2026-05-16T15:17:21.701998,POST,/api/articles/bulk/,13.61,34,0,
2026-05-16T15:17:21.756080,GET,/api/articles/list/small/,4.46,23002,0,
2026-05-16T15:17:21.759410,GET,/api/articles/list/large/,29.4,471824,0,
2026-05-16T15:17:21.781532,POST,/api/articles/bulk/,7.05,34,0,
2026-05-16T15:17:21.788406,GET,/api/articles/list/small/,5.43,23002,0,
2026-05-16T15:17:21.829981,GET,/api/articles/list/small/,4.41,23002,0,
2026-05-16T15:17:21.840403,POST,/api/articles/bulk/,6.04,34,0,
2026-05-16T15:17:21.902160,POST,/api/articles/bulk/,6.54,34,0,
2026-05-16T15:17:21.914364,GET,/api/articles/list/large/,33.63,471824,0,
2026-05-16T15:17:21.920587,GET,/api/articles/list/large/,33.29,471824,0,
2026-05-16T15:17:21.933495,POST,/api/articles/analyze/,2.53,58,0,
2026-05-16T15:17:22.147137,POST,/api/articles/bulk/,9.93,34,0,
2026-05-16T15:17:22.179558,POST,/api/articles/bulk/,8.0,34,0,
2026-05-16T15:17:22.185921,POST,/api/articles/bulk/,7.49,34,0,
2026-05-16T15:17:22.235704,GET,/api/articles/list/small/,4.56,23002,0,
2026-05-16T15:17:22.290992,GET,/api/articles/list/large/,33.01,471824,0,
2026-05-16T15:17:22.331135,GET,/api/articles/list/small/,6.91,23002,0,
2026-05-16T15:17:22.352360,POST,/api/articles/analyze/,3.02,58,0,
2026-05-16T15:17:22.359969,GET,/api/articles/list/large/,34.92,471824,0,
2026-05-16T15:17:22.460866,POST,/api/articles/analyze/,2.77,58,0,
2026-05-16T15:17:22.468892,GET,/api/articles/list/large/,34.38,471824,0,
2026-05-16T15:17:22.476994,POST,/api/articles/analyze/,2.72,58,0,
2026-05-16T15:17:22.486385,POST,/api/articles/bulk/,7.05,34,0,
2026-05-16T15:17:22.492223,POST,/api/articles/analyze/,2.49,58,0,
2026-05-16T15:17:22.551833,POST,/api/articles/bulk/,9.25,34,0,
2026-05-16T15:17:22.594448,GET,/api/articles/list/large/,33.25,471824,0,
2026-05-16T15:17:22.605796,GET,/api/articles/list/small/,4.99,23002,0,
2026-05-16T15:17:22.630270,GET,/api/articles/list/large/,29.02,471824,0,
2026-05-16T15:17:22.673604,POST,/api/articles/analyze/,3.86,58,0,
2026-05-16T15:17:22.676469,POST,/api/articles/bulk/,8.93,34,0,
2026-05-16T15:17:22.724073,POST,/api/articles/bulk/,6.39,34,0,
2026-05-16T15:17:22.728056,GET,/api/articles/list/small/,3.88,23002,0,
2026-05-16T15:17:22.784155,GET,/api/articles/list/small/,5.73,23002,0,
2026-05-16T15:17:22.819141,GET,/api/articles/list/large/,28.3,471824,0,
2026-05-16T15:17:22.905283,GET,/api/articles/list/small/,5.73,23002,0,
2026-05-16T15:17:22.934328,GET,/api/articles/list/large/,33.93,471824,0,
2026-05-16T15:17:23.028620,GET,/api/articles/list/small/,4.26,23002,0,
2026-05-16T15:17:23.033038,GET,/api/articles/list/large/,34.14,471824,0,
2026-05-16T15:17:23.111637,POST,/api/articles/bulk/,11.19,34,0,
2026-05-16T15:17:23.189560,POST,/api/articles/bulk/,11.63,34,0,
2026-05-16T15:17:23.318233,POST,/api/articles/analyze/,3.5,58,0,
2026-05-16T15:17:23.358108,GET,/api/articles/list/large/,78.99,471824,0,
2026-05-16T15:17:23.432819,POST,/api/articles/bulk/,7.28,34,0,
2026-05-16T15:17:23.442024,POST,/api/articles/analyze/,2.89,58,0,
2026-05-16T15:17:23.453801,GET,/api/articles/list/small/,4.56,23002,0,
2026-05-16T15:17:23.509562,POST,/api/articles/bulk/,6.47,34,0,
2026-05-16T15:17:23.597350,POST,/api/articles/analyze/,6.27,58,0,
2026-05-16T15:17:23.611829,POST,/api/articles/bulk/,6.06,34,0,
2026-05-16T15:17:23.648130,POST,/api/articles/bulk/,7.07,34,0,
2026-05-16T15:17:23.697713,POST,/api/articles/analyze/,5.25,58,0,
2026-05-16T15:17:23.763285,GET,/api/articles/list/large/,68.67,471824,0,
2026-05-16T15:17:23.764577,GET,/api/articles/list/small/,10.28,23002,0,
2026-05-16T15:17:23.807965,GET,/api/articles/list/large/,62.88,471824,0,
2026-05-16T15:17:23.808873,POST,/api/articles/analyze/,6.3,58,0,
2026-05-16T15:17:23.829075,GET,/api/articles/list/small/,6.85,23002,0,
2026-05-16T15:17:23.855865,GET,/api/articles/list/small/,4.49,23002,0,
2026-05-16T15:17:23.880661,POST,/api/articles/bulk/,7.56,34,0,
2026-05-16T15:17:23.993204,POST,/api/articles/bulk/,6.47,34,0,
2026-05-16T15:17:24.010894,GET,/api/articles/list/large/,33.83,471824,0,
2026-05-16T15:17:24.022752,POST,/api/articles/analyze/,2.62,58,0,
2026-05-16T15:17:24.036878,GET,/api/articles/list/large/,29.26,471824,0,
2026-05-16T15:17:24.037419,GET,/api/articles/list/small/,4.47,23002,0,
2026-05-16T15:17:24.067847,GET,/api/articles/list/small/,4.19,23002,0,
2026-05-16T15:17:24.103648,POST,/api/articles/bulk/,6.66,34,0,
2026-05-16T15:17:24.121256,POST,/api/articles/bulk/,6.18,34,0,
2026-05-16T15:17:24.211460,GET,/api/articles/list/small/,7.64,23002,0,
2026-05-16T15:17:24.214303,POST,/api/articles/analyze/,5.04,58,0,
2026-05-16T15:17:24.214939,POST,/api/articles/analyze/,4.8,58,0,
2026-05-16T15:17:24.235105,GET,/api/articles/list/small/,5.89,23002,0,
2026-05-16T15:17:24.319734,POST,/api/articles/bulk/,7.74,34,0,
2026-05-16T15:17:24.342031,GET,/api/articles/list/large/,30.57,471824,0,
2026-05-16T15:17:24.443723,POST,/api/articles/analyze/,3.16,58,0,
2026-05-16T15:17:24.481158,POST,/api/articles/analyze/,2.55,58,0,
2026-05-16T15:17:24.504763,GET,/api/articles/list/large/,28.66,471824,0,
2026-05-16T15:17:24.536500,POST,/api/articles/bulk/,6.52,34,0,
2026-05-16T15:17:24.591838,GET,/api/articles/list/large/,28.86,471824,0,
2026-05-16T15:17:24.600609,POST,/api/articles/bulk/,6.53,34,0,
2026-05-16T15:17:24.613481,GET,/api/articles/list/large/,28.92,471824,0,
2026-05-16T15:17:24.632492,POST,/api/articles/analyze/,2.65,58,0,
2026-05-16T15:17:24.662985,POST,/api/articles/bulk/,6.17,34,0,
2026-05-16T15:17:24.757196,POST,/api/articles/analyze/,4.79,58,0,
2026-05-16T15:17:24.846376,POST,/api/articles/bulk/,11.5,34,0,
2026-05-16T15:17:24.894736,GET,/api/articles/list/large/,28.93,471824,0,
2026-05-16T15:17:25.041351,GET,/api/articles/list/large/,29.02,471824,0,
2026-05-16T15:17:25.047471,POST,/api/articles/analyze/,2.84,58,0,
2026-05-16T15:17:25.050357,GET,/api/articles/list/large/,33.41,471824,0,
2026-05-16T15:17:25.082643,POST,/api/articles/analyze/,3.05,58,0,
2026-05-16T15:17:25.107264,GET,/api/articles/list/small/,4.26,23002,0,
2026-05-16T15:17:25.142108,POST,/api/articles/analyze/,3.64,58,0,
2026-05-16T15:17:25.176748,POST,/api/articles/analyze/,4.31,58,0,
2026-05-16T15:17:25.232356,POST,/api/articles/bulk/,10.06,34,0,
2026-05-16T15:17:25.256883,GET,/api/articles/list/small/,4.24,23002,0,
2026-05-16T15:17:25.288423,GET,/api/articles/list/small/,4.32,23002,0,
2026-05-16T15:17:25.341343,GET,/api/articles/list/small/,7.63,23002,0,
2026-05-16T15:17:25.351143,POST,/api/articles/analyze/,3.9,58,0,
2026-05-16T15:17:25.351745,POST,/api/articles/analyze/,4.09,58,0,
2026-05-16T15:17:25.352161,POST,/api/articles/analyze/,5.39,58,0,
2026-05-16T15:17:25.353479,GET,/api/articles/list/small/,5.38,23002,0,
2026-05-16T15:17:25.505532,GET,/api/articles/list/large/,79.72,471824,0,
2026-05-16T15:17:25.536614,POST,/api/articles/analyze/,4.64,58,0,
2026-05-16T15:17:25.572258,POST,/api/articles/bulk/,6.34,34,0,
2026-05-16T15:17:25.587894,GET,/api/articles/list/small/,4.68,23002,0,
2026-05-16T15:17:25.593533,POST,/api/articles/bulk/,6.9,34,0,
2026-05-16T15:17:25.605119,GET,/api/articles/list/large/,29.45,471824,0,
2026-05-16T15:17:25.683938,POST,/api/articles/analyze/,4.41,58,0,
2026-05-16T15:17:25.705544,POST,/api/articles/bulk/,6.3,34,0,
2026-05-16T15:17:25.731390,POST,/api/articles/bulk/,6.42,34,0,
2026-05-16T15:17:25.827574,GET,/api/articles/list/small/,4.33,23002,0,
2026-05-16T15:17:25.912376,POST,/api/articles/bulk/,9.33,34,0,
2026-05-16T15:17:25.916376,POST,/api/articles/analyze/,2.56,58,0,
2026-05-16T15:17:26.019139,POST,/api/articles/analyze/,3.16,58,0,
2026-05-16T15:17:26.023615,POST,/api/articles/analyze/,3.08,58,0,
2026-05-16T15:17:26.052153,GET,/api/articles/list/large/,29.37,471824,0,
2026-05-16T15:17:26.070741,POST,/api/articles/bulk/,7.18,34,0,
2026-05-16T15:17:26.074508,GET,/api/articles/list/small/,4.7,23002,0,
2026-05-16T15:17:26.131616,GET,/api/articles/list/small/,12.89,23002,0,
2026-05-16T15:17:26.132693,GET,/api/articles/list/small/,4.49,23002,0,
2026-05-16T15:17:26.218783,GET,/api/articles/list/small/,7.56,23002,0,
2026-05-16T15:17:26.229754,POST,/api/articles/bulk/,7.68,34,0,
2026-05-16T15:17:26.304376,POST,/api/articles/analyze/,4.32,58,0,
2026-05-16T15:17:26.321976,POST,/api/articles/bulk/,9.25,34,0,
2026-05-16T15:17:26.342973,POST,/api/articles/analyze/,2.69,58,0,
2026-05-16T15:17:26.353921,POST,/api/articles/analyze/,2.62,58,0,
2026-05-16T15:17:26.478868,POST,/api/articles/bulk/,9.38,34,0,
2026-05-16T15:17:26.595756,GET,/api/articles/list/small/,7.43,23002,0,
2026-05-16T15:17:26.616685,POST,/api/articles/bulk/,6.27,34,0,
2026-05-16T15:17:26.639252,POST,/api/articles/bulk/,6.29,34,0,
2026-05-16T15:17:26.670664,POST,/api/articles/bulk/,7.08,34,0,
2026-05-16T15:17:26.671863,GET,/api/articles/list/small/,4.48,23002,0,
2026-05-16T15:17:26.696701,POST,/api/articles/analyze/,2.66,58,0,
2026-05-16T15:17:27.320633,GET,/api/articles/list/small/,15.73,23002,0,
2026-05-16T15:17:27.326227,GET,/api/articles/list/small/,18.51,23002,0,
2026-05-16T15:17:27.326654,POST,/api/articles/bulk/,17.52,34,0,
2026-05-16T15:17:27.327044,POST,/api/articles/analyze/,18.81,58,0,
2026-05-16T15:17:27.327410,POST,/api/articles/analyze/,18.73,58,0,
2026-05-16T15:17:27.327816,POST,/api/articles/analyze/,14.27,58,0,
2026-05-16T15:17:27.328174,POST,/api/articles/analyze/,15.02,58,0,
2026-05-16T15:17:27.328556,GET,/api/articles/list/small/,17.76,23002,0,
2026-05-16T15:17:27.328961,GET,/api/articles/list/small/,17.05,23002,0,
2026-05-16T15:17:27.338209,POST,/api/articles/bulk/,31.82,34,0,
2026-05-16T15:17:27.338676,GET,/api/articles/list/small/,25.81,23002,0,
2026-05-16T15:17:27.339078,GET,/api/articles/list/small/,26.86,23002,0,
2026-05-16T15:17:27.339460,GET,/api/articles/list/small/,26.93,23002,0,
2026-05-16T15:17:27.339858,GET,/api/articles/list/small/,29.49,23002,0,
2026-05-16T15:17:27.342434,POST,/api/articles/analyze/,2.49,58,0,
2026-05-16T15:17:27.349764,GET,/api/articles/list/large/,42.69,471824,0,
2026-05-16T15:17:27.353535,GET,/api/articles/list/large/,42.3,471824,0,
2026-05-16T15:17:27.354977,GET,/api/articles/list/large/,45.01,471824,0,
2026-05-16T15:17:27.404056,GET,/api/articles/list/large/,92.45,471824,0,
2026-05-16T15:17:27.423488,GET,/api/articles/list/small/,4.09,23002,0,
2026-05-16T15:17:27.470687,GET,/api/articles/list/large/,28.82,471824,0,
2026-05-16T15:17:27.556559,GET,/api/articles/list/large/,28.44,471824,0,
2026-05-16T15:17:27.613275,POST,/api/articles/bulk/,10.33,34,0,
2026-05-16T15:17:27.631178,GET,/api/articles/list/small/,4.52,23002,0,
2026-05-16T15:17:27.713972,GET,/api/articles/list/small/,7.55,23002,0,
2026-05-16T15:17:27.756085,POST,/api/articles/analyze/,4.41,58,0,
2026-05-16T15:17:27.859178,POST,/api/articles/analyze/,4.61,58,0,
2026-05-16T15:17:27.894485,POST,/api/articles/analyze/,2.84,58,0,
2026-05-16T15:17:27.903187,POST,/api/articles/analyze/,2.39,58,0,
2026-05-16T15:17:27.926950,POST,/api/articles/bulk/,6.31,34,0,
2026-05-16T15:17:28.047481,POST,/api/articles/analyze/,6.05,58,0,
2026-05-16T15:17:28.130424,POST,/api/articles/analyze/,2.67,58,0,
2026-05-16T15:17:28.138610,POST,/api/articles/bulk/,6.92,34,0,
2026-05-16T15:17:28.144553,GET,/api/articles/list/large/,33.5,471824,0,
2026-05-16T15:17:28.268440,POST,/api/articles/analyze/,3.31,58,0,
2026-05-16T15:17:28.304315,POST,/api/articles/bulk/,6.43,34,0,
2026-05-16T15:17:28.309609,GET,/api/articles/list/small/,3.87,23002,0,
2026-05-16T15:17:28.324489,POST,/api/articles/bulk/,7.48,34,0,
2026-05-16T15:17:28.352857,POST,/api/articles/bulk/,7.07,34,0,
2026-05-16T15:17:28.381436,GET,/api/articles/list/large/,29.43,471824,0,
2026-05-16T15:17:28.412098,GET,/api/articles/list/large/,28.29,471824,0,
2026-05-16T15:17:28.424547,GET,/api/articles/list/small/,4.22,23002,0,
2026-05-16T15:17:28.436875,POST,/api/articles/bulk/,6.11,34,0,
2026-05-16T15:17:28.437956,GET,/api/articles/list/large/,28.79,471824,0,
2026-05-16T15:17:28.501834,GET,/api/articles/list/small/,4.49,23002,0,
2026-05-16T15:17:28.659850,POST,/api/articles/bulk/,10.41,34,0,
2026-05-16T15:17:28.666915,POST,/api/articles/analyze/,2.81,58,0,
2026-05-16T15:17:28.743638,GET,/api/articles/list/small/,7.23,23002,0,
2026-05-16T15:17:28.751229,GET,/api/articles/list/small/,7.42,23002,0,
2026-05-16T15:17:28.799360,POST,/api/articles/analyze/,3.73,58,0,
2026-05-16T15:17:28.869016,POST,/api/articles/analyze/,4.46,58,0,
2026-05-16T15:17:28.934191,GET,/api/articles/list/large/,32.95,471824,0,
2026-05-16T15:17:28.972922,POST,/api/articles/bulk/,6.48,34,0,
2026-05-16T15:17:28.990975,POST,/api/articles/analyze/,2.72,58,0,
2026-05-16T15:17:29.003063,POST,/api/articles/bulk/,6.78,34,0,
2026-05-16T15:17:29.021287,POST,/api/articles/bulk/,6.98,34,0,
2026-05-16T15:17:29.123700,POST,/api/articles/bulk/,6.32,34,0,
2026-05-16T15:17:29.136501,GET,/api/articles/list/large/,30.7,471824,0,
2026-05-16T15:17:29.217192,GET,/api/articles/list/small/,7.36,23002,0,
2026-05-16T15:17:29.275825,GET,/api/articles/list/small/,4.25,23002,0,
2026-05-16T15:17:29.346555,GET,/api/articles/list/small/,7.23,23002,0,
2026-05-16T15:17:29.406219,GET,/api/articles/list/large/,28.39,471824,0,
2026-05-16T15:17:29.429041,GET,/api/articles/list/large/,28.59,471824,0,
2026-05-16T15:17:29.486968,POST,/api/articles/analyze/,3.94,58,0,
2026-05-16T15:17:29.496778,POST,/api/articles/bulk/,6.56,34,0,
2026-05-16T15:17:29.511643,GET,/api/articles/list/large/,33.22,471824,0,
2026-05-16T15:17:29.522904,GET,/api/articles/list/large/,31.43,471824,0,
2026-05-16T15:17:29.533223,GET,/api/articles/list/large/,29.21,471824,0,
2026-05-16T15:17:29.542357,POST,/api/articles/analyze/,2.79,58,0,
2026-05-16T15:17:29.597519,GET,/api/articles/list/small/,5.81,23002,0,
2026-05-16T15:17:29.668598,POST,/api/articles/analyze/,4.76,58,0,
2026-05-16T15:17:29.677497,POST,/api/articles/analyze/,2.45,58,0,
2026-05-16T15:17:29.771709,POST,/api/articles/analyze/,4.72,58,0,
2026-05-16T15:17:29.812593,GET,/api/articles/list/small/,4.17,23002,0,
2026-05-16T15:17:29.819461,POST,/api/articles/analyze/,2.57,58,0,
2026-05-16T15:17:29.858086,POST,/api/articles/analyze/,2.7,58,0,
2026-05-16T15:17:29.864841,POST,/api/articles/analyze/,3.58,58,0,
2026-05-16T15:17:29.868004,GET,/api/articles/list/small/,5.35,23002,0,
2026-05-16T15:17:29.879004,GET,/api/articles/list/large/,29.23,471824,0,
2026-05-16T15:17:29.920542,GET,/api/articles/list/large/,28.36,471824,0,
2026-05-16T15:17:29.925588,POST,/api/articles/bulk/,7.47,34,0,
2026-05-16T15:17:29.940668,GET,/api/articles/list/large/,28.93,471824,0,
2026-05-16T15:17:29.964170,POST,/api/articles/bulk/,6.28,34,0,
2026-05-16T15:17:29.976307,GET,/api/articles/list/small/,3.95,23002,0,
2026-05-16T15:17:30.213453,POST,/api/articles/bulk/,6.21,34,0,
2026-05-16T15:17:30.220207,POST,/api/articles/analyze/,2.39,58,0,
2026-05-16T15:17:30.238055,POST,/api/articles/bulk/,6.64,34,0,
2026-05-16T15:17:30.245789,POST,/api/articles/analyze/,2.4,58,0,
2026-05-16T15:17:30.417105,GET,/api/articles/list/small/,4.69,23002,0,
2026-05-16T15:17:30.420826,GET,/api/articles/list/small/,4.65,23002,0,
2026-05-16T15:17:30.478495,GET,/api/articles/list/small/,4.43,23002,0,
2026-05-16T15:17:30.506376,POST,/api/articles/analyze/,2.55,58,0,
2026-05-16T15:17:30.568534,POST,/api/articles/bulk/,6.65,34,0,
2026-05-16T15:17:30.594641,POST,/api/articles/bulk/,6.73,34,0,
2026-05-16T15:17:30.625358,POST,/api/articles/bulk/,6.37,34,0,
2026-05-16T15:17:30.670221,GET,/api/articles/list/large/,36.55,471824,0,
2026-05-16T15:17:30.734969,POST,/api/articles/analyze/,4.53,58,0,
2026-05-16T15:17:30.735392,POST,/api/articles/analyze/,4.12,58,0,
2026-05-16T15:17:30.739688,POST,/api/articles/bulk/,10.73,34,0,
2026-05-16T15:17:30.747993,GET,/api/articles/list/small/,3.97,23002,0,
2026-05-16T15:17:30.852462,GET,/api/articles/list/large/,38.16,471824,0,
2026-05-16T15:17:30.873955,POST,/api/articles/analyze/,3.16,58,0,
2026-05-16T15:17:30.886519,GET,/api/articles/list/small/,4.2,23002,0,
2026-05-16T15:17:30.922172,POST,/api/articles/analyze/,3.28,58,0,
2026-05-16T15:17:30.930355,POST,/api/articles/bulk/,6.8,34,0,
2026-05-16T15:17:30.958072,GET,/api/articles/list/small/,4.36,23002,0,
2026-05-16T15:17:31.008338,GET,/api/articles/list/small/,4.34,23002,0,
2026-05-16T15:17:31.008888,POST,/api/articles/analyze/,2.4,58,0,
2026-05-16T15:17:31.028720,GET,/api/articles/list/large/,33.41,471824,0,
2026-05-16T15:17:31.071847,POST,/api/articles/bulk/,12.76,34,0,
2026-05-16T15:17:31.104581,GET,/api/articles/list/small/,7.37,23002,0,
2026-05-16T15:17:31.112748,POST,/api/articles/analyze/,2.91,58,0,
2026-05-16T15:17:31.116377,GET,/api/articles/list/small/,4.42,23002,0,
2026-05-16T15:17:31.121568,GET,/api/articles/list/small/,3.82,23002,0,
2026-05-16T15:17:31.134527,POST,/api/articles/analyze/,2.38,58,0,
2026-05-16T15:17:31.143959,GET,/api/articles/list/small/,4.38,23002,0,
2026-05-16T15:17:31.146187,POST,/api/articles/bulk/,7.28,34,0,
2026-05-16T15:17:31.212127,POST,/api/articles/analyze/,2.71,58,0,
2026-05-16T15:17:31.241892,GET,/api/articles/list/small/,4.41,23002,0,
2026-05-16T15:17:31.300950,POST,/api/articles/analyze/,2.81,58,0,
2026-05-16T15:17:31.543786,POST,/api/articles/bulk/,16.26,34,0,
2026-05-16T15:17:31.613732,POST,/api/articles/analyze/,4.52,58,0,
2026-05-16T15:17:31.646471,GET,/api/articles/list/large/,30.34,471824,0,
2026-05-16T15:17:31.648037,GET,/api/articles/list/small/,4.56,23002,0,
2026-05-16T15:17:31.798720,POST,/api/articles/analyze/,2.99,58,0,
2026-05-16T15:17:31.838304,POST,/api/articles/analyze/,3.31,58,0,
2026-05-16T15:17:31.853468,POST,/api/articles/analyze/,2.8,58,0,
2026-05-16T15:17:31.956308,GET,/api/articles/list/large/,33.45,471824,0,
2026-05-16T15:17:32.073543,POST,/api/articles/bulk/,13.79,34,0,
2026-05-16T15:17:32.095495,GET,/api/articles/list/large/,36.69,471824,0,
2026-05-16T15:17:32.104062,GET,/api/articles/list/small/,4.21,23002,0,
2026-05-16T15:17:32.150570,POST,/api/articles/bulk/,11.05,34,0,
2026-05-16T15:17:32.158869,POST,/api/articles/analyze/,2.99,58,0,
2026-05-16T15:17:32.179158,GET,/api/articles/list/large/,31.66,471824,0,
2026-05-16T15:17:32.217606,POST,/api/articles/bulk/,9.13,34,0,
2026-05-16T15:17:32.234264,POST,/api/articles/bulk/,6.3,34,0,
2026-05-16T15:17:32.269807,GET,/api/articles/list/small/,4.36,23002,0,
2026-05-16T15:17:32.290508,GET,/api/articles/list/small/,4.51,23002,0,
2026-05-16T15:17:32.293568,GET,/api/articles/list/small/,4.16,23002,0,
2026-05-16T15:17:32.300829,GET,/api/articles/list/small/,3.91,23002,0,
2026-05-16T15:17:32.316230,GET,/api/articles/list/small/,4.75,23002,0,
2026-05-16T15:17:32.385620,GET,/api/articles/list/large/,28.77,471824,0,
2026-05-16T15:17:32.459751,POST,/api/articles/bulk/,7.66,34,0,
2026-05-16T15:17:32.502066,GET,/api/articles/list/small/,4.39,23002,0,
2026-05-16T15:17:32.512657,GET,/api/articles/list/large/,32.54,471824,0,
2026-05-16T15:17:32.663346,GET,/api/articles/list/large/,39.1,471824,0,
2026-05-16T15:17:32.732976,POST,/api/articles/bulk/,12.22,34,0,
2026-05-16T15:17:32.778193,POST,/api/articles/analyze/,52.19,58,0,
2026-05-16T15:17:32.887757,GET,/api/articles/list/small/,9.18,23002,0,
2026-05-16T15:17:32.928038,GET,/api/articles/list/large/,31.92,471824,0,
2026-05-16T15:17:32.934619,GET,/api/articles/list/large/,29.06,471824,0,
2026-05-16T15:17:32.978124,POST,/api/articles/analyze/,2.84,58,0,
2026-05-16T15:17:33.085211,POST,/api/articles/analyze/,4.68,58,0,
2026-05-16T15:17:33.123233,POST,/api/articles/bulk/,6.51,34,0,
2026-05-16T15:17:33.143982,POST,/api/articles/bulk/,6.2,34,0,
2026-05-16T15:17:33.168587,POST,/api/articles/bulk/,7.4,34,0,
2026-05-16T15:17:33.191350,GET,/api/articles/list/small/,4.36,23002,0,
2026-05-16T15:17:33.213588,GET,/api/articles/list/small/,3.89,23002,0,
2026-05-16T15:17:33.267227,POST,/api/articles/bulk/,6.32,34,0,
2026-05-16T15:17:33.350393,POST,/api/articles/analyze/,4.51,58,0,
2026-05-16T15:17:33.431732,POST,/api/articles/analyze/,4.82,58,0,
2026-05-16T15:17:33.438851,POST,/api/articles/analyze/,2.66,58,0,
2026-05-16T15:17:33.453669,POST,/api/articles/analyze/,2.44,58,0,
2026-05-16T15:17:33.480351,POST,/api/articles/bulk/,6.47,34,0,
2026-05-16T15:17:33.528606,GET,/api/articles/list/small/,7.0,23002,0,
2026-05-16T15:17:33.557693,POST,/api/articles/bulk/,6.45,34,0,
2026-05-16T15:17:33.578197,POST,/api/articles/bulk/,7.12,34,0,
2026-05-16T15:17:33.587407,POST,/api/articles/bulk/,6.86,34,0,
2026-05-16T15:17:33.653158,GET,/api/articles/list/small/,7.21,23002,0,
2026-05-16T15:17:33.671058,POST,/api/articles/analyze/,2.63,58,0,
2026-05-16T15:17:33.681939,POST,/api/articles/analyze/,2.66,58,0,
2026-05-16T15:17:33.683244,GET,/api/articles/list/large/,38.46,471824,0,
2026-05-16T15:17:33.690652,POST,/api/articles/bulk/,7.29,34,0,
2026-05-16T15:17:33.711414,GET,/api/articles/list/small/,4.37,23002,0,
2026-05-16T15:17:33.787942,GET,/api/articles/list/large/,34.39,471824,0,
2026-05-16T15:17:33.791536,GET,/api/articles/list/large/,41.58,471824,0,
2026-05-16T15:17:33.801578,GET,/api/articles/list/large/,33.68,471824,0,
2026-05-16T15:17:33.823564,POST,/api/articles/analyze/,2.61,58,0,
2026-05-16T15:17:33.879517,POST,/api/articles/bulk/,8.63,34,0,
2026-05-16T15:17:33.905913,GET,/api/articles/list/small/,4.04,23002,0,
2026-05-16T15:17:33.915206,POST,/api/articles/bulk/,5.96,34,0,
2026-05-16T15:17:33.961005,GET,/api/articles/list/small/,4.28,23002,0,
2026-05-16T15:17:34.020617,GET,/api/articles/list/large/,37.25,471824,0,
2026-05-16T15:17:34.031875,POST,/api/articles/analyze/,2.64,58,0,
2026-05-16T15:17:34.053280,GET,/api/articles/list/large/,34.5,471824,0,
2026-05-16T15:17:34.068108,POST,/api/articles/bulk/,7.78,34,0,
2026-05-16T15:17:34.091723,GET,/api/articles/list/large/,34.0,471824,0,
2026-05-16T15:17:34.103200,GET,/api/articles/list/large/,32.84,471824,0,
2026-05-16T15:17:34.109877,GET,/api/articles/list/small/,4.31,23002,0,
2026-05-16T15:17:34.381402,POST,/api/articles/bulk/,6.45,34,0,
2026-05-16T15:17:34.432091,GET,/api/articles/list/small/,4.4,23002,0,
2026-05-16T15:17:34.541006,POST,/api/articles/analyze/,4.47,58,0,
2026-05-16T15:17:34.544825,GET,/api/articles/list/small/,4.74,23002,0,
2026-05-16T15:17:34.598376,GET,/api/articles/list/large/,29.32,471824,0,
2026-05-16T15:17:34.603075,GET,/api/articles/list/large/,33.03,471824,0,
2026-05-16T15:17:34.613166,POST,/api/articles/analyze/,2.71,58,0,
2026-05-16T15:17:34.681510,POST,/api/articles/bulk/,7.58,34,0,
2026-05-16T15:17:34.710709,POST,/api/articles/analyze/,3.66,58,0,
2026-05-16T15:17:34.711381,POST,/api/articles/analyze/,2.92,58,0,
2026-05-16T15:17:34.711836,GET,/api/articles/list/small/,5.97,23002,0,
2026-05-16T15:17:34.712784,GET,/api/articles/list/small/,4.98,23002,0,
2026-05-16T15:17:34.734293,GET,/api/articles/list/large/,77.92,471824,0,
2026-05-16T15:17:34.737623,POST,/api/articles/bulk/,6.58,34,0,
2026-05-16T15:17:34.807721,POST,/api/articles/bulk/,8.55,34,0,
2026-05-16T15:17:34.937586,POST,/api/articles/analyze/,2.66,58,0,
2026-05-16T15:17:34.948010,POST,/api/articles/analyze/,4.02,58,0,
2026-05-16T15:17:34.966665,GET,/api/articles/list/large/,35.44,471824,0,
2026-05-16T15:17:35.015562,POST,/api/articles/analyze/,2.5,58,0,
2026-05-16T15:17:35.016597,GET,/api/articles/list/small/,5.08,23002,0,
2026-05-16T15:17:35.064576,GET,/api/articles/list/large/,34.75,471824,0,
2026-05-16T15:17:35.081473,GET,/api/articles/list/large/,85.53,471824,0,
2026-05-16T15:17:35.133415,GET,/api/articles/list/large/,28.69,471824,0,
2026-05-16T15:17:35.278260,GET,/api/articles/list/large/,29.15,471824,0,
2026-05-16T15:17:35.291335,POST,/api/articles/bulk/,6.66,34,0,
2026-05-16T15:17:35.298715,GET,/api/articles/list/small/,5.01,23002,0,
2026-05-16T15:17:35.341801,GET,/api/articles/list/small/,4.33,23002,0,
2026-05-16T15:17:35.362417,GET,/api/articles/list/large/,29.5,471824,0,
2026-05-16T15:17:35.387587,GET,/api/articles/list/large/,33.42,471824,0,
2026-05-16T15:17:35.595012,POST,/api/articles/analyze/,2.85,58,0,
2026-05-16T15:17:35.598668,GET,/api/articles/list/large/,35.26,471824,0,
2026-05-16T15:17:35.607454,POST,/api/articles/bulk/,6.42,34,0,
2026-05-16T15:17:35.638183,GET,/api/articles/list/small/,4.41,23002,0,
2026-05-16T15:17:35.689740,GET,/api/articles/list/large/,36.22,471824,0,
2026-05-16T15:17:35.694233,GET,/api/articles/list/small/,4.36,23002,0,
2026-05-16T15:17:35.711240,POST,/api/articles/analyze/,2.63,58,0,
2026-05-16T15:17:35.762254,GET,/api/articles/list/large/,32.65,471824,0,
2026-05-16T15:17:35.784103,POST,/api/articles/analyze/,4.53,58,0,
2026-05-16T15:17:35.785188,POST,/api/articles/analyze/,3.43,58,0,
2026-05-16T15:17:35.817706,GET,/api/articles/list/large/,33.47,471824,0,
2026-05-16T15:17:35.837162,POST,/api/articles/bulk/,7.21,34,0,
2026-05-16T15:17:35.895836,GET,/api/articles/list/large/,29.28,471824,0,
2026-05-16T15:17:35.964916,POST,/api/articles/bulk/,11.56,34,0,
2026-05-16T15:17:36.021894,POST,/api/articles/analyze/,2.79,58,0,
2026-05-16T15:17:36.033919,GET,/api/articles/list/large/,29.56,471824,0,
2026-05-16T15:17:36.071930,GET,/api/articles/list/large/,28.63,471824,0,
2026-05-16T15:17:36.073699,POST,/api/articles/analyze/,3.91,58,0,
2026-05-16T15:17:36.104215,POST,/api/articles/analyze/,2.78,58,0,
2026-05-16T15:17:36.126558,GET,/api/articles/list/large/,28.7,471824,0,
2026-05-16T15:17:36.255480,POST,/api/articles/bulk/,7.23,34,0,
2026-05-16T15:17:36.311365,POST,/api/articles/bulk/,12.55,34,0,
2026-05-16T15:17:36.340373,GET,/api/articles/list/small/,4.59,23002,0,
2026-05-16T15:17:36.384610,GET,/api/articles/list/small/,4.58,23002,0,
2026-05-16T15:17:36.467000,GET,/api/articles/list/large/,40.08,471824,0,
2026-05-16T15:17:36.498575,GET,/api/articles/list/small/,7.27,23002,0,
2026-05-16T15:17:36.512418,POST,/api/articles/analyze/,2.6,58,0,
2026-05-16T15:17:36.522497,POST,/api/articles/analyze/,2.8,58,0,
2026-05-16T15:17:36.531742,GET,/api/articles/list/large/,41.28,471824,0,
2026-05-16T15:17:36.536227,GET,/api/articles/list/small/,4.34,23002,0,
2026-05-16T15:17:36.602998,POST,/api/articles/analyze/,4.04,58,0,
2026-05-16T15:17:36.628322,GET,/api/articles/list/small/,4.94,23002,0,
2026-05-16T15:17:36.633567,POST,/api/articles/bulk/,6.58,34,0,
2026-05-16T15:17:36.695063,GET,/api/articles/list/small/,4.5,23002,0,
2026-05-16T15:17:36.709686,GET,/api/articles/list/large/,33.68,471824,0,
2026-05-16T15:17:36.744138,GET,/api/articles/list/large/,33.01,471824,0,
2026-05-16T15:17:36.750292,POST,/api/articles/analyze/,2.79,58,0,
2026-05-16T15:17:36.778446,POST,/api/articles/bulk/,7.77,34,0,
2026-05-16T15:17:36.831049,POST,/api/articles/bulk/,7.27,34,0,
2026-05-16T15:17:36.899367,POST,/api/articles/analyze/,4.92,58,0,
2026-05-16T15:17:37.022809,POST,/api/articles/analyze/,3.37,58,0,
2026-05-16T15:17:37.024156,GET,/api/articles/list/large/,37.34,471824,0,
2026-05-16T15:17:37.025178,GET,/api/articles/list/small/,4.61,23002,0,
2026-05-16T15:17:37.227537,POST,/api/articles/analyze/,6.75,58,0,
2026-05-16T15:17:37.231455,POST,/api/articles/bulk/,19.64,34,0,
2026-05-16T15:17:37.248893,POST,/api/articles/bulk/,6.98,34,0,
2026-05-16T15:17:37.304558,GET,/api/articles/list/small/,4.38,23002,0,
2026-05-16T15:17:37.410427,GET,/api/articles/list/large/,36.05,471824,0,
2026-05-16T15:17:37.461271,GET,/api/articles/list/small/,7.54,23002,0,
2026-05-16T15:17:37.491963,POST,/api/articles/bulk/,7.25,34,0,
2026-05-16T15:17:37.526733,GET,/api/articles/list/small/,4.49,23002,0,
2026-05-16T15:17:37.535854,GET,/api/articles/list/small/,4.18,23002,0,
2026-05-16T15:17:37.562858,GET,/api/articles/list/large/,33.78,471824,0,
2026-05-16T15:17:37.567622,GET,/api/articles/list/large/,33.56,471824,0,
2026-05-16T15:17:37.571676,POST,/api/articles/bulk/,7.57,34,0,
2026-05-16T15:17:37.605338,GET,/api/articles/list/small/,4.33,23002,0,
2026-05-16T15:17:37.617220,POST,/api/articles/analyze/,2.52,58,0,
2026-05-16T15:17:37.704487,POST,/api/articles/analyze/,2.87,58,0,
2026-05-16T15:17:37.761687,GET,/api/articles/list/small/,7.57,23002,0,
2026-05-16T15:17:37.900630,POST,/api/articles/bulk/,8.44,34,0,
2026-05-16T15:17:37.923259,GET,/api/articles/list/small/,4.24,23002,0,
2026-05-16T15:17:38.000746,GET,/api/articles/list/large/,33.09,471824,0,
2026-05-16T15:17:38.079471,GET,/api/articles/list/large/,38.37,471824,0,
2026-05-16T15:17:38.182566,POST,/api/articles/bulk/,10.33,34,0,
2026-05-16T15:17:38.225316,GET,/api/articles/list/small/,4.59,23002,0,
2026-05-16T15:17:38.236727,GET,/api/articles/list/small/,5.0,23002,0,
2026-05-16T15:17:38.250393,GET,/api/articles/list/large/,35.48,471824,0,
2026-05-16T15:17:38.264295,GET,/api/articles/list/small/,4.62,23002,0,
2026-05-16T15:17:38.285032,POST,/api/articles/analyze/,2.92,58,0,
2026-05-16T15:17:38.300811,GET,/api/articles/list/large/,30.26,471824,0,
2026-05-16T15:17:38.306493,GET,/api/articles/list/small/,4.47,23002,0,
2026-05-16T15:17:38.376888,GET,/api/articles/list/large/,29.17,471824,0,
2026-05-16T15:17:38.406928,GET,/api/articles/list/large/,34.59,471824,0,
2026-05-16T15:17:38.440280,POST,/api/articles/bulk/,12.08,34,0,
2026-05-16T15:17:38.497864,GET,/api/articles/list/small/,5.53,23002,0,
2026-05-16T15:17:38.522080,GET,/api/articles/list/large/,38.43,471824,0,
2026-05-16T15:17:38.534904,GET,/api/articles/list/large/,41.63,471824,0,
2026-05-16T15:17:38.557401,GET,/api/articles/list/small/,9.55,23002,0,
2026-05-16T15:17:38.570239,POST,/api/articles/bulk/,23.71,34,0,
2026-05-16T15:17:38.575188,POST,/api/articles/bulk/,23.98,34,0,
2026-05-16T15:17:38.613473,GET,/api/articles/list/small/,7.83,23002,0,
2026-05-16T15:17:38.622469,GET,/api/articles/list/large/,51.91,471824,0,
2026-05-16T15:17:38.655520,POST,/api/articles/analyze/,3.67,58,0,
2026-05-16T15:17:38.712483,GET,/api/articles/list/large/,36.63,471824,0,
2026-05-16T15:17:38.760338,GET,/api/articles/list/large/,33.52,471824,0,
2026-05-16T15:17:38.827080,GET,/api/articles/list/large/,33.28,471824,0,
2026-05-16T15:17:38.934305,GET,/api/articles/list/large/,34.89,471824,0,
2026-05-16T15:17:38.995392,POST,/api/articles/analyze/,4.48,58,0,
2026-05-16T15:17:39.046417,GET,/api/articles/list/large/,33.55,471824,0,
2026-05-16T15:17:39.065069,POST,/api/articles/analyze/,2.83,58,0,
2026-05-16T15:17:39.084543,POST,/api/articles/bulk/,7.26,34,0,
2026-05-16T15:17:39.091880,GET,/api/articles/list/large/,30.11,471824,0,
2026-05-16T15:17:39.123030,GET,/api/articles/list/large/,28.73,471824,0,
2026-05-16T15:17:39.175169,POST,/api/articles/analyze/,4.56,58,0,
2026-05-16T15:17:39.247335,POST,/api/articles/bulk/,6.73,34,0,
2026-05-16T15:17:39.377369,POST,/api/articles/analyze/,5.47,58,0,
2026-05-16T15:17:39.414317,GET,/api/articles/list/small/,7.47,23002,0,
2026-05-16T15:17:39.429478,POST,/api/articles/analyze/,2.79,58,0,
2026-05-16T15:17:39.499318,GET,/api/articles/list/large/,35.65,471824,0,
2026-05-16T15:17:39.594511,GET,/api/articles/list/small/,4.6,23002,0,
2026-05-16T15:17:39.608920,POST,/api/articles/bulk/,6.17,34,0,
2026-05-16T15:17:39.687709,POST,/api/articles/analyze/,6.39,58,0,
2026-05-16T15:17:39.690180,GET,/api/articles/list/small/,6.76,23002,0,
2026-05-16T15:17:39.696129,POST,/api/articles/bulk/,7.2,34,0,
2026-05-16T15:17:39.763919,POST,/api/articles/analyze/,4.44,58,0,
2026-05-16T15:17:39.808764,GET,/api/articles/list/small/,4.49,23002,0,
2026-05-16T15:17:39.825718,POST,/api/articles/analyze/,2.47,58,0,
2026-05-16T15:17:39.836637,POST,/api/articles/bulk/,6.74,34,0,
2026-05-16T15:17:39.851891,POST,/api/articles/bulk/,7.03,34,0,
2026-05-16T15:17:39.867057,POST,/api/articles/analyze/,2.81,58,0,
2026-05-16T15:17:39.886266,POST,/api/articles/bulk/,6.86,34,0,
2026-05-16T15:17:39.916712,POST,/api/articles/bulk/,7.11,34,0,
2026-05-16T15:17:39.948348,POST,/api/articles/analyze/,4.34,58,0,
2026-05-16T15:17:40.031966,POST,/api/articles/analyze/,2.89,58,0,
2026-05-16T15:17:40.067015,POST,/api/articles/analyze/,3.82,58,0,
2026-05-16T15:17:40.105502,GET,/api/articles/list/small/,4.29,23002,0,
2026-05-16T15:17:40.140144,GET,/api/articles/list/large/,33.27,471824,0,
2026-05-16T15:17:40.147786,GET,/api/articles/list/large/,33.3,471824,0,
2026-05-16T15:17:40.157556,GET,/api/articles/list/small/,4.41,23002,0,
2026-05-16T15:17:40.165401,GET,/api/articles/list/small/,5.75,23002,0,
2026-05-16T15:17:40.167849,POST,/api/articles/bulk/,8.88,34,0,
2026-05-16T15:17:40.185269,POST,/api/articles/bulk/,7.05,34,0,
2026-05-16T15:17:40.217488,POST,/api/articles/analyze/,2.83,58,0,
2026-05-16T15:17:40.408592,GET,/api/articles/list/small/,6.41,23002,0,
2026-05-16T15:17:40.487529,POST,/api/articles/bulk/,9.11,34,0,
2026-05-16T15:17:40.493165,GET,/api/articles/list/small/,4.34,23002,0,
2026-05-16T15:17:40.513115,GET,/api/articles/list/large/,35.23,471824,0,
2026-05-16T15:17:40.568568,POST,/api/articles/analyze/,2.62,58,0,
2026-05-16T15:17:40.577898,GET,/api/articles/list/large/,33.44,471824,0,
2026-05-16T15:17:40.625243,GET,/api/articles/list/large/,32.98,471824,0,
2026-05-16T15:17:40.793472,POST,/api/articles/bulk/,11.59,34,0,
2026-05-16T15:17:40.839878,GET,/api/articles/list/large/,33.0,471824,0,
2026-05-16T15:17:40.938128,POST,/api/articles/analyze/,4.85,58,0,
2026-05-16T15:17:40.978172,POST,/api/articles/analyze/,2.89,58,0,
2026-05-16T15:17:40.992362,POST,/api/articles/analyze/,2.93,58,0,
2026-05-16T15:17:40.998602,GET,/api/articles/list/large/,37.02,471824,0,
2026-05-16T15:17:40.999096,GET,/api/articles/list/small/,5.52,23002,0,
2026-05-16T15:17:41.071478,GET,/api/articles/list/small/,4.98,23002,0,
2026-05-16T15:17:41.106030,GET,/api/articles/list/small/,4.31,23002,0,
2026-05-16T15:17:41.147531,POST,/api/articles/analyze/,2.78,58,0,
2026-05-16T15:17:41.160182,GET,/api/articles/list/large/,32.95,471824,0,
2026-05-16T15:17:41.174143,GET,/api/articles/list/small/,4.41,23002,0,
2026-05-16T15:17:41.194426,POST,/api/articles/bulk/,6.94,34,0,
2026-05-16T15:17:41.221398,POST,/api/articles/analyze/,2.59,58,0,
2026-05-16T15:17:41.232722,POST,/api/articles/analyze/,3.03,58,0,
2026-05-16T15:17:41.251730,POST,/api/articles/analyze/,2.73,58,0,
2026-05-16T15:17:41.272577,POST,/api/articles/bulk/,7.23,34,0,
2026-05-16T15:17:41.294974,GET,/api/articles/list/large/,34.04,471824,0,
2026-05-16T15:17:41.299254,POST,/api/articles/bulk/,7.43,34,0,
2026-05-16T15:17:41.349925,GET,/api/articles/list/small/,4.49,23002,0,
2026-05-16T15:17:41.363462,POST,/api/articles/analyze/,2.39,58,0,
2026-05-16T15:17:41.443713,POST,/api/articles/bulk/,7.1,34,0,
2026-05-16T15:17:41.447553,GET,/api/articles/list/large/,39.59,471824,0,
2026-05-16T15:17:41.477108,GET,/api/articles/list/small/,4.34,23002,0,
2026-05-16T15:17:41.558057,GET,/api/articles/list/small/,4.53,23002,0,
2026-05-16T15:17:41.585053,POST,/api/articles/bulk/,7.33,34,0,
2026-05-16T15:17:41.611606,POST,/api/articles/bulk/,7.19,34,0,
2026-05-16T15:17:41.637287,GET,/api/articles/list/large/,34.86,471824,0,
2026-05-16T15:17:41.643378,POST,/api/articles/bulk/,8.54,34,0,
2026-05-16T15:17:41.724500,POST,/api/articles/analyze/,3.02,58,0,
2026-05-16T15:17:41.746463,GET,/api/articles/list/large/,39.74,471824,0,
2026-05-16T15:17:41.748676,GET,/api/articles/list/small/,4.98,23002,0,
2026-05-16T15:17:41.775162,POST,/api/articles/bulk/,7.13,34,0,
2026-05-16T15:17:41.874375,POST,/api/articles/analyze/,5.91,58,0,
2026-05-16T15:17:41.877883,POST,/api/articles/analyze/,5.37,58,0,
2026-05-16T15:17:42.005060,POST,/api/articles/bulk/,14.7,34,0,
2026-05-16T15:17:42.005603,POST,/api/articles/bulk/,12.83,34,0,
2026-05-16T15:17:42.145353,GET,/api/articles/list/large/,34.34,471824,0,
2026-05-16T15:17:42.284462,POST,/api/articles/bulk/,7.38,34,0,
2026-05-16T15:17:42.296408,POST,/api/articles/analyze/,2.56,58,0,
2026-05-16T15:17:42.371851,GET,/api/articles/list/large/,32.85,471824,0,
2026-05-16T15:17:42.415693,POST,/api/articles/bulk/,12.53,34,0,
2026-05-16T15:17:42.437190,POST,/api/articles/bulk/,7.29,34,0,
2026-05-16T15:17:42.445225,GET,/api/articles/list/large/,35.95,471824,0,
2026-05-16T15:17:42.488655,POST,/api/articles/bulk/,6.45,34,0,
2026-05-16T15:17:42.505047,GET,/api/articles/list/large/,33.45,471824,0,
2026-05-16T15:17:42.513741,POST,/api/articles/bulk/,7.31,34,0,
2026-05-16T15:17:42.574468,POST,/api/articles/bulk/,11.38,34,0,
2026-05-16T15:17:42.574868,POST,/api/articles/bulk/,10.47,34,0,
2026-05-16T15:17:42.601737,GET,/api/articles/list/large/,36.09,471824,0,
2026-05-16T15:17:42.611447,POST,/api/articles/bulk/,6.46,34,0,
2026-05-16T15:17:42.613150,GET,/api/articles/list/small/,4.23,23002,0,
2026-05-16T15:17:42.625541,GET,/api/articles/list/large/,37.46,471824,0,
2026-05-16T15:17:42.714263,GET,/api/articles/list/small/,6.29,23002,0,
2026-05-16T15:17:42.734641,POST,/api/articles/bulk/,7.0,34,0,
2026-05-16T15:17:42.741399,POST,/api/articles/analyze/,2.41,58,0,
2026-05-16T15:17:42.866592,POST,/api/articles/analyze/,2.72,58,0,
2026-05-16T15:17:42.881973,GET,/api/articles/list/large/,29.87,471824,0,
2026-05-16T15:17:42.940672,GET,/api/articles/list/small/,4.45,23002,0,
2026-05-16T15:17:42.966394,POST,/api/articles/bulk/,7.34,34,0,
2026-05-16T15:17:43.073795,GET,/api/articles/list/large/,37.74,471824,0,
2026-05-16T15:17:43.083667,GET,/api/articles/list/small/,4.43,23002,0,
2026-05-16T15:17:43.165602,GET,/api/articles/list/large/,38.69,471824,0,
2026-05-16T15:17:43.181235,GET,/api/articles/list/large/,33.02,471824,0,
2026-05-16T15:17:43.274141,POST,/api/articles/analyze/,2.85,58,0,
2026-05-16T15:17:43.290790,POST,/api/articles/analyze/,4.4,58,0,
2026-05-16T15:17:43.291855,GET,/api/articles/list/small/,4.37,23002,0,
2026-05-16T15:17:43.294606,GET,/api/articles/list/large/,36.91,471824,0,
2026-05-16T15:17:43.430403,GET,/api/articles/list/large/,41.37,471824,0,
2026-05-16T15:17:43.476654,GET,/api/articles/list/small/,7.95,23002,0,
2026-05-16T15:17:43.490279,GET,/api/articles/list/small/,4.35,23002,0,
2026-05-16T15:17:43.654177,POST,/api/articles/bulk/,10.09,34,0,
2026-05-16T15:17:43.738912,POST,/api/articles/analyze/,6.26,58,0,
2026-05-16T15:17:43.742893,POST,/api/articles/bulk/,9.25,34,0,
2026-05-16T15:17:43.793057,GET,/api/articles/list/large/,33.81,471824,0,
2026-05-16T15:17:43.798415,GET,/api/articles/list/large/,33.66,471824,0,
2026-05-16T15:17:43.830091,GET,/api/articles/list/small/,4.36,23002,0,
2026-05-16T15:17:43.840391,POST,/api/articles/bulk/,6.96,34,0,
2026-05-16T15:17:43.850552,POST,/api/articles/bulk/,6.87,34,0,
2026-05-16T15:17:43.907801,POST,/api/articles/analyze/,4.86,58,0,
2026-05-16T15:17:43.984540,GET,/api/articles/list/large/,33.37,471824,0,
2026-05-16T15:17:43.998791,POST,/api/articles/analyze/,2.89,58,0,
2026-05-16T15:17:44.000298,POST,/api/articles/bulk/,7.42,34,0,
2026-05-16T15:17:44.056038,GET,/api/articles/list/small/,4.51,23002,0,
2026-05-16T15:17:44.099672,GET,/api/articles/list/small/,7.37,23002,0,
2026-05-16T15:17:44.102056,GET,/api/articles/list/small/,5.0,23002,0,
2026-05-16T15:17:44.179385,GET,/api/articles/list/small/,6.03,23002,0,
2026-05-16T15:17:44.238853,POST,/api/articles/bulk/,7.24,34,0,
2026-05-16T15:17:44.327050,GET,/api/articles/list/small/,7.77,23002,0,
2026-05-16T15:17:44.327817,POST,/api/articles/analyze/,4.84,58,0,
2026-05-16T15:17:44.391906,GET,/api/articles/list/small/,4.6,23002,0,
2026-05-16T15:17:44.408976,POST,/api/articles/bulk/,7.23,34,0,
2026-05-16T15:17:44.424629,GET,/api/articles/list/large/,33.71,471824,0,
2026-05-16T15:17:44.431644,POST,/api/articles/analyze/,2.72,58,0,
2026-05-16T15:17:44.432838,GET,/api/articles/list/small/,4.96,23002,0,
2026-05-16T15:17:44.452398,GET,/api/articles/list/small/,4.23,23002,0,
2026-05-16T15:17:44.484402,POST,/api/articles/analyze/,2.81,58,0,
2026-05-16T15:17:44.545223,POST,/api/articles/analyze/,4.56,58,0,
2026-05-16T15:17:44.562297,POST,/api/articles/bulk/,7.6,34,0,
2026-05-16T15:17:44.565435,GET,/api/articles/list/small/,4.29,23002,0,
2026-05-16T15:17:44.591562,POST,/api/articles/bulk/,7.55,34,0,
2026-05-16T15:17:44.648895,POST,/api/articles/bulk/,7.11,34,0,
2026-05-16T15:17:44.695790,GET,/api/articles/list/small/,4.58,23002,0,
2026-05-16T15:17:44.751035,POST,/api/articles/analyze/,2.88,58,0,
2026-05-16T15:17:44.780848,GET,/api/articles/list/small/,4.44,23002,0,
2026-05-16T15:17:44.793058,POST,/api/articles/bulk/,6.99,34,0,
2026-05-16T15:17:44.912434,GET,/api/articles/list/small/,8.93,23002,0,
2026-05-16T15:17:44.942790,GET,/api/articles/list/small/,4.96,23002,0,
2026-05-16T15:17:44.949063,POST,/api/articles/bulk/,7.62,34,0,
2026-05-16T15:17:44.967097,GET,/api/articles/list/small/,5.07,23002,0,
2026-05-16T15:17:44.991942,GET,/api/articles/list/large/,34.49,471824,0,
2026-05-16T15:17:45.098418,POST,/api/articles/analyze/,4.43,58,0,
2026-05-16T15:17:45.128862,GET,/api/articles/list/large/,42.54,471824,0,
2026-05-16T15:17:45.129358,GET,/api/articles/list/small/,5.6,23002,0,
2026-05-16T15:17:45.246436,POST,/api/articles/bulk/,7.32,34,0,
2026-05-16T15:17:45.297326,POST,/api/articles/bulk/,11.53,34,0,
2026-05-16T15:17:45.332002,POST,/api/articles/analyze/,2.8,58,0,
2026-05-16T15:17:45.335725,GET,/api/articles/list/large/,33.01,471824,0,
2026-05-16T15:17:45.404831,POST,/api/articles/bulk/,12.67,34,0,
2026-05-16T15:17:45.438887,GET,/api/articles/list/small/,4.5,23002,0,
2026-05-16T15:17:45.482508,POST,/api/articles/analyze/,4.36,58,0,
2026-05-16T15:17:45.526152,GET,/api/articles/list/small/,4.39,23002,0,
2026-05-16T15:17:45.548711,POST,/api/articles/analyze/,3.24,58,0,
2026-05-16T15:17:45.550811,POST,/api/articles/analyze/,3.0,58,0,
2026-05-16T15:17:45.636514,GET,/api/articles/list/small/,6.15,23002,0,
2026-05-16T15:17:45.667576,POST,/api/articles/bulk/,7.24,34,0,
2026-05-16T15:17:45.675547,GET,/api/articles/list/large/,33.81,471824,0,
2026-05-16T15:17:45.839503,GET,/api/articles/list/large/,36.71,471824,0,
2026-05-16T15:17:45.844146,GET,/api/articles/list/small/,4.47,23002,0,
2026-05-16T15:17:45.859955,POST,/api/articles/analyze/,2.61,58,0,
2026-05-16T15:17:45.862764,GET,/api/articles/list/large/,34.27,471824,0,
2026-05-16T15:17:45.876531,GET,/api/articles/list/small/,4.38,23002,0,
2026-05-16T15:17:45.943166,GET,/api/articles/list/small/,6.24,23002,0,
2026-05-16T15:17:45.963806,POST,/api/articles/bulk/,7.22,34,0,
2026-05-16T15:17:46.069817,POST,/api/articles/analyze/,3.34,58,0,
2026-05-16T15:17:46.119648,POST,/api/articles/analyze/,4.48,58,0,
2026-05-16T15:17:46.213401,GET,/api/articles/list/small/,4.31,23002,0,
2026-05-16T15:17:46.222077,GET,/api/articles/list/large/,33.65,471824,0,
2026-05-16T15:17:46.260389,GET,/api/articles/list/small/,6.94,23002,0,
2026-05-16T15:17:46.319983,POST,/api/articles/bulk/,13.19,34,0,
2026-05-16T15:17:46.345662,GET,/api/articles/list/small/,4.28,23002,0,
2026-05-16T15:17:46.461098,POST,/api/articles/analyze/,4.75,58,0,
2026-05-16T15:17:46.526452,POST,/api/articles/bulk/,14.04,34,0,
2026-05-16T15:17:46.549044,GET,/api/articles/list/large/,33.65,471824,0,
2026-05-16T15:17:46.553318,GET,/api/articles/list/large/,41.74,471824,0,
2026-05-16T15:17:47.290088,POST,/api/articles/bulk/,8.34,34,0,
2026-05-16T15:17:47.311860,GET,/api/articles/list/large/,30.98,471824,0,
2026-05-16T15:17:47.338914,POST,/api/articles/analyze/,2.67,58,0,
2026-05-16T15:17:47.354476,GET,/api/articles/list/small/,4.2,23002,0,
2026-05-16T15:17:47.365779,GET,/api/articles/list/small/,4.12,23002,0,
2026-05-16T15:17:47.428411,POST,/api/articles/bulk/,11.26,34,0,
2026-05-16T15:17:47.441292,GET,/api/articles/list/small/,4.54,23002,0,
2026-05-16T15:17:47.475519,GET,/api/articles/list/small/,5.87,23002,0,
2026-05-16T15:17:47.500097,GET,/api/articles/list/small/,4.41,23002,0,
2026-05-16T15:17:47.520446,POST,/api/articles/analyze/,2.7,58,0,
2026-05-16T15:17:47.644308,POST,/api/articles/analyze/,4.57,58,0,
2026-05-16T15:17:47.666848,POST,/api/articles/analyze/,2.62,58,0,
2026-05-16T15:17:47.680410,GET,/api/articles/list/large/,34.74,471824,0,
2026-05-16T15:17:47.681327,GET,/api/articles/list/small/,4.63,23002,0,
2026-05-16T15:17:47.685685,GET,/api/articles/list/small/,4.22,23002,0,
2026-05-16T15:17:47.705695,GET,/api/articles/list/large/,37.58,471824,0,
2026-05-16T15:17:47.708914,POST,/api/articles/bulk/,7.99,34,0,
2026-05-16T15:17:47.799137,GET,/api/articles/list/large/,37.62,471824,0,
2026-05-16T15:17:47.819369,GET,/api/articles/list/small/,4.85,23002,0,
2026-05-16T15:17:47.846300,POST,/api/articles/analyze/,4.26,58,0,
2026-05-16T15:17:47.857101,POST,/api/articles/analyze/,2.4,58,0,
2026-05-16T15:17:47.926201,GET,/api/articles/list/large/,32.88,471824,0,
2026-05-16T15:17:47.954668,POST,/api/articles/bulk/,7.18,34,0,
2026-05-16T15:17:48.102934,POST,/api/articles/bulk/,13.79,34,0,
2026-05-16T15:17:48.130314,POST,/api/articles/analyze/,2.68,58,0,
2026-05-16T15:17:48.140579,POST,/api/articles/analyze/,2.9,58,0,
2026-05-16T15:17:48.145670,POST,/api/articles/analyze/,2.69,58,0,
2026-05-16T15:17:48.158431,GET,/api/articles/list/small/,4.32,23002,0,
2026-05-16T15:17:48.199038,POST,/api/articles/bulk/,7.37,34,0,
2026-05-16T15:17:48.223730,GET,/api/articles/list/small/,4.33,23002,0,
2026-05-16T15:17:48.259407,GET,/api/articles/list/small/,4.35,23002,0,
2026-05-16T15:17:48.340209,GET,/api/articles/list/small/,4.71,23002,0,
2026-05-16T15:17:48.382957,GET,/api/articles/list/large/,32.37,471824,0,
2026-05-16T15:17:48.442399,GET,/api/articles/list/small/,4.44,23002,0,
2026-05-16T15:17:48.448163,GET,/api/articles/list/large/,32.85,471824,0,
2026-05-16T15:17:48.458940,GET,/api/articles/list/small/,4.34,23002,0,
2026-05-16T15:17:48.489541,GET,/api/articles/list/small/,4.25,23002,0,
2026-05-16T15:17:48.668574,GET,/api/articles/list/large/,33.27,471824,0,
2026-05-16T15:17:48.681383,POST,/api/articles/analyze/,3.42,58,0,
2026-05-16T15:17:48.683332,GET,/api/articles/list/small/,4.89,23002,0,
2026-05-16T15:17:48.704371,POST,/api/articles/bulk/,7.66,34,0,
2026-05-16T15:17:48.917417,POST,/api/articles/bulk/,12.38,34,0,
2026-05-16T15:17:48.941036,POST,/api/articles/bulk/,8.23,34,0,
2026-05-16T15:17:48.946359,POST,/api/articles/bulk/,7.66,34,0,
2026-05-16T15:17:48.952819,POST,/api/articles/bulk/,7.57,34,0,
2026-05-16T15:17:48.953301,POST,/api/articles/analyze/,2.75,58,0,
2026-05-16T15:17:48.995982,GET,/api/articles/list/small/,4.45,23002,0,
2026-05-16T15:17:49.017734,GET,/api/articles/list/small/,4.4,23002,0,
2026-05-16T15:17:49.059096,GET,/api/articles/list/small/,4.86,23002,0,
2026-05-16T15:17:49.087719,GET,/api/articles/list/large/,34.71,471824,0,
2026-05-16T15:17:49.093828,GET,/api/articles/list/large/,28.51,471824,0,
2026-05-16T15:17:49.160859,POST,/api/articles/analyze/,4.58,58,0,
2026-05-16T15:17:49.209612,POST,/api/articles/analyze/,4.27,58,0,
2026-05-16T15:17:49.213397,POST,/api/articles/bulk/,7.55,34,0,
2026-05-16T15:17:49.265510,GET,/api/articles/list/large/,32.8,471824,0,
2026-05-16T15:17:49.298517,GET,/api/articles/list/small/,4.65,23002,0,
2026-05-16T15:17:49.386084,GET,/api/articles/list/large/,40.17,471824,0,
2026-05-16T15:17:49.389468,GET,/api/articles/list/large/,44.38,471824,0,
2026-05-16T15:17:49.477754,POST,/api/articles/analyze/,4.84,58,0,
2026-05-16T15:17:49.488530,POST,/api/articles/analyze/,3.54,58,0,
2026-05-16T15:17:49.518847,GET,/api/articles/list/large/,34.64,471824,0,
2026-05-16T15:17:49.569474,POST,/api/articles/bulk/,9.22,34,0,
2026-05-16T15:17:49.601842,POST,/api/articles/bulk/,7.15,34,0,
2026-05-16T15:17:49.625877,POST,/api/articles/analyze/,2.67,58,0,
2026-05-16T15:17:49.677589,GET,/api/articles/list/large/,33.51,471824,0,
2026-05-16T15:17:49.724864,POST,/api/articles/analyze/,2.86,58,0,
2026-05-16T15:17:49.765285,GET,/api/articles/list/large/,33.06,471824,0,
2026-05-16T15:17:49.783297,POST,/api/articles/analyze/,2.64,58,0,
2026-05-16T15:17:49.904990,POST,/api/articles/bulk/,7.24,34,0,
2026-05-16T15:17:49.928080,GET,/api/articles/list/small/,4.46,23002,0,
2026-05-16T15:17:49.964061,POST,/api/articles/analyze/,2.76,58,0,
2026-05-16T15:17:50.026766,POST,/api/articles/analyze/,4.35,58,0,
2026-05-16T15:17:50.066160,POST,/api/articles/bulk/,7.07,34,0,
2026-05-16T15:17:50.114187,POST,/api/articles/analyze/,2.76,58,0,
2026-05-16T15:17:50.131359,GET,/api/articles/list/small/,4.49,23002,0,
2026-05-16T15:17:50.179653,GET,/api/articles/list/small/,4.75,23002,0,
2026-05-16T15:17:50.192725,GET,/api/articles/list/small/,4.85,23002,0,
2026-05-16T15:17:50.218903,GET,/api/articles/list/large/,28.59,471824,0,
2026-05-16T15:17:50.272028,GET,/api/articles/list/small/,7.73,23002,0,
2026-05-16T15:17:50.289958,POST,/api/articles/analyze/,2.58,58,0,
2026-05-16T15:17:50.323988,POST,/api/articles/bulk/,6.95,34,0,
2026-05-16T15:17:50.379591,GET,/api/articles/list/small/,4.38,23002,0,
2026-05-16T15:17:50.438464,GET,/api/articles/list/large/,28.51,471824,0,
2026-05-16T15:17:50.459205,GET,/api/articles/list/small/,4.41,23002,0,
2026-05-16T15:17:50.536774,GET,/api/articles/list/large/,29.19,471824,0,
2026-05-16T15:17:50.583512,POST,/api/articles/bulk/,11.47,34,0,
2026-05-16T15:17:50.604354,POST,/api/articles/bulk/,6.45,34,0,
2026-05-16T15:17:50.644345,POST,/api/articles/bulk/,7.11,34,0,
2026-05-16T15:17:50.663036,GET,/api/articles/list/large/,29.34,471824,0,
2026-05-16T15:17:50.678651,GET,/api/articles/list/small/,4.28,23002,0,
2026-05-16T15:17:50.717426,GET,/api/articles/list/small/,4.58,23002,0,
2026-05-16T15:17:50.836039,POST,/api/articles/analyze/,4.5,58,0,
2026-05-16T15:17:50.849449,GET,/api/articles/list/large/,34.59,471824,0,
2026-05-16T15:17:50.858903,POST,/api/articles/bulk/,7.24,34,0,
2026-05-16T15:17:50.942083,POST,/api/articles/analyze/,4.6,58,0,
2026-05-16T15:17:50.966753,GET,/api/articles/list/small/,4.27,23002,0,
2026-05-16T15:17:51.014475,GET,/api/articles/list/small/,7.39,23002,0,
2026-05-16T15:17:51.112855,GET,/api/articles/list/large/,34.03,471824,0,
2026-05-16T15:17:51.153382,POST,/api/articles/bulk/,12.99,34,0,
2026-05-16T15:17:51.219353,POST,/api/articles/analyze/,4.57,58,0,
2026-05-16T15:17:51.279743,POST,/api/articles/bulk/,10.99,34,0,
2026-05-16T15:17:51.306663,GET,/api/articles/list/small/,4.58,23002,0,
2026-05-16T15:17:51.383558,POST,/api/articles/bulk/,11.41,34,0,
2026-05-16T15:17:51.423336,POST,/api/articles/bulk/,6.47,34,0,
2026-05-16T15:17:51.444906,POST,/api/articles/bulk/,6.26,34,0,
2026-05-16T15:17:51.461844,GET,/api/articles/list/small/,4.59,23002,0,
2026-05-16T15:17:51.533483,POST,/api/articles/bulk/,11.28,34,0,
2026-05-16T15:17:51.582191,GET,/api/articles/list/small/,4.74,23002,0,
2026-05-16T15:17:51.605740,GET,/api/articles/list/large/,36.99,471824,0,
2026-05-16T15:17:51.628849,GET,/api/articles/list/large/,29.44,471824,0,
2026-05-16T15:17:51.654403,POST,/api/articles/bulk/,6.37,34,0,
2026-05-16T15:17:51.751098,POST,/api/articles/analyze/,4.12,58,0,
2026-05-16T15:17:51.779046,POST,/api/articles/analyze/,2.58,58,0,
2026-05-16T15:17:51.809132,POST,/api/articles/analyze/,2.89,58,0,
2026-05-16T15:17:51.832682,GET,/api/articles/list/small/,4.44,23002,0,
2026-05-16T15:17:51.850721,GET,/api/articles/list/large/,30.3,471824,0,
2026-05-16T15:17:51.915661,GET,/api/articles/list/large/,33.53,471824,0,
2026-05-16T15:17:51.923279,GET,/api/articles/list/large/,33.48,471824,0,
2026-05-16T15:17:51.934281,POST,/api/articles/analyze/,2.56,58,0,
2026-05-16T15:17:51.996777,POST,/api/articles/analyze/,2.66,58,0,
2026-05-16T15:17:52.002180,POST,/api/articles/analyze/,3.17,58,0,
2026-05-16T15:17:52.003552,GET,/api/articles/list/large/,33.87,471824,0,
2026-05-16T15:17:52.006886,GET,/api/articles/list/small/,5.71,23002,0,
2026-05-16T15:17:52.056627,GET,/api/articles/list/large/,32.4,471824,0,
2026-05-16T15:17:52.107457,POST,/api/articles/analyze/,2.96,58,0,
2026-05-16T15:17:52.119254,GET,/api/articles/list/small/,4.56,23002,0,
2026-05-16T15:17:52.120500,GET,/api/articles/list/large/,33.67,471824,0,
2026-05-16T15:17:52.250154,GET,/api/articles/list/large/,37.97,471824,0,
2026-05-16T15:17:52.335585,POST,/api/articles/analyze/,2.88,58,0,
2026-05-16T15:17:52.339813,GET,/api/articles/list/small/,4.09,23002,0,
2026-05-16T15:17:52.363918,POST,/api/articles/analyze/,2.78,58,0,
2026-05-16T15:17:52.467961,GET,/api/articles/list/small/,5.6,23002,0,
2026-05-16T15:17:52.469038,GET,/api/articles/list/large/,38.75,471824,0,
2026-05-16T15:17:52.470140,GET,/api/articles/list/large/,38.98,471824,0,
2026-05-16T15:17:52.480530,POST,/api/articles/bulk/,7.21,34,0,
2026-05-16T15:17:52.524262,GET,/api/articles/list/large/,32.55,471824,0,
2026-05-16T15:17:52.594716,GET,/api/articles/list/large/,34.94,471824,0,
2026-05-16T15:17:52.793417,POST,/api/articles/analyze/,6.03,58,0,
2026-05-16T15:17:52.796466,GET,/api/articles/list/small/,8.09,23002,0,
2026-05-16T15:17:52.816929,GET,/api/articles/list/small/,4.39,23002,0,
2026-05-16T15:17:52.832409,GET,/api/articles/list/large/,37.59,471824,0,
2026-05-16T15:17:52.833161,POST,/api/articles/bulk/,7.97,34,0,
2026-05-16T15:17:52.858434,POST,/api/articles/analyze/,2.92,58,0,
2026-05-16T15:17:52.913378,POST,/api/articles/analyze/,2.74,58,0,
2026-05-16T15:17:53.051389,GET,/api/articles/list/large/,37.45,471824,0,
2026-05-16T15:17:53.054484,POST,/api/articles/analyze/,2.87,58,0,
2026-05-16T15:17:53.057163,GET,/api/articles/list/large/,33.32,471824,0,
2026-05-16T15:17:53.062759,GET,/api/articles/list/small/,4.24,23002,0,
2026-05-16T15:17:53.134664,POST,/api/articles/analyze/,3.05,58,0,
2026-05-16T15:17:53.159634,GET,/api/articles/list/large/,38.6,471824,0,
2026-05-16T15:17:53.259822,POST,/api/articles/bulk/,13.79,34,0,
2026-05-16T15:17:53.263194,GET,/api/articles/list/small/,4.94,23002,0,
2026-05-16T15:17:53.365649,GET,/api/articles/list/small/,8.41,23002,0,
2026-05-16T15:17:53.370353,POST,/api/articles/bulk/,14.53,34,0,
2026-05-16T15:17:53.375920,GET,/api/articles/list/small/,4.2,23002,0,
2026-05-16T15:17:53.447675,GET,/api/articles/list/small/,8.42,23002,0,
2026-05-16T15:17:53.494690,POST,/api/articles/analyze/,2.77,58,0,
2026-05-16T15:17:53.558287,POST,/api/articles/bulk/,8.16,34,0,
2026-05-16T15:17:53.641063,GET,/api/articles/list/large/,33.48,471824,0,
2026-05-16T15:17:53.653178,GET,/api/articles/list/large/,33.99,471824,0,
2026-05-16T15:17:53.669215,GET,/api/articles/list/large/,33.38,471824,0,
2026-05-16T15:17:53.792303,GET,/api/articles/list/small/,7.54,23002,0,
2026-05-16T15:17:53.793812,POST,/api/articles/bulk/,12.07,34,0,
2026-05-16T15:17:53.818433,GET,/api/articles/list/small/,4.29,23002,0,
2026-05-16T15:17:53.862515,POST,/api/articles/analyze/,2.87,58,0,
2026-05-16T15:17:53.918412,POST,/api/articles/bulk/,20.54,34,0,
2026-05-16T15:17:53.928013,POST,/api/articles/analyze/,5.18,58,0,
2026-05-16T15:17:53.944297,POST,/api/articles/analyze/,3.79,58,0,
2026-05-16T15:17:53.983317,POST,/api/articles/analyze/,3.52,58,0,
2026-05-16T15:17:53.991037,GET,/api/articles/list/large/,41.44,471824,0,
2026-05-16T15:17:54.114218,GET,/api/articles/list/large/,33.83,471824,0,
2026-05-16T15:17:54.139794,POST,/api/articles/analyze/,3.04,58,0,
2026-05-16T15:17:54.171970,POST,/api/articles/bulk/,7.28,34,0,
2026-05-16T15:17:54.181396,POST,/api/articles/bulk/,8.15,34,0,
2026-05-16T15:17:54.186651,GET,/api/articles/list/large/,33.59,471824,0,
2026-05-16T15:17:54.270470,GET,/api/articles/list/small/,8.41,23002,0,
2026-05-16T15:17:54.285756,POST,/api/articles/analyze/,2.78,58,0,
2026-05-16T15:17:54.295938,POST,/api/articles/bulk/,6.81,34,0,
2026-05-16T15:17:54.304331,GET,/api/articles/list/small/,4.03,23002,0,
2026-05-16T15:17:54.316193,POST,/api/articles/analyze/,3.5,58,0,
2026-05-16T15:17:54.383123,GET,/api/articles/list/large/,33.26,471824,0,
2026-05-16T15:17:54.403809,POST,/api/articles/bulk/,7.27,34,0,
2026-05-16T15:17:54.413894,POST,/api/articles/bulk/,6.88,34,0,
2026-05-16T15:17:54.417065,POST,/api/articles/analyze/,3.07,58,0,
2026-05-16T15:17:54.417496,POST,/api/articles/analyze/,2.57,58,0,
2026-05-16T15:17:54.422240,POST,/api/articles/analyze/,2.56,58,0,
2026-05-16T15:17:54.428789,GET,/api/articles/list/small/,4.21,23002,0,
2026-05-16T15:17:54.430713,POST,/api/articles/analyze/,2.74,58,0,
2026-05-16T15:17:54.564179,POST,/api/articles/analyze/,5.74,58,0,
2026-05-16T15:17:54.708897,GET,/api/articles/list/small/,8.24,23002,0,
2026-05-16T15:17:54.881766,POST,/api/articles/analyze/,3.01,58,0,
2026-05-16T15:17:54.904632,GET,/api/articles/list/small/,4.47,23002,0,
2026-05-16T15:17:54.946830,POST,/api/articles/analyze/,2.69,58,0,
2026-05-16T15:17:54.977251,POST,/api/articles/bulk/,7.09,34,0,
2026-05-16T15:17:55.103286,GET,/api/articles/list/large/,40.62,471824,0,
2026-05-16T15:17:55.110889,GET,/api/articles/list/small/,4.33,23002,0,
2026-05-16T15:17:55.140965,GET,/api/articles/list/large/,41.33,471824,0,
2026-05-16T15:17:55.246525,GET,/api/articles/list/large/,37.15,471824,0,
2026-05-16T15:17:55.290448,POST,/api/articles/analyze/,4.61,58,0,
2026-05-16T15:17:55.337611,POST,/api/articles/analyze/,2.79,58,0,
2026-05-16T15:17:55.397133,POST,/api/articles/bulk/,9.98,34,0,
2026-05-16T15:17:55.423619,GET,/api/articles/list/large/,34.96,471824,0,
2026-05-16T15:17:55.471337,GET,/api/articles/list/small/,7.76,23002,0,
2026-05-16T15:17:55.473566,POST,/api/articles/bulk/,9.22,34,0,
2026-05-16T15:17:55.493283,GET,/api/articles/list/large/,40.43,471824,0,
2026-05-16T15:17:55.564820,GET,/api/articles/list/small/,7.03,23002,0,
2026-05-16T15:17:55.569341,POST,/api/articles/bulk/,7.97,34,0,
2026-05-16T15:17:55.596286,POST,/api/articles/analyze/,2.76,58,0,
2026-05-16T15:17:55.670264,POST,/api/articles/analyze/,2.8,58,0,
2026-05-16T15:17:55.677019,GET,/api/articles/list/small/,4.37,23002,0,
2026-05-16T15:17:55.711400,GET,/api/articles/list/large/,33.02,471824,0,
2026-05-16T15:17:55.731148,GET,/api/articles/list/large/,33.31,471824,0,
2026-05-16T15:17:55.733132,GET,/api/articles/list/small/,4.47,23002,0,
2026-05-16T15:17:55.733538,POST,/api/articles/bulk/,7.85,34,0,
2026-05-16T15:17:55.762191,POST,/api/articles/bulk/,7.1,34,0,
2026-05-16T15:17:55.786667,POST,/api/articles/bulk/,7.12,34,0,
2026-05-16T15:17:55.856080,GET,/api/articles/list/large/,41.18,471824,0,
2026-05-16T15:17:55.866508,GET,/api/articles/list/large/,33.35,471824,0,
2026-05-16T15:17:55.889196,GET,/api/articles/list/large/,32.99,471824,0,
2026-05-16T15:17:56.038474,GET,/api/articles/list/small/,4.53,23002,0,
2026-05-16T15:17:56.102173,POST,/api/articles/bulk/,8.29,34,0,
2026-05-16T15:17:56.194865,GET,/api/articles/list/small/,4.44,23002,0,
2026-05-16T15:17:56.215927,GET,/api/articles/list/large/,40.16,471824,0,
2026-05-16T15:17:56.294236,GET,/api/articles/list/large/,40.02,471824,0,
2026-05-16T15:17:56.386775,GET,/api/articles/list/large/,33.85,471824,0,
2026-05-16T15:17:56.388797,POST,/api/articles/analyze/,4.09,58,0,
2026-05-16T15:17:56.451631,POST,/api/articles/analyze/,4.48,58,0,
2026-05-16T15:17:56.468868,POST,/api/articles/bulk/,6.81,34,0,
2026-05-16T15:17:56.519588,GET,/api/articles/list/large/,32.28,471824,0,
2026-05-16T15:17:56.524861,POST,/api/articles/analyze/,2.82,58,0,
2026-05-16T15:17:56.575995,POST,/api/articles/analyze/,4.57,58,0,
2026-05-16T15:17:56.695031,POST,/api/articles/bulk/,9.6,34,0,
2026-05-16T15:17:56.805504,POST,/api/articles/bulk/,11.94,34,0,
2026-05-16T15:17:56.880666,GET,/api/articles/list/small/,7.73,23002,0,
2026-05-16T15:17:56.884237,GET,/api/articles/list/small/,6.52,23002,0,
2026-05-16T15:17:56.920367,POST,/api/articles/bulk/,7.34,34,0,
2026-05-16T15:17:56.927059,GET,/api/articles/list/small/,4.44,23002,0,
2026-05-16T15:17:56.930280,GET,/api/articles/list/large/,36.7,471824,0,
2026-05-16T15:17:56.938395,POST,/api/articles/analyze/,2.73,58,0,
2026-05-16T15:17:56.939938,POST,/api/articles/analyze/,2.86,58,0,
2026-05-16T15:17:57.024648,GET,/api/articles/list/small/,7.14,23002,0,
2026-05-16T15:17:57.118084,POST,/api/articles/bulk/,7.69,34,0,
2026-05-16T15:17:57.119199,POST,/api/articles/bulk/,10.21,34,0,
2026-05-16T15:17:57.121927,POST,/api/articles/analyze/,2.63,58,0,
2026-05-16T15:17:57.131315,GET,/api/articles/list/small/,4.06,23002,0,
2026-05-16T15:17:57.195847,GET,/api/articles/list/small/,4.71,23002,0,
2026-05-16T15:17:57.197447,GET,/api/articles/list/large/,32.71,471824,0,
2026-05-16T15:17:57.249464,POST,/api/articles/bulk/,7.34,34,0,
2026-05-16T15:17:57.260279,GET,/api/articles/list/large/,36.62,471824,0,
2026-05-16T15:17:57.322512,POST,/api/articles/analyze/,6.37,58,0,
2026-05-16T15:17:57.324487,GET,/api/articles/list/small/,5.97,23002,0,
2026-05-16T15:17:57.326363,POST,/api/articles/bulk/,11.71,34,0,
2026-05-16T15:17:57.355622,GET,/api/articles/list/large/,34.12,471824,0,
2026-05-16T15:17:57.378824,GET,/api/articles/list/large/,34.24,471824,0,
2026-05-16T15:17:57.384999,POST,/api/articles/bulk/,8.2,34,0,
2026-05-16T15:17:57.438089,GET,/api/articles/list/small/,4.43,23002,0,
2026-05-16T15:17:57.453425,GET,/api/articles/list/large/,37.18,471824,0,
2026-05-16T15:17:57.489850,POST,/api/articles/bulk/,7.19,34,0,
2026-05-16T15:17:57.510609,GET,/api/articles/list/small/,6.4,23002,0,
2026-05-16T15:17:57.513827,POST,/api/articles/bulk/,8.36,34,0,
2026-05-16T15:17:57.622456,POST,/api/articles/bulk/,10.1,34,0,
2026-05-16T15:17:57.788843,GET,/api/articles/list/small/,10.61,23002,0,
2026-05-16T15:17:57.796332,POST,/api/articles/bulk/,10.16,34,0,
2026-05-16T15:17:57.950912,GET,/api/articles/list/small/,6.88,23002,0,
2026-05-16T15:17:57.956981,POST,/api/articles/analyze/,2.69,58,0,
2026-05-16T15:17:57.982043,GET,/api/articles/list/small/,4.73,23002,0,
2026-05-16T15:17:58.006951,POST,/api/articles/bulk/,7.61,34,0,
2026-05-16T15:17:58.102625,POST,/api/articles/bulk/,9.41,34,0,
2026-05-16T15:17:58.134427,GET,/api/articles/list/large/,32.82,471824,0,
2026-05-16T15:17:58.174990,POST,/api/articles/bulk/,7.18,34,0,
2026-05-16T15:17:58.296025,POST,/api/articles/bulk/,10.61,34,0,
2026-05-16T15:17:58.338727,GET,/api/articles/list/large/,34.32,471824,0,
2026-05-16T15:17:58.343714,POST,/api/articles/analyze/,2.74,58,0,
2026-05-16T15:17:58.350273,GET,/api/articles/list/large/,34.39,471824,0,
2026-05-16T15:17:58.362567,POST,/api/articles/bulk/,8.61,34,0,
2026-05-16T15:17:58.395579,GET,/api/articles/list/large/,34.46,471824,0,
2026-05-16T15:17:58.472519,GET,/api/articles/list/small/,8.62,23002,0,
2026-05-16T15:17:58.488252,POST,/api/articles/bulk/,7.23,34,0,
2026-05-16T15:17:58.551807,POST,/api/articles/analyze/,3.26,58,0,
2026-05-16T15:17:58.601257,GET,/api/articles/list/small/,4.38,23002,0,
2026-05-16T15:17:58.625196,GET,/api/articles/list/large/,33.99,471824,0,
2026-05-16T15:17:58.665264,POST,/api/articles/bulk/,7.84,34,0,
2026-05-16T15:17:58.669137,GET,/api/articles/list/small/,4.76,23002,0,
2026-05-16T15:17:58.710876,GET,/api/articles/list/large/,34.4,471824,0,
2026-05-16T15:17:58.722682,GET,/api/articles/list/small/,4.43,23002,0,
2026-05-16T15:17:58.757594,GET,/api/articles/list/small/,4.54,23002,0,
2026-05-16T15:17:58.841166,GET,/api/articles/list/small/,4.4,23002,0,
2026-05-16T15:17:58.974373,GET,/api/articles/list/small/,7.72,23002,0,
2026-05-16T15:17:59.007408,GET,/api/articles/list/large/,30.65,471824,0,
2026-05-16T15:17:59.021795,GET,/api/articles/list/large/,32.74,471824,0,
2026-05-16T15:17:59.042973,POST,/api/articles/analyze/,2.8,58,0,
2026-05-16T15:17:59.052453,GET,/api/articles/list/small/,4.1,23002,0,
2026-05-16T15:17:59.091502,GET,/api/articles/list/large/,32.65,471824,0,
2026-05-16T15:17:59.111063,GET,/api/articles/list/small/,4.26,23002,0,
2026-05-16T15:17:59.116850,POST,/api/articles/analyze/,2.47,58,0,
2026-05-16T15:17:59.157057,GET,/api/articles/list/large/,28.85,471824,0,
2026-05-16T15:17:59.178366,GET,/api/articles/list/large/,36.79,471824,0,
2026-05-16T15:17:59.241896,GET,/api/articles/list/large/,33.16,471824,0,
2026-05-16T15:17:59.413925,POST,/api/articles/analyze/,5.3,58,0,
2026-05-16T15:17:59.420845,POST,/api/articles/analyze/,3.42,58,0,
2026-05-16T15:17:59.441886,POST,/api/articles/analyze/,2.74,58,0,
2026-05-16T15:17:59.533462,GET,/api/articles/list/large/,37.22,471824,0,
2026-05-16T15:17:59.537118,GET,/api/articles/list/small/,5.3,23002,0,
2026-05-16T15:17:59.539379,GET,/api/articles/list/small/,4.26,23002,0,
2026-05-16T15:17:59.603329,GET,/api/articles/list/large/,33.37,471824,0,
2026-05-16T15:17:59.668087,POST,/api/articles/analyze/,3.35,58,0,
2026-05-16T15:17:59.668537,POST,/api/articles/analyze/,3.25,58,0,
2026-05-16T15:17:59.692923,GET,/api/articles/list/small/,5.17,23002,0,
2026-05-16T15:17:59.721164,GET,/api/articles/list/large/,32.93,471824,0,
2026-05-16T15:17:59.775324,GET,/api/articles/list/small/,7.57,23002,0,
2026-05-16T15:17:59.837008,POST,/api/articles/analyze/,2.7,58,0,
2026-05-16T15:17:59.838300,GET,/api/articles/list/large/,33.77,471824,0,
2026-05-16T15:17:59.838908,POST,/api/articles/bulk/,7.38,34,0,
2026-05-16T15:17:59.853324,GET,/api/articles/list/large/,33.24,471824,0,
2026-05-16T15:17:59.853950,GET,/api/articles/list/small/,4.81,23002,0,
2026-05-16T15:17:59.877539,GET,/api/articles/list/small/,4.27,23002,0,
2026-05-16T15:17:59.896310,POST,/api/articles/bulk/,6.98,34,0,
2026-05-16T15:17:59.922978,GET,/api/articles/list/large/,34.09,471824,0,
2026-05-16T15:17:59.961656,GET,/api/articles/list/small/,4.43,23002,0,
2026-05-16T15:18:00.011588,POST,/api/articles/analyze/,2.72,58,0,
2026-05-16T15:18:00.168905,GET,/api/articles/list/small/,4.66,23002,0,
2026-05-16T15:18:00.192334,POST,/api/articles/analyze/,3.02,58,0,
2026-05-16T15:18:00.264488,GET,/api/articles/list/large/,33.91,471824,0,
2026-05-16T15:18:00.314179,GET,/api/articles/list/small/,6.27,23002,0,
2026-05-16T15:18:00.465746,POST,/api/articles/analyze/,2.82,58,0,
2026-05-16T15:18:00.468992,GET,/api/articles/list/large/,34.32,471824,0,
2026-05-16T15:18:00.495377,GET,/api/articles/list/large/,33.03,471824,0,
2026-05-16T15:18:00.505079,POST,/api/articles/bulk/,7.27,34,0,
2026-05-16T15:18:00.531199,POST,/api/articles/analyze/,2.74,58,0,
2026-05-16T15:18:00.542242,POST,/api/articles/analyze/,2.67,58,0,
2026-05-16T15:18:00.608565,POST,/api/articles/bulk/,12.83,34,0,
2026-05-16T15:18:00.640984,POST,/api/articles/bulk/,7.03,34,0,
2026-05-16T15:18:00.840827,POST,/api/articles/bulk/,13.06,34,0,
2026-05-16T15:18:00.856296,GET,/api/articles/list/small/,5.25,23002,0,
2026-05-16T15:18:00.858462,POST,/api/articles/bulk/,9.27,34,0,
2026-05-16T15:18:00.938195,POST,/api/articles/bulk/,7.36,34,0,
2026-05-16T15:18:00.950754,POST,/api/articles/analyze/,2.38,58,0,
2026-05-16T15:18:01.060303,GET,/api/articles/list/large/,36.92,471824,0,
2026-05-16T15:18:01.085786,GET,/api/articles/list/large/,33.79,471824,0,
2026-05-16T15:18:01.096942,POST,/api/articles/analyze/,2.83,58,0,
2026-05-16T15:18:01.107061,GET,/api/articles/list/large/,35.5,471824,0,
2026-05-16T15:18:01.108300,GET,/api/articles/list/large/,35.44,471824,0,
2026-05-16T15:18:01.120250,GET,/api/articles/list/small/,4.62,23002,0,
2026-05-16T15:18:01.156047,POST,/api/articles/bulk/,8.51,34,0,
2026-05-16T15:18:01.171411,POST,/api/articles/analyze/,2.97,58,0,
2026-05-16T15:18:01.192225,POST,/api/articles/bulk/,7.52,34,0,
2026-05-16T15:18:01.201854,POST,/api/articles/analyze/,2.32,58,0,
2026-05-16T15:18:01.346778,POST,/api/articles/analyze/,2.43,58,0,
2026-05-16T15:18:01.374350,GET,/api/articles/list/large/,34.97,471824,0,
2026-05-16T15:18:01.375992,GET,/api/articles/list/large/,40.68,471824,0,
2026-05-16T15:18:01.410694,POST,/api/articles/bulk/,7.32,34,0,
2026-05-16T15:18:01.424383,GET,/api/articles/list/small/,4.32,23002,0,
2026-05-16T15:18:01.508446,POST,/api/articles/analyze/,2.68,58,0,
2026-05-16T15:18:01.530062,POST,/api/articles/analyze/,2.4,58,0,
2026-05-16T15:18:01.599130,GET,/api/articles/list/large/,36.91,471824,0,
2026-05-16T15:18:01.736229,POST,/api/articles/analyze/,3.24,58,0,
2026-05-16T15:18:01.740971,POST,/api/articles/analyze/,2.47,58,0,
2026-05-16T15:18:01.760442,GET,/api/articles/list/small/,4.81,23002,0,
2026-05-16T15:18:01.763190,GET,/api/articles/list/large/,38.69,471824,0,
2026-05-16T15:18:01.778470,GET,/api/articles/list/large/,33.3,471824,0,
2026-05-16T15:18:01.867839,GET,/api/articles/list/small/,8.01,23002,0,
2026-05-16T15:18:01.926352,POST,/api/articles/bulk/,7.13,34,0,
2026-05-16T15:18:01.940088,GET,/api/articles/list/small/,4.38,23002,0,
2026-05-16T15:18:01.986916,GET,/api/articles/list/small/,4.3,23002,0,
2026-05-16T15:18:02.021697,POST,/api/articles/analyze/,4.53,58,0,
2026-05-16T15:18:02.079193,POST,/api/articles/bulk/,7.44,34,0,
2026-05-16T15:18:02.088947,GET,/api/articles/list/large/,36.81,471824,0,
2026-05-16T15:18:02.116776,GET,/api/articles/list/small/,4.44,23002,0,
2026-05-16T15:18:02.149612,GET,/api/articles/list/large/,32.71,471824,0,
2026-05-16T15:18:02.219731,POST,/api/articles/analyze/,4.54,58,0,
2026-05-16T15:18:02.297217,GET,/api/articles/list/large/,32.74,471824,0,
2026-05-16T15:18:02.345815,GET,/api/articles/list/large/,33.2,471824,0,
2026-05-16T15:18:02.430057,POST,/api/articles/bulk/,7.08,34,0,
2026-05-16T15:18:02.433971,POST,/api/articles/analyze/,2.67,58,0,
2026-05-16T15:18:02.445962,POST,/api/articles/analyze/,2.82,58,0,
2026-05-16T15:18:02.453245,GET,/api/articles/list/large/,35.79,471824,0,
2026-05-16T15:18:02.531717,GET,/api/articles/list/small/,7.1,23002,0,
2026-05-16T15:18:02.546180,POST,/api/articles/bulk/,7.13,34,0,
2026-05-16T15:18:02.561516,POST,/api/articles/bulk/,7.04,34,0,
2026-05-16T15:18:02.590850,POST,/api/articles/bulk/,7.02,34,0,
2026-05-16T15:18:02.607107,POST,/api/articles/analyze/,2.88,58,0,
2026-05-16T15:18:02.839210,GET,/api/articles/list/large/,32.52,471824,0,
2026-05-16T15:18:02.853938,POST,/api/articles/bulk/,7.32,34,0,
2026-05-16T15:18:02.863588,POST,/api/articles/bulk/,7.29,34,0,
2026-05-16T15:18:02.890868,POST,/api/articles/analyze/,3.02,58,0,
2026-05-16T15:18:03.073401,GET,/api/articles/list/large/,41.82,471824,0,
2026-05-16T15:18:03.112089,POST,/api/articles/bulk/,7.42,34,0,
2026-05-16T15:18:03.125248,POST,/api/articles/analyze/,2.78,58,0,
2026-05-16T15:18:03.148400,POST,/api/articles/analyze/,2.8,58,0,
2026-05-16T15:18:03.204773,GET,/api/articles/list/large/,32.89,471824,0,
2026-05-16T15:18:03.209262,GET,/api/articles/list/small/,4.37,23002,0,
2026-05-16T15:18:03.216651,GET,/api/articles/list/small/,4.03,23002,0,
2026-05-16T15:18:03.296219,POST,/api/articles/bulk/,7.24,34,0,
2026-05-16T15:18:03.337185,GET,/api/articles/list/large/,32.57,471824,0,
2026-05-16T15:18:03.432112,POST,/api/articles/analyze/,5.39,58,0,
2026-05-16T15:18:03.437935,POST,/api/articles/analyze/,2.62,58,0,
2026-05-16T15:18:03.463620,GET,/api/articles/list/large/,35.87,471824,0,
2026-05-16T15:18:03.494943,GET,/api/articles/list/large/,33.16,471824,0,
2026-05-16T15:18:03.546543,GET,/api/articles/list/large/,38.3,471824,0,
2026-05-16T15:18:03.603334,GET,/api/articles/list/large/,32.43,471824,0,
2026-05-16T15:18:03.606743,POST,/api/articles/bulk/,7.28,34,0,
2026-05-16T15:18:03.626977,POST,/api/articles/analyze/,2.87,58,0,
2026-05-16T15:18:03.638294,POST,/api/articles/bulk/,7.02,34,0,
2026-05-16T15:18:03.735045,GET,/api/articles/list/large/,35.26,471824,0,
2026-05-16T15:18:03.750670,GET,/api/articles/list/large/,33.37,471824,0,
2026-05-16T15:18:03.778974,GET,/api/articles/list/large/,33.19,471824,0,
2026-05-16T15:18:03.872846,GET,/api/articles/list/large/,36.55,471824,0,
2026-05-16T15:18:03.894045,GET,/api/articles/list/large/,33.19,471824,0,
2026-05-16T15:18:03.916841,GET,/api/articles/list/small/,4.41,23002,0,
2026-05-16T15:18:03.935163,POST,/api/articles/bulk/,6.96,34,0,
2026-05-16T15:18:04.000143,POST,/api/articles/analyze/,2.63,58,0,
2026-05-16T15:18:04.001048,POST,/api/articles/bulk/,7.49,34,0,
2026-05-16T15:18:04.065919,GET,/api/articles/list/large/,32.59,471824,0,
2026-05-16T15:18:04.189358,POST,/api/articles/analyze/,4.7,58,0,
2026-05-16T15:18:04.214690,GET,/api/articles/list/large/,41.24,471824,0,
2026-05-16T15:18:04.220445,GET,/api/articles/list/small/,4.55,23002,0,
2026-05-16T15:18:04.354752,POST,/api/articles/bulk/,6.94,34,0,
2026-05-16T15:18:04.372941,POST,/api/articles/bulk/,6.97,34,0,
2026-05-16T15:18:04.377869,GET,/api/articles/list/large/,32.78,471824,0,
2026-05-16T15:18:04.415423,GET,/api/articles/list/small/,4.33,23002,0,
2026-05-16T15:18:04.481576,POST,/api/articles/analyze/,2.87,58,0,
2026-05-16T15:18:04.522323,GET,/api/articles/list/small/,4.51,23002,0,
2026-05-16T15:18:04.560084,GET,/api/articles/list/small/,4.5,23002,0,
2026-05-16T15:18:04.725936,POST,/api/articles/bulk/,8.14,34,0,
2026-05-16T15:18:04.734326,POST,/api/articles/bulk/,7.01,34,0,
2026-05-16T15:18:04.781799,GET,/api/articles/list/small/,4.3,23002,0,
2026-05-16T15:18:04.788225,GET,/api/articles/list/large/,33.57,471824,0,
2026-05-16T15:18:04.788691,POST,/api/articles/analyze/,5.68,58,0,
2026-05-16T15:18:04.817795,GET,/api/articles/list/large/,33.02,471824,0,
2026-05-16T15:18:04.840444,GET,/api/articles/list/small/,4.39,23002,0,
2026-05-16T15:18:04.845333,GET,/api/articles/list/large/,33.41,471824,0,
2026-05-16T15:18:04.900459,GET,/api/articles/list/small/,7.73,23002,0,
2026-05-16T15:18:04.936116,GET,/api/articles/list/small/,4.3,23002,0,
2026-05-16T15:18:04.999792,POST,/api/articles/analyze/,2.69,58,0,
2026-05-16T15:18:05.009020,POST,/api/articles/bulk/,7.04,34,0,
2026-05-16T15:18:05.015599,GET,/api/articles/list/large/,33.04,471824,0,
2026-05-16T15:18:05.045640,POST,/api/articles/analyze/,2.7,58,0,
2026-05-16T15:18:05.077391,POST,/api/articles/bulk/,6.94,34,0,
2026-05-16T15:18:05.079854,GET,/api/articles/list/large/,32.85,471824,0,
2026-05-16T15:18:05.128282,GET,/api/articles/list/large/,33.12,471824,0,
2026-05-16T15:18:05.150186,POST,/api/articles/analyze/,2.59,58,0,
2026-05-16T15:18:05.208091,GET,/api/articles/list/small/,5.36,23002,0,
2026-05-16T15:18:05.208631,GET,/api/articles/list/small/,4.72,23002,0,
2026-05-16T15:18:05.346211,POST,/api/articles/analyze/,5.14,58,0,
2026-05-16T15:18:05.363354,POST,/api/articles/analyze/,2.75,58,0,
2026-05-16T15:18:05.383851,POST,/api/articles/analyze/,3.6,58,0,
2026-05-16T15:18:05.385580,GET,/api/articles/list/small/,5.76,23002,0,
2026-05-16T15:18:05.385945,POST,/api/articles/analyze/,3.32,58,0,
2026-05-16T15:18:05.405494,GET,/api/articles/list/small/,4.29,23002,0,
2026-05-16T15:18:05.461362,GET,/api/articles/list/large/,32.62,471824,0,
2026-05-16T15:18:05.490114,GET,/api/articles/list/small/,4.59,23002,0,
2026-05-16T15:18:05.527974,POST,/api/articles/analyze/,3.01,58,0,
2026-05-16T15:18:05.529906,GET,/api/articles/list/small/,5.43,23002,0,
2026-05-16T15:18:05.595594,GET,/api/articles/list/small/,4.4,23002,0,
2026-05-16T15:18:05.604903,POST,/api/articles/bulk/,7.1,34,0,
2026-05-16T15:18:05.616781,GET,/api/articles/list/small/,4.52,23002,0,
2026-05-16T15:18:05.894895,POST,/api/articles/analyze/,2.84,58,0,
2026-05-16T15:18:05.907678,GET,/api/articles/list/large/,40.04,471824,0,
2026-05-16T15:18:06.030799,GET,/api/articles/list/large/,38.58,471824,0,
2026-05-16T15:18:06.051565,GET,/api/articles/list/small/,4.32,23002,0,
2026-05-16T15:18:06.093199,GET,/api/articles/list/large/,32.19,471824,0,
2026-05-16T15:18:06.107560,POST,/api/articles/bulk/,6.99,34,0,
2026-05-16T15:18:06.156809,POST,/api/articles/bulk/,7.06,34,0,
2026-05-16T15:18:06.242410,POST,/api/articles/bulk/,11.29,34,0,
2026-05-16T15:18:06.350614,GET,/api/articles/list/large/,33.77,471824,0,
2026-05-16T15:18:06.383101,POST,/api/articles/bulk/,7.22,34,0,
2026-05-16T15:18:06.404697,GET,/api/articles/list/small/,4.24,23002,0,
2026-05-16T15:18:06.405944,POST,/api/articles/bulk/,7.5,34,0,
2026-05-16T15:18:06.443795,GET,/api/articles/list/small/,4.48,23002,0,
2026-05-16T15:18:06.459752,POST,/api/articles/analyze/,2.61,58,0,
2026-05-16T15:18:06.538137,GET,/api/articles/list/small/,10.0,23002,0,
2026-05-16T15:18:06.540818,POST,/api/articles/bulk/,9.92,34,0,
2026-05-16T15:18:06.565926,POST,/api/articles/analyze/,3.08,58,0,
2026-05-16T15:18:06.593184,GET,/api/articles/list/large/,32.99,471824,0,
2026-05-16T15:18:06.603932,GET,/api/articles/list/large/,32.84,471824,0,
2026-05-16T15:18:06.604455,GET,/api/articles/list/small/,5.09,23002,0,
2026-05-16T15:18:06.655676,POST,/api/articles/analyze/,4.03,58,0,
2026-05-16T15:18:06.672353,POST,/api/articles/bulk/,7.31,34,0,
2026-05-16T15:18:06.707438,GET,/api/articles/list/large/,33.74,471824,0,
2026-05-16T15:18:06.734595,POST,/api/articles/analyze/,2.79,58,0,
2026-05-16T15:18:06.798994,GET,/api/articles/list/small/,7.81,23002,0,
2026-05-16T15:18:06.826451,POST,/api/articles/analyze/,2.53,58,0,
2026-05-16T15:18:06.853839,GET,/api/articles/list/large/,33.48,471824,0,
2026-05-16T15:18:06.960627,POST,/api/articles/bulk/,11.51,34,0,
2026-05-16T15:18:06.991049,POST,/api/articles/bulk/,7.2,34,0,
2026-05-16T15:18:07.076223,POST,/api/articles/analyze/,2.91,58,0,
2026-05-16T15:18:07.156481,GET,/api/articles/list/large/,33.0,471824,0,
2026-05-16T15:18:07.211723,GET,/api/articles/list/large/,32.86,471824,0,
2026-05-16T15:18:07.236226,POST,/api/articles/bulk/,7.11,34,0,
2026-05-16T15:18:07.264494,POST,/api/articles/analyze/,2.91,58,0,
2026-05-16T15:18:07.334306,GET,/api/articles/list/large/,32.53,471824,0,
2026-05-16T15:18:07.371145,GET,/api/articles/list/large/,33.48,471824,0,
2026-05-16T15:18:07.380803,GET,/api/articles/list/large/,33.63,471824,0,
2026-05-16T15:18:07.389306,GET,/api/articles/list/large/,33.66,471824,0,
2026-05-16T15:18:07.400935,POST,/api/articles/bulk/,7.28,34,0,
2026-05-16T15:18:07.439501,GET,/api/articles/list/small/,4.33,23002,0,
2026-05-16T15:18:07.541703,GET,/api/articles/list/large/,40.88,471824,0,
2026-05-16T15:18:07.550185,POST,/api/articles/bulk/,7.1,34,0,
2026-05-16T15:18:07.557030,GET,/api/articles/list/small/,4.47,23002,0,
2026-05-16T15:18:07.632293,POST,/api/articles/bulk/,7.13,34,0,
2026-05-16T15:18:07.639707,GET,/api/articles/list/large/,33.18,471824,0,
2026-05-16T15:18:07.685886,POST,/api/articles/bulk/,7.02,34,0,
2026-05-16T15:18:07.693573,GET,/api/articles/list/large/,33.6,471824,0,
2026-05-16T15:18:07.703150,GET,/api/articles/list/small/,4.38,23002,0,
2026-05-16T15:18:07.706710,GET,/api/articles/list/large/,34.25,471824,0,
2026-05-16T15:18:07.806339,GET,/api/articles/list/large/,35.28,471824,0,
2026-05-16T15:18:07.817992,POST,/api/articles/bulk/,7.1,34,0,
2026-05-16T15:18:07.904313,POST,/api/articles/analyze/,3.02,58,0,
2026-05-16T15:18:07.913191,GET,/api/articles/list/large/,39.5,471824,0,
2026-05-16T15:18:07.948496,GET,/api/articles/list/large/,32.89,471824,0,
2026-05-16T15:18:08.000072,POST,/api/articles/analyze/,2.83,58,0,
2026-05-16T15:18:08.027020,POST,/api/articles/analyze/,2.57,58,0,
2026-05-16T15:18:08.251858,GET,/api/articles/list/large/,33.2,471824,0,
2026-05-16T15:18:08.259862,GET,/api/articles/list/small/,5.61,23002,0,
2026-05-16T15:18:08.332894,GET,/api/articles/list/small/,12.74,23002,0,
2026-05-16T15:18:08.430183,POST,/api/articles/bulk/,11.9,34,0,
2026-05-16T15:18:08.444055,GET,/api/articles/list/large/,39.56,471824,0,
2026-05-16T15:18:08.485786,POST,/api/articles/bulk/,7.45,34,0,
2026-05-16T15:18:08.491766,POST,/api/articles/analyze/,2.71,58,0,
2026-05-16T15:18:08.525978,POST,/api/articles/analyze/,2.97,58,0,
2026-05-16T15:18:08.616976,POST,/api/articles/bulk/,7.52,34,0,
2026-05-16T15:18:08.634236,POST,/api/articles/analyze/,3.01,58,0,
2026-05-16T15:18:08.735718,POST,/api/articles/bulk/,24.07,34,0,
2026-05-16T15:18:08.765608,POST,/api/articles/bulk/,11.96,34,0,
2026-05-16T15:18:08.816972,GET,/api/articles/list/large/,64.65,471824,0,
2026-05-16T15:18:08.841131,POST,/api/articles/bulk/,8.78,34,0,
2026-05-16T15:18:08.855042,GET,/api/articles/list/small/,5.63,23002,0,
2026-05-16T15:18:08.857803,POST,/api/articles/analyze/,4.45,58,0,
2026-05-16T15:18:08.922090,GET,/api/articles/list/large/,38.95,471824,0,
2026-05-16T15:18:08.954895,GET,/api/articles/list/large/,34.55,471824,0,
2026-05-16T15:18:08.972667,POST,/api/articles/bulk/,7.48,34,0,
2026-05-16T15:18:08.976374,GET,/api/articles/list/large/,35.59,471824,0,
2026-05-16T15:18:08.979988,GET,/api/articles/list/small/,6.08,23002,0,
2026-05-16T15:18:09.016316,POST,/api/articles/analyze/,2.93,58,0,
2026-05-16T15:18:09.020179,POST,/api/articles/bulk/,7.61,34,0,
2026-05-16T15:18:09.032977,POST,/api/articles/bulk/,7.47,34,0,
2026-05-16T15:18:09.041750,GET,/api/articles/list/small/,4.59,23002,0,
2026-05-16T15:18:09.074440,GET,/api/articles/list/large/,36.29,471824,0,
2026-05-16T15:18:09.130304,GET,/api/articles/list/small/,8.41,23002,0,
2026-05-16T15:18:09.206794,GET,/api/articles/list/small/,7.89,23002,0,
2026-05-16T15:18:09.219288,GET,/api/articles/list/small/,5.08,23002,0,
2026-05-16T15:18:09.348675,GET,/api/articles/list/small/,7.97,23002,0,
2026-05-16T15:18:09.349202,GET,/api/articles/list/small/,6.31,23002,0,
2026-05-16T15:18:09.435094,POST,/api/articles/analyze/,4.44,58,0,
2026-05-16T15:18:09.468326,GET,/api/articles/list/small/,4.33,23002,0,
2026-05-16T15:18:09.481967,GET,/api/articles/list/small/,4.4,23002,0,
2026-05-16T15:18:09.495016,GET,/api/articles/list/large/,33.57,471824,0,
2026-05-16T15:18:09.516011,GET,/api/articles/list/small/,4.65,23002,0,
2026-05-16T15:18:09.547776,POST,/api/articles/bulk/,7.42,34,0,
2026-05-16T15:18:09.559903,POST,/api/articles/analyze/,2.87,58,0,
2026-05-16T15:18:09.573008,GET,/api/articles/list/large/,33.68,471824,0,
2026-05-16T15:18:09.668946,POST,/api/articles/bulk/,15.34,34,0,
2026-05-16T15:18:09.699995,POST,/api/articles/analyze/,2.67,58,0,
2026-05-16T15:18:09.854121,POST,/api/articles/bulk/,13.65,34,0,
2026-05-16T15:18:09.858665,POST,/api/articles/bulk/,12.8,34,0,
2026-05-16T15:18:09.948852,GET,/api/articles/list/large/,39.94,471824,0,
2026-05-16T15:18:09.960038,POST,/api/articles/analyze/,2.77,58,0,
2026-05-16T15:18:09.995403,GET,/api/articles/list/large/,32.05,471824,0,
2026-05-16T15:18:10.011158,GET,/api/articles/list/small/,4.34,23002,0,
2026-05-16T15:18:10.118179,POST,/api/articles/analyze/,4.74,58,0,
2026-05-16T15:18:10.120599,GET,/api/articles/list/small/,8.05,23002,0,
2026-05-16T15:18:10.243832,GET,/api/articles/list/small/,10.32,23002,0,
2026-05-16T15:18:10.246975,POST,/api/articles/bulk/,12.51,34,0,
2026-05-16T15:18:10.248986,POST,/api/articles/analyze/,2.83,58,0,
2026-05-16T15:18:10.271922,POST,/api/articles/analyze/,2.58,58,0,
2026-05-16T15:18:10.311913,POST,/api/articles/analyze/,3.81,58,0,
2026-05-16T15:18:10.318093,POST,/api/articles/bulk/,7.57,34,0,
2026-05-16T15:18:10.323506,GET,/api/articles/list/small/,4.09,23002,0,
2026-05-16T15:18:10.341468,POST,/api/articles/bulk/,7.79,34,0,
2026-05-16T15:18:10.405595,POST,/api/articles/bulk/,12.74,34,0,
2026-05-16T15:18:10.406407,GET,/api/articles/list/small/,8.03,23002,0,
2026-05-16T15:18:10.528296,GET,/api/articles/list/large/,33.47,471824,0,
2026-05-16T15:18:10.567235,POST,/api/articles/bulk/,9.62,34,0,
2026-05-16T15:18:10.610817,POST,/api/articles/bulk/,7.19,34,0,
2026-05-16T15:18:10.635206,POST,/api/articles/bulk/,7.15,34,0,
2026-05-16T15:18:10.780556,GET,/api/articles/list/small/,4.98,23002,0,
2026-05-16T15:18:10.839094,POST,/api/articles/analyze/,3.04,58,0,
2026-05-16T15:18:10.857290,POST,/api/articles/bulk/,7.92,34,0,
2026-05-16T15:18:10.868008,GET,/api/articles/list/small/,4.43,23002,0,
2026-05-16T15:18:10.921225,GET,/api/articles/list/small/,5.95,23002,0,
2026-05-16T15:18:10.946318,POST,/api/articles/bulk/,9.78,34,0,
2026-05-16T15:18:11.039871,GET,/api/articles/list/small/,5.05,23002,0,
2026-05-16T15:18:11.102080,GET,/api/articles/list/small/,4.83,23002,0,
2026-05-16T15:18:11.108270,POST,/api/articles/analyze/,2.82,58,0,
2026-05-16T15:18:11.170971,GET,/api/articles/list/large/,36.67,471824,0,
2026-05-16T15:18:11.172208,GET,/api/articles/list/large/,40.63,471824,0,
2026-05-16T15:18:11.236366,POST,/api/articles/analyze/,2.81,58,0,
2026-05-16T15:18:11.248481,GET,/api/articles/list/large/,33.67,471824,0,
2026-05-16T15:18:11.361548,GET,/api/articles/list/small/,4.68,23002,0,
2026-05-16T15:18:11.422752,POST,/api/articles/analyze/,3.59,58,0,
2026-05-16T15:18:11.426481,GET,/api/articles/list/small/,5.28,23002,0,
2026-05-16T15:18:11.497640,GET,/api/articles/list/large/,33.87,471824,0,
2026-05-16T15:18:11.523724,GET,/api/articles/list/large/,37.28,471824,0,
2026-05-16T15:18:11.608678,GET,/api/articles/list/small/,4.62,23002,0,
2026-05-16T15:18:11.612824,GET,/api/articles/list/large/,33.7,471824,0,
2026-05-16T15:18:11.695128,GET,/api/articles/list/large/,38.03,471824,0,
2026-05-16T15:18:11.713911,GET,/api/articles/list/small/,7.43,23002,0,
2026-05-16T15:18:11.715579,POST,/api/articles/bulk/,7.53,34,0,
2026-05-16T15:18:11.719238,GET,/api/articles/list/large/,34.45,471824,0,
2026-05-16T15:18:11.739232,GET,/api/articles/list/small/,4.66,23002,0,
2026-05-16T15:18:11.758792,POST,/api/articles/bulk/,7.2,34,0,
2026-05-16T15:18:11.768294,POST,/api/articles/bulk/,7.14,34,0,
2026-05-16T15:18:11.799946,GET,/api/articles/list/large/,34.07,471824,0,
2026-05-16T15:18:11.803541,GET,/api/articles/list/small/,9.04,23002,0,
