timestamp,method,name,response_time_ms,response_length,failed,error
2026-05-16T16:32:20.467026,POST,/api/articles/bulk/,165.6,34,0,
2026-05-16T16:32:20.478499,GET,/api/articles/list/large/,163.59,471824,0,
2026-05-16T16:32:20.484082,POST,/api/articles/bulk/,154.64,34,0,
2026-05-16T16:32:20.484432,POST,/api/articles/analyze/,153.03,58,0,
2026-05-16T16:32:20.487505,POST,/api/articles/analyze/,118.47,58,0,
2026-05-16T16:32:20.488154,POST,/api/articles/analyze/,113.18,58,0,
2026-05-16T16:32:20.496524,GET,/api/articles/list/small/,16.58,23002,0,
2026-05-16T16:32:20.723769,GET,/api/articles/list/large/,118.74,471824,0,
2026-05-16T16:32:20.776628,GET,/api/articles/list/large/,131.22,471824,0,
2026-05-16T16:32:20.777896,POST,/api/articles/analyze/,70.16,58,0,
2026-05-16T16:32:20.778268,POST,/api/articles/analyze/,84.91,58,0,
2026-05-16T16:32:20.796345,POST,/api/articles/bulk/,71.2,34,0,
2026-05-16T16:32:20.797820,POST,/api/articles/bulk/,32.47,34,0,
2026-05-16T16:32:20.816138,GET,/api/articles/list/small/,10.02,23002,0,
2026-05-16T16:32:20.956479,POST,/api/articles/bulk/,13.43,34,0,
2026-05-16T16:32:20.993202,GET,/api/articles/list/small/,10.06,23002,0,
2026-05-16T16:32:21.016191,POST,/api/articles/bulk/,21.41,34,0,
2026-05-16T16:32:21.071890,GET,/api/articles/list/large/,65.76,471824,0,
2026-05-16T16:32:21.124561,GET,/api/articles/list/large/,104.94,471824,0,
2026-05-16T16:32:21.147249,POST,/api/articles/bulk/,75.06,34,0,
2026-05-16T16:32:21.147664,GET,/api/articles/list/small/,41.11,23002,0,
2026-05-16T16:32:21.179083,POST,/api/articles/bulk/,17.1,34,0,
2026-05-16T16:32:21.279180,POST,/api/articles/bulk/,13.08,34,0,
2026-05-16T16:32:21.329892,POST,/api/articles/bulk/,21.21,34,0,
2026-05-16T16:32:21.348028,GET,/api/articles/list/small/,13.29,23002,0,
2026-05-16T16:32:21.398245,GET,/api/articles/list/large/,54.38,471824,0,
2026-05-16T16:32:21.408826,POST,/api/articles/analyze/,57.52,58,0,
2026-05-16T16:32:21.476553,GET,/api/articles/list/large/,73.84,471824,0,
2026-05-16T16:32:21.477116,GET,/api/articles/list/small/,73.03,23002,0,
2026-05-16T16:32:21.543876,GET,/api/articles/list/large/,73.05,471824,0,
2026-05-16T16:32:21.600990,POST,/api/articles/analyze/,122.56,58,0,
2026-05-16T16:32:21.604348,POST,/api/articles/analyze/,118.96,58,0,
2026-05-16T16:32:21.606184,GET,/api/articles/list/large/,122.7,471824,0,
2026-05-16T16:32:21.624367,POST,/api/articles/bulk/,19.88,34,0,
2026-05-16T16:32:21.727959,GET,/api/articles/list/large/,66.61,471824,0,
2026-05-16T16:32:21.738368,POST,/api/articles/bulk/,33.13,34,0,
2026-05-16T16:32:21.751930,GET,/api/articles/list/small/,15.32,23002,0,
2026-05-16T16:32:21.879711,GET,/api/articles/list/large/,50.35,471824,0,
2026-05-16T16:32:21.930125,GET,/api/articles/list/large/,70.18,471824,0,
2026-05-16T16:32:21.938876,POST,/api/articles/analyze/,48.72,58,0,
2026-05-16T16:32:21.943643,GET,/api/articles/list/small/,41.4,23002,0,
2026-05-16T16:32:21.959332,POST,/api/articles/bulk/,14.3,34,0,
2026-05-16T16:32:22.026000,GET,/api/articles/list/large/,48.16,471824,0,
2026-05-16T16:32:22.048296,POST,/api/articles/bulk/,36.13,34,0,
2026-05-16T16:32:22.048714,GET,/api/articles/list/small/,43.66,23002,0,
2026-05-16T16:32:22.050182,POST,/api/articles/bulk/,51.4,34,0,
2026-05-16T16:32:22.129455,POST,/api/articles/bulk/,13.88,34,0,
2026-05-16T16:32:22.172264,POST,/api/articles/analyze/,11.42,58,0,
2026-05-16T16:32:22.190549,POST,/api/articles/analyze/,7.92,58,0,
2026-05-16T16:32:22.247394,POST,/api/articles/analyze/,8.19,58,0,
2026-05-16T16:32:22.330242,POST,/api/articles/bulk/,24.48,34,0,
2026-05-16T16:32:22.378447,GET,/api/articles/list/large/,50.22,471824,0,
2026-05-16T16:32:22.385487,POST,/api/articles/analyze/,6.9,58,0,
2026-05-16T16:32:22.423934,POST,/api/articles/analyze/,7.14,58,0,
2026-05-16T16:32:22.515459,GET,/api/articles/list/large/,60.07,471824,0,
2026-05-16T16:32:22.533705,GET,/api/articles/list/small/,50.35,23002,0,
2026-05-16T16:32:22.536437,GET,/api/articles/list/small/,33.0,23002,0,
2026-05-16T16:32:22.541977,POST,/api/articles/analyze/,17.2,58,0,
2026-05-16T16:32:22.556653,POST,/api/articles/analyze/,13.26,58,0,
2026-05-16T16:32:22.559461,POST,/api/articles/analyze/,12.96,58,0,
2026-05-16T16:32:22.581448,POST,/api/articles/analyze/,10.29,58,0,
2026-05-16T16:32:22.625343,POST,/api/articles/bulk/,15.5,34,0,
2026-05-16T16:32:22.685084,POST,/api/articles/bulk/,14.98,34,0,
2026-05-16T16:32:22.746562,GET,/api/articles/list/large/,52.35,471824,0,
2026-05-16T16:32:22.790795,GET,/api/articles/list/large/,57.08,471824,0,
2026-05-16T16:32:22.809884,GET,/api/articles/list/small/,17.61,23002,0,
2026-05-16T16:32:22.847520,GET,/api/articles/list/small/,9.21,23002,0,
2026-05-16T16:32:22.971299,GET,/api/articles/list/large/,43.69,471824,0,
2026-05-16T16:32:22.977541,GET,/api/articles/list/small/,21.98,23002,0,
2026-05-16T16:32:23.039162,GET,/api/articles/list/small/,11.17,23002,0,
2026-05-16T16:32:23.083124,POST,/api/articles/analyze/,8.35,58,0,
2026-05-16T16:32:23.154549,POST,/api/articles/analyze/,7.14,58,0,
2026-05-16T16:32:23.252943,POST,/api/articles/bulk/,15.07,34,0,
2026-05-16T16:32:23.301849,GET,/api/articles/list/large/,42.46,471824,0,
2026-05-16T16:32:23.307528,POST,/api/articles/analyze/,36.04,58,0,
2026-05-16T16:32:23.318572,GET,/api/articles/list/small/,12.4,23002,0,
2026-05-16T16:32:23.360920,POST,/api/articles/analyze/,16.68,58,0,
2026-05-16T16:32:23.363060,POST,/api/articles/bulk/,16.72,34,0,
2026-05-16T16:32:23.539154,GET,/api/articles/list/small/,14.42,23002,0,
2026-05-16T16:32:23.585243,POST,/api/articles/bulk/,23.7,34,0,
2026-05-16T16:32:23.631478,GET,/api/articles/list/large/,59.89,471824,0,
2026-05-16T16:32:23.692752,GET,/api/articles/list/large/,65.28,471824,0,
2026-05-16T16:32:23.704753,POST,/api/articles/analyze/,59.95,58,0,
2026-05-16T16:32:23.707860,POST,/api/articles/analyze/,36.6,58,0,
2026-05-16T16:32:23.713211,POST,/api/articles/analyze/,17.87,58,0,
2026-05-16T16:32:23.806735,GET,/api/articles/list/large/,46.79,471824,0,
2026-05-16T16:32:23.851200,POST,/api/articles/bulk/,16.97,34,0,
2026-05-16T16:32:23.994257,POST,/api/articles/bulk/,15.3,34,0,
2026-05-16T16:32:23.999464,POST,/api/articles/analyze/,10.2,58,0,
2026-05-16T16:32:24.062869,GET,/api/articles/list/large/,52.97,471824,0,
2026-05-16T16:32:24.068529,GET,/api/articles/list/small/,51.66,23002,0,
2026-05-16T16:32:24.087867,POST,/api/articles/bulk/,13.06,34,0,
2026-05-16T16:32:24.294236,GET,/api/articles/list/large/,49.81,471824,0,
2026-05-16T16:32:24.367620,POST,/api/articles/analyze/,10.98,58,0,
2026-05-16T16:32:24.374129,GET,/api/articles/list/small/,13.58,23002,0,
2026-05-16T16:32:24.399544,POST,/api/articles/bulk/,20.59,34,0,
2026-05-16T16:32:24.411763,GET,/api/articles/list/small/,21.56,23002,0,
2026-05-16T16:32:24.414641,POST,/api/articles/analyze/,22.12,58,0,
2026-05-16T16:32:24.430780,GET,/api/articles/list/small/,11.43,23002,0,
2026-05-16T16:32:24.483772,GET,/api/articles/list/small/,13.33,23002,0,
2026-05-16T16:32:24.510206,POST,/api/articles/analyze/,8.97,58,0,
2026-05-16T16:32:24.574167,GET,/api/articles/list/large/,49.52,471824,0,
2026-05-16T16:32:24.590089,POST,/api/articles/analyze/,8.33,58,0,
2026-05-16T16:32:24.609409,POST,/api/articles/bulk/,14.94,34,0,
2026-05-16T16:32:24.718584,GET,/api/articles/list/large/,51.52,471824,0,
2026-05-16T16:32:24.731710,POST,/api/articles/analyze/,44.65,58,0,
2026-05-16T16:32:24.733965,GET,/api/articles/list/small/,42.98,23002,0,
2026-05-16T16:32:24.837391,GET,/api/articles/list/large/,114.31,471824,0,
2026-05-16T16:32:24.843780,GET,/api/articles/list/small/,115.19,23002,0,
2026-05-16T16:32:24.844903,GET,/api/articles/list/large/,118.99,471824,0,
2026-05-16T16:32:24.932334,GET,/api/articles/list/small/,161.49,23002,0,
2026-05-16T16:32:24.944259,GET,/api/articles/list/large/,197.38,471824,0,
2026-05-16T16:32:24.951972,GET,/api/articles/list/large/,208.02,471824,0,
2026-05-16T16:32:25.006312,POST,/api/articles/bulk/,174.04,34,0,
2026-05-16T16:32:25.019366,GET,/api/articles/list/small/,137.16,23002,0,
2026-05-16T16:32:25.019864,POST,/api/articles/bulk/,136.61,34,0,
2026-05-16T16:32:25.027595,GET,/api/articles/list/large/,157.18,471824,0,
2026-05-16T16:32:25.032826,GET,/api/articles/list/small/,129.23,23002,0,
2026-05-16T16:32:25.033519,POST,/api/articles/bulk/,103.72,34,0,
2026-05-16T16:32:25.036270,GET,/api/articles/list/small/,96.19,23002,0,
2026-05-16T16:32:25.074862,POST,/api/articles/analyze/,15.79,58,0,
2026-05-16T16:32:25.135783,POST,/api/articles/bulk/,17.47,34,0,
2026-05-16T16:32:25.210198,GET,/api/articles/list/large/,58.14,471824,0,
2026-05-16T16:32:25.251551,GET,/api/articles/list/large/,92.36,471824,0,
2026-05-16T16:32:25.255989,POST,/api/articles/analyze/,87.38,58,0,
2026-05-16T16:32:25.259264,POST,/api/articles/analyze/,32.74,58,0,
2026-05-16T16:32:25.293990,GET,/api/articles/list/small/,12.4,23002,0,
2026-05-16T16:32:25.359362,GET,/api/articles/list/small/,25.93,23002,0,
2026-05-16T16:32:25.408771,GET,/api/articles/list/large/,62.38,471824,0,
2026-05-16T16:32:25.422906,POST,/api/articles/analyze/,12.84,58,0,
2026-05-16T16:32:25.429695,POST,/api/articles/analyze/,13.48,58,0,
2026-05-16T16:32:25.684407,GET,/api/articles/list/small/,69.26,23002,0,
2026-05-16T16:32:25.686832,GET,/api/articles/list/large/,72.96,471824,0,
2026-05-16T16:32:25.731202,GET,/api/articles/list/large/,71.48,471824,0,
2026-05-16T16:32:25.739658,POST,/api/articles/bulk/,49.6,34,0,
2026-05-16T16:32:25.771251,POST,/api/articles/analyze/,7.24,58,0,
2026-05-16T16:32:25.812042,POST,/api/articles/bulk/,15.49,34,0,
2026-05-16T16:32:25.837013,GET,/api/articles/list/small/,9.65,23002,0,
2026-05-16T16:32:25.848008,POST,/api/articles/analyze/,11.78,58,0,
2026-05-16T16:32:25.900845,GET,/api/articles/list/small/,10.01,23002,0,
2026-05-16T16:32:25.976019,POST,/api/articles/bulk/,14.71,34,0,
2026-05-16T16:32:26.026164,POST,/api/articles/analyze/,8.61,58,0,
2026-05-16T16:32:26.106442,POST,/api/articles/bulk/,17.73,34,0,
2026-05-16T16:32:26.142926,POST,/api/articles/bulk/,23.01,34,0,
2026-05-16T16:32:26.252162,GET,/api/articles/list/small/,15.5,23002,0,
2026-05-16T16:32:26.257750,GET,/api/articles/list/small/,14.86,23002,0,
2026-05-16T16:32:26.289487,POST,/api/articles/bulk/,12.31,34,0,
2026-05-16T16:32:26.340413,GET,/api/articles/list/large/,49.68,471824,0,
2026-05-16T16:32:26.387488,POST,/api/articles/bulk/,77.54,34,0,
2026-05-16T16:32:26.389010,GET,/api/articles/list/large/,86.33,471824,0,
2026-05-16T16:32:26.398883,GET,/api/articles/list/small/,14.13,23002,0,
2026-05-16T16:32:26.409399,POST,/api/articles/analyze/,7.07,58,0,
2026-05-16T16:32:26.457125,GET,/api/articles/list/large/,42.42,471824,0,
2026-05-16T16:32:27.353907,POST,/api/articles/analyze/,52.09,58,0,
2026-05-16T16:32:27.356631,GET,/api/articles/list/large/,50.03,471824,0,
2026-05-16T16:32:27.431127,GET,/api/articles/list/large/,48.22,471824,0,
2026-05-16T16:32:27.437299,POST,/api/articles/analyze/,25.3,58,0,
2026-05-16T16:32:27.512429,GET,/api/articles/list/large/,44.69,471824,0,
2026-05-16T16:32:27.518281,GET,/api/articles/list/small/,36.67,23002,0,
2026-05-16T16:32:27.649358,GET,/api/articles/list/small/,48.6,23002,0,
2026-05-16T16:32:27.652954,GET,/api/articles/list/large/,48.22,471824,0,
2026-05-16T16:32:27.675552,POST,/api/articles/analyze/,7.35,58,0,
2026-05-16T16:32:27.778610,POST,/api/articles/bulk/,49.57,34,0,
2026-05-16T16:32:27.784493,GET,/api/articles/list/large/,52.2,471824,0,
2026-05-16T16:32:27.796164,POST,/api/articles/bulk/,32.18,34,0,
2026-05-16T16:32:27.871104,GET,/api/articles/list/large/,44.13,471824,0,
2026-05-16T16:32:27.875246,POST,/api/articles/analyze/,23.08,58,0,
2026-05-16T16:32:27.934408,GET,/api/articles/list/large/,57.93,471824,0,
2026-05-16T16:32:27.942498,GET,/api/articles/list/small/,21.97,23002,0,
2026-05-16T16:32:27.944004,POST,/api/articles/analyze/,24.63,58,0,
2026-05-16T16:32:27.991468,GET,/api/articles/list/small/,11.18,23002,0,
2026-05-16T16:32:28.020187,POST,/api/articles/bulk/,16.22,34,0,
2026-05-16T16:32:28.032495,POST,/api/articles/bulk/,21.22,34,0,
2026-05-16T16:32:28.142784,POST,/api/articles/bulk/,16.9,34,0,
2026-05-16T16:32:28.149192,GET,/api/articles/list/small/,15.93,23002,0,
2026-05-16T16:32:28.218171,GET,/api/articles/list/large/,46.36,471824,0,
2026-05-16T16:32:28.224155,POST,/api/articles/analyze/,49.52,58,0,
2026-05-16T16:32:28.264225,GET,/api/articles/list/large/,48.6,471824,0,
2026-05-16T16:32:28.318952,GET,/api/articles/list/large/,67.48,471824,0,
2026-05-16T16:32:28.326670,POST,/api/articles/bulk/,51.12,34,0,
2026-05-16T16:32:28.327194,GET,/api/articles/list/small/,25.39,23002,0,
2026-05-16T16:32:28.430530,GET,/api/articles/list/large/,53.03,471824,0,
2026-05-16T16:32:28.436542,POST,/api/articles/analyze/,16.86,58,0,
2026-05-16T16:32:28.462659,GET,/api/articles/list/small/,9.67,23002,0,
2026-05-16T16:32:28.511070,GET,/api/articles/list/small/,11.02,23002,0,
2026-05-16T16:32:28.592409,POST,/api/articles/analyze/,7.96,58,0,
2026-05-16T16:32:28.629783,POST,/api/articles/analyze/,8.7,58,0,
2026-05-16T16:32:28.741197,GET,/api/articles/list/large/,98.99,471824,0,
2026-05-16T16:32:28.849789,GET,/api/articles/list/small/,153.89,23002,0,
2026-05-16T16:32:28.854621,POST,/api/articles/analyze/,159.45,58,0,
2026-05-16T16:32:28.857532,GET,/api/articles/list/large/,208.13,471824,0,
2026-05-16T16:32:28.858168,GET,/api/articles/list/small/,195.83,23002,0,
2026-05-16T16:32:28.904949,POST,/api/articles/analyze/,10.38,58,0,
2026-05-16T16:32:28.949428,POST,/api/articles/analyze/,11.49,58,0,
2026-05-16T16:32:29.047586,GET,/api/articles/list/small/,12.88,23002,0,
2026-05-16T16:32:29.075058,POST,/api/articles/analyze/,8.95,58,0,
2026-05-16T16:32:29.090614,POST,/api/articles/bulk/,13.2,34,0,
2026-05-16T16:32:29.171038,GET,/api/articles/list/large/,50.1,471824,0,
2026-05-16T16:32:29.222796,GET,/api/articles/list/large/,61.55,471824,0,
2026-05-16T16:32:29.223309,POST,/api/articles/bulk/,70.44,34,0,
2026-05-16T16:32:29.225674,GET,/api/articles/list/small/,25.28,23002,0,
2026-05-16T16:32:29.247662,POST,/api/articles/analyze/,17.44,58,0,
2026-05-16T16:32:29.249253,GET,/api/articles/list/small/,15.33,23002,0,
2026-05-16T16:32:29.322532,POST,/api/articles/bulk/,12.82,34,0,
2026-05-16T16:32:29.340079,GET,/api/articles/list/small/,11.07,23002,0,
2026-05-16T16:32:29.356082,POST,/api/articles/analyze/,8.51,58,0,
2026-05-16T16:32:29.386391,GET,/api/articles/list/small/,10.08,23002,0,
2026-05-16T16:32:29.416239,POST,/api/articles/bulk/,16.57,34,0,
2026-05-16T16:32:29.446522,POST,/api/articles/bulk/,12.91,34,0,
2026-05-16T16:32:29.571000,GET,/api/articles/list/large/,57.06,471824,0,
2026-05-16T16:32:29.575927,POST,/api/articles/bulk/,60.15,34,0,
2026-05-16T16:32:29.578501,POST,/api/articles/analyze/,32.51,58,0,
2026-05-16T16:32:29.654177,GET,/api/articles/list/small/,9.16,23002,0,
2026-05-16T16:32:29.697822,GET,/api/articles/list/small/,12.17,23002,0,
2026-05-16T16:32:29.723198,POST,/api/articles/analyze/,8.95,58,0,
2026-05-16T16:32:29.782943,GET,/api/articles/list/large/,49.26,471824,0,
2026-05-16T16:32:29.863662,POST,/api/articles/analyze/,7.91,58,0,
2026-05-16T16:32:29.934686,GET,/api/articles/list/large/,43.7,471824,0,
2026-05-16T16:32:29.973577,GET,/api/articles/list/large/,60.33,471824,0,
2026-05-16T16:32:30.019013,GET,/api/articles/list/large/,71.73,471824,0,
2026-05-16T16:32:30.028248,POST,/api/articles/bulk/,49.48,34,0,
2026-05-16T16:32:30.069844,POST,/api/articles/bulk/,13.28,34,0,
2026-05-16T16:32:30.089005,POST,/api/articles/analyze/,10.69,58,0,
2026-05-16T16:32:30.143993,POST,/api/articles/bulk/,13.66,34,0,
2026-05-16T16:32:30.169604,GET,/api/articles/list/small/,9.3,23002,0,
2026-05-16T16:32:30.309136,POST,/api/articles/analyze/,9.78,58,0,
2026-05-16T16:32:30.360241,GET,/api/articles/list/large/,55.99,471824,0,
2026-05-16T16:32:30.368560,GET,/api/articles/list/small/,62.57,23002,0,
2026-05-16T16:32:30.379322,POST,/api/articles/bulk/,47.03,34,0,
2026-05-16T16:32:30.381125,POST,/api/articles/bulk/,68.56,34,0,
2026-05-16T16:32:30.423222,POST,/api/articles/bulk/,25.37,34,0,
2026-05-16T16:32:30.515644,POST,/api/articles/analyze/,106.81,58,0,
2026-05-16T16:32:30.516751,POST,/api/articles/analyze/,112.55,58,0,
2026-05-16T16:32:30.519600,GET,/api/articles/list/large/,112.52,471824,0,
2026-05-16T16:32:30.523816,GET,/api/articles/list/large/,105.05,471824,0,
2026-05-16T16:32:30.562745,GET,/api/articles/list/large/,70.27,471824,0,
2026-05-16T16:32:30.639512,POST,/api/articles/bulk/,13.18,34,0,
2026-05-16T16:32:30.693531,GET,/api/articles/list/large/,42.46,471824,0,
2026-05-16T16:32:30.723345,GET,/api/articles/list/small/,9.47,23002,0,
2026-05-16T16:32:30.781560,POST,/api/articles/bulk/,14.75,34,0,
2026-05-16T16:32:30.796462,GET,/api/articles/list/small/,10.73,23002,0,
2026-05-16T16:32:30.832269,POST,/api/articles/analyze/,14.28,58,0,
2026-05-16T16:32:30.832982,GET,/api/articles/list/small/,14.4,23002,0,
2026-05-16T16:32:30.846140,GET,/api/articles/list/small/,14.63,23002,0,
2026-05-16T16:32:30.928604,GET,/api/articles/list/large/,53.16,471824,0,
2026-05-16T16:32:30.935451,POST,/api/articles/analyze/,54.0,58,0,
2026-05-16T16:32:30.940717,POST,/api/articles/analyze/,51.51,58,0,
2026-05-16T16:32:31.081951,POST,/api/articles/bulk/,13.25,34,0,
2026-05-16T16:32:31.189900,GET,/api/articles/list/large/,50.47,471824,0,
2026-05-16T16:32:31.200407,POST,/api/articles/bulk/,32.85,34,0,
2026-05-16T16:32:31.335560,GET,/api/articles/list/small/,12.38,23002,0,
2026-05-16T16:32:31.389758,POST,/api/articles/analyze/,7.86,58,0,
2026-05-16T16:32:31.445576,POST,/api/articles/analyze/,8.29,58,0,
2026-05-16T16:32:31.508531,GET,/api/articles/list/large/,40.27,471824,0,
2026-05-16T16:32:31.557441,POST,/api/articles/analyze/,8.35,58,0,
2026-05-16T16:32:31.638424,GET,/api/articles/list/small/,59.5,23002,0,
2026-05-16T16:32:31.643090,GET,/api/articles/list/small/,65.57,23002,0,
2026-05-16T16:32:31.651124,GET,/api/articles/list/large/,74.7,471824,0,
2026-05-16T16:32:31.666035,POST,/api/articles/analyze/,62.4,58,0,
2026-05-16T16:32:31.667540,POST,/api/articles/analyze/,35.85,58,0,
2026-05-16T16:32:31.802778,GET,/api/articles/list/large/,66.93,471824,0,
2026-05-16T16:32:31.806844,POST,/api/articles/analyze/,29.43,58,0,
2026-05-16T16:32:31.874386,GET,/api/articles/list/large/,49.25,471824,0,
2026-05-16T16:32:31.919053,GET,/api/articles/list/large/,52.25,471824,0,
2026-05-16T16:32:32.007068,GET,/api/articles/list/large/,124.44,471824,0,
2026-05-16T16:32:32.010884,GET,/api/articles/list/large/,119.37,471824,0,
2026-05-16T16:32:32.039588,POST,/api/articles/bulk/,58.33,34,0,
2026-05-16T16:32:32.040329,POST,/api/articles/bulk/,61.38,34,0,
2026-05-16T16:32:32.056243,POST,/api/articles/bulk/,19.17,34,0,
2026-05-16T16:32:32.060175,POST,/api/articles/analyze/,11.58,58,0,
2026-05-16T16:32:32.110435,POST,/api/articles/bulk/,32.26,34,0,
2026-05-16T16:32:32.121151,POST,/api/articles/bulk/,42.23,34,0,
2026-05-16T16:32:32.125178,POST,/api/articles/bulk/,39.99,34,0,
2026-05-16T16:32:32.130959,GET,/api/articles/list/small/,22.14,23002,0,
2026-05-16T16:32:32.197422,GET,/api/articles/list/large/,43.98,471824,0,
2026-05-16T16:32:32.202096,POST,/api/articles/analyze/,34.29,58,0,
2026-05-16T16:32:32.209543,GET,/api/articles/list/small/,9.87,23002,0,
2026-05-16T16:32:32.380585,POST,/api/articles/analyze/,11.47,58,0,
2026-05-16T16:32:32.426459,GET,/api/articles/list/large/,52.38,471824,0,
2026-05-16T16:32:32.478088,POST,/api/articles/analyze/,82.19,58,0,
2026-05-16T16:32:32.479491,GET,/api/articles/list/large/,66.64,471824,0,
2026-05-16T16:32:32.482591,POST,/api/articles/analyze/,61.88,58,0,
2026-05-16T16:32:32.556848,GET,/api/articles/list/small/,57.92,23002,0,
2026-05-16T16:32:32.564279,GET,/api/articles/list/large/,62.51,471824,0,
2026-05-16T16:32:32.571877,POST,/api/articles/bulk/,62.12,34,0,
2026-05-16T16:32:32.658392,GET,/api/articles/list/large/,51.64,471824,0,
2026-05-16T16:32:32.678342,GET,/api/articles/list/small/,14.53,23002,0,
2026-05-16T16:32:32.718057,POST,/api/articles/analyze/,7.31,58,0,
2026-05-16T16:32:32.814250,GET,/api/articles/list/large/,50.38,471824,0,
2026-05-16T16:32:32.814744,GET,/api/articles/list/small/,51.36,23002,0,
2026-05-16T16:32:32.839621,POST,/api/articles/bulk/,15.34,34,0,
2026-05-16T16:32:32.875367,GET,/api/articles/list/small/,32.11,23002,0,
2026-05-16T16:32:32.881569,POST,/api/articles/analyze/,33.54,58,0,
2026-05-16T16:32:32.960126,GET,/api/articles/list/small/,11.07,23002,0,
2026-05-16T16:32:32.979330,POST,/api/articles/bulk/,16.79,34,0,
2026-05-16T16:32:33.062399,POST,/api/articles/bulk/,12.6,34,0,
2026-05-16T16:32:33.093664,POST,/api/articles/analyze/,7.78,58,0,
2026-05-16T16:32:33.164715,GET,/api/articles/list/large/,44.69,471824,0,
2026-05-16T16:32:33.264162,GET,/api/articles/list/large/,41.76,471824,0,
2026-05-16T16:32:33.279659,POST,/api/articles/bulk/,12.74,34,0,
2026-05-16T16:32:33.334789,GET,/api/articles/list/small/,11.84,23002,0,
2026-05-16T16:32:33.381866,GET,/api/articles/list/large/,42.78,471824,0,
2026-05-16T16:32:33.452173,GET,/api/articles/list/large/,43.99,471824,0,
2026-05-16T16:32:33.527742,GET,/api/articles/list/large/,42.12,471824,0,
2026-05-16T16:32:33.543034,POST,/api/articles/analyze/,8.92,58,0,
2026-05-16T16:32:33.585687,GET,/api/articles/list/small/,10.1,23002,0,
2026-05-16T16:32:33.661028,GET,/api/articles/list/small/,13.44,23002,0,
2026-05-16T16:32:33.752766,POST,/api/articles/bulk/,12.3,34,0,
2026-05-16T16:32:33.780389,POST,/api/articles/analyze/,10.0,58,0,
2026-05-16T16:32:33.825647,GET,/api/articles/list/large/,52.25,471824,0,
2026-05-16T16:32:33.835725,GET,/api/articles/list/small/,55.2,23002,0,
2026-05-16T16:32:33.837786,GET,/api/articles/list/small/,27.46,23002,0,
2026-05-16T16:32:33.928215,POST,/api/articles/bulk/,14.1,34,0,
2026-05-16T16:32:34.031572,GET,/api/articles/list/large/,41.93,471824,0,
2026-05-16T16:32:34.060914,POST,/api/articles/analyze/,7.52,58,0,
2026-05-16T16:32:34.111854,GET,/api/articles/list/large/,49.51,471824,0,
2026-05-16T16:32:34.173205,POST,/api/articles/bulk/,97.29,34,0,
2026-05-16T16:32:34.174248,GET,/api/articles/list/large/,102.18,471824,0,
2026-05-16T16:32:34.176834,POST,/api/articles/bulk/,96.7,34,0,
2026-05-16T16:32:34.187375,POST,/api/articles/analyze/,66.25,58,0,
2026-05-16T16:32:34.188617,POST,/api/articles/analyze/,26.56,58,0,
2026-05-16T16:32:34.211034,POST,/api/articles/analyze/,7.17,58,0,
2026-05-16T16:32:34.302506,POST,/api/articles/bulk/,13.51,34,0,
2026-05-16T16:32:34.339411,POST,/api/articles/bulk/,15.57,34,0,
2026-05-16T16:32:34.379903,GET,/api/articles/list/large/,48.45,471824,0,
2026-05-16T16:32:34.421541,POST,/api/articles/bulk/,16.25,34,0,
2026-05-16T16:32:34.559143,GET,/api/articles/list/large/,46.68,471824,0,
2026-05-16T16:32:34.647260,GET,/api/articles/list/small/,121.78,23002,0,
2026-05-16T16:32:34.648369,GET,/api/articles/list/large/,111.85,471824,0,
2026-05-16T16:32:34.649360,GET,/api/articles/list/large/,119.64,471824,0,
2026-05-16T16:32:34.697092,GET,/api/articles/list/small/,116.54,23002,0,
2026-05-16T16:32:34.709739,GET,/api/articles/list/large/,89.26,471824,0,
2026-05-16T16:32:34.755176,POST,/api/articles/bulk/,109.06,34,0,
2026-05-16T16:32:34.797118,GET,/api/articles/list/large/,118.22,471824,0,
2026-05-16T16:32:34.797637,GET,/api/articles/list/small/,112.97,23002,0,
2026-05-16T16:32:34.803152,POST,/api/articles/analyze/,107.23,58,0,
2026-05-16T16:32:34.809248,GET,/api/articles/list/large/,113.79,471824,0,
2026-05-16T16:32:34.820796,POST,/api/articles/bulk/,60.42,34,0,
2026-05-16T16:32:34.821989,POST,/api/articles/analyze/,57.47,58,0,
2026-05-16T16:32:34.881204,GET,/api/articles/list/small/,11.64,23002,0,
2026-05-16T16:32:34.891334,GET,/api/articles/list/small/,8.73,23002,0,
2026-05-16T16:32:34.946673,GET,/api/articles/list/large/,45.55,471824,0,
2026-05-16T16:32:34.987282,GET,/api/articles/list/large/,48.98,471824,0,
2026-05-16T16:32:34.994864,GET,/api/articles/list/small/,42.88,23002,0,
2026-05-16T16:32:35.006950,POST,/api/articles/bulk/,19.53,34,0,
2026-05-16T16:32:35.018057,POST,/api/articles/bulk/,12.2,34,0,
2026-05-16T16:32:35.096893,GET,/api/articles/list/large/,42.35,471824,0,
2026-05-16T16:32:35.134613,POST,/api/articles/bulk/,20.42,34,0,
2026-05-16T16:32:35.138266,POST,/api/articles/analyze/,16.11,58,0,
2026-05-16T16:32:35.150109,POST,/api/articles/bulk/,13.25,34,0,
2026-05-16T16:32:35.158332,GET,/api/articles/list/small/,11.87,23002,0,
2026-05-16T16:32:35.167178,POST,/api/articles/analyze/,6.54,58,0,
2026-05-16T16:32:35.191713,POST,/api/articles/bulk/,14.32,34,0,
2026-05-16T16:32:35.241515,GET,/api/articles/list/small/,16.47,23002,0,
2026-05-16T16:32:35.242018,POST,/api/articles/analyze/,16.19,58,0,
2026-05-16T16:32:35.322350,POST,/api/articles/analyze/,8.04,58,0,
2026-05-16T16:32:35.334853,POST,/api/articles/analyze/,7.2,58,0,
2026-05-16T16:32:35.430404,GET,/api/articles/list/small/,10.24,23002,0,
2026-05-16T16:32:35.636073,GET,/api/articles/list/large/,50.93,471824,0,
2026-05-16T16:32:35.671507,GET,/api/articles/list/large/,47.63,471824,0,
2026-05-16T16:32:35.807834,GET,/api/articles/list/large/,40.98,471824,0,
2026-05-16T16:32:35.820944,POST,/api/articles/bulk/,12.87,34,0,
2026-05-16T16:32:35.837171,POST,/api/articles/bulk/,11.8,34,0,
2026-05-16T16:32:35.863609,POST,/api/articles/analyze/,7.17,58,0,
2026-05-16T16:32:35.902297,POST,/api/articles/bulk/,19.45,34,0,
2026-05-16T16:32:35.904158,GET,/api/articles/list/small/,17.9,23002,0,
2026-05-16T16:32:35.973554,GET,/api/articles/list/large/,47.01,471824,0,
2026-05-16T16:32:35.977210,GET,/api/articles/list/small/,27.53,23002,0,
2026-05-16T16:32:36.047950,POST,/api/articles/bulk/,13.44,34,0,
2026-05-16T16:32:36.094434,POST,/api/articles/bulk/,13.2,34,0,
2026-05-16T16:32:36.105965,POST,/api/articles/bulk/,14.59,34,0,
2026-05-16T16:32:36.124921,POST,/api/articles/analyze/,8.68,58,0,
2026-05-16T16:32:36.163796,POST,/api/articles/bulk/,11.56,34,0,
2026-05-16T16:32:36.282929,POST,/api/articles/analyze/,8.38,58,0,
2026-05-16T16:32:36.300619,POST,/api/articles/analyze/,9.43,58,0,
2026-05-16T16:32:36.309483,GET,/api/articles/list/small/,8.72,23002,0,
2026-05-16T16:32:36.319368,GET,/api/articles/list/small/,10.83,23002,0,
2026-05-16T16:32:36.407567,POST,/api/articles/analyze/,13.68,58,0,
2026-05-16T16:32:36.409632,POST,/api/articles/analyze/,14.84,58,0,
2026-05-16T16:32:36.415379,GET,/api/articles/list/small/,12.84,23002,0,
2026-05-16T16:32:36.433778,POST,/api/articles/bulk/,18.28,34,0,
2026-05-16T16:32:36.479169,GET,/api/articles/list/small/,58.64,23002,0,
2026-05-16T16:32:36.489020,GET,/api/articles/list/large/,62.27,471824,0,
2026-05-16T16:32:36.493844,POST,/api/articles/bulk/,58.82,34,0,
2026-05-16T16:32:36.497354,POST,/api/articles/analyze/,12.86,58,0,
2026-05-16T16:32:36.696092,GET,/api/articles/list/large/,42.16,471824,0,
2026-05-16T16:32:36.699517,POST,/api/articles/analyze/,32.75,58,0,
2026-05-16T16:32:36.765679,POST,/api/articles/bulk/,13.81,34,0,
2026-05-16T16:32:36.785060,GET,/api/articles/list/small/,8.96,23002,0,
2026-05-16T16:32:36.806442,POST,/api/articles/bulk/,14.17,34,0,
2026-05-16T16:32:36.860196,POST,/api/articles/analyze/,44.5,58,0,
2026-05-16T16:32:36.864559,GET,/api/articles/list/large/,45.38,471824,0,
2026-05-16T16:32:36.888301,POST,/api/articles/bulk/,14.22,34,0,
2026-05-16T16:32:36.910726,POST,/api/articles/analyze/,7.18,58,0,
2026-05-16T16:32:36.920635,GET,/api/articles/list/small/,11.15,23002,0,
2026-05-16T16:32:36.924509,POST,/api/articles/analyze/,9.55,58,0,
2026-05-16T16:32:36.953397,POST,/api/articles/bulk/,14.58,34,0,
2026-05-16T16:32:37.062398,GET,/api/articles/list/small/,11.5,23002,0,
2026-05-16T16:32:37.105970,GET,/api/articles/list/small/,8.99,23002,0,
2026-05-16T16:32:37.161073,POST,/api/articles/bulk/,18.78,34,0,
2026-05-16T16:32:37.165979,GET,/api/articles/list/small/,14.34,23002,0,
2026-05-16T16:32:37.270884,POST,/api/articles/bulk/,15.27,34,0,
2026-05-16T16:32:37.282855,GET,/api/articles/list/small/,22.89,23002,0,
2026-05-16T16:32:37.285917,POST,/api/articles/analyze/,15.88,58,0,
2026-05-16T16:32:37.369228,POST,/api/articles/analyze/,7.12,58,0,
2026-05-16T16:32:37.379244,GET,/api/articles/list/small/,8.65,23002,0,
2026-05-16T16:32:37.396414,POST,/api/articles/bulk/,12.87,34,0,
2026-05-16T16:32:37.437173,POST,/api/articles/analyze/,13.37,58,0,
2026-05-16T16:32:37.448518,POST,/api/articles/analyze/,13.99,58,0,
2026-05-16T16:32:37.566356,GET,/api/articles/list/small/,18.22,23002,0,
2026-05-16T16:32:37.638824,POST,/api/articles/bulk/,11.94,34,0,
2026-05-16T16:32:37.669743,POST,/api/articles/bulk/,15.81,34,0,
2026-05-16T16:32:37.770656,POST,/api/articles/analyze/,11.54,58,0,
2026-05-16T16:32:37.776141,GET,/api/articles/list/small/,14.1,23002,0,
2026-05-16T16:32:37.787871,GET,/api/articles/list/small/,13.96,23002,0,
2026-05-16T16:32:37.854755,GET,/api/articles/list/small/,12.43,23002,0,
2026-05-16T16:32:37.995993,GET,/api/articles/list/small/,8.77,23002,0,
2026-05-16T16:32:38.058254,GET,/api/articles/list/small/,8.81,23002,0,
2026-05-16T16:32:38.115007,POST,/api/articles/analyze/,7.57,58,0,
2026-05-16T16:32:38.175406,GET,/api/articles/list/large/,61.12,471824,0,
2026-05-16T16:32:38.220117,GET,/api/articles/list/small/,97.61,23002,0,
2026-05-16T16:32:38.225372,GET,/api/articles/list/large/,91.82,471824,0,
2026-05-16T16:32:38.266004,GET,/api/articles/list/large/,64.19,471824,0,
2026-05-16T16:32:38.314876,GET,/api/articles/list/large/,93.45,471824,0,
2026-05-16T16:32:38.416979,GET,/api/articles/list/large/,119.67,471824,0,
2026-05-16T16:32:38.418774,GET,/api/articles/list/small/,135.31,23002,0,
2026-05-16T16:32:38.421624,GET,/api/articles/list/small/,145.07,23002,0,
2026-05-16T16:32:38.425314,POST,/api/articles/bulk/,161.17,34,0,
2026-05-16T16:32:38.429479,GET,/api/articles/list/large/,140.75,471824,0,
2026-05-16T16:32:38.442641,GET,/api/articles/list/small/,115.5,23002,0,
2026-05-16T16:32:38.448381,POST,/api/articles/bulk/,100.29,34,0,
2026-05-16T16:32:38.464404,POST,/api/articles/analyze/,57.84,58,0,
2026-05-16T16:32:38.470862,GET,/api/articles/list/small/,38.14,23002,0,
2026-05-16T16:32:38.479305,POST,/api/articles/bulk/,49.57,34,0,
2026-05-16T16:32:38.484209,POST,/api/articles/bulk/,39.05,34,0,
2026-05-16T16:32:38.493298,GET,/api/articles/list/small/,11.49,23002,0,
2026-05-16T16:32:38.529921,POST,/api/articles/bulk/,14.3,34,0,
2026-05-16T16:32:38.685320,POST,/api/articles/bulk/,14.7,34,0,
2026-05-16T16:32:38.730413,GET,/api/articles/list/large/,40.7,471824,0,
2026-05-16T16:32:38.788899,POST,/api/articles/bulk/,14.07,34,0,
2026-05-16T16:32:38.797473,GET,/api/articles/list/small/,15.41,23002,0,
2026-05-16T16:32:38.831720,POST,/api/articles/bulk/,13.95,34,0,
2026-05-16T16:32:38.907754,POST,/api/articles/analyze/,7.42,58,0,
2026-05-16T16:32:39.038113,POST,/api/articles/analyze/,7.02,58,0,
2026-05-16T16:32:39.117080,GET,/api/articles/list/small/,13.3,23002,0,
2026-05-16T16:32:39.139255,POST,/api/articles/bulk/,14.88,34,0,
2026-05-16T16:32:39.200295,POST,/api/articles/analyze/,8.54,58,0,
2026-05-16T16:32:39.214125,POST,/api/articles/bulk/,16.58,34,0,
2026-05-16T16:32:39.294692,GET,/api/articles/list/large/,43.18,471824,0,
2026-05-16T16:32:39.299564,POST,/api/articles/analyze/,18.03,58,0,
2026-05-16T16:32:39.314833,POST,/api/articles/bulk/,14.47,34,0,
2026-05-16T16:32:39.404917,GET,/api/articles/list/small/,10.73,23002,0,
2026-05-16T16:32:39.469203,POST,/api/articles/bulk/,18.96,34,0,
2026-05-16T16:32:39.478604,POST,/api/articles/bulk/,20.12,34,0,
2026-05-16T16:32:39.495861,POST,/api/articles/analyze/,9.04,58,0,
2026-05-16T16:32:39.534860,POST,/api/articles/bulk/,15.62,34,0,
2026-05-16T16:32:39.561904,GET,/api/articles/list/small/,12.8,23002,0,
2026-05-16T16:32:39.611716,GET,/api/articles/list/large/,55.71,471824,0,
2026-05-16T16:32:39.631507,GET,/api/articles/list/small/,66.38,23002,0,
2026-05-16T16:32:39.632414,POST,/api/articles/bulk/,49.52,34,0,
2026-05-16T16:32:39.634088,POST,/api/articles/analyze/,48.77,58,0,
2026-05-16T16:32:39.640582,POST,/api/articles/analyze/,45.77,58,0,
2026-05-16T16:32:39.690289,GET,/api/articles/list/small/,74.2,23002,0,
2026-05-16T16:32:39.692161,GET,/api/articles/list/large/,68.96,471824,0,
2026-05-16T16:32:39.782934,POST,/api/articles/bulk/,15.44,34,0,
2026-05-16T16:32:39.792225,GET,/api/articles/list/small/,14.41,23002,0,
2026-05-16T16:32:39.794366,POST,/api/articles/analyze/,12.19,58,0,
2026-05-16T16:32:39.811569,GET,/api/articles/list/small/,11.9,23002,0,
2026-05-16T16:32:39.937231,GET,/api/articles/list/large/,85.09,471824,0,
2026-05-16T16:32:40.042300,GET,/api/articles/list/large/,42.43,471824,0,
2026-05-16T16:32:40.047103,POST,/api/articles/analyze/,31.99,58,0,
2026-05-16T16:32:40.113515,GET,/api/articles/list/large/,56.01,471824,0,
2026-05-16T16:32:40.156185,POST,/api/articles/analyze/,91.5,58,0,
2026-05-16T16:32:40.160183,GET,/api/articles/list/small/,78.08,23002,0,
2026-05-16T16:32:40.161375,GET,/api/articles/list/large/,92.32,471824,0,
2026-05-16T16:32:40.243304,POST,/api/articles/bulk/,11.66,34,0,
2026-05-16T16:32:40.379431,POST,/api/articles/bulk/,13.54,34,0,
2026-05-16T16:32:40.436796,POST,/api/articles/bulk/,11.76,34,0,
2026-05-16T16:32:40.461763,POST,/api/articles/analyze/,15.5,58,0,
2026-05-16T16:32:40.462190,GET,/api/articles/list/small/,15.15,23002,0,
2026-05-16T16:32:40.475653,GET,/api/articles/list/small/,12.09,23002,0,
2026-05-16T16:32:40.511087,POST,/api/articles/bulk/,13.74,34,0,
2026-05-16T16:32:40.608215,POST,/api/articles/bulk/,15.79,34,0,
2026-05-16T16:32:40.664598,POST,/api/articles/analyze/,8.94,58,0,
2026-05-16T16:32:40.734411,GET,/api/articles/list/large/,47.93,471824,0,
2026-05-16T16:32:40.737058,POST,/api/articles/analyze/,35.7,58,0,
2026-05-16T16:32:40.761911,GET,/api/articles/list/small/,9.48,23002,0,
2026-05-16T16:32:40.990724,POST,/api/articles/bulk/,15.23,34,0,
2026-05-16T16:32:41.013725,POST,/api/articles/analyze/,23.76,58,0,
2026-05-16T16:32:41.016765,POST,/api/articles/analyze/,24.43,58,0,
2026-05-16T16:32:41.019929,POST,/api/articles/bulk/,24.66,34,0,
2026-05-16T16:32:41.030057,POST,/api/articles/bulk/,27.73,34,0,
2026-05-16T16:32:41.090562,POST,/api/articles/bulk/,12.02,34,0,
2026-05-16T16:32:41.151656,GET,/api/articles/list/large/,43.34,471824,0,
2026-05-16T16:32:41.189713,GET,/api/articles/list/large/,55.02,471824,0,
2026-05-16T16:32:41.228178,GET,/api/articles/list/large/,48.19,471824,0,
2026-05-16T16:32:41.252022,POST,/api/articles/analyze/,8.51,58,0,
2026-05-16T16:32:41.274461,GET,/api/articles/list/small/,10.08,23002,0,
2026-05-16T16:32:41.374325,GET,/api/articles/list/large/,44.41,471824,0,
2026-05-16T16:32:41.428641,GET,/api/articles/list/large/,47.0,471824,0,
2026-05-16T16:32:41.487157,POST,/api/articles/bulk/,102.69,34,0,
2026-05-16T16:32:41.489551,POST,/api/articles/bulk/,104.4,34,0,
2026-05-16T16:32:41.491623,GET,/api/articles/list/large/,81.16,471824,0,
2026-05-16T16:32:41.497462,POST,/api/articles/analyze/,59.4,58,0,
2026-05-16T16:32:41.506393,POST,/api/articles/analyze/,11.38,58,0,
2026-05-16T16:32:41.582233,GET,/api/articles/list/large/,51.49,471824,0,
2026-05-16T16:32:41.603982,POST,/api/articles/bulk/,59.93,34,0,
2026-05-16T16:32:41.604389,POST,/api/articles/bulk/,53.6,34,0,
2026-05-16T16:32:41.651190,GET,/api/articles/list/large/,65.69,471824,0,
2026-05-16T16:32:41.691570,GET,/api/articles/list/large/,66.95,471824,0,
2026-05-16T16:32:41.701084,POST,/api/articles/analyze/,41.24,58,0,
2026-05-16T16:32:41.741818,GET,/api/articles/list/large/,52.66,471824,0,
2026-05-16T16:32:41.757119,GET,/api/articles/list/small/,10.71,23002,0,
2026-05-16T16:32:41.817388,GET,/api/articles/list/small/,10.78,23002,0,
2026-05-16T16:32:41.839914,POST,/api/articles/bulk/,20.15,34,0,
2026-05-16T16:32:41.841108,POST,/api/articles/analyze/,19.7,58,0,
2026-05-16T16:32:41.963562,GET,/api/articles/list/large/,48.87,471824,0,
2026-05-16T16:32:41.971941,POST,/api/articles/bulk/,19.33,34,0,
2026-05-16T16:32:42.040485,POST,/api/articles/bulk/,12.27,34,0,
2026-05-16T16:32:42.178815,POST,/api/articles/bulk/,12.02,34,0,
2026-05-16T16:32:42.346232,GET,/api/articles/list/small/,19.75,23002,0,
2026-05-16T16:32:42.364419,POST,/api/articles/bulk/,29.31,34,0,
2026-05-16T16:32:42.416830,GET,/api/articles/list/large/,66.83,471824,0,
2026-05-16T16:32:42.468880,POST,/api/articles/bulk/,78.19,34,0,
2026-05-16T16:32:42.480109,GET,/api/articles/list/large/,109.27,471824,0,
2026-05-16T16:32:42.495087,GET,/api/articles/list/small/,54.79,23002,0,
2026-05-16T16:32:42.495882,GET,/api/articles/list/small/,66.62,23002,0,
2026-05-16T16:32:42.510511,POST,/api/articles/bulk/,28.89,34,0,
2026-05-16T16:32:42.593632,GET,/api/articles/list/large/,53.25,471824,0,
2026-05-16T16:32:42.599710,POST,/api/articles/analyze/,46.05,58,0,
2026-05-16T16:32:42.653423,GET,/api/articles/list/large/,59.49,471824,0,
2026-05-16T16:32:42.717901,POST,/api/articles/bulk/,93.16,34,0,
2026-05-16T16:32:42.720448,GET,/api/articles/list/large/,87.38,471824,0,
2026-05-16T16:32:42.724764,POST,/api/articles/bulk/,107.75,34,0,
2026-05-16T16:32:42.738954,POST,/api/articles/bulk/,59.81,34,0,
2026-05-16T16:32:42.739410,GET,/api/articles/list/small/,40.88,23002,0,
2026-05-16T16:32:42.825035,POST,/api/articles/bulk/,64.34,34,0,
2026-05-16T16:32:42.826198,GET,/api/articles/list/large/,64.7,471824,0,
2026-05-16T16:32:42.909299,POST,/api/articles/bulk/,13.13,34,0,
2026-05-16T16:32:42.969066,GET,/api/articles/list/large/,51.42,471824,0,
2026-05-16T16:32:42.971140,POST,/api/articles/analyze/,51.56,58,0,
2026-05-16T16:32:43.117848,GET,/api/articles/list/large/,42.08,471824,0,
2026-05-16T16:32:43.128909,POST,/api/articles/bulk/,15.19,34,0,
2026-05-16T16:32:43.148387,POST,/api/articles/analyze/,7.16,58,0,
2026-05-16T16:32:43.163171,POST,/api/articles/analyze/,9.41,58,0,
2026-05-16T16:32:43.180257,POST,/api/articles/analyze/,13.71,58,0,
2026-05-16T16:32:43.181367,POST,/api/articles/analyze/,14.41,58,0,
2026-05-16T16:32:43.228707,POST,/api/articles/analyze/,8.05,58,0,
2026-05-16T16:32:43.293902,POST,/api/articles/bulk/,15.8,34,0,
2026-05-16T16:32:43.329307,POST,/api/articles/bulk/,18.96,34,0,
2026-05-16T16:32:43.350418,POST,/api/articles/analyze/,8.79,58,0,
2026-05-16T16:32:43.396827,GET,/api/articles/list/large/,49.22,471824,0,
2026-05-16T16:32:43.411751,POST,/api/articles/analyze/,9.64,58,0,
2026-05-16T16:32:43.424133,GET,/api/articles/list/small/,19.11,23002,0,
2026-05-16T16:32:43.493639,POST,/api/articles/bulk/,15.79,34,0,
2026-05-16T16:32:43.643753,POST,/api/articles/analyze/,8.72,58,0,
2026-05-16T16:32:43.668947,POST,/api/articles/bulk/,17.8,34,0,
2026-05-16T16:32:43.677935,GET,/api/articles/list/small/,22.28,23002,0,
2026-05-16T16:32:43.735301,GET,/api/articles/list/small/,8.95,23002,0,
2026-05-16T16:32:43.821479,POST,/api/articles/analyze/,15.56,58,0,
2026-05-16T16:32:43.822985,POST,/api/articles/analyze/,14.91,58,0,
2026-05-16T16:32:43.865684,GET,/api/articles/list/large/,43.62,471824,0,
2026-05-16T16:32:43.883718,GET,/api/articles/list/small/,11.7,23002,0,
2026-05-16T16:32:43.913558,POST,/api/articles/bulk/,14.59,34,0,
2026-05-16T16:32:44.040370,GET,/api/articles/list/large/,52.24,471824,0,
2026-05-16T16:32:44.125760,GET,/api/articles/list/large/,113.62,471824,0,
2026-05-16T16:32:44.127783,GET,/api/articles/list/large/,120.42,471824,0,
2026-05-16T16:32:44.128197,POST,/api/articles/bulk/,129.36,34,0,
2026-05-16T16:32:44.173390,POST,/api/articles/analyze/,135.69,58,0,
2026-05-16T16:32:44.174568,GET,/api/articles/list/large/,80.5,471824,0,
2026-05-16T16:32:44.191190,POST,/api/articles/analyze/,7.36,58,0,
2026-05-16T16:32:44.213281,POST,/api/articles/bulk/,12.41,34,0,
2026-05-16T16:32:44.248406,POST,/api/articles/bulk/,16.86,34,0,
2026-05-16T16:32:44.269234,POST,/api/articles/bulk/,14.38,34,0,
2026-05-16T16:32:44.322229,POST,/api/articles/analyze/,7.74,58,0,
2026-05-16T16:32:44.335614,GET,/api/articles/list/small/,14.15,23002,0,
2026-05-16T16:32:44.363410,GET,/api/articles/list/small/,13.35,23002,0,
2026-05-16T16:32:44.398916,POST,/api/articles/bulk/,16.02,34,0,
2026-05-16T16:32:44.403344,POST,/api/articles/analyze/,16.21,58,0,
2026-05-16T16:32:44.434310,GET,/api/articles/list/small/,11.66,23002,0,
2026-05-16T16:32:44.443255,GET,/api/articles/list/small/,9.78,23002,0,
2026-05-16T16:32:44.495410,GET,/api/articles/list/large/,47.75,471824,0,
2026-05-16T16:32:44.537668,POST,/api/articles/bulk/,12.32,34,0,
2026-05-16T16:32:44.586046,GET,/api/articles/list/small/,10.07,23002,0,
2026-05-16T16:32:44.648630,GET,/api/articles/list/large/,45.12,471824,0,
2026-05-16T16:32:44.660442,GET,/api/articles/list/small/,52.06,23002,0,
2026-05-16T16:32:44.699828,GET,/api/articles/list/large/,51.06,471824,0,
2026-05-16T16:32:44.724178,POST,/api/articles/bulk/,14.03,34,0,
2026-05-16T16:32:44.749284,GET,/api/articles/list/small/,10.8,23002,0,
2026-05-16T16:32:44.795790,GET,/api/articles/list/large/,43.06,471824,0,
2026-05-16T16:32:44.814676,POST,/api/articles/bulk/,12.6,34,0,
2026-05-16T16:32:44.939296,GET,/api/articles/list/large/,47.96,471824,0,
2026-05-16T16:32:44.948525,POST,/api/articles/analyze/,36.18,58,0,
2026-05-16T16:32:44.955153,GET,/api/articles/list/small/,40.56,23002,0,
2026-05-16T16:32:44.957993,GET,/api/articles/list/small/,23.32,23002,0,
2026-05-16T16:32:44.972806,POST,/api/articles/bulk/,11.57,34,0,
2026-05-16T16:32:45.018096,POST,/api/articles/bulk/,15.79,34,0,
2026-05-16T16:32:45.185226,POST,/api/articles/analyze/,7.33,58,0,
2026-05-16T16:32:45.198613,POST,/api/articles/analyze/,7.08,58,0,
2026-05-16T16:32:45.301937,GET,/api/articles/list/small/,10.36,23002,0,
2026-05-16T16:32:45.334616,GET,/api/articles/list/small/,10.1,23002,0,
2026-05-16T16:32:45.381327,GET,/api/articles/list/large/,40.61,471824,0,
2026-05-16T16:32:45.434888,GET,/api/articles/list/large/,43.12,471824,0,
2026-05-16T16:32:45.518963,GET,/api/articles/list/small/,9.07,23002,0,
2026-05-16T16:32:45.596672,POST,/api/articles/bulk/,13.33,34,0,
2026-05-16T16:32:45.651595,GET,/api/articles/list/large/,46.46,471824,0,
2026-05-16T16:32:45.695985,POST,/api/articles/bulk/,84.76,34,0,
2026-05-16T16:32:45.697957,GET,/api/articles/list/large/,56.46,471824,0,
2026-05-16T16:32:45.761146,GET,/api/articles/list/large/,47.86,471824,0,
2026-05-16T16:32:45.768804,GET,/api/articles/list/small/,34.51,23002,0,
2026-05-16T16:32:45.774446,GET,/api/articles/list/small/,13.1,23002,0,
2026-05-16T16:32:45.801194,POST,/api/articles/analyze/,9.52,58,0,
2026-05-16T16:32:45.869684,POST,/api/articles/analyze/,9.24,58,0,
2026-05-16T16:32:45.897510,GET,/api/articles/list/small/,10.26,23002,0,
2026-05-16T16:32:45.906883,POST,/api/articles/analyze/,9.24,58,0,
2026-05-16T16:32:45.910443,POST,/api/articles/analyze/,10.04,58,0,
2026-05-16T16:32:45.937529,GET,/api/articles/list/small/,13.77,23002,0,
2026-05-16T16:32:45.945292,POST,/api/articles/bulk/,16.59,34,0,
2026-05-16T16:32:46.030153,GET,/api/articles/list/small/,10.53,23002,0,
2026-05-16T16:32:46.169535,GET,/api/articles/list/large/,42.87,471824,0,
2026-05-16T16:32:46.215462,GET,/api/articles/list/large/,48.91,471824,0,
2026-05-16T16:32:46.230654,POST,/api/articles/analyze/,7.73,58,0,
2026-05-16T16:32:46.352258,GET,/api/articles/list/large/,98.97,471824,0,
2026-05-16T16:32:46.358945,GET,/api/articles/list/large/,102.38,471824,0,
2026-05-16T16:32:46.415201,GET,/api/articles/list/small/,139.62,23002,0,
2026-05-16T16:32:46.419264,GET,/api/articles/list/large/,128.46,471824,0,
2026-05-16T16:32:46.429126,GET,/api/articles/list/small/,92.18,23002,0,
2026-05-16T16:32:46.429512,POST,/api/articles/bulk/,98.83,34,0,
2026-05-16T16:32:46.433804,GET,/api/articles/list/small/,69.5,23002,0,
2026-05-16T16:32:46.434868,POST,/api/articles/bulk/,44.35,34,0,
2026-05-16T16:32:46.510309,POST,/api/articles/analyze/,64.8,58,0,
2026-05-16T16:32:46.516233,GET,/api/articles/list/large/,67.45,471824,0,
2026-05-16T16:32:46.562915,GET,/api/articles/list/large/,109.17,471824,0,
2026-05-16T16:32:46.564423,POST,/api/articles/bulk/,77.62,34,0,
2026-05-16T16:32:46.566797,POST,/api/articles/analyze/,21.23,58,0,
2026-05-16T16:32:46.717550,GET,/api/articles/list/large/,86.35,471824,0,
2026-05-16T16:32:46.722477,GET,/api/articles/list/large/,66.86,471824,0,
2026-05-16T16:32:46.722930,GET,/api/articles/list/small/,67.84,23002,0,
2026-05-16T16:32:46.727040,POST,/api/articles/analyze/,43.43,58,0,
2026-05-16T16:32:46.784172,POST,/api/articles/analyze/,7.84,58,0,
2026-05-16T16:32:46.842390,GET,/api/articles/list/large/,42.73,471824,0,
2026-05-16T16:32:46.907036,POST,/api/articles/bulk/,18.16,34,0,
2026-05-16T16:32:46.911376,POST,/api/articles/analyze/,12.23,58,0,
2026-05-16T16:32:46.920343,GET,/api/articles/list/small/,10.12,23002,0,
2026-05-16T16:32:47.000368,POST,/api/articles/bulk/,55.6,34,0,
2026-05-16T16:32:47.001879,GET,/api/articles/list/large/,56.34,471824,0,
2026-05-16T16:32:47.010213,POST,/api/articles/bulk/,33.81,34,0,
2026-05-16T16:32:47.077435,GET,/api/articles/list/large/,40.92,471824,0,
2026-05-16T16:32:47.170563,POST,/api/articles/analyze/,9.28,58,0,
2026-05-16T16:32:47.213463,GET,/api/articles/list/small/,9.53,23002,0,
2026-05-16T16:32:47.261073,GET,/api/articles/list/large/,48.4,471824,0,
2026-05-16T16:32:47.263014,GET,/api/articles/list/small/,47.16,23002,0,
2026-05-16T16:32:47.310819,POST,/api/articles/analyze/,7.21,58,0,
2026-05-16T16:32:47.350976,POST,/api/articles/analyze/,7.73,58,0,
2026-05-16T16:32:47.523168,GET,/api/articles/list/large/,49.84,471824,0,
2026-05-16T16:32:47.570118,POST,/api/articles/bulk/,13.6,34,0,
2026-05-16T16:32:47.660557,GET,/api/articles/list/small/,9.05,23002,0,
2026-05-16T16:32:47.721307,GET,/api/articles/list/large/,48.5,471824,0,
2026-05-16T16:32:47.828114,GET,/api/articles/list/large/,47.48,471824,0,
2026-05-16T16:32:47.840816,GET,/api/articles/list/small/,22.0,23002,0,
2026-05-16T16:32:47.842769,POST,/api/articles/bulk/,51.17,34,0,
2026-05-16T16:32:47.885695,POST,/api/articles/bulk/,16.66,34,0,
2026-05-16T16:32:47.892841,POST,/api/articles/analyze/,18.17,58,0,
2026-05-16T16:32:47.897773,GET,/api/articles/list/small/,13.41,23002,0,
2026-05-16T16:32:48.007497,POST,/api/articles/analyze/,9.35,58,0,
2026-05-16T16:32:48.021572,POST,/api/articles/analyze/,8.04,58,0,
2026-05-16T16:32:48.082407,GET,/api/articles/list/small/,13.55,23002,0,
2026-05-16T16:32:48.088087,POST,/api/articles/analyze/,10.05,58,0,
2026-05-16T16:32:48.129221,POST,/api/articles/analyze/,7.32,58,0,
2026-05-16T16:32:48.151915,POST,/api/articles/bulk/,12.38,34,0,
2026-05-16T16:32:48.202266,POST,/api/articles/analyze/,9.96,58,0,
2026-05-16T16:32:48.248372,POST,/api/articles/bulk/,18.97,34,0,
2026-05-16T16:32:48.249446,GET,/api/articles/list/small/,21.65,23002,0,
2026-05-16T16:32:48.261105,POST,/api/articles/bulk/,14.96,34,0,
2026-05-16T16:32:48.311986,POST,/api/articles/bulk/,12.25,34,0,
2026-05-16T16:32:48.337826,POST,/api/articles/analyze/,12.3,58,0,
2026-05-16T16:32:48.353617,POST,/api/articles/bulk/,13.5,34,0,
2026-05-16T16:32:48.391076,GET,/api/articles/list/large/,40.81,471824,0,
2026-05-16T16:32:48.413311,POST,/api/articles/bulk/,12.89,34,0,
2026-05-16T16:32:48.440616,GET,/api/articles/list/small/,9.01,23002,0,
2026-05-16T16:32:48.541799,GET,/api/articles/list/large/,44.74,471824,0,
2026-05-16T16:32:48.577720,GET,/api/articles/list/large/,64.72,471824,0,
2026-05-16T16:32:48.636625,GET,/api/articles/list/large/,53.67,471824,0,
2026-05-16T16:32:48.690286,POST,/api/articles/analyze/,93.57,58,0,
2026-05-16T16:32:48.692307,POST,/api/articles/bulk/,73.28,34,0,
2026-05-16T16:32:48.692665,POST,/api/articles/analyze/,63.04,58,0,
2026-05-16T16:32:48.693687,GET,/api/articles/list/large/,70.02,471824,0,
2026-05-16T16:32:48.791217,POST,/api/articles/analyze/,17.25,58,0,
2026-05-16T16:32:48.791644,GET,/api/articles/list/small/,17.19,23002,0,
2026-05-16T16:32:48.842181,POST,/api/articles/bulk/,12.3,34,0,
2026-05-16T16:32:48.889746,POST,/api/articles/analyze/,10.21,58,0,
2026-05-16T16:32:48.917742,POST,/api/articles/bulk/,13.65,34,0,
2026-05-16T16:32:49.049500,GET,/api/articles/list/small/,13.45,23002,0,
2026-05-16T16:32:49.058201,GET,/api/articles/list/small/,10.44,23002,0,
2026-05-16T16:32:49.087837,POST,/api/articles/analyze/,7.32,58,0,
2026-05-16T16:32:49.160608,POST,/api/articles/analyze/,8.47,58,0,
2026-05-16T16:32:49.216260,POST,/api/articles/bulk/,15.19,34,0,
2026-05-16T16:32:49.247513,GET,/api/articles/list/small/,9.85,23002,0,
2026-05-16T16:32:49.300683,POST,/api/articles/analyze/,7.72,58,0,
2026-05-16T16:32:49.314512,POST,/api/articles/bulk/,14.82,34,0,
2026-05-16T16:32:49.361505,POST,/api/articles/bulk/,12.49,34,0,
2026-05-16T16:32:49.417085,GET,/api/articles/list/large/,52.15,471824,0,
2026-05-16T16:32:49.457254,GET,/api/articles/list/large/,62.48,471824,0,
2026-05-16T16:32:49.462659,GET,/api/articles/list/small/,42.36,23002,0,
2026-05-16T16:32:49.539672,POST,/api/articles/bulk/,17.47,34,0,
2026-05-16T16:32:49.548692,POST,/api/articles/bulk/,22.31,34,0,
2026-05-16T16:32:49.555177,POST,/api/articles/analyze/,7.27,58,0,
2026-05-16T16:32:49.605515,GET,/api/articles/list/large/,48.14,471824,0,
2026-05-16T16:32:49.641673,GET,/api/articles/list/large/,49.47,471824,0,
2026-05-16T16:32:49.753065,GET,/api/articles/list/large/,50.76,471824,0,
2026-05-16T16:32:49.803636,POST,/api/articles/bulk/,84.44,34,0,
2026-05-16T16:32:49.804025,POST,/api/articles/analyze/,68.64,58,0,
2026-05-16T16:32:49.806198,GET,/api/articles/list/large/,95.97,471824,0,
2026-05-16T16:32:49.928381,POST,/api/articles/analyze/,10.68,58,0,
2026-05-16T16:32:49.989173,GET,/api/articles/list/small/,13.45,23002,0,
2026-05-16T16:32:50.057249,GET,/api/articles/list/large/,48.69,471824,0,
2026-05-16T16:32:50.068812,POST,/api/articles/bulk/,52.35,34,0,
2026-05-16T16:32:50.070541,POST,/api/articles/analyze/,40.09,58,0,
2026-05-16T16:32:50.113695,GET,/api/articles/list/large/,46.12,471824,0,
2026-05-16T16:32:50.155090,GET,/api/articles/list/large/,59.14,471824,0,
2026-05-16T16:32:50.166115,POST,/api/articles/bulk/,45.76,34,0,
2026-05-16T16:32:50.178675,POST,/api/articles/bulk/,23.41,34,0,
2026-05-16T16:32:50.188577,POST,/api/articles/analyze/,23.62,58,0,
2026-05-16T16:32:50.197118,GET,/api/articles/list/small/,10.15,23002,0,
2026-05-16T16:32:50.260666,POST,/api/articles/analyze/,7.27,58,0,
2026-05-16T16:32:50.272798,POST,/api/articles/analyze/,6.77,58,0,
2026-05-16T16:32:50.300972,POST,/api/articles/bulk/,14.73,34,0,
2026-05-16T16:32:50.497978,GET,/api/articles/list/small/,27.44,23002,0,
2026-05-16T16:32:50.498579,GET,/api/articles/list/small/,26.25,23002,0,
2026-05-16T16:32:50.498897,POST,/api/articles/analyze/,27.93,58,0,
2026-05-16T16:32:50.513130,POST,/api/articles/analyze/,9.89,58,0,
2026-05-16T16:32:50.529382,POST,/api/articles/bulk/,11.82,34,0,
2026-05-16T16:32:50.583740,GET,/api/articles/list/small/,9.99,23002,0,
2026-05-16T16:32:50.697385,GET,/api/articles/list/small/,10.31,23002,0,
2026-05-16T16:32:50.803098,GET,/api/articles/list/large/,48.21,471824,0,
2026-05-16T16:32:50.848545,POST,/api/articles/bulk/,87.82,34,0,
2026-05-16T16:32:50.850359,GET,/api/articles/list/large/,81.41,471824,0,
2026-05-16T16:32:50.859478,POST,/api/articles/bulk/,26.85,34,0,
2026-05-16T16:32:50.940335,POST,/api/articles/analyze/,8.18,58,0,
2026-05-16T16:32:50.961845,POST,/api/articles/analyze/,9.1,58,0,
2026-05-16T16:32:51.131862,POST,/api/articles/analyze/,53.94,58,0,
2026-05-16T16:32:51.134083,GET,/api/articles/list/large/,56.7,471824,0,
2026-05-16T16:32:51.258060,POST,/api/articles/bulk/,13.48,34,0,
2026-05-16T16:32:51.277970,POST,/api/articles/bulk/,14.51,34,0,
2026-05-16T16:32:51.301371,GET,/api/articles/list/small/,10.09,23002,0,
2026-05-16T16:32:51.357006,POST,/api/articles/analyze/,16.14,58,0,
2026-05-16T16:32:51.370741,POST,/api/articles/bulk/,26.75,34,0,
2026-05-16T16:32:51.373949,POST,/api/articles/analyze/,26.98,58,0,
2026-05-16T16:32:51.374951,POST,/api/articles/analyze/,25.25,58,0,
2026-05-16T16:32:51.445727,GET,/api/articles/list/large/,45.58,471824,0,
2026-05-16T16:32:51.456525,GET,/api/articles/list/small/,36.49,23002,0,
2026-05-16T16:32:51.457012,POST,/api/articles/analyze/,37.84,58,0,
2026-05-16T16:32:51.480394,GET,/api/articles/list/small/,9.83,23002,0,
2026-05-16T16:32:51.589031,GET,/api/articles/list/large/,42.95,471824,0,
2026-05-16T16:32:51.727885,GET,/api/articles/list/small/,19.33,23002,0,
2026-05-16T16:32:51.729290,POST,/api/articles/bulk/,20.23,34,0,
2026-05-16T16:32:51.806911,GET,/api/articles/list/large/,43.18,471824,0,
2026-05-16T16:32:51.817721,GET,/api/articles/list/small/,45.13,23002,0,
2026-05-16T16:32:51.854960,GET,/api/articles/list/large/,49.49,471824,0,
2026-05-16T16:32:51.897549,GET,/api/articles/list/large/,46.59,471824,0,
2026-05-16T16:32:51.901024,POST,/api/articles/analyze/,21.82,58,0,
2026-05-16T16:32:51.991088,GET,/api/articles/list/large/,86.76,471824,0,
2026-05-16T16:32:51.996753,GET,/api/articles/list/small/,89.44,23002,0,
2026-05-16T16:32:51.998415,GET,/api/articles/list/large/,81.05,471824,0,
2026-05-16T16:32:52.014715,GET,/api/articles/list/small/,12.04,23002,0,
2026-05-16T16:32:52.050071,POST,/api/articles/analyze/,8.06,58,0,
2026-05-16T16:32:52.078366,POST,/api/articles/bulk/,17.96,34,0,
2026-05-16T16:32:52.086920,POST,/api/articles/bulk/,19.73,34,0,
2026-05-16T16:32:52.122734,GET,/api/articles/list/small/,9.54,23002,0,
2026-05-16T16:32:52.173911,GET,/api/articles/list/large/,46.53,471824,0,
2026-05-16T16:32:52.223466,POST,/api/articles/bulk/,12.08,34,0,
2026-05-16T16:32:52.284078,GET,/api/articles/list/large/,51.33,471824,0,
2026-05-16T16:32:52.328937,POST,/api/articles/analyze/,55.29,58,0,
2026-05-16T16:32:52.336507,GET,/api/articles/list/large/,89.6,471824,0,
2026-05-16T16:32:52.337291,GET,/api/articles/list/small/,79.52,23002,0,
2026-05-16T16:32:52.343767,POST,/api/articles/analyze/,14.69,58,0,
2026-05-16T16:32:52.358825,POST,/api/articles/bulk/,11.84,34,0,
2026-05-16T16:32:52.446012,GET,/api/articles/list/large/,46.85,471824,0,
2026-05-16T16:32:52.541985,GET,/api/articles/list/large/,54.64,471824,0,
2026-05-16T16:32:52.545549,POST,/api/articles/bulk/,56.3,34,0,
2026-05-16T16:32:52.547755,POST,/api/articles/analyze/,39.17,58,0,
2026-05-16T16:32:52.611021,GET,/api/articles/list/large/,41.87,471824,0,
2026-05-16T16:32:52.785160,GET,/api/articles/list/large/,44.6,471824,0,
2026-05-16T16:32:52.834195,GET,/api/articles/list/large/,65.63,471824,0,
2026-05-16T16:32:52.835068,POST,/api/articles/bulk/,83.65,34,0,
2026-05-16T16:32:52.856010,POST,/api/articles/analyze/,8.7,58,0,
2026-05-16T16:32:52.882693,POST,/api/articles/analyze/,7.36,58,0,
2026-05-16T16:32:52.972323,GET,/api/articles/list/large/,47.76,471824,0,
2026-05-16T16:32:52.983175,GET,/api/articles/list/small/,17.38,23002,0,
2026-05-16T16:32:53.049061,GET,/api/articles/list/small/,10.17,23002,0,
2026-05-16T16:32:53.061044,POST,/api/articles/analyze/,12.89,58,0,
2026-05-16T16:32:53.135470,GET,/api/articles/list/large/,49.31,471824,0,
2026-05-16T16:32:53.139650,POST,/api/articles/analyze/,33.83,58,0,
2026-05-16T16:32:53.219220,GET,/api/articles/list/large/,57.18,471824,0,
2026-05-16T16:32:53.225355,POST,/api/articles/analyze/,40.19,58,0,
2026-05-16T16:32:53.254039,GET,/api/articles/list/small/,12.28,23002,0,
2026-05-16T16:32:53.292026,GET,/api/articles/list/small/,10.61,23002,0,
2026-05-16T16:32:53.322796,POST,/api/articles/bulk/,18.8,34,0,
2026-05-16T16:32:53.390047,GET,/api/articles/list/small/,12.44,23002,0,
2026-05-16T16:32:53.427154,POST,/api/articles/analyze/,7.69,58,0,
2026-05-16T16:32:53.569201,POST,/api/articles/analyze/,7.3,58,0,
2026-05-16T16:32:53.647233,POST,/api/articles/analyze/,12.64,58,0,
2026-05-16T16:32:53.681065,GET,/api/articles/list/small/,19.43,23002,0,
2026-05-16T16:32:53.684790,POST,/api/articles/analyze/,19.99,58,0,
2026-05-16T16:32:53.694264,POST,/api/articles/analyze/,7.05,58,0,
2026-05-16T16:32:53.714629,POST,/api/articles/analyze/,12.07,58,0,
2026-05-16T16:32:53.811364,POST,/api/articles/analyze/,12.41,58,0,
2026-05-16T16:32:53.834019,POST,/api/articles/bulk/,12.09,34,0,
2026-05-16T16:32:53.859079,POST,/api/articles/bulk/,27.0,34,0,
2026-05-16T16:32:53.859444,POST,/api/articles/analyze/,19.72,58,0,
2026-05-16T16:32:53.919512,GET,/api/articles/list/large/,46.84,471824,0,
2026-05-16T16:32:53.929560,POST,/api/articles/bulk/,51.32,34,0,
2026-05-16T16:32:53.973848,GET,/api/articles/list/small/,14.85,23002,0,
2026-05-16T16:32:54.013278,GET,/api/articles/list/large/,50.41,471824,0,
2026-05-16T16:32:54.079013,POST,/api/articles/bulk/,14.28,34,0,
2026-05-16T16:32:54.104069,POST,/api/articles/bulk/,18.62,34,0,
2026-05-16T16:32:54.112376,POST,/api/articles/analyze/,16.27,58,0,
2026-05-16T16:32:54.129281,POST,/api/articles/analyze/,26.07,58,0,
2026-05-16T16:32:54.136538,POST,/api/articles/bulk/,29.72,34,0,
2026-05-16T16:32:54.139475,POST,/api/articles/analyze/,16.81,58,0,
2026-05-16T16:32:54.151969,GET,/api/articles/list/small/,9.33,23002,0,
2026-05-16T16:32:54.173336,GET,/api/articles/list/small/,10.74,23002,0,
2026-05-16T16:32:54.254699,GET,/api/articles/list/small/,11.08,23002,0,
2026-05-16T16:32:54.311547,POST,/api/articles/bulk/,13.34,34,0,
2026-05-16T16:32:54.405170,GET,/api/articles/list/large/,54.98,471824,0,
2026-05-16T16:32:54.451004,GET,/api/articles/list/large/,65.78,471824,0,
2026-05-16T16:32:54.451879,GET,/api/articles/list/small/,73.58,23002,0,
2026-05-16T16:32:54.463593,GET,/api/articles/list/small/,12.43,23002,0,
2026-05-16T16:32:54.496902,GET,/api/articles/list/small/,13.01,23002,0,
2026-05-16T16:32:54.518219,POST,/api/articles/bulk/,14.03,34,0,
2026-05-16T16:32:54.630543,GET,/api/articles/list/large/,44.49,471824,0,
2026-05-16T16:32:54.680968,GET,/api/articles/list/large/,40.98,471824,0,
2026-05-16T16:32:54.730990,POST,/api/articles/bulk/,14.47,34,0,
2026-05-16T16:32:54.799896,GET,/api/articles/list/small/,10.6,23002,0,
2026-05-16T16:32:54.904264,GET,/api/articles/list/large/,50.85,471824,0,
2026-05-16T16:32:54.955348,POST,/api/articles/bulk/,72.57,34,0,
2026-05-16T16:32:54.957518,GET,/api/articles/list/large/,72.64,471824,0,
2026-05-16T16:32:55.014869,GET,/api/articles/list/large/,48.92,471824,0,
2026-05-16T16:32:55.070661,GET,/api/articles/list/small/,72.63,23002,0,
2026-05-16T16:32:55.082091,GET,/api/articles/list/large/,105.92,471824,0,
2026-05-16T16:32:55.085320,POST,/api/articles/bulk/,70.02,34,0,
2026-05-16T16:32:55.126019,POST,/api/articles/bulk/,17.21,34,0,
2026-05-16T16:32:55.181895,GET,/api/articles/list/large/,53.41,471824,0,
2026-05-16T16:32:55.223571,POST,/api/articles/analyze/,73.8,58,0,
2026-05-16T16:32:55.228646,GET,/api/articles/list/large/,81.9,471824,0,
2026-05-16T16:32:55.234183,GET,/api/articles/list/small/,38.97,23002,0,
2026-05-16T16:32:55.257178,POST,/api/articles/bulk/,13.32,34,0,
2026-05-16T16:32:55.331920,POST,/api/articles/analyze/,54.39,58,0,
2026-05-16T16:32:55.335047,GET,/api/articles/list/large/,57.02,471824,0,
2026-05-16T16:32:55.340032,POST,/api/articles/analyze/,36.91,58,0,
2026-05-16T16:32:55.397252,GET,/api/articles/list/large/,42.9,471824,0,
2026-05-16T16:32:55.435945,GET,/api/articles/list/small/,11.19,23002,0,
2026-05-16T16:32:55.457003,GET,/api/articles/list/small/,9.65,23002,0,
2026-05-16T16:32:55.494284,GET,/api/articles/list/small/,10.96,23002,0,
2026-05-16T16:32:55.593460,POST,/api/articles/bulk/,12.62,34,0,
2026-05-16T16:32:55.713649,GET,/api/articles/list/large/,57.87,471824,0,
2026-05-16T16:32:55.729211,POST,/api/articles/analyze/,28.51,58,0,
2026-05-16T16:32:55.732311,POST,/api/articles/analyze/,57.63,58,0,
2026-05-16T16:32:55.733298,POST,/api/articles/bulk/,32.1,34,0,
2026-05-16T16:32:55.821761,GET,/api/articles/list/large/,90.84,471824,0,
2026-05-16T16:32:55.902553,GET,/api/articles/list/large/,167.02,471824,0,
2026-05-16T16:32:55.909168,GET,/api/articles/list/large/,170.81,471824,0,
2026-05-16T16:32:55.911224,GET,/api/articles/list/large/,151.18,471824,0,
2026-05-16T16:32:55.962577,GET,/api/articles/list/small/,68.15,23002,0,
2026-05-16T16:32:55.965394,GET,/api/articles/list/large/,73.21,471824,0,
2026-05-16T16:32:55.969268,POST,/api/articles/analyze/,36.72,58,0,
2026-05-16T16:32:56.065445,GET,/api/articles/list/small/,12.75,23002,0,
2026-05-16T16:32:56.147929,POST,/api/articles/analyze/,15.32,58,0,
2026-05-16T16:32:56.162157,POST,/api/articles/bulk/,25.54,34,0,
2026-05-16T16:32:56.227058,GET,/api/articles/list/large/,58.65,471824,0,
2026-05-16T16:32:56.284266,POST,/api/articles/analyze/,82.33,58,0,
2026-05-16T16:32:56.287717,POST,/api/articles/bulk/,88.1,34,0,
2026-05-16T16:32:56.290749,GET,/api/articles/list/large/,104.57,471824,0,
2026-05-16T16:32:56.312008,GET,/api/articles/list/small/,66.55,23002,0,
2026-05-16T16:32:56.312397,POST,/api/articles/bulk/,57.0,34,0,
2026-05-16T16:32:56.313272,GET,/api/articles/list/small/,74.93,23002,0,
2026-05-16T16:32:56.317778,POST,/api/articles/analyze/,25.79,58,0,
2026-05-16T16:32:56.346163,GET,/api/articles/list/small/,9.82,23002,0,
2026-05-16T16:32:56.461401,POST,/api/articles/analyze/,7.75,58,0,
2026-05-16T16:32:56.510893,POST,/api/articles/bulk/,14.14,34,0,
2026-05-16T16:32:56.523440,POST,/api/articles/bulk/,19.39,34,0,
2026-05-16T16:32:56.592444,POST,/api/articles/bulk/,12.66,34,0,
2026-05-16T16:32:56.618825,POST,/api/articles/bulk/,15.11,34,0,
2026-05-16T16:32:56.700033,GET,/api/articles/list/large/,44.91,471824,0,
2026-05-16T16:32:56.745033,GET,/api/articles/list/large/,62.01,471824,0,
2026-05-16T16:32:56.786924,GET,/api/articles/list/large/,70.6,471824,0,
2026-05-16T16:32:56.793781,GET,/api/articles/list/small/,23.46,23002,0,
2026-05-16T16:32:56.857251,POST,/api/articles/bulk/,13.63,34,0,
2026-05-16T16:32:56.926635,GET,/api/articles/list/small/,10.91,23002,0,
2026-05-16T16:32:56.978092,POST,/api/articles/bulk/,15.1,34,0,
2026-05-16T16:32:57.054777,POST,/api/articles/analyze/,8.33,58,0,
2026-05-16T16:32:57.237126,POST,/api/articles/analyze/,9.41,58,0,
2026-05-16T16:32:57.401291,GET,/api/articles/list/large/,61.42,471824,0,
2026-05-16T16:32:57.581700,POST,/api/articles/bulk/,225.86,34,0,
2026-05-16T16:32:57.588372,GET,/api/articles/list/large/,226.98,471824,0,
2026-05-16T16:32:57.594292,POST,/api/articles/analyze/,211.3,58,0,
2026-05-16T16:32:57.601614,GET,/api/articles/list/large/,226.48,471824,0,
2026-05-16T16:32:57.626559,POST,/api/articles/bulk/,236.63,34,0,
2026-05-16T16:32:57.633106,POST,/api/articles/analyze/,240.02,58,0,
2026-05-16T16:32:57.634173,POST,/api/articles/analyze/,155.48,58,0,
2026-05-16T16:32:57.637776,POST,/api/articles/analyze/,204.05,58,0,
2026-05-16T16:32:57.638631,GET,/api/articles/list/small/,221.92,23002,0,
2026-05-16T16:32:57.639738,POST,/api/articles/bulk/,213.15,34,0,
2026-05-16T16:32:57.641355,POST,/api/articles/bulk/,106.19,34,0,
2026-05-16T16:32:57.642477,POST,/api/articles/analyze/,164.26,58,0,
2026-05-16T16:32:57.699093,POST,/api/articles/analyze/,46.1,58,0,
2026-05-16T16:32:57.712267,GET,/api/articles/list/large/,54.85,471824,0,
2026-05-16T16:32:57.723384,GET,/api/articles/list/small/,37.99,23002,0,
2026-05-16T16:32:57.726404,POST,/api/articles/bulk/,45.12,34,0,
2026-05-16T16:32:57.776768,POST,/api/articles/bulk/,14.65,34,0,
2026-05-16T16:32:57.825752,POST,/api/articles/bulk/,16.64,34,0,
2026-05-16T16:32:57.835200,POST,/api/articles/bulk/,21.78,34,0,
2026-05-16T16:32:57.859884,POST,/api/articles/analyze/,10.41,58,0,
2026-05-16T16:32:57.991664,POST,/api/articles/analyze/,7.92,58,0,
2026-05-16T16:32:58.065996,GET,/api/articles/list/large/,53.92,471824,0,
2026-05-16T16:32:58.171441,GET,/api/articles/list/large/,144.93,471824,0,
2026-05-16T16:32:58.173897,GET,/api/articles/list/large/,147.89,471824,0,
2026-05-16T16:32:58.179994,GET,/api/articles/list/small/,153.13,23002,0,
2026-05-16T16:32:58.244573,GET,/api/articles/list/large/,176.18,471824,0,
2026-05-16T16:32:58.247096,GET,/api/articles/list/small/,167.55,23002,0,
2026-05-16T16:32:58.250221,POST,/api/articles/bulk/,150.59,34,0,
2026-05-16T16:32:58.251067,POST,/api/articles/bulk/,169.6,34,0,
2026-05-16T16:32:58.251928,GET,/api/articles/list/small/,152.99,23002,0,
2026-05-16T16:32:58.258726,GET,/api/articles/list/small/,32.9,23002,0,
2026-05-16T16:32:58.288481,POST,/api/articles/analyze/,7.35,58,0,
2026-05-16T16:32:58.347329,POST,/api/articles/analyze/,10.89,58,0,
2026-05-16T16:32:58.623861,GET,/api/articles/list/small/,9.72,23002,0,
2026-05-16T16:32:58.655686,POST,/api/articles/bulk/,21.21,34,0,
2026-05-16T16:32:58.658033,POST,/api/articles/analyze/,20.41,58,0,
2026-05-16T16:32:58.678289,POST,/api/articles/analyze/,13.03,58,0,
2026-05-16T16:32:58.687073,POST,/api/articles/bulk/,15.98,34,0,
2026-05-16T16:32:58.742670,GET,/api/articles/list/large/,49.18,471824,0,
2026-05-16T16:32:58.755376,POST,/api/articles/analyze/,45.07,58,0,
2026-05-16T16:32:58.758372,POST,/api/articles/bulk/,28.0,34,0,
2026-05-16T16:32:58.764114,GET,/api/articles/list/small/,21.24,23002,0,
2026-05-16T16:32:58.815381,GET,/api/articles/list/large/,43.91,471824,0,
2026-05-16T16:32:58.830735,POST,/api/articles/analyze/,7.93,58,0,
2026-05-16T16:32:58.890738,GET,/api/articles/list/small/,10.29,23002,0,
2026-05-16T16:32:59.015849,POST,/api/articles/bulk/,13.04,34,0,
2026-05-16T16:32:59.048185,POST,/api/articles/bulk/,15.78,34,0,
2026-05-16T16:32:59.106263,GET,/api/articles/list/small/,15.58,23002,0,
2026-05-16T16:32:59.179335,POST,/api/articles/analyze/,8.19,58,0,
2026-05-16T16:32:59.284845,GET,/api/articles/list/small/,21.6,23002,0,
2026-05-16T16:32:59.285302,POST,/api/articles/analyze/,23.39,58,0,
2026-05-16T16:32:59.403456,POST,/api/articles/bulk/,14.23,34,0,
2026-05-16T16:32:59.503038,POST,/api/articles/analyze/,11.01,58,0,
2026-05-16T16:32:59.522354,GET,/api/articles/list/small/,9.94,23002,0,
2026-05-16T16:32:59.541245,GET,/api/articles/list/small/,10.45,23002,0,
2026-05-16T16:33:00.447809,GET,/api/articles/list/large/,50.88,471824,0,
2026-05-16T16:33:00.506936,POST,/api/articles/bulk/,94.47,34,0,
2026-05-16T16:33:00.511501,GET,/api/articles/list/large/,67.14,471824,0,
2026-05-16T16:33:00.512804,POST,/api/articles/bulk/,64.8,34,0,
2026-05-16T16:33:00.593290,POST,/api/articles/bulk/,12.45,34,0,
2026-05-16T16:33:00.646162,GET,/api/articles/list/large/,42.49,471824,0,
2026-05-16T16:33:00.698724,POST,/api/articles/bulk/,27.97,34,0,
2026-05-16T16:33:00.702826,POST,/api/articles/bulk/,34.07,34,0,
2026-05-16T16:33:00.709514,GET,/api/articles/list/small/,18.2,23002,0,
2026-05-16T16:33:00.769170,POST,/api/articles/bulk/,15.28,34,0,
2026-05-16T16:33:00.795005,GET,/api/articles/list/small/,14.49,23002,0,
2026-05-16T16:33:00.798035,GET,/api/articles/list/small/,15.62,23002,0,
2026-05-16T16:33:00.814814,GET,/api/articles/list/small/,12.26,23002,0,
2026-05-16T16:33:00.921481,POST,/api/articles/bulk/,12.15,34,0,
2026-05-16T16:33:01.009366,GET,/api/articles/list/small/,13.97,23002,0,
2026-05-16T16:33:01.030921,POST,/api/articles/analyze/,9.88,58,0,
2026-05-16T16:33:01.042429,POST,/api/articles/bulk/,16.49,34,0,
2026-05-16T16:33:01.133895,GET,/api/articles/list/small/,10.92,23002,0,
2026-05-16T16:33:01.150871,GET,/api/articles/list/small/,14.63,23002,0,
2026-05-16T16:33:01.154396,POST,/api/articles/analyze/,10.6,58,0,
2026-05-16T16:33:01.195857,POST,/api/articles/analyze/,7.68,58,0,
2026-05-16T16:33:01.223602,POST,/api/articles/analyze/,10.36,58,0,
2026-05-16T16:33:01.265870,GET,/api/articles/list/large/,47.23,471824,0,
2026-05-16T16:33:01.312550,GET,/api/articles/list/large/,81.25,471824,0,
2026-05-16T16:33:01.367883,GET,/api/articles/list/large/,94.46,471824,0,
2026-05-16T16:33:01.371588,POST,/api/articles/bulk/,69.92,34,0,
2026-05-16T16:33:01.374422,POST,/api/articles/bulk/,68.29,34,0,
2026-05-16T16:33:01.423279,POST,/api/articles/bulk/,55.09,34,0,
2026-05-16T16:33:01.424655,GET,/api/articles/list/small/,51.8,23002,0,
2026-05-16T16:33:01.427496,POST,/api/articles/bulk/,53.97,34,0,
2026-05-16T16:33:01.430534,POST,/api/articles/bulk/,53.54,34,0,
2026-05-16T16:33:01.453790,GET,/api/articles/list/small/,51.29,23002,0,
2026-05-16T16:33:01.454912,POST,/api/articles/bulk/,63.74,34,0,
2026-05-16T16:33:01.490656,POST,/api/articles/analyze/,75.89,58,0,
2026-05-16T16:33:01.495837,POST,/api/articles/analyze/,70.0,58,0,
2026-05-16T16:33:01.502856,GET,/api/articles/list/large/,73.03,471824,0,
2026-05-16T16:33:01.549955,POST,/api/articles/bulk/,81.57,34,0,
2026-05-16T16:33:01.551730,GET,/api/articles/list/large/,78.48,471824,0,
2026-05-16T16:33:01.760179,GET,/api/articles/list/small/,10.31,23002,0,
2026-05-16T16:33:01.777688,GET,/api/articles/list/small/,11.77,23002,0,
2026-05-16T16:33:01.890585,GET,/api/articles/list/large/,64.36,471824,0,
2026-05-16T16:33:01.898357,GET,/api/articles/list/small/,71.65,23002,0,
2026-05-16T16:33:01.901952,POST,/api/articles/bulk/,63.74,34,0,
2026-05-16T16:33:01.911488,POST,/api/articles/analyze/,8.14,58,0,
2026-05-16T16:33:01.953940,POST,/api/articles/bulk/,25.97,34,0,
2026-05-16T16:33:02.102076,GET,/api/articles/list/large/,44.92,471824,0,
2026-05-16T16:33:02.121261,POST,/api/articles/bulk/,12.65,34,0,
2026-05-16T16:33:02.180040,GET,/api/articles/list/small/,11.98,23002,0,
2026-05-16T16:33:02.287529,GET,/api/articles/list/small/,9.65,23002,0,
2026-05-16T16:33:02.342886,GET,/api/articles/list/small/,12.77,23002,0,
2026-05-16T16:33:02.386174,GET,/api/articles/list/large/,45.77,471824,0,
2026-05-16T16:33:02.428609,POST,/api/articles/bulk/,13.84,34,0,
2026-05-16T16:33:02.453652,POST,/api/articles/analyze/,7.58,58,0,
2026-05-16T16:33:02.494690,POST,/api/articles/analyze/,7.41,58,0,
2026-05-16T16:33:02.533403,GET,/api/articles/list/small/,9.1,23002,0,
2026-05-16T16:33:02.596055,GET,/api/articles/list/large/,46.15,471824,0,
2026-05-16T16:33:02.643586,GET,/api/articles/list/small/,56.24,23002,0,
2026-05-16T16:33:02.647965,GET,/api/articles/list/large/,80.97,471824,0,
2026-05-16T16:33:02.657044,POST,/api/articles/analyze/,36.38,58,0,
2026-05-16T16:33:02.695368,GET,/api/articles/list/small/,59.24,23002,0,
2026-05-16T16:33:02.699710,GET,/api/articles/list/large/,53.81,471824,0,
2026-05-16T16:33:02.741860,GET,/api/articles/list/large/,51.35,471824,0,
2026-05-16T16:33:02.751338,POST,/api/articles/bulk/,32.3,34,0,
2026-05-16T16:33:02.792929,POST,/api/articles/bulk/,12.84,34,0,
2026-05-16T16:33:02.819946,POST,/api/articles/analyze/,8.04,58,0,
2026-05-16T16:33:03.030099,GET,/api/articles/list/large/,41.32,471824,0,
2026-05-16T16:33:03.091270,GET,/api/articles/list/large/,42.53,471824,0,
2026-05-16T16:33:03.138303,POST,/api/articles/bulk/,12.45,34,0,
2026-05-16T16:33:03.223761,GET,/api/articles/list/large/,44.79,471824,0,
2026-05-16T16:33:03.267928,GET,/api/articles/list/large/,62.55,471824,0,
2026-05-16T16:33:03.283666,POST,/api/articles/bulk/,45.39,34,0,
2026-05-16T16:33:03.284814,GET,/api/articles/list/small/,47.67,23002,0,
2026-05-16T16:33:03.335728,POST,/api/articles/bulk/,21.43,34,0,
2026-05-16T16:33:03.339727,POST,/api/articles/bulk/,23.01,34,0,
2026-05-16T16:33:03.392877,GET,/api/articles/list/large/,55.24,471824,0,
2026-05-16T16:33:03.416915,POST,/api/articles/bulk/,72.33,34,0,
2026-05-16T16:33:03.417297,POST,/api/articles/bulk/,56.03,34,0,
2026-05-16T16:33:03.461599,GET,/api/articles/list/large/,60.35,471824,0,
2026-05-16T16:33:03.477873,POST,/api/articles/analyze/,71.75,58,0,
2026-05-16T16:33:03.481087,POST,/api/articles/bulk/,60.53,34,0,
2026-05-16T16:33:03.484515,GET,/api/articles/list/small/,60.71,23002,0,
2026-05-16T16:33:03.549301,POST,/api/articles/analyze/,17.31,58,0,
2026-05-16T16:33:03.549896,GET,/api/articles/list/small/,17.39,23002,0,
2026-05-16T16:33:03.579411,POST,/api/articles/bulk/,15.85,34,0,
2026-05-16T16:33:03.617738,GET,/api/articles/list/small/,13.42,23002,0,
2026-05-16T16:33:03.702470,POST,/api/articles/analyze/,8.15,58,0,
2026-05-16T16:33:03.718128,POST,/api/articles/bulk/,14.23,34,0,
2026-05-16T16:33:03.779318,POST,/api/articles/bulk/,23.87,34,0,
2026-05-16T16:33:03.781958,POST,/api/articles/bulk/,22.98,34,0,
2026-05-16T16:33:03.826537,POST,/api/articles/bulk/,18.85,34,0,
2026-05-16T16:33:03.872310,GET,/api/articles/list/large/,58.48,471824,0,
2026-05-16T16:33:03.962133,GET,/api/articles/list/large/,125.37,471824,0,
2026-05-16T16:33:03.962698,GET,/api/articles/list/small/,131.83,23002,0,
2026-05-16T16:33:03.971516,GET,/api/articles/list/large/,109.93,471824,0,
2026-05-16T16:33:04.021918,POST,/api/articles/bulk/,128.25,34,0,
2026-05-16T16:33:04.025138,POST,/api/articles/bulk/,87.31,34,0,
2026-05-16T16:33:04.027709,GET,/api/articles/list/large/,123.75,471824,0,
2026-05-16T16:33:04.099056,GET,/api/articles/list/large/,43.82,471824,0,
2026-05-16T16:33:04.178349,GET,/api/articles/list/large/,48.95,471824,0,
2026-05-16T16:33:04.183490,POST,/api/articles/analyze/,34.89,58,0,
2026-05-16T16:33:04.237194,GET,/api/articles/list/large/,44.19,471824,0,
2026-05-16T16:33:04.334554,POST,/api/articles/bulk/,11.89,34,0,
2026-05-16T16:33:04.359948,POST,/api/articles/analyze/,16.08,58,0,
2026-05-16T16:33:04.369018,POST,/api/articles/analyze/,14.15,58,0,
2026-05-16T16:33:04.370122,POST,/api/articles/analyze/,18.05,58,0,
2026-05-16T16:33:04.463845,GET,/api/articles/list/large/,95.67,471824,0,
2026-05-16T16:33:04.511755,GET,/api/articles/list/large/,142.22,471824,0,
2026-05-16T16:33:04.529735,POST,/api/articles/bulk/,129.97,34,0,
2026-05-16T16:33:04.540431,GET,/api/articles/list/large/,107.15,471824,0,
2026-05-16T16:33:04.541534,GET,/api/articles/list/small/,128.12,23002,0,
2026-05-16T16:33:04.542733,POST,/api/articles/bulk/,134.75,34,0,
2026-05-16T16:33:04.548457,GET,/api/articles/list/small/,84.44,23002,0,
2026-05-16T16:33:04.551417,POST,/api/articles/analyze/,23.94,58,0,
2026-05-16T16:33:04.621384,GET,/api/articles/list/small/,9.41,23002,0,
2026-05-16T16:33:04.633577,GET,/api/articles/list/small/,9.66,23002,0,
2026-05-16T16:33:04.660883,POST,/api/articles/analyze/,7.54,58,0,
2026-05-16T16:33:04.725132,GET,/api/articles/list/large/,46.83,471824,0,
2026-05-16T16:33:04.740037,GET,/api/articles/list/small/,46.81,23002,0,
2026-05-16T16:33:04.741156,POST,/api/articles/bulk/,52.01,34,0,
2026-05-16T16:33:04.910343,POST,/api/articles/analyze/,7.48,58,0,
2026-05-16T16:33:04.961397,POST,/api/articles/analyze/,9.33,58,0,
2026-05-16T16:33:04.981814,POST,/api/articles/analyze/,9.76,58,0,
2026-05-16T16:33:05.082592,POST,/api/articles/bulk/,14.37,34,0,
2026-05-16T16:33:05.103043,GET,/api/articles/list/small/,10.13,23002,0,
2026-05-16T16:33:05.185016,GET,/api/articles/list/large/,50.86,471824,0,
2026-05-16T16:33:05.300518,GET,/api/articles/list/small/,93.07,23002,0,
2026-05-16T16:33:05.306717,GET,/api/articles/list/large/,98.61,471824,0,
2026-05-16T16:33:05.323376,POST,/api/articles/analyze/,81.34,58,0,
2026-05-16T16:33:05.435955,GET,/api/articles/list/large/,125.73,471824,0,
2026-05-16T16:33:05.503361,POST,/api/articles/bulk/,104.91,34,0,
2026-05-16T16:33:05.505246,GET,/api/articles/list/large/,84.76,471824,0,
2026-05-16T16:33:05.546578,GET,/api/articles/list/small/,12.94,23002,0,
2026-05-16T16:33:05.577146,POST,/api/articles/analyze/,8.73,58,0,
2026-05-16T16:33:05.604454,POST,/api/articles/bulk/,17.77,34,0,
2026-05-16T16:33:05.620697,POST,/api/articles/analyze/,21.66,58,0,
2026-05-16T16:33:05.628492,POST,/api/articles/analyze/,22.47,58,0,
2026-05-16T16:33:05.630927,POST,/api/articles/analyze/,27.49,58,0,
2026-05-16T16:33:05.720075,GET,/api/articles/list/small/,13.41,23002,0,
2026-05-16T16:33:05.800411,POST,/api/articles/bulk/,30.02,34,0,
2026-05-16T16:33:05.849154,POST,/api/articles/analyze/,71.42,58,0,
2026-05-16T16:33:05.852549,GET,/api/articles/list/small/,64.29,23002,0,
2026-05-16T16:33:05.855152,GET,/api/articles/list/large/,62.06,471824,0,
2026-05-16T16:33:05.879330,POST,/api/articles/analyze/,12.8,58,0,
2026-05-16T16:33:05.895906,POST,/api/articles/bulk/,14.37,34,0,
2026-05-16T16:33:05.973629,GET,/api/articles/list/large/,50.31,471824,0,
2026-05-16T16:33:05.979615,POST,/api/articles/analyze/,30.46,58,0,
2026-05-16T16:33:06.097813,GET,/api/articles/list/large/,47.58,471824,0,
2026-05-16T16:33:06.153489,POST,/api/articles/bulk/,17.11,34,0,
2026-05-16T16:33:06.203836,POST,/api/articles/bulk/,32.15,34,0,
2026-05-16T16:33:06.207357,GET,/api/articles/list/small/,30.15,23002,0,
2026-05-16T16:33:06.283279,GET,/api/articles/list/large/,46.56,471824,0,
2026-05-16T16:33:06.292071,POST,/api/articles/bulk/,18.31,34,0,
2026-05-16T16:33:06.303173,POST,/api/articles/analyze/,8.25,58,0,
2026-05-16T16:33:06.353258,GET,/api/articles/list/small/,11.63,23002,0,
2026-05-16T16:33:06.408341,POST,/api/articles/bulk/,20.77,34,0,
2026-05-16T16:33:06.454753,GET,/api/articles/list/large/,57.58,471824,0,
2026-05-16T16:33:06.595557,GET,/api/articles/list/large/,51.5,471824,0,
2026-05-16T16:33:06.607415,POST,/api/articles/bulk/,33.17,34,0,
2026-05-16T16:33:06.612721,POST,/api/articles/analyze/,10.44,58,0,
2026-05-16T16:33:06.691469,GET,/api/articles/list/large/,38.45,471824,0,
2026-05-16T16:33:06.699240,POST,/api/articles/analyze/,9.25,58,0,
2026-05-16T16:33:06.704393,POST,/api/articles/analyze/,8.41,58,0,
2026-05-16T16:33:06.794268,POST,/api/articles/bulk/,31.66,34,0,
2026-05-16T16:33:06.797509,POST,/api/articles/bulk/,28.26,34,0,
2026-05-16T16:33:06.838147,GET,/api/articles/list/large/,49.4,471824,0,
2026-05-16T16:33:06.881513,GET,/api/articles/list/small/,80.73,23002,0,
2026-05-16T16:33:06.883578,GET,/api/articles/list/large/,55.99,471824,0,
2026-05-16T16:33:06.891348,POST,/api/articles/bulk/,32.82,34,0,
2026-05-16T16:33:06.901475,POST,/api/articles/analyze/,6.81,58,0,
2026-05-16T16:33:06.971384,GET,/api/articles/list/small/,9.55,23002,0,
2026-05-16T16:33:07.039241,GET,/api/articles/list/small/,9.23,23002,0,
2026-05-16T16:33:07.059673,POST,/api/articles/bulk/,13.14,34,0,
2026-05-16T16:33:07.112189,GET,/api/articles/list/large/,48.24,471824,0,
2026-05-16T16:33:07.117310,POST,/api/articles/analyze/,38.56,58,0,
2026-05-16T16:33:07.118735,POST,/api/articles/analyze/,18.03,58,0,
2026-05-16T16:33:07.179286,POST,/api/articles/analyze/,7.16,58,0,
2026-05-16T16:33:07.197379,GET,/api/articles/list/small/,8.85,23002,0,
2026-05-16T16:33:07.288946,GET,/api/articles/list/large/,48.3,471824,0,
2026-05-16T16:33:07.295913,GET,/api/articles/list/small/,10.42,23002,0,
2026-05-16T16:33:07.343949,POST,/api/articles/bulk/,13.62,34,0,
2026-05-16T16:33:07.352700,POST,/api/articles/bulk/,13.16,34,0,
2026-05-16T16:33:07.394447,POST,/api/articles/analyze/,12.08,58,0,
2026-05-16T16:33:07.464638,GET,/api/articles/list/small/,8.8,23002,0,
2026-05-16T16:33:07.590593,GET,/api/articles/list/small/,8.48,23002,0,
2026-05-16T16:33:07.632517,GET,/api/articles/list/large/,39.55,471824,0,
2026-05-16T16:33:07.637839,GET,/api/articles/list/small/,29.16,23002,0,
2026-05-16T16:33:07.656477,POST,/api/articles/bulk/,11.37,34,0,
2026-05-16T16:33:07.765533,POST,/api/articles/bulk/,17.94,34,0,
2026-05-16T16:33:07.771416,GET,/api/articles/list/small/,11.49,23002,0,
2026-05-16T16:33:07.853922,POST,/api/articles/analyze/,7.79,58,0,
2026-05-16T16:33:08.016646,GET,/api/articles/list/large/,48.61,471824,0,
2026-05-16T16:33:08.022044,GET,/api/articles/list/small/,50.2,23002,0,
2026-05-16T16:33:08.038887,GET,/api/articles/list/small/,8.54,23002,0,
2026-05-16T16:33:08.082119,POST,/api/articles/bulk/,13.82,34,0,
2026-05-16T16:33:08.087403,GET,/api/articles/list/small/,10.93,23002,0,
2026-05-16T16:33:08.156567,POST,/api/articles/analyze/,11.8,58,0,
2026-05-16T16:33:08.182074,GET,/api/articles/list/small/,19.21,23002,0,
2026-05-16T16:33:08.202180,POST,/api/articles/analyze/,36.35,58,0,
2026-05-16T16:33:08.203392,POST,/api/articles/analyze/,32.75,58,0,
2026-05-16T16:33:08.207127,GET,/api/articles/list/small/,31.42,23002,0,
2026-05-16T16:33:08.281579,GET,/api/articles/list/large/,50.03,471824,0,
2026-05-16T16:33:08.286270,POST,/api/articles/analyze/,8.86,58,0,
2026-05-16T16:33:08.391248,GET,/api/articles/list/large/,43.56,471824,0,
2026-05-16T16:33:08.399662,POST,/api/articles/bulk/,14.1,34,0,
2026-05-16T16:33:08.616458,POST,/api/articles/analyze/,7.22,58,0,
2026-05-16T16:33:08.649594,GET,/api/articles/list/small/,8.83,23002,0,
2026-05-16T16:33:08.657600,GET,/api/articles/list/small/,8.98,23002,0,
2026-05-16T16:33:08.717491,POST,/api/articles/bulk/,11.63,34,0,
2026-05-16T16:33:08.784267,GET,/api/articles/list/large/,49.29,471824,0,
2026-05-16T16:33:08.815283,POST,/api/articles/bulk/,12.37,34,0,
2026-05-16T16:33:08.897814,GET,/api/articles/list/large/,57.18,471824,0,
2026-05-16T16:33:08.908030,POST,/api/articles/bulk/,53.94,34,0,
2026-05-16T16:33:08.955251,POST,/api/articles/analyze/,10.93,58,0,
2026-05-16T16:33:09.016737,GET,/api/articles/list/large/,65.3,471824,0,
2026-05-16T16:33:09.064947,GET,/api/articles/list/small/,64.11,23002,0,
2026-05-16T16:33:09.067040,GET,/api/articles/list/small/,99.49,23002,0,
2026-05-16T16:33:09.068849,GET,/api/articles/list/large/,70.78,471824,0,
2026-05-16T16:33:09.071422,POST,/api/articles/analyze/,58.84,58,0,
2026-05-16T16:33:09.104091,POST,/api/articles/analyze/,7.27,58,0,
2026-05-16T16:33:09.117735,GET,/api/articles/list/small/,8.43,23002,0,
2026-05-16T16:33:09.181345,GET,/api/articles/list/large/,46.38,471824,0,
2026-05-16T16:33:09.226537,GET,/api/articles/list/large/,68.99,471824,0,
2026-05-16T16:33:09.227538,GET,/api/articles/list/small/,83.75,23002,0,
2026-05-16T16:33:09.229971,GET,/api/articles/list/small/,56.55,23002,0,
2026-05-16T16:33:09.250025,POST,/api/articles/bulk/,49.29,34,0,
2026-05-16T16:33:09.371440,POST,/api/articles/analyze/,7.06,58,0,
2026-05-16T16:33:09.396692,GET,/api/articles/list/small/,8.98,23002,0,
2026-05-16T16:33:09.545478,POST,/api/articles/bulk/,11.56,34,0,
2026-05-16T16:33:09.614993,POST,/api/articles/bulk/,14.18,34,0,
2026-05-16T16:33:09.623217,POST,/api/articles/bulk/,14.29,34,0,
2026-05-16T16:33:09.708477,POST,/api/articles/bulk/,16.51,34,0,
2026-05-16T16:33:09.709542,POST,/api/articles/analyze/,18.05,58,0,
2026-05-16T16:33:09.764544,POST,/api/articles/bulk/,11.61,34,0,
2026-05-16T16:33:09.807862,GET,/api/articles/list/small/,8.98,23002,0,
2026-05-16T16:33:09.820569,POST,/api/articles/analyze/,6.48,58,0,
2026-05-16T16:33:09.900566,GET,/api/articles/list/large/,42.67,471824,0,
2026-05-16T16:33:09.942816,GET,/api/articles/list/large/,54.19,471824,0,
2026-05-16T16:33:09.943686,GET,/api/articles/list/small/,52.42,23002,0,
2026-05-16T16:33:09.945124,POST,/api/articles/analyze/,74.39,58,0,
2026-05-16T16:33:09.949274,POST,/api/articles/analyze/,44.46,58,0,
2026-05-16T16:33:10.006242,GET,/api/articles/list/large/,51.74,471824,0,
2026-05-16T16:33:10.011902,POST,/api/articles/analyze/,52.62,58,0,
2026-05-16T16:33:10.015622,POST,/api/articles/analyze/,9.23,58,0,
2026-05-16T16:33:10.056415,POST,/api/articles/bulk/,13.52,34,0,
2026-05-16T16:33:10.064337,POST,/api/articles/bulk/,16.37,34,0,
2026-05-16T16:33:10.090112,POST,/api/articles/bulk/,11.5,34,0,
2026-05-16T16:33:10.163196,GET,/api/articles/list/large/,37.67,471824,0,
2026-05-16T16:33:10.184384,POST,/api/articles/analyze/,6.77,58,0,
2026-05-16T16:33:10.401053,POST,/api/articles/analyze/,10.0,58,0,
2026-05-16T16:33:10.457549,GET,/api/articles/list/large/,57.47,471824,0,
2026-05-16T16:33:10.503378,GET,/api/articles/list/large/,78.39,471824,0,
2026-05-16T16:33:10.509187,GET,/api/articles/list/small/,49.31,23002,0,
2026-05-16T16:33:10.565596,POST,/api/articles/analyze/,7.16,58,0,
2026-05-16T16:33:10.650848,POST,/api/articles/bulk/,11.67,34,0,
2026-05-16T16:33:10.682649,GET,/api/articles/list/small/,9.5,23002,0,
2026-05-16T16:33:10.803216,GET,/api/articles/list/small/,9.33,23002,0,
2026-05-16T16:33:10.899351,GET,/api/articles/list/small/,13.56,23002,0,
2026-05-16T16:33:10.914294,GET,/api/articles/list/small/,8.68,23002,0,
2026-05-16T16:33:10.933047,GET,/api/articles/list/small/,8.51,23002,0,
2026-05-16T16:33:10.945124,POST,/api/articles/bulk/,11.95,34,0,
2026-05-16T16:33:10.964331,POST,/api/articles/analyze/,7.05,58,0,
2026-05-16T16:33:11.016863,GET,/api/articles/list/large/,53.51,471824,0,
2026-05-16T16:33:11.050707,GET,/api/articles/list/large/,74.16,471824,0,
2026-05-16T16:33:11.148402,GET,/api/articles/list/large/,38.4,471824,0,
2026-05-16T16:33:11.281574,GET,/api/articles/list/large/,51.74,471824,0,
2026-05-16T16:33:11.291457,POST,/api/articles/bulk/,34.68,34,0,
2026-05-16T16:33:11.292101,POST,/api/articles/analyze/,34.6,58,0,
2026-05-16T16:33:11.307919,POST,/api/articles/analyze/,12.61,58,0,
2026-05-16T16:33:11.308622,POST,/api/articles/analyze/,12.93,58,0,
2026-05-16T16:33:11.324336,GET,/api/articles/list/small/,8.5,23002,0,
2026-05-16T16:33:11.336655,POST,/api/articles/analyze/,7.04,58,0,
2026-05-16T16:33:11.390558,GET,/api/articles/list/large/,40.65,471824,0,
2026-05-16T16:33:11.398684,POST,/api/articles/bulk/,38.78,34,0,
2026-05-16T16:33:11.479115,GET,/api/articles/list/small/,17.95,23002,0,
2026-05-16T16:33:11.479475,POST,/api/articles/bulk/,17.86,34,0,
2026-05-16T16:33:11.506683,POST,/api/articles/analyze/,14.48,58,0,
2026-05-16T16:33:11.580635,GET,/api/articles/list/small/,8.67,23002,0,
2026-05-16T16:33:11.642621,POST,/api/articles/bulk/,53.75,34,0,
2026-05-16T16:33:11.650086,GET,/api/articles/list/large/,57.46,471824,0,
2026-05-16T16:33:11.651047,POST,/api/articles/bulk/,59.08,34,0,
2026-05-16T16:33:11.695261,GET,/api/articles/list/large/,75.5,471824,0,
2026-05-16T16:33:11.698231,POST,/api/articles/bulk/,81.57,34,0,
2026-05-16T16:33:11.700889,GET,/api/articles/list/small/,36.66,23002,0,
2026-05-16T16:33:11.711294,POST,/api/articles/bulk/,11.82,34,0,
2026-05-16T16:33:11.764522,POST,/api/articles/bulk/,12.05,34,0,
2026-05-16T16:33:11.837331,GET,/api/articles/list/large/,37.41,471824,0,
2026-05-16T16:33:11.867500,POST,/api/articles/analyze/,6.92,58,0,
2026-05-16T16:33:11.967134,GET,/api/articles/list/large/,40.25,471824,0,
2026-05-16T16:33:12.058921,POST,/api/articles/analyze/,7.0,58,0,
2026-05-16T16:33:12.154962,GET,/api/articles/list/large/,39.72,471824,0,
2026-05-16T16:33:12.159012,POST,/api/articles/analyze/,11.94,58,0,
2026-05-16T16:33:12.366548,GET,/api/articles/list/large/,40.82,471824,0,
2026-05-16T16:33:12.378672,POST,/api/articles/bulk/,31.02,34,0,
2026-05-16T16:33:12.381125,GET,/api/articles/list/small/,19.25,23002,0,
2026-05-16T16:33:12.395165,GET,/api/articles/list/small/,11.67,23002,0,
2026-05-16T16:33:12.421268,GET,/api/articles/list/small/,9.56,23002,0,
2026-05-16T16:33:12.491597,POST,/api/articles/bulk/,24.09,34,0,
2026-05-16T16:33:12.578508,POST,/api/articles/bulk/,12.49,34,0,
2026-05-16T16:33:12.621110,POST,/api/articles/analyze/,12.28,58,0,
2026-05-16T16:33:12.626437,GET,/api/articles/list/small/,11.41,23002,0,
2026-05-16T16:33:12.757972,GET,/api/articles/list/large/,84.31,471824,0,
2026-05-16T16:33:12.763865,GET,/api/articles/list/large/,88.42,471824,0,
2026-05-16T16:33:12.815979,POST,/api/articles/analyze/,65.26,58,0,
2026-05-16T16:33:12.817104,GET,/api/articles/list/large/,65.88,471824,0,
2026-05-16T16:33:12.817959,POST,/api/articles/bulk/,96.45,34,0,
2026-05-16T16:33:12.857020,GET,/api/articles/list/small/,98.88,23002,0,
2026-05-16T16:33:12.860208,POST,/api/articles/bulk/,83.14,34,0,
2026-05-16T16:33:12.862704,GET,/api/articles/list/large/,81.58,471824,0,
2026-05-16T16:33:12.923858,GET,/api/articles/list/large/,37.76,471824,0,
2026-05-16T16:33:12.938964,POST,/api/articles/bulk/,11.74,34,0,
2026-05-16T16:33:12.988261,GET,/api/articles/list/small/,8.97,23002,0,
2026-05-16T16:33:13.070335,GET,/api/articles/list/large/,39.52,471824,0,
2026-05-16T16:33:13.074327,POST,/api/articles/analyze/,21.63,58,0,
2026-05-16T16:33:13.105743,POST,/api/articles/bulk/,17.54,34,0,
2026-05-16T16:33:13.106583,GET,/api/articles/list/small/,18.8,23002,0,
2026-05-16T16:33:13.155700,POST,/api/articles/bulk/,11.86,34,0,
2026-05-16T16:33:13.169962,POST,/api/articles/bulk/,11.93,34,0,
2026-05-16T16:33:13.226167,GET,/api/articles/list/large/,48.99,471824,0,
2026-05-16T16:33:13.234152,POST,/api/articles/bulk/,46.18,34,0,
2026-05-16T16:33:13.343838,GET,/api/articles/list/large/,42.28,471824,0,
2026-05-16T16:33:13.529403,POST,/api/articles/analyze/,6.97,58,0,
2026-05-16T16:33:13.558144,GET,/api/articles/list/small/,8.53,23002,0,
2026-05-16T16:33:13.658432,POST,/api/articles/bulk/,11.51,34,0,
2026-05-16T16:33:13.728759,GET,/api/articles/list/large/,46.1,471824,0,
2026-05-16T16:33:13.762798,GET,/api/articles/list/large/,45.23,471824,0,
2026-05-16T16:33:13.801267,POST,/api/articles/bulk/,12.22,34,0,
2026-05-16T16:33:13.807492,POST,/api/articles/analyze/,7.07,58,0,
2026-05-16T16:33:13.852318,GET,/api/articles/list/large/,39.5,471824,0,
2026-05-16T16:33:13.860757,POST,/api/articles/bulk/,15.15,34,0,
2026-05-16T16:33:13.902558,GET,/api/articles/list/large/,42.51,471824,0,
2026-05-16T16:33:13.933457,GET,/api/articles/list/small/,9.56,23002,0,
2026-05-16T16:33:13.951522,POST,/api/articles/analyze/,8.77,58,0,
2026-05-16T16:33:13.978364,POST,/api/articles/bulk/,14.02,34,0,
2026-05-16T16:33:14.034748,POST,/api/articles/bulk/,11.94,34,0,
2026-05-16T16:33:14.058853,GET,/api/articles/list/small/,8.67,23002,0,
2026-05-16T16:33:14.146882,GET,/api/articles/list/small/,8.76,23002,0,
2026-05-16T16:33:14.191466,POST,/api/articles/bulk/,12.23,34,0,
2026-05-16T16:33:14.234991,POST,/api/articles/analyze/,8.82,58,0,
2026-05-16T16:33:14.262018,POST,/api/articles/bulk/,13.64,34,0,
2026-05-16T16:33:14.304834,POST,/api/articles/bulk/,48.37,34,0,
2026-05-16T16:33:14.315601,GET,/api/articles/list/large/,56.1,471824,0,
2026-05-16T16:33:14.326695,GET,/api/articles/list/small/,58.44,23002,0,
2026-05-16T16:33:14.331367,POST,/api/articles/bulk/,30.57,34,0,
2026-05-16T16:33:14.332040,POST,/api/articles/analyze/,47.07,58,0,
2026-05-16T16:33:14.337688,GET,/api/articles/list/small/,17.79,23002,0,
2026-05-16T16:33:14.351799,POST,/api/articles/analyze/,6.8,58,0,
2026-05-16T16:33:14.417526,GET,/api/articles/list/large/,38.48,471824,0,
2026-05-16T16:33:14.526874,GET,/api/articles/list/large/,40.0,471824,0,
2026-05-16T16:33:14.564482,GET,/api/articles/list/small/,10.13,23002,0,
2026-05-16T16:33:14.590869,POST,/api/articles/bulk/,12.13,34,0,
2026-05-16T16:33:14.649006,GET,/api/articles/list/large/,39.87,471824,0,
2026-05-16T16:33:14.669901,POST,/api/articles/analyze/,7.51,58,0,
2026-05-16T16:33:14.753434,POST,/api/articles/bulk/,13.23,34,0,
2026-05-16T16:33:14.760309,POST,/api/articles/analyze/,7.7,58,0,
2026-05-16T16:33:14.794172,GET,/api/articles/list/small/,9.59,23002,0,
2026-05-16T16:33:14.883473,GET,/api/articles/list/large/,42.81,471824,0,
2026-05-16T16:33:14.892482,POST,/api/articles/bulk/,40.85,34,0,
2026-05-16T16:33:14.958431,GET,/api/articles/list/large/,55.68,471824,0,
2026-05-16T16:33:14.961746,POST,/api/articles/analyze/,54.14,58,0,
2026-05-16T16:33:14.976177,GET,/api/articles/list/small/,9.18,23002,0,
2026-05-16T16:33:15.007319,GET,/api/articles/list/small/,9.84,23002,0,
2026-05-16T16:33:15.024415,POST,/api/articles/bulk/,12.68,34,0,
2026-05-16T16:33:15.066113,POST,/api/articles/analyze/,7.42,58,0,
2026-05-16T16:33:15.097416,GET,/api/articles/list/small/,9.03,23002,0,
2026-05-16T16:33:15.149479,POST,/api/articles/analyze/,9.78,58,0,
2026-05-16T16:33:15.167923,POST,/api/articles/bulk/,24.31,34,0,
2026-05-16T16:33:15.216161,GET,/api/articles/list/large/,60.31,471824,0,
2026-05-16T16:33:15.244935,GET,/api/articles/list/small/,9.13,23002,0,
2026-05-16T16:33:15.318121,POST,/api/articles/bulk/,12.86,34,0,
2026-05-16T16:33:15.499990,POST,/api/articles/bulk/,24.24,34,0,
2026-05-16T16:33:15.502928,POST,/api/articles/bulk/,26.45,34,0,
2026-05-16T16:33:15.507608,GET,/api/articles/list/small/,16.88,23002,0,
2026-05-16T16:33:15.557108,GET,/api/articles/list/small/,9.12,23002,0,
2026-05-16T16:33:15.571373,POST,/api/articles/analyze/,7.1,58,0,
2026-05-16T16:33:15.605900,POST,/api/articles/analyze/,8.19,58,0,
2026-05-16T16:33:15.667701,GET,/api/articles/list/large/,38.31,471824,0,
2026-05-16T16:33:15.741436,GET,/api/articles/list/large/,64.48,471824,0,
2026-05-16T16:33:15.792137,GET,/api/articles/list/large/,45.98,471824,0,
2026-05-16T16:33:15.798316,POST,/api/articles/analyze/,40.59,58,0,
2026-05-16T16:33:15.836196,GET,/api/articles/list/large/,46.08,471824,0,
2026-05-16T16:33:15.842086,GET,/api/articles/list/small/,13.31,23002,0,
2026-05-16T16:33:15.888470,GET,/api/articles/list/large/,43.92,471824,0,
2026-05-16T16:33:15.896486,POST,/api/articles/analyze/,30.42,58,0,
2026-05-16T16:33:15.898959,GET,/api/articles/list/small/,39.7,23002,0,
2026-05-16T16:33:15.909860,POST,/api/articles/bulk/,14.93,34,0,
2026-05-16T16:33:16.019554,GET,/api/articles/list/large/,47.43,471824,0,
2026-05-16T16:33:16.034313,POST,/api/articles/bulk/,43.16,34,0,
2026-05-16T16:33:16.034691,POST,/api/articles/bulk/,29.31,34,0,
2026-05-16T16:33:16.099731,GET,/api/articles/list/large/,46.67,471824,0,
2026-05-16T16:33:16.102345,POST,/api/articles/analyze/,48.58,58,0,
2026-05-16T16:33:16.107256,GET,/api/articles/list/small/,40.8,23002,0,
2026-05-16T16:33:16.111370,POST,/api/articles/analyze/,10.39,58,0,
2026-05-16T16:33:16.174673,POST,/api/articles/analyze/,7.0,58,0,
2026-05-16T16:33:16.273437,POST,/api/articles/bulk/,12.11,34,0,
2026-05-16T16:33:16.312661,GET,/api/articles/list/large/,40.08,471824,0,
2026-05-16T16:33:16.375325,POST,/api/articles/bulk/,13.24,34,0,
2026-05-16T16:33:16.495125,POST,/api/articles/analyze/,7.2,58,0,
2026-05-16T16:33:16.533664,GET,/api/articles/list/small/,12.21,23002,0,
2026-05-16T16:33:16.557994,GET,/api/articles/list/small/,10.06,23002,0,
2026-05-16T16:33:16.682570,POST,/api/articles/bulk/,15.1,34,0,
2026-05-16T16:33:16.698334,POST,/api/articles/bulk/,23.65,34,0,
2026-05-16T16:33:16.699420,GET,/api/articles/list/small/,20.31,23002,0,
2026-05-16T16:33:16.791502,GET,/api/articles/list/large/,43.78,471824,0,
2026-05-16T16:33:16.813266,POST,/api/articles/analyze/,7.32,58,0,
2026-05-16T16:33:16.827143,POST,/api/articles/analyze/,7.54,58,0,
2026-05-16T16:33:16.946948,GET,/api/articles/list/small/,9.24,23002,0,
2026-05-16T16:33:17.055311,GET,/api/articles/list/large/,90.19,471824,0,
2026-05-16T16:33:17.063902,POST,/api/articles/analyze/,96.86,58,0,
2026-05-16T16:33:17.100480,POST,/api/articles/bulk/,86.63,34,0,
2026-05-16T16:33:17.103383,GET,/api/articles/list/large/,117.44,471824,0,
2026-05-16T16:33:17.145817,GET,/api/articles/list/large/,51.65,471824,0,
2026-05-16T16:33:17.160963,POST,/api/articles/bulk/,43.15,34,0,
2026-05-16T16:33:17.161865,POST,/api/articles/bulk/,46.2,34,0,
2026-05-16T16:33:17.198888,GET,/api/articles/list/small/,8.81,23002,0,
2026-05-16T16:33:17.218208,POST,/api/articles/bulk/,11.95,34,0,
2026-05-16T16:33:17.234055,GET,/api/articles/list/small/,8.61,23002,0,
2026-05-16T16:33:17.346956,GET,/api/articles/list/large/,38.63,471824,0,
2026-05-16T16:33:17.393603,POST,/api/articles/analyze/,7.14,58,0,
2026-05-16T16:33:17.497462,POST,/api/articles/analyze/,7.44,58,0,
2026-05-16T16:33:17.546151,GET,/api/articles/list/large/,39.34,471824,0,
2026-05-16T16:33:17.583236,POST,/api/articles/bulk/,16.83,34,0,
2026-05-16T16:33:17.583897,POST,/api/articles/analyze/,16.72,58,0,
2026-05-16T16:33:17.594105,POST,/api/articles/bulk/,11.92,34,0,
2026-05-16T16:33:17.658759,GET,/api/articles/list/large/,40.39,471824,0,
2026-05-16T16:33:17.663768,GET,/api/articles/list/small/,19.33,23002,0,
2026-05-16T16:33:17.753714,POST,/api/articles/bulk/,13.62,34,0,
2026-05-16T16:33:17.757899,POST,/api/articles/analyze/,9.49,58,0,
2026-05-16T16:33:17.816211,GET,/api/articles/list/small/,9.06,23002,0,
2026-05-16T16:33:17.866025,GET,/api/articles/list/large/,43.57,471824,0,
2026-05-16T16:33:17.915101,POST,/api/articles/bulk/,67.85,34,0,
2026-05-16T16:33:17.917476,GET,/api/articles/list/large/,82.14,471824,0,
2026-05-16T16:33:17.922016,GET,/api/articles/list/small/,61.69,23002,0,
2026-05-16T16:33:17.925430,GET,/api/articles/list/small/,40.19,23002,0,
2026-05-16T16:33:17.931544,GET,/api/articles/list/small/,12.87,23002,0,
2026-05-16T16:33:17.944248,POST,/api/articles/bulk/,11.34,34,0,
2026-05-16T16:33:17.969960,GET,/api/articles/list/small/,8.52,23002,0,
2026-05-16T16:33:18.011457,POST,/api/articles/analyze/,7.09,58,0,
2026-05-16T16:33:18.036666,POST,/api/articles/analyze/,6.94,58,0,
2026-05-16T16:33:18.115187,GET,/api/articles/list/large/,38.2,471824,0,
2026-05-16T16:33:18.271789,GET,/api/articles/list/small/,8.98,23002,0,
2026-05-16T16:33:18.319221,POST,/api/articles/analyze/,7.09,58,0,
2026-05-16T16:33:18.355386,GET,/api/articles/list/small/,8.76,23002,0,
2026-05-16T16:33:18.452981,POST,/api/articles/bulk/,19.17,34,0,
2026-05-16T16:33:18.453497,POST,/api/articles/analyze/,18.95,58,0,
2026-05-16T16:33:18.458918,POST,/api/articles/analyze/,12.3,58,0,
2026-05-16T16:33:18.464348,POST,/api/articles/analyze/,7.58,58,0,
2026-05-16T16:33:18.475277,POST,/api/articles/analyze/,8.61,58,0,
2026-05-16T16:33:18.511716,POST,/api/articles/bulk/,15.23,34,0,
2026-05-16T16:33:18.516096,POST,/api/articles/analyze/,16.53,58,0,
2026-05-16T16:33:18.520425,POST,/api/articles/analyze/,10.11,58,0,
2026-05-16T16:33:18.539520,POST,/api/articles/analyze/,6.91,58,0,
2026-05-16T16:33:18.594787,GET,/api/articles/list/small/,9.03,23002,0,
2026-05-16T16:33:18.699736,GET,/api/articles/list/large/,38.51,471824,0,
2026-05-16T16:33:18.714063,POST,/api/articles/analyze/,6.96,58,0,
2026-05-16T16:33:18.819978,POST,/api/articles/bulk/,23.66,34,0,
2026-05-16T16:33:18.824787,POST,/api/articles/analyze/,22.68,58,0,
2026-05-16T16:33:18.832838,POST,/api/articles/analyze/,6.79,58,0,
2026-05-16T16:33:19.046611,GET,/api/articles/list/large/,47.79,471824,0,
2026-05-16T16:33:19.083356,GET,/api/articles/list/large/,60.61,471824,0,
2026-05-16T16:33:19.094492,POST,/api/articles/bulk/,11.0,34,0,
2026-05-16T16:33:19.142218,POST,/api/articles/bulk/,11.43,34,0,
2026-05-16T16:33:19.152909,POST,/api/articles/analyze/,6.48,58,0,
2026-05-16T16:33:19.205050,GET,/api/articles/list/large/,37.89,471824,0,
2026-05-16T16:33:19.304537,GET,/api/articles/list/large/,37.95,471824,0,
2026-05-16T16:33:19.355051,POST,/api/articles/bulk/,12.07,34,0,
2026-05-16T16:33:19.414180,GET,/api/articles/list/small/,8.81,23002,0,
2026-05-16T16:33:19.475187,GET,/api/articles/list/large/,49.75,471824,0,
2026-05-16T16:33:19.477661,GET,/api/articles/list/small/,50.42,23002,0,
2026-05-16T16:33:19.491469,POST,/api/articles/bulk/,30.51,34,0,
2026-05-16T16:33:19.493069,GET,/api/articles/list/small/,54.16,23002,0,
2026-05-16T16:33:19.496515,POST,/api/articles/analyze/,21.14,58,0,
2026-05-16T16:33:19.518982,POST,/api/articles/analyze/,7.24,58,0,
2026-05-16T16:33:19.529758,POST,/api/articles/bulk/,12.09,34,0,
2026-05-16T16:33:19.588005,GET,/api/articles/list/large/,39.94,471824,0,
2026-05-16T16:33:19.626434,POST,/api/articles/bulk/,13.11,34,0,
2026-05-16T16:33:19.704892,GET,/api/articles/list/large/,37.92,471824,0,
2026-05-16T16:33:19.756680,GET,/api/articles/list/large/,37.51,471824,0,
2026-05-16T16:33:19.776053,POST,/api/articles/analyze/,7.12,58,0,
2026-05-16T16:33:19.897480,POST,/api/articles/bulk/,12.97,34,0,
2026-05-16T16:33:19.981940,GET,/api/articles/list/small/,9.12,23002,0,
2026-05-16T16:33:20.000075,GET,/api/articles/list/small/,8.78,23002,0,
2026-05-16T16:33:20.057966,GET,/api/articles/list/large/,41.62,471824,0,
2026-05-16T16:33:20.072842,POST,/api/articles/bulk/,44.68,34,0,
2026-05-16T16:33:20.105601,GET,/api/articles/list/small/,56.16,23002,0,
2026-05-16T16:33:20.108787,GET,/api/articles/list/large/,45.56,471824,0,
2026-05-16T16:33:20.161519,POST,/api/articles/bulk/,11.32,34,0,
2026-05-16T16:33:20.181233,POST,/api/articles/bulk/,11.42,34,0,
2026-05-16T16:33:20.243642,GET,/api/articles/list/small/,13.12,23002,0,
2026-05-16T16:33:20.295643,GET,/api/articles/list/small/,8.7,23002,0,
2026-05-16T16:33:20.348815,GET,/api/articles/list/small/,8.9,23002,0,
2026-05-16T16:33:20.360177,POST,/api/articles/bulk/,12.39,34,0,
2026-05-16T16:33:20.391582,POST,/api/articles/analyze/,7.21,58,0,
2026-05-16T16:33:20.431931,GET,/api/articles/list/small/,9.1,23002,0,
2026-05-16T16:33:20.444436,GET,/api/articles/list/small/,10.28,23002,0,
2026-05-16T16:33:20.451239,GET,/api/articles/list/small/,11.25,23002,0,
2026-05-16T16:33:20.567374,GET,/api/articles/list/large/,42.9,471824,0,
2026-05-16T16:33:20.615180,GET,/api/articles/list/large/,57.76,471824,0,
2026-05-16T16:33:20.615945,POST,/api/articles/bulk/,85.55,34,0,
2026-05-16T16:33:20.656112,GET,/api/articles/list/small/,8.77,23002,0,
2026-05-16T16:33:20.683970,GET,/api/articles/list/small/,8.48,23002,0,
2026-05-16T16:33:20.732825,POST,/api/articles/bulk/,12.5,34,0,
2026-05-16T16:33:20.777007,GET,/api/articles/list/large/,41.87,471824,0,
2026-05-16T16:33:20.819008,GET,/api/articles/list/small/,8.67,23002,0,
2026-05-16T16:33:20.883261,GET,/api/articles/list/small/,8.72,23002,0,
2026-05-16T16:33:20.923557,POST,/api/articles/analyze/,7.08,58,0,
2026-05-16T16:33:20.953109,POST,/api/articles/analyze/,7.14,58,0,
2026-05-16T16:33:20.976860,GET,/api/articles/list/small/,9.54,23002,0,
2026-05-16T16:33:20.990390,POST,/api/articles/bulk/,12.31,34,0,
2026-05-16T16:33:21.001068,POST,/api/articles/analyze/,7.34,58,0,
2026-05-16T16:33:21.014720,POST,/api/articles/analyze/,7.34,58,0,
2026-05-16T16:33:21.111345,GET,/api/articles/list/large/,46.19,471824,0,
2026-05-16T16:33:21.113946,POST,/api/articles/analyze/,35.91,58,0,
2026-05-16T16:33:21.114966,POST,/api/articles/analyze/,36.43,58,0,
2026-05-16T16:33:21.155257,GET,/api/articles/list/small/,8.92,23002,0,
2026-05-16T16:33:21.182625,POST,/api/articles/analyze/,7.11,58,0,
2026-05-16T16:33:21.203492,GET,/api/articles/list/small/,10.5,23002,0,
2026-05-16T16:33:21.242219,GET,/api/articles/list/large/,42.36,471824,0,
2026-05-16T16:33:21.257811,POST,/api/articles/analyze/,7.32,58,0,
2026-05-16T16:33:21.365504,GET,/api/articles/list/large/,42.27,471824,0,
2026-05-16T16:33:21.371749,GET,/api/articles/list/small/,33.59,23002,0,
2026-05-16T16:33:21.453294,POST,/api/articles/analyze/,7.25,58,0,
2026-05-16T16:33:21.502778,POST,/api/articles/analyze/,10.09,58,0,
2026-05-16T16:33:21.505600,POST,/api/articles/analyze/,9.99,58,0,
2026-05-16T16:33:21.588187,POST,/api/articles/bulk/,12.15,34,0,
2026-05-16T16:33:21.606402,POST,/api/articles/analyze/,6.92,58,0,
2026-05-16T16:33:21.797354,GET,/api/articles/list/large/,39.32,471824,0,
2026-05-16T16:33:21.850636,GET,/api/articles/list/small/,8.9,23002,0,
2026-05-16T16:33:21.872938,POST,/api/articles/analyze/,6.89,58,0,
2026-05-16T16:33:22.018358,GET,/api/articles/list/small/,11.03,23002,0,
2026-05-16T16:33:22.028352,POST,/api/articles/bulk/,16.07,34,0,
2026-05-16T16:33:22.070741,GET,/api/articles/list/large/,39.93,471824,0,
2026-05-16T16:33:22.128142,POST,/api/articles/bulk/,13.95,34,0,
2026-05-16T16:33:22.134060,GET,/api/articles/list/small/,12.59,23002,0,
2026-05-16T16:33:22.158798,POST,/api/articles/bulk/,11.48,34,0,
2026-05-16T16:33:22.174126,POST,/api/articles/bulk/,12.12,34,0,
2026-05-16T16:33:22.210955,POST,/api/articles/bulk/,11.6,34,0,
2026-05-16T16:33:22.300796,POST,/api/articles/bulk/,29.29,34,0,
2026-05-16T16:33:22.307301,POST,/api/articles/analyze/,27.36,58,0,
2026-05-16T16:33:22.400215,GET,/api/articles/list/large/,39.54,471824,0,
2026-05-16T16:33:22.439552,POST,/api/articles/bulk/,13.92,34,0,
2026-05-16T16:33:22.447828,POST,/api/articles/bulk/,19.1,34,0,
2026-05-16T16:33:22.484754,GET,/api/articles/list/small/,12.46,23002,0,
2026-05-16T16:33:22.496940,POST,/api/articles/analyze/,18.76,58,0,
2026-05-16T16:33:22.497323,POST,/api/articles/bulk/,21.28,34,0,
2026-05-16T16:33:22.509504,POST,/api/articles/analyze/,6.94,58,0,
2026-05-16T16:33:22.538214,POST,/api/articles/analyze/,8.47,58,0,
2026-05-16T16:33:22.677438,GET,/api/articles/list/large/,48.98,471824,0,
2026-05-16T16:33:22.717562,GET,/api/articles/list/large/,67.09,471824,0,
2026-05-16T16:33:22.724849,GET,/api/articles/list/small/,44.08,23002,0,
2026-05-16T16:33:22.749523,POST,/api/articles/analyze/,7.14,58,0,
2026-05-16T16:33:22.768565,GET,/api/articles/list/small/,8.77,23002,0,
2026-05-16T16:33:22.781454,GET,/api/articles/list/small/,8.58,23002,0,
2026-05-16T16:33:22.790686,POST,/api/articles/analyze/,7.89,58,0,
2026-05-16T16:33:22.874137,GET,/api/articles/list/small/,9.02,23002,0,
2026-05-16T16:33:22.951181,GET,/api/articles/list/small/,47.55,23002,0,
2026-05-16T16:33:22.952964,GET,/api/articles/list/large/,49.77,471824,0,
2026-05-16T16:33:23.013820,POST,/api/articles/bulk/,19.82,34,0,
2026-05-16T16:33:23.015466,POST,/api/articles/analyze/,20.15,58,0,
2026-05-16T16:33:23.111657,POST,/api/articles/analyze/,9.61,58,0,
2026-05-16T16:33:23.132122,GET,/api/articles/list/small/,16.89,23002,0,
2026-05-16T16:33:23.240376,GET,/api/articles/list/large/,73.92,471824,0,
2026-05-16T16:33:23.326579,GET,/api/articles/list/large/,52.64,471824,0,
2026-05-16T16:33:23.357964,POST,/api/articles/analyze/,7.03,58,0,
2026-05-16T16:33:23.484972,POST,/api/articles/analyze/,8.47,58,0,
2026-05-16T16:33:23.553222,GET,/api/articles/list/large/,42.89,471824,0,
2026-05-16T16:33:23.601845,GET,/api/articles/list/large/,50.38,471824,0,
2026-05-16T16:33:23.608079,GET,/api/articles/list/small/,21.99,23002,0,
2026-05-16T16:33:23.677165,POST,/api/articles/bulk/,59.76,34,0,
2026-05-16T16:33:23.681047,GET,/api/articles/list/large/,61.35,471824,0,
2026-05-16T16:33:23.690109,POST,/api/articles/analyze/,39.45,58,0,
2026-05-16T16:33:23.704368,GET,/api/articles/list/small/,11.65,23002,0,
2026-05-16T16:33:23.834144,GET,/api/articles/list/large/,123.31,471824,0,
2026-05-16T16:33:23.926870,POST,/api/articles/bulk/,181.48,34,0,
2026-05-16T16:33:23.936256,GET,/api/articles/list/large/,178.37,471824,0,
2026-05-16T16:33:23.986201,POST,/api/articles/bulk/,251.44,34,0,
2026-05-16T16:33:24.194434,GET,/api/articles/list/large/,368.46,471824,0,
2026-05-16T16:33:24.196862,GET,/api/articles/list/large/,326.72,471824,0,
2026-05-16T16:33:24.206916,GET,/api/articles/list/large/,332.76,471824,0,
2026-05-16T16:33:24.208277,GET,/api/articles/list/large/,324.48,471824,0,
2026-05-16T16:33:24.209807,GET,/api/articles/list/small/,372.26,23002,0,
2026-05-16T16:33:24.259257,POST,/api/articles/bulk/,89.23,34,0,
2026-05-16T16:33:24.268394,POST,/api/articles/bulk/,101.81,34,0,
2026-05-16T16:33:24.268835,GET,/api/articles/list/small/,125.03,23002,0,
2026-05-16T16:33:24.275407,GET,/api/articles/list/small/,89.81,23002,0,
2026-05-16T16:33:24.277347,POST,/api/articles/bulk/,68.89,34,0,
2026-05-16T16:33:24.279093,GET,/api/articles/list/small/,61.63,23002,0,
2026-05-16T16:33:24.323828,POST,/api/articles/analyze/,12.4,58,0,
2026-05-16T16:33:24.414837,GET,/api/articles/list/small/,12.53,23002,0,
2026-05-16T16:33:24.440992,POST,/api/articles/analyze/,8.31,58,0,
2026-05-16T16:33:24.534194,GET,/api/articles/list/large/,55.41,471824,0,
2026-05-16T16:33:24.581531,GET,/api/articles/list/large/,57.64,471824,0,
2026-05-16T16:33:24.586322,POST,/api/articles/analyze/,37.73,58,0,
2026-05-16T16:33:24.608980,POST,/api/articles/analyze/,10.28,58,0,
2026-05-16T16:33:24.661222,GET,/api/articles/list/small/,14.01,23002,0,
2026-05-16T16:33:24.672398,POST,/api/articles/analyze/,14.93,58,0,
2026-05-16T16:33:24.708025,POST,/api/articles/bulk/,32.4,34,0,
2026-05-16T16:33:24.774921,GET,/api/articles/list/large/,68.43,471824,0,
2026-05-16T16:33:24.839810,GET,/api/articles/list/small/,97.73,23002,0,
2026-05-16T16:33:24.848572,GET,/api/articles/list/large/,119.26,471824,0,
2026-05-16T16:33:25.000943,GET,/api/articles/list/large/,205.66,471824,0,
2026-05-16T16:33:25.007986,GET,/api/articles/list/large/,175.24,471824,0,
2026-05-16T16:33:25.015366,POST,/api/articles/analyze/,138.86,58,0,
2026-05-16T16:33:25.022238,POST,/api/articles/analyze/,41.65,58,0,
2026-05-16T16:33:25.050861,POST,/api/articles/analyze/,35.02,58,0,
2026-05-16T16:33:25.054064,GET,/api/articles/list/small/,32.88,23002,0,
2026-05-16T16:33:25.080473,POST,/api/articles/analyze/,10.51,58,0,
2026-05-16T16:33:25.170964,POST,/api/articles/bulk/,20.33,34,0,
2026-05-16T16:33:25.184768,POST,/api/articles/analyze/,13.56,58,0,
2026-05-16T16:33:25.367250,GET,/api/articles/list/large/,114.11,471824,0,
2026-05-16T16:33:25.402275,POST,/api/articles/analyze/,144.93,58,0,
2026-05-16T16:33:25.405221,GET,/api/articles/list/small/,132.63,23002,0,
2026-05-16T16:33:25.410623,POST,/api/articles/bulk/,98.57,34,0,
2026-05-16T16:33:25.412429,GET,/api/articles/list/small/,102.19,23002,0,
2026-05-16T16:33:25.488477,GET,/api/articles/list/large/,67.53,471824,0,
2026-05-16T16:33:25.563328,POST,/api/articles/bulk/,89.18,34,0,
2026-05-16T16:33:25.565512,GET,/api/articles/list/large/,126.09,471824,0,
2026-05-16T16:33:25.711287,POST,/api/articles/analyze/,176.99,58,0,
2026-05-16T16:33:25.712680,GET,/api/articles/list/large/,176.27,471824,0,
2026-05-16T16:33:25.725225,GET,/api/articles/list/large/,233.18,471824,0,
2026-05-16T16:33:25.754163,GET,/api/articles/list/small/,98.14,23002,0,
2026-05-16T16:33:25.755317,POST,/api/articles/analyze/,75.23,58,0,
2026-05-16T16:33:25.880435,POST,/api/articles/bulk/,147.42,34,0,
2026-05-16T16:33:26.577294,GET,/api/articles/list/large/,797.57,471824,0,
2026-05-16T16:33:26.579842,GET,/api/articles/list/small/,805.85,23002,0,
2026-05-16T16:33:26.610129,POST,/api/articles/bulk/,819.29,34,0,
2026-05-16T16:33:26.773254,GET,/api/articles/list/small/,933.46,23002,0,
2026-05-16T16:33:26.775618,POST,/api/articles/analyze/,937.87,58,0,
2026-05-16T16:33:26.787796,POST,/api/articles/analyze/,966.99,58,0,
2026-05-16T16:33:26.794506,GET,/api/articles/list/small/,934.53,23002,0,
2026-05-16T16:33:26.817075,GET,/api/articles/list/large/,940.71,471824,0,
2026-05-16T16:33:26.856610,POST,/api/articles/bulk/,762.39,34,0,
2026-05-16T16:33:26.865322,GET,/api/articles/list/small/,601.39,23002,0,
2026-05-16T16:33:26.918262,GET,/api/articles/list/large/,807.03,471824,0,
2026-05-16T16:33:26.966348,GET,/api/articles/list/large/,661.21,471824,0,
2026-05-16T16:33:27.096007,POST,/api/articles/bulk/,736.19,34,0,
2026-05-16T16:33:27.128613,POST,/api/articles/analyze/,756.92,58,0,
2026-05-16T16:33:27.145173,POST,/api/articles/bulk/,732.93,34,0,
2026-05-16T16:33:27.150531,GET,/api/articles/list/small/,600.78,23002,0,
2026-05-16T16:33:27.151915,POST,/api/articles/analyze/,578.15,58,0,
2026-05-16T16:33:27.152421,GET,/api/articles/list/small/,605.11,23002,0,
2026-05-16T16:33:27.155919,GET,/api/articles/list/large/,702.32,471824,0,
2026-05-16T16:33:27.157464,POST,/api/articles/analyze/,600.89,58,0,
2026-05-16T16:33:27.158004,POST,/api/articles/analyze/,600.5,58,0,
2026-05-16T16:33:27.158832,GET,/api/articles/list/small/,562.79,23002,0,
2026-05-16T16:33:27.159581,POST,/api/articles/bulk/,688.16,34,0,
2026-05-16T16:33:27.161444,GET,/api/articles/list/large/,680.08,471824,0,
2026-05-16T16:33:27.188015,GET,/api/articles/list/large/,453.8,471824,0,
2026-05-16T16:33:27.229738,GET,/api/articles/list/large/,592.05,471824,0,
2026-05-16T16:33:27.232649,GET,/api/articles/list/small/,481.83,23002,0,
2026-05-16T16:33:27.242806,POST,/api/articles/bulk/,586.2,34,0,
2026-05-16T16:33:27.244862,POST,/api/articles/bulk/,542.04,34,0,
2026-05-16T16:33:27.258783,POST,/api/articles/bulk/,596.89,34,0,
2026-05-16T16:33:27.298823,GET,/api/articles/list/large/,407.36,471824,0,
2026-05-16T16:33:27.300186,POST,/api/articles/bulk/,427.44,34,0,
2026-05-16T16:33:27.301724,POST,/api/articles/bulk/,321.85,34,0,
2026-05-16T16:33:27.379510,GET,/api/articles/list/small/,384.55,23002,0,
2026-05-16T16:33:27.382050,POST,/api/articles/bulk/,352.13,34,0,
2026-05-16T16:33:27.394080,GET,/api/articles/list/small/,230.39,23002,0,
2026-05-16T16:33:27.396650,GET,/api/articles/list/large/,177.3,471824,0,
2026-05-16T16:33:27.398396,GET,/api/articles/list/small/,150.95,23002,0,
2026-05-16T16:33:27.402587,POST,/api/articles/analyze/,116.62,58,0,
2026-05-16T16:33:27.679534,GET,/api/articles/list/small/,21.99,23002,0,
2026-05-16T16:33:27.733260,GET,/api/articles/list/large/,62.11,471824,0,
2026-05-16T16:33:27.737717,POST,/api/articles/analyze/,43.69,58,0,
2026-05-16T16:33:27.937594,POST,/api/articles/bulk/,21.68,34,0,
2026-05-16T16:33:28.042088,GET,/api/articles/list/large/,90.11,471824,0,
2026-05-16T16:33:28.063493,POST,/api/articles/bulk/,73.13,34,0,
2026-05-16T16:33:28.064901,GET,/api/articles/list/small/,79.07,23002,0,
2026-05-16T16:33:28.067681,POST,/api/articles/analyze/,109.54,58,0,
2026-05-16T16:33:28.069262,POST,/api/articles/bulk/,98.07,34,0,
2026-05-16T16:33:28.072921,POST,/api/articles/analyze/,22.3,58,0,
2026-05-16T16:33:28.179870,POST,/api/articles/bulk/,17.09,34,0,
2026-05-16T16:33:28.235461,GET,/api/articles/list/small/,11.76,23002,0,
2026-05-16T16:33:28.277732,GET,/api/articles/list/small/,12.9,23002,0,
2026-05-16T16:33:28.369586,GET,/api/articles/list/small/,9.15,23002,0,
2026-05-16T16:33:28.391929,POST,/api/articles/analyze/,10.66,58,0,
2026-05-16T16:33:28.496860,GET,/api/articles/list/small/,84.63,23002,0,
2026-05-16T16:33:28.497952,POST,/api/articles/analyze/,86.99,58,0,
2026-05-16T16:33:28.500779,GET,/api/articles/list/large/,92.07,471824,0,
2026-05-16T16:33:28.523034,POST,/api/articles/analyze/,71.09,58,0,
2026-05-16T16:33:28.541793,GET,/api/articles/list/small/,35.83,23002,0,
2026-05-16T16:33:28.560793,POST,/api/articles/bulk/,40.72,34,0,
2026-05-16T16:33:28.597278,GET,/api/articles/list/small/,16.19,23002,0,
2026-05-16T16:33:28.646112,GET,/api/articles/list/small/,18.51,23002,0,
2026-05-16T16:33:28.925529,GET,/api/articles/list/large/,80.05,471824,0,
2026-05-16T16:33:29.012968,GET,/api/articles/list/small/,127.34,23002,0,
2026-05-16T16:33:29.022281,GET,/api/articles/list/large/,124.57,471824,0,
2026-05-16T16:33:29.063487,POST,/api/articles/bulk/,137.05,34,0,
2026-05-16T16:33:29.175440,POST,/api/articles/bulk/,71.1,34,0,
2026-05-16T16:33:29.234675,POST,/api/articles/bulk/,100.67,34,0,
2026-05-16T16:33:29.239373,POST,/api/articles/bulk/,98.89,34,0,
2026-05-16T16:33:29.332008,GET,/api/articles/list/large/,132.49,471824,0,
2026-05-16T16:33:29.379631,GET,/api/articles/list/small/,144.41,23002,0,
2026-05-16T16:33:29.411468,POST,/api/articles/bulk/,137.62,34,0,
2026-05-16T16:33:29.445571,POST,/api/articles/analyze/,117.17,58,0,
2026-05-16T16:33:29.450691,GET,/api/articles/list/small/,118.49,23002,0,
2026-05-16T16:33:29.540184,GET,/api/articles/list/small/,181.44,23002,0,
2026-05-16T16:33:29.543788,GET,/api/articles/list/large/,170.86,471824,0,
2026-05-16T16:33:29.610424,GET,/api/articles/list/large/,126.84,471824,0,
2026-05-16T16:33:29.611283,POST,/api/articles/analyze/,103.41,58,0,
2026-05-16T16:33:29.663433,POST,/api/articles/bulk/,18.3,34,0,
2026-05-16T16:33:29.701360,POST,/api/articles/bulk/,17.41,34,0,
2026-05-16T16:33:29.932756,GET,/api/articles/list/small/,178.96,23002,0,
2026-05-16T16:33:30.001390,GET,/api/articles/list/large/,237.21,471824,0,
2026-05-16T16:33:30.007113,POST,/api/articles/bulk/,252.44,34,0,
2026-05-16T16:33:30.008538,GET,/api/articles/list/small/,233.95,23002,0,
2026-05-16T16:33:30.076989,GET,/api/articles/list/large/,282.46,471824,0,
2026-05-16T16:33:30.091377,GET,/api/articles/list/large/,286.44,471824,0,
2026-05-16T16:33:30.099968,GET,/api/articles/list/small/,296.94,23002,0,
2026-05-16T16:33:30.105480,POST,/api/articles/analyze/,283.14,58,0,
2026-05-16T16:33:30.172770,POST,/api/articles/analyze/,239.6,58,0,
2026-05-16T16:33:30.185595,GET,/api/articles/list/small/,224.97,23002,0,
2026-05-16T16:33:30.188942,POST,/api/articles/bulk/,139.99,34,0,
2026-05-16T16:33:30.193809,GET,/api/articles/list/large/,134.87,471824,0,
2026-05-16T16:33:30.195834,POST,/api/articles/bulk/,128.68,34,0,
2026-05-16T16:33:30.210162,GET,/api/articles/list/small/,118.19,23002,0,
2026-05-16T16:33:30.215642,POST,/api/articles/bulk/,90.72,34,0,
2026-05-16T16:33:30.219733,GET,/api/articles/list/small/,41.55,23002,0,
2026-05-16T16:33:30.305092,GET,/api/articles/list/small/,66.58,23002,0,
2026-05-16T16:33:30.310650,GET,/api/articles/list/small/,66.89,23002,0,
2026-05-16T16:33:30.320828,POST,/api/articles/analyze/,33.29,58,0,
2026-05-16T16:33:30.321213,POST,/api/articles/analyze/,28.29,58,0,
2026-05-16T16:33:30.438517,POST,/api/articles/analyze/,6.92,58,0,
2026-05-16T16:33:30.521224,POST,/api/articles/bulk/,16.88,34,0,
2026-05-16T16:33:30.547512,POST,/api/articles/bulk/,15.99,34,0,
2026-05-16T16:33:30.593353,POST,/api/articles/bulk/,14.14,34,0,
2026-05-16T16:33:30.679341,GET,/api/articles/list/small/,20.56,23002,0,
2026-05-16T16:33:30.681205,POST,/api/articles/analyze/,17.2,58,0,
2026-05-16T16:33:30.851348,GET,/api/articles/list/large/,52.43,471824,0,
2026-05-16T16:33:30.905210,POST,/api/articles/bulk/,81.72,34,0,
2026-05-16T16:33:30.908243,GET,/api/articles/list/large/,56.49,471824,0,
2026-05-16T16:33:30.950011,POST,/api/articles/analyze/,8.54,58,0,
2026-05-16T16:33:30.975292,POST,/api/articles/analyze/,14.93,58,0,
2026-05-16T16:33:31.020871,POST,/api/articles/bulk/,42.84,34,0,
2026-05-16T16:33:31.026058,POST,/api/articles/analyze/,22.34,58,0,
2026-05-16T16:33:31.082457,GET,/api/articles/list/large/,57.19,471824,0,
2026-05-16T16:33:31.129696,GET,/api/articles/list/large/,79.71,471824,0,
2026-05-16T16:33:31.180622,GET,/api/articles/list/large/,83.11,471824,0,
2026-05-16T16:33:31.194826,POST,/api/articles/bulk/,64.68,34,0,
2026-05-16T16:33:31.196218,GET,/api/articles/list/small/,37.04,23002,0,
2026-05-16T16:33:31.394668,GET,/api/articles/list/large/,50.88,471824,0,
2026-05-16T16:33:31.404181,GET,/api/articles/list/small/,23.33,23002,0,
2026-05-16T16:33:31.424330,GET,/api/articles/list/small/,33.45,23002,0,
2026-05-16T16:33:31.429406,POST,/api/articles/analyze/,19.5,58,0,
2026-05-16T16:33:31.439318,GET,/api/articles/list/small/,10.72,23002,0,
2026-05-16T16:33:31.452538,GET,/api/articles/list/small/,9.77,23002,0,
2026-05-16T16:33:31.558144,GET,/api/articles/list/large/,52.71,471824,0,
2026-05-16T16:33:31.606918,POST,/api/articles/analyze/,70.34,58,0,
2026-05-16T16:33:31.608750,GET,/api/articles/list/large/,62.34,471824,0,
2026-05-16T16:33:31.691495,POST,/api/articles/analyze/,12.3,58,0,
2026-05-16T16:33:31.776708,POST,/api/articles/bulk/,16.48,34,0,
2026-05-16T16:33:31.867259,POST,/api/articles/analyze/,72.91,58,0,
2026-05-16T16:33:31.868414,GET,/api/articles/list/large/,72.75,471824,0,
2026-05-16T16:33:31.872634,POST,/api/articles/analyze/,66.78,58,0,
2026-05-16T16:33:31.941892,GET,/api/articles/list/large/,75.82,471824,0,
2026-05-16T16:33:31.966908,GET,/api/articles/list/small/,94.52,23002,0,
2026-05-16T16:33:31.982932,POST,/api/articles/analyze/,70.21,58,0,
2026-05-16T16:33:31.984191,POST,/api/articles/bulk/,104.7,34,0,
2026-05-16T16:33:31.984733,POST,/api/articles/analyze/,84.1,58,0,
2026-05-16T16:33:31.999399,POST,/api/articles/analyze/,10.15,58,0,
2026-05-16T16:33:32.173857,POST,/api/articles/analyze/,68.72,58,0,
2026-05-16T16:33:32.186841,GET,/api/articles/list/small/,78.57,23002,0,
2026-05-16T16:33:32.188434,GET,/api/articles/list/large/,78.24,471824,0,
2026-05-16T16:33:32.222290,POST,/api/articles/analyze/,88.69,58,0,
2026-05-16T16:33:32.237166,POST,/api/articles/bulk/,67.83,34,0,
2026-05-16T16:33:32.239842,POST,/api/articles/bulk/,50.14,34,0,
2026-05-16T16:33:32.316221,GET,/api/articles/list/large/,77.56,471824,0,
2026-05-16T16:33:32.317039,GET,/api/articles/list/small/,86.83,23002,0,
2026-05-16T16:33:32.374296,GET,/api/articles/list/small/,126.48,23002,0,
2026-05-16T16:33:32.376022,GET,/api/articles/list/large/,116.68,471824,0,
2026-05-16T16:33:32.418067,POST,/api/articles/bulk/,81.58,34,0,
2026-05-16T16:33:32.420830,POST,/api/articles/bulk/,63.01,34,0,
2026-05-16T16:33:32.471823,GET,/api/articles/list/large/,87.35,471824,0,
2026-05-16T16:33:32.524455,GET,/api/articles/list/small/,11.77,23002,0,
2026-05-16T16:33:32.609243,GET,/api/articles/list/small/,9.39,23002,0,
2026-05-16T16:33:32.641306,GET,/api/articles/list/small/,16.5,23002,0,
2026-05-16T16:33:33.501780,GET,/api/articles/list/large/,51.77,471824,0,
2026-05-16T16:33:33.512201,GET,/api/articles/list/small/,10.01,23002,0,
2026-05-16T16:33:33.547799,GET,/api/articles/list/small/,20.16,23002,0,
2026-05-16T16:33:33.576882,POST,/api/articles/analyze/,7.53,58,0,
2026-05-16T16:33:33.633650,GET,/api/articles/list/large/,49.05,471824,0,
2026-05-16T16:33:33.728168,GET,/api/articles/list/large/,63.85,471824,0,
2026-05-16T16:33:33.738072,GET,/api/articles/list/small/,31.74,23002,0,
2026-05-16T16:33:33.738483,POST,/api/articles/analyze/,34.83,58,0,
2026-05-16T16:33:33.788418,POST,/api/articles/bulk/,19.23,34,0,
2026-05-16T16:33:33.835645,GET,/api/articles/list/small/,15.73,23002,0,
2026-05-16T16:33:33.943318,GET,/api/articles/list/large/,55.24,471824,0,
2026-05-16T16:33:33.958238,GET,/api/articles/list/small/,26.86,23002,0,
2026-05-16T16:33:33.958791,POST,/api/articles/analyze/,32.64,58,0,
2026-05-16T16:33:34.060418,POST,/api/articles/bulk/,80.17,34,0,
2026-05-16T16:33:34.062233,GET,/api/articles/list/small/,73.26,23002,0,
2026-05-16T16:33:34.067602,POST,/api/articles/bulk/,84.21,34,0,
2026-05-16T16:33:34.141354,GET,/api/articles/list/small/,13.69,23002,0,
2026-05-16T16:33:34.172565,POST,/api/articles/analyze/,15.76,58,0,
2026-05-16T16:33:34.278350,GET,/api/articles/list/large/,64.32,471824,0,
2026-05-16T16:33:34.289924,GET,/api/articles/list/small/,37.83,23002,0,
2026-05-16T16:33:34.291432,POST,/api/articles/analyze/,26.02,58,0,
2026-05-16T16:33:34.419228,POST,/api/articles/bulk/,110.07,34,0,
2026-05-16T16:33:34.420008,POST,/api/articles/bulk/,113.75,34,0,
2026-05-16T16:33:34.421924,GET,/api/articles/list/large/,109.99,471824,0,
2026-05-16T16:33:34.426321,POST,/api/articles/analyze/,25.98,58,0,
2026-05-16T16:33:34.570808,GET,/api/articles/list/small/,14.83,23002,0,
2026-05-16T16:33:34.601149,POST,/api/articles/bulk/,32.84,34,0,
2026-05-16T16:33:34.602228,GET,/api/articles/list/small/,31.04,23002,0,
2026-05-16T16:33:34.652604,GET,/api/articles/list/large/,62.3,471824,0,
2026-05-16T16:33:34.732374,GET,/api/articles/list/small/,10.49,23002,0,
2026-05-16T16:33:34.877964,GET,/api/articles/list/large/,55.89,471824,0,
2026-05-16T16:33:34.894809,POST,/api/articles/bulk/,24.45,34,0,
2026-05-16T16:33:34.959887,GET,/api/articles/list/large/,72.18,471824,0,
2026-05-16T16:33:34.990910,POST,/api/articles/bulk/,97.21,34,0,
2026-05-16T16:33:34.992366,POST,/api/articles/bulk/,90.85,34,0,
2026-05-16T16:33:34.993693,GET,/api/articles/list/small/,73.7,23002,0,
2026-05-16T16:33:35.051267,GET,/api/articles/list/large/,81.0,471824,0,
2026-05-16T16:33:35.109187,GET,/api/articles/list/large/,110.83,471824,0,
2026-05-16T16:33:35.110045,GET,/api/articles/list/small/,92.33,23002,0,
2026-05-16T16:33:35.123195,GET,/api/articles/list/small/,18.35,23002,0,
2026-05-16T16:33:35.242738,GET,/api/articles/list/large/,73.84,471824,0,
2026-05-16T16:33:35.290523,GET,/api/articles/list/large/,91.19,471824,0,
2026-05-16T16:33:35.291950,POST,/api/articles/analyze/,68.34,58,0,
2026-05-16T16:33:35.298843,POST,/api/articles/analyze/,35.62,58,0,
2026-05-16T16:33:35.324089,POST,/api/articles/bulk/,33.42,34,0,
2026-05-16T16:33:35.344370,GET,/api/articles/list/small/,35.02,23002,0,
2026-05-16T16:33:35.344806,GET,/api/articles/list/small/,39.78,23002,0,
2026-05-16T16:33:35.345248,POST,/api/articles/bulk/,41.68,34,0,
2026-05-16T16:33:35.492594,POST,/api/articles/bulk/,14.88,34,0,
2026-05-16T16:33:35.539923,GET,/api/articles/list/large/,48.35,471824,0,
2026-05-16T16:33:35.576579,POST,/api/articles/bulk/,17.31,34,0,
2026-05-16T16:33:35.585347,POST,/api/articles/bulk/,22.43,34,0,
2026-05-16T16:33:35.636672,POST,/api/articles/bulk/,17.61,34,0,
2026-05-16T16:33:35.692891,POST,/api/articles/analyze/,11.16,58,0,
2026-05-16T16:33:35.736913,GET,/api/articles/list/small/,10.7,23002,0,
2026-05-16T16:33:35.803440,GET,/api/articles/list/small/,16.15,23002,0,
2026-05-16T16:33:35.923766,POST,/api/articles/bulk/,18.7,34,0,
2026-05-16T16:33:35.996016,GET,/api/articles/list/large/,60.4,471824,0,
2026-05-16T16:33:36.054167,GET,/api/articles/list/large/,83.07,471824,0,
2026-05-16T16:33:36.061867,POST,/api/articles/bulk/,121.27,34,0,
2026-05-16T16:33:36.064212,POST,/api/articles/bulk/,46.32,34,0,
2026-05-16T16:33:36.116274,GET,/api/articles/list/small/,9.68,23002,0,
2026-05-16T16:33:36.127270,POST,/api/articles/analyze/,8.53,58,0,
2026-05-16T16:33:36.197914,POST,/api/articles/analyze/,64.85,58,0,
2026-05-16T16:33:36.201984,GET,/api/articles/list/large/,64.45,471824,0,
2026-05-16T16:33:36.213338,POST,/api/articles/analyze/,58.84,58,0,
2026-05-16T16:33:36.214087,POST,/api/articles/analyze/,34.03,58,0,
2026-05-16T16:33:36.228978,POST,/api/articles/bulk/,25.6,34,0,
2026-05-16T16:33:36.377590,GET,/api/articles/list/small/,95.99,23002,0,
2026-05-16T16:33:36.425485,GET,/api/articles/list/large/,135.78,471824,0,
2026-05-16T16:33:36.426689,POST,/api/articles/analyze/,135.88,58,0,
2026-05-16T16:33:36.430587,GET,/api/articles/list/large/,125.0,471824,0,
2026-05-16T16:33:36.432091,POST,/api/articles/analyze/,120.73,58,0,
2026-05-16T16:33:36.443075,POST,/api/articles/bulk/,17.42,34,0,
2026-05-16T16:33:36.543389,GET,/api/articles/list/small/,9.95,23002,0,
2026-05-16T16:33:36.580180,POST,/api/articles/analyze/,7.21,58,0,
2026-05-16T16:33:36.677880,GET,/api/articles/list/large/,78.33,471824,0,
2026-05-16T16:33:36.682540,GET,/api/articles/list/large/,80.6,471824,0,
2026-05-16T16:33:36.685942,POST,/api/articles/analyze/,38.91,58,0,
2026-05-16T16:33:36.807036,GET,/api/articles/list/small/,10.22,23002,0,
2026-05-16T16:33:36.815346,GET,/api/articles/list/small/,9.09,23002,0,
2026-05-16T16:33:36.968489,GET,/api/articles/list/large/,42.86,471824,0,
2026-05-16T16:33:36.976907,POST,/api/articles/bulk/,39.95,34,0,
2026-05-16T16:33:37.036287,POST,/api/articles/analyze/,6.97,58,0,
2026-05-16T16:33:37.089905,POST,/api/articles/bulk/,11.31,34,0,
2026-05-16T16:33:37.190191,GET,/api/articles/list/large/,43.85,471824,0,
2026-05-16T16:33:37.215131,POST,/api/articles/bulk/,65.04,34,0,
2026-05-16T16:33:37.218642,POST,/api/articles/bulk/,31.51,34,0,
2026-05-16T16:33:37.284403,GET,/api/articles/list/large/,44.04,471824,0,
2026-05-16T16:33:37.326204,GET,/api/articles/list/large/,52.33,471824,0,
2026-05-16T16:33:37.329900,POST,/api/articles/analyze/,13.2,58,0,
2026-05-16T16:33:37.398402,POST,/api/articles/bulk/,12.03,34,0,
2026-05-16T16:33:37.408648,POST,/api/articles/analyze/,6.85,58,0,
2026-05-16T16:33:37.450495,POST,/api/articles/bulk/,11.58,34,0,
2026-05-16T16:33:37.561668,POST,/api/articles/bulk/,19.61,34,0,
2026-05-16T16:33:37.562529,POST,/api/articles/bulk/,21.61,34,0,
2026-05-16T16:33:37.732869,GET,/api/articles/list/large/,69.98,471824,0,
2026-05-16T16:33:37.748976,POST,/api/articles/bulk/,55.8,34,0,
2026-05-16T16:33:37.759503,POST,/api/articles/bulk/,26.26,34,0,
2026-05-16T16:33:37.769307,POST,/api/articles/analyze/,7.54,58,0,
2026-05-16T16:33:37.852718,POST,/api/articles/bulk/,25.42,34,0,
2026-05-16T16:33:37.965134,GET,/api/articles/list/small/,100.84,23002,0,
2026-05-16T16:33:38.099065,GET,/api/articles/list/large/,223.17,471824,0,
2026-05-16T16:33:38.103585,GET,/api/articles/list/large/,166.74,471824,0,
2026-05-16T16:33:38.106308,GET,/api/articles/list/large/,152.23,471824,0,
2026-05-16T16:33:38.108795,POST,/api/articles/bulk/,209.97,34,0,
2026-05-16T16:33:38.111105,GET,/api/articles/list/small/,171.79,23002,0,
2026-05-16T16:33:38.121357,POST,/api/articles/analyze/,131.86,58,0,
2026-05-16T16:33:38.124360,POST,/api/articles/bulk/,58.86,34,0,
2026-05-16T16:33:38.148325,POST,/api/articles/analyze/,8.68,58,0,
2026-05-16T16:33:38.201989,GET,/api/articles/list/large/,42.3,471824,0,
2026-05-16T16:33:38.224877,GET,/api/articles/list/small/,15.25,23002,0,
2026-05-16T16:33:38.329737,POST,/api/articles/bulk/,19.4,34,0,
2026-05-16T16:33:38.375638,GET,/api/articles/list/small/,9.77,23002,0,
2026-05-16T16:33:38.447287,GET,/api/articles/list/large/,51.21,471824,0,
2026-05-16T16:33:38.455763,POST,/api/articles/bulk/,36.54,34,0,
2026-05-16T16:33:38.551238,GET,/api/articles/list/small/,11.13,23002,0,
2026-05-16T16:33:38.618556,POST,/api/articles/analyze/,13.9,58,0,
2026-05-16T16:33:38.627284,POST,/api/articles/analyze/,17.74,58,0,
2026-05-16T16:33:38.676900,POST,/api/articles/analyze/,9.1,58,0,
2026-05-16T16:33:38.771798,GET,/api/articles/list/large/,89.51,471824,0,
2026-05-16T16:33:38.787726,GET,/api/articles/list/large/,102.45,471824,0,
2026-05-16T16:33:38.887177,GET,/api/articles/list/small/,140.17,23002,0,
2026-05-16T16:33:38.888583,POST,/api/articles/bulk/,131.06,34,0,
2026-05-16T16:33:38.890687,GET,/api/articles/list/large/,132.36,471824,0,
2026-05-16T16:33:38.893062,POST,/api/articles/bulk/,150.26,34,0,
2026-05-16T16:33:38.957459,GET,/api/articles/list/large/,154.16,471824,0,
2026-05-16T16:33:38.969508,POST,/api/articles/analyze/,84.19,58,0,
2026-05-16T16:33:38.971660,POST,/api/articles/bulk/,31.13,34,0,
2026-05-16T16:33:38.992690,POST,/api/articles/bulk/,16.49,34,0,
2026-05-16T16:33:39.002057,POST,/api/articles/bulk/,20.89,34,0,
2026-05-16T16:33:39.050292,GET,/api/articles/list/small/,9.86,23002,0,
2026-05-16T16:33:39.064104,POST,/api/articles/analyze/,7.56,58,0,
2026-05-16T16:33:39.118864,GET,/api/articles/list/large/,46.41,471824,0,
2026-05-16T16:33:39.131004,POST,/api/articles/analyze/,53.53,58,0,
2026-05-16T16:33:39.131423,POST,/api/articles/bulk/,41.98,34,0,
2026-05-16T16:33:39.237697,GET,/api/articles/list/large/,51.76,471824,0,
2026-05-16T16:33:39.242405,POST,/api/articles/analyze/,29.4,58,0,
2026-05-16T16:33:39.328334,GET,/api/articles/list/large/,42.58,471824,0,
2026-05-16T16:33:39.460587,GET,/api/articles/list/large/,79.65,471824,0,
2026-05-16T16:33:39.494437,POST,/api/articles/analyze/,8.23,58,0,
2026-05-16T16:33:39.606445,POST,/api/articles/analyze/,16.49,58,0,
2026-05-16T16:33:39.619031,POST,/api/articles/analyze/,23.72,58,0,
2026-05-16T16:33:39.620935,GET,/api/articles/list/small/,25.05,23002,0,
2026-05-16T16:33:39.644404,POST,/api/articles/bulk/,13.0,34,0,
2026-05-16T16:33:39.708383,GET,/api/articles/list/large/,45.67,471824,0,
2026-05-16T16:33:39.713169,POST,/api/articles/analyze/,15.53,58,0,
2026-05-16T16:33:39.757962,GET,/api/articles/list/large/,49.31,471824,0,
2026-05-16T16:33:39.776069,GET,/api/articles/list/small/,58.67,23002,0,
2026-05-16T16:33:39.777205,POST,/api/articles/bulk/,56.0,34,0,
2026-05-16T16:33:39.819023,GET,/api/articles/list/large/,56.64,471824,0,
2026-05-16T16:33:39.863439,GET,/api/articles/list/large/,69.75,471824,0,
2026-05-16T16:33:39.876133,GET,/api/articles/list/small/,59.11,23002,0,
2026-05-16T16:33:39.877995,GET,/api/articles/list/small/,30.51,23002,0,
2026-05-16T16:33:39.889490,POST,/api/articles/analyze/,9.21,58,0,
2026-05-16T16:33:39.924319,GET,/api/articles/list/small/,11.5,23002,0,
2026-05-16T16:33:40.000217,POST,/api/articles/bulk/,16.02,34,0,
2026-05-16T16:33:40.066757,POST,/api/articles/analyze/,10.08,58,0,
2026-05-16T16:33:40.139558,GET,/api/articles/list/large/,55.48,471824,0,
2026-05-16T16:33:40.140834,POST,/api/articles/bulk/,55.72,34,0,
2026-05-16T16:33:40.159055,GET,/api/articles/list/small/,9.94,23002,0,
2026-05-16T16:33:40.169025,GET,/api/articles/list/small/,11.83,23002,0,
2026-05-16T16:33:40.190353,POST,/api/articles/analyze/,10.05,58,0,
2026-05-16T16:33:40.228083,POST,/api/articles/bulk/,12.42,34,0,
2026-05-16T16:33:40.278576,POST,/api/articles/analyze/,9.1,58,0,
2026-05-16T16:33:40.560485,GET,/api/articles/list/large/,67.05,471824,0,
2026-05-16T16:33:40.561666,GET,/api/articles/list/small/,66.71,23002,0,
2026-05-16T16:33:40.576845,GET,/api/articles/list/small/,54.43,23002,0,
2026-05-16T16:33:40.578692,POST,/api/articles/bulk/,46.89,34,0,
2026-05-16T16:33:40.621632,GET,/api/articles/list/large/,53.74,471824,0,
2026-05-16T16:33:40.660155,GET,/api/articles/list/large/,72.27,471824,0,
2026-05-16T16:33:40.668864,POST,/api/articles/bulk/,25.02,34,0,
2026-05-16T16:33:40.706709,POST,/api/articles/bulk/,26.52,34,0,
2026-05-16T16:33:40.710447,POST,/api/articles/bulk/,26.2,34,0,
2026-05-16T16:33:40.859283,GET,/api/articles/list/large/,59.34,471824,0,
2026-05-16T16:33:40.884601,GET,/api/articles/list/small/,76.57,23002,0,
2026-05-16T16:33:40.885019,GET,/api/articles/list/small/,68.49,23002,0,
2026-05-16T16:33:40.887371,POST,/api/articles/analyze/,73.13,58,0,
2026-05-16T16:33:40.889356,POST,/api/articles/analyze/,60.02,58,0,
2026-05-16T16:33:40.892124,POST,/api/articles/bulk/,44.88,34,0,
2026-05-16T16:33:40.894907,POST,/api/articles/analyze/,23.27,58,0,
2026-05-16T16:33:40.923499,GET,/api/articles/list/small/,12.23,23002,0,
2026-05-16T16:33:40.983924,GET,/api/articles/list/small/,9.92,23002,0,
2026-05-16T16:33:41.000414,GET,/api/articles/list/small/,11.23,23002,0,
2026-05-16T16:33:41.043637,GET,/api/articles/list/large/,48.71,471824,0,
2026-05-16T16:33:41.049595,POST,/api/articles/analyze/,33.51,58,0,
2026-05-16T16:33:41.053037,POST,/api/articles/analyze/,10.93,58,0,
2026-05-16T16:33:41.173654,GET,/api/articles/list/large/,47.33,471824,0,
2026-05-16T16:33:41.218406,POST,/api/articles/analyze/,7.41,58,0,
2026-05-16T16:33:41.338239,GET,/api/articles/list/large/,42.55,471824,0,
2026-05-16T16:33:41.375999,GET,/api/articles/list/small/,10.52,23002,0,
2026-05-16T16:33:41.421757,GET,/api/articles/list/large/,45.58,471824,0,
2026-05-16T16:33:41.454246,GET,/api/articles/list/small/,9.17,23002,0,
2026-05-16T16:33:41.507322,GET,/api/articles/list/large/,42.68,471824,0,
2026-05-16T16:33:41.547830,POST,/api/articles/bulk/,16.1,34,0,
2026-05-16T16:33:41.655417,GET,/api/articles/list/large/,89.91,471824,0,
2026-05-16T16:33:41.668586,GET,/api/articles/list/small/,73.01,23002,0,
2026-05-16T16:33:41.669305,POST,/api/articles/analyze/,44.77,58,0,
2026-05-16T16:33:41.671218,GET,/api/articles/list/small/,26.96,23002,0,
2026-05-16T16:33:41.721677,GET,/api/articles/list/large/,42.17,471824,0,
2026-05-16T16:33:41.776911,GET,/api/articles/list/large/,42.96,471824,0,
2026-05-16T16:33:41.815224,GET,/api/articles/list/small/,13.69,23002,0,
2026-05-16T16:33:41.860951,POST,/api/articles/analyze/,17.7,58,0,
2026-05-16T16:33:41.862015,POST,/api/articles/bulk/,19.49,34,0,
2026-05-16T16:33:41.868825,GET,/api/articles/list/small/,13.46,23002,0,
2026-05-16T16:33:41.878884,GET,/api/articles/list/small/,8.83,23002,0,
2026-05-16T16:33:41.943750,POST,/api/articles/bulk/,13.61,34,0,
2026-05-16T16:33:41.976060,POST,/api/articles/analyze/,7.91,58,0,
2026-05-16T16:33:42.030236,POST,/api/articles/bulk/,16.87,34,0,
2026-05-16T16:33:42.069084,GET,/api/articles/list/large/,47.39,471824,0,
2026-05-16T16:33:42.078458,GET,/api/articles/list/small/,10.98,23002,0,
2026-05-16T16:33:42.117082,GET,/api/articles/list/small/,10.33,23002,0,
2026-05-16T16:33:42.165866,POST,/api/articles/analyze/,8.45,58,0,
2026-05-16T16:33:42.299651,GET,/api/articles/list/large/,59.35,471824,0,
2026-05-16T16:33:42.431784,GET,/api/articles/list/large/,41.2,471824,0,
2026-05-16T16:33:42.435209,POST,/api/articles/analyze/,37.66,58,0,
2026-05-16T16:33:42.474032,POST,/api/articles/analyze/,7.57,58,0,
2026-05-16T16:33:42.541092,POST,/api/articles/analyze/,7.74,58,0,
2026-05-16T16:33:42.578280,GET,/api/articles/list/small/,9.62,23002,0,
2026-05-16T16:33:42.745897,GET,/api/articles/list/small/,51.79,23002,0,
2026-05-16T16:33:42.747982,GET,/api/articles/list/large/,54.4,471824,0,
2026-05-16T16:33:42.847757,GET,/api/articles/list/large/,145.82,471824,0,
2026-05-16T16:33:42.848248,POST,/api/articles/bulk/,122.45,34,0,
2026-05-16T16:33:42.850971,GET,/api/articles/list/large/,124.42,471824,0,
2026-05-16T16:33:42.856873,POST,/api/articles/bulk/,120.36,34,0,
2026-05-16T16:33:42.864602,GET,/api/articles/list/small/,126.79,23002,0,
2026-05-16T16:33:42.869987,POST,/api/articles/analyze/,92.58,58,0,
2026-05-16T16:33:42.877980,POST,/api/articles/bulk/,82.57,34,0,
2026-05-16T16:33:42.880701,POST,/api/articles/analyze/,50.08,58,0,
2026-05-16T16:33:42.883610,POST,/api/articles/bulk/,37.62,34,0,
2026-05-16T16:33:42.888226,POST,/api/articles/analyze/,9.01,58,0,
2026-05-16T16:33:43.029920,GET,/api/articles/list/large/,44.22,471824,0,
2026-05-16T16:33:43.032937,POST,/api/articles/analyze/,41.37,58,0,
2026-05-16T16:33:43.096913,GET,/api/articles/list/small/,13.61,23002,0,
2026-05-16T16:33:43.188613,GET,/api/articles/list/large/,52.34,471824,0,
2026-05-16T16:33:43.247225,GET,/api/articles/list/large/,91.97,471824,0,
2026-05-16T16:33:43.329154,POST,/api/articles/analyze/,110.47,58,0,
2026-05-16T16:33:43.333166,GET,/api/articles/list/large/,101.69,471824,0,
2026-05-16T16:33:43.333685,POST,/api/articles/analyze/,148.26,58,0,
2026-05-16T16:33:43.335076,GET,/api/articles/list/large/,110.43,471824,0,
2026-05-16T16:33:43.341979,GET,/api/articles/list/small/,58.47,23002,0,
2026-05-16T16:33:43.378500,GET,/api/articles/list/small/,10.03,23002,0,
2026-05-16T16:33:43.452279,GET,/api/articles/list/small/,11.43,23002,0,
2026-05-16T16:33:43.462136,GET,/api/articles/list/small/,10.74,23002,0,
2026-05-16T16:33:43.512117,GET,/api/articles/list/large/,51.14,471824,0,
2026-05-16T16:33:43.549729,GET,/api/articles/list/large/,76.89,471824,0,
2026-05-16T16:33:43.613210,POST,/api/articles/analyze/,7.87,58,0,
2026-05-16T16:33:43.669166,GET,/api/articles/list/small/,9.65,23002,0,
2026-05-16T16:33:43.746783,GET,/api/articles/list/large/,49.21,471824,0,
2026-05-16T16:33:43.755822,POST,/api/articles/bulk/,36.62,34,0,
2026-05-16T16:33:43.757153,POST,/api/articles/bulk/,30.63,34,0,
2026-05-16T16:33:43.772412,GET,/api/articles/list/small/,9.06,23002,0,
2026-05-16T16:33:43.818563,POST,/api/articles/analyze/,7.69,58,0,
2026-05-16T16:33:43.858816,GET,/api/articles/list/small/,13.84,23002,0,
2026-05-16T16:33:43.939150,GET,/api/articles/list/large/,40.06,471824,0,
2026-05-16T16:33:43.999366,GET,/api/articles/list/large/,39.01,471824,0,
2026-05-16T16:33:44.043093,POST,/api/articles/analyze/,9.4,58,0,
2026-05-16T16:33:44.082953,GET,/api/articles/list/large/,45.38,471824,0,
2026-05-16T16:33:44.091895,POST,/api/articles/bulk/,32.54,34,0,
2026-05-16T16:33:44.174153,GET,/api/articles/list/large/,44.98,471824,0,
2026-05-16T16:33:44.309730,GET,/api/articles/list/large/,51.22,471824,0,
2026-05-16T16:33:44.351391,POST,/api/articles/bulk/,58.92,34,0,
2026-05-16T16:33:44.352512,GET,/api/articles/list/large/,76.12,471824,0,
2026-05-16T16:33:44.448490,GET,/api/articles/list/large/,56.37,471824,0,
2026-05-16T16:33:44.462498,POST,/api/articles/bulk/,54.43,34,0,
2026-05-16T16:33:44.477672,POST,/api/articles/analyze/,19.62,58,0,
2026-05-16T16:33:44.502510,POST,/api/articles/analyze/,12.51,58,0,
2026-05-16T16:33:44.511985,POST,/api/articles/bulk/,19.91,34,0,
2026-05-16T16:33:44.521770,POST,/api/articles/analyze/,7.43,58,0,
2026-05-16T16:33:44.552622,GET,/api/articles/list/small/,16.52,23002,0,
2026-05-16T16:33:44.553351,GET,/api/articles/list/small/,16.66,23002,0,
2026-05-16T16:33:44.648397,GET,/api/articles/list/large/,44.47,471824,0,
2026-05-16T16:33:44.735013,GET,/api/articles/list/small/,51.16,23002,0,
2026-05-16T16:33:44.738573,GET,/api/articles/list/large/,54.2,471824,0,
2026-05-16T16:33:44.758000,GET,/api/articles/list/small/,62.74,23002,0,
2026-05-16T16:33:44.793452,POST,/api/articles/bulk/,97.7,34,0,
2026-05-16T16:33:44.796817,POST,/api/articles/analyze/,65.72,58,0,
2026-05-16T16:33:44.799992,GET,/api/articles/list/large/,63.71,471824,0,
2026-05-16T16:33:44.804534,POST,/api/articles/analyze/,16.07,58,0,
2026-05-16T16:33:44.851642,POST,/api/articles/bulk/,12.86,34,0,
2026-05-16T16:33:44.872806,POST,/api/articles/analyze/,7.86,58,0,
2026-05-16T16:33:44.961116,GET,/api/articles/list/large/,82.6,471824,0,
2026-05-16T16:33:44.964960,GET,/api/articles/list/large/,86.87,471824,0,
2026-05-16T16:33:45.004735,GET,/api/articles/list/large/,65.35,471824,0,
2026-05-16T16:33:45.005314,GET,/api/articles/list/small/,104.92,23002,0,
2026-05-16T16:33:45.111763,POST,/api/articles/analyze/,8.17,58,0,
2026-05-16T16:33:45.195350,GET,/api/articles/list/large/,42.25,471824,0,
2026-05-16T16:33:45.244350,GET,/api/articles/list/large/,40.71,471824,0,
2026-05-16T16:33:45.328465,GET,/api/articles/list/large/,51.8,471824,0,
2026-05-16T16:33:45.344113,GET,/api/articles/list/small/,36.47,23002,0,
2026-05-16T16:33:45.345817,POST,/api/articles/bulk/,37.63,34,0,
2026-05-16T16:33:45.355059,POST,/api/articles/bulk/,19.27,34,0,
2026-05-16T16:33:45.372170,POST,/api/articles/analyze/,7.82,58,0,
2026-05-16T16:33:45.420450,POST,/api/articles/bulk/,13.93,34,0,
2026-05-16T16:33:45.536230,POST,/api/articles/analyze/,10.35,58,0,
2026-05-16T16:33:45.660202,GET,/api/articles/list/small/,9.3,23002,0,
2026-05-16T16:33:45.703077,POST,/api/articles/analyze/,7.61,58,0,
2026-05-16T16:33:45.758335,GET,/api/articles/list/small/,51.07,23002,0,
2026-05-16T16:33:45.759509,GET,/api/articles/list/large/,51.59,471824,0,
2026-05-16T16:33:45.861902,GET,/api/articles/list/large/,52.99,471824,0,
2026-05-16T16:33:45.871784,POST,/api/articles/bulk/,29.72,34,0,
2026-05-16T16:33:45.901933,GET,/api/articles/list/small/,17.81,23002,0,
2026-05-16T16:33:45.904650,GET,/api/articles/list/small/,15.56,23002,0,
2026-05-16T16:33:45.935343,POST,/api/articles/bulk/,13.38,34,0,
2026-05-16T16:33:46.066404,GET,/api/articles/list/large/,41.56,471824,0,
2026-05-16T16:33:46.090122,POST,/api/articles/bulk/,13.26,34,0,
2026-05-16T16:33:46.105833,POST,/api/articles/bulk/,12.39,34,0,
2026-05-16T16:33:46.150788,GET,/api/articles/list/large/,46.01,471824,0,
2026-05-16T16:33:46.159725,POST,/api/articles/analyze/,43.68,58,0,
2026-05-16T16:33:46.161526,GET,/api/articles/list/small/,31.43,23002,0,
2026-05-16T16:33:46.184158,POST,/api/articles/bulk/,12.36,34,0,
2026-05-16T16:33:46.202469,GET,/api/articles/list/small/,9.0,23002,0,
2026-05-16T16:33:46.260494,POST,/api/articles/analyze/,9.73,58,0,
2026-05-16T16:33:46.271520,POST,/api/articles/bulk/,16.72,34,0,
2026-05-16T16:33:46.275916,POST,/api/articles/analyze/,9.22,58,0,
2026-05-16T16:33:46.296949,POST,/api/articles/analyze/,7.76,58,0,
2026-05-16T16:33:46.314814,POST,/api/articles/analyze/,7.55,58,0,
2026-05-16T16:33:46.365560,GET,/api/articles/list/large/,44.38,471824,0,
2026-05-16T16:33:46.372438,GET,/api/articles/list/small/,31.03,23002,0,
2026-05-16T16:33:46.373738,POST,/api/articles/analyze/,22.5,58,0,
2026-05-16T16:33:46.415927,POST,/api/articles/analyze/,7.79,58,0,
2026-05-16T16:33:46.489585,GET,/api/articles/list/large/,41.38,471824,0,
2026-05-16T16:33:46.538509,POST,/api/articles/bulk/,62.56,34,0,
2026-05-16T16:33:46.571834,GET,/api/articles/list/large/,102.7,471824,0,
2026-05-16T16:33:46.581993,GET,/api/articles/list/large/,89.1,471824,0,
2026-05-16T16:33:46.585763,GET,/api/articles/list/small/,71.85,23002,0,
2026-05-16T16:33:46.622717,POST,/api/articles/analyze/,78.93,58,0,
2026-05-16T16:33:46.626234,GET,/api/articles/list/large/,50.15,471824,0,
2026-05-16T16:33:46.635485,POST,/api/articles/bulk/,45.4,34,0,
2026-05-16T16:33:46.657530,GET,/api/articles/list/small/,9.71,23002,0,
2026-05-16T16:33:46.704002,POST,/api/articles/bulk/,12.23,34,0,
2026-05-16T16:33:46.757792,POST,/api/articles/analyze/,7.47,58,0,
2026-05-16T16:33:46.849037,POST,/api/articles/bulk/,11.72,34,0,
2026-05-16T16:33:46.876081,POST,/api/articles/bulk/,19.8,34,0,
2026-05-16T16:33:46.884588,POST,/api/articles/bulk/,16.12,34,0,
2026-05-16T16:33:46.899542,POST,/api/articles/bulk/,11.68,34,0,
2026-05-16T16:33:46.951878,GET,/api/articles/list/small/,9.06,23002,0,
2026-05-16T16:33:47.024619,POST,/api/articles/analyze/,9.19,58,0,
2026-05-16T16:33:47.085991,POST,/api/articles/bulk/,14.01,34,0,
2026-05-16T16:33:47.093862,GET,/api/articles/list/small/,10.39,23002,0,
2026-05-16T16:33:47.187489,GET,/api/articles/list/large/,78.27,471824,0,
2026-05-16T16:33:47.189275,GET,/api/articles/list/large/,79.16,471824,0,
2026-05-16T16:33:47.191254,POST,/api/articles/analyze/,68.5,58,0,
2026-05-16T16:33:47.200742,POST,/api/articles/analyze/,7.28,58,0,
2026-05-16T16:33:47.256301,GET,/api/articles/list/large/,38.26,471824,0,
2026-05-16T16:33:47.537523,GET,/api/articles/list/large/,43.5,471824,0,
2026-05-16T16:33:47.611246,GET,/api/articles/list/large/,83.23,471824,0,
2026-05-16T16:33:47.621028,POST,/api/articles/analyze/,62.91,58,0,
2026-05-16T16:33:47.621422,GET,/api/articles/list/small/,70.14,23002,0,
2026-05-16T16:33:47.622879,GET,/api/articles/list/large/,87.1,471824,0,
2026-05-16T16:33:47.781651,POST,/api/articles/analyze/,7.48,58,0,
2026-05-16T16:33:47.865634,GET,/api/articles/list/large/,39.89,471824,0,
2026-05-16T16:33:48.009312,GET,/api/articles/list/large/,38.37,471824,0,
2026-05-16T16:33:48.046601,GET,/api/articles/list/small/,8.94,23002,0,
2026-05-16T16:33:48.086777,GET,/api/articles/list/large/,37.94,471824,0,
2026-05-16T16:33:48.103246,POST,/api/articles/analyze/,7.18,58,0,
2026-05-16T16:33:48.110562,POST,/api/articles/analyze/,7.17,58,0,
2026-05-16T16:33:48.143955,POST,/api/articles/bulk/,12.1,34,0,
2026-05-16T16:33:48.187244,GET,/api/articles/list/small/,8.97,23002,0,
2026-05-16T16:33:48.332882,GET,/api/articles/list/large/,51.31,471824,0,
2026-05-16T16:33:48.367108,GET,/api/articles/list/small/,10.64,23002,0,
2026-05-16T16:33:48.460608,POST,/api/articles/bulk/,13.91,34,0,
2026-05-16T16:33:48.574888,GET,/api/articles/list/large/,50.45,471824,0,
2026-05-16T16:33:48.584085,GET,/api/articles/list/small/,60.13,23002,0,
2026-05-16T16:33:48.619055,POST,/api/articles/bulk/,86.7,34,0,
2026-05-16T16:33:48.622799,GET,/api/articles/list/large/,47.7,471824,0,
2026-05-16T16:33:48.682237,GET,/api/articles/list/large/,40.15,471824,0,
2026-05-16T16:33:48.717211,GET,/api/articles/list/large/,58.18,471824,0,
2026-05-16T16:33:48.749074,GET,/api/articles/list/small/,9.62,23002,0,
2026-05-16T16:33:48.807915,POST,/api/articles/analyze/,8.36,58,0,
2026-05-16T16:33:48.863780,GET,/api/articles/list/large/,51.65,471824,0,
2026-05-16T16:33:48.869301,POST,/api/articles/bulk/,43.44,34,0,
2026-05-16T16:33:48.869751,POST,/api/articles/analyze/,50.71,58,0,
2026-05-16T16:33:48.875997,GET,/api/articles/list/small/,17.87,23002,0,
2026-05-16T16:33:48.988645,GET,/api/articles/list/large/,55.36,471824,0,
2026-05-16T16:33:48.997344,POST,/api/articles/analyze/,62.2,58,0,
2026-05-16T16:33:48.999112,GET,/api/articles/list/small/,63.32,23002,0,
2026-05-16T16:33:49.003076,GET,/api/articles/list/small/,55.36,23002,0,
2026-05-16T16:33:49.003522,POST,/api/articles/bulk/,64.95,34,0,
2026-05-16T16:33:49.038888,POST,/api/articles/bulk/,12.12,34,0,
2026-05-16T16:33:49.099867,POST,/api/articles/analyze/,7.68,58,0,
2026-05-16T16:33:49.151513,GET,/api/articles/list/large/,41.57,471824,0,
2026-05-16T16:33:49.157629,GET,/api/articles/list/small/,11.71,23002,0,
2026-05-16T16:33:49.290642,GET,/api/articles/list/small/,9.51,23002,0,
2026-05-16T16:33:49.308971,POST,/api/articles/bulk/,12.04,34,0,
2026-05-16T16:33:49.326125,POST,/api/articles/analyze/,7.88,58,0,
2026-05-16T16:33:49.333584,POST,/api/articles/analyze/,9.34,58,0,
2026-05-16T16:33:49.413402,GET,/api/articles/list/small/,9.28,23002,0,
2026-05-16T16:33:49.458211,POST,/api/articles/analyze/,7.53,58,0,
2026-05-16T16:33:49.545606,GET,/api/articles/list/small/,18.08,23002,0,
2026-05-16T16:33:49.549566,POST,/api/articles/analyze/,13.73,58,0,
2026-05-16T16:33:49.575572,POST,/api/articles/analyze/,10.58,58,0,
2026-05-16T16:33:49.586384,GET,/api/articles/list/small/,13.74,23002,0,
2026-05-16T16:33:49.632107,GET,/api/articles/list/small/,15.31,23002,0,
2026-05-16T16:33:49.634561,GET,/api/articles/list/small/,11.87,23002,0,
2026-05-16T16:33:49.667179,GET,/api/articles/list/small/,9.36,23002,0,
2026-05-16T16:33:49.682427,GET,/api/articles/list/small/,10.07,23002,0,
2026-05-16T16:33:49.728785,GET,/api/articles/list/large/,41.06,471824,0,
2026-05-16T16:33:49.803038,POST,/api/articles/bulk/,13.87,34,0,
2026-05-16T16:33:49.902642,GET,/api/articles/list/large/,43.32,471824,0,
2026-05-16T16:33:49.908732,GET,/api/articles/list/small/,34.49,23002,0,
2026-05-16T16:33:49.956796,POST,/api/articles/analyze/,7.79,58,0,
2026-05-16T16:33:50.056382,POST,/api/articles/analyze/,8.09,58,0,
2026-05-16T16:33:50.077249,GET,/api/articles/list/small/,9.61,23002,0,
2026-05-16T16:33:50.087653,POST,/api/articles/analyze/,7.17,58,0,
2026-05-16T16:33:50.106113,POST,/api/articles/bulk/,12.22,34,0,
2026-05-16T16:33:50.132616,POST,/api/articles/analyze/,8.19,58,0,
2026-05-16T16:33:50.141532,GET,/api/articles/list/small/,9.72,23002,0,
2026-05-16T16:33:50.164991,POST,/api/articles/bulk/,14.14,34,0,
2026-05-16T16:33:50.239428,POST,/api/articles/bulk/,11.94,34,0,
2026-05-16T16:33:50.283215,POST,/api/articles/analyze/,7.52,58,0,
2026-05-16T16:33:50.374668,GET,/api/articles/list/large/,39.15,471824,0,
2026-05-16T16:33:50.430565,POST,/api/articles/analyze/,7.29,58,0,
2026-05-16T16:33:50.443678,GET,/api/articles/list/small/,8.85,23002,0,
2026-05-16T16:33:50.644391,POST,/api/articles/analyze/,8.24,58,0,
2026-05-16T16:33:50.766666,GET,/api/articles/list/large/,48.94,471824,0,
2026-05-16T16:33:50.827824,GET,/api/articles/list/small/,97.13,23002,0,
2026-05-16T16:33:50.829819,GET,/api/articles/list/small/,93.68,23002,0,
2026-05-16T16:33:50.831290,GET,/api/articles/list/large/,96.83,471824,0,
2026-05-16T16:33:50.876015,GET,/api/articles/list/large/,68.89,471824,0,
2026-05-16T16:33:50.880537,POST,/api/articles/analyze/,78.33,58,0,
2026-05-16T16:33:50.890909,GET,/api/articles/list/small/,38.22,23002,0,
2026-05-16T16:33:50.892923,POST,/api/articles/bulk/,39.54,34,0,
2026-05-16T16:33:50.929026,GET,/api/articles/list/large/,44.2,471824,0,
2026-05-16T16:33:50.975226,POST,/api/articles/bulk/,11.9,34,0,
2026-05-16T16:33:51.022976,POST,/api/articles/bulk/,12.34,34,0,
2026-05-16T16:33:51.066627,POST,/api/articles/analyze/,8.37,58,0,
2026-05-16T16:33:51.088977,GET,/api/articles/list/small/,9.7,23002,0,
2026-05-16T16:33:51.116669,GET,/api/articles/list/small/,10.41,23002,0,
2026-05-16T16:33:51.158613,POST,/api/articles/analyze/,7.59,58,0,
2026-05-16T16:33:51.210176,GET,/api/articles/list/small/,10.06,23002,0,
2026-05-16T16:33:51.251648,GET,/api/articles/list/small/,10.04,23002,0,
2026-05-16T16:33:51.421430,GET,/api/articles/list/large/,40.44,471824,0,
2026-05-16T16:33:51.460314,GET,/api/articles/list/large/,46.25,471824,0,
2026-05-16T16:33:51.466421,POST,/api/articles/analyze/,42.72,58,0,
2026-05-16T16:33:51.501473,GET,/api/articles/list/large/,42.82,471824,0,
2026-05-16T16:33:51.627267,GET,/api/articles/list/large/,39.51,471824,0,
2026-05-16T16:33:51.637904,POST,/api/articles/bulk/,14.1,34,0,
2026-05-16T16:33:51.683301,GET,/api/articles/list/large/,41.17,471824,0,
2026-05-16T16:33:51.686966,POST,/api/articles/analyze/,28.94,58,0,
2026-05-16T16:33:51.724963,GET,/api/articles/list/small/,9.73,23002,0,
2026-05-16T16:33:51.744919,GET,/api/articles/list/small/,15.7,23002,0,
2026-05-16T16:33:51.747474,GET,/api/articles/list/small/,15.39,23002,0,
2026-05-16T16:33:51.869572,GET,/api/articles/list/large/,45.75,471824,0,
2026-05-16T16:33:51.875477,GET,/api/articles/list/small/,28.48,23002,0,
2026-05-16T16:33:51.902222,POST,/api/articles/bulk/,12.39,34,0,
2026-05-16T16:33:51.937805,GET,/api/articles/list/small/,9.3,23002,0,
2026-05-16T16:33:51.964610,POST,/api/articles/analyze/,7.51,58,0,
2026-05-16T16:33:51.990887,GET,/api/articles/list/small/,11.07,23002,0,
2026-05-16T16:33:51.996616,GET,/api/articles/list/small/,13.01,23002,0,
2026-05-16T16:33:52.070054,POST,/api/articles/bulk/,12.18,34,0,
2026-05-16T16:33:52.119756,POST,/api/articles/analyze/,7.4,58,0,
2026-05-16T16:33:52.181377,POST,/api/articles/bulk/,13.31,34,0,
2026-05-16T16:33:52.259166,POST,/api/articles/analyze/,7.29,58,0,
2026-05-16T16:33:52.436003,POST,/api/articles/analyze/,74.41,58,0,
2026-05-16T16:33:52.514930,GET,/api/articles/list/large/,149.98,471824,0,
2026-05-16T16:33:52.526461,GET,/api/articles/list/large/,129.11,471824,0,
2026-05-16T16:33:52.529156,GET,/api/articles/list/large/,109.73,471824,0,
2026-05-16T16:33:52.530364,POST,/api/articles/analyze/,104.88,58,0,
2026-05-16T16:33:52.543487,POST,/api/articles/analyze/,75.15,58,0,
2026-05-16T16:33:52.544596,GET,/api/articles/list/small/,75.24,23002,0,
2026-05-16T16:33:52.546827,GET,/api/articles/list/small/,46.69,23002,0,
2026-05-16T16:33:52.554124,GET,/api/articles/list/small/,11.49,23002,0,
2026-05-16T16:33:52.638691,GET,/api/articles/list/small/,9.05,23002,0,
2026-05-16T16:33:52.802527,GET,/api/articles/list/small/,10.42,23002,0,
2026-05-16T16:33:52.836173,POST,/api/articles/analyze/,7.35,58,0,
2026-05-16T16:33:52.930054,POST,/api/articles/bulk/,52.58,34,0,
2026-05-16T16:33:52.931198,GET,/api/articles/list/large/,52.93,471824,0,
2026-05-16T16:33:52.978534,GET,/api/articles/list/large/,81.25,471824,0,
2026-05-16T16:33:53.015623,POST,/api/articles/bulk/,110.44,34,0,
2026-05-16T16:33:53.021619,GET,/api/articles/list/large/,60.18,471824,0,
2026-05-16T16:33:53.032255,POST,/api/articles/bulk/,47.38,34,0,
2026-05-16T16:33:53.036758,POST,/api/articles/analyze/,10.87,58,0,
2026-05-16T16:33:53.059307,POST,/api/articles/analyze/,8.26,58,0,
2026-05-16T16:33:53.182834,GET,/api/articles/list/large/,46.18,471824,0,
2026-05-16T16:33:53.206443,GET,/api/articles/list/small/,40.71,23002,0,
2026-05-16T16:33:53.210045,POST,/api/articles/bulk/,42.37,34,0,
2026-05-16T16:33:53.210433,POST,/api/articles/bulk/,64.85,34,0,
2026-05-16T16:33:53.222698,POST,/api/articles/analyze/,22.51,58,0,
2026-05-16T16:33:53.225352,POST,/api/articles/analyze/,24.58,58,0,
2026-05-16T16:33:53.228315,POST,/api/articles/analyze/,22.66,58,0,
2026-05-16T16:33:53.268331,POST,/api/articles/bulk/,50.72,34,0,
