timestamp,method,name,response_time_ms,response_length,failed,error
2026-05-16T16:53:03.149397,GET,/api/articles/1/,9.64,171,0,
2026-05-16T16:53:03.206833,POST,/api/queue/,12.0,68,0,
2026-05-16T16:53:03.220084,GET,/api/external/,108.03,74,0,
2026-05-16T16:53:03.308768,GET,/api/external/,113.42,74,0,
2026-05-16T16:53:03.349513,PUT,/api/articles/1/,50.14,171,0,
2026-05-16T16:53:03.350878,GET,/api/external/,109.47,74,0,
2026-05-16T16:53:03.391975,GET,/api/cache/1/,9.73,171,0,
2026-05-16T16:53:03.440849,GET,/api/articles/1/,11.48,171,0,
2026-05-16T16:53:03.499719,GET,/api/cache/1/,9.8,171,0,
2026-05-16T16:53:03.526831,GET,/api/cache/1/,9.62,171,0,
2026-05-16T16:53:03.546392,GET,/api/cache/1/,9.27,171,0,
2026-05-16T16:53:03.572686,GET,/api/external/,107.61,74,0,
2026-05-16T16:53:03.712478,PUT,/api/articles/1/,44.51,171,0,
2026-05-16T16:53:03.750935,GET,/api/articles/1/,10.17,171,0,
2026-05-16T16:53:03.772645,GET,/api/articles/1/,13.31,171,0,
2026-05-16T16:53:03.842077,GET,/api/external/,108.23,74,0,
2026-05-16T16:53:03.874565,GET,/api/external/,110.53,74,0,
2026-05-16T16:53:03.995687,GET,/api/cache/1/,9.96,171,0,
2026-05-16T16:53:04.029918,GET,/api/external/,110.95,74,0,
2026-05-16T16:53:04.081220,GET,/api/articles/1/,10.99,171,0,
2026-05-16T16:53:04.129485,GET,/api/articles/1/,16.08,171,0,
2026-05-16T16:53:04.138439,GET,/api/articles/1/,11.32,171,0,
2026-05-16T16:53:04.157665,PUT,/api/articles/1/,47.27,171,0,
2026-05-16T16:53:04.165241,POST,/api/queue/,14.55,68,0,
2026-05-16T16:53:04.171120,GET,/api/cache/1/,12.17,171,0,
2026-05-16T16:53:04.219147,GET,/api/articles/1/,10.65,171,0,
2026-05-16T16:53:04.256277,POST,/api/queue/,8.73,68,0,
2026-05-16T16:53:04.429701,GET,/api/external/,111.81,74,0,
2026-05-16T16:53:04.455649,POST,/api/queue/,8.66,68,0,
2026-05-16T16:53:04.517444,GET,/api/articles/1/,11.52,171,0,
2026-05-16T16:53:04.530830,GET,/api/external/,110.9,74,0,
2026-05-16T16:53:04.534836,GET,/api/external/,113.09,74,0,
2026-05-16T16:53:04.550082,GET,/api/cache/1/,18.01,171,0,
2026-05-16T16:53:04.552203,GET,/api/articles/1/,19.73,171,0,
2026-05-16T16:53:04.591947,GET,/api/articles/1/,22.46,171,0,
2026-05-16T16:53:04.788463,PUT,/api/articles/1/,53.91,171,0,
2026-05-16T16:53:04.888613,GET,/api/external/,111.03,74,0,
2026-05-16T16:53:04.896244,POST,/api/queue/,8.41,68,0,
2026-05-16T16:53:04.915403,GET,/api/cache/1/,9.89,171,0,
2026-05-16T16:53:04.958963,PUT,/api/articles/1/,44.33,171,0,
2026-05-16T16:53:04.996576,POST,/api/queue/,8.21,68,0,
2026-05-16T16:53:05.009459,GET,/api/articles/1/,11.49,171,0,
2026-05-16T16:53:05.057708,POST,/api/queue/,7.98,68,0,
2026-05-16T16:53:05.126987,POST,/api/queue/,8.74,68,0,
2026-05-16T16:53:05.146055,POST,/api/queue/,10.72,68,0,
2026-05-16T16:53:05.152455,GET,/api/cache/1/,14.32,171,0,
2026-05-16T16:53:05.185632,GET,/api/external/,109.66,74,0,
2026-05-16T16:53:05.217757,GET,/api/articles/1/,10.65,171,0,
2026-05-16T16:53:05.236196,GET,/api/external/,107.82,74,0,
2026-05-16T16:53:05.272072,GET,/api/external/,108.19,74,0,
2026-05-16T16:53:05.292729,GET,/api/external/,108.05,74,0,
2026-05-16T16:53:05.303159,POST,/api/queue/,9.07,68,0,
2026-05-16T16:53:05.327204,GET,/api/cache/1/,20.84,171,0,
2026-05-16T16:53:05.393352,POST,/api/queue/,12.76,68,0,
2026-05-16T16:53:05.396112,GET,/api/external/,115.78,74,0,
2026-05-16T16:53:05.400311,GET,/api/cache/1/,15.84,171,0,
2026-05-16T16:53:05.589784,GET,/api/articles/1/,11.88,171,0,
2026-05-16T16:53:05.602742,PUT,/api/articles/1/,40.56,171,0,
2026-05-16T16:53:05.630628,GET,/api/cache/1/,9.62,171,0,
2026-05-16T16:53:05.640489,PUT,/api/articles/1/,51.53,171,0,
2026-05-16T16:53:05.648719,GET,/api/external/,107.85,74,0,
2026-05-16T16:53:05.678482,GET,/api/cache/1/,9.57,171,0,
2026-05-16T16:53:05.716681,GET,/api/external/,110.57,74,0,
2026-05-16T16:53:05.753331,PUT,/api/articles/1/,42.52,171,0,
2026-05-16T16:53:05.785203,POST,/api/queue/,8.58,68,0,
2026-05-16T16:53:05.819786,GET,/api/cache/1/,17.36,171,0,
2026-05-16T16:53:05.850906,POST,/api/queue/,9.78,68,0,
2026-05-16T16:53:05.858923,GET,/api/articles/1/,11.86,171,0,
2026-05-16T16:53:05.928559,POST,/api/queue/,16.57,68,0,
2026-05-16T16:53:05.963592,PUT,/api/articles/1/,55.11,171,0,
2026-05-16T16:53:06.058882,PUT,/api/articles/1/,45.11,171,0,
2026-05-16T16:53:06.092670,GET,/api/external/,107.79,74,0,
2026-05-16T16:53:06.188651,POST,/api/queue/,19.51,68,0,
2026-05-16T16:53:06.189176,PUT,/api/articles/1/,53.94,171,0,
2026-05-16T16:53:06.222831,PUT,/api/articles/1/,53.23,171,0,
2026-05-16T16:53:06.400372,GET,/api/articles/1/,12.91,171,0,
2026-05-16T16:53:06.406516,POST,/api/queue/,11.15,68,0,
2026-05-16T16:53:06.410660,PUT,/api/articles/1/,45.17,171,0,
2026-05-16T16:53:06.420299,GET,/api/articles/1/,12.51,171,0,
2026-05-16T16:53:06.570480,POST,/api/queue/,8.58,68,0,
2026-05-16T16:53:06.609409,POST,/api/queue/,8.49,68,0,
2026-05-16T16:53:06.653521,GET,/api/cache/1/,9.75,171,0,
2026-05-16T16:53:06.703342,GET,/api/articles/1/,10.52,171,0,
2026-05-16T16:53:06.748908,GET,/api/articles/1/,12.11,171,0,
2026-05-16T16:53:06.752031,PUT,/api/articles/1/,47.32,171,0,
2026-05-16T16:53:06.806579,PUT,/api/articles/1/,58.83,171,0,
2026-05-16T16:53:06.869029,PUT,/api/articles/1/,38.18,171,0,
2026-05-16T16:53:06.886980,GET,/api/articles/1/,20.23,171,0,
2026-05-16T16:53:06.889179,GET,/api/articles/1/,17.89,171,0,
2026-05-16T16:53:06.958798,POST,/api/queue/,8.05,68,0,
2026-05-16T16:53:06.969013,GET,/api/articles/1/,10.09,171,0,
2026-05-16T16:53:06.991537,POST,/api/queue/,8.23,68,0,
2026-05-16T16:53:07.002730,POST,/api/queue/,8.82,68,0,
2026-05-16T16:53:07.011769,GET,/api/cache/1/,9.83,171,0,
2026-05-16T16:53:07.032154,GET,/api/external/,108.3,73,0,
2026-05-16T16:53:07.053780,GET,/api/articles/1/,22.72,171,0,
2026-05-16T16:53:07.061387,GET,/api/cache/1/,10.96,171,0,
2026-05-16T16:53:07.146401,PUT,/api/articles/1/,57.66,171,0,
2026-05-16T16:53:07.261986,GET,/api/external/,109.23,74,0,
2026-05-16T16:53:07.291123,GET,/api/articles/1/,19.89,171,0,
2026-05-16T16:53:07.310769,GET,/api/articles/1/,24.48,171,0,
2026-05-16T16:53:07.314417,GET,/api/cache/1/,24.43,171,0,
2026-05-16T16:53:07.318321,GET,/api/cache/1/,20.81,171,0,
2026-05-16T16:53:07.367659,GET,/api/external/,110.09,74,0,
2026-05-16T16:53:07.429739,POST,/api/queue/,9.77,68,0,
2026-05-16T16:53:07.520091,GET,/api/articles/1/,11.14,171,0,
2026-05-16T16:53:07.539193,POST,/api/queue/,19.83,68,0,
2026-05-16T16:53:07.575650,GET,/api/articles/1/,10.22,171,0,
2026-05-16T16:53:07.674742,POST,/api/queue/,8.65,68,0,
2026-05-16T16:53:07.756587,PUT,/api/articles/1/,49.55,171,0,
2026-05-16T16:53:07.788012,POST,/api/queue/,19.98,68,0,
2026-05-16T16:53:07.791664,PUT,/api/articles/1/,43.39,171,0,
2026-05-16T16:53:07.816938,GET,/api/articles/1/,10.07,171,0,
2026-05-16T16:53:07.851777,GET,/api/articles/1/,10.42,171,0,
2026-05-16T16:53:07.911640,GET,/api/external/,109.73,74,0,
2026-05-16T16:53:07.933850,GET,/api/external/,108.63,74,0,
2026-05-16T16:53:07.945874,GET,/api/cache/1/,9.65,171,0,
2026-05-16T16:53:07.967200,GET,/api/articles/1/,10.12,171,0,
2026-05-16T16:53:08.095092,POST,/api/queue/,8.44,68,0,
2026-05-16T16:53:08.130244,GET,/api/external/,109.33,74,0,
2026-05-16T16:53:08.150276,GET,/api/external/,112.76,74,0,
2026-05-16T16:53:08.150806,POST,/api/queue/,12.26,68,0,
2026-05-16T16:53:08.370136,POST,/api/queue/,8.55,68,0,
2026-05-16T16:53:08.425727,GET,/api/articles/1/,15.31,171,0,
2026-05-16T16:53:08.427293,GET,/api/cache/1/,15.02,171,0,
2026-05-16T16:53:08.521758,POST,/api/queue/,16.25,68,0,
2026-05-16T16:53:08.543992,PUT,/api/articles/1/,53.31,171,0,
2026-05-16T16:53:08.623917,GET,/api/articles/1/,10.47,171,0,
2026-05-16T16:53:08.702448,GET,/api/cache/1/,14.21,171,0,
2026-05-16T16:53:08.711800,GET,/api/articles/1/,17.59,171,0,
2026-05-16T16:53:08.716562,GET,/api/articles/1/,13.92,171,0,
2026-05-16T16:53:08.756803,GET,/api/articles/1/,10.67,171,0,
2026-05-16T16:53:08.787340,POST,/api/queue/,23.85,68,0,
2026-05-16T16:53:08.787881,POST,/api/queue/,21.42,68,0,
2026-05-16T16:53:08.809982,POST,/api/queue/,9.91,68,0,
2026-05-16T16:53:08.839397,PUT,/api/articles/1/,50.16,171,0,
2026-05-16T16:53:08.908200,GET,/api/articles/1/,22.62,171,0,
2026-05-16T16:53:08.908790,GET,/api/articles/1/,20.38,171,0,
2026-05-16T16:53:08.931117,PUT,/api/articles/1/,50.45,171,0,
2026-05-16T16:53:08.959985,GET,/api/articles/1/,19.55,171,0,
2026-05-16T16:53:08.963086,GET,/api/articles/1/,21.93,171,0,
2026-05-16T16:53:08.973655,GET,/api/cache/1/,15.17,171,0,
2026-05-16T16:53:09.116073,GET,/api/articles/1/,20.81,171,0,
2026-05-16T16:53:09.179659,GET,/api/external/,129.31,74,0,
2026-05-16T16:53:09.211201,PUT,/api/articles/1/,144.94,171,0,
2026-05-16T16:53:09.217948,POST,/api/queue/,77.46,68,0,
2026-05-16T16:53:09.219600,PUT,/api/articles/1/,109.22,171,0,
2026-05-16T16:53:09.248735,PUT,/api/articles/1/,136.89,171,0,
2026-05-16T16:53:09.281223,POST,/api/queue/,25.09,68,0,
2026-05-16T16:53:09.288781,GET,/api/articles/1/,26.22,171,0,
2026-05-16T16:53:09.327961,GET,/api/articles/1/,12.65,171,0,
2026-05-16T16:53:09.370453,GET,/api/articles/1/,12.51,171,0,
2026-05-16T16:53:09.450378,POST,/api/queue/,10.83,68,0,
2026-05-16T16:53:09.456565,GET,/api/external/,113.03,74,0,
2026-05-16T16:53:09.482847,GET,/api/external/,109.08,74,0,
2026-05-16T16:53:09.493815,GET,/api/cache/1/,16.8,171,0,
2026-05-16T16:53:09.629160,PUT,/api/articles/1/,52.52,171,0,
2026-05-16T16:53:09.675328,GET,/api/external/,110.69,74,0,
2026-05-16T16:53:09.734722,PUT,/api/articles/1/,48.77,171,0,
2026-05-16T16:53:09.736980,GET,/api/articles/1/,14.64,171,0,
2026-05-16T16:53:09.840789,GET,/api/articles/1/,10.51,171,0,
2026-05-16T16:53:09.960184,GET,/api/external/,108.13,74,0,
2026-05-16T16:53:09.982215,GET,/api/cache/1/,13.72,171,0,
2026-05-16T16:53:10.010571,GET,/api/cache/1/,17.02,171,0,
2026-05-16T16:53:10.022853,POST,/api/queue/,21.46,68,0,
2026-05-16T16:53:10.053333,GET,/api/external/,112.14,74,0,
2026-05-16T16:53:10.060206,PUT,/api/articles/1/,55.68,171,0,
2026-05-16T16:53:10.111706,GET,/api/cache/1/,17.08,171,0,
2026-05-16T16:53:10.254917,POST,/api/queue/,12.48,68,0,
2026-05-16T16:53:10.318826,POST,/api/queue/,11.68,68,0,
2026-05-16T16:53:10.358910,GET,/api/articles/1/,11.19,171,0,
2026-05-16T16:53:10.370946,GET,/api/external/,111.63,74,0,
2026-05-16T16:53:10.412924,POST,/api/queue/,15.19,68,0,
2026-05-16T16:53:10.432013,GET,/api/articles/1/,15.69,171,0,
2026-05-16T16:53:10.450918,POST,/api/queue/,14.39,68,0,
2026-05-16T16:53:10.465280,GET,/api/articles/1/,22.52,171,0,
2026-05-16T16:53:10.483864,GET,/api/articles/1/,10.27,171,0,
2026-05-16T16:53:10.502006,PUT,/api/articles/1/,62.08,171,0,
2026-05-16T16:53:10.512346,GET,/api/external/,114.06,74,0,
2026-05-16T16:53:10.531361,GET,/api/external/,111.26,74,0,
2026-05-16T16:53:10.552209,POST,/api/queue/,13.84,68,0,
2026-05-16T16:53:10.553891,GET,/api/cache/1/,15.95,171,0,
2026-05-16T16:53:10.587560,POST,/api/queue/,8.27,68,0,
2026-05-16T16:53:10.645207,PUT,/api/articles/1/,54.01,171,0,
2026-05-16T16:53:10.738957,POST,/api/queue/,8.5,68,0,
2026-05-16T16:53:10.771932,POST,/api/queue/,9.52,68,0,
2026-05-16T16:53:10.814312,GET,/api/cache/1/,9.96,171,0,
2026-05-16T16:53:10.884366,GET,/api/articles/1/,11.58,171,0,
2026-05-16T16:53:10.961550,GET,/api/articles/1/,12.57,171,0,
2026-05-16T16:53:10.987086,PUT,/api/articles/1/,51.01,171,0,
2026-05-16T16:53:11.030491,GET,/api/cache/1/,11.16,171,0,
2026-05-16T16:53:11.155135,GET,/api/external/,109.25,74,0,
2026-05-16T16:53:11.188932,GET,/api/articles/1/,12.4,171,0,
2026-05-16T16:53:11.215354,PUT,/api/articles/1/,110.22,171,0,
2026-05-16T16:53:11.281315,PUT,/api/articles/1/,47.69,171,0,
2026-05-16T16:53:11.306835,PUT,/api/articles/1/,65.17,171,0,
2026-05-16T16:53:11.333349,PUT,/api/articles/1/,80.4,171,0,
2026-05-16T16:53:11.364917,GET,/api/cache/1/,10.95,171,0,
2026-05-16T16:53:11.497606,GET,/api/cache/1/,12.24,171,0,
2026-05-16T16:53:11.522042,PUT,/api/articles/1/,41.65,171,0,
2026-05-16T16:53:11.582286,POST,/api/queue/,11.62,68,0,
2026-05-16T16:53:11.591668,POST,/api/queue/,9.16,68,0,
2026-05-16T16:53:11.607439,GET,/api/external/,109.68,74,0,
2026-05-16T16:53:11.641741,GET,/api/cache/1/,11.0,171,0,
2026-05-16T16:53:11.746109,GET,/api/articles/1/,13.01,171,0,
2026-05-16T16:53:11.758137,GET,/api/cache/1/,9.59,171,0,
2026-05-16T16:53:11.810350,GET,/api/articles/1/,11.51,171,0,
2026-05-16T16:53:11.846028,POST,/api/queue/,8.42,68,0,
2026-05-16T16:53:11.865324,GET,/api/articles/1/,13.97,171,0,
2026-05-16T16:53:11.915308,GET,/api/articles/1/,10.54,171,0,
2026-05-16T16:53:11.926294,PUT,/api/articles/1/,46.46,171,0,
2026-05-16T16:53:11.958350,GET,/api/articles/1/,13.43,171,0,
2026-05-16T16:53:12.003951,POST,/api/queue/,8.7,68,0,
2026-05-16T16:53:12.071129,PUT,/api/articles/1/,49.03,171,0,
2026-05-16T16:53:12.088314,GET,/api/external/,110.13,74,0,
2026-05-16T16:53:12.171277,PUT,/api/articles/1/,71.63,171,0,
2026-05-16T16:53:12.284914,PUT,/api/articles/1/,48.32,171,0,
2026-05-16T16:53:12.456139,GET,/api/articles/1/,23.66,171,0,
2026-05-16T16:53:12.461389,GET,/api/articles/1/,27.04,171,0,
2026-05-16T16:53:12.470165,GET,/api/articles/1/,22.87,171,0,
2026-05-16T16:53:12.600044,POST,/api/queue/,22.72,68,0,
2026-05-16T16:53:12.612871,GET,/api/articles/1/,32.3,171,0,
2026-05-16T16:53:12.614957,GET,/api/cache/1/,23.36,171,0,
2026-05-16T16:53:12.698216,PUT,/api/articles/1/,45.84,171,0,
2026-05-16T16:53:12.712811,GET,/api/external/,118.45,74,0,
2026-05-16T16:53:12.803845,PUT,/api/articles/1/,47.09,171,0,
2026-05-16T16:53:12.804373,POST,/api/queue/,12.59,68,0,
2026-05-16T16:53:12.853229,POST,/api/queue/,23.86,68,0,
2026-05-16T16:53:12.855622,GET,/api/cache/1/,28.08,171,0,
2026-05-16T16:53:12.863329,GET,/api/articles/1/,14.44,171,0,
2026-05-16T16:53:12.921714,GET,/api/external/,108.12,74,0,
2026-05-16T16:53:12.951388,GET,/api/external/,120.23,74,0,
2026-05-16T16:53:13.000447,PUT,/api/articles/1/,46.71,171,0,
2026-05-16T16:53:13.049043,PUT,/api/articles/1/,45.21,171,0,
2026-05-16T16:53:13.135575,GET,/api/external/,110.9,74,0,
2026-05-16T16:53:13.233068,POST,/api/queue/,13.57,68,0,
2026-05-16T16:53:13.274036,PUT,/api/articles/1/,47.55,171,0,
2026-05-16T16:53:13.282968,GET,/api/external/,107.56,74,0,
2026-05-16T16:53:13.300536,PUT,/api/articles/1/,62.17,171,0,
2026-05-16T16:53:13.317582,GET,/api/cache/1/,9.77,171,0,
2026-05-16T16:53:13.337490,POST,/api/queue/,8.63,68,0,
2026-05-16T16:53:13.388957,POST,/api/queue/,15.74,68,0,
2026-05-16T16:53:13.395178,GET,/api/articles/1/,16.57,171,0,
2026-05-16T16:53:13.404731,GET,/api/cache/1/,9.41,171,0,
2026-05-16T16:53:13.491120,GET,/api/external/,117.41,73,0,
2026-05-16T16:53:13.500971,GET,/api/articles/1/,13.9,171,0,
2026-05-16T16:53:13.596548,PUT,/api/articles/1/,53.07,171,0,
2026-05-16T16:53:13.638857,GET,/api/articles/1/,11.01,171,0,
2026-05-16T16:53:13.643152,GET,/api/external/,107.75,74,0,
2026-05-16T16:53:13.687467,GET,/api/external/,110.12,74,0,
2026-05-16T16:53:13.725034,POST,/api/queue/,9.27,68,0,
2026-05-16T16:53:13.839779,GET,/api/external/,110.52,74,0,
2026-05-16T16:53:13.869796,GET,/api/articles/1/,10.66,171,0,
2026-05-16T16:53:13.942386,PUT,/api/articles/1/,241.56,171,0,
2026-05-16T16:53:13.948139,GET,/api/external/,112.64,74,0,
2026-05-16T16:53:13.966274,PUT,/api/articles/1/,195.82,171,0,
2026-05-16T16:53:13.985798,POST,/api/queue/,8.29,68,0,
2026-05-16T16:53:14.171628,POST,/api/queue/,14.88,68,0,
2026-05-16T16:53:14.201685,GET,/api/articles/1/,11.54,171,0,
2026-05-16T16:53:14.240154,PUT,/api/articles/1/,90.79,171,0,
2026-05-16T16:53:14.264434,GET,/api/external/,114.0,74,0,
2026-05-16T16:53:14.312161,PUT,/api/articles/1/,55.7,171,0,
2026-05-16T16:53:14.359265,PUT,/api/articles/1/,57.28,171,0,
2026-05-16T16:53:14.406980,GET,/api/articles/1/,16.43,171,0,
2026-05-16T16:53:14.408061,GET,/api/external/,113.23,74,0,
2026-05-16T16:53:14.504470,GET,/api/cache/1/,17.18,171,0,
2026-05-16T16:53:14.509862,POST,/api/queue/,11.12,68,0,
2026-05-16T16:53:14.522796,GET,/api/articles/1/,14.0,171,0,
2026-05-16T16:53:14.546311,GET,/api/external/,108.02,74,0,
2026-05-16T16:53:14.575417,GET,/api/articles/1/,10.63,171,0,
2026-05-16T16:53:14.585239,GET,/api/articles/1/,9.7,171,0,
2026-05-16T16:53:14.604823,GET,/api/external/,113.58,74,0,
2026-05-16T16:53:14.616258,GET,/api/articles/1/,9.94,171,0,
2026-05-16T16:53:14.651111,GET,/api/articles/1/,10.46,171,0,
2026-05-16T16:53:14.748970,POST,/api/queue/,8.59,68,0,
2026-05-16T16:53:14.807199,GET,/api/articles/1/,21.38,171,0,
2026-05-16T16:53:14.807618,GET,/api/cache/1/,22.6,171,0,
2026-05-16T16:53:14.816246,PUT,/api/articles/1/,43.86,171,0,
2026-05-16T16:53:14.843627,PUT,/api/articles/1/,67.36,171,0,
2026-05-16T16:53:14.846415,GET,/api/external/,108.92,73,0,
2026-05-16T16:53:15.042305,PUT,/api/articles/1/,48.16,171,0,
2026-05-16T16:53:15.103904,GET,/api/cache/1/,10.04,171,0,
2026-05-16T16:53:15.127601,GET,/api/articles/1/,10.39,171,0,
2026-05-16T16:53:15.150716,GET,/api/articles/1/,19.5,171,0,
2026-05-16T16:53:15.178488,GET,/api/articles/1/,12.37,171,0,
2026-05-16T16:53:15.223040,POST,/api/queue/,10.17,68,0,
2026-05-16T16:53:15.248008,POST,/api/queue/,9.64,68,0,
2026-05-16T16:53:15.251212,PUT,/api/articles/1/,120.4,171,0,
2026-05-16T16:53:15.262609,GET,/api/external/,108.49,74,0,
2026-05-16T16:53:15.286226,POST,/api/queue/,13.24,68,0,
2026-05-16T16:53:15.293759,GET,/api/cache/1/,14.58,171,0,
2026-05-16T16:53:15.441335,POST,/api/queue/,15.0,68,0,
2026-05-16T16:53:15.449889,PUT,/api/articles/1/,54.51,171,0,
2026-05-16T16:53:15.542701,GET,/api/external/,115.51,74,0,
2026-05-16T16:53:15.559914,GET,/api/cache/1/,9.92,171,0,
2026-05-16T16:53:15.579440,POST,/api/queue/,8.27,68,0,
2026-05-16T16:53:15.596183,POST,/api/queue/,8.44,68,0,
2026-05-16T16:53:15.639753,GET,/api/cache/1/,10.84,171,0,
2026-05-16T16:53:15.766785,POST,/api/queue/,14.24,68,0,
2026-05-16T16:53:15.802012,PUT,/api/articles/1/,47.62,171,0,
2026-05-16T16:53:15.925187,PUT,/api/articles/1/,51.89,171,0,
2026-05-16T16:53:15.961534,GET,/api/external/,109.08,74,0,
2026-05-16T16:53:15.976451,GET,/api/cache/1/,9.73,171,0,
2026-05-16T16:53:15.994360,GET,/api/external/,111.3,74,0,
2026-05-16T16:53:16.033161,GET,/api/cache/1/,10.49,171,0,
2026-05-16T16:53:16.044727,GET,/api/cache/1/,10.28,171,0,
2026-05-16T16:53:16.050724,GET,/api/external/,108.22,74,0,
2026-05-16T16:53:16.100688,GET,/api/external/,113.84,74,0,
2026-05-16T16:53:16.111598,PUT,/api/articles/1/,42.29,171,0,
2026-05-16T16:53:16.203105,GET,/api/articles/1/,14.9,171,0,
2026-05-16T16:53:16.211296,PUT,/api/articles/1/,63.35,171,0,
2026-05-16T16:53:16.357827,POST,/api/queue/,10.16,68,0,
2026-05-16T16:53:16.426448,GET,/api/articles/1/,12.02,171,0,
2026-05-16T16:53:16.434070,GET,/api/articles/1/,11.67,171,0,
2026-05-16T16:53:16.464619,GET,/api/external/,108.37,74,0,
2026-05-16T16:53:16.521560,GET,/api/articles/1/,12.57,171,0,
2026-05-16T16:53:16.553899,GET,/api/articles/1/,11.75,171,0,
2026-05-16T16:53:16.564059,GET,/api/articles/1/,10.04,171,0,
2026-05-16T16:53:16.629096,POST,/api/queue/,10.61,68,0,
2026-05-16T16:53:16.629502,PUT,/api/articles/1/,38.03,171,0,
2026-05-16T16:53:16.713128,POST,/api/queue/,11.37,68,0,
2026-05-16T16:53:16.804331,PUT,/api/articles/1/,61.67,171,0,
2026-05-16T16:53:16.806919,GET,/api/cache/1/,35.62,171,0,
2026-05-16T16:53:16.809535,GET,/api/articles/1/,31.75,171,0,
2026-05-16T16:53:16.814827,GET,/api/cache/1/,37.51,171,0,
2026-05-16T16:53:16.876882,GET,/api/articles/1/,11.58,171,0,
2026-05-16T16:53:16.884256,GET,/api/external/,115.16,74,0,
2026-05-16T16:53:16.915804,GET,/api/external/,120.19,74,0,
2026-05-16T16:53:16.919945,GET,/api/external/,110.31,74,0,
2026-05-16T16:53:16.943805,PUT,/api/articles/1/,50.32,171,0,
2026-05-16T16:53:17.194374,GET,/api/articles/1/,11.85,171,0,
2026-05-16T16:53:17.208707,POST,/api/queue/,8.02,68,0,
2026-05-16T16:53:17.248645,PUT,/api/articles/1/,94.25,171,0,
2026-05-16T16:53:17.251698,GET,/api/cache/1/,28.84,171,0,
2026-05-16T16:53:17.253479,GET,/api/articles/1/,26.73,171,0,
2026-05-16T16:53:17.297128,POST,/api/queue/,19.69,68,0,
2026-05-16T16:53:17.298386,POST,/api/queue/,19.09,68,0,
2026-05-16T16:53:17.304480,POST,/api/queue/,15.38,68,0,
2026-05-16T16:53:17.338301,GET,/api/external/,121.24,74,0,
2026-05-16T16:53:17.338770,GET,/api/external/,121.28,74,0,
2026-05-16T16:53:17.340609,GET,/api/external/,120.38,74,0,
2026-05-16T16:53:17.367929,GET,/api/external/,113.29,74,0,
2026-05-16T16:53:17.373646,GET,/api/cache/1/,16.54,171,0,
2026-05-16T16:53:17.383683,POST,/api/queue/,11.33,68,0,
2026-05-16T16:53:17.391742,POST,/api/queue/,13.8,68,0,
2026-05-16T16:53:17.434020,PUT,/api/articles/1/,39.89,171,0,
2026-05-16T16:53:17.444177,GET,/api/cache/1/,11.25,171,0,
2026-05-16T16:53:17.479494,GET,/api/external/,112.3,74,0,
2026-05-16T16:53:17.538242,GET,/api/external/,111.26,74,0,
2026-05-16T16:53:17.674225,POST,/api/queue/,8.34,68,0,
2026-05-16T16:53:17.788744,POST,/api/queue/,9.85,68,0,
2026-05-16T16:53:17.846684,GET,/api/articles/1/,12.65,171,0,
2026-05-16T16:53:17.936031,GET,/api/cache/1/,9.87,171,0,
2026-05-16T16:53:18.023164,GET,/api/cache/1/,10.8,171,0,
2026-05-16T16:53:18.058077,POST,/api/queue/,8.6,68,0,
2026-05-16T16:53:18.073666,GET,/api/external/,109.93,74,0,
2026-05-16T16:53:18.078872,GET,/api/external/,112.38,74,0,
2026-05-16T16:53:18.438135,GET,/api/articles/1/,18.79,171,0,
2026-05-16T16:53:18.439226,GET,/api/cache/1/,20.34,171,0,
2026-05-16T16:53:18.466697,POST,/api/queue/,24.3,68,0,
2026-05-16T16:53:18.473670,GET,/api/cache/1/,29.05,171,0,
2026-05-16T16:53:18.517217,POST,/api/queue/,14.01,68,0,
2026-05-16T16:53:18.520072,PUT,/api/articles/1/,69.67,171,0,
2026-05-16T16:53:18.542990,PUT,/api/articles/1/,49.01,171,0,
2026-05-16T16:53:18.562950,GET,/api/external/,118.68,74,0,
2026-05-16T16:53:18.571530,PUT,/api/articles/1/,63.44,171,0,
2026-05-16T16:53:18.578031,GET,/api/external/,125.77,74,0,
2026-05-16T16:53:18.579286,POST,/api/queue/,13.17,68,0,
2026-05-16T16:53:18.639399,GET,/api/cache/1/,15.55,171,0,
2026-05-16T16:53:18.642492,GET,/api/cache/1/,13.94,171,0,
2026-05-16T16:53:18.716153,PUT,/api/articles/1/,48.25,171,0,
2026-05-16T16:53:18.724982,GET,/api/articles/1/,18.94,171,0,
2026-05-16T16:53:18.733452,GET,/api/cache/1/,18.05,171,0,
2026-05-16T16:53:18.916878,GET,/api/articles/1/,14.19,171,0,
2026-05-16T16:53:18.925495,GET,/api/cache/1/,15.01,171,0,
2026-05-16T16:53:18.963615,POST,/api/queue/,8.79,68,0,
2026-05-16T16:53:18.993689,GET,/api/external/,114.72,74,0,
2026-05-16T16:53:18.994499,GET,/api/external/,117.37,74,0,
2026-05-16T16:53:19.000182,GET,/api/articles/1/,19.18,171,0,
2026-05-16T16:53:19.019014,POST,/api/queue/,10.46,68,0,
2026-05-16T16:53:19.078365,GET,/api/cache/1/,10.99,171,0,
2026-05-16T16:53:19.105934,GET,/api/articles/1/,10.17,171,0,
2026-05-16T16:53:19.172129,PUT,/api/articles/1/,38.0,171,0,
2026-05-16T16:53:19.184581,GET,/api/articles/1/,13.25,171,0,
2026-05-16T16:53:19.203512,POST,/api/queue/,8.68,68,0,
2026-05-16T16:53:19.217130,GET,/api/articles/1/,14.38,171,0,
2026-05-16T16:53:19.249727,GET,/api/cache/1/,14.19,171,0,
2026-05-16T16:53:19.340207,GET,/api/articles/1/,12.04,171,0,
2026-05-16T16:53:19.491424,GET,/api/external/,112.4,74,0,
2026-05-16T16:53:19.515893,GET,/api/cache/1/,18.06,171,0,
2026-05-16T16:53:19.551785,GET,/api/external/,108.74,74,0,
2026-05-16T16:53:19.578978,PUT,/api/articles/1/,49.78,171,0,
2026-05-16T16:53:19.599062,GET,/api/external/,114.02,74,0,
2026-05-16T16:53:19.605613,PUT,/api/articles/1/,50.6,171,0,
2026-05-16T16:53:19.717783,POST,/api/queue/,11.19,68,0,
2026-05-16T16:53:19.726641,GET,/api/cache/1/,11.07,171,0,
2026-05-16T16:53:19.741005,PUT,/api/articles/1/,42.09,171,0,
2026-05-16T16:53:19.758478,GET,/api/articles/1/,10.1,171,0,
2026-05-16T16:53:19.784770,GET,/api/articles/1/,13.6,171,0,
2026-05-16T16:53:19.844058,GET,/api/articles/1/,11.01,171,0,
2026-05-16T16:53:19.886431,GET,/api/external/,112.42,74,0,
2026-05-16T16:53:19.910331,PUT,/api/articles/1/,45.88,171,0,
2026-05-16T16:53:19.917001,POST,/api/queue/,14.29,68,0,
2026-05-16T16:53:19.924356,GET,/api/cache/1/,12.75,171,0,
2026-05-16T16:53:19.967276,GET,/api/cache/1/,10.52,171,0,
2026-05-16T16:53:20.145953,GET,/api/articles/1/,13.24,171,0,
2026-05-16T16:53:20.201547,GET,/api/external/,107.87,74,0,
2026-05-16T16:53:20.261299,GET,/api/external/,112.91,74,0,
2026-05-16T16:53:20.284639,PUT,/api/articles/1/,70.71,171,0,
2026-05-16T16:53:20.333924,GET,/api/articles/1/,23.83,171,0,
2026-05-16T16:53:20.339656,GET,/api/external/,114.98,74,0,
2026-05-16T16:53:20.341868,GET,/api/articles/1/,24.84,171,0,
2026-05-16T16:53:20.348833,GET,/api/articles/1/,24.94,171,0,
2026-05-16T16:53:20.367071,POST,/api/queue/,16.33,68,0,
2026-05-16T16:53:20.368935,GET,/api/articles/1/,21.58,171,0,
2026-05-16T16:53:20.373376,GET,/api/external/,112.88,74,0,
2026-05-16T16:53:20.405647,PUT,/api/articles/1/,46.66,171,0,
2026-05-16T16:53:20.547453,GET,/api/articles/1/,13.43,171,0,
2026-05-16T16:53:20.560550,POST,/api/queue/,8.84,68,0,
2026-05-16T16:53:20.722010,POST,/api/queue/,8.97,68,0,
2026-05-16T16:53:20.777098,PUT,/api/articles/1/,43.4,171,0,
2026-05-16T16:53:20.788364,GET,/api/external/,109.18,74,0,
2026-05-16T16:53:20.976468,POST,/api/queue/,13.64,68,0,
2026-05-16T16:53:21.008081,PUT,/api/articles/1/,43.01,171,0,
2026-05-16T16:53:21.024041,POST,/api/queue/,8.65,68,0,
2026-05-16T16:53:21.052565,GET,/api/articles/1/,12.12,171,0,
2026-05-16T16:53:21.068122,GET,/api/articles/1/,13.33,171,0,
2026-05-16T16:53:21.153739,GET,/api/articles/1/,10.26,171,0,
2026-05-16T16:53:21.236794,POST,/api/queue/,12.61,68,0,
2026-05-16T16:53:21.247306,GET,/api/external/,108.69,74,0,
2026-05-16T16:53:21.277994,PUT,/api/articles/1/,56.8,171,0,
2026-05-16T16:53:21.282084,GET,/api/cache/1/,12.51,171,0,
2026-05-16T16:53:21.346125,GET,/api/cache/1/,9.77,171,0,
2026-05-16T16:53:21.365365,POST,/api/queue/,8.55,68,0,
2026-05-16T16:53:21.399639,GET,/api/articles/1/,11.55,171,0,
2026-05-16T16:53:21.434214,GET,/api/cache/1/,15.02,171,0,
2026-05-16T16:53:21.478575,GET,/api/external/,109.02,74,0,
2026-05-16T16:53:21.490102,POST,/api/queue/,12.38,68,0,
2026-05-16T16:53:21.565045,GET,/api/external/,111.48,74,0,
2026-05-16T16:53:21.566158,GET,/api/articles/1/,14.93,171,0,
2026-05-16T16:53:21.597304,GET,/api/external/,112.17,74,0,
2026-05-16T16:53:21.603392,GET,/api/articles/1/,12.74,171,0,
2026-05-16T16:53:21.611503,GET,/api/external/,107.96,74,0,
2026-05-16T16:53:21.660449,GET,/api/external/,111.64,74,0,
2026-05-16T16:53:21.688883,GET,/api/external/,110.14,74,0,
2026-05-16T16:53:21.728769,GET,/api/articles/1/,18.5,171,0,
2026-05-16T16:53:21.753335,GET,/api/articles/1/,12.33,171,0,
2026-05-16T16:53:21.764836,PUT,/api/articles/1/,49.05,171,0,
2026-05-16T16:53:21.805356,GET,/api/external/,109.19,74,0,
2026-05-16T16:53:21.925895,GET,/api/articles/1/,20.27,171,0,
2026-05-16T16:53:22.040562,GET,/api/articles/1/,11.39,171,0,
2026-05-16T16:53:22.957622,GET,/api/cache/1/,25.5,171,0,
2026-05-16T16:53:22.969404,GET,/api/articles/1/,13.64,171,0,
2026-05-16T16:53:23.058111,GET,/api/external/,120.02,74,0,
2026-05-16T16:53:23.064412,GET,/api/external/,122.88,74,0,
2026-05-16T16:53:23.096661,POST,/api/queue/,10.82,68,0,
2026-05-16T16:53:23.165980,GET,/api/articles/1/,11.59,171,0,
2026-05-16T16:53:23.206675,GET,/api/articles/1/,17.18,171,0,
2026-05-16T16:53:23.214196,POST,/api/queue/,12.01,68,0,
2026-05-16T16:53:23.251276,GET,/api/external/,109.15,74,0,
2026-05-16T16:53:23.265249,GET,/api/cache/1/,10.29,171,0,
2026-05-16T16:53:23.301070,GET,/api/external/,114.14,74,0,
2026-05-16T16:53:23.355435,GET,/api/articles/1/,14.86,171,0,
2026-05-16T16:53:23.412929,PUT,/api/articles/1/,297.88,171,0,
2026-05-16T16:53:23.447059,GET,/api/external/,112.54,74,0,
2026-05-16T16:53:23.461601,POST,/api/queue/,22.4,68,0,
2026-05-16T16:53:23.474847,GET,/api/articles/1/,32.63,171,0,
2026-05-16T16:53:23.479237,GET,/api/cache/1/,23.66,171,0,
2026-05-16T16:53:23.501586,GET,/api/external/,109.69,74,0,
2026-05-16T16:53:23.533353,POST,/api/queue/,9.33,68,0,
2026-05-16T16:53:23.553462,GET,/api/articles/1/,17.44,171,0,
2026-05-16T16:53:23.563814,POST,/api/queue/,9.54,68,0,
2026-05-16T16:53:23.614924,PUT,/api/articles/1/,490.9,171,0,
2026-05-16T16:53:23.618310,POST,/api/queue/,13.19,68,0,
2026-05-16T16:53:23.639596,PUT,/api/articles/1/,108.64,171,0,
2026-05-16T16:53:23.710109,GET,/api/cache/1/,24.76,171,0,
2026-05-16T16:53:23.713338,GET,/api/articles/1/,22.01,171,0,
2026-05-16T16:53:23.788022,GET,/api/cache/1/,12.86,171,0,
2026-05-16T16:53:23.808344,GET,/api/articles/1/,12.51,171,0,
2026-05-16T16:53:23.874079,GET,/api/cache/1/,13.35,171,0,
2026-05-16T16:53:23.876099,GET,/api/external/,111.09,74,0,
2026-05-16T16:53:23.878326,PUT,/api/articles/1/,46.75,171,0,
2026-05-16T16:53:23.926495,POST,/api/queue/,9.71,68,0,
2026-05-16T16:53:24.037309,GET,/api/articles/1/,10.53,171,0,
2026-05-16T16:53:24.047074,PUT,/api/articles/1/,45.81,171,0,
2026-05-16T16:53:24.107231,POST,/api/queue/,13.6,68,0,
2026-05-16T16:53:24.155322,POST,/api/queue/,12.57,68,0,
2026-05-16T16:53:24.158006,GET,/api/external/,111.77,74,0,
2026-05-16T16:53:24.214121,GET,/api/cache/1/,10.38,171,0,
2026-05-16T16:53:24.264989,PUT,/api/articles/1/,41.43,171,0,
2026-05-16T16:53:24.325316,PUT,/api/articles/1/,48.85,171,0,
2026-05-16T16:53:24.397175,GET,/api/articles/1/,10.37,171,0,
2026-05-16T16:53:24.403650,GET,/api/external/,108.99,73,0,
2026-05-16T16:53:24.434303,GET,/api/external/,107.69,74,0,
2026-05-16T16:53:24.458881,POST,/api/queue/,15.14,68,0,
2026-05-16T16:53:24.556239,GET,/api/cache/1/,15.02,171,0,
2026-05-16T16:53:24.561511,GET,/api/external/,114.96,74,0,
2026-05-16T16:53:24.606104,PUT,/api/articles/1/,46.55,171,0,
2026-05-16T16:53:24.662552,GET,/api/articles/1/,10.77,171,0,
2026-05-16T16:53:24.698153,GET,/api/cache/1/,12.48,171,0,
2026-05-16T16:53:24.743013,POST,/api/queue/,9.59,68,0,
2026-05-16T16:53:24.821472,PUT,/api/articles/1/,46.93,171,0,
2026-05-16T16:53:24.825779,GET,/api/external/,108.33,74,0,
2026-05-16T16:53:24.971525,GET,/api/external/,109.38,74,0,
2026-05-16T16:53:25.024560,PUT,/api/articles/1/,50.56,171,0,
2026-05-16T16:53:25.041969,GET,/api/external/,108.64,74,0,
2026-05-16T16:53:25.077031,POST,/api/queue/,8.63,68,0,
2026-05-16T16:53:25.192029,GET,/api/external/,110.3,74,0,
2026-05-16T16:53:25.206591,GET,/api/external/,108.68,73,0,
2026-05-16T16:53:25.272028,GET,/api/articles/1/,12.48,171,0,
2026-05-16T16:53:25.296530,PUT,/api/articles/1/,55.99,171,0,
2026-05-16T16:53:25.313775,POST,/api/queue/,9.79,68,0,
2026-05-16T16:53:25.324466,GET,/api/external/,108.47,74,0,
2026-05-16T16:53:25.371104,POST,/api/queue/,11.3,68,0,
2026-05-16T16:53:25.377467,GET,/api/cache/1/,13.68,171,0,
2026-05-16T16:53:25.408792,GET,/api/articles/1/,12.01,171,0,
2026-05-16T16:53:25.422308,POST,/api/queue/,12.24,68,0,
2026-05-16T16:53:25.443096,GET,/api/articles/1/,10.35,171,0,
2026-05-16T16:53:25.512666,GET,/api/cache/1/,11.19,171,0,
2026-05-16T16:53:25.587658,POST,/api/queue/,13.72,68,0,
2026-05-16T16:53:25.657605,GET,/api/external/,117.52,74,0,
2026-05-16T16:53:25.670800,PUT,/api/articles/1/,55.67,171,0,
2026-05-16T16:53:25.756774,POST,/api/queue/,15.47,68,0,
2026-05-16T16:53:25.791123,GET,/api/cache/1/,31.06,171,0,
2026-05-16T16:53:25.793634,GET,/api/articles/1/,30.95,171,0,
2026-05-16T16:53:25.830538,GET,/api/articles/1/,14.25,171,0,
2026-05-16T16:53:25.856150,GET,/api/articles/1/,15.03,171,0,
2026-05-16T16:53:25.960428,GET,/api/cache/1/,30.92,171,0,
2026-05-16T16:53:25.985050,GET,/api/articles/1/,49.38,171,0,
2026-05-16T16:53:26.007711,GET,/api/articles/1/,67.24,171,0,
2026-05-16T16:53:26.015367,POST,/api/queue/,56.14,68,0,
2026-05-16T16:53:26.019992,GET,/api/articles/1/,68.11,171,0,
2026-05-16T16:53:26.032368,POST,/api/queue/,40.74,68,0,
2026-05-16T16:53:26.036157,GET,/api/cache/1/,46.52,171,0,
2026-05-16T16:53:26.112229,GET,/api/articles/1/,16.6,171,0,
2026-05-16T16:53:26.122476,GET,/api/external/,142.01,74,0,
2026-05-16T16:53:26.228089,POST,/api/queue/,15.91,68,0,
2026-05-16T16:53:26.236683,GET,/api/cache/1/,18.28,171,0,
2026-05-16T16:53:26.256863,POST,/api/queue/,13.73,68,0,
2026-05-16T16:53:26.316131,GET,/api/external/,110.84,74,0,
2026-05-16T16:53:26.468664,GET,/api/external/,137.83,74,0,
2026-05-16T16:53:26.470746,GET,/api/external/,136.08,74,0,
2026-05-16T16:53:26.486535,GET,/api/cache/1/,56.0,171,0,
2026-05-16T16:53:26.505350,PUT,/api/articles/1/,87.31,171,0,
2026-05-16T16:53:26.512401,GET,/api/cache/1/,34.22,171,0,
2026-05-16T16:53:26.555395,GET,/api/external/,138.45,74,0,
2026-05-16T16:53:26.589309,GET,/api/cache/1/,50.33,171,0,
2026-05-16T16:53:26.595824,GET,/api/cache/1/,37.76,171,0,
2026-05-16T16:53:26.640171,GET,/api/external/,136.25,74,0,
2026-05-16T16:53:26.644212,POST,/api/queue/,33.38,68,0,
2026-05-16T16:53:26.665575,GET,/api/articles/1/,42.75,171,0,
2026-05-16T16:53:26.696623,GET,/api/articles/1/,20.08,171,0,
2026-05-16T16:53:26.887236,PUT,/api/articles/1/,58.41,171,0,
2026-05-16T16:53:26.904985,GET,/api/articles/1/,28.24,171,0,
2026-05-16T16:53:26.931193,POST,/api/queue/,20.68,68,0,
2026-05-16T16:53:26.931610,PUT,/api/articles/1/,60.4,171,0,
2026-05-16T16:53:26.954691,PUT,/api/articles/1/,57.14,171,0,
2026-05-16T16:53:26.971134,GET,/api/cache/1/,10.88,171,0,
2026-05-16T16:53:26.988540,POST,/api/queue/,8.93,68,0,
2026-05-16T16:53:27.018257,GET,/api/external/,118.72,74,0,
2026-05-16T16:53:27.071071,GET,/api/cache/1/,10.2,171,0,
2026-05-16T16:53:27.100709,POST,/api/queue/,15.4,68,0,
2026-05-16T16:53:27.102532,POST,/api/queue/,16.4,68,0,
2026-05-16T16:53:27.104775,GET,/api/external/,108.91,74,0,
2026-05-16T16:53:27.188092,GET,/api/cache/1/,11.42,171,0,
2026-05-16T16:53:27.222992,POST,/api/queue/,13.35,68,0,
2026-05-16T16:53:27.281898,POST,/api/queue/,17.67,68,0,
2026-05-16T16:53:27.282270,GET,/api/articles/1/,20.88,171,0,
2026-05-16T16:53:27.620389,GET,/api/external/,117.4,74,0,
2026-05-16T16:53:27.652634,PUT,/api/articles/1/,47.79,171,0,
2026-05-16T16:53:27.656036,GET,/api/articles/1/,15.33,171,0,
2026-05-16T16:53:27.680610,GET,/api/external/,110.2,74,0,
2026-05-16T16:53:27.709370,PUT,/api/articles/1/,46.91,171,0,
2026-05-16T16:53:27.723292,GET,/api/cache/1/,9.93,171,0,
2026-05-16T16:53:27.744531,GET,/api/cache/1/,18.8,171,0,
2026-05-16T16:53:27.763247,GET,/api/articles/1/,26.21,171,0,
2026-05-16T16:53:27.777585,GET,/api/cache/1/,12.78,171,0,
2026-05-16T16:53:27.802933,GET,/api/external/,113.89,74,0,
2026-05-16T16:53:27.803306,PUT,/api/articles/1/,61.13,171,0,
2026-05-16T16:53:27.915296,POST,/api/queue/,10.34,68,0,
2026-05-16T16:53:27.934104,GET,/api/articles/1/,14.39,171,0,
2026-05-16T16:53:27.989530,GET,/api/articles/1/,13.93,171,0,
2026-05-16T16:53:28.031402,GET,/api/cache/1/,16.32,171,0,
2026-05-16T16:53:28.061476,GET,/api/articles/1/,14.72,171,0,
2026-05-16T16:53:28.183100,GET,/api/external/,111.01,73,0,
2026-05-16T16:53:28.202764,GET,/api/cache/1/,18.76,171,0,
2026-05-16T16:53:28.204032,GET,/api/external/,114.25,74,0,
2026-05-16T16:53:28.247410,POST,/api/queue/,10.08,68,0,
2026-05-16T16:53:28.282848,GET,/api/cache/1/,21.0,171,0,
2026-05-16T16:53:28.292908,GET,/api/cache/1/,25.76,171,0,
2026-05-16T16:53:28.338395,GET,/api/external/,108.88,74,0,
2026-05-16T16:53:28.428967,GET,/api/external/,126.18,74,0,
2026-05-16T16:53:28.527254,PUT,/api/articles/1/,238.05,171,0,
2026-05-16T16:53:28.544586,GET,/api/articles/1/,14.86,171,0,
2026-05-16T16:53:28.662306,POST,/api/queue/,11.91,68,0,
2026-05-16T16:53:28.676223,GET,/api/cache/1/,17.53,171,0,
2026-05-16T16:53:28.681353,PUT,/api/articles/1/,386.97,171,0,
2026-05-16T16:53:28.721391,GET,/api/articles/1/,20.37,171,0,
2026-05-16T16:53:28.723225,PUT,/api/articles/1/,329.22,171,0,
2026-05-16T16:53:28.745759,PUT,/api/articles/1/,245.35,171,0,
2026-05-16T16:53:28.783509,GET,/api/cache/1/,13.45,171,0,
2026-05-16T16:53:28.788253,PUT,/api/articles/1/,192.93,171,0,
2026-05-16T16:53:28.810961,PUT,/api/articles/1/,502.5,171,0,
2026-05-16T16:53:28.851846,PUT,/api/articles/1/,164.13,171,0,
2026-05-16T16:53:28.910799,POST,/api/queue/,18.85,68,0,
2026-05-16T16:53:28.952482,PUT,/api/articles/1/,60.12,171,0,
2026-05-16T16:53:28.957560,POST,/api/queue/,22.09,68,0,
2026-05-16T16:53:28.999558,GET,/api/external/,112.31,74,0,
2026-05-16T16:53:29.058768,GET,/api/external/,121.05,74,0,
2026-05-16T16:53:29.105049,POST,/api/queue/,9.45,68,0,
2026-05-16T16:53:29.149469,POST,/api/queue/,11.04,68,0,
2026-05-16T16:53:29.168143,GET,/api/external/,116.84,73,0,
2026-05-16T16:53:29.196789,GET,/api/external/,111.18,74,0,
2026-05-16T16:53:29.226490,GET,/api/articles/1/,13.44,171,0,
2026-05-16T16:53:29.332514,POST,/api/queue/,12.92,68,0,
2026-05-16T16:53:29.403306,GET,/api/external/,110.21,73,0,
2026-05-16T16:53:29.430740,GET,/api/articles/1/,14.77,171,0,
2026-05-16T16:53:29.580803,GET,/api/articles/1/,20.7,171,0,
2026-05-16T16:53:29.634436,GET,/api/external/,109.42,74,0,
2026-05-16T16:53:29.683372,GET,/api/external/,119.15,74,0,
2026-05-16T16:53:29.709407,PUT,/api/articles/1/,49.21,171,0,
2026-05-16T16:53:29.738781,POST,/api/queue/,10.61,68,0,
2026-05-16T16:53:29.756709,PUT,/api/articles/1/,43.29,171,0,
2026-05-16T16:53:29.827825,GET,/api/articles/1/,14.3,171,0,
2026-05-16T16:53:29.838802,GET,/api/external/,112.49,74,0,
2026-05-16T16:53:29.867792,GET,/api/external/,110.87,74,0,
2026-05-16T16:53:29.923943,GET,/api/external/,114.58,74,0,
2026-05-16T16:53:29.928705,PUT,/api/articles/1/,50.71,171,0,
2026-05-16T16:53:29.998858,GET,/api/articles/1/,10.42,171,0,
2026-05-16T16:53:30.042094,GET,/api/external/,117.92,74,0,
2026-05-16T16:53:30.058884,GET,/api/articles/1/,15.18,171,0,
2026-05-16T16:53:30.112140,POST,/api/queue/,10.92,68,0,
2026-05-16T16:53:30.172112,GET,/api/cache/1/,15.68,171,0,
2026-05-16T16:53:30.203085,GET,/api/cache/1/,12.98,171,0,
2026-05-16T16:53:30.269634,POST,/api/queue/,22.06,68,0,
2026-05-16T16:53:30.285649,PUT,/api/articles/1/,50.11,171,0,
2026-05-16T16:53:30.304907,GET,/api/cache/1/,20.05,171,0,
2026-05-16T16:53:30.313291,GET,/api/cache/1/,19.9,171,0,
2026-05-16T16:53:30.321892,PUT,/api/articles/1/,80.26,171,0,
2026-05-16T16:53:30.335080,GET,/api/articles/1/,18.33,171,0,
2026-05-16T16:53:30.368999,GET,/api/articles/1/,17.33,171,0,
2026-05-16T16:53:30.381080,PUT,/api/articles/1/,46.78,171,0,
2026-05-16T16:53:30.396838,GET,/api/external/,116.8,74,0,
2026-05-16T16:53:30.480062,GET,/api/articles/1/,15.34,171,0,
2026-05-16T16:53:30.489634,GET,/api/cache/1/,14.62,171,0,
2026-05-16T16:53:30.544195,PUT,/api/articles/1/,47.67,171,0,
2026-05-16T16:53:30.547823,GET,/api/cache/1/,31.91,171,0,
2026-05-16T16:53:30.556005,POST,/api/queue/,13.08,68,0,
2026-05-16T16:53:30.618451,POST,/api/queue/,17.35,68,0,
2026-05-16T16:53:30.631359,GET,/api/cache/1/,21.99,171,0,
2026-05-16T16:53:30.659209,POST,/api/queue/,14.4,68,0,
2026-05-16T16:53:30.679952,GET,/api/external/,108.38,74,0,
2026-05-16T16:53:30.883420,PUT,/api/articles/1/,46.72,171,0,
2026-05-16T16:53:30.952919,GET,/api/external/,113.28,74,0,
2026-05-16T16:53:31.024892,GET,/api/cache/1/,18.69,171,0,
2026-05-16T16:53:31.120765,GET,/api/articles/1/,16.41,171,0,
2026-05-16T16:53:31.174231,GET,/api/articles/1/,16.63,171,0,
2026-05-16T16:53:31.183762,GET,/api/cache/1/,15.18,171,0,
2026-05-16T16:53:31.219914,POST,/api/queue/,16.04,68,0,
2026-05-16T16:53:31.222772,GET,/api/cache/1/,18.08,171,0,
2026-05-16T16:53:31.250966,GET,/api/external/,111.52,74,0,
2026-05-16T16:53:31.303194,GET,/api/external/,118.0,74,0,
2026-05-16T16:53:31.304987,POST,/api/queue/,20.1,68,0,
2026-05-16T16:53:31.352649,PUT,/api/articles/1/,56.6,171,0,
2026-05-16T16:53:31.399227,GET,/api/external/,114.82,74,0,
2026-05-16T16:53:31.418077,GET,/api/articles/1/,11.53,171,0,
2026-05-16T16:53:31.551789,GET,/api/articles/1/,12.24,171,0,
2026-05-16T16:53:31.633673,GET,/api/articles/1/,16.07,171,0,
2026-05-16T16:53:31.804068,PUT,/api/articles/1/,47.61,171,0,
2026-05-16T16:53:31.833499,PUT,/api/articles/1/,42.78,171,0,
2026-05-16T16:53:31.853460,POST,/api/queue/,25.87,68,0,
2026-05-16T16:53:31.864901,POST,/api/queue/,31.28,68,0,
2026-05-16T16:53:31.878011,GET,/api/external/,126.56,74,0,
2026-05-16T16:53:31.886690,GET,/api/cache/1/,53.86,171,0,
2026-05-16T16:53:31.892615,GET,/api/articles/1/,47.89,171,0,
2026-05-16T16:53:31.892995,GET,/api/articles/1/,40.41,171,0,
2026-05-16T16:53:31.932721,GET,/api/cache/1/,10.5,171,0,
2026-05-16T16:53:31.946041,PUT,/api/articles/1/,51.71,171,0,
2026-05-16T16:53:32.003886,PUT,/api/articles/1/,45.38,171,0,
2026-05-16T16:53:32.021234,GET,/api/cache/1/,12.96,171,0,
2026-05-16T16:53:32.086853,GET,/api/articles/1/,15.98,171,0,
2026-05-16T16:53:32.179598,GET,/api/articles/1/,11.49,171,0,
2026-05-16T16:53:32.198675,POST,/api/queue/,19.84,68,0,
2026-05-16T16:53:32.206027,GET,/api/cache/1/,22.97,171,0,
2026-05-16T16:53:32.313873,PUT,/api/articles/1/,43.58,171,0,
2026-05-16T16:53:32.366139,POST,/api/queue/,32.6,68,0,
2026-05-16T16:53:32.374087,POST,/api/queue/,18.91,68,0,
2026-05-16T16:53:32.382507,PUT,/api/articles/1/,60.95,171,0,
2026-05-16T16:53:32.401483,GET,/api/external/,108.16,74,0,
2026-05-16T16:53:32.458742,GET,/api/external/,129.53,74,0,
2026-05-16T16:53:32.494860,PUT,/api/articles/1/,46.72,171,0,
2026-05-16T16:53:32.546432,GET,/api/external/,112.52,74,0,
2026-05-16T16:53:32.546787,GET,/api/external/,112.44,74,0,
2026-05-16T16:53:32.574941,PUT,/api/articles/1/,44.86,171,0,
2026-05-16T16:53:32.586222,GET,/api/articles/1/,9.88,171,0,
2026-05-16T16:53:32.645835,GET,/api/articles/1/,10.16,171,0,
2026-05-16T16:53:32.698916,PUT,/api/articles/1/,47.73,171,0,
2026-05-16T16:53:32.706164,GET,/api/cache/1/,11.23,171,0,
2026-05-16T16:53:32.759828,POST,/api/queue/,8.47,68,0,
2026-05-16T16:53:32.778232,GET,/api/cache/1/,15.18,171,0,
2026-05-16T16:53:32.779777,POST,/api/queue/,13.08,68,0,
2026-05-16T16:53:32.883011,PUT,/api/articles/1/,43.14,171,0,
2026-05-16T16:53:32.901760,GET,/api/cache/1/,9.38,171,0,
2026-05-16T16:53:32.970581,GET,/api/cache/1/,9.58,171,0,
2026-05-16T16:53:33.065303,POST,/api/queue/,18.68,68,0,
2026-05-16T16:53:33.079666,POST,/api/queue/,7.98,68,0,
2026-05-16T16:53:33.090132,GET,/api/external/,111.19,74,0,
2026-05-16T16:53:33.095710,POST,/api/queue/,14.68,68,0,
2026-05-16T16:53:33.099775,GET,/api/cache/1/,14.97,171,0,
2026-05-16T16:53:33.165168,GET,/api/cache/1/,14.08,171,0,
2026-05-16T16:53:33.229879,POST,/api/queue/,10.26,68,0,
2026-05-16T16:53:33.236858,GET,/api/articles/1/,12.37,171,0,
2026-05-16T16:53:33.334833,GET,/api/articles/1/,10.53,171,0,
2026-05-16T16:53:33.357968,GET,/api/cache/1/,9.82,171,0,
2026-05-16T16:53:33.472007,POST,/api/queue/,7.95,68,0,
2026-05-16T16:53:33.510182,GET,/api/articles/1/,9.89,171,0,
2026-05-16T16:53:33.525435,GET,/api/external/,107.95,74,0,
2026-05-16T16:53:33.563418,PUT,/api/articles/1/,407.53,171,0,
2026-05-16T16:53:33.613418,POST,/api/queue/,8.21,68,0,
2026-05-16T16:53:33.618214,PUT,/api/articles/1/,382.11,171,0,
2026-05-16T16:53:33.654392,GET,/api/articles/1/,9.95,171,0,
2026-05-16T16:53:33.736442,GET,/api/articles/1/,12.08,171,0,
2026-05-16T16:53:33.781462,PUT,/api/articles/1/,504.08,171,0,
2026-05-16T16:53:33.809777,PUT,/api/articles/1/,378.51,171,0,
2026-05-16T16:53:33.837027,POST,/api/queue/,10.02,68,0,
2026-05-16T16:53:33.838453,PUT,/api/articles/1/,126.68,171,0,
2026-05-16T16:53:33.874496,PUT,/api/articles/1/,158.91,171,0,
2026-05-16T16:53:33.906011,GET,/api/external/,109.0,74,0,
2026-05-16T16:53:34.087263,GET,/api/cache/1/,9.95,171,0,
2026-05-16T16:53:34.136746,PUT,/api/articles/1/,43.21,171,0,
2026-05-16T16:53:34.193740,GET,/api/articles/1/,16.41,171,0,
2026-05-16T16:53:34.238740,GET,/api/external/,109.42,73,0,
2026-05-16T16:53:34.265799,GET,/api/external/,111.68,74,0,
2026-05-16T16:53:34.276596,PUT,/api/articles/1/,99.79,171,0,
2026-05-16T16:53:34.298296,GET,/api/external/,110.1,74,0,
2026-05-16T16:53:34.304090,PUT,/api/articles/1/,81.82,171,0,
2026-05-16T16:53:34.368839,POST,/api/queue/,9.29,68,0,
2026-05-16T16:53:34.371188,GET,/api/external/,118.73,74,0,
2026-05-16T16:53:34.459432,POST,/api/queue/,8.3,68,0,
2026-05-16T16:53:34.476047,GET,/api/cache/1/,9.26,171,0,
2026-05-16T16:53:34.514573,GET,/api/articles/1/,32.18,171,0,
2026-05-16T16:53:34.521021,GET,/api/articles/1/,34.86,171,0,
2026-05-16T16:53:34.523007,GET,/api/cache/1/,32.13,171,0,
2026-05-16T16:53:34.531757,GET,/api/external/,111.1,74,0,
2026-05-16T16:53:34.565890,GET,/api/articles/1/,10.01,171,0,
2026-05-16T16:53:34.595028,GET,/api/cache/1/,9.75,171,0,
2026-05-16T16:53:34.621749,GET,/api/external/,126.93,74,0,
2026-05-16T16:53:34.629962,GET,/api/external/,107.66,74,0,
2026-05-16T16:53:34.646297,GET,/api/articles/1/,15.13,171,0,
2026-05-16T16:53:34.648177,GET,/api/cache/1/,15.27,171,0,
2026-05-16T16:53:34.656212,GET,/api/external/,107.04,74,0,
2026-05-16T16:53:34.709445,GET,/api/articles/1/,10.99,171,0,
2026-05-16T16:53:34.719168,GET,/api/external/,110.6,74,0,
2026-05-16T16:53:34.751885,GET,/api/articles/1/,22.35,171,0,
2026-05-16T16:53:34.828946,GET,/api/external/,116.18,74,0,
2026-05-16T16:53:34.833647,GET,/api/cache/1/,14.87,171,0,
2026-05-16T16:53:34.947721,GET,/api/cache/1/,10.75,171,0,
2026-05-16T16:53:35.058415,POST,/api/queue/,10.16,68,0,
2026-05-16T16:53:35.069198,POST,/api/queue/,14.93,68,0,
2026-05-16T16:53:35.072027,GET,/api/cache/1/,17.31,171,0,
2026-05-16T16:53:35.158200,PUT,/api/articles/1/,52.9,171,0,
2026-05-16T16:53:35.242308,POST,/api/queue/,11.33,68,0,
2026-05-16T16:53:35.278390,GET,/api/articles/1/,12.68,171,0,
2026-05-16T16:53:35.301241,GET,/api/external/,109.71,74,0,
2026-05-16T16:53:35.331036,GET,/api/articles/1/,13.49,171,0,
2026-05-16T16:53:35.436744,GET,/api/external/,111.29,74,0,
2026-05-16T16:53:35.518760,PUT,/api/articles/1/,50.94,171,0,
2026-05-16T16:53:35.544660,PUT,/api/articles/1/,80.97,171,0,
2026-05-16T16:53:35.560053,POST,/api/queue/,8.21,68,0,
2026-05-16T16:53:35.656894,PUT,/api/articles/1/,45.3,171,0,
2026-05-16T16:53:35.672015,POST,/api/queue/,9.84,68,0,
2026-05-16T16:53:35.678908,GET,/api/articles/1/,12.99,171,0,
2026-05-16T16:53:35.797346,POST,/api/queue/,12.08,68,0,
2026-05-16T16:53:35.845092,GET,/api/cache/1/,10.14,171,0,
2026-05-16T16:53:36.047464,GET,/api/articles/1/,18.69,171,0,
2026-05-16T16:53:36.051561,GET,/api/articles/1/,16.43,171,0,
2026-05-16T16:53:36.066324,GET,/api/cache/1/,9.51,171,0,
2026-05-16T16:53:36.079688,GET,/api/cache/1/,14.11,171,0,
2026-05-16T16:53:36.090019,GET,/api/cache/1/,13.4,171,0,
2026-05-16T16:53:36.118331,PUT,/api/articles/1/,48.51,171,0,
2026-05-16T16:53:36.210958,GET,/api/articles/1/,10.3,171,0,
2026-05-16T16:53:36.272964,GET,/api/cache/1/,9.74,171,0,
2026-05-16T16:53:36.307238,GET,/api/articles/1/,11.89,171,0,
2026-05-16T16:53:36.321360,POST,/api/queue/,21.29,68,0,
2026-05-16T16:53:36.322338,PUT,/api/articles/1/,39.9,171,0,
2026-05-16T16:53:36.331381,POST,/api/queue/,7.89,68,0,
2026-05-16T16:53:36.392824,POST,/api/queue/,10.19,68,0,
2026-05-16T16:53:36.401733,PUT,/api/articles/1/,44.96,171,0,
2026-05-16T16:53:36.427575,GET,/api/articles/1/,10.61,171,0,
2026-05-16T16:53:36.443861,PUT,/api/articles/1/,57.22,171,0,
2026-05-16T16:53:36.451168,GET,/api/articles/1/,15.97,171,0,
2026-05-16T16:53:36.458906,POST,/api/queue/,8.5,68,0,
2026-05-16T16:53:36.512746,GET,/api/articles/1/,9.88,171,0,
2026-05-16T16:53:36.526897,GET,/api/external/,112.63,74,0,
2026-05-16T16:53:36.527561,POST,/api/queue/,12.45,68,0,
2026-05-16T16:53:36.548764,GET,/api/articles/1/,10.0,171,0,
2026-05-16T16:53:36.559338,PUT,/api/articles/1/,41.56,171,0,
2026-05-16T16:53:36.576589,GET,/api/external/,108.47,74,0,
2026-05-16T16:53:36.634290,POST,/api/queue/,8.22,68,0,
2026-05-16T16:53:36.754915,GET,/api/articles/1/,10.18,171,0,
2026-05-16T16:53:36.798939,PUT,/api/articles/1/,42.62,171,0,
2026-05-16T16:53:36.814030,GET,/api/cache/1/,9.81,171,0,
2026-05-16T16:53:36.839506,GET,/api/articles/1/,14.83,171,0,
2026-05-16T16:53:36.932155,POST,/api/queue/,16.84,68,0,
2026-05-16T16:53:36.936456,GET,/api/external/,112.16,74,0,
2026-05-16T16:53:37.038775,POST,/api/queue/,8.74,68,0,
2026-05-16T16:53:37.166581,GET,/api/cache/1/,21.3,171,0,
2026-05-16T16:53:37.241513,GET,/api/cache/1/,14.52,171,0,
2026-05-16T16:53:37.243379,POST,/api/queue/,11.59,68,0,
2026-05-16T16:53:37.418268,GET,/api/articles/1/,10.5,171,0,
2026-05-16T16:53:37.452739,GET,/api/articles/1/,14.2,171,0,
2026-05-16T16:53:37.455884,GET,/api/cache/1/,13.55,171,0,
2026-05-16T16:53:37.540921,PUT,/api/articles/1/,46.65,171,0,
2026-05-16T16:53:37.591225,POST,/api/queue/,8.04,68,0,
2026-05-16T16:53:37.601316,POST,/api/queue/,7.88,68,0,
2026-05-16T16:53:37.609920,GET,/api/cache/1/,9.72,171,0,
2026-05-16T16:53:37.619964,POST,/api/queue/,7.89,68,0,
2026-05-16T16:53:37.694890,PUT,/api/articles/1/,33.62,171,0,
2026-05-16T16:53:37.707429,POST,/api/queue/,11.19,68,0,
2026-05-16T16:53:37.712519,GET,/api/articles/1/,13.57,171,0,
2026-05-16T16:53:37.796971,POST,/api/queue/,8.04,68,0,
2026-05-16T16:53:37.934339,GET,/api/external/,107.81,74,0,
2026-05-16T16:53:37.988159,POST,/api/queue/,14.51,68,0,
2026-05-16T16:53:37.994765,PUT,/api/articles/1/,52.98,171,0,
2026-05-16T16:53:38.000372,POST,/api/queue/,19.14,68,0,
2026-05-16T16:53:38.010571,GET,/api/articles/1/,17.17,171,0,
2026-05-16T16:53:38.035090,PUT,/api/articles/1/,50.19,171,0,
2026-05-16T16:53:38.090899,GET,/api/cache/1/,10.51,171,0,
2026-05-16T16:53:38.092845,GET,/api/external/,114.31,74,0,
2026-05-16T16:53:38.169853,POST,/api/queue/,7.81,68,0,
2026-05-16T16:53:38.207964,POST,/api/queue/,7.92,68,0,
2026-05-16T16:53:38.262392,GET,/api/external/,108.14,74,0,
2026-05-16T16:53:38.384295,GET,/api/cache/1/,19.45,171,0,
2026-05-16T16:53:38.439461,PUT,/api/articles/1/,44.55,171,0,
2026-05-16T16:53:38.458719,GET,/api/cache/1/,17.97,171,0,
2026-05-16T16:53:38.477381,GET,/api/external/,115.64,74,0,
2026-05-16T16:53:38.485641,PUT,/api/articles/1/,52.67,171,0,
2026-05-16T16:53:38.503732,GET,/api/external/,111.15,74,0,
2026-05-16T16:53:38.513285,PUT,/api/articles/1/,59.43,171,0,
2026-05-16T16:53:38.628585,PUT,/api/articles/1/,45.89,171,0,
2026-05-16T16:53:38.655046,POST,/api/queue/,13.75,68,0,
2026-05-16T16:53:38.656394,GET,/api/cache/1/,15.56,171,0,
2026-05-16T16:53:38.761667,PUT,/api/articles/1/,43.23,171,0,
2026-05-16T16:53:38.770126,GET,/api/external/,109.45,73,0,
2026-05-16T16:53:38.818340,GET,/api/articles/1/,10.81,171,0,
2026-05-16T16:53:38.887393,GET,/api/cache/1/,9.8,171,0,
2026-05-16T16:53:38.943400,GET,/api/cache/1/,9.59,171,0,
2026-05-16T16:53:39.047911,PUT,/api/articles/1/,36.88,171,0,
2026-05-16T16:53:39.066225,POST,/api/queue/,7.85,68,0,
2026-05-16T16:53:39.167212,GET,/api/external/,164.5,74,0,
2026-05-16T16:53:39.170714,PUT,/api/articles/1/,94.09,171,0,
2026-05-16T16:53:39.182293,GET,/api/cache/1/,76.63,171,0,
2026-05-16T16:53:39.187152,GET,/api/articles/1/,14.25,171,0,
2026-05-16T16:53:39.203651,POST,/api/queue/,8.18,68,0,
2026-05-16T16:53:39.209538,PUT,/api/articles/1/,100.11,171,0,
2026-05-16T16:53:39.210528,GET,/api/external/,115.54,74,0,
2026-05-16T16:53:39.232860,POST,/api/queue/,7.91,68,0,
2026-05-16T16:53:39.249851,GET,/api/cache/1/,9.78,171,0,
2026-05-16T16:53:39.259435,GET,/api/articles/1/,10.36,171,0,
2026-05-16T16:53:39.305971,GET,/api/cache/1/,10.2,171,0,
2026-05-16T16:53:39.419705,GET,/api/articles/1/,10.34,171,0,
2026-05-16T16:53:39.433078,PUT,/api/articles/1/,46.66,171,0,
2026-05-16T16:53:39.434926,GET,/api/cache/1/,11.89,171,0,
2026-05-16T16:53:39.523556,PUT,/api/articles/1/,49.42,171,0,
2026-05-16T16:53:39.531744,GET,/api/cache/1/,11.61,171,0,
2026-05-16T16:53:39.567545,GET,/api/cache/1/,10.57,171,0,
2026-05-16T16:53:39.576389,GET,/api/cache/1/,9.58,171,0,
2026-05-16T16:53:39.676352,PUT,/api/articles/1/,47.49,171,0,
2026-05-16T16:53:39.720550,GET,/api/articles/1/,10.16,171,0,
2026-05-16T16:53:39.780371,GET,/api/cache/1/,10.21,171,0,
2026-05-16T16:53:39.789318,GET,/api/external/,107.66,74,0,
2026-05-16T16:53:39.858310,GET,/api/cache/1/,24.61,171,0,
2026-05-16T16:53:39.860548,GET,/api/cache/1/,20.66,171,0,
2026-05-16T16:53:40.031036,GET,/api/articles/1/,10.01,171,0,
2026-05-16T16:53:40.034357,PUT,/api/articles/1/,35.53,171,0,
2026-05-16T16:53:40.128898,GET,/api/cache/1/,9.31,171,0,
2026-05-16T16:53:40.144871,GET,/api/articles/1/,9.6,171,0,
2026-05-16T16:53:40.155989,GET,/api/external/,107.45,74,0,
2026-05-16T16:53:40.196299,GET,/api/cache/1/,12.01,171,0,
2026-05-16T16:53:40.208165,GET,/api/cache/1/,9.53,171,0,
2026-05-16T16:53:40.223194,GET,/api/cache/1/,11.62,171,0,
2026-05-16T16:53:40.251501,POST,/api/queue/,7.99,68,0,
2026-05-16T16:53:40.296020,GET,/api/external/,111.3,74,0,
2026-05-16T16:53:40.318521,GET,/api/external/,111.11,74,0,
2026-05-16T16:53:40.330803,GET,/api/cache/1/,23.81,171,0,
2026-05-16T16:53:40.343572,PUT,/api/articles/1/,41.3,171,0,
2026-05-16T16:53:40.389768,PUT,/api/articles/1/,49.97,171,0,
2026-05-16T16:53:40.445512,GET,/api/external/,110.39,74,0,
2026-05-16T16:53:40.449593,POST,/api/queue/,11.37,68,0,
2026-05-16T16:53:40.490956,PUT,/api/articles/1/,40.07,171,0,
2026-05-16T16:53:40.529226,GET,/api/articles/1/,9.89,171,0,
2026-05-16T16:53:40.566953,GET,/api/cache/1/,9.5,171,0,
2026-05-16T16:53:40.596709,GET,/api/cache/1/,10.89,171,0,
2026-05-16T16:53:40.740642,GET,/api/articles/1/,10.39,171,0,
2026-05-16T16:53:40.866523,POST,/api/queue/,8.47,68,0,
2026-05-16T16:53:40.889694,POST,/api/queue/,8.85,68,0,
2026-05-16T16:53:40.933352,PUT,/api/articles/1/,44.54,171,0,
2026-05-16T16:53:41.066537,PUT,/api/articles/1/,36.71,171,0,
2026-05-16T16:53:41.085949,GET,/api/cache/1/,19.18,171,0,
2026-05-16T16:53:41.104348,PUT,/api/articles/1/,56.58,171,0,
2026-05-16T16:53:41.118809,GET,/api/cache/1/,10.26,171,0,
2026-05-16T16:53:41.186571,GET,/api/articles/1/,10.49,171,0,
2026-05-16T16:53:41.198172,GET,/api/external/,107.98,74,0,
2026-05-16T16:53:41.255901,GET,/api/articles/1/,10.46,171,0,
2026-05-16T16:53:41.266479,POST,/api/queue/,8.34,68,0,
2026-05-16T16:53:41.321212,GET,/api/cache/1/,10.46,171,0,
2026-05-16T16:53:41.329378,GET,/api/external/,107.86,74,0,
2026-05-16T16:53:41.421211,GET,/api/articles/1/,10.5,171,0,
2026-05-16T16:53:41.554388,GET,/api/cache/1/,9.55,171,0,
2026-05-16T16:53:41.645927,POST,/api/queue/,8.01,68,0,
2026-05-16T16:53:41.714233,GET,/api/external/,107.51,74,0,
2026-05-16T16:53:41.815205,GET,/api/external/,107.94,74,0,
2026-05-16T16:53:41.827449,GET,/api/external/,109.98,74,0,
2026-05-16T16:53:41.848892,PUT,/api/articles/1/,53.58,171,0,
2026-05-16T16:53:41.875383,PUT,/api/articles/1/,46.6,171,0,
2026-05-16T16:53:41.906770,POST,/api/queue/,8.15,68,0,
2026-05-16T16:53:41.909887,GET,/api/external/,109.72,74,0,
2026-05-16T16:53:41.941389,GET,/api/cache/1/,12.27,171,0,
2026-05-16T16:53:41.984280,GET,/api/articles/1/,10.85,171,0,
2026-05-16T16:53:41.998711,PUT,/api/articles/1/,40.98,171,0,
2026-05-16T16:53:42.044449,GET,/api/external/,109.52,74,0,
2026-05-16T16:53:42.106502,PUT,/api/articles/1/,53.82,171,0,
2026-05-16T16:53:42.111715,GET,/api/cache/1/,17.2,171,0,
2026-05-16T16:53:42.121921,GET,/api/external/,107.76,74,0,
2026-05-16T16:53:42.154916,POST,/api/queue/,20.65,68,0,
2026-05-16T16:53:42.157526,PUT,/api/articles/1/,64.96,171,0,
2026-05-16T16:53:42.161529,GET,/api/cache/1/,16.92,171,0,
2026-05-16T16:53:42.187682,PUT,/api/articles/1/,52.96,171,0,
2026-05-16T16:53:42.198949,GET,/api/articles/1/,10.06,171,0,
2026-05-16T16:53:42.229670,GET,/api/articles/1/,15.94,171,0,
2026-05-16T16:53:42.269990,GET,/api/external/,108.34,73,0,
2026-05-16T16:53:42.289383,GET,/api/external/,109.07,74,0,
2026-05-16T16:53:42.317905,PUT,/api/articles/1/,104.67,171,0,
2026-05-16T16:53:42.419720,PUT,/api/articles/1/,43.59,171,0,
2026-05-16T16:53:42.463787,POST,/api/queue/,9.31,68,0,
2026-05-16T16:53:42.478019,GET,/api/external/,107.71,74,0,
2026-05-16T16:53:42.491492,POST,/api/queue/,8.12,68,0,
2026-05-16T16:53:42.568166,GET,/api/cache/1/,14.27,171,0,
2026-05-16T16:53:42.586380,GET,/api/external/,109.32,74,0,
2026-05-16T16:53:42.595222,PUT,/api/articles/1/,39.51,171,0,
2026-05-16T16:53:42.618560,POST,/api/queue/,7.96,68,0,
2026-05-16T16:53:42.653982,POST,/api/queue/,7.95,68,0,
2026-05-16T16:53:42.720639,GET,/api/cache/1/,14.32,171,0,
2026-05-16T16:53:42.840550,POST,/api/queue/,8.72,68,0,
2026-05-16T16:53:42.913104,POST,/api/queue/,15.27,68,0,
2026-05-16T16:53:42.924375,GET,/api/external/,113.26,74,0,
2026-05-16T16:53:42.927106,GET,/api/cache/1/,15.67,171,0,
2026-05-16T16:53:42.941831,PUT,/api/articles/1/,44.93,171,0,
2026-05-16T16:53:43.018297,GET,/api/articles/1/,10.21,171,0,
2026-05-16T16:53:43.027473,GET,/api/external/,113.05,74,0,
2026-05-16T16:53:43.078058,GET,/api/articles/1/,9.93,171,0,
2026-05-16T16:53:43.115672,GET,/api/cache/1/,12.28,171,0,
2026-05-16T16:53:43.145670,GET,/api/articles/1/,10.61,171,0,
2026-05-16T16:53:43.196131,POST,/api/queue/,8.19,68,0,
2026-05-16T16:53:43.223807,PUT,/api/articles/1/,45.76,171,0,
2026-05-16T16:53:43.275734,POST,/api/queue/,8.5,68,0,
2026-05-16T16:53:43.288466,POST,/api/queue/,9.55,68,0,
2026-05-16T16:53:43.294647,POST,/api/queue/,9.94,68,0,
2026-05-16T16:53:43.397523,GET,/api/articles/1/,12.65,171,0,
2026-05-16T16:53:43.445257,PUT,/api/articles/1/,54.52,171,0,
2026-05-16T16:53:43.459361,POST,/api/queue/,16.39,68,0,
2026-05-16T16:53:43.490633,PUT,/api/articles/1/,51.63,171,0,
2026-05-16T16:53:43.598866,POST,/api/queue/,13.34,68,0,
2026-05-16T16:53:43.634474,PUT,/api/articles/1/,49.48,171,0,
2026-05-16T16:53:43.705420,GET,/api/cache/1/,13.69,171,0,
2026-05-16T16:53:43.736001,PUT,/api/articles/1/,39.44,171,0,
2026-05-16T16:53:43.774655,POST,/api/queue/,8.43,68,0,
2026-05-16T16:53:43.890613,GET,/api/articles/1/,11.2,171,0,
2026-05-16T16:53:43.899452,GET,/api/external/,110.37,74,0,
2026-05-16T16:53:43.904501,POST,/api/queue/,10.58,68,0,
2026-05-16T16:53:44.031708,GET,/api/external/,107.87,73,0,
2026-05-16T16:53:44.051491,GET,/api/cache/1/,9.51,171,0,
2026-05-16T16:53:44.081561,GET,/api/cache/1/,13.72,171,0,
2026-05-16T16:53:44.117836,PUT,/api/articles/1/,51.96,171,0,
2026-05-16T16:53:44.155196,PUT,/api/articles/1/,47.32,171,0,
2026-05-16T16:53:44.170021,POST,/api/queue/,16.02,68,0,
2026-05-16T16:53:44.210602,PUT,/api/articles/1/,56.11,171,0,
2026-05-16T16:53:44.238253,PUT,/api/articles/1/,73.37,171,0,
2026-05-16T16:53:44.256893,GET,/api/external/,110.72,74,0,
2026-05-16T16:53:44.295210,GET,/api/cache/1/,15.08,171,0,
2026-05-16T16:53:44.309444,GET,/api/cache/1/,10.07,171,0,
2026-05-16T16:53:44.354512,PUT,/api/articles/1/,116.12,171,0,
2026-05-16T16:53:44.381947,PUT,/api/articles/1/,99.17,171,0,
2026-05-16T16:53:44.441118,GET,/api/articles/1/,10.06,171,0,
2026-05-16T16:53:44.486971,GET,/api/cache/1/,11.55,171,0,
2026-05-16T16:53:44.494498,GET,/api/articles/1/,12.25,171,0,
2026-05-16T16:53:44.532599,GET,/api/external/,107.36,74,0,
2026-05-16T16:53:44.566107,POST,/api/queue/,9.31,68,0,
2026-05-16T16:53:44.635958,POST,/api/queue/,10.58,68,0,
2026-05-16T16:53:44.645134,GET,/api/cache/1/,13.24,171,0,
2026-05-16T16:53:44.655027,GET,/api/articles/1/,12.84,171,0,
2026-05-16T16:53:44.727698,PUT,/api/articles/1/,39.34,171,0,
2026-05-16T16:53:44.812202,GET,/api/external/,107.72,74,0,
2026-05-16T16:53:44.860974,GET,/api/articles/1/,10.12,171,0,
2026-05-16T16:53:44.871989,PUT,/api/articles/1/,41.3,171,0,
2026-05-16T16:53:44.913327,POST,/api/queue/,8.14,68,0,
2026-05-16T16:53:44.959409,GET,/api/cache/1/,12.68,171,0,
2026-05-16T16:53:44.997889,GET,/api/external/,107.61,73,0,
2026-05-16T16:53:45.024737,GET,/api/articles/1/,10.44,171,0,
2026-05-16T16:53:45.057728,GET,/api/external/,110.55,74,0,
2026-05-16T16:53:45.066781,GET,/api/articles/1/,11.55,171,0,
2026-05-16T16:53:45.239772,PUT,/api/articles/1/,42.51,171,0,
2026-05-16T16:53:45.292883,GET,/api/articles/1/,11.85,171,0,
2026-05-16T16:53:45.300825,PUT,/api/articles/1/,59.61,171,0,
2026-05-16T16:53:45.326926,POST,/api/queue/,7.74,68,0,
2026-05-16T16:53:45.395030,POST,/api/queue/,8.98,68,0,
2026-05-16T16:53:45.436409,GET,/api/external/,107.22,74,0,
2026-05-16T16:53:45.498089,GET,/api/cache/1/,10.1,171,0,
2026-05-16T16:53:45.511188,PUT,/api/articles/1/,39.14,171,0,
2026-05-16T16:53:45.519455,POST,/api/queue/,8.11,68,0,
2026-05-16T16:53:45.642554,POST,/api/queue/,8.9,68,0,
2026-05-16T16:53:45.741605,GET,/api/cache/1/,25.03,171,0,
2026-05-16T16:53:45.752645,GET,/api/articles/1/,32.4,171,0,
2026-05-16T16:53:45.756030,GET,/api/articles/1/,25.99,171,0,
2026-05-16T16:53:45.806042,GET,/api/articles/1/,11.55,171,0,
2026-05-16T16:53:45.830954,GET,/api/external/,115.09,74,0,
2026-05-16T16:53:45.835515,POST,/api/queue/,12.07,68,0,
2026-05-16T16:53:45.850459,POST,/api/queue/,8.45,68,0,
2026-05-16T16:53:45.853563,GET,/api/external/,116.65,74,0,
2026-05-16T16:53:45.992412,GET,/api/cache/1/,10.61,171,0,
2026-05-16T16:53:46.038414,GET,/api/cache/1/,12.56,171,0,
2026-05-16T16:53:46.041540,GET,/api/external/,111.61,74,0,
2026-05-16T16:53:46.049566,GET,/api/cache/1/,14.83,171,0,
2026-05-16T16:53:46.160397,POST,/api/queue/,8.57,68,0,
2026-05-16T16:53:46.171005,GET,/api/articles/1/,10.4,171,0,
2026-05-16T16:53:46.260979,PUT,/api/articles/1/,40.7,171,0,
2026-05-16T16:53:46.318008,POST,/api/queue/,23.21,68,0,
2026-05-16T16:53:46.319228,PUT,/api/articles/1/,86.01,171,0,
2026-05-16T16:53:46.319945,GET,/api/cache/1/,26.9,171,0,
2026-05-16T16:53:46.320411,GET,/api/articles/1/,26.9,171,0,
2026-05-16T16:53:46.377274,GET,/api/external/,108.03,74,0,
2026-05-16T16:53:46.386627,PUT,/api/articles/1/,61.03,171,0,
2026-05-16T16:53:46.389418,POST,/api/queue/,12.02,68,0,
2026-05-16T16:53:46.494751,GET,/api/external/,109.61,74,0,
2026-05-16T16:53:46.512750,GET,/api/articles/1/,10.88,171,0,
2026-05-16T16:53:46.527755,PUT,/api/articles/1/,47.89,171,0,
2026-05-16T16:53:46.564842,GET,/api/articles/1/,9.86,171,0,
2026-05-16T16:53:46.607133,GET,/api/external/,110.95,74,0,
2026-05-16T16:53:46.628499,POST,/api/queue/,7.95,68,0,
2026-05-16T16:53:46.720432,POST,/api/queue/,8.48,68,0,
2026-05-16T16:53:46.745879,POST,/api/queue/,8.11,68,0,
2026-05-16T16:53:46.773113,GET,/api/articles/1/,15.89,171,0,
2026-05-16T16:53:46.800825,PUT,/api/articles/1/,40.86,171,0,
2026-05-16T16:53:46.908711,GET,/api/cache/1/,20.34,171,0,
2026-05-16T16:53:46.910885,POST,/api/queue/,17.32,68,0,
2026-05-16T16:53:46.912587,GET,/api/external/,109.37,74,0,
2026-05-16T16:53:46.925428,PUT,/api/articles/1/,43.11,171,0,
2026-05-16T16:53:46.970241,POST,/api/queue/,9.55,68,0,
2026-05-16T16:53:46.980033,POST,/api/queue/,10.6,68,0,
2026-05-16T16:53:46.991199,GET,/api/cache/1/,9.89,171,0,
2026-05-16T16:53:47.004332,GET,/api/cache/1/,9.84,171,0,
2026-05-16T16:53:47.029869,GET,/api/articles/1/,11.23,171,0,
2026-05-16T16:53:47.052406,GET,/api/cache/1/,10.32,171,0,
2026-05-16T16:53:47.094779,GET,/api/articles/1/,24.17,171,0,
2026-05-16T16:53:47.128402,PUT,/api/articles/1/,60.74,171,0,
2026-05-16T16:53:47.135960,GET,/api/cache/1/,16.31,171,0,
2026-05-16T16:53:47.163083,PUT,/api/articles/1/,91.79,171,0,
2026-05-16T16:53:47.188359,GET,/api/articles/1/,9.96,171,0,
2026-05-16T16:53:47.236092,GET,/api/external/,116.95,73,0,
2026-05-16T16:53:47.338509,GET,/api/cache/1/,9.93,171,0,
2026-05-16T16:53:47.431330,GET,/api/articles/1/,10.58,171,0,
2026-05-16T16:53:47.451374,PUT,/api/articles/1/,73.63,171,0,
2026-05-16T16:53:47.682203,POST,/api/queue/,10.8,68,0,
2026-05-16T16:53:47.682878,GET,/api/external/,110.13,74,0,
2026-05-16T16:53:47.778899,GET,/api/cache/1/,9.68,171,0,
2026-05-16T16:53:47.791578,PUT,/api/articles/1/,47.29,171,0,
2026-05-16T16:53:47.863283,GET,/api/articles/1/,10.12,171,0,
2026-05-16T16:53:48.259195,GET,/api/cache/1/,15.66,171,0,
2026-05-16T16:53:48.262476,POST,/api/queue/,13.92,68,0,
2026-05-16T16:53:48.263974,GET,/api/external/,113.01,74,0,
2026-05-16T16:53:48.282612,GET,/api/articles/1/,10.29,171,0,
2026-05-16T16:53:48.310876,GET,/api/articles/1/,10.0,171,0,
2026-05-16T16:53:48.386385,PUT,/api/articles/1/,97.45,171,0,
2026-05-16T16:53:48.402036,GET,/api/cache/1/,9.39,171,0,
2026-05-16T16:53:48.413059,PUT,/api/articles/1/,48.89,171,0,
2026-05-16T16:53:48.462289,PUT,/api/articles/1/,46.82,171,0,
2026-05-16T16:53:48.481166,GET,/api/cache/1/,10.63,171,0,
2026-05-16T16:53:48.557687,GET,/api/external/,110.27,74,0,
2026-05-16T16:53:48.584231,GET,/api/cache/1/,9.31,171,0,
2026-05-16T16:53:48.590753,GET,/api/external/,110.57,74,0,
2026-05-16T16:53:48.609224,GET,/api/articles/1/,10.07,171,0,
2026-05-16T16:53:48.629326,PUT,/api/articles/1/,44.97,171,0,
2026-05-16T16:53:48.662346,GET,/api/cache/1/,13.8,171,0,
2026-05-16T16:53:48.682139,GET,/api/cache/1/,9.48,171,0,
2026-05-16T16:53:48.726957,GET,/api/cache/1/,9.59,171,0,
2026-05-16T16:53:48.763815,GET,/api/external/,112.46,74,0,
2026-05-16T16:53:48.783838,GET,/api/cache/1/,9.6,171,0,
2026-05-16T16:53:48.840452,GET,/api/articles/1/,10.38,171,0,
2026-05-16T16:53:48.885393,POST,/api/queue/,9.55,68,0,
2026-05-16T16:53:48.904957,POST,/api/queue/,8.24,68,0,
2026-05-16T16:53:48.954051,GET,/api/cache/1/,9.72,171,0,
2026-05-16T16:53:49.013303,PUT,/api/articles/1/,50.94,171,0,
2026-05-16T16:53:49.041495,PUT,/api/articles/1/,77.27,171,0,
2026-05-16T16:53:49.106125,POST,/api/queue/,8.19,68,0,
2026-05-16T16:53:49.134875,POST,/api/queue/,9.52,68,0,
2026-05-16T16:53:49.145864,GET,/api/external/,111.19,74,0,
2026-05-16T16:53:49.215810,GET,/api/cache/1/,9.69,171,0,
2026-05-16T16:53:49.240245,GET,/api/external/,109.05,74,0,
2026-05-16T16:53:49.276793,GET,/api/external/,110.63,74,0,
2026-05-16T16:53:49.323414,GET,/api/articles/1/,26.4,171,0,
2026-05-16T16:53:49.324705,GET,/api/articles/1/,27.19,171,0,
2026-05-16T16:53:49.325041,PUT,/api/articles/1/,63.28,171,0,
2026-05-16T16:53:49.336724,POST,/api/queue/,29.35,68,0,
2026-05-16T16:53:49.345528,GET,/api/articles/1/,28.27,171,0,
2026-05-16T16:53:49.378324,GET,/api/external/,113.71,74,0,
2026-05-16T16:53:49.423635,GET,/api/external/,118.21,74,0,
2026-05-16T16:53:49.440316,GET,/api/cache/1/,9.45,171,0,
2026-05-16T16:53:49.492902,GET,/api/external/,108.32,74,0,
2026-05-16T16:53:49.698474,PUT,/api/articles/1/,369.24,171,0,
2026-05-16T16:53:49.724824,PUT,/api/articles/1/,385.91,171,0,
2026-05-16T16:53:49.737278,POST,/api/queue/,8.17,68,0,
2026-05-16T16:53:49.751433,GET,/api/external/,111.15,74,0,
2026-05-16T16:53:49.754804,PUT,/api/articles/1/,292.08,171,0,
2026-05-16T16:53:49.779751,PUT,/api/articles/1/,78.93,171,0,
2026-05-16T16:53:49.799198,GET,/api/external/,109.33,74,0,
2026-05-16T16:53:49.813582,GET,/api/external/,110.96,74,0,
2026-05-16T16:53:49.843289,POST,/api/queue/,8.32,68,0,
2026-05-16T16:53:49.862110,GET,/api/external/,109.45,73,0,
2026-05-16T16:53:49.942311,PUT,/api/articles/1/,82.52,171,0,
2026-05-16T16:53:49.981235,PUT,/api/articles/1/,102.83,171,0,
2026-05-16T16:53:50.007647,PUT,/api/articles/1/,115.34,171,0,
2026-05-16T16:53:50.019883,POST,/api/queue/,8.8,68,0,
2026-05-16T16:53:50.060375,GET,/api/cache/1/,9.94,171,0,
2026-05-16T16:53:50.182248,POST,/api/queue/,10.38,68,0,
2026-05-16T16:53:50.240588,GET,/api/cache/1/,9.91,171,0,
2026-05-16T16:53:50.255379,GET,/api/articles/1/,10.39,171,0,
2026-05-16T16:53:50.409564,GET,/api/cache/1/,9.59,171,0,
2026-05-16T16:53:50.462163,PUT,/api/articles/1/,43.2,171,0,
2026-05-16T16:53:50.467905,GET,/api/articles/1/,15.07,171,0,
2026-05-16T16:53:50.546958,POST,/api/queue/,11.77,68,0,
2026-05-16T16:53:50.590773,GET,/api/cache/1/,9.54,171,0,
2026-05-16T16:53:50.646979,PUT,/api/articles/1/,51.81,171,0,
2026-05-16T16:53:50.650958,GET,/api/external/,110.7,74,0,
2026-05-16T16:53:50.674684,PUT,/api/articles/1/,74.71,171,0,
2026-05-16T16:53:50.689103,GET,/api/cache/1/,9.25,171,0,
2026-05-16T16:53:50.744677,PUT,/api/articles/1/,42.46,171,0,
2026-05-16T16:53:50.801288,GET,/api/external/,107.96,74,0,
2026-05-16T16:53:50.828568,GET,/api/cache/1/,9.97,171,0,
2026-05-16T16:53:50.899472,POST,/api/queue/,8.23,68,0,
2026-05-16T16:53:50.938074,GET,/api/cache/1/,9.39,171,0,
2026-05-16T16:53:50.977502,GET,/api/articles/1/,10.11,171,0,
2026-05-16T16:53:50.986617,POST,/api/queue/,7.76,68,0,
2026-05-16T16:53:51.078629,GET,/api/articles/1/,13.43,171,0,
2026-05-16T16:53:51.181050,POST,/api/queue/,8.07,68,0,
2026-05-16T16:53:51.228952,GET,/api/cache/1/,9.42,171,0,
2026-05-16T16:53:51.324562,GET,/api/articles/1/,10.16,171,0,
2026-05-16T16:53:51.351997,GET,/api/articles/1/,16.02,171,0,
2026-05-16T16:53:51.355123,GET,/api/cache/1/,14.36,171,0,
2026-05-16T16:53:51.396691,GET,/api/cache/1/,9.38,171,0,
2026-05-16T16:53:51.429202,POST,/api/queue/,8.43,68,0,
2026-05-16T16:53:51.454827,GET,/api/articles/1/,10.31,171,0,
2026-05-16T16:53:51.604123,GET,/api/articles/1/,10.74,171,0,
2026-05-16T16:53:51.644388,GET,/api/cache/1/,9.94,171,0,
2026-05-16T16:53:51.685483,GET,/api/articles/1/,30.91,171,0,
2026-05-16T16:53:51.686063,POST,/api/queue/,25.55,68,0,
2026-05-16T16:53:51.770885,POST,/api/queue/,10.57,68,0,
2026-05-16T16:53:51.779998,POST,/api/queue/,14.72,68,0,
2026-05-16T16:53:51.784024,GET,/api/cache/1/,12.96,171,0,
2026-05-16T16:53:51.836367,GET,/api/cache/1/,9.18,171,0,
2026-05-16T16:53:51.853006,GET,/api/cache/1/,9.31,171,0,
2026-05-16T16:53:51.982721,POST,/api/queue/,10.62,68,0,
2026-05-16T16:53:52.005856,GET,/api/external/,109.6,74,0,
2026-05-16T16:53:52.007388,GET,/api/cache/1/,12.23,171,0,
2026-05-16T16:53:52.041010,GET,/api/cache/1/,13.31,171,0,
2026-05-16T16:53:52.045177,GET,/api/cache/1/,12.76,171,0,
2026-05-16T16:53:52.073982,GET,/api/articles/1/,10.43,171,0,
2026-05-16T16:53:52.160482,POST,/api/queue/,8.22,68,0,
2026-05-16T16:53:52.236931,GET,/api/articles/1/,10.0,171,0,
2026-05-16T16:53:52.391895,GET,/api/external/,107.4,74,0,
2026-05-16T16:53:52.433894,GET,/api/cache/1/,11.69,171,0,
2026-05-16T16:53:52.553020,PUT,/api/articles/1/,1489.7,171,0,
2026-05-16T16:53:52.617797,POST,/api/queue/,8.46,68,0,
2026-05-16T16:53:52.644540,PUT,/api/articles/1/,1244.62,171,0,
2026-05-16T16:53:52.675228,PUT,/api/articles/1/,805.78,171,0,
2026-05-16T16:53:52.676580,GET,/api/external/,112.19,74,0,
2026-05-16T16:53:52.700206,PUT,/api/articles/1/,1041.38,171,0,
2026-05-16T16:53:52.728119,PUT,/api/articles/1/,1073.1,171,0,
2026-05-16T16:53:52.729265,GET,/api/cache/1/,41.48,171,0,
2026-05-16T16:53:52.754111,PUT,/api/articles/1/,85.17,171,0,
2026-05-16T16:53:52.777395,GET,/api/cache/1/,13.28,171,0,
2026-05-16T16:53:52.808977,PUT,/api/articles/1/,126.16,171,0,
2026-05-16T16:53:52.842538,GET,/api/cache/1/,9.85,171,0,
2026-05-16T16:53:52.853568,PUT,/api/articles/1/,515.16,171,0,
2026-05-16T16:53:52.908475,POST,/api/queue/,36.46,68,0,
2026-05-16T16:53:52.909482,PUT,/api/articles/1/,148.16,171,0,
2026-05-16T16:53:52.920664,POST,/api/queue/,7.87,68,0,
2026-05-16T16:53:52.950222,GET,/api/articles/1/,10.27,171,0,
2026-05-16T16:53:53.018783,POST,/api/queue/,10.34,68,0,
2026-05-16T16:53:53.073515,PUT,/api/articles/1/,39.16,171,0,
2026-05-16T16:53:53.126782,GET,/api/external/,108.9,74,0,
2026-05-16T16:53:53.169527,GET,/api/articles/1/,10.31,171,0,
2026-05-16T16:53:53.316044,GET,/api/cache/1/,10.84,171,0,
2026-05-16T16:53:53.317267,GET,/api/external/,109.32,74,0,
2026-05-16T16:53:53.366900,GET,/api/articles/1/,11.33,171,0,
2026-05-16T16:53:53.399976,POST,/api/queue/,8.61,68,0,
2026-05-16T16:53:53.415024,POST,/api/queue/,8.68,68,0,
2026-05-16T16:53:53.457062,POST,/api/queue/,9.92,68,0,
2026-05-16T16:53:53.482378,GET,/api/articles/1/,12.93,171,0,
2026-05-16T16:53:53.538446,GET,/api/external/,111.2,74,0,
2026-05-16T16:53:53.550383,GET,/api/cache/1/,18.61,171,0,
2026-05-16T16:53:53.596370,PUT,/api/articles/1/,58.71,171,0,
2026-05-16T16:53:53.607613,GET,/api/external/,108.84,74,0,
2026-05-16T16:53:53.623385,PUT,/api/articles/1/,50.75,171,0,
2026-05-16T16:53:53.638400,GET,/api/articles/1/,11.7,171,0,
2026-05-16T16:53:53.638892,GET,/api/external/,110.97,74,0,
2026-05-16T16:53:53.651211,PUT,/api/articles/1/,74.65,171,0,
2026-05-16T16:53:53.700005,PUT,/api/articles/1/,46.54,171,0,
2026-05-16T16:53:53.719095,GET,/api/cache/1/,9.75,171,0,
2026-05-16T16:53:53.810826,POST,/api/queue/,8.3,68,0,
2026-05-16T16:53:53.865445,GET,/api/articles/1/,10.38,171,0,
2026-05-16T16:53:53.905368,POST,/api/queue/,18.17,68,0,
2026-05-16T16:53:53.978551,GET,/api/cache/1/,9.36,171,0,
2026-05-16T16:53:54.062877,GET,/api/external/,109.26,74,0,
2026-05-16T16:53:54.067856,GET,/api/external/,107.42,74,0,
2026-05-16T16:53:54.087523,POST,/api/queue/,8.15,68,0,
2026-05-16T16:53:54.112686,GET,/api/articles/1/,9.97,171,0,
2026-05-16T16:53:54.164405,GET,/api/articles/1/,10.44,171,0,
2026-05-16T16:53:54.176651,GET,/api/articles/1/,9.85,171,0,
2026-05-16T16:53:54.218547,GET,/api/cache/1/,9.72,171,0,
2026-05-16T16:53:54.276143,GET,/api/articles/1/,10.41,171,0,
2026-05-16T16:53:54.389611,POST,/api/queue/,8.24,68,0,
2026-05-16T16:53:54.583850,GET,/api/external/,109.91,74,0,
2026-05-16T16:53:54.698937,GET,/api/cache/1/,9.67,171,0,
2026-05-16T16:53:54.754476,GET,/api/cache/1/,10.03,171,0,
2026-05-16T16:53:54.768380,GET,/api/cache/1/,9.42,171,0,
2026-05-16T16:53:54.816866,GET,/api/articles/1/,11.79,171,0,
2026-05-16T16:53:54.880434,PUT,/api/articles/1/,1007.4,171,0,
2026-05-16T16:53:55.042906,GET,/api/external/,147.94,74,0,
2026-05-16T16:53:55.168756,GET,/api/cache/1/,161.94,171,0,
2026-05-16T16:53:55.169119,POST,/api/queue/,261.29,68,0,
2026-05-16T16:53:55.169490,PUT,/api/articles/1/,1293.98,171,0,
2026-05-16T16:53:55.169831,PUT,/api/articles/1/,534.66,171,0,
2026-05-16T16:53:56.039563,POST,/api/queue/,38.18,68,0,
2026-05-16T16:53:56.044985,GET,/api/cache/1/,44.68,171,0,
2026-05-16T16:53:56.048263,GET,/api/articles/1/,47.19,171,0,
2026-05-16T16:53:56.081257,PUT,/api/articles/1/,750.87,171,0,
2026-05-16T16:53:56.128419,PUT,/api/articles/1/,797.51,171,0,
2026-05-16T16:53:56.128949,GET,/api/external/,128.2,74,0,
2026-05-16T16:53:56.147859,GET,/api/external/,129.3,74,0,
2026-05-16T16:53:56.159665,PUT,/api/articles/1/,157.99,171,0,
2026-05-16T16:53:56.188587,PUT,/api/articles/1/,340.26,171,0,
2026-05-16T16:53:56.216391,PUT,/api/articles/1/,201.87,171,0,
2026-05-16T16:53:56.245182,PUT,/api/articles/1/,509.67,171,0,
2026-05-16T16:53:56.274333,POST,/api/queue/,14.63,68,0,
2026-05-16T16:53:56.275602,PUT,/api/articles/1/,501.35,171,0,
2026-05-16T16:53:56.312962,PUT,/api/articles/1/,1605.64,171,0,
2026-05-16T16:53:56.340062,PUT,/api/articles/1/,875.2,171,0,
2026-05-16T16:53:56.378637,GET,/api/cache/1/,10.06,171,0,
2026-05-16T16:53:56.554449,POST,/api/queue/,13.86,68,0,
2026-05-16T16:53:56.564719,POST,/api/queue/,14.74,68,0,
2026-05-16T16:53:56.571107,GET,/api/articles/1/,19.33,171,0,
2026-05-16T16:53:56.571720,GET,/api/external/,110.01,74,0,
2026-05-16T16:53:56.630821,POST,/api/queue/,8.3,68,0,
2026-05-16T16:53:56.654131,GET,/api/articles/1/,11.89,171,0,
2026-05-16T16:53:56.654632,GET,/api/external/,113.56,74,0,
2026-05-16T16:53:56.725377,POST,/api/queue/,14.3,68,0,
2026-05-16T16:53:56.732329,GET,/api/cache/1/,14.6,171,0,
2026-05-16T16:53:56.809386,GET,/api/articles/1/,18.33,171,0,
2026-05-16T16:53:56.818210,GET,/api/articles/1/,22.28,171,0,
2026-05-16T16:53:56.855957,PUT,/api/articles/1/,48.29,171,0,
2026-05-16T16:53:56.884586,PUT,/api/articles/1/,51.97,171,0,
2026-05-16T16:53:56.904239,GET,/api/articles/1/,10.32,171,0,
2026-05-16T16:53:56.913569,GET,/api/external/,113.84,74,0,
2026-05-16T16:53:57.057294,POST,/api/queue/,8.56,68,0,
2026-05-16T16:53:57.080760,PUT,/api/articles/1/,49.45,171,0,
2026-05-16T16:53:57.118158,PUT,/api/articles/1/,48.35,171,0,
2026-05-16T16:53:57.143058,GET,/api/external/,111.25,74,0,
2026-05-16T16:53:57.191165,GET,/api/cache/1/,9.54,171,0,
2026-05-16T16:53:57.260703,GET,/api/external/,111.14,74,0,
2026-05-16T16:53:57.262405,GET,/api/cache/1/,18.12,171,0,
2026-05-16T16:53:57.291045,PUT,/api/articles/1/,47.16,171,0,
2026-05-16T16:53:57.330989,PUT,/api/articles/1/,55.26,171,0,
2026-05-16T16:53:57.346310,GET,/api/external/,108.29,74,0,
2026-05-16T16:53:57.522871,GET,/api/external/,111.88,74,0,
2026-05-16T16:53:57.536141,PUT,/api/articles/1/,39.45,171,0,
2026-05-16T16:53:57.549353,GET,/api/articles/1/,9.73,171,0,
2026-05-16T16:53:57.564954,GET,/api/external/,112.64,74,0,
2026-05-16T16:53:57.575458,PUT,/api/articles/1/,61.74,171,0,
2026-05-16T16:53:57.584464,POST,/api/queue/,10.16,68,0,
2026-05-16T16:53:57.646884,GET,/api/external/,111.6,74,0,
2026-05-16T16:53:57.660709,POST,/api/queue/,15.2,68,0,
2026-05-16T16:53:57.682015,GET,/api/cache/1/,11.74,171,0,
2026-05-16T16:53:57.885548,POST,/api/queue/,13.47,68,0,
2026-05-16T16:53:57.915504,POST,/api/queue/,8.67,68,0,
2026-05-16T16:53:57.983779,GET,/api/cache/1/,9.81,171,0,
2026-05-16T16:53:58.084646,GET,/api/cache/1/,18.81,171,0,
2026-05-16T16:53:58.129373,GET,/api/articles/1/,22.4,171,0,
2026-05-16T16:53:58.134443,GET,/api/articles/1/,24.28,171,0,
2026-05-16T16:53:58.135992,GET,/api/articles/1/,26.18,171,0,
2026-05-16T16:53:58.181443,GET,/api/external/,116.88,74,0,
2026-05-16T16:53:58.206915,GET,/api/cache/1/,10.03,171,0,
2026-05-16T16:53:58.400691,GET,/api/external/,110.06,74,0,
2026-05-16T16:53:58.402562,PUT,/api/articles/1/,649.08,171,0,
2026-05-16T16:53:58.460038,GET,/api/cache/1/,9.73,171,0,
2026-05-16T16:53:58.525010,GET,/api/articles/1/,10.81,171,0,
2026-05-16T16:53:58.529673,PUT,/api/articles/1/,43.41,171,0,
2026-05-16T16:53:58.547025,GET,/api/external/,108.71,73,0,
2026-05-16T16:53:58.569519,GET,/api/external/,108.18,74,0,
2026-05-16T16:53:58.679477,PUT,/api/articles/1/,41.03,171,0,
2026-05-16T16:53:58.731668,GET,/api/articles/1/,15.61,171,0,
2026-05-16T16:53:58.764745,PUT,/api/articles/1/,48.26,171,0,
2026-05-16T16:53:58.773730,GET,/api/external/,107.18,74,0,
2026-05-16T16:53:58.806811,POST,/api/queue/,9.47,68,0,
2026-05-16T16:53:58.850238,GET,/api/articles/1/,11.16,171,0,
2026-05-16T16:53:58.867635,GET,/api/external/,110.47,74,0,
2026-05-16T16:53:58.926605,GET,/api/external/,111.57,74,0,
2026-05-16T16:53:58.934922,GET,/api/cache/1/,13.89,171,0,
2026-05-16T16:53:58.943955,GET,/api/cache/1/,10.02,171,0,
2026-05-16T16:53:58.998756,GET,/api/cache/1/,11.33,171,0,
2026-05-16T16:53:59.023688,PUT,/api/articles/1/,42.19,171,0,
2026-05-16T16:53:59.036166,GET,/api/articles/1/,10.01,171,0,
2026-05-16T16:53:59.056922,GET,/api/articles/1/,10.43,171,0,
2026-05-16T16:53:59.104786,POST,/api/queue/,8.44,68,0,
2026-05-16T16:53:59.116447,GET,/api/articles/1/,10.45,171,0,
2026-05-16T16:53:59.245957,GET,/api/cache/1/,10.41,171,0,
2026-05-16T16:53:59.331822,GET,/api/cache/1/,12.41,171,0,
2026-05-16T16:53:59.339278,GET,/api/cache/1/,12.92,171,0,
2026-05-16T16:53:59.418583,GET,/api/cache/1/,10.71,171,0,
2026-05-16T16:53:59.424322,PUT,/api/articles/1/,47.57,171,0,
2026-05-16T16:53:59.507090,GET,/api/external/,108.1,74,0,
2026-05-16T16:53:59.553373,POST,/api/queue/,10.88,68,0,
2026-05-16T16:53:59.560803,GET,/api/cache/1/,11.35,171,0,
2026-05-16T16:53:59.589659,GET,/api/cache/1/,9.56,171,0,
2026-05-16T16:53:59.595803,GET,/api/external/,108.04,74,0,
2026-05-16T16:53:59.614751,POST,/api/queue/,8.4,68,0,
2026-05-16T16:53:59.643359,GET,/api/articles/1/,15.79,171,0,
2026-05-16T16:53:59.644900,POST,/api/queue/,12.53,68,0,
2026-05-16T16:53:59.666400,GET,/api/cache/1/,10.1,171,0,
2026-05-16T16:53:59.728672,GET,/api/cache/1/,9.73,171,0,
2026-05-16T16:53:59.847768,PUT,/api/articles/1/,41.92,171,0,
2026-05-16T16:53:59.928168,GET,/api/articles/1/,10.17,171,0,
2026-05-16T16:53:59.994725,POST,/api/queue/,13.23,68,0,
2026-05-16T16:53:59.996027,GET,/api/articles/1/,16.37,171,0,
2026-05-16T16:54:00.023181,GET,/api/articles/1/,15.96,171,0,
2026-05-16T16:54:00.057122,PUT,/api/articles/1/,49.54,171,0,
2026-05-16T16:54:00.158531,GET,/api/articles/1/,10.1,171,0,
2026-05-16T16:54:00.186325,GET,/api/articles/1/,10.2,171,0,
2026-05-16T16:54:00.244270,POST,/api/queue/,8.39,68,0,
2026-05-16T16:54:00.261020,GET,/api/cache/1/,9.5,171,0,
2026-05-16T16:54:00.332316,GET,/api/cache/1/,9.87,171,0,
2026-05-16T16:54:00.366361,GET,/api/cache/1/,9.64,171,0,
2026-05-16T16:54:00.377806,GET,/api/articles/1/,10.0,171,0,
2026-05-16T16:54:00.412209,POST,/api/queue/,8.12,68,0,
2026-05-16T16:54:00.528431,POST,/api/queue/,8.88,68,0,
2026-05-16T16:54:00.581094,PUT,/api/articles/1/,48.25,171,0,
2026-05-16T16:54:00.667021,POST,/api/queue/,23.14,68,0,
2026-05-16T16:54:00.671156,GET,/api/cache/1/,27.98,171,0,
2026-05-16T16:54:00.686178,POST,/api/queue/,11.82,68,0,
2026-05-16T16:54:00.691203,POST,/api/queue/,13.2,68,0,
2026-05-16T16:54:00.700735,GET,/api/external/,110.25,74,0,
2026-05-16T16:54:00.705391,PUT,/api/articles/1/,59.45,171,0,
2026-05-16T16:54:00.728743,POST,/api/queue/,9.08,68,0,
2026-05-16T16:54:00.741977,PUT,/api/articles/1/,49.39,171,0,
2026-05-16T16:54:00.747988,GET,/api/external/,109.02,74,0,
2026-05-16T16:54:00.781025,GET,/api/cache/1/,9.6,171,0,
2026-05-16T16:54:00.835727,POST,/api/queue/,8.16,68,0,
2026-05-16T16:54:00.855981,PUT,/api/articles/1/,39.57,171,0,
2026-05-16T16:54:00.893844,PUT,/api/articles/1/,46.8,171,0,
2026-05-16T16:54:00.913748,GET,/api/cache/1/,9.73,171,0,
2026-05-16T16:54:00.995389,PUT,/api/articles/1/,37.31,171,0,
2026-05-16T16:54:01.066030,PUT,/api/articles/1/,51.39,171,0,
2026-05-16T16:54:01.125160,PUT,/api/articles/1/,51.83,171,0,
2026-05-16T16:54:01.171580,POST,/api/queue/,10.1,68,0,
2026-05-16T16:54:01.178773,GET,/api/articles/1/,13.48,171,0,
2026-05-16T16:54:01.249804,PUT,/api/articles/1/,48.61,171,0,
2026-05-16T16:54:01.328309,POST,/api/queue/,12.17,68,0,
2026-05-16T16:54:01.408527,GET,/api/cache/1/,10.86,171,0,
2026-05-16T16:54:01.419500,PUT,/api/articles/1/,44.73,171,0,
2026-05-16T16:54:01.425416,GET,/api/cache/1/,11.57,171,0,
2026-05-16T16:54:01.458686,GET,/api/articles/1/,10.99,171,0,
2026-05-16T16:54:01.520292,GET,/api/articles/1/,10.25,171,0,
2026-05-16T16:54:01.551064,POST,/api/queue/,8.45,68,0,
2026-05-16T16:54:01.623967,GET,/api/cache/1/,9.65,171,0,
2026-05-16T16:54:01.632602,POST,/api/queue/,8.45,68,0,
2026-05-16T16:54:01.690575,GET,/api/cache/1/,9.77,171,0,
2026-05-16T16:54:01.818624,GET,/api/articles/1/,10.04,171,0,
2026-05-16T16:54:01.831378,PUT,/api/articles/1/,36.62,171,0,
2026-05-16T16:54:01.845808,POST,/api/queue/,8.08,68,0,
2026-05-16T16:54:01.869289,GET,/api/external/,110.19,74,0,
2026-05-16T16:54:01.872510,GET,/api/cache/1/,12.52,171,0,
2026-05-16T16:54:01.877600,GET,/api/external/,107.59,74,0,
2026-05-16T16:54:01.892768,GET,/api/external/,107.87,74,0,
2026-05-16T16:54:01.997750,PUT,/api/articles/1/,49.71,171,0,
2026-05-16T16:54:02.138907,POST,/api/queue/,8.04,68,0,
2026-05-16T16:54:02.153168,GET,/api/cache/1/,9.81,171,0,
2026-05-16T16:54:02.214392,GET,/api/external/,112.0,71,0,
2026-05-16T16:54:02.237322,GET,/api/cache/1/,11.22,171,0,
2026-05-16T16:54:02.356563,POST,/api/queue/,14.91,68,0,
2026-05-16T16:54:02.389133,GET,/api/external/,109.52,74,0,
2026-05-16T16:54:02.394490,PUT,/api/articles/1/,52.35,171,0,
2026-05-16T16:54:02.395740,GET,/api/articles/1/,15.95,171,0,
2026-05-16T16:54:02.429623,POST,/api/queue/,8.52,68,0,
2026-05-16T16:54:02.459883,GET,/api/cache/1/,9.09,171,0,
2026-05-16T16:54:02.509631,GET,/api/cache/1/,14.67,171,0,
2026-05-16T16:54:02.525865,PUT,/api/articles/1/,38.75,171,0,
2026-05-16T16:54:02.554038,GET,/api/external/,108.09,74,0,
2026-05-16T16:54:02.723519,GET,/api/cache/1/,12.03,171,0,
2026-05-16T16:54:02.729067,POST,/api/queue/,9.79,68,0,
2026-05-16T16:54:02.747056,PUT,/api/articles/1/,42.51,171,0,
2026-05-16T16:54:02.764301,POST,/api/queue/,8.05,68,0,
2026-05-16T16:54:02.833787,GET,/api/cache/1/,9.54,171,0,
2026-05-16T16:54:02.837978,PUT,/api/articles/1/,37.53,171,0,
2026-05-16T16:54:02.883555,GET,/api/external/,108.01,74,0,
2026-05-16T16:54:02.943502,GET,/api/articles/1/,18.54,171,0,
2026-05-16T16:54:02.984411,PUT,/api/articles/1/,55.11,171,0,
2026-05-16T16:54:03.031935,GET,/api/articles/1/,11.21,171,0,
2026-05-16T16:54:03.039673,GET,/api/cache/1/,11.15,171,0,
2026-05-16T16:54:03.052787,POST,/api/queue/,7.76,68,0,
2026-05-16T16:54:03.200309,POST,/api/queue/,11.29,68,0,
2026-05-16T16:54:03.222569,GET,/api/articles/1/,10.92,171,0,
2026-05-16T16:54:03.224514,GET,/api/external/,108.47,74,0,
2026-05-16T16:54:03.243335,GET,/api/articles/1/,13.96,171,0,
2026-05-16T16:54:03.344782,GET,/api/external/,115.83,74,0,
2026-05-16T16:54:03.347874,GET,/api/cache/1/,36.11,171,0,
2026-05-16T16:54:03.368122,POST,/api/queue/,26.03,68,0,
2026-05-16T16:54:03.368729,PUT,/api/articles/1/,56.37,171,0,
2026-05-16T16:54:03.426384,PUT,/api/articles/1/,51.35,171,0,
2026-05-16T16:54:03.429297,GET,/api/external/,116.56,74,0,
2026-05-16T16:54:03.442353,GET,/api/external/,124.53,74,0,
2026-05-16T16:54:03.445255,GET,/api/external/,117.19,74,0,
2026-05-16T16:54:03.572497,GET,/api/cache/1/,10.31,171,0,
2026-05-16T16:54:03.585340,GET,/api/external/,108.71,74,0,
2026-05-16T16:54:03.604007,GET,/api/cache/1/,16.35,171,0,
2026-05-16T16:54:03.636851,PUT,/api/articles/1/,48.85,171,0,
2026-05-16T16:54:03.639711,GET,/api/external/,110.34,74,0,
2026-05-16T16:54:03.640458,GET,/api/articles/1/,15.15,171,0,
2026-05-16T16:54:03.672042,PUT,/api/articles/1/,71.25,171,0,
2026-05-16T16:54:03.734851,GET,/api/articles/1/,10.37,171,0,
2026-05-16T16:54:03.865578,GET,/api/external/,107.46,74,0,
2026-05-16T16:54:03.989013,GET,/api/articles/1/,12.03,171,0,
2026-05-16T16:54:04.170455,GET,/api/external/,107.7,74,0,
2026-05-16T16:54:04.264235,GET,/api/articles/1/,10.08,171,0,
2026-05-16T16:54:04.328496,GET,/api/articles/1/,10.02,171,0,
2026-05-16T16:54:04.470387,GET,/api/cache/1/,9.38,171,0,
2026-05-16T16:54:04.508685,GET,/api/articles/1/,11.0,171,0,
2026-05-16T16:54:04.521773,POST,/api/queue/,12.97,68,0,
2026-05-16T16:54:04.544191,POST,/api/queue/,20.2,68,0,
2026-05-16T16:54:04.548712,GET,/api/cache/1/,24.22,171,0,
2026-05-16T16:54:04.551328,GET,/api/articles/1/,23.97,171,0,
2026-05-16T16:54:04.559864,PUT,/api/articles/1/,54.35,171,0,
2026-05-16T16:54:04.569410,GET,/api/articles/1/,21.37,171,0,
2026-05-16T16:54:04.584177,GET,/api/cache/1/,9.45,171,0,
2026-05-16T16:54:04.606890,PUT,/api/articles/1/,51.87,171,0,
2026-05-16T16:54:04.607246,POST,/api/queue/,13.93,68,0,
2026-05-16T16:54:04.625558,POST,/api/queue/,8.03,68,0,
2026-05-16T16:54:04.629046,PUT,/api/articles/1/,38.59,171,0,
2026-05-16T16:54:04.645475,GET,/api/articles/1/,10.05,171,0,
2026-05-16T16:54:04.672015,GET,/api/external/,117.44,74,0,
2026-05-16T16:54:04.677089,POST,/api/queue/,10.45,68,0,
2026-05-16T16:54:04.774589,GET,/api/external/,114.74,74,0,
2026-05-16T16:54:04.777589,POST,/api/queue/,17.25,68,0,
2026-05-16T16:54:04.801739,POST,/api/queue/,8.98,68,0,
2026-05-16T16:54:04.910170,POST,/api/queue/,10.04,68,0,
2026-05-16T16:54:04.916580,GET,/api/cache/1/,12.57,171,0,
2026-05-16T16:54:04.928212,GET,/api/external/,108.24,74,0,
2026-05-16T16:54:04.933130,POST,/api/queue/,10.35,68,0,
2026-05-16T16:54:04.993047,GET,/api/external/,108.02,74,0,
2026-05-16T16:54:05.057116,POST,/api/queue/,9.58,68,0,
2026-05-16T16:54:05.141420,POST,/api/queue/,8.03,68,0,
2026-05-16T16:54:05.154532,PUT,/api/articles/1/,46.01,171,0,
2026-05-16T16:54:05.173769,GET,/api/articles/1/,9.87,171,0,
2026-05-16T16:54:05.217715,POST,/api/queue/,11.77,68,0,
2026-05-16T16:54:05.221123,GET,/api/articles/1/,16.98,171,0,
2026-05-16T16:54:05.225429,GET,/api/external/,110.72,74,0,
2026-05-16T16:54:05.229394,GET,/api/external/,106.79,74,0,
2026-05-16T16:54:05.318710,POST,/api/queue/,8.95,68,0,
2026-05-16T16:54:05.360090,GET,/api/articles/1/,10.05,171,0,
2026-05-16T16:54:05.411490,GET,/api/external/,107.6,74,0,
2026-05-16T16:54:05.439192,GET,/api/cache/1/,9.3,171,0,
2026-05-16T16:54:05.515014,PUT,/api/articles/1/,47.45,171,0,
2026-05-16T16:54:05.518037,GET,/api/cache/1/,12.5,171,0,
2026-05-16T16:54:05.668892,GET,/api/articles/1/,11.24,171,0,
2026-05-16T16:54:05.704166,GET,/api/cache/1/,9.77,171,0,
2026-05-16T16:54:05.711395,POST,/api/queue/,7.96,68,0,
2026-05-16T16:54:05.765032,POST,/api/queue/,8.34,68,0,
2026-05-16T16:54:05.771923,PUT,/api/articles/1/,45.03,171,0,
2026-05-16T16:54:05.798197,PUT,/api/articles/1/,71.75,171,0,
2026-05-16T16:54:05.813323,POST,/api/queue/,7.76,68,0,
2026-05-16T16:54:05.830472,GET,/api/external/,107.81,74,0,
2026-05-16T16:54:05.908179,POST,/api/queue/,8.05,68,0,
2026-05-16T16:54:05.946453,GET,/api/articles/1/,10.04,171,0,
2026-05-16T16:54:06.112415,PUT,/api/articles/1/,39.85,171,0,
2026-05-16T16:54:06.140436,PUT,/api/articles/1/,64.12,171,0,
2026-05-16T16:54:06.141725,GET,/api/cache/1/,11.98,171,0,
2026-05-16T16:54:06.152622,GET,/api/articles/1/,9.66,171,0,
2026-05-16T16:54:06.161412,GET,/api/external/,107.28,74,0,
2026-05-16T16:54:06.167472,GET,/api/external/,107.51,74,0,
2026-05-16T16:54:06.204388,GET,/api/cache/1/,9.67,171,0,
2026-05-16T16:54:06.225474,GET,/api/articles/1/,14.67,171,0,
2026-05-16T16:54:06.387920,GET,/api/external/,107.97,74,0,
2026-05-16T16:54:06.410139,POST,/api/queue/,8.78,68,0,
2026-05-16T16:54:06.427430,GET,/api/articles/1/,10.95,171,0,
2026-05-16T16:54:06.472877,GET,/api/external/,108.07,74,0,
2026-05-16T16:54:06.607028,PUT,/api/articles/1/,173.25,171,0,
2026-05-16T16:54:06.634605,PUT,/api/articles/1/,132.51,171,0,
2026-05-16T16:54:06.671860,PUT,/api/articles/1/,122.81,171,0,
2026-05-16T16:54:06.699809,PUT,/api/articles/1/,63.77,171,0,
2026-05-16T16:54:06.708539,GET,/api/cache/1/,9.61,171,0,
2026-05-16T16:54:06.727596,GET,/api/articles/1/,11.69,171,0,
2026-05-16T16:54:06.728835,PUT,/api/articles/1/,53.79,171,0,
2026-05-16T16:54:06.784934,PUT,/api/articles/1/,47.86,171,0,
2026-05-16T16:54:06.791080,GET,/api/external/,107.19,74,0,
2026-05-16T16:54:06.867742,GET,/api/articles/1/,11.0,171,0,
2026-05-16T16:54:07.020597,GET,/api/articles/1/,10.39,171,0,
2026-05-16T16:54:07.065933,PUT,/api/articles/1/,42.07,171,0,
2026-05-16T16:54:07.156254,GET,/api/cache/1/,16.91,171,0,
2026-05-16T16:54:07.178808,GET,/api/cache/1/,15.16,171,0,
2026-05-16T16:54:07.186806,GET,/api/cache/1/,20.41,171,0,
2026-05-16T16:54:07.188426,GET,/api/cache/1/,17.15,171,0,
2026-05-16T16:54:07.260934,GET,/api/external/,109.25,74,0,
2026-05-16T16:54:07.426563,POST,/api/queue/,18.09,68,0,
2026-05-16T16:54:07.432215,GET,/api/cache/1/,21.89,171,0,
2026-05-16T16:54:07.434812,GET,/api/articles/1/,22.77,171,0,
2026-05-16T16:54:07.456003,GET,/api/articles/1/,15.04,171,0,
2026-05-16T16:54:07.456355,POST,/api/queue/,12.73,68,0,
2026-05-16T16:54:07.490508,GET,/api/articles/1/,9.94,171,0,
2026-05-16T16:54:07.608835,PUT,/api/articles/1/,37.82,171,0,
2026-05-16T16:54:07.636167,GET,/api/articles/1/,10.01,171,0,
2026-05-16T16:54:07.664413,POST,/api/queue/,8.59,68,0,
2026-05-16T16:54:07.703017,GET,/api/cache/1/,9.34,171,0,
2026-05-16T16:54:07.743628,POST,/api/queue/,8.33,68,0,
2026-05-16T16:54:07.782397,GET,/api/articles/1/,11.03,171,0,
2026-05-16T16:54:07.864250,GET,/api/external/,111.39,74,0,
2026-05-16T16:54:07.867535,GET,/api/articles/1/,18.65,171,0,
2026-05-16T16:54:07.900999,PUT,/api/articles/1/,51.69,171,0,
2026-05-16T16:54:07.909833,GET,/api/cache/1/,10.01,171,0,
2026-05-16T16:54:07.918894,POST,/api/queue/,7.67,68,0,
2026-05-16T16:54:07.933085,GET,/api/articles/1/,12.91,171,0,
2026-05-16T16:54:07.944572,GET,/api/cache/1/,9.1,171,0,
2026-05-16T16:54:08.036234,GET,/api/external/,110.44,74,0,
2026-05-16T16:54:08.097279,PUT,/api/articles/1/,37.4,171,0,
2026-05-16T16:54:08.122224,GET,/api/external/,110.25,74,0,
2026-05-16T16:54:08.125509,POST,/api/queue/,11.13,68,0,
2026-05-16T16:54:08.141370,GET,/api/cache/1/,9.54,171,0,
2026-05-16T16:54:08.145793,PUT,/api/articles/1/,46.16,171,0,
2026-05-16T16:54:08.180099,POST,/api/queue/,8.05,68,0,
2026-05-16T16:54:08.281530,GET,/api/cache/1/,9.1,171,0,
2026-05-16T16:54:08.346308,GET,/api/cache/1/,9.37,171,0,
2026-05-16T16:54:08.429973,GET,/api/articles/1/,10.92,171,0,
2026-05-16T16:54:08.451897,POST,/api/queue/,8.6,68,0,
2026-05-16T16:54:08.505421,GET,/api/external/,113.82,74,0,
2026-05-16T16:54:08.508133,GET,/api/external/,112.28,74,0,
2026-05-16T16:54:08.661469,GET,/api/cache/1/,13.0,171,0,
2026-05-16T16:54:08.676610,GET,/api/cache/1/,9.88,171,0,
2026-05-16T16:54:08.762501,GET,/api/cache/1/,9.74,171,0,
2026-05-16T16:54:08.771698,POST,/api/queue/,7.78,68,0,
2026-05-16T16:54:08.780715,POST,/api/queue/,7.65,68,0,
2026-05-16T16:54:08.787902,GET,/api/external/,107.08,74,0,
2026-05-16T16:54:08.911423,PUT,/api/articles/1/,40.82,171,0,
2026-05-16T16:54:08.926148,GET,/api/articles/1/,16.64,171,0,
2026-05-16T16:54:08.933538,POST,/api/queue/,14.03,68,0,
2026-05-16T16:54:08.970072,PUT,/api/articles/1/,55.42,171,0,
2026-05-16T16:54:08.993998,GET,/api/cache/1/,10.82,171,0,
2026-05-16T16:54:08.999662,PUT,/api/articles/1/,42.9,171,0,
2026-05-16T16:54:09.036998,PUT,/api/articles/1/,60.6,171,0,
2026-05-16T16:54:09.058513,POST,/api/queue/,8.15,68,0,
2026-05-16T16:54:09.061726,PUT,/api/articles/1/,68.79,171,0,
2026-05-16T16:54:09.088251,GET,/api/cache/1/,9.32,171,0,
2026-05-16T16:54:09.159927,GET,/api/articles/1/,14.27,171,0,
2026-05-16T16:54:09.164196,GET,/api/articles/1/,13.73,171,0,
2026-05-16T16:54:09.257738,PUT,/api/articles/1/,48.37,171,0,
2026-05-16T16:54:09.288053,GET,/api/external/,107.53,74,0,
2026-05-16T16:54:09.339962,GET,/api/external/,113.73,72,0,
2026-05-16T16:54:09.354271,POST,/api/queue/,23.92,68,0,
2026-05-16T16:54:09.354753,POST,/api/queue/,23.0,68,0,
2026-05-16T16:54:09.363272,GET,/api/articles/1/,32.35,171,0,
2026-05-16T16:54:09.381976,GET,/api/external/,108.94,74,0,
2026-05-16T16:54:09.404686,PUT,/api/articles/1/,60.47,171,0,
2026-05-16T16:54:09.472601,GET,/api/cache/1/,16.35,171,0,
2026-05-16T16:54:09.479299,GET,/api/cache/1/,18.26,171,0,
2026-05-16T16:54:09.481340,GET,/api/cache/1/,17.61,171,0,
2026-05-16T16:54:09.502620,POST,/api/queue/,8.0,68,0,
2026-05-16T16:54:09.536428,GET,/api/cache/1/,9.5,171,0,
2026-05-16T16:54:09.833684,GET,/api/articles/1/,11.15,171,0,
2026-05-16T16:54:09.863866,GET,/api/external/,108.34,74,0,
2026-05-16T16:54:09.875123,POST,/api/queue/,7.88,68,0,
2026-05-16T16:54:09.906196,GET,/api/articles/1/,9.72,171,0,
2026-05-16T16:54:10.002527,GET,/api/articles/1/,9.97,171,0,
2026-05-16T16:54:10.066379,PUT,/api/articles/1/,44.56,171,0,
2026-05-16T16:54:10.121348,GET,/api/articles/1/,9.75,171,0,
2026-05-16T16:54:10.201159,GET,/api/external/,108.4,74,0,
2026-05-16T16:54:10.211341,GET,/api/external/,107.62,74,0,
2026-05-16T16:54:10.325734,GET,/api/cache/1/,12.63,171,0,
2026-05-16T16:54:10.396769,PUT,/api/articles/1/,64.72,171,0,
2026-05-16T16:54:10.418481,GET,/api/external/,111.68,74,0,
2026-05-16T16:54:10.424395,GET,/api/external/,110.2,73,0,
2026-05-16T16:54:10.429676,PUT,/api/articles/1/,40.87,171,0,
2026-05-16T16:54:10.451935,POST,/api/queue/,11.06,68,0,
2026-05-16T16:54:10.464913,POST,/api/queue/,19.34,68,0,
2026-05-16T16:54:10.478316,POST,/api/queue/,17.04,68,0,
2026-05-16T16:54:10.481479,GET,/api/articles/1/,17.29,171,0,
2026-05-16T16:54:10.499827,PUT,/api/articles/1/,49.5,171,0,
2026-05-16T16:54:10.555487,GET,/api/articles/1/,12.29,171,0,
2026-05-16T16:54:10.561425,GET,/api/cache/1/,11.42,171,0,
2026-05-16T16:54:10.647386,GET,/api/cache/1/,10.44,171,0,
2026-05-16T16:54:10.712464,GET,/api/cache/1/,9.6,171,0,
2026-05-16T16:54:10.895017,POST,/api/queue/,10.92,68,0,
2026-05-16T16:54:10.902413,GET,/api/articles/1/,13.44,171,0,
2026-05-16T16:54:10.990257,GET,/api/articles/1/,12.58,171,0,
2026-05-16T16:54:11.062254,GET,/api/cache/1/,9.27,171,0,
2026-05-16T16:54:11.079729,PUT,/api/articles/1/,52.17,171,0,
2026-05-16T16:54:11.080640,GET,/api/cache/1/,12.07,171,0,
2026-05-16T16:54:11.092757,GET,/api/external/,110.2,74,0,
2026-05-16T16:54:11.100375,POST,/api/queue/,8.51,68,0,
2026-05-16T16:54:11.135630,POST,/api/queue/,8.01,68,0,
2026-05-16T16:54:11.153841,GET,/api/cache/1/,8.99,171,0,
2026-05-16T16:54:11.203851,GET,/api/cache/1/,16.62,171,0,
2026-05-16T16:54:11.205188,GET,/api/articles/1/,17.3,171,0,
2026-05-16T16:54:11.253557,PUT,/api/articles/1/,37.05,171,0,
2026-05-16T16:54:11.267129,GET,/api/cache/1/,9.29,171,0,
2026-05-16T16:54:11.292254,GET,/api/cache/1/,9.88,171,0,
2026-05-16T16:54:11.299373,POST,/api/queue/,7.86,68,0,
2026-05-16T16:54:11.326126,GET,/api/articles/1/,10.41,171,0,
2026-05-16T16:54:11.431652,PUT,/api/articles/1/,46.54,171,0,
2026-05-16T16:54:11.488124,GET,/api/external/,107.77,74,0,
2026-05-16T16:54:11.512539,PUT,/api/articles/1/,51.23,171,0,
2026-05-16T16:54:11.515850,GET,/api/articles/1/,12.41,171,0,
2026-05-16T16:54:11.547026,POST,/api/queue/,8.98,68,0,
2026-05-16T16:54:11.570076,GET,/api/external/,113.11,74,0,
2026-05-16T16:54:11.624628,PUT,/api/articles/1/,35.19,171,0,
2026-05-16T16:54:11.625532,GET,/api/articles/1/,12.22,171,0,
2026-05-16T16:54:11.734731,GET,/api/articles/1/,9.82,171,0,
2026-05-16T16:54:11.864122,GET,/api/cache/1/,9.31,171,0,
2026-05-16T16:54:11.871644,PUT,/api/articles/1/,42.54,171,0,
2026-05-16T16:54:11.896875,GET,/api/external/,108.86,74,0,
2026-05-16T16:54:11.912477,GET,/api/articles/1/,12.37,171,0,
2026-05-16T16:54:11.919542,GET,/api/articles/1/,11.69,171,0,
2026-05-16T16:54:11.952091,GET,/api/external/,112.03,74,0,
2026-05-16T16:54:11.955203,GET,/api/cache/1/,16.35,171,0,
2026-05-16T16:54:11.983955,PUT,/api/articles/1/,42.34,171,0,
2026-05-16T16:54:12.065113,POST,/api/queue/,7.96,68,0,
2026-05-16T16:54:12.230438,GET,/api/cache/1/,13.44,171,0,
2026-05-16T16:54:12.234878,GET,/api/articles/1/,15.1,171,0,
2026-05-16T16:54:12.370601,PUT,/api/articles/1/,70.35,171,0,
2026-05-16T16:54:12.372447,GET,/api/articles/1/,13.36,171,0,
2026-05-16T16:54:12.408976,GET,/api/external/,110.59,74,0,
2026-05-16T16:54:12.520368,PUT,/api/articles/1/,50.04,171,0,
2026-05-16T16:54:12.554818,GET,/api/external/,107.59,74,0,
2026-05-16T16:54:12.574117,GET,/api/articles/1/,9.93,171,0,
2026-05-16T16:54:12.623618,PUT,/api/articles/1/,46.35,171,0,
2026-05-16T16:54:12.624054,POST,/api/queue/,15.06,68,0,
2026-05-16T16:54:12.682209,GET,/api/articles/1/,9.81,171,0,
2026-05-16T16:54:12.829518,GET,/api/external/,110.0,74,0,
2026-05-16T16:54:12.847158,GET,/api/cache/1/,9.34,171,0,
2026-05-16T16:54:12.861902,PUT,/api/articles/1/,37.73,171,0,
2026-05-16T16:54:12.894788,GET,/api/cache/1/,9.51,171,0,
2026-05-16T16:54:12.914065,GET,/api/articles/1/,11.03,171,0,
2026-05-16T16:54:12.915458,GET,/api/external/,109.11,74,0,
2026-05-16T16:54:12.965709,GET,/api/external/,110.15,74,0,
2026-05-16T16:54:13.018862,GET,/api/cache/1/,10.8,171,0,
2026-05-16T16:54:13.032509,GET,/api/cache/1/,10.38,171,0,
2026-05-16T16:54:13.038198,POST,/api/queue/,9.22,68,0,
2026-05-16T16:54:13.045918,PUT,/api/articles/1/,46.81,171,0,
2026-05-16T16:54:13.137777,POST,/api/queue/,9.33,68,0,
2026-05-16T16:54:13.152938,GET,/api/cache/1/,8.98,171,0,
2026-05-16T16:54:13.173139,POST,/api/queue/,7.89,68,0,
2026-05-16T16:54:13.182738,POST,/api/queue/,9.48,68,0,
2026-05-16T16:54:13.211655,POST,/api/queue/,9.47,68,0,
2026-05-16T16:54:13.252271,PUT,/api/articles/1/,44.17,171,0,
2026-05-16T16:54:13.279943,PUT,/api/articles/1/,68.14,171,0,
2026-05-16T16:54:13.287284,GET,/api/external/,110.3,74,0,
2026-05-16T16:54:13.307931,PUT,/api/articles/1/,68.28,171,0,
2026-05-16T16:54:13.313553,POST,/api/queue/,10.03,68,0,
2026-05-16T16:54:13.367930,GET,/api/cache/1/,12.4,171,0,
2026-05-16T16:54:13.373018,POST,/api/queue/,11.69,68,0,
2026-05-16T16:54:13.393466,PUT,/api/articles/1/,75.69,171,0,
2026-05-16T16:54:13.479725,GET,/api/articles/1/,9.97,171,0,
2026-05-16T16:54:13.496435,GET,/api/cache/1/,9.4,171,0,
2026-05-16T16:54:13.593770,POST,/api/queue/,8.1,68,0,
2026-05-16T16:54:13.600016,PUT,/api/articles/1/,49.24,171,0,
2026-05-16T16:54:13.685529,GET,/api/cache/1/,10.24,171,0,
2026-05-16T16:54:13.724429,POST,/api/queue/,8.03,68,0,
2026-05-16T16:54:13.739537,POST,/api/queue/,7.89,68,0,
2026-05-16T16:54:13.807480,GET,/api/external/,107.77,74,0,
2026-05-16T16:54:13.827614,PUT,/api/articles/1/,50.27,171,0,
2026-05-16T16:54:13.877354,GET,/api/articles/1/,10.46,171,0,
2026-05-16T16:54:13.887896,GET,/api/external/,110.97,73,0,
2026-05-16T16:54:13.897081,GET,/api/articles/1/,10.53,171,0,
2026-05-16T16:54:13.913463,POST,/api/queue/,8.15,68,0,
2026-05-16T16:54:13.937781,GET,/api/cache/1/,8.95,171,0,
2026-05-16T16:54:14.055493,GET,/api/external/,109.41,74,0,
2026-05-16T16:54:14.069937,GET,/api/cache/1/,9.18,171,0,
2026-05-16T16:54:14.114232,PUT,/api/articles/1/,40.03,171,0,
2026-05-16T16:54:14.189834,GET,/api/articles/1/,10.83,171,0,
2026-05-16T16:54:14.205590,PUT,/api/articles/1/,37.94,171,0,
2026-05-16T16:54:14.219543,GET,/api/articles/1/,9.8,171,0,
2026-05-16T16:54:14.242130,PUT,/api/articles/1/,74.04,171,0,
2026-05-16T16:54:14.287677,GET,/api/articles/1/,9.92,171,0,
2026-05-16T16:54:14.296991,GET,/api/cache/1/,9.19,171,0,
2026-05-16T16:54:14.308167,POST,/api/queue/,7.84,68,0,
2026-05-16T16:54:14.360891,PUT,/api/articles/1/,52.57,171,0,
2026-05-16T16:54:14.420315,GET,/api/external/,110.21,73,0,
2026-05-16T16:54:14.545879,GET,/api/cache/1/,10.57,171,0,
2026-05-16T16:54:14.548092,PUT,/api/articles/1/,39.28,171,0,
2026-05-16T16:54:14.586844,PUT,/api/articles/1/,71.17,171,0,
2026-05-16T16:54:14.641279,GET,/api/external/,109.79,74,0,
2026-05-16T16:54:14.644284,PUT,/api/articles/1/,44.01,171,0,
2026-05-16T16:54:14.754466,GET,/api/external/,108.02,73,0,
2026-05-16T16:54:14.772732,GET,/api/external/,107.58,74,0,
2026-05-16T16:54:14.829186,GET,/api/cache/1/,11.35,171,0,
2026-05-16T16:54:14.831204,PUT,/api/articles/1/,40.19,171,0,
2026-05-16T16:54:14.887503,PUT,/api/articles/1/,42.98,171,0,
2026-05-16T16:54:14.945895,GET,/api/cache/1/,9.34,171,0,
2026-05-16T16:54:15.000685,GET,/api/external/,108.95,74,0,
2026-05-16T16:54:15.005007,GET,/api/articles/1/,12.72,171,0,
2026-05-16T16:54:15.112729,GET,/api/cache/1/,13.17,171,0,
2026-05-16T16:54:15.165167,POST,/api/queue/,8.08,68,0,
2026-05-16T16:54:15.246754,GET,/api/articles/1/,12.82,171,0,
2026-05-16T16:54:15.282935,GET,/api/articles/1/,9.78,171,0,
2026-05-16T16:54:15.316061,GET,/api/cache/1/,9.73,171,0,
2026-05-16T16:54:15.345201,GET,/api/external/,114.6,74,0,
2026-05-16T16:54:15.347326,GET,/api/cache/1/,12.99,171,0,
2026-05-16T16:54:15.451433,GET,/api/articles/1/,19.96,171,0,
2026-05-16T16:54:15.452106,GET,/api/articles/1/,19.75,171,0,
2026-05-16T16:54:15.499640,GET,/api/external/,108.09,74,0,
2026-05-16T16:54:15.515288,GET,/api/articles/1/,11.43,171,0,
2026-05-16T16:54:15.528752,GET,/api/articles/1/,13.32,171,0,
2026-05-16T16:54:15.552970,POST,/api/queue/,9.94,68,0,
2026-05-16T16:54:15.559062,GET,/api/external/,108.45,73,0,
2026-05-16T16:54:15.584974,GET,/api/external/,108.5,74,0,
2026-05-16T16:54:15.633123,GET,/api/external/,111.89,74,0,
2026-05-16T16:54:15.633565,GET,/api/cache/1/,12.63,171,0,
2026-05-16T16:54:15.710998,GET,/api/articles/1/,15.09,171,0,
2026-05-16T16:54:15.733861,POST,/api/queue/,14.44,68,0,
2026-05-16T16:54:15.736495,PUT,/api/articles/1/,53.51,171,0,
2026-05-16T16:54:15.738690,GET,/api/cache/1/,17.42,171,0,
2026-05-16T16:54:15.815156,GET,/api/external/,111.87,74,0,
2026-05-16T16:54:15.857353,GET,/api/articles/1/,9.92,171,0,
2026-05-16T16:54:15.866569,GET,/api/cache/1/,9.09,171,0,
2026-05-16T16:54:15.959192,PUT,/api/articles/1/,43.85,171,0,
2026-05-16T16:54:15.971154,GET,/api/articles/1/,9.62,171,0,
2026-05-16T16:54:16.135775,POST,/api/queue/,7.72,68,0,
2026-05-16T16:54:16.205704,GET,/api/external/,116.07,74,0,
2026-05-16T16:54:16.207081,GET,/api/external/,115.04,74,0,
2026-05-16T16:54:16.232147,POST,/api/queue/,8.7,68,0,
2026-05-16T16:54:16.286402,GET,/api/external/,111.27,74,0,
2026-05-16T16:54:16.296049,PUT,/api/articles/1/,313.59,171,0,
2026-05-16T16:54:16.326373,PUT,/api/articles/1/,310.98,171,0,
2026-05-16T16:54:16.328251,POST,/api/queue/,11.01,68,0,
2026-05-16T16:54:16.462608,GET,/api/cache/1/,13.29,171,0,
2026-05-16T16:54:16.490369,PUT,/api/articles/1/,43.92,171,0,
2026-05-16T16:54:16.516641,PUT,/api/articles/1/,52.72,171,0,
2026-05-16T16:54:16.581833,POST,/api/queue/,7.97,68,0,
2026-05-16T16:54:16.597016,GET,/api/external/,109.16,74,0,
2026-05-16T16:54:16.693959,GET,/api/cache/1/,8.75,171,0,
2026-05-16T16:54:16.788519,GET,/api/cache/1/,15.8,171,0,
2026-05-16T16:54:16.789960,GET,/api/cache/1/,17.72,171,0,
2026-05-16T16:54:16.791176,GET,/api/external/,110.88,74,0,
2026-05-16T16:54:16.797221,PUT,/api/articles/1/,35.98,171,0,
2026-05-16T16:54:16.837488,POST,/api/queue/,9.91,68,0,
2026-05-16T16:54:16.877430,PUT,/api/articles/1/,45.01,171,0,
2026-05-16T16:54:16.931524,GET,/api/cache/1/,9.43,171,0,
2026-05-16T16:54:17.147705,PUT,/api/articles/1/,37.62,171,0,
2026-05-16T16:54:17.173995,POST,/api/queue/,8.03,68,0,
2026-05-16T16:54:17.185020,PUT,/api/articles/1/,64.93,171,0,
2026-05-16T16:54:17.199531,GET,/api/articles/1/,12.26,171,0,
2026-05-16T16:54:17.301307,GET,/api/external/,109.31,73,0,
2026-05-16T16:54:17.349336,GET,/api/articles/1/,9.83,171,0,
2026-05-16T16:54:17.382413,POST,/api/queue/,8.72,68,0,
2026-05-16T16:54:17.445094,GET,/api/external/,109.38,74,0,
2026-05-16T16:54:17.492842,GET,/api/articles/1/,9.47,171,0,
2026-05-16T16:54:17.550404,GET,/api/cache/1/,9.28,171,0,
2026-05-16T16:54:17.573597,GET,/api/external/,107.25,74,0,
2026-05-16T16:54:17.603691,GET,/api/cache/1/,13.08,171,0,
2026-05-16T16:54:17.637159,PUT,/api/articles/1/,49.36,171,0,
2026-05-16T16:54:17.654045,POST,/api/queue/,9.68,68,0,
2026-05-16T16:54:17.659140,POST,/api/queue/,11.04,68,0,
2026-05-16T16:54:17.714408,GET,/api/cache/1/,9.67,171,0,
2026-05-16T16:54:17.734113,GET,/api/cache/1/,9.3,171,0,
2026-05-16T16:54:17.791524,PUT,/api/articles/1/,34.02,171,0,
2026-05-16T16:54:17.835900,GET,/api/cache/1/,12.37,171,0,
2026-05-16T16:54:17.883101,POST,/api/queue/,7.95,68,0,
2026-05-16T16:54:17.923206,GET,/api/external/,107.45,74,0,
2026-05-16T16:54:17.944904,PUT,/api/articles/1/,48.43,171,0,
2026-05-16T16:54:18.000805,POST,/api/queue/,7.57,68,0,
2026-05-16T16:54:18.008231,POST,/api/queue/,8.19,68,0,
2026-05-16T16:54:18.015492,POST,/api/queue/,8.16,68,0,
2026-05-16T16:54:18.030887,GET,/api/cache/1/,9.09,171,0,
2026-05-16T16:54:18.036765,GET,/api/external/,107.35,73,0,
2026-05-16T16:54:18.091073,GET,/api/external/,107.75,73,0,
2026-05-16T16:54:18.108490,GET,/api/cache/1/,9.21,171,0,
2026-05-16T16:54:18.192373,POST,/api/queue/,19.63,68,0,
2026-05-16T16:54:18.194450,GET,/api/cache/1/,22.76,171,0,
2026-05-16T16:54:18.226029,PUT,/api/articles/1/,53.93,171,0,
2026-05-16T16:54:18.259746,GET,/api/external/,108.99,74,0,
2026-05-16T16:54:18.290181,GET,/api/cache/1/,9.11,171,0,
2026-05-16T16:54:18.324447,GET,/api/articles/1/,10.02,171,0,
2026-05-16T16:54:18.335944,POST,/api/queue/,12.52,68,0,
2026-05-16T16:54:18.384616,GET,/api/articles/1/,13.46,171,0,
2026-05-16T16:54:18.385951,GET,/api/external/,113.72,74,0,
2026-05-16T16:54:18.440737,GET,/api/cache/1/,13.71,171,0,
2026-05-16T16:54:18.442324,GET,/api/external/,116.67,74,0,
2026-05-16T16:54:18.457864,GET,/api/cache/1/,11.28,171,0,
2026-05-16T16:54:18.458208,GET,/api/external/,109.95,74,0,
2026-05-16T16:54:18.489989,GET,/api/external/,112.08,74,0,
2026-05-16T16:54:18.508111,GET,/api/external/,106.87,74,0,
2026-05-16T16:54:18.540604,PUT,/api/articles/1/,30.13,171,0,
2026-05-16T16:54:18.544789,GET,/api/external/,112.0,73,0,
2026-05-16T16:54:18.718513,GET,/api/external/,107.32,74,0,
2026-05-16T16:54:18.773204,GET,/api/external/,109.06,73,0,
2026-05-16T16:54:18.851025,GET,/api/cache/1/,9.37,171,0,
2026-05-16T16:54:18.935827,GET,/api/cache/1/,10.21,171,0,
2026-05-16T16:54:18.951381,PUT,/api/articles/1/,49.62,171,0,
2026-05-16T16:54:18.958367,GET,/api/articles/1/,17.11,171,0,
2026-05-16T16:54:18.961068,POST,/api/queue/,13.11,68,0,
2026-05-16T16:54:18.980468,GET,/api/articles/1/,10.07,171,0,
2026-05-16T16:54:19.032629,GET,/api/articles/1/,9.86,171,0,
2026-05-16T16:54:19.231435,POST,/api/queue/,13.29,68,0,
2026-05-16T16:54:19.253473,GET,/api/external/,107.39,74,0,
2026-05-16T16:54:19.264574,PUT,/api/articles/1/,45.66,171,0,
2026-05-16T16:54:19.264948,POST,/api/queue/,10.22,68,0,
2026-05-16T16:54:19.332656,GET,/api/articles/1/,10.19,171,0,
2026-05-16T16:54:19.373000,GET,/api/articles/1/,10.1,171,0,
2026-05-16T16:54:19.425799,GET,/api/cache/1/,9.96,171,0,
2026-05-16T16:54:19.495859,POST,/api/queue/,8.58,68,0,
2026-05-16T16:54:19.513069,GET,/api/external/,109.84,74,0,
2026-05-16T16:54:19.523156,GET,/api/cache/1/,9.96,171,0,
2026-05-16T16:54:19.563629,GET,/api/external/,108.35,74,0,
2026-05-16T16:54:19.604378,GET,/api/cache/1/,13.3,171,0,
2026-05-16T16:54:19.608552,GET,/api/cache/1/,14.65,171,0,
2026-05-16T16:54:19.674387,POST,/api/queue/,8.61,68,0,
2026-05-16T16:54:19.738919,PUT,/api/articles/1/,49.43,171,0,
2026-05-16T16:54:19.877954,GET,/api/cache/1/,9.63,171,0,
2026-05-16T16:54:19.931057,GET,/api/cache/1/,9.53,171,0,
2026-05-16T16:54:19.965489,GET,/api/articles/1/,14.32,171,0,
2026-05-16T16:54:19.981215,PUT,/api/articles/1/,40.76,171,0,
2026-05-16T16:54:20.020054,PUT,/api/articles/1/,71.77,171,0,
2026-05-16T16:54:20.041994,GET,/api/cache/1/,12.66,171,0,
2026-05-16T16:54:20.099817,POST,/api/queue/,8.62,68,0,
2026-05-16T16:54:20.145233,GET,/api/articles/1/,10.17,171,0,
2026-05-16T16:54:20.149313,GET,/api/external/,107.14,74,0,
2026-05-16T16:54:20.184253,GET,/api/cache/1/,9.72,171,0,
2026-05-16T16:54:20.288841,GET,/api/articles/1/,10.55,171,0,
2026-05-16T16:54:20.296063,PUT,/api/articles/1/,46.87,171,0,
2026-05-16T16:54:20.301947,GET,/api/external/,109.45,74,0,
2026-05-16T16:54:20.333542,PUT,/api/articles/1/,41.48,171,0,
2026-05-16T16:54:20.391364,GET,/api/cache/1/,9.77,171,0,
2026-05-16T16:54:20.410573,PUT,/api/articles/1/,66.79,171,0,
2026-05-16T16:54:20.505107,POST,/api/queue/,8.93,68,0,
2026-05-16T16:54:20.520041,GET,/api/cache/1/,10.54,171,0,
2026-05-16T16:54:20.534361,GET,/api/external/,112.35,74,0,
2026-05-16T16:54:20.542079,GET,/api/external/,109.27,74,0,
2026-05-16T16:54:20.561273,GET,/api/articles/1/,9.9,171,0,
2026-05-16T16:54:20.579559,PUT,/api/articles/1/,51.15,171,0,
2026-05-16T16:54:20.616662,GET,/api/articles/1/,11.81,171,0,
2026-05-16T16:54:20.618241,PUT,/api/articles/1/,47.67,171,0,
2026-05-16T16:54:20.650185,GET,/api/cache/1/,9.76,171,0,
2026-05-16T16:54:20.697680,PUT,/api/articles/1/,46.28,171,0,
2026-05-16T16:54:20.743705,GET,/api/cache/1/,9.63,171,0,
2026-05-16T16:54:20.844688,GET,/api/cache/1/,9.7,171,0,
2026-05-16T16:54:20.994965,PUT,/api/articles/1/,45.18,171,0,
2026-05-16T16:54:21.006380,POST,/api/queue/,9.02,68,0,
2026-05-16T16:54:21.008247,GET,/api/external/,112.15,74,0,
2026-05-16T16:54:21.021771,PUT,/api/articles/1/,68.07,171,0,
2026-05-16T16:54:21.047410,GET,/api/articles/1/,9.42,171,0,
2026-05-16T16:54:21.142857,GET,/api/external/,108.73,74,0,
2026-05-16T16:54:21.244636,PUT,/api/articles/1/,44.49,171,0,
2026-05-16T16:54:21.245932,GET,/api/cache/1/,13.74,171,0,
2026-05-16T16:54:21.287952,GET,/api/cache/1/,9.81,171,0,
2026-05-16T16:54:21.323196,POST,/api/queue/,7.97,68,0,
2026-05-16T16:54:21.375007,GET,/api/cache/1/,9.55,171,0,
2026-05-16T16:54:21.399608,GET,/api/cache/1/,11.28,171,0,
2026-05-16T16:54:21.407881,GET,/api/external/,108.54,74,0,
2026-05-16T16:54:21.434329,PUT,/api/articles/1/,40.27,171,0,
2026-05-16T16:54:21.544004,POST,/api/queue/,19.35,68,0,
2026-05-16T16:54:21.560737,GET,/api/cache/1/,9.42,171,0,
2026-05-16T16:54:21.576796,POST,/api/queue/,11.68,68,0,
2026-05-16T16:54:21.623584,PUT,/api/articles/1/,54.73,171,0,
2026-05-16T16:54:21.636626,GET,/api/external/,114.8,74,0,
2026-05-16T16:54:21.648735,GET,/api/external/,111.86,74,0,
2026-05-16T16:54:21.684960,PUT,/api/articles/1/,47.07,171,0,
2026-05-16T16:54:21.790968,GET,/api/external/,109.09,74,0,
2026-05-16T16:54:21.847633,POST,/api/queue/,11.23,68,0,
2026-05-16T16:54:21.893423,GET,/api/cache/1/,12.39,171,0,
2026-05-16T16:54:21.926507,PUT,/api/articles/1/,39.6,171,0,
2026-05-16T16:54:21.948928,GET,/api/external/,110.67,74,0,
2026-05-16T16:54:21.975757,POST,/api/queue/,8.75,68,0,
2026-05-16T16:54:22.008201,PUT,/api/articles/1/,48.05,171,0,
2026-05-16T16:54:22.046432,GET,/api/articles/1/,9.98,171,0,
2026-05-16T16:54:22.059958,POST,/api/queue/,8.07,68,0,
2026-05-16T16:54:22.082095,GET,/api/cache/1/,9.89,171,0,
2026-05-16T16:54:22.121598,PUT,/api/articles/1/,35.18,171,0,
2026-05-16T16:54:22.176623,GET,/api/articles/1/,10.01,171,0,
2026-05-16T16:54:22.230949,POST,/api/queue/,10.02,68,0,
2026-05-16T16:54:22.242045,GET,/api/articles/1/,9.83,171,0,
2026-05-16T16:54:22.267346,GET,/api/external/,107.49,74,0,
2026-05-16T16:54:22.335781,GET,/api/external/,111.02,74,0,
2026-05-16T16:54:22.343223,PUT,/api/articles/1/,43.47,171,0,
2026-05-16T16:54:22.465107,PUT,/api/articles/1/,66.86,171,0,
2026-05-16T16:54:22.487414,GET,/api/external/,107.97,74,0,
2026-05-16T16:54:22.599876,PUT,/api/articles/1/,43.47,171,0,
2026-05-16T16:54:22.606114,GET,/api/external/,107.49,74,0,
2026-05-16T16:54:22.660536,GET,/api/external/,107.9,74,0,
2026-05-16T16:54:22.703054,PUT,/api/articles/1/,36.31,171,0,
2026-05-16T16:54:22.740775,GET,/api/articles/1/,10.23,171,0,
2026-05-16T16:54:22.832831,GET,/api/articles/1/,10.17,171,0,
2026-05-16T16:54:22.867751,POST,/api/queue/,10.63,68,0,
2026-05-16T16:54:22.878164,GET,/api/external/,108.17,74,0,
2026-05-16T16:54:22.903789,GET,/api/external/,107.96,74,0,
2026-05-16T16:54:22.951587,GET,/api/cache/1/,9.45,171,0,
2026-05-16T16:54:23.000231,POST,/api/queue/,8.52,68,0,
2026-05-16T16:54:23.017400,GET,/api/external/,107.97,74,0,
2026-05-16T16:54:23.058429,GET,/api/cache/1/,11.64,171,0,
2026-05-16T16:54:23.089076,GET,/api/external/,108.29,74,0,
2026-05-16T16:54:23.142445,GET,/api/cache/1/,9.84,171,0,
2026-05-16T16:54:23.251076,GET,/api/external/,107.26,74,0,
2026-05-16T16:54:23.296430,GET,/api/articles/1/,11.66,171,0,
2026-05-16T16:54:23.333239,POST,/api/queue/,9.39,68,0,
2026-05-16T16:54:23.362213,GET,/api/cache/1/,12.51,171,0,
2026-05-16T16:54:23.422762,PUT,/api/articles/1/,55.95,171,0,
2026-05-16T16:54:23.481908,PUT,/api/articles/1/,44.75,171,0,
2026-05-16T16:54:23.484348,GET,/api/external/,107.82,74,0,
2026-05-16T16:54:23.584135,PUT,/api/articles/1/,46.31,171,0,
2026-05-16T16:54:23.612279,PUT,/api/articles/1/,58.5,171,0,
2026-05-16T16:54:23.622358,GET,/api/external/,107.61,74,0,
2026-05-16T16:54:23.631663,GET,/api/articles/1/,10.19,171,0,
2026-05-16T16:54:23.638904,PUT,/api/articles/1/,71.26,171,0,
2026-05-16T16:54:23.654078,GET,/api/external/,107.22,74,0,
2026-05-16T16:54:23.759963,GET,/api/articles/1/,10.41,171,0,
2026-05-16T16:54:23.862938,GET,/api/cache/1/,9.62,171,0,
2026-05-16T16:54:23.874586,POST,/api/queue/,9.34,68,0,
2026-05-16T16:54:23.956993,POST,/api/queue/,7.84,68,0,
2026-05-16T16:54:23.981561,GET,/api/articles/1/,11.33,171,0,
2026-05-16T16:54:24.051137,PUT,/api/articles/1/,45.34,171,0,
2026-05-16T16:54:24.052953,POST,/api/queue/,15.14,68,0,
2026-05-16T16:54:24.056287,GET,/api/external/,112.07,74,0,
2026-05-16T16:54:24.098665,GET,/api/articles/1/,10.08,171,0,
2026-05-16T16:54:24.157304,GET,/api/external/,114.57,74,0,
2026-05-16T16:54:24.162202,GET,/api/external/,108.0,74,0,
2026-05-16T16:54:24.211063,PUT,/api/articles/1/,37.69,171,0,
2026-05-16T16:54:24.221784,GET,/api/cache/1/,9.49,171,0,
2026-05-16T16:54:24.271359,PUT,/api/articles/1/,41.35,171,0,
2026-05-16T16:54:24.296124,POST,/api/queue/,8.54,68,0,
2026-05-16T16:54:24.310247,GET,/api/articles/1/,9.91,171,0,
2026-05-16T16:54:24.451058,POST,/api/queue/,8.94,68,0,
2026-05-16T16:54:24.507346,GET,/api/articles/1/,10.09,171,0,
2026-05-16T16:54:24.532955,PUT,/api/articles/1/,48.55,171,0,
2026-05-16T16:54:24.623638,GET,/api/articles/1/,13.25,171,0,
2026-05-16T16:54:24.652129,GET,/api/cache/1/,9.19,171,0,
2026-05-16T16:54:24.728637,GET,/api/external/,112.39,74,0,
2026-05-16T16:54:24.732853,GET,/api/external/,107.69,74,0,
2026-05-16T16:54:24.786369,PUT,/api/articles/1/,41.37,171,0,
2026-05-16T16:54:24.852571,GET,/api/cache/1/,9.32,171,0,
2026-05-16T16:54:24.876043,GET,/api/external/,109.18,74,0,
2026-05-16T16:54:24.880261,POST,/api/queue/,10.54,68,0,
2026-05-16T16:54:24.933053,GET,/api/external/,110.28,74,0,
2026-05-16T16:54:24.934898,GET,/api/external/,110.28,74,0,
2026-05-16T16:54:24.970158,GET,/api/external/,107.24,74,0,
2026-05-16T16:54:24.999821,GET,/api/cache/1/,9.38,171,0,
2026-05-16T16:54:25.010914,POST,/api/queue/,7.9,68,0,
2026-05-16T16:54:25.189201,GET,/api/articles/1/,10.44,171,0,
2026-05-16T16:54:25.254244,GET,/api/cache/1/,9.75,171,0,
2026-05-16T16:54:25.277934,POST,/api/queue/,16.54,68,0,
2026-05-16T16:54:25.282322,GET,/api/articles/1/,16.12,171,0,
2026-05-16T16:54:25.309617,PUT,/api/articles/1/,51.96,171,0,
2026-05-16T16:54:25.369245,PUT,/api/articles/1/,47.15,171,0,
2026-05-16T16:54:25.393613,GET,/api/articles/1/,10.15,171,0,
2026-05-16T16:54:25.458605,PUT,/api/articles/1/,125.68,171,0,
2026-05-16T16:54:25.461542,GET,/api/external/,108.18,74,0,
2026-05-16T16:54:25.507861,GET,/api/external/,109.03,74,0,
2026-05-16T16:54:25.528103,GET,/api/cache/1/,9.71,171,0,
2026-05-16T16:54:25.556292,GET,/api/cache/1/,9.79,171,0,
2026-05-16T16:54:25.578265,GET,/api/cache/1/,10.73,171,0,
2026-05-16T16:54:25.649632,GET,/api/cache/1/,15.47,171,0,
2026-05-16T16:54:25.653398,GET,/api/cache/1/,14.42,171,0,
2026-05-16T16:54:25.719703,GET,/api/cache/1/,10.67,171,0,
2026-05-16T16:54:25.769549,POST,/api/queue/,25.27,68,0,
2026-05-16T16:54:25.772880,PUT,/api/articles/1/,44.71,171,0,
2026-05-16T16:54:25.806544,POST,/api/queue/,11.58,68,0,
2026-05-16T16:54:25.818416,GET,/api/cache/1/,9.48,171,0,
2026-05-16T16:54:25.874768,GET,/api/external/,118.39,74,0,
2026-05-16T16:54:25.904399,GET,/api/external/,112.28,74,0,
2026-05-16T16:54:25.913673,POST,/api/queue/,7.86,68,0,
2026-05-16T16:54:26.060020,GET,/api/cache/1/,9.87,171,0,
2026-05-16T16:54:26.073069,GET,/api/external/,108.9,74,0,
2026-05-16T16:54:26.098021,GET,/api/cache/1/,9.67,171,0,
2026-05-16T16:54:26.109463,GET,/api/articles/1/,10.03,171,0,
2026-05-16T16:54:26.134491,GET,/api/external/,107.3,74,0,
2026-05-16T16:54:26.189927,GET,/api/articles/1/,11.07,171,0,
2026-05-16T16:54:26.203241,POST,/api/queue/,12.07,68,0,
2026-05-16T16:54:26.204293,GET,/api/articles/1/,17.54,171,0,
2026-05-16T16:54:26.290877,PUT,/api/articles/1/,53.34,171,0,
2026-05-16T16:54:26.360001,PUT,/api/articles/1/,46.82,171,0,
2026-05-16T16:54:26.395108,GET,/api/external/,110.72,73,0,
2026-05-16T16:54:26.406811,POST,/api/queue/,8.29,68,0,
2026-05-16T16:54:26.463692,PUT,/api/articles/1/,98.31,171,0,
2026-05-16T16:54:26.465842,GET,/api/cache/1/,20.68,171,0,
2026-05-16T16:54:26.570890,POST,/api/queue/,12.12,68,0,
2026-05-16T16:54:26.584717,GET,/api/external/,108.62,74,0,
2026-05-16T16:54:26.587042,GET,/api/cache/1/,11.74,171,0,
2026-05-16T16:54:26.596175,GET,/api/cache/1/,10.22,171,0,
2026-05-16T16:54:26.639944,GET,/api/articles/1/,12.56,171,0,
2026-05-16T16:54:26.645590,GET,/api/cache/1/,11.39,171,0,
2026-05-16T16:54:26.686559,GET,/api/cache/1/,9.67,171,0,
2026-05-16T16:54:26.724306,PUT,/api/articles/1/,177.13,171,0,
2026-05-16T16:54:26.858278,GET,/api/cache/1/,12.7,171,0,
2026-05-16T16:54:26.956341,GET,/api/external/,110.33,73,0,
2026-05-16T16:54:26.988979,PUT,/api/articles/1/,47.1,171,0,
2026-05-16T16:54:27.002504,GET,/api/articles/1/,10.17,171,0,
2026-05-16T16:54:27.019138,GET,/api/cache/1/,9.31,171,0,
2026-05-16T16:54:27.056182,GET,/api/cache/1/,9.71,171,0,
2026-05-16T16:54:27.084877,POST,/api/queue/,8.3,68,0,
2026-05-16T16:54:27.153721,GET,/api/articles/1/,10.11,171,0,
2026-05-16T16:54:27.220313,POST,/api/queue/,8.35,68,0,
2026-05-16T16:54:27.286529,PUT,/api/articles/1/,43.8,171,0,
2026-05-16T16:54:27.352457,GET,/api/articles/1/,12.41,171,0,
2026-05-16T16:54:27.377815,PUT,/api/articles/1/,42.54,171,0,
2026-05-16T16:54:27.406582,GET,/api/cache/1/,9.44,171,0,
2026-05-16T16:54:27.423980,GET,/api/articles/1/,10.99,171,0,
2026-05-16T16:54:27.440126,GET,/api/articles/1/,9.84,171,0,
2026-05-16T16:54:27.517967,GET,/api/articles/1/,9.67,171,0,
2026-05-16T16:54:27.558777,POST,/api/queue/,11.01,68,0,
2026-05-16T16:54:27.578009,GET,/api/articles/1/,10.65,171,0,
2026-05-16T16:54:27.604595,GET,/api/external/,108.12,74,0,
2026-05-16T16:54:27.678755,GET,/api/cache/1/,11.75,171,0,
2026-05-16T16:54:27.723485,GET,/api/external/,107.6,74,0,
2026-05-16T16:54:27.728443,PUT,/api/articles/1/,54.54,171,0,
2026-05-16T16:54:27.749282,GET,/api/articles/1/,10.39,171,0,
2026-05-16T16:54:27.756372,PUT,/api/articles/1/,75.24,171,0,
2026-05-16T16:54:27.796488,PUT,/api/articles/1/,91.95,171,0,
2026-05-16T16:54:27.880943,GET,/api/external/,108.15,74,0,
2026-05-16T16:54:27.955917,GET,/api/external/,107.88,74,0,
2026-05-16T16:54:27.968170,GET,/api/cache/1/,9.75,171,0,
2026-05-16T16:54:28.009658,GET,/api/cache/1/,10.06,171,0,
2026-05-16T16:54:28.095668,PUT,/api/articles/1/,48.31,171,0,
2026-05-16T16:54:28.100058,GET,/api/cache/1/,12.62,171,0,
2026-05-16T16:54:28.151751,POST,/api/queue/,16.66,68,0,
2026-05-16T16:54:28.157378,GET,/api/articles/1/,25.11,171,0,
2026-05-16T16:54:28.161955,GET,/api/articles/1/,15.93,171,0,
2026-05-16T16:54:28.200781,POST,/api/queue/,8.46,68,0,
2026-05-16T16:54:28.245847,GET,/api/external/,114.01,74,0,
2026-05-16T16:54:29.113343,POST,/api/queue/,8.79,68,0,
2026-05-16T16:54:29.250199,PUT,/api/articles/1/,78.88,171,0,
2026-05-16T16:54:29.292821,PUT,/api/articles/1/,75.41,171,0,
2026-05-16T16:54:29.340714,PUT,/api/articles/1/,47.71,171,0,
2026-05-16T16:54:29.368797,PUT,/api/articles/1/,48.95,171,0,
2026-05-16T16:54:29.377810,GET,/api/cache/1/,10.4,171,0,
2026-05-16T16:54:29.393693,GET,/api/articles/1/,13.08,171,0,
2026-05-16T16:54:29.407145,GET,/api/external/,115.58,74,0,
2026-05-16T16:54:29.446162,POST,/api/queue/,8.54,68,0,
2026-05-16T16:54:29.459697,GET,/api/articles/1/,10.21,171,0,
2026-05-16T16:54:29.491174,GET,/api/external/,110.94,74,0,
2026-05-16T16:54:29.524702,POST,/api/queue/,18.13,68,0,
2026-05-16T16:54:29.532767,GET,/api/articles/1/,15.69,171,0,
2026-05-16T16:54:29.542534,PUT,/api/articles/1/,44.94,171,0,
2026-05-16T16:54:29.570752,PUT,/api/articles/1/,63.7,171,0,
2026-05-16T16:54:29.606689,GET,/api/articles/1/,10.41,171,0,
2026-05-16T16:54:29.632394,GET,/api/articles/1/,10.16,171,0,
2026-05-16T16:54:29.801014,GET,/api/external/,111.81,73,0,
2026-05-16T16:54:29.807360,PUT,/api/articles/1/,60.13,171,0,
2026-05-16T16:54:29.809291,POST,/api/queue/,16.82,68,0,
2026-05-16T16:54:29.848024,GET,/api/external/,108.68,72,0,
2026-05-16T16:54:29.879360,GET,/api/cache/1/,11.69,171,0,
2026-05-16T16:54:29.994315,POST,/api/queue/,19.07,68,0,
2026-05-16T16:54:29.998478,GET,/api/cache/1/,22.73,171,0,
2026-05-16T16:54:30.003253,GET,/api/cache/1/,21.17,171,0,
2026-05-16T16:54:30.040886,PUT,/api/articles/1/,38.4,171,0,
2026-05-16T16:54:30.110754,GET,/api/articles/1/,11.47,171,0,
2026-05-16T16:54:30.182361,GET,/api/cache/1/,12.43,171,0,
2026-05-16T16:54:30.286726,GET,/api/external/,113.91,74,0,
2026-05-16T16:54:30.345758,GET,/api/articles/1/,11.55,171,0,
2026-05-16T16:54:30.405794,GET,/api/external/,108.58,74,0,
2026-05-16T16:54:30.480070,POST,/api/queue/,10.85,68,0,
2026-05-16T16:54:30.498498,GET,/api/cache/1/,9.82,171,0,
2026-05-16T16:54:30.622101,PUT,/api/articles/1/,43.67,171,0,
2026-05-16T16:54:30.629175,GET,/api/articles/1/,12.73,171,0,
2026-05-16T16:54:30.746319,POST,/api/queue/,8.56,68,0,
2026-05-16T16:54:30.770668,PUT,/api/articles/1/,41.0,171,0,
2026-05-16T16:54:30.811382,GET,/api/cache/1/,10.3,171,0,
2026-05-16T16:54:30.836466,GET,/api/articles/1/,10.61,171,0,
2026-05-16T16:54:30.854813,GET,/api/external/,108.34,74,0,
2026-05-16T16:54:30.889028,PUT,/api/articles/1/,46.28,171,0,
2026-05-16T16:54:30.900562,POST,/api/queue/,8.19,68,0,
2026-05-16T16:54:30.951109,GET,/api/articles/1/,12.74,171,0,
2026-05-16T16:54:30.974963,GET,/api/articles/1/,13.52,171,0,
2026-05-16T16:54:30.982422,GET,/api/cache/1/,12.06,171,0,
2026-05-16T16:54:31.042233,GET,/api/external/,111.09,74,0,
2026-05-16T16:54:31.064106,GET,/api/articles/1/,10.11,171,0,
2026-05-16T16:54:31.121808,GET,/api/external/,109.92,74,0,
2026-05-16T16:54:31.127596,POST,/api/queue/,10.74,68,0,
2026-05-16T16:54:31.141823,PUT,/api/articles/1/,47.16,171,0,
2026-05-16T16:54:31.147654,POST,/api/queue/,11.95,68,0,
2026-05-16T16:54:31.150680,GET,/api/external/,112.86,74,0,
2026-05-16T16:54:31.152536,GET,/api/external/,111.0,74,0,
2026-05-16T16:54:31.162407,GET,/api/articles/1/,10.53,171,0,
2026-05-16T16:54:31.239157,GET,/api/external/,111.41,74,0,
2026-05-16T16:54:31.255974,GET,/api/articles/1/,19.21,171,0,
2026-05-16T16:54:31.330190,PUT,/api/articles/1/,49.89,171,0,
2026-05-16T16:54:31.336404,POST,/api/queue/,10.02,68,0,
2026-05-16T16:54:31.354142,GET,/api/external/,118.15,74,0,
2026-05-16T16:54:31.357259,PUT,/api/articles/1/,44.77,171,0,
2026-05-16T16:54:31.401775,GET,/api/external/,109.25,74,0,
2026-05-16T16:54:31.452743,PUT,/api/articles/1/,51.88,171,0,
2026-05-16T16:54:31.507808,GET,/api/articles/1/,11.07,171,0,
2026-05-16T16:54:31.580628,POST,/api/queue/,8.19,68,0,
2026-05-16T16:54:31.603420,PUT,/api/articles/1/,45.17,171,0,
2026-05-16T16:54:31.643767,GET,/api/cache/1/,9.77,171,0,
2026-05-16T16:54:31.680236,GET,/api/articles/1/,10.71,171,0,
2026-05-16T16:54:31.702562,GET,/api/external/,107.71,74,0,
2026-05-16T16:54:31.712338,GET,/api/cache/1/,10.83,171,0,
2026-05-16T16:54:31.769826,GET,/api/cache/1/,9.92,171,0,
2026-05-16T16:54:31.963055,GET,/api/external/,110.35,74,0,
2026-05-16T16:54:32.082870,POST,/api/queue/,10.97,68,0,
2026-05-16T16:54:32.088739,GET,/api/cache/1/,13.92,171,0,
2026-05-16T16:54:32.169168,GET,/api/external/,112.91,74,0,
2026-05-16T16:54:32.216647,POST,/api/queue/,9.21,68,0,
2026-05-16T16:54:32.285080,GET,/api/articles/1/,11.65,171,0,
2026-05-16T16:54:32.310815,GET,/api/articles/1/,10.19,171,0,
2026-05-16T16:54:32.393943,GET,/api/cache/1/,9.78,171,0,
2026-05-16T16:54:32.462322,GET,/api/cache/1/,12.68,171,0,
2026-05-16T16:54:32.488131,GET,/api/cache/1/,10.46,171,0,
2026-05-16T16:54:32.516170,GET,/api/external/,108.45,74,0,
2026-05-16T16:54:32.530511,GET,/api/cache/1/,15.1,171,0,
2026-05-16T16:54:32.535612,GET,/api/articles/1/,16.93,171,0,
2026-05-16T16:54:32.543558,GET,/api/articles/1/,11.81,171,0,
2026-05-16T16:54:32.607062,PUT,/api/articles/1/,43.98,171,0,
2026-05-16T16:54:32.689081,GET,/api/external/,108.5,74,0,
2026-05-16T16:54:32.739036,POST,/api/queue/,8.94,68,0,
2026-05-16T16:54:32.760373,GET,/api/articles/1/,10.98,171,0,
2026-05-16T16:54:32.812345,GET,/api/cache/1/,10.22,171,0,
2026-05-16T16:54:32.876775,GET,/api/articles/1/,10.84,171,0,
2026-05-16T16:54:32.905180,POST,/api/queue/,8.9,68,0,
2026-05-16T16:54:32.925266,GET,/api/external/,109.46,74,0,
2026-05-16T16:54:32.931749,GET,/api/articles/1/,13.13,171,0,
2026-05-16T16:54:32.945364,POST,/api/queue/,10.14,68,0,
2026-05-16T16:54:32.964131,GET,/api/articles/1/,12.33,171,0,
2026-05-16T16:54:33.051826,GET,/api/external/,110.68,74,0,
2026-05-16T16:54:33.073722,GET,/api/cache/1/,13.62,171,0,
2026-05-16T16:54:33.074202,PUT,/api/articles/1/,46.3,171,0,
2026-05-16T16:54:33.168274,GET,/api/external/,110.02,74,0,
2026-05-16T16:54:33.182174,POST,/api/queue/,8.61,68,0,
2026-05-16T16:54:33.220239,GET,/api/articles/1/,10.82,171,0,
2026-05-16T16:54:33.241236,GET,/api/articles/1/,10.73,171,0,
2026-05-16T16:54:33.270266,POST,/api/queue/,8.78,68,0,
2026-05-16T16:54:33.311425,GET,/api/cache/1/,9.92,171,0,
2026-05-16T16:54:33.331204,GET,/api/cache/1/,9.6,171,0,
2026-05-16T16:54:33.383333,GET,/api/cache/1/,9.9,171,0,
2026-05-16T16:54:33.436128,PUT,/api/articles/1/,40.54,171,0,
2026-05-16T16:54:33.533399,POST,/api/queue/,14.43,68,0,
2026-05-16T16:54:33.563450,PUT,/api/articles/1/,45.03,171,0,
2026-05-16T16:54:33.588803,GET,/api/articles/1/,12.01,171,0,
2026-05-16T16:54:33.597392,PUT,/api/articles/1/,42.6,171,0,
2026-05-16T16:54:33.658877,GET,/api/articles/1/,10.24,171,0,
2026-05-16T16:54:33.698622,GET,/api/external/,108.57,73,0,
2026-05-16T16:54:33.714937,POST,/api/queue/,8.08,68,0,
2026-05-16T16:54:33.724888,POST,/api/queue/,9.83,68,0,
2026-05-16T16:54:33.732201,GET,/api/articles/1/,12.49,171,0,
2026-05-16T16:54:33.787448,PUT,/api/articles/1/,40.86,171,0,
2026-05-16T16:54:33.869398,GET,/api/external/,108.92,73,0,
2026-05-16T16:54:33.899217,POST,/api/queue/,12.52,68,0,
2026-05-16T16:54:33.933422,POST,/api/queue/,7.81,68,0,
2026-05-16T16:54:33.973625,GET,/api/external/,110.84,74,0,
2026-05-16T16:54:34.035972,GET,/api/cache/1/,9.17,171,0,
2026-05-16T16:54:34.051739,PUT,/api/articles/1/,42.74,171,0,
2026-05-16T16:54:34.053299,GET,/api/cache/1/,13.0,171,0,
2026-05-16T16:54:34.111379,GET,/api/external/,109.22,74,0,
2026-05-16T16:54:34.164066,PUT,/api/articles/1/,35.32,171,0,
2026-05-16T16:54:34.311846,PUT,/api/articles/1/,35.28,171,0,
2026-05-16T16:54:34.327946,GET,/api/external/,110.46,74,0,
2026-05-16T16:54:34.377897,POST,/api/queue/,23.59,68,0,
2026-05-16T16:54:34.381183,PUT,/api/articles/1/,66.0,171,0,
2026-05-16T16:54:34.388617,POST,/api/queue/,25.25,68,0,
2026-05-16T16:54:34.390551,GET,/api/cache/1/,20.39,171,0,
2026-05-16T16:54:34.398266,POST,/api/queue/,8.42,68,0,
2026-05-16T16:54:34.406496,POST,/api/queue/,8.11,68,0,
2026-05-16T16:54:34.569320,POST,/api/queue/,14.43,68,0,
2026-05-16T16:54:34.581707,GET,/api/cache/1/,9.04,171,0,
2026-05-16T16:54:34.604864,GET,/api/cache/1/,9.68,171,0,
2026-05-16T16:54:34.773018,GET,/api/external/,108.77,73,0,
2026-05-16T16:54:34.776203,PUT,/api/articles/1/,47.06,171,0,
2026-05-16T16:54:34.822661,POST,/api/queue/,8.05,68,0,
2026-05-16T16:54:34.842912,GET,/api/articles/1/,10.99,171,0,
2026-05-16T16:54:34.879382,POST,/api/queue/,8.2,68,0,
2026-05-16T16:54:35.056551,POST,/api/queue/,9.67,68,0,
2026-05-16T16:54:35.064897,GET,/api/articles/1/,12.12,171,0,
2026-05-16T16:54:35.133422,GET,/api/articles/1/,10.2,171,0,
2026-05-16T16:54:35.185747,GET,/api/cache/1/,9.58,171,0,
2026-05-16T16:54:35.199354,PUT,/api/articles/1/,51.91,171,0,
2026-05-16T16:54:35.255866,GET,/api/external/,110.22,74,0,
2026-05-16T16:54:35.336681,PUT,/api/articles/1/,40.49,171,0,
2026-05-16T16:54:35.342621,GET,/api/external/,110.02,74,0,
2026-05-16T16:54:35.349298,GET,/api/cache/1/,11.15,171,0,
2026-05-16T16:54:35.418004,GET,/api/external/,107.92,74,0,
2026-05-16T16:54:35.497654,GET,/api/external/,109.76,74,0,
2026-05-16T16:54:35.531892,POST,/api/queue/,14.67,68,0,
2026-05-16T16:54:35.534423,POST,/api/queue/,14.25,68,0,
2026-05-16T16:54:35.611866,POST,/api/queue/,11.86,68,0,
2026-05-16T16:54:35.616803,GET,/api/articles/1/,13.96,171,0,
2026-05-16T16:54:35.632385,GET,/api/cache/1/,9.34,171,0,
2026-05-16T16:54:35.774213,POST,/api/queue/,16.46,68,0,
2026-05-16T16:54:35.779062,POST,/api/queue/,15.88,68,0,
2026-05-16T16:54:35.857940,POST,/api/queue/,8.39,68,0,
2026-05-16T16:54:35.958229,GET,/api/cache/1/,9.07,171,0,
2026-05-16T16:54:36.011135,GET,/api/external/,123.28,74,0,
2026-05-16T16:54:36.011529,GET,/api/external/,127.4,74,0,
