timestamp,method,name,response_time_ms,response_length,failed,error
2026-05-16T15:31:54.884999,POST,/api/articles/analyze/,2.77,58,0,
2026-05-16T15:31:54.896862,POST,/api/articles/bulk/,7.62,34,0,
2026-05-16T15:31:54.897531,POST,/api/articles/analyze/,2.56,58,0,
2026-05-16T15:31:54.907801,GET,/api/articles/list/small/,8.94,23002,0,
2026-05-16T15:31:54.918750,GET,/api/articles/list/small/,4.53,23002,0,
2026-05-16T15:31:54.922541,POST,/api/articles/analyze/,2.56,58,0,
2026-05-16T15:31:54.934473,POST,/api/articles/analyze/,2.67,58,0,
2026-05-16T15:31:54.950477,GET,/api/articles/list/large/,33.53,471824,0,
2026-05-16T15:31:54.974331,GET,/api/articles/list/small/,4.46,23002,0,
2026-05-16T15:31:54.980021,GET,/api/articles/list/small/,4.27,23002,0,
2026-05-16T15:31:54.989520,GET,/api/articles/list/small/,4.29,23002,0,
2026-05-16T15:31:55.003932,POST,/api/articles/bulk/,7.11,34,0,
2026-05-16T15:31:55.004856,GET,/api/articles/list/small/,4.21,23002,0,
2026-05-16T15:31:55.012726,POST,/api/articles/analyze/,2.6,58,0,
2026-05-16T15:31:55.018953,POST,/api/articles/analyze/,3.69,58,0,
2026-05-16T15:31:55.023137,POST,/api/articles/bulk/,7.41,34,0,
2026-05-16T15:31:55.027280,POST,/api/articles/bulk/,7.14,34,0,
2026-05-16T15:31:55.030216,POST,/api/articles/bulk/,6.96,34,0,
2026-05-16T15:31:55.030732,GET,/api/articles/list/small/,4.76,23002,0,
2026-05-16T15:31:55.046529,GET,/api/articles/list/large/,33.68,471824,0,
2026-05-16T15:31:55.063991,POST,/api/articles/analyze/,3.24,58,0,
2026-05-16T15:31:55.068666,POST,/api/articles/analyze/,2.59,58,0,
2026-05-16T15:31:55.082573,GET,/api/articles/list/small/,4.63,23002,0,
2026-05-16T15:31:55.099403,GET,/api/articles/list/large/,36.25,471824,0,
2026-05-16T15:31:55.107773,POST,/api/articles/bulk/,8.2,34,0,
2026-05-16T15:31:55.124607,GET,/api/articles/list/small/,5.48,23002,0,
2026-05-16T15:31:55.184680,GET,/api/articles/list/small/,4.81,23002,0,
2026-05-16T15:31:55.202744,POST,/api/articles/analyze/,3.69,58,0,
2026-05-16T15:31:55.206695,POST,/api/articles/bulk/,7.1,34,0,
2026-05-16T15:31:55.226701,POST,/api/articles/analyze/,2.66,58,0,
2026-05-16T15:31:55.279509,GET,/api/articles/list/small/,4.49,23002,0,
2026-05-16T15:31:55.288958,POST,/api/articles/bulk/,7.2,34,0,
2026-05-16T15:31:55.290198,GET,/api/articles/list/small/,4.51,23002,0,
2026-05-16T15:31:55.300817,POST,/api/articles/bulk/,7.02,34,0,
2026-05-16T15:31:55.307409,GET,/api/articles/list/small/,4.33,23002,0,
2026-05-16T15:31:55.319491,GET,/api/articles/list/small/,4.47,23002,0,
2026-05-16T15:31:55.320089,POST,/api/articles/bulk/,8.48,34,0,
2026-05-16T15:31:55.324213,GET,/api/articles/list/large/,33.91,471824,0,
2026-05-16T15:31:55.331029,POST,/api/articles/bulk/,8.72,34,0,
2026-05-16T15:31:55.333112,POST,/api/articles/analyze/,3.02,58,0,
2026-05-16T15:31:55.345451,GET,/api/articles/list/large/,33.11,471824,0,
2026-05-16T15:31:55.347601,GET,/api/articles/list/small/,5.26,23002,0,
2026-05-16T15:31:55.351755,POST,/api/articles/bulk/,8.88,34,0,
2026-05-16T15:31:55.383318,GET,/api/articles/list/large/,33.49,471824,0,
2026-05-16T15:31:55.387710,POST,/api/articles/bulk/,7.14,34,0,
2026-05-16T15:31:55.395838,POST,/api/articles/analyze/,2.72,58,0,
2026-05-16T15:31:55.397077,GET,/api/articles/list/small/,5.65,23002,0,
2026-05-16T15:31:55.410465,POST,/api/articles/analyze/,3.73,58,0,
2026-05-16T15:31:55.415989,GET,/api/articles/list/large/,39.01,471824,0,
2026-05-16T15:31:55.426607,GET,/api/articles/list/large/,40.01,471824,0,
2026-05-16T15:31:55.432320,GET,/api/articles/list/large/,39.88,471824,0,
2026-05-16T15:31:55.437753,GET,/api/articles/list/small/,5.27,23002,0,
2026-05-16T15:31:55.455306,POST,/api/articles/analyze/,3.31,58,0,
2026-05-16T15:31:55.463582,POST,/api/articles/bulk/,8.13,34,0,
2026-05-16T15:31:55.467604,GET,/api/articles/list/large/,34.63,471824,0,
2026-05-16T15:31:55.478271,POST,/api/articles/analyze/,3.33,58,0,
2026-05-16T15:31:55.484614,POST,/api/articles/analyze/,2.86,58,0,
2026-05-16T15:31:55.499093,POST,/api/articles/bulk/,9.15,34,0,
2026-05-16T15:31:55.511165,GET,/api/articles/list/small/,4.92,23002,0,
2026-05-16T15:31:55.513469,POST,/api/articles/analyze/,3.58,58,0,
2026-05-16T15:31:55.523580,POST,/api/articles/analyze/,3.31,58,0,
2026-05-16T15:31:55.530736,POST,/api/articles/analyze/,3.88,58,0,
2026-05-16T15:31:55.539347,POST,/api/articles/analyze/,5.35,58,0,
2026-05-16T15:31:55.545235,GET,/api/articles/list/large/,43.85,471824,0,
2026-05-16T15:31:55.550371,GET,/api/articles/list/small/,4.98,23002,0,
2026-05-16T15:31:55.551430,GET,/api/articles/list/large/,38.92,471824,0,
2026-05-16T15:31:55.553681,GET,/api/articles/list/large/,61.32,471824,0,
2026-05-16T15:31:55.557765,GET,/api/articles/list/large/,61.29,471824,0,
2026-05-16T15:31:55.558308,POST,/api/articles/analyze/,3.37,58,0,
2026-05-16T15:31:55.586231,POST,/api/articles/analyze/,3.04,58,0,
2026-05-16T15:31:55.590408,POST,/api/articles/bulk/,9.4,34,0,
2026-05-16T15:31:55.594589,POST,/api/articles/analyze/,2.81,58,0,
2026-05-16T15:31:55.613373,GET,/api/articles/list/large/,37.81,471824,0,
2026-05-16T15:31:55.614693,GET,/api/articles/list/large/,38.57,471824,0,
2026-05-16T15:31:55.629094,POST,/api/articles/bulk/,8.11,34,0,
2026-05-16T15:31:55.631390,GET,/api/articles/list/large/,40.82,471824,0,
2026-05-16T15:31:55.633816,POST,/api/articles/bulk/,8.71,34,0,
2026-05-16T15:31:55.634680,POST,/api/articles/bulk/,8.2,34,0,
2026-05-16T15:31:55.645646,POST,/api/articles/analyze/,3.73,58,0,
2026-05-16T15:31:55.647266,POST,/api/articles/analyze/,4.62,58,0,
2026-05-16T15:31:55.666095,POST,/api/articles/analyze/,3.02,58,0,
2026-05-16T15:31:55.692512,POST,/api/articles/bulk/,8.16,34,0,
2026-05-16T15:31:55.698084,POST,/api/articles/bulk/,8.69,34,0,
2026-05-16T15:31:55.708702,POST,/api/articles/bulk/,7.38,34,0,
2026-05-16T15:31:55.724288,GET,/api/articles/list/large/,35.51,471824,0,
2026-05-16T15:31:55.763227,POST,/api/articles/bulk/,7.65,34,0,
2026-05-16T15:31:55.787202,GET,/api/articles/list/small/,4.95,23002,0,
2026-05-16T15:31:55.804607,POST,/api/articles/analyze/,3.09,58,0,
2026-05-16T15:31:55.812640,GET,/api/articles/list/large/,36.09,471824,0,
2026-05-16T15:31:55.819335,POST,/api/articles/analyze/,4.69,58,0,
2026-05-16T15:31:55.832716,POST,/api/articles/analyze/,5.07,58,0,
2026-05-16T15:31:55.836159,POST,/api/articles/analyze/,4.98,58,0,
2026-05-16T15:31:55.839372,POST,/api/articles/analyze/,4.72,58,0,
2026-05-16T15:31:55.844227,POST,/api/articles/bulk/,10.81,34,0,
2026-05-16T15:31:55.855397,GET,/api/articles/list/large/,42.56,471824,0,
2026-05-16T15:31:55.857042,POST,/api/articles/bulk/,8.54,34,0,
2026-05-16T15:31:55.865148,POST,/api/articles/bulk/,9.56,34,0,
2026-05-16T15:31:55.866259,POST,/api/articles/bulk/,8.53,34,0,
2026-05-16T15:31:55.866986,POST,/api/articles/bulk/,7.85,34,0,
2026-05-16T15:31:55.870348,POST,/api/articles/analyze/,2.92,58,0,
2026-05-16T15:31:55.882120,POST,/api/articles/analyze/,7.52,58,0,
2026-05-16T15:31:55.884121,GET,/api/articles/list/small/,4.68,23002,0,
2026-05-16T15:31:55.900718,GET,/api/articles/list/large/,47.07,471824,0,
2026-05-16T15:31:55.909063,GET,/api/articles/list/large/,43.77,471824,0,
2026-05-16T15:31:55.923304,GET,/api/articles/list/large/,42.14,471824,0,
2026-05-16T15:31:55.926336,POST,/api/articles/analyze/,2.88,58,0,
2026-05-16T15:31:55.951298,POST,/api/articles/bulk/,7.69,34,0,
2026-05-16T15:31:55.993224,GET,/api/articles/list/large/,34.64,471824,0,
2026-05-16T15:31:55.994229,GET,/api/articles/list/large/,34.46,471824,0,
2026-05-16T15:31:55.994698,POST,/api/articles/bulk/,9.31,34,0,
2026-05-16T15:31:56.011120,POST,/api/articles/analyze/,4.15,58,0,
2026-05-16T15:31:56.022243,POST,/api/articles/analyze/,2.83,58,0,
2026-05-16T15:31:56.030089,GET,/api/articles/list/small/,4.57,23002,0,
2026-05-16T15:31:56.043278,GET,/api/articles/list/large/,35.46,471824,0,
2026-05-16T15:31:56.045276,POST,/api/articles/analyze/,3.89,58,0,
2026-05-16T15:31:56.123943,POST,/api/articles/bulk/,7.48,34,0,
2026-05-16T15:31:56.127960,POST,/api/articles/analyze/,2.72,58,0,
2026-05-16T15:31:56.130219,GET,/api/articles/list/large/,33.47,471824,0,
2026-05-16T15:31:56.140418,POST,/api/articles/analyze/,3.78,58,0,
2026-05-16T15:31:56.153853,POST,/api/articles/bulk/,12.18,34,0,
2026-05-16T15:31:56.160418,POST,/api/articles/analyze/,4.3,58,0,
2026-05-16T15:31:56.162680,GET,/api/articles/list/small/,6.08,23002,0,
2026-05-16T15:31:56.168839,POST,/api/articles/bulk/,7.32,34,0,
2026-05-16T15:31:56.186390,GET,/api/articles/list/large/,36.92,471824,0,
2026-05-16T15:31:56.191942,GET,/api/articles/list/large/,34.88,471824,0,
2026-05-16T15:31:56.194083,POST,/api/articles/analyze/,4.41,58,0,
2026-05-16T15:31:56.245315,GET,/api/articles/list/small/,4.55,23002,0,
2026-05-16T15:31:56.246488,GET,/api/articles/list/large/,56.23,471824,0,
2026-05-16T15:31:56.253894,GET,/api/articles/list/large/,55.55,471824,0,
2026-05-16T15:31:56.257132,POST,/api/articles/bulk/,7.42,34,0,
2026-05-16T15:31:56.276168,GET,/api/articles/list/small/,4.47,23002,0,
2026-05-16T15:31:56.290452,GET,/api/articles/list/large/,33.2,471824,0,
2026-05-16T15:31:56.290967,GET,/api/articles/list/small/,5.52,23002,0,
2026-05-16T15:31:56.308371,GET,/api/articles/list/small/,5.45,23002,0,
2026-05-16T15:31:56.314788,POST,/api/articles/bulk/,7.6,34,0,
2026-05-16T15:31:56.319599,POST,/api/articles/analyze/,2.62,58,0,
2026-05-16T15:31:56.328615,GET,/api/articles/list/large/,33.48,471824,0,
2026-05-16T15:31:56.337948,GET,/api/articles/list/large/,34.5,471824,0,
2026-05-16T15:31:56.344183,POST,/api/articles/bulk/,8.3,34,0,
2026-05-16T15:31:56.345366,GET,/api/articles/list/large/,33.83,471824,0,
2026-05-16T15:31:56.373998,POST,/api/articles/analyze/,2.77,58,0,
2026-05-16T15:31:56.381500,GET,/api/articles/list/large/,33.81,471824,0,
2026-05-16T15:31:56.384791,GET,/api/articles/list/small/,5.12,23002,0,
2026-05-16T15:31:56.402191,GET,/api/articles/list/small/,9.91,23002,0,
2026-05-16T15:31:56.407875,POST,/api/articles/bulk/,7.52,34,0,
2026-05-16T15:31:56.414937,POST,/api/articles/bulk/,6.94,34,0,
2026-05-16T15:31:56.416616,POST,/api/articles/analyze/,2.86,58,0,
2026-05-16T15:31:56.427575,GET,/api/articles/list/small/,4.75,23002,0,
2026-05-16T15:31:56.432632,GET,/api/articles/list/large/,43.24,471824,0,
2026-05-16T15:31:56.433291,POST,/api/articles/bulk/,7.96,34,0,
2026-05-16T15:31:56.439625,GET,/api/articles/list/small/,10.81,23002,0,
2026-05-16T15:31:56.441150,POST,/api/articles/bulk/,10.46,34,0,
2026-05-16T15:31:56.441644,POST,/api/articles/analyze/,3.26,58,0,
2026-05-16T15:31:56.442055,POST,/api/articles/analyze/,5.11,58,0,
2026-05-16T15:31:56.446570,POST,/api/articles/bulk/,8.87,34,0,
2026-05-16T15:31:56.449224,POST,/api/articles/analyze/,3.97,58,0,
2026-05-16T15:31:56.450568,GET,/api/articles/list/small/,4.79,23002,0,
2026-05-16T15:31:56.462787,POST,/api/articles/bulk/,7.71,34,0,
2026-05-16T15:31:56.467802,GET,/api/articles/list/large/,34.27,471824,0,
2026-05-16T15:31:56.485925,GET,/api/articles/list/large/,35.25,471824,0,
2026-05-16T15:31:56.493765,POST,/api/articles/bulk/,7.54,34,0,
2026-05-16T15:31:56.522289,GET,/api/articles/list/large/,39.18,471824,0,
2026-05-16T15:31:56.525422,POST,/api/articles/analyze/,4.99,58,0,
2026-05-16T15:31:56.525998,POST,/api/articles/analyze/,2.82,58,0,
2026-05-16T15:31:56.535646,GET,/api/articles/list/large/,34.61,471824,0,
2026-05-16T15:31:56.536161,POST,/api/articles/analyze/,3.97,58,0,
2026-05-16T15:31:56.536541,POST,/api/articles/bulk/,9.32,34,0,
2026-05-16T15:31:56.551428,GET,/api/articles/list/large/,34.7,471824,0,
2026-05-16T15:31:56.557468,GET,/api/articles/list/large/,35.03,471824,0,
2026-05-16T15:31:56.572527,GET,/api/articles/list/small/,4.43,23002,0,
2026-05-16T15:31:56.584025,GET,/api/articles/list/large/,34.46,471824,0,
2026-05-16T15:31:56.587484,GET,/api/articles/list/large/,33.45,471824,0,
2026-05-16T15:31:56.591188,POST,/api/articles/bulk/,9.41,34,0,
2026-05-16T15:31:56.591786,POST,/api/articles/bulk/,7.62,34,0,
2026-05-16T15:31:56.594796,GET,/api/articles/list/large/,33.08,471824,0,
2026-05-16T15:31:56.604524,POST,/api/articles/bulk/,7.39,34,0,
2026-05-16T15:31:56.613922,GET,/api/articles/list/small/,5.08,23002,0,
2026-05-16T15:31:56.616469,GET,/api/articles/list/small/,4.4,23002,0,
2026-05-16T15:31:56.628971,POST,/api/articles/analyze/,2.8,58,0,
2026-05-16T15:31:56.650858,GET,/api/articles/list/large/,41.47,471824,0,
2026-05-16T15:31:56.658814,GET,/api/articles/list/large/,38.1,471824,0,
2026-05-16T15:31:56.687411,POST,/api/articles/bulk/,7.22,34,0,
2026-05-16T15:31:56.721641,POST,/api/articles/analyze/,2.83,58,0,
2026-05-16T15:31:56.740467,POST,/api/articles/bulk/,7.21,34,0,
2026-05-16T15:31:56.754220,GET,/api/articles/list/small/,5.08,23002,0,
2026-05-16T15:31:56.755384,GET,/api/articles/list/large/,33.6,471824,0,
2026-05-16T15:31:56.755819,GET,/api/articles/list/small/,5.69,23002,0,
2026-05-16T15:31:56.764924,POST,/api/articles/analyze/,2.59,58,0,
2026-05-16T15:31:56.777291,POST,/api/articles/bulk/,10.15,34,0,
2026-05-16T15:31:56.779258,GET,/api/articles/list/large/,34.58,471824,0,
2026-05-16T15:31:56.779701,POST,/api/articles/analyze/,4.86,58,0,
2026-05-16T15:31:56.790182,GET,/api/articles/list/large/,33.23,471824,0,
2026-05-16T15:31:56.793676,POST,/api/articles/bulk/,7.31,34,0,
2026-05-16T15:31:56.801372,GET,/api/articles/list/large/,33.51,471824,0,
2026-05-16T15:31:56.820022,GET,/api/articles/list/large/,37.12,471824,0,
2026-05-16T15:31:56.830059,POST,/api/articles/analyze/,2.69,58,0,
2026-05-16T15:31:56.841786,POST,/api/articles/bulk/,7.37,34,0,
2026-05-16T15:31:56.851951,POST,/api/articles/bulk/,7.96,34,0,
2026-05-16T15:31:56.858033,POST,/api/articles/bulk/,7.39,34,0,
2026-05-16T15:31:56.899160,POST,/api/articles/bulk/,8.07,34,0,
2026-05-16T15:31:56.901090,POST,/api/articles/bulk/,14.46,34,0,
2026-05-16T15:31:56.904857,GET,/api/articles/list/small/,4.66,23002,0,
2026-05-16T15:31:56.918849,POST,/api/articles/bulk/,7.65,34,0,
2026-05-16T15:31:56.932548,POST,/api/articles/bulk/,7.49,34,0,
2026-05-16T15:31:56.946283,GET,/api/articles/list/large/,33.83,471824,0,
2026-05-16T15:31:56.960386,POST,/api/articles/analyze/,2.67,58,0,
2026-05-16T15:31:56.982295,POST,/api/articles/analyze/,2.56,58,0,
2026-05-16T15:31:57.016266,GET,/api/articles/list/small/,4.15,23002,0,
2026-05-16T15:31:57.017216,POST,/api/articles/bulk/,7.88,34,0,
2026-05-16T15:31:57.022723,GET,/api/articles/list/large/,33.2,471824,0,
2026-05-16T15:31:57.042566,GET,/api/articles/list/large/,34.6,471824,0,
2026-05-16T15:31:57.050917,GET,/api/articles/list/large/,36.52,471824,0,
2026-05-16T15:31:57.051418,POST,/api/articles/bulk/,7.6,34,0,
2026-05-16T15:31:57.052462,GET,/api/articles/list/large/,36.06,471824,0,
2026-05-16T15:31:57.052857,POST,/api/articles/analyze/,5.2,58,0,
2026-05-16T15:31:57.063628,GET,/api/articles/list/small/,4.37,23002,0,
2026-05-16T15:31:57.066155,POST,/api/articles/analyze/,2.41,58,0,
2026-05-16T15:31:57.141518,GET,/api/articles/list/small/,7.46,23002,0,
2026-05-16T15:31:57.147720,POST,/api/articles/bulk/,7.53,34,0,
2026-05-16T15:31:57.151944,GET,/api/articles/list/small/,4.1,23002,0,
2026-05-16T15:31:57.153204,GET,/api/articles/list/small/,4.08,23002,0,
2026-05-16T15:31:57.165152,POST,/api/articles/analyze/,2.72,58,0,
2026-05-16T15:31:57.170690,GET,/api/articles/list/small/,4.18,23002,0,
2026-05-16T15:31:57.195636,POST,/api/articles/bulk/,7.33,34,0,
2026-05-16T15:31:57.208528,GET,/api/articles/list/large/,34.61,471824,0,
2026-05-16T15:31:57.214505,POST,/api/articles/bulk/,8.05,34,0,
2026-05-16T15:31:57.230216,POST,/api/articles/bulk/,8.45,34,0,
2026-05-16T15:31:57.230642,POST,/api/articles/bulk/,7.55,34,0,
2026-05-16T15:31:57.232666,GET,/api/articles/list/large/,33.79,471824,0,
2026-05-16T15:31:57.235296,POST,/api/articles/analyze/,2.52,58,0,
2026-05-16T15:31:57.243211,POST,/api/articles/analyze/,2.59,58,0,
2026-05-16T15:31:57.269322,POST,/api/articles/analyze/,2.99,58,0,
2026-05-16T15:31:57.273708,POST,/api/articles/bulk/,8.28,34,0,
2026-05-16T15:31:57.292894,POST,/api/articles/bulk/,13.84,34,0,
2026-05-16T15:31:57.308586,GET,/api/articles/list/small/,4.43,23002,0,
2026-05-16T15:31:57.314941,GET,/api/articles/list/large/,35.17,471824,0,
2026-05-16T15:31:57.318249,GET,/api/articles/list/small/,5.47,23002,0,
2026-05-16T15:31:57.331915,POST,/api/articles/bulk/,7.32,34,0,
2026-05-16T15:31:57.343911,POST,/api/articles/bulk/,7.66,34,0,
2026-05-16T15:31:57.345173,GET,/api/articles/list/small/,4.24,23002,0,
2026-05-16T15:31:57.362658,POST,/api/articles/analyze/,2.76,58,0,
2026-05-16T15:31:57.364668,GET,/api/articles/list/small/,5.31,23002,0,
2026-05-16T15:31:57.371421,GET,/api/articles/list/large/,34.38,471824,0,
2026-05-16T15:31:57.381293,GET,/api/articles/list/small/,11.38,23002,0,
2026-05-16T15:31:57.387461,POST,/api/articles/analyze/,2.75,58,0,
2026-05-16T15:31:57.430176,POST,/api/articles/bulk/,7.33,34,0,
2026-05-16T15:31:57.434017,POST,/api/articles/analyze/,2.47,58,0,
2026-05-16T15:31:57.442556,GET,/api/articles/list/small/,4.3,23002,0,
2026-05-16T15:31:57.452069,GET,/api/articles/list/small/,4.27,23002,0,
2026-05-16T15:31:57.463812,GET,/api/articles/list/small/,4.33,23002,0,
2026-05-16T15:31:57.473828,POST,/api/articles/bulk/,7.78,34,0,
2026-05-16T15:31:57.497486,POST,/api/articles/bulk/,7.29,34,0,
2026-05-16T15:31:57.516451,POST,/api/articles/bulk/,7.04,34,0,
2026-05-16T15:31:57.535419,POST,/api/articles/bulk/,7.75,34,0,
2026-05-16T15:31:57.536513,GET,/api/articles/list/large/,34.65,471824,0,
2026-05-16T15:31:57.543604,GET,/api/articles/list/small/,4.66,23002,0,
2026-05-16T15:31:57.544336,GET,/api/articles/list/small/,4.82,23002,0,
2026-05-16T15:31:57.544738,POST,/api/articles/bulk/,8.1,34,0,
2026-05-16T15:31:57.545175,GET,/api/articles/list/small/,4.3,23002,0,
2026-05-16T15:31:57.558857,GET,/api/articles/list/small/,4.43,23002,0,
2026-05-16T15:31:57.578369,POST,/api/articles/bulk/,7.28,34,0,
2026-05-16T15:31:57.582676,GET,/api/articles/list/large/,34.15,471824,0,
2026-05-16T15:31:57.586887,POST,/api/articles/bulk/,7.3,34,0,
2026-05-16T15:31:57.603702,POST,/api/articles/analyze/,2.6,58,0,
2026-05-16T15:31:57.617407,GET,/api/articles/list/small/,4.43,23002,0,
2026-05-16T15:31:57.618549,GET,/api/articles/list/large/,35.74,471824,0,
2026-05-16T15:31:57.619729,GET,/api/articles/list/large/,34.44,471824,0,
2026-05-16T15:31:57.641918,POST,/api/articles/analyze/,2.94,58,0,
2026-05-16T15:31:57.645361,GET,/api/articles/list/large/,40.41,471824,0,
2026-05-16T15:31:57.649860,GET,/api/articles/list/large/,39.38,471824,0,
2026-05-16T15:31:57.653498,GET,/api/articles/list/large/,44.21,471824,0,
2026-05-16T15:31:57.657578,POST,/api/articles/analyze/,2.71,58,0,
2026-05-16T15:31:57.702056,GET,/api/articles/list/small/,4.43,23002,0,
2026-05-16T15:31:57.711140,GET,/api/articles/list/large/,33.29,471824,0,
2026-05-16T15:31:57.719833,GET,/api/articles/list/small/,5.96,23002,0,
2026-05-16T15:31:57.720289,GET,/api/articles/list/small/,6.9,23002,0,
2026-05-16T15:31:57.726824,GET,/api/articles/list/small/,4.6,23002,0,
2026-05-16T15:31:57.729050,POST,/api/articles/bulk/,7.54,34,0,
2026-05-16T15:31:57.736815,GET,/api/articles/list/large/,33.51,471824,0,
2026-05-16T15:31:57.742381,GET,/api/articles/list/small/,4.28,23002,0,
2026-05-16T15:31:57.751219,GET,/api/articles/list/large/,33.21,471824,0,
2026-05-16T15:31:57.764982,POST,/api/articles/analyze/,3.37,58,0,
2026-05-16T15:31:57.765404,POST,/api/articles/analyze/,2.69,58,0,
2026-05-16T15:31:57.790698,POST,/api/articles/bulk/,7.07,34,0,
2026-05-16T15:31:57.791138,GET,/api/articles/list/small/,4.67,23002,0,
2026-05-16T15:31:57.800540,POST,/api/articles/bulk/,7.19,34,0,
2026-05-16T15:31:57.817471,GET,/api/articles/list/large/,34.85,471824,0,
2026-05-16T15:31:57.818305,GET,/api/articles/list/small/,4.51,23002,0,
2026-05-16T15:31:57.820958,GET,/api/articles/list/large/,34.01,471824,0,
2026-05-16T15:31:57.825838,POST,/api/articles/analyze/,2.7,58,0,
2026-05-16T15:31:57.838105,POST,/api/articles/bulk/,6.88,34,0,
2026-05-16T15:31:57.840926,POST,/api/articles/analyze/,2.7,58,0,
2026-05-16T15:31:57.844693,POST,/api/articles/bulk/,7.74,34,0,
2026-05-16T15:31:57.877673,GET,/api/articles/list/small/,9.29,23002,0,
2026-05-16T15:31:57.887727,POST,/api/articles/analyze/,2.71,58,0,
2026-05-16T15:31:57.907752,POST,/api/articles/analyze/,2.62,58,0,
2026-05-16T15:31:57.921458,GET,/api/articles/list/small/,6.44,23002,0,
2026-05-16T15:31:57.921976,GET,/api/articles/list/small/,5.82,23002,0,
2026-05-16T15:31:57.941368,POST,/api/articles/analyze/,2.81,58,0,
2026-05-16T15:31:57.954749,GET,/api/articles/list/large/,35.05,471824,0,
2026-05-16T15:31:57.988085,POST,/api/articles/bulk/,12.97,34,0,
2026-05-16T15:31:57.989777,GET,/api/articles/list/small/,7.49,23002,0,
2026-05-16T15:31:58.005441,GET,/api/articles/list/small/,4.33,23002,0,
2026-05-16T15:31:58.013245,POST,/api/articles/analyze/,2.71,58,0,
2026-05-16T15:31:58.015399,GET,/api/articles/list/small/,5.26,23002,0,
2026-05-16T15:31:58.015804,GET,/api/articles/list/small/,6.12,23002,0,
2026-05-16T15:31:58.033723,GET,/api/articles/list/small/,4.39,23002,0,
2026-05-16T15:31:58.038010,GET,/api/articles/list/small/,4.16,23002,0,
2026-05-16T15:31:58.049507,GET,/api/articles/list/large/,33.61,471824,0,
2026-05-16T15:31:58.059801,GET,/api/articles/list/small/,4.37,23002,0,
2026-05-16T15:31:58.075654,POST,/api/articles/analyze/,2.69,58,0,
2026-05-16T15:31:58.084498,GET,/api/articles/list/large/,33.57,471824,0,
2026-05-16T15:31:58.085531,POST,/api/articles/analyze/,4.7,58,0,
2026-05-16T15:31:58.086022,GET,/api/articles/list/small/,4.64,23002,0,
2026-05-16T15:31:58.089860,GET,/api/articles/list/small/,5.23,23002,0,
2026-05-16T15:31:58.136751,GET,/api/articles/list/small/,4.47,23002,0,
2026-05-16T15:31:58.169914,POST,/api/articles/bulk/,30.77,34,0,
2026-05-16T15:31:58.172140,GET,/api/articles/list/small/,27.42,23002,0,
2026-05-16T15:31:58.177669,GET,/api/articles/list/large/,37.79,471824,0,
2026-05-16T15:31:58.178780,POST,/api/articles/bulk/,7.97,34,0,
2026-05-16T15:31:58.179249,POST,/api/articles/bulk/,32.25,34,0,
2026-05-16T15:31:58.179630,POST,/api/articles/bulk/,9.57,34,0,
2026-05-16T15:31:58.192140,POST,/api/articles/analyze/,3.33,58,0,
2026-05-16T15:31:58.194198,GET,/api/articles/list/small/,4.2,23002,0,
2026-05-16T15:31:58.210965,GET,/api/articles/list/large/,35.54,471824,0,
2026-05-16T15:31:58.239082,GET,/api/articles/list/small/,4.54,23002,0,
2026-05-16T15:31:58.243055,GET,/api/articles/list/small/,4.93,23002,0,
2026-05-16T15:31:58.244090,GET,/api/articles/list/large/,34.71,471824,0,
2026-05-16T15:31:58.274616,POST,/api/articles/analyze/,2.67,58,0,
2026-05-16T15:31:58.282807,POST,/api/articles/bulk/,6.97,34,0,
2026-05-16T15:31:58.283866,GET,/api/articles/list/small/,4.26,23002,0,
2026-05-16T15:31:58.297605,GET,/api/articles/list/small/,5.53,23002,0,
2026-05-16T15:31:58.298918,GET,/api/articles/list/large/,34.6,471824,0,
2026-05-16T15:31:58.300580,POST,/api/articles/analyze/,4.98,58,0,
2026-05-16T15:31:58.307342,POST,/api/articles/analyze/,2.59,58,0,
2026-05-16T15:31:58.315118,POST,/api/articles/analyze/,2.55,58,0,
2026-05-16T15:31:58.322252,POST,/api/articles/bulk/,7.02,34,0,
2026-05-16T15:31:58.331710,GET,/api/articles/list/large/,35.59,471824,0,
2026-05-16T15:31:58.335763,POST,/api/articles/analyze/,2.67,58,0,
2026-05-16T15:31:58.351019,POST,/api/articles/analyze/,2.65,58,0,
2026-05-16T15:31:58.372254,POST,/api/articles/analyze/,3.55,58,0,
2026-05-16T15:31:58.376944,POST,/api/articles/bulk/,11.5,34,0,
2026-05-16T15:31:58.379186,GET,/api/articles/list/large/,40.22,471824,0,
2026-05-16T15:31:58.382682,GET,/api/articles/list/small/,5.61,23002,0,
2026-05-16T15:31:58.391617,GET,/api/articles/list/small/,4.55,23002,0,
2026-05-16T15:31:58.417218,GET,/api/articles/list/small/,4.37,23002,0,
2026-05-16T15:31:58.429034,POST,/api/articles/bulk/,7.46,34,0,
2026-05-16T15:31:58.435676,GET,/api/articles/list/small/,4.3,23002,0,
2026-05-16T15:31:58.447166,GET,/api/articles/list/small/,4.28,23002,0,
2026-05-16T15:31:58.477195,POST,/api/articles/analyze/,2.82,58,0,
2026-05-16T15:31:58.481808,POST,/api/articles/analyze/,2.44,58,0,
2026-05-16T15:31:58.497340,POST,/api/articles/analyze/,3.34,58,0,
2026-05-16T15:31:58.527486,GET,/api/articles/list/large/,32.99,471824,0,
2026-05-16T15:31:58.534207,GET,/api/articles/list/small/,4.29,23002,0,
2026-05-16T15:31:58.543345,POST,/api/articles/analyze/,3.36,58,0,
2026-05-16T15:31:58.548575,POST,/api/articles/bulk/,7.36,34,0,
2026-05-16T15:31:58.549064,GET,/api/articles/list/small/,4.44,23002,0,
2026-05-16T15:31:58.574982,GET,/api/articles/list/large/,35.43,471824,0,
2026-05-16T15:31:58.577760,POST,/api/articles/analyze/,2.64,58,0,
2026-05-16T15:31:58.587573,GET,/api/articles/list/small/,4.54,23002,0,
2026-05-16T15:31:58.598568,GET,/api/articles/list/large/,37.27,471824,0,
2026-05-16T15:31:58.633738,GET,/api/articles/list/large/,40.94,471824,0,
2026-05-16T15:31:58.642592,POST,/api/articles/analyze/,4.15,58,0,
2026-05-16T15:31:58.646980,POST,/api/articles/bulk/,7.97,34,0,
2026-05-16T15:31:58.666701,GET,/api/articles/list/large/,34.99,471824,0,
2026-05-16T15:31:58.671724,POST,/api/articles/analyze/,2.62,58,0,
2026-05-16T15:31:58.688508,GET,/api/articles/list/small/,4.4,23002,0,
2026-05-16T15:31:58.692455,GET,/api/articles/list/small/,5.61,23002,0,
2026-05-16T15:31:58.697705,POST,/api/articles/bulk/,7.7,34,0,
2026-05-16T15:31:58.719781,GET,/api/articles/list/large/,33.8,471824,0,
2026-05-16T15:31:58.724827,GET,/api/articles/list/large/,39.28,471824,0,
2026-05-16T15:31:58.727304,GET,/api/articles/list/large/,33.22,471824,0,
2026-05-16T15:31:58.729382,GET,/api/articles/list/large/,38.12,471824,0,
2026-05-16T15:31:58.738500,POST,/api/articles/analyze/,2.78,58,0,
2026-05-16T15:31:58.748064,GET,/api/articles/list/small/,4.23,23002,0,
2026-05-16T15:31:58.764090,GET,/api/articles/list/small/,4.22,23002,0,
2026-05-16T15:31:58.792155,GET,/api/articles/list/large/,34.83,471824,0,
2026-05-16T15:31:58.794683,POST,/api/articles/analyze/,3.67,58,0,
2026-05-16T15:31:58.796683,POST,/api/articles/analyze/,2.86,58,0,
2026-05-16T15:31:58.807938,GET,/api/articles/list/large/,33.57,471824,0,
2026-05-16T15:31:58.811481,GET,/api/articles/list/small/,5.54,23002,0,
2026-05-16T15:31:58.813290,GET,/api/articles/list/large/,33.58,471824,0,
2026-05-16T15:31:58.820319,GET,/api/articles/list/large/,35.22,471824,0,
2026-05-16T15:31:58.835936,POST,/api/articles/bulk/,7.25,34,0,
2026-05-16T15:31:58.854068,POST,/api/articles/bulk/,7.78,34,0,
2026-05-16T15:31:58.894285,GET,/api/articles/list/small/,4.57,23002,0,
2026-05-16T15:31:58.907370,POST,/api/articles/bulk/,8.53,34,0,
2026-05-16T15:31:58.908007,POST,/api/articles/bulk/,7.98,34,0,
2026-05-16T15:31:58.920688,POST,/api/articles/analyze/,2.91,58,0,
2026-05-16T15:31:58.924048,POST,/api/articles/bulk/,8.34,34,0,
2026-05-16T15:31:58.928793,POST,/api/articles/analyze/,2.99,58,0,
2026-05-16T15:31:58.934631,GET,/api/articles/list/large/,35.02,471824,0,
2026-05-16T15:31:58.936288,GET,/api/articles/list/large/,33.82,471824,0,
2026-05-16T15:31:58.946038,GET,/api/articles/list/small/,4.51,23002,0,
2026-05-16T15:31:58.947212,GET,/api/articles/list/large/,33.95,471824,0,
2026-05-16T15:31:58.952997,GET,/api/articles/list/large/,35.87,471824,0,
2026-05-16T15:31:58.960141,GET,/api/articles/list/large/,34.81,471824,0,
2026-05-16T15:31:58.963446,POST,/api/articles/bulk/,7.23,34,0,
2026-05-16T15:31:58.976142,GET,/api/articles/list/small/,4.28,23002,0,
2026-05-16T15:31:58.977981,POST,/api/articles/bulk/,7.7,34,0,
2026-05-16T15:31:59.000061,POST,/api/articles/analyze/,2.8,58,0,
2026-05-16T15:31:59.007521,GET,/api/articles/list/large/,37.7,471824,0,
2026-05-16T15:31:59.010900,GET,/api/articles/list/large/,35.63,471824,0,
2026-05-16T15:31:59.012537,POST,/api/articles/analyze/,3.35,58,0,
2026-05-16T15:31:59.036225,POST,/api/articles/bulk/,7.35,34,0,
2026-05-16T15:31:59.039623,GET,/api/articles/list/small/,4.75,23002,0,
2026-05-16T15:31:59.040512,POST,/api/articles/analyze/,2.65,58,0,
2026-05-16T15:31:59.052235,POST,/api/articles/bulk/,7.61,34,0,
2026-05-16T15:31:59.054865,GET,/api/articles/list/small/,5.14,23002,0,
2026-05-16T15:31:59.058088,POST,/api/articles/bulk/,7.42,34,0,
2026-05-16T15:31:59.062802,POST,/api/articles/analyze/,2.49,58,0,
2026-05-16T15:31:59.069800,POST,/api/articles/bulk/,6.88,34,0,
2026-05-16T15:31:59.073720,GET,/api/articles/list/large/,33.97,471824,0,
2026-05-16T15:31:59.099481,POST,/api/articles/bulk/,7.39,34,0,
2026-05-16T15:31:59.114634,POST,/api/articles/analyze/,3.07,58,0,
2026-05-16T15:31:59.118290,POST,/api/articles/bulk/,8.24,34,0,
2026-05-16T15:31:59.124476,POST,/api/articles/analyze/,3.98,58,0,
2026-05-16T15:31:59.145368,GET,/api/articles/list/large/,37.38,471824,0,
2026-05-16T15:31:59.146368,GET,/api/articles/list/large/,44.17,471824,0,
2026-05-16T15:31:59.149766,GET,/api/articles/list/small/,6.04,23002,0,
2026-05-16T15:31:59.158160,POST,/api/articles/bulk/,7.2,34,0,
2026-05-16T15:31:59.180180,POST,/api/articles/bulk/,7.66,34,0,
2026-05-16T15:31:59.189680,POST,/api/articles/bulk/,7.23,34,0,
2026-05-16T15:31:59.223443,POST,/api/articles/analyze/,2.82,58,0,
2026-05-16T15:31:59.223867,POST,/api/articles/analyze/,3.78,58,0,
2026-05-16T15:31:59.235839,GET,/api/articles/list/large/,33.77,471824,0,
2026-05-16T15:31:59.238395,POST,/api/articles/bulk/,7.32,34,0,
2026-05-16T15:31:59.243183,GET,/api/articles/list/small/,4.68,23002,0,
2026-05-16T15:31:59.245420,GET,/api/articles/list/large/,33.83,471824,0,
2026-05-16T15:31:59.247914,POST,/api/articles/analyze/,4.57,58,0,
2026-05-16T15:31:59.248317,POST,/api/articles/analyze/,2.77,58,0,
2026-05-16T15:31:59.269379,GET,/api/articles/list/small/,4.42,23002,0,
2026-05-16T15:31:59.271831,GET,/api/articles/list/small/,4.27,23002,0,
2026-05-16T15:31:59.279354,GET,/api/articles/list/large/,37.05,471824,0,
2026-05-16T15:31:59.283519,GET,/api/articles/list/large/,33.94,471824,0,
2026-05-16T15:31:59.290590,POST,/api/articles/analyze/,2.89,58,0,
2026-05-16T15:31:59.294952,POST,/api/articles/bulk/,8.01,34,0,
2026-05-16T15:31:59.324096,GET,/api/articles/list/small/,4.49,23002,0,
2026-05-16T15:31:59.334292,POST,/api/articles/analyze/,2.53,58,0,
2026-05-16T15:31:59.336949,POST,/api/articles/analyze/,2.54,58,0,
2026-05-16T15:31:59.341986,GET,/api/articles/list/small/,4.92,23002,0,
2026-05-16T15:31:59.362803,GET,/api/articles/list/small/,4.54,23002,0,
2026-05-16T15:31:59.370225,GET,/api/articles/list/large/,43.89,471824,0,
2026-05-16T15:31:59.378315,GET,/api/articles/list/large/,40.25,471824,0,
2026-05-16T15:31:59.406266,POST,/api/articles/analyze/,2.72,58,0,
2026-05-16T15:31:59.440021,POST,/api/articles/bulk/,7.37,34,0,
2026-05-16T15:31:59.446561,GET,/api/articles/list/small/,4.24,23002,0,
2026-05-16T15:31:59.484590,GET,/api/articles/list/small/,4.42,23002,0,
2026-05-16T15:31:59.503254,GET,/api/articles/list/small/,4.77,23002,0,
2026-05-16T15:31:59.507012,GET,/api/articles/list/small/,4.66,23002,0,
2026-05-16T15:31:59.512844,POST,/api/articles/analyze/,4.54,58,0,
2026-05-16T15:31:59.515362,GET,/api/articles/list/small/,6.44,23002,0,
2026-05-16T15:31:59.522141,POST,/api/articles/bulk/,9.09,34,0,
2026-05-16T15:31:59.523304,POST,/api/articles/bulk/,9.4,34,0,
2026-05-16T15:31:59.529947,GET,/api/articles/list/large/,36.1,471824,0,
2026-05-16T15:31:59.536563,POST,/api/articles/bulk/,8.95,34,0,
2026-05-16T15:31:59.538245,POST,/api/articles/analyze/,3.26,58,0,
2026-05-16T15:31:59.555523,GET,/api/articles/list/large/,76.51,471824,0,
2026-05-16T15:31:59.559295,POST,/api/articles/analyze/,6.18,58,0,
2026-05-16T15:31:59.559728,POST,/api/articles/analyze/,4.02,58,0,
2026-05-16T15:31:59.590459,POST,/api/articles/analyze/,2.85,58,0,
2026-05-16T15:31:59.613319,GET,/api/articles/list/large/,42.36,471824,0,
2026-05-16T15:31:59.613799,GET,/api/articles/list/small/,5.57,23002,0,
2026-05-16T15:31:59.642156,GET,/api/articles/list/large/,36.03,471824,0,
2026-05-16T15:31:59.648402,POST,/api/articles/bulk/,8.35,34,0,
2026-05-16T15:31:59.669308,GET,/api/articles/list/small/,4.53,23002,0,
2026-05-16T15:31:59.677902,GET,/api/articles/list/small/,4.21,23002,0,
2026-05-16T15:31:59.699719,POST,/api/articles/bulk/,7.21,34,0,
2026-05-16T15:31:59.710646,GET,/api/articles/list/large/,34.42,471824,0,
2026-05-16T15:31:59.712467,GET,/api/articles/list/large/,33.29,471824,0,
2026-05-16T15:31:59.712956,POST,/api/articles/analyze/,4.32,58,0,
2026-05-16T15:31:59.719665,POST,/api/articles/analyze/,2.53,58,0,
2026-05-16T15:31:59.750893,GET,/api/articles/list/small/,4.17,23002,0,
2026-05-16T15:31:59.752796,POST,/api/articles/bulk/,7.74,34,0,
2026-05-16T15:31:59.801215,GET,/api/articles/list/small/,4.46,23002,0,
2026-05-16T15:31:59.806007,POST,/api/articles/analyze/,2.52,58,0,
2026-05-16T15:31:59.823586,GET,/api/articles/list/large/,34.52,471824,0,
2026-05-16T15:31:59.830374,GET,/api/articles/list/small/,4.51,23002,0,
2026-05-16T15:31:59.843046,POST,/api/articles/bulk/,7.41,34,0,
2026-05-16T15:31:59.845387,GET,/api/articles/list/large/,34.15,471824,0,
2026-05-16T15:31:59.857892,POST,/api/articles/analyze/,7.09,58,0,
2026-05-16T15:31:59.858893,POST,/api/articles/analyze/,4.28,58,0,
2026-05-16T15:31:59.859644,POST,/api/articles/analyze/,3.52,58,0,
2026-05-16T15:31:59.893113,POST,/api/articles/bulk/,7.59,34,0,
2026-05-16T15:31:59.901562,POST,/api/articles/bulk/,7.24,34,0,
2026-05-16T15:31:59.911537,GET,/api/articles/list/large/,33.61,471824,0,
2026-05-16T15:31:59.940064,POST,/api/articles/bulk/,8.09,34,0,
2026-05-16T15:31:59.943394,POST,/api/articles/analyze/,4.37,58,0,
2026-05-16T15:31:59.943895,POST,/api/articles/analyze/,2.69,58,0,
2026-05-16T15:31:59.948468,POST,/api/articles/bulk/,8.26,34,0,
2026-05-16T15:31:59.953485,GET,/api/articles/list/small/,4.9,23002,0,
2026-05-16T15:31:59.959877,POST,/api/articles/bulk/,7.55,34,0,
2026-05-16T15:31:59.992459,GET,/api/articles/list/large/,34.73,471824,0,
2026-05-16T15:31:59.993882,POST,/api/articles/analyze/,4.24,58,0,
2026-05-16T15:32:00.000152,POST,/api/articles/bulk/,7.55,34,0,
2026-05-16T15:32:00.004047,GET,/api/articles/list/large/,33.89,471824,0,
2026-05-16T15:32:00.013719,POST,/api/articles/bulk/,7.3,34,0,
2026-05-16T15:32:00.018469,POST,/api/articles/bulk/,7.09,34,0,
2026-05-16T15:32:00.020155,GET,/api/articles/list/small/,4.21,23002,0,
2026-05-16T15:32:00.038402,POST,/api/articles/analyze/,2.64,58,0,
2026-05-16T15:32:00.039535,GET,/api/articles/list/small/,4.96,23002,0,
2026-05-16T15:32:00.059593,POST,/api/articles/analyze/,4.75,58,0,
2026-05-16T15:32:00.060043,POST,/api/articles/analyze/,3.49,58,0,
2026-05-16T15:32:00.068421,GET,/api/articles/list/small/,5.02,23002,0,
2026-05-16T15:32:00.074535,POST,/api/articles/bulk/,7.5,34,0,
2026-05-16T15:32:00.106745,POST,/api/articles/bulk/,17.94,34,0,
2026-05-16T15:32:00.107760,POST,/api/articles/bulk/,14.97,34,0,
2026-05-16T15:32:00.109395,POST,/api/articles/analyze/,10.04,58,0,
2026-05-16T15:32:00.112707,POST,/api/articles/bulk/,16.77,34,0,
2026-05-16T15:32:00.120064,POST,/api/articles/bulk/,7.25,34,0,
2026-05-16T15:32:00.146660,POST,/api/articles/analyze/,2.78,58,0,
2026-05-16T15:32:00.154191,GET,/api/articles/list/small/,4.32,23002,0,
2026-05-16T15:32:00.157897,GET,/api/articles/list/large/,33.48,471824,0,
2026-05-16T15:32:00.163422,GET,/api/articles/list/small/,4.11,23002,0,
2026-05-16T15:32:00.173410,POST,/api/articles/bulk/,7.77,34,0,
2026-05-16T15:32:00.196438,POST,/api/articles/analyze/,4.47,58,0,
2026-05-16T15:32:00.199114,GET,/api/articles/list/large/,41.08,471824,0,
2026-05-16T15:32:00.205629,POST,/api/articles/bulk/,11.7,34,0,
2026-05-16T15:32:00.206310,POST,/api/articles/bulk/,11.3,34,0,
2026-05-16T15:32:00.208075,GET,/api/articles/list/large/,38.65,471824,0,
2026-05-16T15:32:00.213405,GET,/api/articles/list/small/,18.82,23002,0,
2026-05-16T15:32:00.220140,POST,/api/articles/bulk/,10.74,34,0,
2026-05-16T15:32:00.220637,GET,/api/articles/list/small/,9.93,23002,0,
2026-05-16T15:32:00.221852,GET,/api/articles/list/large/,42.25,471824,0,
2026-05-16T15:32:00.222788,POST,/api/articles/bulk/,11.48,34,0,
2026-05-16T15:32:00.238836,POST,/api/articles/bulk/,7.75,34,0,
2026-05-16T15:32:00.240394,GET,/api/articles/list/large/,46.93,471824,0,
2026-05-16T15:32:00.241416,POST,/api/articles/analyze/,4.15,58,0,
2026-05-16T15:32:00.245365,GET,/api/articles/list/small/,4.84,23002,0,
2026-05-16T15:32:00.258410,POST,/api/articles/analyze/,2.64,58,0,
2026-05-16T15:32:00.270169,GET,/api/articles/list/small/,4.52,23002,0,
2026-05-16T15:32:00.275927,POST,/api/articles/bulk/,7.76,34,0,
2026-05-16T15:32:00.302260,POST,/api/articles/analyze/,3.1,58,0,
2026-05-16T15:32:00.308190,GET,/api/articles/list/large/,34.78,471824,0,
2026-05-16T15:32:00.326253,GET,/api/articles/list/large/,35.03,471824,0,
2026-05-16T15:32:00.329357,GET,/api/articles/list/large/,33.69,471824,0,
2026-05-16T15:32:00.334798,GET,/api/articles/list/large/,34.72,471824,0,
2026-05-16T15:32:00.341107,GET,/api/articles/list/large/,34.68,471824,0,
2026-05-16T15:32:00.354819,GET,/api/articles/list/small/,9.19,23002,0,
2026-05-16T15:32:00.362207,GET,/api/articles/list/large/,39.27,471824,0,
2026-05-16T15:32:00.369037,GET,/api/articles/list/small/,4.56,23002,0,
2026-05-16T15:32:00.380601,GET,/api/articles/list/small/,4.33,23002,0,
2026-05-16T15:32:00.390290,GET,/api/articles/list/large/,34.21,471824,0,
2026-05-16T15:32:00.394169,POST,/api/articles/analyze/,2.69,58,0,
2026-05-16T15:32:00.395656,GET,/api/articles/list/small/,5.2,23002,0,
2026-05-16T15:32:00.404238,POST,/api/articles/bulk/,7.3,34,0,
2026-05-16T15:32:00.420467,GET,/api/articles/list/small/,4.98,23002,0,
2026-05-16T15:32:00.424785,GET,/api/articles/list/large/,38.93,471824,0,
2026-05-16T15:32:00.434751,GET,/api/articles/list/large/,35.0,471824,0,
2026-05-16T15:32:00.475259,POST,/api/articles/analyze/,2.85,58,0,
2026-05-16T15:32:00.486366,GET,/api/articles/list/large/,35.11,471824,0,
2026-05-16T15:32:00.487550,GET,/api/articles/list/large/,35.14,471824,0,
2026-05-16T15:32:00.488009,GET,/api/articles/list/small/,6.13,23002,0,
2026-05-16T15:32:00.488396,POST,/api/articles/bulk/,7.91,34,0,
2026-05-16T15:32:00.493253,GET,/api/articles/list/large/,34.42,471824,0,
2026-05-16T15:32:00.530725,POST,/api/articles/bulk/,7.56,34,0,
2026-05-16T15:32:00.549161,POST,/api/articles/bulk/,7.93,34,0,
2026-05-16T15:32:00.549622,POST,/api/articles/analyze/,4.01,58,0,
2026-05-16T15:32:00.550285,POST,/api/articles/analyze/,3.51,58,0,
2026-05-16T15:32:00.565017,POST,/api/articles/analyze/,2.69,58,0,
2026-05-16T15:32:00.569793,GET,/api/articles/list/large/,34.77,471824,0,
2026-05-16T15:32:00.576720,GET,/api/articles/list/large/,36.1,471824,0,
2026-05-16T15:32:00.599345,GET,/api/articles/list/large/,40.69,471824,0,
2026-05-16T15:32:00.600997,POST,/api/articles/analyze/,9.45,58,0,
2026-05-16T15:32:00.614286,GET,/api/articles/list/large/,41.3,471824,0,
2026-05-16T15:32:00.625386,GET,/api/articles/list/large/,40.34,471824,0,
2026-05-16T15:32:00.644399,GET,/api/articles/list/small/,4.57,23002,0,
2026-05-16T15:32:00.655149,GET,/api/articles/list/small/,4.42,23002,0,
2026-05-16T15:32:00.683024,GET,/api/articles/list/small/,4.48,23002,0,
2026-05-16T15:32:00.699742,POST,/api/articles/analyze/,3.3,58,0,
2026-05-16T15:32:00.716901,GET,/api/articles/list/small/,4.4,23002,0,
2026-05-16T15:32:00.724763,POST,/api/articles/analyze/,2.62,58,0,
2026-05-16T15:32:00.732627,GET,/api/articles/list/large/,33.89,471824,0,
2026-05-16T15:32:00.771652,GET,/api/articles/list/small/,6.63,23002,0,
2026-05-16T15:32:00.773877,POST,/api/articles/analyze/,3.56,58,0,
2026-05-16T15:32:00.800064,GET,/api/articles/list/small/,6.57,23002,0,
2026-05-16T15:32:00.803192,POST,/api/articles/bulk/,12.0,34,0,
2026-05-16T15:32:00.807818,GET,/api/articles/list/small/,5.86,23002,0,
2026-05-16T15:32:00.816043,POST,/api/articles/analyze/,3.76,58,0,
2026-05-16T15:32:00.827710,POST,/api/articles/bulk/,10.29,34,0,
2026-05-16T15:32:00.848344,GET,/api/articles/list/small/,6.27,23002,0,
2026-05-16T15:32:00.889055,POST,/api/articles/bulk/,31.69,34,0,
2026-05-16T15:32:00.890235,POST,/api/articles/analyze/,14.68,58,0,
2026-05-16T15:32:00.894318,GET,/api/articles/list/small/,14.78,23002,0,
2026-05-16T15:32:00.898469,POST,/api/articles/bulk/,14.74,34,0,
2026-05-16T15:32:00.920020,GET,/api/articles/list/large/,50.13,471824,0,
2026-05-16T15:32:00.920698,POST,/api/articles/analyze/,9.16,58,0,
2026-05-16T15:32:00.921862,GET,/api/articles/list/small/,12.09,23002,0,
2026-05-16T15:32:00.924980,POST,/api/articles/analyze/,8.46,58,0,
2026-05-16T15:32:00.930270,GET,/api/articles/list/small/,6.2,23002,0,
2026-05-16T15:32:01.582280,GET,/api/articles/list/large/,45.62,471824,0,
2026-05-16T15:32:01.584224,GET,/api/articles/list/small/,5.47,23002,0,
2026-05-16T15:32:01.588112,GET,/api/articles/list/large/,44.35,471824,0,
2026-05-16T15:32:01.594753,GET,/api/articles/list/small/,9.69,23002,0,
2026-05-16T15:32:01.595281,GET,/api/articles/list/small/,6.2,23002,0,
2026-05-16T15:32:01.605923,GET,/api/articles/list/small/,6.34,23002,0,
2026-05-16T15:32:01.628473,GET,/api/articles/list/large/,44.08,471824,0,
2026-05-16T15:32:01.643495,POST,/api/articles/bulk/,10.51,34,0,
2026-05-16T15:32:01.643970,POST,/api/articles/bulk/,12.14,34,0,
2026-05-16T15:32:01.645923,POST,/api/articles/analyze/,6.31,58,0,
2026-05-16T15:32:01.649437,GET,/api/articles/list/small/,8.07,23002,0,
2026-05-16T15:32:01.650697,POST,/api/articles/bulk/,13.35,34,0,
2026-05-16T15:32:01.658343,GET,/api/articles/list/small/,7.47,23002,0,
2026-05-16T15:32:01.676331,POST,/api/articles/analyze/,4.5,58,0,
2026-05-16T15:32:01.722491,GET,/api/articles/list/small/,4.69,23002,0,
2026-05-16T15:32:01.731494,GET,/api/articles/list/large/,36.76,471824,0,
2026-05-16T15:32:01.734693,GET,/api/articles/list/small/,8.15,23002,0,
2026-05-16T15:32:01.764862,GET,/api/articles/list/large/,43.32,471824,0,
2026-05-16T15:32:01.767115,POST,/api/articles/bulk/,7.25,34,0,
2026-05-16T15:32:01.791188,GET,/api/articles/list/large/,34.73,471824,0,
2026-05-16T15:32:01.792416,GET,/api/articles/list/large/,35.41,471824,0,
2026-05-16T15:32:01.800198,GET,/api/articles/list/small/,5.38,23002,0,
2026-05-16T15:32:01.803933,GET,/api/articles/list/small/,4.62,23002,0,
2026-05-16T15:32:01.813226,GET,/api/articles/list/small/,5.09,23002,0,
2026-05-16T15:32:01.813691,GET,/api/articles/list/small/,4.49,23002,0,
2026-05-16T15:32:01.829532,GET,/api/articles/list/large/,33.63,471824,0,
2026-05-16T15:32:01.840252,GET,/api/articles/list/small/,7.33,23002,0,
2026-05-16T15:32:01.843170,POST,/api/articles/bulk/,9.19,34,0,
2026-05-16T15:32:01.855901,POST,/api/articles/bulk/,7.36,34,0,
2026-05-16T15:32:01.864839,POST,/api/articles/analyze/,2.58,58,0,
2026-05-16T15:32:01.873778,POST,/api/articles/analyze/,2.7,58,0,
2026-05-16T15:32:01.892924,POST,/api/articles/bulk/,7.75,34,0,
2026-05-16T15:32:01.899383,GET,/api/articles/list/small/,5.18,23002,0,
2026-05-16T15:32:01.902700,GET,/api/articles/list/small/,4.94,23002,0,
2026-05-16T15:32:01.909077,GET,/api/articles/list/small/,4.16,23002,0,
2026-05-16T15:32:01.918961,POST,/api/articles/bulk/,8.65,34,0,
2026-05-16T15:32:01.919451,POST,/api/articles/analyze/,3.05,58,0,
2026-05-16T15:32:01.925314,GET,/api/articles/list/large/,38.44,471824,0,
2026-05-16T15:32:01.933380,GET,/api/articles/list/small/,4.17,23002,0,
2026-05-16T15:32:01.935362,POST,/api/articles/bulk/,7.65,34,0,
2026-05-16T15:32:01.945609,POST,/api/articles/analyze/,2.62,58,0,
2026-05-16T15:32:01.969314,POST,/api/articles/bulk/,7.77,34,0,
2026-05-16T15:32:01.977673,POST,/api/articles/bulk/,7.11,34,0,
2026-05-16T15:32:01.986085,POST,/api/articles/bulk/,12.62,34,0,
2026-05-16T15:32:01.998017,GET,/api/articles/list/large/,48.0,471824,0,
2026-05-16T15:32:02.021034,POST,/api/articles/analyze/,2.75,58,0,
2026-05-16T15:32:02.024485,GET,/api/articles/list/large/,42.64,471824,0,
2026-05-16T15:32:02.025782,GET,/api/articles/list/large/,35.41,471824,0,
2026-05-16T15:32:02.033243,POST,/api/articles/bulk/,7.34,34,0,
2026-05-16T15:32:02.057340,POST,/api/articles/analyze/,2.63,58,0,
2026-05-16T15:32:02.073509,POST,/api/articles/analyze/,2.92,58,0,
2026-05-16T15:32:02.076322,GET,/api/articles/list/large/,34.83,471824,0,
2026-05-16T15:32:02.080275,POST,/api/articles/analyze/,2.7,58,0,
2026-05-16T15:32:02.082278,GET,/api/articles/list/large/,34.0,471824,0,
2026-05-16T15:32:02.083610,GET,/api/articles/list/large/,34.27,471824,0,
2026-05-16T15:32:02.090963,POST,/api/articles/analyze/,2.65,58,0,
2026-05-16T15:32:02.091400,POST,/api/articles/bulk/,7.67,34,0,
2026-05-16T15:32:02.101555,POST,/api/articles/bulk/,6.95,34,0,
2026-05-16T15:32:02.116459,POST,/api/articles/analyze/,3.17,58,0,
2026-05-16T15:32:02.118941,GET,/api/articles/list/large/,34.34,471824,0,
2026-05-16T15:32:02.119436,POST,/api/articles/analyze/,3.88,58,0,
2026-05-16T15:32:02.141459,GET,/api/articles/list/large/,33.65,471824,0,
2026-05-16T15:32:02.143314,GET,/api/articles/list/small/,4.68,23002,0,
2026-05-16T15:32:02.152306,GET,/api/articles/list/small/,4.55,23002,0,
2026-05-16T15:32:02.157101,POST,/api/articles/analyze/,2.5,58,0,
2026-05-16T15:32:02.167179,POST,/api/articles/bulk/,7.88,34,0,
2026-05-16T15:32:02.204697,POST,/api/articles/analyze/,4.88,58,0,
2026-05-16T15:32:02.205749,POST,/api/articles/analyze/,5.33,58,0,
2026-05-16T15:32:02.211163,POST,/api/articles/bulk/,12.95,34,0,
2026-05-16T15:32:02.211657,POST,/api/articles/bulk/,12.55,34,0,
2026-05-16T15:32:02.213443,POST,/api/articles/analyze/,8.6,58,0,
2026-05-16T15:32:02.222545,GET,/api/articles/list/large/,37.04,471824,0,
2026-05-16T15:32:02.226017,GET,/api/articles/list/small/,5.34,23002,0,
2026-05-16T15:32:02.245038,POST,/api/articles/analyze/,2.76,58,0,
2026-05-16T15:32:02.275525,POST,/api/articles/analyze/,2.73,58,0,
2026-05-16T15:32:02.290053,GET,/api/articles/list/large/,34.78,471824,0,
2026-05-16T15:32:02.308050,POST,/api/articles/analyze/,2.77,58,0,
2026-05-16T15:32:02.314573,GET,/api/articles/list/large/,33.81,471824,0,
2026-05-16T15:32:02.332327,POST,/api/articles/bulk/,7.32,34,0,
2026-05-16T15:32:02.359135,GET,/api/articles/list/small/,4.49,23002,0,
2026-05-16T15:32:02.374530,GET,/api/articles/list/large/,34.81,471824,0,
2026-05-16T15:32:02.400552,GET,/api/articles/list/small/,4.61,23002,0,
2026-05-16T15:32:02.404727,POST,/api/articles/analyze/,2.74,58,0,
2026-05-16T15:32:02.410552,POST,/api/articles/analyze/,2.42,58,0,
2026-05-16T15:32:02.422948,POST,/api/articles/bulk/,6.97,34,0,
2026-05-16T15:32:02.437713,GET,/api/articles/list/small/,4.37,23002,0,
2026-05-16T15:32:02.469660,GET,/api/articles/list/large/,33.78,471824,0,
2026-05-16T15:32:02.471551,POST,/api/articles/analyze/,3.6,58,0,
2026-05-16T15:32:02.493415,POST,/api/articles/bulk/,7.62,34,0,
2026-05-16T15:32:02.494893,POST,/api/articles/bulk/,7.07,34,0,
2026-05-16T15:32:02.499712,POST,/api/articles/analyze/,2.45,58,0,
2026-05-16T15:32:02.518420,POST,/api/articles/analyze/,2.76,58,0,
2026-05-16T15:32:02.526729,POST,/api/articles/bulk/,7.07,34,0,
2026-05-16T15:32:02.540124,GET,/api/articles/list/large/,34.12,471824,0,
2026-05-16T15:32:02.545235,POST,/api/articles/analyze/,2.94,58,0,
2026-05-16T15:32:02.549135,POST,/api/articles/bulk/,7.63,34,0,
2026-05-16T15:32:02.550429,GET,/api/articles/list/small/,3.97,23002,0,
2026-05-16T15:32:02.569213,GET,/api/articles/list/small/,4.55,23002,0,
2026-05-16T15:32:02.572981,GET,/api/articles/list/small/,4.7,23002,0,
2026-05-16T15:32:02.596582,POST,/api/articles/bulk/,8.21,34,0,
2026-05-16T15:32:02.603087,POST,/api/articles/bulk/,7.74,34,0,
2026-05-16T15:32:02.625969,POST,/api/articles/analyze/,3.6,58,0,
2026-05-16T15:32:02.633255,POST,/api/articles/analyze/,3.04,58,0,
2026-05-16T15:32:02.651822,GET,/api/articles/list/small/,4.65,23002,0,
2026-05-16T15:32:02.656826,POST,/api/articles/analyze/,3.71,58,0,
2026-05-16T15:32:02.658130,GET,/api/articles/list/large/,35.17,471824,0,
2026-05-16T15:32:02.660946,POST,/api/articles/bulk/,7.35,34,0,
2026-05-16T15:32:02.668892,GET,/api/articles/list/large/,37.68,471824,0,
2026-05-16T15:32:02.674399,POST,/api/articles/analyze/,2.69,58,0,
2026-05-16T15:32:02.674997,POST,/api/articles/bulk/,8.8,34,0,
2026-05-16T15:32:02.676111,GET,/api/articles/list/large/,34.6,471824,0,
2026-05-16T15:32:02.697776,GET,/api/articles/list/small/,4.43,23002,0,
2026-05-16T15:32:02.752530,GET,/api/articles/list/large/,42.1,471824,0,
2026-05-16T15:32:02.753081,POST,/api/articles/bulk/,8.07,34,0,
2026-05-16T15:32:02.754167,GET,/api/articles/list/large/,45.02,471824,0,
2026-05-16T15:32:02.758697,GET,/api/articles/list/large/,43.91,471824,0,
2026-05-16T15:32:02.763359,GET,/api/articles/list/small/,4.52,23002,0,
2026-05-16T15:32:02.771838,POST,/api/articles/analyze/,3.2,58,0,
2026-05-16T15:32:02.773034,GET,/api/articles/list/large/,34.8,471824,0,
2026-05-16T15:32:02.773987,GET,/api/articles/list/small/,4.26,23002,0,
2026-05-16T15:32:02.793891,POST,/api/articles/analyze/,2.7,58,0,
2026-05-16T15:32:02.800622,POST,/api/articles/analyze/,4.53,58,0,
2026-05-16T15:32:02.803736,POST,/api/articles/analyze/,2.97,58,0,
2026-05-16T15:32:02.807786,POST,/api/articles/bulk/,9.69,34,0,
2026-05-16T15:32:02.811638,GET,/api/articles/list/small/,4.66,23002,0,
2026-05-16T15:32:02.826503,POST,/api/articles/bulk/,7.65,34,0,
2026-05-16T15:32:02.829032,POST,/api/articles/analyze/,3.54,58,0,
2026-05-16T15:32:02.835009,POST,/api/articles/analyze/,2.74,58,0,
2026-05-16T15:32:02.835933,GET,/api/articles/list/large/,34.0,471824,0,
2026-05-16T15:32:02.860424,GET,/api/articles/list/large/,35.32,471824,0,
2026-05-16T15:32:02.861674,GET,/api/articles/list/large/,37.02,471824,0,
2026-05-16T15:32:02.863833,POST,/api/articles/bulk/,7.65,34,0,
2026-05-16T15:32:02.874298,GET,/api/articles/list/small/,4.21,23002,0,
2026-05-16T15:32:02.881815,GET,/api/articles/list/small/,4.3,23002,0,
2026-05-16T15:32:02.892570,GET,/api/articles/list/small/,4.5,23002,0,
2026-05-16T15:32:02.894934,GET,/api/articles/list/large/,36.14,471824,0,
2026-05-16T15:32:02.906747,GET,/api/articles/list/small/,4.28,23002,0,
2026-05-16T15:32:02.914273,GET,/api/articles/list/small/,4.28,23002,0,
2026-05-16T15:32:02.920803,GET,/api/articles/list/small/,4.29,23002,0,
2026-05-16T15:32:02.924922,GET,/api/articles/list/large/,34.36,471824,0,
2026-05-16T15:32:02.928546,GET,/api/articles/list/large/,33.48,471824,0,
2026-05-16T15:32:02.954791,POST,/api/articles/bulk/,7.11,34,0,
2026-05-16T15:32:02.960622,POST,/api/articles/analyze/,2.56,58,0,
2026-05-16T15:32:02.967280,POST,/api/articles/analyze/,3.98,58,0,
2026-05-16T15:32:02.978595,POST,/api/articles/bulk/,14.83,34,0,
2026-05-16T15:32:02.985665,GET,/api/articles/list/large/,41.69,471824,0,
2026-05-16T15:32:02.989271,GET,/api/articles/list/small/,7.54,23002,0,
2026-05-16T15:32:02.989968,POST,/api/articles/analyze/,2.71,58,0,
2026-05-16T15:32:03.006091,GET,/api/articles/list/large/,43.24,471824,0,
2026-05-16T15:32:03.008840,POST,/api/articles/bulk/,7.25,34,0,
2026-05-16T15:32:03.027632,GET,/api/articles/list/large/,33.44,471824,0,
2026-05-16T15:32:03.034110,POST,/api/articles/analyze/,3.22,58,0,
2026-05-16T15:32:03.044491,GET,/api/articles/list/large/,38.23,471824,0,
2026-05-16T15:32:03.067164,GET,/api/articles/list/large/,33.98,471824,0,
2026-05-16T15:32:03.079736,GET,/api/articles/list/large/,33.97,471824,0,
2026-05-16T15:32:03.093324,POST,/api/articles/bulk/,7.3,34,0,
2026-05-16T15:32:03.098223,POST,/api/articles/bulk/,7.18,34,0,
2026-05-16T15:32:03.107467,POST,/api/articles/bulk/,7.99,34,0,
2026-05-16T15:32:03.110074,GET,/api/articles/list/large/,33.64,471824,0,
2026-05-16T15:32:03.113714,POST,/api/articles/bulk/,7.59,34,0,
2026-05-16T15:32:03.131341,GET,/api/articles/list/small/,8.27,23002,0,
2026-05-16T15:32:03.150726,GET,/api/articles/list/small/,5.09,23002,0,
2026-05-16T15:32:03.156725,POST,/api/articles/bulk/,7.31,34,0,
2026-05-16T15:32:03.170328,POST,/api/articles/bulk/,7.32,34,0,
2026-05-16T15:32:03.208868,POST,/api/articles/analyze/,2.75,58,0,
2026-05-16T15:32:03.217241,GET,/api/articles/list/large/,34.53,471824,0,
2026-05-16T15:32:03.217729,POST,/api/articles/bulk/,7.61,34,0,
2026-05-16T15:32:03.225089,POST,/api/articles/analyze/,4.08,58,0,
2026-05-16T15:32:03.231112,GET,/api/articles/list/small/,9.52,23002,0,
2026-05-16T15:32:03.241503,GET,/api/articles/list/large/,50.06,471824,0,
2026-05-16T15:32:03.242661,GET,/api/articles/list/large/,41.15,471824,0,
2026-05-16T15:32:03.253762,GET,/api/articles/list/small/,5.87,23002,0,
2026-05-16T15:32:03.256892,POST,/api/articles/bulk/,8.09,34,0,
2026-05-16T15:32:03.257573,POST,/api/articles/analyze/,2.59,58,0,
2026-05-16T15:32:03.268360,GET,/api/articles/list/large/,35.28,471824,0,
2026-05-16T15:32:03.283970,GET,/api/articles/list/large/,35.58,471824,0,
2026-05-16T15:32:03.284486,POST,/api/articles/bulk/,7.87,34,0,
2026-05-16T15:32:03.287446,POST,/api/articles/analyze/,2.53,58,0,
2026-05-16T15:32:03.288468,GET,/api/articles/list/small/,6.85,23002,0,
2026-05-16T15:32:03.366437,POST,/api/articles/analyze/,2.7,58,0,
2026-05-16T15:32:03.385237,POST,/api/articles/analyze/,4.04,58,0,
2026-05-16T15:32:03.385827,GET,/api/articles/list/small/,5.14,23002,0,
2026-05-16T15:32:03.387921,GET,/api/articles/list/large/,35.87,471824,0,
2026-05-16T15:32:03.394521,POST,/api/articles/bulk/,10.52,34,0,
2026-05-16T15:32:03.402443,GET,/api/articles/list/small/,4.66,23002,0,
2026-05-16T15:32:03.421502,GET,/api/articles/list/large/,35.55,471824,0,
2026-05-16T15:32:03.425917,POST,/api/articles/bulk/,8.2,34,0,
2026-05-16T15:32:03.429057,POST,/api/articles/bulk/,7.4,34,0,
2026-05-16T15:32:03.459582,GET,/api/articles/list/large/,35.09,471824,0,
2026-05-16T15:32:03.467581,GET,/api/articles/list/small/,4.57,23002,0,
2026-05-16T15:32:03.498296,POST,/api/articles/bulk/,7.37,34,0,
2026-05-16T15:32:03.524840,POST,/api/articles/analyze/,2.69,58,0,
2026-05-16T15:32:03.541047,GET,/api/articles/list/small/,4.92,23002,0,
2026-05-16T15:32:03.542521,GET,/api/articles/list/large/,33.81,471824,0,
2026-05-16T15:32:03.552898,POST,/api/articles/bulk/,7.68,34,0,
2026-05-16T15:32:03.567789,POST,/api/articles/analyze/,3.63,58,0,
2026-05-16T15:32:03.572562,POST,/api/articles/bulk/,7.33,34,0,
2026-05-16T15:32:03.575298,GET,/api/articles/list/large/,35.2,471824,0,
2026-05-16T15:32:03.580949,GET,/api/articles/list/large/,34.43,471824,0,
2026-05-16T15:32:03.596100,POST,/api/articles/bulk/,7.2,34,0,
2026-05-16T15:32:03.610125,GET,/api/articles/list/small/,4.89,23002,0,
2026-05-16T15:32:03.612952,POST,/api/articles/bulk/,8.54,34,0,
2026-05-16T15:32:03.621158,GET,/api/articles/list/large/,34.85,471824,0,
2026-05-16T15:32:03.627208,POST,/api/articles/bulk/,8.15,34,0,
2026-05-16T15:32:03.629877,POST,/api/articles/analyze/,2.55,58,0,
2026-05-16T15:32:03.634431,POST,/api/articles/bulk/,9.59,34,0,
2026-05-16T15:32:03.637913,GET,/api/articles/list/small/,6.3,23002,0,
2026-05-16T15:32:03.639494,POST,/api/articles/bulk/,9.51,34,0,
2026-05-16T15:32:03.663580,POST,/api/articles/bulk/,7.71,34,0,
2026-05-16T15:32:03.664969,GET,/api/articles/list/small/,4.24,23002,0,
2026-05-16T15:32:03.667373,GET,/api/articles/list/small/,4.66,23002,0,
2026-05-16T15:32:03.667772,POST,/api/articles/analyze/,2.7,58,0,
2026-05-16T15:32:03.706326,POST,/api/articles/analyze/,2.66,58,0,
2026-05-16T15:32:03.714519,POST,/api/articles/bulk/,6.91,34,0,
2026-05-16T15:32:03.717174,GET,/api/articles/list/small/,4.34,23002,0,
2026-05-16T15:32:03.734287,GET,/api/articles/list/large/,43.18,471824,0,
2026-05-16T15:32:03.746103,POST,/api/articles/analyze/,2.57,58,0,
2026-05-16T15:32:03.747943,POST,/api/articles/bulk/,7.34,34,0,
2026-05-16T15:32:03.752948,GET,/api/articles/list/large/,42.58,471824,0,
2026-05-16T15:32:03.756442,POST,/api/articles/bulk/,7.27,34,0,
2026-05-16T15:32:03.765481,GET,/api/articles/list/large/,37.03,471824,0,
2026-05-16T15:32:03.781218,POST,/api/articles/bulk/,7.35,34,0,
2026-05-16T15:32:03.801277,POST,/api/articles/analyze/,2.68,58,0,
2026-05-16T15:32:03.816253,GET,/api/articles/list/small/,4.66,23002,0,
2026-05-16T15:32:03.831117,POST,/api/articles/analyze/,3.48,58,0,
2026-05-16T15:32:03.833094,GET,/api/articles/list/small/,4.94,23002,0,
2026-05-16T15:32:03.869563,GET,/api/articles/list/large/,33.1,471824,0,
2026-05-16T15:32:03.898747,GET,/api/articles/list/small/,4.54,23002,0,
2026-05-16T15:32:03.901173,GET,/api/articles/list/small/,4.31,23002,0,
2026-05-16T15:32:03.903205,GET,/api/articles/list/large/,33.51,471824,0,
2026-05-16T15:32:03.905816,POST,/api/articles/analyze/,2.49,58,0,
2026-05-16T15:32:03.920790,POST,/api/articles/bulk/,7.6,34,0,
2026-05-16T15:32:03.927695,POST,/api/articles/bulk/,8.21,34,0,
2026-05-16T15:32:03.957251,GET,/api/articles/list/large/,38.23,471824,0,
2026-05-16T15:32:03.981530,GET,/api/articles/list/small/,11.36,23002,0,
2026-05-16T15:32:04.003763,GET,/api/articles/list/large/,42.12,471824,0,
2026-05-16T15:32:04.028173,POST,/api/articles/analyze/,2.62,58,0,
2026-05-16T15:32:04.030558,GET,/api/articles/list/small/,6.17,23002,0,
2026-05-16T15:32:04.034047,GET,/api/articles/list/large/,34.24,471824,0,
2026-05-16T15:32:04.036922,POST,/api/articles/bulk/,7.83,34,0,
2026-05-16T15:32:04.042863,GET,/api/articles/list/large/,33.78,471824,0,
2026-05-16T15:32:04.047007,GET,/api/articles/list/large/,34.17,471824,0,
2026-05-16T15:32:04.072137,POST,/api/articles/analyze/,2.87,58,0,
2026-05-16T15:32:04.092172,POST,/api/articles/analyze/,2.66,58,0,
2026-05-16T15:32:04.101245,GET,/api/articles/list/small/,4.46,23002,0,
2026-05-16T15:32:04.107707,POST,/api/articles/bulk/,7.63,34,0,
2026-05-16T15:32:04.111748,POST,/api/articles/bulk/,7.27,34,0,
2026-05-16T15:32:04.119623,POST,/api/articles/analyze/,4.62,58,0,
2026-05-16T15:32:04.124499,POST,/api/articles/analyze/,2.6,58,0,
2026-05-16T15:32:04.125981,GET,/api/articles/list/small/,5.14,23002,0,
2026-05-16T15:32:04.129636,GET,/api/articles/list/large/,34.09,471824,0,
2026-05-16T15:32:04.146836,GET,/api/articles/list/small/,4.76,23002,0,
2026-05-16T15:32:04.153171,POST,/api/articles/bulk/,8.5,34,0,
2026-05-16T15:32:04.153620,POST,/api/articles/bulk/,8.18,34,0,
2026-05-16T15:32:04.168186,POST,/api/articles/bulk/,8.34,34,0,
2026-05-16T15:32:04.184615,POST,/api/articles/bulk/,8.16,34,0,
2026-05-16T15:32:04.185576,POST,/api/articles/bulk/,8.1,34,0,
2026-05-16T15:32:04.213143,GET,/api/articles/list/large/,33.76,471824,0,
2026-05-16T15:32:04.220213,POST,/api/articles/analyze/,2.76,58,0,
2026-05-16T15:32:04.236471,POST,/api/articles/bulk/,11.88,34,0,
2026-05-16T15:32:04.241860,POST,/api/articles/analyze/,2.76,58,0,
2026-05-16T15:32:04.254809,POST,/api/articles/bulk/,7.75,34,0,
2026-05-16T15:32:04.256825,POST,/api/articles/analyze/,3.01,58,0,
2026-05-16T15:32:04.270881,GET,/api/articles/list/large/,34.27,471824,0,
2026-05-16T15:32:04.277954,POST,/api/articles/analyze/,2.74,58,0,
2026-05-16T15:32:04.279064,GET,/api/articles/list/small/,4.89,23002,0,
2026-05-16T15:32:04.289609,GET,/api/articles/list/small/,4.35,23002,0,
2026-05-16T15:32:04.296420,GET,/api/articles/list/large/,34.38,471824,0,
2026-05-16T15:32:04.298261,POST,/api/articles/analyze/,3.73,58,0,
2026-05-16T15:32:04.306506,POST,/api/articles/bulk/,6.96,34,0,
2026-05-16T15:32:04.338940,GET,/api/articles/list/small/,4.33,23002,0,
2026-05-16T15:32:04.358721,GET,/api/articles/list/small/,4.44,23002,0,
2026-05-16T15:32:04.364506,GET,/api/articles/list/large/,33.63,471824,0,
2026-05-16T15:32:04.380798,POST,/api/articles/analyze/,2.93,58,0,
2026-05-16T15:32:04.387358,GET,/api/articles/list/small/,4.15,23002,0,
2026-05-16T15:32:04.396223,POST,/api/articles/analyze/,2.67,58,0,
2026-05-16T15:32:04.399704,POST,/api/articles/analyze/,3.37,58,0,
2026-05-16T15:32:04.407562,POST,/api/articles/analyze/,2.63,58,0,
2026-05-16T15:32:04.417135,POST,/api/articles/analyze/,3.34,58,0,
2026-05-16T15:32:04.421755,POST,/api/articles/bulk/,7.45,34,0,
2026-05-16T15:32:04.431054,GET,/api/articles/list/large/,34.24,471824,0,
2026-05-16T15:32:04.443400,POST,/api/articles/analyze/,2.96,58,0,
2026-05-16T15:32:04.452268,POST,/api/articles/bulk/,7.63,34,0,
2026-05-16T15:32:04.473275,POST,/api/articles/analyze/,2.78,58,0,
2026-05-16T15:32:04.488627,POST,/api/articles/analyze/,3.62,58,0,
2026-05-16T15:32:04.508095,POST,/api/articles/bulk/,7.23,34,0,
2026-05-16T15:32:04.513198,POST,/api/articles/bulk/,7.44,34,0,
2026-05-16T15:32:04.519697,GET,/api/articles/list/large/,43.78,471824,0,
2026-05-16T15:32:04.521089,GET,/api/articles/list/large/,34.36,471824,0,
2026-05-16T15:32:04.550349,GET,/api/articles/list/small/,4.74,23002,0,
2026-05-16T15:32:04.566036,GET,/api/articles/list/large/,35.52,471824,0,
2026-05-16T15:32:04.567860,GET,/api/articles/list/large/,36.23,471824,0,
2026-05-16T15:32:04.568350,GET,/api/articles/list/small/,5.6,23002,0,
2026-05-16T15:32:04.572578,GET,/api/articles/list/large/,36.63,471824,0,
2026-05-16T15:32:04.576948,POST,/api/articles/bulk/,7.34,34,0,
2026-05-16T15:32:04.582202,GET,/api/articles/list/large/,33.7,471824,0,
2026-05-16T15:32:04.615593,POST,/api/articles/bulk/,7.42,34,0,
2026-05-16T15:32:04.626483,GET,/api/articles/list/large/,33.89,471824,0,
2026-05-16T15:32:04.638446,POST,/api/articles/bulk/,7.54,34,0,
2026-05-16T15:32:04.660640,GET,/api/articles/list/small/,4.34,23002,0,
2026-05-16T15:32:04.677788,GET,/api/articles/list/small/,4.9,23002,0,
2026-05-16T15:32:04.678738,POST,/api/articles/analyze/,3.33,58,0,
2026-05-16T15:32:04.680099,GET,/api/articles/list/large/,35.32,471824,0,
2026-05-16T15:32:04.680528,POST,/api/articles/analyze/,4.16,58,0,
2026-05-16T15:32:04.689106,POST,/api/articles/bulk/,7.23,34,0,
2026-05-16T15:32:04.695287,POST,/api/articles/bulk/,7.6,34,0,
2026-05-16T15:32:04.698754,POST,/api/articles/bulk/,7.01,34,0,
2026-05-16T15:32:04.706530,POST,/api/articles/analyze/,2.55,58,0,
2026-05-16T15:32:04.721696,POST,/api/articles/analyze/,2.76,58,0,
2026-05-16T15:32:04.736920,POST,/api/articles/bulk/,11.62,34,0,
2026-05-16T15:32:04.748783,POST,/api/articles/analyze/,2.62,58,0,
2026-05-16T15:32:04.758719,GET,/api/articles/list/small/,4.38,23002,0,
2026-05-16T15:32:04.765268,GET,/api/articles/list/large/,33.85,471824,0,
2026-05-16T15:32:04.772256,POST,/api/articles/analyze/,2.74,58,0,
2026-05-16T15:32:04.780906,POST,/api/articles/bulk/,7.37,34,0,
2026-05-16T15:32:04.784032,GET,/api/articles/list/large/,34.01,471824,0,
2026-05-16T15:32:04.784605,GET,/api/articles/list/small/,5.08,23002,0,
2026-05-16T15:32:04.785730,GET,/api/articles/list/large/,34.81,471824,0,
2026-05-16T15:32:04.804543,GET,/api/articles/list/small/,4.61,23002,0,
2026-05-16T15:32:04.841947,GET,/api/articles/list/large/,33.0,471824,0,
2026-05-16T15:32:04.863122,GET,/api/articles/list/large/,34.24,471824,0,
2026-05-16T15:32:04.864501,GET,/api/articles/list/large/,36.15,471824,0,
2026-05-16T15:32:04.866728,POST,/api/articles/bulk/,7.52,34,0,
2026-05-16T15:32:04.895044,POST,/api/articles/bulk/,8.03,34,0,
2026-05-16T15:32:04.898200,POST,/api/articles/bulk/,7.21,34,0,
2026-05-16T15:32:04.901724,POST,/api/articles/bulk/,7.96,34,0,
2026-05-16T15:32:04.915493,GET,/api/articles/list/small/,4.39,23002,0,
2026-05-16T15:32:04.923340,POST,/api/articles/analyze/,3.45,58,0,
2026-05-16T15:32:04.927797,POST,/api/articles/bulk/,7.43,34,0,
2026-05-16T15:32:04.935344,GET,/api/articles/list/small/,4.33,23002,0,
2026-05-16T15:32:04.954865,POST,/api/articles/analyze/,2.61,58,0,
2026-05-16T15:32:04.964068,POST,/api/articles/bulk/,7.94,34,0,
2026-05-16T15:32:04.965932,GET,/api/articles/list/small/,5.98,23002,0,
2026-05-16T15:32:04.983274,POST,/api/articles/bulk/,17.22,34,0,
2026-05-16T15:32:04.985588,GET,/api/articles/list/small/,10.26,23002,0,
2026-05-16T15:32:04.987906,POST,/api/articles/bulk/,15.77,34,0,
2026-05-16T15:32:04.990351,GET,/api/articles/list/large/,42.61,471824,0,
2026-05-16T15:32:05.011253,GET,/api/articles/list/small/,4.27,23002,0,
2026-05-16T15:32:05.020058,GET,/api/articles/list/small/,4.54,23002,0,
2026-05-16T15:32:05.038245,GET,/api/articles/list/large/,35.6,471824,0,
2026-05-16T15:32:05.039543,GET,/api/articles/list/large/,36.33,471824,0,
2026-05-16T15:32:05.045730,POST,/api/articles/bulk/,9.38,34,0,
2026-05-16T15:32:05.047913,GET,/api/articles/list/small/,4.76,23002,0,
2026-05-16T15:32:05.050373,GET,/api/articles/list/large/,33.49,471824,0,
2026-05-16T15:32:05.051167,POST,/api/articles/bulk/,8.83,34,0,
2026-05-16T15:32:05.067628,GET,/api/articles/list/small/,4.26,23002,0,
2026-05-16T15:32:05.070325,GET,/api/articles/list/small/,4.42,23002,0,
2026-05-16T15:32:05.072074,POST,/api/articles/analyze/,3.21,58,0,
2026-05-16T15:32:05.081934,GET,/api/articles/list/small/,4.49,23002,0,
2026-05-16T15:32:05.085738,GET,/api/articles/list/small/,4.71,23002,0,
2026-05-16T15:32:05.088339,POST,/api/articles/analyze/,2.49,58,0,
2026-05-16T15:32:05.097149,POST,/api/articles/bulk/,7.45,34,0,
2026-05-16T15:32:05.131413,GET,/api/articles/list/large/,35.17,471824,0,
2026-05-16T15:32:05.136070,GET,/api/articles/list/small/,4.51,23002,0,
2026-05-16T15:32:05.143666,GET,/api/articles/list/large/,35.3,471824,0,
2026-05-16T15:32:05.152341,GET,/api/articles/list/large/,34.46,471824,0,
2026-05-16T15:32:05.157735,GET,/api/articles/list/large/,34.3,471824,0,
2026-05-16T15:32:05.158369,GET,/api/articles/list/small/,5.88,23002,0,
2026-05-16T15:32:05.175762,POST,/api/articles/bulk/,7.98,34,0,
2026-05-16T15:32:05.185833,GET,/api/articles/list/small/,4.82,23002,0,
2026-05-16T15:32:05.191868,POST,/api/articles/bulk/,7.31,34,0,
2026-05-16T15:32:05.199669,POST,/api/articles/bulk/,7.68,34,0,
2026-05-16T15:32:05.208860,POST,/api/articles/analyze/,2.76,58,0,
2026-05-16T15:32:05.237101,POST,/api/articles/bulk/,9.95,34,0,
2026-05-16T15:32:05.241996,POST,/api/articles/bulk/,11.86,34,0,
2026-05-16T15:32:05.251634,GET,/api/articles/list/small/,4.45,23002,0,
2026-05-16T15:32:05.255502,POST,/api/articles/analyze/,2.49,58,0,
2026-05-16T15:32:05.279539,POST,/api/articles/bulk/,7.67,34,0,
2026-05-16T15:32:05.284543,POST,/api/articles/analyze/,2.76,58,0,
2026-05-16T15:32:05.300134,GET,/api/articles/list/small/,4.3,23002,0,
2026-05-16T15:32:05.306652,GET,/api/articles/list/large/,33.54,471824,0,
2026-05-16T15:32:05.313345,POST,/api/articles/analyze/,3.25,58,0,
2026-05-16T15:32:05.313764,POST,/api/articles/analyze/,2.56,58,0,
2026-05-16T15:32:05.348368,POST,/api/articles/bulk/,7.65,34,0,
2026-05-16T15:32:05.366749,GET,/api/articles/list/large/,33.63,471824,0,
2026-05-16T15:32:05.368401,POST,/api/articles/bulk/,8.59,34,0,
2026-05-16T15:32:05.379467,POST,/api/articles/analyze/,2.7,58,0,
2026-05-16T15:32:05.384804,POST,/api/articles/analyze/,2.48,58,0,
2026-05-16T15:32:05.416599,GET,/api/articles/list/large/,34.72,471824,0,
2026-05-16T15:32:05.420676,GET,/api/articles/list/small/,5.61,23002,0,
2026-05-16T15:32:05.465694,GET,/api/articles/list/small/,8.66,23002,0,
2026-05-16T15:32:05.467731,GET,/api/articles/list/small/,9.98,23002,0,
2026-05-16T15:32:05.474525,GET,/api/articles/list/small/,6.55,23002,0,
2026-05-16T15:32:05.505632,GET,/api/articles/list/large/,44.86,471824,0,
2026-05-16T15:32:05.507489,GET,/api/articles/list/large/,44.64,471824,0,
2026-05-16T15:32:05.509491,GET,/api/articles/list/large/,43.59,471824,0,
2026-05-16T15:32:05.510445,POST,/api/articles/analyze/,4.68,58,0,
2026-05-16T15:32:05.514399,GET,/api/articles/list/small/,4.78,23002,0,
2026-05-16T15:32:05.519996,GET,/api/articles/list/large/,41.22,471824,0,
2026-05-16T15:32:05.521291,GET,/api/articles/list/small/,5.66,23002,0,
2026-05-16T15:32:05.523834,POST,/api/articles/bulk/,7.76,34,0,
2026-05-16T15:32:05.533633,POST,/api/articles/analyze/,3.63,58,0,
2026-05-16T15:32:05.539251,POST,/api/articles/bulk/,7.84,34,0,
2026-05-16T15:32:05.545854,POST,/api/articles/bulk/,8.0,34,0,
2026-05-16T15:32:05.555032,GET,/api/articles/list/small/,4.47,23002,0,
2026-05-16T15:32:05.559457,GET,/api/articles/list/small/,5.36,23002,0,
2026-05-16T15:32:05.559925,GET,/api/articles/list/small/,4.52,23002,0,
2026-05-16T15:32:05.582582,GET,/api/articles/list/large/,34.49,471824,0,
2026-05-16T15:32:05.583143,POST,/api/articles/bulk/,8.01,34,0,
2026-05-16T15:32:05.585578,POST,/api/articles/analyze/,4.82,58,0,
2026-05-16T15:32:05.586858,GET,/api/articles/list/large/,35.08,471824,0,
2026-05-16T15:32:05.593502,POST,/api/articles/bulk/,9.19,34,0,
2026-05-16T15:32:05.610025,GET,/api/articles/list/small/,4.28,23002,0,
2026-05-16T15:32:05.621403,GET,/api/articles/list/large/,34.38,471824,0,
2026-05-16T15:32:05.624169,POST,/api/articles/analyze/,4.55,58,0,
2026-05-16T15:32:05.631777,POST,/api/articles/analyze/,2.51,58,0,
2026-05-16T15:32:05.636349,POST,/api/articles/bulk/,7.82,34,0,
2026-05-16T15:32:05.647612,POST,/api/articles/analyze/,2.61,58,0,
2026-05-16T15:32:05.667433,POST,/api/articles/bulk/,7.57,34,0,
2026-05-16T15:32:05.671064,GET,/api/articles/list/large/,33.52,471824,0,
2026-05-16T15:32:05.680123,POST,/api/articles/analyze/,2.8,58,0,
2026-05-16T15:32:05.696520,GET,/api/articles/list/large/,33.66,471824,0,
2026-05-16T15:32:05.722936,POST,/api/articles/bulk/,7.96,34,0,
2026-05-16T15:32:05.749452,GET,/api/articles/list/small/,4.72,23002,0,
2026-05-16T15:32:05.767279,GET,/api/articles/list/large/,46.24,471824,0,
2026-05-16T15:32:05.784252,GET,/api/articles/list/small/,4.49,23002,0,
2026-05-16T15:32:05.786653,GET,/api/articles/list/small/,4.3,23002,0,
2026-05-16T15:32:05.790717,GET,/api/articles/list/small/,6.34,23002,0,
2026-05-16T15:32:05.793993,GET,/api/articles/list/small/,4.59,23002,0,
2026-05-16T15:32:05.822027,POST,/api/articles/bulk/,7.3,34,0,
2026-05-16T15:32:05.831997,GET,/api/articles/list/large/,33.8,471824,0,
2026-05-16T15:32:05.844356,POST,/api/articles/bulk/,8.63,34,0,
2026-05-16T15:32:05.850740,GET,/api/articles/list/small/,7.47,23002,0,
2026-05-16T15:32:05.859378,GET,/api/articles/list/large/,34.5,471824,0,
2026-05-16T15:32:05.860513,GET,/api/articles/list/large/,36.23,471824,0,
2026-05-16T15:32:05.866137,GET,/api/articles/list/small/,4.38,23002,0,
2026-05-16T15:32:05.875323,GET,/api/articles/list/large/,38.78,471824,0,
2026-05-16T15:32:05.876912,GET,/api/articles/list/small/,4.49,23002,0,
2026-05-16T15:32:05.881965,GET,/api/articles/list/large/,53.02,471824,0,
2026-05-16T15:32:05.884503,GET,/api/articles/list/large/,47.16,471824,0,
2026-05-16T15:32:05.887173,GET,/api/articles/list/large/,53.93,471824,0,
2026-05-16T15:32:05.896915,POST,/api/articles/bulk/,7.28,34,0,
2026-05-16T15:32:05.904532,GET,/api/articles/list/small/,4.23,23002,0,
2026-05-16T15:32:05.910028,POST,/api/articles/analyze/,3.13,58,0,
2026-05-16T15:32:05.926412,GET,/api/articles/list/small/,4.56,23002,0,
2026-05-16T15:32:05.926898,GET,/api/articles/list/small/,5.65,23002,0,
2026-05-16T15:32:05.942063,GET,/api/articles/list/large/,33.83,471824,0,
2026-05-16T15:32:05.942556,GET,/api/articles/list/small/,4.44,23002,0,
2026-05-16T15:32:05.954743,POST,/api/articles/bulk/,7.78,34,0,
2026-05-16T15:32:05.987999,GET,/api/articles/list/small/,10.06,23002,0,
2026-05-16T15:32:05.995112,GET,/api/articles/list/large/,41.26,471824,0,
2026-05-16T15:32:05.998503,GET,/api/articles/list/small/,5.26,23002,0,
2026-05-16T15:32:06.004733,POST,/api/articles/bulk/,8.01,34,0,
2026-05-16T15:32:06.005190,POST,/api/articles/analyze/,3.03,58,0,
2026-05-16T15:32:06.011181,GET,/api/articles/list/small/,4.75,23002,0,
2026-05-16T15:32:06.035086,GET,/api/articles/list/small/,4.64,23002,0,
2026-05-16T15:32:06.040643,GET,/api/articles/list/large/,33.16,471824,0,
2026-05-16T15:32:06.041088,POST,/api/articles/analyze/,3.83,58,0,
2026-05-16T15:32:06.066863,POST,/api/articles/analyze/,2.58,58,0,
2026-05-16T15:32:06.068979,POST,/api/articles/bulk/,7.59,34,0,
2026-05-16T15:32:06.087412,POST,/api/articles/bulk/,7.15,34,0,
2026-05-16T15:32:06.094963,POST,/api/articles/analyze/,3.18,58,0,
2026-05-16T15:32:06.095383,POST,/api/articles/analyze/,2.57,58,0,
2026-05-16T15:32:06.106283,POST,/api/articles/bulk/,7.55,34,0,
2026-05-16T15:32:06.108773,POST,/api/articles/analyze/,3.36,58,0,
2026-05-16T15:32:06.130980,POST,/api/articles/bulk/,7.42,34,0,
2026-05-16T15:32:06.144172,GET,/api/articles/list/large/,37.64,471824,0,
2026-05-16T15:32:06.149466,GET,/api/articles/list/large/,33.44,471824,0,
2026-05-16T15:32:06.161310,GET,/api/articles/list/small/,4.39,23002,0,
2026-05-16T15:32:06.163615,GET,/api/articles/list/large/,35.17,471824,0,
2026-05-16T15:32:06.166847,GET,/api/articles/list/large/,34.28,471824,0,
2026-05-16T15:32:06.189677,POST,/api/articles/analyze/,2.53,58,0,
2026-05-16T15:32:06.190452,POST,/api/articles/bulk/,7.32,34,0,
2026-05-16T15:32:06.206178,GET,/api/articles/list/small/,4.38,23002,0,
2026-05-16T15:32:06.242516,POST,/api/articles/analyze/,3.05,58,0,
2026-05-16T15:32:06.256054,POST,/api/articles/analyze/,2.57,58,0,
2026-05-16T15:32:06.263370,POST,/api/articles/bulk/,7.2,34,0,
2026-05-16T15:32:06.272214,POST,/api/articles/analyze/,2.64,58,0,
2026-05-16T15:32:06.281228,GET,/api/articles/list/large/,33.31,471824,0,
2026-05-16T15:32:06.282587,POST,/api/articles/bulk/,7.1,34,0,
2026-05-16T15:32:06.293213,GET,/api/articles/list/small/,4.41,23002,0,
2026-05-16T15:32:06.301639,GET,/api/articles/list/small/,5.09,23002,0,
2026-05-16T15:32:06.308149,GET,/api/articles/list/small/,4.29,23002,0,
2026-05-16T15:32:06.315944,POST,/api/articles/bulk/,7.68,34,0,
2026-05-16T15:32:06.337741,POST,/api/articles/bulk/,7.13,34,0,
2026-05-16T15:32:06.342447,POST,/api/articles/bulk/,7.99,34,0,
2026-05-16T15:32:06.343681,GET,/api/articles/list/large/,34.71,471824,0,
2026-05-16T15:32:06.345671,POST,/api/articles/analyze/,4.66,58,0,
2026-05-16T15:32:06.347207,GET,/api/articles/list/small/,5.63,23002,0,
2026-05-16T15:32:06.352519,GET,/api/articles/list/large/,33.35,471824,0,
2026-05-16T15:32:06.357462,POST,/api/articles/analyze/,2.59,58,0,
2026-05-16T15:32:06.361850,POST,/api/articles/analyze/,2.63,58,0,
2026-05-16T15:32:06.362263,POST,/api/articles/analyze/,3.58,58,0,
2026-05-16T15:32:06.399466,GET,/api/articles/list/small/,5.14,23002,0,
2026-05-16T15:32:06.400269,POST,/api/articles/analyze/,3.29,58,0,
2026-05-16T15:32:06.404086,GET,/api/articles/list/large/,34.57,471824,0,
2026-05-16T15:32:06.419379,GET,/api/articles/list/small/,4.94,23002,0,
2026-05-16T15:32:06.445431,GET,/api/articles/list/small/,4.64,23002,0,
2026-05-16T15:32:06.448129,POST,/api/articles/analyze/,2.57,58,0,
2026-05-16T15:32:06.485270,GET,/api/articles/list/small/,12.09,23002,0,
2026-05-16T15:32:06.486570,POST,/api/articles/bulk/,8.13,34,0,
2026-05-16T15:32:06.499526,GET,/api/articles/list/large/,46.17,471824,0,
2026-05-16T15:32:06.516270,POST,/api/articles/analyze/,2.52,58,0,
2026-05-16T15:32:06.516978,POST,/api/articles/bulk/,7.18,34,0,
2026-05-16T15:32:06.522301,GET,/api/articles/list/large/,33.52,471824,0,
2026-05-16T15:32:06.540835,POST,/api/articles/bulk/,7.29,34,0,
2026-05-16T15:32:06.556591,GET,/api/articles/list/small/,5.46,23002,0,
2026-05-16T15:32:06.559060,GET,/api/articles/list/small/,4.75,23002,0,
2026-05-16T15:32:06.615028,GET,/api/articles/list/large/,34.69,471824,0,
2026-05-16T15:32:06.618281,POST,/api/articles/bulk/,7.94,34,0,
2026-05-16T15:32:06.620403,GET,/api/articles/list/large/,33.55,471824,0,
2026-05-16T15:32:06.622023,GET,/api/articles/list/small/,4.75,23002,0,
2026-05-16T15:32:06.645251,POST,/api/articles/bulk/,8.28,34,0,
2026-05-16T15:32:06.646214,POST,/api/articles/bulk/,7.91,34,0,
2026-05-16T15:32:06.676422,GET,/api/articles/list/large/,40.01,471824,0,
2026-05-16T15:32:06.688301,POST,/api/articles/bulk/,7.49,34,0,
2026-05-16T15:32:06.702613,GET,/api/articles/list/small/,4.42,23002,0,
2026-05-16T15:32:06.712864,POST,/api/articles/bulk/,7.05,34,0,
2026-05-16T15:32:06.714562,POST,/api/articles/analyze/,2.95,58,0,
2026-05-16T15:32:06.730084,GET,/api/articles/list/large/,38.35,471824,0,
2026-05-16T15:32:06.735781,GET,/api/articles/list/small/,4.47,23002,0,
2026-05-16T15:32:06.749095,POST,/api/articles/bulk/,7.0,34,0,
2026-05-16T15:32:06.764395,POST,/api/articles/analyze/,2.65,58,0,
2026-05-16T15:32:06.794864,POST,/api/articles/bulk/,7.14,34,0,
2026-05-16T15:32:06.808000,GET,/api/articles/list/small/,4.26,23002,0,
2026-05-16T15:32:06.808449,GET,/api/articles/list/small/,5.19,23002,0,
2026-05-16T15:32:06.830957,POST,/api/articles/bulk/,7.26,34,0,
2026-05-16T15:32:06.834583,GET,/api/articles/list/large/,33.96,471824,0,
2026-05-16T15:32:06.835789,GET,/api/articles/list/large/,35.67,471824,0,
2026-05-16T15:32:06.836240,GET,/api/articles/list/small/,5.16,23002,0,
2026-05-16T15:32:06.845092,POST,/api/articles/analyze/,2.63,58,0,
2026-05-16T15:32:06.857038,POST,/api/articles/bulk/,11.83,34,0,
2026-05-16T15:32:06.862032,POST,/api/articles/analyze/,2.73,58,0,
2026-05-16T15:32:06.898192,POST,/api/articles/analyze/,3.15,58,0,
2026-05-16T15:32:06.899096,POST,/api/articles/analyze/,2.74,58,0,
2026-05-16T15:32:06.901199,POST,/api/articles/analyze/,2.89,58,0,
2026-05-16T15:32:06.906700,GET,/api/articles/list/small/,4.3,23002,0,
2026-05-16T15:32:06.910289,GET,/api/articles/list/small/,4.78,23002,0,
2026-05-16T15:32:06.913322,POST,/api/articles/bulk/,8.56,34,0,
2026-05-16T15:32:06.916369,GET,/api/articles/list/large/,34.0,471824,0,
2026-05-16T15:32:06.924948,GET,/api/articles/list/small/,4.38,23002,0,
2026-05-16T15:32:06.944272,GET,/api/articles/list/large/,33.86,471824,0,
2026-05-16T15:32:06.965503,POST,/api/articles/analyze/,2.82,58,0,
2026-05-16T15:32:06.980400,POST,/api/articles/analyze/,6.49,58,0,
2026-05-16T15:32:06.981785,POST,/api/articles/bulk/,17.44,34,0,
2026-05-16T15:32:06.983233,GET,/api/articles/list/small/,13.42,23002,0,
2026-05-16T15:32:06.989177,GET,/api/articles/list/large/,51.01,471824,0,
2026-05-16T15:32:06.991494,GET,/api/articles/list/small/,5.07,23002,0,
2026-05-16T15:32:06.992150,POST,/api/articles/analyze/,2.84,58,0,
2026-05-16T15:32:07.011524,GET,/api/articles/list/small/,4.47,23002,0,
2026-05-16T15:32:07.012056,GET,/api/articles/list/small/,5.57,23002,0,
2026-05-16T15:32:07.047879,GET,/api/articles/list/small/,5.57,23002,0,
2026-05-16T15:32:07.049496,GET,/api/articles/list/large/,33.22,471824,0,
2026-05-16T15:32:07.062261,POST,/api/articles/bulk/,7.0,34,0,
2026-05-16T15:32:07.069037,POST,/api/articles/analyze/,2.53,58,0,
2026-05-16T15:32:07.093448,POST,/api/articles/bulk/,7.2,34,0,
2026-05-16T15:32:07.096335,GET,/api/articles/list/large/,54.58,471824,0,
2026-05-16T15:32:07.105210,GET,/api/articles/list/large/,53.43,471824,0,
2026-05-16T15:32:07.121205,GET,/api/articles/list/small/,4.83,23002,0,
2026-05-16T15:32:07.123347,POST,/api/articles/bulk/,7.81,34,0,
2026-05-16T15:32:07.130733,POST,/api/articles/analyze/,2.98,58,0,
2026-05-16T15:32:07.166810,GET,/api/articles/list/large/,36.95,471824,0,
2026-05-16T15:32:07.176735,POST,/api/articles/bulk/,7.5,34,0,
2026-05-16T15:32:07.208478,GET,/api/articles/list/large/,33.46,471824,0,
2026-05-16T15:32:07.212492,POST,/api/articles/bulk/,7.51,34,0,
2026-05-16T15:32:07.224442,GET,/api/articles/list/small/,8.32,23002,0,
2026-05-16T15:32:07.231703,GET,/api/articles/list/small/,4.29,23002,0,
2026-05-16T15:32:07.260627,POST,/api/articles/analyze/,2.7,58,0,
2026-05-16T15:32:07.261752,GET,/api/articles/list/large/,34.94,471824,0,
2026-05-16T15:32:07.265648,POST,/api/articles/analyze/,2.52,58,0,
2026-05-16T15:32:07.269384,POST,/api/articles/analyze/,2.36,58,0,
2026-05-16T15:32:07.277817,GET,/api/articles/list/small/,4.16,23002,0,
2026-05-16T15:32:07.287381,GET,/api/articles/list/small/,4.17,23002,0,
2026-05-16T15:32:07.293076,POST,/api/articles/analyze/,2.37,58,0,
2026-05-16T15:32:07.309687,GET,/api/articles/list/small/,4.3,23002,0,
2026-05-16T15:32:07.330865,POST,/api/articles/bulk/,7.87,34,0,
2026-05-16T15:32:07.340778,POST,/api/articles/bulk/,7.21,34,0,
2026-05-16T15:32:07.346943,GET,/api/articles/list/small/,4.96,23002,0,
2026-05-16T15:32:07.363640,POST,/api/articles/bulk/,7.85,34,0,
2026-05-16T15:32:07.367704,GET,/api/articles/list/large/,34.6,471824,0,
2026-05-16T15:32:07.377145,GET,/api/articles/list/large/,33.85,471824,0,
2026-05-16T15:32:07.390010,GET,/api/articles/list/large/,37.82,471824,0,
2026-05-16T15:32:07.397028,GET,/api/articles/list/large/,39.98,471824,0,
2026-05-16T15:32:07.398881,POST,/api/articles/bulk/,7.6,34,0,
2026-05-16T15:32:07.401441,GET,/api/articles/list/small/,6.18,23002,0,
2026-05-16T15:32:07.404832,POST,/api/articles/bulk/,7.63,34,0,
2026-05-16T15:32:07.429838,GET,/api/articles/list/small/,5.63,23002,0,
2026-05-16T15:32:07.435989,POST,/api/articles/bulk/,7.42,34,0,
2026-05-16T15:32:07.436474,POST,/api/articles/bulk/,8.72,34,0,
2026-05-16T15:32:07.441182,POST,/api/articles/bulk/,7.29,34,0,
2026-05-16T15:32:07.471841,POST,/api/articles/analyze/,8.0,58,0,
2026-05-16T15:32:07.501784,POST,/api/articles/analyze/,2.5,58,0,
2026-05-16T15:32:07.504150,POST,/api/articles/bulk/,7.92,34,0,
2026-05-16T15:32:07.511237,POST,/api/articles/bulk/,8.18,34,0,
2026-05-16T15:32:07.538766,POST,/api/articles/analyze/,4.83,58,0,
2026-05-16T15:32:07.539215,POST,/api/articles/analyze/,4.84,58,0,
2026-05-16T15:32:07.549144,GET,/api/articles/list/small/,4.58,23002,0,
2026-05-16T15:32:07.551525,POST,/api/articles/bulk/,7.68,34,0,
2026-05-16T15:32:07.553081,GET,/api/articles/list/small/,4.92,23002,0,
2026-05-16T15:32:07.566535,POST,/api/articles/analyze/,2.77,58,0,
2026-05-16T15:32:07.572941,GET,/api/articles/list/large/,39.51,471824,0,
2026-05-16T15:32:07.573939,GET,/api/articles/list/large/,33.52,471824,0,
2026-05-16T15:32:07.594258,GET,/api/articles/list/large/,33.96,471824,0,
2026-05-16T15:32:07.605951,POST,/api/articles/analyze/,3.03,58,0,
2026-05-16T15:32:07.623488,POST,/api/articles/bulk/,9.51,34,0,
2026-05-16T15:32:07.623896,POST,/api/articles/bulk/,10.71,34,0,
2026-05-16T15:32:07.627875,POST,/api/articles/analyze/,2.76,58,0,
2026-05-16T15:32:07.631917,GET,/api/articles/list/large/,34.39,471824,0,
2026-05-16T15:32:07.640437,GET,/api/articles/list/large/,53.26,471824,0,
2026-05-16T15:32:07.649356,GET,/api/articles/list/large/,51.32,471824,0,
2026-05-16T15:32:07.652149,GET,/api/articles/list/large/,35.04,471824,0,
2026-05-16T15:32:07.660544,POST,/api/articles/bulk/,7.48,34,0,
2026-05-16T15:32:07.661014,POST,/api/articles/bulk/,8.74,34,0,
2026-05-16T15:32:07.666933,POST,/api/articles/bulk/,7.7,34,0,
2026-05-16T15:32:07.685867,POST,/api/articles/analyze/,3.16,58,0,
2026-05-16T15:32:07.686283,POST,/api/articles/analyze/,4.13,58,0,
2026-05-16T15:32:07.692109,POST,/api/articles/analyze/,2.63,58,0,
2026-05-16T15:32:07.719324,POST,/api/articles/bulk/,10.65,34,0,
2026-05-16T15:32:07.722518,GET,/api/articles/list/large/,38.45,471824,0,
2026-05-16T15:32:07.732675,POST,/api/articles/bulk/,7.86,34,0,
2026-05-16T15:32:07.743695,GET,/api/articles/list/small/,4.87,23002,0,
2026-05-16T15:32:07.744188,GET,/api/articles/list/small/,4.01,23002,0,
2026-05-16T15:32:07.745743,POST,/api/articles/analyze/,3.26,58,0,
2026-05-16T15:32:07.760832,GET,/api/articles/list/large/,33.24,471824,0,
2026-05-16T15:32:07.764313,GET,/api/articles/list/small/,5.36,23002,0,
2026-05-16T15:32:07.770253,POST,/api/articles/analyze/,2.34,58,0,
2026-05-16T15:32:07.770682,GET,/api/articles/list/small/,5.03,23002,0,
2026-05-16T15:32:07.771504,GET,/api/articles/list/small/,4.64,23002,0,
2026-05-16T15:32:07.784228,GET,/api/articles/list/small/,4.34,23002,0,
2026-05-16T15:32:07.791725,GET,/api/articles/list/small/,4.26,23002,0,
2026-05-16T15:32:07.816144,GET,/api/articles/list/small/,4.22,23002,0,
2026-05-16T15:32:07.816578,POST,/api/articles/bulk/,7.54,34,0,
2026-05-16T15:32:07.824109,GET,/api/articles/list/small/,4.19,23002,0,
2026-05-16T15:32:07.849567,POST,/api/articles/bulk/,7.16,34,0,
2026-05-16T15:32:07.854332,POST,/api/articles/bulk/,7.0,34,0,
2026-05-16T15:32:07.866793,GET,/api/articles/list/small/,5.15,23002,0,
2026-05-16T15:32:07.872906,POST,/api/articles/bulk/,7.39,34,0,
2026-05-16T15:32:07.887330,POST,/api/articles/bulk/,8.18,34,0,
2026-05-16T15:32:07.898975,GET,/api/articles/list/large/,33.91,471824,0,
2026-05-16T15:32:07.903651,GET,/api/articles/list/small/,4.54,23002,0,
2026-05-16T15:32:07.907394,GET,/api/articles/list/small/,4.8,23002,0,
2026-05-16T15:32:07.912119,GET,/api/articles/list/large/,35.02,471824,0,
2026-05-16T15:32:07.912555,POST,/api/articles/bulk/,8.1,34,0,
2026-05-16T15:32:07.925200,GET,/api/articles/list/small/,4.81,23002,0,
2026-05-16T15:32:07.925656,GET,/api/articles/list/small/,5.76,23002,0,
2026-05-16T15:32:07.926524,POST,/api/articles/analyze/,3.34,58,0,
2026-05-16T15:32:07.948536,POST,/api/articles/analyze/,2.5,58,0,
2026-05-16T15:32:07.965824,GET,/api/articles/list/large/,40.07,471824,0,
2026-05-16T15:32:07.967198,POST,/api/articles/bulk/,7.38,34,0,
2026-05-16T15:32:07.983129,GET,/api/articles/list/large/,38.47,471824,0,
2026-05-16T15:32:07.992744,GET,/api/articles/list/small/,4.31,23002,0,
2026-05-16T15:32:07.995336,POST,/api/articles/bulk/,7.65,34,0,
2026-05-16T15:32:08.004636,POST,/api/articles/bulk/,7.08,34,0,
2026-05-16T15:32:08.008583,GET,/api/articles/list/large/,33.14,471824,0,
2026-05-16T15:32:08.012517,POST,/api/articles/analyze/,2.65,58,0,
2026-05-16T15:32:08.016354,GET,/api/articles/list/large/,33.09,471824,0,
2026-05-16T15:32:08.022462,POST,/api/articles/analyze/,2.53,58,0,
2026-05-16T15:32:08.031716,POST,/api/articles/bulk/,7.06,34,0,
2026-05-16T15:32:08.037943,GET,/api/articles/list/small/,4.04,23002,0,
2026-05-16T15:32:08.049350,GET,/api/articles/list/large/,32.87,471824,0,
2026-05-16T15:32:08.055214,POST,/api/articles/bulk/,8.05,34,0,
2026-05-16T15:32:08.085720,POST,/api/articles/bulk/,7.33,34,0,
2026-05-16T15:32:08.133548,GET,/api/articles/list/small/,4.37,23002,0,
2026-05-16T15:32:08.142215,GET,/api/articles/list/small/,4.37,23002,0,
2026-05-16T15:32:08.147005,POST,/api/articles/analyze/,2.45,58,0,
2026-05-16T15:32:08.150554,POST,/api/articles/analyze/,2.3,58,0,
2026-05-16T15:32:08.164501,GET,/api/articles/list/small/,4.13,23002,0,
2026-05-16T15:32:08.190150,GET,/api/articles/list/large/,33.26,471824,0,
2026-05-16T15:32:08.235804,POST,/api/articles/analyze/,3.14,58,0,
2026-05-16T15:32:08.246880,POST,/api/articles/bulk/,8.79,34,0,
2026-05-16T15:32:08.247858,POST,/api/articles/analyze/,2.88,58,0,
2026-05-16T15:32:08.291393,GET,/api/articles/list/large/,89.53,471824,0,
2026-05-16T15:32:08.292031,POST,/api/articles/bulk/,11.21,34,0,
2026-05-16T15:32:08.299777,GET,/api/articles/list/large/,55.57,471824,0,
2026-05-16T15:32:08.300255,POST,/api/articles/bulk/,11.22,34,0,
2026-05-16T15:32:08.301188,POST,/api/articles/bulk/,13.42,34,0,
2026-05-16T15:32:08.302409,GET,/api/articles/list/large/,36.33,471824,0,
2026-05-16T15:32:08.304048,POST,/api/articles/analyze/,3.69,58,0,
2026-05-16T15:32:08.309418,POST,/api/articles/analyze/,2.42,58,0,
2026-05-16T15:32:08.311089,POST,/api/articles/bulk/,6.94,34,0,
2026-05-16T15:32:08.320046,POST,/api/articles/analyze/,3.75,58,0,
2026-05-16T15:32:08.325196,GET,/api/articles/list/large/,36.59,471824,0,
2026-05-16T15:32:08.336883,GET,/api/articles/list/small/,4.32,23002,0,
2026-05-16T15:32:08.349676,POST,/api/articles/analyze/,2.55,58,0,
2026-05-16T15:32:08.367090,GET,/api/articles/list/small/,5.11,23002,0,
2026-05-16T15:32:08.369923,POST,/api/articles/bulk/,6.9,34,0,
2026-05-16T15:32:08.376703,GET,/api/articles/list/small/,4.44,23002,0,
2026-05-16T15:32:08.378514,POST,/api/articles/analyze/,2.71,58,0,
2026-05-16T15:32:08.379951,POST,/api/articles/analyze/,2.54,58,0,
2026-05-16T15:32:08.405181,GET,/api/articles/list/small/,4.34,23002,0,
2026-05-16T15:32:08.417116,GET,/api/articles/list/large/,32.83,471824,0,
2026-05-16T15:32:08.449105,POST,/api/articles/analyze/,8.8,58,0,
2026-05-16T15:32:08.453959,POST,/api/articles/analyze/,2.6,58,0,
2026-05-16T15:32:08.455709,GET,/api/articles/list/large/,38.46,471824,0,
2026-05-16T15:32:08.463147,GET,/api/articles/list/large/,39.35,471824,0,
2026-05-16T15:32:08.479880,GET,/api/articles/list/small/,5.08,23002,0,
2026-05-16T15:32:08.481690,GET,/api/articles/list/large/,34.76,471824,0,
2026-05-16T15:32:08.482867,GET,/api/articles/list/large/,34.7,471824,0,
2026-05-16T15:32:08.492652,POST,/api/articles/analyze/,3.59,58,0,
2026-05-16T15:32:08.497102,GET,/api/articles/list/large/,32.73,471824,0,
2026-05-16T15:32:08.498862,POST,/api/articles/bulk/,7.4,34,0,
2026-05-16T15:32:08.509863,GET,/api/articles/list/large/,34.49,471824,0,
2026-05-16T15:32:08.513099,POST,/api/articles/analyze/,2.6,58,0,
2026-05-16T15:32:08.513539,GET,/api/articles/list/small/,5.44,23002,0,
2026-05-16T15:32:08.540243,GET,/api/articles/list/small/,5.43,23002,0,
2026-05-16T15:32:08.541151,POST,/api/articles/analyze/,3.72,58,0,
2026-05-16T15:32:08.575390,GET,/api/articles/list/large/,34.1,471824,0,
2026-05-16T15:32:08.579304,POST,/api/articles/analyze/,2.71,58,0,
2026-05-16T15:32:08.584385,POST,/api/articles/analyze/,2.87,58,0,
2026-05-16T15:32:08.593534,GET,/api/articles/list/large/,33.47,471824,0,
2026-05-16T15:32:08.605439,POST,/api/articles/analyze/,3.26,58,0,
2026-05-16T15:32:08.605847,POST,/api/articles/analyze/,2.53,58,0,
2026-05-16T15:32:08.626741,GET,/api/articles/list/large/,33.07,471824,0,
2026-05-16T15:32:08.641813,POST,/api/articles/analyze/,2.78,58,0,
2026-05-16T15:32:08.657904,GET,/api/articles/list/large/,33.81,471824,0,
2026-05-16T15:32:08.658407,GET,/api/articles/list/small/,5.39,23002,0,
2026-05-16T15:32:08.710218,POST,/api/articles/analyze/,2.75,58,0,
2026-05-16T15:32:08.720146,POST,/api/articles/analyze/,2.68,58,0,
2026-05-16T15:32:08.725734,GET,/api/articles/list/large/,33.93,471824,0,
2026-05-16T15:32:08.728198,GET,/api/articles/list/large/,33.16,471824,0,
2026-05-16T15:32:08.738889,GET,/api/articles/list/small/,4.35,23002,0,
2026-05-16T15:32:08.749051,POST,/api/articles/bulk/,6.96,34,0,
2026-05-16T15:32:08.789355,GET,/api/articles/list/large/,33.11,471824,0,
2026-05-16T15:32:08.792105,GET,/api/articles/list/small/,5.33,23002,0,
2026-05-16T15:32:08.800526,GET,/api/articles/list/small/,4.21,23002,0,
2026-05-16T15:32:08.806269,GET,/api/articles/list/large/,34.45,471824,0,
2026-05-16T15:32:08.808049,POST,/api/articles/analyze/,3.32,58,0,
2026-05-16T15:32:08.822758,GET,/api/articles/list/large/,33.25,471824,0,
2026-05-16T15:32:08.826737,POST,/api/articles/analyze/,2.75,58,0,
2026-05-16T15:32:08.829419,POST,/api/articles/analyze/,2.57,58,0,
2026-05-16T15:32:08.845827,GET,/api/articles/list/small/,4.24,23002,0,
2026-05-16T15:32:08.847540,GET,/api/articles/list/large/,33.3,471824,0,
2026-05-16T15:32:08.854069,GET,/api/articles/list/small/,4.14,23002,0,
2026-05-16T15:32:08.864886,POST,/api/articles/analyze/,2.66,58,0,
2026-05-16T15:32:08.870611,GET,/api/articles/list/small/,4.48,23002,0,
2026-05-16T15:32:08.880760,POST,/api/articles/bulk/,6.96,34,0,
2026-05-16T15:32:08.900097,GET,/api/articles/list/large/,33.42,471824,0,
2026-05-16T15:32:08.927110,GET,/api/articles/list/large/,33.16,471824,0,
2026-05-16T15:32:08.941552,POST,/api/articles/analyze/,8.78,58,0,
2026-05-16T15:32:08.941973,POST,/api/articles/analyze/,6.82,58,0,
2026-05-16T15:32:08.944215,POST,/api/articles/bulk/,15.86,34,0,
2026-05-16T15:32:08.946610,POST,/api/articles/bulk/,7.56,34,0,
2026-05-16T15:32:08.967378,GET,/api/articles/list/small/,4.48,23002,0,
2026-05-16T15:32:08.967812,GET,/api/articles/list/small/,4.32,23002,0,
2026-05-16T15:32:08.984850,GET,/api/articles/list/small/,4.2,23002,0,
2026-05-16T15:32:09.009244,POST,/api/articles/bulk/,7.22,34,0,
2026-05-16T15:32:09.011116,GET,/api/articles/list/large/,32.98,471824,0,
2026-05-16T15:32:09.020689,GET,/api/articles/list/small/,4.35,23002,0,
2026-05-16T15:32:09.037724,GET,/api/articles/list/large/,33.94,471824,0,
2026-05-16T15:32:09.038689,POST,/api/articles/analyze/,4.7,58,0,
2026-05-16T15:32:09.043054,POST,/api/articles/analyze/,5.19,58,0,
2026-05-16T15:32:09.043824,GET,/api/articles/list/small/,7.78,23002,0,
2026-05-16T15:32:09.044231,POST,/api/articles/analyze/,4.45,58,0,
2026-05-16T15:32:09.045549,GET,/api/articles/list/small/,4.97,23002,0,
2026-05-16T15:32:09.049584,POST,/api/articles/bulk/,10.48,34,0,
2026-05-16T15:32:09.050033,POST,/api/articles/analyze/,3.32,58,0,
2026-05-16T15:32:09.053123,GET,/api/articles/list/large/,33.29,471824,0,
2026-05-16T15:32:09.065873,GET,/api/articles/list/large/,34.4,471824,0,
2026-05-16T15:32:09.069883,GET,/api/articles/list/small/,9.57,23002,0,
2026-05-16T15:32:09.075098,POST,/api/articles/bulk/,7.26,34,0,
2026-05-16T15:32:09.089393,GET,/api/articles/list/large/,36.12,471824,0,
2026-05-16T15:32:09.090611,GET,/api/articles/list/large/,33.78,471824,0,
2026-05-16T15:32:09.098738,GET,/api/articles/list/large/,34.87,471824,0,
2026-05-16T15:32:09.103349,POST,/api/articles/analyze/,6.54,58,0,
2026-05-16T15:32:09.103770,POST,/api/articles/analyze/,4.88,58,0,
2026-05-16T15:32:09.108074,POST,/api/articles/bulk/,8.64,34,0,
2026-05-16T15:32:09.116740,GET,/api/articles/list/small/,4.36,23002,0,
2026-05-16T15:32:09.121389,POST,/api/articles/analyze/,2.43,58,0,
2026-05-16T15:32:09.142755,POST,/api/articles/bulk/,7.0,34,0,
2026-05-16T15:32:09.151137,POST,/api/articles/bulk/,7.02,34,0,
2026-05-16T15:32:09.152574,GET,/api/articles/list/small/,4.65,23002,0,
2026-05-16T15:32:09.152981,GET,/api/articles/list/small/,4.55,23002,0,
2026-05-16T15:32:09.160642,POST,/api/articles/analyze/,3.37,58,0,
2026-05-16T15:32:09.162714,POST,/api/articles/analyze/,3.1,58,0,
2026-05-16T15:32:09.165047,GET,/api/articles/list/small/,4.18,23002,0,
2026-05-16T15:32:09.175821,POST,/api/articles/analyze/,6.39,58,0,
2026-05-16T15:32:09.184306,POST,/api/articles/bulk/,14.43,34,0,
2026-05-16T15:32:09.185894,POST,/api/articles/analyze/,3.56,58,0,
2026-05-16T15:32:09.201393,POST,/api/articles/analyze/,2.74,58,0,
2026-05-16T15:32:09.203353,GET,/api/articles/list/small/,5.2,23002,0,
2026-05-16T15:32:09.245427,POST,/api/articles/analyze/,2.85,58,0,
2026-05-16T15:32:09.283607,POST,/api/articles/analyze/,2.81,58,0,
2026-05-16T15:32:09.295578,POST,/api/articles/analyze/,2.81,58,0,
2026-05-16T15:32:09.302955,GET,/api/articles/list/small/,4.05,23002,0,
2026-05-16T15:32:09.322169,POST,/api/articles/bulk/,7.01,34,0,
2026-05-16T15:32:09.356344,POST,/api/articles/bulk/,7.24,34,0,
2026-05-16T15:32:09.369083,GET,/api/articles/list/large/,33.51,471824,0,
2026-05-16T15:32:09.387986,POST,/api/articles/analyze/,2.69,58,0,
2026-05-16T15:32:09.438134,POST,/api/articles/analyze/,8.47,58,0,
2026-05-16T15:32:09.442052,GET,/api/articles/list/small/,13.68,23002,0,
2026-05-16T15:32:09.444084,POST,/api/articles/bulk/,15.17,34,0,
2026-05-16T15:32:09.445661,GET,/api/articles/list/small/,4.74,23002,0,
2026-05-16T15:32:09.453746,POST,/api/articles/bulk/,6.87,34,0,
2026-05-16T15:32:09.463715,POST,/api/articles/analyze/,2.64,58,0,
2026-05-16T15:32:09.479200,POST,/api/articles/bulk/,7.13,34,0,
2026-05-16T15:32:09.484894,POST,/api/articles/bulk/,7.17,34,0,
2026-05-16T15:32:09.486048,POST,/api/articles/analyze/,3.27,58,0,
2026-05-16T15:32:09.492261,POST,/api/articles/bulk/,7.25,34,0,
2026-05-16T15:32:09.503379,GET,/api/articles/list/small/,4.31,23002,0,
2026-05-16T15:32:09.503793,POST,/api/articles/bulk/,8.17,34,0,
2026-05-16T15:32:09.510770,POST,/api/articles/bulk/,6.88,34,0,
2026-05-16T15:32:09.529467,GET,/api/articles/list/large/,33.1,471824,0,
2026-05-16T15:32:09.529943,POST,/api/articles/analyze/,2.96,58,0,
2026-05-16T15:32:09.566530,GET,/api/articles/list/small/,4.81,23002,0,
2026-05-16T15:32:09.567748,GET,/api/articles/list/large/,35.47,471824,0,
2026-05-16T15:32:09.575680,GET,/api/articles/list/small/,4.5,23002,0,
2026-05-16T15:32:09.587548,POST,/api/articles/bulk/,9.51,34,0,
2026-05-16T15:32:09.587970,POST,/api/articles/bulk/,8.56,34,0,
2026-05-16T15:32:09.611234,POST,/api/articles/analyze/,2.92,58,0,
2026-05-16T15:32:09.639615,POST,/api/articles/analyze/,2.65,58,0,
2026-05-16T15:32:09.645361,GET,/api/articles/list/large/,32.78,471824,0,
2026-05-16T15:32:09.647352,POST,/api/articles/analyze/,3.98,58,0,
2026-05-16T15:32:09.649432,GET,/api/articles/list/large/,33.44,471824,0,
2026-05-16T15:32:09.655708,GET,/api/articles/list/large/,33.38,471824,0,
2026-05-16T15:32:09.664455,GET,/api/articles/list/large/,33.91,471824,0,
2026-05-16T15:32:09.683511,GET,/api/articles/list/large/,40.7,471824,0,
2026-05-16T15:32:09.691429,GET,/api/articles/list/small/,7.59,23002,0,
2026-05-16T15:32:09.694093,POST,/api/articles/analyze/,2.53,58,0,
2026-05-16T15:32:09.710576,POST,/api/articles/bulk/,7.25,34,0,
2026-05-16T15:32:09.711726,GET,/api/articles/list/large/,43.04,471824,0,
2026-05-16T15:32:09.714745,POST,/api/articles/analyze/,2.54,58,0,
2026-05-16T15:32:09.715719,GET,/api/articles/list/small/,6.47,23002,0,
2026-05-16T15:32:09.738117,POST,/api/articles/bulk/,7.26,34,0,
2026-05-16T15:32:09.751167,POST,/api/articles/analyze/,2.69,58,0,
2026-05-16T15:32:09.759315,POST,/api/articles/analyze/,2.98,58,0,
2026-05-16T15:32:09.761726,GET,/api/articles/list/small/,4.14,23002,0,
2026-05-16T15:32:09.774192,POST,/api/articles/bulk/,7.17,34,0,
2026-05-16T15:32:09.778863,POST,/api/articles/bulk/,7.21,34,0,
2026-05-16T15:32:09.779275,POST,/api/articles/bulk/,8.42,34,0,
2026-05-16T15:32:09.789302,POST,/api/articles/analyze/,2.75,58,0,
2026-05-16T15:32:09.805155,POST,/api/articles/bulk/,7.11,34,0,
2026-05-16T15:32:09.805576,POST,/api/articles/analyze/,2.85,58,0,
2026-05-16T15:32:09.813019,GET,/api/articles/list/small/,4.27,23002,0,
2026-05-16T15:32:09.818248,GET,/api/articles/list/small/,4.01,23002,0,
2026-05-16T15:32:09.825564,GET,/api/articles/list/large/,32.9,471824,0,
2026-05-16T15:32:09.877658,POST,/api/articles/analyze/,3.15,58,0,
2026-05-16T15:32:09.879905,GET,/api/articles/list/small/,4.27,23002,0,
2026-05-16T15:32:09.885670,GET,/api/articles/list/small/,4.56,23002,0,
2026-05-16T15:32:09.902154,GET,/api/articles/list/large/,33.3,471824,0,
2026-05-16T15:32:09.904899,POST,/api/articles/analyze/,2.61,58,0,
2026-05-16T15:32:09.910743,POST,/api/articles/analyze/,2.51,58,0,
2026-05-16T15:32:09.937746,GET,/api/articles/list/small/,5.77,23002,0,
2026-05-16T15:32:09.957662,POST,/api/articles/bulk/,7.21,34,0,
2026-05-16T15:32:09.964492,POST,/api/articles/analyze/,2.63,58,0,
2026-05-16T15:32:09.966013,GET,/api/articles/list/large/,36.73,471824,0,
2026-05-16T15:32:09.976193,GET,/api/articles/list/large/,34.27,471824,0,
2026-05-16T15:32:09.977821,POST,/api/articles/analyze/,3.46,58,0,
2026-05-16T15:32:09.986568,POST,/api/articles/analyze/,2.35,58,0,
2026-05-16T15:32:10.002007,POST,/api/articles/bulk/,7.02,34,0,
2026-05-16T15:32:10.022283,POST,/api/articles/analyze/,3.94,58,0,
2026-05-16T15:32:10.045251,POST,/api/articles/analyze/,3.67,58,0,
2026-05-16T15:32:10.046653,GET,/api/articles/list/small/,5.47,23002,0,
2026-05-16T15:32:10.047667,POST,/api/articles/analyze/,3.32,58,0,
2026-05-16T15:32:10.067216,POST,/api/articles/bulk/,7.28,34,0,
2026-05-16T15:32:10.074859,GET,/api/articles/list/large/,34.19,471824,0,
2026-05-16T15:32:10.078078,POST,/api/articles/analyze/,3.05,58,0,
2026-05-16T15:32:10.080098,GET,/api/articles/list/small/,4.58,23002,0,
2026-05-16T15:32:10.087724,POST,/api/articles/bulk/,7.52,34,0,
2026-05-16T15:32:10.103690,POST,/api/articles/analyze/,2.58,58,0,
2026-05-16T15:32:10.138498,GET,/api/articles/list/large/,33.62,471824,0,
2026-05-16T15:32:10.146075,GET,/api/articles/list/small/,4.62,23002,0,
2026-05-16T15:32:10.148162,POST,/api/articles/bulk/,7.48,34,0,
2026-05-16T15:32:10.166464,GET,/api/articles/list/large/,34.22,471824,0,
2026-05-16T15:32:10.167100,GET,/api/articles/list/small/,4.77,23002,0,
2026-05-16T15:32:10.175376,GET,/api/articles/list/small/,10.38,23002,0,
2026-05-16T15:32:10.183496,GET,/api/articles/list/small/,6.17,23002,0,
2026-05-16T15:32:10.184051,POST,/api/articles/analyze/,2.77,58,0,
2026-05-16T15:32:10.200303,POST,/api/articles/analyze/,2.76,58,0,
2026-05-16T15:32:10.207619,GET,/api/articles/list/small/,4.09,23002,0,
2026-05-16T15:32:10.214560,POST,/api/articles/bulk/,6.83,34,0,
2026-05-16T15:32:10.215967,GET,/api/articles/list/large/,33.62,471824,0,
2026-05-16T15:32:10.220383,GET,/api/articles/list/small/,4.29,23002,0,
2026-05-16T15:32:10.220944,POST,/api/articles/analyze/,2.51,58,0,
2026-05-16T15:32:10.227045,GET,/api/articles/list/small/,3.92,23002,0,
2026-05-16T15:32:10.261872,GET,/api/articles/list/small/,4.6,23002,0,
2026-05-16T15:32:10.285596,GET,/api/articles/list/small/,4.5,23002,0,
2026-05-16T15:32:10.293395,GET,/api/articles/list/large/,33.41,471824,0,
2026-05-16T15:32:10.301380,POST,/api/articles/analyze/,2.69,58,0,
2026-05-16T15:32:10.307294,POST,/api/articles/analyze/,2.54,58,0,
2026-05-16T15:32:10.316169,POST,/api/articles/analyze/,2.53,58,0,
2026-05-16T15:32:10.343108,POST,/api/articles/bulk/,7.01,34,0,
2026-05-16T15:32:10.354616,POST,/api/articles/analyze/,2.33,58,0,
2026-05-16T15:32:10.356004,GET,/api/articles/list/small/,4.66,23002,0,
2026-05-16T15:32:10.367028,GET,/api/articles/list/large/,33.51,471824,0,
2026-05-16T15:32:10.388918,GET,/api/articles/list/small/,4.5,23002,0,
2026-05-16T15:32:10.392126,GET,/api/articles/list/large/,33.93,471824,0,
2026-05-16T15:32:10.396409,GET,/api/articles/list/small/,6.22,23002,0,
2026-05-16T15:32:10.399372,POST,/api/articles/bulk/,6.89,34,0,
2026-05-16T15:32:10.451652,POST,/api/articles/bulk/,8.01,34,0,
2026-05-16T15:32:10.457029,GET,/api/articles/list/large/,40.3,471824,0,
2026-05-16T15:32:10.470020,POST,/api/articles/analyze/,2.75,58,0,
2026-05-16T15:32:10.485311,POST,/api/articles/analyze/,3.95,58,0,
2026-05-16T15:32:10.510933,POST,/api/articles/analyze/,3.48,58,0,
2026-05-16T15:32:10.514510,POST,/api/articles/bulk/,8.35,34,0,
2026-05-16T15:32:10.522380,GET,/api/articles/list/large/,32.7,471824,0,
2026-05-16T15:32:10.539373,POST,/api/articles/bulk/,7.2,34,0,
2026-05-16T15:32:10.541534,GET,/api/articles/list/large/,34.54,471824,0,
2026-05-16T15:32:10.547244,POST,/api/articles/analyze/,2.52,58,0,
2026-05-16T15:32:10.561697,POST,/api/articles/bulk/,9.25,34,0,
2026-05-16T15:32:10.562778,GET,/api/articles/list/large/,35.15,471824,0,
2026-05-16T15:32:10.567682,POST,/api/articles/analyze/,2.58,58,0,
2026-05-16T15:32:10.572212,GET,/api/articles/list/small/,4.42,23002,0,
2026-05-16T15:32:10.589365,POST,/api/articles/bulk/,7.13,34,0,
2026-05-16T15:32:10.589782,POST,/api/articles/bulk/,8.3,34,0,
2026-05-16T15:32:10.616595,GET,/api/articles/list/small/,4.7,23002,0,
2026-05-16T15:32:10.635464,GET,/api/articles/list/large/,34.47,471824,0,
2026-05-16T15:32:10.640934,GET,/api/articles/list/large/,37.36,471824,0,
2026-05-16T15:32:10.648477,GET,/api/articles/list/small/,4.27,23002,0,
2026-05-16T15:32:10.671819,POST,/api/articles/analyze/,3.02,58,0,
2026-05-16T15:32:10.680288,POST,/api/articles/bulk/,7.14,34,0,
2026-05-16T15:32:10.686145,POST,/api/articles/bulk/,8.26,34,0,
2026-05-16T15:32:10.711681,GET,/api/articles/list/large/,33.05,471824,0,
2026-05-16T15:32:10.722152,GET,/api/articles/list/large/,33.8,471824,0,
2026-05-16T15:32:10.723394,GET,/api/articles/list/large/,34.51,471824,0,
2026-05-16T15:32:10.740933,GET,/api/articles/list/large/,33.59,471824,0,
2026-05-16T15:32:10.747173,GET,/api/articles/list/small/,4.85,23002,0,
2026-05-16T15:32:10.748717,POST,/api/articles/analyze/,3.02,58,0,
2026-05-16T15:32:10.759773,POST,/api/articles/bulk/,7.85,34,0,
2026-05-16T15:32:10.760198,POST,/api/articles/bulk/,7.54,34,0,
2026-05-16T15:32:10.774370,POST,/api/articles/analyze/,2.61,58,0,
2026-05-16T15:32:10.774790,POST,/api/articles/bulk/,8.05,34,0,
2026-05-16T15:32:10.776302,GET,/api/articles/list/large/,33.51,471824,0,
2026-05-16T15:32:10.796981,GET,/api/articles/list/large/,41.15,471824,0,
2026-05-16T15:32:10.798214,POST,/api/articles/analyze/,4.0,58,0,
2026-05-16T15:32:10.801738,GET,/api/articles/list/large/,40.34,471824,0,
2026-05-16T15:32:10.804620,POST,/api/articles/bulk/,7.5,34,0,
2026-05-16T15:32:10.818380,GET,/api/articles/list/large/,33.84,471824,0,
2026-05-16T15:32:10.818867,POST,/api/articles/bulk/,8.05,34,0,
2026-05-16T15:32:10.831335,POST,/api/articles/bulk/,7.26,34,0,
2026-05-16T15:32:10.844186,POST,/api/articles/analyze/,2.67,58,0,
2026-05-16T15:32:10.858163,POST,/api/articles/analyze/,2.61,58,0,
2026-05-16T15:32:10.882080,POST,/api/articles/bulk/,7.63,34,0,
2026-05-16T15:32:10.887559,POST,/api/articles/bulk/,8.97,34,0,
2026-05-16T15:32:10.896895,POST,/api/articles/bulk/,12.57,34,0,
2026-05-16T15:32:10.921771,GET,/api/articles/list/small/,4.62,23002,0,
2026-05-16T15:32:10.935087,GET,/api/articles/list/large/,48.58,471824,0,
2026-05-16T15:32:10.968232,POST,/api/articles/bulk/,7.85,34,0,
2026-05-16T15:32:10.968708,GET,/api/articles/list/small/,5.24,23002,0,
2026-05-16T15:32:10.975418,POST,/api/articles/bulk/,8.51,34,0,
2026-05-16T15:32:10.978889,GET,/api/articles/list/small/,4.58,23002,0,
2026-05-16T15:32:10.990178,POST,/api/articles/bulk/,7.51,34,0,
2026-05-16T15:32:10.995615,GET,/api/articles/list/small/,4.2,23002,0,
2026-05-16T15:32:11.011573,GET,/api/articles/list/large/,33.63,471824,0,
2026-05-16T15:32:11.034341,GET,/api/articles/list/large/,33.48,471824,0,
2026-05-16T15:32:11.067248,POST,/api/articles/analyze/,4.56,58,0,
2026-05-16T15:32:11.074718,POST,/api/articles/bulk/,14.11,34,0,
2026-05-16T15:32:11.108126,POST,/api/articles/bulk/,7.42,34,0,
2026-05-16T15:32:11.109663,GET,/api/articles/list/large/,34.65,471824,0,
2026-05-16T15:32:11.121065,GET,/api/articles/list/large/,33.09,471824,0,
2026-05-16T15:32:11.125188,POST,/api/articles/bulk/,7.34,34,0,
2026-05-16T15:32:11.144763,POST,/api/articles/analyze/,3.43,58,0,
2026-05-16T15:32:11.147035,GET,/api/articles/list/small/,5.18,23002,0,
2026-05-16T15:32:11.160322,POST,/api/articles/bulk/,14.43,34,0,
2026-05-16T15:32:11.162426,GET,/api/articles/list/small/,6.85,23002,0,
2026-05-16T15:32:11.165288,POST,/api/articles/bulk/,8.16,34,0,
2026-05-16T15:32:11.175698,POST,/api/articles/bulk/,6.94,34,0,
2026-05-16T15:32:11.180444,POST,/api/articles/bulk/,8.05,34,0,
2026-05-16T15:32:11.184582,GET,/api/articles/list/small/,5.1,23002,0,
2026-05-16T15:32:11.187282,POST,/api/articles/analyze/,2.58,58,0,
2026-05-16T15:32:11.195660,POST,/api/articles/bulk/,7.13,34,0,
2026-05-16T15:32:11.199611,GET,/api/articles/list/large/,33.24,471824,0,
2026-05-16T15:32:11.203768,GET,/api/articles/list/large/,39.3,471824,0,
2026-05-16T15:32:11.208198,POST,/api/articles/analyze/,3.07,58,0,
2026-05-16T15:32:11.210261,GET,/api/articles/list/small/,4.08,23002,0,
2026-05-16T15:32:11.225781,GET,/api/articles/list/small/,4.22,23002,0,
2026-05-16T15:32:11.244805,POST,/api/articles/bulk/,7.79,34,0,
2026-05-16T15:32:11.255270,POST,/api/articles/bulk/,11.96,34,0,
2026-05-16T15:32:11.256429,POST,/api/articles/bulk/,14.42,34,0,
2026-05-16T15:32:11.269595,POST,/api/articles/bulk/,9.92,34,0,
2026-05-16T15:32:11.277120,POST,/api/articles/analyze/,3.26,58,0,
2026-05-16T15:32:11.283549,GET,/api/articles/list/small/,5.13,23002,0,
2026-05-16T15:32:11.307308,POST,/api/articles/analyze/,3.47,58,0,
2026-05-16T15:32:11.311982,GET,/api/articles/list/small/,4.54,23002,0,
2026-05-16T15:32:11.318570,POST,/api/articles/bulk/,8.51,34,0,
2026-05-16T15:32:11.323478,POST,/api/articles/analyze/,2.53,58,0,
2026-05-16T15:32:11.337957,POST,/api/articles/bulk/,7.23,34,0,
2026-05-16T15:32:11.365688,POST,/api/articles/analyze/,4.37,58,0,
2026-05-16T15:32:11.388566,POST,/api/articles/bulk/,7.78,34,0,
2026-05-16T15:32:11.400374,GET,/api/articles/list/small/,12.69,23002,0,
2026-05-16T15:32:11.404448,POST,/api/articles/bulk/,13.69,34,0,
2026-05-16T15:32:11.407150,GET,/api/articles/list/large/,42.31,471824,0,
2026-05-16T15:32:11.413883,POST,/api/articles/bulk/,8.56,34,0,
2026-05-16T15:32:11.414510,POST,/api/articles/bulk/,6.99,34,0,
2026-05-16T15:32:11.429982,GET,/api/articles/list/small/,4.31,23002,0,
2026-05-16T15:32:11.433636,GET,/api/articles/list/small/,4.5,23002,0,
2026-05-16T15:32:11.435747,POST,/api/articles/analyze/,3.02,58,0,
2026-05-16T15:32:11.450712,POST,/api/articles/bulk/,7.66,34,0,
2026-05-16T15:32:11.460218,POST,/api/articles/bulk/,7.18,34,0,
2026-05-16T15:32:11.482538,POST,/api/articles/analyze/,2.9,58,0,
2026-05-16T15:32:11.492658,GET,/api/articles/list/small/,4.75,23002,0,
2026-05-16T15:32:11.502054,GET,/api/articles/list/small/,4.18,23002,0,
2026-05-16T15:32:11.521765,GET,/api/articles/list/large/,33.38,471824,0,
2026-05-16T15:32:11.523777,GET,/api/articles/list/large/,32.73,471824,0,
2026-05-16T15:32:11.533565,GET,/api/articles/list/small/,4.23,23002,0,
2026-05-16T15:32:11.539220,POST,/api/articles/analyze/,2.43,58,0,
2026-05-16T15:32:11.554202,GET,/api/articles/list/small/,4.1,23002,0,
2026-05-16T15:32:11.556969,GET,/api/articles/list/large/,33.07,471824,0,
2026-05-16T15:32:11.570358,POST,/api/articles/bulk/,7.13,34,0,
2026-05-16T15:32:11.581068,GET,/api/articles/list/large/,33.61,471824,0,
2026-05-16T15:32:11.581548,POST,/api/articles/analyze/,3.84,58,0,
2026-05-16T15:32:11.594132,GET,/api/articles/list/small/,5.41,23002,0,
2026-05-16T15:32:11.600377,POST,/api/articles/bulk/,7.59,34,0,
2026-05-16T15:32:11.602033,GET,/api/articles/list/large/,33.63,471824,0,
2026-05-16T15:32:11.603195,GET,/api/articles/list/large/,37.13,471824,0,
2026-05-16T15:32:11.607529,GET,/api/articles/list/small/,4.22,23002,0,
2026-05-16T15:32:11.626183,GET,/api/articles/list/small/,4.34,23002,0,
2026-05-16T15:32:11.635501,POST,/api/articles/analyze/,3.39,58,0,
2026-05-16T15:32:11.649057,GET,/api/articles/list/small/,4.85,23002,0,
2026-05-16T15:32:11.672489,GET,/api/articles/list/large/,40.94,471824,0,
2026-05-16T15:32:11.675895,GET,/api/articles/list/small/,5.56,23002,0,
2026-05-16T15:32:11.679645,GET,/api/articles/list/small/,4.64,23002,0,
2026-05-16T15:32:11.686823,POST,/api/articles/bulk/,7.04,34,0,
2026-05-16T15:32:11.694570,POST,/api/articles/analyze/,2.52,58,0,
2026-05-16T15:32:11.698318,GET,/api/articles/list/large/,33.09,471824,0,
2026-05-16T15:32:11.703584,GET,/api/articles/list/large/,33.86,471824,0,
2026-05-16T15:32:11.738138,GET,/api/articles/list/small/,7.1,23002,0,
2026-05-16T15:32:11.742037,GET,/api/articles/list/large/,37.06,471824,0,
2026-05-16T15:32:11.745113,POST,/api/articles/bulk/,9.89,34,0,
2026-05-16T15:32:11.752691,GET,/api/articles/list/large/,37.16,471824,0,
2026-05-16T15:32:11.753476,POST,/api/articles/bulk/,7.11,34,0,
2026-05-16T15:32:11.764963,GET,/api/articles/list/small/,5.14,23002,0,
2026-05-16T15:32:11.768063,POST,/api/articles/bulk/,7.19,34,0,
2026-05-16T15:32:11.785100,GET,/api/articles/list/small/,4.4,23002,0,
2026-05-16T15:32:11.794787,GET,/api/articles/list/small/,4.36,23002,0,
2026-05-16T15:32:11.825277,GET,/api/articles/list/large/,35.82,471824,0,
2026-05-16T15:32:11.835542,GET,/api/articles/list/large/,37.52,471824,0,
2026-05-16T15:32:11.838778,POST,/api/articles/analyze/,3.1,58,0,
2026-05-16T15:32:11.841023,GET,/api/articles/list/small/,4.27,23002,0,
2026-05-16T15:32:11.857942,GET,/api/articles/list/large/,34.65,471824,0,
2026-05-16T15:32:11.858429,GET,/api/articles/list/small/,4.75,23002,0,
2026-05-16T15:32:11.865783,GET,/api/articles/list/large/,33.89,471824,0,
2026-05-16T15:32:11.871575,POST,/api/articles/bulk/,8.99,34,0,
2026-05-16T15:32:11.875466,GET,/api/articles/list/large/,33.26,471824,0,
2026-05-16T15:32:11.877245,POST,/api/articles/analyze/,3.47,58,0,
2026-05-16T15:32:11.895670,POST,/api/articles/analyze/,2.82,58,0,
2026-05-16T15:32:11.910768,GET,/api/articles/list/large/,42.53,471824,0,
2026-05-16T15:32:11.916984,POST,/api/articles/bulk/,8.28,34,0,
2026-05-16T15:32:11.919695,GET,/api/articles/list/large/,35.82,471824,0,
2026-05-16T15:32:11.920861,GET,/api/articles/list/large/,39.23,471824,0,
2026-05-16T15:32:11.930904,POST,/api/articles/analyze/,2.79,58,0,
2026-05-16T15:32:11.936577,POST,/api/articles/analyze/,2.47,58,0,
2026-05-16T15:32:11.948014,GET,/api/articles/list/large/,33.4,471824,0,
2026-05-16T15:32:11.969494,POST,/api/articles/analyze/,2.51,58,0,
2026-05-16T15:32:11.972372,POST,/api/articles/bulk/,7.47,34,0,
2026-05-16T15:32:11.985438,GET,/api/articles/list/small/,4.6,23002,0,
2026-05-16T15:32:11.988064,POST,/api/articles/bulk/,7.95,34,0,
2026-05-16T15:32:11.999245,GET,/api/articles/list/large/,34.85,471824,0,
2026-05-16T15:32:12.008966,GET,/api/articles/list/large/,34.4,471824,0,
2026-05-16T15:32:12.009502,POST,/api/articles/analyze/,4.0,58,0,
2026-05-16T15:32:12.022750,GET,/api/articles/list/small/,5.9,23002,0,
2026-05-16T15:32:12.023768,GET,/api/articles/list/small/,4.73,23002,0,
2026-05-16T15:32:12.024606,POST,/api/articles/analyze/,2.97,58,0,
2026-05-16T15:32:12.025614,POST,/api/articles/bulk/,7.71,34,0,
2026-05-16T15:32:12.060657,GET,/api/articles/list/large/,33.7,471824,0,
2026-05-16T15:32:12.070971,POST,/api/articles/analyze/,2.85,58,0,
2026-05-16T15:32:12.075060,GET,/api/articles/list/small/,3.97,23002,0,
2026-05-16T15:32:12.084713,GET,/api/articles/list/small/,5.01,23002,0,
2026-05-16T15:32:12.086798,POST,/api/articles/bulk/,7.86,34,0,
2026-05-16T15:32:12.098300,GET,/api/articles/list/small/,7.43,23002,0,
2026-05-16T15:32:12.100118,POST,/api/articles/bulk/,9.97,34,0,
2026-05-16T15:32:12.100719,POST,/api/articles/bulk/,9.42,34,0,
2026-05-16T15:32:12.139618,GET,/api/articles/list/large/,42.25,471824,0,
2026-05-16T15:32:12.152258,GET,/api/articles/list/small/,4.26,23002,0,
2026-05-16T15:32:12.154598,GET,/api/articles/list/small/,4.11,23002,0,
2026-05-16T15:32:12.168389,POST,/api/articles/analyze/,2.58,58,0,
2026-05-16T15:32:12.179876,POST,/api/articles/analyze/,2.6,58,0,
2026-05-16T15:32:12.183813,POST,/api/articles/bulk/,7.37,34,0,
2026-05-16T15:32:12.197685,POST,/api/articles/analyze/,3.14,58,0,
2026-05-16T15:32:12.198092,POST,/api/articles/analyze/,3.02,58,0,
2026-05-16T15:32:12.205433,POST,/api/articles/analyze/,3.23,58,0,
2026-05-16T15:32:12.207285,GET,/api/articles/list/small/,4.02,23002,0,
2026-05-16T15:32:12.219355,GET,/api/articles/list/large/,33.36,471824,0,
2026-05-16T15:32:12.267732,POST,/api/articles/bulk/,7.18,34,0,
2026-05-16T15:32:12.275042,GET,/api/articles/list/small/,5.02,23002,0,
2026-05-16T15:32:12.296397,GET,/api/articles/list/large/,36.57,471824,0,
2026-05-16T15:32:12.297107,POST,/api/articles/bulk/,10.08,34,0,
2026-05-16T15:32:12.328009,GET,/api/articles/list/large/,47.66,471824,0,
2026-05-16T15:32:12.330288,GET,/api/articles/list/large/,36.42,471824,0,
2026-05-16T15:32:12.340503,POST,/api/articles/bulk/,7.95,34,0,
2026-05-16T15:32:12.353842,POST,/api/articles/analyze/,4.43,58,0,
2026-05-16T15:32:12.354298,POST,/api/articles/analyze/,3.26,58,0,
2026-05-16T15:32:12.362572,GET,/api/articles/list/large/,39.13,471824,0,
2026-05-16T15:32:12.363136,GET,/api/articles/list/small/,5.66,23002,0,
2026-05-16T15:32:12.387714,GET,/api/articles/list/small/,5.25,23002,0,
2026-05-16T15:32:12.392532,GET,/api/articles/list/large/,45.86,471824,0,
2026-05-16T15:32:12.394918,POST,/api/articles/bulk/,7.08,34,0,
2026-05-16T15:32:12.397164,GET,/api/articles/list/large/,46.61,471824,0,
2026-05-16T15:32:12.401495,POST,/api/articles/bulk/,7.73,34,0,
2026-05-16T15:32:12.402597,GET,/api/articles/list/small/,4.2,23002,0,
2026-05-16T15:32:12.415264,GET,/api/articles/list/small/,4.48,23002,0,
2026-05-16T15:32:12.417304,POST,/api/articles/analyze/,2.98,58,0,
2026-05-16T15:32:12.436036,GET,/api/articles/list/small/,4.35,23002,0,
2026-05-16T15:32:12.465972,POST,/api/articles/analyze/,2.7,58,0,
2026-05-16T15:32:12.495724,GET,/api/articles/list/small/,4.51,23002,0,
2026-05-16T15:32:12.505006,POST,/api/articles/bulk/,7.99,34,0,
2026-05-16T15:32:12.505457,POST,/api/articles/bulk/,6.98,34,0,
2026-05-16T15:32:12.513864,POST,/api/articles/analyze/,2.68,58,0,
2026-05-16T15:32:12.514292,POST,/api/articles/analyze/,3.89,58,0,
2026-05-16T15:32:12.515064,GET,/api/articles/list/small/,5.7,23002,0,
2026-05-16T15:32:12.517772,POST,/api/articles/bulk/,9.14,34,0,
2026-05-16T15:32:12.544965,POST,/api/articles/bulk/,8.39,34,0,
2026-05-16T15:32:12.546566,POST,/api/articles/analyze/,4.33,58,0,
2026-05-16T15:32:12.548664,GET,/api/articles/list/small/,4.71,23002,0,
2026-05-16T15:32:12.554045,GET,/api/articles/list/small/,6.22,23002,0,
2026-05-16T15:32:12.558125,GET,/api/articles/list/small/,6.19,23002,0,
2026-05-16T15:32:12.561541,GET,/api/articles/list/small/,4.48,23002,0,
2026-05-16T15:32:12.568265,GET,/api/articles/list/large/,34.27,471824,0,
2026-05-16T15:32:12.580265,POST,/api/articles/bulk/,7.77,34,0,
2026-05-16T15:32:12.583774,GET,/api/articles/list/small/,4.51,23002,0,
2026-05-16T15:32:12.592561,GET,/api/articles/list/large/,32.65,471824,0,
2026-05-16T15:32:12.594287,GET,/api/articles/list/small/,4.28,23002,0,
2026-05-16T15:32:12.605960,POST,/api/articles/analyze/,3.4,58,0,
2026-05-16T15:32:12.607510,GET,/api/articles/list/small/,4.3,23002,0,
2026-05-16T15:32:12.628860,POST,/api/articles/bulk/,7.49,34,0,
2026-05-16T15:32:12.641606,GET,/api/articles/list/small/,4.21,23002,0,
2026-05-16T15:32:12.654836,GET,/api/articles/list/large/,34.01,471824,0,
2026-05-16T15:32:12.666203,GET,/api/articles/list/large/,33.18,471824,0,
2026-05-16T15:32:12.675804,GET,/api/articles/list/small/,4.34,23002,0,
2026-05-16T15:32:12.681507,GET,/api/articles/list/large/,33.67,471824,0,
2026-05-16T15:32:12.701481,POST,/api/articles/analyze/,2.77,58,0,
2026-05-16T15:32:12.713184,GET,/api/articles/list/large/,34.17,471824,0,
2026-05-16T15:32:12.715378,POST,/api/articles/analyze/,5.3,58,0,
2026-05-16T15:32:12.718104,POST,/api/articles/analyze/,2.6,58,0,
2026-05-16T15:32:12.720518,POST,/api/articles/bulk/,9.77,34,0,
2026-05-16T15:32:12.736661,GET,/api/articles/list/large/,33.97,471824,0,
2026-05-16T15:32:12.740661,GET,/api/articles/list/small/,5.94,23002,0,
2026-05-16T15:32:12.741339,POST,/api/articles/analyze/,2.93,58,0,
2026-05-16T15:32:12.781906,GET,/api/articles/list/small/,4.36,23002,0,
2026-05-16T15:32:12.809728,POST,/api/articles/bulk/,7.49,34,0,
2026-05-16T15:32:12.815619,POST,/api/articles/analyze/,2.62,58,0,
2026-05-16T15:32:12.849816,GET,/api/articles/list/small/,4.84,23002,0,
2026-05-16T15:32:12.853487,GET,/api/articles/list/small/,4.54,23002,0,
2026-05-16T15:32:12.873831,POST,/api/articles/analyze/,2.69,58,0,
2026-05-16T15:32:12.885998,POST,/api/articles/bulk/,6.99,34,0,
2026-05-16T15:32:12.898478,GET,/api/articles/list/large/,40.48,471824,0,
2026-05-16T15:32:12.903578,GET,/api/articles/list/large/,43.0,471824,0,
2026-05-16T15:32:12.988974,GET,/api/articles/list/large/,34.99,471824,0,
2026-05-16T15:32:12.993331,POST,/api/articles/bulk/,7.34,34,0,
2026-05-16T15:32:12.994860,GET,/api/articles/list/large/,33.39,471824,0,
2026-05-16T15:32:12.999898,POST,/api/articles/analyze/,2.63,58,0,
2026-05-16T15:32:13.003688,POST,/api/articles/analyze/,2.58,58,0,
2026-05-16T15:32:13.013561,POST,/api/articles/analyze/,2.52,58,0,
2026-05-16T15:32:13.025389,GET,/api/articles/list/small/,4.46,23002,0,
2026-05-16T15:32:13.027400,POST,/api/articles/analyze/,3.94,58,0,
2026-05-16T15:32:13.030828,GET,/api/articles/list/small/,6.9,23002,0,
2026-05-16T15:32:13.034696,GET,/api/articles/list/small/,6.08,23002,0,
2026-05-16T15:32:13.048569,POST,/api/articles/analyze/,2.7,58,0,
2026-05-16T15:32:13.063703,GET,/api/articles/list/large/,32.73,471824,0,
2026-05-16T15:32:13.069478,POST,/api/articles/bulk/,7.71,34,0,
2026-05-16T15:32:13.088179,POST,/api/articles/bulk/,7.34,34,0,
2026-05-16T15:32:13.088930,GET,/api/articles/list/small/,4.22,23002,0,
2026-05-16T15:32:13.098456,POST,/api/articles/bulk/,7.36,34,0,
2026-05-16T15:32:13.117842,POST,/api/articles/bulk/,9.02,34,0,
2026-05-16T15:32:13.120048,POST,/api/articles/analyze/,3.78,58,0,
2026-05-16T15:32:13.121127,GET,/api/articles/list/small/,5.84,23002,0,
2026-05-16T15:32:13.121534,GET,/api/articles/list/small/,5.72,23002,0,
2026-05-16T15:32:13.129629,POST,/api/articles/bulk/,6.91,34,0,
2026-05-16T15:32:13.132399,POST,/api/articles/bulk/,6.92,34,0,
2026-05-16T15:32:13.147337,GET,/api/articles/list/large/,37.11,471824,0,
2026-05-16T15:32:13.152175,POST,/api/articles/analyze/,2.47,58,0,
2026-05-16T15:32:13.173814,GET,/api/articles/list/small/,4.31,23002,0,
2026-05-16T15:32:13.185554,POST,/api/articles/analyze/,2.52,58,0,
2026-05-16T15:32:13.192018,GET,/api/articles/list/small/,4.11,23002,0,
2026-05-16T15:32:13.224238,POST,/api/articles/analyze/,2.48,58,0,
2026-05-16T15:32:13.241418,POST,/api/articles/analyze/,2.69,58,0,
2026-05-16T15:32:13.249355,GET,/api/articles/list/large/,34.04,471824,0,
2026-05-16T15:32:13.252517,POST,/api/articles/analyze/,4.9,58,0,
2026-05-16T15:32:13.257261,POST,/api/articles/bulk/,7.72,34,0,
2026-05-16T15:32:13.260942,GET,/api/articles/list/large/,33.5,471824,0,
2026-05-16T15:32:13.271345,GET,/api/articles/list/small/,6.09,23002,0,
2026-05-16T15:32:13.273970,POST,/api/articles/bulk/,8.1,34,0,
2026-05-16T15:32:13.289501,POST,/api/articles/bulk/,45.82,34,0,
2026-05-16T15:32:13.303867,GET,/api/articles/list/large/,33.63,471824,0,
2026-05-16T15:32:13.311333,GET,/api/articles/list/small/,4.21,23002,0,
2026-05-16T15:32:13.329283,POST,/api/articles/bulk/,7.64,34,0,
2026-05-16T15:32:13.354091,POST,/api/articles/analyze/,8.87,58,0,
2026-05-16T15:32:13.364925,GET,/api/articles/list/small/,5.23,23002,0,
2026-05-16T15:32:13.369883,GET,/api/articles/list/large/,41.53,471824,0,
2026-05-16T15:32:13.375610,GET,/api/articles/list/small/,4.5,23002,0,
2026-05-16T15:32:13.376885,GET,/api/articles/list/large/,41.56,471824,0,
2026-05-16T15:32:13.380630,POST,/api/articles/bulk/,7.11,34,0,
2026-05-16T15:32:13.393693,GET,/api/articles/list/large/,33.47,471824,0,
2026-05-16T15:32:13.407455,GET,/api/articles/list/small/,4.41,23002,0,
2026-05-16T15:32:13.438191,GET,/api/articles/list/small/,4.47,23002,0,
2026-05-16T15:32:13.469342,GET,/api/articles/list/small/,4.92,23002,0,
2026-05-16T15:32:13.473138,GET,/api/articles/list/small/,6.12,23002,0,
2026-05-16T15:32:13.505625,GET,/api/articles/list/large/,37.37,471824,0,
2026-05-16T15:32:13.518370,POST,/api/articles/analyze/,2.63,58,0,
2026-05-16T15:32:13.519568,GET,/api/articles/list/large/,35.19,471824,0,
2026-05-16T15:32:13.522851,POST,/api/articles/bulk/,7.94,34,0,
2026-05-16T15:32:13.529848,GET,/api/articles/list/large/,35.63,471824,0,
2026-05-16T15:32:13.533371,POST,/api/articles/bulk/,7.36,34,0,
2026-05-16T15:32:13.535939,GET,/api/articles/list/large/,36.0,471824,0,
2026-05-16T15:32:13.540263,GET,/api/articles/list/small/,4.2,23002,0,
2026-05-16T15:32:13.571852,POST,/api/articles/analyze/,3.29,58,0,
2026-05-16T15:32:13.576731,POST,/api/articles/analyze/,2.49,58,0,
2026-05-16T15:32:13.583424,POST,/api/articles/analyze/,2.37,58,0,
2026-05-16T15:32:13.597411,POST,/api/articles/analyze/,3.86,58,0,
2026-05-16T15:32:13.605121,POST,/api/articles/analyze/,2.56,58,0,
2026-05-16T15:32:13.608713,POST,/api/articles/analyze/,2.31,58,0,
2026-05-16T15:32:13.625130,POST,/api/articles/bulk/,7.26,34,0,
2026-05-16T15:32:13.627772,GET,/api/articles/list/large/,36.44,471824,0,
2026-05-16T15:32:13.628209,POST,/api/articles/bulk/,7.52,34,0,
2026-05-16T15:32:13.637003,POST,/api/articles/analyze/,2.51,58,0,
2026-05-16T15:32:13.652364,POST,/api/articles/analyze/,2.49,58,0,
2026-05-16T15:32:13.671661,POST,/api/articles/bulk/,7.09,34,0,
2026-05-16T15:32:13.680740,GET,/api/articles/list/large/,33.34,471824,0,
2026-05-16T15:32:13.720705,GET,/api/articles/list/small/,4.7,23002,0,
2026-05-16T15:32:13.722967,GET,/api/articles/list/small/,4.34,23002,0,
2026-05-16T15:32:13.732716,POST,/api/articles/analyze/,2.62,58,0,
2026-05-16T15:32:13.736282,POST,/api/articles/bulk/,7.93,34,0,
2026-05-16T15:32:13.763001,GET,/api/articles/list/large/,33.92,471824,0,
2026-05-16T15:32:13.767295,GET,/api/articles/list/large/,33.36,471824,0,
2026-05-16T15:32:13.787788,POST,/api/articles/bulk/,7.26,34,0,
2026-05-16T15:32:13.796151,GET,/api/articles/list/large/,32.99,471824,0,
2026-05-16T15:32:13.803213,GET,/api/articles/list/small/,4.31,23002,0,
2026-05-16T15:32:13.822679,GET,/api/articles/list/small/,4.46,23002,0,
2026-05-16T15:32:13.826593,POST,/api/articles/bulk/,9.18,34,0,
2026-05-16T15:32:13.829720,GET,/api/articles/list/large/,33.43,471824,0,
2026-05-16T15:32:13.842608,GET,/api/articles/list/small/,5.44,23002,0,
2026-05-16T15:32:13.847640,POST,/api/articles/bulk/,7.52,34,0,
2026-05-16T15:32:13.864771,GET,/api/articles/list/large/,39.04,471824,0,
2026-05-16T15:32:13.865904,GET,/api/articles/list/large/,39.06,471824,0,
2026-05-16T15:32:13.871011,POST,/api/articles/bulk/,9.19,34,0,
2026-05-16T15:32:13.873645,POST,/api/articles/analyze/,4.55,58,0,
2026-05-16T15:32:13.877909,POST,/api/articles/bulk/,8.14,34,0,
2026-05-16T15:32:13.881807,POST,/api/articles/bulk/,9.25,34,0,
2026-05-16T15:32:13.883658,POST,/api/articles/analyze/,4.22,58,0,
2026-05-16T15:32:13.884780,POST,/api/articles/bulk/,8.14,34,0,
2026-05-16T15:32:13.887975,POST,/api/articles/bulk/,9.46,34,0,
2026-05-16T15:32:13.904026,POST,/api/articles/bulk/,7.84,34,0,
2026-05-16T15:32:13.919174,GET,/api/articles/list/large/,33.2,471824,0,
2026-05-16T15:32:13.919619,POST,/api/articles/analyze/,3.24,58,0,
2026-05-16T15:32:13.925492,GET,/api/articles/list/large/,36.45,471824,0,
2026-05-16T15:32:13.926588,GET,/api/articles/list/large/,38.5,471824,0,
2026-05-16T15:32:13.927900,GET,/api/articles/list/small/,4.61,23002,0,
2026-05-16T15:32:13.931503,GET,/api/articles/list/small/,4.8,23002,0,
2026-05-16T15:32:13.933867,GET,/api/articles/list/large/,34.45,471824,0,
2026-05-16T15:32:13.953285,GET,/api/articles/list/large/,33.56,471824,0,
2026-05-16T15:32:13.960615,POST,/api/articles/analyze/,2.67,58,0,
2026-05-16T15:32:13.963964,GET,/api/articles/list/small/,4.42,23002,0,
2026-05-16T15:32:13.970637,POST,/api/articles/analyze/,2.47,58,0,
2026-05-16T15:32:13.976267,GET,/api/articles/list/large/,33.21,471824,0,
2026-05-16T15:32:13.979991,POST,/api/articles/bulk/,7.15,34,0,
2026-05-16T15:32:13.988895,POST,/api/articles/analyze/,2.72,58,0,
2026-05-16T15:32:13.992039,GET,/api/articles/list/large/,34.58,471824,0,
2026-05-16T15:32:13.996399,POST,/api/articles/bulk/,7.39,34,0,
2026-05-16T15:32:14.034614,POST,/api/articles/bulk/,7.26,34,0,
2026-05-16T15:32:14.042051,GET,/api/articles/list/large/,33.3,471824,0,
2026-05-16T15:32:14.054699,POST,/api/articles/analyze/,2.8,58,0,
2026-05-16T15:32:14.056562,GET,/api/articles/list/small/,5.23,23002,0,
2026-05-16T15:32:14.089006,POST,/api/articles/analyze/,7.22,58,0,
2026-05-16T15:32:14.089764,GET,/api/articles/list/small/,10.49,23002,0,
2026-05-16T15:32:14.095609,POST,/api/articles/bulk/,8.35,34,0,
2026-05-16T15:32:14.105374,POST,/api/articles/bulk/,7.44,34,0,
2026-05-16T15:32:14.117411,POST,/api/articles/analyze/,2.39,58,0,
2026-05-16T15:32:14.147641,GET,/api/articles/list/large/,33.95,471824,0,
2026-05-16T15:32:14.149319,POST,/api/articles/analyze/,3.7,58,0,
2026-05-16T15:32:14.158096,POST,/api/articles/analyze/,3.5,58,0,
2026-05-16T15:32:14.168620,POST,/api/articles/bulk/,6.93,34,0,
2026-05-16T15:32:14.188951,GET,/api/articles/list/small/,4.43,23002,0,
2026-05-16T15:32:14.208972,GET,/api/articles/list/large/,53.87,471824,0,
2026-05-16T15:32:14.210187,GET,/api/articles/list/large/,50.84,471824,0,
2026-05-16T15:32:14.232037,GET,/api/articles/list/large/,33.79,471824,0,
2026-05-16T15:32:14.243315,GET,/api/articles/list/large/,33.02,471824,0,
2026-05-16T15:32:14.264364,GET,/api/articles/list/small/,4.26,23002,0,
2026-05-16T15:32:14.273169,POST,/api/articles/bulk/,7.59,34,0,
2026-05-16T15:32:14.285269,GET,/api/articles/list/large/,35.59,471824,0,
2026-05-16T15:32:14.287149,POST,/api/articles/analyze/,4.72,58,0,
2026-05-16T15:32:14.289186,GET,/api/articles/list/large/,33.58,471824,0,
2026-05-16T15:32:14.300206,GET,/api/articles/list/large/,33.86,471824,0,
2026-05-16T15:32:14.311416,GET,/api/articles/list/small/,4.2,23002,0,
2026-05-16T15:32:14.327794,POST,/api/articles/bulk/,13.19,34,0,
2026-05-16T15:32:14.331572,GET,/api/articles/list/small/,5.96,23002,0,
2026-05-16T15:32:14.336744,POST,/api/articles/analyze/,2.95,58,0,
2026-05-16T15:32:14.346912,GET,/api/articles/list/large/,40.36,471824,0,
2026-05-16T15:32:14.369575,GET,/api/articles/list/large/,33.64,471824,0,
2026-05-16T15:32:14.410182,POST,/api/articles/analyze/,4.18,58,0,
2026-05-16T15:32:14.417281,POST,/api/articles/bulk/,8.23,34,0,
2026-05-16T15:32:14.417947,POST,/api/articles/bulk/,6.89,34,0,
2026-05-16T15:32:14.429726,POST,/api/articles/analyze/,2.59,58,0,
2026-05-16T15:32:14.440975,GET,/api/articles/list/large/,33.74,471824,0,
2026-05-16T15:32:14.448408,POST,/api/articles/bulk/,7.3,34,0,
2026-05-16T15:32:14.452398,POST,/api/articles/analyze/,2.63,58,0,
2026-05-16T15:32:14.457952,GET,/api/articles/list/small/,4.32,23002,0,
2026-05-16T15:32:14.464279,GET,/api/articles/list/small/,4.1,23002,0,
2026-05-16T15:32:14.483306,GET,/api/articles/list/small/,4.7,23002,0,
2026-05-16T15:32:14.488031,POST,/api/articles/analyze/,2.51,58,0,
2026-05-16T15:32:14.512590,GET,/api/articles/list/large/,32.95,471824,0,
2026-05-16T15:32:14.525712,POST,/api/articles/analyze/,2.89,58,0,
2026-05-16T15:32:14.529443,POST,/api/articles/bulk/,7.91,34,0,
2026-05-16T15:32:14.538876,POST,/api/articles/bulk/,8.23,34,0,
2026-05-16T15:32:14.539498,POST,/api/articles/analyze/,2.96,58,0,
2026-05-16T15:32:14.540862,POST,/api/articles/analyze/,3.25,58,0,
2026-05-16T15:32:14.556662,GET,/api/articles/list/large/,35.64,471824,0,
2026-05-16T15:32:14.584322,GET,/api/articles/list/small/,4.55,23002,0,
2026-05-16T15:32:14.602614,GET,/api/articles/list/small/,5.39,23002,0,
2026-05-16T15:32:14.605339,POST,/api/articles/bulk/,7.11,34,0,
2026-05-16T15:32:14.615047,GET,/api/articles/list/large/,42.79,471824,0,
2026-05-16T15:32:14.615578,GET,/api/articles/list/small/,6.94,23002,0,
2026-05-16T15:32:14.616302,POST,/api/articles/analyze/,4.94,58,0,
2026-05-16T15:32:14.629162,POST,/api/articles/analyze/,3.4,58,0,
2026-05-16T15:32:14.632948,GET,/api/articles/list/large/,36.21,471824,0,
2026-05-16T15:32:14.633487,POST,/api/articles/analyze/,4.2,58,0,
2026-05-16T15:32:14.639035,POST,/api/articles/bulk/,8.98,34,0,
2026-05-16T15:32:14.648652,GET,/api/articles/list/large/,36.69,471824,0,
2026-05-16T15:32:14.649840,GET,/api/articles/list/large/,36.91,471824,0,
2026-05-16T15:32:14.665729,GET,/api/articles/list/large/,37.54,471824,0,
2026-05-16T15:32:14.666617,POST,/api/articles/bulk/,7.04,34,0,
2026-05-16T15:32:14.693565,GET,/api/articles/list/large/,34.54,471824,0,
2026-05-16T15:32:14.699510,GET,/api/articles/list/small/,5.8,23002,0,
2026-05-16T15:32:14.713312,GET,/api/articles/list/large/,33.48,471824,0,
2026-05-16T15:32:14.726410,POST,/api/articles/analyze/,2.87,58,0,
2026-05-16T15:32:14.730896,POST,/api/articles/bulk/,8.19,34,0,
2026-05-16T15:32:14.743410,GET,/api/articles/list/small/,5.23,23002,0,
2026-05-16T15:32:14.746286,POST,/api/articles/bulk/,6.97,34,0,
2026-05-16T15:32:14.753202,GET,/api/articles/list/small/,4.51,23002,0,
2026-05-16T15:32:14.788435,GET,/api/articles/list/large/,33.87,471824,0,
2026-05-16T15:32:14.790258,POST,/api/articles/analyze/,3.55,58,0,
2026-05-16T15:32:14.796067,POST,/api/articles/analyze/,2.61,58,0,
2026-05-16T15:32:14.801975,GET,/api/articles/list/large/,35.94,471824,0,
2026-05-16T15:32:14.805549,POST,/api/articles/analyze/,3.45,58,0,
2026-05-16T15:32:14.812051,POST,/api/articles/bulk/,7.68,34,0,
2026-05-16T15:32:14.843061,POST,/api/articles/bulk/,7.45,34,0,
2026-05-16T15:32:14.849411,GET,/api/articles/list/large/,40.75,471824,0,
2026-05-16T15:32:14.857362,POST,/api/articles/bulk/,10.02,34,0,
2026-05-16T15:32:14.857899,POST,/api/articles/bulk/,7.35,34,0,
2026-05-16T15:32:14.858319,POST,/api/articles/bulk/,8.78,34,0,
2026-05-16T15:32:14.859802,GET,/api/articles/list/small/,4.51,23002,0,
2026-05-16T15:32:14.866091,GET,/api/articles/list/large/,39.42,471824,0,
2026-05-16T15:32:14.880784,POST,/api/articles/bulk/,7.42,34,0,
2026-05-16T15:32:14.885203,GET,/api/articles/list/small/,4.27,23002,0,
2026-05-16T15:32:14.895842,GET,/api/articles/list/large/,33.8,471824,0,
2026-05-16T15:32:14.909089,POST,/api/articles/bulk/,8.0,34,0,
2026-05-16T15:32:14.912322,GET,/api/articles/list/small/,4.28,23002,0,
2026-05-16T15:32:14.929156,POST,/api/articles/bulk/,7.46,34,0,
2026-05-16T15:32:14.939883,GET,/api/articles/list/small/,4.43,23002,0,
2026-05-16T15:32:14.940433,POST,/api/articles/analyze/,2.39,58,0,
2026-05-16T15:32:14.956453,POST,/api/articles/analyze/,2.79,58,0,
2026-05-16T15:32:14.959382,GET,/api/articles/list/large/,33.66,471824,0,
2026-05-16T15:32:15.002735,POST,/api/articles/bulk/,7.39,34,0,
2026-05-16T15:32:15.003662,POST,/api/articles/analyze/,2.65,58,0,
2026-05-16T15:32:15.005522,POST,/api/articles/bulk/,7.25,34,0,
2026-05-16T15:32:15.008038,GET,/api/articles/list/large/,33.43,471824,0,
2026-05-16T15:32:15.019700,GET,/api/articles/list/small/,4.43,23002,0,
2026-05-16T15:32:15.036422,GET,/api/articles/list/small/,4.33,23002,0,
2026-05-16T15:32:15.045416,POST,/api/articles/analyze/,2.65,58,0,
2026-05-16T15:32:15.051229,POST,/api/articles/analyze/,2.47,58,0,
2026-05-16T15:32:15.064045,POST,/api/articles/bulk/,7.47,34,0,
2026-05-16T15:32:15.072538,GET,/api/articles/list/small/,4.33,23002,0,
2026-05-16T15:32:15.094319,GET,/api/articles/list/small/,8.92,23002,0,
2026-05-16T15:32:15.107557,GET,/api/articles/list/large/,44.44,471824,0,
2026-05-16T15:32:15.116433,GET,/api/articles/list/large/,39.71,471824,0,
2026-05-16T15:32:15.118094,GET,/api/articles/list/small/,4.43,23002,0,
2026-05-16T15:32:15.120894,POST,/api/articles/bulk/,8.09,34,0,
2026-05-16T15:32:15.137166,GET,/api/articles/list/large/,33.61,471824,0,
2026-05-16T15:32:15.139255,GET,/api/articles/list/small/,5.3,23002,0,
2026-05-16T15:32:15.141036,POST,/api/articles/bulk/,7.92,34,0,
2026-05-16T15:32:15.143218,GET,/api/articles/list/small/,4.89,23002,0,
2026-05-16T15:32:15.146792,GET,/api/articles/list/small/,4.54,23002,0,
2026-05-16T15:32:15.184469,POST,/api/articles/bulk/,7.3,34,0,
2026-05-16T15:32:15.185998,POST,/api/articles/analyze/,3.0,58,0,
2026-05-16T15:32:15.200605,POST,/api/articles/analyze/,4.07,58,0,
2026-05-16T15:32:15.201534,GET,/api/articles/list/small/,5.92,23002,0,
2026-05-16T15:32:15.217518,POST,/api/articles/bulk/,7.27,34,0,
2026-05-16T15:32:15.220970,POST,/api/articles/bulk/,7.95,34,0,
2026-05-16T15:32:15.231704,GET,/api/articles/list/large/,35.59,471824,0,
2026-05-16T15:32:15.232954,GET,/api/articles/list/large/,35.02,471824,0,
2026-05-16T15:32:15.237349,GET,/api/articles/list/large/,33.59,471824,0,
2026-05-16T15:32:15.244206,POST,/api/articles/analyze/,4.06,58,0,
2026-05-16T15:32:15.245747,GET,/api/articles/list/small/,6.11,23002,0,
2026-05-16T15:32:15.248153,GET,/api/articles/list/small/,4.83,23002,0,
2026-05-16T15:32:15.267862,GET,/api/articles/list/small/,4.45,23002,0,
2026-05-16T15:32:15.274798,GET,/api/articles/list/large/,34.21,471824,0,
2026-05-16T15:32:15.290522,GET,/api/articles/list/small/,4.35,23002,0,
2026-05-16T15:32:15.291255,POST,/api/articles/analyze/,2.57,58,0,
2026-05-16T15:32:15.302751,GET,/api/articles/list/small/,4.18,23002,0,
2026-05-16T15:32:15.338629,POST,/api/articles/analyze/,6.01,58,0,
2026-05-16T15:32:15.355664,GET,/api/articles/list/small/,4.58,23002,0,
2026-05-16T15:32:15.372070,GET,/api/articles/list/large/,42.85,471824,0,
2026-05-16T15:32:15.393299,GET,/api/articles/list/large/,33.4,471824,0,
2026-05-16T15:32:15.404506,GET,/api/articles/list/small/,4.39,23002,0,
2026-05-16T15:32:15.404941,GET,/api/articles/list/small/,5.35,23002,0,
2026-05-16T15:32:15.410157,GET,/api/articles/list/large/,33.84,471824,0,
2026-05-16T15:32:15.416141,POST,/api/articles/analyze/,2.57,58,0,
2026-05-16T15:32:15.417427,GET,/api/articles/list/small/,4.9,23002,0,
2026-05-16T15:32:15.440654,GET,/api/articles/list/small/,4.39,23002,0,
2026-05-16T15:32:15.444957,GET,/api/articles/list/small/,4.17,23002,0,
2026-05-16T15:32:15.450718,GET,/api/articles/list/large/,34.46,471824,0,
2026-05-16T15:32:15.454702,GET,/api/articles/list/small/,5.68,23002,0,
2026-05-16T15:32:15.455214,GET,/api/articles/list/small/,4.37,23002,0,
2026-05-16T15:32:15.466094,POST,/api/articles/analyze/,2.66,58,0,
2026-05-16T15:32:15.469231,GET,/api/articles/list/large/,34.26,471824,0,
2026-05-16T15:32:15.479908,POST,/api/articles/bulk/,7.31,34,0,
2026-05-16T15:32:15.499684,GET,/api/articles/list/small/,4.53,23002,0,
2026-05-16T15:32:15.536802,POST,/api/articles/analyze/,2.6,58,0,
2026-05-16T15:32:15.538594,POST,/api/articles/bulk/,8.55,34,0,
2026-05-16T15:32:15.553869,POST,/api/articles/bulk/,7.1,34,0,
2026-05-16T15:32:15.574841,POST,/api/articles/analyze/,2.67,58,0,
2026-05-16T15:32:15.601510,GET,/api/articles/list/large/,48.96,471824,0,
2026-05-16T15:32:15.606691,GET,/api/articles/list/large/,42.77,471824,0,
2026-05-16T15:32:15.607867,GET,/api/articles/list/large/,47.43,471824,0,
2026-05-16T15:32:15.648029,GET,/api/articles/list/large/,33.9,471824,0,
2026-05-16T15:32:15.652500,GET,/api/articles/list/large/,33.88,471824,0,
2026-05-16T15:32:15.669916,GET,/api/articles/list/small/,5.06,23002,0,
2026-05-16T15:32:15.672812,POST,/api/articles/bulk/,6.89,34,0,
2026-05-16T15:32:15.686158,POST,/api/articles/bulk/,7.03,34,0,
2026-05-16T15:32:15.691072,POST,/api/articles/bulk/,7.11,34,0,
2026-05-16T15:32:15.707042,GET,/api/articles/list/small/,4.65,23002,0,
2026-05-16T15:32:15.709306,GET,/api/articles/list/small/,4.21,23002,0,
2026-05-16T15:32:15.718165,GET,/api/articles/list/small/,4.15,23002,0,
2026-05-16T15:32:15.718597,GET,/api/articles/list/small/,5.04,23002,0,
2026-05-16T15:32:15.729685,POST,/api/articles/analyze/,3.25,58,0,
2026-05-16T15:32:15.739354,GET,/api/articles/list/small/,4.55,23002,0,
2026-05-16T15:32:15.740988,POST,/api/articles/bulk/,12.38,34,0,
2026-05-16T15:32:15.757518,GET,/api/articles/list/large/,33.63,471824,0,
2026-05-16T15:32:15.779381,POST,/api/articles/analyze/,2.93,58,0,
2026-05-16T15:32:15.791108,POST,/api/articles/analyze/,2.66,58,0,
2026-05-16T15:32:15.796151,POST,/api/articles/bulk/,8.52,34,0,
2026-05-16T15:32:15.798319,POST,/api/articles/analyze/,3.07,58,0,
2026-05-16T15:32:15.800836,GET,/api/articles/list/large/,33.98,471824,0,
2026-05-16T15:32:15.820931,POST,/api/articles/analyze/,2.72,58,0,
2026-05-16T15:32:15.842734,POST,/api/articles/bulk/,12.25,34,0,
2026-05-16T15:32:15.846692,GET,/api/articles/list/small/,5.11,23002,0,
2026-05-16T15:32:15.850912,POST,/api/articles/analyze/,2.66,58,0,
2026-05-16T15:32:15.881093,GET,/api/articles/list/large/,34.26,471824,0,
2026-05-16T15:32:15.916604,GET,/api/articles/list/small/,12.7,23002,0,
2026-05-16T15:32:15.921739,GET,/api/articles/list/large/,43.53,471824,0,
2026-05-16T15:32:15.924438,GET,/api/articles/list/large/,41.98,471824,0,
2026-05-16T15:32:15.928574,POST,/api/articles/bulk/,16.57,34,0,
2026-05-16T15:32:15.944059,POST,/api/articles/bulk/,19.2,34,0,
2026-05-16T15:32:15.945716,GET,/api/articles/list/small/,7.19,23002,0,
2026-05-16T15:32:15.955284,GET,/api/articles/list/large/,49.43,471824,0,
2026-05-16T15:32:15.960246,POST,/api/articles/analyze/,10.34,58,0,
2026-05-16T15:32:15.963432,GET,/api/articles/list/large/,67.26,471824,0,
2026-05-16T15:32:15.973653,POST,/api/articles/analyze/,4.97,58,0,
2026-05-16T15:32:15.976913,GET,/api/articles/list/small/,9.19,23002,0,
2026-05-16T15:32:15.981680,GET,/api/articles/list/large/,54.28,471824,0,
2026-05-16T15:32:15.982319,GET,/api/articles/list/small/,5.22,23002,0,
2026-05-16T15:32:15.997976,GET,/api/articles/list/large/,48.86,471824,0,
2026-05-16T15:32:16.002688,GET,/api/articles/list/small/,11.17,23002,0,
2026-05-16T15:32:16.005213,POST,/api/articles/bulk/,12.24,34,0,
2026-05-16T15:32:16.006897,GET,/api/articles/list/small/,5.54,23002,0,
2026-05-16T15:32:16.023181,POST,/api/articles/analyze/,3.9,58,0,
2026-05-16T15:32:16.024814,GET,/api/articles/list/large/,40.26,471824,0,
2026-05-16T15:32:16.052530,POST,/api/articles/bulk/,10.44,34,0,
2026-05-16T15:32:16.058623,POST,/api/articles/analyze/,2.84,58,0,
2026-05-16T15:32:16.080076,POST,/api/articles/analyze/,6.03,58,0,
2026-05-16T15:32:16.105867,GET,/api/articles/list/large/,71.66,471824,0,
2026-05-16T15:32:16.119818,POST,/api/articles/analyze/,6.29,58,0,
2026-05-16T15:32:16.134446,GET,/api/articles/list/small/,8.35,23002,0,
2026-05-16T15:32:16.135259,POST,/api/articles/analyze/,5.71,58,0,
2026-05-16T15:32:16.140438,GET,/api/articles/list/large/,42.68,471824,0,
2026-05-16T15:32:16.160282,POST,/api/articles/analyze/,5.16,58,0,
2026-05-16T15:32:16.163410,POST,/api/articles/analyze/,5.24,58,0,
2026-05-16T15:32:16.165782,POST,/api/articles/analyze/,3.87,58,0,
2026-05-16T15:32:16.166248,GET,/api/articles/list/small/,7.42,23002,0,
2026-05-16T15:32:16.174951,GET,/api/articles/list/large/,36.32,471824,0,
2026-05-16T15:32:16.198474,GET,/api/articles/list/large/,37.94,471824,0,
2026-05-16T15:32:16.204330,POST,/api/articles/analyze/,2.61,58,0,
2026-05-16T15:32:16.214845,GET,/api/articles/list/large/,33.88,471824,0,
2026-05-16T15:32:16.219984,GET,/api/articles/list/small/,4.97,23002,0,
2026-05-16T15:32:16.226849,POST,/api/articles/bulk/,8.07,34,0,
2026-05-16T15:32:16.231275,POST,/api/articles/bulk/,7.04,34,0,
2026-05-16T15:32:16.249848,GET,/api/articles/list/large/,33.42,471824,0,
2026-05-16T15:32:16.254295,GET,/api/articles/list/large/,33.46,471824,0,
2026-05-16T15:32:16.254781,GET,/api/articles/list/small/,6.74,23002,0,
2026-05-16T15:32:16.255233,GET,/api/articles/list/small/,7.74,23002,0,
2026-05-16T15:32:16.265746,POST,/api/articles/bulk/,7.15,34,0,
2026-05-16T15:32:16.289642,POST,/api/articles/bulk/,7.56,34,0,
2026-05-16T15:32:16.319600,GET,/api/articles/list/large/,33.65,471824,0,
2026-05-16T15:32:16.331034,POST,/api/articles/bulk/,15.11,34,0,
2026-05-16T15:32:16.340005,GET,/api/articles/list/small/,11.5,23002,0,
2026-05-16T15:32:16.342690,POST,/api/articles/analyze/,3.69,58,0,
2026-05-16T15:32:16.350241,POST,/api/articles/bulk/,8.68,34,0,
2026-05-16T15:32:16.355451,GET,/api/articles/list/small/,6.05,23002,0,
2026-05-16T15:32:16.355854,GET,/api/articles/list/large/,39.12,471824,0,
2026-05-16T15:32:16.357835,GET,/api/articles/list/large/,37.63,471824,0,
2026-05-16T15:32:16.358747,POST,/api/articles/bulk/,10.15,34,0,
2026-05-16T15:32:16.375334,GET,/api/articles/list/large/,42.5,471824,0,
2026-05-16T15:32:16.382443,GET,/api/articles/list/large/,62.7,471824,0,
2026-05-16T15:32:16.384245,GET,/api/articles/list/small/,4.64,23002,0,
2026-05-16T15:32:16.387257,GET,/api/articles/list/large/,61.11,471824,0,
2026-05-16T15:32:16.404015,GET,/api/articles/list/small/,4.42,23002,0,
2026-05-16T15:32:16.449992,POST,/api/articles/bulk/,7.4,34,0,
2026-05-16T15:32:16.460290,GET,/api/articles/list/large/,33.93,471824,0,
2026-05-16T15:32:16.472406,GET,/api/articles/list/large/,33.37,471824,0,
2026-05-16T15:32:16.476913,GET,/api/articles/list/large/,33.47,471824,0,
2026-05-16T15:32:16.487645,POST,/api/articles/bulk/,7.45,34,0,
2026-05-16T15:32:16.515855,POST,/api/articles/bulk/,7.26,34,0,
2026-05-16T15:32:16.529413,GET,/api/articles/list/large/,33.39,471824,0,
2026-05-16T15:32:16.530470,GET,/api/articles/list/small/,4.23,23002,0,
2026-05-16T15:32:16.534280,GET,/api/articles/list/small/,4.72,23002,0,
2026-05-16T15:32:16.538463,POST,/api/articles/bulk/,7.04,34,0,
2026-05-16T15:32:16.553443,POST,/api/articles/bulk/,9.32,34,0,
2026-05-16T15:32:16.554136,POST,/api/articles/analyze/,7.39,58,0,
2026-05-16T15:32:16.554734,POST,/api/articles/analyze/,7.44,58,0,
2026-05-16T15:32:16.555752,GET,/api/articles/list/large/,38.64,471824,0,
2026-05-16T15:32:16.560321,GET,/api/articles/list/large/,36.61,471824,0,
2026-05-16T15:32:16.560892,GET,/api/articles/list/small/,11.72,23002,0,
2026-05-16T15:32:16.581690,POST,/api/articles/analyze/,4.42,58,0,
2026-05-16T15:32:16.590241,GET,/api/articles/list/large/,48.56,471824,0,
2026-05-16T15:32:16.596671,GET,/api/articles/list/large/,48.98,471824,0,
2026-05-16T15:32:16.611614,POST,/api/articles/bulk/,7.55,34,0,
2026-05-16T15:32:16.627932,POST,/api/articles/bulk/,7.92,34,0,
2026-05-16T15:32:16.634678,POST,/api/articles/analyze/,2.57,58,0,
2026-05-16T15:32:16.638780,POST,/api/articles/bulk/,7.59,34,0,
2026-05-16T15:32:16.642125,POST,/api/articles/analyze/,2.43,58,0,
2026-05-16T15:32:16.643742,GET,/api/articles/list/small/,5.87,23002,0,
2026-05-16T15:32:16.664612,GET,/api/articles/list/large/,34.46,471824,0,
2026-05-16T15:32:16.668728,POST,/api/articles/bulk/,7.76,34,0,
2026-05-16T15:32:16.669183,GET,/api/articles/list/small/,4.44,23002,0,
2026-05-16T15:32:16.681081,POST,/api/articles/analyze/,2.56,58,0,
2026-05-16T15:32:16.695185,GET,/api/articles/list/small/,4.7,23002,0,
2026-05-16T15:32:16.695852,GET,/api/articles/list/small/,4.36,23002,0,
2026-05-16T15:32:16.697438,POST,/api/articles/analyze/,3.68,58,0,
2026-05-16T15:32:16.720294,POST,/api/articles/bulk/,9.09,34,0,
2026-05-16T15:32:16.726083,POST,/api/articles/analyze/,2.58,58,0,
2026-05-16T15:32:16.737899,GET,/api/articles/list/small/,5.58,23002,0,
2026-05-16T15:32:16.740386,POST,/api/articles/bulk/,7.59,34,0,
2026-05-16T15:32:16.742234,GET,/api/articles/list/large/,33.45,471824,0,
2026-05-16T15:32:16.746124,GET,/api/articles/list/large/,33.65,471824,0,
2026-05-16T15:32:16.776857,POST,/api/articles/analyze/,3.36,58,0,
2026-05-16T15:32:16.778358,POST,/api/articles/analyze/,2.52,58,0,
2026-05-16T15:32:16.794065,GET,/api/articles/list/small/,4.38,23002,0,
2026-05-16T15:32:16.822626,POST,/api/articles/analyze/,4.58,58,0,
2026-05-16T15:32:16.825130,GET,/api/articles/list/small/,4.51,23002,0,
2026-05-16T15:32:16.832708,POST,/api/articles/analyze/,2.45,58,0,
2026-05-16T15:32:16.839144,GET,/api/articles/list/small/,4.07,23002,0,
2026-05-16T15:32:16.852816,GET,/api/articles/list/small/,4.32,23002,0,
2026-05-16T15:32:16.877029,GET,/api/articles/list/small/,4.31,23002,0,
2026-05-16T15:32:16.895506,GET,/api/articles/list/large/,33.35,471824,0,
2026-05-16T15:32:16.900165,GET,/api/articles/list/small/,4.52,23002,0,
2026-05-16T15:32:16.902419,POST,/api/articles/analyze/,3.16,58,0,
2026-05-16T15:32:16.910759,POST,/api/articles/analyze/,3.12,58,0,
2026-05-16T15:32:16.916580,GET,/api/articles/list/large/,34.36,471824,0,
2026-05-16T15:32:16.934445,GET,/api/articles/list/large/,34.04,471824,0,
2026-05-16T15:32:16.947223,GET,/api/articles/list/small/,4.57,23002,0,
2026-05-16T15:32:16.949624,GET,/api/articles/list/large/,32.92,471824,0,
2026-05-16T15:32:16.955545,GET,/api/articles/list/large/,33.39,471824,0,
2026-05-16T15:32:16.964855,POST,/api/articles/bulk/,7.11,34,0,
2026-05-16T15:32:16.982712,GET,/api/articles/list/large/,32.96,471824,0,
2026-05-16T15:32:17.009050,GET,/api/articles/list/small/,4.45,23002,0,
2026-05-16T15:32:17.012290,GET,/api/articles/list/small/,4.37,23002,0,
2026-05-16T15:32:17.013799,GET,/api/articles/list/large/,33.68,471824,0,
2026-05-16T15:32:17.016707,POST,/api/articles/analyze/,2.76,58,0,
2026-05-16T15:32:17.024058,GET,/api/articles/list/small/,4.12,23002,0,
2026-05-16T15:32:17.029787,POST,/api/articles/analyze/,2.53,58,0,
2026-05-16T15:32:17.033509,GET,/api/articles/list/large/,33.42,471824,0,
2026-05-16T15:32:17.034057,POST,/api/articles/analyze/,3.07,58,0,
2026-05-16T15:32:17.053437,POST,/api/articles/analyze/,2.79,58,0,
2026-05-16T15:32:17.062393,GET,/api/articles/list/small/,6.68,23002,0,
2026-05-16T15:32:17.073936,GET,/api/articles/list/large/,38.68,471824,0,
2026-05-16T15:32:17.077783,POST,/api/articles/analyze/,2.63,58,0,
2026-05-16T15:32:17.115357,GET,/api/articles/list/large/,33.26,471824,0,
2026-05-16T15:32:17.117784,POST,/api/articles/analyze/,4.74,58,0,
2026-05-16T15:32:17.118184,POST,/api/articles/analyze/,5.74,58,0,
2026-05-16T15:32:17.119963,GET,/api/articles/list/small/,4.46,23002,0,
2026-05-16T15:32:17.130087,GET,/api/articles/list/large/,33.53,471824,0,
2026-05-16T15:32:17.134787,GET,/api/articles/list/large/,33.73,471824,0,
2026-05-16T15:32:17.164073,GET,/api/articles/list/large/,32.76,471824,0,
2026-05-16T15:32:17.168881,POST,/api/articles/analyze/,2.59,58,0,
2026-05-16T15:32:17.176357,POST,/api/articles/analyze/,2.75,58,0,
2026-05-16T15:32:17.176855,POST,/api/articles/analyze/,3.78,58,0,
2026-05-16T15:32:17.180649,GET,/api/articles/list/large/,34.64,471824,0,
2026-05-16T15:32:17.186481,GET,/api/articles/list/large/,36.61,471824,0,
2026-05-16T15:32:17.191807,GET,/api/articles/list/small/,5.2,23002,0,
2026-05-16T15:32:17.194940,POST,/api/articles/bulk/,7.25,34,0,
2026-05-16T15:32:17.195380,POST,/api/articles/analyze/,2.81,58,0,
2026-05-16T15:32:17.198711,POST,/api/articles/bulk/,8.29,34,0,
2026-05-16T15:32:17.213741,GET,/api/articles/list/small/,4.38,23002,0,
2026-05-16T15:32:17.223940,POST,/api/articles/bulk/,7.99,34,0,
2026-05-16T15:32:17.224390,POST,/api/articles/bulk/,7.73,34,0,
2026-05-16T15:32:17.225701,GET,/api/articles/list/large/,33.75,471824,0,
2026-05-16T15:32:17.233173,GET,/api/articles/list/large/,34.34,471824,0,
2026-05-16T15:32:17.234171,POST,/api/articles/analyze/,4.33,58,0,
2026-05-16T15:32:17.237817,GET,/api/articles/list/small/,4.51,23002,0,
2026-05-16T15:32:17.270036,POST,/api/articles/analyze/,2.74,58,0,
2026-05-16T15:32:17.272349,GET,/api/articles/list/large/,33.21,471824,0,
2026-05-16T15:32:17.274504,POST,/api/articles/bulk/,8.07,34,0,
2026-05-16T15:32:17.281423,POST,/api/articles/analyze/,2.6,58,0,
2026-05-16T15:32:17.296014,POST,/api/articles/bulk/,7.24,34,0,
2026-05-16T15:32:17.320706,GET,/api/articles/list/small/,6.9,23002,0,
2026-05-16T15:32:17.323677,POST,/api/articles/bulk/,13.48,34,0,
2026-05-16T15:32:17.324442,POST,/api/articles/analyze/,2.46,58,0,
2026-05-16T15:32:17.340068,POST,/api/articles/analyze/,3.43,58,0,
2026-05-16T15:32:17.341735,GET,/api/articles/list/large/,44.32,471824,0,
2026-05-16T15:32:17.347818,POST,/api/articles/bulk/,8.9,34,0,
2026-05-16T15:32:17.358117,POST,/api/articles/bulk/,7.94,34,0,
2026-05-16T15:32:17.361140,POST,/api/articles/bulk/,7.0,34,0,
2026-05-16T15:32:17.364492,POST,/api/articles/bulk/,7.49,34,0,
2026-05-16T15:32:17.378441,POST,/api/articles/analyze/,2.71,58,0,
2026-05-16T15:32:17.387653,GET,/api/articles/list/large/,34.52,471824,0,
2026-05-16T15:32:17.397800,POST,/api/articles/analyze/,3.8,58,0,
2026-05-16T15:32:17.400124,GET,/api/articles/list/small/,4.98,23002,0,
2026-05-16T15:32:17.418441,POST,/api/articles/bulk/,8.08,34,0,
2026-05-16T15:32:17.429121,GET,/api/articles/list/large/,33.56,471824,0,
2026-05-16T15:32:17.444601,GET,/api/articles/list/large/,33.37,471824,0,
2026-05-16T15:32:17.446227,POST,/api/articles/bulk/,7.44,34,0,
2026-05-16T15:32:17.467333,GET,/api/articles/list/large/,38.07,471824,0,
2026-05-16T15:32:17.470873,GET,/api/articles/list/small/,5.39,23002,0,
2026-05-16T15:32:17.488955,POST,/api/articles/analyze/,2.7,58,0,
2026-05-16T15:32:17.500369,GET,/api/articles/list/small/,6.06,23002,0,
2026-05-16T15:32:17.502683,POST,/api/articles/bulk/,7.49,34,0,
2026-05-16T15:32:17.535554,GET,/api/articles/list/large/,33.96,471824,0,
2026-05-16T15:32:17.536518,GET,/api/articles/list/large/,33.71,471824,0,
2026-05-16T15:32:17.550600,GET,/api/articles/list/small/,4.28,23002,0,
2026-05-16T15:32:17.564380,POST,/api/articles/analyze/,3.51,58,0,
2026-05-16T15:32:17.564823,POST,/api/articles/analyze/,2.53,58,0,
2026-05-16T15:32:17.578523,GET,/api/articles/list/large/,39.66,471824,0,
2026-05-16T15:32:17.595647,POST,/api/articles/analyze/,2.77,58,0,
2026-05-16T15:32:17.597506,GET,/api/articles/list/small/,5.12,23002,0,
2026-05-16T15:32:17.600445,GET,/api/articles/list/large/,33.44,471824,0,
2026-05-16T15:32:17.602047,GET,/api/articles/list/small/,4.41,23002,0,
2026-05-16T15:32:17.620483,GET,/api/articles/list/large/,33.67,471824,0,
2026-05-16T15:32:17.634483,GET,/api/articles/list/large/,33.88,471824,0,
2026-05-16T15:32:17.671377,GET,/api/articles/list/small/,4.47,23002,0,
2026-05-16T15:32:17.695940,POST,/api/articles/analyze/,2.76,58,0,
2026-05-16T15:32:17.715068,GET,/api/articles/list/large/,33.35,471824,0,
2026-05-16T15:32:17.742169,POST,/api/articles/analyze/,2.85,58,0,
2026-05-16T15:32:17.758461,POST,/api/articles/bulk/,7.07,34,0,
2026-05-16T15:32:17.772481,GET,/api/articles/list/small/,4.81,23002,0,
2026-05-16T15:32:17.780009,POST,/api/articles/bulk/,13.18,34,0,
2026-05-16T15:32:17.783237,POST,/api/articles/bulk/,12.78,34,0,
2026-05-16T15:32:17.805491,GET,/api/articles/list/small/,9.71,23002,0,
2026-05-16T15:32:17.818274,POST,/api/articles/bulk/,7.95,34,0,
2026-05-16T15:32:17.835194,POST,/api/articles/bulk/,7.54,34,0,
2026-05-16T15:32:17.838095,GET,/api/articles/list/small/,4.66,23002,0,
2026-05-16T15:32:17.841204,POST,/api/articles/analyze/,2.97,58,0,
2026-05-16T15:32:17.849533,POST,/api/articles/bulk/,7.06,34,0,
2026-05-16T15:32:17.850004,GET,/api/articles/list/small/,4.73,23002,0,
2026-05-16T15:32:17.850414,POST,/api/articles/analyze/,2.7,58,0,
2026-05-16T15:32:17.863613,POST,/api/articles/bulk/,7.95,34,0,
2026-05-16T15:32:17.865356,POST,/api/articles/analyze/,2.86,58,0,
2026-05-16T15:32:17.872166,GET,/api/articles/list/large/,34.9,471824,0,
2026-05-16T15:32:17.891816,POST,/api/articles/bulk/,7.29,34,0,
2026-05-16T15:32:17.899217,POST,/api/articles/analyze/,2.53,58,0,
2026-05-16T15:32:17.904984,GET,/api/articles/list/small/,4.5,23002,0,
2026-05-16T15:32:17.921704,GET,/api/articles/list/small/,4.48,23002,0,
2026-05-16T15:32:17.928003,GET,/api/articles/list/large/,33.84,471824,0,
2026-05-16T15:32:17.928455,POST,/api/articles/analyze/,3.49,58,0,
2026-05-16T15:32:17.944142,GET,/api/articles/list/small/,4.69,23002,0,
2026-05-16T15:32:17.946227,POST,/api/articles/bulk/,7.56,34,0,
2026-05-16T15:32:17.959890,POST,/api/articles/bulk/,7.28,34,0,
2026-05-16T15:32:17.969027,GET,/api/articles/list/small/,5.89,23002,0,
2026-05-16T15:32:17.969472,GET,/api/articles/list/small/,5.86,23002,0,
2026-05-16T15:32:17.976143,POST,/api/articles/analyze/,2.51,58,0,
2026-05-16T15:32:17.991022,GET,/api/articles/list/large/,33.48,471824,0,
2026-05-16T15:32:18.061102,GET,/api/articles/list/large/,40.5,471824,0,
2026-05-16T15:32:18.081637,GET,/api/articles/list/large/,37.11,471824,0,
2026-05-16T15:32:18.094265,POST,/api/articles/bulk/,7.27,34,0,
2026-05-16T15:32:18.103261,POST,/api/articles/analyze/,2.62,58,0,
2026-05-16T15:32:18.126304,GET,/api/articles/list/small/,4.25,23002,0,
2026-05-16T15:32:18.146041,GET,/api/articles/list/large/,33.4,471824,0,
2026-05-16T15:32:18.173573,POST,/api/articles/analyze/,2.99,58,0,
2026-05-16T15:32:18.178062,GET,/api/articles/list/small/,4.37,23002,0,
2026-05-16T15:32:18.179746,GET,/api/articles/list/large/,33.57,471824,0,
2026-05-16T15:32:18.201436,POST,/api/articles/bulk/,7.32,34,0,
2026-05-16T15:32:18.210517,POST,/api/articles/analyze/,2.6,58,0,
2026-05-16T15:32:18.218346,POST,/api/articles/bulk/,7.71,34,0,
2026-05-16T15:32:18.229558,POST,/api/articles/bulk/,7.05,34,0,
2026-05-16T15:32:18.240280,GET,/api/articles/list/small/,5.37,23002,0,
2026-05-16T15:32:18.241531,GET,/api/articles/list/small/,5.58,23002,0,
2026-05-16T15:32:18.242533,GET,/api/articles/list/small/,5.84,23002,0,
2026-05-16T15:32:18.244702,POST,/api/articles/analyze/,3.05,58,0,
2026-05-16T15:32:18.248572,POST,/api/articles/bulk/,8.17,34,0,
2026-05-16T15:32:18.265601,POST,/api/articles/bulk/,7.66,34,0,
2026-05-16T15:32:18.284099,POST,/api/articles/bulk/,7.15,34,0,
2026-05-16T15:32:18.286401,GET,/api/articles/list/small/,4.65,23002,0,
2026-05-16T15:32:18.286860,GET,/api/articles/list/small/,4.64,23002,0,
2026-05-16T15:32:18.288230,GET,/api/articles/list/small/,4.0,23002,0,
2026-05-16T15:32:18.298594,POST,/api/articles/analyze/,6.79,58,0,
2026-05-16T15:32:18.311420,POST,/api/articles/bulk/,8.64,34,0,
2026-05-16T15:32:18.313529,POST,/api/articles/analyze/,3.2,58,0,
2026-05-16T15:32:18.329573,POST,/api/articles/analyze/,2.81,58,0,
2026-05-16T15:32:18.337120,GET,/api/articles/list/large/,35.18,471824,0,
2026-05-16T15:32:18.342066,GET,/api/articles/list/large/,39.67,471824,0,
2026-05-16T15:32:18.347943,POST,/api/articles/analyze/,2.69,58,0,
2026-05-16T15:32:18.358982,POST,/api/articles/analyze/,2.67,58,0,
2026-05-16T15:32:18.396417,POST,/api/articles/analyze/,4.73,58,0,
2026-05-16T15:32:18.401336,POST,/api/articles/bulk/,12.03,34,0,
2026-05-16T15:32:18.421555,POST,/api/articles/analyze/,2.82,58,0,
2026-05-16T15:32:18.427453,GET,/api/articles/list/large/,36.63,471824,0,
2026-05-16T15:32:18.437873,POST,/api/articles/analyze/,2.46,58,0,
2026-05-16T15:32:18.447839,POST,/api/articles/bulk/,8.8,34,0,
2026-05-16T15:32:18.452751,GET,/api/articles/list/small/,6.89,23002,0,
2026-05-16T15:32:18.453197,GET,/api/articles/list/small/,7.8,23002,0,
2026-05-16T15:32:18.459031,POST,/api/articles/bulk/,7.59,34,0,
2026-05-16T15:32:18.466820,GET,/api/articles/list/large/,33.95,471824,0,
2026-05-16T15:32:18.470474,GET,/api/articles/list/small/,5.18,23002,0,
2026-05-16T15:32:18.482037,GET,/api/articles/list/small/,5.24,23002,0,
2026-05-16T15:32:18.484728,GET,/api/articles/list/large/,34.54,471824,0,
2026-05-16T15:32:18.487069,POST,/api/articles/bulk/,7.6,34,0,
2026-05-16T15:32:18.493182,POST,/api/articles/bulk/,7.26,34,0,
2026-05-16T15:32:18.494271,GET,/api/articles/list/small/,5.28,23002,0,
2026-05-16T15:32:18.498343,GET,/api/articles/list/small/,5.04,23002,0,
2026-05-16T15:32:18.501218,POST,/api/articles/analyze/,4.82,58,0,
2026-05-16T15:32:18.503678,GET,/api/articles/list/small/,4.68,23002,0,
2026-05-16T15:32:18.506884,POST,/api/articles/bulk/,9.99,34,0,
2026-05-16T15:32:18.508879,POST,/api/articles/analyze/,2.97,58,0,
2026-05-16T15:32:18.514893,GET,/api/articles/list/large/,34.19,471824,0,
2026-05-16T15:32:18.525821,GET,/api/articles/list/large/,35.84,471824,0,
2026-05-16T15:32:18.550626,GET,/api/articles/list/small/,16.56,23002,0,
2026-05-16T15:32:18.552559,POST,/api/articles/analyze/,6.72,58,0,
2026-05-16T15:32:18.554557,POST,/api/articles/bulk/,19.84,34,0,
2026-05-16T15:32:18.559001,POST,/api/articles/bulk/,8.23,34,0,
2026-05-16T15:32:18.573535,POST,/api/articles/analyze/,2.53,58,0,
2026-05-16T15:32:18.576092,POST,/api/articles/bulk/,7.85,34,0,
2026-05-16T15:32:18.581184,GET,/api/articles/list/large/,44.86,471824,0,
2026-05-16T15:32:18.597597,POST,/api/articles/bulk/,7.62,34,0,
2026-05-16T15:32:18.612268,POST,/api/articles/bulk/,8.5,34,0,
2026-05-16T15:32:18.624715,GET,/api/articles/list/large/,35.25,471824,0,
2026-05-16T15:32:18.632879,GET,/api/articles/list/large/,36.17,471824,0,
2026-05-16T15:32:18.636558,POST,/api/articles/bulk/,7.6,34,0,
2026-05-16T15:32:18.651660,GET,/api/articles/list/large/,35.17,471824,0,
2026-05-16T15:32:18.652554,GET,/api/articles/list/small/,4.72,23002,0,
2026-05-16T15:32:18.655031,GET,/api/articles/list/small/,5.15,23002,0,
2026-05-16T15:32:18.668423,GET,/api/articles/list/small/,5.11,23002,0,
2026-05-16T15:32:18.672904,POST,/api/articles/bulk/,7.21,34,0,
2026-05-16T15:32:18.674906,GET,/api/articles/list/small/,4.28,23002,0,
2026-05-16T15:32:18.697995,GET,/api/articles/list/large/,33.57,471824,0,
2026-05-16T15:32:18.719783,GET,/api/articles/list/large/,33.58,471824,0,
2026-05-16T15:32:18.752189,POST,/api/articles/bulk/,7.93,34,0,
2026-05-16T15:32:18.764274,GET,/api/articles/list/large/,34.27,471824,0,
2026-05-16T15:32:18.771623,POST,/api/articles/bulk/,7.19,34,0,
2026-05-16T15:32:18.772233,POST,/api/articles/bulk/,10.24,34,0,
2026-05-16T15:32:18.779108,GET,/api/articles/list/large/,35.34,471824,0,
2026-05-16T15:32:18.802237,POST,/api/articles/bulk/,8.84,34,0,
2026-05-16T15:32:18.802674,POST,/api/articles/analyze/,4.27,58,0,
2026-05-16T15:32:18.811340,GET,/api/articles/list/small/,4.33,23002,0,
2026-05-16T15:32:18.816005,GET,/api/articles/list/large/,40.53,471824,0,
2026-05-16T15:32:18.817944,GET,/api/articles/list/small/,4.37,23002,0,
2026-05-16T15:32:18.824663,GET,/api/articles/list/small/,4.5,23002,0,
2026-05-16T15:32:18.836265,POST,/api/articles/analyze/,2.35,58,0,
2026-05-16T15:32:18.837658,GET,/api/articles/list/small/,4.79,23002,0,
2026-05-16T15:32:18.849118,GET,/api/articles/list/large/,32.98,471824,0,
2026-05-16T15:32:18.850283,GET,/api/articles/list/small/,5.85,23002,0,
2026-05-16T15:32:18.852543,POST,/api/articles/analyze/,3.29,58,0,
2026-05-16T15:32:18.865816,POST,/api/articles/analyze/,3.1,58,0,
2026-05-16T15:32:18.873133,GET,/api/articles/list/large/,33.23,471824,0,
2026-05-16T15:32:18.875007,POST,/api/articles/analyze/,3.98,58,0,
2026-05-16T15:32:18.880636,GET,/api/articles/list/large/,35.2,471824,0,
2026-05-16T15:32:18.881854,GET,/api/articles/list/large/,35.63,471824,0,
2026-05-16T15:32:18.943103,GET,/api/articles/list/large/,32.92,471824,0,
2026-05-16T15:32:18.975213,GET,/api/articles/list/small/,5.58,23002,0,
2026-05-16T15:32:18.975702,POST,/api/articles/bulk/,8.98,34,0,
2026-05-16T15:32:18.980512,POST,/api/articles/bulk/,13.08,34,0,
2026-05-16T15:32:18.981798,POST,/api/articles/bulk/,8.04,34,0,
2026-05-16T15:32:18.983658,POST,/api/articles/analyze/,3.02,58,0,
2026-05-16T15:32:18.987808,GET,/api/articles/list/large/,33.53,471824,0,
2026-05-16T15:32:18.989404,POST,/api/articles/analyze/,3.54,58,0,
2026-05-16T15:32:18.995042,GET,/api/articles/list/large/,34.33,471824,0,
2026-05-16T15:32:19.002280,GET,/api/articles/list/large/,36.03,471824,0,
2026-05-16T15:32:19.006609,POST,/api/articles/bulk/,7.34,34,0,
2026-05-16T15:32:19.031716,GET,/api/articles/list/small/,8.7,23002,0,
2026-05-16T15:32:19.039596,POST,/api/articles/bulk/,15.52,34,0,
2026-05-16T15:32:19.041666,GET,/api/articles/list/small/,6.43,23002,0,
2026-05-16T15:32:19.057562,POST,/api/articles/bulk/,7.62,34,0,
2026-05-16T15:32:19.058018,GET,/api/articles/list/small/,9.15,23002,0,
2026-05-16T15:32:19.066455,GET,/api/articles/list/large/,40.7,471824,0,
2026-05-16T15:32:19.067647,GET,/api/articles/list/large/,42.55,471824,0,
2026-05-16T15:32:19.073087,GET,/api/articles/list/large/,33.36,471824,0,
2026-05-16T15:32:19.083884,POST,/api/articles/analyze/,3.54,58,0,
2026-05-16T15:32:19.099555,POST,/api/articles/analyze/,2.51,58,0,
2026-05-16T15:32:19.113686,POST,/api/articles/bulk/,7.32,34,0,
2026-05-16T15:32:19.115476,GET,/api/articles/list/small/,5.03,23002,0,
2026-05-16T15:32:19.116611,GET,/api/articles/list/large/,34.89,471824,0,
2026-05-16T15:32:19.124465,GET,/api/articles/list/large/,35.35,471824,0,
2026-05-16T15:32:19.140850,POST,/api/articles/bulk/,9.08,34,0,
2026-05-16T15:32:19.142703,GET,/api/articles/list/large/,36.93,471824,0,
2026-05-16T15:32:19.146965,GET,/api/articles/list/small/,9.27,23002,0,
2026-05-16T15:32:19.149127,POST,/api/articles/bulk/,8.14,34,0,
2026-05-16T15:32:19.149511,POST,/api/articles/bulk/,9.94,34,0,
2026-05-16T15:32:19.157694,GET,/api/articles/list/large/,37.81,471824,0,
2026-05-16T15:32:19.211191,POST,/api/articles/analyze/,2.79,58,0,
2026-05-16T15:32:19.241321,POST,/api/articles/analyze/,2.79,58,0,
2026-05-16T15:32:19.266200,POST,/api/articles/analyze/,3.52,58,0,
2026-05-16T15:32:19.290316,POST,/api/articles/bulk/,7.52,34,0,
2026-05-16T15:32:19.307417,GET,/api/articles/list/large/,42.13,471824,0,
2026-05-16T15:32:19.313029,GET,/api/articles/list/large/,39.13,471824,0,
2026-05-16T15:32:19.349568,GET,/api/articles/list/large/,33.15,471824,0,
2026-05-16T15:32:19.377349,GET,/api/articles/list/small/,4.96,23002,0,
2026-05-16T15:32:19.383389,POST,/api/articles/bulk/,7.43,34,0,
2026-05-16T15:32:19.393831,GET,/api/articles/list/large/,33.86,471824,0,
2026-05-16T15:32:19.437446,GET,/api/articles/list/large/,33.85,471824,0,
2026-05-16T15:32:19.449002,POST,/api/articles/analyze/,2.56,58,0,
2026-05-16T15:32:19.476265,GET,/api/articles/list/large/,33.48,471824,0,
2026-05-16T15:32:19.483609,GET,/api/articles/list/small/,4.95,23002,0,
2026-05-16T15:32:19.493983,POST,/api/articles/bulk/,7.19,34,0,
2026-05-16T15:32:19.513053,GET,/api/articles/list/large/,33.26,471824,0,
2026-05-16T15:32:19.524893,POST,/api/articles/bulk/,11.7,34,0,
2026-05-16T15:32:19.530660,GET,/api/articles/list/small/,4.41,23002,0,
2026-05-16T15:32:19.542202,GET,/api/articles/list/small/,4.46,23002,0,
2026-05-16T15:32:19.544836,POST,/api/articles/bulk/,7.89,34,0,
2026-05-16T15:32:19.581187,POST,/api/articles/analyze/,2.72,58,0,
2026-05-16T15:32:19.589181,GET,/api/articles/list/large/,34.18,471824,0,
2026-05-16T15:32:19.591113,POST,/api/articles/analyze/,3.68,58,0,
2026-05-16T15:32:19.598041,POST,/api/articles/analyze/,2.5,58,0,
2026-05-16T15:32:19.602160,GET,/api/articles/list/small/,4.01,23002,0,
2026-05-16T15:32:19.627978,POST,/api/articles/bulk/,7.33,34,0,
2026-05-16T15:32:19.636458,POST,/api/articles/analyze/,2.56,58,0,
2026-05-16T15:32:19.640489,POST,/api/articles/bulk/,7.76,34,0,
2026-05-16T15:32:19.643192,GET,/api/articles/list/large/,33.39,471824,0,
2026-05-16T15:32:19.647205,GET,/api/articles/list/large/,33.89,471824,0,
2026-05-16T15:32:19.651613,GET,/api/articles/list/small/,4.27,23002,0,
2026-05-16T15:32:19.664599,GET,/api/articles/list/large/,34.41,471824,0,
2026-05-16T15:32:19.676088,POST,/api/articles/bulk/,7.23,34,0,
2026-05-16T15:32:19.680227,GET,/api/articles/list/large/,34.81,471824,0,
2026-05-16T15:32:19.721986,GET,/api/articles/list/small/,4.45,23002,0,
2026-05-16T15:32:19.731374,GET,/api/articles/list/small/,4.19,23002,0,
2026-05-16T15:32:19.744692,POST,/api/articles/bulk/,7.97,34,0,
2026-05-16T15:32:19.782672,GET,/api/articles/list/large/,44.46,471824,0,
2026-05-16T15:32:19.788656,POST,/api/articles/bulk/,9.38,34,0,
2026-05-16T15:32:19.794186,GET,/api/articles/list/small/,4.31,23002,0,
2026-05-16T15:32:19.797607,GET,/api/articles/list/small/,4.29,23002,0,
2026-05-16T15:32:19.805806,GET,/api/articles/list/large/,40.43,471824,0,
2026-05-16T15:32:19.806900,POST,/api/articles/bulk/,7.07,34,0,
2026-05-16T15:32:19.824921,GET,/api/articles/list/small/,4.54,23002,0,
2026-05-16T15:32:19.853885,POST,/api/articles/analyze/,2.72,58,0,
2026-05-16T15:32:19.860087,POST,/api/articles/analyze/,3.84,58,0,
2026-05-16T15:32:19.864406,POST,/api/articles/bulk/,7.71,34,0,
2026-05-16T15:32:19.873623,GET,/api/articles/list/small/,4.34,23002,0,
2026-05-16T15:32:19.897329,GET,/api/articles/list/large/,33.98,471824,0,
2026-05-16T15:32:19.910028,GET,/api/articles/list/small/,4.68,23002,0,
2026-05-16T15:32:19.910526,GET,/api/articles/list/small/,4.16,23002,0,
2026-05-16T15:32:19.914223,POST,/api/articles/analyze/,2.49,58,0,
2026-05-16T15:32:19.921566,POST,/api/articles/analyze/,3.21,58,0,
2026-05-16T15:32:19.922010,POST,/api/articles/analyze/,2.66,58,0,
2026-05-16T15:32:19.932340,GET,/api/articles/list/large/,33.6,471824,0,
2026-05-16T15:32:19.947781,POST,/api/articles/analyze/,3.01,58,0,
2026-05-16T15:32:19.965652,GET,/api/articles/list/small/,5.47,23002,0,
2026-05-16T15:32:19.968212,POST,/api/articles/bulk/,7.51,34,0,
2026-05-16T15:32:19.980503,POST,/api/articles/bulk/,6.96,34,0,
2026-05-16T15:32:19.993936,POST,/api/articles/analyze/,3.11,58,0,
2026-05-16T15:32:19.997264,GET,/api/articles/list/small/,4.29,23002,0,
2026-05-16T15:32:20.007572,POST,/api/articles/analyze/,3.08,58,0,
2026-05-16T15:32:20.024447,POST,/api/articles/bulk/,8.93,34,0,
2026-05-16T15:32:20.040237,GET,/api/articles/list/small/,4.5,23002,0,
2026-05-16T15:32:20.047290,GET,/api/articles/list/large/,41.76,471824,0,
2026-05-16T15:32:20.047795,GET,/api/articles/list/small/,5.36,23002,0,
2026-05-16T15:32:20.053504,POST,/api/articles/bulk/,8.43,34,0,
2026-05-16T15:32:20.060354,GET,/api/articles/list/small/,4.31,23002,0,
2026-05-16T15:32:20.061720,POST,/api/articles/analyze/,3.29,58,0,
2026-05-16T15:32:20.065303,POST,/api/articles/analyze/,2.37,58,0,
2026-05-16T15:32:20.081068,POST,/api/articles/analyze/,2.62,58,0,
2026-05-16T15:32:20.082711,POST,/api/articles/bulk/,7.13,34,0,
2026-05-16T15:32:20.085980,GET,/api/articles/list/large/,33.58,471824,0,
2026-05-16T15:32:20.090495,GET,/api/articles/list/small/,4.38,23002,0,
2026-05-16T15:32:20.128887,GET,/api/articles/list/small/,4.55,23002,0,
2026-05-16T15:32:20.129484,POST,/api/articles/analyze/,2.46,58,0,
2026-05-16T15:32:20.137486,GET,/api/articles/list/large/,34.68,471824,0,
2026-05-16T15:32:20.141890,GET,/api/articles/list/small/,4.27,23002,0,
2026-05-16T15:32:20.169228,POST,/api/articles/analyze/,3.8,58,0,
2026-05-16T15:32:20.180120,GET,/api/articles/list/large/,32.94,471824,0,
2026-05-16T15:32:20.183849,GET,/api/articles/list/large/,34.19,471824,0,
2026-05-16T15:32:20.193343,POST,/api/articles/bulk/,7.21,34,0,
2026-05-16T15:32:20.196134,GET,/api/articles/list/large/,34.24,471824,0,
2026-05-16T15:32:20.204785,GET,/api/articles/list/small/,4.3,23002,0,
2026-05-16T15:32:20.214289,POST,/api/articles/analyze/,2.62,58,0,
2026-05-16T15:32:20.216181,GET,/api/articles/list/small/,5.02,23002,0,
2026-05-16T15:32:20.223727,GET,/api/articles/list/small/,4.19,23002,0,
2026-05-16T15:32:20.227876,GET,/api/articles/list/small/,4.04,23002,0,
2026-05-16T15:32:20.233317,GET,/api/articles/list/small/,4.08,23002,0,
2026-05-16T15:32:20.235789,GET,/api/articles/list/small/,4.16,23002,0,
2026-05-16T15:32:20.252646,POST,/api/articles/analyze/,2.76,58,0,
2026-05-16T15:32:20.269162,GET,/api/articles/list/small/,13.03,23002,0,
2026-05-16T15:32:20.288775,GET,/api/articles/list/large/,43.29,471824,0,
2026-05-16T15:32:20.292076,POST,/api/articles/bulk/,7.66,34,0,
2026-05-16T15:32:20.303751,GET,/api/articles/list/large/,60.74,471824,0,
2026-05-16T15:32:20.310137,GET,/api/articles/list/large/,49.18,471824,0,
2026-05-16T15:32:20.328253,GET,/api/articles/list/large/,42.88,471824,0,
2026-05-16T15:32:20.332163,GET,/api/articles/list/large/,33.85,471824,0,
2026-05-16T15:32:20.337726,GET,/api/articles/list/large/,33.82,471824,0,
2026-05-16T15:32:20.350898,POST,/api/articles/analyze/,2.9,58,0,
2026-05-16T15:32:20.354381,GET,/api/articles/list/large/,33.95,471824,0,
2026-05-16T15:32:20.358351,POST,/api/articles/analyze/,2.6,58,0,
2026-05-16T15:32:20.369402,GET,/api/articles/list/small/,4.26,23002,0,
2026-05-16T15:32:20.395180,GET,/api/articles/list/large/,33.47,471824,0,
2026-05-16T15:32:20.396826,POST,/api/articles/analyze/,3.68,58,0,
2026-05-16T15:32:20.401483,POST,/api/articles/analyze/,3.46,58,0,
2026-05-16T15:32:20.402319,POST,/api/articles/analyze/,3.31,58,0,
2026-05-16T15:32:20.403095,POST,/api/articles/analyze/,2.72,58,0,
2026-05-16T15:32:20.409755,GET,/api/articles/list/small/,4.13,23002,0,
2026-05-16T15:32:20.412023,POST,/api/articles/bulk/,7.73,34,0,
2026-05-16T15:32:20.413142,GET,/api/articles/list/large/,33.49,471824,0,
2026-05-16T15:32:20.431090,GET,/api/articles/list/small/,4.6,23002,0,
2026-05-16T15:32:20.440214,POST,/api/articles/bulk/,6.92,34,0,
2026-05-16T15:32:20.442269,GET,/api/articles/list/small/,4.23,23002,0,
2026-05-16T15:32:20.482097,POST,/api/articles/bulk/,7.49,34,0,
2026-05-16T15:32:20.498852,POST,/api/articles/bulk/,7.52,34,0,
2026-05-16T15:32:20.499368,GET,/api/articles/list/small/,5.15,23002,0,
2026-05-16T15:32:20.510001,GET,/api/articles/list/small/,12.04,23002,0,
2026-05-16T15:32:20.512241,POST,/api/articles/analyze/,3.76,58,0,
2026-05-16T15:32:20.512644,POST,/api/articles/analyze/,3.69,58,0,
2026-05-16T15:32:20.532525,POST,/api/articles/analyze/,2.7,58,0,
2026-05-16T15:32:20.544292,GET,/api/articles/list/large/,36.7,471824,0,
2026-05-16T15:32:20.545045,POST,/api/articles/bulk/,8.3,34,0,
2026-05-16T15:32:20.557433,POST,/api/articles/analyze/,4.97,58,0,
2026-05-16T15:32:20.562385,GET,/api/articles/list/small/,4.06,23002,0,
2026-05-16T15:32:20.564135,POST,/api/articles/bulk/,7.9,34,0,
2026-05-16T15:32:20.595205,POST,/api/articles/analyze/,2.73,58,0,
2026-05-16T15:32:20.612172,POST,/api/articles/analyze/,3.52,58,0,
2026-05-16T15:32:20.613700,GET,/api/articles/list/small/,4.51,23002,0,
2026-05-16T15:32:20.634237,POST,/api/articles/bulk/,7.03,34,0,
2026-05-16T15:32:20.640631,GET,/api/articles/list/small/,5.11,23002,0,
2026-05-16T15:32:20.643976,POST,/api/articles/bulk/,7.98,34,0,
2026-05-16T15:32:20.656579,POST,/api/articles/analyze/,3.19,58,0,
2026-05-16T15:32:20.658639,GET,/api/articles/list/small/,6.44,23002,0,
2026-05-16T15:32:20.661193,GET,/api/articles/list/large/,35.12,471824,0,
2026-05-16T15:32:20.661688,GET,/api/articles/list/small/,4.99,23002,0,
2026-05-16T15:32:20.662052,POST,/api/articles/bulk/,9.35,34,0,
2026-05-16T15:32:20.663938,POST,/api/articles/analyze/,4.32,58,0,
2026-05-16T15:32:20.667708,POST,/api/articles/analyze/,2.45,58,0,
2026-05-16T15:32:20.688901,POST,/api/articles/analyze/,2.9,58,0,
2026-05-16T15:32:20.702215,GET,/api/articles/list/small/,5.06,23002,0,
2026-05-16T15:32:20.702702,GET,/api/articles/list/small/,4.48,23002,0,
2026-05-16T15:32:20.709428,GET,/api/articles/list/small/,4.37,23002,0,
2026-05-16T15:32:20.722717,POST,/api/articles/bulk/,10.94,34,0,
2026-05-16T15:32:20.774904,POST,/api/articles/analyze/,2.78,58,0,
2026-05-16T15:32:20.779886,POST,/api/articles/analyze/,2.59,58,0,
2026-05-16T15:32:20.789672,GET,/api/articles/list/small/,4.46,23002,0,
2026-05-16T15:32:20.797900,POST,/api/articles/analyze/,3.1,58,0,
2026-05-16T15:32:20.801887,POST,/api/articles/bulk/,7.87,34,0,
2026-05-16T15:32:20.842484,GET,/api/articles/list/large/,34.2,471824,0,
2026-05-16T15:32:20.849492,GET,/api/articles/list/small/,4.64,23002,0,
2026-05-16T15:32:20.852098,GET,/api/articles/list/small/,4.68,23002,0,
2026-05-16T15:32:20.855385,GET,/api/articles/list/small/,4.67,23002,0,
2026-05-16T15:32:20.879884,POST,/api/articles/analyze/,3.12,58,0,
2026-05-16T15:32:20.893884,POST,/api/articles/analyze/,2.74,58,0,
2026-05-16T15:32:20.896518,POST,/api/articles/analyze/,2.51,58,0,
2026-05-16T15:32:20.910165,POST,/api/articles/analyze/,3.3,58,0,
2026-05-16T15:32:20.914452,GET,/api/articles/list/small/,5.22,23002,0,
2026-05-16T15:32:20.916346,POST,/api/articles/analyze/,2.78,58,0,
2026-05-16T15:32:20.931361,POST,/api/articles/analyze/,2.75,58,0,
2026-05-16T15:32:20.945533,GET,/api/articles/list/small/,4.91,23002,0,
2026-05-16T15:32:20.952733,POST,/api/articles/bulk/,9.41,34,0,
2026-05-16T15:32:20.953225,GET,/api/articles/list/small/,5.77,23002,0,
2026-05-16T15:32:20.955934,POST,/api/articles/bulk/,8.01,34,0,
2026-05-16T15:32:20.959770,POST,/api/articles/analyze/,2.61,58,0,
2026-05-16T15:32:20.962277,POST,/api/articles/analyze/,2.4,58,0,
2026-05-16T15:32:20.968969,POST,/api/articles/analyze/,3.52,58,0,
2026-05-16T15:32:20.973492,GET,/api/articles/list/small/,5.31,23002,0,
2026-05-16T15:32:20.981829,GET,/api/articles/list/large/,35.03,471824,0,
2026-05-16T15:32:20.990386,GET,/api/articles/list/small/,4.31,23002,0,
2026-05-16T15:32:21.013337,GET,/api/articles/list/large/,45.65,471824,0,
2026-05-16T15:32:21.028042,GET,/api/articles/list/small/,4.85,23002,0,
2026-05-16T15:32:21.033510,POST,/api/articles/bulk/,7.81,34,0,
2026-05-16T15:32:21.036570,POST,/api/articles/bulk/,7.29,34,0,
2026-05-16T15:32:21.044573,POST,/api/articles/analyze/,2.8,58,0,
2026-05-16T15:32:21.051978,GET,/api/articles/list/large/,34.05,471824,0,
2026-05-16T15:32:21.053094,GET,/api/articles/list/large/,34.66,471824,0,
2026-05-16T15:32:21.081837,POST,/api/articles/analyze/,2.75,58,0,
2026-05-16T15:32:21.103478,GET,/api/articles/list/small/,8.91,23002,0,
2026-05-16T15:32:21.104756,GET,/api/articles/list/large/,36.37,471824,0,
2026-05-16T15:32:21.106348,POST,/api/articles/analyze/,7.66,58,0,
2026-05-16T15:32:21.125271,GET,/api/articles/list/large/,38.22,471824,0,
2026-05-16T15:32:21.149415,GET,/api/articles/list/large/,37.84,471824,0,
2026-05-16T15:32:21.151940,POST,/api/articles/analyze/,4.4,58,0,
2026-05-16T15:32:21.173888,GET,/api/articles/list/large/,40.35,471824,0,
2026-05-16T15:32:21.182075,GET,/api/articles/list/large/,43.97,471824,0,
2026-05-16T15:32:21.184070,GET,/api/articles/list/large/,34.01,471824,0,
2026-05-16T15:32:21.190628,POST,/api/articles/analyze/,3.3,58,0,
2026-05-16T15:32:21.192632,POST,/api/articles/analyze/,2.89,58,0,
2026-05-16T15:32:21.212483,GET,/api/articles/list/small/,4.48,23002,0,
2026-05-16T15:32:21.237838,POST,/api/articles/bulk/,8.94,34,0,
2026-05-16T15:32:21.243916,POST,/api/articles/bulk/,14.24,34,0,
2026-05-16T15:32:21.249724,GET,/api/articles/list/large/,39.16,471824,0,
2026-05-16T15:32:21.250244,GET,/api/articles/list/small/,4.73,23002,0,
2026-05-16T15:32:21.252503,POST,/api/articles/bulk/,13.99,34,0,
2026-05-16T15:32:21.256066,GET,/api/articles/list/small/,4.62,23002,0,
2026-05-16T15:32:21.267182,GET,/api/articles/list/small/,4.46,23002,0,
2026-05-16T15:32:21.273973,POST,/api/articles/bulk/,8.69,34,0,
2026-05-16T15:32:21.280151,GET,/api/articles/list/large/,35.77,471824,0,
2026-05-16T15:32:21.291786,GET,/api/articles/list/large/,33.51,471824,0,
2026-05-16T15:32:21.300229,GET,/api/articles/list/large/,34.07,471824,0,
2026-05-16T15:32:21.305482,POST,/api/articles/analyze/,2.85,58,0,
2026-05-16T15:32:21.318152,GET,/api/articles/list/small/,4.54,23002,0,
2026-05-16T15:32:21.320801,POST,/api/articles/bulk/,7.95,34,0,
2026-05-16T15:32:21.340790,POST,/api/articles/bulk/,7.24,34,0,
2026-05-16T15:32:21.356250,POST,/api/articles/analyze/,4.2,58,0,
2026-05-16T15:32:21.357307,GET,/api/articles/list/large/,33.28,471824,0,
2026-05-16T15:32:21.388957,GET,/api/articles/list/small/,4.67,23002,0,
2026-05-16T15:32:21.402026,GET,/api/articles/list/small/,4.4,23002,0,
2026-05-16T15:32:21.408456,GET,/api/articles/list/small/,4.17,23002,0,
2026-05-16T15:32:21.412994,POST,/api/articles/analyze/,3.28,58,0,
2026-05-16T15:32:21.415830,GET,/api/articles/list/large/,34.15,471824,0,
2026-05-16T15:32:21.420290,POST,/api/articles/bulk/,8.45,34,0,
2026-05-16T15:32:21.428420,GET,/api/articles/list/large/,33.24,471824,0,
2026-05-16T15:32:21.448254,GET,/api/articles/list/large/,34.38,471824,0,
2026-05-16T15:32:21.460798,GET,/api/articles/list/small/,4.35,23002,0,
2026-05-16T15:32:21.495652,GET,/api/articles/list/small/,13.62,23002,0,
2026-05-16T15:32:21.511972,POST,/api/articles/bulk/,12.01,34,0,
2026-05-16T15:32:21.526623,POST,/api/articles/analyze/,3.41,58,0,
2026-05-16T15:32:21.536443,POST,/api/articles/bulk/,8.19,34,0,
2026-05-16T15:32:21.542475,POST,/api/articles/bulk/,7.48,34,0,
2026-05-16T15:32:21.559612,GET,/api/articles/list/large/,33.98,471824,0,
2026-05-16T15:32:21.561526,POST,/api/articles/analyze/,3.85,58,0,
2026-05-16T15:32:21.584191,POST,/api/articles/analyze/,2.81,58,0,
2026-05-16T15:32:21.587159,GET,/api/articles/list/large/,38.44,471824,0,
2026-05-16T15:32:21.591558,POST,/api/articles/bulk/,7.25,34,0,
2026-05-16T15:32:21.602609,POST,/api/articles/bulk/,7.91,34,0,
2026-05-16T15:32:21.603793,GET,/api/articles/list/large/,34.02,471824,0,
2026-05-16T15:32:21.612292,POST,/api/articles/bulk/,7.22,34,0,
2026-05-16T15:32:21.630227,GET,/api/articles/list/large/,36.47,471824,0,
2026-05-16T15:32:21.631483,GET,/api/articles/list/large/,37.22,471824,0,
2026-05-16T15:32:21.662607,GET,/api/articles/list/small/,4.87,23002,0,
2026-05-16T15:32:21.666435,POST,/api/articles/analyze/,2.59,58,0,
2026-05-16T15:32:21.682361,POST,/api/articles/analyze/,4.03,58,0,
2026-05-16T15:32:21.683847,GET,/api/articles/list/small/,5.07,23002,0,
2026-05-16T15:32:21.689045,POST,/api/articles/analyze/,2.96,58,0,
2026-05-16T15:32:21.717679,GET,/api/articles/list/large/,39.89,471824,0,
2026-05-16T15:32:21.723150,POST,/api/articles/analyze/,3.22,58,0,
2026-05-16T15:32:21.725400,GET,/api/articles/list/small/,4.37,23002,0,
2026-05-16T15:32:21.740159,POST,/api/articles/analyze/,2.87,58,0,
2026-05-16T15:32:21.742869,GET,/api/articles/list/large/,39.48,471824,0,
2026-05-16T15:32:21.744027,POST,/api/articles/bulk/,8.13,34,0,
2026-05-16T15:32:21.745620,POST,/api/articles/analyze/,2.6,58,0,
2026-05-16T15:32:21.758652,POST,/api/articles/analyze/,2.75,58,0,
2026-05-16T15:32:21.771707,GET,/api/articles/list/large/,37.73,471824,0,
2026-05-16T15:32:21.793336,POST,/api/articles/analyze/,3.2,58,0,
2026-05-16T15:32:21.794656,GET,/api/articles/list/large/,34.77,471824,0,
2026-05-16T15:32:21.796020,POST,/api/articles/bulk/,9.92,34,0,
2026-05-16T15:32:21.801721,GET,/api/articles/list/large/,36.3,471824,0,
2026-05-16T15:32:21.808488,GET,/api/articles/list/small/,4.52,23002,0,
2026-05-16T15:32:21.813494,GET,/api/articles/list/large/,35.55,471824,0,
2026-05-16T15:32:21.833436,POST,/api/articles/bulk/,8.29,34,0,
2026-05-16T15:32:21.833885,POST,/api/articles/bulk/,7.03,34,0,
2026-05-16T15:32:21.840647,GET,/api/articles/list/small/,5.49,23002,0,
2026-05-16T15:32:21.847136,POST,/api/articles/bulk/,7.99,34,0,
2026-05-16T15:32:21.874340,GET,/api/articles/list/large/,35.75,471824,0,
2026-05-16T15:32:21.883497,GET,/api/articles/list/small/,4.42,23002,0,
2026-05-16T15:32:21.885590,POST,/api/articles/bulk/,7.89,34,0,
2026-05-16T15:32:21.891339,POST,/api/articles/bulk/,7.71,34,0,
2026-05-16T15:32:21.909705,POST,/api/articles/bulk/,9.16,34,0,
2026-05-16T15:32:21.913054,POST,/api/articles/bulk/,8.6,34,0,
2026-05-16T15:32:21.913756,GET,/api/articles/list/small/,5.15,23002,0,
2026-05-16T15:32:21.915400,POST,/api/articles/analyze/,3.29,58,0,
2026-05-16T15:32:21.919866,GET,/api/articles/list/large/,34.16,471824,0,
2026-05-16T15:32:21.930684,GET,/api/articles/list/small/,4.58,23002,0,
2026-05-16T15:32:21.938508,GET,/api/articles/list/small/,4.61,23002,0,
2026-05-16T15:32:21.985387,POST,/api/articles/analyze/,4.74,58,0,
2026-05-16T15:32:21.989991,GET,/api/articles/list/small/,4.47,23002,0,
2026-05-16T15:32:21.994813,POST,/api/articles/analyze/,2.62,58,0,
2026-05-16T15:32:22.000612,GET,/api/articles/list/small/,4.53,23002,0,
2026-05-16T15:32:22.008530,GET,/api/articles/list/large/,38.75,471824,0,
2026-05-16T15:32:22.019888,GET,/api/articles/list/large/,35.57,471824,0,
2026-05-16T15:32:22.026342,GET,/api/articles/list/small/,4.65,23002,0,
2026-05-16T15:32:22.026796,GET,/api/articles/list/small/,5.63,23002,0,
2026-05-16T15:32:22.038266,GET,/api/articles/list/large/,34.41,471824,0,
2026-05-16T15:32:22.042522,GET,/api/articles/list/large/,33.83,471824,0,
2026-05-16T15:32:22.051745,POST,/api/articles/bulk/,7.84,34,0,
2026-05-16T15:32:22.053630,POST,/api/articles/analyze/,3.03,58,0,
2026-05-16T15:32:22.072788,POST,/api/articles/analyze/,2.86,58,0,
2026-05-16T15:32:22.079344,GET,/api/articles/list/small/,4.33,23002,0,
2026-05-16T15:32:22.093569,POST,/api/articles/bulk/,7.45,34,0,
2026-05-16T15:32:22.113293,GET,/api/articles/list/small/,4.48,23002,0,
2026-05-16T15:32:22.116770,GET,/api/articles/list/large/,34.07,471824,0,
2026-05-16T15:32:22.122864,POST,/api/articles/bulk/,8.33,34,0,
2026-05-16T15:32:22.136752,GET,/api/articles/list/small/,4.64,23002,0,
2026-05-16T15:32:22.138958,GET,/api/articles/list/small/,4.28,23002,0,
2026-05-16T15:32:22.164539,POST,/api/articles/bulk/,7.41,34,0,
2026-05-16T15:32:22.187401,POST,/api/articles/analyze/,4.86,58,0,
2026-05-16T15:32:22.190344,GET,/api/articles/list/small/,6.61,23002,0,
2026-05-16T15:32:22.192175,POST,/api/articles/analyze/,2.89,58,0,
2026-05-16T15:32:22.207809,GET,/api/articles/list/large/,34.02,471824,0,
2026-05-16T15:32:22.210356,POST,/api/articles/bulk/,8.01,34,0,
2026-05-16T15:32:22.212630,GET,/api/articles/list/large/,34.25,471824,0,
2026-05-16T15:32:22.219134,GET,/api/articles/list/large/,33.49,471824,0,
2026-05-16T15:32:22.231243,GET,/api/articles/list/large/,42.49,471824,0,
2026-05-16T15:32:22.240770,POST,/api/articles/bulk/,8.09,34,0,
2026-05-16T15:32:22.259648,POST,/api/articles/bulk/,8.2,34,0,
2026-05-16T15:32:22.266114,POST,/api/articles/bulk/,7.85,34,0,
2026-05-16T15:32:22.266602,GET,/api/articles/list/small/,4.43,23002,0,
2026-05-16T15:32:22.267746,GET,/api/articles/list/large/,35.96,471824,0,
2026-05-16T15:32:22.275767,GET,/api/articles/list/large/,33.77,471824,0,
2026-05-16T15:32:22.276238,POST,/api/articles/analyze/,3.72,58,0,
2026-05-16T15:32:22.289715,POST,/api/articles/bulk/,7.35,34,0,
2026-05-16T15:32:22.300466,GET,/api/articles/list/large/,38.81,471824,0,
2026-05-16T15:32:22.306682,GET,/api/articles/list/large/,34.66,471824,0,
2026-05-16T15:32:22.325085,POST,/api/articles/analyze/,3.15,58,0,
2026-05-16T15:32:22.364794,GET,/api/articles/list/small/,4.65,23002,0,
2026-05-16T15:32:22.377873,GET,/api/articles/list/large/,34.53,471824,0,
2026-05-16T15:32:22.408733,GET,/api/articles/list/small/,6.2,23002,0,
2026-05-16T15:32:22.411519,POST,/api/articles/bulk/,8.31,34,0,
2026-05-16T15:32:22.416554,GET,/api/articles/list/large/,38.51,471824,0,
2026-05-16T15:32:22.417823,GET,/api/articles/list/large/,36.07,471824,0,
2026-05-16T15:32:22.424359,POST,/api/articles/bulk/,10.62,34,0,
2026-05-16T15:32:22.430287,POST,/api/articles/bulk/,9.33,34,0,
2026-05-16T15:32:22.430797,GET,/api/articles/list/small/,5.18,23002,0,
2026-05-16T15:32:22.433431,POST,/api/articles/analyze/,4.27,58,0,
2026-05-16T15:32:22.441170,POST,/api/articles/bulk/,7.59,34,0,
2026-05-16T15:32:22.442356,GET,/api/articles/list/large/,78.47,471824,0,
2026-05-16T15:32:22.451453,GET,/api/articles/list/large/,36.8,471824,0,
2026-05-16T15:32:22.452631,GET,/api/articles/list/large/,42.61,471824,0,
2026-05-16T15:32:22.477278,POST,/api/articles/analyze/,4.96,58,0,
2026-05-16T15:32:22.479557,GET,/api/articles/list/small/,4.95,23002,0,
2026-05-16T15:32:22.484527,POST,/api/articles/bulk/,7.14,34,0,
2026-05-16T15:32:22.488380,GET,/api/articles/list/small/,4.64,23002,0,
2026-05-16T15:32:22.500067,POST,/api/articles/analyze/,2.51,58,0,
2026-05-16T15:32:22.502715,POST,/api/articles/analyze/,2.53,58,0,
2026-05-16T15:32:22.506936,GET,/api/articles/list/large/,39.65,471824,0,
2026-05-16T15:32:22.533443,POST,/api/articles/bulk/,7.31,34,0,
2026-05-16T15:32:22.537200,POST,/api/articles/analyze/,2.52,58,0,
2026-05-16T15:32:22.541358,GET,/api/articles/list/small/,4.05,23002,0,
2026-05-16T15:32:22.548561,POST,/api/articles/analyze/,2.65,58,0,
2026-05-16T15:32:22.552831,POST,/api/articles/bulk/,8.13,34,0,
2026-05-16T15:32:22.566792,POST,/api/articles/bulk/,8.64,34,0,
2026-05-16T15:32:22.610754,GET,/api/articles/list/large/,34.56,471824,0,
2026-05-16T15:32:22.616526,GET,/api/articles/list/small/,4.4,23002,0,
2026-05-16T15:32:22.650348,POST,/api/articles/analyze/,2.75,58,0,
2026-05-16T15:32:22.654839,POST,/api/articles/bulk/,8.11,34,0,
2026-05-16T15:32:22.666525,GET,/api/articles/list/large/,33.44,471824,0,
2026-05-16T15:32:22.669411,POST,/api/articles/bulk/,7.39,34,0,
2026-05-16T15:32:22.681651,POST,/api/articles/analyze/,2.47,58,0,
2026-05-16T15:32:22.708171,GET,/api/articles/list/large/,33.5,471824,0,
2026-05-16T15:32:22.710512,POST,/api/articles/bulk/,7.27,34,0,
2026-05-16T15:32:22.725842,POST,/api/articles/analyze/,2.82,58,0,
2026-05-16T15:32:22.726264,POST,/api/articles/bulk/,17.96,34,0,
2026-05-16T15:32:22.731056,GET,/api/articles/list/large/,45.21,471824,0,
2026-05-16T15:32:22.734724,POST,/api/articles/bulk/,7.25,34,0,
2026-05-16T15:32:22.736214,POST,/api/articles/analyze/,2.94,58,0,
2026-05-16T15:32:22.752656,POST,/api/articles/bulk/,7.26,34,0,
2026-05-16T15:32:22.756692,GET,/api/articles/list/large/,36.75,471824,0,
2026-05-16T15:32:22.782212,POST,/api/articles/bulk/,7.17,34,0,
2026-05-16T15:32:22.804634,GET,/api/articles/list/small/,4.43,23002,0,
2026-05-16T15:32:22.820424,GET,/api/articles/list/small/,4.57,23002,0,
2026-05-16T15:32:22.829433,GET,/api/articles/list/large/,33.77,471824,0,
2026-05-16T15:32:22.835978,POST,/api/articles/analyze/,3.63,58,0,
2026-05-16T15:32:22.837337,GET,/api/articles/list/small/,5.49,23002,0,
2026-05-16T15:32:22.859632,POST,/api/articles/analyze/,4.13,58,0,
2026-05-16T15:32:22.864481,POST,/api/articles/bulk/,7.63,34,0,
2026-05-16T15:32:22.864948,POST,/api/articles/bulk/,8.91,34,0,
2026-05-16T15:32:22.871747,POST,/api/articles/bulk/,8.93,34,0,
2026-05-16T15:32:22.888665,GET,/api/articles/list/large/,37.93,471824,0,
2026-05-16T15:32:22.899291,POST,/api/articles/analyze/,2.68,58,0,
2026-05-16T15:32:22.904817,GET,/api/articles/list/large/,34.2,471824,0,
2026-05-16T15:32:22.905328,POST,/api/articles/analyze/,3.81,58,0,
2026-05-16T15:32:22.922525,GET,/api/articles/list/large/,33.7,471824,0,
2026-05-16T15:32:22.929673,POST,/api/articles/analyze/,2.88,58,0,
2026-05-16T15:32:22.949733,GET,/api/articles/list/large/,36.18,471824,0,
2026-05-16T15:32:22.953465,GET,/api/articles/list/small/,5.64,23002,0,
2026-05-16T15:32:22.956062,POST,/api/articles/bulk/,9.14,34,0,
2026-05-16T15:32:22.964683,POST,/api/articles/analyze/,7.86,58,0,
2026-05-16T15:32:22.965131,POST,/api/articles/analyze/,8.96,58,0,
2026-05-16T15:32:22.973155,POST,/api/articles/bulk/,7.92,34,0,
2026-05-16T15:32:22.975792,POST,/api/articles/analyze/,2.51,58,0,
2026-05-16T15:32:23.001978,POST,/api/articles/bulk/,7.97,34,0,
2026-05-16T15:32:23.006011,GET,/api/articles/list/large/,33.9,471824,0,
2026-05-16T15:32:23.006526,GET,/api/articles/list/small/,7.6,23002,0,
2026-05-16T15:32:23.008255,POST,/api/articles/bulk/,8.79,34,0,
2026-05-16T15:32:23.035412,POST,/api/articles/analyze/,2.84,58,0,
2026-05-16T15:32:23.058372,GET,/api/articles/list/large/,34.58,471824,0,
2026-05-16T15:32:23.072606,POST,/api/articles/bulk/,7.38,34,0,
2026-05-16T15:32:23.086190,POST,/api/articles/bulk/,8.33,34,0,
2026-05-16T15:32:23.092119,GET,/api/articles/list/large/,35.42,471824,0,
2026-05-16T15:32:23.113458,GET,/api/articles/list/small/,6.08,23002,0,
2026-05-16T15:32:23.115959,POST,/api/articles/bulk/,7.43,34,0,
2026-05-16T15:32:23.117213,GET,/api/articles/list/small/,4.85,23002,0,
2026-05-16T15:32:23.132317,POST,/api/articles/analyze/,2.9,58,0,
2026-05-16T15:32:23.138447,GET,/api/articles/list/small/,4.94,23002,0,
2026-05-16T15:32:23.138906,GET,/api/articles/list/small/,4.41,23002,0,
2026-05-16T15:32:23.190513,GET,/api/articles/list/small/,4.6,23002,0,
2026-05-16T15:32:23.195711,GET,/api/articles/list/small/,4.53,23002,0,
2026-05-16T15:32:23.196849,GET,/api/articles/list/small/,6.21,23002,0,
2026-05-16T15:32:23.199795,POST,/api/articles/analyze/,3.95,58,0,
2026-05-16T15:32:23.201986,GET,/api/articles/list/small/,4.46,23002,0,
2026-05-16T15:32:23.215421,POST,/api/articles/analyze/,3.79,58,0,
2026-05-16T15:32:23.217284,POST,/api/articles/bulk/,12.64,34,0,
2026-05-16T15:32:23.221747,POST,/api/articles/bulk/,7.64,34,0,
2026-05-16T15:32:23.223055,GET,/api/articles/list/large/,41.78,471824,0,
2026-05-16T15:32:23.229911,POST,/api/articles/analyze/,3.55,58,0,
2026-05-16T15:32:23.230332,POST,/api/articles/analyze/,2.75,58,0,
2026-05-16T15:32:23.240861,POST,/api/articles/bulk/,8.13,34,0,
2026-05-16T15:32:23.241354,POST,/api/articles/bulk/,7.26,34,0,
2026-05-16T15:32:23.247074,GET,/api/articles/list/small/,4.5,23002,0,
2026-05-16T15:32:23.256232,GET,/api/articles/list/small/,4.45,23002,0,
2026-05-16T15:32:23.269897,POST,/api/articles/bulk/,7.4,34,0,
2026-05-16T15:32:23.283918,GET,/api/articles/list/large/,34.62,471824,0,
2026-05-16T15:32:23.285656,POST,/api/articles/analyze/,3.57,58,0,
2026-05-16T15:32:23.287181,POST,/api/articles/bulk/,8.04,34,0,
2026-05-16T15:32:23.305681,POST,/api/articles/bulk/,7.32,34,0,
2026-05-16T15:32:23.312900,POST,/api/articles/analyze/,2.96,58,0,
2026-05-16T15:32:23.338631,POST,/api/articles/bulk/,8.07,34,0,
2026-05-16T15:32:23.367814,GET,/api/articles/list/large/,40.86,471824,0,
2026-05-16T15:32:23.369165,POST,/api/articles/bulk/,15.32,34,0,
2026-05-16T15:32:23.370529,GET,/api/articles/list/large/,47.31,471824,0,
2026-05-16T15:32:23.374183,GET,/api/articles/list/large/,38.04,471824,0,
2026-05-16T15:32:23.375994,POST,/api/articles/analyze/,11.12,58,0,
2026-05-16T15:32:23.377128,GET,/api/articles/list/small/,13.33,23002,0,
2026-05-16T15:32:23.378307,GET,/api/articles/list/large/,46.88,471824,0,
2026-05-16T15:32:23.380185,POST,/api/articles/analyze/,12.22,58,0,
2026-05-16T15:32:23.382545,POST,/api/articles/bulk/,11.39,34,0,
2026-05-16T15:32:23.385070,GET,/api/articles/list/small/,4.33,23002,0,
2026-05-16T15:32:23.386376,POST,/api/articles/bulk/,7.66,34,0,
2026-05-16T15:32:23.417466,GET,/api/articles/list/large/,42.73,471824,0,
2026-05-16T15:32:23.427309,GET,/api/articles/list/large/,34.68,471824,0,
2026-05-16T15:32:23.445227,POST,/api/articles/bulk/,7.7,34,0,
2026-05-16T15:32:23.462865,POST,/api/articles/bulk/,19.06,34,0,
2026-05-16T15:32:23.465194,POST,/api/articles/analyze/,3.71,58,0,
2026-05-16T15:32:23.493927,GET,/api/articles/list/large/,46.99,471824,0,
2026-05-16T15:32:23.494456,POST,/api/articles/bulk/,9.16,34,0,
2026-05-16T15:32:23.499387,POST,/api/articles/analyze/,3.69,58,0,
2026-05-16T15:32:23.511709,GET,/api/articles/list/large/,36.17,471824,0,
2026-05-16T15:32:23.519361,GET,/api/articles/list/small/,4.55,23002,0,
2026-05-16T15:32:23.519838,POST,/api/articles/bulk/,7.99,34,0,
2026-05-16T15:32:23.532997,GET,/api/articles/list/large/,36.78,471824,0,
2026-05-16T15:32:23.597173,POST,/api/articles/bulk/,7.89,34,0,
2026-05-16T15:32:23.606833,POST,/api/articles/analyze/,4.45,58,0,
2026-05-16T15:32:23.638546,GET,/api/articles/list/large/,35.51,471824,0,
2026-05-16T15:32:23.648026,GET,/api/articles/list/small/,5.16,23002,0,
2026-05-16T15:32:23.652577,GET,/api/articles/list/small/,5.69,23002,0,
2026-05-16T15:32:23.656130,GET,/api/articles/list/large/,37.05,471824,0,
2026-05-16T15:32:23.657166,POST,/api/articles/bulk/,9.02,34,0,
2026-05-16T15:32:23.659354,POST,/api/articles/analyze/,3.09,58,0,
2026-05-16T15:32:23.677875,POST,/api/articles/analyze/,3.18,58,0,
2026-05-16T15:32:23.707763,POST,/api/articles/bulk/,7.53,34,0,
2026-05-16T15:32:23.716110,POST,/api/articles/analyze/,3.66,58,0,
2026-05-16T15:32:23.719325,POST,/api/articles/bulk/,8.19,34,0,
2026-05-16T15:32:23.719739,POST,/api/articles/bulk/,6.86,34,0,
2026-05-16T15:32:23.742211,GET,/api/articles/list/small/,5.53,23002,0,
2026-05-16T15:32:23.742757,GET,/api/articles/list/small/,6.69,23002,0,
2026-05-16T15:32:23.748722,POST,/api/articles/analyze/,4.66,58,0,
2026-05-16T15:32:23.790099,POST,/api/articles/analyze/,9.95,58,0,
2026-05-16T15:32:23.799299,POST,/api/articles/analyze/,13.17,58,0,
2026-05-16T15:32:23.800333,POST,/api/articles/analyze/,15.26,58,0,
2026-05-16T15:32:23.814729,POST,/api/articles/bulk/,27.35,34,0,
2026-05-16T15:32:23.836288,POST,/api/articles/analyze/,19.74,58,0,
2026-05-16T15:32:23.840589,POST,/api/articles/bulk/,38.2,34,0,
2026-05-16T15:32:23.846681,GET,/api/articles/list/large/,101.1,471824,0,
2026-05-16T15:32:23.851276,GET,/api/articles/list/small/,25.99,23002,0,
2026-05-16T15:32:23.858989,GET,/api/articles/list/small/,18.14,23002,0,
2026-05-16T15:32:23.885129,POST,/api/articles/bulk/,11.44,34,0,
2026-05-16T15:32:23.887123,GET,/api/articles/list/large/,96.36,471824,0,
2026-05-16T15:32:23.898064,POST,/api/articles/bulk/,14.47,34,0,
2026-05-16T15:32:23.936380,GET,/api/articles/list/large/,40.9,471824,0,
2026-05-16T15:32:23.958096,POST,/api/articles/bulk/,7.49,34,0,
2026-05-16T15:32:23.989406,GET,/api/articles/list/large/,35.67,471824,0,
2026-05-16T15:32:24.000726,POST,/api/articles/bulk/,8.0,34,0,
2026-05-16T15:32:24.022454,POST,/api/articles/bulk/,7.44,34,0,
2026-05-16T15:32:24.025199,POST,/api/articles/analyze/,2.62,58,0,
2026-05-16T15:32:24.032922,GET,/api/articles/list/large/,37.14,471824,0,
2026-05-16T15:32:24.038193,POST,/api/articles/bulk/,10.59,34,0,
2026-05-16T15:32:24.040321,POST,/api/articles/analyze/,3.22,58,0,
2026-05-16T15:32:24.048423,POST,/api/articles/bulk/,12.15,34,0,
2026-05-16T15:32:24.055052,POST,/api/articles/bulk/,9.32,34,0,
2026-05-16T15:32:24.106582,POST,/api/articles/bulk/,8.37,34,0,
2026-05-16T15:32:24.112330,GET,/api/articles/list/large/,36.99,471824,0,
2026-05-16T15:32:24.120540,GET,/api/articles/list/small/,8.03,23002,0,
2026-05-16T15:32:24.122304,POST,/api/articles/analyze/,2.99,58,0,
2026-05-16T15:32:24.150458,POST,/api/articles/analyze/,3.88,58,0,
2026-05-16T15:32:24.168453,POST,/api/articles/analyze/,3.5,58,0,
2026-05-16T15:32:24.172936,POST,/api/articles/bulk/,9.09,34,0,
2026-05-16T15:32:24.178690,POST,/api/articles/bulk/,8.9,34,0,
2026-05-16T15:32:24.189154,POST,/api/articles/bulk/,9.85,34,0,
2026-05-16T15:32:24.202592,POST,/api/articles/analyze/,3.09,58,0,
2026-05-16T15:32:24.203154,POST,/api/articles/bulk/,9.74,34,0,
2026-05-16T15:32:24.203556,POST,/api/articles/bulk/,8.85,34,0,
2026-05-16T15:32:24.222956,GET,/api/articles/list/small/,5.14,23002,0,
2026-05-16T15:32:24.231814,GET,/api/articles/list/small/,10.16,23002,0,
2026-05-16T15:32:24.246263,POST,/api/articles/analyze/,5.17,58,0,
2026-05-16T15:32:24.252576,GET,/api/articles/list/large/,43.38,471824,0,
2026-05-16T15:32:24.257392,POST,/api/articles/bulk/,10.64,34,0,
2026-05-16T15:32:24.261566,GET,/api/articles/list/large/,48.75,471824,0,
2026-05-16T15:32:24.270108,GET,/api/articles/list/large/,46.06,471824,0,
2026-05-16T15:32:24.270654,GET,/api/articles/list/small/,12.73,23002,0,
2026-05-16T15:32:24.274397,POST,/api/articles/bulk/,12.4,34,0,
2026-05-16T15:32:24.279770,GET,/api/articles/list/large/,44.54,471824,0,
2026-05-16T15:32:24.280278,POST,/api/articles/analyze/,3.89,58,0,
2026-05-16T15:32:24.281601,GET,/api/articles/list/small/,5.89,23002,0,
2026-05-16T15:32:24.295262,POST,/api/articles/bulk/,10.43,34,0,
2026-05-16T15:32:24.300350,POST,/api/articles/bulk/,8.57,34,0,
2026-05-16T15:32:24.305006,GET,/api/articles/list/large/,40.55,471824,0,
2026-05-16T15:32:24.341070,POST,/api/articles/bulk/,10.99,34,0,
2026-05-16T15:32:24.345631,GET,/api/articles/list/small/,8.05,23002,0,
2026-05-16T15:32:24.359701,GET,/api/articles/list/large/,45.25,471824,0,
2026-05-16T15:32:24.370572,GET,/api/articles/list/large/,44.34,471824,0,
2026-05-16T15:32:24.384569,POST,/api/articles/bulk/,10.54,34,0,
2026-05-16T15:32:24.385051,POST,/api/articles/bulk/,9.08,34,0,
2026-05-16T15:32:24.390735,GET,/api/articles/list/large/,46.22,471824,0,
2026-05-16T15:32:24.399008,GET,/api/articles/list/large/,37.67,471824,0,
2026-05-16T15:32:24.400720,GET,/api/articles/list/small/,4.73,23002,0,
2026-05-16T15:32:24.403671,GET,/api/articles/list/large/,37.49,471824,0,
2026-05-16T15:32:24.426467,POST,/api/articles/analyze/,4.36,58,0,
2026-05-16T15:32:24.430650,POST,/api/articles/bulk/,7.83,34,0,
2026-05-16T15:32:24.431147,POST,/api/articles/bulk/,10.17,34,0,
2026-05-16T15:32:24.483845,GET,/api/articles/list/large/,36.04,471824,0,
2026-05-16T15:32:24.489064,POST,/api/articles/analyze/,7.18,58,0,
2026-05-16T15:32:24.491600,GET,/api/articles/list/small/,7.59,23002,0,
2026-05-16T15:32:24.498310,GET,/api/articles/list/large/,36.24,471824,0,
2026-05-16T15:32:24.499654,GET,/api/articles/list/large/,38.14,471824,0,
2026-05-16T15:32:24.509543,GET,/api/articles/list/small/,6.5,23002,0,
2026-05-16T15:32:24.516120,POST,/api/articles/analyze/,3.33,58,0,
2026-05-16T15:32:24.516925,POST,/api/articles/analyze/,2.59,58,0,
2026-05-16T15:32:24.524571,GET,/api/articles/list/small/,7.25,23002,0,
2026-05-16T15:32:24.530796,POST,/api/articles/bulk/,7.76,34,0,
2026-05-16T15:32:24.539312,GET,/api/articles/list/small/,6.25,23002,0,
2026-05-16T15:32:24.545555,POST,/api/articles/analyze/,2.99,58,0,
2026-05-16T15:32:24.559414,POST,/api/articles/bulk/,9.62,34,0,
2026-05-16T15:32:24.571962,GET,/api/articles/list/small/,8.11,23002,0,
2026-05-16T15:32:24.579035,GET,/api/articles/list/large/,44.54,471824,0,
2026-05-16T15:32:24.588554,GET,/api/articles/list/small/,7.26,23002,0,
2026-05-16T15:32:24.611260,GET,/api/articles/list/small/,14.11,23002,0,
2026-05-16T15:32:24.611686,POST,/api/articles/analyze/,11.75,58,0,
2026-05-16T15:32:24.612169,GET,/api/articles/list/small/,16.33,23002,0,
2026-05-16T15:32:24.613492,POST,/api/articles/analyze/,10.44,58,0,
2026-05-16T15:32:24.614996,POST,/api/articles/bulk/,18.62,34,0,
2026-05-16T15:32:24.615983,POST,/api/articles/bulk/,18.23,34,0,
2026-05-16T15:32:24.621642,GET,/api/articles/list/large/,47.43,471824,0,
2026-05-16T15:32:24.622370,POST,/api/articles/bulk/,16.29,34,0,
2026-05-16T15:32:24.623081,GET,/api/articles/list/small/,9.43,23002,0,
2026-05-16T15:32:24.639251,POST,/api/articles/bulk/,12.96,34,0,
2026-05-16T15:32:24.643689,POST,/api/articles/bulk/,11.12,34,0,
2026-05-16T15:32:24.644289,GET,/api/articles/list/small/,4.84,23002,0,
2026-05-16T15:32:24.660944,GET,/api/articles/list/small/,4.66,23002,0,
2026-05-16T15:32:24.661392,GET,/api/articles/list/small/,5.7,23002,0,
2026-05-16T15:32:24.679957,POST,/api/articles/bulk/,8.3,34,0,
2026-05-16T15:32:24.686419,POST,/api/articles/analyze/,9.75,58,0,
2026-05-16T15:32:24.691048,POST,/api/articles/bulk/,12.57,34,0,
2026-05-16T15:32:24.719531,POST,/api/articles/analyze/,5.29,58,0,
2026-05-16T15:32:24.748139,GET,/api/articles/list/large/,38.65,471824,0,
2026-05-16T15:32:24.770991,POST,/api/articles/analyze/,7.06,58,0,
2026-05-16T15:32:24.771505,GET,/api/articles/list/small/,9.04,23002,0,
2026-05-16T15:32:24.777539,POST,/api/articles/bulk/,8.95,34,0,
2026-05-16T15:32:24.800130,POST,/api/articles/analyze/,4.26,58,0,
2026-05-16T15:32:24.809090,POST,/api/articles/bulk/,7.72,34,0,
2026-05-16T15:32:24.813767,POST,/api/articles/bulk/,8.58,34,0,
2026-05-16T15:32:24.822333,GET,/api/articles/list/large/,36.4,471824,0,
2026-05-16T15:32:24.852341,GET,/api/articles/list/small/,5.21,23002,0,
2026-05-16T15:32:24.854907,POST,/api/articles/bulk/,8.9,34,0,
2026-05-16T15:32:24.878888,GET,/api/articles/list/small/,4.66,23002,0,
2026-05-16T15:32:24.879690,POST,/api/articles/analyze/,2.81,58,0,
2026-05-16T15:32:24.890426,POST,/api/articles/bulk/,7.43,34,0,
2026-05-16T15:32:24.893194,GET,/api/articles/list/small/,5.15,23002,0,
2026-05-16T15:32:24.893932,GET,/api/articles/list/small/,5.32,23002,0,
2026-05-16T15:32:24.896883,POST,/api/articles/bulk/,10.19,34,0,
2026-05-16T15:32:24.904246,POST,/api/articles/bulk/,9.04,34,0,
2026-05-16T15:32:24.916062,GET,/api/articles/list/small/,6.48,23002,0,
2026-05-16T15:32:24.919613,GET,/api/articles/list/large/,37.58,471824,0,
2026-05-16T15:32:24.940606,GET,/api/articles/list/small/,6.6,23002,0,
2026-05-16T15:32:24.959643,POST,/api/articles/analyze/,6.57,58,0,
2026-05-16T15:32:24.968399,POST,/api/articles/bulk/,8.3,34,0,
2026-05-16T15:32:24.968825,POST,/api/articles/analyze/,2.77,58,0,
2026-05-16T15:32:24.986438,POST,/api/articles/analyze/,2.83,58,0,
2026-05-16T15:32:24.997496,POST,/api/articles/analyze/,2.81,58,0,
2026-05-16T15:32:25.004650,GET,/api/articles/list/large/,33.65,471824,0,
2026-05-16T15:32:25.013342,GET,/api/articles/list/small/,4.26,23002,0,
2026-05-16T15:32:25.021831,POST,/api/articles/analyze/,3.14,58,0,
2026-05-16T15:32:25.022243,POST,/api/articles/analyze/,3.04,58,0,
2026-05-16T15:32:25.039428,GET,/api/articles/list/small/,4.45,23002,0,
2026-05-16T15:32:25.046280,GET,/api/articles/list/small/,4.61,23002,0,
2026-05-16T15:32:25.059256,POST,/api/articles/analyze/,4.13,58,0,
2026-05-16T15:32:25.060513,GET,/api/articles/list/large/,34.92,471824,0,
2026-05-16T15:32:25.062987,POST,/api/articles/bulk/,9.42,34,0,
2026-05-16T15:32:25.066699,POST,/api/articles/analyze/,3.54,58,0,
2026-05-16T15:32:25.067250,POST,/api/articles/bulk/,9.45,34,0,
2026-05-16T15:32:25.070572,POST,/api/articles/bulk/,8.82,34,0,
2026-05-16T15:32:25.071565,GET,/api/articles/list/small/,5.83,23002,0,
2026-05-16T15:32:25.090200,POST,/api/articles/bulk/,8.43,34,0,
2026-05-16T15:32:25.101962,POST,/api/articles/analyze/,2.73,58,0,
2026-05-16T15:32:25.102906,GET,/api/articles/list/large/,35.03,471824,0,
2026-05-16T15:32:25.104170,POST,/api/articles/bulk/,8.73,34,0,
2026-05-16T15:32:25.104562,POST,/api/articles/bulk/,7.74,34,0,
2026-05-16T15:32:25.119045,POST,/api/articles/analyze/,3.77,58,0,
2026-05-16T15:32:25.120717,GET,/api/articles/list/small/,5.01,23002,0,
2026-05-16T15:32:25.131391,GET,/api/articles/list/large/,33.52,471824,0,
2026-05-16T15:32:25.137239,POST,/api/articles/analyze/,2.65,58,0,
2026-05-16T15:32:25.149464,GET,/api/articles/list/large/,34.73,471824,0,
2026-05-16T15:32:25.186400,GET,/api/articles/list/large/,34.55,471824,0,
2026-05-16T15:32:25.187082,GET,/api/articles/list/small/,5.84,23002,0,
2026-05-16T15:32:25.189483,POST,/api/articles/bulk/,9.08,34,0,
2026-05-16T15:32:25.193794,POST,/api/articles/bulk/,9.65,34,0,
2026-05-16T15:32:25.249602,GET,/api/articles/list/large/,34.5,471824,0,
2026-05-16T15:32:25.261308,GET,/api/articles/list/small/,4.29,23002,0,
2026-05-16T15:32:25.282152,GET,/api/articles/list/small/,5.59,23002,0,
2026-05-16T15:32:25.284383,POST,/api/articles/bulk/,7.31,34,0,
2026-05-16T15:32:25.306009,GET,/api/articles/list/small/,4.43,23002,0,
2026-05-16T15:32:25.325009,GET,/api/articles/list/small/,4.56,23002,0,
2026-05-16T15:32:25.359121,POST,/api/articles/analyze/,2.87,58,0,
2026-05-16T15:32:25.368846,POST,/api/articles/bulk/,7.36,34,0,
2026-05-16T15:32:25.375158,GET,/api/articles/list/small/,4.61,23002,0,
2026-05-16T15:32:25.375564,POST,/api/articles/bulk/,8.22,34,0,
2026-05-16T15:32:25.387647,GET,/api/articles/list/small/,4.5,23002,0,
2026-05-16T15:32:25.396043,POST,/api/articles/analyze/,3.06,58,0,
2026-05-16T15:32:25.397401,GET,/api/articles/list/small/,5.5,23002,0,
2026-05-16T15:32:25.398134,GET,/api/articles/list/small/,4.72,23002,0,
2026-05-16T15:32:25.400013,POST,/api/articles/analyze/,3.84,58,0,
2026-05-16T15:32:25.408504,GET,/api/articles/list/large/,34.47,471824,0,
2026-05-16T15:32:25.442290,POST,/api/articles/bulk/,9.48,34,0,
2026-05-16T15:32:25.464440,GET,/api/articles/list/small/,12.38,23002,0,
2026-05-16T15:32:25.471884,POST,/api/articles/bulk/,9.09,34,0,
2026-05-16T15:32:25.498677,GET,/api/articles/list/small/,5.26,23002,0,
2026-05-16T15:32:25.507663,GET,/api/articles/list/large/,35.63,471824,0,
2026-05-16T15:32:25.517872,POST,/api/articles/bulk/,9.97,34,0,
2026-05-16T15:32:25.522180,GET,/api/articles/list/large/,37.95,471824,0,
2026-05-16T15:32:25.522796,GET,/api/articles/list/small/,6.49,23002,0,
2026-05-16T15:32:25.524049,GET,/api/articles/list/large/,40.53,471824,0,
2026-05-16T15:32:25.537509,GET,/api/articles/list/large/,38.53,471824,0,
2026-05-16T15:32:25.541202,POST,/api/articles/bulk/,9.04,34,0,
2026-05-16T15:32:25.547409,POST,/api/articles/bulk/,8.61,34,0,
2026-05-16T15:32:25.549251,GET,/api/articles/list/small/,6.78,23002,0,
2026-05-16T15:32:25.559232,GET,/api/articles/list/small/,4.73,23002,0,
2026-05-16T15:32:25.563607,GET,/api/articles/list/large/,37.28,471824,0,
2026-05-16T15:32:25.591309,GET,/api/articles/list/small/,4.69,23002,0,
2026-05-16T15:32:25.597622,GET,/api/articles/list/small/,5.1,23002,0,
2026-05-16T15:32:25.610900,GET,/api/articles/list/large/,36.04,471824,0,
2026-05-16T15:32:25.634698,GET,/api/articles/list/large/,39.68,471824,0,
2026-05-16T15:32:25.640484,POST,/api/articles/analyze/,3.54,58,0,
2026-05-16T15:32:25.658154,POST,/api/articles/analyze/,3.33,58,0,
2026-05-16T15:32:25.660248,GET,/api/articles/list/small/,4.64,23002,0,
2026-05-16T15:32:25.668181,POST,/api/articles/analyze/,3.7,58,0,
2026-05-16T15:32:25.673405,POST,/api/articles/bulk/,7.44,34,0,
2026-05-16T15:32:25.683828,GET,/api/articles/list/large/,37.88,471824,0,
2026-05-16T15:32:25.712825,GET,/api/articles/list/small/,17.09,23002,0,
2026-05-16T15:32:25.713556,POST,/api/articles/analyze/,13.52,58,0,
2026-05-16T15:32:25.716115,GET,/api/articles/list/small/,13.67,23002,0,
2026-05-16T15:32:25.718248,POST,/api/articles/analyze/,3.03,58,0,
2026-05-16T15:32:25.741490,GET,/api/articles/list/large/,46.34,471824,0,
2026-05-16T15:32:25.750826,GET,/api/articles/list/large/,39.75,471824,0,
2026-05-16T15:32:25.762240,GET,/api/articles/list/large/,34.72,471824,0,
2026-05-16T15:32:25.768612,POST,/api/articles/bulk/,8.26,34,0,
2026-05-16T15:32:25.771152,POST,/api/articles/analyze/,2.42,58,0,
2026-05-16T15:32:25.789246,GET,/api/articles/list/small/,4.26,23002,0,
2026-05-16T15:32:25.792597,GET,/api/articles/list/large/,34.51,471824,0,
2026-05-16T15:32:25.814841,GET,/api/articles/list/large/,33.47,471824,0,
2026-05-16T15:32:25.849269,GET,/api/articles/list/small/,4.44,23002,0,
2026-05-16T15:32:25.854523,GET,/api/articles/list/large/,33.28,471824,0,
2026-05-16T15:32:25.873170,POST,/api/articles/analyze/,2.65,58,0,
2026-05-16T15:32:25.874021,POST,/api/articles/bulk/,8.13,34,0,
2026-05-16T15:32:25.884212,POST,/api/articles/bulk/,7.0,34,0,
2026-05-16T15:32:25.900022,GET,/api/articles/list/large/,33.32,471824,0,
2026-05-16T15:32:25.903993,GET,/api/articles/list/large/,34.41,471824,0,
2026-05-16T15:32:25.930882,POST,/api/articles/analyze/,2.53,58,0,
2026-05-16T15:32:25.931552,POST,/api/articles/bulk/,7.17,34,0,
2026-05-16T15:32:25.936514,POST,/api/articles/analyze/,2.63,58,0,
2026-05-16T15:32:25.940892,GET,/api/articles/list/small/,4.26,23002,0,
2026-05-16T15:32:25.967174,POST,/api/articles/analyze/,5.0,58,0,
2026-05-16T15:32:25.969182,POST,/api/articles/analyze/,4.09,58,0,
2026-05-16T15:32:26.007157,GET,/api/articles/list/large/,41.22,471824,0,
2026-05-16T15:32:26.024554,GET,/api/articles/list/large/,44.08,471824,0,
2026-05-16T15:32:26.038271,POST,/api/articles/analyze/,3.41,58,0,
2026-05-16T15:32:26.079772,POST,/api/articles/analyze/,2.53,58,0,
2026-05-16T15:32:26.081534,POST,/api/articles/bulk/,7.44,34,0,
2026-05-16T15:32:26.090490,GET,/api/articles/list/small/,5.74,23002,0,
2026-05-16T15:32:26.094305,GET,/api/articles/list/large/,52.47,471824,0,
2026-05-16T15:32:26.095017,POST,/api/articles/bulk/,9.0,34,0,
2026-05-16T15:32:26.097479,GET,/api/articles/list/large/,36.98,471824,0,
2026-05-16T15:32:26.098653,GET,/api/articles/list/large/,53.38,471824,0,
2026-05-16T15:32:26.129218,POST,/api/articles/bulk/,7.46,34,0,
2026-05-16T15:32:26.138426,GET,/api/articles/list/large/,38.38,471824,0,
2026-05-16T15:32:26.141087,GET,/api/articles/list/large/,35.44,471824,0,
2026-05-16T15:32:26.153041,GET,/api/articles/list/large/,33.88,471824,0,
2026-05-16T15:32:26.161044,GET,/api/articles/list/large/,35.28,471824,0,
2026-05-16T15:32:26.167257,POST,/api/articles/bulk/,8.21,34,0,
2026-05-16T15:32:26.182972,POST,/api/articles/analyze/,3.29,58,0,
2026-05-16T15:32:26.187893,GET,/api/articles/list/small/,4.79,23002,0,
2026-05-16T15:32:26.199143,GET,/api/articles/list/small/,10.84,23002,0,
2026-05-16T15:32:26.199931,GET,/api/articles/list/small/,5.53,23002,0,
2026-05-16T15:32:26.205738,POST,/api/articles/bulk/,7.83,34,0,
2026-05-16T15:32:26.227697,GET,/api/articles/list/large/,41.02,471824,0,
2026-05-16T15:32:26.229416,POST,/api/articles/bulk/,9.41,34,0,
2026-05-16T15:32:26.231363,POST,/api/articles/bulk/,8.24,34,0,
2026-05-16T15:32:26.231746,POST,/api/articles/analyze/,3.37,58,0,
2026-05-16T15:32:26.232847,GET,/api/articles/list/small/,5.0,23002,0,
2026-05-16T15:32:26.262794,GET,/api/articles/list/small/,4.35,23002,0,
2026-05-16T15:32:26.266763,GET,/api/articles/list/small/,4.84,23002,0,
2026-05-16T15:32:26.276029,GET,/api/articles/list/large/,33.67,471824,0,
2026-05-16T15:32:26.285926,GET,/api/articles/list/large/,34.05,471824,0,
2026-05-16T15:32:26.288552,POST,/api/articles/bulk/,7.26,34,0,
2026-05-16T15:32:26.289344,GET,/api/articles/list/small/,5.08,23002,0,
2026-05-16T15:32:26.298171,POST,/api/articles/bulk/,7.61,34,0,
2026-05-16T15:32:26.314268,POST,/api/articles/analyze/,2.81,58,0,
2026-05-16T15:32:26.333201,GET,/api/articles/list/small/,4.29,23002,0,
2026-05-16T15:32:26.338187,POST,/api/articles/analyze/,2.73,58,0,
2026-05-16T15:32:26.356019,GET,/api/articles/list/small/,4.54,23002,0,
2026-05-16T15:32:26.361963,POST,/api/articles/analyze/,2.64,58,0,
2026-05-16T15:32:26.363619,GET,/api/articles/list/large/,38.13,471824,0,
2026-05-16T15:32:26.382607,POST,/api/articles/analyze/,2.73,58,0,
2026-05-16T15:32:26.388004,GET,/api/articles/list/large/,33.85,471824,0,
2026-05-16T15:32:26.391553,GET,/api/articles/list/small/,5.32,23002,0,
2026-05-16T15:32:26.410129,GET,/api/articles/list/small/,4.23,23002,0,
2026-05-16T15:32:26.416250,POST,/api/articles/analyze/,2.39,58,0,
2026-05-16T15:32:26.420098,POST,/api/articles/bulk/,7.57,34,0,
2026-05-16T15:32:26.428649,GET,/api/articles/list/small/,4.2,23002,0,
2026-05-16T15:32:26.433999,GET,/api/articles/list/small/,4.12,23002,0,
2026-05-16T15:32:26.455638,POST,/api/articles/bulk/,18.01,34,0,
2026-05-16T15:32:26.456262,POST,/api/articles/analyze/,3.51,58,0,
2026-05-16T15:32:26.460206,GET,/api/articles/list/small/,5.88,23002,0,
2026-05-16T15:32:26.462026,POST,/api/articles/analyze/,2.79,58,0,
2026-05-16T15:32:26.482240,POST,/api/articles/analyze/,2.66,58,0,
2026-05-16T15:32:26.483201,GET,/api/articles/list/large/,42.11,471824,0,
2026-05-16T15:32:26.489825,GET,/api/articles/list/small/,4.42,23002,0,
2026-05-16T15:32:26.490680,POST,/api/articles/analyze/,2.85,58,0,
2026-05-16T15:32:26.499598,GET,/api/articles/list/large/,33.4,471824,0,
2026-05-16T15:32:26.547694,POST,/api/articles/bulk/,6.99,34,0,
2026-05-16T15:32:26.565604,POST,/api/articles/bulk/,8.86,34,0,
2026-05-16T15:32:26.569843,GET,/api/articles/list/large/,34.83,471824,0,
2026-05-16T15:32:26.572067,POST,/api/articles/bulk/,7.8,34,0,
2026-05-16T15:32:26.591436,GET,/api/articles/list/large/,33.91,471824,0,
2026-05-16T15:32:26.593100,GET,/api/articles/list/large/,39.14,471824,0,
2026-05-16T15:32:26.599690,POST,/api/articles/analyze/,3.6,58,0,
2026-05-16T15:32:26.603508,POST,/api/articles/bulk/,8.17,34,0,
2026-05-16T15:32:26.614838,GET,/api/articles/list/large/,34.54,471824,0,
2026-05-16T15:32:26.619415,POST,/api/articles/analyze/,2.68,58,0,
2026-05-16T15:32:26.619884,GET,/api/articles/list/small/,6.81,23002,0,
2026-05-16T15:32:26.622279,POST,/api/articles/bulk/,7.15,34,0,
2026-05-16T15:32:26.625445,GET,/api/articles/list/small/,4.29,23002,0,
2026-05-16T15:32:26.640369,GET,/api/articles/list/large/,33.71,471824,0,
2026-05-16T15:32:26.643596,POST,/api/articles/analyze/,3.08,58,0,
2026-05-16T15:32:26.646531,POST,/api/articles/analyze/,2.8,58,0,
2026-05-16T15:32:26.654644,GET,/api/articles/list/large/,34.66,471824,0,
2026-05-16T15:32:26.657225,POST,/api/articles/bulk/,7.37,34,0,
2026-05-16T15:32:26.657663,POST,/api/articles/analyze/,2.37,58,0,
2026-05-16T15:32:26.659959,GET,/api/articles/list/large/,34.4,471824,0,
2026-05-16T15:32:26.660476,GET,/api/articles/list/small/,5.7,23002,0,
2026-05-16T15:32:26.662099,GET,/api/articles/list/large/,35.38,471824,0,
2026-05-16T15:32:26.675371,POST,/api/articles/analyze/,2.82,58,0,
2026-05-16T15:32:26.718819,POST,/api/articles/analyze/,4.12,58,0,
2026-05-16T15:32:26.725823,POST,/api/articles/bulk/,9.95,34,0,
2026-05-16T15:32:26.729320,GET,/api/articles/list/large/,33.67,471824,0,
2026-05-16T15:32:26.736408,GET,/api/articles/list/large/,38.13,471824,0,
2026-05-16T15:32:26.753153,GET,/api/articles/list/large/,35.29,471824,0,
2026-05-16T15:32:26.753845,GET,/api/articles/list/small/,5.18,23002,0,
2026-05-16T15:32:26.757501,GET,/api/articles/list/small/,6.24,23002,0,
2026-05-16T15:32:26.760932,GET,/api/articles/list/large/,38.18,471824,0,
2026-05-16T15:32:26.772737,GET,/api/articles/list/small/,4.39,23002,0,
2026-05-16T15:32:26.790181,POST,/api/articles/analyze/,2.6,58,0,
2026-05-16T15:32:26.802376,GET,/api/articles/list/small/,5.7,23002,0,
2026-05-16T15:32:26.815166,GET,/api/articles/list/large/,34.03,471824,0,
2026-05-16T15:32:26.819854,POST,/api/articles/bulk/,9.32,34,0,
2026-05-16T15:32:26.821231,POST,/api/articles/bulk/,8.04,34,0,
2026-05-16T15:32:26.823343,GET,/api/articles/list/large/,33.04,471824,0,
2026-05-16T15:32:26.831922,POST,/api/articles/analyze/,2.58,58,0,
2026-05-16T15:32:26.836572,POST,/api/articles/bulk/,8.01,34,0,
2026-05-16T15:32:26.845470,GET,/api/articles/list/large/,34.12,471824,0,
2026-05-16T15:32:26.846716,POST,/api/articles/bulk/,7.06,34,0,
2026-05-16T15:32:26.869497,GET,/api/articles/list/large/,36.38,471824,0,
2026-05-16T15:32:26.870684,GET,/api/articles/list/large/,35.25,471824,0,
2026-05-16T15:32:26.877624,GET,/api/articles/list/large/,38.43,471824,0,
2026-05-16T15:32:26.888897,POST,/api/articles/bulk/,7.37,34,0,
2026-05-16T15:32:26.898483,GET,/api/articles/list/small/,4.39,23002,0,
2026-05-16T15:32:26.911388,GET,/api/articles/list/small/,4.21,23002,0,
2026-05-16T15:32:26.916340,GET,/api/articles/list/large/,35.31,471824,0,
2026-05-16T15:32:26.921804,POST,/api/articles/analyze/,2.61,58,0,
2026-05-16T15:32:26.923764,POST,/api/articles/bulk/,7.3,34,0,
2026-05-16T15:32:26.941287,POST,/api/articles/analyze/,4.07,58,0,
2026-05-16T15:32:26.941704,POST,/api/articles/analyze/,6.46,58,0,
2026-05-16T15:32:26.948025,GET,/api/articles/list/large/,43.32,471824,0,
2026-05-16T15:32:26.969609,POST,/api/articles/bulk/,7.2,34,0,
2026-05-16T15:32:26.984908,POST,/api/articles/analyze/,2.61,58,0,
2026-05-16T15:32:26.993257,POST,/api/articles/bulk/,7.12,34,0,
2026-05-16T15:32:26.995718,GET,/api/articles/list/large/,34.33,471824,0,
2026-05-16T15:32:27.003959,GET,/api/articles/list/large/,34.21,471824,0,
2026-05-16T15:32:27.047163,POST,/api/articles/analyze/,2.83,58,0,
2026-05-16T15:32:27.052640,GET,/api/articles/list/small/,4.21,23002,0,
2026-05-16T15:32:27.069082,POST,/api/articles/bulk/,7.05,34,0,
2026-05-16T15:32:27.072431,GET,/api/articles/list/small/,4.55,23002,0,
2026-05-16T15:32:27.078883,GET,/api/articles/list/small/,4.11,23002,0,
2026-05-16T15:32:27.084441,POST,/api/articles/analyze/,2.79,58,0,
2026-05-16T15:32:27.115011,GET,/api/articles/list/large/,33.8,471824,0,
2026-05-16T15:32:27.120072,POST,/api/articles/analyze/,2.72,58,0,
2026-05-16T15:32:27.139296,GET,/api/articles/list/small/,4.28,23002,0,
2026-05-16T15:32:27.155153,GET,/api/articles/list/small/,6.62,23002,0,
2026-05-16T15:32:27.168564,GET,/api/articles/list/large/,36.13,471824,0,
2026-05-16T15:32:27.201534,POST,/api/articles/analyze/,2.85,58,0,
2026-05-16T15:32:27.202912,GET,/api/articles/list/small/,4.71,23002,0,
2026-05-16T15:32:27.206590,POST,/api/articles/bulk/,9.47,34,0,
2026-05-16T15:32:27.243452,GET,/api/articles/list/small/,4.53,23002,0,
2026-05-16T15:32:27.248806,GET,/api/articles/list/small/,4.17,23002,0,
2026-05-16T15:32:27.259255,POST,/api/articles/analyze/,2.62,58,0,
2026-05-16T15:32:27.284282,GET,/api/articles/list/large/,33.09,471824,0,
2026-05-16T15:32:27.292404,POST,/api/articles/analyze/,4.73,58,0,
2026-05-16T15:32:27.298599,POST,/api/articles/bulk/,8.72,34,0,
2026-05-16T15:32:27.299554,POST,/api/articles/analyze/,3.27,58,0,
2026-05-16T15:32:27.304300,POST,/api/articles/analyze/,2.55,58,0,
2026-05-16T15:32:27.330799,GET,/api/articles/list/large/,33.24,471824,0,
2026-05-16T15:32:27.331351,GET,/api/articles/list/small/,4.51,23002,0,
2026-05-16T15:32:27.338775,GET,/api/articles/list/small/,4.24,23002,0,
2026-05-16T15:32:27.339895,GET,/api/articles/list/large/,33.4,471824,0,
2026-05-16T15:32:27.357359,POST,/api/articles/analyze/,2.76,58,0,
2026-05-16T15:32:27.359224,GET,/api/articles/list/small/,5.16,23002,0,
2026-05-16T15:32:27.365922,POST,/api/articles/analyze/,2.53,58,0,
2026-05-16T15:32:27.396759,GET,/api/articles/list/large/,34.35,471824,0,
2026-05-16T15:32:27.402306,GET,/api/articles/list/small/,4.24,23002,0,
2026-05-16T15:32:27.418232,POST,/api/articles/analyze/,2.62,58,0,
2026-05-16T15:32:27.418657,POST,/api/articles/bulk/,6.98,34,0,
2026-05-16T15:32:27.429853,POST,/api/articles/bulk/,8.04,34,0,
2026-05-16T15:32:27.430301,POST,/api/articles/bulk/,7.18,34,0,
2026-05-16T15:32:27.450782,GET,/api/articles/list/small/,6.03,23002,0,
2026-05-16T15:32:27.470875,GET,/api/articles/list/small/,4.33,23002,0,
2026-05-16T15:32:27.477645,GET,/api/articles/list/large/,40.7,471824,0,
2026-05-16T15:32:27.490641,GET,/api/articles/list/large/,33.59,471824,0,
2026-05-16T15:32:27.496420,GET,/api/articles/list/small/,4.49,23002,0,
2026-05-16T15:32:27.505690,POST,/api/articles/bulk/,7.06,34,0,
2026-05-16T15:32:27.518220,GET,/api/articles/list/large/,34.27,471824,0,
2026-05-16T15:32:27.527306,POST,/api/articles/analyze/,2.7,58,0,
2026-05-16T15:32:27.535432,POST,/api/articles/bulk/,6.77,34,0,
2026-05-16T15:32:27.545396,POST,/api/articles/analyze/,2.77,58,0,
2026-05-16T15:32:27.557750,POST,/api/articles/bulk/,7.03,34,0,
2026-05-16T15:32:27.562383,POST,/api/articles/analyze/,2.45,58,0,
2026-05-16T15:32:27.579628,POST,/api/articles/bulk/,7.88,34,0,
2026-05-16T15:32:27.602227,POST,/api/articles/analyze/,2.73,58,0,
2026-05-16T15:32:27.617178,GET,/api/articles/list/small/,4.3,23002,0,
2026-05-16T15:32:27.619149,GET,/api/articles/list/large/,33.15,471824,0,
2026-05-16T15:32:27.620999,GET,/api/articles/list/small/,4.73,23002,0,
2026-05-16T15:32:27.638439,GET,/api/articles/list/large/,32.98,471824,0,
2026-05-16T15:32:27.652009,GET,/api/articles/list/small/,4.49,23002,0,
2026-05-16T15:32:27.654746,POST,/api/articles/bulk/,8.08,34,0,
2026-05-16T15:32:27.661981,GET,/api/articles/list/large/,33.77,471824,0,
2026-05-16T15:32:27.669096,POST,/api/articles/analyze/,2.77,58,0,
2026-05-16T15:32:27.691401,POST,/api/articles/bulk/,9.24,34,0,
2026-05-16T15:32:27.702864,POST,/api/articles/bulk/,7.21,34,0,
2026-05-16T15:32:27.712542,GET,/api/articles/list/large/,38.16,471824,0,
2026-05-16T15:32:27.717120,POST,/api/articles/bulk/,7.26,34,0,
2026-05-16T15:32:27.720261,GET,/api/articles/list/large/,33.22,471824,0,
2026-05-16T15:32:27.750338,GET,/api/articles/list/large/,42.16,471824,0,
2026-05-16T15:32:27.751513,GET,/api/articles/list/large/,38.62,471824,0,
2026-05-16T15:32:27.753278,POST,/api/articles/analyze/,4.85,58,0,
2026-05-16T15:32:27.760953,GET,/api/articles/list/small/,4.29,23002,0,
2026-05-16T15:32:27.776863,POST,/api/articles/analyze/,2.54,58,0,
2026-05-16T15:32:27.797741,POST,/api/articles/analyze/,2.85,58,0,
2026-05-16T15:32:27.798341,POST,/api/articles/bulk/,7.21,34,0,
2026-05-16T15:32:27.801613,POST,/api/articles/bulk/,7.65,34,0,
2026-05-16T15:32:27.803124,POST,/api/articles/analyze/,2.55,58,0,
2026-05-16T15:32:27.807617,POST,/api/articles/analyze/,2.67,58,0,
2026-05-16T15:32:27.808032,POST,/api/articles/analyze/,3.56,58,0,
2026-05-16T15:32:27.821637,POST,/api/articles/analyze/,2.48,58,0,
2026-05-16T15:32:27.826522,POST,/api/articles/analyze/,2.49,58,0,
2026-05-16T15:32:27.838985,GET,/api/articles/list/small/,4.16,23002,0,
2026-05-16T15:32:27.863895,GET,/api/articles/list/small/,4.37,23002,0,
2026-05-16T15:32:27.875674,GET,/api/articles/list/small/,4.54,23002,0,
2026-05-16T15:32:27.877401,POST,/api/articles/analyze/,2.73,58,0,
2026-05-16T15:32:27.918118,GET,/api/articles/list/large/,33.37,471824,0,
2026-05-16T15:32:27.925976,POST,/api/articles/analyze/,2.6,58,0,
2026-05-16T15:32:27.943967,GET,/api/articles/list/small/,8.59,23002,0,
2026-05-16T15:32:27.949247,POST,/api/articles/bulk/,7.98,34,0,
2026-05-16T15:32:27.952226,GET,/api/articles/list/large/,40.99,471824,0,
2026-05-16T15:32:27.966451,POST,/api/articles/bulk/,7.84,34,0,
2026-05-16T15:32:27.984296,POST,/api/articles/bulk/,7.45,34,0,
2026-05-16T15:32:27.985850,POST,/api/articles/analyze/,2.91,58,0,
2026-05-16T15:32:27.999995,POST,/api/articles/analyze/,2.8,58,0,
2026-05-16T15:32:28.016878,GET,/api/articles/list/small/,4.47,23002,0,
2026-05-16T15:32:28.019050,POST,/api/articles/analyze/,3.1,58,0,
2026-05-16T15:32:28.021568,POST,/api/articles/analyze/,2.41,58,0,
2026-05-16T15:32:28.040552,POST,/api/articles/analyze/,2.72,58,0,
2026-05-16T15:32:28.091688,POST,/api/articles/analyze/,6.99,58,0,
2026-05-16T15:32:28.095807,POST,/api/articles/bulk/,10.16,34,0,
2026-05-16T15:32:28.104729,POST,/api/articles/analyze/,3.09,58,0,
2026-05-16T15:32:28.113537,POST,/api/articles/bulk/,7.57,34,0,
2026-05-16T15:32:28.119736,GET,/api/articles/list/large/,39.65,471824,0,
2026-05-16T15:32:28.136223,GET,/api/articles/list/large/,35.12,471824,0,
2026-05-16T15:32:28.139476,POST,/api/articles/analyze/,3.06,58,0,
2026-05-16T15:32:28.143193,POST,/api/articles/bulk/,9.19,34,0,
2026-05-16T15:32:28.144404,GET,/api/articles/list/large/,34.68,471824,0,
2026-05-16T15:32:28.171251,POST,/api/articles/analyze/,4.19,58,0,
2026-05-16T15:32:28.171849,POST,/api/articles/analyze/,6.23,58,0,
2026-05-16T15:32:28.172398,POST,/api/articles/analyze/,6.23,58,0,
2026-05-16T15:32:28.175475,POST,/api/articles/bulk/,11.9,34,0,
2026-05-16T15:32:28.196324,GET,/api/articles/list/large/,48.5,471824,0,
2026-05-16T15:32:28.203802,GET,/api/articles/list/large/,52.4,471824,0,
2026-05-16T15:32:28.207458,GET,/api/articles/list/small/,9.02,23002,0,
2026-05-16T15:32:28.209300,POST,/api/articles/bulk/,11.67,34,0,
2026-05-16T15:32:28.216619,GET,/api/articles/list/large/,58.8,471824,0,
2026-05-16T15:32:28.225286,GET,/api/articles/list/large/,55.02,471824,0,
2026-05-16T15:32:28.227363,POST,/api/articles/analyze/,3.93,58,0,
2026-05-16T15:32:28.236339,POST,/api/articles/analyze/,2.98,58,0,
2026-05-16T15:32:28.238097,GET,/api/articles/list/large/,46.46,471824,0,
2026-05-16T15:32:28.240526,POST,/api/articles/bulk/,7.95,34,0,
2026-05-16T15:32:28.249780,GET,/api/articles/list/large/,35.25,471824,0,
2026-05-16T15:32:28.272034,GET,/api/articles/list/large/,33.8,471824,0,
2026-05-16T15:32:28.276863,GET,/api/articles/list/small/,4.68,23002,0,
2026-05-16T15:32:28.288568,POST,/api/articles/analyze/,3.4,58,0,
2026-05-16T15:32:28.290891,GET,/api/articles/list/small/,4.28,23002,0,
2026-05-16T15:32:28.305996,GET,/api/articles/list/large/,38.75,471824,0,
2026-05-16T15:32:28.312248,POST,/api/articles/bulk/,8.44,34,0,
2026-05-16T15:32:28.346282,GET,/api/articles/list/small/,4.65,23002,0,
2026-05-16T15:32:28.350502,POST,/api/articles/analyze/,2.98,58,0,
2026-05-16T15:32:28.367615,POST,/api/articles/analyze/,2.88,58,0,
2026-05-16T15:32:28.374112,GET,/api/articles/list/small/,5.15,23002,0,
2026-05-16T15:32:28.378959,GET,/api/articles/list/small/,5.97,23002,0,
2026-05-16T15:32:28.381854,POST,/api/articles/bulk/,7.57,34,0,
2026-05-16T15:32:28.396222,POST,/api/articles/analyze/,2.93,58,0,
2026-05-16T15:32:28.400710,GET,/api/articles/list/small/,4.36,23002,0,
2026-05-16T15:32:28.410861,GET,/api/articles/list/small/,4.91,23002,0,
2026-05-16T15:32:28.413550,GET,/api/articles/list/small/,4.89,23002,0,
2026-05-16T15:32:28.437878,POST,/api/articles/bulk/,15.09,34,0,
2026-05-16T15:32:28.440416,POST,/api/articles/bulk/,10.72,34,0,
2026-05-16T15:32:28.445319,POST,/api/articles/bulk/,8.77,34,0,
2026-05-16T15:32:28.446870,POST,/api/articles/bulk/,8.02,34,0,
2026-05-16T15:32:28.464964,GET,/api/articles/list/small/,4.64,23002,0,
2026-05-16T15:32:28.472227,POST,/api/articles/analyze/,3.05,58,0,
2026-05-16T15:32:28.535459,POST,/api/articles/bulk/,7.94,34,0,
2026-05-16T15:32:28.562458,POST,/api/articles/bulk/,8.65,34,0,
2026-05-16T15:32:28.567332,POST,/api/articles/analyze/,3.61,58,0,
2026-05-16T15:32:28.567781,POST,/api/articles/analyze/,3.51,58,0,
2026-05-16T15:32:28.590795,GET,/api/articles/list/small/,4.91,23002,0,
2026-05-16T15:32:28.594354,POST,/api/articles/bulk/,9.31,34,0,
2026-05-16T15:32:28.608608,POST,/api/articles/analyze/,3.0,58,0,
2026-05-16T15:32:28.612671,POST,/api/articles/bulk/,9.03,34,0,
2026-05-16T15:32:28.626480,POST,/api/articles/analyze/,3.18,58,0,
2026-05-16T15:32:28.628762,GET,/api/articles/list/small/,7.14,23002,0,
2026-05-16T15:32:28.629266,GET,/api/articles/list/small/,8.29,23002,0,
2026-05-16T15:32:28.638132,POST,/api/articles/bulk/,7.61,34,0,
2026-05-16T15:32:28.639254,GET,/api/articles/list/small/,4.74,23002,0,
2026-05-16T15:32:28.648580,POST,/api/articles/analyze/,3.03,58,0,
2026-05-16T15:32:28.675482,POST,/api/articles/bulk/,10.24,34,0,
2026-05-16T15:32:28.701922,POST,/api/articles/analyze/,2.86,58,0,
2026-05-16T15:32:28.737958,GET,/api/articles/list/small/,5.64,23002,0,
2026-05-16T15:32:28.738562,GET,/api/articles/list/small/,5.83,23002,0,
2026-05-16T15:32:28.753781,GET,/api/articles/list/large/,34.61,471824,0,
2026-05-16T15:32:28.754335,POST,/api/articles/analyze/,4.08,58,0,
2026-05-16T15:32:28.755916,POST,/api/articles/analyze/,4.19,58,0,
2026-05-16T15:32:28.766990,GET,/api/articles/list/large/,35.19,471824,0,
2026-05-16T15:32:28.771450,GET,/api/articles/list/large/,34.51,471824,0,
2026-05-16T15:32:28.787680,GET,/api/articles/list/large/,35.28,471824,0,
2026-05-16T15:32:28.813711,POST,/api/articles/bulk/,7.26,34,0,
2026-05-16T15:32:28.822520,POST,/api/articles/analyze/,2.58,58,0,
2026-05-16T15:32:28.827726,GET,/api/articles/list/large/,33.75,471824,0,
2026-05-16T15:32:28.829358,POST,/api/articles/analyze/,3.44,58,0,
2026-05-16T15:32:28.874648,POST,/api/articles/bulk/,7.18,34,0,
2026-05-16T15:32:28.888116,POST,/api/articles/bulk/,7.25,34,0,
2026-05-16T15:32:28.894267,GET,/api/articles/list/large/,33.28,471824,0,
2026-05-16T15:32:28.915984,POST,/api/articles/analyze/,3.33,58,0,
2026-05-16T15:32:28.928683,POST,/api/articles/bulk/,12.58,34,0,
2026-05-16T15:32:28.930248,POST,/api/articles/analyze/,3.19,58,0,
2026-05-16T15:32:28.949971,GET,/api/articles/list/small/,4.51,23002,0,
2026-05-16T15:32:28.951666,GET,/api/articles/list/large/,37.57,471824,0,
2026-05-16T15:32:28.962377,GET,/api/articles/list/small/,4.34,23002,0,
2026-05-16T15:32:28.980369,POST,/api/articles/analyze/,2.55,58,0,
2026-05-16T15:32:28.981612,GET,/api/articles/list/small/,4.87,23002,0,
2026-05-16T15:32:29.024259,POST,/api/articles/analyze/,3.47,58,0,
2026-05-16T15:32:29.025615,GET,/api/articles/list/small/,4.29,23002,0,
2026-05-16T15:32:29.035923,POST,/api/articles/bulk/,6.98,34,0,
2026-05-16T15:32:29.048655,GET,/api/articles/list/small/,4.36,23002,0,
2026-05-16T15:32:29.058553,POST,/api/articles/bulk/,7.54,34,0,
2026-05-16T15:32:29.060042,GET,/api/articles/list/small/,4.23,23002,0,
2026-05-16T15:32:29.066914,POST,/api/articles/analyze/,2.52,58,0,
2026-05-16T15:32:29.089434,POST,/api/articles/bulk/,7.25,34,0,
2026-05-16T15:32:29.104908,GET,/api/articles/list/small/,4.29,23002,0,
2026-05-16T15:32:29.111911,POST,/api/articles/bulk/,6.89,34,0,
2026-05-16T15:32:29.151507,GET,/api/articles/list/small/,6.49,23002,0,
2026-05-16T15:32:29.152800,POST,/api/articles/bulk/,8.62,34,0,
2026-05-16T15:32:29.161913,POST,/api/articles/analyze/,3.02,58,0,
2026-05-16T15:32:29.162324,POST,/api/articles/analyze/,4.31,58,0,
2026-05-16T15:32:29.163145,GET,/api/articles/list/small/,4.65,23002,0,
2026-05-16T15:32:29.174511,POST,/api/articles/analyze/,8.78,58,0,
2026-05-16T15:32:29.175516,POST,/api/articles/analyze/,6.03,58,0,
2026-05-16T15:32:29.180655,POST,/api/articles/bulk/,7.68,34,0,
2026-05-16T15:32:29.184775,POST,/api/articles/bulk/,7.1,34,0,
2026-05-16T15:32:29.190338,GET,/api/articles/list/large/,41.4,471824,0,
2026-05-16T15:32:29.202412,POST,/api/articles/analyze/,2.65,58,0,
2026-05-16T15:32:29.205114,POST,/api/articles/analyze/,2.59,58,0,
2026-05-16T15:32:29.207630,GET,/api/articles/list/small/,4.53,23002,0,
2026-05-16T15:32:29.209734,POST,/api/articles/analyze/,2.96,58,0,
2026-05-16T15:32:29.243845,GET,/api/articles/list/large/,33.94,471824,0,
2026-05-16T15:32:29.252625,GET,/api/articles/list/small/,5.56,23002,0,
2026-05-16T15:32:29.254718,GET,/api/articles/list/large/,34.36,471824,0,
2026-05-16T15:32:29.255677,POST,/api/articles/bulk/,8.15,34,0,
2026-05-16T15:32:29.264222,POST,/api/articles/bulk/,11.47,34,0,
2026-05-16T15:32:29.275495,POST,/api/articles/bulk/,11.15,34,0,
2026-05-16T15:32:29.275915,POST,/api/articles/bulk/,10.83,34,0,
2026-05-16T15:32:29.288984,GET,/api/articles/list/large/,37.32,471824,0,
2026-05-16T15:32:29.290779,GET,/api/articles/list/large/,35.92,471824,0,
2026-05-16T15:32:29.300053,GET,/api/articles/list/large/,33.88,471824,0,
2026-05-16T15:32:29.305046,GET,/api/articles/list/large/,39.27,471824,0,
2026-05-16T15:32:29.305574,POST,/api/articles/analyze/,2.95,58,0,
2026-05-16T15:32:29.310296,GET,/api/articles/list/large/,34.28,471824,0,
2026-05-16T15:32:29.310762,POST,/api/articles/bulk/,9.46,34,0,
2026-05-16T15:32:29.335343,POST,/api/articles/bulk/,7.34,34,0,
2026-05-16T15:32:29.340120,GET,/api/articles/list/large/,33.3,471824,0,
2026-05-16T15:32:29.371111,GET,/api/articles/list/large/,33.55,471824,0,
2026-05-16T15:32:29.380183,POST,/api/articles/analyze/,2.67,58,0,
2026-05-16T15:32:29.385677,GET,/api/articles/list/small/,4.14,23002,0,
2026-05-16T15:32:29.395321,POST,/api/articles/analyze/,3.37,58,0,
2026-05-16T15:32:29.397041,GET,/api/articles/list/small/,4.6,23002,0,
2026-05-16T15:32:29.406584,GET,/api/articles/list/small/,4.32,23002,0,
2026-05-16T15:32:29.427043,POST,/api/articles/bulk/,19.23,34,0,
2026-05-16T15:32:29.427529,GET,/api/articles/list/small/,6.59,23002,0,
2026-05-16T15:32:29.440400,GET,/api/articles/list/large/,44.96,471824,0,
2026-05-16T15:32:29.447696,POST,/api/articles/analyze/,3.7,58,0,
2026-05-16T15:32:29.454455,POST,/api/articles/bulk/,9.95,34,0,
2026-05-16T15:32:29.456005,GET,/api/articles/list/large/,45.29,471824,0,
2026-05-16T15:32:29.458091,POST,/api/articles/analyze/,3.5,58,0,
2026-05-16T15:32:29.462479,POST,/api/articles/bulk/,10.55,34,0,
2026-05-16T15:32:29.473867,GET,/api/articles/list/large/,35.27,471824,0,
2026-05-16T15:32:29.480900,POST,/api/articles/analyze/,2.63,58,0,
2026-05-16T15:32:29.488445,GET,/api/articles/list/small/,4.13,23002,0,
2026-05-16T15:32:29.497295,POST,/api/articles/analyze/,2.61,58,0,
2026-05-16T15:32:29.504845,GET,/api/articles/list/small/,4.24,23002,0,
2026-05-16T15:32:29.508259,POST,/api/articles/analyze/,3.28,58,0,
2026-05-16T15:32:29.514917,POST,/api/articles/analyze/,2.45,58,0,
2026-05-16T15:32:29.538606,GET,/api/articles/list/large/,33.11,471824,0,
2026-05-16T15:32:29.541261,POST,/api/articles/bulk/,8.1,34,0,
2026-05-16T15:32:29.542806,POST,/api/articles/analyze/,2.89,58,0,
2026-05-16T15:32:29.550277,GET,/api/articles/list/small/,4.12,23002,0,
2026-05-16T15:32:29.565880,POST,/api/articles/analyze/,2.41,58,0,
2026-05-16T15:32:29.567252,GET,/api/articles/list/small/,5.01,23002,0,
2026-05-16T15:32:29.569491,POST,/api/articles/bulk/,8.03,34,0,
2026-05-16T15:32:29.581367,POST,/api/articles/analyze/,2.7,58,0,
2026-05-16T15:32:29.586148,GET,/api/articles/list/large/,33.52,471824,0,
2026-05-16T15:32:29.589274,POST,/api/articles/analyze/,2.99,58,0,
2026-05-16T15:32:29.592942,GET,/api/articles/list/large/,33.94,471824,0,
2026-05-16T15:32:29.598799,POST,/api/articles/analyze/,2.53,58,0,
2026-05-16T15:32:29.627366,POST,/api/articles/analyze/,2.67,58,0,
2026-05-16T15:32:29.637622,GET,/api/articles/list/large/,33.39,471824,0,
2026-05-16T15:32:29.641196,GET,/api/articles/list/small/,5.57,23002,0,
2026-05-16T15:32:29.647153,POST,/api/articles/analyze/,2.51,58,0,
2026-05-16T15:32:29.651246,POST,/api/articles/analyze/,2.88,58,0,
2026-05-16T15:32:29.660446,POST,/api/articles/analyze/,5.94,58,0,
2026-05-16T15:32:29.666480,POST,/api/articles/bulk/,12.83,34,0,
2026-05-16T15:32:29.668329,POST,/api/articles/analyze/,5.08,58,0,
2026-05-16T15:32:29.668924,POST,/api/articles/analyze/,3.6,58,0,
2026-05-16T15:32:29.673973,POST,/api/articles/bulk/,9.89,34,0,
2026-05-16T15:32:29.680282,POST,/api/articles/bulk/,7.41,34,0,
2026-05-16T15:32:29.711585,POST,/api/articles/bulk/,7.97,34,0,
2026-05-16T15:32:29.725992,GET,/api/articles/list/small/,4.38,23002,0,
2026-05-16T15:32:29.727853,POST,/api/articles/bulk/,7.85,34,0,
2026-05-16T15:32:29.741712,GET,/api/articles/list/small/,4.47,23002,0,
2026-05-16T15:32:29.751600,POST,/api/articles/analyze/,2.55,58,0,
2026-05-16T15:32:29.754104,POST,/api/articles/analyze/,2.39,58,0,
2026-05-16T15:32:29.763068,POST,/api/articles/bulk/,7.54,34,0,
2026-05-16T15:32:29.772850,POST,/api/articles/analyze/,2.61,58,0,
2026-05-16T15:32:29.789002,POST,/api/articles/analyze/,2.82,58,0,
2026-05-16T15:32:29.806843,POST,/api/articles/analyze/,2.56,58,0,
2026-05-16T15:32:29.845722,POST,/api/articles/bulk/,8.05,34,0,
2026-05-16T15:32:29.847561,POST,/api/articles/analyze/,3.69,58,0,
2026-05-16T15:32:29.849114,GET,/api/articles/list/large/,32.9,471824,0,
2026-05-16T15:32:29.849583,GET,/api/articles/list/small/,4.91,23002,0,
2026-05-16T15:32:29.854498,POST,/api/articles/analyze/,2.75,58,0,
2026-05-16T15:32:29.871798,POST,/api/articles/bulk/,7.56,34,0,
2026-05-16T15:32:29.878532,GET,/api/articles/list/large/,36.8,471824,0,
2026-05-16T15:32:29.887614,POST,/api/articles/analyze/,2.89,58,0,
2026-05-16T15:32:29.889459,GET,/api/articles/list/large/,33.7,471824,0,
2026-05-16T15:32:29.937499,POST,/api/articles/analyze/,2.5,58,0,
2026-05-16T15:32:29.939619,POST,/api/articles/bulk/,7.55,34,0,
2026-05-16T15:32:29.941797,POST,/api/articles/analyze/,3.07,58,0,
2026-05-16T15:32:29.943277,GET,/api/articles/list/large/,37.24,471824,0,
2026-05-16T15:32:29.971291,POST,/api/articles/bulk/,7.15,34,0,
2026-05-16T15:32:29.985746,GET,/api/articles/list/large/,33.22,471824,0,
2026-05-16T15:32:29.991481,GET,/api/articles/list/small/,4.46,23002,0,
2026-05-16T15:32:30.008071,POST,/api/articles/bulk/,7.33,34,0,
2026-05-16T15:32:30.009977,GET,/api/articles/list/small/,4.32,23002,0,
2026-05-16T15:32:30.011477,GET,/api/articles/list/large/,33.96,471824,0,
2026-05-16T15:32:30.027067,POST,/api/articles/analyze/,2.96,58,0,
2026-05-16T15:32:30.031729,POST,/api/articles/bulk/,8.34,34,0,
2026-05-16T15:32:30.059298,GET,/api/articles/list/large/,36.49,471824,0,
2026-05-16T15:32:30.061030,POST,/api/articles/analyze/,3.63,58,0,
2026-05-16T15:32:30.077453,GET,/api/articles/list/large/,33.48,471824,0,
2026-05-16T15:32:30.101735,GET,/api/articles/list/large/,34.27,471824,0,
2026-05-16T15:32:30.107659,POST,/api/articles/bulk/,7.97,34,0,
2026-05-16T15:32:30.108066,POST,/api/articles/analyze/,2.67,58,0,
2026-05-16T15:32:30.140300,POST,/api/articles/analyze/,2.44,58,0,
2026-05-16T15:32:30.151408,GET,/api/articles/list/small/,6.87,23002,0,
2026-05-16T15:32:30.169345,GET,/api/articles/list/large/,41.05,471824,0,
2026-05-16T15:32:30.189083,POST,/api/articles/analyze/,3.54,58,0,
2026-05-16T15:32:30.191854,GET,/api/articles/list/small/,5.22,23002,0,
2026-05-16T15:32:30.195510,GET,/api/articles/list/small/,5.1,23002,0,
2026-05-16T15:32:30.204880,GET,/api/articles/list/large/,34.13,471824,0,
2026-05-16T15:32:30.211344,GET,/api/articles/list/large/,34.95,471824,0,
2026-05-16T15:32:30.229869,POST,/api/articles/analyze/,2.75,58,0,
2026-05-16T15:32:30.231779,GET,/api/articles/list/small/,5.2,23002,0,
2026-05-16T15:32:30.254417,GET,/api/articles/list/large/,33.82,471824,0,
2026-05-16T15:32:30.263974,GET,/api/articles/list/large/,37.84,471824,0,
2026-05-16T15:32:30.275695,GET,/api/articles/list/small/,5.27,23002,0,
2026-05-16T15:32:30.278409,POST,/api/articles/bulk/,7.43,34,0,
2026-05-16T15:32:30.308093,POST,/api/articles/analyze/,2.71,58,0,
2026-05-16T15:32:30.311642,POST,/api/articles/bulk/,8.01,34,0,
2026-05-16T15:32:30.322742,POST,/api/articles/analyze/,2.72,58,0,
2026-05-16T15:32:30.338140,POST,/api/articles/bulk/,8.73,34,0,
2026-05-16T15:32:30.344301,POST,/api/articles/bulk/,7.54,34,0,
2026-05-16T15:32:30.347796,GET,/api/articles/list/small/,5.39,23002,0,
2026-05-16T15:32:30.348300,GET,/api/articles/list/small/,6.41,23002,0,
2026-05-16T15:32:30.352473,GET,/api/articles/list/small/,5.85,23002,0,
2026-05-16T15:32:30.359763,GET,/api/articles/list/large/,34.77,471824,0,
2026-05-16T15:32:30.369610,GET,/api/articles/list/small/,4.62,23002,0,
2026-05-16T15:32:30.373091,POST,/api/articles/analyze/,2.56,58,0,
2026-05-16T15:32:30.388563,GET,/api/articles/list/small/,4.54,23002,0,
2026-05-16T15:32:30.407187,POST,/api/articles/bulk/,8.43,34,0,
2026-05-16T15:32:30.409336,POST,/api/articles/bulk/,11.47,34,0,
2026-05-16T15:32:30.414051,GET,/api/articles/list/large/,45.38,471824,0,
2026-05-16T15:32:30.427614,GET,/api/articles/list/large/,44.26,471824,0,
2026-05-16T15:32:30.450787,GET,/api/articles/list/large/,36.27,471824,0,
2026-05-16T15:32:30.468115,GET,/api/articles/list/large/,35.24,471824,0,
2026-05-16T15:32:30.472169,GET,/api/articles/list/small/,6.05,23002,0,
2026-05-16T15:32:30.485159,POST,/api/articles/analyze/,2.89,58,0,
2026-05-16T15:32:30.492835,POST,/api/articles/bulk/,7.52,34,0,
2026-05-16T15:32:30.505773,GET,/api/articles/list/large/,34.54,471824,0,
2026-05-16T15:32:30.510013,POST,/api/articles/bulk/,7.7,34,0,
2026-05-16T15:32:30.513864,GET,/api/articles/list/small/,4.88,23002,0,
2026-05-16T15:32:30.525576,POST,/api/articles/bulk/,8.45,34,0,
2026-05-16T15:32:30.526933,GET,/api/articles/list/large/,36.68,471824,0,
2026-05-16T15:32:30.529900,GET,/api/articles/list/large/,39.13,471824,0,
2026-05-16T15:32:30.533280,POST,/api/articles/bulk/,8.97,34,0,
2026-05-16T15:32:30.548651,POST,/api/articles/analyze/,3.1,58,0,
2026-05-16T15:32:30.555276,GET,/api/articles/list/small/,4.83,23002,0,
2026-05-16T15:32:30.555757,GET,/api/articles/list/small/,5.86,23002,0,
2026-05-16T15:32:30.571371,POST,/api/articles/bulk/,7.36,34,0,
2026-05-16T15:32:30.576489,POST,/api/articles/bulk/,7.4,34,0,
2026-05-16T15:32:30.578956,GET,/api/articles/list/small/,4.38,23002,0,
2026-05-16T15:32:30.589351,POST,/api/articles/bulk/,7.23,34,0,
2026-05-16T15:32:30.606990,POST,/api/articles/analyze/,3.86,58,0,
2026-05-16T15:32:30.609196,GET,/api/articles/list/small/,6.61,23002,0,
2026-05-16T15:32:30.609646,GET,/api/articles/list/small/,5.07,23002,0,
2026-05-16T15:32:30.613526,POST,/api/articles/analyze/,2.67,58,0,
2026-05-16T15:32:30.614462,POST,/api/articles/bulk/,7.35,34,0,
2026-05-16T15:32:30.642418,GET,/api/articles/list/large/,38.27,471824,0,
2026-05-16T15:32:30.675571,POST,/api/articles/analyze/,13.06,58,0,
2026-05-16T15:32:30.675972,POST,/api/articles/analyze/,8.43,58,0,
2026-05-16T15:32:30.688224,GET,/api/articles/list/small/,5.07,23002,0,
2026-05-16T15:32:30.696126,GET,/api/articles/list/large/,45.5,471824,0,
2026-05-16T15:32:30.705922,GET,/api/articles/list/large/,51.46,471824,0,
2026-05-16T15:32:30.706673,GET,/api/articles/list/large/,55.51,471824,0,
2026-05-16T15:32:30.718949,GET,/api/articles/list/large/,53.09,471824,0,
2026-05-16T15:32:30.721455,POST,/api/articles/bulk/,12.51,34,0,
2026-05-16T15:32:30.721881,POST,/api/articles/bulk/,11.77,34,0,
2026-05-16T15:32:30.724396,POST,/api/articles/analyze/,5.29,58,0,
2026-05-16T15:32:30.726123,GET,/api/articles/list/large/,69.57,471824,0,
2026-05-16T15:32:30.735594,POST,/api/articles/bulk/,7.25,34,0,
2026-05-16T15:32:30.737649,GET,/api/articles/list/large/,36.29,471824,0,
2026-05-16T15:32:30.739324,GET,/api/articles/list/large/,37.44,471824,0,
2026-05-16T15:32:30.739873,GET,/api/articles/list/small/,5.69,23002,0,
2026-05-16T15:32:30.742470,GET,/api/articles/list/large/,49.01,471824,0,
2026-05-16T15:32:30.755650,GET,/api/articles/list/large/,35.46,471824,0,
2026-05-16T15:32:30.791729,POST,/api/articles/analyze/,2.79,58,0,
2026-05-16T15:32:30.808065,POST,/api/articles/analyze/,2.49,58,0,
2026-05-16T15:32:30.814750,POST,/api/articles/analyze/,2.48,58,0,
2026-05-16T15:32:30.832935,GET,/api/articles/list/large/,33.86,471824,0,
2026-05-16T15:32:30.839181,GET,/api/articles/list/large/,34.63,471824,0,
2026-05-16T15:32:30.853750,POST,/api/articles/bulk/,7.27,34,0,
2026-05-16T15:32:30.860737,POST,/api/articles/analyze/,2.77,58,0,
2026-05-16T15:32:30.862672,GET,/api/articles/list/large/,34.69,471824,0,
2026-05-16T15:32:30.869438,GET,/api/articles/list/small/,4.44,23002,0,
2026-05-16T15:32:30.875353,POST,/api/articles/bulk/,7.85,34,0,
2026-05-16T15:32:30.913513,GET,/api/articles/list/large/,40.39,471824,0,
2026-05-16T15:32:30.929382,GET,/api/articles/list/large/,39.79,471824,0,
2026-05-16T15:32:30.931274,GET,/api/articles/list/large/,37.7,471824,0,
2026-05-16T15:32:30.937463,GET,/api/articles/list/large/,37.27,471824,0,
2026-05-16T15:32:30.955565,POST,/api/articles/analyze/,2.75,58,0,
2026-05-16T15:32:30.957249,POST,/api/articles/bulk/,7.44,34,0,
2026-05-16T15:32:30.970882,POST,/api/articles/bulk/,7.39,34,0,
2026-05-16T15:32:31.001785,POST,/api/articles/bulk/,7.43,34,0,
2026-05-16T15:32:31.007589,POST,/api/articles/analyze/,2.93,58,0,
2026-05-16T15:32:31.013958,GET,/api/articles/list/small/,4.37,23002,0,
2026-05-16T15:32:31.017036,POST,/api/articles/bulk/,8.17,34,0,
2026-05-16T15:32:31.021027,GET,/api/articles/list/small/,4.83,23002,0,
2026-05-16T15:32:31.024798,GET,/api/articles/list/small/,5.56,23002,0,
2026-05-16T15:32:31.025235,GET,/api/articles/list/small/,5.54,23002,0,
2026-05-16T15:32:31.029804,POST,/api/articles/analyze/,2.36,58,0,
2026-05-16T15:32:31.036149,GET,/api/articles/list/small/,4.1,23002,0,
2026-05-16T15:32:31.038000,GET,/api/articles/list/large/,33.83,471824,0,
2026-05-16T15:32:31.104143,GET,/api/articles/list/large/,33.57,471824,0,
2026-05-16T15:32:31.119520,GET,/api/articles/list/large/,34.19,471824,0,
2026-05-16T15:32:31.137248,POST,/api/articles/bulk/,7.38,34,0,
2026-05-16T15:32:31.146130,POST,/api/articles/analyze/,3.49,58,0,
2026-05-16T15:32:31.161309,POST,/api/articles/analyze/,4.45,58,0,
2026-05-16T15:32:31.183046,POST,/api/articles/bulk/,7.36,34,0,
2026-05-16T15:32:31.202279,POST,/api/articles/analyze/,3.02,58,0,
2026-05-16T15:32:31.205998,GET,/api/articles/list/small/,4.56,23002,0,
2026-05-16T15:32:31.215323,GET,/api/articles/list/small/,4.17,23002,0,
2026-05-16T15:32:31.220679,GET,/api/articles/list/small/,4.0,23002,0,
2026-05-16T15:32:31.232403,GET,/api/articles/list/small/,4.36,23002,0,
2026-05-16T15:32:31.236107,GET,/api/articles/list/small/,4.59,23002,0,
2026-05-16T15:32:31.262068,POST,/api/articles/bulk/,7.23,34,0,
2026-05-16T15:32:31.268692,POST,/api/articles/analyze/,2.48,58,0,
2026-05-16T15:32:31.274676,GET,/api/articles/list/large/,33.31,471824,0,
2026-05-16T15:32:31.276287,POST,/api/articles/analyze/,3.22,58,0,
2026-05-16T15:32:31.287610,POST,/api/articles/bulk/,7.06,34,0,
2026-05-16T15:32:31.296916,POST,/api/articles/bulk/,6.97,34,0,
2026-05-16T15:32:31.324081,GET,/api/articles/list/small/,4.49,23002,0,
2026-05-16T15:32:31.335398,POST,/api/articles/bulk/,7.09,34,0,
2026-05-16T15:32:31.344323,GET,/api/articles/list/large/,37.19,471824,0,
2026-05-16T15:32:31.348075,POST,/api/articles/analyze/,3.07,58,0,
2026-05-16T15:32:31.357052,POST,/api/articles/analyze/,2.72,58,0,
2026-05-16T15:32:31.378276,GET,/api/articles/list/large/,33.81,471824,0,
2026-05-16T15:32:31.387944,POST,/api/articles/bulk/,7.28,34,0,
2026-05-16T15:32:31.403428,POST,/api/articles/analyze/,8.82,58,0,
2026-05-16T15:32:31.407618,POST,/api/articles/analyze/,2.81,58,0,
2026-05-16T15:32:31.420561,POST,/api/articles/bulk/,7.03,34,0,
2026-05-16T15:32:31.424225,POST,/api/articles/analyze/,2.44,58,0,
2026-05-16T15:32:31.444065,GET,/api/articles/list/large/,34.06,471824,0,
2026-05-16T15:32:31.453893,GET,/api/articles/list/small/,4.61,23002,0,
2026-05-16T15:32:31.459007,POST,/api/articles/bulk/,7.14,34,0,
2026-05-16T15:32:31.461307,GET,/api/articles/list/small/,4.19,23002,0,
2026-05-16T15:32:31.478950,POST,/api/articles/analyze/,2.65,58,0,
2026-05-16T15:32:31.484446,GET,/api/articles/list/small/,4.21,23002,0,
2026-05-16T15:32:31.494987,GET,/api/articles/list/small/,4.32,23002,0,
2026-05-16T15:32:31.504258,GET,/api/articles/list/small/,5.03,23002,0,
2026-05-16T15:32:31.504723,GET,/api/articles/list/small/,4.41,23002,0,
2026-05-16T15:32:31.508112,GET,/api/articles/list/large/,34.41,471824,0,
2026-05-16T15:32:31.511797,GET,/api/articles/list/small/,5.41,23002,0,
2026-05-16T15:32:31.516687,GET,/api/articles/list/large/,34.02,471824,0,
2026-05-16T15:32:31.536288,POST,/api/articles/bulk/,7.19,34,0,
2026-05-16T15:32:31.554762,POST,/api/articles/analyze/,4.2,58,0,
2026-05-16T15:32:31.555227,POST,/api/articles/analyze/,3.45,58,0,
2026-05-16T15:32:31.574566,POST,/api/articles/analyze/,4.16,58,0,
2026-05-16T15:32:31.580763,POST,/api/articles/bulk/,7.43,34,0,
2026-05-16T15:32:31.584531,GET,/api/articles/list/large/,44.86,471824,0,
2026-05-16T15:32:31.586320,POST,/api/articles/analyze/,3.33,58,0,
2026-05-16T15:32:31.590350,GET,/api/articles/list/large/,45.19,471824,0,
2026-05-16T15:32:31.614266,GET,/api/articles/list/small/,5.66,23002,0,
2026-05-16T15:32:31.617180,POST,/api/articles/bulk/,7.92,34,0,
2026-05-16T15:32:31.621090,POST,/api/articles/bulk/,8.04,34,0,
2026-05-16T15:32:31.627596,POST,/api/articles/bulk/,7.57,34,0,
2026-05-16T15:32:31.642266,GET,/api/articles/list/small/,7.31,23002,0,
2026-05-16T15:32:31.649494,GET,/api/articles/list/large/,38.66,471824,0,
2026-05-16T15:32:31.651569,POST,/api/articles/analyze/,4.75,58,0,
2026-05-16T15:32:31.655585,POST,/api/articles/bulk/,8.09,34,0,
2026-05-16T15:32:31.659749,POST,/api/articles/analyze/,2.76,58,0,
2026-05-16T15:32:31.670639,POST,/api/articles/analyze/,2.49,58,0,
2026-05-16T15:32:31.679993,POST,/api/articles/bulk/,6.94,34,0,
2026-05-16T15:32:31.688339,POST,/api/articles/bulk/,6.98,34,0,
2026-05-16T15:32:31.691643,GET,/api/articles/list/small/,4.47,23002,0,
2026-05-16T15:32:31.696158,POST,/api/articles/analyze/,3.16,58,0,
2026-05-16T15:32:31.719429,POST,/api/articles/bulk/,7.89,34,0,
2026-05-16T15:32:31.725660,POST,/api/articles/bulk/,7.4,34,0,
2026-05-16T15:32:31.748071,POST,/api/articles/bulk/,7.28,34,0,
2026-05-16T15:32:31.748853,POST,/api/articles/bulk/,8.83,34,0,
2026-05-16T15:32:31.749561,POST,/api/articles/analyze/,2.99,58,0,
2026-05-16T15:32:31.749954,POST,/api/articles/bulk/,7.14,34,0,
2026-05-16T15:32:31.765418,POST,/api/articles/bulk/,7.14,34,0,
2026-05-16T15:32:31.768729,GET,/api/articles/list/small/,4.66,23002,0,
2026-05-16T15:32:31.780338,POST,/api/articles/bulk/,7.23,34,0,
2026-05-16T15:32:31.805666,POST,/api/articles/analyze/,2.51,58,0,
2026-05-16T15:32:31.809691,GET,/api/articles/list/large/,33.81,471824,0,
2026-05-16T15:32:31.822696,GET,/api/articles/list/small/,4.74,23002,0,
2026-05-16T15:32:31.831087,POST,/api/articles/bulk/,7.11,34,0,
2026-05-16T15:32:31.834641,GET,/api/articles/list/large/,34.06,471824,0,
2026-05-16T15:32:31.842460,POST,/api/articles/analyze/,3.41,58,0,
2026-05-16T15:32:31.890775,GET,/api/articles/list/small/,16.8,23002,0,
2026-05-16T15:32:31.893431,GET,/api/articles/list/small/,21.79,23002,0,
2026-05-16T15:32:31.905159,GET,/api/articles/list/large/,65.57,471824,0,
2026-05-16T15:32:31.905710,POST,/api/articles/bulk/,35.95,34,0,
2026-05-16T15:32:31.906142,POST,/api/articles/bulk/,33.75,34,0,
2026-05-16T15:32:31.907271,POST,/api/articles/analyze/,25.82,58,0,
2026-05-16T15:32:31.917807,POST,/api/articles/bulk/,23.86,34,0,
2026-05-16T15:32:31.920974,POST,/api/articles/bulk/,12.6,34,0,
2026-05-16T15:32:31.938644,GET,/api/articles/list/small/,5.36,23002,0,
2026-05-16T15:32:31.945638,GET,/api/articles/list/large/,44.45,471824,0,
2026-05-16T15:32:31.948037,GET,/api/articles/list/large/,41.75,471824,0,
2026-05-16T15:32:31.958401,POST,/api/articles/analyze/,3.07,58,0,
2026-05-16T15:32:32.001165,GET,/api/articles/list/small/,5.47,23002,0,
2026-05-16T15:32:32.005064,GET,/api/articles/list/small/,5.03,23002,0,
2026-05-16T15:32:32.027216,POST,/api/articles/analyze/,2.86,58,0,
2026-05-16T15:32:32.042401,POST,/api/articles/bulk/,8.28,34,0,
2026-05-16T15:32:32.056140,POST,/api/articles/analyze/,3.19,58,0,
2026-05-16T15:32:32.072051,GET,/api/articles/list/large/,41.55,471824,0,
2026-05-16T15:32:32.075994,GET,/api/articles/list/large/,41.02,471824,0,
2026-05-16T15:32:32.080360,POST,/api/articles/bulk/,11.44,34,0,
2026-05-16T15:32:32.088713,GET,/api/articles/list/large/,38.45,471824,0,
2026-05-16T15:32:32.090018,GET,/api/articles/list/large/,40.33,471824,0,
2026-05-16T15:32:32.093875,POST,/api/articles/bulk/,10.22,34,0,
2026-05-16T15:32:32.100573,GET,/api/articles/list/small/,5.77,23002,0,
2026-05-16T15:32:32.102217,POST,/api/articles/bulk/,8.2,34,0,
2026-05-16T15:32:32.113041,GET,/api/articles/list/large/,39.01,471824,0,
2026-05-16T15:32:32.133402,GET,/api/articles/list/large/,33.92,471824,0,
2026-05-16T15:32:32.136821,GET,/api/articles/list/small/,5.49,23002,0,
2026-05-16T15:32:32.156525,POST,/api/articles/bulk/,12.35,34,0,
2026-05-16T15:32:32.173249,GET,/api/articles/list/small/,4.51,23002,0,
2026-05-16T15:32:32.184887,GET,/api/articles/list/large/,35.92,471824,0,
2026-05-16T15:32:32.188127,GET,/api/articles/list/large/,34.41,471824,0,
2026-05-16T15:32:32.196685,POST,/api/articles/analyze/,3.24,58,0,
2026-05-16T15:32:32.226476,POST,/api/articles/analyze/,3.43,58,0,
2026-05-16T15:32:32.226920,POST,/api/articles/analyze/,3.23,58,0,
2026-05-16T15:32:32.244101,POST,/api/articles/analyze/,2.57,58,0,
2026-05-16T15:32:32.248669,POST,/api/articles/bulk/,7.95,34,0,
2026-05-16T15:32:32.252598,POST,/api/articles/bulk/,7.26,34,0,
2026-05-16T15:32:32.266211,GET,/api/articles/list/large/,33.92,471824,0,
2026-05-16T15:32:32.268809,POST,/api/articles/bulk/,7.45,34,0,
2026-05-16T15:32:32.279460,GET,/api/articles/list/small/,4.3,23002,0,
2026-05-16T15:32:32.289856,GET,/api/articles/list/small/,4.16,23002,0,
2026-05-16T15:32:32.295946,GET,/api/articles/list/large/,35.11,471824,0,
2026-05-16T15:32:32.323266,GET,/api/articles/list/small/,4.45,23002,0,
2026-05-16T15:32:32.330269,GET,/api/articles/list/small/,4.99,23002,0,
2026-05-16T15:32:32.330724,GET,/api/articles/list/small/,5.06,23002,0,
2026-05-16T15:32:32.332782,POST,/api/articles/bulk/,8.24,34,0,
2026-05-16T15:32:32.337609,POST,/api/articles/analyze/,2.58,58,0,
2026-05-16T15:32:32.344068,GET,/api/articles/list/large/,33.75,471824,0,
2026-05-16T15:32:32.351341,POST,/api/articles/bulk/,7.13,34,0,
2026-05-16T15:32:32.355922,POST,/api/articles/analyze/,2.38,58,0,
2026-05-16T15:32:32.363996,POST,/api/articles/bulk/,6.79,34,0,
2026-05-16T15:32:32.372685,GET,/api/articles/list/small/,5.49,23002,0,
2026-05-16T15:32:32.384628,GET,/api/articles/list/small/,4.64,23002,0,
2026-05-16T15:32:32.385291,POST,/api/articles/analyze/,2.62,58,0,
2026-05-16T15:32:32.402609,POST,/api/articles/analyze/,12.56,58,0,
2026-05-16T15:32:32.408802,POST,/api/articles/analyze/,4.0,58,0,
2026-05-16T15:32:32.410617,POST,/api/articles/bulk/,11.51,34,0,
2026-05-16T15:32:32.415498,POST,/api/articles/bulk/,12.7,34,0,
2026-05-16T15:32:32.430404,POST,/api/articles/bulk/,8.63,34,0,
2026-05-16T15:32:32.435619,GET,/api/articles/list/large/,50.2,471824,0,
2026-05-16T15:32:32.463694,POST,/api/articles/analyze/,2.8,58,0,
2026-05-16T15:32:32.517227,GET,/api/articles/list/large/,37.1,471824,0,
2026-05-16T15:32:32.519128,GET,/api/articles/list/small/,4.51,23002,0,
2026-05-16T15:32:32.526699,GET,/api/articles/list/small/,4.22,23002,0,
2026-05-16T15:32:32.548869,POST,/api/articles/analyze/,3.84,58,0,
2026-05-16T15:32:32.552955,POST,/api/articles/bulk/,7.4,34,0,
2026-05-16T15:32:32.596528,GET,/api/articles/list/small/,5.33,23002,0,
2026-05-16T15:32:32.621066,GET,/api/articles/list/small/,5.27,23002,0,
2026-05-16T15:32:32.623011,POST,/api/articles/analyze/,3.13,58,0,
2026-05-16T15:32:32.626090,GET,/api/articles/list/large/,34.33,471824,0,
2026-05-16T15:32:32.638240,POST,/api/articles/analyze/,2.95,58,0,
2026-05-16T15:32:32.669802,GET,/api/articles/list/large/,45.52,471824,0,
2026-05-16T15:32:32.675325,POST,/api/articles/bulk/,14.76,34,0,
2026-05-16T15:32:32.682184,POST,/api/articles/analyze/,2.63,58,0,
2026-05-16T15:32:32.687179,GET,/api/articles/list/large/,52.51,471824,0,
2026-05-16T15:32:32.689990,POST,/api/articles/analyze/,4.61,58,0,
2026-05-16T15:32:32.690696,POST,/api/articles/analyze/,3.35,58,0,
2026-05-16T15:32:32.691176,POST,/api/articles/analyze/,3.34,58,0,
2026-05-16T15:32:32.710423,GET,/api/articles/list/small/,4.86,23002,0,
2026-05-16T15:32:32.714158,GET,/api/articles/list/small/,4.68,23002,0,
2026-05-16T15:32:32.735776,GET,/api/articles/list/small/,4.28,23002,0,
2026-05-16T15:32:32.772507,POST,/api/articles/bulk/,7.39,34,0,
2026-05-16T15:32:32.775814,GET,/api/articles/list/small/,4.69,23002,0,
2026-05-16T15:32:32.778794,POST,/api/articles/analyze/,2.86,58,0,
2026-05-16T15:32:32.779646,POST,/api/articles/analyze/,2.51,58,0,
2026-05-16T15:32:32.801231,POST,/api/articles/bulk/,7.2,34,0,
2026-05-16T15:32:32.801671,GET,/api/articles/list/small/,4.74,23002,0,
2026-05-16T15:32:32.843182,POST,/api/articles/bulk/,8.73,34,0,
2026-05-16T15:32:32.843623,POST,/api/articles/bulk/,10.01,34,0,
2026-05-16T15:32:32.843988,POST,/api/articles/analyze/,3.66,58,0,
2026-05-16T15:32:32.844354,POST,/api/articles/bulk/,7.82,34,0,
2026-05-16T15:32:32.855825,GET,/api/articles/list/large/,38.8,471824,0,
2026-05-16T15:32:32.857448,GET,/api/articles/list/small/,4.32,23002,0,
2026-05-16T15:32:32.878311,POST,/api/articles/bulk/,6.93,34,0,
2026-05-16T15:32:32.884236,GET,/api/articles/list/large/,33.68,471824,0,
2026-05-16T15:32:32.884694,POST,/api/articles/analyze/,3.51,58,0,
2026-05-16T15:32:32.885539,POST,/api/articles/bulk/,7.11,34,0,
2026-05-16T15:32:32.902620,GET,/api/articles/list/large/,33.89,471824,0,
2026-05-16T15:32:32.912177,POST,/api/articles/bulk/,7.14,34,0,
2026-05-16T15:32:32.926324,POST,/api/articles/analyze/,2.87,58,0,
2026-05-16T15:32:32.948394,GET,/api/articles/list/large/,38.5,471824,0,
2026-05-16T15:32:32.976079,GET,/api/articles/list/large/,37.53,471824,0,
2026-05-16T15:32:32.984634,POST,/api/articles/bulk/,7.17,34,0,
2026-05-16T15:32:32.992281,GET,/api/articles/list/small/,4.39,23002,0,
2026-05-16T15:32:33.004691,POST,/api/articles/analyze/,2.59,58,0,
2026-05-16T15:32:33.013142,GET,/api/articles/list/small/,5.18,23002,0,
2026-05-16T15:32:33.025450,GET,/api/articles/list/large/,34.06,471824,0,
2026-05-16T15:32:33.034366,POST,/api/articles/bulk/,7.15,34,0,
2026-05-16T15:32:33.040124,GET,/api/articles/list/small/,4.49,23002,0,
2026-05-16T15:32:33.042119,GET,/api/articles/list/large/,33.69,471824,0,
2026-05-16T15:32:33.053671,POST,/api/articles/analyze/,2.5,58,0,
2026-05-16T15:32:33.056103,POST,/api/articles/bulk/,7.75,34,0,
2026-05-16T15:32:33.058125,GET,/api/articles/list/large/,34.4,471824,0,
2026-05-16T15:32:33.098941,GET,/api/articles/list/large/,36.43,471824,0,
2026-05-16T15:32:33.100150,POST,/api/articles/bulk/,7.67,34,0,
2026-05-16T15:32:33.102937,GET,/api/articles/list/small/,9.57,23002,0,
2026-05-16T15:32:33.105104,POST,/api/articles/analyze/,3.1,58,0,
2026-05-16T15:32:33.117851,GET,/api/articles/list/small/,4.3,23002,0,
2026-05-16T15:32:33.126364,GET,/api/articles/list/large/,35.17,471824,0,
2026-05-16T15:32:33.128459,POST,/api/articles/bulk/,7.37,34,0,
2026-05-16T15:32:33.146719,GET,/api/articles/list/large/,34.42,471824,0,
2026-05-16T15:32:33.153171,POST,/api/articles/bulk/,8.82,34,0,
2026-05-16T15:32:33.161875,GET,/api/articles/list/large/,35.28,471824,0,
2026-05-16T15:32:33.179795,GET,/api/articles/list/large/,44.52,471824,0,
2026-05-16T15:32:33.183918,GET,/api/articles/list/large/,45.07,471824,0,
2026-05-16T15:32:33.185111,GET,/api/articles/list/large/,50.39,471824,0,
2026-05-16T15:32:33.194546,POST,/api/articles/analyze/,2.56,58,0,
2026-05-16T15:32:33.199296,POST,/api/articles/analyze/,2.52,58,0,
2026-05-16T15:32:33.235370,POST,/api/articles/analyze/,3.19,58,0,
2026-05-16T15:32:33.237443,GET,/api/articles/list/small/,4.43,23002,0,
2026-05-16T15:32:33.239344,POST,/api/articles/bulk/,8.8,34,0,
2026-05-16T15:32:33.253260,GET,/api/articles/list/small/,4.69,23002,0,
2026-05-16T15:32:33.255903,GET,/api/articles/list/small/,5.89,23002,0,
2026-05-16T15:32:33.259704,GET,/api/articles/list/large/,71.24,471824,0,
2026-05-16T15:32:33.280301,POST,/api/articles/bulk/,7.22,34,0,
2026-05-16T15:32:33.300651,GET,/api/articles/list/small/,4.96,23002,0,
2026-05-16T15:32:33.301088,GET,/api/articles/list/small/,4.4,23002,0,
2026-05-16T15:32:33.304884,POST,/api/articles/analyze/,2.57,58,0,
2026-05-16T15:32:33.310638,POST,/api/articles/analyze/,2.36,58,0,
2026-05-16T15:32:33.321378,POST,/api/articles/analyze/,2.99,58,0,
2026-05-16T15:32:33.329589,POST,/api/articles/bulk/,6.99,34,0,
2026-05-16T15:32:33.337676,GET,/api/articles/list/small/,4.89,23002,0,
2026-05-16T15:32:33.352171,GET,/api/articles/list/large/,34.26,471824,0,
2026-05-16T15:32:33.371440,GET,/api/articles/list/large/,34.75,471824,0,
2026-05-16T15:32:33.375882,POST,/api/articles/bulk/,7.41,34,0,
2026-05-16T15:32:33.383581,POST,/api/articles/analyze/,3.42,58,0,
2026-05-16T15:32:33.388192,POST,/api/articles/bulk/,7.51,34,0,
2026-05-16T15:32:33.391914,GET,/api/articles/list/small/,4.65,23002,0,
2026-05-16T15:32:33.397635,GET,/api/articles/list/large/,35.21,471824,0,
2026-05-16T15:32:33.426203,GET,/api/articles/list/large/,39.4,471824,0,
2026-05-16T15:32:33.434305,GET,/api/articles/list/large/,39.17,471824,0,
2026-05-16T15:32:33.436722,POST,/api/articles/bulk/,7.28,34,0,
2026-05-16T15:32:33.445784,POST,/api/articles/analyze/,2.78,58,0,
2026-05-16T15:32:33.474807,POST,/api/articles/bulk/,7.24,34,0,
2026-05-16T15:32:33.483393,GET,/api/articles/list/small/,4.22,23002,0,
2026-05-16T15:32:33.491696,GET,/api/articles/list/large/,33.6,471824,0,
2026-05-16T15:32:33.513611,POST,/api/articles/analyze/,3.45,58,0,
2026-05-16T15:32:33.516254,GET,/api/articles/list/small/,4.82,23002,0,
2026-05-16T15:32:33.519952,GET,/api/articles/list/small/,5.09,23002,0,
2026-05-16T15:32:33.520673,GET,/api/articles/list/small/,5.35,23002,0,
2026-05-16T15:32:33.556921,GET,/api/articles/list/large/,33.84,471824,0,
2026-05-16T15:32:33.564242,GET,/api/articles/list/large/,33.65,471824,0,
2026-05-16T15:32:33.571246,GET,/api/articles/list/small/,4.62,23002,0,
2026-05-16T15:32:33.573938,GET,/api/articles/list/small/,4.72,23002,0,
2026-05-16T15:32:33.605922,GET,/api/articles/list/small/,4.7,23002,0,
2026-05-16T15:32:33.613664,GET,/api/articles/list/small/,4.49,23002,0,
2026-05-16T15:32:33.622288,GET,/api/articles/list/small/,5.87,23002,0,
2026-05-16T15:32:33.622726,GET,/api/articles/list/small/,6.81,23002,0,
2026-05-16T15:32:33.624378,POST,/api/articles/analyze/,3.21,58,0,
2026-05-16T15:32:33.640876,GET,/api/articles/list/large/,34.05,471824,0,
2026-05-16T15:32:33.642234,GET,/api/articles/list/large/,37.24,471824,0,
2026-05-16T15:32:33.671774,GET,/api/articles/list/small/,4.38,23002,0,
2026-05-16T15:32:33.672245,GET,/api/articles/list/small/,5.47,23002,0,
2026-05-16T15:32:33.672661,POST,/api/articles/bulk/,10.9,34,0,
2026-05-16T15:32:33.696350,POST,/api/articles/bulk/,8.15,34,0,
2026-05-16T15:32:33.697098,POST,/api/articles/analyze/,3.92,58,0,
2026-05-16T15:32:33.743519,GET,/api/articles/list/small/,4.55,23002,0,
2026-05-16T15:32:33.745061,POST,/api/articles/analyze/,2.57,58,0,
2026-05-16T15:32:33.754152,GET,/api/articles/list/large/,33.74,471824,0,
2026-05-16T15:32:33.763650,POST,/api/articles/bulk/,7.25,34,0,
2026-05-16T15:32:33.775640,POST,/api/articles/analyze/,2.74,58,0,
2026-05-16T15:32:33.781327,GET,/api/articles/list/large/,35.04,471824,0,
2026-05-16T15:32:33.801944,POST,/api/articles/bulk/,7.38,34,0,
2026-05-16T15:32:33.820816,POST,/api/articles/bulk/,7.84,34,0,
2026-05-16T15:32:34.423933,GET,/api/articles/list/small/,4.92,23002,0,
2026-05-16T15:32:34.435410,GET,/api/articles/list/large/,34.14,471824,0,
2026-05-16T15:32:34.437080,POST,/api/articles/analyze/,3.85,58,0,
2026-05-16T15:32:34.442206,GET,/api/articles/list/large/,34.44,471824,0,
2026-05-16T15:32:34.452894,POST,/api/articles/bulk/,7.57,34,0,
2026-05-16T15:32:34.453364,POST,/api/articles/bulk/,8.85,34,0,
2026-05-16T15:32:34.467152,POST,/api/articles/bulk/,7.54,34,0,
2026-05-16T15:32:34.481908,POST,/api/articles/bulk/,7.5,34,0,
2026-05-16T15:32:34.499316,POST,/api/articles/analyze/,4.24,58,0,
2026-05-16T15:32:34.499824,POST,/api/articles/analyze/,2.97,58,0,
2026-05-16T15:32:34.502615,POST,/api/articles/bulk/,8.46,34,0,
2026-05-16T15:32:34.525813,GET,/api/articles/list/large/,46.24,471824,0,
2026-05-16T15:32:34.526444,POST,/api/articles/bulk/,10.94,34,0,
2026-05-16T15:32:34.555583,POST,/api/articles/bulk/,7.9,34,0,
2026-05-16T15:32:34.561012,POST,/api/articles/bulk/,8.15,34,0,
2026-05-16T15:32:34.564487,GET,/api/articles/list/small/,5.61,23002,0,
2026-05-16T15:32:34.568070,POST,/api/articles/analyze/,4.77,58,0,
2026-05-16T15:32:34.568777,POST,/api/articles/analyze/,2.97,58,0,
2026-05-16T15:32:34.570321,GET,/api/articles/list/small/,5.44,23002,0,
2026-05-16T15:32:34.616362,GET,/api/articles/list/large/,111.15,471824,0,
2026-05-16T15:32:34.617995,GET,/api/articles/list/large/,35.36,471824,0,
2026-05-16T15:32:34.631468,POST,/api/articles/analyze/,4.16,58,0,
2026-05-16T15:32:34.635476,GET,/api/articles/list/small/,5.07,23002,0,
2026-05-16T15:32:34.643020,POST,/api/articles/analyze/,3.26,58,0,
2026-05-16T15:32:34.649239,GET,/api/articles/list/large/,35.89,471824,0,
2026-05-16T15:32:34.664395,GET,/api/articles/list/large/,36.46,471824,0,
2026-05-16T15:32:34.691068,GET,/api/articles/list/small/,5.05,23002,0,
2026-05-16T15:32:34.699487,GET,/api/articles/list/large/,37.03,471824,0,
2026-05-16T15:32:34.701861,GET,/api/articles/list/large/,34.73,471824,0,
2026-05-16T15:32:34.709143,POST,/api/articles/analyze/,2.94,58,0,
2026-05-16T15:32:34.726445,GET,/api/articles/list/small/,5.02,23002,0,
2026-05-16T15:32:34.766596,POST,/api/articles/analyze/,5.89,58,0,
2026-05-16T15:32:34.767030,POST,/api/articles/analyze/,3.79,58,0,
2026-05-16T15:32:34.775798,POST,/api/articles/analyze/,3.55,58,0,
2026-05-16T15:32:34.779444,GET,/api/articles/list/small/,4.84,23002,0,
2026-05-16T15:32:34.782157,POST,/api/articles/bulk/,8.34,34,0,
2026-05-16T15:32:34.791637,POST,/api/articles/bulk/,8.22,34,0,
2026-05-16T15:32:34.797915,GET,/api/articles/list/large/,39.14,471824,0,
2026-05-16T15:32:34.800377,GET,/api/articles/list/large/,40.16,471824,0,
2026-05-16T15:32:34.801629,POST,/api/articles/bulk/,11.61,34,0,
2026-05-16T15:32:34.803897,POST,/api/articles/analyze/,5.81,58,0,
2026-05-16T15:32:34.811122,POST,/api/articles/analyze/,2.97,58,0,
2026-05-16T15:32:34.824759,GET,/api/articles/list/large/,35.75,471824,0,
2026-05-16T15:32:34.829959,POST,/api/articles/bulk/,8.52,34,0,
2026-05-16T15:32:34.834058,POST,/api/articles/bulk/,7.87,34,0,
2026-05-16T15:32:34.835413,GET,/api/articles/list/large/,39.94,471824,0,
2026-05-16T15:32:34.837421,GET,/api/articles/list/large/,38.69,471824,0,
2026-05-16T15:32:34.841617,GET,/api/articles/list/small/,6.05,23002,0,
2026-05-16T15:32:34.845914,GET,/api/articles/list/small/,5.63,23002,0,
2026-05-16T15:32:34.858193,POST,/api/articles/analyze/,3.02,58,0,
2026-05-16T15:32:34.865942,GET,/api/articles/list/small/,4.5,23002,0,
2026-05-16T15:32:34.870365,POST,/api/articles/analyze/,2.65,58,0,
2026-05-16T15:32:34.870829,POST,/api/articles/analyze/,3.64,58,0,
2026-05-16T15:32:34.889818,POST,/api/articles/bulk/,7.55,34,0,
2026-05-16T15:32:34.912270,GET,/api/articles/list/small/,4.59,23002,0,
2026-05-16T15:32:34.924997,GET,/api/articles/list/large/,33.92,471824,0,
2026-05-16T15:32:34.942880,GET,/api/articles/list/small/,4.49,23002,0,
2026-05-16T15:32:34.951827,POST,/api/articles/analyze/,2.6,58,0,
2026-05-16T15:32:34.961286,GET,/api/articles/list/small/,4.13,23002,0,
2026-05-16T15:32:34.980105,GET,/api/articles/list/small/,4.45,23002,0,
2026-05-16T15:32:34.983852,GET,/api/articles/list/small/,4.69,23002,0,
2026-05-16T15:32:35.010526,POST,/api/articles/analyze/,4.6,58,0,
2026-05-16T15:32:35.015971,GET,/api/articles/list/small/,4.19,23002,0,
2026-05-16T15:32:35.018568,POST,/api/articles/analyze/,2.47,58,0,
2026-05-16T15:32:35.021099,GET,/api/articles/list/large/,39.03,471824,0,
2026-05-16T15:32:35.023869,GET,/api/articles/list/large/,38.73,471824,0,
2026-05-16T15:32:35.041667,GET,/api/articles/list/small/,4.45,23002,0,
2026-05-16T15:32:35.047720,GET,/api/articles/list/small/,4.69,23002,0,
2026-05-16T15:32:35.048158,GET,/api/articles/list/small/,4.16,23002,0,
2026-05-16T15:32:35.066366,POST,/api/articles/analyze/,2.87,58,0,
2026-05-16T15:32:35.073136,POST,/api/articles/analyze/,2.57,58,0,
2026-05-16T15:32:35.092594,POST,/api/articles/analyze/,2.91,58,0,
2026-05-16T15:32:35.105710,GET,/api/articles/list/small/,4.18,23002,0,
2026-05-16T15:32:35.114668,GET,/api/articles/list/small/,5.75,23002,0,
2026-05-16T15:32:35.116832,POST,/api/articles/analyze/,4.46,58,0,
2026-05-16T15:32:35.131019,POST,/api/articles/analyze/,2.95,58,0,
2026-05-16T15:32:35.133335,GET,/api/articles/list/large/,34.45,471824,0,
2026-05-16T15:32:35.159459,POST,/api/articles/bulk/,7.89,34,0,
2026-05-16T15:32:35.176084,GET,/api/articles/list/large/,36.44,471824,0,
2026-05-16T15:32:35.184461,POST,/api/articles/bulk/,8.21,34,0,
2026-05-16T15:32:35.186374,POST,/api/articles/analyze/,3.07,58,0,
2026-05-16T15:32:35.192853,GET,/api/articles/list/large/,38.25,471824,0,
2026-05-16T15:32:35.194084,GET,/api/articles/list/large/,38.23,471824,0,
2026-05-16T15:32:35.211160,GET,/api/articles/list/large/,37.41,471824,0,
2026-05-16T15:32:35.237958,POST,/api/articles/analyze/,3.03,58,0,
2026-05-16T15:32:35.246042,GET,/api/articles/list/large/,34.72,471824,0,
2026-05-16T15:32:35.269897,POST,/api/articles/analyze/,3.08,58,0,
2026-05-16T15:32:35.276972,POST,/api/articles/analyze/,2.79,58,0,
2026-05-16T15:32:35.291579,GET,/api/articles/list/large/,39.05,471824,0,
2026-05-16T15:32:35.296939,POST,/api/articles/analyze/,2.87,58,0,
2026-05-16T15:32:35.297865,GET,/api/articles/list/small/,6.14,23002,0,
2026-05-16T15:32:35.302045,POST,/api/articles/bulk/,9.17,34,0,
2026-05-16T15:32:35.304084,POST,/api/articles/analyze/,3.15,58,0,
2026-05-16T15:32:35.310920,GET,/api/articles/list/small/,4.68,23002,0,
2026-05-16T15:32:35.314770,POST,/api/articles/analyze/,2.64,58,0,
2026-05-16T15:32:35.337005,GET,/api/articles/list/large/,38.95,471824,0,
2026-05-16T15:32:35.337615,POST,/api/articles/analyze/,3.64,58,0,
2026-05-16T15:32:35.360071,GET,/api/articles/list/small/,4.59,23002,0,
2026-05-16T15:32:35.365226,POST,/api/articles/bulk/,7.21,34,0,
2026-05-16T15:32:35.367083,GET,/api/articles/list/small/,4.8,23002,0,
2026-05-16T15:32:35.377169,GET,/api/articles/list/small/,5.85,23002,0,
2026-05-16T15:32:35.384100,POST,/api/articles/bulk/,8.47,34,0,
2026-05-16T15:32:35.387648,GET,/api/articles/list/large/,35.78,471824,0,
2026-05-16T15:32:35.413144,POST,/api/articles/analyze/,2.71,58,0,
2026-05-16T15:32:35.416617,POST,/api/articles/bulk/,8.87,34,0,
2026-05-16T15:32:35.419426,POST,/api/articles/bulk/,10.23,34,0,
2026-05-16T15:32:35.428239,GET,/api/articles/list/large/,36.26,471824,0,
2026-05-16T15:32:35.438409,POST,/api/articles/analyze/,2.89,58,0,
2026-05-16T15:32:35.444346,GET,/api/articles/list/small/,4.64,23002,0,
2026-05-16T15:32:35.456623,GET,/api/articles/list/small/,5.22,23002,0,
2026-05-16T15:32:35.457321,POST,/api/articles/bulk/,9.68,34,0,
2026-05-16T15:32:35.458634,GET,/api/articles/list/large/,35.88,471824,0,
2026-05-16T15:32:35.486442,GET,/api/articles/list/large/,37.9,471824,0,
2026-05-16T15:32:35.508399,GET,/api/articles/list/small/,13.05,23002,0,
2026-05-16T15:32:35.510139,POST,/api/articles/analyze/,3.76,58,0,
2026-05-16T15:32:35.520515,POST,/api/articles/bulk/,9.15,34,0,
2026-05-16T15:32:35.524311,GET,/api/articles/list/small/,6.1,23002,0,
2026-05-16T15:32:35.528903,GET,/api/articles/list/large/,42.3,471824,0,
2026-05-16T15:32:35.534605,GET,/api/articles/list/small/,4.33,23002,0,
2026-05-16T15:32:35.553724,POST,/api/articles/bulk/,7.89,34,0,
2026-05-16T15:32:35.559436,GET,/api/articles/list/small/,4.46,23002,0,
2026-05-16T15:32:35.569639,POST,/api/articles/analyze/,2.96,58,0,
2026-05-16T15:32:35.582384,GET,/api/articles/list/large/,35.15,471824,0,
2026-05-16T15:32:35.585633,GET,/api/articles/list/large/,34.08,471824,0,
2026-05-16T15:32:35.592780,GET,/api/articles/list/small/,4.86,23002,0,
2026-05-16T15:32:35.607591,POST,/api/articles/bulk/,7.73,34,0,
2026-05-16T15:32:35.618926,GET,/api/articles/list/large/,36.39,471824,0,
2026-05-16T15:32:35.626875,GET,/api/articles/list/large/,35.17,471824,0,
2026-05-16T15:32:35.634457,GET,/api/articles/list/large/,35.76,471824,0,
2026-05-16T15:32:35.647680,POST,/api/articles/analyze/,2.79,58,0,
2026-05-16T15:32:35.659756,POST,/api/articles/analyze/,2.73,58,0,
2026-05-16T15:32:35.694837,POST,/api/articles/analyze/,3.03,58,0,
2026-05-16T15:32:35.698187,GET,/api/articles/list/large/,34.19,471824,0,
2026-05-16T15:32:35.711081,POST,/api/articles/bulk/,7.55,34,0,
2026-05-16T15:32:35.723295,POST,/api/articles/analyze/,3.4,58,0,
2026-05-16T15:32:35.760395,GET,/api/articles/list/small/,11.2,23002,0,
2026-05-16T15:32:35.761376,POST,/api/articles/analyze/,15.08,58,0,
2026-05-16T15:32:35.763630,POST,/api/articles/bulk/,12.02,34,0,
2026-05-16T15:32:35.764841,GET,/api/articles/list/large/,50.55,471824,0,
2026-05-16T15:32:35.767892,POST,/api/articles/analyze/,2.88,58,0,
2026-05-16T15:32:35.791580,GET,/api/articles/list/large/,37.05,471824,0,
2026-05-16T15:32:35.802554,POST,/api/articles/analyze/,3.66,58,0,
2026-05-16T15:32:35.806540,POST,/api/articles/bulk/,8.64,34,0,
2026-05-16T15:32:35.811857,POST,/api/articles/bulk/,8.01,34,0,
2026-05-16T15:32:35.826374,GET,/api/articles/list/small/,5.74,23002,0,
2026-05-16T15:32:35.829205,POST,/api/articles/bulk/,7.89,34,0,
2026-05-16T15:32:35.841785,GET,/api/articles/list/large/,42.25,471824,0,
2026-05-16T15:32:35.847090,GET,/api/articles/list/large/,35.08,471824,0,
2026-05-16T15:32:35.850601,POST,/api/articles/bulk/,7.77,34,0,
2026-05-16T15:32:35.851550,POST,/api/articles/bulk/,9.58,34,0,
2026-05-16T15:32:35.855708,GET,/api/articles/list/small/,4.97,23002,0,
2026-05-16T15:32:35.865477,GET,/api/articles/list/small/,4.51,23002,0,
2026-05-16T15:32:35.904244,POST,/api/articles/analyze/,2.96,58,0,
2026-05-16T15:32:35.911485,GET,/api/articles/list/small/,4.97,23002,0,
2026-05-16T15:32:35.914731,GET,/api/articles/list/large/,35.95,471824,0,
2026-05-16T15:32:35.917330,GET,/api/articles/list/large/,34.62,471824,0,
2026-05-16T15:32:35.935451,POST,/api/articles/bulk/,7.8,34,0,
2026-05-16T15:32:35.940485,POST,/api/articles/analyze/,4.86,58,0,
2026-05-16T15:32:35.941310,POST,/api/articles/analyze/,4.62,58,0,
2026-05-16T15:32:35.944816,GET,/api/articles/list/small/,6.88,23002,0,
2026-05-16T15:32:35.956067,POST,/api/articles/bulk/,7.95,34,0,
2026-05-16T15:32:35.966914,GET,/api/articles/list/small/,4.57,23002,0,
2026-05-16T15:32:35.980047,POST,/api/articles/bulk/,8.84,34,0,
2026-05-16T15:32:35.984198,GET,/api/articles/list/small/,5.77,23002,0,
2026-05-16T15:32:35.989559,POST,/api/articles/bulk/,7.78,34,0,
2026-05-16T15:32:36.005209,POST,/api/articles/analyze/,3.3,58,0,
2026-05-16T15:32:36.022433,GET,/api/articles/list/small/,4.94,23002,0,
2026-05-16T15:32:36.037346,GET,/api/articles/list/small/,5.58,23002,0,
2026-05-16T15:32:36.048566,POST,/api/articles/analyze/,2.91,58,0,
2026-05-16T15:32:36.055970,GET,/api/articles/list/large/,35.76,471824,0,
2026-05-16T15:32:36.065924,POST,/api/articles/bulk/,8.65,34,0,
2026-05-16T15:32:36.066808,POST,/api/articles/analyze/,3.59,58,0,
2026-05-16T15:32:36.105345,POST,/api/articles/bulk/,10.13,34,0,
2026-05-16T15:32:36.108731,POST,/api/articles/analyze/,3.24,58,0,
2026-05-16T15:32:36.111082,POST,/api/articles/bulk/,8.79,34,0,
2026-05-16T15:32:36.130679,GET,/api/articles/list/small/,4.77,23002,0,
2026-05-16T15:32:36.140964,POST,/api/articles/analyze/,3.08,58,0,
2026-05-16T15:32:36.146194,POST,/api/articles/bulk/,9.2,34,0,
2026-05-16T15:32:36.155999,POST,/api/articles/bulk/,8.49,34,0,
2026-05-16T15:32:36.158079,GET,/api/articles/list/large/,35.73,471824,0,
2026-05-16T15:32:36.174957,POST,/api/articles/bulk/,14.08,34,0,
2026-05-16T15:32:36.178762,POST,/api/articles/bulk/,11.41,34,0,
2026-05-16T15:32:36.193102,GET,/api/articles/list/small/,5.33,23002,0,
2026-05-16T15:32:36.195818,GET,/api/articles/list/large/,41.79,471824,0,
2026-05-16T15:32:36.198408,POST,/api/articles/bulk/,9.57,34,0,
2026-05-16T15:32:36.203799,GET,/api/articles/list/large/,44.38,471824,0,
2026-05-16T15:32:36.213257,POST,/api/articles/bulk/,9.05,34,0,
2026-05-16T15:32:36.219475,GET,/api/articles/list/large/,37.4,471824,0,
2026-05-16T15:32:36.220236,GET,/api/articles/list/large/,61.97,471824,0,
2026-05-16T15:32:36.226307,GET,/api/articles/list/large/,52.79,471824,0,
2026-05-16T15:32:36.236738,GET,/api/articles/list/small/,6.12,23002,0,
2026-05-16T15:32:36.237817,GET,/api/articles/list/large/,41.84,471824,0,
2026-05-16T15:32:36.246181,POST,/api/articles/analyze/,10.93,58,0,
2026-05-16T15:32:36.252788,GET,/api/articles/list/large/,50.49,471824,0,
2026-05-16T15:32:36.253366,POST,/api/articles/bulk/,10.51,34,0,
2026-05-16T15:32:36.255140,POST,/api/articles/analyze/,4.63,58,0,
2026-05-16T15:32:36.257803,POST,/api/articles/analyze/,2.54,58,0,
2026-05-16T15:32:36.261944,POST,/api/articles/analyze/,2.93,58,0,
2026-05-16T15:32:36.284118,POST,/api/articles/bulk/,7.89,34,0,
2026-05-16T15:32:36.324150,POST,/api/articles/analyze/,2.74,58,0,
2026-05-16T15:32:36.333101,POST,/api/articles/bulk/,7.71,34,0,
2026-05-16T15:32:36.350217,POST,/api/articles/analyze/,5.85,58,0,
2026-05-16T15:32:36.350647,POST,/api/articles/analyze/,2.52,58,0,
2026-05-16T15:32:36.352127,GET,/api/articles/list/small/,5.82,23002,0,
2026-05-16T15:32:36.352581,GET,/api/articles/list/small/,5.27,23002,0,
2026-05-16T15:32:36.358573,GET,/api/articles/list/small/,4.72,23002,0,
2026-05-16T15:32:36.359339,POST,/api/articles/analyze/,2.91,58,0,
2026-05-16T15:32:36.379355,POST,/api/articles/bulk/,7.8,34,0,
2026-05-16T15:32:36.389669,POST,/api/articles/bulk/,9.07,34,0,
2026-05-16T15:32:36.395672,POST,/api/articles/analyze/,2.74,58,0,
2026-05-16T15:32:36.403230,POST,/api/articles/bulk/,7.43,34,0,
2026-05-16T15:32:36.413718,GET,/api/articles/list/large/,36.99,471824,0,
2026-05-16T15:32:36.418924,GET,/api/articles/list/large/,37.57,471824,0,
2026-05-16T15:32:36.438962,POST,/api/articles/analyze/,6.76,58,0,
2026-05-16T15:32:36.439863,POST,/api/articles/analyze/,6.84,58,0,
2026-05-16T15:32:36.444157,POST,/api/articles/analyze/,3.74,58,0,
2026-05-16T15:32:36.451884,POST,/api/articles/analyze/,3.39,58,0,
2026-05-16T15:32:36.459937,GET,/api/articles/list/large/,47.77,471824,0,
2026-05-16T15:32:36.498948,GET,/api/articles/list/large/,61.87,471824,0,
2026-05-16T15:32:36.505076,GET,/api/articles/list/large/,55.89,471824,0,
2026-05-16T15:32:36.508306,GET,/api/articles/list/small/,22.95,23002,0,
2026-05-16T15:32:36.509941,GET,/api/articles/list/small/,20.47,23002,0,
2026-05-16T15:32:36.510538,GET,/api/articles/list/small/,9.58,23002,0,
2026-05-16T15:32:36.510970,POST,/api/articles/analyze/,11.28,58,0,
2026-05-16T15:32:36.550511,POST,/api/articles/bulk/,8.28,34,0,
2026-05-16T15:32:36.581236,POST,/api/articles/bulk/,7.46,34,0,
2026-05-16T15:32:36.608316,POST,/api/articles/analyze/,2.8,58,0,
2026-05-16T15:32:36.640061,POST,/api/articles/bulk/,8.47,34,0,
2026-05-16T15:32:36.656965,POST,/api/articles/analyze/,3.47,58,0,
2026-05-16T15:32:36.657408,POST,/api/articles/bulk/,8.03,34,0,
2026-05-16T15:32:36.679803,GET,/api/articles/list/large/,40.98,471824,0,
2026-05-16T15:32:36.680968,POST,/api/articles/bulk/,8.33,34,0,
2026-05-16T15:32:36.682671,GET,/api/articles/list/large/,38.77,471824,0,
2026-05-16T15:32:36.716106,GET,/api/articles/list/large/,36.14,471824,0,
2026-05-16T15:32:36.718277,POST,/api/articles/analyze/,4.38,58,0,
2026-05-16T15:32:36.718736,POST,/api/articles/analyze/,6.14,58,0,
2026-05-16T15:32:36.723112,POST,/api/articles/bulk/,9.92,34,0,
2026-05-16T15:32:36.742838,POST,/api/articles/bulk/,14.38,34,0,
2026-05-16T15:32:36.746950,POST,/api/articles/analyze/,3.71,58,0,
2026-05-16T15:32:36.750447,POST,/api/articles/bulk/,12.59,34,0,
2026-05-16T15:32:36.753696,POST,/api/articles/bulk/,24.5,34,0,
2026-05-16T15:32:36.770850,POST,/api/articles/analyze/,2.91,58,0,
2026-05-16T15:32:36.784844,GET,/api/articles/list/small/,4.72,23002,0,
2026-05-16T15:32:36.801694,POST,/api/articles/analyze/,4.84,58,0,
2026-05-16T15:32:36.827897,GET,/api/articles/list/small/,4.94,23002,0,
2026-05-16T15:32:36.828935,POST,/api/articles/analyze/,3.27,58,0,
2026-05-16T15:32:36.835241,GET,/api/articles/list/large/,36.85,471824,0,
2026-05-16T15:32:36.847591,POST,/api/articles/analyze/,3.05,58,0,
2026-05-16T15:32:36.872688,POST,/api/articles/analyze/,2.83,58,0,
2026-05-16T15:32:36.894092,POST,/api/articles/bulk/,7.6,34,0,
2026-05-16T15:32:36.916835,GET,/api/articles/list/large/,34.22,471824,0,
2026-05-16T15:32:36.918046,GET,/api/articles/list/large/,36.07,471824,0,
2026-05-16T15:32:36.918790,POST,/api/articles/bulk/,7.91,34,0,
2026-05-16T15:32:36.943403,GET,/api/articles/list/large/,35.01,471824,0,
2026-05-16T15:32:36.964579,GET,/api/articles/list/small/,4.89,23002,0,
2026-05-16T15:32:36.966899,POST,/api/articles/analyze/,3.51,58,0,
2026-05-16T15:32:37.021708,POST,/api/articles/analyze/,2.84,58,0,
2026-05-16T15:32:37.023256,POST,/api/articles/bulk/,7.39,34,0,
2026-05-16T15:32:37.024377,GET,/api/articles/list/large/,38.82,471824,0,
2026-05-16T15:32:37.058687,GET,/api/articles/list/small/,4.24,23002,0,
2026-05-16T15:32:37.065865,POST,/api/articles/analyze/,2.86,58,0,
2026-05-16T15:32:37.072822,GET,/api/articles/list/small/,4.72,23002,0,
2026-05-16T15:32:37.080052,POST,/api/articles/analyze/,2.96,58,0,
2026-05-16T15:32:37.083565,GET,/api/articles/list/large/,34.91,471824,0,
2026-05-16T15:32:37.091003,POST,/api/articles/analyze/,3.14,58,0,
2026-05-16T15:32:37.096914,POST,/api/articles/analyze/,2.68,58,0,
2026-05-16T15:32:37.127946,POST,/api/articles/bulk/,12.75,34,0,
2026-05-16T15:32:37.139155,GET,/api/articles/list/small/,4.92,23002,0,
2026-05-16T15:32:37.152714,GET,/api/articles/list/large/,34.5,471824,0,
2026-05-16T15:32:37.189069,GET,/api/articles/list/small/,5.35,23002,0,
2026-05-16T15:32:37.190317,POST,/api/articles/bulk/,12.73,34,0,
2026-05-16T15:32:37.191746,GET,/api/articles/list/large/,38.88,471824,0,
2026-05-16T15:32:37.199394,GET,/api/articles/list/small/,4.98,23002,0,
2026-05-16T15:32:37.225478,GET,/api/articles/list/large/,36.26,471824,0,
2026-05-16T15:32:37.231589,POST,/api/articles/analyze/,3.77,58,0,
2026-05-16T15:32:37.256945,GET,/api/articles/list/small/,4.78,23002,0,
2026-05-16T15:32:37.267866,GET,/api/articles/list/small/,4.61,23002,0,
2026-05-16T15:32:37.292451,POST,/api/articles/bulk/,7.32,34,0,
2026-05-16T15:32:37.292869,POST,/api/articles/analyze/,2.62,58,0,
2026-05-16T15:32:37.297648,POST,/api/articles/analyze/,2.56,58,0,
2026-05-16T15:32:37.303026,GET,/api/articles/list/small/,4.14,23002,0,
2026-05-16T15:32:37.308767,POST,/api/articles/analyze/,2.47,58,0,
2026-05-16T15:32:37.322250,POST,/api/articles/bulk/,7.2,34,0,
2026-05-16T15:32:37.338310,POST,/api/articles/analyze/,2.8,58,0,
2026-05-16T15:32:37.350138,POST,/api/articles/bulk/,7.14,34,0,
2026-05-16T15:32:37.353251,POST,/api/articles/bulk/,8.67,34,0,
2026-05-16T15:32:37.357839,GET,/api/articles/list/small/,5.47,23002,0,
2026-05-16T15:32:37.362762,POST,/api/articles/bulk/,7.66,34,0,
2026-05-16T15:32:37.368746,GET,/api/articles/list/small/,4.79,23002,0,
2026-05-16T15:32:37.374519,GET,/api/articles/list/large/,34.97,471824,0,
2026-05-16T15:32:37.376237,POST,/api/articles/analyze/,3.49,58,0,
2026-05-16T15:32:37.395379,GET,/api/articles/list/large/,38.88,471824,0,
2026-05-16T15:32:37.403606,POST,/api/articles/bulk/,13.39,34,0,
2026-05-16T15:32:37.404086,POST,/api/articles/bulk/,12.54,34,0,
2026-05-16T15:32:37.407152,POST,/api/articles/bulk/,7.49,34,0,
2026-05-16T15:32:37.409263,POST,/api/articles/analyze/,3.02,58,0,
2026-05-16T15:32:37.421730,GET,/api/articles/list/large/,40.28,471824,0,
2026-05-16T15:32:37.424742,POST,/api/articles/analyze/,2.87,58,0,
2026-05-16T15:32:37.476191,GET,/api/articles/list/large/,35.18,471824,0,
2026-05-16T15:32:37.485109,GET,/api/articles/list/small/,11.55,23002,0,
2026-05-16T15:32:37.490656,POST,/api/articles/bulk/,16.47,34,0,
2026-05-16T15:32:37.512478,POST,/api/articles/analyze/,3.06,58,0,
2026-05-16T15:32:37.513736,GET,/api/articles/list/small/,5.75,23002,0,
2026-05-16T15:32:37.520426,GET,/api/articles/list/large/,49.62,471824,0,
2026-05-16T15:32:37.545763,POST,/api/articles/bulk/,8.01,34,0,
2026-05-16T15:32:37.555412,GET,/api/articles/list/large/,36.85,471824,0,
2026-05-16T15:32:37.556684,GET,/api/articles/list/large/,36.06,471824,0,
2026-05-16T15:32:37.557171,POST,/api/articles/analyze/,5.18,58,0,
2026-05-16T15:32:37.559846,GET,/api/articles/list/large/,34.73,471824,0,
2026-05-16T15:32:37.573456,GET,/api/articles/list/small/,5.29,23002,0,
2026-05-16T15:32:37.586347,POST,/api/articles/analyze/,3.2,58,0,
2026-05-16T15:32:37.597188,POST,/api/articles/bulk/,7.58,34,0,
2026-05-16T15:32:37.605513,GET,/api/articles/list/large/,36.78,471824,0,
2026-05-16T15:32:37.609602,GET,/api/articles/list/large/,36.0,471824,0,
2026-05-16T15:32:37.616010,POST,/api/articles/bulk/,9.0,34,0,
2026-05-16T15:32:37.616484,POST,/api/articles/analyze/,3.03,58,0,
2026-05-16T15:32:37.623217,POST,/api/articles/analyze/,3.04,58,0,
2026-05-16T15:32:37.624793,GET,/api/articles/list/small/,5.12,23002,0,
2026-05-16T15:32:37.639779,POST,/api/articles/analyze/,2.8,58,0,
2026-05-16T15:32:37.641707,GET,/api/articles/list/large/,36.01,471824,0,
2026-05-16T15:32:37.642261,POST,/api/articles/bulk/,9.08,34,0,
2026-05-16T15:32:37.659114,GET,/api/articles/list/small/,4.99,23002,0,
2026-05-16T15:32:37.667712,GET,/api/articles/list/large/,35.65,471824,0,
2026-05-16T15:32:37.685992,GET,/api/articles/list/large/,34.47,471824,0,
2026-05-16T15:32:37.693433,POST,/api/articles/bulk/,7.28,34,0,
2026-05-16T15:32:37.706330,GET,/api/articles/list/small/,4.7,23002,0,
2026-05-16T15:32:37.728434,POST,/api/articles/bulk/,9.72,34,0,
2026-05-16T15:32:37.734345,POST,/api/articles/bulk/,13.89,34,0,
2026-05-16T15:32:37.745723,POST,/api/articles/bulk/,16.72,34,0,
2026-05-16T15:32:37.759614,GET,/api/articles/list/small/,5.67,23002,0,
2026-05-16T15:32:37.791046,GET,/api/articles/list/large/,33.27,471824,0,
2026-05-16T15:32:37.803261,GET,/api/articles/list/large/,34.41,471824,0,
2026-05-16T15:32:37.807446,POST,/api/articles/bulk/,7.63,34,0,
2026-05-16T15:32:37.811629,POST,/api/articles/bulk/,8.23,34,0,
2026-05-16T15:32:37.824411,POST,/api/articles/bulk/,7.54,34,0,
2026-05-16T15:32:37.828233,GET,/api/articles/list/large/,34.89,471824,0,
2026-05-16T15:32:37.830472,POST,/api/articles/analyze/,4.78,58,0,
2026-05-16T15:32:37.836712,POST,/api/articles/bulk/,10.38,34,0,
2026-05-16T15:32:37.838891,GET,/api/articles/list/large/,34.13,471824,0,
2026-05-16T15:32:37.845083,GET,/api/articles/list/small/,4.96,23002,0,
2026-05-16T15:32:37.845585,GET,/api/articles/list/small/,4.46,23002,0,
2026-05-16T15:32:37.847773,GET,/api/articles/list/small/,4.47,23002,0,
2026-05-16T15:32:37.848214,POST,/api/articles/analyze/,2.53,58,0,
2026-05-16T15:32:37.849582,GET,/api/articles/list/large/,39.9,471824,0,
2026-05-16T15:32:37.877382,POST,/api/articles/analyze/,3.0,58,0,
2026-05-16T15:32:37.891551,GET,/api/articles/list/large/,34.74,471824,0,
2026-05-16T15:32:37.892123,GET,/api/articles/list/small/,5.56,23002,0,
2026-05-16T15:32:37.905265,POST,/api/articles/bulk/,7.31,34,0,
2026-05-16T15:32:37.914547,GET,/api/articles/list/large/,34.95,471824,0,
2026-05-16T15:32:37.916462,GET,/api/articles/list/large/,34.39,471824,0,
2026-05-16T15:32:37.918641,POST,/api/articles/analyze/,3.95,58,0,
2026-05-16T15:32:37.928879,GET,/api/articles/list/large/,34.55,471824,0,
2026-05-16T15:32:37.956780,GET,/api/articles/list/large/,39.03,471824,0,
2026-05-16T15:32:37.961476,GET,/api/articles/list/small/,4.55,23002,0,
2026-05-16T15:32:37.973970,GET,/api/articles/list/large/,34.78,471824,0,
2026-05-16T15:32:37.981140,POST,/api/articles/analyze/,9.37,58,0,
2026-05-16T15:32:37.988194,GET,/api/articles/list/large/,41.34,471824,0,
2026-05-16T15:32:37.990902,POST,/api/articles/analyze/,5.45,58,0,
2026-05-16T15:32:37.998991,POST,/api/articles/analyze/,2.9,58,0,
2026-05-16T15:32:38.017031,POST,/api/articles/analyze/,3.77,58,0,
2026-05-16T15:32:38.022323,GET,/api/articles/list/large/,36.28,471824,0,
2026-05-16T15:32:38.023581,GET,/api/articles/list/large/,35.21,471824,0,
2026-05-16T15:32:38.024065,POST,/api/articles/bulk/,8.33,34,0,
2026-05-16T15:32:38.052660,POST,/api/articles/bulk/,7.36,34,0,
2026-05-16T15:32:38.076217,POST,/api/articles/bulk/,8.28,34,0,
2026-05-16T15:32:38.082662,POST,/api/articles/bulk/,7.74,34,0,
2026-05-16T15:32:38.087207,POST,/api/articles/bulk/,7.99,34,0,
2026-05-16T15:32:38.087648,POST,/api/articles/bulk/,7.66,34,0,
2026-05-16T15:32:38.126823,GET,/api/articles/list/large/,34.92,471824,0,
2026-05-16T15:32:38.134387,GET,/api/articles/list/large/,34.87,471824,0,
2026-05-16T15:32:38.157234,GET,/api/articles/list/small/,4.56,23002,0,
2026-05-16T15:32:38.159937,GET,/api/articles/list/large/,35.01,471824,0,
2026-05-16T15:32:38.167531,GET,/api/articles/list/large/,37.12,471824,0,
2026-05-16T15:32:38.174185,POST,/api/articles/bulk/,9.0,34,0,
2026-05-16T15:32:38.176055,POST,/api/articles/bulk/,7.57,34,0,
2026-05-16T15:32:38.232866,POST,/api/articles/analyze/,10.33,58,0,
2026-05-16T15:32:38.238335,GET,/api/articles/list/large/,41.88,471824,0,
2026-05-16T15:32:38.238922,GET,/api/articles/list/small/,7.51,23002,0,
2026-05-16T15:32:38.240903,GET,/api/articles/list/large/,39.72,471824,0,
2026-05-16T15:32:38.257740,GET,/api/articles/list/large/,42.98,471824,0,
2026-05-16T15:32:38.260577,GET,/api/articles/list/large/,45.07,471824,0,
2026-05-16T15:32:38.262382,GET,/api/articles/list/small/,4.5,23002,0,
2026-05-16T15:32:38.275037,GET,/api/articles/list/small/,4.4,23002,0,
2026-05-16T15:32:38.278738,GET,/api/articles/list/large/,33.63,471824,0,
2026-05-16T15:32:38.305464,GET,/api/articles/list/small/,4.51,23002,0,
2026-05-16T15:32:38.314756,POST,/api/articles/bulk/,7.05,34,0,
2026-05-16T15:32:38.323590,GET,/api/articles/list/large/,33.47,471824,0,
2026-05-16T15:32:38.340360,POST,/api/articles/bulk/,7.34,34,0,
2026-05-16T15:32:38.364756,POST,/api/articles/analyze/,2.74,58,0,
2026-05-16T15:32:38.365224,POST,/api/articles/analyze/,3.77,58,0,
2026-05-16T15:32:38.370521,POST,/api/articles/analyze/,4.06,58,0,
2026-05-16T15:32:38.372544,GET,/api/articles/list/small/,5.41,23002,0,
2026-05-16T15:32:38.376417,GET,/api/articles/list/small/,5.39,23002,0,
2026-05-16T15:32:38.377773,POST,/api/articles/bulk/,8.66,34,0,
2026-05-16T15:32:38.388137,GET,/api/articles/list/large/,35.32,471824,0,
2026-05-16T15:32:38.390379,POST,/api/articles/bulk/,9.44,34,0,
2026-05-16T15:32:38.404199,GET,/api/articles/list/small/,4.54,23002,0,
2026-05-16T15:32:38.413385,GET,/api/articles/list/large/,36.82,471824,0,
2026-05-16T15:32:38.416525,GET,/api/articles/list/large/,38.2,471824,0,
2026-05-16T15:32:38.422548,GET,/api/articles/list/small/,4.61,23002,0,
2026-05-16T15:32:38.452844,GET,/api/articles/list/large/,33.32,471824,0,
2026-05-16T15:32:38.513771,GET,/api/articles/list/small/,4.46,23002,0,
2026-05-16T15:32:38.526487,POST,/api/articles/bulk/,7.46,34,0,
2026-05-16T15:32:38.528002,GET,/api/articles/list/large/,35.81,471824,0,
2026-05-16T15:32:38.529961,GET,/api/articles/list/small/,4.94,23002,0,
2026-05-16T15:32:38.531946,GET,/api/articles/list/large/,34.01,471824,0,
2026-05-16T15:32:38.546735,GET,/api/articles/list/small/,4.61,23002,0,
2026-05-16T15:32:38.578477,GET,/api/articles/list/large/,33.62,471824,0,
2026-05-16T15:32:38.601475,POST,/api/articles/bulk/,8.73,34,0,
2026-05-16T15:32:38.601965,POST,/api/articles/bulk/,8.42,34,0,
2026-05-16T15:32:38.618594,POST,/api/articles/bulk/,7.42,34,0,
2026-05-16T15:32:38.632969,GET,/api/articles/list/small/,4.44,23002,0,
2026-05-16T15:32:38.648139,POST,/api/articles/analyze/,2.92,58,0,
2026-05-16T15:32:38.660663,GET,/api/articles/list/small/,7.26,23002,0,
2026-05-16T15:32:38.663099,POST,/api/articles/bulk/,7.76,34,0,
2026-05-16T15:32:38.667502,GET,/api/articles/list/large/,39.48,471824,0,
2026-05-16T15:32:38.676295,GET,/api/articles/list/small/,4.53,23002,0,
2026-05-16T15:32:38.677021,POST,/api/articles/analyze/,2.48,58,0,
2026-05-16T15:32:38.729170,POST,/api/articles/bulk/,12.75,34,0,
2026-05-16T15:32:38.729631,POST,/api/articles/analyze/,6.01,58,0,
2026-05-16T15:32:38.734791,POST,/api/articles/bulk/,8.53,34,0,
2026-05-16T15:32:38.744288,GET,/api/articles/list/small/,5.38,23002,0,
2026-05-16T15:32:38.746509,POST,/api/articles/bulk/,7.12,34,0,
2026-05-16T15:32:38.768269,GET,/api/articles/list/large/,34.39,471824,0,
2026-05-16T15:32:38.782929,GET,/api/articles/list/large/,34.22,471824,0,
2026-05-16T15:32:38.788340,GET,/api/articles/list/large/,34.08,471824,0,
2026-05-16T15:32:38.798639,GET,/api/articles/list/large/,38.78,471824,0,
2026-05-16T15:32:38.799833,POST,/api/articles/bulk/,8.61,34,0,
2026-05-16T15:32:38.803816,POST,/api/articles/bulk/,9.36,34,0,
2026-05-16T15:32:38.813318,POST,/api/articles/bulk/,9.36,34,0,
2026-05-16T15:32:38.814618,GET,/api/articles/list/large/,42.05,471824,0,
2026-05-16T15:32:38.829530,GET,/api/articles/list/small/,4.63,23002,0,
2026-05-16T15:32:38.832272,GET,/api/articles/list/small/,4.72,23002,0,
2026-05-16T15:32:38.845557,GET,/api/articles/list/large/,40.36,471824,0,
2026-05-16T15:32:38.851723,GET,/api/articles/list/large/,43.06,471824,0,
2026-05-16T15:32:38.857216,POST,/api/articles/bulk/,11.22,34,0,
2026-05-16T15:32:38.860210,POST,/api/articles/analyze/,4.23,58,0,
2026-05-16T15:32:38.863697,GET,/api/articles/list/large/,58.96,471824,0,
2026-05-16T15:32:38.868010,GET,/api/articles/list/large/,58.76,471824,0,
2026-05-16T15:32:38.870047,POST,/api/articles/bulk/,11.04,34,0,
2026-05-16T15:32:38.873845,POST,/api/articles/analyze/,2.57,58,0,
2026-05-16T15:32:38.880545,GET,/api/articles/list/large/,37.03,471824,0,
2026-05-16T15:32:38.896033,GET,/api/articles/list/small/,4.59,23002,0,
2026-05-16T15:32:38.905721,POST,/api/articles/analyze/,4.74,58,0,
2026-05-16T15:32:38.910104,GET,/api/articles/list/small/,5.99,23002,0,
2026-05-16T15:32:38.912695,POST,/api/articles/bulk/,9.37,34,0,
2026-05-16T15:32:38.918238,GET,/api/articles/list/large/,34.4,471824,0,
2026-05-16T15:32:38.932093,GET,/api/articles/list/large/,34.81,471824,0,
2026-05-16T15:32:38.939546,GET,/api/articles/list/large/,35.03,471824,0,
2026-05-16T15:32:38.943933,POST,/api/articles/bulk/,7.57,34,0,
2026-05-16T15:32:38.955522,GET,/api/articles/list/large/,35.07,471824,0,
2026-05-16T15:32:38.959532,POST,/api/articles/analyze/,3.87,58,0,
2026-05-16T15:32:38.965659,POST,/api/articles/bulk/,7.47,34,0,
2026-05-16T15:32:38.980895,POST,/api/articles/analyze/,2.95,58,0,
2026-05-16T15:32:39.010980,GET,/api/articles/list/large/,38.71,471824,0,
2026-05-16T15:32:39.023345,POST,/api/articles/bulk/,7.14,34,0,
2026-05-16T15:32:39.029056,GET,/api/articles/list/large/,40.93,471824,0,
2026-05-16T15:32:39.041746,POST,/api/articles/bulk/,9.39,34,0,
2026-05-16T15:32:39.043476,POST,/api/articles/analyze/,2.8,58,0,
2026-05-16T15:32:39.053194,GET,/api/articles/list/small/,4.51,23002,0,
2026-05-16T15:32:39.059365,POST,/api/articles/analyze/,2.86,58,0,
2026-05-16T15:32:39.066115,GET,/api/articles/list/small/,4.47,23002,0,
2026-05-16T15:32:39.074895,POST,/api/articles/analyze/,2.74,58,0,
2026-05-16T15:32:39.083837,POST,/api/articles/bulk/,7.71,34,0,
2026-05-16T15:32:39.091591,POST,/api/articles/analyze/,3.44,58,0,
2026-05-16T15:32:39.104770,GET,/api/articles/list/large/,35.37,471824,0,
2026-05-16T15:32:39.105313,POST,/api/articles/analyze/,4.43,58,0,
2026-05-16T15:32:39.109075,POST,/api/articles/bulk/,9.05,34,0,
2026-05-16T15:32:39.110157,POST,/api/articles/bulk/,8.22,34,0,
2026-05-16T15:32:39.114642,POST,/api/articles/bulk/,8.08,34,0,
2026-05-16T15:32:39.133330,GET,/api/articles/list/large/,44.56,471824,0,
2026-05-16T15:32:39.148135,GET,/api/articles/list/large/,36.77,471824,0,
2026-05-16T15:32:39.148760,GET,/api/articles/list/small/,6.45,23002,0,
2026-05-16T15:32:39.149279,GET,/api/articles/list/small/,8.66,23002,0,
2026-05-16T15:32:39.157122,POST,/api/articles/bulk/,7.74,34,0,
2026-05-16T15:32:39.160529,GET,/api/articles/list/large/,42.6,471824,0,
2026-05-16T15:32:39.171522,GET,/api/articles/list/large/,47.05,471824,0,
2026-05-16T15:32:39.173329,POST,/api/articles/bulk/,7.53,34,0,
2026-05-16T15:32:39.182159,POST,/api/articles/bulk/,7.58,34,0,
2026-05-16T15:32:39.188853,POST,/api/articles/analyze/,2.65,58,0,
2026-05-16T15:32:39.192726,POST,/api/articles/bulk/,8.32,34,0,
2026-05-16T15:32:39.220669,GET,/api/articles/list/large/,40.81,471824,0,
2026-05-16T15:32:39.233638,POST,/api/articles/analyze/,3.85,58,0,
2026-05-16T15:32:39.237145,POST,/api/articles/bulk/,15.91,34,0,
2026-05-16T15:32:39.238277,POST,/api/articles/bulk/,9.23,34,0,
2026-05-16T15:32:39.238774,POST,/api/articles/bulk/,10.84,34,0,
2026-05-16T15:32:39.250727,POST,/api/articles/bulk/,7.24,34,0,
2026-05-16T15:32:39.264991,POST,/api/articles/analyze/,3.05,58,0,
2026-05-16T15:32:39.267638,GET,/api/articles/list/large/,43.25,471824,0,
2026-05-16T15:32:39.272604,GET,/api/articles/list/large/,35.32,471824,0,
2026-05-16T15:32:39.285618,GET,/api/articles/list/small/,4.79,23002,0,
2026-05-16T15:32:39.325692,POST,/api/articles/analyze/,3.0,58,0,
2026-05-16T15:32:39.330946,POST,/api/articles/analyze/,2.98,58,0,
2026-05-16T15:32:39.340097,GET,/api/articles/list/large/,34.04,471824,0,
2026-05-16T15:32:39.347881,POST,/api/articles/bulk/,7.64,34,0,
2026-05-16T15:32:39.379070,POST,/api/articles/bulk/,9.11,34,0,
2026-05-16T15:32:39.382979,GET,/api/articles/list/small/,5.19,23002,0,
2026-05-16T15:32:39.403266,GET,/api/articles/list/large/,36.13,471824,0,
2026-05-16T15:32:39.405374,POST,/api/articles/analyze/,5.1,58,0,
2026-05-16T15:32:39.416624,GET,/api/articles/list/large/,35.91,471824,0,
2026-05-16T15:32:39.417298,GET,/api/articles/list/small/,9.69,23002,0,
2026-05-16T15:32:39.417758,GET,/api/articles/list/small/,6.73,23002,0,
2026-05-16T15:32:39.419589,POST,/api/articles/bulk/,10.9,34,0,
2026-05-16T15:32:39.420982,POST,/api/articles/bulk/,11.15,34,0,
2026-05-16T15:32:39.426955,POST,/api/articles/bulk/,9.09,34,0,
2026-05-16T15:32:39.430927,POST,/api/articles/analyze/,2.75,58,0,
2026-05-16T15:32:39.447903,GET,/api/articles/list/small/,4.59,23002,0,
2026-05-16T15:32:39.457778,POST,/api/articles/bulk/,8.61,34,0,
2026-05-16T15:32:39.458298,POST,/api/articles/analyze/,3.0,58,0,
2026-05-16T15:32:39.460456,POST,/api/articles/bulk/,8.22,34,0,
2026-05-16T15:32:39.474800,POST,/api/articles/analyze/,7.8,58,0,
2026-05-16T15:32:39.510022,GET,/api/articles/list/large/,38.24,471824,0,
2026-05-16T15:32:39.539358,GET,/api/articles/list/large/,36.08,471824,0,
2026-05-16T15:32:39.546900,POST,/api/articles/analyze/,4.25,58,0,
2026-05-16T15:32:39.550310,POST,/api/articles/bulk/,9.6,34,0,
2026-05-16T15:32:39.551076,GET,/api/articles/list/small/,5.44,23002,0,
2026-05-16T15:32:39.591272,POST,/api/articles/analyze/,9.27,58,0,
2026-05-16T15:32:39.599033,GET,/api/articles/list/large/,63.67,471824,0,
2026-05-16T15:32:39.599898,GET,/api/articles/list/small/,16.55,23002,0,
2026-05-16T15:32:39.602491,POST,/api/articles/bulk/,22.71,34,0,
2026-05-16T15:32:39.603610,GET,/api/articles/list/large/,47.15,471824,0,
2026-05-16T15:32:39.612895,GET,/api/articles/list/large/,43.0,471824,0,
2026-05-16T15:32:39.613903,GET,/api/articles/list/small/,4.97,23002,0,
2026-05-16T15:32:39.625108,GET,/api/articles/list/large/,50.7,471824,0,
2026-05-16T15:32:39.633635,GET,/api/articles/list/large/,49.6,471824,0,
2026-05-16T15:32:39.645427,POST,/api/articles/bulk/,9.37,34,0,
2026-05-16T15:32:39.648021,POST,/api/articles/analyze/,3.9,58,0,
2026-05-16T15:32:39.678803,GET,/api/articles/list/small/,5.45,23002,0,
2026-05-16T15:32:39.682550,GET,/api/articles/list/small/,6.08,23002,0,
2026-05-16T15:32:39.685559,GET,/api/articles/list/large/,39.97,471824,0,
2026-05-16T15:32:39.690162,POST,/api/articles/bulk/,9.16,34,0,
2026-05-16T15:32:39.701668,GET,/api/articles/list/small/,5.13,23002,0,
2026-05-16T15:32:39.725162,POST,/api/articles/analyze/,3.75,58,0,
2026-05-16T15:32:39.782222,GET,/api/articles/list/small/,4.76,23002,0,
2026-05-16T15:32:39.792201,POST,/api/articles/bulk/,9.84,34,0,
2026-05-16T15:32:39.800386,GET,/api/articles/list/small/,4.91,23002,0,
2026-05-16T15:32:39.808164,POST,/api/articles/analyze/,4.3,58,0,
2026-05-16T15:32:39.822420,GET,/api/articles/list/large/,39.3,471824,0,
2026-05-16T15:32:39.840857,POST,/api/articles/bulk/,9.12,34,0,
2026-05-16T15:32:39.844963,POST,/api/articles/bulk/,8.43,34,0,
2026-05-16T15:32:39.852341,GET,/api/articles/list/large/,45.35,471824,0,
2026-05-16T15:32:39.854659,POST,/api/articles/analyze/,7.42,58,0,
2026-05-16T15:32:39.872691,GET,/api/articles/list/small/,4.74,23002,0,
2026-05-16T15:32:39.901390,GET,/api/articles/list/small/,6.4,23002,0,
2026-05-16T15:32:39.919568,POST,/api/articles/bulk/,8.18,34,0,
2026-05-16T15:32:39.934909,GET,/api/articles/list/small/,7.04,23002,0,
2026-05-16T15:32:39.949529,GET,/api/articles/list/large/,38.74,471824,0,
2026-05-16T15:32:39.955992,GET,/api/articles/list/small/,5.16,23002,0,
2026-05-16T15:32:39.983901,POST,/api/articles/analyze/,5.07,58,0,
2026-05-16T15:32:39.989562,GET,/api/articles/list/small/,11.32,23002,0,
2026-05-16T15:32:39.993290,GET,/api/articles/list/large/,64.83,471824,0,
2026-05-16T15:32:40.000233,GET,/api/articles/list/large/,71.14,471824,0,
2026-05-16T15:32:40.001139,GET,/api/articles/list/small/,11.42,23002,0,
2026-05-16T15:32:40.012219,GET,/api/articles/list/large/,55.0,471824,0,
2026-05-16T15:32:40.018139,GET,/api/articles/list/large/,64.18,471824,0,
2026-05-16T15:32:40.027488,GET,/api/articles/list/small/,6.02,23002,0,
2026-05-16T15:32:40.038006,GET,/api/articles/list/small/,5.04,23002,0,
2026-05-16T15:32:40.042733,GET,/api/articles/list/small/,4.53,23002,0,
2026-05-16T15:32:40.044391,POST,/api/articles/bulk/,8.57,34,0,
2026-05-16T15:32:40.062485,POST,/api/articles/bulk/,7.81,34,0,
2026-05-16T15:32:40.063631,POST,/api/articles/analyze/,3.64,58,0,
2026-05-16T15:32:40.067049,POST,/api/articles/analyze/,4.42,58,0,
2026-05-16T15:32:40.075498,POST,/api/articles/bulk/,8.31,34,0,
2026-05-16T15:32:40.077973,GET,/api/articles/list/small/,5.79,23002,0,
2026-05-16T15:32:40.082723,POST,/api/articles/bulk/,9.26,34,0,
2026-05-16T15:32:40.085706,GET,/api/articles/list/small/,5.68,23002,0,
2026-05-16T15:32:40.087286,POST,/api/articles/bulk/,9.19,34,0,
2026-05-16T15:32:40.089619,POST,/api/articles/analyze/,5.63,58,0,
2026-05-16T15:32:40.101794,GET,/api/articles/list/large/,37.96,471824,0,
2026-05-16T15:32:40.125737,GET,/api/articles/list/large/,40.99,471824,0,
2026-05-16T15:32:40.126521,POST,/api/articles/bulk/,10.64,34,0,
2026-05-16T15:32:40.127055,GET,/api/articles/list/small/,9.28,23002,0,
2026-05-16T15:32:40.132386,POST,/api/articles/bulk/,13.5,34,0,
2026-05-16T15:32:40.136202,GET,/api/articles/list/small/,6.89,23002,0,
2026-05-16T15:32:40.147555,POST,/api/articles/bulk/,12.83,34,0,
2026-05-16T15:32:40.148518,GET,/api/articles/list/small/,10.04,23002,0,
2026-05-16T15:32:40.149870,GET,/api/articles/list/large/,39.85,471824,0,
2026-05-16T15:32:40.152316,POST,/api/articles/analyze/,12.17,58,0,
2026-05-16T15:32:40.155038,POST,/api/articles/analyze/,3.64,58,0,
2026-05-16T15:32:40.156698,GET,/api/articles/list/large/,43.88,471824,0,
2026-05-16T15:32:40.162522,GET,/api/articles/list/large/,48.83,471824,0,
2026-05-16T15:32:40.163693,POST,/api/articles/analyze/,6.25,58,0,
2026-05-16T15:32:40.167852,GET,/api/articles/list/small/,8.62,23002,0,
2026-05-16T15:32:40.173075,POST,/api/articles/analyze/,2.97,58,0,
2026-05-16T15:32:40.180021,POST,/api/articles/analyze/,3.72,58,0,
2026-05-16T15:32:40.186806,GET,/api/articles/list/large/,50.45,471824,0,
2026-05-16T15:32:40.195381,POST,/api/articles/analyze/,3.34,58,0,
2026-05-16T15:32:40.196855,GET,/api/articles/list/large/,40.01,471824,0,
2026-05-16T15:32:40.227858,POST,/api/articles/bulk/,7.74,34,0,
2026-05-16T15:32:40.229540,POST,/api/articles/analyze/,2.74,58,0,
2026-05-16T15:32:40.236289,POST,/api/articles/analyze/,2.57,58,0,
2026-05-16T15:32:40.259505,GET,/api/articles/list/large/,35.18,471824,0,
2026-05-16T15:32:40.288937,POST,/api/articles/bulk/,7.62,34,0,
2026-05-16T15:32:40.290327,GET,/api/articles/list/large/,34.8,471824,0,
2026-05-16T15:32:40.306377,GET,/api/articles/list/large/,34.64,471824,0,
2026-05-16T15:32:40.314034,POST,/api/articles/analyze/,3.48,58,0,
2026-05-16T15:32:40.315144,POST,/api/articles/bulk/,7.51,34,0,
2026-05-16T15:32:40.320159,POST,/api/articles/bulk/,7.32,34,0,
2026-05-16T15:32:40.338731,POST,/api/articles/bulk/,8.29,34,0,
2026-05-16T15:32:40.364659,POST,/api/articles/analyze/,2.8,58,0,
2026-05-16T15:32:40.365992,POST,/api/articles/bulk/,7.36,34,0,
2026-05-16T15:32:40.375502,GET,/api/articles/list/small/,4.95,23002,0,
2026-05-16T15:32:40.378483,POST,/api/articles/bulk/,7.32,34,0,
2026-05-16T15:32:40.388407,GET,/api/articles/list/small/,4.66,23002,0,
2026-05-16T15:32:40.393213,GET,/api/articles/list/large/,35.24,471824,0,
2026-05-16T15:32:40.406435,GET,/api/articles/list/large/,37.28,471824,0,
2026-05-16T15:32:40.414137,POST,/api/articles/bulk/,7.52,34,0,
2026-05-16T15:32:40.420199,POST,/api/articles/bulk/,7.63,34,0,
2026-05-16T15:32:40.466253,GET,/api/articles/list/small/,4.69,23002,0,
2026-05-16T15:32:40.481273,GET,/api/articles/list/small/,6.13,23002,0,
2026-05-16T15:32:40.481818,GET,/api/articles/list/small/,5.51,23002,0,
2026-05-16T15:32:40.485971,GET,/api/articles/list/small/,5.9,23002,0,
2026-05-16T15:32:40.491198,POST,/api/articles/bulk/,7.52,34,0,
2026-05-16T15:32:40.503439,POST,/api/articles/analyze/,2.95,58,0,
2026-05-16T15:32:40.504890,GET,/api/articles/list/large/,39.61,471824,0,
2026-05-16T15:32:40.513885,POST,/api/articles/analyze/,2.73,58,0,
2026-05-16T15:32:40.520023,GET,/api/articles/list/large/,33.92,471824,0,
2026-05-16T15:32:40.546022,POST,/api/articles/analyze/,2.73,58,0,
2026-05-16T15:32:40.575869,POST,/api/articles/bulk/,8.05,34,0,
2026-05-16T15:32:40.577833,GET,/api/articles/list/small/,4.29,23002,0,
2026-05-16T15:32:40.580998,GET,/api/articles/list/large/,33.67,471824,0,
2026-05-16T15:32:40.602742,GET,/api/articles/list/large/,33.48,471824,0,
2026-05-16T15:32:40.611077,POST,/api/articles/analyze/,4.04,58,0,
2026-05-16T15:32:40.623433,GET,/api/articles/list/large/,33.2,471824,0,
2026-05-16T15:32:40.632529,POST,/api/articles/analyze/,2.87,58,0,
2026-05-16T15:32:40.643401,POST,/api/articles/bulk/,7.24,34,0,
2026-05-16T15:32:40.667623,GET,/api/articles/list/large/,33.9,471824,0,
2026-05-16T15:32:40.687620,GET,/api/articles/list/small/,4.59,23002,0,
2026-05-16T15:32:40.692208,GET,/api/articles/list/small/,4.46,23002,0,
2026-05-16T15:32:40.730027,POST,/api/articles/analyze/,2.76,58,0,
2026-05-16T15:32:40.731742,POST,/api/articles/bulk/,7.57,34,0,
2026-05-16T15:32:40.754505,POST,/api/articles/bulk/,7.52,34,0,
2026-05-16T15:32:40.754948,POST,/api/articles/bulk/,8.88,34,0,
2026-05-16T15:32:40.787619,POST,/api/articles/analyze/,5.23,58,0,
2026-05-16T15:32:40.790051,POST,/api/articles/analyze/,3.73,58,0,
2026-05-16T15:32:40.791102,POST,/api/articles/bulk/,9.42,34,0,
2026-05-16T15:32:40.792434,POST,/api/articles/bulk/,11.53,34,0,
2026-05-16T15:32:40.802495,GET,/api/articles/list/small/,4.81,23002,0,
2026-05-16T15:32:40.814724,GET,/api/articles/list/large/,36.54,471824,0,
2026-05-16T15:32:40.818659,POST,/api/articles/analyze/,3.73,58,0,
2026-05-16T15:32:40.819112,POST,/api/articles/analyze/,3.04,58,0,
2026-05-16T15:32:40.824938,GET,/api/articles/list/large/,40.11,471824,0,
2026-05-16T15:32:40.839876,POST,/api/articles/bulk/,7.69,34,0,
2026-05-16T15:32:40.873270,GET,/api/articles/list/large/,36.94,471824,0,
2026-05-16T15:32:40.875632,POST,/api/articles/bulk/,9.41,34,0,
2026-05-16T15:32:40.882707,POST,/api/articles/bulk/,8.97,34,0,
2026-05-16T15:32:40.895933,POST,/api/articles/bulk/,7.97,34,0,
2026-05-16T15:32:40.912428,GET,/api/articles/list/large/,36.58,471824,0,
2026-05-16T15:32:40.916047,POST,/api/articles/analyze/,3.43,58,0,
2026-05-16T15:32:40.916754,POST,/api/articles/analyze/,2.82,58,0,
2026-05-16T15:32:40.931641,POST,/api/articles/bulk/,7.68,34,0,
2026-05-16T15:32:40.958922,POST,/api/articles/bulk/,19.94,34,0,
2026-05-16T15:32:40.960996,POST,/api/articles/analyze/,8.25,58,0,
2026-05-16T15:32:40.965038,GET,/api/articles/list/small/,9.08,23002,0,
2026-05-16T15:32:40.995337,GET,/api/articles/list/large/,46.16,471824,0,
2026-05-16T15:32:41.000385,GET,/api/articles/list/small/,7.67,23002,0,
2026-05-16T15:32:41.004646,POST,/api/articles/bulk/,9.12,34,0,
2026-05-16T15:32:41.013706,GET,/api/articles/list/large/,45.38,471824,0,
2026-05-16T15:32:41.016498,POST,/api/articles/bulk/,7.98,34,0,
2026-05-16T15:32:41.026526,POST,/api/articles/analyze/,2.78,58,0,
2026-05-16T15:32:41.031406,GET,/api/articles/list/large/,47.37,471824,0,
2026-05-16T15:32:41.040168,GET,/api/articles/list/large/,35.37,471824,0,
2026-05-16T15:32:41.052712,GET,/api/articles/list/small/,6.3,23002,0,
2026-05-16T15:32:41.064794,GET,/api/articles/list/large/,37.02,471824,0,
2026-05-16T15:32:41.066027,GET,/api/articles/list/large/,37.2,471824,0,
2026-05-16T15:32:41.069329,POST,/api/articles/bulk/,8.34,34,0,
2026-05-16T15:32:41.088645,GET,/api/articles/list/small/,5.12,23002,0,
2026-05-16T15:32:41.103879,GET,/api/articles/list/large/,35.53,471824,0,
2026-05-16T15:32:41.141178,POST,/api/articles/bulk/,9.05,34,0,
2026-05-16T15:32:41.146637,POST,/api/articles/bulk/,9.13,34,0,
2026-05-16T15:32:41.147333,POST,/api/articles/bulk/,8.2,34,0,
2026-05-16T15:32:41.168268,GET,/api/articles/list/small/,5.84,23002,0,
2026-05-16T15:32:41.169022,POST,/api/articles/bulk/,8.44,34,0,
2026-05-16T15:32:41.170817,POST,/api/articles/analyze/,3.63,58,0,
2026-05-16T15:32:41.185834,POST,/api/articles/bulk/,7.83,34,0,
2026-05-16T15:32:41.202785,POST,/api/articles/analyze/,6.3,58,0,
2026-05-16T15:32:41.203608,POST,/api/articles/analyze/,4.18,58,0,
2026-05-16T15:32:41.208281,GET,/api/articles/list/large/,44.47,471824,0,
2026-05-16T15:32:41.242148,POST,/api/articles/analyze/,2.74,58,0,
2026-05-16T15:32:41.269622,GET,/api/articles/list/large/,35.95,471824,0,
2026-05-16T15:32:41.276613,GET,/api/articles/list/large/,38.26,471824,0,
2026-05-16T15:32:41.287780,GET,/api/articles/list/large/,34.4,471824,0,
2026-05-16T15:32:41.329481,POST,/api/articles/analyze/,5.12,58,0,
2026-05-16T15:32:41.335052,GET,/api/articles/list/small/,8.5,23002,0,
2026-05-16T15:32:41.338409,POST,/api/articles/bulk/,10.61,34,0,
2026-05-16T15:32:41.346475,POST,/api/articles/analyze/,4.67,58,0,
2026-05-16T15:32:41.357162,GET,/api/articles/list/small/,6.15,23002,0,
2026-05-16T15:32:41.368045,GET,/api/articles/list/small/,6.88,23002,0,
2026-05-16T15:32:41.380442,POST,/api/articles/bulk/,18.01,34,0,
2026-05-16T15:32:41.388474,POST,/api/articles/bulk/,17.63,34,0,
2026-05-16T15:32:41.404555,GET,/api/articles/list/large/,47.2,471824,0,
2026-05-16T15:32:41.406222,POST,/api/articles/bulk/,10.44,34,0,
2026-05-16T15:32:41.413839,GET,/api/articles/list/large/,61.36,471824,0,
2026-05-16T15:32:41.425926,GET,/api/articles/list/large/,59.91,471824,0,
2026-05-16T15:32:41.432100,GET,/api/articles/list/small/,5.52,23002,0,
2026-05-16T15:32:41.461064,POST,/api/articles/analyze/,11.77,58,0,
2026-05-16T15:32:41.462276,GET,/api/articles/list/small/,25.79,23002,0,
2026-05-16T15:32:41.463529,GET,/api/articles/list/small/,23.23,23002,0,
2026-05-16T15:32:41.465931,GET,/api/articles/list/large/,61.13,471824,0,
2026-05-16T15:32:41.480197,POST,/api/articles/analyze/,5.82,58,0,
2026-05-16T15:32:41.485118,GET,/api/articles/list/small/,9.36,23002,0,
2026-05-16T15:32:41.487552,GET,/api/articles/list/small/,9.43,23002,0,
2026-05-16T15:32:41.511879,POST,/api/articles/analyze/,5.15,58,0,
2026-05-16T15:32:41.533714,POST,/api/articles/bulk/,15.34,34,0,
2026-05-16T15:32:41.560799,POST,/api/articles/analyze/,10.8,58,0,
2026-05-16T15:32:41.563190,POST,/api/articles/analyze/,9.61,58,0,
2026-05-16T15:32:41.583182,GET,/api/articles/list/large/,46.07,471824,0,
2026-05-16T15:32:41.592947,GET,/api/articles/list/small/,6.5,23002,0,
2026-05-16T15:32:41.597215,GET,/api/articles/list/large/,38.22,471824,0,
2026-05-16T15:32:41.607827,POST,/api/articles/analyze/,3.3,58,0,
2026-05-16T15:32:41.619605,POST,/api/articles/bulk/,7.52,34,0,
2026-05-16T15:32:41.664790,POST,/api/articles/bulk/,7.38,34,0,
2026-05-16T15:32:41.665703,POST,/api/articles/bulk/,9.17,34,0,
2026-05-16T15:32:41.669454,GET,/api/articles/list/small/,4.54,23002,0,
2026-05-16T15:32:41.676779,GET,/api/articles/list/large/,33.87,471824,0,
2026-05-16T15:32:41.686932,GET,/api/articles/list/small/,6.7,23002,0,
2026-05-16T15:32:41.704638,POST,/api/articles/bulk/,20.45,34,0,
2026-05-16T15:32:41.706550,POST,/api/articles/analyze/,13.9,58,0,
2026-05-16T15:32:41.707127,GET,/api/articles/list/small/,8.26,23002,0,
2026-05-16T15:32:41.709435,GET,/api/articles/list/small/,9.67,23002,0,
2026-05-16T15:32:41.709932,GET,/api/articles/list/small/,12.17,23002,0,
2026-05-16T15:32:41.711528,POST,/api/articles/bulk/,23.97,34,0,
2026-05-16T15:32:41.712107,POST,/api/articles/bulk/,11.24,34,0,
2026-05-16T15:32:41.727201,GET,/api/articles/list/small/,4.86,23002,0,
2026-05-16T15:32:41.733796,GET,/api/articles/list/small/,4.37,23002,0,
2026-05-16T15:32:41.736465,POST,/api/articles/analyze/,2.55,58,0,
2026-05-16T15:32:41.745264,POST,/api/articles/analyze/,2.45,58,0,
2026-05-16T15:32:41.753013,GET,/api/articles/list/small/,4.54,23002,0,
2026-05-16T15:32:41.773177,GET,/api/articles/list/small/,4.64,23002,0,
2026-05-16T15:32:41.778214,POST,/api/articles/bulk/,7.03,34,0,
2026-05-16T15:32:41.787377,POST,/api/articles/bulk/,7.8,34,0,
2026-05-16T15:32:41.811868,POST,/api/articles/bulk/,8.11,34,0,
2026-05-16T15:32:41.826963,POST,/api/articles/bulk/,7.66,34,0,
2026-05-16T15:32:41.831280,GET,/api/articles/list/small/,4.19,23002,0,
2026-05-16T15:32:41.866357,POST,/api/articles/analyze/,2.55,58,0,
2026-05-16T15:32:41.870639,POST,/api/articles/analyze/,3.01,58,0,
2026-05-16T15:32:41.875275,POST,/api/articles/analyze/,3.37,58,0,
2026-05-16T15:32:41.876546,GET,/api/articles/list/small/,4.15,23002,0,
2026-05-16T15:32:41.897724,GET,/api/articles/list/large/,35.13,471824,0,
2026-05-16T15:32:41.906833,POST,/api/articles/analyze/,2.82,58,0,
2026-05-16T15:32:41.928773,GET,/api/articles/list/large/,35.04,471824,0,
2026-05-16T15:32:41.942671,POST,/api/articles/analyze/,8.36,58,0,
2026-05-16T15:32:41.943649,POST,/api/articles/analyze/,6.88,58,0,
2026-05-16T15:32:41.956346,GET,/api/articles/list/large/,44.16,471824,0,
2026-05-16T15:32:41.968967,GET,/api/articles/list/large/,46.24,471824,0,
2026-05-16T15:32:41.971127,GET,/api/articles/list/small/,6.4,23002,0,
2026-05-16T15:32:41.972336,POST,/api/articles/bulk/,9.73,34,0,
2026-05-16T15:32:41.972780,POST,/api/articles/bulk/,9.38,34,0,
2026-05-16T15:32:41.974954,POST,/api/articles/analyze/,3.61,58,0,
2026-05-16T15:32:41.985042,POST,/api/articles/analyze/,4.87,58,0,
2026-05-16T15:32:41.988831,POST,/api/articles/bulk/,7.43,34,0,
2026-05-16T15:32:41.989658,POST,/api/articles/bulk/,8.96,34,0,
2026-05-16T15:32:41.993431,POST,/api/articles/analyze/,2.59,58,0,
2026-05-16T15:32:41.999783,GET,/api/articles/list/small/,4.13,23002,0,
2026-05-16T15:32:42.006543,GET,/api/articles/list/large/,37.42,471824,0,
2026-05-16T15:32:42.015590,POST,/api/articles/analyze/,2.75,58,0,
2026-05-16T15:32:42.033690,GET,/api/articles/list/small/,5.29,23002,0,
2026-05-16T15:32:42.044643,POST,/api/articles/analyze/,2.75,58,0,
2026-05-16T15:32:42.045105,POST,/api/articles/bulk/,7.16,34,0,
2026-05-16T15:32:42.063241,GET,/api/articles/list/large/,35.41,471824,0,
2026-05-16T15:32:42.063778,GET,/api/articles/list/small/,5.42,23002,0,
2026-05-16T15:32:42.089111,POST,/api/articles/analyze/,3.17,58,0,
2026-05-16T15:32:42.093229,POST,/api/articles/bulk/,8.12,34,0,
2026-05-16T15:32:42.120276,POST,/api/articles/bulk/,7.74,34,0,
2026-05-16T15:32:42.137782,POST,/api/articles/bulk/,8.17,34,0,
2026-05-16T15:32:42.144267,GET,/api/articles/list/large/,35.42,471824,0,
2026-05-16T15:32:42.145663,GET,/api/articles/list/large/,38.07,471824,0,
2026-05-16T15:32:42.158273,POST,/api/articles/analyze/,3.32,58,0,
2026-05-16T15:32:42.161585,POST,/api/articles/analyze/,3.17,58,0,
2026-05-16T15:32:42.202101,POST,/api/articles/analyze/,24.71,58,0,
2026-05-16T15:32:42.207899,GET,/api/articles/list/small/,17.59,23002,0,
2026-05-16T15:32:42.208712,POST,/api/articles/analyze/,10.36,58,0,
2026-05-16T15:32:42.211019,POST,/api/articles/bulk/,26.67,34,0,
2026-05-16T15:32:42.211536,GET,/api/articles/list/small/,8.51,23002,0,
2026-05-16T15:32:42.214291,POST,/api/articles/bulk/,33.58,34,0,
2026-05-16T15:32:42.218563,POST,/api/articles/analyze/,9.46,58,0,
2026-05-16T15:32:42.222572,GET,/api/articles/list/small/,9.7,23002,0,
2026-05-16T15:32:42.223114,POST,/api/articles/bulk/,11.41,34,0,
2026-05-16T15:32:42.231165,GET,/api/articles/list/large/,63.15,471824,0,
2026-05-16T15:32:42.256252,POST,/api/articles/analyze/,3.52,58,0,
2026-05-16T15:32:42.257071,POST,/api/articles/bulk/,10.51,34,0,
2026-05-16T15:32:42.283534,POST,/api/articles/analyze/,7.09,58,0,
2026-05-16T15:32:42.285163,POST,/api/articles/analyze/,11.65,58,0,
2026-05-16T15:32:42.287392,POST,/api/articles/bulk/,12.64,34,0,
2026-05-16T15:32:42.292570,GET,/api/articles/list/small/,14.43,23002,0,
2026-05-16T15:32:42.294491,GET,/api/articles/list/large/,43.76,471824,0,
2026-05-16T15:32:42.296376,POST,/api/articles/bulk/,17.09,34,0,
2026-05-16T15:32:42.300972,GET,/api/articles/list/small/,5.98,23002,0,
2026-05-16T15:32:42.310843,GET,/api/articles/list/large/,45.24,471824,0,
2026-05-16T15:32:42.328315,POST,/api/articles/analyze/,7.93,58,0,
2026-05-16T15:32:42.328891,POST,/api/articles/analyze/,7.28,58,0,
2026-05-16T15:32:42.330042,POST,/api/articles/analyze/,5.38,58,0,
2026-05-16T15:32:42.333642,GET,/api/articles/list/large/,43.85,471824,0,
2026-05-16T15:32:42.336603,POST,/api/articles/bulk/,10.14,34,0,
2026-05-16T15:32:42.347159,POST,/api/articles/bulk/,10.37,34,0,
2026-05-16T15:32:42.360358,POST,/api/articles/analyze/,5.21,58,0,
2026-05-16T15:32:42.361455,POST,/api/articles/bulk/,10.0,34,0,
2026-05-16T15:32:42.370258,GET,/api/articles/list/large/,39.99,471824,0,
2026-05-16T15:32:42.394359,POST,/api/articles/analyze/,2.79,58,0,
2026-05-16T15:32:42.406670,POST,/api/articles/analyze/,3.04,58,0,
2026-05-16T15:32:42.412615,POST,/api/articles/analyze/,2.73,58,0,
2026-05-16T15:32:42.421909,POST,/api/articles/analyze/,3.07,58,0,
2026-05-16T15:32:42.427509,POST,/api/articles/analyze/,5.39,58,0,
2026-05-16T15:32:42.433022,POST,/api/articles/analyze/,4.94,58,0,
2026-05-16T15:32:42.434517,GET,/api/articles/list/large/,55.95,471824,0,
2026-05-16T15:32:42.438092,GET,/api/articles/list/small/,8.91,23002,0,
2026-05-16T15:32:42.439754,GET,/api/articles/list/large/,56.6,471824,0,
2026-05-16T15:32:42.444042,POST,/api/articles/bulk/,7.93,34,0,
2026-05-16T15:32:42.453308,GET,/api/articles/list/small/,5.9,23002,0,
2026-05-16T15:32:42.456287,POST,/api/articles/bulk/,8.4,34,0,
2026-05-16T15:32:42.472846,POST,/api/articles/analyze/,2.55,58,0,
2026-05-16T15:32:42.473256,POST,/api/articles/analyze/,3.5,58,0,
2026-05-16T15:32:42.474034,POST,/api/articles/bulk/,7.44,34,0,
2026-05-16T15:32:42.482592,POST,/api/articles/bulk/,7.31,34,0,
2026-05-16T15:32:42.484336,GET,/api/articles/list/large/,35.18,471824,0,
2026-05-16T15:32:42.500318,POST,/api/articles/analyze/,2.76,58,0,
2026-05-16T15:32:42.500753,POST,/api/articles/bulk/,8.18,34,0,
2026-05-16T15:32:42.513589,GET,/api/articles/list/large/,34.47,471824,0,
2026-05-16T15:32:42.525352,POST,/api/articles/bulk/,7.36,34,0,
2026-05-16T15:32:42.553676,GET,/api/articles/list/small/,4.95,23002,0,
2026-05-16T15:32:42.560293,POST,/api/articles/bulk/,7.97,34,0,
2026-05-16T15:32:42.565683,POST,/api/articles/analyze/,3.12,58,0,
2026-05-16T15:32:42.593415,GET,/api/articles/list/large/,35.08,471824,0,
2026-05-16T15:32:42.600944,POST,/api/articles/bulk/,7.34,34,0,
2026-05-16T15:32:42.627600,GET,/api/articles/list/large/,36.27,471824,0,
2026-05-16T15:32:42.628128,GET,/api/articles/list/small/,5.27,23002,0,
2026-05-16T15:32:42.641084,POST,/api/articles/analyze/,3.06,58,0,
2026-05-16T15:32:42.642702,GET,/api/articles/list/large/,34.48,471824,0,
2026-05-16T15:32:42.647353,GET,/api/articles/list/small/,4.51,23002,0,
2026-05-16T15:32:42.670506,GET,/api/articles/list/large/,38.15,471824,0,
2026-05-16T15:32:42.680117,POST,/api/articles/bulk/,18.79,34,0,
2026-05-16T15:32:42.687875,POST,/api/articles/bulk/,19.87,34,0,
2026-05-16T15:32:42.688350,POST,/api/articles/bulk/,17.69,34,0,
2026-05-16T15:32:42.688764,POST,/api/articles/bulk/,8.2,34,0,
2026-05-16T15:32:42.693911,GET,/api/articles/list/large/,40.27,471824,0,
2026-05-16T15:32:42.701448,POST,/api/articles/bulk/,9.46,34,0,
2026-05-16T15:32:42.733912,GET,/api/articles/list/large/,35.96,471824,0,
2026-05-16T15:32:42.735341,POST,/api/articles/bulk/,8.33,34,0,
2026-05-16T15:32:42.738853,POST,/api/articles/analyze/,3.35,58,0,
2026-05-16T15:32:42.740189,GET,/api/articles/list/small/,5.92,23002,0,
2026-05-16T15:32:42.743189,POST,/api/articles/bulk/,13.07,34,0,
2026-05-16T15:32:42.759234,GET,/api/articles/list/large/,36.31,471824,0,
2026-05-16T15:32:42.760853,GET,/api/articles/list/large/,37.24,471824,0,
2026-05-16T15:32:42.816103,POST,/api/articles/analyze/,3.14,58,0,
2026-05-16T15:32:42.862350,POST,/api/articles/analyze/,3.0,58,0,
2026-05-16T15:32:42.868018,POST,/api/articles/analyze/,3.0,58,0,
2026-05-16T15:32:42.871577,POST,/api/articles/bulk/,7.99,34,0,
2026-05-16T15:32:42.932861,POST,/api/articles/bulk/,19.37,34,0,
2026-05-16T15:32:42.936116,POST,/api/articles/bulk/,19.42,34,0,
2026-05-16T15:32:42.937383,GET,/api/articles/list/large/,47.58,471824,0,
2026-05-16T15:32:42.939574,POST,/api/articles/bulk/,14.36,34,0,
2026-05-16T15:32:42.956077,POST,/api/articles/bulk/,7.6,34,0,
2026-05-16T15:32:42.982819,GET,/api/articles/list/large/,37.97,471824,0,
2026-05-16T15:32:42.984858,POST,/api/articles/bulk/,7.51,34,0,
2026-05-16T15:32:43.008145,POST,/api/articles/analyze/,3.42,58,0,
2026-05-16T15:32:43.011009,GET,/api/articles/list/small/,6.92,23002,0,
2026-05-16T15:32:43.015475,POST,/api/articles/bulk/,8.85,34,0,
2026-05-16T15:32:43.016116,POST,/api/articles/analyze/,2.83,58,0,
2026-05-16T15:32:43.058024,GET,/api/articles/list/large/,40.67,471824,0,
2026-05-16T15:32:43.080631,POST,/api/articles/bulk/,8.25,34,0,
2026-05-16T15:32:43.088383,POST,/api/articles/analyze/,3.15,58,0,
2026-05-16T15:32:43.088818,POST,/api/articles/bulk/,10.43,34,0,
2026-05-16T15:32:43.104787,GET,/api/articles/list/small/,6.59,23002,0,
2026-05-16T15:32:43.116514,GET,/api/articles/list/large/,40.92,471824,0,
2026-05-16T15:32:43.134646,POST,/api/articles/analyze/,4.67,58,0,
2026-05-16T15:32:43.135124,POST,/api/articles/analyze/,2.84,58,0,
2026-05-16T15:32:43.140607,POST,/api/articles/bulk/,9.16,34,0,
2026-05-16T15:32:43.141057,POST,/api/articles/analyze/,2.74,58,0,
2026-05-16T15:32:43.152891,GET,/api/articles/list/large/,34.11,471824,0,
2026-05-16T15:32:43.155769,GET,/api/articles/list/large/,34.38,471824,0,
2026-05-16T15:32:43.176187,POST,/api/articles/bulk/,16.11,34,0,
2026-05-16T15:32:43.179571,POST,/api/articles/analyze/,3.22,58,0,
2026-05-16T15:32:43.191436,GET,/api/articles/list/large/,50.27,471824,0,
2026-05-16T15:32:43.199364,POST,/api/articles/analyze/,4.62,58,0,
2026-05-16T15:32:43.207676,POST,/api/articles/analyze/,3.04,58,0,
2026-05-16T15:32:43.210720,GET,/api/articles/list/large/,36.52,471824,0,
2026-05-16T15:32:43.218278,GET,/api/articles/list/large/,34.4,471824,0,
2026-05-16T15:32:43.230337,POST,/api/articles/bulk/,7.69,34,0,
2026-05-16T15:32:43.232008,POST,/api/articles/analyze/,4.42,58,0,
2026-05-16T15:32:43.235757,POST,/api/articles/bulk/,7.61,34,0,
2026-05-16T15:32:43.264459,POST,/api/articles/bulk/,14.93,34,0,
2026-05-16T15:32:43.271517,GET,/api/articles/list/large/,34.5,471824,0,
2026-05-16T15:32:43.275914,GET,/api/articles/list/large/,35.36,471824,0,
2026-05-16T15:32:43.284726,POST,/api/articles/analyze/,5.36,58,0,
2026-05-16T15:32:43.290850,GET,/api/articles/list/large/,44.72,471824,0,
2026-05-16T15:32:43.291394,POST,/api/articles/bulk/,13.19,34,0,
2026-05-16T15:32:43.299069,GET,/api/articles/list/large/,52.35,471824,0,
2026-05-16T15:32:43.301819,GET,/api/articles/list/large/,45.38,471824,0,
2026-05-16T15:32:43.336098,GET,/api/articles/list/small/,4.49,23002,0,
2026-05-16T15:32:43.361719,POST,/api/articles/bulk/,8.33,34,0,
2026-05-16T15:32:43.363006,GET,/api/articles/list/large/,35.7,471824,0,
2026-05-16T15:32:43.364226,GET,/api/articles/list/large/,35.24,471824,0,
2026-05-16T15:32:43.367146,GET,/api/articles/list/large/,34.2,471824,0,
2026-05-16T15:32:43.381750,GET,/api/articles/list/small/,5.05,23002,0,
2026-05-16T15:32:43.382223,POST,/api/articles/bulk/,8.85,34,0,
2026-05-16T15:32:43.388534,POST,/api/articles/bulk/,8.25,34,0,
2026-05-16T15:32:43.393761,POST,/api/articles/bulk/,7.78,34,0,
2026-05-16T15:32:43.402655,GET,/api/articles/list/small/,5.16,23002,0,
2026-05-16T15:32:43.407052,GET,/api/articles/list/small/,5.45,23002,0,
2026-05-16T15:32:43.408786,POST,/api/articles/analyze/,6.0,58,0,
2026-05-16T15:32:43.409236,POST,/api/articles/analyze/,3.36,58,0,
2026-05-16T15:32:43.437148,POST,/api/articles/bulk/,7.66,34,0,
2026-05-16T15:32:43.441792,GET,/api/articles/list/large/,44.84,471824,0,
2026-05-16T15:32:43.445479,GET,/api/articles/list/small/,5.55,23002,0,
2026-05-16T15:32:43.450318,POST,/api/articles/analyze/,3.58,58,0,
2026-05-16T15:32:43.457215,GET,/api/articles/list/small/,8.13,23002,0,
2026-05-16T15:32:43.457670,POST,/api/articles/bulk/,9.67,34,0,
2026-05-16T15:32:43.458091,GET,/api/articles/list/small/,5.77,23002,0,
2026-05-16T15:32:43.464901,POST,/api/articles/analyze/,3.15,58,0,
2026-05-16T15:32:43.471468,GET,/api/articles/list/large/,35.85,471824,0,
2026-05-16T15:32:43.472406,POST,/api/articles/bulk/,7.37,34,0,
2026-05-16T15:32:43.479379,GET,/api/articles/list/large/,35.9,471824,0,
2026-05-16T15:32:43.484883,POST,/api/articles/analyze/,2.82,58,0,
2026-05-16T15:32:43.496055,POST,/api/articles/analyze/,4.9,58,0,
2026-05-16T15:32:43.497227,GET,/api/articles/list/large/,35.98,471824,0,
2026-05-16T15:32:43.500762,GET,/api/articles/list/small/,7.14,23002,0,
2026-05-16T15:32:43.506825,POST,/api/articles/analyze/,2.8,58,0,
2026-05-16T15:32:43.556127,GET,/api/articles/list/large/,76.58,471824,0,
2026-05-16T15:32:43.557876,POST,/api/articles/bulk/,7.57,34,0,
2026-05-16T15:32:43.593762,POST,/api/articles/bulk/,7.65,34,0,
2026-05-16T15:32:43.607678,GET,/api/articles/list/small/,5.65,23002,0,
2026-05-16T15:32:43.639058,GET,/api/articles/list/large/,36.39,471824,0,
2026-05-16T15:32:43.645731,POST,/api/articles/bulk/,8.77,34,0,
2026-05-16T15:32:43.676627,GET,/api/articles/list/small/,4.61,23002,0,
2026-05-16T15:32:43.682763,GET,/api/articles/list/large/,39.78,471824,0,
2026-05-16T15:32:43.702641,POST,/api/articles/bulk/,8.04,34,0,
2026-05-16T15:32:43.708779,POST,/api/articles/bulk/,8.01,34,0,
2026-05-16T15:32:43.722925,POST,/api/articles/bulk/,9.92,34,0,
2026-05-16T15:32:43.723372,POST,/api/articles/bulk/,7.55,34,0,
2026-05-16T15:32:43.730418,GET,/api/articles/list/large/,36.41,471824,0,
2026-05-16T15:32:43.730946,GET,/api/articles/list/small/,5.39,23002,0,
2026-05-16T15:32:43.736210,GET,/api/articles/list/large/,34.56,471824,0,
2026-05-16T15:32:43.736981,POST,/api/articles/bulk/,8.71,34,0,
2026-05-16T15:32:43.817782,POST,/api/articles/analyze/,2.71,58,0,
2026-05-16T15:32:43.818396,POST,/api/articles/bulk/,7.38,34,0,
2026-05-16T15:32:43.825593,GET,/api/articles/list/small/,5.03,23002,0,
2026-05-16T15:32:43.829394,GET,/api/articles/list/small/,5.3,23002,0,
2026-05-16T15:32:43.839086,GET,/api/articles/list/large/,34.8,471824,0,
2026-05-16T15:32:43.853998,POST,/api/articles/bulk/,8.69,34,0,
2026-05-16T15:32:43.859488,GET,/api/articles/list/large/,34.87,471824,0,
2026-05-16T15:32:43.863201,POST,/api/articles/bulk/,11.65,34,0,
2026-05-16T15:32:43.863650,POST,/api/articles/analyze/,2.9,58,0,
2026-05-16T15:32:43.870909,GET,/api/articles/list/large/,39.24,471824,0,
2026-05-16T15:32:43.874139,POST,/api/articles/analyze/,3.07,58,0,
2026-05-16T15:32:43.911571,GET,/api/articles/list/large/,39.22,471824,0,
2026-05-16T15:32:43.941323,GET,/api/articles/list/small/,4.54,23002,0,
2026-05-16T15:32:43.954190,GET,/api/articles/list/large/,33.62,471824,0,
2026-05-16T15:32:43.954748,POST,/api/articles/analyze/,5.08,58,0,
2026-05-16T15:32:43.957861,GET,/api/articles/list/large/,33.67,471824,0,
2026-05-16T15:32:43.962569,GET,/api/articles/list/small/,4.57,23002,0,
2026-05-16T15:32:43.971687,POST,/api/articles/analyze/,2.7,58,0,
2026-05-16T15:32:43.979113,GET,/api/articles/list/large/,34.54,471824,0,
2026-05-16T15:32:43.991286,GET,/api/articles/list/large/,42.19,471824,0,
2026-05-16T15:32:43.997258,GET,/api/articles/list/large/,34.55,471824,0,
2026-05-16T15:32:44.027666,POST,/api/articles/analyze/,3.61,58,0,
2026-05-16T15:32:44.035247,GET,/api/articles/list/large/,33.75,471824,0,
2026-05-16T15:32:44.050062,POST,/api/articles/analyze/,3.15,58,0,
2026-05-16T15:32:44.054159,POST,/api/articles/bulk/,9.6,34,0,
2026-05-16T15:32:44.059163,POST,/api/articles/analyze/,3.75,58,0,
2026-05-16T15:32:44.060702,GET,/api/articles/list/large/,36.04,471824,0,
2026-05-16T15:32:44.064568,GET,/api/articles/list/small/,6.63,23002,0,
2026-05-16T15:32:44.065903,GET,/api/articles/list/large/,35.96,471824,0,
2026-05-16T15:32:44.098545,POST,/api/articles/analyze/,3.39,58,0,
2026-05-16T15:32:44.110218,POST,/api/articles/bulk/,8.38,34,0,
2026-05-16T15:32:44.121958,GET,/api/articles/list/large/,40.81,471824,0,
2026-05-16T15:32:44.122920,GET,/api/articles/list/small/,6.78,23002,0,
2026-05-16T15:32:44.125228,POST,/api/articles/bulk/,8.43,34,0,
2026-05-16T15:32:44.127134,GET,/api/articles/list/small/,7.11,23002,0,
2026-05-16T15:32:44.149621,GET,/api/articles/list/large/,35.97,471824,0,
2026-05-16T15:32:44.200959,GET,/api/articles/list/large/,34.56,471824,0,
2026-05-16T15:32:44.229497,POST,/api/articles/bulk/,8.73,34,0,
2026-05-16T15:32:44.237704,POST,/api/articles/bulk/,9.83,34,0,
2026-05-16T15:32:44.238225,GET,/api/articles/list/small/,7.72,23002,0,
2026-05-16T15:32:44.244906,POST,/api/articles/analyze/,9.23,58,0,
2026-05-16T15:32:44.246430,GET,/api/articles/list/large/,39.19,471824,0,
2026-05-16T15:32:44.246992,POST,/api/articles/bulk/,12.23,34,0,
2026-05-16T15:32:44.247403,POST,/api/articles/bulk/,14.58,34,0,
2026-05-16T15:32:44.249759,POST,/api/articles/analyze/,7.77,58,0,
2026-05-16T15:32:44.262290,POST,/api/articles/bulk/,9.2,34,0,
2026-05-16T15:32:44.272422,GET,/api/articles/list/large/,42.76,471824,0,
2026-05-16T15:32:44.273650,GET,/api/articles/list/large/,41.87,471824,0,
2026-05-16T15:32:44.282186,POST,/api/articles/bulk/,7.3,34,0,
2026-05-16T15:32:44.312224,POST,/api/articles/bulk/,7.78,34,0,
2026-05-16T15:32:44.322235,POST,/api/articles/analyze/,3.12,58,0,
2026-05-16T15:32:44.348611,GET,/api/articles/list/large/,35.09,471824,0,
2026-05-16T15:32:44.349250,GET,/api/articles/list/small/,6.7,23002,0,
2026-05-16T15:32:44.358330,GET,/api/articles/list/small/,4.86,23002,0,
2026-05-16T15:32:44.371412,POST,/api/articles/analyze/,2.83,58,0,
2026-05-16T15:32:44.394783,POST,/api/articles/analyze/,4.06,58,0,
2026-05-16T15:32:44.404557,GET,/api/articles/list/small/,13.12,23002,0,
2026-05-16T15:32:44.410131,GET,/api/articles/list/small/,8.39,23002,0,
2026-05-16T15:32:44.410619,GET,/api/articles/list/small/,10.86,23002,0,
2026-05-16T15:32:44.411081,GET,/api/articles/list/small/,16.16,23002,0,
2026-05-16T15:32:44.411842,POST,/api/articles/bulk/,15.04,34,0,
2026-05-16T15:32:44.450726,GET,/api/articles/list/large/,45.96,471824,0,
2026-05-16T15:32:44.484535,POST,/api/articles/bulk/,9.5,34,0,
2026-05-16T15:32:44.487317,POST,/api/articles/analyze/,5.71,58,0,
2026-05-16T15:32:44.487753,POST,/api/articles/analyze/,5.71,58,0,
2026-05-16T15:32:44.492839,POST,/api/articles/bulk/,7.99,34,0,
2026-05-16T15:32:44.499915,POST,/api/articles/bulk/,9.95,34,0,
2026-05-16T15:32:44.502914,GET,/api/articles/list/large/,34.84,471824,0,
2026-05-16T15:32:44.503124,POST,/api/articles/analyze/,4.85,58,0,
2026-05-16T15:32:44.505550,POST,/api/articles/analyze/,6.71,58,0,
2026-05-16T15:32:44.515697,GET,/api/articles/list/large/,38.83,471824,0,
2026-05-16T15:32:44.519828,GET,/api/articles/list/small/,9.49,23002,0,
2026-05-16T15:32:44.526674,GET,/api/articles/list/small/,8.58,23002,0,
2026-05-16T15:32:44.542085,GET,/api/articles/list/large/,37.39,471824,0,
2026-05-16T15:32:44.542868,GET,/api/articles/list/large/,61.76,471824,0,
2026-05-16T15:32:44.555880,GET,/api/articles/list/large/,60.81,471824,0,
2026-05-16T15:32:44.560593,GET,/api/articles/list/large/,48.53,471824,0,
2026-05-16T15:32:44.568295,POST,/api/articles/analyze/,3.38,58,0,
2026-05-16T15:32:44.573125,GET,/api/articles/list/large/,36.11,471824,0,
2026-05-16T15:32:44.575072,POST,/api/articles/analyze/,4.47,58,0,
2026-05-16T15:32:44.584097,GET,/api/articles/list/small/,4.8,23002,0,
2026-05-16T15:32:44.586978,POST,/api/articles/bulk/,8.65,34,0,
2026-05-16T15:32:44.588354,GET,/api/articles/list/large/,35.22,471824,0,
2026-05-16T15:32:44.595365,GET,/api/articles/list/small/,4.66,23002,0,
2026-05-16T15:32:44.608814,POST,/api/articles/bulk/,8.13,34,0,
2026-05-16T15:32:44.625174,POST,/api/articles/analyze/,3.12,58,0,
2026-05-16T15:32:44.635229,GET,/api/articles/list/small/,4.79,23002,0,
2026-05-16T15:32:44.639672,POST,/api/articles/bulk/,7.62,34,0,
2026-05-16T15:32:44.642824,POST,/api/articles/bulk/,8.88,34,0,
2026-05-16T15:32:44.659526,POST,/api/articles/analyze/,3.18,58,0,
2026-05-16T15:32:44.667499,GET,/api/articles/list/large/,50.37,471824,0,
2026-05-16T15:32:44.672793,POST,/api/articles/analyze/,3.12,58,0,
2026-05-16T15:32:44.677648,POST,/api/articles/bulk/,8.85,34,0,
2026-05-16T15:32:44.685141,GET,/api/articles/list/large/,46.92,471824,0,
2026-05-16T15:32:44.685695,POST,/api/articles/bulk/,9.63,34,0,
2026-05-16T15:32:44.722431,POST,/api/articles/bulk/,7.49,34,0,
2026-05-16T15:32:44.731466,GET,/api/articles/list/small/,4.77,23002,0,
2026-05-16T15:32:44.737804,GET,/api/articles/list/small/,4.79,23002,0,
2026-05-16T15:32:44.740633,POST,/api/articles/bulk/,9.02,34,0,
2026-05-16T15:32:44.747111,POST,/api/articles/bulk/,8.02,34,0,
2026-05-16T15:32:44.751704,GET,/api/articles/list/small/,4.43,23002,0,
2026-05-16T15:32:44.760211,POST,/api/articles/bulk/,7.28,34,0,
2026-05-16T15:32:44.795786,POST,/api/articles/analyze/,2.73,58,0,
2026-05-16T15:32:44.796695,GET,/api/articles/list/small/,5.61,23002,0,
2026-05-16T15:32:44.811014,GET,/api/articles/list/large/,34.55,471824,0,
2026-05-16T15:32:44.821220,POST,/api/articles/analyze/,2.75,58,0,
2026-05-16T15:32:44.821640,POST,/api/articles/analyze/,3.77,58,0,
2026-05-16T15:32:44.847665,GET,/api/articles/list/large/,34.4,471824,0,
2026-05-16T15:32:44.858016,POST,/api/articles/analyze/,3.02,58,0,
2026-05-16T15:32:44.874463,POST,/api/articles/analyze/,4.14,58,0,
2026-05-16T15:32:44.910244,GET,/api/articles/list/large/,39.3,471824,0,
2026-05-16T15:32:44.923013,GET,/api/articles/list/small/,4.48,23002,0,
2026-05-16T15:32:44.938581,GET,/api/articles/list/large/,34.32,471824,0,
2026-05-16T15:32:44.944728,GET,/api/articles/list/small/,4.88,23002,0,
2026-05-16T15:32:44.951000,GET,/api/articles/list/large/,67.23,471824,0,
2026-05-16T15:32:44.952955,GET,/api/articles/list/small/,4.95,23002,0,
2026-05-16T15:32:44.966925,GET,/api/articles/list/small/,4.68,23002,0,
2026-05-16T15:32:44.975628,POST,/api/articles/bulk/,7.47,34,0,
2026-05-16T15:32:44.976520,GET,/api/articles/list/small/,4.54,23002,0,
2026-05-16T15:32:45.015189,GET,/api/articles/list/large/,35.45,471824,0,
2026-05-16T15:32:45.030542,GET,/api/articles/list/small/,5.02,23002,0,
2026-05-16T15:32:45.047947,POST,/api/articles/bulk/,8.11,34,0,
2026-05-16T15:32:45.067708,GET,/api/articles/list/large/,39.35,471824,0,
2026-05-16T15:32:45.075521,POST,/api/articles/bulk/,10.27,34,0,
2026-05-16T15:32:45.079264,POST,/api/articles/bulk/,8.68,34,0,
2026-05-16T15:32:45.081953,POST,/api/articles/bulk/,8.04,34,0,
2026-05-16T15:32:45.094320,POST,/api/articles/bulk/,8.04,34,0,
2026-05-16T15:32:45.115011,GET,/api/articles/list/large/,36.9,471824,0,
2026-05-16T15:32:45.121744,POST,/api/articles/bulk/,9.25,34,0,
2026-05-16T15:32:45.126920,POST,/api/articles/bulk/,9.08,34,0,
2026-05-16T15:32:45.127396,POST,/api/articles/bulk/,7.8,34,0,
2026-05-16T15:32:45.150631,POST,/api/articles/bulk/,16.89,34,0,
2026-05-16T15:32:45.151100,POST,/api/articles/analyze/,10.09,58,0,
2026-05-16T15:32:45.152306,GET,/api/articles/list/large/,46.71,471824,0,
2026-05-16T15:32:45.152867,GET,/api/articles/list/small/,6.63,23002,0,
2026-05-16T15:32:45.163919,POST,/api/articles/analyze/,3.77,58,0,
2026-05-16T15:32:45.180114,GET,/api/articles/list/large/,43.63,471824,0,
2026-05-16T15:32:45.184325,POST,/api/articles/bulk/,8.22,34,0,
2026-05-16T15:32:45.185972,GET,/api/articles/list/large/,46.89,471824,0,
2026-05-16T15:32:45.208193,GET,/api/articles/list/large/,35.01,471824,0,
2026-05-16T15:32:45.219902,GET,/api/articles/list/large/,38.48,471824,0,
2026-05-16T15:32:45.227510,POST,/api/articles/analyze/,3.44,58,0,
2026-05-16T15:32:45.241482,GET,/api/articles/list/large/,35.62,471824,0,
2026-05-16T15:32:45.254909,GET,/api/articles/list/large/,34.83,471824,0,
2026-05-16T15:32:45.259286,POST,/api/articles/bulk/,7.53,34,0,
2026-05-16T15:32:45.270814,GET,/api/articles/list/small/,5.31,23002,0,
2026-05-16T15:32:45.273703,POST,/api/articles/bulk/,7.44,34,0,
2026-05-16T15:32:45.299459,GET,/api/articles/list/small/,4.9,23002,0,
2026-05-16T15:32:45.315724,POST,/api/articles/analyze/,3.99,58,0,
2026-05-16T15:32:45.330228,GET,/api/articles/list/large/,36.26,471824,0,
2026-05-16T15:32:45.332213,POST,/api/articles/analyze/,4.01,58,0,
2026-05-16T15:32:45.352726,GET,/api/articles/list/small/,4.91,23002,0,
2026-05-16T15:32:45.357218,GET,/api/articles/list/small/,4.36,23002,0,
2026-05-16T15:32:45.361269,POST,/api/articles/analyze/,2.8,58,0,
2026-05-16T15:32:45.365664,GET,/api/articles/list/large/,33.33,471824,0,
2026-05-16T15:32:45.374592,GET,/api/articles/list/small/,4.72,23002,0,
2026-05-16T15:32:45.398520,POST,/api/articles/bulk/,13.44,34,0,
2026-05-16T15:32:45.401161,GET,/api/articles/list/large/,50.8,471824,0,
2026-05-16T15:32:45.402152,GET,/api/articles/list/small/,4.81,23002,0,
2026-05-16T15:32:45.416099,POST,/api/articles/bulk/,7.15,34,0,
2026-05-16T15:32:45.428560,POST,/api/articles/bulk/,11.23,34,0,
2026-05-16T15:32:45.429440,GET,/api/articles/list/small/,4.28,23002,0,
2026-05-16T15:32:45.441767,GET,/api/articles/list/large/,38.36,471824,0,
2026-05-16T15:32:45.445726,POST,/api/articles/analyze/,2.69,58,0,
2026-05-16T15:32:45.459341,POST,/api/articles/analyze/,2.55,58,0,
2026-05-16T15:32:45.461053,POST,/api/articles/bulk/,7.15,34,0,
2026-05-16T15:32:45.470068,GET,/api/articles/list/large/,33.41,471824,0,
2026-05-16T15:32:45.473689,GET,/api/articles/list/small/,5.43,23002,0,
2026-05-16T15:32:45.480673,POST,/api/articles/analyze/,2.62,58,0,
2026-05-16T15:32:45.534375,POST,/api/articles/analyze/,2.77,58,0,
2026-05-16T15:32:45.552622,GET,/api/articles/list/small/,4.42,23002,0,
2026-05-16T15:32:45.553743,GET,/api/articles/list/large/,33.85,471824,0,
2026-05-16T15:32:45.559358,GET,/api/articles/list/small/,4.38,23002,0,
2026-05-16T15:32:45.568694,POST,/api/articles/bulk/,7.1,34,0,
2026-05-16T15:32:45.575551,GET,/api/articles/list/large/,33.99,471824,0,
2026-05-16T15:32:45.590219,POST,/api/articles/bulk/,7.26,34,0,
2026-05-16T15:32:45.600337,GET,/api/articles/list/small/,4.77,23002,0,
2026-05-16T15:32:45.609903,GET,/api/articles/list/small/,4.36,23002,0,
2026-05-16T15:32:45.625408,POST,/api/articles/bulk/,7.31,34,0,
2026-05-16T15:32:45.632787,POST,/api/articles/bulk/,11.7,34,0,
2026-05-16T15:32:45.637791,GET,/api/articles/list/large/,40.98,471824,0,
2026-05-16T15:32:45.660595,GET,/api/articles/list/small/,5.15,23002,0,
2026-05-16T15:32:45.661562,POST,/api/articles/analyze/,2.87,58,0,
2026-05-16T15:32:45.671016,GET,/api/articles/list/small/,4.66,23002,0,
2026-05-16T15:32:45.674047,GET,/api/articles/list/large/,38.55,471824,0,
2026-05-16T15:32:45.685587,POST,/api/articles/analyze/,2.54,58,0,
2026-05-16T15:32:45.690370,GET,/api/articles/list/large/,34.35,471824,0,
2026-05-16T15:32:45.694690,GET,/api/articles/list/large/,33.97,471824,0,
2026-05-16T15:32:45.708008,POST,/api/articles/bulk/,7.31,34,0,
2026-05-16T15:32:45.709429,POST,/api/articles/bulk/,9.53,34,0,
2026-05-16T15:32:45.712631,GET,/api/articles/list/large/,34.35,471824,0,
2026-05-16T15:32:45.716218,GET,/api/articles/list/large/,34.23,471824,0,
2026-05-16T15:32:45.716696,POST,/api/articles/bulk/,8.52,34,0,
2026-05-16T15:32:45.730078,POST,/api/articles/analyze/,2.71,58,0,
2026-05-16T15:32:45.745272,POST,/api/articles/analyze/,2.86,58,0,
2026-05-16T15:32:45.783847,GET,/api/articles/list/large/,33.36,471824,0,
2026-05-16T15:32:45.784318,POST,/api/articles/bulk/,7.3,34,0,
2026-05-16T15:32:45.807594,GET,/api/articles/list/large/,34.68,471824,0,
2026-05-16T15:32:45.826824,GET,/api/articles/list/large/,34.25,471824,0,
2026-05-16T15:32:45.845420,GET,/api/articles/list/small/,4.53,23002,0,
2026-05-16T15:32:45.848156,POST,/api/articles/bulk/,8.07,34,0,
2026-05-16T15:32:45.849311,GET,/api/articles/list/large/,34.46,471824,0,
2026-05-16T15:32:45.863538,POST,/api/articles/analyze/,2.86,58,0,
2026-05-16T15:32:45.890167,POST,/api/articles/bulk/,7.31,34,0,
2026-05-16T15:32:45.911413,POST,/api/articles/analyze/,2.64,58,0,
2026-05-16T15:32:45.921399,POST,/api/articles/bulk/,9.82,34,0,
2026-05-16T15:32:45.922343,GET,/api/articles/list/small/,4.3,23002,0,
2026-05-16T15:32:45.932018,GET,/api/articles/list/large/,33.65,471824,0,
2026-05-16T15:32:45.936829,POST,/api/articles/analyze/,2.63,58,0,
2026-05-16T15:32:45.947726,POST,/api/articles/analyze/,2.66,58,0,
2026-05-16T15:32:45.962678,GET,/api/articles/list/large/,34.06,471824,0,
2026-05-16T15:32:45.989756,POST,/api/articles/analyze/,2.87,58,0,
2026-05-16T15:32:45.998400,GET,/api/articles/list/large/,34.51,471824,0,
2026-05-16T15:32:46.004580,POST,/api/articles/bulk/,8.58,34,0,
2026-05-16T15:32:46.006318,POST,/api/articles/analyze/,3.23,58,0,
2026-05-16T15:32:46.011777,GET,/api/articles/list/large/,34.44,471824,0,
2026-05-16T15:32:46.015696,POST,/api/articles/analyze/,2.7,58,0,
2026-05-16T15:32:46.018207,POST,/api/articles/analyze/,2.4,58,0,
2026-05-16T15:32:46.048525,POST,/api/articles/analyze/,3.96,58,0,
2026-05-16T15:32:46.052630,POST,/api/articles/bulk/,7.5,34,0,
2026-05-16T15:32:46.054513,POST,/api/articles/analyze/,2.77,58,0,
2026-05-16T15:32:46.076226,POST,/api/articles/bulk/,7.37,34,0,
2026-05-16T15:32:46.095072,POST,/api/articles/analyze/,2.6,58,0,
2026-05-16T15:32:46.095489,POST,/api/articles/bulk/,7.26,34,0,
2026-05-16T15:32:46.096952,GET,/api/articles/list/small/,4.93,23002,0,
2026-05-16T15:32:46.104597,GET,/api/articles/list/small/,4.46,23002,0,
2026-05-16T15:32:46.112395,POST,/api/articles/analyze/,2.61,58,0,
2026-05-16T15:32:46.115311,GET,/api/articles/list/large/,33.75,471824,0,
2026-05-16T15:32:46.133075,POST,/api/articles/analyze/,3.25,58,0,
2026-05-16T15:32:46.150820,POST,/api/articles/bulk/,8.54,34,0,
2026-05-16T15:32:46.157434,POST,/api/articles/analyze/,3.41,58,0,
2026-05-16T15:32:46.163781,GET,/api/articles/list/large/,38.04,471824,0,
2026-05-16T15:32:46.164249,POST,/api/articles/bulk/,8.06,34,0,
2026-05-16T15:32:46.176641,GET,/api/articles/list/large/,33.58,471824,0,
2026-05-16T15:32:46.187093,POST,/api/articles/bulk/,7.24,34,0,
2026-05-16T15:32:46.194374,POST,/api/articles/bulk/,7.16,34,0,
2026-05-16T15:32:46.199513,GET,/api/articles/list/small/,6.53,23002,0,
2026-05-16T15:32:46.200579,GET,/api/articles/list/large/,34.09,471824,0,
2026-05-16T15:32:46.202264,POST,/api/articles/analyze/,5.01,58,0,
2026-05-16T15:32:46.213310,POST,/api/articles/analyze/,2.53,58,0,
2026-05-16T15:32:46.224677,GET,/api/articles/list/small/,6.37,23002,0,
2026-05-16T15:32:46.226223,POST,/api/articles/bulk/,8.69,34,0,
2026-05-16T15:32:46.229464,GET,/api/articles/list/small/,4.66,23002,0,
2026-05-16T15:32:46.239483,GET,/api/articles/list/large/,33.88,471824,0,
2026-05-16T15:32:46.243620,GET,/api/articles/list/large/,37.53,471824,0,
2026-05-16T15:32:46.244152,GET,/api/articles/list/small/,4.53,23002,0,
2026-05-16T15:32:46.275072,GET,/api/articles/list/small/,4.7,23002,0,
2026-05-16T15:32:46.291177,POST,/api/articles/bulk/,7.85,34,0,
2026-05-16T15:32:46.319029,GET,/api/articles/list/large/,34.33,471824,0,
2026-05-16T15:32:46.325590,GET,/api/articles/list/large/,34.29,471824,0,
2026-05-16T15:32:46.330249,POST,/api/articles/bulk/,8.02,34,0,
2026-05-16T15:32:46.336755,POST,/api/articles/bulk/,7.95,34,0,
2026-05-16T15:32:46.340364,POST,/api/articles/bulk/,7.05,34,0,
2026-05-16T15:32:46.365421,POST,/api/articles/bulk/,9.18,34,0,
2026-05-16T15:32:46.390411,POST,/api/articles/analyze/,2.56,58,0,
2026-05-16T15:32:46.392185,POST,/api/articles/bulk/,7.51,34,0,
2026-05-16T15:32:46.399739,GET,/api/articles/list/large/,42.77,471824,0,
2026-05-16T15:32:46.400257,GET,/api/articles/list/small/,4.86,23002,0,
2026-05-16T15:32:46.401777,POST,/api/articles/analyze/,3.87,58,0,
2026-05-16T15:32:46.405565,GET,/api/articles/list/large/,54.84,471824,0,
2026-05-16T15:32:46.414243,GET,/api/articles/list/large/,56.88,471824,0,
2026-05-16T15:32:46.438615,POST,/api/articles/analyze/,2.75,58,0,
2026-05-16T15:32:46.452540,GET,/api/articles/list/large/,34.06,471824,0,
2026-05-16T15:32:46.453708,GET,/api/articles/list/large/,34.16,471824,0,
2026-05-16T15:32:46.454156,POST,/api/articles/bulk/,9.34,34,0,
2026-05-16T15:32:46.454546,POST,/api/articles/bulk/,8.15,34,0,
2026-05-16T15:32:46.462047,GET,/api/articles/list/small/,4.2,23002,0,
2026-05-16T15:32:46.462849,POST,/api/articles/analyze/,2.49,58,0,
2026-05-16T15:32:46.476832,POST,/api/articles/analyze/,2.63,58,0,
2026-05-16T15:32:46.506002,GET,/api/articles/list/small/,4.96,23002,0,
2026-05-16T15:32:46.525553,POST,/api/articles/bulk/,9.33,34,0,
2026-05-16T15:32:46.526961,POST,/api/articles/bulk/,7.98,34,0,
2026-05-16T15:32:46.527383,POST,/api/articles/bulk/,9.09,34,0,
2026-05-16T15:32:46.535324,GET,/api/articles/list/large/,33.19,471824,0,
2026-05-16T15:32:46.549509,POST,/api/articles/analyze/,2.94,58,0,
2026-05-16T15:32:46.558792,GET,/api/articles/list/large/,41.23,471824,0,
2026-05-16T15:32:46.560011,GET,/api/articles/list/large/,37.88,471824,0,
2026-05-16T15:32:46.563388,POST,/api/articles/bulk/,7.63,34,0,
2026-05-16T15:32:46.574383,GET,/api/articles/list/small/,4.64,23002,0,
2026-05-16T15:32:46.587829,GET,/api/articles/list/small/,5.7,23002,0,
2026-05-16T15:32:46.591980,GET,/api/articles/list/small/,5.05,23002,0,
2026-05-16T15:32:46.592919,GET,/api/articles/list/small/,4.97,23002,0,
2026-05-16T15:32:46.593653,GET,/api/articles/list/small/,4.39,23002,0,
2026-05-16T15:32:46.610906,GET,/api/articles/list/large/,34.29,471824,0,
2026-05-16T15:32:46.630960,GET,/api/articles/list/small/,4.74,23002,0,
2026-05-16T15:32:46.648155,GET,/api/articles/list/small/,4.32,23002,0,
2026-05-16T15:32:46.654154,POST,/api/articles/analyze/,2.75,58,0,
2026-05-16T15:32:46.669782,GET,/api/articles/list/large/,33.47,471824,0,
2026-05-16T15:32:46.670357,GET,/api/articles/list/small/,5.01,23002,0,
2026-05-16T15:32:46.674112,POST,/api/articles/bulk/,7.36,34,0,
2026-05-16T15:32:46.680380,GET,/api/articles/list/small/,4.87,23002,0,
2026-05-16T15:32:46.681447,GET,/api/articles/list/small/,4.64,23002,0,
2026-05-16T15:32:46.682106,GET,/api/articles/list/small/,4.32,23002,0,
2026-05-16T15:32:46.704865,GET,/api/articles/list/small/,4.33,23002,0,
2026-05-16T15:32:46.715887,GET,/api/articles/list/small/,4.16,23002,0,
2026-05-16T15:32:46.725854,POST,/api/articles/bulk/,7.75,34,0,
2026-05-16T15:32:46.730711,POST,/api/articles/bulk/,7.39,34,0,
2026-05-16T15:32:46.740306,GET,/api/articles/list/large/,33.07,471824,0,
2026-05-16T15:32:46.758952,GET,/api/articles/list/large/,36.11,471824,0,
2026-05-16T15:32:46.761640,GET,/api/articles/list/large/,33.59,471824,0,
2026-05-16T15:32:46.762482,GET,/api/articles/list/small/,5.5,23002,0,
2026-05-16T15:32:46.790524,POST,/api/articles/analyze/,2.72,58,0,
2026-05-16T15:32:46.804798,POST,/api/articles/analyze/,3.18,58,0,
2026-05-16T15:32:46.809816,GET,/api/articles/list/small/,5.86,23002,0,
2026-05-16T15:32:46.813401,GET,/api/articles/list/small/,4.79,23002,0,
2026-05-16T15:32:46.821383,POST,/api/articles/analyze/,2.63,58,0,
2026-05-16T15:32:46.849843,POST,/api/articles/bulk/,7.6,34,0,
2026-05-16T15:32:46.867797,POST,/api/articles/bulk/,13.72,34,0,
2026-05-16T15:32:46.871826,GET,/api/articles/list/small/,5.26,23002,0,
2026-05-16T15:32:46.877392,POST,/api/articles/analyze/,2.34,58,0,
2026-05-16T15:32:46.882641,GET,/api/articles/list/large/,44.03,471824,0,
2026-05-16T15:32:46.885403,POST,/api/articles/analyze/,2.62,58,0,
2026-05-16T15:32:46.894913,GET,/api/articles/list/small/,4.15,23002,0,
2026-05-16T15:32:46.902963,POST,/api/articles/bulk/,7.94,34,0,
2026-05-16T15:32:46.909074,POST,/api/articles/analyze/,2.58,58,0,
2026-05-16T15:32:46.910515,POST,/api/articles/bulk/,8.8,34,0,
2026-05-16T15:32:46.918997,GET,/api/articles/list/small/,4.25,23002,0,
2026-05-16T15:32:46.937162,GET,/api/articles/list/large/,33.54,471824,0,
2026-05-16T15:32:46.940083,GET,/api/articles/list/large/,34.07,471824,0,
2026-05-16T15:32:46.949398,POST,/api/articles/analyze/,2.85,58,0,
2026-05-16T15:32:46.953022,POST,/api/articles/bulk/,8.58,34,0,
2026-05-16T15:32:46.953418,POST,/api/articles/bulk/,8.22,34,0,
2026-05-16T15:32:46.968521,GET,/api/articles/list/small/,4.7,23002,0,
2026-05-16T15:32:46.970223,POST,/api/articles/analyze/,3.95,58,0,
2026-05-16T15:32:46.997183,POST,/api/articles/analyze/,2.74,58,0,
2026-05-16T15:32:47.009030,POST,/api/articles/analyze/,2.65,58,0,
2026-05-16T15:32:47.021120,POST,/api/articles/analyze/,2.77,58,0,
2026-05-16T15:32:47.057270,POST,/api/articles/analyze/,2.71,58,0,
2026-05-16T15:32:47.077137,GET,/api/articles/list/small/,4.22,23002,0,
2026-05-16T15:32:47.084747,GET,/api/articles/list/small/,4.38,23002,0,
2026-05-16T15:32:47.092333,GET,/api/articles/list/small/,4.37,23002,0,
2026-05-16T15:32:47.103376,GET,/api/articles/list/large/,33.72,471824,0,
2026-05-16T15:32:47.105107,GET,/api/articles/list/large/,34.86,471824,0,
2026-05-16T15:32:47.145038,POST,/api/articles/bulk/,7.41,34,0,
2026-05-16T15:32:47.148461,GET,/api/articles/list/large/,39.26,471824,0,
2026-05-16T15:32:47.152361,POST,/api/articles/analyze/,2.54,58,0,
2026-05-16T15:32:47.168108,GET,/api/articles/list/small/,4.39,23002,0,
2026-05-16T15:32:47.175811,POST,/api/articles/analyze/,3.72,58,0,
2026-05-16T15:32:47.176279,POST,/api/articles/analyze/,5.13,58,0,
2026-05-16T15:32:47.180908,POST,/api/articles/bulk/,10.58,34,0,
2026-05-16T15:32:47.191298,POST,/api/articles/analyze/,2.47,58,0,
2026-05-16T15:32:47.203086,POST,/api/articles/analyze/,2.58,58,0,
2026-05-16T15:32:47.213495,POST,/api/articles/analyze/,3.2,58,0,
2026-05-16T15:32:47.215576,GET,/api/articles/list/small/,4.23,23002,0,
2026-05-16T15:32:47.219756,GET,/api/articles/list/large/,33.49,471824,0,
2026-05-16T15:32:47.231183,POST,/api/articles/analyze/,2.95,58,0,
2026-05-16T15:32:47.276130,POST,/api/articles/analyze/,5.75,58,0,
2026-05-16T15:32:47.293053,POST,/api/articles/analyze/,8.43,58,0,
2026-05-16T15:32:47.304431,POST,/api/articles/analyze/,16.04,58,0,
2026-05-16T15:32:47.320848,GET,/api/articles/list/large/,55.36,471824,0,
2026-05-16T15:32:47.331646,GET,/api/articles/list/small/,4.53,23002,0,
2026-05-16T15:32:47.334658,GET,/api/articles/list/large/,47.64,471824,0,
2026-05-16T15:32:47.336859,GET,/api/articles/list/large/,51.02,471824,0,
2026-05-16T15:32:47.338012,GET,/api/articles/list/large/,54.5,471824,0,
2026-05-16T15:32:47.362733,POST,/api/articles/analyze/,5.04,58,0,
2026-05-16T15:32:47.393887,POST,/api/articles/analyze/,3.92,58,0,
2026-05-16T15:32:47.395159,GET,/api/articles/list/large/,35.33,471824,0,
2026-05-16T15:32:47.396278,GET,/api/articles/list/large/,44.79,471824,0,
2026-05-16T15:32:47.402349,POST,/api/articles/bulk/,9.77,34,0,
2026-05-16T15:32:47.418298,POST,/api/articles/bulk/,7.63,34,0,
2026-05-16T15:32:47.421698,POST,/api/articles/bulk/,7.18,34,0,
2026-05-16T15:32:47.427473,POST,/api/articles/analyze/,2.47,58,0,
2026-05-16T15:32:47.446711,POST,/api/articles/analyze/,3.81,58,0,
2026-05-16T15:32:47.450537,POST,/api/articles/bulk/,7.11,34,0,
2026-05-16T15:32:47.471096,POST,/api/articles/bulk/,7.1,34,0,
2026-05-16T15:32:47.512169,POST,/api/articles/analyze/,2.64,58,0,
2026-05-16T15:32:47.512801,POST,/api/articles/bulk/,8.47,34,0,
2026-05-16T15:32:47.522403,GET,/api/articles/list/small/,4.29,23002,0,
2026-05-16T15:32:47.524831,GET,/api/articles/list/small/,4.23,23002,0,
2026-05-16T15:32:47.539072,POST,/api/articles/analyze/,2.75,58,0,
2026-05-16T15:32:47.564647,GET,/api/articles/list/small/,4.36,23002,0,
2026-05-16T15:32:47.572703,POST,/api/articles/analyze/,3.16,58,0,
2026-05-16T15:32:47.573260,POST,/api/articles/analyze/,4.24,58,0,
2026-05-16T15:32:47.579458,POST,/api/articles/analyze/,2.57,58,0,
2026-05-16T15:32:47.590230,POST,/api/articles/bulk/,8.56,34,0,
2026-05-16T15:32:47.590660,POST,/api/articles/bulk/,8.27,34,0,
2026-05-16T15:32:47.591289,POST,/api/articles/bulk/,6.99,34,0,
2026-05-16T15:32:47.608674,GET,/api/articles/list/small/,11.2,23002,0,
2026-05-16T15:32:47.611884,GET,/api/articles/list/large/,40.0,471824,0,
2026-05-16T15:32:47.612378,POST,/api/articles/analyze/,5.23,58,0,
2026-05-16T15:32:47.618226,POST,/api/articles/bulk/,9.41,34,0,
2026-05-16T15:32:47.629851,GET,/api/articles/list/small/,4.29,23002,0,
2026-05-16T15:32:47.643402,GET,/api/articles/list/small/,5.52,23002,0,
2026-05-16T15:32:47.664482,GET,/api/articles/list/large/,34.51,471824,0,
2026-05-16T15:32:47.672125,GET,/api/articles/list/large/,33.79,471824,0,
2026-05-16T15:32:47.673322,GET,/api/articles/list/large/,37.87,471824,0,
2026-05-16T15:32:47.677939,GET,/api/articles/list/large/,33.32,471824,0,
2026-05-16T15:32:47.679754,POST,/api/articles/analyze/,4.21,58,0,
2026-05-16T15:32:47.689048,GET,/api/articles/list/large/,33.95,471824,0,
2026-05-16T15:32:47.703720,POST,/api/articles/bulk/,7.31,34,0,
2026-05-16T15:32:47.736409,GET,/api/articles/list/small/,4.39,23002,0,
2026-05-16T15:32:47.779950,POST,/api/articles/bulk/,7.3,34,0,
2026-05-16T15:32:47.796995,POST,/api/articles/analyze/,3.86,58,0,
2026-05-16T15:32:47.816236,POST,/api/articles/analyze/,3.02,58,0,
2026-05-16T15:32:47.819870,POST,/api/articles/analyze/,3.52,58,0,
2026-05-16T15:32:47.825076,POST,/api/articles/bulk/,8.27,34,0,
2026-05-16T15:32:47.827930,GET,/api/articles/list/large/,34.25,471824,0,
2026-05-16T15:32:47.828446,GET,/api/articles/list/small/,5.33,23002,0,
2026-05-16T15:32:47.838903,POST,/api/articles/bulk/,7.08,34,0,
2026-05-16T15:32:47.858588,POST,/api/articles/analyze/,4.81,58,0,
2026-05-16T15:32:47.860070,POST,/api/articles/analyze/,4.17,58,0,
2026-05-16T15:32:47.860957,POST,/api/articles/analyze/,3.5,58,0,
2026-05-16T15:32:47.862169,POST,/api/articles/bulk/,13.81,34,0,
2026-05-16T15:32:47.863485,GET,/api/articles/list/small/,4.48,23002,0,
2026-05-16T15:32:47.877950,POST,/api/articles/bulk/,7.24,34,0,
2026-05-16T15:32:47.885747,POST,/api/articles/analyze/,2.64,58,0,
2026-05-16T15:32:47.890036,POST,/api/articles/bulk/,7.67,34,0,
2026-05-16T15:32:47.900074,POST,/api/articles/analyze/,2.71,58,0,
2026-05-16T15:32:47.957148,GET,/api/articles/list/small/,4.72,23002,0,
2026-05-16T15:32:47.966948,GET,/api/articles/list/large/,35.48,471824,0,
2026-05-16T15:32:47.968117,GET,/api/articles/list/large/,35.02,471824,0,
2026-05-16T15:32:47.974735,GET,/api/articles/list/large/,33.82,471824,0,
2026-05-16T15:32:47.978150,GET,/api/articles/list/small/,5.78,23002,0,
2026-05-16T15:32:48.014816,GET,/api/articles/list/small/,4.49,23002,0,
2026-05-16T15:32:48.021760,GET,/api/articles/list/large/,33.37,471824,0,
2026-05-16T15:32:48.029363,GET,/api/articles/list/large/,33.46,471824,0,
2026-05-16T15:32:48.039199,GET,/api/articles/list/small/,5.66,23002,0,
2026-05-16T15:32:48.053378,GET,/api/articles/list/small/,4.36,23002,0,
2026-05-16T15:32:48.058825,GET,/api/articles/list/large/,33.8,471824,0,
2026-05-16T15:32:48.067797,GET,/api/articles/list/large/,33.75,471824,0,
2026-05-16T15:32:48.072241,GET,/api/articles/list/large/,34.16,471824,0,
2026-05-16T15:32:48.075732,GET,/api/articles/list/small/,5.29,23002,0,
2026-05-16T15:32:48.087986,POST,/api/articles/analyze/,3.06,58,0,
2026-05-16T15:32:48.100380,GET,/api/articles/list/large/,40.26,471824,0,
2026-05-16T15:32:48.109553,POST,/api/articles/analyze/,3.86,58,0,
2026-05-16T15:32:48.109974,POST,/api/articles/analyze/,3.69,58,0,
2026-05-16T15:32:48.127955,GET,/api/articles/list/large/,40.88,471824,0,
2026-05-16T15:32:48.143527,GET,/api/articles/list/large/,33.45,471824,0,
2026-05-16T15:32:48.144033,POST,/api/articles/bulk/,7.7,34,0,
2026-05-16T15:32:48.144463,GET,/api/articles/list/small/,4.16,23002,0,
2026-05-16T15:32:48.169969,POST,/api/articles/analyze/,3.23,58,0,
2026-05-16T15:32:48.186394,GET,/api/articles/list/large/,33.45,471824,0,
2026-05-16T15:32:48.191534,GET,/api/articles/list/large/,33.06,471824,0,
2026-05-16T15:32:48.193736,POST,/api/articles/analyze/,4.12,58,0,
2026-05-16T15:32:48.194592,POST,/api/articles/analyze/,2.69,58,0,
2026-05-16T15:32:48.206990,GET,/api/articles/list/large/,38.05,471824,0,
2026-05-16T15:32:48.255902,GET,/api/articles/list/large/,33.69,471824,0,
2026-05-16T15:32:48.259115,GET,/api/articles/list/large/,33.41,471824,0,
2026-05-16T15:32:48.267528,POST,/api/articles/bulk/,7.13,34,0,
2026-05-16T15:32:48.276493,GET,/api/articles/list/small/,4.77,23002,0,
2026-05-16T15:32:48.277947,POST,/api/articles/bulk/,8.39,34,0,
2026-05-16T15:32:48.278376,POST,/api/articles/bulk/,9.57,34,0,
2026-05-16T15:32:48.280476,GET,/api/articles/list/small/,4.9,23002,0,
2026-05-16T15:32:48.282929,POST,/api/articles/analyze/,3.31,58,0,
2026-05-16T15:32:48.283338,POST,/api/articles/analyze/,2.44,58,0,
2026-05-16T15:32:48.332205,POST,/api/articles/bulk/,7.82,34,0,
2026-05-16T15:32:48.335845,GET,/api/articles/list/large/,38.9,471824,0,
2026-05-16T15:32:48.348805,POST,/api/articles/bulk/,15.11,34,0,
2026-05-16T15:32:48.350652,POST,/api/articles/analyze/,3.01,58,0,
2026-05-16T15:32:48.365483,GET,/api/articles/list/large/,76.98,471824,0,
2026-05-16T15:32:48.369082,GET,/api/articles/list/small/,6.54,23002,0,
2026-05-16T15:32:48.377313,POST,/api/articles/bulk/,6.99,34,0,
2026-05-16T15:32:48.394952,GET,/api/articles/list/small/,4.39,23002,0,
2026-05-16T15:32:48.398931,GET,/api/articles/list/large/,37.03,471824,0,
2026-05-16T15:32:48.402012,POST,/api/articles/bulk/,6.94,34,0,
2026-05-16T15:32:48.426667,GET,/api/articles/list/small/,4.31,23002,0,
2026-05-16T15:32:48.442805,POST,/api/articles/analyze/,2.77,58,0,
2026-05-16T15:32:48.481802,GET,/api/articles/list/small/,4.64,23002,0,
2026-05-16T15:32:48.508087,GET,/api/articles/list/small/,5.85,23002,0,
2026-05-16T15:32:48.510383,POST,/api/articles/bulk/,7.06,34,0,
2026-05-16T15:32:48.515535,GET,/api/articles/list/small/,4.6,23002,0,
2026-05-16T15:32:48.528412,POST,/api/articles/analyze/,2.69,58,0,
2026-05-16T15:32:48.544177,GET,/api/articles/list/large/,33.68,471824,0,
2026-05-16T15:32:48.546009,GET,/api/articles/list/small/,4.19,23002,0,
2026-05-16T15:32:48.547967,POST,/api/articles/bulk/,7.8,34,0,
2026-05-16T15:32:48.556695,POST,/api/articles/analyze/,2.55,58,0,
2026-05-16T15:32:48.570187,GET,/api/articles/list/large/,33.53,471824,0,
2026-05-16T15:32:48.594865,GET,/api/articles/list/small/,9.92,23002,0,
2026-05-16T15:32:48.600662,POST,/api/articles/analyze/,7.96,58,0,
2026-05-16T15:32:48.601170,POST,/api/articles/analyze/,5.03,58,0,
2026-05-16T15:32:48.603238,POST,/api/articles/analyze/,3.53,58,0,
2026-05-16T15:32:48.611979,POST,/api/articles/analyze/,2.4,58,0,
2026-05-16T15:32:48.623860,POST,/api/articles/analyze/,2.56,58,0,
2026-05-16T15:32:48.632920,GET,/api/articles/list/small/,4.7,23002,0,
2026-05-16T15:32:48.636651,POST,/api/articles/analyze/,3.1,58,0,
2026-05-16T15:32:48.639490,POST,/api/articles/analyze/,3.69,58,0,
2026-05-16T15:32:48.639909,POST,/api/articles/analyze/,2.63,58,0,
2026-05-16T15:32:48.640274,POST,/api/articles/bulk/,8.53,34,0,
2026-05-16T15:32:48.658320,POST,/api/articles/analyze/,2.71,58,0,
2026-05-16T15:32:48.663808,GET,/api/articles/list/small/,4.13,23002,0,
2026-05-16T15:32:48.670410,POST,/api/articles/analyze/,4.36,58,0,
2026-05-16T15:32:48.672148,GET,/api/articles/list/small/,4.95,23002,0,
2026-05-16T15:32:48.674444,POST,/api/articles/bulk/,7.89,34,0,
2026-05-16T15:32:48.683674,POST,/api/articles/bulk/,7.02,34,0,
2026-05-16T15:32:48.686372,POST,/api/articles/analyze/,2.58,58,0,
2026-05-16T15:32:48.690553,POST,/api/articles/bulk/,8.09,34,0,
2026-05-16T15:32:48.694101,GET,/api/articles/list/small/,4.57,23002,0,
2026-05-16T15:32:48.704840,GET,/api/articles/list/large/,33.6,471824,0,
2026-05-16T15:32:48.721789,GET,/api/articles/list/small/,5.7,23002,0,
2026-05-16T15:32:48.722296,POST,/api/articles/analyze/,4.09,58,0,
2026-05-16T15:32:48.725286,POST,/api/articles/bulk/,8.13,34,0,
2026-05-16T15:32:48.726698,POST,/api/articles/bulk/,7.15,34,0,
2026-05-16T15:32:48.733313,POST,/api/articles/analyze/,3.83,58,0,
2026-05-16T15:32:48.763847,GET,/api/articles/list/large/,34.81,471824,0,
2026-05-16T15:32:48.781602,GET,/api/articles/list/small/,4.39,23002,0,
2026-05-16T15:32:48.784081,GET,/api/articles/list/small/,4.27,23002,0,
2026-05-16T15:32:48.800313,POST,/api/articles/analyze/,3.29,58,0,
2026-05-16T15:32:48.802324,GET,/api/articles/list/small/,4.61,23002,0,
2026-05-16T15:32:48.807143,POST,/api/articles/analyze/,2.56,58,0,
2026-05-16T15:32:48.816175,POST,/api/articles/analyze/,2.72,58,0,
2026-05-16T15:32:48.853843,POST,/api/articles/analyze/,2.77,58,0,
2026-05-16T15:32:48.869435,POST,/api/articles/bulk/,7.34,34,0,
2026-05-16T15:32:48.871826,POST,/api/articles/analyze/,3.74,58,0,
2026-05-16T15:32:48.877624,POST,/api/articles/bulk/,8.06,34,0,
2026-05-16T15:32:48.885355,GET,/api/articles/list/large/,34.83,471824,0,
2026-05-16T15:32:48.899754,POST,/api/articles/analyze/,3.18,58,0,
2026-05-16T15:32:48.905581,POST,/api/articles/analyze/,2.59,58,0,
2026-05-16T15:32:48.914414,POST,/api/articles/analyze/,2.62,58,0,
2026-05-16T15:32:48.925471,POST,/api/articles/bulk/,6.83,34,0,
2026-05-16T15:32:48.930948,GET,/api/articles/list/large/,33.04,471824,0,
2026-05-16T15:32:48.935595,GET,/api/articles/list/small/,4.51,23002,0,
2026-05-16T15:32:48.964259,POST,/api/articles/bulk/,7.89,34,0,
2026-05-16T15:32:48.971057,GET,/api/articles/list/large/,33.11,471824,0,
2026-05-16T15:32:48.971579,POST,/api/articles/bulk/,7.19,34,0,
2026-05-16T15:32:48.994449,GET,/api/articles/list/large/,34.19,471824,0,
2026-05-16T15:32:48.995010,POST,/api/articles/analyze/,4.18,58,0,
2026-05-16T15:32:48.997578,POST,/api/articles/analyze/,5.01,58,0,
2026-05-16T15:32:49.003952,POST,/api/articles/bulk/,7.43,34,0,
2026-05-16T15:32:49.008730,POST,/api/articles/analyze/,3.46,58,0,
2026-05-16T15:32:49.013081,GET,/api/articles/list/small/,5.38,23002,0,
2026-05-16T15:32:49.019308,POST,/api/articles/bulk/,7.62,34,0,
2026-05-16T15:32:49.040687,GET,/api/articles/list/small/,4.41,23002,0,
2026-05-16T15:32:49.060843,GET,/api/articles/list/large/,34.3,471824,0,
2026-05-16T15:32:49.071882,GET,/api/articles/list/large/,44.27,471824,0,
2026-05-16T15:32:49.073531,POST,/api/articles/analyze/,3.46,58,0,
2026-05-16T15:32:49.076638,GET,/api/articles/list/large/,45.55,471824,0,
2026-05-16T15:32:49.087730,POST,/api/articles/analyze/,5.68,58,0,
2026-05-16T15:32:49.089142,GET,/api/articles/list/small/,10.47,23002,0,
2026-05-16T15:32:49.089567,GET,/api/articles/list/small/,5.36,23002,0,
2026-05-16T15:32:49.132172,POST,/api/articles/bulk/,7.27,34,0,
2026-05-16T15:32:49.140278,POST,/api/articles/bulk/,7.98,34,0,
2026-05-16T15:32:49.141529,GET,/api/articles/list/small/,6.4,23002,0,
2026-05-16T15:32:49.149834,GET,/api/articles/list/large/,37.92,471824,0,
2026-05-16T15:32:49.160975,GET,/api/articles/list/large/,36.52,471824,0,
2026-05-16T15:32:49.161657,POST,/api/articles/bulk/,9.58,34,0,
2026-05-16T15:32:49.181873,GET,/api/articles/list/large/,45.65,471824,0,
2026-05-16T15:32:49.188066,POST,/api/articles/bulk/,8.27,34,0,
2026-05-16T15:32:49.199241,POST,/api/articles/analyze/,4.48,58,0,
2026-05-16T15:32:49.203041,POST,/api/articles/analyze/,6.05,58,0,
2026-05-16T15:32:49.204272,GET,/api/articles/list/large/,33.35,471824,0,
2026-05-16T15:32:49.205265,POST,/api/articles/bulk/,9.47,34,0,
2026-05-16T15:32:49.209531,GET,/api/articles/list/large/,34.96,471824,0,
2026-05-16T15:32:49.210620,POST,/api/articles/bulk/,9.12,34,0,
2026-05-16T15:32:49.215839,POST,/api/articles/bulk/,8.31,34,0,
2026-05-16T15:32:49.222820,GET,/api/articles/list/large/,33.53,471824,0,
2026-05-16T15:32:49.239683,GET,/api/articles/list/small/,4.51,23002,0,
2026-05-16T15:32:49.249525,GET,/api/articles/list/small/,4.44,23002,0,
2026-05-16T15:32:49.297974,GET,/api/articles/list/small/,4.54,23002,0,
2026-05-16T15:32:49.304047,POST,/api/articles/analyze/,2.82,58,0,
2026-05-16T15:32:49.305482,GET,/api/articles/list/large/,33.64,471824,0,
2026-05-16T15:32:49.337541,POST,/api/articles/bulk/,16.67,34,0,
2026-05-16T15:32:49.364729,GET,/api/articles/list/small/,4.57,23002,0,
2026-05-16T15:32:49.365756,POST,/api/articles/bulk/,8.12,34,0,
2026-05-16T15:32:49.377242,POST,/api/articles/analyze/,3.22,58,0,
2026-05-16T15:32:49.384072,POST,/api/articles/analyze/,2.9,58,0,
2026-05-16T15:32:49.385673,POST,/api/articles/bulk/,7.19,34,0,
2026-05-16T15:32:49.389189,GET,/api/articles/list/large/,34.11,471824,0,
2026-05-16T15:32:49.393674,GET,/api/articles/list/large/,34.56,471824,0,
2026-05-16T15:32:49.395019,GET,/api/articles/list/large/,35.47,471824,0,
2026-05-16T15:32:49.408227,GET,/api/articles/list/large/,35.24,471824,0,
2026-05-16T15:32:49.414713,POST,/api/articles/bulk/,8.5,34,0,
2026-05-16T15:32:49.427435,POST,/api/articles/analyze/,2.52,58,0,
2026-05-16T15:32:49.442137,GET,/api/articles/list/large/,33.75,471824,0,
2026-05-16T15:32:49.450744,POST,/api/articles/bulk/,7.22,34,0,
2026-05-16T15:32:49.454657,GET,/api/articles/list/small/,5.21,23002,0,
2026-05-16T15:32:49.461245,POST,/api/articles/bulk/,7.79,34,0,
2026-05-16T15:32:49.461686,POST,/api/articles/analyze/,2.7,58,0,
2026-05-16T15:32:49.470078,POST,/api/articles/analyze/,3.04,58,0,
2026-05-16T15:32:49.480338,GET,/api/articles/list/small/,5.15,23002,0,
2026-05-16T15:32:49.482330,POST,/api/articles/analyze/,3.04,58,0,
2026-05-16T15:32:49.503248,GET,/api/articles/list/large/,33.97,471824,0,
2026-05-16T15:32:49.514003,GET,/api/articles/list/large/,35.26,471824,0,
2026-05-16T15:32:49.514560,POST,/api/articles/bulk/,10.1,34,0,
2026-05-16T15:32:49.520553,POST,/api/articles/bulk/,10.52,34,0,
2026-05-16T15:32:49.539098,GET,/api/articles/list/large/,33.89,471824,0,
2026-05-16T15:32:49.549408,GET,/api/articles/list/large/,38.4,471824,0,
2026-05-16T15:32:49.575111,POST,/api/articles/bulk/,13.47,34,0,
2026-05-16T15:32:49.579594,POST,/api/articles/bulk/,12.94,34,0,
2026-05-16T15:32:49.612268,GET,/api/articles/list/large/,37.01,471824,0,
2026-05-16T15:32:49.622811,POST,/api/articles/bulk/,7.16,34,0,
2026-05-16T15:32:49.659605,POST,/api/articles/bulk/,7.55,34,0,
2026-05-16T15:32:49.675364,POST,/api/articles/bulk/,7.53,34,0,
2026-05-16T15:32:49.689943,POST,/api/articles/bulk/,7.16,34,0,
2026-05-16T15:32:49.702999,POST,/api/articles/analyze/,2.7,58,0,
2026-05-16T15:32:49.733151,GET,/api/articles/list/small/,4.68,23002,0,
2026-05-16T15:32:49.744757,POST,/api/articles/bulk/,8.36,34,0,
2026-05-16T15:32:49.752578,GET,/api/articles/list/large/,34.23,471824,0,
2026-05-16T15:32:49.762580,GET,/api/articles/list/large/,34.69,471824,0,
2026-05-16T15:32:49.776563,POST,/api/articles/bulk/,7.74,34,0,
2026-05-16T15:32:49.783999,POST,/api/articles/bulk/,7.29,34,0,
2026-05-16T15:32:49.795010,POST,/api/articles/analyze/,3.1,58,0,
2026-05-16T15:32:49.831568,POST,/api/articles/bulk/,11.7,34,0,
2026-05-16T15:32:49.835009,GET,/api/articles/list/large/,46.65,471824,0,
2026-05-16T15:32:49.837636,GET,/api/articles/list/large/,43.64,471824,0,
2026-05-16T15:32:49.840145,POST,/api/articles/bulk/,11.72,34,0,
2026-05-16T15:32:49.842697,GET,/api/articles/list/small/,4.93,23002,0,
2026-05-16T15:32:49.848475,GET,/api/articles/list/large/,42.99,471824,0,
2026-05-16T15:32:49.852390,POST,/api/articles/analyze/,2.66,58,0,
2026-05-16T15:32:49.861540,GET,/api/articles/list/large/,49.24,471824,0,
2026-05-16T15:32:49.863402,GET,/api/articles/list/large/,49.37,471824,0,
2026-05-16T15:32:49.863912,POST,/api/articles/bulk/,7.28,34,0,
2026-05-16T15:32:49.867199,GET,/api/articles/list/small/,5.52,23002,0,
2026-05-16T15:32:49.869772,POST,/api/articles/analyze/,2.46,58,0,
2026-05-16T15:32:49.872100,GET,/api/articles/list/large/,33.78,471824,0,
2026-05-16T15:32:49.915424,POST,/api/articles/bulk/,10.44,34,0,
2026-05-16T15:32:49.932949,POST,/api/articles/bulk/,7.31,34,0,
2026-05-16T15:32:49.934843,GET,/api/articles/list/large/,33.45,471824,0,
2026-05-16T15:32:49.938479,GET,/api/articles/list/small/,5.39,23002,0,
2026-05-16T15:32:49.941004,POST,/api/articles/bulk/,9.47,34,0,
2026-05-16T15:32:49.953258,POST,/api/articles/bulk/,6.94,34,0,
2026-05-16T15:32:49.988584,GET,/api/articles/list/small/,5.08,23002,0,
2026-05-16T15:32:49.991326,POST,/api/articles/bulk/,7.17,34,0,
2026-05-16T15:32:50.008172,POST,/api/articles/bulk/,7.17,34,0,
2026-05-16T15:32:50.026679,POST,/api/articles/analyze/,4.01,58,0,
2026-05-16T15:32:50.029114,POST,/api/articles/bulk/,7.71,34,0,
2026-05-16T15:32:50.031806,GET,/api/articles/list/large/,33.28,471824,0,
2026-05-16T15:32:50.081487,POST,/api/articles/analyze/,3.33,58,0,
2026-05-16T15:32:50.085104,POST,/api/articles/analyze/,2.38,58,0,
2026-05-16T15:32:50.104585,GET,/api/articles/list/large/,58.5,471824,0,
2026-05-16T15:32:50.105066,GET,/api/articles/list/small/,5.25,23002,0,
2026-05-16T15:32:50.111415,GET,/api/articles/list/large/,58.75,471824,0,
2026-05-16T15:32:50.111947,GET,/api/articles/list/small/,5.18,23002,0,
2026-05-16T15:32:50.112356,GET,/api/articles/list/small/,6.08,23002,0,
2026-05-16T15:32:50.121635,GET,/api/articles/list/small/,4.16,23002,0,
2026-05-16T15:32:50.125729,POST,/api/articles/bulk/,6.93,34,0,
2026-05-16T15:32:50.129764,GET,/api/articles/list/large/,33.44,471824,0,
2026-05-16T15:32:50.130785,POST,/api/articles/bulk/,6.99,34,0,
2026-05-16T15:32:50.152358,POST,/api/articles/analyze/,2.34,58,0,
2026-05-16T15:32:50.156267,POST,/api/articles/bulk/,7.5,34,0,
2026-05-16T15:32:50.179568,GET,/api/articles/list/large/,33.26,471824,0,
2026-05-16T15:32:50.201122,GET,/api/articles/list/large/,33.63,471824,0,
2026-05-16T15:32:50.202450,GET,/api/articles/list/small/,5.19,23002,0,
2026-05-16T15:32:50.203672,GET,/api/articles/list/small/,4.95,23002,0,
2026-05-16T15:32:50.207489,POST,/api/articles/analyze/,2.61,58,0,
2026-05-16T15:32:50.210767,GET,/api/articles/list/large/,33.8,471824,0,
2026-05-16T15:32:50.216032,GET,/api/articles/list/large/,33.2,471824,0,
2026-05-16T15:32:50.217840,POST,/api/articles/analyze/,3.86,58,0,
2026-05-16T15:32:50.230715,POST,/api/articles/bulk/,7.02,34,0,
2026-05-16T15:32:50.231513,GET,/api/articles/list/small/,4.13,23002,0,
2026-05-16T15:32:50.239829,POST,/api/articles/analyze/,3.38,58,0,
2026-05-16T15:32:50.240379,POST,/api/articles/analyze/,2.44,58,0,
2026-05-16T15:32:50.243187,POST,/api/articles/bulk/,7.46,34,0,
2026-05-16T15:32:50.254333,GET,/api/articles/list/large/,33.13,471824,0,
2026-05-16T15:32:50.263877,GET,/api/articles/list/small/,4.3,23002,0,
2026-05-16T15:32:50.283709,GET,/api/articles/list/large/,33.27,471824,0,
2026-05-16T15:32:50.292104,GET,/api/articles/list/small/,6.0,23002,0,
2026-05-16T15:32:50.293662,POST,/api/articles/bulk/,7.01,34,0,
2026-05-16T15:32:50.295194,GET,/api/articles/list/small/,4.15,23002,0,
2026-05-16T15:32:50.315757,POST,/api/articles/bulk/,14.22,34,0,
2026-05-16T15:32:50.340881,GET,/api/articles/list/small/,4.87,23002,0,
2026-05-16T15:32:50.348402,POST,/api/articles/analyze/,2.74,58,0,
2026-05-16T15:32:50.354882,GET,/api/articles/list/small/,4.24,23002,0,
2026-05-16T15:32:50.362241,GET,/api/articles/list/small/,5.18,23002,0,
2026-05-16T15:32:50.365449,POST,/api/articles/bulk/,7.38,34,0,
2026-05-16T15:32:50.374231,GET,/api/articles/list/large/,34.64,471824,0,
2026-05-16T15:32:50.375445,GET,/api/articles/list/large/,35.37,471824,0,
2026-05-16T15:32:50.402452,GET,/api/articles/list/small/,7.73,23002,0,
2026-05-16T15:32:50.402901,GET,/api/articles/list/small/,4.77,23002,0,
2026-05-16T15:32:50.405083,GET,/api/articles/list/small/,4.49,23002,0,
2026-05-16T15:32:50.405551,POST,/api/articles/bulk/,9.73,34,0,
2026-05-16T15:32:50.476490,GET,/api/articles/list/small/,4.67,23002,0,
2026-05-16T15:32:50.480485,GET,/api/articles/list/small/,4.9,23002,0,
2026-05-16T15:32:50.508395,POST,/api/articles/analyze/,2.83,58,0,
2026-05-16T15:32:50.512752,GET,/api/articles/list/large/,33.16,471824,0,
2026-05-16T15:32:50.532371,GET,/api/articles/list/small/,5.63,23002,0,
2026-05-16T15:32:50.548616,POST,/api/articles/bulk/,8.03,34,0,
2026-05-16T15:32:50.570723,POST,/api/articles/bulk/,18.03,34,0,
2026-05-16T15:32:50.572336,GET,/api/articles/list/large/,44.22,471824,0,
2026-05-16T15:32:50.573512,GET,/api/articles/list/large/,49.38,471824,0,
2026-05-16T15:32:50.583131,GET,/api/articles/list/large/,55.42,471824,0,
2026-05-16T15:32:50.587154,GET,/api/articles/list/small/,6.4,23002,0,
2026-05-16T15:32:50.591541,POST,/api/articles/bulk/,7.4,34,0,
2026-05-16T15:32:50.595975,GET,/api/articles/list/large/,40.14,471824,0,
2026-05-16T15:32:50.599524,GET,/api/articles/list/small/,5.76,23002,0,
2026-05-16T15:32:50.601565,GET,/api/articles/list/large/,54.1,471824,0,
2026-05-16T15:32:50.610080,GET,/api/articles/list/small/,4.32,23002,0,
2026-05-16T15:32:50.619213,GET,/api/articles/list/large/,35.7,471824,0,
2026-05-16T15:32:50.619683,POST,/api/articles/bulk/,7.33,34,0,
2026-05-16T15:32:50.626040,GET,/api/articles/list/small/,5.01,23002,0,
2026-05-16T15:32:50.651498,POST,/api/articles/analyze/,3.19,58,0,
2026-05-16T15:32:50.655390,GET,/api/articles/list/large/,33.9,471824,0,
2026-05-16T15:32:50.662153,POST,/api/articles/analyze/,2.73,58,0,
2026-05-16T15:32:50.663240,POST,/api/articles/bulk/,7.72,34,0,
2026-05-16T15:32:50.674577,POST,/api/articles/analyze/,4.08,58,0,
2026-05-16T15:32:50.678432,POST,/api/articles/bulk/,7.46,34,0,
2026-05-16T15:32:50.690671,GET,/api/articles/list/large/,33.83,471824,0,
2026-05-16T15:32:50.695615,POST,/api/articles/analyze/,2.55,58,0,
2026-05-16T15:32:50.703074,GET,/api/articles/list/small/,4.27,23002,0,
2026-05-16T15:32:50.734848,POST,/api/articles/bulk/,7.96,34,0,
2026-05-16T15:32:50.737605,POST,/api/articles/analyze/,2.62,58,0,
2026-05-16T15:32:50.743256,GET,/api/articles/list/large/,33.95,471824,0,
2026-05-16T15:32:50.754528,GET,/api/articles/list/small/,4.84,23002,0,
2026-05-16T15:32:50.754968,GET,/api/articles/list/small/,4.21,23002,0,
2026-05-16T15:32:50.774925,POST,/api/articles/bulk/,7.73,34,0,
2026-05-16T15:32:50.775347,POST,/api/articles/analyze/,3.34,58,0,
2026-05-16T15:32:50.776812,GET,/api/articles/list/small/,4.3,23002,0,
2026-05-16T15:32:50.807500,POST,/api/articles/analyze/,7.32,58,0,
2026-05-16T15:32:50.807920,POST,/api/articles/analyze/,4.03,58,0,
2026-05-16T15:32:50.815918,POST,/api/articles/analyze/,2.79,58,0,
2026-05-16T15:32:50.826884,POST,/api/articles/analyze/,2.56,58,0,
2026-05-16T15:32:50.851198,GET,/api/articles/list/small/,4.36,23002,0,
2026-05-16T15:32:50.862163,GET,/api/articles/list/large/,34.03,471824,0,
2026-05-16T15:32:50.874814,GET,/api/articles/list/small/,4.37,23002,0,
2026-05-16T15:32:50.893496,GET,/api/articles/list/small/,4.46,23002,0,
2026-05-16T15:32:50.907585,GET,/api/articles/list/small/,4.39,23002,0,
2026-05-16T15:32:50.909513,POST,/api/articles/bulk/,7.68,34,0,
2026-05-16T15:32:50.925344,GET,/api/articles/list/small/,4.45,23002,0,
2026-05-16T15:32:51.027162,POST,/api/articles/bulk/,11.06,34,0,
2026-05-16T15:32:51.038350,POST,/api/articles/bulk/,7.88,34,0,
2026-05-16T15:32:51.051664,POST,/api/articles/bulk/,11.88,34,0,
2026-05-16T15:32:51.056980,GET,/api/articles/list/small/,9.93,23002,0,
2026-05-16T15:32:51.057505,GET,/api/articles/list/small/,4.68,23002,0,
2026-05-16T15:32:51.073620,POST,/api/articles/analyze/,3.44,58,0,
2026-05-16T15:32:51.077092,POST,/api/articles/bulk/,8.75,34,0,
2026-05-16T15:32:51.085047,POST,/api/articles/analyze/,2.83,58,0,
2026-05-16T15:32:51.089509,POST,/api/articles/bulk/,8.21,34,0,
2026-05-16T15:32:51.105246,GET,/api/articles/list/large/,37.38,471824,0,
2026-05-16T15:32:51.106514,GET,/api/articles/list/large/,37.46,471824,0,
2026-05-16T15:32:51.131494,GET,/api/articles/list/large/,33.76,471824,0,
2026-05-16T15:32:51.135129,POST,/api/articles/bulk/,7.38,34,0,
2026-05-16T15:32:51.150945,POST,/api/articles/analyze/,3.46,58,0,
2026-05-16T15:32:51.161870,POST,/api/articles/analyze/,2.68,58,0,
2026-05-16T15:32:51.173239,POST,/api/articles/bulk/,8.18,34,0,
2026-05-16T15:32:51.182901,POST,/api/articles/bulk/,8.4,34,0,
2026-05-16T15:32:51.184303,GET,/api/articles/list/large/,36.3,471824,0,
2026-05-16T15:32:51.209621,GET,/api/articles/list/large/,34.35,471824,0,
2026-05-16T15:32:51.223550,POST,/api/articles/analyze/,2.99,58,0,
2026-05-16T15:32:51.230970,GET,/api/articles/list/small/,5.14,23002,0,
2026-05-16T15:32:51.237954,GET,/api/articles/list/small/,4.74,23002,0,
2026-05-16T15:32:51.241659,GET,/api/articles/list/small/,5.77,23002,0,
2026-05-16T15:32:51.245755,GET,/api/articles/list/large/,35.97,471824,0,
2026-05-16T15:32:51.248906,POST,/api/articles/bulk/,8.67,34,0,
2026-05-16T15:32:51.261586,POST,/api/articles/bulk/,8.46,34,0,
2026-05-16T15:32:51.271554,GET,/api/articles/list/small/,5.69,23002,0,
2026-05-16T15:32:51.273638,POST,/api/articles/analyze/,3.32,58,0,
2026-05-16T15:32:51.279097,POST,/api/articles/analyze/,3.18,58,0,
2026-05-16T15:32:51.286022,POST,/api/articles/bulk/,8.49,34,0,
2026-05-16T15:32:51.290244,GET,/api/articles/list/large/,36.33,471824,0,
2026-05-16T15:32:51.303539,GET,/api/articles/list/small/,15.18,23002,0,
2026-05-16T15:32:51.308130,GET,/api/articles/list/small/,9.08,23002,0,
2026-05-16T15:32:51.310013,POST,/api/articles/analyze/,3.23,58,0,
2026-05-16T15:32:51.322315,POST,/api/articles/analyze/,4.27,58,0,
2026-05-16T15:32:51.332581,POST,/api/articles/bulk/,8.02,34,0,
2026-05-16T15:32:51.334280,POST,/api/articles/analyze/,3.17,58,0,
2026-05-16T15:32:51.351782,POST,/api/articles/bulk/,7.28,34,0,
2026-05-16T15:32:51.353396,GET,/api/articles/list/large/,35.97,471824,0,
2026-05-16T15:32:51.357581,GET,/api/articles/list/small/,4.07,23002,0,
2026-05-16T15:32:51.368873,GET,/api/articles/list/large/,37.21,471824,0,
2026-05-16T15:32:51.381327,POST,/api/articles/bulk/,7.21,34,0,
2026-05-16T15:32:51.385636,GET,/api/articles/list/small/,4.18,23002,0,
2026-05-16T15:32:51.393321,GET,/api/articles/list/large/,33.53,471824,0,
2026-05-16T15:32:51.417668,GET,/api/articles/list/large/,33.79,471824,0,
2026-05-16T15:32:51.426598,GET,/api/articles/list/large/,35.71,471824,0,
2026-05-16T15:32:51.432741,POST,/api/articles/bulk/,8.27,34,0,
2026-05-16T15:32:51.440471,GET,/api/articles/list/small/,4.47,23002,0,
2026-05-16T15:32:51.448960,GET,/api/articles/list/large/,33.99,471824,0,
2026-05-16T15:32:51.453399,POST,/api/articles/bulk/,7.72,34,0,
2026-05-16T15:32:51.459455,POST,/api/articles/bulk/,7.28,34,0,
2026-05-16T15:32:51.462832,POST,/api/articles/bulk/,7.18,34,0,
2026-05-16T15:32:51.470430,GET,/api/articles/list/small/,4.42,23002,0,
2026-05-16T15:32:51.481240,POST,/api/articles/analyze/,2.58,58,0,
2026-05-16T15:32:51.488903,GET,/api/articles/list/large/,33.68,471824,0,
2026-05-16T15:32:51.489467,POST,/api/articles/bulk/,6.99,34,0,
2026-05-16T15:32:51.492093,POST,/api/articles/analyze/,5.98,58,0,
2026-05-16T15:32:51.492505,POST,/api/articles/analyze/,2.62,58,0,
2026-05-16T15:32:51.496041,POST,/api/articles/bulk/,9.36,34,0,
2026-05-16T15:32:51.497689,POST,/api/articles/analyze/,2.97,58,0,
2026-05-16T15:32:51.522932,POST,/api/articles/bulk/,7.86,34,0,
2026-05-16T15:32:51.525080,POST,/api/articles/bulk/,7.09,34,0,
2026-05-16T15:32:51.538588,POST,/api/articles/bulk/,8.21,34,0,
2026-05-16T15:32:51.554331,GET,/api/articles/list/small/,5.05,23002,0,
2026-05-16T15:32:51.556388,POST,/api/articles/bulk/,8.0,34,0,
2026-05-16T15:32:51.568450,POST,/api/articles/bulk/,7.22,34,0,
2026-05-16T15:32:51.588941,GET,/api/articles/list/large/,33.37,471824,0,
2026-05-16T15:32:51.592036,POST,/api/articles/bulk/,7.36,34,0,
2026-05-16T15:32:51.596017,GET,/api/articles/list/small/,4.84,23002,0,
2026-05-16T15:32:51.610976,POST,/api/articles/analyze/,2.6,58,0,
2026-05-16T15:32:51.622566,POST,/api/articles/analyze/,3.25,58,0,
2026-05-16T15:32:51.626308,POST,/api/articles/bulk/,7.65,34,0,
2026-05-16T15:32:51.644143,POST,/api/articles/analyze/,3.0,58,0,
2026-05-16T15:32:51.656655,GET,/api/articles/list/large/,38.46,471824,0,
2026-05-16T15:32:51.657115,POST,/api/articles/bulk/,8.74,34,0,
2026-05-16T15:32:51.675240,GET,/api/articles/list/large/,34.68,471824,0,
2026-05-16T15:32:51.683836,GET,/api/articles/list/large/,33.77,471824,0,
2026-05-16T15:32:51.719850,GET,/api/articles/list/small/,4.62,23002,0,
2026-05-16T15:32:51.726848,POST,/api/articles/analyze/,2.63,58,0,
2026-05-16T15:32:51.734470,GET,/api/articles/list/small/,4.24,23002,0,
2026-05-16T15:32:51.743855,GET,/api/articles/list/small/,4.14,23002,0,
2026-05-16T15:32:51.758776,GET,/api/articles/list/small/,4.31,23002,0,
2026-05-16T15:32:51.759535,POST,/api/articles/analyze/,2.51,58,0,
2026-05-16T15:32:51.776448,POST,/api/articles/analyze/,2.6,58,0,
2026-05-16T15:32:51.787848,POST,/api/articles/analyze/,6.93,58,0,
2026-05-16T15:32:51.796543,POST,/api/articles/bulk/,14.36,34,0,
2026-05-16T15:32:51.804420,POST,/api/articles/analyze/,2.55,58,0,
2026-05-16T15:32:51.824349,GET,/api/articles/list/small/,4.19,23002,0,
2026-05-16T15:32:51.835337,GET,/api/articles/list/small/,4.23,23002,0,
2026-05-16T15:32:51.852082,GET,/api/articles/list/large/,36.44,471824,0,
2026-05-16T15:32:51.858067,POST,/api/articles/bulk/,8.5,34,0,
2026-05-16T15:32:51.861123,GET,/api/articles/list/large/,33.54,471824,0,
2026-05-16T15:32:51.861559,POST,/api/articles/bulk/,7.8,34,0,
2026-05-16T15:32:51.874324,POST,/api/articles/analyze/,2.95,58,0,
2026-05-16T15:32:51.878020,GET,/api/articles/list/small/,4.54,23002,0,
2026-05-16T15:32:51.902242,GET,/api/articles/list/large/,34.28,471824,0,
2026-05-16T15:32:51.908499,POST,/api/articles/bulk/,8.42,34,0,
2026-05-16T15:32:51.923687,POST,/api/articles/analyze/,2.66,58,0,
2026-05-16T15:32:51.940926,GET,/api/articles/list/large/,33.79,471824,0,
2026-05-16T15:32:51.942237,POST,/api/articles/bulk/,7.3,34,0,
2026-05-16T15:32:51.951031,POST,/api/articles/analyze/,2.62,58,0,
2026-05-16T15:32:51.960356,POST,/api/articles/bulk/,6.98,34,0,
2026-05-16T15:32:51.976474,POST,/api/articles/analyze/,2.64,58,0,
2026-05-16T15:32:51.978962,GET,/api/articles/list/small/,5.57,23002,0,
2026-05-16T15:32:51.979433,POST,/api/articles/bulk/,7.82,34,0,
2026-05-16T15:32:51.985910,POST,/api/articles/bulk/,8.21,34,0,
2026-05-16T15:32:52.014921,POST,/api/articles/analyze/,2.81,58,0,
2026-05-16T15:32:52.056094,POST,/api/articles/bulk/,7.75,34,0,
2026-05-16T15:32:52.058473,GET,/api/articles/list/small/,4.38,23002,0,
2026-05-16T15:32:52.075475,POST,/api/articles/analyze/,2.74,58,0,
2026-05-16T15:32:52.084045,GET,/api/articles/list/large/,34.33,471824,0,
2026-05-16T15:32:52.087790,GET,/api/articles/list/small/,5.49,23002,0,
2026-05-16T15:32:52.106625,POST,/api/articles/bulk/,7.59,34,0,
2026-05-16T15:32:52.116816,GET,/api/articles/list/large/,35.09,471824,0,
2026-05-16T15:32:52.140984,GET,/api/articles/list/large/,33.12,471824,0,
2026-05-16T15:32:52.155101,GET,/api/articles/list/large/,35.0,471824,0,
2026-05-16T15:32:52.157333,POST,/api/articles/analyze/,5.05,58,0,
2026-05-16T15:32:52.157725,POST,/api/articles/analyze/,2.48,58,0,
2026-05-16T15:32:52.163024,GET,/api/articles/list/large/,33.5,471824,0,
2026-05-16T15:32:52.175930,GET,/api/articles/list/small/,4.33,23002,0,
2026-05-16T15:32:52.179804,POST,/api/articles/analyze/,2.65,58,0,
2026-05-16T15:32:52.196171,GET,/api/articles/list/large/,33.01,471824,0,
2026-05-16T15:32:52.213109,POST,/api/articles/bulk/,7.22,34,0,
2026-05-16T15:32:52.224996,POST,/api/articles/analyze/,2.67,58,0,
2026-05-16T15:32:52.238619,POST,/api/articles/analyze/,3.43,58,0,
2026-05-16T15:32:52.240191,GET,/api/articles/list/small/,4.48,23002,0,
2026-05-16T15:32:52.241315,GET,/api/articles/list/large/,35.92,471824,0,
2026-05-16T15:32:52.248681,POST,/api/articles/bulk/,7.24,34,0,
2026-05-16T15:32:52.289350,GET,/api/articles/list/small/,12.42,23002,0,
2026-05-16T15:32:52.291769,POST,/api/articles/bulk/,17.16,34,0,
2026-05-16T15:32:52.293718,POST,/api/articles/analyze/,3.12,58,0,
2026-05-16T15:32:52.299437,POST,/api/articles/analyze/,2.7,58,0,
2026-05-16T15:32:52.313866,GET,/api/articles/list/large/,48.86,471824,0,
2026-05-16T15:32:52.326898,GET,/api/articles/list/large/,33.95,471824,0,
2026-05-16T15:32:52.335766,GET,/api/articles/list/small/,4.57,23002,0,
2026-05-16T15:32:52.342505,GET,/api/articles/list/large/,37.85,471824,0,
2026-05-16T15:32:52.356037,POST,/api/articles/bulk/,7.17,34,0,
2026-05-16T15:32:52.370641,POST,/api/articles/analyze/,3.32,58,0,
2026-05-16T15:32:52.388140,POST,/api/articles/bulk/,7.84,34,0,
2026-05-16T15:32:52.404529,GET,/api/articles/list/large/,34.75,471824,0,
2026-05-16T15:32:52.405127,GET,/api/articles/list/small/,5.07,23002,0,
2026-05-16T15:32:52.406232,GET,/api/articles/list/large/,35.35,471824,0,
2026-05-16T15:32:52.410806,GET,/api/articles/list/small/,4.46,23002,0,
2026-05-16T15:32:52.416512,GET,/api/articles/list/large/,33.33,471824,0,
2026-05-16T15:32:52.417040,GET,/api/articles/list/small/,5.01,23002,0,
2026-05-16T15:32:52.425290,POST,/api/articles/bulk/,7.09,34,0,
2026-05-16T15:32:52.425702,POST,/api/articles/analyze/,2.69,58,0,
2026-05-16T15:32:52.430991,GET,/api/articles/list/large/,33.63,471824,0,
2026-05-16T15:32:52.443429,POST,/api/articles/analyze/,4.06,58,0,
2026-05-16T15:32:52.446058,GET,/api/articles/list/small/,5.58,23002,0,
2026-05-16T15:32:52.449603,POST,/api/articles/bulk/,7.48,34,0,
2026-05-16T15:32:52.451364,POST,/api/articles/analyze/,3.08,58,0,
2026-05-16T15:32:52.475945,GET,/api/articles/list/large/,34.43,471824,0,
2026-05-16T15:32:52.479974,POST,/api/articles/analyze/,2.65,58,0,
2026-05-16T15:32:52.504773,GET,/api/articles/list/small/,4.41,23002,0,
2026-05-16T15:32:52.525804,POST,/api/articles/bulk/,11.49,34,0,
2026-05-16T15:32:52.530666,POST,/api/articles/bulk/,14.8,34,0,
2026-05-16T15:32:52.532322,POST,/api/articles/analyze/,3.42,58,0,
2026-05-16T15:32:52.551299,POST,/api/articles/analyze/,2.64,58,0,
2026-05-16T15:32:52.597099,POST,/api/articles/analyze/,4.65,58,0,
2026-05-16T15:32:52.598590,GET,/api/articles/list/small/,4.32,23002,0,
2026-05-16T15:32:52.602301,POST,/api/articles/analyze/,2.51,58,0,
2026-05-16T15:32:52.618079,GET,/api/articles/list/large/,33.2,471824,0,
2026-05-16T15:32:52.618632,GET,/api/articles/list/small/,5.12,23002,0,
2026-05-16T15:32:52.632085,POST,/api/articles/analyze/,2.73,58,0,
2026-05-16T15:32:52.647926,POST,/api/articles/analyze/,2.64,58,0,
2026-05-16T15:32:52.650335,POST,/api/articles/analyze/,2.3,58,0,
2026-05-16T15:32:52.656509,GET,/api/articles/list/large/,33.67,471824,0,
2026-05-16T15:32:52.674261,POST,/api/articles/bulk/,7.39,34,0,
2026-05-16T15:32:52.686161,GET,/api/articles/list/small/,4.71,23002,0,
2026-05-16T15:32:52.689043,POST,/api/articles/analyze/,2.76,58,0,
2026-05-16T15:32:52.716406,GET,/api/articles/list/small/,4.3,23002,0,
2026-05-16T15:32:52.718306,POST,/api/articles/bulk/,8.03,34,0,
2026-05-16T15:32:52.719720,GET,/api/articles/list/large/,34.6,471824,0,
2026-05-16T15:32:52.721634,GET,/api/articles/list/large/,34.68,471824,0,
2026-05-16T15:32:52.724416,POST,/api/articles/analyze/,2.62,58,0,
2026-05-16T15:32:52.725536,GET,/api/articles/list/small/,5.7,23002,0,
2026-05-16T15:32:52.751440,POST,/api/articles/bulk/,7.9,34,0,
2026-05-16T15:32:52.764591,POST,/api/articles/analyze/,2.75,58,0,
2026-05-16T15:32:52.773608,GET,/api/articles/list/large/,38.67,471824,0,
2026-05-16T15:32:52.776263,POST,/api/articles/analyze/,2.51,58,0,
2026-05-16T15:32:52.780237,POST,/api/articles/bulk/,10.19,34,0,
2026-05-16T15:32:52.797846,POST,/api/articles/bulk/,8.44,34,0,
2026-05-16T15:32:52.798845,POST,/api/articles/bulk/,7.78,34,0,
2026-05-16T15:32:52.841540,POST,/api/articles/bulk/,7.3,34,0,
2026-05-16T15:32:52.852938,POST,/api/articles/bulk/,7.04,34,0,
2026-05-16T15:32:52.859442,GET,/api/articles/list/small/,4.12,23002,0,
2026-05-16T15:32:52.887513,GET,/api/articles/list/small/,7.79,23002,0,
2026-05-16T15:32:52.911945,POST,/api/articles/bulk/,7.16,34,0,
2026-05-16T15:32:52.923108,GET,/api/articles/list/large/,39.7,471824,0,
2026-05-16T15:32:52.937909,POST,/api/articles/bulk/,11.1,34,0,
2026-05-16T15:32:52.950806,GET,/api/articles/list/large/,33.64,471824,0,
2026-05-16T15:32:52.957713,GET,/api/articles/list/large/,33.36,471824,0,
2026-05-16T15:32:52.958364,POST,/api/articles/analyze/,3.33,58,0,
2026-05-16T15:32:52.961661,GET,/api/articles/list/large/,33.2,471824,0,
2026-05-16T15:32:52.974636,GET,/api/articles/list/small/,5.59,23002,0,
2026-05-16T15:32:52.977353,POST,/api/articles/bulk/,7.82,34,0,
2026-05-16T15:32:52.988882,GET,/api/articles/list/small/,5.21,23002,0,
2026-05-16T15:32:52.991428,POST,/api/articles/bulk/,7.28,34,0,
2026-05-16T15:32:53.007993,GET,/api/articles/list/small/,4.32,23002,0,
2026-05-16T15:32:53.028432,POST,/api/articles/analyze/,13.15,58,0,
2026-05-16T15:32:53.028853,POST,/api/articles/analyze/,2.76,58,0,
2026-05-16T15:32:53.030424,GET,/api/articles/list/small/,11.68,23002,0,
2026-05-16T15:32:53.031541,POST,/api/articles/bulk/,20.17,34,0,
2026-05-16T15:32:53.035363,POST,/api/articles/analyze/,2.47,58,0,
2026-05-16T15:32:53.044150,POST,/api/articles/analyze/,2.56,58,0,
2026-05-16T15:32:53.058402,GET,/api/articles/list/small/,5.44,23002,0,
2026-05-16T15:32:53.061981,POST,/api/articles/bulk/,7.54,34,0,
2026-05-16T15:32:53.076610,GET,/api/articles/list/small/,4.39,23002,0,
2026-05-16T15:32:53.077150,POST,/api/articles/analyze/,2.43,58,0,
2026-05-16T15:32:53.083609,GET,/api/articles/list/small/,4.26,23002,0,
2026-05-16T15:32:53.087598,GET,/api/articles/list/large/,35.11,471824,0,
2026-05-16T15:32:53.093439,POST,/api/articles/bulk/,7.61,34,0,
2026-05-16T15:32:53.103133,POST,/api/articles/bulk/,7.3,34,0,
2026-05-16T15:32:53.104233,GET,/api/articles/list/small/,4.52,23002,0,
2026-05-16T15:32:53.114537,POST,/api/articles/bulk/,8.01,34,0,
2026-05-16T15:32:53.128748,GET,/api/articles/list/small/,4.97,23002,0,
2026-05-16T15:32:53.149062,POST,/api/articles/analyze/,3.87,58,0,
2026-05-16T15:32:53.162943,GET,/api/articles/list/small/,7.51,23002,0,
2026-05-16T15:32:53.164279,GET,/api/articles/list/large/,34.91,471824,0,
2026-05-16T15:32:53.165595,GET,/api/articles/list/large/,36.7,471824,0,
2026-05-16T15:32:53.178503,GET,/api/articles/list/small/,5.67,23002,0,
2026-05-16T15:32:53.186304,POST,/api/articles/analyze/,2.62,58,0,
2026-05-16T15:32:53.192628,GET,/api/articles/list/large/,35.63,471824,0,
2026-05-16T15:32:53.196291,POST,/api/articles/analyze/,3.51,58,0,
2026-05-16T15:32:53.200870,POST,/api/articles/bulk/,7.02,34,0,
2026-05-16T15:32:53.207537,GET,/api/articles/list/small/,4.29,23002,0,
2026-05-16T15:32:53.238888,POST,/api/articles/analyze/,2.97,58,0,
2026-05-16T15:32:53.248633,GET,/api/articles/list/small/,4.32,23002,0,
2026-05-16T15:32:53.294761,POST,/api/articles/analyze/,2.8,58,0,
2026-05-16T15:32:53.323169,GET,/api/articles/list/small/,4.85,23002,0,
2026-05-16T15:32:53.346809,GET,/api/articles/list/small/,5.79,23002,0,
2026-05-16T15:32:53.349786,POST,/api/articles/analyze/,6.76,58,0,
2026-05-16T15:32:53.352037,GET,/api/articles/list/large/,36.87,471824,0,
2026-05-16T15:32:53.353328,GET,/api/articles/list/large/,35.51,471824,0,
2026-05-16T15:32:53.353769,POST,/api/articles/bulk/,13.57,34,0,
2026-05-16T15:32:53.357461,POST,/api/articles/analyze/,2.49,58,0,
2026-05-16T15:32:53.359884,GET,/api/articles/list/large/,37.71,471824,0,
2026-05-16T15:32:53.366850,GET,/api/articles/list/large/,34.16,471824,0,
2026-05-16T15:32:53.380068,GET,/api/articles/list/large/,38.16,471824,0,
2026-05-16T15:32:53.398357,POST,/api/articles/analyze/,2.56,58,0,
2026-05-16T15:32:53.418885,POST,/api/articles/bulk/,7.3,34,0,
2026-05-16T15:32:53.421319,GET,/api/articles/list/large/,32.99,471824,0,
2026-05-16T15:32:53.488444,POST,/api/articles/bulk/,7.16,34,0,
2026-05-16T15:32:53.517826,GET,/api/articles/list/large/,43.09,471824,0,
2026-05-16T15:32:53.518353,POST,/api/articles/analyze/,14.56,58,0,
2026-05-16T15:32:53.519815,GET,/api/articles/list/small/,5.0,23002,0,
2026-05-16T15:32:53.526991,POST,/api/articles/analyze/,3.32,58,0,
2026-05-16T15:32:53.551121,POST,/api/articles/analyze/,2.91,58,0,
2026-05-16T15:32:53.557460,GET,/api/articles/list/large/,34.26,471824,0,
2026-05-16T15:32:53.560845,POST,/api/articles/bulk/,7.52,34,0,
2026-05-16T15:32:53.587473,POST,/api/articles/analyze/,3.24,58,0,
2026-05-16T15:32:53.591268,POST,/api/articles/bulk/,8.3,34,0,
2026-05-16T15:32:53.596164,POST,/api/articles/bulk/,7.46,34,0,
2026-05-16T15:32:53.602029,GET,/api/articles/list/large/,33.65,471824,0,
2026-05-16T15:32:53.609735,POST,/api/articles/analyze/,3.33,58,0,
2026-05-16T15:32:53.611132,GET,/api/articles/list/small/,4.19,23002,0,
2026-05-16T15:32:53.614877,POST,/api/articles/analyze/,2.49,58,0,
2026-05-16T15:32:53.624193,GET,/api/articles/list/large/,34.25,471824,0,
2026-05-16T15:32:53.637138,POST,/api/articles/analyze/,2.71,58,0,
2026-05-16T15:32:53.649539,POST,/api/articles/analyze/,3.21,58,0,
2026-05-16T15:32:53.656959,POST,/api/articles/bulk/,7.29,34,0,
2026-05-16T15:32:53.662260,GET,/api/articles/list/small/,4.06,23002,0,
2026-05-16T15:32:53.681155,POST,/api/articles/analyze/,3.68,58,0,
2026-05-16T15:32:53.682951,GET,/api/articles/list/large/,34.47,471824,0,
2026-05-16T15:32:53.686080,POST,/api/articles/bulk/,8.07,34,0,
2026-05-16T15:32:53.694611,GET,/api/articles/list/small/,4.28,23002,0,
2026-05-16T15:32:53.701564,GET,/api/articles/list/small/,4.56,23002,0,
2026-05-16T15:32:53.702003,GET,/api/articles/list/small/,4.55,23002,0,
2026-05-16T15:32:53.709452,POST,/api/articles/analyze/,3.15,58,0,
2026-05-16T15:32:53.714561,POST,/api/articles/bulk/,7.17,34,0,
2026-05-16T15:32:53.734824,POST,/api/articles/analyze/,3.03,58,0,
2026-05-16T15:32:53.743062,GET,/api/articles/list/large/,37.75,471824,0,
2026-05-16T15:32:53.747041,POST,/api/articles/analyze/,2.48,58,0,
2026-05-16T15:32:53.777108,GET,/api/articles/list/small/,4.35,23002,0,
2026-05-16T15:32:53.781308,GET,/api/articles/list/large/,38.11,471824,0,
2026-05-16T15:32:53.788104,GET,/api/articles/list/large/,36.65,471824,0,
2026-05-16T15:32:53.794035,POST,/api/articles/analyze/,2.68,58,0,
2026-05-16T15:32:53.797746,GET,/api/articles/list/large/,33.64,471824,0,
2026-05-16T15:32:53.808400,GET,/api/articles/list/small/,5.28,23002,0,
2026-05-16T15:32:53.808834,GET,/api/articles/list/small/,5.23,23002,0,
2026-05-16T15:32:53.824739,POST,/api/articles/analyze/,2.68,58,0,
2026-05-16T15:32:53.829691,POST,/api/articles/bulk/,8.49,34,0,
2026-05-16T15:32:53.837694,POST,/api/articles/analyze/,3.89,58,0,
2026-05-16T15:32:53.841338,GET,/api/articles/list/large/,33.98,471824,0,
2026-05-16T15:32:53.842502,GET,/api/articles/list/large/,33.57,471824,0,
2026-05-16T15:32:53.863892,GET,/api/articles/list/large/,35.01,471824,0,
2026-05-16T15:32:53.866190,POST,/api/articles/bulk/,7.44,34,0,
2026-05-16T15:32:53.870331,POST,/api/articles/bulk/,8.61,34,0,
2026-05-16T15:32:53.873784,GET,/api/articles/list/small/,4.41,23002,0,
2026-05-16T15:32:53.915289,GET,/api/articles/list/large/,34.31,471824,0,
2026-05-16T15:32:53.915775,GET,/api/articles/list/small/,5.58,23002,0,
2026-05-16T15:32:53.929629,POST,/api/articles/bulk/,8.67,34,0,
2026-05-16T15:32:53.930031,POST,/api/articles/bulk/,8.34,34,0,
2026-05-16T15:32:53.931576,POST,/api/articles/analyze/,3.45,58,0,
2026-05-16T15:32:53.934489,GET,/api/articles/list/large/,33.92,471824,0,
2026-05-16T15:32:53.958259,GET,/api/articles/list/small/,4.54,23002,0,
2026-05-16T15:32:53.965046,GET,/api/articles/list/small/,4.56,23002,0,
2026-05-16T15:32:54.003153,GET,/api/articles/list/small/,10.65,23002,0,
2026-05-16T15:32:54.009625,POST,/api/articles/bulk/,12.2,34,0,
2026-05-16T15:32:54.025497,POST,/api/articles/bulk/,8.47,34,0,
2026-05-16T15:32:54.026817,POST,/api/articles/bulk/,7.69,34,0,
2026-05-16T15:32:54.033411,POST,/api/articles/bulk/,7.79,34,0,
2026-05-16T15:32:54.036862,GET,/api/articles/list/small/,5.34,23002,0,
2026-05-16T15:32:54.054003,GET,/api/articles/list/large/,35.61,471824,0,
2026-05-16T15:32:54.061305,GET,/api/articles/list/small/,4.99,23002,0,
2026-05-16T15:32:54.073700,POST,/api/articles/bulk/,7.14,34,0,
2026-05-16T15:32:54.094410,GET,/api/articles/list/large/,37.55,471824,0,
2026-05-16T15:32:54.094860,POST,/api/articles/analyze/,3.36,58,0,
2026-05-16T15:32:54.122235,GET,/api/articles/list/large/,34.28,471824,0,
2026-05-16T15:32:54.122753,POST,/api/articles/bulk/,8.97,34,0,
2026-05-16T15:32:54.135174,POST,/api/articles/analyze/,3.23,58,0,
2026-05-16T15:32:54.138892,GET,/api/articles/list/large/,33.83,471824,0,
2026-05-16T15:32:54.140055,POST,/api/articles/bulk/,11.26,34,0,
2026-05-16T15:32:54.148938,GET,/api/articles/list/large/,39.43,471824,0,
2026-05-16T15:32:54.156557,GET,/api/articles/list/large/,36.09,471824,0,
2026-05-16T15:32:54.157171,POST,/api/articles/bulk/,11.91,34,0,
2026-05-16T15:32:54.168682,GET,/api/articles/list/large/,44.25,471824,0,
2026-05-16T15:32:54.169851,GET,/api/articles/list/large/,38.37,471824,0,
2026-05-16T15:32:54.184418,GET,/api/articles/list/large/,38.2,471824,0,
2026-05-16T15:32:54.195243,GET,/api/articles/list/large/,33.84,471824,0,
2026-05-16T15:32:54.215454,POST,/api/articles/analyze/,3.82,58,0,
2026-05-16T15:32:54.218020,POST,/api/articles/analyze/,2.44,58,0,
2026-05-16T15:32:54.221757,POST,/api/articles/bulk/,7.66,34,0,
2026-05-16T15:32:54.228585,GET,/api/articles/list/small/,4.44,23002,0,
2026-05-16T15:32:54.254015,POST,/api/articles/bulk/,16.07,34,0,
2026-05-16T15:32:54.259052,GET,/api/articles/list/small/,7.12,23002,0,
2026-05-16T15:32:54.265385,POST,/api/articles/bulk/,7.52,34,0,
2026-05-16T15:32:54.289780,POST,/api/articles/analyze/,2.61,58,0,
2026-05-16T15:32:54.302995,GET,/api/articles/list/large/,33.43,471824,0,
2026-05-16T15:32:54.316524,GET,/api/articles/list/small/,5.59,23002,0,
2026-05-16T15:32:54.317768,GET,/api/articles/list/large/,35.66,471824,0,
2026-05-16T15:32:54.319056,POST,/api/articles/bulk/,9.45,34,0,
2026-05-16T15:32:54.321410,POST,/api/articles/analyze/,7.19,58,0,
2026-05-16T15:32:54.324467,POST,/api/articles/bulk/,9.48,34,0,
2026-05-16T15:32:54.328566,POST,/api/articles/bulk/,8.35,34,0,
2026-05-16T15:32:54.331298,GET,/api/articles/list/small/,4.54,23002,0,
2026-05-16T15:32:54.336015,GET,/api/articles/list/large/,35.02,471824,0,
2026-05-16T15:32:54.347005,GET,/api/articles/list/small/,4.81,23002,0,
2026-05-16T15:32:54.352234,POST,/api/articles/bulk/,7.37,34,0,
2026-05-16T15:32:54.354153,POST,/api/articles/analyze/,2.86,58,0,
2026-05-16T15:32:54.373257,POST,/api/articles/analyze/,3.58,58,0,
2026-05-16T15:32:54.373687,POST,/api/articles/analyze/,2.45,58,0,
2026-05-16T15:32:54.374100,GET,/api/articles/list/small/,5.54,23002,0,
2026-05-16T15:32:54.402038,POST,/api/articles/analyze/,2.72,58,0,
2026-05-16T15:32:54.432829,POST,/api/articles/analyze/,3.24,58,0,
2026-05-16T15:32:54.440095,GET,/api/articles/list/large/,33.8,471824,0,
2026-05-16T15:32:54.460335,POST,/api/articles/bulk/,7.95,34,0,
2026-05-16T15:32:54.462328,POST,/api/articles/analyze/,3.09,58,0,
2026-05-16T15:32:54.463559,GET,/api/articles/list/large/,39.86,471824,0,
2026-05-16T15:32:54.465723,GET,/api/articles/list/large/,33.73,471824,0,
2026-05-16T15:32:54.469430,GET,/api/articles/list/large/,40.32,471824,0,
2026-05-16T15:32:54.499924,POST,/api/articles/analyze/,2.56,58,0,
2026-05-16T15:32:54.513326,GET,/api/articles/list/small/,4.17,23002,0,
2026-05-16T15:32:54.528807,GET,/api/articles/list/large/,34.11,471824,0,
2026-05-16T15:32:54.541245,GET,/api/articles/list/small/,4.25,23002,0,
2026-05-16T15:32:54.545653,GET,/api/articles/list/small/,4.29,23002,0,
2026-05-16T15:32:54.549593,GET,/api/articles/list/small/,4.84,23002,0,
2026-05-16T15:32:54.551428,GET,/api/articles/list/large/,33.9,471824,0,
2026-05-16T15:32:54.553107,POST,/api/articles/analyze/,3.39,58,0,
2026-05-16T15:32:54.603519,GET,/api/articles/list/large/,33.06,471824,0,
2026-05-16T15:32:54.612229,GET,/api/articles/list/small/,4.34,23002,0,
2026-05-16T15:32:54.616057,POST,/api/articles/analyze/,2.46,58,0,
2026-05-16T15:32:54.617698,POST,/api/articles/analyze/,2.79,58,0,
2026-05-16T15:32:54.636387,GET,/api/articles/list/small/,4.35,23002,0,
2026-05-16T15:32:54.641166,POST,/api/articles/analyze/,2.41,58,0,
2026-05-16T15:32:54.664025,POST,/api/articles/bulk/,7.11,34,0,
2026-05-16T15:32:54.669812,POST,/api/articles/analyze/,2.55,58,0,
2026-05-16T15:32:54.676567,GET,/api/articles/list/large/,33.04,471824,0,
2026-05-16T15:32:54.695067,POST,/api/articles/analyze/,3.86,58,0,
2026-05-16T15:32:54.709654,GET,/api/articles/list/large/,32.95,471824,0,
2026-05-16T15:32:54.713685,POST,/api/articles/bulk/,7.36,34,0,
2026-05-16T15:32:54.725954,GET,/api/articles/list/large/,35.77,471824,0,
2026-05-16T15:32:54.727995,POST,/api/articles/bulk/,7.11,34,0,
2026-05-16T15:32:54.749383,GET,/api/articles/list/small/,5.99,23002,0,
2026-05-16T15:32:54.761603,POST,/api/articles/bulk/,8.03,34,0,
2026-05-16T15:32:54.780988,POST,/api/articles/analyze/,2.98,58,0,
2026-05-16T15:32:54.784248,GET,/api/articles/list/large/,36.89,471824,0,
2026-05-16T15:32:54.787877,GET,/api/articles/list/large/,33.52,471824,0,
2026-05-16T15:32:54.814461,POST,/api/articles/bulk/,7.32,34,0,
2026-05-16T15:32:54.849298,GET,/api/articles/list/large/,33.55,471824,0,
2026-05-16T15:32:54.856060,POST,/api/articles/analyze/,2.56,58,0,
2026-05-16T15:32:54.860532,POST,/api/articles/analyze/,2.28,58,0,
2026-05-16T15:32:54.869020,GET,/api/articles/list/large/,34.75,471824,0,
2026-05-16T15:32:54.869452,POST,/api/articles/bulk/,8.82,34,0,
2026-05-16T15:32:54.882864,POST,/api/articles/analyze/,2.8,58,0,
2026-05-16T15:32:54.899336,POST,/api/articles/bulk/,7.29,34,0,
2026-05-16T15:32:54.902367,GET,/api/articles/list/large/,35.15,471824,0,
2026-05-16T15:32:54.915602,POST,/api/articles/analyze/,2.46,58,0,
2026-05-16T15:32:54.929146,GET,/api/articles/list/small/,4.34,23002,0,
2026-05-16T15:32:54.930964,POST,/api/articles/analyze/,2.77,58,0,
2026-05-16T15:32:54.942838,GET,/api/articles/list/large/,33.28,471824,0,
2026-05-16T15:32:54.958758,POST,/api/articles/bulk/,7.18,34,0,
2026-05-16T15:32:54.966542,POST,/api/articles/analyze/,2.62,58,0,
2026-05-16T15:32:54.973936,GET,/api/articles/list/large/,33.75,471824,0,
2026-05-16T15:32:54.976289,GET,/api/articles/list/large/,33.32,471824,0,
2026-05-16T15:32:54.998445,GET,/api/articles/list/large/,40.99,471824,0,
2026-05-16T15:32:55.000822,GET,/api/articles/list/large/,39.28,471824,0,
2026-05-16T15:32:55.001906,GET,/api/articles/list/small/,5.33,23002,0,
2026-05-16T15:32:55.002356,POST,/api/articles/analyze/,3.43,58,0,
2026-05-16T15:32:55.012392,POST,/api/articles/bulk/,6.86,34,0,
2026-05-16T15:32:55.018624,GET,/api/articles/list/large/,37.78,471824,0,
2026-05-16T15:32:55.036035,POST,/api/articles/analyze/,2.82,58,0,
2026-05-16T15:32:55.051002,GET,/api/articles/list/large/,34.34,471824,0,
2026-05-16T15:32:55.068240,GET,/api/articles/list/small/,4.42,23002,0,
2026-05-16T15:32:55.072517,GET,/api/articles/list/large/,33.25,471824,0,
2026-05-16T15:32:55.089461,GET,/api/articles/list/large/,37.22,471824,0,
2026-05-16T15:32:55.101435,GET,/api/articles/list/large/,34.12,471824,0,
2026-05-16T15:32:55.101891,POST,/api/articles/analyze/,3.81,58,0,
2026-05-16T15:32:55.109366,GET,/api/articles/list/small/,4.24,23002,0,
2026-05-16T15:32:55.116728,GET,/api/articles/list/large/,33.93,471824,0,
2026-05-16T15:32:55.121013,POST,/api/articles/bulk/,7.45,34,0,
2026-05-16T15:32:55.123576,GET,/api/articles/list/small/,6.72,23002,0,
2026-05-16T15:32:55.124879,GET,/api/articles/list/large/,33.18,471824,0,
2026-05-16T15:32:55.126623,POST,/api/articles/analyze/,3.95,58,0,
2026-05-16T15:32:55.144085,POST,/api/articles/bulk/,7.22,34,0,
2026-05-16T15:32:55.148103,POST,/api/articles/analyze/,2.66,58,0,
2026-05-16T15:32:55.176064,GET,/api/articles/list/small/,5.31,23002,0,
2026-05-16T15:32:55.200244,POST,/api/articles/analyze/,2.8,58,0,
2026-05-16T15:32:55.216074,POST,/api/articles/analyze/,2.59,58,0,
2026-05-16T15:32:55.242954,GET,/api/articles/list/small/,4.49,23002,0,
2026-05-16T15:32:55.252869,POST,/api/articles/analyze/,2.56,58,0,
2026-05-16T15:32:55.262349,GET,/api/articles/list/small/,4.16,23002,0,
2026-05-16T15:32:55.285086,POST,/api/articles/bulk/,7.4,34,0,
2026-05-16T15:32:55.298200,POST,/api/articles/analyze/,2.73,58,0,
2026-05-16T15:32:55.310228,POST,/api/articles/analyze/,2.53,58,0,
2026-05-16T15:32:55.310957,POST,/api/articles/bulk/,7.0,34,0,
2026-05-16T15:32:55.320211,POST,/api/articles/bulk/,7.06,34,0,
2026-05-16T15:32:55.329594,GET,/api/articles/list/small/,4.19,23002,0,
2026-05-16T15:32:55.335530,GET,/api/articles/list/large/,34.0,471824,0,
2026-05-16T15:32:55.338440,POST,/api/articles/bulk/,7.62,34,0,
2026-05-16T15:32:55.347474,GET,/api/articles/list/small/,4.17,23002,0,
2026-05-16T15:32:55.353159,POST,/api/articles/analyze/,2.43,58,0,
2026-05-16T15:32:55.360580,GET,/api/articles/list/small/,4.22,23002,0,
2026-05-16T15:32:55.374264,GET,/api/articles/list/large/,33.47,471824,0,
2026-05-16T15:32:55.390310,POST,/api/articles/bulk/,7.11,34,0,
2026-05-16T15:32:55.414201,GET,/api/articles/list/large/,33.52,471824,0,
2026-05-16T15:32:55.430276,POST,/api/articles/analyze/,2.69,58,0,
2026-05-16T15:32:55.469883,GET,/api/articles/list/large/,33.26,471824,0,
2026-05-16T15:32:55.484067,GET,/api/articles/list/small/,12.36,23002,0,
2026-05-16T15:32:55.484707,GET,/api/articles/list/small/,14.68,23002,0,
2026-05-16T15:32:55.485099,POST,/api/articles/analyze/,4.11,58,0,
2026-05-16T15:32:55.571813,POST,/api/articles/bulk/,7.31,34,0,
2026-05-16T15:32:55.591721,POST,/api/articles/bulk/,7.09,34,0,
2026-05-16T15:32:55.597000,GET,/api/articles/list/small/,4.06,23002,0,
2026-05-16T15:32:55.607892,GET,/api/articles/list/small/,4.62,23002,0,
2026-05-16T15:32:55.619387,GET,/api/articles/list/large/,37.34,471824,0,
2026-05-16T15:32:55.623788,POST,/api/articles/analyze/,2.52,58,0,
2026-05-16T15:32:55.626257,POST,/api/articles/bulk/,9.31,34,0,
2026-05-16T15:32:55.626665,POST,/api/articles/bulk/,10.51,34,0,
2026-05-16T15:32:55.632295,POST,/api/articles/analyze/,2.47,58,0,
2026-05-16T15:32:55.641670,GET,/api/articles/list/small/,4.21,23002,0,
2026-05-16T15:32:55.650499,POST,/api/articles/bulk/,7.6,34,0,
2026-05-16T15:32:55.654642,GET,/api/articles/list/large/,34.59,471824,0,
2026-05-16T15:32:55.655846,GET,/api/articles/list/small/,6.42,23002,0,
2026-05-16T15:32:55.660952,POST,/api/articles/bulk/,8.15,34,0,
2026-05-16T15:32:55.674706,POST,/api/articles/analyze/,2.54,58,0,
2026-05-16T15:32:55.679370,POST,/api/articles/analyze/,2.47,58,0,
2026-05-16T15:32:55.687205,GET,/api/articles/list/large/,36.12,471824,0,
2026-05-16T15:32:55.691323,POST,/api/articles/bulk/,7.73,34,0,
2026-05-16T15:32:55.692673,GET,/api/articles/list/small/,4.23,23002,0,
2026-05-16T15:32:55.710725,POST,/api/articles/analyze/,2.71,58,0,
2026-05-16T15:32:55.731046,POST,/api/articles/analyze/,3.59,58,0,
2026-05-16T15:32:55.738207,POST,/api/articles/bulk/,6.92,34,0,
2026-05-16T15:32:55.738654,POST,/api/articles/bulk/,8.8,34,0,
2026-05-16T15:32:55.745075,GET,/api/articles/list/small/,4.27,23002,0,
2026-05-16T15:32:55.752392,GET,/api/articles/list/large/,38.34,471824,0,
2026-05-16T15:32:55.783805,GET,/api/articles/list/small/,4.25,23002,0,
2026-05-16T15:32:55.793932,POST,/api/articles/bulk/,6.85,34,0,
2026-05-16T15:32:55.798310,GET,/api/articles/list/small/,4.26,23002,0,
2026-05-16T15:32:55.806751,GET,/api/articles/list/small/,5.23,23002,0,
2026-05-16T15:32:55.812211,GET,/api/articles/list/large/,37.23,471824,0,
2026-05-16T15:32:55.822644,GET,/api/articles/list/small/,4.17,23002,0,
2026-05-16T15:32:55.823117,POST,/api/articles/bulk/,7.53,34,0,
2026-05-16T15:32:55.829266,GET,/api/articles/list/small/,4.74,23002,0,
2026-05-16T15:32:55.829728,GET,/api/articles/list/small/,4.22,23002,0,
2026-05-16T15:32:55.835416,POST,/api/articles/analyze/,2.56,58,0,
2026-05-16T15:32:55.835831,POST,/api/articles/analyze/,3.48,58,0,
2026-05-16T15:32:55.836209,POST,/api/articles/bulk/,8.4,34,0,
2026-05-16T15:32:55.857736,POST,/api/articles/bulk/,8.33,34,0,
2026-05-16T15:32:55.865125,POST,/api/articles/bulk/,8.63,34,0,
2026-05-16T15:32:55.899771,POST,/api/articles/analyze/,2.78,58,0,
2026-05-16T15:32:55.901330,GET,/api/articles/list/small/,5.06,23002,0,
2026-05-16T15:32:55.916349,GET,/api/articles/list/large/,36.91,471824,0,
2026-05-16T15:32:55.919176,POST,/api/articles/analyze/,9.16,58,0,
2026-05-16T15:32:55.926338,POST,/api/articles/bulk/,14.72,34,0,
2026-05-16T15:32:55.926925,GET,/api/articles/list/small/,16.15,23002,0,
2026-05-16T15:32:55.927409,GET,/api/articles/list/small/,14.5,23002,0,
2026-05-16T15:32:55.930651,POST,/api/articles/bulk/,11.05,34,0,
2026-05-16T15:32:55.940773,GET,/api/articles/list/large/,39.32,471824,0,
2026-05-16T15:32:55.955364,GET,/api/articles/list/large/,38.18,471824,0,
2026-05-16T15:32:55.960161,GET,/api/articles/list/large/,35.37,471824,0,
2026-05-16T15:32:55.965916,POST,/api/articles/bulk/,9.26,34,0,
2026-05-16T15:32:55.982110,GET,/api/articles/list/small/,4.68,23002,0,
2026-05-16T15:32:55.984998,GET,/api/articles/list/large/,46.05,471824,0,
2026-05-16T15:32:55.995698,GET,/api/articles/list/small/,4.43,23002,0,
2026-05-16T15:32:56.011076,GET,/api/articles/list/large/,36.4,471824,0,
2026-05-16T15:32:56.011648,POST,/api/articles/bulk/,9.76,34,0,
2026-05-16T15:32:56.015210,GET,/api/articles/list/small/,5.63,23002,0,
2026-05-16T15:32:56.015758,GET,/api/articles/list/small/,7.91,23002,0,
2026-05-16T15:32:56.022425,GET,/api/articles/list/small/,4.32,23002,0,
2026-05-16T15:32:56.027778,POST,/api/articles/analyze/,2.54,58,0,
2026-05-16T15:32:56.028203,POST,/api/articles/analyze/,3.45,58,0,
2026-05-16T15:32:56.088038,POST,/api/articles/analyze/,2.6,58,0,
2026-05-16T15:32:56.089587,POST,/api/articles/bulk/,7.17,34,0,
2026-05-16T15:32:56.100540,POST,/api/articles/analyze/,2.71,58,0,
2026-05-16T15:32:56.112513,POST,/api/articles/analyze/,2.66,58,0,
2026-05-16T15:32:56.145744,GET,/api/articles/list/small/,4.7,23002,0,
2026-05-16T15:32:56.147691,GET,/api/articles/list/large/,35.06,471824,0,
2026-05-16T15:32:56.154982,GET,/api/articles/list/small/,4.34,23002,0,
2026-05-16T15:32:56.180407,GET,/api/articles/list/large/,34.52,471824,0,
2026-05-16T15:32:56.206427,GET,/api/articles/list/large/,34.19,471824,0,
2026-05-16T15:32:56.211022,GET,/api/articles/list/small/,6.3,23002,0,
2026-05-16T15:32:56.233571,POST,/api/articles/analyze/,2.81,58,0,
2026-05-16T15:32:56.260260,GET,/api/articles/list/small/,5.37,23002,0,
2026-05-16T15:32:56.284210,GET,/api/articles/list/small/,4.57,23002,0,
2026-05-16T15:32:56.306345,GET,/api/articles/list/small/,4.3,23002,0,
2026-05-16T15:32:56.308325,POST,/api/articles/bulk/,7.77,34,0,
2026-05-16T15:32:56.315194,GET,/api/articles/list/small/,4.69,23002,0,
2026-05-16T15:32:56.315650,GET,/api/articles/list/small/,4.17,23002,0,
2026-05-16T15:32:56.327401,POST,/api/articles/analyze/,2.57,58,0,
2026-05-16T15:32:56.331672,POST,/api/articles/analyze/,2.94,58,0,
2026-05-16T15:32:56.346464,POST,/api/articles/analyze/,4.26,58,0,
2026-05-16T15:32:56.352916,POST,/api/articles/bulk/,7.65,34,0,
2026-05-16T15:32:56.364356,GET,/api/articles/list/large/,33.61,471824,0,
2026-05-16T15:32:56.364821,POST,/api/articles/analyze/,4.67,58,0,
2026-05-16T15:32:56.365896,GET,/api/articles/list/small/,4.38,23002,0,
2026-05-16T15:32:56.373436,GET,/api/articles/list/small/,4.35,23002,0,
2026-05-16T15:32:56.376802,GET,/api/articles/list/large/,34.05,471824,0,
2026-05-16T15:32:56.378733,POST,/api/articles/analyze/,4.01,58,0,
2026-05-16T15:32:56.403858,GET,/api/articles/list/small/,4.18,23002,0,
2026-05-16T15:32:56.407972,GET,/api/articles/list/small/,4.0,23002,0,
2026-05-16T15:32:56.415054,POST,/api/articles/bulk/,6.97,34,0,
2026-05-16T15:32:56.427724,GET,/api/articles/list/large/,33.63,471824,0,
2026-05-16T15:32:56.433665,POST,/api/articles/bulk/,8.4,34,0,
2026-05-16T15:32:56.448357,GET,/api/articles/list/large/,35.52,471824,0,
2026-05-16T15:32:56.449637,POST,/api/articles/bulk/,7.75,34,0,
2026-05-16T15:32:56.465563,POST,/api/articles/analyze/,3.49,58,0,
2026-05-16T15:32:56.504147,POST,/api/articles/bulk/,7.36,34,0,
2026-05-16T15:32:56.513229,POST,/api/articles/bulk/,6.92,34,0,
2026-05-16T15:32:56.524684,POST,/api/articles/analyze/,4.63,58,0,
2026-05-16T15:32:56.526053,GET,/api/articles/list/small/,4.26,23002,0,
2026-05-16T15:32:56.549239,GET,/api/articles/list/large/,33.65,471824,0,
2026-05-16T15:32:56.571132,POST,/api/articles/analyze/,2.66,58,0,
2026-05-16T15:32:56.575233,GET,/api/articles/list/small/,3.99,23002,0,
2026-05-16T15:32:56.600566,GET,/api/articles/list/small/,5.02,23002,0,
2026-05-16T15:32:56.629960,GET,/api/articles/list/large/,33.29,471824,0,
2026-05-16T15:32:56.640449,POST,/api/articles/analyze/,3.25,58,0,
2026-05-16T15:32:56.644213,GET,/api/articles/list/small/,4.65,23002,0,
2026-05-16T15:32:56.651548,GET,/api/articles/list/large/,38.74,471824,0,
2026-05-16T15:32:56.654659,POST,/api/articles/analyze/,2.93,58,0,
2026-05-16T15:32:56.658561,POST,/api/articles/bulk/,9.2,34,0,
2026-05-16T15:32:56.667334,POST,/api/articles/bulk/,7.68,34,0,
2026-05-16T15:32:56.671864,POST,/api/articles/bulk/,7.56,34,0,
2026-05-16T15:32:56.676247,GET,/api/articles/list/large/,33.68,471824,0,
2026-05-16T15:32:56.691399,POST,/api/articles/bulk/,7.16,34,0,
2026-05-16T15:32:56.693090,GET,/api/articles/list/large/,34.41,471824,0,
2026-05-16T15:32:56.714714,POST,/api/articles/bulk/,13.95,34,0,
2026-05-16T15:32:56.721887,GET,/api/articles/list/large/,40.42,471824,0,
2026-05-16T15:32:56.741830,GET,/api/articles/list/large/,41.55,471824,0,
2026-05-16T15:32:56.755224,GET,/api/articles/list/large/,33.2,471824,0,
2026-05-16T15:32:56.767581,POST,/api/articles/analyze/,2.64,58,0,
2026-05-16T15:32:56.775926,GET,/api/articles/list/small/,5.1,23002,0,
2026-05-16T15:32:56.779791,POST,/api/articles/bulk/,7.74,34,0,
2026-05-16T15:32:56.782347,GET,/api/articles/list/small/,4.19,23002,0,
2026-05-16T15:32:56.787568,POST,/api/articles/analyze/,3.54,58,0,
2026-05-16T15:32:56.788946,GET,/api/articles/list/large/,33.48,471824,0,
2026-05-16T15:32:56.789581,GET,/api/articles/list/small/,6.01,23002,0,
2026-05-16T15:32:56.811128,GET,/api/articles/list/large/,38.2,471824,0,
2026-05-16T15:32:56.822775,GET,/api/articles/list/large/,36.22,471824,0,
2026-05-16T15:32:56.830452,GET,/api/articles/list/small/,4.44,23002,0,
2026-05-16T15:32:56.837471,POST,/api/articles/bulk/,6.9,34,0,
2026-05-16T15:32:56.847997,POST,/api/articles/bulk/,7.27,34,0,
2026-05-16T15:32:56.864478,POST,/api/articles/bulk/,7.14,34,0,
2026-05-16T15:32:56.880928,POST,/api/articles/bulk/,8.06,34,0,
2026-05-16T15:32:56.920735,GET,/api/articles/list/large/,33.51,471824,0,
2026-05-16T15:32:56.937965,GET,/api/articles/list/small/,4.21,23002,0,
2026-05-16T15:32:56.939808,POST,/api/articles/bulk/,7.74,34,0,
2026-05-16T15:32:56.959870,POST,/api/articles/analyze/,5.25,58,0,
2026-05-16T15:32:56.960909,GET,/api/articles/list/small/,9.68,23002,0,
2026-05-16T15:32:56.970498,POST,/api/articles/bulk/,7.07,34,0,
2026-05-16T15:32:56.974114,POST,/api/articles/analyze/,2.39,58,0,
2026-05-16T15:32:56.996297,GET,/api/articles/list/large/,35.28,471824,0,
2026-05-16T15:32:57.017109,POST,/api/articles/analyze/,2.6,58,0,
2026-05-16T15:32:57.021797,POST,/api/articles/analyze/,2.45,58,0,
2026-05-16T15:32:57.028601,GET,/api/articles/list/large/,35.28,471824,0,
2026-05-16T15:32:57.042715,GET,/api/articles/list/large/,33.84,471824,0,
2026-05-16T15:32:57.043552,GET,/api/articles/list/small/,5.25,23002,0,
2026-05-16T15:32:57.067903,GET,/api/articles/list/large/,33.03,471824,0,
2026-05-16T15:32:57.068406,GET,/api/articles/list/small/,5.68,23002,0,
2026-05-16T15:32:57.100980,POST,/api/articles/analyze/,2.56,58,0,
2026-05-16T15:32:57.123128,GET,/api/articles/list/small/,4.64,23002,0,
2026-05-16T15:32:57.126437,POST,/api/articles/bulk/,9.2,34,0,
2026-05-16T15:32:57.129321,POST,/api/articles/analyze/,2.74,58,0,
2026-05-16T15:32:57.135176,GET,/api/articles/list/large/,40.41,471824,0,
2026-05-16T15:32:57.135674,GET,/api/articles/list/small/,5.13,23002,0,
2026-05-16T15:32:57.145296,GET,/api/articles/list/small/,4.3,23002,0,
2026-05-16T15:32:57.170577,POST,/api/articles/analyze/,2.95,58,0,
2026-05-16T15:32:57.181563,POST,/api/articles/analyze/,3.45,58,0,
2026-05-16T15:32:57.203503,GET,/api/articles/list/small/,10.68,23002,0,
2026-05-16T15:32:57.207873,GET,/api/articles/list/small/,11.01,23002,0,
2026-05-16T15:32:57.218527,GET,/api/articles/list/small/,4.42,23002,0,
2026-05-16T15:32:57.219694,GET,/api/articles/list/large/,42.51,471824,0,
2026-05-16T15:32:57.224244,POST,/api/articles/analyze/,3.29,58,0,
2026-05-16T15:32:57.229626,POST,/api/articles/bulk/,8.17,34,0,
2026-05-16T15:32:57.237363,GET,/api/articles/list/large/,37.29,471824,0,
2026-05-16T15:32:57.238598,GET,/api/articles/list/large/,34.84,471824,0,
2026-05-16T15:32:57.246146,GET,/api/articles/list/small/,5.17,23002,0,
2026-05-16T15:32:57.256005,GET,/api/articles/list/small/,4.62,23002,0,
2026-05-16T15:32:57.260375,GET,/api/articles/list/small/,4.25,23002,0,
2026-05-16T15:32:57.261009,POST,/api/articles/bulk/,7.12,34,0,
2026-05-16T15:32:57.275793,GET,/api/articles/list/large/,34.15,471824,0,
2026-05-16T15:32:57.277024,POST,/api/articles/bulk/,8.78,34,0,
2026-05-16T15:32:57.285220,POST,/api/articles/bulk/,8.06,34,0,
2026-05-16T15:32:57.285643,POST,/api/articles/bulk/,9.72,34,0,
2026-05-16T15:32:57.304675,POST,/api/articles/bulk/,7.44,34,0,
2026-05-16T15:32:57.312713,GET,/api/articles/list/large/,34.24,471824,0,
2026-05-16T15:32:57.313230,POST,/api/articles/bulk/,8.44,34,0,
2026-05-16T15:32:57.321374,GET,/api/articles/list/large/,34.51,471824,0,
2026-05-16T15:32:57.321867,POST,/api/articles/analyze/,4.65,58,0,
2026-05-16T15:32:57.324733,POST,/api/articles/bulk/,8.28,34,0,
2026-05-16T15:32:57.329299,POST,/api/articles/analyze/,3.36,58,0,
2026-05-16T15:32:57.332327,GET,/api/articles/list/large/,34.24,471824,0,
2026-05-16T15:32:57.339864,GET,/api/articles/list/small/,7.36,23002,0,
2026-05-16T15:32:57.349721,POST,/api/articles/bulk/,7.54,34,0,
2026-05-16T15:32:57.351774,GET,/api/articles/list/small/,5.65,23002,0,
2026-05-16T15:32:57.353574,GET,/api/articles/list/large/,35.08,471824,0,
2026-05-16T15:32:57.370372,POST,/api/articles/bulk/,7.5,34,0,
2026-05-16T15:32:57.373522,GET,/api/articles/list/large/,42.93,471824,0,
2026-05-16T15:32:57.382916,GET,/api/articles/list/large/,35.75,471824,0,
2026-05-16T15:32:57.409499,POST,/api/articles/bulk/,7.21,34,0,
2026-05-16T15:32:57.420137,GET,/api/articles/list/small/,4.3,23002,0,
2026-05-16T15:32:57.428676,POST,/api/articles/analyze/,2.51,58,0,
2026-05-16T15:32:57.429392,POST,/api/articles/bulk/,7.03,34,0,
2026-05-16T15:32:57.462845,GET,/api/articles/list/large/,41.34,471824,0,
2026-05-16T15:32:57.466282,POST,/api/articles/bulk/,7.53,34,0,
2026-05-16T15:32:57.477389,GET,/api/articles/list/small/,4.78,23002,0,
2026-05-16T15:32:57.480907,GET,/api/articles/list/small/,4.45,23002,0,
2026-05-16T15:32:57.486516,POST,/api/articles/bulk/,14.63,34,0,
2026-05-16T15:32:57.486933,POST,/api/articles/analyze/,2.84,58,0,
2026-05-16T15:32:57.488182,GET,/api/articles/list/small/,14.01,23002,0,
2026-05-16T15:32:57.489600,POST,/api/articles/bulk/,14.0,34,0,
2026-05-16T15:32:57.502012,GET,/api/articles/list/large/,66.39,471824,0,
2026-05-16T15:32:57.502601,GET,/api/articles/list/small/,4.78,23002,0,
2026-05-16T15:32:57.503725,GET,/api/articles/list/large/,35.23,471824,0,
2026-05-16T15:32:57.504883,GET,/api/articles/list/large/,65.63,471824,0,
2026-05-16T15:32:57.514653,GET,/api/articles/list/small/,4.43,23002,0,
2026-05-16T15:32:57.539821,POST,/api/articles/bulk/,10.6,34,0,
2026-05-16T15:32:57.553300,GET,/api/articles/list/large/,38.52,471824,0,
2026-05-16T15:32:57.556965,POST,/api/articles/analyze/,3.49,58,0,
2026-05-16T15:32:57.560527,GET,/api/articles/list/small/,5.75,23002,0,
2026-05-16T15:32:57.570052,POST,/api/articles/analyze/,3.97,58,0,
2026-05-16T15:32:57.580609,POST,/api/articles/analyze/,4.89,58,0,
2026-05-16T15:32:57.599158,POST,/api/articles/analyze/,7.63,58,0,
2026-05-16T15:32:57.604922,POST,/api/articles/bulk/,16.99,34,0,
2026-05-16T15:32:57.608598,GET,/api/articles/list/large/,57.4,471824,0,
2026-05-16T15:32:57.611238,POST,/api/articles/bulk/,16.03,34,0,
2026-05-16T15:32:57.614938,GET,/api/articles/list/large/,55.88,471824,0,
2026-05-16T15:32:57.619104,GET,/api/articles/list/large/,52.05,471824,0,
2026-05-16T15:32:57.619612,POST,/api/articles/bulk/,10.72,34,0,
2026-05-16T15:32:57.623825,GET,/api/articles/list/large/,53.53,471824,0,
2026-05-16T15:32:57.624323,POST,/api/articles/analyze/,3.5,58,0,
2026-05-16T15:32:57.646169,GET,/api/articles/list/large/,44.84,471824,0,
2026-05-16T15:32:57.661242,POST,/api/articles/analyze/,2.82,58,0,
2026-05-16T15:32:57.669240,GET,/api/articles/list/large/,34.68,471824,0,
2026-05-16T15:32:57.707574,GET,/api/articles/list/small/,6.79,23002,0,
2026-05-16T15:32:57.709887,GET,/api/articles/list/large/,46.43,471824,0,
2026-05-16T15:32:57.723253,POST,/api/articles/bulk/,8.62,34,0,
2026-05-16T15:32:57.725334,GET,/api/articles/list/small/,4.4,23002,0,
2026-05-16T15:32:57.742086,GET,/api/articles/list/large/,33.88,471824,0,
2026-05-16T15:32:57.775811,GET,/api/articles/list/large/,33.51,471824,0,
2026-05-16T15:32:57.786298,GET,/api/articles/list/large/,35.51,471824,0,
2026-05-16T15:32:57.788713,GET,/api/articles/list/large/,36.91,471824,0,
2026-05-16T15:32:57.789446,GET,/api/articles/list/small/,7.54,23002,0,
2026-05-16T15:32:57.795318,POST,/api/articles/analyze/,2.67,58,0,
2026-05-16T15:32:57.814709,GET,/api/articles/list/large/,35.43,471824,0,
2026-05-16T15:32:57.819482,POST,/api/articles/analyze/,3.35,58,0,
2026-05-16T15:32:57.821595,GET,/api/articles/list/small/,4.17,23002,0,
2026-05-16T15:32:57.829034,GET,/api/articles/list/small/,4.17,23002,0,
2026-05-16T15:32:57.840341,POST,/api/articles/bulk/,7.09,34,0,
2026-05-16T15:32:57.857699,POST,/api/articles/bulk/,8.12,34,0,
2026-05-16T15:32:57.868463,GET,/api/articles/list/small/,7.11,23002,0,
2026-05-16T15:32:57.902275,GET,/api/articles/list/small/,18.47,23002,0,
2026-05-16T15:32:57.905526,POST,/api/articles/bulk/,28.64,34,0,
2026-05-16T15:32:57.910892,GET,/api/articles/list/small/,7.08,23002,0,
2026-05-16T15:32:57.917202,GET,/api/articles/list/small/,8.97,23002,0,
2026-05-16T15:32:57.966016,GET,/api/articles/list/large/,71.97,471824,0,
2026-05-16T15:32:57.985425,GET,/api/articles/list/small/,10.85,23002,0,
2026-05-16T15:32:57.992155,GET,/api/articles/list/small/,8.9,23002,0,
2026-05-16T15:32:58.037487,GET,/api/articles/list/small/,21.38,23002,0,
2026-05-16T15:32:58.049304,POST,/api/articles/analyze/,9.15,58,0,
2026-05-16T15:32:58.056200,GET,/api/articles/list/large/,101.66,471824,0,
2026-05-16T15:32:58.083846,GET,/api/articles/list/large/,96.46,471824,0,
2026-05-16T15:32:58.086828,GET,/api/articles/list/small/,22.21,23002,0,
2026-05-16T15:32:58.087454,GET,/api/articles/list/large/,92.97,471824,0,
2026-05-16T15:32:58.089274,POST,/api/articles/analyze/,3.66,58,0,
2026-05-16T15:32:58.092397,GET,/api/articles/list/large/,75.31,471824,0,
2026-05-16T15:32:58.101478,GET,/api/articles/list/small/,11.28,23002,0,
2026-05-16T15:32:58.103769,GET,/api/articles/list/large/,64.91,471824,0,
2026-05-16T15:32:58.105747,POST,/api/articles/bulk/,13.12,34,0,
2026-05-16T15:32:58.110976,GET,/api/articles/list/large/,74.63,471824,0,
2026-05-16T15:32:58.115192,GET,/api/articles/list/large/,49.53,471824,0,
2026-05-16T15:32:58.116923,POST,/api/articles/analyze/,3.68,58,0,
2026-05-16T15:32:58.127004,POST,/api/articles/bulk/,8.87,34,0,
2026-05-16T15:32:58.147560,GET,/api/articles/list/large/,42.85,471824,0,
2026-05-16T15:32:58.150541,POST,/api/articles/bulk/,11.82,34,0,
2026-05-16T15:32:58.166577,POST,/api/articles/analyze/,2.82,58,0,
2026-05-16T15:32:58.169622,GET,/api/articles/list/large/,44.76,471824,0,
2026-05-16T15:32:58.220064,GET,/api/articles/list/large/,42.21,471824,0,
2026-05-16T15:32:58.220748,GET,/api/articles/list/small/,8.85,23002,0,
2026-05-16T15:32:58.230921,POST,/api/articles/analyze/,6.28,58,0,
2026-05-16T15:32:58.231830,POST,/api/articles/analyze/,6.52,58,0,
2026-05-16T15:32:58.237858,POST,/api/articles/bulk/,11.27,34,0,
2026-05-16T15:32:58.251462,POST,/api/articles/bulk/,11.78,34,0,
2026-05-16T15:32:58.263787,GET,/api/articles/list/small/,5.0,23002,0,
2026-05-16T15:32:58.277156,POST,/api/articles/bulk/,12.05,34,0,
2026-05-16T15:32:58.278820,POST,/api/articles/bulk/,12.8,34,0,
2026-05-16T15:32:58.282389,GET,/api/articles/list/large/,66.59,471824,0,
2026-05-16T15:32:58.283396,POST,/api/articles/analyze/,9.6,58,0,
2026-05-16T15:32:58.285578,POST,/api/articles/analyze/,3.04,58,0,
2026-05-16T15:32:58.286027,GET,/api/articles/list/small/,11.51,23002,0,
2026-05-16T15:32:58.310387,GET,/api/articles/list/large/,43.24,471824,0,
2026-05-16T15:32:58.313168,POST,/api/articles/analyze/,2.64,58,0,
2026-05-16T15:32:58.328995,GET,/api/articles/list/small/,4.65,23002,0,
2026-05-16T15:32:58.335703,GET,/api/articles/list/large/,34.49,471824,0,
2026-05-16T15:32:58.361855,POST,/api/articles/analyze/,2.9,58,0,
2026-05-16T15:32:58.379823,POST,/api/articles/analyze/,3.19,58,0,
2026-05-16T15:32:58.382336,GET,/api/articles/list/small/,4.36,23002,0,
2026-05-16T15:32:58.395253,GET,/api/articles/list/small/,4.67,23002,0,
2026-05-16T15:32:58.397737,GET,/api/articles/list/small/,4.04,23002,0,
2026-05-16T15:32:58.404335,GET,/api/articles/list/large/,33.11,471824,0,
2026-05-16T15:32:58.407029,POST,/api/articles/analyze/,2.56,58,0,
2026-05-16T15:32:58.427950,GET,/api/articles/list/large/,34.69,471824,0,
2026-05-16T15:32:58.431127,POST,/api/articles/analyze/,2.75,58,0,
2026-05-16T15:32:58.435523,POST,/api/articles/bulk/,10.07,34,0,
2026-05-16T15:32:58.440518,GET,/api/articles/list/large/,33.37,471824,0,
2026-05-16T15:32:58.440993,POST,/api/articles/bulk/,7.64,34,0,
2026-05-16T15:32:58.454713,POST,/api/articles/bulk/,12.37,34,0,
2026-05-16T15:32:58.458672,POST,/api/articles/bulk/,7.51,34,0,
2026-05-16T15:32:58.461114,POST,/api/articles/bulk/,7.59,34,0,
2026-05-16T15:32:58.464423,POST,/api/articles/bulk/,7.61,34,0,
2026-05-16T15:32:58.479467,POST,/api/articles/bulk/,10.84,34,0,
2026-05-16T15:32:58.486839,GET,/api/articles/list/small/,8.5,23002,0,
2026-05-16T15:32:58.495737,POST,/api/articles/analyze/,14.22,58,0,
2026-05-16T15:32:58.505332,POST,/api/articles/analyze/,7.04,58,0,
2026-05-16T15:32:58.515554,POST,/api/articles/analyze/,7.91,58,0,
2026-05-16T15:32:58.516877,GET,/api/articles/list/small/,8.18,23002,0,
2026-05-16T15:32:58.517485,POST,/api/articles/analyze/,6.64,58,0,
2026-05-16T15:32:58.540573,GET,/api/articles/list/large/,66.84,471824,0,
2026-05-16T15:32:58.541148,POST,/api/articles/bulk/,13.84,34,0,
2026-05-16T15:32:58.542451,GET,/api/articles/list/large/,67.67,471824,0,
2026-05-16T15:32:58.550411,GET,/api/articles/list/large/,50.75,471824,0,
2026-05-16T15:32:58.570621,GET,/api/articles/list/large/,44.88,471824,0,
2026-05-16T15:32:58.575276,POST,/api/articles/analyze/,3.35,58,0,
2026-05-16T15:32:58.579423,POST,/api/articles/analyze/,2.91,58,0,
2026-05-16T15:32:58.597186,GET,/api/articles/list/large/,36.47,471824,0,
2026-05-16T15:32:58.623204,GET,/api/articles/list/small/,4.81,23002,0,
2026-05-16T15:32:58.628620,GET,/api/articles/list/large/,35.76,471824,0,
2026-05-16T15:32:58.634279,POST,/api/articles/analyze/,4.68,58,0,
2026-05-16T15:32:58.638705,POST,/api/articles/bulk/,9.93,34,0,
2026-05-16T15:32:58.639374,POST,/api/articles/bulk/,9.3,34,0,
2026-05-16T15:32:58.660243,POST,/api/articles/analyze/,4.59,58,0,
2026-05-16T15:32:58.664319,POST,/api/articles/bulk/,8.01,34,0,
2026-05-16T15:32:58.672799,GET,/api/articles/list/large/,38.36,471824,0,
2026-05-16T15:32:58.699835,POST,/api/articles/bulk/,9.06,34,0,
2026-05-16T15:32:58.701896,POST,/api/articles/analyze/,3.56,58,0,
2026-05-16T15:32:58.706275,GET,/api/articles/list/large/,37.72,471824,0,
2026-05-16T15:32:58.717072,POST,/api/articles/bulk/,8.56,34,0,
2026-05-16T15:32:58.721241,GET,/api/articles/list/large/,38.19,471824,0,
2026-05-16T15:32:58.757094,GET,/api/articles/list/small/,8.89,23002,0,
2026-05-16T15:32:58.758767,POST,/api/articles/bulk/,16.6,34,0,
2026-05-16T15:32:58.773706,GET,/api/articles/list/small/,4.95,23002,0,
2026-05-16T15:32:58.780974,GET,/api/articles/list/large/,46.46,471824,0,
2026-05-16T15:32:58.811729,GET,/api/articles/list/large/,50.68,471824,0,
2026-05-16T15:32:58.812773,POST,/api/articles/bulk/,17.45,34,0,
2026-05-16T15:32:58.825740,POST,/api/articles/analyze/,5.09,58,0,
2026-05-16T15:32:58.827082,GET,/api/articles/list/small/,5.4,23002,0,
2026-05-16T15:32:58.836207,GET,/api/articles/list/small/,5.3,23002,0,
2026-05-16T15:32:58.847413,GET,/api/articles/list/large/,45.78,471824,0,
2026-05-16T15:32:58.854684,POST,/api/articles/analyze/,4.98,58,0,
2026-05-16T15:32:58.855255,POST,/api/articles/analyze/,4.68,58,0,
2026-05-16T15:32:58.865405,GET,/api/articles/list/large/,45.31,471824,0,
2026-05-16T15:32:58.871400,POST,/api/articles/bulk/,11.5,34,0,
2026-05-16T15:32:58.875008,POST,/api/articles/bulk/,16.48,34,0,
2026-05-16T15:32:58.887160,GET,/api/articles/list/large/,58.83,471824,0,
2026-05-16T15:32:58.887849,POST,/api/articles/analyze/,9.61,58,0,
2026-05-16T15:32:58.891089,POST,/api/articles/analyze/,8.49,58,0,
2026-05-16T15:32:58.894777,GET,/api/articles/list/small/,14.94,23002,0,
2026-05-16T15:32:58.897412,POST,/api/articles/bulk/,16.82,34,0,
2026-05-16T15:32:58.900693,GET,/api/articles/list/large/,60.21,471824,0,
2026-05-16T15:32:58.904697,GET,/api/articles/list/small/,6.06,23002,0,
2026-05-16T15:32:58.915835,GET,/api/articles/list/large/,48.07,471824,0,
2026-05-16T15:32:58.936075,GET,/api/articles/list/small/,4.92,23002,0,
2026-05-16T15:32:58.944371,POST,/api/articles/analyze/,3.09,58,0,
2026-05-16T15:32:58.971871,POST,/api/articles/bulk/,7.28,34,0,
2026-05-16T15:32:58.988592,POST,/api/articles/bulk/,7.44,34,0,
2026-05-16T15:32:59.028533,GET,/api/articles/list/large/,41.25,471824,0,
2026-05-16T15:32:59.045839,POST,/api/articles/analyze/,2.97,58,0,
2026-05-16T15:32:59.050701,GET,/api/articles/list/large/,37.3,471824,0,
2026-05-16T15:32:59.051956,GET,/api/articles/list/large/,39.51,471824,0,
2026-05-16T15:32:59.058266,POST,/api/articles/bulk/,10.18,34,0,
2026-05-16T15:32:59.061725,GET,/api/articles/list/small/,5.05,23002,0,
2026-05-16T15:32:59.079463,POST,/api/articles/analyze/,2.7,58,0,
2026-05-16T15:32:59.097992,POST,/api/articles/bulk/,7.28,34,0,
2026-05-16T15:32:59.109417,GET,/api/articles/list/large/,34.3,471824,0,
2026-05-16T15:32:59.150844,POST,/api/articles/bulk/,7.23,34,0,
2026-05-16T15:32:59.162396,GET,/api/articles/list/small/,4.18,23002,0,
2026-05-16T15:32:59.186754,POST,/api/articles/bulk/,7.25,34,0,
2026-05-16T15:32:59.187178,POST,/api/articles/bulk/,9.01,34,0,
2026-05-16T15:32:59.201299,POST,/api/articles/analyze/,2.65,58,0,
2026-05-16T15:32:59.202697,GET,/api/articles/list/small/,5.32,23002,0,
2026-05-16T15:32:59.203929,GET,/api/articles/list/large/,34.17,471824,0,
2026-05-16T15:32:59.213646,GET,/api/articles/list/small/,4.38,23002,0,
2026-05-16T15:32:59.228815,POST,/api/articles/bulk/,9.88,34,0,
2026-05-16T15:32:59.247644,POST,/api/articles/bulk/,7.46,34,0,
2026-05-16T15:32:59.260482,POST,/api/articles/analyze/,11.04,58,0,
2026-05-16T15:32:59.261398,GET,/api/articles/list/small/,15.23,23002,0,
2026-05-16T15:32:59.265379,POST,/api/articles/bulk/,13.22,34,0,
2026-05-16T15:32:59.275501,POST,/api/articles/analyze/,2.87,58,0,
2026-05-16T15:32:59.279262,POST,/api/articles/analyze/,2.4,58,0,
2026-05-16T15:32:59.290032,GET,/api/articles/list/small/,4.43,23002,0,
2026-05-16T15:32:59.322268,GET,/api/articles/list/small/,4.44,23002,0,
2026-05-16T15:32:59.341218,POST,/api/articles/analyze/,2.68,58,0,
2026-05-16T15:32:59.351707,GET,/api/articles/list/large/,34.42,471824,0,
2026-05-16T15:32:59.353324,POST,/api/articles/analyze/,3.85,58,0,
2026-05-16T15:32:59.359706,POST,/api/articles/bulk/,7.47,34,0,
2026-05-16T15:32:59.384928,POST,/api/articles/bulk/,7.81,34,0,
2026-05-16T15:32:59.389858,POST,/api/articles/bulk/,7.2,34,0,
2026-05-16T15:32:59.398486,GET,/api/articles/list/small/,4.46,23002,0,
2026-05-16T15:32:59.413180,GET,/api/articles/list/large/,35.26,471824,0,
2026-05-16T15:32:59.430155,GET,/api/articles/list/large/,33.44,471824,0,
2026-05-16T15:32:59.430689,GET,/api/articles/list/small/,5.28,23002,0,
2026-05-16T15:32:59.431082,GET,/api/articles/list/small/,5.16,23002,0,
2026-05-16T15:32:59.437423,GET,/api/articles/list/large/,33.7,471824,0,
2026-05-16T15:32:59.452790,POST,/api/articles/analyze/,2.98,58,0,
2026-05-16T15:32:59.465761,GET,/api/articles/list/small/,4.74,23002,0,
2026-05-16T15:32:59.469580,GET,/api/articles/list/small/,4.94,23002,0,
2026-05-16T15:32:59.472798,POST,/api/articles/bulk/,8.92,34,0,
2026-05-16T15:32:59.473767,GET,/api/articles/list/small/,4.07,23002,0,
2026-05-16T15:32:59.493365,GET,/api/articles/list/small/,4.38,23002,0,
2026-05-16T15:32:59.509513,GET,/api/articles/list/large/,41.66,471824,0,
2026-05-16T15:32:59.513549,GET,/api/articles/list/small/,7.24,23002,0,
2026-05-16T15:32:59.514012,GET,/api/articles/list/small/,6.71,23002,0,
2026-05-16T15:32:59.514445,GET,/api/articles/list/small/,10.64,23002,0,
2026-05-16T15:32:59.558586,POST,/api/articles/bulk/,7.74,34,0,
2026-05-16T15:32:59.562425,GET,/api/articles/list/small/,4.77,23002,0,
2026-05-16T15:32:59.573433,GET,/api/articles/list/small/,4.43,23002,0,
2026-05-16T15:32:59.581908,POST,/api/articles/bulk/,7.24,34,0,
2026-05-16T15:32:59.588362,GET,/api/articles/list/large/,34.54,471824,0,
2026-05-16T15:32:59.588907,GET,/api/articles/list/small/,4.78,23002,0,
2026-05-16T15:32:59.591146,POST,/api/articles/analyze/,4.53,58,0,
2026-05-16T15:32:59.591758,POST,/api/articles/analyze/,2.52,58,0,
2026-05-16T15:32:59.601762,GET,/api/articles/list/large/,37.12,471824,0,
2026-05-16T15:32:59.635417,POST,/api/articles/bulk/,7.42,34,0,
2026-05-16T15:32:59.659200,GET,/api/articles/list/small/,4.88,23002,0,
2026-05-16T15:32:59.660041,POST,/api/articles/analyze/,3.19,58,0,
2026-05-16T15:32:59.661445,GET,/api/articles/list/small/,4.12,23002,0,
2026-05-16T15:32:59.673311,POST,/api/articles/bulk/,8.17,34,0,
2026-05-16T15:32:59.675587,GET,/api/articles/list/large/,33.79,471824,0,
2026-05-16T15:32:59.679090,GET,/api/articles/list/small/,5.65,23002,0,
2026-05-16T15:32:59.699328,GET,/api/articles/list/large/,34.65,471824,0,
2026-05-16T15:32:59.733761,GET,/api/articles/list/large/,33.01,471824,0,
2026-05-16T15:32:59.734330,GET,/api/articles/list/small/,5.17,23002,0,
2026-05-16T15:32:59.759426,POST,/api/articles/bulk/,9.52,34,0,
2026-05-16T15:32:59.761573,GET,/api/articles/list/small/,4.97,23002,0,
2026-05-16T15:32:59.761997,GET,/api/articles/list/small/,4.88,23002,0,
2026-05-16T15:32:59.778641,GET,/api/articles/list/small/,4.39,23002,0,
2026-05-16T15:32:59.796806,POST,/api/articles/analyze/,3.09,58,0,
2026-05-16T15:32:59.801400,POST,/api/articles/bulk/,8.38,34,0,
2026-05-16T15:32:59.801803,POST,/api/articles/bulk/,9.55,34,0,
2026-05-16T15:32:59.809407,GET,/api/articles/list/small/,5.38,23002,0,
2026-05-16T15:32:59.811553,POST,/api/articles/bulk/,7.06,34,0,
2026-05-16T15:32:59.837015,POST,/api/articles/analyze/,4.19,58,0,
2026-05-16T15:32:59.838662,GET,/api/articles/list/small/,7.19,23002,0,
2026-05-16T15:32:59.840402,GET,/api/articles/list/small/,4.75,23002,0,
2026-05-16T15:32:59.849394,GET,/api/articles/list/large/,34.46,471824,0,
2026-05-16T15:32:59.851196,POST,/api/articles/analyze/,3.53,58,0,
2026-05-16T15:32:59.869134,GET,/api/articles/list/large/,34.44,471824,0,
2026-05-16T15:32:59.877496,POST,/api/articles/bulk/,7.12,34,0,
2026-05-16T15:32:59.886196,GET,/api/articles/list/small/,4.37,23002,0,
2026-05-16T15:32:59.898553,GET,/api/articles/list/small/,4.6,23002,0,
2026-05-16T15:32:59.898987,GET,/api/articles/list/small/,5.51,23002,0,
2026-05-16T15:32:59.900997,GET,/api/articles/list/small/,4.21,23002,0,
2026-05-16T15:32:59.910567,GET,/api/articles/list/small/,4.24,23002,0,
2026-05-16T15:32:59.925521,POST,/api/articles/bulk/,7.13,34,0,
2026-05-16T15:32:59.925986,POST,/api/articles/analyze/,2.84,58,0,
2026-05-16T15:32:59.928498,POST,/api/articles/analyze/,2.42,58,0,
2026-05-16T15:32:59.945459,POST,/api/articles/analyze/,2.75,58,0,
2026-05-16T15:32:59.946651,GET,/api/articles/list/large/,33.74,471824,0,
2026-05-16T15:32:59.972556,GET,/api/articles/list/small/,4.57,23002,0,
2026-05-16T15:32:59.979205,GET,/api/articles/list/small/,4.27,23002,0,
2026-05-16T15:32:59.986671,GET,/api/articles/list/small/,5.14,23002,0,
2026-05-16T15:33:00.003633,POST,/api/articles/bulk/,15.6,34,0,
2026-05-16T15:33:00.009576,POST,/api/articles/bulk/,7.69,34,0,
2026-05-16T15:33:00.026520,POST,/api/articles/bulk/,7.69,34,0,
2026-05-16T15:33:00.033331,POST,/api/articles/analyze/,2.57,58,0,
2026-05-16T15:33:00.039239,GET,/api/articles/list/large/,33.9,471824,0,
2026-05-16T15:33:00.042947,GET,/api/articles/list/small/,5.4,23002,0,
2026-05-16T15:33:00.057070,GET,/api/articles/list/large/,33.43,471824,0,
2026-05-16T15:33:00.085686,GET,/api/articles/list/large/,33.5,471824,0,
2026-05-16T15:33:00.113416,GET,/api/articles/list/small/,4.43,23002,0,
2026-05-16T15:33:00.117603,POST,/api/articles/analyze/,3.64,58,0,
2026-05-16T15:33:00.141283,POST,/api/articles/analyze/,2.88,58,0,
2026-05-16T15:33:00.144842,POST,/api/articles/bulk/,8.98,34,0,
2026-05-16T15:33:00.145787,POST,/api/articles/bulk/,8.5,34,0,
2026-05-16T15:33:00.148826,GET,/api/articles/list/large/,33.9,471824,0,
2026-05-16T15:33:00.150099,GET,/api/articles/list/large/,34.27,471824,0,
2026-05-16T15:33:00.154088,GET,/api/articles/list/large/,40.55,471824,0,
2026-05-16T15:33:00.179100,GET,/api/articles/list/large/,34.12,471824,0,
2026-05-16T15:33:00.198653,POST,/api/articles/analyze/,3.53,58,0,
2026-05-16T15:33:00.207658,POST,/api/articles/analyze/,4.7,58,0,
2026-05-16T15:33:00.213596,GET,/api/articles/list/large/,43.24,471824,0,
2026-05-16T15:33:00.214317,POST,/api/articles/bulk/,18.17,34,0,
2026-05-16T15:33:00.218328,GET,/api/articles/list/small/,8.35,23002,0,
2026-05-16T15:33:00.228977,POST,/api/articles/analyze/,3.34,58,0,
2026-05-16T15:33:00.232458,GET,/api/articles/list/large/,37.92,471824,0,
2026-05-16T15:33:00.233934,GET,/api/articles/list/small/,4.83,23002,0,
2026-05-16T15:33:00.254662,GET,/api/articles/list/large/,50.45,471824,0,
2026-05-16T15:33:00.263140,POST,/api/articles/bulk/,7.22,34,0,
2026-05-16T15:33:00.272086,GET,/api/articles/list/large/,39.02,471824,0,
2026-05-16T15:33:00.304144,POST,/api/articles/bulk/,9.22,34,0,
2026-05-16T15:33:00.304741,POST,/api/articles/bulk/,8.26,34,0,
2026-05-16T15:33:00.308464,POST,/api/articles/analyze/,2.55,58,0,
2026-05-16T15:33:00.317712,GET,/api/articles/list/large/,34.33,471824,0,
2026-05-16T15:33:00.326151,POST,/api/articles/analyze/,2.52,58,0,
2026-05-16T15:33:00.333974,POST,/api/articles/analyze/,2.59,58,0,
2026-05-16T15:33:00.345729,POST,/api/articles/bulk/,10.52,34,0,
2026-05-16T15:33:00.356115,POST,/api/articles/bulk/,8.17,34,0,
2026-05-16T15:33:00.362950,GET,/api/articles/list/large/,40.92,471824,0,
2026-05-16T15:33:00.363487,GET,/api/articles/list/small/,5.79,23002,0,
2026-05-16T15:33:00.369667,GET,/api/articles/list/small/,4.55,23002,0,
2026-05-16T15:33:00.375448,POST,/api/articles/analyze/,2.56,58,0,
2026-05-16T15:33:00.384682,GET,/api/articles/list/large/,33.94,471824,0,
2026-05-16T15:33:00.390008,GET,/api/articles/list/large/,34.9,471824,0,
2026-05-16T15:33:00.399605,GET,/api/articles/list/large/,38.41,471824,0,
2026-05-16T15:33:00.403722,POST,/api/articles/bulk/,7.46,34,0,
2026-05-16T15:33:00.417746,GET,/api/articles/list/small/,4.68,23002,0,
2026-05-16T15:33:00.424355,POST,/api/articles/bulk/,7.79,34,0,
2026-05-16T15:33:00.432902,POST,/api/articles/analyze/,3.33,58,0,
2026-05-16T15:33:00.433323,POST,/api/articles/analyze/,2.66,58,0,
2026-05-16T15:33:00.454333,GET,/api/articles/list/small/,16.57,23002,0,
2026-05-16T15:33:00.455281,GET,/api/articles/list/small/,16.18,23002,0,
2026-05-16T15:33:00.459113,POST,/api/articles/analyze/,11.88,58,0,
2026-05-16T15:33:00.467794,POST,/api/articles/bulk/,24.13,34,0,
2026-05-16T15:33:00.468236,POST,/api/articles/bulk/,23.12,34,0,
2026-05-16T15:33:00.476103,GET,/api/articles/list/large/,56.03,471824,0,
2026-05-16T15:33:00.477113,POST,/api/articles/analyze/,3.69,58,0,
2026-05-16T15:33:00.479367,POST,/api/articles/analyze/,3.1,58,0,
2026-05-16T15:33:00.502559,POST,/api/articles/bulk/,9.63,34,0,
2026-05-16T15:33:00.540171,POST,/api/articles/analyze/,4.04,58,0,
2026-05-16T15:33:00.544449,POST,/api/articles/bulk/,7.88,34,0,
2026-05-16T15:33:00.544961,POST,/api/articles/bulk/,9.59,34,0,
2026-05-16T15:33:00.555367,POST,/api/articles/analyze/,4.15,58,0,
2026-05-16T15:33:00.556178,POST,/api/articles/analyze/,3.53,58,0,
2026-05-16T15:33:00.559605,GET,/api/articles/list/large/,33.85,471824,0,
2026-05-16T15:33:00.561373,POST,/api/articles/bulk/,7.71,34,0,
2026-05-16T15:33:00.568521,POST,/api/articles/analyze/,2.96,58,0,
2026-05-16T15:33:00.593815,POST,/api/articles/analyze/,3.85,58,0,
2026-05-16T15:33:00.597188,POST,/api/articles/analyze/,2.5,58,0,
2026-05-16T15:33:00.598383,GET,/api/articles/list/small/,6.77,23002,0,
2026-05-16T15:33:00.610058,POST,/api/articles/bulk/,7.33,34,0,
2026-05-16T15:33:00.610819,GET,/api/articles/list/small/,4.24,23002,0,
2026-05-16T15:33:00.614201,POST,/api/articles/analyze/,3.26,58,0,
2026-05-16T15:33:00.642395,POST,/api/articles/bulk/,8.85,34,0,
2026-05-16T15:33:00.643584,POST,/api/articles/bulk/,13.07,34,0,
2026-05-16T15:33:00.649061,GET,/api/articles/list/large/,37.11,471824,0,
2026-05-16T15:33:00.667900,POST,/api/articles/bulk/,8.22,34,0,
2026-05-16T15:33:00.675302,GET,/api/articles/list/large/,34.13,471824,0,
2026-05-16T15:33:00.682631,GET,/api/articles/list/large/,35.25,471824,0,
2026-05-16T15:33:00.690077,POST,/api/articles/bulk/,7.3,34,0,
2026-05-16T15:33:00.698817,POST,/api/articles/bulk/,7.5,34,0,
2026-05-16T15:33:00.719959,POST,/api/articles/analyze/,2.64,58,0,
2026-05-16T15:33:00.721281,GET,/api/articles/list/small/,5.07,23002,0,
2026-05-16T15:33:00.745241,GET,/api/articles/list/small/,6.04,23002,0,
2026-05-16T15:33:00.747143,POST,/api/articles/bulk/,14.18,34,0,
2026-05-16T15:33:00.747639,POST,/api/articles/bulk/,11.35,34,0,
2026-05-16T15:33:00.749889,GET,/api/articles/list/small/,6.04,23002,0,
2026-05-16T15:33:00.753057,POST,/api/articles/bulk/,10.12,34,0,
2026-05-16T15:33:00.769167,GET,/api/articles/list/small/,5.17,23002,0,
2026-05-16T15:33:00.769640,GET,/api/articles/list/small/,6.3,23002,0,
2026-05-16T15:33:00.793664,GET,/api/articles/list/small/,5.21,23002,0,
2026-05-16T15:33:00.800559,POST,/api/articles/analyze/,3.08,58,0,
2026-05-16T15:33:00.822667,POST,/api/articles/analyze/,4.11,58,0,
2026-05-16T15:33:00.824521,GET,/api/articles/list/large/,36.65,471824,0,
2026-05-16T15:33:00.826976,GET,/api/articles/list/large/,35.1,471824,0,
2026-05-16T15:33:00.829240,POST,/api/articles/bulk/,9.06,34,0,
2026-05-16T15:33:00.873885,GET,/api/articles/list/large/,34.41,471824,0,
2026-05-16T15:33:00.898957,GET,/api/articles/list/small/,4.71,23002,0,
2026-05-16T15:33:00.901897,GET,/api/articles/list/large/,35.68,471824,0,
2026-05-16T15:33:00.917245,POST,/api/articles/bulk/,8.1,34,0,
2026-05-16T15:33:00.921683,POST,/api/articles/bulk/,8.73,34,0,
2026-05-16T15:33:00.922167,POST,/api/articles/bulk/,7.25,34,0,
2026-05-16T15:33:00.935206,POST,/api/articles/analyze/,2.81,58,0,
2026-05-16T15:33:00.939981,POST,/api/articles/analyze/,2.56,58,0,
2026-05-16T15:33:00.947938,GET,/api/articles/list/large/,35.49,471824,0,
2026-05-16T15:33:00.952589,GET,/api/articles/list/small/,4.51,23002,0,
2026-05-16T15:33:00.960296,POST,/api/articles/analyze/,3.43,58,0,
2026-05-16T15:33:00.966194,POST,/api/articles/analyze/,2.53,58,0,
2026-05-16T15:33:00.988907,GET,/api/articles/list/small/,12.69,23002,0,
2026-05-16T15:33:01.013364,GET,/api/articles/list/large/,43.87,471824,0,
2026-05-16T15:33:01.016276,POST,/api/articles/bulk/,7.83,34,0,
2026-05-16T15:33:01.039174,GET,/api/articles/list/large/,35.74,471824,0,
2026-05-16T15:33:01.048398,GET,/api/articles/list/large/,36.66,471824,0,
2026-05-16T15:33:01.094287,POST,/api/articles/bulk/,7.61,34,0,
2026-05-16T15:33:01.123088,POST,/api/articles/bulk/,7.59,34,0,
2026-05-16T15:33:01.127058,POST,/api/articles/bulk/,7.49,34,0,
2026-05-16T15:33:01.162642,POST,/api/articles/analyze/,4.31,58,0,
2026-05-16T15:33:01.166082,POST,/api/articles/analyze/,3.25,58,0,
2026-05-16T15:33:01.166663,POST,/api/articles/analyze/,5.1,58,0,
2026-05-16T15:33:01.173190,POST,/api/articles/bulk/,8.43,34,0,
2026-05-16T15:33:01.176345,POST,/api/articles/bulk/,15.57,34,0,
2026-05-16T15:33:01.183523,POST,/api/articles/analyze/,3.84,58,0,
2026-05-16T15:33:01.192157,GET,/api/articles/list/small/,6.21,23002,0,
2026-05-16T15:33:01.216363,POST,/api/articles/bulk/,7.6,34,0,
2026-05-16T15:33:01.219490,POST,/api/articles/bulk/,7.58,34,0,
2026-05-16T15:33:01.236603,POST,/api/articles/analyze/,3.55,58,0,
2026-05-16T15:33:01.246194,GET,/api/articles/list/small/,5.16,23002,0,
2026-05-16T15:33:01.252565,GET,/api/articles/list/small/,5.12,23002,0,
2026-05-16T15:33:01.267568,GET,/api/articles/list/large/,48.95,471824,0,
2026-05-16T15:33:01.275742,POST,/api/articles/bulk/,10.38,34,0,
2026-05-16T15:33:01.276168,POST,/api/articles/bulk/,8.44,34,0,
2026-05-16T15:33:01.276576,GET,/api/articles/list/small/,4.48,23002,0,
2026-05-16T15:33:01.302615,GET,/api/articles/list/small/,5.14,23002,0,
2026-05-16T15:33:01.575886,GET,/api/articles/list/large/,294.81,471824,0,
2026-05-16T15:33:01.577034,GET,/api/articles/list/large/,300.36,471824,0,
2026-05-16T15:33:01.593942,GET,/api/articles/list/small/,28.79,23002,0,
2026-05-16T15:33:01.594539,POST,/api/articles/analyze/,30.17,58,0,
2026-05-16T15:33:01.595015,GET,/api/articles/list/small/,33.41,23002,0,
2026-05-16T15:33:01.595416,POST,/api/articles/analyze/,35.68,58,0,
2026-05-16T15:33:01.595787,POST,/api/articles/analyze/,36.46,58,0,
2026-05-16T15:33:01.596185,POST,/api/articles/analyze/,37.4,58,0,
2026-05-16T15:33:01.596691,GET,/api/articles/list/small/,38.89,23002,0,
2026-05-16T15:33:01.603375,POST,/api/articles/bulk/,42.44,34,0,
2026-05-16T15:33:01.603807,POST,/api/articles/bulk/,43.6,34,0,
2026-05-16T15:33:01.604239,POST,/api/articles/bulk/,41.74,34,0,
2026-05-16T15:33:01.604611,POST,/api/articles/analyze/,31.71,58,0,
2026-05-16T15:33:01.604980,POST,/api/articles/analyze/,32.45,58,0,
2026-05-16T15:33:01.607837,GET,/api/articles/list/small/,35.64,23002,0,
2026-05-16T15:33:01.608323,GET,/api/articles/list/small/,37.1,23002,0,
2026-05-16T15:33:01.608748,POST,/api/articles/bulk/,37.19,34,0,
2026-05-16T15:33:01.609149,GET,/api/articles/list/small/,38.27,23002,0,
2026-05-16T15:33:01.609540,GET,/api/articles/list/small/,28.47,23002,0,
2026-05-16T15:33:01.609957,GET,/api/articles/list/small/,36.67,23002,0,
2026-05-16T15:33:01.612054,POST,/api/articles/bulk/,43.33,34,0,
2026-05-16T15:33:01.612493,POST,/api/articles/analyze/,38.81,58,0,
2026-05-16T15:33:01.612949,POST,/api/articles/analyze/,25.14,58,0,
2026-05-16T15:33:01.616511,POST,/api/articles/analyze/,28.1,58,0,
2026-05-16T15:33:01.617304,POST,/api/articles/analyze/,11.86,58,0,
2026-05-16T15:33:01.618264,POST,/api/articles/analyze/,7.45,58,0,
2026-05-16T15:33:01.622987,POST,/api/articles/analyze/,9.24,58,0,
2026-05-16T15:33:01.633480,POST,/api/articles/bulk/,26.99,34,0,
2026-05-16T15:33:01.640092,GET,/api/articles/list/small/,41.82,23002,0,
2026-05-16T15:33:01.644579,POST,/api/articles/analyze/,4.29,58,0,
2026-05-16T15:33:01.651184,GET,/api/articles/list/small/,12.94,23002,0,
2026-05-16T15:33:01.652406,GET,/api/articles/list/large/,78.29,471824,0,
2026-05-16T15:33:01.665269,GET,/api/articles/list/large/,95.42,471824,0,
2026-05-16T15:33:01.669755,GET,/api/articles/list/large/,100.27,471824,0,
2026-05-16T15:33:01.670450,POST,/api/articles/bulk/,12.8,34,0,
2026-05-16T15:33:01.673726,GET,/api/articles/list/large/,99.26,471824,0,
2026-05-16T15:33:01.687266,GET,/api/articles/list/large/,81.24,471824,0,
2026-05-16T15:33:01.688976,POST,/api/articles/analyze/,10.91,58,0,
2026-05-16T15:33:01.689635,GET,/api/articles/list/large/,74.85,471824,0,
2026-05-16T15:33:01.690807,GET,/api/articles/list/large/,128.78,471824,0,
2026-05-16T15:33:01.693706,GET,/api/articles/list/large/,123.15,471824,0,
2026-05-16T15:33:01.697175,POST,/api/articles/bulk/,12.78,34,0,
2026-05-16T15:33:01.718634,GET,/api/articles/list/large/,77.15,471824,0,
2026-05-16T15:33:01.728254,GET,/api/articles/list/small/,18.14,23002,0,
2026-05-16T15:33:01.730820,GET,/api/articles/list/large/,160.61,471824,0,
2026-05-16T15:33:01.732504,POST,/api/articles/analyze/,26.22,58,0,
2026-05-16T15:33:01.735844,POST,/api/articles/analyze/,15.05,58,0,
2026-05-16T15:33:01.736561,POST,/api/articles/analyze/,5.57,58,0,
2026-05-16T15:33:01.737099,POST,/api/articles/analyze/,4.14,58,0,
2026-05-16T15:33:01.740486,GET,/api/articles/list/small/,8.92,23002,0,
2026-05-16T15:33:01.743130,GET,/api/articles/list/large/,62.42,471824,0,
2026-05-16T15:33:01.744480,GET,/api/articles/list/small/,7.26,23002,0,
2026-05-16T15:33:01.749349,GET,/api/articles/list/large/,72.15,471824,0,
2026-05-16T15:33:01.761282,GET,/api/articles/list/large/,67.42,471824,0,
2026-05-16T15:33:01.763791,POST,/api/articles/bulk/,8.02,34,0,
2026-05-16T15:33:01.765357,GET,/api/articles/list/small/,6.4,23002,0,
2026-05-16T15:33:01.771376,POST,/api/articles/analyze/,2.68,58,0,
2026-05-16T15:33:01.783229,GET,/api/articles/list/small/,5.58,23002,0,
2026-05-16T15:33:01.789334,POST,/api/articles/bulk/,7.51,34,0,
2026-05-16T15:33:01.810760,GET,/api/articles/list/small/,4.45,23002,0,
2026-05-16T15:33:01.812389,POST,/api/articles/bulk/,8.81,34,0,
2026-05-16T15:33:01.814248,POST,/api/articles/bulk/,8.74,34,0,
2026-05-16T15:33:01.818144,POST,/api/articles/analyze/,4.95,58,0,
2026-05-16T15:33:01.822590,POST,/api/articles/bulk/,8.22,34,0,
2026-05-16T15:33:01.836454,POST,/api/articles/analyze/,3.46,58,0,
2026-05-16T15:33:01.860303,POST,/api/articles/analyze/,4.29,58,0,
2026-05-16T15:33:01.868794,POST,/api/articles/bulk/,11.73,34,0,
2026-05-16T15:33:01.870851,GET,/api/articles/list/large/,35.39,471824,0,
2026-05-16T15:33:01.879971,GET,/api/articles/list/small/,5.89,23002,0,
2026-05-16T15:33:01.887219,GET,/api/articles/list/large/,39.79,471824,0,
2026-05-16T15:33:01.887753,GET,/api/articles/list/small/,4.53,23002,0,
2026-05-16T15:33:01.899360,GET,/api/articles/list/small/,5.38,23002,0,
2026-05-16T15:33:01.900488,GET,/api/articles/list/large/,38.91,471824,0,
2026-05-16T15:33:01.900985,GET,/api/articles/list/small/,5.47,23002,0,
2026-05-16T15:33:01.907457,GET,/api/articles/list/small/,4.26,23002,0,
2026-05-16T15:33:01.913527,GET,/api/articles/list/large/,36.35,471824,0,
2026-05-16T15:33:01.930716,GET,/api/articles/list/large/,34.52,471824,0,
2026-05-16T15:33:01.972293,POST,/api/articles/analyze/,3.94,58,0,
2026-05-16T15:33:02.008340,GET,/api/articles/list/small/,6.4,23002,0,
2026-05-16T15:33:02.026447,POST,/api/articles/analyze/,4.03,58,0,
2026-05-16T15:33:02.030541,POST,/api/articles/analyze/,3.46,58,0,
2026-05-16T15:33:02.030974,POST,/api/articles/analyze/,4.39,58,0,
2026-05-16T15:33:02.059093,GET,/api/articles/list/large/,38.18,471824,0,
2026-05-16T15:33:02.063481,GET,/api/articles/list/large/,35.97,471824,0,
2026-05-16T15:33:02.067255,GET,/api/articles/list/large/,35.07,471824,0,
2026-05-16T15:33:02.088149,POST,/api/articles/bulk/,7.59,34,0,
2026-05-16T15:33:02.091395,GET,/api/articles/list/large/,35.73,471824,0,
2026-05-16T15:33:02.114317,POST,/api/articles/bulk/,9.06,34,0,
2026-05-16T15:33:02.125022,GET,/api/articles/list/large/,35.55,471824,0,
2026-05-16T15:33:02.140776,POST,/api/articles/analyze/,4.5,58,0,
2026-05-16T15:33:02.141971,GET,/api/articles/list/large/,35.26,471824,0,
2026-05-16T15:33:02.167720,POST,/api/articles/bulk/,7.52,34,0,
2026-05-16T15:33:02.187817,GET,/api/articles/list/large/,34.64,471824,0,
2026-05-16T15:33:02.195043,GET,/api/articles/list/small/,6.98,23002,0,
2026-05-16T15:33:02.227815,POST,/api/articles/bulk/,18.33,34,0,
2026-05-16T15:33:02.230386,GET,/api/articles/list/large/,48.24,471824,0,
2026-05-16T15:33:02.257790,POST,/api/articles/bulk/,8.47,34,0,
2026-05-16T15:33:02.258324,POST,/api/articles/bulk/,10.47,34,0,
2026-05-16T15:33:02.258746,POST,/api/articles/analyze/,4.64,58,0,
2026-05-16T15:33:02.260402,GET,/api/articles/list/large/,39.07,471824,0,
2026-05-16T15:33:02.263386,POST,/api/articles/bulk/,8.5,34,0,
2026-05-16T15:33:02.267475,GET,/api/articles/list/small/,5.07,23002,0,
2026-05-16T15:33:02.273036,GET,/api/articles/list/large/,36.3,471824,0,
2026-05-16T15:33:02.276988,POST,/api/articles/bulk/,8.23,34,0,
2026-05-16T15:33:02.325637,GET,/api/articles/list/small/,4.5,23002,0,
2026-05-16T15:33:02.329640,POST,/api/articles/analyze/,2.77,58,0,
2026-05-16T15:33:02.339724,POST,/api/articles/analyze/,2.82,58,0,
2026-05-16T15:33:02.344238,GET,/api/articles/list/large/,36.86,471824,0,
2026-05-16T15:33:02.351893,POST,/api/articles/analyze/,3.38,58,0,
2026-05-16T15:33:02.359112,GET,/api/articles/list/large/,35.21,471824,0,
2026-05-16T15:33:02.359601,POST,/api/articles/analyze/,3.42,58,0,
2026-05-16T15:33:02.367202,POST,/api/articles/bulk/,7.5,34,0,
2026-05-16T15:33:02.374233,GET,/api/articles/list/small/,4.72,23002,0,
2026-05-16T15:33:02.376106,GET,/api/articles/list/large/,35.15,471824,0,
2026-05-16T15:33:02.380154,POST,/api/articles/analyze/,2.67,58,0,
2026-05-16T15:33:02.389798,POST,/api/articles/analyze/,3.39,58,0,
2026-05-16T15:33:02.392052,GET,/api/articles/list/small/,4.43,23002,0,
2026-05-16T15:33:02.480083,POST,/api/articles/analyze/,3.02,58,0,
2026-05-16T15:33:02.482596,GET,/api/articles/list/large/,41.29,471824,0,
2026-05-16T15:33:02.497814,POST,/api/articles/bulk/,7.78,34,0,
2026-05-16T15:33:02.513094,POST,/api/articles/analyze/,2.96,58,0,
2026-05-16T15:33:02.518808,GET,/api/articles/list/small/,4.44,23002,0,
2026-05-16T15:33:02.527579,POST,/api/articles/bulk/,7.37,34,0,
2026-05-16T15:33:02.557749,POST,/api/articles/bulk/,8.35,34,0,
2026-05-16T15:33:02.562726,GET,/api/articles/list/large/,33.84,471824,0,
2026-05-16T15:33:02.586186,GET,/api/articles/list/large/,35.0,471824,0,
2026-05-16T15:33:02.607681,GET,/api/articles/list/small/,5.16,23002,0,
2026-05-16T15:33:02.610427,POST,/api/articles/analyze/,2.61,58,0,
2026-05-16T15:33:02.630338,POST,/api/articles/bulk/,7.65,34,0,
2026-05-16T15:33:02.637341,POST,/api/articles/analyze/,4.73,58,0,
2026-05-16T15:33:02.637900,POST,/api/articles/analyze/,3.82,58,0,
2026-05-16T15:33:02.644259,POST,/api/articles/analyze/,4.6,58,0,
2026-05-16T15:33:02.644682,POST,/api/articles/analyze/,3.5,58,0,
2026-05-16T15:33:02.667452,POST,/api/articles/analyze/,2.83,58,0,
2026-05-16T15:33:02.668420,POST,/api/articles/analyze/,4.41,58,0,
2026-05-16T15:33:02.670037,GET,/api/articles/list/large/,34.72,471824,0,
2026-05-16T15:33:02.671349,GET,/api/articles/list/large/,37.9,471824,0,
2026-05-16T15:33:02.675468,GET,/api/articles/list/large/,36.34,471824,0,
2026-05-16T15:33:02.680841,POST,/api/articles/analyze/,4.02,58,0,
2026-05-16T15:33:02.681737,POST,/api/articles/analyze/,3.42,58,0,
2026-05-16T15:33:02.723064,GET,/api/articles/list/small/,5.81,23002,0,
2026-05-16T15:33:02.724720,POST,/api/articles/bulk/,9.71,34,0,
2026-05-16T15:33:02.735266,POST,/api/articles/bulk/,8.32,34,0,
2026-05-16T15:33:02.755413,GET,/api/articles/list/large/,36.84,471824,0,
2026-05-16T15:33:02.757380,POST,/api/articles/analyze/,3.85,58,0,
2026-05-16T15:33:02.768943,POST,/api/articles/analyze/,3.33,58,0,
2026-05-16T15:33:02.772012,GET,/api/articles/list/large/,35.45,471824,0,
2026-05-16T15:33:02.788804,POST,/api/articles/bulk/,8.5,34,0,
2026-05-16T15:33:02.793489,POST,/api/articles/bulk/,8.82,34,0,
2026-05-16T15:33:02.799601,POST,/api/articles/analyze/,4.75,58,0,
2026-05-16T15:33:02.800196,POST,/api/articles/analyze/,2.83,58,0,
2026-05-16T15:33:02.815898,GET,/api/articles/list/small/,4.6,23002,0,
2026-05-16T15:33:02.839495,POST,/api/articles/bulk/,8.32,34,0,
2026-05-16T15:33:02.852569,GET,/api/articles/list/small/,4.71,23002,0,
2026-05-16T15:33:02.864748,POST,/api/articles/analyze/,2.93,58,0,
2026-05-16T15:33:02.884319,POST,/api/articles/analyze/,3.28,58,0,
2026-05-16T15:33:02.903123,POST,/api/articles/analyze/,3.4,58,0,
2026-05-16T15:33:02.903566,POST,/api/articles/analyze/,2.72,58,0,
2026-05-16T15:33:02.926582,POST,/api/articles/bulk/,7.64,34,0,
2026-05-16T15:33:02.928312,POST,/api/articles/analyze/,3.41,58,0,
2026-05-16T15:33:02.940242,POST,/api/articles/bulk/,9.61,34,0,
2026-05-16T15:33:02.971589,POST,/api/articles/bulk/,7.56,34,0,
2026-05-16T15:33:02.977171,POST,/api/articles/analyze/,3.07,58,0,
2026-05-16T15:33:02.986674,GET,/api/articles/list/large/,44.05,471824,0,
2026-05-16T15:33:03.014650,POST,/api/articles/bulk/,9.62,34,0,
2026-05-16T15:33:03.015163,POST,/api/articles/bulk/,8.78,34,0,
2026-05-16T15:33:03.037356,GET,/api/articles/list/small/,5.22,23002,0,
2026-05-16T15:33:03.037840,GET,/api/articles/list/small/,4.63,23002,0,
2026-05-16T15:33:03.067878,GET,/api/articles/list/small/,4.74,23002,0,
2026-05-16T15:33:03.069117,GET,/api/articles/list/large/,37.57,471824,0,
2026-05-16T15:33:03.085373,POST,/api/articles/analyze/,3.53,58,0,
2026-05-16T15:33:03.087562,GET,/api/articles/list/small/,5.01,23002,0,
2026-05-16T15:33:03.097053,POST,/api/articles/bulk/,8.07,34,0,
2026-05-16T15:33:03.109602,GET,/api/articles/list/large/,37.14,471824,0,
2026-05-16T15:33:03.111851,GET,/api/articles/list/small/,6.52,23002,0,
2026-05-16T15:33:03.121297,POST,/api/articles/bulk/,8.06,34,0,
2026-05-16T15:33:03.147728,POST,/api/articles/bulk/,8.24,34,0,
2026-05-16T15:33:03.165996,GET,/api/articles/list/large/,36.25,471824,0,
2026-05-16T15:33:03.191033,POST,/api/articles/bulk/,9.75,34,0,
2026-05-16T15:33:03.206091,POST,/api/articles/analyze/,12.68,58,0,
2026-05-16T15:33:03.207070,POST,/api/articles/analyze/,6.06,58,0,
2026-05-16T15:33:03.208315,GET,/api/articles/list/small/,9.91,23002,0,
2026-05-16T15:33:03.210332,POST,/api/articles/bulk/,14.99,34,0,
2026-05-16T15:33:03.223774,POST,/api/articles/analyze/,4.2,58,0,
2026-05-16T15:33:03.229448,GET,/api/articles/list/small/,8.41,23002,0,
2026-05-16T15:33:03.232194,POST,/api/articles/bulk/,11.87,34,0,
2026-05-16T15:33:03.243066,POST,/api/articles/analyze/,5.96,58,0,
2026-05-16T15:33:03.245673,GET,/api/articles/list/small/,6.8,23002,0,
2026-05-16T15:33:03.246459,POST,/api/articles/bulk/,11.92,34,0,
2026-05-16T15:33:03.247814,GET,/api/articles/list/large/,41.54,471824,0,
2026-05-16T15:33:03.262003,GET,/api/articles/list/small/,4.82,23002,0,
2026-05-16T15:33:03.279908,POST,/api/articles/bulk/,7.45,34,0,
2026-05-16T15:33:03.307966,POST,/api/articles/bulk/,8.79,34,0,
2026-05-16T15:33:03.312216,GET,/api/articles/list/large/,34.76,471824,0,
2026-05-16T15:33:03.313477,POST,/api/articles/analyze/,4.24,58,0,
2026-05-16T15:33:03.321241,POST,/api/articles/bulk/,8.89,34,0,
2026-05-16T15:33:03.323464,POST,/api/articles/analyze/,5.43,58,0,
2026-05-16T15:33:03.323973,POST,/api/articles/bulk/,10.35,34,0,
2026-05-16T15:33:03.325735,POST,/api/articles/analyze/,4.19,58,0,
2026-05-16T15:33:03.329358,POST,/api/articles/bulk/,9.82,34,0,
2026-05-16T15:33:03.352368,GET,/api/articles/list/small/,5.6,23002,0,
2026-05-16T15:33:03.357501,POST,/api/articles/analyze/,2.76,58,0,
2026-05-16T15:33:03.364407,GET,/api/articles/list/small/,4.66,23002,0,
2026-05-16T15:33:03.369125,POST,/api/articles/analyze/,3.46,58,0,
2026-05-16T15:33:03.371154,GET,/api/articles/list/small/,4.89,23002,0,
2026-05-16T15:33:03.389208,GET,/api/articles/list/small/,4.69,23002,0,
2026-05-16T15:33:03.405340,POST,/api/articles/analyze/,2.88,58,0,
2026-05-16T15:33:03.424034,POST,/api/articles/bulk/,9.43,34,0,
2026-05-16T15:33:03.424740,GET,/api/articles/list/small/,5.75,23002,0,
2026-05-16T15:33:03.468559,POST,/api/articles/analyze/,3.65,58,0,
2026-05-16T15:33:03.477039,POST,/api/articles/analyze/,3.21,58,0,
2026-05-16T15:33:03.489828,GET,/api/articles/list/large/,49.77,471824,0,
2026-05-16T15:33:03.509665,GET,/api/articles/list/large/,38.85,471824,0,
2026-05-16T15:33:03.510232,POST,/api/articles/bulk/,9.17,34,0,
2026-05-16T15:33:03.511632,GET,/api/articles/list/large/,38.32,471824,0,
2026-05-16T15:33:03.541084,POST,/api/articles/bulk/,8.38,34,0,
2026-05-16T15:33:03.541597,POST,/api/articles/bulk/,9.8,34,0,
2026-05-16T15:33:03.559698,GET,/api/articles/list/large/,36.77,471824,0,
2026-05-16T15:33:03.563396,GET,/api/articles/list/large/,35.79,471824,0,
2026-05-16T15:33:03.578107,POST,/api/articles/bulk/,8.45,34,0,
2026-05-16T15:33:03.582295,GET,/api/articles/list/small/,5.09,23002,0,
2026-05-16T15:33:03.585614,POST,/api/articles/analyze/,3.16,58,0,
2026-05-16T15:33:03.593292,GET,/api/articles/list/large/,36.47,471824,0,
2026-05-16T15:33:03.611723,GET,/api/articles/list/large/,35.08,471824,0,
2026-05-16T15:33:03.620861,POST,/api/articles/bulk/,7.81,34,0,
2026-05-16T15:33:03.631602,POST,/api/articles/bulk/,7.45,34,0,
2026-05-16T15:33:03.635566,POST,/api/articles/analyze/,2.76,58,0,
2026-05-16T15:33:03.645074,POST,/api/articles/bulk/,7.33,34,0,
2026-05-16T15:33:03.650919,GET,/api/articles/list/small/,4.56,23002,0,
2026-05-16T15:33:03.655607,POST,/api/articles/analyze/,4.51,58,0,
2026-05-16T15:33:03.659518,POST,/api/articles/bulk/,7.68,34,0,
2026-05-16T15:33:03.666056,POST,/api/articles/analyze/,2.76,58,0,
2026-05-16T15:33:03.666542,POST,/api/articles/analyze/,3.78,58,0,
2026-05-16T15:33:03.691076,POST,/api/articles/analyze/,3.53,58,0,
2026-05-16T15:33:03.697141,GET,/api/articles/list/large/,40.29,471824,0,
2026-05-16T15:33:03.709943,POST,/api/articles/bulk/,12.66,34,0,
2026-05-16T15:33:03.710976,GET,/api/articles/list/small/,5.53,23002,0,
2026-05-16T15:33:03.729331,GET,/api/articles/list/large/,42.49,471824,0,
2026-05-16T15:33:03.730933,GET,/api/articles/list/small/,6.2,23002,0,
2026-05-16T15:33:03.737300,POST,/api/articles/bulk/,7.74,34,0,
2026-05-16T15:33:03.750643,GET,/api/articles/list/large/,34.41,471824,0,
2026-05-16T15:33:03.754678,POST,/api/articles/bulk/,7.71,34,0,
2026-05-16T15:33:03.755262,GET,/api/articles/list/small/,4.46,23002,0,
2026-05-16T15:33:03.767639,POST,/api/articles/bulk/,7.83,34,0,
2026-05-16T15:33:03.773819,GET,/api/articles/list/large/,34.28,471824,0,
2026-05-16T15:33:03.778787,POST,/api/articles/analyze/,3.72,58,0,
2026-05-16T15:33:03.780236,GET,/api/articles/list/small/,4.52,23002,0,
2026-05-16T15:33:03.787867,GET,/api/articles/list/large/,34.4,471824,0,
2026-05-16T15:33:03.796040,POST,/api/articles/analyze/,2.78,58,0,
2026-05-16T15:33:03.812959,POST,/api/articles/bulk/,12.64,34,0,
2026-05-16T15:33:03.813737,POST,/api/articles/analyze/,2.86,58,0,
2026-05-16T15:33:03.876210,POST,/api/articles/analyze/,3.29,58,0,
2026-05-16T15:33:03.897921,GET,/api/articles/list/small/,4.79,23002,0,
2026-05-16T15:33:03.901435,GET,/api/articles/list/small/,4.51,23002,0,
2026-05-16T15:33:03.916197,GET,/api/articles/list/large/,34.75,471824,0,
2026-05-16T15:33:03.919661,POST,/api/articles/bulk/,8.39,34,0,
2026-05-16T15:33:03.937699,POST,/api/articles/analyze/,2.76,58,0,
2026-05-16T15:33:03.952026,GET,/api/articles/list/large/,41.22,471824,0,
2026-05-16T15:33:03.962310,POST,/api/articles/analyze/,9.64,58,0,
2026-05-16T15:33:03.964401,GET,/api/articles/list/large/,48.04,471824,0,
2026-05-16T15:33:03.965312,GET,/api/articles/list/small/,9.5,23002,0,
2026-05-16T15:33:03.994097,POST,/api/articles/bulk/,10.73,34,0,
2026-05-16T15:33:03.995660,POST,/api/articles/bulk/,7.9,34,0,
2026-05-16T15:33:04.015892,GET,/api/articles/list/large/,40.28,471824,0,
2026-05-16T15:33:04.020373,POST,/api/articles/analyze/,2.63,58,0,
2026-05-16T15:33:04.022554,POST,/api/articles/bulk/,8.64,34,0,
2026-05-16T15:33:04.028148,GET,/api/articles/list/large/,35.09,471824,0,
2026-05-16T15:33:04.038995,POST,/api/articles/analyze/,3.06,58,0,
2026-05-16T15:33:04.042448,POST,/api/articles/bulk/,8.97,34,0,
2026-05-16T15:33:04.043721,POST,/api/articles/bulk/,8.89,34,0,
2026-05-16T15:33:04.076217,GET,/api/articles/list/large/,34.97,471824,0,
2026-05-16T15:33:04.081191,POST,/api/articles/analyze/,2.74,58,0,
2026-05-16T15:33:04.091614,GET,/api/articles/list/small/,4.36,23002,0,
2026-05-16T15:33:04.092795,POST,/api/articles/bulk/,7.45,34,0,
2026-05-16T15:33:04.105776,POST,/api/articles/analyze/,2.76,58,0,
2026-05-16T15:33:04.140176,GET,/api/articles/list/small/,5.15,23002,0,
2026-05-16T15:33:04.147938,GET,/api/articles/list/small/,4.34,23002,0,
2026-05-16T15:33:04.154545,GET,/api/articles/list/small/,4.22,23002,0,
2026-05-16T15:33:04.175420,POST,/api/articles/bulk/,7.52,34,0,
2026-05-16T15:33:04.184077,GET,/api/articles/list/small/,4.3,23002,0,
2026-05-16T15:33:04.188015,POST,/api/articles/analyze/,2.73,58,0,
2026-05-16T15:33:04.204042,GET,/api/articles/list/small/,5.66,23002,0,
2026-05-16T15:33:04.218652,GET,/api/articles/list/small/,4.28,23002,0,
2026-05-16T15:33:04.229830,POST,/api/articles/analyze/,2.76,58,0,
2026-05-16T15:33:04.248704,POST,/api/articles/analyze/,2.7,58,0,
2026-05-16T15:33:04.253630,POST,/api/articles/bulk/,8.45,34,0,
2026-05-16T15:33:04.260158,POST,/api/articles/bulk/,8.14,34,0,
2026-05-16T15:33:04.279645,GET,/api/articles/list/small/,4.69,23002,0,
2026-05-16T15:33:04.281825,GET,/api/articles/list/large/,34.04,471824,0,
2026-05-16T15:33:04.292092,GET,/api/articles/list/large/,34.2,471824,0,
2026-05-16T15:33:04.292728,POST,/api/articles/bulk/,12.94,34,0,
2026-05-16T15:33:04.296338,GET,/api/articles/list/large/,44.8,471824,0,
2026-05-16T15:33:04.306965,GET,/api/articles/list/large/,34.58,471824,0,
2026-05-16T15:33:04.326166,POST,/api/articles/analyze/,2.77,58,0,
2026-05-16T15:33:04.358392,POST,/api/articles/analyze/,2.82,58,0,
2026-05-16T15:33:04.367843,POST,/api/articles/analyze/,3.25,58,0,
2026-05-16T15:33:04.368450,POST,/api/articles/analyze/,2.53,58,0,
2026-05-16T15:33:04.383742,GET,/api/articles/list/small/,5.05,23002,0,
2026-05-16T15:33:04.404985,POST,/api/articles/analyze/,2.85,58,0,
2026-05-16T15:33:04.434483,GET,/api/articles/list/small/,4.66,23002,0,
2026-05-16T15:33:04.436239,POST,/api/articles/analyze/,2.85,58,0,
2026-05-16T15:33:04.436675,POST,/api/articles/bulk/,8.32,34,0,
2026-05-16T15:33:04.453126,POST,/api/articles/analyze/,5.18,58,0,
2026-05-16T15:33:04.454486,GET,/api/articles/list/small/,16.55,23002,0,
2026-05-16T15:33:04.457925,GET,/api/articles/list/small/,4.68,23002,0,
2026-05-16T15:33:04.458641,POST,/api/articles/bulk/,13.77,34,0,
2026-05-16T15:33:04.460220,POST,/api/articles/analyze/,3.2,58,0,
2026-05-16T15:33:04.492362,POST,/api/articles/bulk/,7.38,34,0,
2026-05-16T15:33:04.504107,POST,/api/articles/analyze/,3.5,58,0,
2026-05-16T15:33:04.505480,GET,/api/articles/list/small/,4.34,23002,0,
2026-05-16T15:33:04.517719,POST,/api/articles/analyze/,2.73,58,0,
2026-05-16T15:33:04.518629,GET,/api/articles/list/large/,34.19,471824,0,
2026-05-16T15:33:04.539777,GET,/api/articles/list/small/,4.34,23002,0,
2026-05-16T15:33:04.548190,GET,/api/articles/list/large/,34.53,471824,0,
2026-05-16T15:33:04.561761,GET,/api/articles/list/small/,6.3,23002,0,
2026-05-16T15:33:04.562964,GET,/api/articles/list/large/,34.11,471824,0,
2026-05-16T15:33:04.563928,POST,/api/articles/bulk/,7.9,34,0,
2026-05-16T15:33:04.573185,POST,/api/articles/bulk/,7.07,34,0,
2026-05-16T15:33:04.578869,POST,/api/articles/analyze/,2.96,58,0,
2026-05-16T15:33:04.580650,GET,/api/articles/list/small/,5.28,23002,0,
2026-05-16T15:33:04.585358,GET,/api/articles/list/small/,4.61,23002,0,
2026-05-16T15:33:04.618997,GET,/api/articles/list/large/,34.47,471824,0,
2026-05-16T15:33:04.635806,GET,/api/articles/list/small/,4.51,23002,0,
2026-05-16T15:33:04.649047,GET,/api/articles/list/large/,35.41,471824,0,
2026-05-16T15:33:04.651608,GET,/api/articles/list/large/,35.24,471824,0,
2026-05-16T15:33:04.652168,POST,/api/articles/analyze/,7.32,58,0,
2026-05-16T15:33:04.653381,GET,/api/articles/list/small/,7.52,23002,0,
2026-05-16T15:33:04.653792,POST,/api/articles/bulk/,9.77,34,0,
2026-05-16T15:33:04.654225,POST,/api/articles/analyze/,4.68,58,0,
2026-05-16T15:33:04.662640,POST,/api/articles/bulk/,8.28,34,0,
2026-05-16T15:33:04.663082,POST,/api/articles/bulk/,7.45,34,0,
2026-05-16T15:33:04.683101,GET,/api/articles/list/large/,36.47,471824,0,
2026-05-16T15:33:04.697502,GET,/api/articles/list/small/,5.44,23002,0,
2026-05-16T15:33:04.710076,GET,/api/articles/list/small/,4.58,23002,0,
2026-05-16T15:33:04.712538,POST,/api/articles/bulk/,7.84,34,0,
2026-05-16T15:33:04.721371,POST,/api/articles/analyze/,2.62,58,0,
2026-05-16T15:33:04.723308,GET,/api/articles/list/large/,40.07,471824,0,
2026-05-16T15:33:04.726895,GET,/api/articles/list/large/,38.36,471824,0,
2026-05-16T15:33:04.730692,POST,/api/articles/analyze/,3.64,58,0,
2026-05-16T15:33:04.731267,GET,/api/articles/list/small/,6.73,23002,0,
2026-05-16T15:33:04.731761,GET,/api/articles/list/small/,6.64,23002,0,
2026-05-16T15:33:04.738359,POST,/api/articles/bulk/,8.87,34,0,
2026-05-16T15:33:04.741230,POST,/api/articles/bulk/,7.68,34,0,
2026-05-16T15:33:04.743346,POST,/api/articles/analyze/,2.95,58,0,
2026-05-16T15:33:04.763174,GET,/api/articles/list/small/,4.53,23002,0,
2026-05-16T15:33:04.768209,POST,/api/articles/bulk/,7.03,34,0,
2026-05-16T15:33:04.777887,POST,/api/articles/analyze/,4.35,58,0,
2026-05-16T15:33:04.793183,POST,/api/articles/analyze/,2.57,58,0,
2026-05-16T15:33:04.801691,GET,/api/articles/list/small/,4.28,23002,0,
2026-05-16T15:33:04.809321,GET,/api/articles/list/large/,35.23,471824,0,
2026-05-16T15:33:04.815308,POST,/api/articles/analyze/,2.71,58,0,
2026-05-16T15:33:04.817644,GET,/api/articles/list/large/,33.54,471824,0,
2026-05-16T15:33:04.823020,GET,/api/articles/list/small/,5.25,23002,0,
2026-05-16T15:33:04.839053,GET,/api/articles/list/large/,35.16,471824,0,
2026-05-16T15:33:04.840706,POST,/api/articles/bulk/,7.4,34,0,
2026-05-16T15:33:04.856459,GET,/api/articles/list/large/,34.53,471824,0,
2026-05-16T15:33:04.861393,POST,/api/articles/bulk/,12.45,34,0,
2026-05-16T15:33:04.867791,GET,/api/articles/list/large/,34.97,471824,0,
2026-05-16T15:33:04.875757,POST,/api/articles/analyze/,2.75,58,0,
2026-05-16T15:33:04.888478,POST,/api/articles/bulk/,7.52,34,0,
2026-05-16T15:33:04.889760,GET,/api/articles/list/large/,35.81,471824,0,
2026-05-16T15:33:04.894585,GET,/api/articles/list/small/,7.65,23002,0,
2026-05-16T15:33:04.897550,POST,/api/articles/bulk/,7.55,34,0,
2026-05-16T15:33:04.900028,GET,/api/articles/list/small/,4.22,23002,0,
2026-05-16T15:33:04.925630,GET,/api/articles/list/large/,38.15,471824,0,
2026-05-16T15:33:04.926193,POST,/api/articles/analyze/,5.11,58,0,
2026-05-16T15:33:04.928341,POST,/api/articles/bulk/,8.09,34,0,
2026-05-16T15:33:04.936772,POST,/api/articles/bulk/,13.02,34,0,
2026-05-16T15:33:04.960502,GET,/api/articles/list/small/,5.83,23002,0,
2026-05-16T15:33:04.967247,POST,/api/articles/bulk/,8.01,34,0,
2026-05-16T15:33:04.968723,POST,/api/articles/analyze/,2.86,58,0,
2026-05-16T15:33:04.993344,GET,/api/articles/list/large/,34.51,471824,0,
2026-05-16T15:33:04.994928,GET,/api/articles/list/large/,36.61,471824,0,
2026-05-16T15:33:05.020671,POST,/api/articles/bulk/,7.96,34,0,
2026-05-16T15:33:05.031637,POST,/api/articles/analyze/,3.98,58,0,
2026-05-16T15:33:05.032587,GET,/api/articles/list/small/,5.66,23002,0,
2026-05-16T15:33:05.039348,POST,/api/articles/bulk/,9.11,34,0,
2026-05-16T15:33:05.043109,GET,/api/articles/list/large/,39.97,471824,0,
2026-05-16T15:33:05.043648,GET,/api/articles/list/small/,5.4,23002,0,
2026-05-16T15:33:05.045138,POST,/api/articles/analyze/,3.89,58,0,
2026-05-16T15:33:05.053869,GET,/api/articles/list/large/,35.17,471824,0,
2026-05-16T15:33:05.066759,GET,/api/articles/list/small/,4.51,23002,0,
2026-05-16T15:33:05.080147,POST,/api/articles/analyze/,3.17,58,0,
2026-05-16T15:33:05.100188,POST,/api/articles/analyze/,2.8,58,0,
2026-05-16T15:33:05.120141,GET,/api/articles/list/small/,4.57,23002,0,
2026-05-16T15:33:05.143789,POST,/api/articles/bulk/,7.33,34,0,
2026-05-16T15:33:05.183879,POST,/api/articles/bulk/,12.34,34,0,
2026-05-16T15:33:05.190881,GET,/api/articles/list/large/,42.7,471824,0,
2026-05-16T15:33:05.196504,POST,/api/articles/analyze/,4.3,58,0,
2026-05-16T15:33:05.203135,GET,/api/articles/list/small/,4.38,23002,0,
2026-05-16T15:33:05.236033,POST,/api/articles/analyze/,2.89,58,0,
2026-05-16T15:33:05.241958,GET,/api/articles/list/small/,4.67,23002,0,
2026-05-16T15:33:05.244722,POST,/api/articles/analyze/,2.62,58,0,
2026-05-16T15:33:05.246510,GET,/api/articles/list/large/,79.73,471824,0,
2026-05-16T15:33:05.264771,GET,/api/articles/list/large/,34.36,471824,0,
2026-05-16T15:33:05.286476,POST,/api/articles/analyze/,2.64,58,0,
2026-05-16T15:33:05.290068,POST,/api/articles/bulk/,8.03,34,0,
2026-05-16T15:33:05.300272,POST,/api/articles/bulk/,7.99,34,0,
2026-05-16T15:33:05.306654,POST,/api/articles/analyze/,3.15,58,0,
2026-05-16T15:33:05.314091,POST,/api/articles/analyze/,3.05,58,0,
2026-05-16T15:33:05.320819,POST,/api/articles/analyze/,2.44,58,0,
2026-05-16T15:33:05.356424,POST,/api/articles/bulk/,7.54,34,0,
2026-05-16T15:33:05.360571,GET,/api/articles/list/large/,33.54,471824,0,
2026-05-16T15:33:05.365898,GET,/api/articles/list/large/,33.39,471824,0,
2026-05-16T15:33:05.371697,GET,/api/articles/list/small/,4.45,23002,0,
2026-05-16T15:33:05.397487,POST,/api/articles/bulk/,7.43,34,0,
2026-05-16T15:33:05.400544,POST,/api/articles/bulk/,7.6,34,0,
2026-05-16T15:33:05.400996,GET,/api/articles/list/small/,7.2,23002,0,
2026-05-16T15:33:05.415643,POST,/api/articles/bulk/,7.34,34,0,
2026-05-16T15:33:05.432865,POST,/api/articles/analyze/,4.8,58,0,
2026-05-16T15:33:05.434026,POST,/api/articles/bulk/,14.05,34,0,
2026-05-16T15:33:05.461889,POST,/api/articles/bulk/,7.54,34,0,
2026-05-16T15:33:05.488125,POST,/api/articles/analyze/,2.88,58,0,
2026-05-16T15:33:05.506903,GET,/api/articles/list/small/,4.56,23002,0,
2026-05-16T15:33:05.509003,POST,/api/articles/analyze/,3.08,58,0,
2026-05-16T15:33:05.514768,POST,/api/articles/analyze/,2.51,58,0,
2026-05-16T15:33:05.524124,POST,/api/articles/bulk/,7.16,34,0,
2026-05-16T15:33:05.559993,GET,/api/articles/list/small/,4.62,23002,0,
2026-05-16T15:33:05.566250,POST,/api/articles/analyze/,2.96,58,0,
2026-05-16T15:33:05.577545,GET,/api/articles/list/small/,4.98,23002,0,
2026-05-16T15:33:05.590654,POST,/api/articles/bulk/,7.89,34,0,
2026-05-16T15:33:05.595470,POST,/api/articles/bulk/,7.84,34,0,
2026-05-16T15:33:05.613966,POST,/api/articles/bulk/,7.36,34,0,
2026-05-16T15:33:05.614443,POST,/api/articles/bulk/,8.69,34,0,
2026-05-16T15:33:05.632049,GET,/api/articles/list/small/,4.28,23002,0,
2026-05-16T15:33:05.640203,POST,/api/articles/bulk/,6.92,34,0,
2026-05-16T15:33:05.640632,POST,/api/articles/analyze/,2.63,58,0,
2026-05-16T15:33:05.684952,GET,/api/articles/list/small/,10.33,23002,0,
2026-05-16T15:33:05.687052,POST,/api/articles/bulk/,9.43,34,0,
2026-05-16T15:33:05.688570,GET,/api/articles/list/large/,43.63,471824,0,
2026-05-16T15:33:05.697618,POST,/api/articles/analyze/,2.77,58,0,
2026-05-16T15:33:05.709372,GET,/api/articles/list/small/,5.87,23002,0,
2026-05-16T15:33:05.712255,POST,/api/articles/analyze/,2.76,58,0,
2026-05-16T15:33:05.712690,GET,/api/articles/list/small/,5.14,23002,0,
2026-05-16T15:33:05.714874,POST,/api/articles/analyze/,4.02,58,0,
2026-05-16T15:33:05.717148,GET,/api/articles/list/small/,4.14,23002,0,
2026-05-16T15:33:05.740406,GET,/api/articles/list/large/,37.44,471824,0,
2026-05-16T15:33:05.747825,POST,/api/articles/bulk/,7.27,34,0,
2026-05-16T15:33:05.772807,GET,/api/articles/list/large/,37.39,471824,0,
2026-05-16T15:33:05.781080,POST,/api/articles/bulk/,8.08,34,0,
2026-05-16T15:33:05.784823,GET,/api/articles/list/small/,4.76,23002,0,
2026-05-16T15:33:05.796292,POST,/api/articles/analyze/,2.88,58,0,
2026-05-16T15:33:05.808230,POST,/api/articles/bulk/,7.68,34,0,
2026-05-16T15:33:05.812156,GET,/api/articles/list/small/,4.86,23002,0,
2026-05-16T15:33:05.820121,POST,/api/articles/analyze/,2.73,58,0,
2026-05-16T15:33:05.849725,POST,/api/articles/bulk/,7.76,34,0,
2026-05-16T15:33:05.863560,GET,/api/articles/list/large/,34.12,471824,0,
2026-05-16T15:33:05.869919,POST,/api/articles/bulk/,8.48,34,0,
2026-05-16T15:33:05.870917,GET,/api/articles/list/small/,4.49,23002,0,
2026-05-16T15:33:05.877395,GET,/api/articles/list/large/,34.02,471824,0,
2026-05-16T15:33:05.884554,GET,/api/articles/list/large/,33.57,471824,0,
2026-05-16T15:33:05.885072,POST,/api/articles/analyze/,3.45,58,0,
2026-05-16T15:33:05.907428,POST,/api/articles/analyze/,2.73,58,0,
2026-05-16T15:33:05.928030,GET,/api/articles/list/large/,42.84,471824,0,
2026-05-16T15:33:05.928937,GET,/api/articles/list/small/,5.08,23002,0,
2026-05-16T15:33:05.929343,POST,/api/articles/bulk/,13.32,34,0,
2026-05-16T15:33:05.944837,GET,/api/articles/list/small/,5.51,23002,0,
2026-05-16T15:33:05.946846,POST,/api/articles/analyze/,3.17,58,0,
2026-05-16T15:33:05.963488,GET,/api/articles/list/small/,4.36,23002,0,
2026-05-16T15:33:05.963948,GET,/api/articles/list/small/,5.93,23002,0,
2026-05-16T15:33:05.969883,GET,/api/articles/list/large/,38.19,471824,0,
2026-05-16T15:33:05.979734,GET,/api/articles/list/small/,5.64,23002,0,
2026-05-16T15:33:05.982038,GET,/api/articles/list/small/,5.15,23002,0,
2026-05-16T15:33:05.996161,POST,/api/articles/analyze/,3.79,58,0,
2026-05-16T15:33:06.000826,GET,/api/articles/list/large/,34.61,471824,0,
2026-05-16T15:33:06.001476,GET,/api/articles/list/small/,6.11,23002,0,
2026-05-16T15:33:06.001907,GET,/api/articles/list/small/,7.02,23002,0,
2026-05-16T15:33:06.009451,GET,/api/articles/list/small/,4.35,23002,0,
2026-05-16T15:33:06.018032,POST,/api/articles/analyze/,2.4,58,0,
2026-05-16T15:33:06.031394,GET,/api/articles/list/large/,34.93,471824,0,
2026-05-16T15:33:06.038816,POST,/api/articles/bulk/,7.28,34,0,
2026-05-16T15:33:06.063726,POST,/api/articles/bulk/,7.23,34,0,
2026-05-16T15:33:06.071554,POST,/api/articles/analyze/,4.1,58,0,
2026-05-16T15:33:06.075695,GET,/api/articles/list/large/,33.71,471824,0,
2026-05-16T15:33:06.080024,POST,/api/articles/analyze/,2.61,58,0,
2026-05-16T15:33:06.084559,GET,/api/articles/list/small/,4.42,23002,0,
2026-05-16T15:33:06.087231,POST,/api/articles/analyze/,2.56,58,0,
2026-05-16T15:33:06.102287,GET,/api/articles/list/large/,35.32,471824,0,
2026-05-16T15:33:06.114590,GET,/api/articles/list/small/,4.4,23002,0,
2026-05-16T15:33:06.122489,GET,/api/articles/list/large/,33.99,471824,0,
2026-05-16T15:33:06.123705,GET,/api/articles/list/large/,49.93,471824,0,
2026-05-16T15:33:06.130102,POST,/api/articles/bulk/,9.77,34,0,
2026-05-16T15:33:06.134913,GET,/api/articles/list/large/,52.27,471824,0,
2026-05-16T15:33:06.138840,GET,/api/articles/list/large/,35.21,471824,0,
2026-05-16T15:33:06.140723,POST,/api/articles/analyze/,3.94,58,0,
2026-05-16T15:33:06.148984,POST,/api/articles/bulk/,7.04,34,0,
2026-05-16T15:33:06.151927,GET,/api/articles/list/large/,34.07,471824,0,
2026-05-16T15:33:06.185037,POST,/api/articles/analyze/,3.24,58,0,
2026-05-16T15:33:06.186224,GET,/api/articles/list/large/,38.5,471824,0,
2026-05-16T15:33:06.195099,GET,/api/articles/list/small/,4.58,23002,0,
2026-05-16T15:33:06.197496,GET,/api/articles/list/large/,38.36,471824,0,
2026-05-16T15:33:06.203690,POST,/api/articles/analyze/,4.91,58,0,
2026-05-16T15:33:06.205337,POST,/api/articles/analyze/,4.66,58,0,
2026-05-16T15:33:06.205754,POST,/api/articles/analyze/,3.17,58,0,
2026-05-16T15:33:06.210186,POST,/api/articles/bulk/,8.69,34,0,
2026-05-16T15:33:06.218734,GET,/api/articles/list/small/,4.34,23002,0,
2026-05-16T15:33:06.227113,GET,/api/articles/list/large/,33.96,471824,0,
2026-05-16T15:33:06.236145,GET,/api/articles/list/large/,36.22,471824,0,
2026-05-16T15:33:06.268535,GET,/api/articles/list/large/,34.17,471824,0,
2026-05-16T15:33:06.279787,POST,/api/articles/bulk/,7.39,34,0,
2026-05-16T15:33:06.290460,POST,/api/articles/bulk/,7.44,34,0,
2026-05-16T15:33:06.293111,POST,/api/articles/analyze/,2.52,58,0,
2026-05-16T15:33:06.304587,POST,/api/articles/analyze/,3.19,58,0,
2026-05-16T15:33:06.318597,POST,/api/articles/analyze/,2.97,58,0,
2026-05-16T15:33:06.344126,GET,/api/articles/list/large/,72.2,471824,0,
2026-05-16T15:33:06.345920,POST,/api/articles/analyze/,3.96,58,0,
2026-05-16T15:33:06.346427,GET,/api/articles/list/small/,6.02,23002,0,
2026-05-16T15:33:06.347676,GET,/api/articles/list/large/,35.84,471824,0,
2026-05-16T15:33:06.357378,GET,/api/articles/list/large/,34.52,471824,0,
2026-05-16T15:33:06.398054,POST,/api/articles/bulk/,7.29,34,0,
2026-05-16T15:33:06.415790,GET,/api/articles/list/small/,10.45,23002,0,
2026-05-16T15:33:06.432256,GET,/api/articles/list/small/,4.37,23002,0,
2026-05-16T15:33:06.452048,GET,/api/articles/list/large/,35.99,471824,0,
2026-05-16T15:33:06.454930,POST,/api/articles/analyze/,2.74,58,0,
2026-05-16T15:33:06.463686,POST,/api/articles/analyze/,2.45,58,0,
2026-05-16T15:33:06.472066,GET,/api/articles/list/small/,5.15,23002,0,
2026-05-16T15:33:06.495267,GET,/api/articles/list/small/,5.99,23002,0,
2026-05-16T15:33:06.500889,GET,/api/articles/list/large/,33.47,471824,0,
2026-05-16T15:33:06.513800,POST,/api/articles/analyze/,2.7,58,0,
2026-05-16T15:33:06.531259,GET,/api/articles/list/large/,33.77,471824,0,
2026-05-16T15:33:06.534611,GET,/api/articles/list/small/,5.59,23002,0,
2026-05-16T15:33:06.570404,GET,/api/articles/list/small/,4.42,23002,0,
2026-05-16T15:33:06.607342,POST,/api/articles/analyze/,3.59,58,0,
2026-05-16T15:33:06.609315,GET,/api/articles/list/large/,33.56,471824,0,
2026-05-16T15:33:06.609821,GET,/api/articles/list/small/,6.64,23002,0,
2026-05-16T15:33:06.616741,POST,/api/articles/analyze/,2.74,58,0,
2026-05-16T15:33:06.631275,GET,/api/articles/list/large/,34.82,471824,0,
2026-05-16T15:33:06.638078,GET,/api/articles/list/large/,33.87,471824,0,
2026-05-16T15:33:06.660155,GET,/api/articles/list/small/,9.07,23002,0,
2026-05-16T15:33:07.211767,GET,/api/articles/list/large/,40.87,471824,0,
2026-05-16T15:33:07.225610,POST,/api/articles/analyze/,2.78,58,0,
2026-05-16T15:33:07.250024,GET,/api/articles/list/small/,4.62,23002,0,
2026-05-16T15:33:07.257288,GET,/api/articles/list/large/,35.08,471824,0,
2026-05-16T15:33:07.267482,GET,/api/articles/list/large/,37.65,471824,0,
2026-05-16T15:33:07.269192,GET,/api/articles/list/small/,4.63,23002,0,
2026-05-16T15:33:07.318639,POST,/api/articles/bulk/,7.54,34,0,
2026-05-16T15:33:07.324506,POST,/api/articles/bulk/,7.31,34,0,
2026-05-16T15:33:07.338951,GET,/api/articles/list/small/,5.12,23002,0,
2026-05-16T15:33:07.353424,GET,/api/articles/list/small/,4.44,23002,0,
2026-05-16T15:33:07.362897,GET,/api/articles/list/small/,4.29,23002,0,
2026-05-16T15:33:07.377233,GET,/api/articles/list/large/,35.06,471824,0,
2026-05-16T15:33:07.383344,POST,/api/articles/bulk/,8.19,34,0,
2026-05-16T15:33:07.391046,POST,/api/articles/analyze/,2.62,58,0,
2026-05-16T15:33:07.392701,POST,/api/articles/bulk/,7.1,34,0,
2026-05-16T15:33:07.401347,POST,/api/articles/analyze/,2.46,58,0,
2026-05-16T15:33:07.407165,POST,/api/articles/analyze/,3.53,58,0,
2026-05-16T15:33:07.411829,POST,/api/articles/bulk/,7.06,34,0,
2026-05-16T15:33:07.448134,GET,/api/articles/list/small/,11.34,23002,0,
2026-05-16T15:33:07.448924,GET,/api/articles/list/small/,7.39,23002,0,
2026-05-16T15:33:07.450267,POST,/api/articles/bulk/,19.63,34,0,
2026-05-16T15:33:07.450696,POST,/api/articles/analyze/,3.61,58,0,
2026-05-16T15:33:07.461610,POST,/api/articles/analyze/,3.72,58,0,
2026-05-16T15:33:07.468321,POST,/api/articles/bulk/,7.99,34,0,
2026-05-16T15:33:07.476369,GET,/api/articles/list/large/,37.21,471824,0,
2026-05-16T15:33:07.477597,GET,/api/articles/list/large/,43.38,471824,0,
2026-05-16T15:33:07.478900,GET,/api/articles/list/large/,37.91,471824,0,
2026-05-16T15:33:07.485745,GET,/api/articles/list/small/,4.49,23002,0,
2026-05-16T15:33:07.497916,POST,/api/articles/bulk/,7.44,34,0,
2026-05-16T15:33:07.498362,POST,/api/articles/analyze/,4.13,58,0,
2026-05-16T15:33:07.498814,POST,/api/articles/analyze/,5.1,58,0,
2026-05-16T15:33:07.509329,GET,/api/articles/list/small/,4.29,23002,0,
2026-05-16T15:33:07.517425,POST,/api/articles/bulk/,6.88,34,0,
2026-05-16T15:33:07.525106,GET,/api/articles/list/large/,35.09,471824,0,
2026-05-16T15:33:07.525643,GET,/api/articles/list/small/,4.52,23002,0,
2026-05-16T15:33:07.544292,GET,/api/articles/list/small/,5.44,23002,0,
2026-05-16T15:33:07.547406,POST,/api/articles/bulk/,7.49,34,0,
2026-05-16T15:33:07.550850,POST,/api/articles/bulk/,8.06,34,0,
2026-05-16T15:33:07.551973,GET,/api/articles/list/large/,33.3,471824,0,
2026-05-16T15:33:07.560586,GET,/api/articles/list/small/,4.77,23002,0,
2026-05-16T15:33:07.565633,POST,/api/articles/bulk/,7.12,34,0,
2026-05-16T15:33:07.573919,POST,/api/articles/analyze/,3.08,58,0,
2026-05-16T15:33:07.574334,POST,/api/articles/analyze/,3.01,58,0,
2026-05-16T15:33:07.581800,GET,/api/articles/list/small/,4.18,23002,0,
2026-05-16T15:33:07.589472,GET,/api/articles/list/large/,34.15,471824,0,
2026-05-16T15:33:07.590465,POST,/api/articles/bulk/,7.47,34,0,
2026-05-16T15:33:07.609213,POST,/api/articles/bulk/,9.08,34,0,
2026-05-16T15:33:07.609639,POST,/api/articles/bulk/,8.26,34,0,
2026-05-16T15:33:07.613042,GET,/api/articles/list/small/,4.94,23002,0,
2026-05-16T15:33:07.619442,GET,/api/articles/list/large/,33.63,471824,0,
2026-05-16T15:33:07.623509,POST,/api/articles/analyze/,2.78,58,0,
2026-05-16T15:33:07.628825,POST,/api/articles/analyze/,3.07,58,0,
2026-05-16T15:33:07.631754,GET,/api/articles/list/large/,34.09,471824,0,
2026-05-16T15:33:07.648302,POST,/api/articles/bulk/,7.3,34,0,
2026-05-16T15:33:07.661921,GET,/api/articles/list/large/,33.92,471824,0,
2026-05-16T15:33:07.703822,POST,/api/articles/bulk/,7.56,34,0,
2026-05-16T15:33:07.723685,POST,/api/articles/bulk/,7.58,34,0,
2026-05-16T15:33:07.732312,POST,/api/articles/analyze/,3.21,58,0,
2026-05-16T15:33:07.732950,POST,/api/articles/analyze/,2.56,58,0,
2026-05-16T15:33:07.739723,POST,/api/articles/analyze/,2.47,58,0,
2026-05-16T15:33:07.756791,GET,/api/articles/list/small/,4.34,23002,0,
2026-05-16T15:33:07.765885,GET,/api/articles/list/small/,4.88,23002,0,
2026-05-16T15:33:07.767171,GET,/api/articles/list/small/,4.13,23002,0,
2026-05-16T15:33:07.780661,GET,/api/articles/list/large/,33.74,471824,0,
2026-05-16T15:33:07.781729,GET,/api/articles/list/small/,4.82,23002,0,
2026-05-16T15:33:07.795292,GET,/api/articles/list/small/,5.34,23002,0,
2026-05-16T15:33:07.796451,GET,/api/articles/list/large/,34.96,471824,0,
2026-05-16T15:33:07.803599,GET,/api/articles/list/large/,37.59,471824,0,
2026-05-16T15:33:07.826964,GET,/api/articles/list/small/,7.51,23002,0,
2026-05-16T15:33:07.830008,POST,/api/articles/bulk/,9.6,34,0,
2026-05-16T15:33:07.830447,POST,/api/articles/bulk/,8.89,34,0,
2026-05-16T15:33:07.831352,GET,/api/articles/list/large/,33.7,471824,0,
2026-05-16T15:33:07.839018,GET,/api/articles/list/small/,4.49,23002,0,
2026-05-16T15:33:07.849805,GET,/api/articles/list/large/,33.93,471824,0,
2026-05-16T15:33:07.866822,POST,/api/articles/bulk/,7.36,34,0,
2026-05-16T15:33:07.868969,POST,/api/articles/analyze/,3.21,58,0,
2026-05-16T15:33:07.870250,GET,/api/articles/list/small/,4.96,23002,0,
2026-05-16T15:33:07.883011,GET,/api/articles/list/small/,4.58,23002,0,
2026-05-16T15:33:07.884230,GET,/api/articles/list/large/,34.29,471824,0,
2026-05-16T15:33:07.885674,GET,/api/articles/list/small/,4.55,23002,0,
2026-05-16T15:33:07.897941,POST,/api/articles/bulk/,7.61,34,0,
2026-05-16T15:33:07.904035,POST,/api/articles/analyze/,2.84,58,0,
2026-05-16T15:33:07.913818,POST,/api/articles/bulk/,7.55,34,0,
2026-05-16T15:33:07.921089,GET,/api/articles/list/large/,36.58,471824,0,
2026-05-16T15:33:07.933314,POST,/api/articles/bulk/,15.28,34,0,
2026-05-16T15:33:07.934246,POST,/api/articles/bulk/,12.11,34,0,
2026-05-16T15:33:07.969819,GET,/api/articles/list/large/,33.37,471824,0,
2026-05-16T15:33:07.973142,GET,/api/articles/list/large/,33.76,471824,0,
2026-05-16T15:33:07.978202,GET,/api/articles/list/large/,39.27,471824,0,
2026-05-16T15:33:07.979304,POST,/api/articles/analyze/,3.9,58,0,
2026-05-16T15:33:07.996856,POST,/api/articles/analyze/,2.75,58,0,
2026-05-16T15:33:08.005317,POST,/api/articles/bulk/,7.23,34,0,
2026-05-16T15:33:08.007942,GET,/api/articles/list/small/,4.4,23002,0,
2026-05-16T15:33:08.009077,POST,/api/articles/bulk/,7.24,34,0,
2026-05-16T15:33:08.012446,GET,/api/articles/list/large/,34.11,471824,0,
2026-05-16T15:33:08.051533,GET,/api/articles/list/small/,4.38,23002,0,
2026-05-16T15:33:08.056616,GET,/api/articles/list/large/,33.82,471824,0,
2026-05-16T15:33:08.073930,GET,/api/articles/list/large/,33.4,471824,0,
2026-05-16T15:33:08.083565,POST,/api/articles/bulk/,7.38,34,0,
2026-05-16T15:33:08.096410,GET,/api/articles/list/large/,33.58,471824,0,
2026-05-16T15:33:08.098035,POST,/api/articles/analyze/,3.84,58,0,
2026-05-16T15:33:08.110093,GET,/api/articles/list/small/,4.8,23002,0,
2026-05-16T15:33:08.114371,GET,/api/articles/list/large/,34.29,471824,0,
2026-05-16T15:33:08.116222,POST,/api/articles/bulk/,7.44,34,0,
2026-05-16T15:33:08.117765,GET,/api/articles/list/small/,5.27,23002,0,
2026-05-16T15:33:08.122850,GET,/api/articles/list/large/,34.06,471824,0,
2026-05-16T15:33:08.124587,POST,/api/articles/analyze/,3.63,58,0,
2026-05-16T15:33:08.148309,POST,/api/articles/bulk/,7.29,34,0,
2026-05-16T15:33:08.149977,POST,/api/articles/bulk/,7.04,34,0,
2026-05-16T15:33:08.180468,POST,/api/articles/analyze/,14.08,58,0,
2026-05-16T15:33:08.182651,POST,/api/articles/analyze/,4.67,58,0,
2026-05-16T15:33:08.183135,POST,/api/articles/analyze/,9.83,58,0,
2026-05-16T15:33:08.184536,GET,/api/articles/list/small/,8.74,23002,0,
2026-05-16T15:33:08.200943,POST,/api/articles/bulk/,7.24,34,0,
2026-05-16T15:33:08.216625,GET,/api/articles/list/small/,4.62,23002,0,
2026-05-16T15:33:08.229090,POST,/api/articles/analyze/,3.18,58,0,
2026-05-16T15:33:08.241678,POST,/api/articles/analyze/,2.9,58,0,
2026-05-16T15:33:08.248330,GET,/api/articles/list/large/,41.16,471824,0,
2026-05-16T15:33:08.269895,GET,/api/articles/list/large/,33.57,471824,0,
2026-05-16T15:33:08.270446,GET,/api/articles/list/small/,4.88,23002,0,
2026-05-16T15:33:08.276651,POST,/api/articles/analyze/,2.84,58,0,
2026-05-16T15:33:08.296603,POST,/api/articles/analyze/,3.21,58,0,
2026-05-16T15:33:08.297838,POST,/api/articles/analyze/,3.43,58,0,
2026-05-16T15:33:08.303856,POST,/api/articles/bulk/,7.12,34,0,
2026-05-16T15:33:08.320817,GET,/api/articles/list/large/,32.81,471824,0,
2026-05-16T15:33:08.342975,GET,/api/articles/list/small/,5.09,23002,0,
2026-05-16T15:33:08.343584,GET,/api/articles/list/small/,6.26,23002,0,
2026-05-16T15:33:08.345213,POST,/api/articles/analyze/,3.24,58,0,
2026-05-16T15:33:08.351906,GET,/api/articles/list/small/,4.34,23002,0,
2026-05-16T15:33:08.383498,GET,/api/articles/list/small/,4.43,23002,0,
2026-05-16T15:33:08.385142,GET,/api/articles/list/small/,4.32,23002,0,
2026-05-16T15:33:08.386169,POST,/api/articles/bulk/,8.06,34,0,
2026-05-16T15:33:08.402725,POST,/api/articles/analyze/,3.22,58,0,
2026-05-16T15:33:08.404203,POST,/api/articles/analyze/,2.76,58,0,
2026-05-16T15:33:08.422058,POST,/api/articles/bulk/,12.62,34,0,
2026-05-16T15:33:08.441805,GET,/api/articles/list/large/,41.0,471824,0,
2026-05-16T15:33:08.446863,POST,/api/articles/analyze/,2.66,58,0,
2026-05-16T15:33:08.470997,POST,/api/articles/bulk/,7.75,34,0,
2026-05-16T15:33:08.475115,GET,/api/articles/list/small/,5.02,23002,0,
2026-05-16T15:33:08.476860,POST,/api/articles/analyze/,2.69,58,0,
2026-05-16T15:33:08.489816,POST,/api/articles/analyze/,2.58,58,0,
2026-05-16T15:33:08.501239,POST,/api/articles/bulk/,7.21,34,0,
2026-05-16T15:33:08.540364,GET,/api/articles/list/large/,33.75,471824,0,
2026-05-16T15:33:08.553471,POST,/api/articles/bulk/,7.38,34,0,
2026-05-16T15:33:08.575573,POST,/api/articles/bulk/,7.86,34,0,
2026-05-16T15:33:08.580554,GET,/api/articles/list/large/,34.99,471824,0,
2026-05-16T15:33:08.589977,POST,/api/articles/bulk/,7.11,34,0,
2026-05-16T15:33:08.606674,GET,/api/articles/list/small/,4.37,23002,0,
2026-05-16T15:33:08.614110,GET,/api/articles/list/small/,4.17,23002,0,
2026-05-16T15:33:08.621898,POST,/api/articles/analyze/,2.42,58,0,
2026-05-16T15:33:08.635257,POST,/api/articles/analyze/,2.96,58,0,
2026-05-16T15:33:08.648858,POST,/api/articles/analyze/,3.35,58,0,
2026-05-16T15:33:08.662092,POST,/api/articles/analyze/,2.66,58,0,
2026-05-16T15:33:08.672625,GET,/api/articles/list/small/,4.31,23002,0,
2026-05-16T15:33:08.682232,GET,/api/articles/list/large/,34.38,471824,0,
2026-05-16T15:33:08.690672,POST,/api/articles/bulk/,8.24,34,0,
2026-05-16T15:33:08.694572,GET,/api/articles/list/small/,7.84,23002,0,
2026-05-16T15:33:08.710236,GET,/api/articles/list/large/,33.39,471824,0,
2026-05-16T15:33:08.717328,GET,/api/articles/list/large/,36.52,471824,0,
2026-05-16T15:33:08.718483,GET,/api/articles/list/large/,39.22,471824,0,
2026-05-16T15:33:08.719639,GET,/api/articles/list/large/,36.43,471824,0,
2026-05-16T15:33:08.755236,POST,/api/articles/bulk/,7.93,34,0,
2026-05-16T15:33:08.774929,GET,/api/articles/list/small/,4.63,23002,0,
2026-05-16T15:33:08.789076,POST,/api/articles/bulk/,9.84,34,0,
2026-05-16T15:33:08.806066,GET,/api/articles/list/large/,41.43,471824,0,
2026-05-16T15:33:08.810730,POST,/api/articles/bulk/,8.11,34,0,
2026-05-16T15:33:08.811760,GET,/api/articles/list/small/,4.7,23002,0,
2026-05-16T15:33:08.814038,POST,/api/articles/bulk/,7.81,34,0,
2026-05-16T15:33:08.829857,GET,/api/articles/list/large/,37.44,471824,0,
2026-05-16T15:33:08.835852,GET,/api/articles/list/large/,35.8,471824,0,
2026-05-16T15:33:08.837824,POST,/api/articles/bulk/,7.81,34,0,
2026-05-16T15:33:08.855713,POST,/api/articles/bulk/,8.45,34,0,
2026-05-16T15:33:08.906473,GET,/api/articles/list/small/,6.22,23002,0,
2026-05-16T15:33:08.907191,GET,/api/articles/list/small/,6.35,23002,0,
2026-05-16T15:33:08.911203,GET,/api/articles/list/small/,5.76,23002,0,
2026-05-16T15:33:08.946961,POST,/api/articles/analyze/,2.94,58,0,
2026-05-16T15:33:08.978250,POST,/api/articles/bulk/,7.92,34,0,
2026-05-16T15:33:08.980689,GET,/api/articles/list/small/,4.75,23002,0,
2026-05-16T15:33:08.988883,POST,/api/articles/bulk/,8.07,34,0,
2026-05-16T15:33:08.992071,GET,/api/articles/list/small/,7.5,23002,0,
2026-05-16T15:33:08.997652,GET,/api/articles/list/small/,4.17,23002,0,
2026-05-16T15:33:09.006008,GET,/api/articles/list/large/,36.54,471824,0,
2026-05-16T15:33:09.030231,GET,/api/articles/list/large/,38.01,471824,0,
2026-05-16T15:33:09.082829,GET,/api/articles/list/small/,4.19,23002,0,
2026-05-16T15:33:09.085029,GET,/api/articles/list/large/,33.58,471824,0,
2026-05-16T15:33:09.085476,POST,/api/articles/bulk/,8.48,34,0,
2026-05-16T15:33:09.116215,POST,/api/articles/bulk/,7.49,34,0,
2026-05-16T15:33:09.130989,POST,/api/articles/bulk/,7.39,34,0,
2026-05-16T15:33:09.152435,POST,/api/articles/analyze/,2.73,58,0,
2026-05-16T15:33:09.157032,POST,/api/articles/bulk/,8.11,34,0,
2026-05-16T15:33:09.167928,GET,/api/articles/list/large/,33.55,471824,0,
2026-05-16T15:33:09.181537,POST,/api/articles/analyze/,2.59,58,0,
2026-05-16T15:33:09.182772,GET,/api/articles/list/small/,4.93,23002,0,
2026-05-16T15:33:09.202109,GET,/api/articles/list/small/,5.12,23002,0,
2026-05-16T15:33:09.202584,GET,/api/articles/list/small/,5.11,23002,0,
2026-05-16T15:33:09.203754,GET,/api/articles/list/large/,34.46,471824,0,
2026-05-16T15:33:09.218794,POST,/api/articles/analyze/,2.68,58,0,
2026-05-16T15:33:09.236701,GET,/api/articles/list/small/,4.53,23002,0,
2026-05-16T15:33:09.245317,GET,/api/articles/list/small/,4.29,23002,0,
2026-05-16T15:33:09.256654,POST,/api/articles/bulk/,6.96,34,0,
2026-05-16T15:33:09.279232,POST,/api/articles/bulk/,7.32,34,0,
2026-05-16T15:33:09.289544,GET,/api/articles/list/large/,37.05,471824,0,
2026-05-16T15:33:09.292981,GET,/api/articles/list/small/,5.03,23002,0,
2026-05-16T15:33:09.300771,POST,/api/articles/analyze/,3.79,58,0,
2026-05-16T15:33:09.303688,POST,/api/articles/analyze/,4.27,58,0,
2026-05-16T15:33:09.304920,POST,/api/articles/bulk/,8.72,34,0,
2026-05-16T15:33:09.308344,GET,/api/articles/list/small/,5.95,23002,0,
2026-05-16T15:33:09.309452,POST,/api/articles/bulk/,8.36,34,0,
2026-05-16T15:33:09.311511,POST,/api/articles/bulk/,7.69,34,0,
2026-05-16T15:33:09.314452,GET,/api/articles/list/large/,33.99,471824,0,
2026-05-16T15:33:09.316265,POST,/api/articles/analyze/,3.53,58,0,
2026-05-16T15:33:09.319837,POST,/api/articles/analyze/,2.4,58,0,
2026-05-16T15:33:09.325243,GET,/api/articles/list/small/,4.2,23002,0,
2026-05-16T15:33:09.333087,POST,/api/articles/analyze/,2.66,58,0,
2026-05-16T15:33:09.335309,GET,/api/articles/list/large/,35.36,471824,0,
2026-05-16T15:33:09.345859,POST,/api/articles/bulk/,7.66,34,0,
2026-05-16T15:33:09.362311,POST,/api/articles/bulk/,10.03,34,0,
2026-05-16T15:33:09.364951,POST,/api/articles/analyze/,4.88,58,0,
2026-05-16T15:33:09.370381,POST,/api/articles/analyze/,2.53,58,0,
2026-05-16T15:33:09.379730,GET,/api/articles/list/small/,4.67,23002,0,
2026-05-16T15:33:09.392488,GET,/api/articles/list/large/,35.27,471824,0,
2026-05-16T15:33:09.400937,GET,/api/articles/list/large/,34.73,471824,0,
2026-05-16T15:33:09.405344,GET,/api/articles/list/large/,33.73,471824,0,
2026-05-16T15:33:09.405838,GET,/api/articles/list/small/,7.09,23002,0,
2026-05-16T15:33:09.437778,POST,/api/articles/analyze/,2.77,58,0,
2026-05-16T15:33:09.455435,GET,/api/articles/list/large/,34.22,471824,0,
2026-05-16T15:33:09.463921,POST,/api/articles/bulk/,8.27,34,0,
2026-05-16T15:33:09.464384,POST,/api/articles/bulk/,7.97,34,0,
2026-05-16T15:33:09.473273,POST,/api/articles/bulk/,7.33,34,0,
2026-05-16T15:33:09.496734,GET,/api/articles/list/large/,34.0,471824,0,
2026-05-16T15:33:09.512252,POST,/api/articles/bulk/,8.25,34,0,
2026-05-16T15:33:09.515068,GET,/api/articles/list/large/,33.58,471824,0,
2026-05-16T15:33:09.516438,GET,/api/articles/list/small/,5.63,23002,0,
2026-05-16T15:33:09.516913,GET,/api/articles/list/small/,5.59,23002,0,
2026-05-16T15:33:09.521984,GET,/api/articles/list/large/,35.09,471824,0,
2026-05-16T15:33:09.522447,POST,/api/articles/bulk/,13.65,34,0,
2026-05-16T15:33:09.524093,POST,/api/articles/analyze/,3.97,58,0,
2026-05-16T15:33:09.551587,GET,/api/articles/list/small/,4.46,23002,0,
2026-05-16T15:33:09.560394,GET,/api/articles/list/small/,4.59,23002,0,
2026-05-16T15:33:09.564055,GET,/api/articles/list/large/,33.64,471824,0,
2026-05-16T15:33:09.570748,POST,/api/articles/analyze/,3.28,58,0,
2026-05-16T15:33:09.572668,GET,/api/articles/list/small/,4.66,23002,0,
2026-05-16T15:33:09.585730,POST,/api/articles/analyze/,2.78,58,0,
2026-05-16T15:33:09.597986,GET,/api/articles/list/small/,7.07,23002,0,
2026-05-16T15:33:09.600569,GET,/api/articles/list/small/,6.9,23002,0,
2026-05-16T15:33:09.601354,GET,/api/articles/list/small/,5.83,23002,0,
2026-05-16T15:33:09.601744,POST,/api/articles/bulk/,9.24,34,0,
2026-05-16T15:33:09.605696,POST,/api/articles/analyze/,2.73,58,0,
2026-05-16T15:33:09.615578,GET,/api/articles/list/small/,4.92,23002,0,
2026-05-16T15:33:09.617884,POST,/api/articles/bulk/,8.5,34,0,
2026-05-16T15:33:09.624772,GET,/api/articles/list/small/,5.62,23002,0,
2026-05-16T15:33:09.630212,GET,/api/articles/list/large/,41.2,471824,0,
2026-05-16T15:33:09.631485,POST,/api/articles/bulk/,9.78,34,0,
2026-05-16T15:33:09.634388,POST,/api/articles/analyze/,6.35,58,0,
2026-05-16T15:33:09.635096,POST,/api/articles/analyze/,2.97,58,0,
2026-05-16T15:33:09.647957,GET,/api/articles/list/large/,39.94,471824,0,
2026-05-16T15:33:09.671364,GET,/api/articles/list/large/,35.06,471824,0,
2026-05-16T15:33:09.681875,GET,/api/articles/list/small/,5.19,23002,0,
2026-05-16T15:33:09.704786,POST,/api/articles/bulk/,9.58,34,0,
2026-05-16T15:33:09.728663,POST,/api/articles/analyze/,2.84,58,0,
2026-05-16T15:33:09.733393,POST,/api/articles/bulk/,9.26,34,0,
2026-05-16T15:33:09.759467,GET,/api/articles/list/small/,4.82,23002,0,
2026-05-16T15:33:09.777066,GET,/api/articles/list/large/,35.09,471824,0,
2026-05-16T15:33:09.802563,POST,/api/articles/bulk/,7.29,34,0,
2026-05-16T15:33:09.817943,GET,/api/articles/list/small/,5.05,23002,0,
2026-05-16T15:33:09.821097,POST,/api/articles/analyze/,4.1,58,0,
2026-05-16T15:33:09.824025,GET,/api/articles/list/large/,35.55,471824,0,
2026-05-16T15:33:09.832179,POST,/api/articles/bulk/,7.95,34,0,
2026-05-16T15:33:09.848768,GET,/api/articles/list/large/,34.16,471824,0,
2026-05-16T15:33:09.855069,GET,/api/articles/list/small/,4.92,23002,0,
2026-05-16T15:33:09.865534,POST,/api/articles/bulk/,7.12,34,0,
2026-05-16T15:33:09.869858,GET,/api/articles/list/small/,4.17,23002,0,
2026-05-16T15:33:09.877503,POST,/api/articles/analyze/,2.45,58,0,
2026-05-16T15:33:09.882948,GET,/api/articles/list/small/,5.34,23002,0,
2026-05-16T15:33:09.885445,POST,/api/articles/bulk/,7.41,34,0,
2026-05-16T15:33:09.887705,POST,/api/articles/analyze/,3.14,58,0,
2026-05-16T15:33:09.904759,POST,/api/articles/bulk/,7.8,34,0,
2026-05-16T15:33:09.907077,POST,/api/articles/analyze/,3.37,58,0,
2026-05-16T15:33:09.910853,POST,/api/articles/bulk/,7.95,34,0,
2026-05-16T15:33:09.923963,GET,/api/articles/list/large/,38.27,471824,0,
2026-05-16T15:33:09.926356,POST,/api/articles/analyze/,4.29,58,0,
2026-05-16T15:33:09.932016,POST,/api/articles/analyze/,2.6,58,0,
2026-05-16T15:33:09.944054,POST,/api/articles/bulk/,7.65,34,0,
2026-05-16T15:33:09.949233,GET,/api/articles/list/small/,6.12,23002,0,
2026-05-16T15:33:09.960565,POST,/api/articles/bulk/,12.99,34,0,
2026-05-16T15:33:09.961584,GET,/api/articles/list/large/,34.65,471824,0,
2026-05-16T15:33:09.962167,GET,/api/articles/list/large/,36.65,471824,0,
2026-05-16T15:33:09.977655,GET,/api/articles/list/large/,36.57,471824,0,
2026-05-16T15:33:09.978856,GET,/api/articles/list/large/,36.2,471824,0,
2026-05-16T15:33:09.991549,GET,/api/articles/list/large/,43.16,471824,0,
2026-05-16T15:33:10.036816,GET,/api/articles/list/large/,33.92,471824,0,
2026-05-16T15:33:10.042906,POST,/api/articles/bulk/,8.44,34,0,
2026-05-16T15:33:10.060672,GET,/api/articles/list/small/,4.56,23002,0,
2026-05-16T15:33:10.072246,GET,/api/articles/list/large/,33.67,471824,0,
2026-05-16T15:33:10.082765,POST,/api/articles/analyze/,2.71,58,0,
2026-05-16T15:33:10.083219,POST,/api/articles/analyze/,3.72,58,0,
2026-05-16T15:33:10.091160,POST,/api/articles/analyze/,3.73,58,0,
2026-05-16T15:33:10.093695,GET,/api/articles/list/large/,33.98,471824,0,
2026-05-16T15:33:10.094948,POST,/api/articles/bulk/,7.05,34,0,
2026-05-16T15:33:10.101708,POST,/api/articles/bulk/,7.89,34,0,
2026-05-16T15:33:10.113177,POST,/api/articles/analyze/,3.1,58,0,
2026-05-16T15:33:10.141725,POST,/api/articles/bulk/,8.67,34,0,
2026-05-16T15:33:10.142732,POST,/api/articles/bulk/,7.64,34,0,
2026-05-16T15:33:10.146972,GET,/api/articles/list/large/,34.67,471824,0,
2026-05-16T15:33:10.154550,POST,/api/articles/bulk/,9.75,34,0,
2026-05-16T15:33:10.156721,POST,/api/articles/analyze/,3.24,58,0,
2026-05-16T15:33:10.158974,GET,/api/articles/list/small/,4.3,23002,0,
2026-05-16T15:33:10.165446,POST,/api/articles/analyze/,3.27,58,0,
2026-05-16T15:33:10.168648,GET,/api/articles/list/large/,34.79,471824,0,
2026-05-16T15:33:10.169182,GET,/api/articles/list/small/,4.72,23002,0,
2026-05-16T15:33:10.176249,GET,/api/articles/list/large/,34.39,471824,0,
2026-05-16T15:33:10.179132,POST,/api/articles/analyze/,2.74,58,0,
2026-05-16T15:33:10.186799,GET,/api/articles/list/large/,39.68,471824,0,
2026-05-16T15:33:10.202343,GET,/api/articles/list/large/,35.55,471824,0,
2026-05-16T15:33:10.205430,GET,/api/articles/list/large/,33.71,471824,0,
2026-05-16T15:33:10.208921,GET,/api/articles/list/small/,5.32,23002,0,
2026-05-16T15:33:10.216921,POST,/api/articles/bulk/,7.88,34,0,
2026-05-16T15:33:10.218334,GET,/api/articles/list/small/,5.43,23002,0,
2026-05-16T15:33:10.245941,POST,/api/articles/bulk/,7.68,34,0,
2026-05-16T15:33:10.256954,GET,/api/articles/list/large/,34.28,471824,0,
2026-05-16T15:33:10.281303,GET,/api/articles/list/small/,6.1,23002,0,
2026-05-16T15:33:10.301663,POST,/api/articles/bulk/,8.36,34,0,
2026-05-16T15:33:10.314961,GET,/api/articles/list/large/,35.11,471824,0,
2026-05-16T15:33:10.319988,POST,/api/articles/bulk/,9.07,34,0,
2026-05-16T15:33:10.368387,POST,/api/articles/analyze/,3.86,58,0,
2026-05-16T15:33:10.386435,POST,/api/articles/analyze/,3.41,58,0,
2026-05-16T15:33:10.409797,GET,/api/articles/list/small/,4.41,23002,0,
2026-05-16T15:33:10.423176,POST,/api/articles/bulk/,9.2,34,0,
2026-05-16T15:33:10.440029,GET,/api/articles/list/large/,35.22,471824,0,
2026-05-16T15:33:10.472158,GET,/api/articles/list/small/,6.19,23002,0,
2026-05-16T15:33:10.492278,GET,/api/articles/list/large/,52.08,471824,0,
2026-05-16T15:33:10.508212,GET,/api/articles/list/small/,5.59,23002,0,
2026-05-16T15:33:10.513420,POST,/api/articles/analyze/,4.82,58,0,
2026-05-16T15:33:10.514454,GET,/api/articles/list/small/,7.69,23002,0,
2026-05-16T15:33:10.519332,GET,/api/articles/list/large/,52.04,471824,0,
2026-05-16T15:33:10.519934,POST,/api/articles/bulk/,8.76,34,0,
2026-05-16T15:33:10.521168,GET,/api/articles/list/large/,45.68,471824,0,
2026-05-16T15:33:10.534204,GET,/api/articles/list/small/,4.57,23002,0,
2026-05-16T15:33:10.546545,GET,/api/articles/list/small/,5.6,23002,0,
2026-05-16T15:33:10.562384,POST,/api/articles/analyze/,3.54,58,0,
2026-05-16T15:33:10.571577,POST,/api/articles/bulk/,7.83,34,0,
2026-05-16T15:33:10.585329,GET,/api/articles/list/small/,4.46,23002,0,
2026-05-16T15:33:10.603306,GET,/api/articles/list/large/,35.75,471824,0,
2026-05-16T15:33:10.603789,POST,/api/articles/bulk/,8.2,34,0,
2026-05-16T15:33:10.608925,POST,/api/articles/analyze/,2.55,58,0,
2026-05-16T15:33:10.624107,GET,/api/articles/list/small/,4.44,23002,0,
2026-05-16T15:33:10.638225,GET,/api/articles/list/large/,36.88,471824,0,
2026-05-16T15:33:10.641694,POST,/api/articles/analyze/,3.3,58,0,
2026-05-16T15:33:10.650323,GET,/api/articles/list/large/,38.13,471824,0,
2026-05-16T15:33:10.656703,POST,/api/articles/bulk/,9.04,34,0,
2026-05-16T15:33:10.658625,GET,/api/articles/list/large/,36.39,471824,0,
2026-05-16T15:33:10.672653,GET,/api/articles/list/large/,37.27,471824,0,
2026-05-16T15:33:10.693497,GET,/api/articles/list/small/,5.37,23002,0,
2026-05-16T15:33:10.694216,GET,/api/articles/list/small/,4.65,23002,0,
2026-05-16T15:33:10.711298,POST,/api/articles/bulk/,8.84,34,0,
2026-05-16T15:33:10.711731,POST,/api/articles/bulk/,7.68,34,0,
2026-05-16T15:33:10.725669,POST,/api/articles/bulk/,7.63,34,0,
2026-05-16T15:33:10.737013,GET,/api/articles/list/small/,4.86,23002,0,
2026-05-16T15:33:10.758720,POST,/api/articles/bulk/,7.89,34,0,
2026-05-16T15:33:10.760368,POST,/api/articles/analyze/,3.4,58,0,
2026-05-16T15:33:10.772965,POST,/api/articles/analyze/,2.87,58,0,
2026-05-16T15:33:10.780999,POST,/api/articles/analyze/,2.96,58,0,
2026-05-16T15:33:10.785280,POST,/api/articles/bulk/,8.08,34,0,
2026-05-16T15:33:10.798976,GET,/api/articles/list/large/,35.25,471824,0,
2026-05-16T15:33:10.826872,POST,/api/articles/bulk/,7.53,34,0,
2026-05-16T15:33:10.829428,POST,/api/articles/analyze/,2.43,58,0,
2026-05-16T15:33:10.854450,GET,/api/articles/list/large/,35.94,471824,0,
2026-05-16T15:33:10.854979,POST,/api/articles/analyze/,3.3,58,0,
2026-05-16T15:33:10.867741,POST,/api/articles/analyze/,3.34,58,0,
2026-05-16T15:33:10.869710,GET,/api/articles/list/small/,4.78,23002,0,
2026-05-16T15:33:10.892576,POST,/api/articles/bulk/,8.64,34,0,
2026-05-16T15:33:10.943150,GET,/api/articles/list/small/,4.38,23002,0,
2026-05-16T15:33:10.943606,GET,/api/articles/list/small/,6.17,23002,0,
2026-05-16T15:33:10.956955,POST,/api/articles/analyze/,2.73,58,0,
2026-05-16T15:33:10.958864,GET,/api/articles/list/small/,5.12,23002,0,
2026-05-16T15:33:10.971522,GET,/api/articles/list/large/,34.63,471824,0,
2026-05-16T15:33:10.982050,POST,/api/articles/bulk/,8.28,34,0,
2026-05-16T15:33:10.982913,POST,/api/articles/analyze/,2.7,58,0,
2026-05-16T15:33:10.984796,POST,/api/articles/bulk/,7.3,34,0,
2026-05-16T15:33:10.997387,GET,/api/articles/list/large/,33.3,471824,0,
2026-05-16T15:33:11.000954,POST,/api/articles/analyze/,3.41,58,0,
2026-05-16T15:33:11.008500,GET,/api/articles/list/small/,4.26,23002,0,
2026-05-16T15:33:11.009670,GET,/api/articles/list/large/,35.06,471824,0,
2026-05-16T15:33:11.024166,POST,/api/articles/analyze/,2.79,58,0,
2026-05-16T15:33:11.031519,GET,/api/articles/list/large/,33.47,471824,0,
2026-05-16T15:33:11.049076,POST,/api/articles/analyze/,3.23,58,0,
2026-05-16T15:33:11.050535,POST,/api/articles/bulk/,7.77,34,0,
2026-05-16T15:33:11.056165,GET,/api/articles/list/large/,35.27,471824,0,
2026-05-16T15:33:11.056696,GET,/api/articles/list/small/,4.9,23002,0,
2026-05-16T15:33:11.057069,POST,/api/articles/bulk/,9.09,34,0,
2026-05-16T15:33:11.066552,GET,/api/articles/list/small/,4.19,23002,0,
2026-05-16T15:33:11.104706,POST,/api/articles/analyze/,2.91,58,0,
2026-05-16T15:33:11.139949,POST,/api/articles/bulk/,7.4,34,0,
2026-05-16T15:33:11.155031,POST,/api/articles/bulk/,7.16,34,0,
2026-05-16T15:33:11.161299,GET,/api/articles/list/large/,37.22,471824,0,
2026-05-16T15:33:11.175709,GET,/api/articles/list/large/,33.45,471824,0,
2026-05-16T15:33:11.177863,POST,/api/articles/bulk/,7.81,34,0,
2026-05-16T15:33:11.184485,POST,/api/articles/bulk/,7.73,34,0,
2026-05-16T15:33:11.194119,POST,/api/articles/bulk/,7.36,34,0,
2026-05-16T15:33:11.194979,GET,/api/articles/list/small/,5.26,23002,0,
2026-05-16T15:33:11.195698,GET,/api/articles/list/small/,4.73,23002,0,
2026-05-16T15:33:11.199785,GET,/api/articles/list/large/,34.26,471824,0,
2026-05-16T15:33:11.223831,POST,/api/articles/bulk/,7.79,34,0,
2026-05-16T15:33:11.239131,POST,/api/articles/analyze/,2.98,58,0,
2026-05-16T15:33:11.244704,POST,/api/articles/analyze/,4.27,58,0,
2026-05-16T15:33:11.252091,GET,/api/articles/list/small/,7.23,23002,0,
2026-05-16T15:33:11.254909,POST,/api/articles/bulk/,11.79,34,0,
2026-05-16T15:33:11.260260,POST,/api/articles/bulk/,9.88,34,0,
2026-05-16T15:33:11.291776,GET,/api/articles/list/large/,37.96,471824,0,
2026-05-16T15:33:11.297511,GET,/api/articles/list/small/,7.72,23002,0,
2026-05-16T15:33:11.301288,POST,/api/articles/bulk/,13.84,34,0,
2026-05-16T15:33:11.302748,GET,/api/articles/list/large/,35.15,471824,0,
2026-05-16T15:33:11.303204,POST,/api/articles/analyze/,4.41,58,0,
2026-05-16T15:33:11.318271,POST,/api/articles/analyze/,2.83,58,0,
2026-05-16T15:33:11.319431,GET,/api/articles/list/large/,38.76,471824,0,
2026-05-16T15:33:11.328945,GET,/api/articles/list/small/,4.31,23002,0,
2026-05-16T15:33:11.333720,GET,/api/articles/list/large/,33.45,471824,0,
2026-05-16T15:33:11.337749,POST,/api/articles/analyze/,3.84,58,0,
2026-05-16T15:33:11.338885,GET,/api/articles/list/small/,6.71,23002,0,
2026-05-16T15:33:11.347259,POST,/api/articles/bulk/,8.26,34,0,
2026-05-16T15:33:11.347720,POST,/api/articles/bulk/,8.01,34,0,
2026-05-16T15:33:11.367335,GET,/api/articles/list/small/,4.78,23002,0,
2026-05-16T15:33:11.381374,POST,/api/articles/bulk/,7.79,34,0,
2026-05-16T15:33:11.389358,GET,/api/articles/list/large/,37.44,471824,0,
2026-05-16T15:33:11.404575,POST,/api/articles/analyze/,2.84,58,0,
2026-05-16T15:33:11.422499,POST,/api/articles/bulk/,7.66,34,0,
2026-05-16T15:33:11.435456,GET,/api/articles/list/small/,6.67,23002,0,
2026-05-16T15:33:11.439379,GET,/api/articles/list/small/,6.45,23002,0,
2026-05-16T15:33:11.443191,POST,/api/articles/bulk/,9.61,34,0,
2026-05-16T15:33:11.481941,POST,/api/articles/bulk/,7.45,34,0,
2026-05-16T15:33:11.496625,GET,/api/articles/list/small/,6.66,23002,0,
2026-05-16T15:33:11.499413,POST,/api/articles/analyze/,4.92,58,0,
2026-05-16T15:33:11.516091,GET,/api/articles/list/small/,6.33,23002,0,
2026-05-16T15:33:11.527940,POST,/api/articles/analyze/,8.55,58,0,
2026-05-16T15:33:11.530374,GET,/api/articles/list/small/,6.81,23002,0,
2026-05-16T15:33:11.544763,POST,/api/articles/analyze/,4.57,58,0,
2026-05-16T15:33:11.546123,GET,/api/articles/list/large/,57.54,471824,0,
2026-05-16T15:33:11.549545,POST,/api/articles/bulk/,11.75,34,0,
2026-05-16T15:33:11.555037,GET,/api/articles/list/small/,6.77,23002,0,
2026-05-16T15:33:11.564672,GET,/api/articles/list/small/,6.39,23002,0,
2026-05-16T15:33:11.580931,GET,/api/articles/list/small/,11.85,23002,0,
2026-05-16T15:33:11.581442,GET,/api/articles/list/small/,11.21,23002,0,
2026-05-16T15:33:11.583584,GET,/api/articles/list/small/,5.84,23002,0,
2026-05-16T15:33:11.587009,GET,/api/articles/list/large/,47.41,471824,0,
2026-05-16T15:33:11.594105,POST,/api/articles/bulk/,9.58,34,0,
2026-05-16T15:33:11.596360,POST,/api/articles/analyze/,5.6,58,0,
2026-05-16T15:33:11.598104,POST,/api/articles/analyze/,3.43,58,0,
2026-05-16T15:33:11.603060,POST,/api/articles/bulk/,11.17,34,0,
2026-05-16T15:33:11.618256,POST,/api/articles/analyze/,3.9,58,0,
2026-05-16T15:33:11.632721,POST,/api/articles/analyze/,3.35,58,0,
2026-05-16T15:33:11.634587,GET,/api/articles/list/large/,43.24,471824,0,
2026-05-16T15:33:11.635245,GET,/api/articles/list/small/,7.48,23002,0,
2026-05-16T15:33:11.649810,POST,/api/articles/bulk/,8.29,34,0,
2026-05-16T15:33:11.663995,GET,/api/articles/list/large/,40.37,471824,0,
2026-05-16T15:33:11.671431,GET,/api/articles/list/small/,9.36,23002,0,
2026-05-16T15:33:11.674338,POST,/api/articles/bulk/,10.19,34,0,
2026-05-16T15:33:11.674854,POST,/api/articles/bulk/,8.21,34,0,
2026-05-16T15:33:11.680256,POST,/api/articles/analyze/,3.14,58,0,
2026-05-16T15:33:11.701481,POST,/api/articles/bulk/,8.1,34,0,
2026-05-16T15:33:11.701942,POST,/api/articles/bulk/,9.42,34,0,
2026-05-16T15:33:11.710421,POST,/api/articles/bulk/,7.25,34,0,
2026-05-16T15:33:11.723780,POST,/api/articles/analyze/,4.08,58,0,
2026-05-16T15:33:11.725901,GET,/api/articles/list/small/,5.49,23002,0,
2026-05-16T15:33:11.727976,POST,/api/articles/analyze/,3.08,58,0,
2026-05-16T15:33:11.741060,POST,/api/articles/analyze/,2.87,58,0,
2026-05-16T15:33:11.768239,POST,/api/articles/bulk/,8.89,34,0,
2026-05-16T15:33:11.806816,POST,/api/articles/bulk/,9.27,34,0,
2026-05-16T15:33:11.807289,POST,/api/articles/bulk/,8.86,34,0,
2026-05-16T15:33:11.809088,POST,/api/articles/analyze/,3.36,58,0,
2026-05-16T15:33:11.821117,POST,/api/articles/bulk/,7.81,34,0,
2026-05-16T15:33:11.830031,GET,/api/articles/list/small/,4.54,23002,0,
2026-05-16T15:33:11.860293,POST,/api/articles/analyze/,2.98,58,0,
2026-05-16T15:33:11.873229,POST,/api/articles/bulk/,7.69,34,0,
2026-05-16T15:33:11.888907,POST,/api/articles/analyze/,4.38,58,0,
2026-05-16T15:33:11.890487,GET,/api/articles/list/small/,4.68,23002,0,
2026-05-16T15:33:11.922836,GET,/api/articles/list/large/,35.02,471824,0,
2026-05-16T15:33:11.941286,POST,/api/articles/analyze/,3.08,58,0,
2026-05-16T15:33:11.945444,POST,/api/articles/analyze/,2.85,58,0,
2026-05-16T15:33:11.976557,POST,/api/articles/bulk/,7.81,34,0,
2026-05-16T15:33:11.982312,POST,/api/articles/analyze/,3.47,58,0,
2026-05-16T15:33:11.983089,POST,/api/articles/analyze/,2.72,58,0,
2026-05-16T15:33:12.016473,POST,/api/articles/bulk/,8.18,34,0,
2026-05-16T15:33:12.035216,POST,/api/articles/analyze/,2.82,58,0,
2026-05-16T15:33:12.046335,POST,/api/articles/bulk/,7.88,34,0,
2026-05-16T15:33:12.049700,GET,/api/articles/list/large/,34.34,471824,0,
2026-05-16T15:33:12.068605,GET,/api/articles/list/small/,4.64,23002,0,
2026-05-16T15:33:12.099654,POST,/api/articles/analyze/,3.62,58,0,
2026-05-16T15:33:12.108137,POST,/api/articles/bulk/,7.11,34,0,
2026-05-16T15:33:12.108567,POST,/api/articles/analyze/,2.69,58,0,
2026-05-16T15:33:12.144236,POST,/api/articles/bulk/,7.33,34,0,
2026-05-16T15:33:12.172343,GET,/api/articles/list/small/,4.85,23002,0,
2026-05-16T15:33:12.175093,POST,/api/articles/bulk/,8.49,34,0,
2026-05-16T15:33:12.211976,GET,/api/articles/list/large/,33.56,471824,0,
2026-05-16T15:33:12.213228,GET,/api/articles/list/small/,4.62,23002,0,
2026-05-16T15:33:12.219514,GET,/api/articles/list/small/,5.07,23002,0,
2026-05-16T15:33:12.221569,POST,/api/articles/analyze/,4.54,58,0,
2026-05-16T15:33:12.234865,GET,/api/articles/list/large/,34.81,471824,0,
2026-05-16T15:33:12.235323,POST,/api/articles/analyze/,3.51,58,0,
2026-05-16T15:33:12.237915,POST,/api/articles/analyze/,2.5,58,0,
2026-05-16T15:33:12.248138,POST,/api/articles/analyze/,3.03,58,0,
2026-05-16T15:33:12.252629,GET,/api/articles/list/large/,35.12,471824,0,
2026-05-16T15:33:12.262063,POST,/api/articles/bulk/,9.3,34,0,
2026-05-16T15:33:12.267438,POST,/api/articles/analyze/,5.23,58,0,
2026-05-16T15:33:12.269036,POST,/api/articles/bulk/,8.35,34,0,
2026-05-16T15:33:12.273759,POST,/api/articles/bulk/,7.69,34,0,
2026-05-16T15:33:12.287402,GET,/api/articles/list/large/,33.87,471824,0,
2026-05-16T15:33:12.304193,GET,/api/articles/list/large/,40.62,471824,0,
2026-05-16T15:33:12.316145,POST,/api/articles/bulk/,15.4,34,0,
2026-05-16T15:33:12.317182,GET,/api/articles/list/small/,11.05,23002,0,
2026-05-16T15:33:12.323525,POST,/api/articles/bulk/,12.71,34,0,
2026-05-16T15:33:12.332836,GET,/api/articles/list/small/,7.79,23002,0,
2026-05-16T15:33:12.334657,POST,/api/articles/analyze/,4.81,58,0,
2026-05-16T15:33:12.344039,POST,/api/articles/analyze/,2.83,58,0,
2026-05-16T15:33:12.354386,GET,/api/articles/list/large/,45.88,471824,0,
2026-05-16T15:33:12.359398,GET,/api/articles/list/large/,38.86,471824,0,
2026-05-16T15:33:12.375065,POST,/api/articles/bulk/,7.32,34,0,
2026-05-16T15:33:12.387846,GET,/api/articles/list/small/,4.39,23002,0,
2026-05-16T15:33:12.388493,POST,/api/articles/analyze/,2.52,58,0,
2026-05-16T15:33:12.395482,POST,/api/articles/bulk/,6.87,34,0,
2026-05-16T15:33:12.395883,POST,/api/articles/analyze/,2.53,58,0,
2026-05-16T15:33:12.407927,POST,/api/articles/bulk/,7.63,34,0,
2026-05-16T15:33:12.421286,GET,/api/articles/list/small/,4.9,23002,0,
2026-05-16T15:33:12.422788,POST,/api/articles/bulk/,8.59,34,0,
2026-05-16T15:33:12.439557,POST,/api/articles/analyze/,2.72,58,0,
2026-05-16T15:33:12.449928,POST,/api/articles/bulk/,7.16,34,0,
2026-05-16T15:33:12.456652,GET,/api/articles/list/small/,4.49,23002,0,
2026-05-16T15:33:12.467087,GET,/api/articles/list/large/,34.83,471824,0,
2026-05-16T15:33:12.477212,POST,/api/articles/bulk/,9.92,34,0,
2026-05-16T15:33:12.479714,POST,/api/articles/analyze/,4.21,58,0,
2026-05-16T15:33:12.510202,GET,/api/articles/list/large/,44.8,471824,0,
2026-05-16T15:33:12.514007,GET,/api/articles/list/large/,45.82,471824,0,
2026-05-16T15:33:12.516233,GET,/api/articles/list/large/,51.34,471824,0,
2026-05-16T15:33:12.518407,GET,/api/articles/list/large/,44.14,471824,0,
2026-05-16T15:33:12.519163,POST,/api/articles/analyze/,4.97,58,0,
2026-05-16T15:33:12.547949,POST,/api/articles/bulk/,7.4,34,0,
2026-05-16T15:33:12.573670,POST,/api/articles/analyze/,8.63,58,0,
2026-05-16T15:33:12.588003,GET,/api/articles/list/large/,38.68,471824,0,
2026-05-16T15:33:12.591632,GET,/api/articles/list/small/,5.7,23002,0,
2026-05-16T15:33:12.609559,POST,/api/articles/analyze/,2.64,58,0,
2026-05-16T15:33:12.610303,POST,/api/articles/bulk/,7.36,34,0,
2026-05-16T15:33:12.614185,POST,/api/articles/analyze/,2.58,58,0,
2026-05-16T15:33:12.625402,GET,/api/articles/list/small/,5.8,23002,0,
2026-05-16T15:33:12.626646,POST,/api/articles/analyze/,3.04,58,0,
2026-05-16T15:33:12.632334,POST,/api/articles/bulk/,9.45,34,0,
2026-05-16T15:33:12.647348,POST,/api/articles/bulk/,8.11,34,0,
2026-05-16T15:33:12.651345,POST,/api/articles/analyze/,3.09,58,0,
2026-05-16T15:33:12.655243,POST,/api/articles/bulk/,7.72,34,0,
2026-05-16T15:33:12.658947,GET,/api/articles/list/large/,36.56,471824,0,
2026-05-16T15:33:12.667990,GET,/api/articles/list/large/,36.7,471824,0,
2026-05-16T15:33:12.668603,GET,/api/articles/list/small/,6.44,23002,0,
2026-05-16T15:33:12.694649,GET,/api/articles/list/large/,48.27,471824,0,
2026-05-16T15:33:12.698170,GET,/api/articles/list/small/,5.41,23002,0,
2026-05-16T15:33:12.706961,GET,/api/articles/list/large/,43.44,471824,0,
2026-05-16T15:33:12.773419,POST,/api/articles/bulk/,8.16,34,0,
2026-05-16T15:33:12.775343,POST,/api/articles/analyze/,3.08,58,0,
2026-05-16T15:33:12.785055,GET,/api/articles/list/large/,36.65,471824,0,
2026-05-16T15:33:12.788587,POST,/api/articles/bulk/,10.97,34,0,
2026-05-16T15:33:12.794394,GET,/api/articles/list/small/,7.95,23002,0,
2026-05-16T15:33:12.809162,POST,/api/articles/analyze/,3.22,58,0,
2026-05-16T15:33:12.825362,GET,/api/articles/list/small/,4.95,23002,0,
2026-05-16T15:33:12.831630,POST,/api/articles/analyze/,2.96,58,0,
2026-05-16T15:33:12.834304,POST,/api/articles/bulk/,7.72,34,0,
2026-05-16T15:33:12.841429,GET,/api/articles/list/large/,36.13,471824,0,
2026-05-16T15:33:12.842870,GET,/api/articles/list/large/,52.32,471824,0,
2026-05-16T15:33:12.853234,GET,/api/articles/list/small/,5.05,23002,0,
2026-05-16T15:33:12.860111,GET,/api/articles/list/large/,55.41,471824,0,
2026-05-16T15:33:12.860715,GET,/api/articles/list/small/,7.35,23002,0,
2026-05-16T15:33:12.869287,POST,/api/articles/analyze/,2.67,58,0,
2026-05-16T15:33:12.872062,GET,/api/articles/list/large/,36.52,471824,0,
2026-05-16T15:33:12.874118,POST,/api/articles/bulk/,8.26,34,0,
2026-05-16T15:33:12.878209,POST,/api/articles/bulk/,8.26,34,0,
2026-05-16T15:33:12.882529,GET,/api/articles/list/small/,4.2,23002,0,
2026-05-16T15:33:12.939942,POST,/api/articles/bulk/,7.41,34,0,
2026-05-16T15:33:12.944854,GET,/api/articles/list/large/,33.96,471824,0,
2026-05-16T15:33:12.950580,GET,/api/articles/list/small/,4.32,23002,0,
2026-05-16T15:33:12.979003,GET,/api/articles/list/small/,4.6,23002,0,
2026-05-16T15:33:12.981449,GET,/api/articles/list/small/,4.24,23002,0,
2026-05-16T15:33:12.989829,POST,/api/articles/bulk/,7.11,34,0,
2026-05-16T15:33:12.992007,GET,/api/articles/list/large/,35.07,471824,0,
2026-05-16T15:33:13.000502,POST,/api/articles/bulk/,7.13,34,0,
2026-05-16T15:33:13.029078,POST,/api/articles/analyze/,2.96,58,0,
2026-05-16T15:33:13.033850,POST,/api/articles/bulk/,8.59,34,0,
2026-05-16T15:33:13.035084,GET,/api/articles/list/large/,33.34,471824,0,
2026-05-16T15:33:13.039375,POST,/api/articles/analyze/,2.64,58,0,
2026-05-16T15:33:13.040945,POST,/api/articles/bulk/,9.58,34,0,
2026-05-16T15:33:13.053877,POST,/api/articles/analyze/,2.69,58,0,
2026-05-16T15:33:13.086470,POST,/api/articles/bulk/,7.33,34,0,
2026-05-16T15:33:13.087019,POST,/api/articles/bulk/,8.77,34,0,
2026-05-16T15:33:13.091376,GET,/api/articles/list/small/,6.02,23002,0,
2026-05-16T15:33:13.094426,POST,/api/articles/bulk/,7.19,34,0,
2026-05-16T15:33:13.096470,POST,/api/articles/analyze/,2.88,58,0,
2026-05-16T15:33:13.120486,POST,/api/articles/bulk/,7.24,34,0,
2026-05-16T15:33:13.131380,POST,/api/articles/bulk/,8.63,34,0,
2026-05-16T15:33:13.139199,GET,/api/articles/list/large/,34.41,471824,0,
2026-05-16T15:33:13.145190,POST,/api/articles/analyze/,3.76,58,0,
2026-05-16T15:33:13.149141,POST,/api/articles/bulk/,7.19,34,0,
2026-05-16T15:33:13.158680,GET,/api/articles/list/large/,35.17,471824,0,
2026-05-16T15:33:13.159225,POST,/api/articles/bulk/,8.88,34,0,
2026-05-16T15:33:13.166530,GET,/api/articles/list/large/,36.18,471824,0,
2026-05-16T15:33:13.170026,GET,/api/articles/list/small/,5.62,23002,0,
2026-05-16T15:33:13.209728,POST,/api/articles/analyze/,2.7,58,0,
2026-05-16T15:33:13.211798,GET,/api/articles/list/large/,33.49,471824,0,
2026-05-16T15:33:13.237482,POST,/api/articles/bulk/,7.32,34,0,
2026-05-16T15:33:13.246341,GET,/api/articles/list/small/,4.46,23002,0,
2026-05-16T15:33:13.271200,GET,/api/articles/list/small/,5.02,23002,0,
2026-05-16T15:33:13.277228,POST,/api/articles/bulk/,7.38,34,0,
2026-05-16T15:33:13.291637,GET,/api/articles/list/large/,34.06,471824,0,
2026-05-16T15:33:13.304510,POST,/api/articles/analyze/,3.43,58,0,
2026-05-16T15:33:13.304975,POST,/api/articles/analyze/,2.74,58,0,
2026-05-16T15:33:13.316513,POST,/api/articles/bulk/,7.34,34,0,
2026-05-16T15:33:13.318712,POST,/api/articles/analyze/,3.05,58,0,
2026-05-16T15:33:13.321071,POST,/api/articles/bulk/,7.07,34,0,
2026-05-16T15:33:13.331145,GET,/api/articles/list/small/,4.36,23002,0,
2026-05-16T15:33:13.332935,POST,/api/articles/bulk/,8.47,34,0,
2026-05-16T15:33:13.333325,POST,/api/articles/bulk/,7.58,34,0,
2026-05-16T15:33:13.338863,POST,/api/articles/analyze/,3.19,58,0,
2026-05-16T15:33:13.369068,GET,/api/articles/list/small/,5.59,23002,0,
2026-05-16T15:33:13.372000,POST,/api/articles/bulk/,7.97,34,0,
2026-05-16T15:33:13.392628,GET,/api/articles/list/small/,4.52,23002,0,
2026-05-16T15:33:13.396314,POST,/api/articles/analyze/,2.45,58,0,
2026-05-16T15:33:13.405161,POST,/api/articles/analyze/,2.69,58,0,
2026-05-16T15:33:13.407390,GET,/api/articles/list/large/,36.28,471824,0,
2026-05-16T15:33:13.421914,POST,/api/articles/bulk/,7.99,34,0,
2026-05-16T15:33:13.429281,GET,/api/articles/list/small/,4.16,23002,0,
2026-05-16T15:33:13.442042,POST,/api/articles/bulk/,7.82,34,0,
2026-05-16T15:33:13.443023,GET,/api/articles/list/large/,37.25,471824,0,
2026-05-16T15:33:13.458631,GET,/api/articles/list/small/,4.42,23002,0,
2026-05-16T15:33:13.465420,POST,/api/articles/analyze/,2.54,58,0,
2026-05-16T15:33:13.469870,GET,/api/articles/list/large/,37.34,471824,0,
2026-05-16T15:33:13.482271,POST,/api/articles/bulk/,7.19,34,0,
2026-05-16T15:33:13.487354,POST,/api/articles/analyze/,2.47,58,0,
2026-05-16T15:33:13.493423,POST,/api/articles/analyze/,2.87,58,0,
2026-05-16T15:33:13.513140,POST,/api/articles/bulk/,7.48,34,0,
2026-05-16T15:33:13.514355,GET,/api/articles/list/large/,34.38,471824,0,
2026-05-16T15:33:13.515508,GET,/api/articles/list/large/,34.51,471824,0,
2026-05-16T15:33:13.535134,POST,/api/articles/bulk/,7.36,34,0,
2026-05-16T15:33:13.540985,POST,/api/articles/bulk/,7.34,34,0,
2026-05-16T15:33:13.561546,POST,/api/articles/bulk/,7.91,34,0,
2026-05-16T15:33:13.601231,GET,/api/articles/list/large/,33.3,471824,0,
2026-05-16T15:33:13.622147,GET,/api/articles/list/small/,4.81,23002,0,
2026-05-16T15:33:13.623422,GET,/api/articles/list/large/,34.99,471824,0,
2026-05-16T15:33:13.625289,POST,/api/articles/bulk/,8.81,34,0,
2026-05-16T15:33:13.633787,GET,/api/articles/list/small/,4.27,23002,0,
2026-05-16T15:33:13.668744,POST,/api/articles/bulk/,7.55,34,0,
2026-05-16T15:33:13.676638,POST,/api/articles/analyze/,3.09,58,0,
2026-05-16T15:33:13.677473,POST,/api/articles/analyze/,2.86,58,0,
2026-05-16T15:33:13.678957,GET,/api/articles/list/small/,5.87,23002,0,
2026-05-16T15:33:13.704917,POST,/api/articles/analyze/,3.1,58,0,
2026-05-16T15:33:13.722590,GET,/api/articles/list/large/,39.23,471824,0,
2026-05-16T15:33:13.725046,POST,/api/articles/bulk/,12.86,34,0,
2026-05-16T15:33:13.733125,POST,/api/articles/analyze/,2.9,58,0,
2026-05-16T15:33:13.741101,GET,/api/articles/list/small/,4.6,23002,0,
2026-05-16T15:33:13.750912,POST,/api/articles/bulk/,7.56,34,0,
2026-05-16T15:33:13.806892,POST,/api/articles/analyze/,2.93,58,0,
2026-05-16T15:33:13.813586,POST,/api/articles/analyze/,4.01,58,0,
2026-05-16T15:33:13.814677,GET,/api/articles/list/small/,5.87,23002,0,
2026-05-16T15:33:13.825205,POST,/api/articles/analyze/,2.85,58,0,
2026-05-16T15:33:13.832597,POST,/api/articles/analyze/,3.2,58,0,
2026-05-16T15:33:13.843089,GET,/api/articles/list/small/,7.28,23002,0,
2026-05-16T15:33:13.846603,POST,/api/articles/analyze/,4.32,58,0,
2026-05-16T15:33:13.848389,GET,/api/articles/list/large/,34.65,471824,0,
2026-05-16T15:33:13.850098,GET,/api/articles/list/large/,52.78,471824,0,
2026-05-16T15:33:13.850576,POST,/api/articles/bulk/,9.64,34,0,
2026-05-16T15:33:13.852261,GET,/api/articles/list/large/,44.14,471824,0,
2026-05-16T15:33:13.853323,POST,/api/articles/bulk/,8.0,34,0,
2026-05-16T15:33:13.865307,POST,/api/articles/analyze/,2.63,58,0,
2026-05-16T15:33:13.871830,GET,/api/articles/list/small/,4.16,23002,0,
2026-05-16T15:33:13.904071,GET,/api/articles/list/large/,34.0,471824,0,
2026-05-16T15:33:13.921403,POST,/api/articles/bulk/,7.6,34,0,
2026-05-16T15:33:13.944982,GET,/api/articles/list/large/,36.54,471824,0,
2026-05-16T15:33:13.948554,POST,/api/articles/analyze/,3.44,58,0,
2026-05-16T15:33:13.949900,GET,/api/articles/list/small/,4.29,23002,0,
2026-05-16T15:33:13.972099,GET,/api/articles/list/small/,4.38,23002,0,
2026-05-16T15:33:13.990721,GET,/api/articles/list/large/,33.55,471824,0,
2026-05-16T15:33:13.993839,POST,/api/articles/bulk/,7.22,34,0,
2026-05-16T15:33:14.015055,GET,/api/articles/list/large/,34.26,471824,0,
2026-05-16T15:33:14.016346,GET,/api/articles/list/large/,36.02,471824,0,
2026-05-16T15:33:14.020552,GET,/api/articles/list/large/,35.1,471824,0,
2026-05-16T15:33:14.022499,POST,/api/articles/bulk/,11.91,34,0,
2026-05-16T15:33:14.031227,POST,/api/articles/bulk/,7.46,34,0,
2026-05-16T15:33:14.032726,GET,/api/articles/list/large/,34.7,471824,0,
2026-05-16T15:33:14.037929,GET,/api/articles/list/large/,38.46,471824,0,
2026-05-16T15:33:14.042537,GET,/api/articles/list/small/,4.47,23002,0,
2026-05-16T15:33:14.057528,POST,/api/articles/analyze/,4.52,58,0,
2026-05-16T15:33:14.057992,POST,/api/articles/bulk/,8.07,34,0,
2026-05-16T15:33:14.061529,POST,/api/articles/bulk/,7.99,34,0,
2026-05-16T15:33:14.070283,POST,/api/articles/analyze/,2.52,58,0,
2026-05-16T15:33:14.078453,POST,/api/articles/bulk/,6.98,34,0,
2026-05-16T15:33:14.124281,GET,/api/articles/list/large/,67.81,471824,0,
2026-05-16T15:33:14.135232,GET,/api/articles/list/large/,34.54,471824,0,
2026-05-16T15:33:14.135714,GET,/api/articles/list/small/,5.19,23002,0,
2026-05-16T15:33:14.158494,POST,/api/articles/analyze/,3.84,58,0,
2026-05-16T15:33:14.159656,POST,/api/articles/bulk/,9.03,34,0,
2026-05-16T15:33:14.164593,POST,/api/articles/bulk/,7.33,34,0,
2026-05-16T15:33:14.170070,GET,/api/articles/list/small/,4.21,23002,0,
2026-05-16T15:33:14.172069,GET,/api/articles/list/large/,34.12,471824,0,
2026-05-16T15:33:14.173368,GET,/api/articles/list/small/,5.09,23002,0,
2026-05-16T15:33:14.176725,GET,/api/articles/list/small/,4.51,23002,0,
2026-05-16T15:33:14.198734,POST,/api/articles/analyze/,2.74,58,0,
2026-05-16T15:33:14.205379,POST,/api/articles/analyze/,2.44,58,0,
2026-05-16T15:33:14.216901,GET,/api/articles/list/small/,4.2,23002,0,
2026-05-16T15:33:14.229403,POST,/api/articles/bulk/,7.2,34,0,
2026-05-16T15:33:14.254649,POST,/api/articles/analyze/,2.51,58,0,
2026-05-16T15:33:14.255364,POST,/api/articles/bulk/,7.14,34,0,
2026-05-16T15:33:14.263852,POST,/api/articles/analyze/,3.29,58,0,
2026-05-16T15:33:14.265494,GET,/api/articles/list/small/,4.46,23002,0,
2026-05-16T15:33:14.266954,GET,/api/articles/list/large/,33.21,471824,0,
2026-05-16T15:33:14.280811,POST,/api/articles/bulk/,7.52,34,0,
2026-05-16T15:33:14.321749,GET,/api/articles/list/large/,33.53,471824,0,
2026-05-16T15:33:14.334562,GET,/api/articles/list/large/,33.85,471824,0,
2026-05-16T15:33:14.367472,POST,/api/articles/bulk/,7.25,34,0,
2026-05-16T15:33:14.378008,POST,/api/articles/bulk/,8.34,34,0,
2026-05-16T15:33:14.382109,GET,/api/articles/list/small/,3.98,23002,0,
2026-05-16T15:33:14.394114,POST,/api/articles/analyze/,2.63,58,0,
2026-05-16T15:33:14.400317,POST,/api/articles/analyze/,2.88,58,0,
2026-05-16T15:33:14.402396,GET,/api/articles/list/small/,4.45,23002,0,
2026-05-16T15:33:14.422097,POST,/api/articles/bulk/,7.84,34,0,
2026-05-16T15:33:14.437967,GET,/api/articles/list/large/,36.47,471824,0,
2026-05-16T15:33:14.453259,GET,/api/articles/list/large/,37.47,471824,0,
2026-05-16T15:33:14.456534,GET,/api/articles/list/large/,36.77,471824,0,
2026-05-16T15:33:14.471160,GET,/api/articles/list/large/,33.05,471824,0,
2026-05-16T15:33:14.495547,POST,/api/articles/analyze/,2.97,58,0,
2026-05-16T15:33:14.499333,POST,/api/articles/analyze/,2.59,58,0,
2026-05-16T15:33:14.512450,POST,/api/articles/analyze/,2.94,58,0,
2026-05-16T15:33:14.514309,POST,/api/articles/bulk/,7.62,34,0,
2026-05-16T15:33:14.517986,GET,/api/articles/list/small/,4.49,23002,0,
2026-05-16T15:33:14.530206,POST,/api/articles/analyze/,2.58,58,0,
2026-05-16T15:33:14.552206,POST,/api/articles/analyze/,2.76,58,0,
2026-05-16T15:33:14.557833,GET,/api/articles/list/large/,33.63,471824,0,
2026-05-16T15:33:14.558987,POST,/api/articles/analyze/,3.66,58,0,
2026-05-16T15:33:14.559484,GET,/api/articles/list/small/,5.08,23002,0,
2026-05-16T15:33:14.569261,GET,/api/articles/list/small/,5.29,23002,0,
2026-05-16T15:33:14.569722,GET,/api/articles/list/small/,4.85,23002,0,
2026-05-16T15:33:14.571421,POST,/api/articles/bulk/,8.25,34,0,
2026-05-16T15:33:14.577988,GET,/api/articles/list/small/,4.28,23002,0,
2026-05-16T15:33:14.592608,GET,/api/articles/list/large/,34.62,471824,0,
2026-05-16T15:33:14.631253,GET,/api/articles/list/large/,33.29,471824,0,
2026-05-16T15:33:14.641095,POST,/api/articles/bulk/,7.46,34,0,
2026-05-16T15:33:14.650588,POST,/api/articles/analyze/,3.12,58,0,
2026-05-16T15:33:14.674538,GET,/api/articles/list/small/,4.31,23002,0,
2026-05-16T15:33:14.678340,POST,/api/articles/analyze/,2.52,58,0,
2026-05-16T15:33:14.681684,GET,/api/articles/list/large/,33.16,471824,0,
2026-05-16T15:33:14.693496,GET,/api/articles/list/large/,33.64,471824,0,
2026-05-16T15:33:14.724631,POST,/api/articles/bulk/,7.27,34,0,
2026-05-16T15:33:14.739865,POST,/api/articles/bulk/,8.0,34,0,
2026-05-16T15:33:14.740341,POST,/api/articles/bulk/,7.7,34,0,
2026-05-16T15:33:14.745913,GET,/api/articles/list/small/,7.4,23002,0,
2026-05-16T15:33:14.746963,POST,/api/articles/bulk/,9.25,34,0,
2026-05-16T15:33:14.749028,POST,/api/articles/analyze/,2.99,58,0,
2026-05-16T15:33:14.754100,GET,/api/articles/list/large/,37.28,471824,0,
2026-05-16T15:33:14.755927,POST,/api/articles/analyze/,3.54,58,0,
2026-05-16T15:33:14.776091,GET,/api/articles/list/small/,4.74,23002,0,
2026-05-16T15:33:14.791377,POST,/api/articles/analyze/,2.85,58,0,
2026-05-16T15:33:14.804557,POST,/api/articles/analyze/,2.82,58,0,
2026-05-16T15:33:14.811275,POST,/api/articles/analyze/,4.49,58,0,
2026-05-16T15:33:14.811707,POST,/api/articles/analyze/,2.41,58,0,
2026-05-16T15:33:14.821140,POST,/api/articles/analyze/,2.78,58,0,
2026-05-16T15:33:14.835515,GET,/api/articles/list/small/,4.56,23002,0,
2026-05-16T15:33:14.847474,GET,/api/articles/list/large/,33.61,471824,0,
2026-05-16T15:33:14.849172,POST,/api/articles/analyze/,5.93,58,0,
2026-05-16T15:33:14.863370,GET,/api/articles/list/large/,33.98,471824,0,
2026-05-16T15:33:14.865470,GET,/api/articles/list/small/,5.05,23002,0,
2026-05-16T15:33:14.869416,GET,/api/articles/list/small/,5.36,23002,0,
2026-05-16T15:33:14.872175,GET,/api/articles/list/large/,34.44,471824,0,
2026-05-16T15:33:14.876129,GET,/api/articles/list/large/,34.91,471824,0,
2026-05-16T15:33:14.887297,GET,/api/articles/list/large/,45.44,471824,0,
2026-05-16T15:33:14.897011,POST,/api/articles/analyze/,2.81,58,0,
2026-05-16T15:33:14.898077,GET,/api/articles/list/small/,4.98,23002,0,
2026-05-16T15:33:14.910587,GET,/api/articles/list/large/,47.01,471824,0,
2026-05-16T15:33:14.911304,POST,/api/articles/bulk/,9.05,34,0,
2026-05-16T15:33:14.923016,GET,/api/articles/list/large/,33.48,471824,0,
2026-05-16T15:33:14.930986,GET,/api/articles/list/small/,4.61,23002,0,
2026-05-16T15:33:14.938844,GET,/api/articles/list/small/,4.32,23002,0,
2026-05-16T15:33:14.940994,POST,/api/articles/bulk/,7.82,34,0,
2026-05-16T15:33:14.951867,POST,/api/articles/analyze/,2.76,58,0,
2026-05-16T15:33:14.960868,POST,/api/articles/bulk/,7.77,34,0,
2026-05-16T15:33:14.974667,GET,/api/articles/list/large/,34.54,471824,0,
2026-05-16T15:33:14.980564,POST,/api/articles/analyze/,2.63,58,0,
2026-05-16T15:33:14.998927,GET,/api/articles/list/large/,33.79,471824,0,
2026-05-16T15:33:15.011952,GET,/api/articles/list/small/,4.77,23002,0,
2026-05-16T15:33:15.032761,GET,/api/articles/list/small/,5.36,23002,0,
2026-05-16T15:33:15.036663,POST,/api/articles/bulk/,8.21,34,0,
2026-05-16T15:33:15.039186,POST,/api/articles/analyze/,4.2,58,0,
2026-05-16T15:33:15.043910,GET,/api/articles/list/small/,5.65,23002,0,
2026-05-16T15:33:15.046489,POST,/api/articles/bulk/,7.14,34,0,
2026-05-16T15:33:15.074176,GET,/api/articles/list/large/,38.62,471824,0,
2026-05-16T15:33:15.077311,POST,/api/articles/bulk/,7.57,34,0,
2026-05-16T15:33:15.079391,POST,/api/articles/analyze/,2.98,58,0,
2026-05-16T15:33:15.091988,POST,/api/articles/bulk/,7.21,34,0,
2026-05-16T15:33:15.092699,GET,/api/articles/list/small/,4.11,23002,0,
2026-05-16T15:33:15.112100,POST,/api/articles/bulk/,7.9,34,0,
2026-05-16T15:33:15.112786,POST,/api/articles/analyze/,3.44,58,0,
2026-05-16T15:33:15.114573,GET,/api/articles/list/small/,5.72,23002,0,
2026-05-16T15:33:15.124243,POST,/api/articles/analyze/,2.48,58,0,
2026-05-16T15:33:15.138194,GET,/api/articles/list/large/,35.27,471824,0,
2026-05-16T15:33:15.152793,POST,/api/articles/bulk/,8.42,34,0,
2026-05-16T15:33:15.153233,POST,/api/articles/bulk/,9.65,34,0,
2026-05-16T15:33:15.163895,GET,/api/articles/list/small/,4.31,23002,0,
2026-05-16T15:33:15.206766,POST,/api/articles/analyze/,5.5,58,0,
2026-05-16T15:33:15.210752,POST,/api/articles/analyze/,5.69,58,0,
2026-05-16T15:33:15.216010,GET,/api/articles/list/small/,6.9,23002,0,
2026-05-16T15:33:15.253183,POST,/api/articles/analyze/,2.44,58,0,
2026-05-16T15:33:15.259097,POST,/api/articles/bulk/,11.27,34,0,
2026-05-16T15:33:15.267160,GET,/api/articles/list/large/,33.81,471824,0,
2026-05-16T15:33:15.273383,POST,/api/articles/bulk/,8.1,34,0,
2026-05-16T15:33:15.274462,GET,/api/articles/list/large/,38.44,471824,0,
2026-05-16T15:33:15.277131,GET,/api/articles/list/large/,33.69,471824,0,
2026-05-16T15:33:15.277661,POST,/api/articles/bulk/,7.73,34,0,
2026-05-16T15:33:15.287767,POST,/api/articles/analyze/,2.78,58,0,
2026-05-16T15:33:15.292451,POST,/api/articles/analyze/,2.9,58,0,
2026-05-16T15:33:15.294240,GET,/api/articles/list/small/,5.12,23002,0,
2026-05-16T15:33:15.306124,GET,/api/articles/list/small/,4.16,23002,0,
2026-05-16T15:33:15.323726,POST,/api/articles/bulk/,7.33,34,0,
2026-05-16T15:33:15.333239,GET,/api/articles/list/large/,33.72,471824,0,
2026-05-16T15:33:15.340798,POST,/api/articles/bulk/,7.41,34,0,
2026-05-16T15:33:15.391397,GET,/api/articles/list/small/,8.11,23002,0,
2026-05-16T15:33:15.421317,POST,/api/articles/analyze/,2.66,58,0,
2026-05-16T15:33:15.422540,POST,/api/articles/bulk/,8.09,34,0,
2026-05-16T15:33:15.423690,GET,/api/articles/list/large/,34.63,471824,0,
2026-05-16T15:33:15.440555,GET,/api/articles/list/large/,33.59,471824,0,
2026-05-16T15:33:15.456571,POST,/api/articles/analyze/,2.79,58,0,
2026-05-16T15:33:15.474289,GET,/api/articles/list/small/,4.39,23002,0,
2026-05-16T15:33:15.498592,POST,/api/articles/analyze/,3.63,58,0,
2026-05-16T15:33:15.502417,POST,/api/articles/bulk/,9.89,34,0,
2026-05-16T15:33:15.511514,POST,/api/articles/analyze/,2.81,58,0,
2026-05-16T15:33:15.529077,GET,/api/articles/list/large/,35.11,471824,0,
2026-05-16T15:33:15.554376,POST,/api/articles/bulk/,7.21,34,0,
2026-05-16T15:33:15.570418,POST,/api/articles/analyze/,2.8,58,0,
2026-05-16T15:33:15.573689,GET,/api/articles/list/large/,33.24,471824,0,
2026-05-16T15:33:15.580863,POST,/api/articles/bulk/,7.05,34,0,
2026-05-16T15:33:15.585859,POST,/api/articles/analyze/,2.75,58,0,
2026-05-16T15:33:15.600175,POST,/api/articles/bulk/,7.11,34,0,
2026-05-16T15:33:15.610222,GET,/api/articles/list/large/,33.57,471824,0,
2026-05-16T15:33:15.636355,POST,/api/articles/bulk/,7.77,34,0,
2026-05-16T15:33:15.640200,POST,/api/articles/analyze/,2.47,58,0,
2026-05-16T15:33:15.672535,POST,/api/articles/analyze/,6.12,58,0,
2026-05-16T15:33:15.673856,GET,/api/articles/list/small/,6.83,23002,0,
2026-05-16T15:33:15.677335,POST,/api/articles/bulk/,7.44,34,0,
2026-05-16T15:33:15.678858,POST,/api/articles/analyze/,2.8,58,0,
2026-05-16T15:33:15.686072,GET,/api/articles/list/small/,4.02,23002,0,
2026-05-16T15:33:15.692495,POST,/api/articles/bulk/,8.06,34,0,
2026-05-16T15:33:15.693583,GET,/api/articles/list/small/,5.85,23002,0,
2026-05-16T15:33:15.696830,POST,/api/articles/bulk/,7.24,34,0,
2026-05-16T15:33:15.697227,POST,/api/articles/bulk/,8.54,34,0,
2026-05-16T15:33:15.704664,GET,/api/articles/list/large/,36.62,471824,0,
2026-05-16T15:33:15.718781,POST,/api/articles/analyze/,2.74,58,0,
2026-05-16T15:33:15.756026,POST,/api/articles/bulk/,7.99,34,0,
2026-05-16T15:33:15.772978,POST,/api/articles/bulk/,7.2,34,0,
2026-05-16T15:33:15.773464,GET,/api/articles/list/small/,4.95,23002,0,
2026-05-16T15:33:15.776854,GET,/api/articles/list/small/,4.87,23002,0,
2026-05-16T15:33:15.784645,GET,/api/articles/list/large/,33.63,471824,0,
2026-05-16T15:33:15.792503,GET,/api/articles/list/large/,34.25,471824,0,
2026-05-16T15:33:15.794230,POST,/api/articles/analyze/,3.55,58,0,
2026-05-16T15:33:15.816121,POST,/api/articles/bulk/,7.05,34,0,
2026-05-16T15:33:15.833398,GET,/api/articles/list/large/,33.93,471824,0,
2026-05-16T15:33:15.845938,POST,/api/articles/analyze/,2.7,58,0,
2026-05-16T15:33:15.858225,GET,/api/articles/list/large/,34.82,471824,0,
2026-05-16T15:33:15.864202,POST,/api/articles/bulk/,8.02,34,0,
2026-05-16T15:33:15.871171,GET,/api/articles/list/large/,33.51,471824,0,
2026-05-16T15:33:15.889270,GET,/api/articles/list/small/,4.5,23002,0,
2026-05-16T15:33:15.904315,GET,/api/articles/list/large/,34.9,471824,0,
2026-05-16T15:33:15.906967,POST,/api/articles/analyze/,4.52,58,0,
2026-05-16T15:33:15.908341,POST,/api/articles/analyze/,3.85,58,0,
2026-05-16T15:33:15.909981,POST,/api/articles/analyze/,4.13,58,0,
2026-05-16T15:33:15.912569,GET,/api/articles/list/large/,35.79,471824,0,
2026-05-16T15:33:15.914493,POST,/api/articles/bulk/,7.36,34,0,
2026-05-16T15:33:15.918773,GET,/api/articles/list/large/,34.48,471824,0,
2026-05-16T15:33:15.931375,GET,/api/articles/list/small/,4.29,23002,0,
2026-05-16T15:33:15.944439,GET,/api/articles/list/large/,34.34,471824,0,
2026-05-16T15:33:15.963392,GET,/api/articles/list/large/,33.73,471824,0,
2026-05-16T15:33:15.975183,GET,/api/articles/list/large/,33.59,471824,0,
2026-05-16T15:33:15.979093,GET,/api/articles/list/large/,33.35,471824,0,
2026-05-16T15:33:15.990795,POST,/api/articles/analyze/,3.43,58,0,
2026-05-16T15:33:15.999880,POST,/api/articles/bulk/,7.52,34,0,
2026-05-16T15:33:16.017284,POST,/api/articles/analyze/,6.44,58,0,
2026-05-16T15:33:16.019512,POST,/api/articles/analyze/,4.71,58,0,
2026-05-16T15:33:16.022762,GET,/api/articles/list/large/,34.19,471824,0,
2026-05-16T15:33:16.023299,GET,/api/articles/list/small/,7.25,23002,0,
2026-05-16T15:33:16.023706,POST,/api/articles/bulk/,11.74,34,0,
2026-05-16T15:33:16.032258,GET,/api/articles/list/large/,42.41,471824,0,
2026-05-16T15:33:16.038977,GET,/api/articles/list/large/,42.95,471824,0,
2026-05-16T15:33:16.039511,GET,/api/articles/list/small/,5.02,23002,0,
2026-05-16T15:33:16.041323,GET,/api/articles/list/large/,35.21,471824,0,
2026-05-16T15:33:16.054288,POST,/api/articles/analyze/,2.72,58,0,
2026-05-16T15:33:16.058312,GET,/api/articles/list/large/,33.38,471824,0,
2026-05-16T15:33:16.084127,POST,/api/articles/bulk/,7.46,34,0,
2026-05-16T15:33:16.090606,GET,/api/articles/list/small/,4.13,23002,0,
2026-05-16T15:33:16.125694,POST,/api/articles/bulk/,7.52,34,0,
2026-05-16T15:33:16.137857,GET,/api/articles/list/small/,4.29,23002,0,
2026-05-16T15:33:16.138293,POST,/api/articles/bulk/,8.39,34,0,
2026-05-16T15:33:16.139961,GET,/api/articles/list/large/,34.1,471824,0,
2026-05-16T15:33:16.143524,GET,/api/articles/list/large/,34.98,471824,0,
2026-05-16T15:33:16.165662,GET,/api/articles/list/large/,34.91,471824,0,
2026-05-16T15:33:16.177747,GET,/api/articles/list/large/,34.09,471824,0,
2026-05-16T15:33:16.182807,POST,/api/articles/bulk/,7.91,34,0,
2026-05-16T15:33:16.184754,POST,/api/articles/analyze/,2.9,58,0,
2026-05-16T15:33:16.206822,POST,/api/articles/analyze/,2.71,58,0,
2026-05-16T15:33:16.217266,POST,/api/articles/analyze/,4.09,58,0,
2026-05-16T15:33:16.219145,GET,/api/articles/list/small/,4.9,23002,0,
2026-05-16T15:33:16.222223,POST,/api/articles/bulk/,7.21,34,0,
2026-05-16T15:33:16.240022,POST,/api/articles/bulk/,7.22,34,0,
2026-05-16T15:33:16.248545,GET,/api/articles/list/small/,4.29,23002,0,
2026-05-16T15:33:16.254010,GET,/api/articles/list/large/,33.64,471824,0,
2026-05-16T15:33:16.257152,GET,/api/articles/list/large/,33.71,471824,0,
2026-05-16T15:33:16.293885,GET,/api/articles/list/large/,33.32,471824,0,
2026-05-16T15:33:16.294623,GET,/api/articles/list/small/,5.03,23002,0,
2026-05-16T15:33:16.301778,POST,/api/articles/bulk/,7.04,34,0,
2026-05-16T15:33:16.311725,GET,/api/articles/list/large/,34.6,471824,0,
2026-05-16T15:33:16.312247,POST,/api/articles/bulk/,8.24,34,0,
2026-05-16T15:33:16.315601,GET,/api/articles/list/small/,5.78,23002,0,
2026-05-16T15:33:16.324696,POST,/api/articles/bulk/,7.88,34,0,
2026-05-16T15:33:16.328293,GET,/api/articles/list/large/,38.18,471824,0,
2026-05-16T15:33:16.336910,POST,/api/articles/bulk/,7.28,34,0,
2026-05-16T15:33:16.344404,POST,/api/articles/analyze/,2.47,58,0,
2026-05-16T15:33:16.347365,POST,/api/articles/bulk/,7.08,34,0,
2026-05-16T15:33:16.360168,POST,/api/articles/bulk/,7.51,34,0,
2026-05-16T15:33:16.365853,GET,/api/articles/list/small/,4.41,23002,0,
2026-05-16T15:33:16.375206,POST,/api/articles/bulk/,8.11,34,0,
2026-05-16T15:33:16.375620,POST,/api/articles/bulk/,7.79,34,0,
2026-05-16T15:33:16.385987,POST,/api/articles/bulk/,7.21,34,0,
2026-05-16T15:33:16.390316,GET,/api/articles/list/large/,34.41,471824,0,
2026-05-16T15:33:16.396272,POST,/api/articles/bulk/,8.01,34,0,
2026-05-16T15:33:16.404682,POST,/api/articles/bulk/,7.05,34,0,
2026-05-16T15:33:16.433808,POST,/api/articles/bulk/,8.75,34,0,
2026-05-16T15:33:16.454559,POST,/api/articles/bulk/,7.3,34,0,
2026-05-16T15:33:16.459401,POST,/api/articles/analyze/,2.35,58,0,
2026-05-16T15:33:16.459919,GET,/api/articles/list/small/,5.17,23002,0,
2026-05-16T15:33:16.460666,GET,/api/articles/list/small/,4.58,23002,0,
2026-05-16T15:33:16.488507,POST,/api/articles/bulk/,8.11,34,0,
2026-05-16T15:33:16.494447,POST,/api/articles/bulk/,7.29,34,0,
2026-05-16T15:33:16.509257,GET,/api/articles/list/large/,34.36,471824,0,
2026-05-16T15:33:16.520947,POST,/api/articles/bulk/,7.14,34,0,
2026-05-16T15:33:16.541649,GET,/api/articles/list/large/,33.95,471824,0,
2026-05-16T15:33:16.552730,POST,/api/articles/analyze/,2.73,58,0,
2026-05-16T15:33:16.555388,POST,/api/articles/analyze/,2.52,58,0,
2026-05-16T15:33:16.576460,POST,/api/articles/analyze/,2.84,58,0,
2026-05-16T15:33:16.595469,POST,/api/articles/analyze/,2.72,58,0,
2026-05-16T15:33:16.601901,GET,/api/articles/list/small/,4.07,23002,0,
2026-05-16T15:33:16.607723,GET,/api/articles/list/small/,4.6,23002,0,
2026-05-16T15:33:16.614175,POST,/api/articles/bulk/,7.62,34,0,
2026-05-16T15:33:16.624310,POST,/api/articles/bulk/,7.74,34,0,
2026-05-16T15:33:16.634135,POST,/api/articles/analyze/,2.97,58,0,
2026-05-16T15:33:16.634555,POST,/api/articles/analyze/,2.43,58,0,
2026-05-16T15:33:16.654393,POST,/api/articles/bulk/,7.12,34,0,
2026-05-16T15:33:16.661317,GET,/api/articles/list/large/,33.58,471824,0,
2026-05-16T15:33:16.666125,POST,/api/articles/analyze/,2.55,58,0,
2026-05-16T15:33:16.669150,POST,/api/articles/analyze/,2.92,58,0,
2026-05-16T15:33:16.675248,GET,/api/articles/list/large/,33.51,471824,0,
2026-05-16T15:33:16.702292,GET,/api/articles/list/large/,34.15,471824,0,
2026-05-16T15:33:16.705815,GET,/api/articles/list/small/,5.64,23002,0,
2026-05-16T15:33:16.725315,POST,/api/articles/analyze/,3.35,58,0,
2026-05-16T15:33:16.744337,POST,/api/articles/analyze/,2.62,58,0,
2026-05-16T15:33:16.757184,GET,/api/articles/list/large/,34.69,471824,0,
2026-05-16T15:33:16.760999,GET,/api/articles/list/small/,5.6,23002,0,
2026-05-16T15:33:16.767898,POST,/api/articles/analyze/,2.76,58,0,
2026-05-16T15:33:16.769047,GET,/api/articles/list/large/,34.58,471824,0,
2026-05-16T15:33:16.770245,GET,/api/articles/list/large/,35.23,471824,0,
2026-05-16T15:33:16.777649,GET,/api/articles/list/large/,33.18,471824,0,
2026-05-16T15:33:16.788747,POST,/api/articles/analyze/,2.83,58,0,
2026-05-16T15:33:16.794220,GET,/api/articles/list/large/,34.23,471824,0,
2026-05-16T15:33:16.796930,POST,/api/articles/analyze/,2.58,58,0,
2026-05-16T15:33:16.801043,GET,/api/articles/list/small/,4.0,23002,0,
2026-05-16T15:33:16.803587,POST,/api/articles/analyze/,2.43,58,0,
2026-05-16T15:33:16.815657,POST,/api/articles/bulk/,7.72,34,0,
2026-05-16T15:33:16.841693,GET,/api/articles/list/small/,5.04,23002,0,
2026-05-16T15:33:16.842750,GET,/api/articles/list/large/,34.07,471824,0,
2026-05-16T15:33:16.863469,GET,/api/articles/list/large/,34.58,471824,0,
2026-05-16T15:33:16.870667,GET,/api/articles/list/small/,4.97,23002,0,
2026-05-16T15:33:16.876338,GET,/api/articles/list/large/,38.62,471824,0,
2026-05-16T15:33:16.877244,POST,/api/articles/bulk/,8.03,34,0,
2026-05-16T15:33:16.881144,GET,/api/articles/list/large/,40.8,471824,0,
2026-05-16T15:33:16.886985,GET,/api/articles/list/small/,4.25,23002,0,
2026-05-16T15:33:16.894708,GET,/api/articles/list/large/,34.3,471824,0,
2026-05-16T15:33:16.905164,GET,/api/articles/list/small/,5.17,23002,0,
2026-05-16T15:33:16.908898,GET,/api/articles/list/large/,34.54,471824,0,
2026-05-16T15:33:16.909897,POST,/api/articles/bulk/,8.89,34,0,
2026-05-16T15:33:16.913502,GET,/api/articles/list/large/,34.02,471824,0,
2026-05-16T15:33:16.925091,POST,/api/articles/analyze/,2.89,58,0,
2026-05-16T15:33:16.926550,GET,/api/articles/list/small/,4.84,23002,0,
2026-05-16T15:33:16.942234,GET,/api/articles/list/large/,33.19,471824,0,
2026-05-16T15:33:16.957669,GET,/api/articles/list/small/,4.52,23002,0,
2026-05-16T15:33:16.965059,GET,/api/articles/list/small/,4.15,23002,0,
2026-05-16T15:33:16.970550,POST,/api/articles/analyze/,2.64,58,0,
2026-05-16T15:33:16.972557,POST,/api/articles/bulk/,7.39,34,0,
2026-05-16T15:33:16.974561,POST,/api/articles/analyze/,2.82,58,0,
2026-05-16T15:33:16.981885,GET,/api/articles/list/large/,34.3,471824,0,
2026-05-16T15:33:16.987805,POST,/api/articles/bulk/,7.96,34,0,
2026-05-16T15:33:16.996437,GET,/api/articles/list/small/,4.42,23002,0,
2026-05-16T15:33:17.021634,GET,/api/articles/list/small/,4.38,23002,0,
2026-05-16T15:33:17.022125,GET,/api/articles/list/small/,5.4,23002,0,
2026-05-16T15:33:17.027633,GET,/api/articles/list/small/,4.15,23002,0,
2026-05-16T15:33:17.033948,GET,/api/articles/list/small/,3.99,23002,0,
2026-05-16T15:33:17.043568,POST,/api/articles/bulk/,7.3,34,0,
2026-05-16T15:33:17.065309,POST,/api/articles/bulk/,11.39,34,0,
2026-05-16T15:33:17.067399,GET,/api/articles/list/small/,4.5,23002,0,
2026-05-16T15:33:17.082438,POST,/api/articles/bulk/,7.88,34,0,
2026-05-16T15:33:17.109368,GET,/api/articles/list/small/,4.45,23002,0,
2026-05-16T15:33:17.112202,GET,/api/articles/list/large/,33.81,471824,0,
2026-05-16T15:33:17.119540,GET,/api/articles/list/large/,38.09,471824,0,
2026-05-16T15:33:17.123068,GET,/api/articles/list/small/,5.59,23002,0,
2026-05-16T15:33:17.128169,GET,/api/articles/list/large/,33.83,471824,0,
2026-05-16T15:33:17.140100,POST,/api/articles/analyze/,3.79,58,0,
2026-05-16T15:33:17.143921,POST,/api/articles/bulk/,8.4,34,0,
2026-05-16T15:33:17.171063,GET,/api/articles/list/large/,34.31,471824,0,
2026-05-16T15:33:17.187847,GET,/api/articles/list/large/,34.23,471824,0,
2026-05-16T15:33:17.189016,GET,/api/articles/list/large/,35.89,471824,0,
2026-05-16T15:33:17.191174,POST,/api/articles/analyze/,5.19,58,0,
2026-05-16T15:33:17.195101,GET,/api/articles/list/small/,4.84,23002,0,
2026-05-16T15:33:17.226232,GET,/api/articles/list/small/,4.39,23002,0,
2026-05-16T15:33:17.227315,POST,/api/articles/bulk/,8.87,34,0,
2026-05-16T15:33:17.260898,POST,/api/articles/analyze/,3.69,58,0,
2026-05-16T15:33:17.264980,POST,/api/articles/bulk/,7.24,34,0,
2026-05-16T15:33:17.278165,GET,/api/articles/list/large/,33.49,471824,0,
2026-05-16T15:33:17.336909,POST,/api/articles/bulk/,7.85,34,0,
2026-05-16T15:33:17.341087,GET,/api/articles/list/small/,5.1,23002,0,
2026-05-16T15:33:17.356948,POST,/api/articles/bulk/,7.42,34,0,
2026-05-16T15:33:17.378908,GET,/api/articles/list/small/,4.79,23002,0,
2026-05-16T15:33:17.380855,POST,/api/articles/analyze/,3.02,58,0,
2026-05-16T15:33:17.397100,GET,/api/articles/list/large/,33.4,471824,0,
2026-05-16T15:33:17.415614,POST,/api/articles/analyze/,3.22,58,0,
2026-05-16T15:33:17.419339,GET,/api/articles/list/small/,4.61,23002,0,
2026-05-16T15:33:17.426089,POST,/api/articles/analyze/,2.44,58,0,
2026-05-16T15:33:17.442972,POST,/api/articles/bulk/,7.68,34,0,
2026-05-16T15:33:17.445852,POST,/api/articles/bulk/,7.64,34,0,
2026-05-16T15:33:17.446717,GET,/api/articles/list/small/,4.64,23002,0,
2026-05-16T15:33:17.449873,GET,/api/articles/list/small/,4.83,23002,0,
2026-05-16T15:33:17.454715,POST,/api/articles/analyze/,2.44,58,0,
2026-05-16T15:33:17.459491,POST,/api/articles/analyze/,2.42,58,0,
2026-05-16T15:33:17.483204,GET,/api/articles/list/small/,4.36,23002,0,
2026-05-16T15:33:17.522074,POST,/api/articles/bulk/,7.0,34,0,
2026-05-16T15:33:17.531989,POST,/api/articles/analyze/,2.68,58,0,
2026-05-16T15:33:17.539789,POST,/api/articles/analyze/,2.99,58,0,
2026-05-16T15:33:17.543042,POST,/api/articles/bulk/,7.81,34,0,
2026-05-16T15:33:17.545358,GET,/api/articles/list/large/,33.9,471824,0,
2026-05-16T15:33:17.546553,GET,/api/articles/list/large/,34.0,471824,0,
2026-05-16T15:33:17.551174,GET,/api/articles/list/small/,4.5,23002,0,
2026-05-16T15:33:17.557319,POST,/api/articles/bulk/,8.03,34,0,
2026-05-16T15:33:17.557795,POST,/api/articles/bulk/,7.79,34,0,
2026-05-16T15:33:17.572262,GET,/api/articles/list/large/,34.3,471824,0,
2026-05-16T15:33:17.591324,GET,/api/articles/list/small/,4.4,23002,0,
2026-05-16T15:33:17.620231,GET,/api/articles/list/large/,34.68,471824,0,
2026-05-16T15:33:17.620729,POST,/api/articles/bulk/,8.18,34,0,
2026-05-16T15:33:17.653451,GET,/api/articles/list/large/,35.98,471824,0,
2026-05-16T15:33:17.654675,GET,/api/articles/list/large/,36.17,471824,0,
2026-05-16T15:33:17.655166,POST,/api/articles/analyze/,4.62,58,0,
2026-05-16T15:33:17.659531,GET,/api/articles/list/small/,4.27,23002,0,
2026-05-16T15:33:17.663188,GET,/api/articles/list/large/,37.62,471824,0,
2026-05-16T15:33:17.679738,POST,/api/articles/bulk/,7.25,34,0,
2026-05-16T15:33:17.684368,GET,/api/articles/list/large/,34.39,471824,0,
2026-05-16T15:33:17.708593,POST,/api/articles/analyze/,2.87,58,0,
2026-05-16T15:33:17.719631,GET,/api/articles/list/small/,7.72,23002,0,
2026-05-16T15:33:17.720146,GET,/api/articles/list/small/,7.55,23002,0,
2026-05-16T15:33:17.723064,POST,/api/articles/bulk/,7.38,34,0,
2026-05-16T15:33:17.747166,POST,/api/articles/analyze/,2.93,58,0,
2026-05-16T15:33:17.749170,GET,/api/articles/list/large/,34.27,471824,0,
2026-05-16T15:33:17.772886,POST,/api/articles/analyze/,2.95,58,0,
2026-05-16T15:33:17.785606,GET,/api/articles/list/large/,33.26,471824,0,
2026-05-16T15:33:17.825826,GET,/api/articles/list/small/,4.36,23002,0,
2026-05-16T15:33:17.851884,GET,/api/articles/list/large/,36.98,471824,0,
2026-05-16T15:33:17.853837,POST,/api/articles/analyze/,3.83,58,0,
2026-05-16T15:33:17.863399,GET,/api/articles/list/small/,4.32,23002,0,
2026-05-16T15:33:17.871566,POST,/api/articles/bulk/,6.96,34,0,
2026-05-16T15:33:17.877581,POST,/api/articles/analyze/,3.68,58,0,
2026-05-16T15:33:17.881317,POST,/api/articles/bulk/,6.94,34,0,
2026-05-16T15:33:17.889159,POST,/api/articles/analyze/,2.51,58,0,
2026-05-16T15:33:17.919916,GET,/api/articles/list/small/,4.39,23002,0,
2026-05-16T15:33:17.945971,POST,/api/articles/analyze/,2.86,58,0,
2026-05-16T15:33:17.951726,GET,/api/articles/list/large/,33.67,471824,0,
2026-05-16T15:33:17.974239,POST,/api/articles/analyze/,2.88,58,0,
2026-05-16T15:33:17.986560,POST,/api/articles/bulk/,7.36,34,0,
2026-05-16T15:33:17.987351,POST,/api/articles/bulk/,8.97,34,0,
2026-05-16T15:33:18.005001,POST,/api/articles/bulk/,7.32,34,0,
2026-05-16T15:33:18.026603,POST,/api/articles/analyze/,2.61,58,0,
2026-05-16T15:33:18.046189,POST,/api/articles/bulk/,7.29,34,0,
2026-05-16T15:33:18.047541,GET,/api/articles/list/small/,4.11,23002,0,
2026-05-16T15:33:18.049902,GET,/api/articles/list/large/,33.51,471824,0,
2026-05-16T15:33:18.055807,POST,/api/articles/bulk/,13.12,34,0,
2026-05-16T15:33:18.056565,GET,/api/articles/list/small/,4.37,23002,0,
2026-05-16T15:33:18.083861,POST,/api/articles/analyze/,3.94,58,0,
2026-05-16T15:33:18.084754,GET,/api/articles/list/small/,4.27,23002,0,
2026-05-16T15:33:18.087952,GET,/api/articles/list/small/,4.93,23002,0,
2026-05-16T15:33:18.100791,POST,/api/articles/analyze/,2.64,58,0,
2026-05-16T15:33:18.105124,POST,/api/articles/analyze/,3.12,58,0,
2026-05-16T15:33:18.115459,POST,/api/articles/bulk/,7.08,34,0,
2026-05-16T15:33:18.131805,POST,/api/articles/analyze/,3.43,58,0,
2026-05-16T15:33:18.133243,GET,/api/articles/list/small/,5.48,23002,0,
2026-05-16T15:33:18.136949,GET,/api/articles/list/large/,34.47,471824,0,
2026-05-16T15:33:18.150224,GET,/api/articles/list/small/,5.28,23002,0,
2026-05-16T15:33:18.155827,GET,/api/articles/list/large/,69.55,471824,0,
2026-05-16T15:33:18.165078,POST,/api/articles/analyze/,4.44,58,0,
2026-05-16T15:33:18.165524,POST,/api/articles/analyze/,4.47,58,0,
2026-05-16T15:33:18.165906,POST,/api/articles/analyze/,5.82,58,0,
2026-05-16T15:33:18.169570,POST,/api/articles/analyze/,2.41,58,0,
2026-05-16T15:33:18.176281,GET,/api/articles/list/large/,34.06,471824,0,
2026-05-16T15:33:18.180319,GET,/api/articles/list/large/,34.03,471824,0,
2026-05-16T15:33:18.198471,GET,/api/articles/list/small/,4.32,23002,0,
2026-05-16T15:33:18.206200,POST,/api/articles/analyze/,2.54,58,0,
2026-05-16T15:33:18.216952,GET,/api/articles/list/large/,33.27,471824,0,
2026-05-16T15:33:18.221281,POST,/api/articles/bulk/,7.42,34,0,
2026-05-16T15:33:18.240296,POST,/api/articles/analyze/,2.8,58,0,
2026-05-16T15:33:18.241388,GET,/api/articles/list/large/,33.92,471824,0,
2026-05-16T15:33:18.245333,POST,/api/articles/analyze/,2.71,58,0,
2026-05-16T15:33:18.261272,GET,/api/articles/list/small/,4.36,23002,0,
2026-05-16T15:33:18.263760,POST,/api/articles/bulk/,8.14,34,0,
2026-05-16T15:33:18.270010,GET,/api/articles/list/small/,4.06,23002,0,
2026-05-16T15:33:18.335795,POST,/api/articles/bulk/,7.4,34,0,
2026-05-16T15:33:18.340653,POST,/api/articles/analyze/,2.53,58,0,
2026-05-16T15:33:18.347953,POST,/api/articles/analyze/,2.99,58,0,
2026-05-16T15:33:18.351168,GET,/api/articles/list/small/,4.11,23002,0,
2026-05-16T15:33:18.364058,POST,/api/articles/analyze/,4.54,58,0,
2026-05-16T15:33:18.367688,POST,/api/articles/bulk/,7.67,34,0,
2026-05-16T15:33:18.369844,POST,/api/articles/bulk/,7.01,34,0,
2026-05-16T15:33:18.384479,POST,/api/articles/analyze/,3.31,58,0,
2026-05-16T15:33:18.384895,POST,/api/articles/analyze/,2.59,58,0,
2026-05-16T15:33:18.398962,POST,/api/articles/analyze/,2.92,58,0,
2026-05-16T15:33:18.399372,POST,/api/articles/analyze/,2.56,58,0,
2026-05-16T15:33:18.400316,GET,/api/articles/list/small/,5.25,23002,0,
2026-05-16T15:33:18.416553,GET,/api/articles/list/small/,4.87,23002,0,
2026-05-16T15:33:18.416987,GET,/api/articles/list/small/,4.78,23002,0,
2026-05-16T15:33:18.431661,GET,/api/articles/list/small/,4.42,23002,0,
2026-05-16T15:33:18.452229,POST,/api/articles/bulk/,7.23,34,0,
2026-05-16T15:33:18.465138,POST,/api/articles/bulk/,7.54,34,0,
2026-05-16T15:33:18.487252,GET,/api/articles/list/small/,4.22,23002,0,
2026-05-16T15:33:18.502342,POST,/api/articles/analyze/,2.8,58,0,
2026-05-16T15:33:18.512946,GET,/api/articles/list/large/,33.59,471824,0,
2026-05-16T15:33:18.521447,POST,/api/articles/bulk/,7.14,34,0,
2026-05-16T15:33:18.536232,POST,/api/articles/bulk/,7.43,34,0,
2026-05-16T15:33:18.553340,POST,/api/articles/bulk/,7.34,34,0,
2026-05-16T15:33:18.566543,POST,/api/articles/bulk/,6.96,34,0,
2026-05-16T15:33:18.573939,GET,/api/articles/list/large/,33.37,471824,0,
2026-05-16T15:33:18.580904,POST,/api/articles/analyze/,2.64,58,0,
2026-05-16T15:33:18.591634,POST,/api/articles/analyze/,2.53,58,0,
2026-05-16T15:33:18.600478,GET,/api/articles/list/small/,4.21,23002,0,
2026-05-16T15:33:18.627076,GET,/api/articles/list/large/,33.11,471824,0,
2026-05-16T15:33:18.640986,GET,/api/articles/list/small/,5.64,23002,0,
2026-05-16T15:33:18.643112,GET,/api/articles/list/large/,33.41,471824,0,
2026-05-16T15:33:18.645740,POST,/api/articles/analyze/,2.51,58,0,
2026-05-16T15:33:18.660227,POST,/api/articles/bulk/,7.17,34,0,
2026-05-16T15:33:18.664569,GET,/api/articles/list/small/,4.22,23002,0,
2026-05-16T15:33:18.679528,POST,/api/articles/analyze/,2.63,58,0,
2026-05-16T15:33:18.686586,POST,/api/articles/bulk/,6.94,34,0,
2026-05-16T15:33:18.700232,GET,/api/articles/list/small/,4.28,23002,0,
2026-05-16T15:33:18.702670,POST,/api/articles/analyze/,2.32,58,0,
2026-05-16T15:33:18.708388,GET,/api/articles/list/small/,4.34,23002,0,
2026-05-16T15:33:18.710945,GET,/api/articles/list/small/,4.54,23002,0,
2026-05-16T15:33:18.755811,POST,/api/articles/bulk/,7.59,34,0,
2026-05-16T15:33:18.795278,POST,/api/articles/bulk/,8.33,34,0,
2026-05-16T15:33:18.802421,GET,/api/articles/list/large/,34.04,471824,0,
2026-05-16T15:33:18.806944,POST,/api/articles/bulk/,7.61,34,0,
2026-05-16T15:33:18.808343,POST,/api/articles/bulk/,9.86,34,0,
2026-05-16T15:33:18.820732,GET,/api/articles/list/small/,4.22,23002,0,
2026-05-16T15:33:18.826301,GET,/api/articles/list/large/,38.54,471824,0,
2026-05-16T15:33:18.834940,POST,/api/articles/bulk/,7.27,34,0,
2026-05-16T15:33:18.846429,GET,/api/articles/list/small/,4.29,23002,0,
2026-05-16T15:33:18.882318,GET,/api/articles/list/large/,33.52,471824,0,
2026-05-16T15:33:18.895880,GET,/api/articles/list/large/,37.74,471824,0,
2026-05-16T15:33:18.898187,POST,/api/articles/analyze/,4.12,58,0,
2026-05-16T15:33:18.899036,POST,/api/articles/analyze/,2.63,58,0,
2026-05-16T15:33:18.912550,POST,/api/articles/analyze/,2.7,58,0,
2026-05-16T15:33:18.914917,POST,/api/articles/analyze/,3.35,58,0,
2026-05-16T15:33:18.915606,GET,/api/articles/list/small/,6.27,23002,0,
2026-05-16T15:33:18.921339,POST,/api/articles/bulk/,7.53,34,0,
2026-05-16T15:33:18.937090,POST,/api/articles/bulk/,11.51,34,0,
2026-05-16T15:33:18.940850,POST,/api/articles/bulk/,7.39,34,0,
2026-05-16T15:33:18.947183,GET,/api/articles/list/small/,4.13,23002,0,
2026-05-16T15:33:18.950451,GET,/api/articles/list/large/,34.35,471824,0,
2026-05-16T15:33:18.978968,GET,/api/articles/list/small/,5.31,23002,0,
2026-05-16T15:33:18.981993,POST,/api/articles/bulk/,7.17,34,0,
2026-05-16T15:33:18.995318,GET,/api/articles/list/large/,33.5,471824,0,
2026-05-16T15:33:19.018143,GET,/api/articles/list/small/,4.3,23002,0,
2026-05-16T15:33:19.018625,POST,/api/articles/bulk/,7.8,34,0,
2026-05-16T15:33:19.034713,GET,/api/articles/list/small/,4.39,23002,0,
2026-05-16T15:33:19.044605,GET,/api/articles/list/large/,34.92,471824,0,
2026-05-16T15:33:19.047554,POST,/api/articles/analyze/,2.79,58,0,
2026-05-16T15:33:19.059185,GET,/api/articles/list/large/,34.29,471824,0,
2026-05-16T15:33:19.082104,POST,/api/articles/bulk/,7.54,34,0,
2026-05-16T15:33:19.097684,GET,/api/articles/list/small/,4.23,23002,0,
2026-05-16T15:33:19.105770,GET,/api/articles/list/small/,4.21,23002,0,
2026-05-16T15:33:19.132787,GET,/api/articles/list/large/,34.98,471824,0,
2026-05-16T15:33:19.143134,GET,/api/articles/list/large/,33.13,471824,0,
2026-05-16T15:33:19.151249,POST,/api/articles/analyze/,2.87,58,0,
2026-05-16T15:33:19.158250,GET,/api/articles/list/large/,33.75,471824,0,
2026-05-16T15:33:19.158847,GET,/api/articles/list/small/,5.34,23002,0,
2026-05-16T15:33:19.160870,GET,/api/articles/list/large/,33.81,471824,0,
2026-05-16T15:33:19.170527,POST,/api/articles/analyze/,3.24,58,0,
2026-05-16T15:33:19.177545,POST,/api/articles/bulk/,6.89,34,0,
2026-05-16T15:33:19.202799,POST,/api/articles/bulk/,7.5,34,0,
2026-05-16T15:33:19.204488,GET,/api/articles/list/large/,34.9,471824,0,
2026-05-16T15:33:19.207961,GET,/api/articles/list/small/,5.03,23002,0,
2026-05-16T15:33:19.214160,GET,/api/articles/list/large/,34.38,471824,0,
2026-05-16T15:33:19.216739,POST,/api/articles/bulk/,7.56,34,0,
2026-05-16T15:33:19.220070,POST,/api/articles/bulk/,8.0,34,0,
2026-05-16T15:33:19.235096,POST,/api/articles/analyze/,2.64,58,0,
2026-05-16T15:33:19.252843,GET,/api/articles/list/small/,4.49,23002,0,
2026-05-16T15:33:19.262216,POST,/api/articles/bulk/,8.01,34,0,
2026-05-16T15:33:19.273567,GET,/api/articles/list/small/,5.09,23002,0,
2026-05-16T15:33:19.276793,GET,/api/articles/list/small/,4.96,23002,0,
2026-05-16T15:33:19.288997,GET,/api/articles/list/large/,33.53,471824,0,
2026-05-16T15:33:19.292300,GET,/api/articles/list/small/,5.24,23002,0,
2026-05-16T15:33:19.302766,GET,/api/articles/list/large/,33.73,471824,0,
2026-05-16T15:33:19.336446,GET,/api/articles/list/large/,36.93,471824,0,
2026-05-16T15:33:19.340925,GET,/api/articles/list/small/,4.34,23002,0,
2026-05-16T15:33:19.343915,GET,/api/articles/list/large/,33.9,471824,0,
2026-05-16T15:33:19.352717,POST,/api/articles/analyze/,2.58,58,0,
2026-05-16T15:33:19.379085,POST,/api/articles/bulk/,7.05,34,0,
2026-05-16T15:33:19.386799,POST,/api/articles/analyze/,2.51,58,0,
2026-05-16T15:33:19.395318,GET,/api/articles/list/large/,33.29,471824,0,
2026-05-16T15:33:19.398925,GET,/api/articles/list/large/,33.29,471824,0,
2026-05-16T15:33:19.417138,POST,/api/articles/bulk/,7.25,34,0,
2026-05-16T15:33:19.434767,GET,/api/articles/list/large/,33.48,471824,0,
2026-05-16T15:33:19.437210,POST,/api/articles/analyze/,4.86,58,0,
2026-05-16T15:33:19.455154,POST,/api/articles/analyze/,3.34,58,0,
2026-05-16T15:33:19.455730,POST,/api/articles/bulk/,7.73,34,0,
2026-05-16T15:33:19.462175,POST,/api/articles/bulk/,8.2,34,0,
2026-05-16T15:33:19.463965,POST,/api/articles/analyze/,3.68,58,0,
2026-05-16T15:33:19.468714,GET,/api/articles/list/large/,33.79,471824,0,
2026-05-16T15:33:19.470602,POST,/api/articles/analyze/,5.42,58,0,
2026-05-16T15:33:19.475638,POST,/api/articles/analyze/,2.82,58,0,
2026-05-16T15:33:19.477362,POST,/api/articles/analyze/,2.96,58,0,
2026-05-16T15:33:19.481061,GET,/api/articles/list/large/,33.61,471824,0,
2026-05-16T15:33:19.491974,GET,/api/articles/list/small/,4.52,23002,0,
2026-05-16T15:33:19.493358,POST,/api/articles/analyze/,4.48,58,0,
2026-05-16T15:33:19.495839,GET,/api/articles/list/large/,34.64,471824,0,
2026-05-16T15:33:19.499480,POST,/api/articles/analyze/,3.51,58,0,
2026-05-16T15:33:19.503057,GET,/api/articles/list/large/,36.11,471824,0,
2026-05-16T15:33:19.509804,POST,/api/articles/bulk/,8.8,34,0,
2026-05-16T15:33:19.511198,POST,/api/articles/bulk/,8.0,34,0,
2026-05-16T15:33:19.511635,POST,/api/articles/analyze/,6.91,58,0,
2026-05-16T15:33:19.523772,GET,/api/articles/list/large/,36.76,471824,0,
2026-05-16T15:33:19.530788,GET,/api/articles/list/large/,47.44,471824,0,
2026-05-16T15:33:19.543412,GET,/api/articles/list/large/,46.91,471824,0,
2026-05-16T15:33:19.548642,GET,/api/articles/list/large/,34.29,471824,0,
2026-05-16T15:33:19.551006,GET,/api/articles/list/large/,37.15,471824,0,
2026-05-16T15:33:19.552606,GET,/api/articles/list/large/,35.52,471824,0,
2026-05-16T15:33:19.564024,POST,/api/articles/analyze/,3.13,58,0,
2026-05-16T15:33:19.572831,GET,/api/articles/list/large/,41.87,471824,0,
2026-05-16T15:33:19.580735,POST,/api/articles/analyze/,3.66,58,0,
2026-05-16T15:33:19.584849,GET,/api/articles/list/large/,41.28,471824,0,
2026-05-16T15:33:19.585406,POST,/api/articles/bulk/,15.89,34,0,
2026-05-16T15:33:19.600998,GET,/api/articles/list/small/,5.34,23002,0,
2026-05-16T15:33:19.611127,GET,/api/articles/list/large/,40.69,471824,0,
2026-05-16T15:33:19.643606,POST,/api/articles/bulk/,7.97,34,0,
2026-05-16T15:33:19.644027,POST,/api/articles/bulk/,10.11,34,0,
2026-05-16T15:33:19.645955,POST,/api/articles/bulk/,7.88,34,0,
2026-05-16T15:33:19.648693,GET,/api/articles/list/large/,34.36,471824,0,
2026-05-16T15:33:19.654117,POST,/api/articles/analyze/,3.18,58,0,
2026-05-16T15:33:19.657538,GET,/api/articles/list/small/,4.33,23002,0,
2026-05-16T15:33:19.676063,GET,/api/articles/list/small/,4.22,23002,0,
2026-05-16T15:33:19.697630,GET,/api/articles/list/small/,4.38,23002,0,
2026-05-16T15:33:19.710400,GET,/api/articles/list/small/,5.5,23002,0,
2026-05-16T15:33:19.712498,POST,/api/articles/analyze/,3.63,58,0,
2026-05-16T15:33:19.712906,POST,/api/articles/analyze/,3.62,58,0,
2026-05-16T15:33:19.714272,GET,/api/articles/list/small/,5.89,23002,0,
2026-05-16T15:33:19.724155,GET,/api/articles/list/small/,4.49,23002,0,
2026-05-16T15:33:19.727503,GET,/api/articles/list/small/,4.35,23002,0,
2026-05-16T15:33:19.741222,POST,/api/articles/bulk/,13.14,34,0,
2026-05-16T15:33:19.743060,POST,/api/articles/analyze/,2.93,58,0,
2026-05-16T15:33:19.750935,POST,/api/articles/analyze/,2.64,58,0,
2026-05-16T15:33:19.768070,GET,/api/articles/list/large/,40.45,471824,0,
2026-05-16T15:33:19.797946,POST,/api/articles/bulk/,7.47,34,0,
2026-05-16T15:33:19.831169,GET,/api/articles/list/large/,34.6,471824,0,
2026-05-16T15:33:19.857068,GET,/api/articles/list/large/,33.51,471824,0,
2026-05-16T15:33:19.871211,GET,/api/articles/list/large/,35.82,471824,0,
2026-05-16T15:33:19.894019,GET,/api/articles/list/small/,4.6,23002,0,
2026-05-16T15:33:19.918209,POST,/api/articles/analyze/,2.88,58,0,
2026-05-16T15:33:19.971161,GET,/api/articles/list/small/,4.36,23002,0,
2026-05-16T15:33:19.978040,POST,/api/articles/analyze/,2.73,58,0,
2026-05-16T15:33:19.983780,GET,/api/articles/list/large/,34.22,471824,0,
2026-05-16T15:33:19.997136,GET,/api/articles/list/large/,33.95,471824,0,
2026-05-16T15:33:20.004845,GET,/api/articles/list/large/,34.58,471824,0,
2026-05-16T15:33:20.039551,GET,/api/articles/list/large/,33.3,471824,0,
2026-05-16T15:33:20.048549,GET,/api/articles/list/small/,4.38,23002,0,
2026-05-16T15:33:20.071230,POST,/api/articles/bulk/,7.42,34,0,
2026-05-16T15:33:20.075535,GET,/api/articles/list/large/,37.82,471824,0,
2026-05-16T15:33:20.088561,GET,/api/articles/list/small/,4.4,23002,0,
2026-05-16T15:33:20.107810,GET,/api/articles/list/large/,34.31,471824,0,
2026-05-16T15:33:20.138360,POST,/api/articles/bulk/,7.26,34,0,
2026-05-16T15:33:20.156411,POST,/api/articles/analyze/,2.7,58,0,
2026-05-16T15:33:20.164073,GET,/api/articles/list/small/,4.3,23002,0,
2026-05-16T15:33:20.171332,POST,/api/articles/bulk/,7.12,34,0,
2026-05-16T15:33:20.173807,POST,/api/articles/analyze/,2.35,58,0,
2026-05-16T15:33:20.195414,POST,/api/articles/analyze/,2.84,58,0,
2026-05-16T15:33:20.204431,GET,/api/articles/list/large/,34.51,471824,0,
2026-05-16T15:33:20.206316,POST,/api/articles/analyze/,3.7,58,0,
2026-05-16T15:33:20.214743,GET,/api/articles/list/small/,4.25,23002,0,
2026-05-16T15:33:20.227134,GET,/api/articles/list/large/,35.09,471824,0,
2026-05-16T15:33:20.233079,POST,/api/articles/bulk/,8.1,34,0,
2026-05-16T15:33:20.245690,GET,/api/articles/list/small/,4.27,23002,0,
2026-05-16T15:33:20.278338,POST,/api/articles/bulk/,11.14,34,0,
2026-05-16T15:33:20.282914,POST,/api/articles/analyze/,2.75,58,0,
2026-05-16T15:33:20.284116,GET,/api/articles/list/large/,34.04,471824,0,
2026-05-16T15:33:20.284716,POST,/api/articles/bulk/,8.45,34,0,
2026-05-16T15:33:20.292518,GET,/api/articles/list/large/,37.92,471824,0,
2026-05-16T15:33:20.310475,GET,/api/articles/list/large/,35.29,471824,0,
2026-05-16T15:33:20.311064,POST,/api/articles/analyze/,4.69,58,0,
2026-05-16T15:33:20.311546,GET,/api/articles/list/small/,5.76,23002,0,
2026-05-16T15:33:20.312205,GET,/api/articles/list/small/,4.5,23002,0,
2026-05-16T15:33:20.368092,POST,/api/articles/analyze/,4.62,58,0,
2026-05-16T15:33:20.371499,GET,/api/articles/list/small/,4.36,23002,0,
2026-05-16T15:33:20.371901,POST,/api/articles/bulk/,7.85,34,0,
2026-05-16T15:33:20.384872,POST,/api/articles/analyze/,2.67,58,0,
2026-05-16T15:33:20.392153,POST,/api/articles/analyze/,2.56,58,0,
2026-05-16T15:33:20.396124,POST,/api/articles/analyze/,2.69,58,0,
2026-05-16T15:33:20.411895,POST,/api/articles/bulk/,8.53,34,0,
2026-05-16T15:33:20.416733,POST,/api/articles/analyze/,2.62,58,0,
2026-05-16T15:33:20.419354,GET,/api/articles/list/large/,33.13,471824,0,
2026-05-16T15:33:20.424383,POST,/api/articles/analyze/,2.82,58,0,
2026-05-16T15:33:20.438915,POST,/api/articles/bulk/,7.29,34,0,
2026-05-16T15:33:20.442540,POST,/api/articles/analyze/,2.36,58,0,
2026-05-16T15:33:20.446709,POST,/api/articles/analyze/,2.93,58,0,
2026-05-16T15:33:20.468524,GET,/api/articles/list/large/,34.07,471824,0,
2026-05-16T15:33:20.470555,GET,/api/articles/list/large/,33.57,471824,0,
2026-05-16T15:33:20.471066,POST,/api/articles/bulk/,8.59,34,0,
2026-05-16T15:33:20.476813,GET,/api/articles/list/small/,4.49,23002,0,
2026-05-16T15:33:20.479775,GET,/api/articles/list/large/,35.08,471824,0,
2026-05-16T15:33:20.481877,POST,/api/articles/bulk/,7.14,34,0,
2026-05-16T15:33:20.482412,POST,/api/articles/analyze/,2.51,58,0,
2026-05-16T15:33:20.491407,GET,/api/articles/list/small/,5.67,23002,0,
2026-05-16T15:33:20.494131,POST,/api/articles/bulk/,7.93,34,0,
2026-05-16T15:33:20.496211,POST,/api/articles/analyze/,2.95,58,0,
2026-05-16T15:33:20.508082,GET,/api/articles/list/small/,4.24,23002,0,
2026-05-16T15:33:20.516314,POST,/api/articles/bulk/,7.02,34,0,
2026-05-16T15:33:20.530361,POST,/api/articles/bulk/,7.86,34,0,
2026-05-16T15:33:20.534099,GET,/api/articles/list/large/,33.65,471824,0,
2026-05-16T15:33:20.536816,POST,/api/articles/analyze/,2.58,58,0,
2026-05-16T15:33:20.544438,POST,/api/articles/analyze/,2.59,58,0,
2026-05-16T15:33:20.545076,POST,/api/articles/bulk/,7.05,34,0,
2026-05-16T15:33:20.557192,GET,/api/articles/list/large/,33.86,471824,0,
2026-05-16T15:33:20.572230,GET,/api/articles/list/small/,4.65,23002,0,
2026-05-16T15:33:20.602451,POST,/api/articles/analyze/,3.19,58,0,
2026-05-16T15:33:20.608543,POST,/api/articles/analyze/,2.87,58,0,
2026-05-16T15:33:20.629283,GET,/api/articles/list/small/,4.16,23002,0,
2026-05-16T15:33:20.633623,GET,/api/articles/list/large/,35.03,471824,0,
2026-05-16T15:33:20.653172,POST,/api/articles/bulk/,7.34,34,0,
2026-05-16T15:33:20.657662,GET,/api/articles/list/large/,33.87,471824,0,
2026-05-16T15:33:20.673258,GET,/api/articles/list/small/,4.39,23002,0,
2026-05-16T15:33:20.686782,GET,/api/articles/list/large/,33.46,471824,0,
2026-05-16T15:33:20.687757,POST,/api/articles/bulk/,7.3,34,0,
2026-05-16T15:33:20.698062,POST,/api/articles/bulk/,7.15,34,0,
2026-05-16T15:33:20.706317,GET,/api/articles/list/small/,4.9,23002,0,
2026-05-16T15:33:20.708318,POST,/api/articles/analyze/,2.97,58,0,
2026-05-16T15:33:20.709522,GET,/api/articles/list/small/,4.64,23002,0,
2026-05-16T15:33:20.726450,GET,/api/articles/list/small/,4.6,23002,0,
2026-05-16T15:33:20.728503,POST,/api/articles/analyze/,3.02,58,0,
2026-05-16T15:33:20.737004,GET,/api/articles/list/small/,4.14,23002,0,
2026-05-16T15:33:20.788397,POST,/api/articles/bulk/,7.94,34,0,
2026-05-16T15:33:20.792049,GET,/api/articles/list/small/,6.6,23002,0,
2026-05-16T15:33:20.794866,POST,/api/articles/bulk/,7.7,34,0,
2026-05-16T15:33:20.801715,POST,/api/articles/analyze/,2.71,58,0,
2026-05-16T15:33:20.804151,POST,/api/articles/analyze/,2.31,58,0,
2026-05-16T15:33:20.806251,POST,/api/articles/bulk/,8.08,34,0,
2026-05-16T15:33:20.860237,GET,/api/articles/list/small/,4.59,23002,0,
2026-05-16T15:33:20.864365,GET,/api/articles/list/large/,33.89,471824,0,
2026-05-16T15:33:20.865237,POST,/api/articles/bulk/,7.04,34,0,
2026-05-16T15:33:20.877327,GET,/api/articles/list/large/,33.13,471824,0,
2026-05-16T15:33:20.893906,GET,/api/articles/list/small/,4.35,23002,0,
2026-05-16T15:33:20.904710,GET,/api/articles/list/small/,5.55,23002,0,
2026-05-16T15:33:20.907819,POST,/api/articles/bulk/,7.42,34,0,
2026-05-16T15:33:20.908950,GET,/api/articles/list/large/,34.53,471824,0,
2026-05-16T15:33:20.909400,GET,/api/articles/list/small/,5.58,23002,0,
2026-05-16T15:33:20.926760,POST,/api/articles/bulk/,7.98,34,0,
2026-05-16T15:33:20.933307,GET,/api/articles/list/small/,4.3,23002,0,
2026-05-16T15:33:20.954269,GET,/api/articles/list/large/,33.86,471824,0,
2026-05-16T15:33:21.019658,POST,/api/articles/analyze/,2.87,58,0,
2026-05-16T15:33:21.031432,GET,/api/articles/list/small/,5.55,23002,0,
2026-05-16T15:33:21.034150,POST,/api/articles/bulk/,7.73,34,0,
2026-05-16T15:33:21.037722,GET,/api/articles/list/small/,4.5,23002,0,
2026-05-16T15:33:21.047998,GET,/api/articles/list/small/,4.98,23002,0,
2026-05-16T15:33:21.066284,POST,/api/articles/analyze/,2.56,58,0,
2026-05-16T15:33:21.067774,POST,/api/articles/bulk/,8.31,34,0,
2026-05-16T15:33:21.081821,POST,/api/articles/analyze/,3.29,58,0,
2026-05-16T15:33:21.093473,GET,/api/articles/list/small/,5.37,23002,0,
2026-05-16T15:33:21.097113,GET,/api/articles/list/large/,35.92,471824,0,
2026-05-16T15:33:21.110829,POST,/api/articles/bulk/,7.42,34,0,
2026-05-16T15:33:21.114891,GET,/api/articles/list/large/,36.87,471824,0,
2026-05-16T15:33:21.115715,GET,/api/articles/list/small/,6.35,23002,0,
2026-05-16T15:33:21.128566,GET,/api/articles/list/large/,37.51,471824,0,
2026-05-16T15:33:21.156130,GET,/api/articles/list/large/,35.02,471824,0,
2026-05-16T15:33:21.177856,POST,/api/articles/bulk/,7.5,34,0,
2026-05-16T15:33:21.184533,GET,/api/articles/list/large/,34.67,471824,0,
2026-05-16T15:33:21.190840,POST,/api/articles/bulk/,8.82,34,0,
2026-05-16T15:33:21.196506,GET,/api/articles/list/small/,4.48,23002,0,
2026-05-16T15:33:21.205269,POST,/api/articles/analyze/,2.6,58,0,
2026-05-16T15:33:21.210749,GET,/api/articles/list/small/,4.23,23002,0,
2026-05-16T15:33:21.217874,GET,/api/articles/list/large/,34.97,471824,0,
2026-05-16T15:33:21.222270,POST,/api/articles/bulk/,7.27,34,0,
2026-05-16T15:33:21.237210,GET,/api/articles/list/small/,7.05,23002,0,
2026-05-16T15:33:21.237667,GET,/api/articles/list/small/,6.46,23002,0,
2026-05-16T15:33:21.240357,POST,/api/articles/bulk/,7.15,34,0,
2026-05-16T15:33:21.247428,GET,/api/articles/list/small/,4.36,23002,0,
2026-05-16T15:33:21.247877,GET,/api/articles/list/small/,5.31,23002,0,
2026-05-16T15:33:21.257660,GET,/api/articles/list/large/,34.02,471824,0,
2026-05-16T15:33:21.258680,GET,/api/articles/list/small/,4.23,23002,0,
2026-05-16T15:33:21.260901,POST,/api/articles/bulk/,7.8,34,0,
2026-05-16T15:33:21.270789,POST,/api/articles/bulk/,7.7,34,0,
2026-05-16T15:33:21.280165,POST,/api/articles/analyze/,3.99,58,0,
2026-05-16T15:33:21.280629,POST,/api/articles/analyze/,3.86,58,0,
2026-05-16T15:33:21.282522,GET,/api/articles/list/small/,4.68,23002,0,
2026-05-16T15:33:21.295426,POST,/api/articles/bulk/,7.64,34,0,
2026-05-16T15:33:21.305139,POST,/api/articles/analyze/,2.99,58,0,
2026-05-16T15:33:21.323272,POST,/api/articles/analyze/,2.91,58,0,
2026-05-16T15:33:21.329890,GET,/api/articles/list/large/,36.13,471824,0,
2026-05-16T15:33:21.332315,GET,/api/articles/list/large/,36.74,471824,0,
2026-05-16T15:33:21.339499,POST,/api/articles/bulk/,9.44,34,0,
2026-05-16T15:33:21.346808,POST,/api/articles/bulk/,8.87,34,0,
2026-05-16T15:33:21.362543,POST,/api/articles/bulk/,7.48,34,0,
2026-05-16T15:33:21.374140,POST,/api/articles/bulk/,7.27,34,0,
2026-05-16T15:33:21.381010,POST,/api/articles/analyze/,2.6,58,0,
2026-05-16T15:33:21.434586,POST,/api/articles/analyze/,2.59,58,0,
2026-05-16T15:33:21.449618,GET,/api/articles/list/large/,34.33,471824,0,
2026-05-16T15:33:21.454186,GET,/api/articles/list/small/,4.43,23002,0,
2026-05-16T15:33:21.464588,POST,/api/articles/bulk/,7.18,34,0,
2026-05-16T15:33:21.465784,GET,/api/articles/list/large/,34.82,471824,0,
2026-05-16T15:33:21.486669,GET,/api/articles/list/small/,4.52,23002,0,
2026-05-16T15:33:21.493752,POST,/api/articles/bulk/,6.95,34,0,
2026-05-16T15:33:21.494732,GET,/api/articles/list/small/,4.22,23002,0,
2026-05-16T15:33:21.505453,POST,/api/articles/analyze/,3.4,58,0,
2026-05-16T15:33:21.509193,POST,/api/articles/analyze/,2.52,58,0,
2026-05-16T15:33:21.517676,GET,/api/articles/list/small/,4.28,23002,0,
2026-05-16T15:33:21.535718,GET,/api/articles/list/large/,33.16,471824,0,
2026-05-16T15:33:21.539552,POST,/api/articles/analyze/,2.58,58,0,
2026-05-16T15:33:21.561003,GET,/api/articles/list/large/,34.11,471824,0,
2026-05-16T15:33:21.564769,GET,/api/articles/list/large/,33.38,471824,0,
2026-05-16T15:33:21.565268,POST,/api/articles/analyze/,3.02,58,0,
2026-05-16T15:33:21.572578,POST,/api/articles/analyze/,2.66,58,0,
2026-05-16T15:33:21.574677,GET,/api/articles/list/small/,5.23,23002,0,
2026-05-16T15:33:21.588118,GET,/api/articles/list/large/,33.36,471824,0,
2026-05-16T15:33:21.640897,GET,/api/articles/list/small/,4.48,23002,0,
2026-05-16T15:33:21.648692,POST,/api/articles/analyze/,2.49,58,0,
2026-05-16T15:33:21.660331,GET,/api/articles/list/small/,4.27,23002,0,
2026-05-16T15:33:21.694078,GET,/api/articles/list/small/,4.45,23002,0,
2026-05-16T15:33:21.724340,POST,/api/articles/analyze/,2.66,58,0,
2026-05-16T15:33:21.724770,POST,/api/articles/analyze/,26.82,58,0,
2026-05-16T15:33:21.736205,GET,/api/articles/list/small/,6.22,23002,0,
2026-05-16T15:33:21.738144,POST,/api/articles/analyze/,3.14,58,0,
2026-05-16T15:33:21.738576,POST,/api/articles/analyze/,4.07,58,0,
2026-05-16T15:33:21.743153,POST,/api/articles/bulk/,9.53,34,0,
2026-05-16T15:33:21.752910,GET,/api/articles/list/small/,4.49,23002,0,
2026-05-16T15:33:21.754924,GET,/api/articles/list/large/,57.46,471824,0,
2026-05-16T15:33:21.760575,GET,/api/articles/list/small/,5.53,23002,0,
2026-05-16T15:33:21.762594,POST,/api/articles/bulk/,7.1,34,0,
2026-05-16T15:33:21.773408,GET,/api/articles/list/small/,4.57,23002,0,
2026-05-16T15:33:21.775392,GET,/api/articles/list/large/,38.13,471824,0,
2026-05-16T15:33:21.799079,POST,/api/articles/bulk/,7.26,34,0,
2026-05-16T15:33:21.801425,POST,/api/articles/analyze/,3.74,58,0,
2026-05-16T15:33:21.801927,POST,/api/articles/analyze/,3.76,58,0,
2026-05-16T15:33:21.804683,GET,/api/articles/list/small/,5.44,23002,0,
2026-05-16T15:33:21.828717,POST,/api/articles/analyze/,3.13,58,0,
2026-05-16T15:33:21.837966,POST,/api/articles/bulk/,8.04,34,0,
2026-05-16T15:33:21.857701,POST,/api/articles/bulk/,11.51,34,0,
2026-05-16T15:33:21.859165,GET,/api/articles/list/large/,34.11,471824,0,
2026-05-16T15:33:21.865696,GET,/api/articles/list/large/,34.96,471824,0,
2026-05-16T15:33:21.866786,POST,/api/articles/bulk/,10.49,34,0,
2026-05-16T15:33:21.869016,POST,/api/articles/analyze/,3.18,58,0,
2026-05-16T15:33:21.872432,GET,/api/articles/list/large/,38.86,471824,0,
2026-05-16T15:33:21.883059,GET,/api/articles/list/small/,4.32,23002,0,
2026-05-16T15:33:21.883487,POST,/api/articles/bulk/,8.29,34,0,
2026-05-16T15:33:21.899513,POST,/api/articles/analyze/,2.78,58,0,
2026-05-16T15:33:21.906295,GET,/api/articles/list/large/,33.71,471824,0,
2026-05-16T15:33:21.916022,GET,/api/articles/list/small/,4.45,23002,0,
2026-05-16T15:33:21.932548,POST,/api/articles/bulk/,7.16,34,0,
2026-05-16T15:33:21.958886,GET,/api/articles/list/large/,34.64,471824,0,
2026-05-16T15:33:21.964413,GET,/api/articles/list/small/,5.4,23002,0,
2026-05-16T15:33:21.990081,GET,/api/articles/list/large/,34.26,471824,0,
2026-05-16T15:33:21.993491,GET,/api/articles/list/large/,34.01,471824,0,
2026-05-16T15:33:21.994493,GET,/api/articles/list/small/,6.15,23002,0,
2026-05-16T15:33:21.997679,POST,/api/articles/analyze/,4.06,58,0,
2026-05-16T15:33:22.012250,GET,/api/articles/list/small/,4.34,23002,0,
2026-05-16T15:33:22.021707,POST,/api/articles/bulk/,8.22,34,0,
2026-05-16T15:33:22.022637,POST,/api/articles/analyze/,2.59,58,0,
2026-05-16T15:33:22.026060,POST,/api/articles/bulk/,8.0,34,0,
2026-05-16T15:33:22.028945,GET,/api/articles/list/large/,33.41,471824,0,
2026-05-16T15:33:22.029395,POST,/api/articles/analyze/,3.23,58,0,
2026-05-16T15:33:22.047906,GET,/api/articles/list/large/,33.66,471824,0,
2026-05-16T15:33:22.049142,GET,/api/articles/list/small/,4.54,23002,0,
2026-05-16T15:33:22.057679,GET,/api/articles/list/small/,4.23,23002,0,
2026-05-16T15:33:22.058107,POST,/api/articles/bulk/,7.35,34,0,
2026-05-16T15:33:22.075901,POST,/api/articles/analyze/,2.93,58,0,
2026-05-16T15:33:22.082270,GET,/api/articles/list/large/,34.22,471824,0,
2026-05-16T15:33:22.091990,POST,/api/articles/bulk/,7.58,34,0,
2026-05-16T15:33:22.092823,POST,/api/articles/bulk/,9.25,34,0,
2026-05-16T15:33:22.094106,GET,/api/articles/list/small/,4.36,23002,0,
2026-05-16T15:33:22.104830,GET,/api/articles/list/large/,38.5,471824,0,
2026-05-16T15:33:22.116836,GET,/api/articles/list/small/,4.77,23002,0,
2026-05-16T15:33:22.133481,POST,/api/articles/analyze/,3.78,58,0,
2026-05-16T15:33:22.134339,POST,/api/articles/bulk/,7.57,34,0,
2026-05-16T15:33:22.138000,POST,/api/articles/bulk/,7.79,34,0,
2026-05-16T15:33:22.139273,GET,/api/articles/list/large/,38.91,471824,0,
2026-05-16T15:33:22.146397,GET,/api/articles/list/small/,4.88,23002,0,
2026-05-16T15:33:22.154580,GET,/api/articles/list/large/,34.48,471824,0,
2026-05-16T15:33:22.160395,GET,/api/articles/list/small/,4.43,23002,0,
2026-05-16T15:33:22.190864,POST,/api/articles/bulk/,8.4,34,0,
2026-05-16T15:33:22.201889,POST,/api/articles/bulk/,7.05,34,0,
2026-05-16T15:33:22.202317,POST,/api/articles/bulk/,8.25,34,0,
2026-05-16T15:33:22.210889,POST,/api/articles/bulk/,7.35,34,0,
2026-05-16T15:33:22.212196,GET,/api/articles/list/large/,33.29,471824,0,
2026-05-16T15:33:22.218240,GET,/api/articles/list/small/,4.66,23002,0,
2026-05-16T15:33:22.220742,GET,/api/articles/list/small/,4.55,23002,0,
2026-05-16T15:33:22.221767,GET,/api/articles/list/small/,4.44,23002,0,
2026-05-16T15:33:22.243380,POST,/api/articles/bulk/,7.24,34,0,
2026-05-16T15:33:22.273383,GET,/api/articles/list/small/,4.69,23002,0,
2026-05-16T15:33:22.280270,GET,/api/articles/list/large/,33.66,471824,0,
2026-05-16T15:33:22.294567,GET,/api/articles/list/large/,39.44,471824,0,
2026-05-16T15:33:22.305440,POST,/api/articles/analyze/,2.57,58,0,
2026-05-16T15:33:22.308179,POST,/api/articles/bulk/,7.36,34,0,
2026-05-16T15:33:22.338728,POST,/api/articles/bulk/,7.27,34,0,
2026-05-16T15:33:22.381541,POST,/api/articles/bulk/,8.14,34,0,
2026-05-16T15:33:22.381975,POST,/api/articles/bulk/,7.2,34,0,
2026-05-16T15:33:22.384898,GET,/api/articles/list/large/,33.95,471824,0,
2026-05-16T15:33:22.385951,POST,/api/articles/bulk/,7.32,34,0,
2026-05-16T15:33:22.395613,GET,/api/articles/list/small/,4.23,23002,0,
2026-05-16T15:33:22.428167,POST,/api/articles/bulk/,7.2,34,0,
2026-05-16T15:33:22.458951,POST,/api/articles/analyze/,2.59,58,0,
2026-05-16T15:33:22.459614,POST,/api/articles/bulk/,7.23,34,0,
2026-05-16T15:33:22.492697,POST,/api/articles/analyze/,2.72,58,0,
2026-05-16T15:33:22.501596,GET,/api/articles/list/small/,4.7,23002,0,
2026-05-16T15:33:22.521002,GET,/api/articles/list/small/,4.51,23002,0,
2026-05-16T15:33:22.527432,POST,/api/articles/analyze/,2.64,58,0,
2026-05-16T15:33:22.531267,POST,/api/articles/bulk/,9.04,34,0,
2026-05-16T15:33:22.531690,POST,/api/articles/bulk/,8.69,34,0,
2026-05-16T15:33:22.537556,GET,/api/articles/list/large/,33.59,471824,0,
2026-05-16T15:33:22.550761,POST,/api/articles/analyze/,2.92,58,0,
2026-05-16T15:33:22.553231,POST,/api/articles/analyze/,2.35,58,0,
2026-05-16T15:33:22.573898,POST,/api/articles/analyze/,3.34,58,0,
2026-05-16T15:33:22.577098,GET,/api/articles/list/small/,5.07,23002,0,
2026-05-16T15:33:22.598776,POST,/api/articles/bulk/,7.49,34,0,
2026-05-16T15:33:22.614761,GET,/api/articles/list/large/,33.12,471824,0,
2026-05-16T15:33:22.623852,POST,/api/articles/analyze/,2.82,58,0,
2026-05-16T15:33:22.661679,GET,/api/articles/list/small/,4.73,23002,0,
2026-05-16T15:33:22.664794,POST,/api/articles/bulk/,8.69,34,0,
2026-05-16T15:33:22.672739,GET,/api/articles/list/small/,6.75,23002,0,
2026-05-16T15:33:22.673999,POST,/api/articles/bulk/,6.99,34,0,
2026-05-16T15:33:22.676750,GET,/api/articles/list/small/,5.99,23002,0,
2026-05-16T15:33:22.691017,POST,/api/articles/bulk/,8.05,34,0,
2026-05-16T15:33:22.716208,POST,/api/articles/bulk/,7.76,34,0,
2026-05-16T15:33:22.723689,GET,/api/articles/list/small/,5.12,23002,0,
2026-05-16T15:33:22.724145,GET,/api/articles/list/small/,5.02,23002,0,
2026-05-16T15:33:22.748748,GET,/api/articles/list/small/,4.58,23002,0,
2026-05-16T15:33:22.764458,GET,/api/articles/list/large/,33.98,471824,0,
2026-05-16T15:33:22.775842,POST,/api/articles/analyze/,2.98,58,0,
2026-05-16T15:33:22.777827,GET,/api/articles/list/small/,5.52,23002,0,
2026-05-16T15:33:22.783556,GET,/api/articles/list/large/,34.67,471824,0,
2026-05-16T15:33:22.787607,POST,/api/articles/bulk/,7.58,34,0,
2026-05-16T15:33:22.796700,GET,/api/articles/list/large/,37.34,471824,0,
2026-05-16T15:33:22.805486,GET,/api/articles/list/large/,35.78,471824,0,
2026-05-16T15:33:22.811892,POST,/api/articles/bulk/,8.47,34,0,
2026-05-16T15:33:22.815756,POST,/api/articles/analyze/,2.58,58,0,
2026-05-16T15:33:22.831188,POST,/api/articles/bulk/,8.21,34,0,
2026-05-16T15:33:22.832360,GET,/api/articles/list/large/,33.43,471824,0,
2026-05-16T15:33:22.838239,POST,/api/articles/bulk/,8.37,34,0,
2026-05-16T15:33:22.846848,POST,/api/articles/bulk/,7.24,34,0,
2026-05-16T15:33:22.876159,GET,/api/articles/list/large/,33.71,471824,0,
2026-05-16T15:33:22.877143,POST,/api/articles/analyze/,3.6,58,0,
2026-05-16T15:33:22.887872,GET,/api/articles/list/large/,33.82,471824,0,
2026-05-16T15:33:22.892545,GET,/api/articles/list/small/,4.54,23002,0,
2026-05-16T15:33:22.905039,POST,/api/articles/analyze/,3.5,58,0,
2026-05-16T15:33:22.907386,GET,/api/articles/list/small/,5.29,23002,0,
2026-05-16T15:33:22.907836,GET,/api/articles/list/small/,4.85,23002,0,
2026-05-16T15:33:22.912806,GET,/api/articles/list/large/,36.48,471824,0,
2026-05-16T15:33:22.923780,GET,/api/articles/list/small/,4.66,23002,0,
2026-05-16T15:33:22.934769,GET,/api/articles/list/large/,37.96,471824,0,
2026-05-16T15:33:22.935235,POST,/api/articles/analyze/,3.2,58,0,
2026-05-16T15:33:22.950199,POST,/api/articles/analyze/,2.44,58,0,
2026-05-16T15:33:22.960274,POST,/api/articles/analyze/,2.83,58,0,
2026-05-16T15:33:22.977094,GET,/api/articles/list/small/,4.56,23002,0,
2026-05-16T15:33:22.980586,GET,/api/articles/list/large/,34.01,471824,0,
2026-05-16T15:33:22.986437,GET,/api/articles/list/small/,4.41,23002,0,
2026-05-16T15:33:22.998236,POST,/api/articles/bulk/,11.67,34,0,
2026-05-16T15:33:23.024748,GET,/api/articles/list/large/,39.19,471824,0,
2026-05-16T15:33:23.037812,POST,/api/articles/bulk/,7.49,34,0,
2026-05-16T15:33:23.038259,POST,/api/articles/bulk/,8.64,34,0,
2026-05-16T15:33:23.059049,GET,/api/articles/list/small/,5.6,23002,0,
2026-05-16T15:33:23.065145,GET,/api/articles/list/large/,36.01,471824,0,
2026-05-16T15:33:23.071990,POST,/api/articles/bulk/,8.65,34,0,
2026-05-16T15:33:23.072415,POST,/api/articles/bulk/,7.1,34,0,
2026-05-16T15:33:23.086112,POST,/api/articles/analyze/,3.37,58,0,
2026-05-16T15:33:23.091084,POST,/api/articles/bulk/,7.03,34,0,
2026-05-16T15:33:23.093734,POST,/api/articles/analyze/,2.53,58,0,
2026-05-16T15:33:23.113472,POST,/api/articles/bulk/,7.2,34,0,
2026-05-16T15:33:23.127288,GET,/api/articles/list/small/,4.62,23002,0,
2026-05-16T15:33:23.132313,GET,/api/articles/list/large/,33.38,471824,0,
2026-05-16T15:33:23.138996,GET,/api/articles/list/small/,4.26,23002,0,
2026-05-16T15:33:23.170534,GET,/api/articles/list/small/,8.17,23002,0,
2026-05-16T15:33:23.171541,POST,/api/articles/analyze/,5.25,58,0,
2026-05-16T15:33:23.183282,POST,/api/articles/bulk/,7.26,34,0,
2026-05-16T15:33:23.184774,POST,/api/articles/analyze/,2.92,58,0,
2026-05-16T15:33:23.215226,POST,/api/articles/bulk/,7.17,34,0,
2026-05-16T15:33:23.221075,POST,/api/articles/analyze/,2.5,58,0,
2026-05-16T15:33:23.259003,POST,/api/articles/analyze/,2.73,58,0,
2026-05-16T15:33:23.267974,POST,/api/articles/analyze/,2.6,58,0,
2026-05-16T15:33:23.298851,GET,/api/articles/list/small/,4.78,23002,0,
2026-05-16T15:33:23.300769,POST,/api/articles/analyze/,3.87,58,0,
2026-05-16T15:33:23.305125,POST,/api/articles/bulk/,7.76,34,0,
2026-05-16T15:33:23.305537,POST,/api/articles/analyze/,2.57,58,0,
2026-05-16T15:33:23.327834,GET,/api/articles/list/large/,34.51,471824,0,
2026-05-16T15:33:23.341820,POST,/api/articles/analyze/,2.71,58,0,
2026-05-16T15:33:23.343281,GET,/api/articles/list/large/,33.53,471824,0,
2026-05-16T15:33:23.362712,POST,/api/articles/analyze/,3.35,58,0,
2026-05-16T15:33:23.370113,POST,/api/articles/bulk/,7.16,34,0,
2026-05-16T15:33:23.370540,GET,/api/articles/list/small/,4.77,23002,0,
2026-05-16T15:33:23.385830,POST,/api/articles/bulk/,8.12,34,0,
2026-05-16T15:33:23.387356,POST,/api/articles/analyze/,2.73,58,0,
2026-05-16T15:33:23.396027,GET,/api/articles/list/large/,34.32,471824,0,
2026-05-16T15:33:23.403780,GET,/api/articles/list/small/,4.34,23002,0,
2026-05-16T15:33:23.444165,POST,/api/articles/bulk/,7.23,34,0,
2026-05-16T15:33:23.451431,POST,/api/articles/analyze/,3.29,58,0,
2026-05-16T15:33:23.455225,POST,/api/articles/bulk/,7.82,34,0,
2026-05-16T15:33:23.456412,GET,/api/articles/list/large/,34.28,471824,0,
2026-05-16T15:33:23.458827,GET,/api/articles/list/large/,35.26,471824,0,
2026-05-16T15:33:23.460115,POST,/api/articles/bulk/,7.44,34,0,
2026-05-16T15:33:23.463850,POST,/api/articles/analyze/,2.52,58,0,
2026-05-16T15:33:23.464855,POST,/api/articles/bulk/,7.96,34,0,
2026-05-16T15:33:23.492161,POST,/api/articles/analyze/,4.32,58,0,
2026-05-16T15:33:23.494023,POST,/api/articles/bulk/,7.86,34,0,
2026-05-16T15:33:23.496502,GET,/api/articles/list/small/,6.49,23002,0,
2026-05-16T15:33:23.541848,POST,/api/articles/bulk/,8.09,34,0,
2026-05-16T15:33:23.548996,POST,/api/articles/analyze/,3.82,58,0,
2026-05-16T15:33:23.552873,POST,/api/articles/bulk/,7.2,34,0,
2026-05-16T15:33:23.553301,GET,/api/articles/list/small/,4.17,23002,0,
2026-05-16T15:33:23.562311,POST,/api/articles/bulk/,7.8,34,0,
2026-05-16T15:33:23.577412,POST,/api/articles/bulk/,7.31,34,0,
2026-05-16T15:33:23.601854,GET,/api/articles/list/small/,5.02,23002,0,
2026-05-16T15:33:23.605342,GET,/api/articles/list/large/,35.71,471824,0,
2026-05-16T15:33:23.627762,POST,/api/articles/analyze/,2.85,58,0,
2026-05-16T15:33:23.632074,GET,/api/articles/list/large/,34.13,471824,0,
2026-05-16T15:33:23.638417,GET,/api/articles/list/large/,34.46,471824,0,
2026-05-16T15:33:23.663279,GET,/api/articles/list/small/,4.64,23002,0,
2026-05-16T15:33:23.664538,POST,/api/articles/analyze/,3.23,58,0,
2026-05-16T15:33:23.665848,GET,/api/articles/list/large/,33.63,471824,0,
2026-05-16T15:33:23.671815,POST,/api/articles/bulk/,8.41,34,0,
2026-05-16T15:33:23.678653,GET,/api/articles/list/small/,4.57,23002,0,
2026-05-16T15:33:23.697253,GET,/api/articles/list/small/,4.98,23002,0,
2026-05-16T15:33:23.707875,POST,/api/articles/bulk/,8.32,34,0,
2026-05-16T15:33:23.719918,GET,/api/articles/list/small/,8.07,23002,0,
2026-05-16T15:33:23.734154,GET,/api/articles/list/large/,43.22,471824,0,
2026-05-16T15:33:23.759246,GET,/api/articles/list/small/,6.21,23002,0,
2026-05-16T15:33:23.761278,GET,/api/articles/list/large/,55.23,471824,0,
2026-05-16T15:33:23.792636,POST,/api/articles/analyze/,3.59,58,0,
2026-05-16T15:33:23.800850,GET,/api/articles/list/large/,41.45,471824,0,
2026-05-16T15:33:23.810301,GET,/api/articles/list/large/,42.34,471824,0,
2026-05-16T15:33:23.811567,GET,/api/articles/list/small/,9.41,23002,0,
2026-05-16T15:33:23.820430,POST,/api/articles/analyze/,3.9,58,0,
2026-05-16T15:33:23.836425,POST,/api/articles/analyze/,6.73,58,0,
2026-05-16T15:33:23.837499,POST,/api/articles/analyze/,4.44,58,0,
2026-05-16T15:33:23.852426,POST,/api/articles/analyze/,11.25,58,0,
2026-05-16T15:33:23.859992,GET,/api/articles/list/large/,49.47,471824,0,
2026-05-16T15:33:23.860746,POST,/api/articles/analyze/,9.84,58,0,
2026-05-16T15:33:23.895424,GET,/api/articles/list/large/,58.35,471824,0,
2026-05-16T15:33:23.896344,GET,/api/articles/list/small/,8.11,23002,0,
2026-05-16T15:33:23.910358,GET,/api/articles/list/large/,66.95,471824,0,
2026-05-16T15:33:23.914356,GET,/api/articles/list/large/,40.57,471824,0,
2026-05-16T15:33:23.919339,GET,/api/articles/list/large/,52.16,471824,0,
2026-05-16T15:33:23.929285,GET,/api/articles/list/small/,5.65,23002,0,
2026-05-16T15:33:23.940635,POST,/api/articles/bulk/,8.99,34,0,
2026-05-16T15:33:23.941381,POST,/api/articles/bulk/,8.77,34,0,
2026-05-16T15:33:23.947258,POST,/api/articles/analyze/,4.56,58,0,
2026-05-16T15:33:23.949603,GET,/api/articles/list/small/,4.29,23002,0,
2026-05-16T15:33:23.957172,GET,/api/articles/list/small/,4.27,23002,0,
2026-05-16T15:33:23.962095,GET,/api/articles/list/small/,4.79,23002,0,
2026-05-16T15:33:23.983210,GET,/api/articles/list/small/,5.91,23002,0,
2026-05-16T15:33:23.986877,GET,/api/articles/list/small/,5.63,23002,0,
2026-05-16T15:33:23.989832,POST,/api/articles/bulk/,8.01,34,0,
2026-05-16T15:33:23.991813,GET,/api/articles/list/large/,33.6,471824,0,
2026-05-16T15:33:24.006742,POST,/api/articles/bulk/,7.65,34,0,
2026-05-16T15:33:24.013658,POST,/api/articles/analyze/,2.64,58,0,
2026-05-16T15:33:24.022702,GET,/api/articles/list/large/,33.79,471824,0,
2026-05-16T15:33:24.029774,POST,/api/articles/bulk/,8.93,34,0,
2026-05-16T15:33:24.032302,POST,/api/articles/bulk/,7.06,34,0,
2026-05-16T15:33:24.040136,POST,/api/articles/bulk/,7.72,34,0,
2026-05-16T15:33:24.040671,GET,/api/articles/list/small/,4.46,23002,0,
2026-05-16T15:33:24.050328,GET,/api/articles/list/small/,5.03,23002,0,
2026-05-16T15:33:24.053349,POST,/api/articles/analyze/,2.88,58,0,
2026-05-16T15:33:24.056364,GET,/api/articles/list/large/,35.92,471824,0,
2026-05-16T15:33:24.060006,GET,/api/articles/list/large/,40.05,471824,0,
2026-05-16T15:33:24.060619,POST,/api/articles/analyze/,4.12,58,0,
2026-05-16T15:33:24.062165,POST,/api/articles/analyze/,3.97,58,0,
2026-05-16T15:33:24.074143,GET,/api/articles/list/large/,35.35,471824,0,
2026-05-16T15:33:24.078753,POST,/api/articles/analyze/,3.15,58,0,
2026-05-16T15:33:24.107867,POST,/api/articles/bulk/,8.06,34,0,
2026-05-16T15:33:24.110084,GET,/api/articles/list/large/,33.97,471824,0,
2026-05-16T15:33:24.111625,GET,/api/articles/list/large/,33.9,471824,0,
2026-05-16T15:33:24.151275,GET,/api/articles/list/large/,33.38,471824,0,
2026-05-16T15:33:24.153046,GET,/api/articles/list/small/,5.57,23002,0,
2026-05-16T15:33:24.153465,POST,/api/articles/analyze/,4.59,58,0,
2026-05-16T15:33:24.185267,GET,/api/articles/list/large/,35.88,471824,0,
2026-05-16T15:33:24.191315,POST,/api/articles/bulk/,8.07,34,0,
2026-05-16T15:33:24.221771,GET,/api/articles/list/small/,4.58,23002,0,
2026-05-16T15:33:24.223837,POST,/api/articles/analyze/,2.99,58,0,
2026-05-16T15:33:24.234719,GET,/api/articles/list/small/,4.36,23002,0,
2026-05-16T15:33:24.237279,GET,/api/articles/list/large/,33.67,471824,0,
2026-05-16T15:33:24.251925,GET,/api/articles/list/small/,4.39,23002,0,
2026-05-16T15:33:24.256885,GET,/api/articles/list/large/,32.93,471824,0,
2026-05-16T15:33:24.266510,GET,/api/articles/list/large/,33.66,471824,0,
2026-05-16T15:33:24.288797,GET,/api/articles/list/small/,4.15,23002,0,
2026-05-16T15:33:24.291353,POST,/api/articles/bulk/,7.98,34,0,
2026-05-16T15:33:24.304998,GET,/api/articles/list/small/,4.43,23002,0,
2026-05-16T15:33:24.310169,GET,/api/articles/list/large/,33.3,471824,0,
2026-05-16T15:33:24.319963,GET,/api/articles/list/small/,5.55,23002,0,
2026-05-16T15:33:24.328396,POST,/api/articles/bulk/,7.18,34,0,
2026-05-16T15:33:24.337022,POST,/api/articles/analyze/,3.37,58,0,
2026-05-16T15:33:24.338567,GET,/api/articles/list/large/,33.44,471824,0,
2026-05-16T15:33:24.339054,POST,/api/articles/analyze/,3.04,58,0,
2026-05-16T15:33:24.352675,POST,/api/articles/bulk/,7.26,34,0,
2026-05-16T15:33:24.397176,GET,/api/articles/list/large/,33.07,471824,0,
2026-05-16T15:33:24.416524,POST,/api/articles/bulk/,7.97,34,0,
2026-05-16T15:33:24.417087,POST,/api/articles/bulk/,7.18,34,0,
2026-05-16T15:33:24.424147,POST,/api/articles/bulk/,6.96,34,0,
2026-05-16T15:33:24.429708,GET,/api/articles/list/small/,4.16,23002,0,
2026-05-16T15:33:24.448993,POST,/api/articles/bulk/,7.93,34,0,
2026-05-16T15:33:24.464624,POST,/api/articles/bulk/,7.26,34,0,
2026-05-16T15:33:24.470117,GET,/api/articles/list/small/,4.2,23002,0,
2026-05-16T15:33:24.476541,GET,/api/articles/list/small/,4.16,23002,0,
2026-05-16T15:33:24.484021,GET,/api/articles/list/small/,4.28,23002,0,
2026-05-16T15:33:24.523040,GET,/api/articles/list/large/,33.68,471824,0,
2026-05-16T15:33:24.527455,GET,/api/articles/list/small/,4.27,23002,0,
2026-05-16T15:33:24.529472,POST,/api/articles/bulk/,8.52,34,0,
2026-05-16T15:33:24.560234,POST,/api/articles/bulk/,7.41,34,0,
2026-05-16T15:33:24.565119,POST,/api/articles/analyze/,2.5,58,0,
2026-05-16T15:33:24.571786,POST,/api/articles/analyze/,2.51,58,0,
2026-05-16T15:33:24.587164,POST,/api/articles/bulk/,7.17,34,0,
2026-05-16T15:33:24.594930,GET,/api/articles/list/small/,4.18,23002,0,
2026-05-16T15:33:24.601388,POST,/api/articles/analyze/,3.12,58,0,
2026-05-16T15:33:24.601958,POST,/api/articles/analyze/,2.48,58,0,
2026-05-16T15:33:24.619135,POST,/api/articles/bulk/,7.81,34,0,
2026-05-16T15:33:24.634535,POST,/api/articles/bulk/,7.02,34,0,
2026-05-16T15:33:24.691715,POST,/api/articles/bulk/,10.87,34,0,
2026-05-16T15:33:24.693687,GET,/api/articles/list/small/,5.16,23002,0,
2026-05-16T15:33:24.700702,POST,/api/articles/analyze/,2.8,58,0,
2026-05-16T15:33:24.716580,GET,/api/articles/list/large/,39.63,471824,0,
2026-05-16T15:33:24.723410,GET,/api/articles/list/large/,33.31,471824,0,
2026-05-16T15:33:24.723951,POST,/api/articles/bulk/,9.98,34,0,
2026-05-16T15:33:24.725378,GET,/api/articles/list/large/,40.29,471824,0,
2026-05-16T15:33:24.725822,POST,/api/articles/analyze/,4.49,58,0,
2026-05-16T15:33:24.729925,POST,/api/articles/analyze/,2.88,58,0,
2026-05-16T15:33:24.733155,POST,/api/articles/analyze/,3.11,58,0,
2026-05-16T15:33:24.733820,POST,/api/articles/analyze/,2.56,58,0,
2026-05-16T15:33:24.750098,POST,/api/articles/bulk/,8.14,34,0,
2026-05-16T15:33:24.750528,POST,/api/articles/bulk/,7.8,34,0,
2026-05-16T15:33:24.751730,GET,/api/articles/list/large/,34.99,471824,0,
2026-05-16T15:33:24.777005,POST,/api/articles/bulk/,7.93,34,0,
2026-05-16T15:33:24.780326,GET,/api/articles/list/small/,4.36,23002,0,
2026-05-16T15:33:24.804656,GET,/api/articles/list/large/,33.79,471824,0,
2026-05-16T15:33:24.816469,GET,/api/articles/list/small/,4.38,23002,0,
2026-05-16T15:33:24.831773,POST,/api/articles/analyze/,2.47,58,0,
2026-05-16T15:33:24.846909,GET,/api/articles/list/small/,4.41,23002,0,
2026-05-16T15:33:24.873024,GET,/api/articles/list/large/,46.21,471824,0,
2026-05-16T15:33:24.873554,POST,/api/articles/bulk/,7.48,34,0,
2026-05-16T15:33:24.890912,GET,/api/articles/list/large/,48.92,471824,0,
2026-05-16T15:33:24.891403,GET,/api/articles/list/small/,5.63,23002,0,
2026-05-16T15:33:24.908593,POST,/api/articles/analyze/,2.71,58,0,
2026-05-16T15:33:24.924589,GET,/api/articles/list/large/,33.08,471824,0,
2026-05-16T15:33:24.931898,POST,/api/articles/bulk/,7.17,34,0,
2026-05-16T15:33:24.939263,GET,/api/articles/list/small/,5.07,23002,0,
2026-05-16T15:33:24.959505,POST,/api/articles/analyze/,2.58,58,0,
2026-05-16T15:33:24.963633,GET,/api/articles/list/small/,4.01,23002,0,
2026-05-16T15:33:24.967980,GET,/api/articles/list/large/,33.32,471824,0,
2026-05-16T15:33:24.986047,GET,/api/articles/list/large/,33.6,471824,0,
2026-05-16T15:33:24.997648,POST,/api/articles/bulk/,7.34,34,0,
2026-05-16T15:33:25.000970,GET,/api/articles/list/small/,4.71,23002,0,
2026-05-16T15:33:25.009504,GET,/api/articles/list/small/,4.26,23002,0,
2026-05-16T15:33:25.017473,GET,/api/articles/list/small/,5.65,23002,0,
2026-05-16T15:33:25.020144,POST,/api/articles/analyze/,3.71,58,0,
2026-05-16T15:33:25.043208,POST,/api/articles/analyze/,6.71,58,0,
2026-05-16T15:33:25.047399,GET,/api/articles/list/large/,35.11,471824,0,
2026-05-16T15:33:25.053681,POST,/api/articles/bulk/,8.28,34,0,
2026-05-16T15:33:25.057781,GET,/api/articles/list/large/,38.62,471824,0,
2026-05-16T15:33:25.059154,GET,/api/articles/list/large/,44.01,471824,0,
2026-05-16T15:33:25.063242,GET,/api/articles/list/large/,41.2,471824,0,
2026-05-16T15:33:25.065166,GET,/api/articles/list/small/,4.75,23002,0,
2026-05-16T15:33:25.072629,GET,/api/articles/list/large/,34.75,471824,0,
2026-05-16T15:33:25.081741,POST,/api/articles/bulk/,7.87,34,0,
2026-05-16T15:33:25.102529,GET,/api/articles/list/small/,4.52,23002,0,
2026-05-16T15:33:25.111373,POST,/api/articles/analyze/,2.62,58,0,
2026-05-16T15:33:25.118897,GET,/api/articles/list/small/,4.2,23002,0,
2026-05-16T15:33:25.119670,POST,/api/articles/analyze/,2.51,58,0,
2026-05-16T15:33:25.125317,GET,/api/articles/list/small/,4.43,23002,0,
2026-05-16T15:33:25.127394,POST,/api/articles/analyze/,3.1,58,0,
2026-05-16T15:33:25.129434,POST,/api/articles/analyze/,2.9,58,0,
2026-05-16T15:33:25.150363,POST,/api/articles/analyze/,2.73,58,0,
2026-05-16T15:33:25.181450,GET,/api/articles/list/small/,4.3,23002,0,
2026-05-16T15:33:25.202478,GET,/api/articles/list/large/,33.89,471824,0,
2026-05-16T15:33:25.202991,POST,/api/articles/bulk/,8.17,34,0,
2026-05-16T15:33:25.215940,POST,/api/articles/bulk/,8.56,34,0,
2026-05-16T15:33:25.219845,GET,/api/articles/list/small/,4.85,23002,0,
2026-05-16T15:33:25.220275,GET,/api/articles/list/small/,7.1,23002,0,
2026-05-16T15:33:25.236685,POST,/api/articles/bulk/,7.1,34,0,
2026-05-16T15:33:25.262743,POST,/api/articles/analyze/,2.74,58,0,
2026-05-16T15:33:25.292882,GET,/api/articles/list/large/,33.95,471824,0,
2026-05-16T15:33:25.323617,POST,/api/articles/bulk/,7.58,34,0,
2026-05-16T15:33:25.324923,GET,/api/articles/list/large/,33.94,471824,0,
2026-05-16T15:33:25.340656,GET,/api/articles/list/large/,34.19,471824,0,
2026-05-16T15:33:25.344051,GET,/api/articles/list/small/,5.16,23002,0,
2026-05-16T15:33:25.352608,POST,/api/articles/bulk/,7.77,34,0,
2026-05-16T15:33:25.355190,GET,/api/articles/list/small/,4.72,23002,0,
2026-05-16T15:33:25.371232,POST,/api/articles/analyze/,2.81,58,0,
2026-05-16T15:33:25.384728,POST,/api/articles/bulk/,8.3,34,0,
2026-05-16T15:33:25.388010,GET,/api/articles/list/large/,38.04,471824,0,
2026-05-16T15:33:25.397678,POST,/api/articles/bulk/,7.41,34,0,
2026-05-16T15:33:25.404841,POST,/api/articles/bulk/,7.04,34,0,
2026-05-16T15:33:25.406463,GET,/api/articles/list/small/,4.2,23002,0,
2026-05-16T15:33:25.407645,POST,/api/articles/bulk/,7.03,34,0,
2026-05-16T15:33:25.410769,GET,/api/articles/list/large/,33.58,471824,0,
2026-05-16T15:33:25.419406,GET,/api/articles/list/small/,4.39,23002,0,
2026-05-16T15:33:25.434099,GET,/api/articles/list/small/,4.4,23002,0,
2026-05-16T15:33:25.445659,GET,/api/articles/list/small/,4.32,23002,0,
2026-05-16T15:33:25.458782,POST,/api/articles/bulk/,7.13,34,0,
2026-05-16T15:33:25.459227,POST,/api/articles/bulk/,8.31,34,0,
2026-05-16T15:33:25.469248,POST,/api/articles/bulk/,7.66,34,0,
2026-05-16T15:33:25.479704,POST,/api/articles/bulk/,7.27,34,0,
2026-05-16T15:33:25.487255,GET,/api/articles/list/small/,4.32,23002,0,
2026-05-16T15:33:25.497824,GET,/api/articles/list/large/,33.35,471824,0,
2026-05-16T15:33:25.503177,GET,/api/articles/list/small/,4.18,23002,0,
2026-05-16T15:33:25.525851,POST,/api/articles/analyze/,2.54,58,0,
2026-05-16T15:33:25.527848,GET,/api/articles/list/small/,5.06,23002,0,
2026-05-16T15:33:25.531671,GET,/api/articles/list/large/,33.71,471824,0,
2026-05-16T15:33:25.539605,POST,/api/articles/analyze/,2.71,58,0,
2026-05-16T15:33:25.555354,GET,/api/articles/list/large/,36.99,471824,0,
2026-05-16T15:33:25.563619,GET,/api/articles/list/small/,4.88,23002,0,
2026-05-16T15:33:25.574427,POST,/api/articles/analyze/,2.58,58,0,
2026-05-16T15:33:25.593416,GET,/api/articles/list/large/,33.41,471824,0,
2026-05-16T15:33:25.597256,POST,/api/articles/analyze/,2.56,58,0,
2026-05-16T15:33:25.613938,GET,/api/articles/list/large/,33.3,471824,0,
2026-05-16T15:33:25.618644,POST,/api/articles/analyze/,2.47,58,0,
2026-05-16T15:33:25.624444,GET,/api/articles/list/large/,34.13,471824,0,
2026-05-16T15:33:25.648779,POST,/api/articles/analyze/,7.04,58,0,
2026-05-16T15:33:25.649371,POST,/api/articles/analyze/,7.07,58,0,
2026-05-16T15:33:25.652871,POST,/api/articles/bulk/,8.85,34,0,
2026-05-16T15:33:25.653558,POST,/api/articles/bulk/,7.72,34,0,
2026-05-16T15:33:25.658622,GET,/api/articles/list/small/,4.96,23002,0,
2026-05-16T15:33:25.664083,GET,/api/articles/list/small/,4.18,23002,0,
2026-05-16T15:33:25.672821,POST,/api/articles/bulk/,7.51,34,0,
2026-05-16T15:33:25.681807,GET,/api/articles/list/large/,34.25,471824,0,
2026-05-16T15:33:25.685734,POST,/api/articles/analyze/,2.7,58,0,
2026-05-16T15:33:25.687464,GET,/api/articles/list/large/,33.35,471824,0,
2026-05-16T15:33:25.695102,POST,/api/articles/bulk/,7.52,34,0,
2026-05-16T15:33:25.702447,GET,/api/articles/list/large/,33.83,471824,0,
2026-05-16T15:33:25.703034,GET,/api/articles/list/small/,4.73,23002,0,
2026-05-16T15:33:25.705193,GET,/api/articles/list/large/,37.03,471824,0,
2026-05-16T15:33:25.707164,GET,/api/articles/list/large/,35.2,471824,0,
2026-05-16T15:33:25.709058,POST,/api/articles/analyze/,3.72,58,0,
2026-05-16T15:33:25.715868,POST,/api/articles/analyze/,3.59,58,0,
2026-05-16T15:33:25.724712,POST,/api/articles/analyze/,4.59,58,0,
2026-05-16T15:33:25.729765,POST,/api/articles/bulk/,8.05,34,0,
2026-05-16T15:33:25.737587,POST,/api/articles/analyze/,2.62,58,0,
2026-05-16T15:33:25.745142,GET,/api/articles/list/small/,4.36,23002,0,
2026-05-16T15:33:25.747719,GET,/api/articles/list/large/,34.88,471824,0,
2026-05-16T15:33:25.774250,GET,/api/articles/list/small/,5.18,23002,0,
2026-05-16T15:33:25.777642,POST,/api/articles/bulk/,8.05,34,0,
2026-05-16T15:33:25.797491,GET,/api/articles/list/small/,4.64,23002,0,
2026-05-16T15:33:25.806666,POST,/api/articles/bulk/,11.46,34,0,
2026-05-16T15:33:25.809898,GET,/api/articles/list/large/,34.0,471824,0,
2026-05-16T15:33:25.814374,GET,/api/articles/list/large/,38.93,471824,0,
2026-05-16T15:33:25.824145,GET,/api/articles/list/large/,33.99,471824,0,
2026-05-16T15:33:25.836207,POST,/api/articles/analyze/,3.63,58,0,
2026-05-16T15:33:25.842550,POST,/api/articles/bulk/,7.54,34,0,
2026-05-16T15:33:25.921245,GET,/api/articles/list/large/,33.3,471824,0,
2026-05-16T15:33:25.925374,GET,/api/articles/list/large/,34.76,471824,0,
2026-05-16T15:33:25.931309,POST,/api/articles/bulk/,8.01,34,0,
2026-05-16T15:33:25.952143,POST,/api/articles/analyze/,3.45,58,0,
2026-05-16T15:33:25.955064,POST,/api/articles/analyze/,3.93,58,0,
2026-05-16T15:33:25.960006,GET,/api/articles/list/small/,4.23,23002,0,
2026-05-16T15:33:25.972877,POST,/api/articles/bulk/,7.66,34,0,
2026-05-16T15:33:25.977853,POST,/api/articles/bulk/,8.76,34,0,
2026-05-16T15:33:25.981505,POST,/api/articles/bulk/,10.73,34,0,
2026-05-16T15:33:25.989140,GET,/api/articles/list/large/,35.16,471824,0,
2026-05-16T15:33:26.016262,GET,/api/articles/list/small/,5.41,23002,0,
2026-05-16T15:33:26.025363,GET,/api/articles/list/large/,36.07,471824,0,
2026-05-16T15:33:26.031229,POST,/api/articles/bulk/,13.66,34,0,
2026-05-16T15:33:26.040547,GET,/api/articles/list/large/,37.52,471824,0,
2026-05-16T15:33:26.045132,GET,/api/articles/list/small/,6.18,23002,0,
2026-05-16T15:33:26.049778,GET,/api/articles/list/small/,6.17,23002,0,
2026-05-16T15:33:26.059276,GET,/api/articles/list/large/,39.27,471824,0,
2026-05-16T15:33:26.070780,GET,/api/articles/list/large/,41.1,471824,0,
2026-05-16T15:33:26.078139,POST,/api/articles/analyze/,3.06,58,0,
2026-05-16T15:33:26.083949,POST,/api/articles/analyze/,4.53,58,0,
2026-05-16T15:33:26.084682,POST,/api/articles/analyze/,4.19,58,0,
2026-05-16T15:33:26.085337,POST,/api/articles/analyze/,3.05,58,0,
2026-05-16T15:33:26.089091,POST,/api/articles/bulk/,7.85,34,0,
2026-05-16T15:33:26.102372,GET,/api/articles/list/large/,39.81,471824,0,
2026-05-16T15:33:26.120503,POST,/api/articles/bulk/,7.24,34,0,
2026-05-16T15:33:26.134253,POST,/api/articles/bulk/,9.51,34,0,
2026-05-16T15:33:26.137218,POST,/api/articles/analyze/,4.03,58,0,
2026-05-16T15:33:26.147869,GET,/api/articles/list/small/,5.37,23002,0,
2026-05-16T15:33:26.153571,POST,/api/articles/analyze/,4.4,58,0,
2026-05-16T15:33:26.155860,POST,/api/articles/analyze/,3.67,58,0,
2026-05-16T15:33:26.162235,GET,/api/articles/list/large/,36.63,471824,0,
2026-05-16T15:33:26.169984,POST,/api/articles/analyze/,4.45,58,0,
2026-05-16T15:33:26.171926,GET,/api/articles/list/small/,5.68,23002,0,
2026-05-16T15:33:26.173441,GET,/api/articles/list/large/,39.01,471824,0,
2026-05-16T15:33:26.185446,GET,/api/articles/list/large/,76.62,471824,0,
2026-05-16T15:33:26.188885,POST,/api/articles/bulk/,10.08,34,0,
2026-05-16T15:33:26.195707,POST,/api/articles/analyze/,8.57,58,0,
2026-05-16T15:33:26.196139,POST,/api/articles/bulk/,10.46,34,0,
2026-05-16T15:33:26.211731,GET,/api/articles/list/large/,79.12,471824,0,
2026-05-16T15:33:26.224959,GET,/api/articles/list/large/,35.46,471824,0,
2026-05-16T15:33:26.236834,GET,/api/articles/list/small/,4.61,23002,0,
2026-05-16T15:33:26.238039,GET,/api/articles/list/large/,34.67,471824,0,
2026-05-16T15:33:26.244506,GET,/api/articles/list/large/,34.59,471824,0,
2026-05-16T15:33:26.247422,POST,/api/articles/analyze/,2.76,58,0,
2026-05-16T15:33:26.254937,GET,/api/articles/list/small/,4.19,23002,0,
2026-05-16T15:33:26.279918,GET,/api/articles/list/small/,4.29,23002,0,
2026-05-16T15:33:26.299387,GET,/api/articles/list/large/,33.19,471824,0,
2026-05-16T15:33:26.352842,POST,/api/articles/bulk/,7.49,34,0,
2026-05-16T15:33:26.357212,GET,/api/articles/list/large/,34.58,471824,0,
2026-05-16T15:33:26.374251,POST,/api/articles/analyze/,7.74,58,0,
2026-05-16T15:33:26.377180,GET,/api/articles/list/small/,8.32,23002,0,
2026-05-16T15:33:26.378527,GET,/api/articles/list/small/,6.44,23002,0,
2026-05-16T15:33:26.408601,POST,/api/articles/bulk/,8.58,34,0,
2026-05-16T15:33:26.415201,POST,/api/articles/analyze/,3.25,58,0,
2026-05-16T15:33:26.430221,POST,/api/articles/bulk/,7.59,34,0,
2026-05-16T15:33:26.439064,GET,/api/articles/list/small/,6.61,23002,0,
2026-05-16T15:33:26.445470,POST,/api/articles/bulk/,9.48,34,0,
2026-05-16T15:33:26.464507,POST,/api/articles/analyze/,3.16,58,0,
2026-05-16T15:33:26.466302,GET,/api/articles/list/small/,5.48,23002,0,
2026-05-16T15:33:26.485554,POST,/api/articles/analyze/,4.21,58,0,
2026-05-16T15:33:26.493511,POST,/api/articles/bulk/,11.05,34,0,
2026-05-16T15:33:26.494289,POST,/api/articles/bulk/,8.61,34,0,
2026-05-16T15:33:26.494774,GET,/api/articles/list/small/,7.41,23002,0,
2026-05-16T15:33:26.497992,GET,/api/articles/list/large/,34.31,471824,0,
2026-05-16T15:33:26.500393,GET,/api/articles/list/large/,34.92,471824,0,
2026-05-16T15:33:26.502442,GET,/api/articles/list/small/,5.92,23002,0,
2026-05-16T15:33:26.506793,POST,/api/articles/bulk/,8.3,34,0,
2026-05-16T15:33:26.516058,POST,/api/articles/bulk/,7.04,34,0,
2026-05-16T15:33:26.518779,GET,/api/articles/list/large/,35.18,471824,0,
2026-05-16T15:33:26.537420,POST,/api/articles/analyze/,2.77,58,0,
2026-05-16T15:33:26.539385,GET,/api/articles/list/small/,5.25,23002,0,
2026-05-16T15:33:26.558276,POST,/api/articles/bulk/,7.2,34,0,
2026-05-16T15:33:26.578882,POST,/api/articles/analyze/,2.73,58,0,
2026-05-16T15:33:26.580915,GET,/api/articles/list/large/,34.12,471824,0,
2026-05-16T15:33:26.582095,GET,/api/articles/list/large/,34.78,471824,0,
2026-05-16T15:33:26.591541,POST,/api/articles/analyze/,3.2,58,0,
2026-05-16T15:33:26.602544,GET,/api/articles/list/small/,4.61,23002,0,
2026-05-16T15:33:26.605515,GET,/api/articles/list/large/,35.04,471824,0,
2026-05-16T15:33:26.628241,GET,/api/articles/list/small/,4.33,23002,0,
2026-05-16T15:33:26.644254,POST,/api/articles/analyze/,2.76,58,0,
2026-05-16T15:33:26.654048,POST,/api/articles/analyze/,2.54,58,0,
2026-05-16T15:33:26.665658,POST,/api/articles/analyze/,3.48,58,0,
2026-05-16T15:33:26.670380,POST,/api/articles/bulk/,7.26,34,0,
2026-05-16T15:33:26.690310,GET,/api/articles/list/large/,32.91,471824,0,
2026-05-16T15:33:26.696993,GET,/api/articles/list/large/,35.27,471824,0,
2026-05-16T15:33:26.708389,POST,/api/articles/bulk/,7.16,34,0,
2026-05-16T15:33:26.713287,POST,/api/articles/bulk/,7.16,34,0,
2026-05-16T15:33:26.724630,GET,/api/articles/list/large/,36.99,471824,0,
2026-05-16T15:33:26.726283,GET,/api/articles/list/small/,6.22,23002,0,
2026-05-16T15:33:26.726757,GET,/api/articles/list/small/,7.22,23002,0,
2026-05-16T15:33:26.729344,POST,/api/articles/analyze/,4.03,58,0,
2026-05-16T15:33:26.734261,POST,/api/articles/bulk/,6.99,34,0,
2026-05-16T15:33:26.760256,GET,/api/articles/list/large/,35.46,471824,0,
2026-05-16T15:33:26.769720,POST,/api/articles/bulk/,7.23,34,0,
2026-05-16T15:33:26.776743,POST,/api/articles/bulk/,6.9,34,0,
2026-05-16T15:33:26.780390,GET,/api/articles/list/large/,33.94,471824,0,
2026-05-16T15:33:26.783071,POST,/api/articles/bulk/,7.56,34,0,
2026-05-16T15:33:26.791548,GET,/api/articles/list/small/,4.28,23002,0,
2026-05-16T15:33:26.797553,POST,/api/articles/analyze/,4.71,58,0,
2026-05-16T15:33:26.798000,POST,/api/articles/analyze/,3.0,58,0,
2026-05-16T15:33:26.800000,GET,/api/articles/list/small/,4.3,23002,0,
2026-05-16T15:33:26.821357,GET,/api/articles/list/small/,4.48,23002,0,
2026-05-16T15:33:26.822110,GET,/api/articles/list/small/,5.72,23002,0,
2026-05-16T15:33:26.873630,POST,/api/articles/analyze/,44.22,58,0,
