timestamp,method,name,response_time_ms,response_length,failed,error
2026-05-16T15:50:39.663148,GET,/api/cache/1/,4.25,142,0,
2026-05-16T15:50:39.688498,GET,/api/articles/1/,5.35,171,0,
2026-05-16T15:50:39.748752,GET,/api/articles/1/,4.33,171,0,
2026-05-16T15:50:39.749844,POST,/api/queue/,5.98,68,0,
2026-05-16T15:50:39.772445,GET,/api/cache/1/,3.3,142,0,
2026-05-16T15:50:39.787261,GET,/api/external/,104.63,78,0,
2026-05-16T15:50:39.822439,GET,/api/external/,103.52,77,0,
2026-05-16T15:50:39.890125,PUT,/api/articles/1/,39.24,171,0,
2026-05-16T15:50:39.981703,POST,/api/queue/,3.82,68,0,
2026-05-16T15:50:39.990322,GET,/api/articles/1/,4.21,171,0,
2026-05-16T15:50:40.007593,POST,/api/queue/,3.87,68,0,
2026-05-16T15:50:40.020119,GET,/api/cache/1/,2.8,142,0,
2026-05-16T15:50:40.043157,GET,/api/articles/1/,4.8,171,0,
2026-05-16T15:50:40.078273,GET,/api/external/,103.44,78,0,
2026-05-16T15:50:40.125704,POST,/api/queue/,3.97,68,0,
2026-05-16T15:50:40.129574,GET,/api/articles/1/,3.75,171,0,
2026-05-16T15:50:40.148997,GET,/api/articles/1/,4.03,171,0,
2026-05-16T15:50:40.184023,GET,/api/articles/1/,4.73,171,0,
2026-05-16T15:50:40.236715,GET,/api/cache/1/,3.14,142,0,
2026-05-16T15:50:40.259895,PUT,/api/articles/1/,46.37,171,0,
2026-05-16T15:50:40.273326,GET,/api/articles/1/,4.03,171,0,
2026-05-16T15:50:40.283484,GET,/api/external/,103.07,78,0,
2026-05-16T15:50:40.287189,PUT,/api/articles/1/,47.07,171,0,
2026-05-16T15:50:40.328194,GET,/api/external/,103.4,78,0,
2026-05-16T15:50:40.377031,POST,/api/queue/,4.43,68,0,
2026-05-16T15:50:40.392918,PUT,/api/articles/1/,32.38,171,0,
2026-05-16T15:50:40.483547,GET,/api/cache/1/,3.25,142,0,
2026-05-16T15:50:40.491285,GET,/api/articles/1/,4.52,171,0,
2026-05-16T15:50:40.501353,GET,/api/external/,103.0,78,0,
2026-05-16T15:50:40.563929,PUT,/api/articles/1/,45.22,171,0,
2026-05-16T15:50:40.716290,GET,/api/articles/1/,8.91,171,0,
2026-05-16T15:50:40.907261,POST,/api/queue/,4.15,68,0,
2026-05-16T15:50:40.948567,POST,/api/queue/,4.24,68,0,
2026-05-16T15:50:40.949123,GET,/api/articles/1/,5.31,171,0,
2026-05-16T15:50:40.990717,GET,/api/external/,103.39,78,0,
2026-05-16T15:50:41.018322,POST,/api/queue/,4.13,68,0,
2026-05-16T15:50:41.062506,GET,/api/external/,105.45,78,0,
2026-05-16T15:50:41.069910,PUT,/api/articles/1/,223.68,171,0,
2026-05-16T15:50:41.140972,PUT,/api/articles/1/,35.6,171,0,
2026-05-16T15:50:41.169956,POST,/api/queue/,5.49,68,0,
2026-05-16T15:50:41.188941,POST,/api/queue/,4.62,68,0,
2026-05-16T15:50:41.220135,GET,/api/cache/1/,15.05,142,0,
2026-05-16T15:50:41.248754,GET,/api/articles/1/,4.62,171,0,
2026-05-16T15:50:41.257470,PUT,/api/articles/1/,38.68,171,0,
2026-05-16T15:50:41.329377,PUT,/api/articles/1/,34.55,171,0,
2026-05-16T15:50:41.348040,GET,/api/external/,103.35,78,0,
2026-05-16T15:50:41.355507,GET,/api/cache/1/,3.2,142,0,
2026-05-16T15:50:41.386233,GET,/api/articles/1/,4.42,171,0,
2026-05-16T15:50:41.404924,GET,/api/articles/1/,4.38,171,0,
2026-05-16T15:50:41.438207,GET,/api/cache/1/,3.77,142,0,
2026-05-16T15:50:41.601745,GET,/api/articles/1/,4.09,171,0,
2026-05-16T15:50:41.649027,GET,/api/external/,104.32,76,0,
2026-05-16T15:50:41.725873,GET,/api/cache/1/,14.93,142,0,
2026-05-16T15:50:41.797173,GET,/api/cache/1/,3.67,142,0,
2026-05-16T15:50:41.840772,GET,/api/external/,103.2,78,0,
2026-05-16T15:50:41.871318,GET,/api/cache/1/,3.16,142,0,
2026-05-16T15:50:42.022027,PUT,/api/articles/1/,45.29,171,0,
2026-05-16T15:50:42.022588,POST,/api/queue/,28.86,68,0,
2026-05-16T15:50:42.091133,GET,/api/external/,103.44,78,0,
2026-05-16T15:50:42.095036,POST,/api/queue/,3.76,68,0,
2026-05-16T15:50:42.109930,GET,/api/cache/1/,3.44,142,0,
2026-05-16T15:50:42.110421,GET,/api/external/,102.98,77,0,
2026-05-16T15:50:42.177077,GET,/api/cache/1/,3.23,142,0,
2026-05-16T15:50:42.199473,POST,/api/queue/,4.09,68,0,
2026-05-16T15:50:42.299900,POST,/api/queue/,6.5,68,0,
2026-05-16T15:50:42.376638,GET,/api/cache/1/,3.18,142,0,
2026-05-16T15:50:42.447476,GET,/api/cache/1/,3.09,142,0,
2026-05-16T15:50:42.477510,GET,/api/cache/1/,8.21,142,0,
2026-05-16T15:50:42.477990,GET,/api/cache/1/,4.3,142,0,
2026-05-16T15:50:42.509600,GET,/api/articles/1/,5.2,171,0,
2026-05-16T15:50:42.522771,POST,/api/queue/,3.89,68,0,
2026-05-16T15:50:42.570135,GET,/api/articles/1/,5.07,171,0,
2026-05-16T15:50:42.574210,GET,/api/cache/1/,2.76,142,0,
2026-05-16T15:50:42.672498,GET,/api/cache/1/,3.92,142,0,
2026-05-16T15:50:42.681761,GET,/api/external/,103.2,77,0,
2026-05-16T15:50:42.687317,GET,/api/articles/1/,4.54,171,0,
2026-05-16T15:50:42.742737,POST,/api/queue/,4.36,68,0,
2026-05-16T15:50:42.754774,GET,/api/external/,103.09,78,0,
2026-05-16T15:50:42.784257,GET,/api/external/,103.44,78,0,
2026-05-16T15:50:42.949688,GET,/api/cache/1/,2.98,142,0,
2026-05-16T15:50:43.002992,GET,/api/external/,103.04,78,0,
2026-05-16T15:50:43.176668,GET,/api/external/,103.93,77,0,
2026-05-16T15:50:43.199694,POST,/api/queue/,4.73,68,0,
2026-05-16T15:50:43.241231,POST,/api/queue/,7.63,68,0,
2026-05-16T15:50:43.283499,PUT,/api/articles/1/,1249.67,171,0,
2026-05-16T15:50:43.356954,GET,/api/cache/1/,3.01,142,0,
2026-05-16T15:50:43.391931,PUT,/api/articles/1/,1150.62,171,0,
2026-05-16T15:50:43.401199,GET,/api/articles/1/,3.89,171,0,
2026-05-16T15:50:43.415079,GET,/api/external/,103.09,78,0,
2026-05-16T15:50:43.429875,PUT,/api/articles/1/,924.31,171,0,
2026-05-16T15:50:43.433572,GET,/api/external/,103.71,78,0,
2026-05-16T15:50:43.466066,PUT,/api/articles/1/,750.03,171,0,
2026-05-16T15:50:43.484794,PUT,/api/articles/1/,734.82,171,0,
2026-05-16T15:50:43.492132,GET,/api/articles/1/,3.99,171,0,
2026-05-16T15:50:43.512564,PUT,/api/articles/1/,616.4,171,0,
2026-05-16T15:50:43.539756,PUT,/api/articles/1/,113.33,171,0,
2026-05-16T15:50:43.558096,GET,/api/articles/1/,3.99,171,0,
2026-05-16T15:50:43.578368,PUT,/api/articles/1/,1025.18,171,0,
2026-05-16T15:50:43.605759,PUT,/api/articles/1/,827.58,171,0,
2026-05-16T15:50:43.659938,GET,/api/articles/1/,4.8,171,0,
2026-05-16T15:50:43.676521,PUT,/api/articles/1/,43.15,171,0,
2026-05-16T15:50:43.684214,GET,/api/articles/1/,4.29,171,0,
2026-05-16T15:50:43.762406,GET,/api/external/,103.41,77,0,
2026-05-16T15:50:43.797775,GET,/api/cache/1/,2.99,142,0,
2026-05-16T15:50:43.831435,GET,/api/cache/1/,3.18,142,0,
2026-05-16T15:50:43.832074,GET,/api/articles/1/,4.27,171,0,
2026-05-16T15:50:43.845146,GET,/api/external/,103.13,78,0,
2026-05-16T15:50:43.900753,GET,/api/cache/1/,3.23,142,0,
2026-05-16T15:50:43.926489,GET,/api/external/,103.42,77,0,
2026-05-16T15:50:43.944028,GET,/api/articles/1/,5.0,171,0,
2026-05-16T15:50:43.963765,GET,/api/cache/1/,3.33,142,0,
2026-05-16T15:50:43.990299,POST,/api/queue/,5.11,68,0,
2026-05-16T15:50:44.032937,GET,/api/cache/1/,3.37,142,0,
2026-05-16T15:50:44.163568,GET,/api/cache/1/,3.17,142,0,
2026-05-16T15:50:44.206120,GET,/api/external/,107.7,78,0,
2026-05-16T15:50:44.208512,PUT,/api/articles/1/,48.69,171,0,
2026-05-16T15:50:44.214004,GET,/api/external/,102.96,77,0,
2026-05-16T15:50:44.237887,POST,/api/queue/,3.63,68,0,
2026-05-16T15:50:44.282089,POST,/api/queue/,3.96,68,0,
2026-05-16T15:50:44.288212,POST,/api/queue/,3.74,68,0,
2026-05-16T15:50:44.291976,GET,/api/external/,103.13,78,0,
2026-05-16T15:50:44.334644,GET,/api/external/,103.22,78,0,
2026-05-16T15:50:44.354091,GET,/api/articles/1/,5.08,171,0,
2026-05-16T15:50:44.360273,GET,/api/external/,103.16,78,0,
2026-05-16T15:50:44.527258,GET,/api/cache/1/,3.31,142,0,
2026-05-16T15:50:44.682843,GET,/api/external/,103.3,78,0,
2026-05-16T15:50:44.710933,POST,/api/queue/,5.85,68,0,
2026-05-16T15:50:44.759428,GET,/api/cache/1/,3.36,142,0,
2026-05-16T15:50:44.760348,GET,/api/external/,103.05,78,0,
2026-05-16T15:50:44.763787,GET,/api/articles/1/,4.25,171,0,
2026-05-16T15:50:44.795841,POST,/api/queue/,3.83,68,0,
2026-05-16T15:50:44.802060,GET,/api/articles/1/,3.85,171,0,
2026-05-16T15:50:44.810123,GET,/api/cache/1/,2.72,142,0,
2026-05-16T15:50:44.885102,GET,/api/articles/1/,4.32,171,0,
2026-05-16T15:50:44.922710,GET,/api/articles/1/,4.41,171,0,
2026-05-16T15:50:45.011132,GET,/api/articles/1/,4.96,171,0,
2026-05-16T15:50:45.011688,GET,/api/articles/1/,6.07,171,0,
2026-05-16T15:50:45.014030,GET,/api/cache/1/,4.17,142,0,
2026-05-16T15:50:45.014444,POST,/api/queue/,5.42,68,0,
2026-05-16T15:50:45.056705,GET,/api/cache/1/,3.09,142,0,
2026-05-16T15:50:45.061534,PUT,/api/articles/1/,457.17,171,0,
2026-05-16T15:50:45.112177,PUT,/api/articles/1/,471.59,171,0,
2026-05-16T15:50:45.127795,GET,/api/external/,103.15,77,0,
2026-05-16T15:50:45.151382,PUT,/api/articles/1/,438.12,171,0,
2026-05-16T15:50:45.184981,GET,/api/articles/1/,4.36,171,0,
2026-05-16T15:50:45.197856,PUT,/api/articles/1/,252.99,171,0,
2026-05-16T15:50:45.285097,GET,/api/cache/1/,3.07,142,0,
2026-05-16T15:50:45.312258,GET,/api/external/,103.36,77,0,
2026-05-16T15:50:45.327374,POST,/api/queue/,3.74,68,0,
2026-05-16T15:50:45.351738,GET,/api/articles/1/,3.98,171,0,
2026-05-16T15:50:45.381132,POST,/api/queue/,4.1,68,0,
2026-05-16T15:50:45.449464,POST,/api/queue/,14.37,68,0,
2026-05-16T15:50:45.463866,GET,/api/cache/1/,4.96,142,0,
2026-05-16T15:50:45.467560,GET,/api/articles/1/,5.25,171,0,
2026-05-16T15:50:45.788786,POST,/api/queue/,3.92,68,0,
2026-05-16T15:50:45.829869,POST,/api/queue/,3.83,68,0,
2026-05-16T15:50:45.917991,POST,/api/queue/,4.63,68,0,
2026-05-16T15:50:45.921159,POST,/api/queue/,4.07,68,0,
2026-05-16T15:50:45.980045,GET,/api/articles/1/,3.93,171,0,
2026-05-16T15:50:46.084356,GET,/api/cache/1/,5.69,142,0,
2026-05-16T15:50:46.105113,GET,/api/articles/1/,4.36,171,0,
2026-05-16T15:50:46.162222,GET,/api/cache/1/,3.85,142,0,
2026-05-16T15:50:46.192245,POST,/api/queue/,14.36,68,0,
2026-05-16T15:50:46.408383,GET,/api/external/,102.75,78,0,
2026-05-16T15:50:46.408865,GET,/api/articles/1/,4.4,171,0,
2026-05-16T15:50:46.428048,GET,/api/cache/1/,4.62,142,0,
2026-05-16T15:50:46.484661,GET,/api/external/,103.34,77,0,
2026-05-16T15:50:46.520968,POST,/api/queue/,4.03,68,0,
2026-05-16T15:50:46.551856,GET,/api/external/,103.35,78,0,
2026-05-16T15:50:46.558484,GET,/api/external/,103.07,77,0,
2026-05-16T15:50:46.690529,GET,/api/articles/1/,3.93,171,0,
2026-05-16T15:50:46.736179,GET,/api/external/,103.23,78,0,
2026-05-16T15:50:46.770295,PUT,/api/articles/1/,1267.45,171,0,
2026-05-16T15:50:46.810450,PUT,/api/articles/1/,999.24,171,0,
2026-05-16T15:50:46.859687,PUT,/api/articles/1/,113.77,171,0,
2026-05-16T15:50:46.886873,PUT,/api/articles/1/,924.49,171,0,
2026-05-16T15:50:46.911849,GET,/api/external/,108.28,78,0,
2026-05-16T15:50:46.918959,PUT,/api/articles/1/,615.93,171,0,
2026-05-16T15:50:46.921579,POST,/api/queue/,29.35,68,0,
2026-05-16T15:50:46.946017,POST,/api/queue/,4.81,68,0,
2026-05-16T15:50:46.963378,PUT,/api/articles/1/,161.73,171,0,
2026-05-16T15:50:47.001360,PUT,/api/articles/1/,322.53,171,0,
2026-05-16T15:50:47.039395,PUT,/api/articles/1/,513.12,171,0,
2026-05-16T15:50:47.066084,PUT,/api/articles/1/,117.72,171,0,
2026-05-16T15:50:47.085644,GET,/api/external/,102.99,77,0,
2026-05-16T15:50:47.104400,PUT,/api/articles/1/,107.03,171,0,
2026-05-16T15:50:47.106803,GET,/api/cache/1/,3.43,142,0,
2026-05-16T15:50:47.141201,PUT,/api/articles/1/,40.24,171,0,
2026-05-16T15:50:47.283882,GET,/api/articles/1/,3.95,171,0,
2026-05-16T15:50:47.338331,PUT,/api/articles/1/,43.03,171,0,
2026-05-16T15:50:47.403735,PUT,/api/articles/1/,48.03,171,0,
2026-05-16T15:50:47.466943,GET,/api/cache/1/,3.1,142,0,
2026-05-16T15:50:47.470689,GET,/api/external/,102.89,77,0,
2026-05-16T15:50:47.493172,POST,/api/queue/,3.52,68,0,
2026-05-16T15:50:47.512529,GET,/api/cache/1/,3.11,142,0,
2026-05-16T15:50:47.520222,PUT,/api/articles/1/,31.65,171,0,
2026-05-16T15:50:47.523396,POST,/api/queue/,4.33,68,0,
2026-05-16T15:50:47.578833,GET,/api/external/,102.82,78,0,
2026-05-16T15:50:47.641977,PUT,/api/articles/1/,40.87,171,0,
2026-05-16T15:50:47.676560,POST,/api/queue/,4.11,68,0,
2026-05-16T15:50:47.743470,PUT,/api/articles/1/,33.19,171,0,
2026-05-16T15:50:47.771875,GET,/api/cache/1/,3.18,142,0,
2026-05-16T15:50:47.789582,GET,/api/external/,102.82,78,0,
2026-05-16T15:50:47.891792,GET,/api/cache/1/,3.18,142,0,
2026-05-16T15:50:47.899690,GET,/api/cache/1/,3.54,142,0,
2026-05-16T15:50:47.932954,GET,/api/external/,103.13,78,0,
2026-05-16T15:50:47.939208,POST,/api/queue/,3.86,68,0,
2026-05-16T15:50:47.947629,GET,/api/cache/1/,3.09,142,0,
2026-05-16T15:50:48.017075,PUT,/api/articles/1/,29.68,171,0,
2026-05-16T15:50:48.066068,GET,/api/cache/1/,5.23,142,0,
2026-05-16T15:50:48.067980,GET,/api/external/,104.14,78,0,
2026-05-16T15:50:48.126992,GET,/api/external/,106.66,77,0,
2026-05-16T15:50:48.129917,POST,/api/queue/,19.62,68,0,
2026-05-16T15:50:48.194648,GET,/api/articles/1/,4.28,171,0,
2026-05-16T15:50:48.245899,PUT,/api/articles/1/,35.93,171,0,
2026-05-16T15:50:48.322698,GET,/api/external/,103.0,78,0,
2026-05-16T15:50:48.469726,GET,/api/cache/1/,3.02,142,0,
2026-05-16T15:50:48.486939,GET,/api/external/,103.0,76,0,
2026-05-16T15:50:48.527884,GET,/api/cache/1/,3.04,142,0,
2026-05-16T15:50:48.537271,PUT,/api/articles/1/,35.1,171,0,
2026-05-16T15:50:48.617316,GET,/api/cache/1/,4.65,142,0,
2026-05-16T15:50:48.662392,GET,/api/cache/1/,3.59,142,0,
2026-05-16T15:50:48.692148,PUT,/api/articles/1/,34.51,171,0,
2026-05-16T15:50:48.696258,GET,/api/cache/1/,2.73,142,0,
2026-05-16T15:50:48.710978,GET,/api/external/,105.69,76,0,
2026-05-16T15:50:48.713725,GET,/api/articles/1/,4.16,171,0,
2026-05-16T15:50:48.733810,GET,/api/external/,103.16,78,0,
2026-05-16T15:50:48.781614,GET,/api/external/,102.94,78,0,
2026-05-16T15:50:48.882733,POST,/api/queue/,3.9,68,0,
2026-05-16T15:50:48.946509,GET,/api/articles/1/,3.89,171,0,
2026-05-16T15:50:48.952116,GET,/api/external/,111.79,78,0,
2026-05-16T15:50:48.961356,GET,/api/cache/1/,3.06,142,0,
2026-05-16T15:50:48.976983,GET,/api/cache/1/,4.42,142,0,
2026-05-16T15:50:49.024150,GET,/api/external/,103.15,77,0,
2026-05-16T15:50:49.044618,GET,/api/articles/1/,4.13,171,0,
2026-05-16T15:50:49.107006,GET,/api/articles/1/,3.98,171,0,
2026-05-16T15:50:49.184479,GET,/api/articles/1/,4.05,171,0,
2026-05-16T15:50:49.186388,GET,/api/cache/1/,3.32,142,0,
2026-05-16T15:50:49.191375,POST,/api/queue/,3.62,68,0,
2026-05-16T15:50:49.219702,GET,/api/cache/1/,3.02,142,0,
2026-05-16T15:50:49.233175,GET,/api/cache/1/,3.22,142,0,
2026-05-16T15:50:49.354543,GET,/api/external/,102.98,78,0,
2026-05-16T15:50:49.397933,GET,/api/articles/1/,4.01,171,0,
2026-05-16T15:50:49.419249,GET,/api/articles/1/,3.94,171,0,
2026-05-16T15:50:49.540048,POST,/api/queue/,4.19,68,0,
2026-05-16T15:50:49.646946,GET,/api/external/,102.7,78,0,
2026-05-16T15:50:49.719986,GET,/api/external/,103.18,78,0,
2026-05-16T15:50:49.732128,POST,/api/queue/,3.8,68,0,
2026-05-16T15:50:49.758397,GET,/api/cache/1/,2.96,142,0,
2026-05-16T15:50:49.771758,GET,/api/external/,103.33,76,0,
2026-05-16T15:50:49.824071,GET,/api/cache/1/,14.07,142,0,
2026-05-16T15:50:49.826525,POST,/api/queue/,21.57,68,0,
2026-05-16T15:50:49.832556,GET,/api/articles/1/,5.82,171,0,
2026-05-16T15:50:49.842773,GET,/api/articles/1/,3.96,171,0,
2026-05-16T15:50:49.907417,GET,/api/articles/1/,4.12,171,0,
2026-05-16T15:50:49.923163,GET,/api/external/,107.27,78,0,
2026-05-16T15:50:49.929233,GET,/api/cache/1/,2.82,142,0,
2026-05-16T15:50:49.970486,GET,/api/cache/1/,3.04,142,0,
2026-05-16T15:50:50.125601,GET,/api/cache/1/,2.92,142,0,
2026-05-16T15:50:50.182294,PUT,/api/articles/1/,1437.23,171,0,
2026-05-16T15:50:50.252642,PUT,/api/articles/1/,730.83,171,0,
2026-05-16T15:50:50.276290,GET,/api/external/,103.3,77,0,
2026-05-16T15:50:50.300149,PUT,/api/articles/1/,669.53,171,0,
2026-05-16T15:50:50.335711,PUT,/api/articles/1/,564.87,171,0,
2026-05-16T15:50:50.397392,GET,/api/cache/1/,3.42,142,0,
2026-05-16T15:50:50.466697,POST,/api/queue/,5.88,68,0,
2026-05-16T15:50:50.489143,PUT,/api/articles/1/,27.71,171,0,
2026-05-16T15:50:50.510324,POST,/api/queue/,3.83,68,0,
2026-05-16T15:50:50.555655,GET,/api/articles/1/,4.08,171,0,
2026-05-16T15:50:50.624439,POST,/api/queue/,6.49,68,0,
2026-05-16T15:50:50.716399,PUT,/api/articles/1/,41.24,171,0,
2026-05-16T15:50:50.798620,GET,/api/cache/1/,3.08,142,0,
2026-05-16T15:50:50.815888,POST,/api/queue/,3.91,68,0,
2026-05-16T15:50:50.828688,PUT,/api/articles/1/,36.82,171,0,
2026-05-16T15:50:50.843697,GET,/api/articles/1/,3.87,171,0,
2026-05-16T15:50:50.875300,GET,/api/cache/1/,3.13,142,0,
2026-05-16T15:50:50.918833,PUT,/api/articles/1/,42.27,171,0,
2026-05-16T15:50:50.934723,GET,/api/external/,102.66,78,0,
2026-05-16T15:50:50.941097,GET,/api/external/,102.6,78,0,
2026-05-16T15:50:51.044345,POST,/api/queue/,4.52,68,0,
2026-05-16T15:50:51.046932,GET,/api/cache/1/,3.48,142,0,
2026-05-16T15:50:51.052192,PUT,/api/articles/1/,40.68,171,0,
2026-05-16T15:50:51.097489,POST,/api/queue/,4.16,68,0,
2026-05-16T15:50:51.129360,GET,/api/external/,108.62,78,0,
2026-05-16T15:50:51.130240,GET,/api/external/,104.17,78,0,
2026-05-16T15:50:51.147500,GET,/api/cache/1/,3.06,142,0,
2026-05-16T15:50:51.165814,GET,/api/cache/1/,3.08,142,0,
2026-05-16T15:50:51.171780,GET,/api/external/,103.11,78,0,
2026-05-16T15:50:51.202865,POST,/api/queue/,3.86,68,0,
2026-05-16T15:50:51.218829,GET,/api/articles/1/,4.1,171,0,
2026-05-16T15:50:51.219502,POST,/api/queue/,5.36,68,0,
2026-05-16T15:50:51.272974,PUT,/api/articles/1/,38.26,171,0,
2026-05-16T15:50:51.327157,GET,/api/cache/1/,3.92,142,0,
2026-05-16T15:50:51.352440,GET,/api/articles/1/,4.01,171,0,
2026-05-16T15:50:51.373950,GET,/api/external/,107.21,78,0,
2026-05-16T15:50:51.406276,GET,/api/articles/1/,4.05,171,0,
2026-05-16T15:50:51.419031,POST,/api/queue/,3.58,68,0,
2026-05-16T15:50:51.581672,PUT,/api/articles/1/,33.03,171,0,
2026-05-16T15:50:51.620049,PUT,/api/articles/1/,35.05,171,0,
2026-05-16T15:50:51.622394,GET,/api/cache/1/,3.26,142,0,
2026-05-16T15:50:51.645693,GET,/api/cache/1/,3.03,142,0,
2026-05-16T15:50:51.708430,GET,/api/cache/1/,3.12,142,0,
2026-05-16T15:50:51.767968,GET,/api/cache/1/,3.14,142,0,
2026-05-16T15:50:51.806264,GET,/api/cache/1/,2.9,142,0,
2026-05-16T15:50:51.955117,GET,/api/external/,104.58,78,0,
2026-05-16T15:50:52.007504,GET,/api/cache/1/,14.45,142,0,
2026-05-16T15:50:52.074266,GET,/api/articles/1/,3.92,171,0,
2026-05-16T15:50:52.092234,PUT,/api/articles/1/,39.7,171,0,
2026-05-16T15:50:52.094356,GET,/api/cache/1/,3.83,142,0,
2026-05-16T15:50:52.117736,GET,/api/external/,102.95,78,0,
2026-05-16T15:50:52.284360,GET,/api/cache/1/,3.09,142,0,
2026-05-16T15:50:52.353708,GET,/api/articles/1/,4.04,171,0,
2026-05-16T15:50:52.358054,GET,/api/external/,102.89,78,0,
2026-05-16T15:50:52.393298,GET,/api/cache/1/,3.02,142,0,
2026-05-16T15:50:52.407362,POST,/api/queue/,3.74,68,0,
2026-05-16T15:50:52.529927,GET,/api/cache/1/,3.05,142,0,
2026-05-16T15:50:52.627176,POST,/api/queue/,3.87,68,0,
2026-05-16T15:50:52.646519,GET,/api/articles/1/,4.08,171,0,
2026-05-16T15:50:52.663046,GET,/api/articles/1/,4.67,171,0,
2026-05-16T15:50:52.688372,POST,/api/queue/,3.76,68,0,
2026-05-16T15:50:52.737515,GET,/api/articles/1/,4.87,171,0,
2026-05-16T15:50:52.831328,GET,/api/articles/1/,4.02,171,0,
2026-05-16T15:50:52.855782,GET,/api/external/,102.96,78,0,
2026-05-16T15:50:52.880758,POST,/api/queue/,4.49,68,0,
2026-05-16T15:50:52.888183,POST,/api/queue/,4.18,68,0,
2026-05-16T15:50:52.908660,GET,/api/external/,103.11,77,0,
2026-05-16T15:50:52.996346,POST,/api/queue/,4.39,68,0,
2026-05-16T15:50:52.999766,GET,/api/articles/1/,4.32,171,0,
2026-05-16T15:50:53.089041,GET,/api/articles/1/,4.99,171,0,
2026-05-16T15:50:53.145697,PUT,/api/articles/1/,714.06,171,0,
2026-05-16T15:50:53.173109,PUT,/api/articles/1/,680.11,171,0,
2026-05-16T15:50:53.214895,PUT,/api/articles/1/,563.06,171,0,
2026-05-16T15:50:53.238208,PUT,/api/articles/1/,350.95,171,0,
2026-05-16T15:50:53.275851,PUT,/api/articles/1/,207.69,171,0,
2026-05-16T15:50:53.281660,POST,/api/queue/,4.57,68,0,
2026-05-16T15:50:53.304048,PUT,/api/articles/1/,92.55,171,0,
2026-05-16T15:50:53.331084,PUT,/api/articles/1/,53.33,171,0,
2026-05-16T15:50:53.343445,GET,/api/external/,102.97,78,0,
2026-05-16T15:50:53.347982,GET,/api/articles/1/,4.39,171,0,
2026-05-16T15:50:53.358899,PUT,/api/articles/1/,44.6,171,0,
2026-05-16T15:50:53.407754,PUT,/api/articles/1/,30.63,171,0,
2026-05-16T15:50:53.415356,GET,/api/cache/1/,3.34,142,0,
2026-05-16T15:50:53.435550,PUT,/api/articles/1/,55.51,171,0,
2026-05-16T15:50:53.455681,GET,/api/articles/1/,10.68,171,0,
2026-05-16T15:50:53.558458,PUT,/api/articles/1/,30.22,171,0,
2026-05-16T15:50:53.594254,GET,/api/articles/1/,5.7,171,0,
2026-05-16T15:50:53.662230,PUT,/api/articles/1/,44.32,171,0,
2026-05-16T15:50:53.673996,GET,/api/external/,103.18,77,0,
2026-05-16T15:50:53.698284,PUT,/api/articles/1/,51.29,171,0,
2026-05-16T15:50:53.701775,GET,/api/external/,109.2,78,0,
2026-05-16T15:50:53.704688,GET,/api/cache/1/,11.81,142,0,
2026-05-16T15:50:53.794543,GET,/api/cache/1/,6.03,142,0,
2026-05-16T15:50:53.803664,GET,/api/articles/1/,4.78,171,0,
2026-05-16T15:50:53.841133,GET,/api/external/,103.18,78,0,
2026-05-16T15:50:53.893314,GET,/api/external/,105.56,78,0,
2026-05-16T15:50:53.950988,GET,/api/cache/1/,4.46,142,0,
2026-05-16T15:50:53.952045,POST,/api/queue/,10.76,68,0,
2026-05-16T15:50:53.964231,POST,/api/queue/,3.96,68,0,
2026-05-16T15:50:54.093597,POST,/api/queue/,4.26,68,0,
2026-05-16T15:50:54.345095,GET,/api/articles/1/,4.4,171,0,
2026-05-16T15:50:54.374994,GET,/api/external/,102.99,77,0,
2026-05-16T15:50:54.393502,GET,/api/cache/1/,3.23,142,0,
2026-05-16T15:50:54.402706,POST,/api/queue/,3.94,68,0,
2026-05-16T15:50:54.544876,GET,/api/articles/1/,4.08,171,0,
2026-05-16T15:50:54.650018,GET,/api/external/,102.84,78,0,
2026-05-16T15:50:54.690835,GET,/api/external/,103.16,77,0,
2026-05-16T15:50:54.758399,GET,/api/articles/1/,4.15,171,0,
2026-05-16T15:50:54.773193,GET,/api/cache/1/,4.5,142,0,
2026-05-16T15:50:54.773753,POST,/api/queue/,4.53,68,0,
2026-05-16T15:50:54.791869,GET,/api/cache/1/,2.88,142,0,
2026-05-16T15:50:54.825142,GET,/api/articles/1/,3.93,171,0,
2026-05-16T15:50:54.876850,POST,/api/queue/,3.92,68,0,
2026-05-16T15:50:55.000245,PUT,/api/articles/1/,944.7,171,0,
2026-05-16T15:50:55.000734,GET,/api/articles/1/,4.82,171,0,
2026-05-16T15:50:55.045810,PUT,/api/articles/1/,981.54,171,0,
2026-05-16T15:50:55.061358,GET,/api/external/,103.09,77,0,
2026-05-16T15:50:55.090824,PUT,/api/articles/1/,577.81,171,0,
2026-05-16T15:50:55.128968,PUT,/api/articles/1/,718.93,171,0,
2026-05-16T15:50:55.156522,PUT,/api/articles/1/,331.26,171,0,
2026-05-16T15:50:55.178817,GET,/api/articles/1/,15.98,171,0,
2026-05-16T15:50:55.193124,GET,/api/cache/1/,3.08,142,0,
2026-05-16T15:50:55.193954,PUT,/api/articles/1/,597.56,171,0,
2026-05-16T15:50:55.221980,PUT,/api/articles/1/,588.82,171,0,
2026-05-16T15:50:55.289028,GET,/api/cache/1/,3.11,142,0,
2026-05-16T15:50:55.289920,POST,/api/queue/,4.57,68,0,
2026-05-16T15:50:55.328335,POST,/api/queue/,4.03,68,0,
2026-05-16T15:50:55.351644,GET,/api/external/,103.37,77,0,
2026-05-16T15:50:55.389351,PUT,/api/articles/1/,38.67,171,0,
2026-05-16T15:50:55.477842,GET,/api/articles/1/,5.04,171,0,
2026-05-16T15:50:55.576342,GET,/api/external/,102.98,78,0,
2026-05-16T15:50:55.583026,PUT,/api/articles/1/,40.93,171,0,
2026-05-16T15:50:55.583475,POST,/api/queue/,16.65,68,0,
2026-05-16T15:50:55.584051,GET,/api/articles/1/,4.3,171,0,
2026-05-16T15:50:55.609578,POST,/api/queue/,3.98,68,0,
2026-05-16T15:50:55.613407,GET,/api/external/,103.27,77,0,
2026-05-16T15:50:55.642216,PUT,/api/articles/1/,40.89,171,0,
2026-05-16T15:50:55.757566,GET,/api/cache/1/,3.93,142,0,
2026-05-16T15:50:55.816316,GET,/api/cache/1/,3.3,142,0,
2026-05-16T15:50:55.853235,POST,/api/queue/,4.64,68,0,
2026-05-16T15:50:55.936924,GET,/api/articles/1/,4.32,171,0,
2026-05-16T15:50:55.944862,PUT,/api/articles/1/,73.25,171,0,
2026-05-16T15:50:55.960830,GET,/api/cache/1/,3.17,142,0,
2026-05-16T15:50:55.962072,GET,/api/articles/1/,5.01,171,0,
2026-05-16T15:50:55.995421,GET,/api/cache/1/,3.13,142,0,
2026-05-16T15:50:56.016538,GET,/api/external/,109.3,77,0,
2026-05-16T15:50:56.134075,PUT,/api/articles/1/,34.25,171,0,
2026-05-16T15:50:56.165840,GET,/api/articles/1/,4.28,171,0,
2026-05-16T15:50:56.169938,GET,/api/external/,103.03,78,0,
2026-05-16T15:50:56.171912,PUT,/api/articles/1/,41.14,171,0,
2026-05-16T15:50:56.257476,GET,/api/cache/1/,3.32,142,0,
2026-05-16T15:50:56.269706,GET,/api/cache/1/,3.75,142,0,
2026-05-16T15:50:56.303312,GET,/api/cache/1/,3.15,142,0,
2026-05-16T15:50:56.366226,GET,/api/articles/1/,4.52,171,0,
2026-05-16T15:50:56.440553,GET,/api/cache/1/,3.09,142,0,
2026-05-16T15:50:56.488790,GET,/api/external/,103.34,78,0,
2026-05-16T15:50:56.513730,GET,/api/cache/1/,3.05,142,0,
2026-05-16T15:50:56.559808,PUT,/api/articles/1/,49.73,171,0,
2026-05-16T15:50:56.589320,PUT,/api/articles/1/,70.31,171,0,
2026-05-16T15:50:56.627364,PUT,/api/articles/1/,99.62,171,0,
2026-05-16T15:50:56.645491,GET,/api/articles/1/,15.75,171,0,
2026-05-16T15:50:56.685254,POST,/api/queue/,5.15,68,0,
2026-05-16T15:50:56.794735,GET,/api/articles/1/,4.09,171,0,
2026-05-16T15:50:56.846352,PUT,/api/articles/1/,36.24,171,0,
2026-05-16T15:50:56.913682,GET,/api/external/,102.96,77,0,
2026-05-16T15:50:57.029191,GET,/api/articles/1/,4.27,171,0,
2026-05-16T15:50:57.057875,GET,/api/cache/1/,3.37,142,0,
2026-05-16T15:50:57.120391,GET,/api/articles/1/,4.24,171,0,
2026-05-16T15:50:57.121659,PUT,/api/articles/1/,44.5,171,0,
2026-05-16T15:50:57.212188,GET,/api/cache/1/,3.24,142,0,
2026-05-16T15:50:57.222392,GET,/api/articles/1/,3.85,171,0,
2026-05-16T15:50:57.274024,GET,/api/articles/1/,4.65,171,0,
2026-05-16T15:50:57.299907,PUT,/api/articles/1/,40.19,171,0,
2026-05-16T15:50:57.355246,GET,/api/articles/1/,4.09,171,0,
2026-05-16T15:50:57.370462,GET,/api/cache/1/,2.84,142,0,
2026-05-16T15:50:57.388855,GET,/api/cache/1/,8.24,142,0,
2026-05-16T15:50:57.643857,GET,/api/articles/1/,4.25,171,0,
2026-05-16T15:50:57.665786,POST,/api/queue/,5.71,68,0,
2026-05-16T15:50:57.668046,GET,/api/cache/1/,3.63,142,0,
2026-05-16T15:50:57.677887,GET,/api/cache/1/,4.56,142,0,
2026-05-16T15:50:57.856322,POST,/api/queue/,3.9,68,0,
2026-05-16T15:50:57.873213,PUT,/api/articles/1/,420.99,171,0,
2026-05-16T15:50:57.906984,POST,/api/queue/,4.99,68,0,
2026-05-16T15:50:57.933699,PUT,/api/articles/1/,449.64,171,0,
2026-05-16T15:50:57.958030,GET,/api/cache/1/,3.09,142,0,
2026-05-16T15:50:57.972181,PUT,/api/articles/1/,324.89,171,0,
2026-05-16T15:50:57.999326,PUT,/api/articles/1/,502.55,171,0,
2026-05-16T15:50:58.037732,PUT,/api/articles/1/,131.94,171,0,
2026-05-16T15:50:58.060991,GET,/api/external/,102.82,78,0,
2026-05-16T15:50:58.064690,PUT,/api/articles/1/,450.46,171,0,
2026-05-16T15:50:58.086687,GET,/api/articles/1/,4.02,171,0,
2026-05-16T15:50:58.103888,PUT,/api/articles/1/,591.44,171,0,
2026-05-16T15:50:58.130542,PUT,/api/articles/1/,106.84,171,0,
2026-05-16T15:50:58.211108,GET,/api/articles/1/,4.2,171,0,
2026-05-16T15:50:58.246358,POST,/api/queue/,3.92,68,0,
2026-05-16T15:50:58.277345,PUT,/api/articles/1/,208.34,171,0,
2026-05-16T15:50:58.279282,GET,/api/articles/1/,4.75,171,0,
2026-05-16T15:50:58.406986,POST,/api/queue/,3.99,68,0,
2026-05-16T15:50:58.423300,PUT,/api/articles/1/,171.65,171,0,
2026-05-16T15:50:58.436807,GET,/api/cache/1/,4.16,142,0,
2026-05-16T15:50:58.486489,POST,/api/queue/,5.6,68,0,
2026-05-16T15:50:58.579762,PUT,/api/articles/1/,197.69,171,0,
2026-05-16T15:50:58.582688,POST,/api/queue/,4.68,68,0,
2026-05-16T15:50:58.645023,GET,/api/articles/1/,4.15,171,0,
2026-05-16T15:50:58.656124,POST,/api/queue/,3.87,68,0,
2026-05-16T15:50:58.696564,GET,/api/articles/1/,4.01,171,0,
2026-05-16T15:50:58.721938,PUT,/api/articles/1/,256.84,171,0,
2026-05-16T15:50:58.729394,GET,/api/cache/1/,3.26,142,0,
2026-05-16T15:50:58.738801,GET,/api/cache/1/,3.02,142,0,
2026-05-16T15:50:58.805755,GET,/api/external/,102.97,77,0,
2026-05-16T15:50:58.829136,POST,/api/queue/,5.14,68,0,
2026-05-16T15:50:58.896499,PUT,/api/articles/1/,377.49,171,0,
2026-05-16T15:50:58.928902,GET,/api/articles/1/,4.11,171,0,
2026-05-16T15:50:59.028103,GET,/api/articles/1/,3.91,171,0,
2026-05-16T15:50:59.052667,PUT,/api/articles/1/,451.16,171,0,
2026-05-16T15:50:59.058821,GET,/api/articles/1/,3.94,171,0,
2026-05-16T15:50:59.061731,POST,/api/queue/,4.35,68,0,
2026-05-16T15:50:59.105210,POST,/api/queue/,4.03,68,0,
2026-05-16T15:50:59.120505,GET,/api/external/,103.16,77,0,
2026-05-16T15:50:59.140684,GET,/api/external/,103.21,78,0,
2026-05-16T15:50:59.273872,POST,/api/queue/,3.92,68,0,
2026-05-16T15:50:59.306823,PUT,/api/articles/1/,217.42,171,0,
2026-05-16T15:50:59.311230,GET,/api/cache/1/,3.05,142,0,
2026-05-16T15:50:59.326817,GET,/api/cache/1/,3.34,142,0,
2026-05-16T15:50:59.333827,PUT,/api/articles/1/,111.73,171,0,
2026-05-16T15:50:59.361088,GET,/api/cache/1/,3.86,142,0,
2026-05-16T15:50:59.393719,PUT,/api/articles/1/,50.66,171,0,
2026-05-16T15:50:59.434027,POST,/api/queue/,4.05,68,0,
2026-05-16T15:50:59.549241,PUT,/api/articles/1/,61.97,171,0,
2026-05-16T15:50:59.553473,GET,/api/articles/1/,4.02,171,0,
2026-05-16T15:50:59.604578,GET,/api/external/,103.39,77,0,
2026-05-16T15:50:59.611627,POST,/api/queue/,4.87,68,0,
2026-05-16T15:50:59.670263,GET,/api/articles/1/,4.2,171,0,
2026-05-16T15:50:59.783144,POST,/api/queue/,4.9,68,0,
2026-05-16T15:50:59.823876,PUT,/api/articles/1/,42.69,171,0,
2026-05-16T15:50:59.851708,PUT,/api/articles/1/,36.8,171,0,
2026-05-16T15:50:59.857205,POST,/api/queue/,4.1,68,0,
2026-05-16T15:50:59.889559,PUT,/api/articles/1/,49.9,171,0,
2026-05-16T15:50:59.980584,GET,/api/cache/1/,3.45,142,0,
2026-05-16T15:50:59.995887,GET,/api/articles/1/,4.08,171,0,
2026-05-16T15:51:00.021311,GET,/api/articles/1/,4.06,171,0,
2026-05-16T15:51:00.092368,POST,/api/queue/,4.03,68,0,
2026-05-16T15:51:00.160676,GET,/api/external/,103.11,78,0,
2026-05-16T15:51:00.193728,POST,/api/queue/,4.71,68,0,
2026-05-16T15:51:00.262088,PUT,/api/articles/1/,30.12,171,0,
2026-05-16T15:51:00.364118,GET,/api/external/,103.39,78,0,
2026-05-16T15:51:00.364574,PUT,/api/articles/1/,47.49,171,0,
2026-05-16T15:51:00.403043,PUT,/api/articles/1/,32.29,171,0,
2026-05-16T15:51:00.449382,GET,/api/articles/1/,8.01,171,0,
2026-05-16T15:51:00.450877,GET,/api/external/,103.77,78,0,
2026-05-16T15:51:00.470089,POST,/api/queue/,3.86,68,0,
2026-05-16T15:51:00.519935,GET,/api/articles/1/,5.35,171,0,
2026-05-16T15:51:00.537911,GET,/api/articles/1/,4.56,171,0,
2026-05-16T15:51:00.545204,GET,/api/articles/1/,3.93,171,0,
2026-05-16T15:51:00.558215,PUT,/api/articles/1/,56.58,171,0,
2026-05-16T15:51:00.593255,PUT,/api/articles/1/,59.25,171,0,
2026-05-16T15:51:00.788977,GET,/api/cache/1/,2.91,142,0,
2026-05-16T15:51:00.793938,POST,/api/queue/,3.59,68,0,
2026-05-16T15:51:00.808262,GET,/api/articles/1/,3.97,171,0,
2026-05-16T15:51:00.819580,GET,/api/articles/1/,3.96,171,0,
2026-05-16T15:51:00.887622,GET,/api/external/,103.25,78,0,
2026-05-16T15:51:00.979183,GET,/api/cache/1/,3.16,142,0,
2026-05-16T15:51:00.998594,GET,/api/cache/1/,5.08,142,0,
2026-05-16T15:51:01.009380,GET,/api/cache/1/,4.18,142,0,
2026-05-16T15:51:01.020849,GET,/api/external/,103.69,78,0,
2026-05-16T15:51:01.035145,POST,/api/queue/,4.02,68,0,
2026-05-16T15:51:01.124136,GET,/api/external/,104.26,77,0,
2026-05-16T15:51:01.138426,POST,/api/queue/,4.39,68,0,
2026-05-16T15:51:01.141835,GET,/api/articles/1/,4.29,171,0,
2026-05-16T15:51:01.172233,GET,/api/articles/1/,4.16,171,0,
2026-05-16T15:51:01.299955,GET,/api/articles/1/,4.06,171,0,
2026-05-16T15:51:01.304729,GET,/api/articles/1/,4.63,171,0,
2026-05-16T15:51:01.311126,GET,/api/cache/1/,3.02,142,0,
2026-05-16T15:51:01.329655,GET,/api/cache/1/,9.7,142,0,
2026-05-16T15:51:01.453083,GET,/api/external/,103.08,78,0,
2026-05-16T15:51:01.461724,GET,/api/cache/1/,4.28,142,0,
2026-05-16T15:51:01.477326,GET,/api/cache/1/,3.27,142,0,
2026-05-16T15:51:01.497663,POST,/api/queue/,3.95,68,0,
2026-05-16T15:51:01.512704,GET,/api/articles/1/,4.54,171,0,
2026-05-16T15:51:01.612961,GET,/api/cache/1/,3.83,142,0,
2026-05-16T15:51:01.658056,PUT,/api/articles/1/,1028.47,171,0,
2026-05-16T15:51:01.694023,GET,/api/articles/1/,4.44,171,0,
2026-05-16T15:51:01.730994,PUT,/api/articles/1/,601.59,171,0,
2026-05-16T15:51:01.776353,PUT,/api/articles/1/,501.65,171,0,
2026-05-16T15:51:01.803441,PUT,/api/articles/1/,502.08,171,0,
2026-05-16T15:51:01.803841,GET,/api/cache/1/,22.72,142,0,
2026-05-16T15:51:01.842066,PUT,/api/articles/1/,167.31,171,0,
2026-05-16T15:51:01.848525,GET,/api/external/,103.19,78,0,
2026-05-16T15:51:01.868954,PUT,/api/articles/1/,54.05,171,0,
2026-05-16T15:51:01.876736,POST,/api/queue/,4.43,68,0,
2026-05-16T15:51:01.883611,POST,/api/queue/,5.63,68,0,
2026-05-16T15:51:01.884328,GET,/api/external/,103.73,77,0,
2026-05-16T15:51:02.008057,GET,/api/articles/1/,4.13,171,0,
2026-05-16T15:51:02.065483,PUT,/api/articles/1/,47.86,171,0,
2026-05-16T15:51:02.118896,GET,/api/articles/1/,4.0,171,0,
2026-05-16T15:51:02.126386,GET,/api/cache/1/,3.07,142,0,
2026-05-16T15:51:02.211749,POST,/api/queue/,4.01,68,0,
2026-05-16T15:51:02.236139,GET,/api/articles/1/,4.1,171,0,
2026-05-16T15:51:02.244130,POST,/api/queue/,3.6,68,0,
2026-05-16T15:51:02.395321,POST,/api/queue/,3.98,68,0,
2026-05-16T15:51:02.406476,GET,/api/external/,108.93,77,0,
2026-05-16T15:51:02.414847,GET,/api/external/,109.46,78,0,
2026-05-16T15:51:02.483937,GET,/api/external/,103.34,77,0,
2026-05-16T15:51:02.592014,GET,/api/cache/1/,3.33,142,0,
2026-05-16T15:51:02.660875,PUT,/api/articles/1/,40.45,171,0,
2026-05-16T15:51:02.661323,POST,/api/queue/,17.96,68,0,
2026-05-16T15:51:02.714849,GET,/api/articles/1/,4.31,171,0,
2026-05-16T15:51:02.788995,POST,/api/queue/,3.86,68,0,
2026-05-16T15:51:02.884825,GET,/api/articles/1/,4.37,171,0,
2026-05-16T15:51:03.031674,POST,/api/queue/,4.12,68,0,
2026-05-16T15:51:03.057277,POST,/api/queue/,4.21,68,0,
2026-05-16T15:51:03.125296,POST,/api/queue/,3.91,68,0,
2026-05-16T15:51:03.148494,GET,/api/cache/1/,2.98,142,0,
2026-05-16T15:51:03.229120,GET,/api/articles/1/,4.19,171,0,
2026-05-16T15:51:03.243954,POST,/api/queue/,4.46,68,0,
2026-05-16T15:51:03.251063,GET,/api/cache/1/,2.83,142,0,
2026-05-16T15:51:03.299204,GET,/api/articles/1/,4.87,171,0,
2026-05-16T15:51:03.305286,POST,/api/queue/,3.71,68,0,
2026-05-16T15:51:03.343351,GET,/api/external/,102.78,78,0,
2026-05-16T15:51:03.363117,GET,/api/external/,103.67,78,0,
2026-05-16T15:51:03.452045,GET,/api/articles/1/,4.18,171,0,
2026-05-16T15:51:03.489386,GET,/api/articles/1/,4.07,171,0,
2026-05-16T15:51:03.515700,POST,/api/queue/,5.07,68,0,
2026-05-16T15:51:03.518064,GET,/api/external/,102.92,77,0,
2026-05-16T15:51:03.541053,POST,/api/queue/,13.32,68,0,
2026-05-16T15:51:03.664876,GET,/api/articles/1/,4.16,171,0,
2026-05-16T15:51:03.700392,GET,/api/cache/1/,3.12,142,0,
2026-05-16T15:51:03.710692,POST,/api/queue/,3.95,68,0,
2026-05-16T15:51:03.714829,GET,/api/cache/1/,2.83,142,0,
2026-05-16T15:51:03.755200,GET,/api/cache/1/,3.91,142,0,
2026-05-16T15:51:03.810011,PUT,/api/articles/1/,714.48,171,0,
2026-05-16T15:51:03.889131,GET,/api/external/,103.54,78,0,
2026-05-16T15:51:03.900387,PUT,/api/articles/1/,538.76,171,0,
2026-05-16T15:51:03.927511,PUT,/api/articles/1/,387.77,171,0,
2026-05-16T15:51:03.955379,PUT,/api/articles/1/,320.44,171,0,
2026-05-16T15:51:04.137216,GET,/api/articles/1/,4.44,171,0,
2026-05-16T15:51:04.186470,POST,/api/queue/,3.97,68,0,
2026-05-16T15:51:04.188376,GET,/api/cache/1/,3.11,142,0,
2026-05-16T15:51:04.203101,GET,/api/external/,103.18,78,0,
2026-05-16T15:51:04.214517,POST,/api/queue/,5.07,68,0,
2026-05-16T15:51:04.217318,POST,/api/queue/,4.07,68,0,
2026-05-16T15:51:04.244900,GET,/api/external/,103.21,78,0,
2026-05-16T15:51:04.262856,GET,/api/articles/1/,4.59,171,0,
2026-05-16T15:51:04.292269,GET,/api/cache/1/,3.13,142,0,
2026-05-16T15:51:04.352926,GET,/api/cache/1/,3.11,142,0,
2026-05-16T15:51:04.377554,GET,/api/external/,109.99,78,0,
2026-05-16T15:51:04.393101,POST,/api/queue/,4.21,68,0,
2026-05-16T15:51:04.435281,POST,/api/queue/,3.93,68,0,
2026-05-16T15:51:04.442877,GET,/api/articles/1/,4.4,171,0,
2026-05-16T15:51:04.493444,GET,/api/cache/1/,3.18,142,0,
2026-05-16T15:51:04.605520,GET,/api/articles/1/,4.26,171,0,
2026-05-16T15:51:04.625290,GET,/api/articles/1/,4.21,171,0,
2026-05-16T15:51:04.661911,GET,/api/external/,103.08,78,0,
2026-05-16T15:51:04.690956,GET,/api/external/,103.4,77,0,
2026-05-16T15:51:04.778141,POST,/api/queue/,8.08,68,0,
2026-05-16T15:51:04.781779,GET,/api/articles/1/,4.66,171,0,
2026-05-16T15:51:04.826220,POST,/api/queue/,4.08,68,0,
2026-05-16T15:51:04.842978,GET,/api/articles/1/,4.42,171,0,
2026-05-16T15:51:04.992427,GET,/api/cache/1/,3.18,142,0,
2026-05-16T15:51:05.050847,GET,/api/external/,103.49,77,0,
2026-05-16T15:51:05.071591,GET,/api/external/,103.14,78,0,
2026-05-16T15:51:05.137223,GET,/api/articles/1/,4.26,171,0,
2026-05-16T15:51:05.141689,GET,/api/external/,102.98,78,0,
2026-05-16T15:51:05.185160,GET,/api/external/,103.23,77,0,
2026-05-16T15:51:05.290644,GET,/api/external/,102.94,78,0,
2026-05-16T15:51:05.321849,POST,/api/queue/,4.78,68,0,
2026-05-16T15:51:05.332601,GET,/api/cache/1/,3.3,142,0,
2026-05-16T15:51:05.386638,GET,/api/external/,104.1,78,0,
2026-05-16T15:51:05.397085,GET,/api/articles/1/,4.05,171,0,
2026-05-16T15:51:05.441167,GET,/api/external/,103.31,78,0,
2026-05-16T15:51:05.449165,PUT,/api/articles/1/,1213.63,171,0,
2026-05-16T15:51:05.474780,GET,/api/articles/1/,4.36,171,0,
2026-05-16T15:51:05.481112,GET,/api/cache/1/,3.04,142,0,
2026-05-16T15:51:05.507280,PUT,/api/articles/1/,661.81,171,0,
2026-05-16T15:51:05.521189,GET,/api/cache/1/,3.75,142,0,
2026-05-16T15:51:05.532549,POST,/api/queue/,3.77,68,0,
2026-05-16T15:51:05.556242,GET,/api/cache/1/,3.31,142,0,
2026-05-16T15:51:05.644751,POST,/api/queue/,4.13,68,0,
2026-05-16T15:51:05.693247,GET,/api/cache/1/,3.13,142,0,
2026-05-16T15:51:05.731028,GET,/api/external/,104.51,78,0,
2026-05-16T15:51:05.760596,POST,/api/queue/,4.08,68,0,
2026-05-16T15:51:05.826057,PUT,/api/articles/1/,37.07,171,0,
2026-05-16T15:51:05.849630,GET,/api/articles/1/,4.33,171,0,
2026-05-16T15:51:05.852969,PUT,/api/articles/1/,61.25,171,0,
2026-05-16T15:51:05.881073,PUT,/api/articles/1/,65.68,171,0,
2026-05-16T15:51:05.970484,GET,/api/cache/1/,3.66,142,0,
2026-05-16T15:51:06.008851,GET,/api/external/,103.49,78,0,
2026-05-16T15:51:06.070183,GET,/api/external/,104.0,77,0,
2026-05-16T15:51:06.253898,GET,/api/cache/1/,18.86,142,0,
2026-05-16T15:51:06.434301,GET,/api/cache/1/,2.91,142,0,
2026-05-16T15:51:06.519422,GET,/api/cache/1/,3.82,142,0,
2026-05-16T15:51:06.524941,GET,/api/external/,103.23,78,0,
2026-05-16T15:51:06.590442,GET,/api/external/,110.71,78,0,
2026-05-16T15:51:06.591179,POST,/api/queue/,4.71,68,0,
2026-05-16T15:51:06.663748,GET,/api/cache/1/,3.31,142,0,
2026-05-16T15:51:06.850329,GET,/api/external/,105.43,78,0,
2026-05-16T15:51:06.866949,GET,/api/external/,103.09,78,0,
2026-05-16T15:51:06.892645,GET,/api/articles/1/,6.39,171,0,
2026-05-16T15:51:06.923554,GET,/api/cache/1/,3.03,142,0,
2026-05-16T15:51:06.990434,GET,/api/external/,104.56,78,0,
2026-05-16T15:51:07.005791,GET,/api/external/,102.91,77,0,
2026-05-16T15:51:07.076555,GET,/api/articles/1/,7.85,171,0,
2026-05-16T15:51:07.156936,GET,/api/articles/1/,4.35,171,0,
2026-05-16T15:51:07.320347,GET,/api/articles/1/,6.76,171,0,
2026-05-16T15:51:07.492288,GET,/api/external/,102.81,78,0,
2026-05-16T15:51:08.032415,PUT,/api/articles/1/,1319.4,171,0,
2026-05-16T15:51:08.033080,GET,/api/cache/1/,596.16,142,0,
2026-05-16T15:51:08.033557,POST,/api/queue/,1095.48,68,0,
2026-05-16T15:51:08.034088,POST,/api/queue/,945.58,68,0,
2026-05-16T15:51:08.034596,POST,/api/queue/,865.3,68,0,
2026-05-16T15:51:08.035078,GET,/api/articles/1/,575.41,171,0,
2026-05-16T15:51:08.035528,GET,/api/cache/1/,503.6,142,0,
2026-05-16T15:51:08.036198,POST,/api/queue/,962.84,68,0,
2026-05-16T15:51:08.036733,GET,/api/articles/1/,499.53,171,0,
2026-05-16T15:51:08.037193,GET,/api/cache/1/,459.68,142,0,
2026-05-16T15:51:08.037659,GET,/api/articles/1/,569.55,171,0,
2026-05-16T15:51:08.038086,POST,/api/queue/,425.03,68,0,
2026-05-16T15:51:08.038577,GET,/api/articles/1/,463.4,171,0,
2026-05-16T15:51:08.039000,POST,/api/queue/,59.14,68,0,
2026-05-16T15:51:08.039405,GET,/api/articles/1/,269.82,171,0,
2026-05-16T15:51:08.039786,GET,/api/articles/1/,378.59,171,0,
2026-05-16T15:51:08.096251,GET,/api/cache/1/,3.1,142,0,
2026-05-16T15:51:08.132733,PUT,/api/articles/1/,1270.08,171,0,
2026-05-16T15:51:08.134326,GET,/api/external/,650.73,78,0,
2026-05-16T15:51:08.137459,GET,/api/external/,458.7,78,0,
2026-05-16T15:51:08.138405,GET,/api/external/,128.45,78,0,
2026-05-16T15:51:08.180149,GET,/api/cache/1/,3.37,142,0,
2026-05-16T15:51:08.215889,PUT,/api/articles/1/,923.91,171,0,
2026-05-16T15:51:08.237360,PUT,/api/articles/1/,1349.35,171,0,
2026-05-16T15:51:08.257092,GET,/api/cache/1/,3.66,142,0,
2026-05-16T15:51:08.276515,PUT,/api/articles/1/,889.68,171,0,
2026-05-16T15:51:08.303132,PUT,/api/articles/1/,1293.18,171,0,
2026-05-16T15:51:08.341651,PUT,/api/articles/1/,1456.36,171,0,
2026-05-16T15:51:08.368922,PUT,/api/articles/1/,120.19,171,0,
2026-05-16T15:51:08.407678,PUT,/api/articles/1/,1197.57,171,0,
2026-05-16T15:51:08.413984,POST,/api/queue/,4.02,68,0,
2026-05-16T15:51:08.434625,PUT,/api/articles/1/,159.26,171,0,
2026-05-16T15:51:08.439675,GET,/api/external/,103.02,78,0,
2026-05-16T15:51:08.500327,GET,/api/cache/1/,3.56,142,0,
2026-05-16T15:51:08.516485,PUT,/api/articles/1/,39.43,171,0,
2026-05-16T15:51:08.518560,POST,/api/queue/,4.97,68,0,
2026-05-16T15:51:08.519072,GET,/api/articles/1/,4.9,171,0,
2026-05-16T15:51:08.525657,GET,/api/external/,103.31,78,0,
2026-05-16T15:51:08.748223,PUT,/api/articles/1/,33.06,171,0,
2026-05-16T15:51:08.750427,GET,/api/cache/1/,3.16,142,0,
2026-05-16T15:51:08.773010,GET,/api/articles/1/,4.19,171,0,
2026-05-16T15:51:08.835718,GET,/api/articles/1/,4.29,171,0,
2026-05-16T15:51:08.991780,PUT,/api/articles/1/,29.14,171,0,
2026-05-16T15:51:09.009356,GET,/api/articles/1/,4.16,171,0,
2026-05-16T15:51:09.080274,GET,/api/articles/1/,4.48,171,0,
2026-05-16T15:51:09.094664,GET,/api/articles/1/,5.26,171,0,
2026-05-16T15:51:09.133084,GET,/api/articles/1/,4.2,171,0,
2026-05-16T15:51:09.161972,GET,/api/cache/1/,3.22,142,0,
2026-05-16T15:51:09.191979,GET,/api/cache/1/,11.6,142,0,
2026-05-16T15:51:09.196345,PUT,/api/articles/1/,109.73,171,0,
2026-05-16T15:51:09.198975,POST,/api/queue/,4.67,68,0,
2026-05-16T15:51:09.202863,GET,/api/articles/1/,3.77,171,0,
2026-05-16T15:51:09.253136,POST,/api/queue/,3.87,68,0,
2026-05-16T15:51:09.364255,GET,/api/cache/1/,3.46,142,0,
2026-05-16T15:51:09.448306,GET,/api/articles/1/,20.51,171,0,
2026-05-16T15:51:09.466166,GET,/api/cache/1/,3.54,142,0,
2026-05-16T15:51:09.519717,POST,/api/queue/,4.26,68,0,
2026-05-16T15:51:09.634230,GET,/api/articles/1/,4.84,171,0,
2026-05-16T15:51:09.634878,GET,/api/articles/1/,6.05,171,0,
2026-05-16T15:51:09.636318,GET,/api/external/,103.14,78,0,
2026-05-16T15:51:09.644406,GET,/api/external/,103.27,78,0,
2026-05-16T15:51:09.804704,POST,/api/queue/,4.12,68,0,
2026-05-16T15:51:09.958520,POST,/api/queue/,4.34,68,0,
2026-05-16T15:51:10.035811,PUT,/api/articles/1/,89.53,171,0,
2026-05-16T15:51:10.071031,GET,/api/external/,103.13,78,0,
2026-05-16T15:51:10.113917,GET,/api/articles/1/,4.57,171,0,
2026-05-16T15:51:10.121759,GET,/api/external/,103.07,78,0,
2026-05-16T15:51:10.141203,GET,/api/external/,103.16,78,0,
2026-05-16T15:51:10.428319,POST,/api/queue/,18.01,68,0,
2026-05-16T15:51:10.447572,GET,/api/articles/1/,4.04,171,0,
2026-05-16T15:51:10.481787,POST,/api/queue/,4.01,68,0,
2026-05-16T15:51:10.541924,GET,/api/external/,103.15,78,0,
2026-05-16T15:51:10.554165,POST,/api/queue/,4.71,68,0,
2026-05-16T15:51:10.557377,POST,/api/queue/,4.2,68,0,
2026-05-16T15:51:10.568608,POST,/api/queue/,3.9,68,0,
2026-05-16T15:51:10.605151,GET,/api/external/,103.05,78,0,
2026-05-16T15:51:10.696968,POST,/api/queue/,4.37,68,0,
2026-05-16T15:51:10.706329,GET,/api/cache/1/,3.01,142,0,
2026-05-16T15:51:10.858894,GET,/api/external/,104.02,78,0,
2026-05-16T15:51:10.865834,GET,/api/articles/1/,6.66,171,0,
2026-05-16T15:51:10.882175,POST,/api/queue/,3.95,68,0,
2026-05-16T15:51:10.893643,POST,/api/queue/,4.13,68,0,
2026-05-16T15:51:10.896664,GET,/api/articles/1/,4.33,171,0,
2026-05-16T15:51:10.959952,GET,/api/external/,104.5,78,0,
2026-05-16T15:51:10.996183,POST,/api/queue/,3.97,68,0,
2026-05-16T15:51:11.026957,GET,/api/articles/1/,4.37,171,0,
2026-05-16T15:51:11.029770,POST,/api/queue/,4.64,68,0,
2026-05-16T15:51:11.030201,GET,/api/articles/1/,4.11,171,0,
2026-05-16T15:51:11.103554,GET,/api/cache/1/,3.24,142,0,
2026-05-16T15:51:11.163088,POST,/api/queue/,4.01,68,0,
2026-05-16T15:51:11.180143,GET,/api/cache/1/,15.53,142,0,
2026-05-16T15:51:11.186739,GET,/api/articles/1/,13.74,171,0,
2026-05-16T15:51:11.195933,PUT,/api/articles/1/,409.27,171,0,
2026-05-16T15:51:11.344114,PUT,/api/articles/1/,423.44,171,0,
2026-05-16T15:51:11.344666,POST,/api/queue/,69.28,68,0,
2026-05-16T15:51:11.407490,GET,/api/cache/1/,3.17,142,0,
2026-05-16T15:51:11.432423,GET,/api/cache/1/,3.6,142,0,
2026-05-16T15:51:11.436394,POST,/api/queue/,4.87,68,0,
2026-05-16T15:51:11.438588,GET,/api/cache/1/,3.92,142,0,
2026-05-16T15:51:11.443520,POST,/api/queue/,3.62,68,0,
2026-05-16T15:51:11.463805,GET,/api/external/,103.0,78,0,
2026-05-16T15:51:11.470255,PUT,/api/articles/1/,452.53,171,0,
2026-05-16T15:51:11.488691,POST,/api/queue/,4.19,68,0,
2026-05-16T15:51:11.518390,GET,/api/cache/1/,3.45,142,0,
2026-05-16T15:51:11.549514,PUT,/api/articles/1/,533.19,171,0,
2026-05-16T15:51:11.562424,GET,/api/cache/1/,3.61,142,0,
2026-05-16T15:51:11.565597,GET,/api/articles/1/,4.14,171,0,
2026-05-16T15:51:11.595505,PUT,/api/articles/1/,540.05,171,0,
2026-05-16T15:51:11.626946,PUT,/api/articles/1/,622.38,171,0,
2026-05-16T15:51:11.627419,POST,/api/queue/,17.65,68,0,
2026-05-16T15:51:11.635955,GET,/api/external/,103.18,77,0,
2026-05-16T15:51:11.653992,PUT,/api/articles/1/,294.71,171,0,
2026-05-16T15:51:11.676189,POST,/api/queue/,12.39,68,0,
2026-05-16T15:51:11.723727,GET,/api/external/,103.2,77,0,
2026-05-16T15:51:12.504839,PUT,/api/articles/1/,40.48,171,0,
2026-05-16T15:51:12.593413,GET,/api/articles/1/,5.76,171,0,
2026-05-16T15:51:12.621130,POST,/api/queue/,5.12,68,0,
2026-05-16T15:51:12.631808,POST,/api/queue/,4.36,68,0,
2026-05-16T15:51:12.683822,GET,/api/articles/1/,7.68,171,0,
2026-05-16T15:51:12.688093,PUT,/api/articles/1/,39.94,171,0,
2026-05-16T15:51:12.716008,PUT,/api/articles/1/,37.35,171,0,
2026-05-16T15:51:12.768536,GET,/api/articles/1/,4.27,171,0,
2026-05-16T15:51:12.997679,GET,/api/articles/1/,4.37,171,0,
2026-05-16T15:51:13.044833,GET,/api/cache/1/,3.31,142,0,
2026-05-16T15:51:13.096343,GET,/api/cache/1/,3.1,142,0,
2026-05-16T15:51:13.243504,POST,/api/queue/,4.41,68,0,
2026-05-16T15:51:13.256291,GET,/api/articles/1/,4.37,171,0,
2026-05-16T15:51:13.286472,GET,/api/articles/1/,5.94,171,0,
2026-05-16T15:51:13.397147,GET,/api/external/,103.27,77,0,
2026-05-16T15:51:13.418181,GET,/api/cache/1/,6.48,142,0,
2026-05-16T15:51:13.619643,POST,/api/queue/,8.14,68,0,
2026-05-16T15:51:13.659999,GET,/api/cache/1/,3.16,142,0,
2026-05-16T15:51:13.712493,GET,/api/articles/1/,4.66,171,0,
2026-05-16T15:51:13.886006,POST,/api/queue/,4.27,68,0,
2026-05-16T15:51:13.889714,GET,/api/articles/1/,4.6,171,0,
2026-05-16T15:51:13.911466,GET,/api/cache/1/,3.36,142,0,
2026-05-16T15:51:13.973925,PUT,/api/articles/1/,692.78,171,0,
2026-05-16T15:51:13.981109,GET,/api/cache/1/,2.86,142,0,
2026-05-16T15:51:13.981841,GET,/api/external/,103.01,78,0,
2026-05-16T15:51:14.004133,GET,/api/articles/1/,4.06,171,0,
2026-05-16T15:51:14.011332,GET,/api/cache/1/,2.84,142,0,
2026-05-16T15:51:14.013886,PUT,/api/articles/1/,698.72,171,0,
2026-05-16T15:51:14.015923,GET,/api/cache/1/,3.3,142,0,
2026-05-16T15:51:14.024256,GET,/api/articles/1/,3.97,171,0,
2026-05-16T15:51:14.031413,GET,/api/cache/1/,2.83,142,0,
2026-05-16T15:51:14.044817,GET,/api/external/,103.03,78,0,
2026-05-16T15:51:14.046765,POST,/api/queue/,3.99,68,0,
2026-05-16T15:51:14.052956,PUT,/api/articles/1/,423.86,171,0,
2026-05-16T15:51:14.067903,GET,/api/external/,103.5,77,0,
2026-05-16T15:51:14.092105,PUT,/api/articles/1/,616.6,171,0,
2026-05-16T15:51:14.120211,PUT,/api/articles/1/,412.96,171,0,
2026-05-16T15:51:14.152020,GET,/api/external/,102.91,78,0,
2026-05-16T15:51:14.169274,PUT,/api/articles/1/,36.64,171,0,
2026-05-16T15:51:14.172212,GET,/api/external/,102.91,78,0,
2026-05-16T15:51:14.256204,GET,/api/external/,102.93,77,0,
2026-05-16T15:51:14.321112,GET,/api/articles/1/,6.82,171,0,
2026-05-16T15:51:14.327254,PUT,/api/articles/1/,37.56,171,0,
2026-05-16T15:51:14.369234,GET,/api/articles/1/,4.72,171,0,
2026-05-16T15:51:14.407354,POST,/api/queue/,3.81,68,0,
2026-05-16T15:51:14.409853,PUT,/api/articles/1/,44.23,171,0,
2026-05-16T15:51:14.474137,GET,/api/articles/1/,4.65,171,0,
2026-05-16T15:51:14.510391,POST,/api/queue/,3.92,68,0,
2026-05-16T15:51:14.526861,GET,/api/cache/1/,3.26,142,0,
2026-05-16T15:51:14.636324,POST,/api/queue/,5.0,68,0,
2026-05-16T15:51:14.684004,POST,/api/queue/,4.26,68,0,
2026-05-16T15:51:14.690292,GET,/api/cache/1/,2.92,142,0,
2026-05-16T15:51:14.709863,GET,/api/cache/1/,3.17,142,0,
2026-05-16T15:51:14.736367,GET,/api/articles/1/,4.16,171,0,
2026-05-16T15:51:14.752949,GET,/api/cache/1/,3.29,142,0,
2026-05-16T15:51:14.894958,GET,/api/articles/1/,4.32,171,0,
2026-05-16T15:51:14.978484,GET,/api/cache/1/,3.33,142,0,
2026-05-16T15:51:15.082902,GET,/api/cache/1/,3.16,142,0,
2026-05-16T15:51:15.111198,POST,/api/queue/,3.92,68,0,
2026-05-16T15:51:15.136188,GET,/api/external/,103.25,78,0,
2026-05-16T15:51:15.212779,POST,/api/queue/,5.26,68,0,
2026-05-16T15:51:15.228779,GET,/api/cache/1/,4.54,142,0,
2026-05-16T15:51:15.257316,GET,/api/articles/1/,5.28,171,0,
2026-05-16T15:51:15.349955,GET,/api/cache/1/,3.27,142,0,
2026-05-16T15:51:15.478727,GET,/api/cache/1/,3.27,142,0,
2026-05-16T15:51:15.507443,GET,/api/cache/1/,3.33,142,0,
2026-05-16T15:51:15.540482,PUT,/api/articles/1/,604.19,171,0,
2026-05-16T15:51:15.580916,PUT,/api/articles/1/,537.01,171,0,
2026-05-16T15:51:15.625499,GET,/api/cache/1/,3.89,142,0,
2026-05-16T15:51:15.630670,PUT,/api/articles/1/,210.63,171,0,
2026-05-16T15:51:15.658740,PUT,/api/articles/1/,235.97,171,0,
2026-05-16T15:51:15.673343,GET,/api/external/,104.54,78,0,
2026-05-16T15:51:15.686282,PUT,/api/articles/1/,33.27,171,0,
2026-05-16T15:51:15.725087,PUT,/api/articles/1/,519.59,171,0,
2026-05-16T15:51:15.725506,POST,/api/queue/,8.82,68,0,
2026-05-16T15:51:15.738502,POST,/api/queue/,3.77,68,0,
2026-05-16T15:51:15.922344,GET,/api/articles/1/,4.27,171,0,
2026-05-16T15:51:15.987949,GET,/api/articles/1/,4.34,171,0,
2026-05-16T15:51:15.993195,GET,/api/cache/1/,2.84,142,0,
2026-05-16T15:51:16.021709,GET,/api/cache/1/,3.18,142,0,
2026-05-16T15:51:16.055052,POST,/api/queue/,11.43,68,0,
2026-05-16T15:51:16.056075,GET,/api/cache/1/,3.1,142,0,
2026-05-16T15:51:16.080305,GET,/api/articles/1/,4.01,171,0,
2026-05-16T15:51:16.195154,POST,/api/queue/,6.61,68,0,
2026-05-16T15:51:16.240726,GET,/api/cache/1/,3.23,142,0,
2026-05-16T15:51:16.283264,GET,/api/articles/1/,4.33,171,0,
2026-05-16T15:51:16.306048,GET,/api/external/,106.44,78,0,
2026-05-16T15:51:16.310396,POST,/api/queue/,8.98,68,0,
2026-05-16T15:51:16.377576,GET,/api/articles/1/,4.13,171,0,
2026-05-16T15:51:16.409160,GET,/api/external/,105.55,76,0,
2026-05-16T15:51:16.409645,GET,/api/external/,112.55,78,0,
2026-05-16T15:51:16.460697,POST,/api/queue/,4.24,68,0,
2026-05-16T15:51:16.618608,POST,/api/queue/,3.92,68,0,
2026-05-16T15:51:16.633129,GET,/api/articles/1/,4.03,171,0,
2026-05-16T15:51:16.769277,POST,/api/queue/,4.09,68,0,
2026-05-16T15:51:16.843025,GET,/api/external/,103.55,78,0,
2026-05-16T15:51:16.847638,GET,/api/cache/1/,4.33,142,0,
2026-05-16T15:51:16.886468,POST,/api/queue/,3.88,68,0,
2026-05-16T15:51:16.898265,GET,/api/cache/1/,2.85,142,0,
2026-05-16T15:51:16.943681,GET,/api/cache/1/,3.14,142,0,
2026-05-16T15:51:16.950217,PUT,/api/articles/1/,744.76,171,0,
2026-05-16T15:51:16.998699,GET,/api/external/,103.83,78,0,
2026-05-16T15:51:17.006827,PUT,/api/articles/1/,649.2,171,0,
2026-05-16T15:51:17.106618,GET,/api/articles/1/,4.16,171,0,
2026-05-16T15:51:17.163356,GET,/api/articles/1/,4.11,171,0,
2026-05-16T15:51:17.224883,GET,/api/cache/1/,3.13,142,0,
2026-05-16T15:51:17.238662,GET,/api/external/,102.91,78,0,
2026-05-16T15:51:17.304312,GET,/api/cache/1/,3.33,142,0,
2026-05-16T15:51:17.351561,GET,/api/articles/1/,4.85,171,0,
2026-05-16T15:51:17.387916,PUT,/api/articles/1/,853.91,171,0,
2026-05-16T15:51:17.413277,GET,/api/articles/1/,4.62,171,0,
2026-05-16T15:51:17.426451,PUT,/api/articles/1/,706.88,171,0,
2026-05-16T15:51:17.426935,GET,/api/cache/1/,34.75,142,0,
2026-05-16T15:51:17.451315,POST,/api/queue/,4.01,68,0,
2026-05-16T15:51:17.454335,PUT,/api/articles/1/,590.34,171,0,
2026-05-16T15:51:17.468740,GET,/api/articles/1/,4.1,171,0,
2026-05-16T15:51:17.481562,PUT,/api/articles/1/,348.51,171,0,
2026-05-16T15:51:17.489895,GET,/api/articles/1/,3.92,171,0,
2026-05-16T15:51:17.548913,POST,/api/queue/,16.33,68,0,
2026-05-16T15:51:17.549432,POST,/api/queue/,13.77,68,0,
2026-05-16T15:51:17.551908,GET,/api/cache/1/,4.11,142,0,
2026-05-16T15:51:17.654661,PUT,/api/articles/1/,88.51,171,0,
2026-05-16T15:51:17.794778,PUT,/api/articles/1/,40.87,171,0,
2026-05-16T15:51:17.864647,GET,/api/articles/1/,4.33,171,0,
2026-05-16T15:51:17.869937,GET,/api/cache/1/,2.88,142,0,
2026-05-16T15:51:17.910275,GET,/api/external/,103.02,78,0,
2026-05-16T15:51:17.910677,GET,/api/articles/1/,5.34,171,0,
2026-05-16T15:51:17.946171,GET,/api/articles/1/,4.23,171,0,
2026-05-16T15:51:17.985759,POST,/api/queue/,5.15,68,0,
2026-05-16T15:51:18.025558,PUT,/api/articles/1/,44.46,171,0,
2026-05-16T15:51:18.070927,GET,/api/external/,103.36,78,0,
2026-05-16T15:51:18.084879,PUT,/api/articles/1/,46.43,171,0,
2026-05-16T15:51:18.132934,GET,/api/articles/1/,4.05,171,0,
2026-05-16T15:51:18.145299,PUT,/api/articles/1/,37.2,171,0,
2026-05-16T15:51:18.170915,GET,/api/articles/1/,4.71,171,0,
2026-05-16T15:51:18.256759,GET,/api/external/,103.14,78,0,
2026-05-16T15:51:18.368228,GET,/api/cache/1/,3.07,142,0,
2026-05-16T15:51:18.377885,GET,/api/cache/1/,3.3,142,0,
2026-05-16T15:51:18.409675,PUT,/api/articles/1/,34.08,171,0,
2026-05-16T15:51:18.480395,GET,/api/cache/1/,3.1,142,0,
2026-05-16T15:51:18.547072,GET,/api/cache/1/,3.39,142,0,
2026-05-16T15:51:18.634908,PUT,/api/articles/1/,59.75,171,0,
2026-05-16T15:51:18.661882,PUT,/api/articles/1/,58.87,171,0,
2026-05-16T15:51:18.663696,GET,/api/cache/1/,3.47,142,0,
2026-05-16T15:51:18.689933,PUT,/api/articles/1/,65.4,171,0,
2026-05-16T15:51:18.707810,GET,/api/external/,104.23,76,0,
2026-05-16T15:51:18.812387,GET,/api/cache/1/,3.2,142,0,
2026-05-16T15:51:18.840029,GET,/api/articles/1/,4.23,171,0,
2026-05-16T15:51:18.900974,PUT,/api/articles/1/,35.74,171,0,
2026-05-16T15:51:18.914217,POST,/api/queue/,4.83,68,0,
2026-05-16T15:51:18.927223,POST,/api/queue/,3.64,68,0,
2026-05-16T15:51:18.972464,POST,/api/queue/,3.88,68,0,
2026-05-16T15:51:18.991963,GET,/api/articles/1/,4.14,171,0,
2026-05-16T15:51:19.000600,GET,/api/external/,104.61,78,0,
2026-05-16T15:51:19.057290,POST,/api/queue/,4.09,68,0,
2026-05-16T15:51:19.158723,POST,/api/queue/,3.96,68,0,
2026-05-16T15:51:19.205154,GET,/api/articles/1/,4.19,171,0,
2026-05-16T15:51:19.235650,GET,/api/cache/1/,3.05,142,0,
2026-05-16T15:51:19.309432,GET,/api/articles/1/,3.96,171,0,
2026-05-16T15:51:19.330151,POST,/api/queue/,3.79,68,0,
2026-05-16T15:51:19.330571,POST,/api/queue/,4.78,68,0,
2026-05-16T15:51:19.341922,GET,/api/external/,102.98,78,0,
2026-05-16T15:51:19.352018,POST,/api/queue/,3.77,68,0,
2026-05-16T15:51:19.368237,GET,/api/cache/1/,2.9,142,0,
2026-05-16T15:51:19.375429,GET,/api/articles/1/,3.97,171,0,
2026-05-16T15:51:19.395862,GET,/api/external/,103.12,78,0,
2026-05-16T15:51:19.482395,GET,/api/cache/1/,3.12,142,0,
2026-05-16T15:51:19.536397,GET,/api/cache/1/,3.15,142,0,
2026-05-16T15:51:19.611007,GET,/api/articles/1/,4.41,171,0,
2026-05-16T15:51:19.614549,POST,/api/queue/,4.44,68,0,
2026-05-16T15:51:19.640936,GET,/api/cache/1/,3.08,142,0,
2026-05-16T15:51:19.662194,GET,/api/cache/1/,2.99,142,0,
2026-05-16T15:51:19.679864,GET,/api/external/,103.21,78,0,
2026-05-16T15:51:19.723869,GET,/api/external/,103.01,77,0,
2026-05-16T15:51:19.887162,POST,/api/queue/,3.86,68,0,
2026-05-16T15:51:19.888198,GET,/api/articles/1/,5.44,171,0,
2026-05-16T15:51:19.920120,GET,/api/articles/1/,4.1,171,0,
2026-05-16T15:51:19.961650,PUT,/api/articles/1/,468.9,171,0,
2026-05-16T15:51:19.964839,GET,/api/external/,103.27,78,0,
2026-05-16T15:51:19.992519,GET,/api/external/,103.0,78,0,
2026-05-16T15:51:20.013035,PUT,/api/articles/1/,258.1,171,0,
2026-05-16T15:51:20.033964,POST,/api/queue/,4.06,68,0,
2026-05-16T15:51:20.046231,GET,/api/articles/1/,4.04,171,0,
2026-05-16T15:51:20.056414,PUT,/api/articles/1/,257.03,171,0,
2026-05-16T15:51:20.145231,GET,/api/articles/1/,4.34,171,0,
2026-05-16T15:51:20.172744,GET,/api/articles/1/,4.12,171,0,
2026-05-16T15:51:20.200932,GET,/api/cache/1/,3.88,142,0,
2026-05-16T15:51:20.395244,PUT,/api/articles/1/,37.96,171,0,
2026-05-16T15:51:20.426375,GET,/api/articles/1/,5.02,171,0,
2026-05-16T15:51:20.453693,GET,/api/external/,103.9,78,0,
2026-05-16T15:51:20.454217,GET,/api/cache/1/,3.25,142,0,
2026-05-16T15:51:20.497355,PUT,/api/articles/1/,43.04,171,0,
2026-05-16T15:51:20.499526,GET,/api/articles/1/,4.39,171,0,
2026-05-16T15:51:20.578739,PUT,/api/articles/1/,29.98,171,0,
2026-05-16T15:51:20.598014,GET,/api/cache/1/,2.93,142,0,
2026-05-16T15:51:20.634402,GET,/api/articles/1/,4.0,171,0,
2026-05-16T15:51:20.645470,POST,/api/queue/,3.86,68,0,
2026-05-16T15:51:20.690971,GET,/api/cache/1/,4.09,142,0,
2026-05-16T15:51:20.826297,GET,/api/external/,103.1,77,0,
2026-05-16T15:51:20.839211,POST,/api/queue/,3.99,68,0,
2026-05-16T15:51:20.922389,GET,/api/articles/1/,4.72,171,0,
2026-05-16T15:51:20.938285,GET,/api/external/,103.55,77,0,
2026-05-16T15:51:20.947435,GET,/api/external/,102.98,78,0,
2026-05-16T15:51:20.963323,GET,/api/external/,103.27,78,0,
2026-05-16T15:51:20.969247,PUT,/api/articles/1/,39.66,171,0,
2026-05-16T15:51:21.028011,GET,/api/cache/1/,3.51,142,0,
2026-05-16T15:51:21.239426,POST,/api/queue/,18.07,68,0,
2026-05-16T15:51:21.314177,GET,/api/external/,103.3,78,0,
2026-05-16T15:51:21.405535,GET,/api/articles/1/,5.05,171,0,
2026-05-16T15:51:21.461359,GET,/api/articles/1/,4.14,171,0,
2026-05-16T15:51:21.472859,GET,/api/external/,104.34,77,0,
2026-05-16T15:51:21.598380,GET,/api/articles/1/,4.38,171,0,
2026-05-16T15:51:21.615836,GET,/api/cache/1/,4.16,142,0,
2026-05-16T15:51:21.689712,GET,/api/cache/1/,3.01,142,0,
2026-05-16T15:51:21.737634,GET,/api/external/,103.52,78,0,
2026-05-16T15:51:21.773202,GET,/api/external/,103.11,78,0,
2026-05-16T15:51:21.784693,GET,/api/cache/1/,3.13,142,0,
2026-05-16T15:51:21.822640,GET,/api/external/,107.35,78,0,
2026-05-16T15:51:22.078544,POST,/api/queue/,3.67,68,0,
2026-05-16T15:51:22.119362,GET,/api/cache/1/,5.46,142,0,
2026-05-16T15:51:22.148716,GET,/api/cache/1/,3.1,142,0,
2026-05-16T15:51:22.208032,GET,/api/articles/1/,14.02,171,0,
2026-05-16T15:51:22.211128,GET,/api/cache/1/,2.91,142,0,
2026-05-16T15:51:22.211544,POST,/api/queue/,9.52,68,0,
2026-05-16T15:51:22.258434,GET,/api/cache/1/,2.83,142,0,
2026-05-16T15:51:22.298659,GET,/api/cache/1/,2.98,142,0,
2026-05-16T15:51:22.325414,POST,/api/queue/,4.45,68,0,
2026-05-16T15:51:22.338710,GET,/api/cache/1/,2.95,142,0,
2026-05-16T15:51:22.349060,GET,/api/external/,103.03,78,0,
2026-05-16T15:51:22.423830,GET,/api/cache/1/,3.14,142,0,
2026-05-16T15:51:22.434054,GET,/api/articles/1/,3.99,171,0,
2026-05-16T15:51:22.457575,PUT,/api/articles/1/,1055.9,171,0,
2026-05-16T15:51:22.526880,POST,/api/queue/,3.89,68,0,
2026-05-16T15:51:22.589343,GET,/api/articles/1/,4.07,171,0,
2026-05-16T15:51:22.619360,PUT,/api/articles/1/,1074.12,171,0,
2026-05-16T15:51:22.642041,GET,/api/cache/1/,3.31,142,0,
2026-05-16T15:51:22.751508,GET,/api/cache/1/,3.09,142,0,
2026-05-16T15:51:22.783081,PUT,/api/articles/1/,709.37,171,0,
2026-05-16T15:51:22.784383,GET,/api/external/,103.02,78,0,
2026-05-16T15:51:22.928407,GET,/api/articles/1/,4.3,171,0,
2026-05-16T15:51:23.049304,GET,/api/articles/1/,4.14,171,0,
2026-05-16T15:51:23.053543,GET,/api/cache/1/,2.97,142,0,
2026-05-16T15:51:23.163111,PUT,/api/articles/1/,1617.23,171,0,
2026-05-16T15:51:23.163619,POST,/api/queue/,4.78,68,0,
2026-05-16T15:51:23.193138,POST,/api/queue/,10.49,68,0,
2026-05-16T15:51:23.247928,PUT,/api/articles/1/,1697.72,171,0,
2026-05-16T15:51:23.295745,PUT,/api/articles/1/,609.7,171,0,
2026-05-16T15:51:23.333346,GET,/api/cache/1/,4.78,142,0,
2026-05-16T15:51:23.333826,PUT,/api/articles/1/,1219.37,171,0,
2026-05-16T15:51:23.357835,POST,/api/queue/,3.85,68,0,
2026-05-16T15:51:23.360900,PUT,/api/articles/1/,90.73,171,0,
2026-05-16T15:51:23.389235,GET,/api/articles/1/,4.11,171,0,
2026-05-16T15:51:23.418032,GET,/api/external/,103.03,78,0,
2026-05-16T15:51:23.450694,POST,/api/queue/,4.0,68,0,
2026-05-16T15:51:23.483614,POST,/api/queue/,3.94,68,0,
2026-05-16T15:51:23.494032,GET,/api/cache/1/,3.06,142,0,
2026-05-16T15:51:23.531293,POST,/api/queue/,3.9,68,0,
2026-05-16T15:51:23.544685,POST,/api/queue/,4.07,68,0,
2026-05-16T15:51:23.547922,GET,/api/articles/1/,4.09,171,0,
2026-05-16T15:51:23.572897,GET,/api/external/,102.95,78,0,
2026-05-16T15:51:23.634047,GET,/api/cache/1/,3.03,142,0,
2026-05-16T15:51:23.641223,GET,/api/cache/1/,2.77,142,0,
2026-05-16T15:51:23.713644,POST,/api/queue/,3.87,68,0,
2026-05-16T15:51:23.724108,GET,/api/external/,102.84,78,0,
2026-05-16T15:51:23.802680,GET,/api/cache/1/,3.23,142,0,
2026-05-16T15:51:23.890584,GET,/api/articles/1/,4.25,171,0,
2026-05-16T15:51:23.896810,GET,/api/articles/1/,3.82,171,0,
2026-05-16T15:51:23.923715,POST,/api/queue/,16.58,68,0,
2026-05-16T15:51:23.926487,POST,/api/queue/,10.45,68,0,
2026-05-16T15:51:23.941323,GET,/api/cache/1/,3.88,142,0,
2026-05-16T15:51:23.983783,POST,/api/queue/,4.05,68,0,
2026-05-16T15:51:24.009178,PUT,/api/articles/1/,76.4,171,0,
2026-05-16T15:51:24.011053,GET,/api/articles/1/,5.05,171,0,
2026-05-16T15:51:24.103584,GET,/api/cache/1/,2.98,142,0,
2026-05-16T15:51:24.192106,GET,/api/articles/1/,4.06,171,0,
2026-05-16T15:51:24.198169,GET,/api/cache/1/,2.87,142,0,
2026-05-16T15:51:24.226281,GET,/api/articles/1/,3.89,171,0,
2026-05-16T15:51:24.248508,GET,/api/cache/1/,3.0,142,0,
2026-05-16T15:51:24.310161,GET,/api/articles/1/,4.4,171,0,
2026-05-16T15:51:24.501149,POST,/api/queue/,3.98,68,0,
2026-05-16T15:51:24.570772,GET,/api/cache/1/,3.36,142,0,
2026-05-16T15:51:24.610585,GET,/api/external/,103.04,78,0,
2026-05-16T15:51:24.616909,GET,/api/articles/1/,3.99,171,0,
2026-05-16T15:51:24.679294,GET,/api/articles/1/,4.52,171,0,
2026-05-16T15:51:24.756633,GET,/api/external/,112.39,77,0,
2026-05-16T15:51:24.857627,GET,/api/articles/1/,4.35,171,0,
2026-05-16T15:51:24.859061,GET,/api/external/,103.38,77,0,
2026-05-16T15:51:24.865961,GET,/api/external/,103.23,78,0,
2026-05-16T15:51:24.869447,GET,/api/articles/1/,4.48,171,0,
2026-05-16T15:51:24.877701,POST,/api/queue/,4.02,68,0,
2026-05-16T15:51:24.901030,GET,/api/cache/1/,12.04,142,0,
2026-05-16T15:51:24.940165,POST,/api/queue/,3.82,68,0,
2026-05-16T15:51:24.951368,GET,/api/articles/1/,3.87,171,0,
2026-05-16T15:51:25.044958,GET,/api/cache/1/,3.18,142,0,
2026-05-16T15:51:25.050987,GET,/api/cache/1/,2.65,142,0,
2026-05-16T15:51:25.076237,GET,/api/cache/1/,2.92,142,0,
2026-05-16T15:51:25.131049,GET,/api/articles/1/,6.44,171,0,
2026-05-16T15:51:25.282827,GET,/api/cache/1/,3.82,142,0,
2026-05-16T15:51:25.284740,GET,/api/articles/1/,4.43,171,0,
2026-05-16T15:51:25.291701,GET,/api/external/,103.36,78,0,
2026-05-16T15:51:25.321055,POST,/api/queue/,4.04,68,0,
2026-05-16T15:51:25.340321,GET,/api/articles/1/,4.03,171,0,
2026-05-16T15:51:25.354910,GET,/api/articles/1/,4.23,171,0,
2026-05-16T15:51:25.355597,GET,/api/external/,104.32,77,0,
2026-05-16T15:51:25.368349,GET,/api/external/,103.17,78,0,
2026-05-16T15:51:25.388912,GET,/api/external/,107.91,78,0,
2026-05-16T15:51:25.390466,GET,/api/cache/1/,12.9,142,0,
2026-05-16T15:51:25.478588,PUT,/api/articles/1/,1081.0,171,0,
2026-05-16T15:51:25.506365,PUT,/api/articles/1/,821.8,171,0,
2026-05-16T15:51:25.506787,POST,/api/queue/,10.46,68,0,
2026-05-16T15:51:25.513949,GET,/api/cache/1/,2.84,142,0,
2026-05-16T15:51:25.522843,POST,/api/queue/,3.57,68,0,
2026-05-16T15:51:25.544113,PUT,/api/articles/1/,858.86,171,0,
2026-05-16T15:51:25.571758,PUT,/api/articles/1/,133.0,171,0,
2026-05-16T15:51:25.584511,GET,/api/external/,102.71,78,0,
2026-05-16T15:51:25.598718,PUT,/api/articles/1/,154.2,171,0,
2026-05-16T15:51:25.801310,POST,/api/queue/,6.91,68,0,
2026-05-16T15:51:25.829918,GET,/api/articles/1/,4.19,171,0,
2026-05-16T15:51:26.066103,POST,/api/queue/,4.25,68,0,
2026-05-16T15:51:26.072583,GET,/api/cache/1/,3.18,142,0,
2026-05-16T15:51:26.085631,POST,/api/queue/,3.76,68,0,
2026-05-16T15:51:26.145683,GET,/api/cache/1/,4.14,142,0,
2026-05-16T15:51:26.190972,GET,/api/external/,103.02,78,0,
2026-05-16T15:51:26.216199,GET,/api/cache/1/,2.98,142,0,
2026-05-16T15:51:26.274354,GET,/api/articles/1/,5.55,171,0,
2026-05-16T15:51:26.375484,POST,/api/queue/,13.39,68,0,
2026-05-16T15:51:26.412869,POST,/api/queue/,4.12,68,0,
2026-05-16T15:51:26.469717,POST,/api/queue/,3.84,68,0,
2026-05-16T15:51:26.532974,GET,/api/cache/1/,2.94,142,0,
2026-05-16T15:51:26.542009,GET,/api/external/,102.92,78,0,
2026-05-16T15:51:26.544683,POST,/api/queue/,4.38,68,0,
2026-05-16T15:51:26.588196,GET,/api/articles/1/,4.78,171,0,
2026-05-16T15:51:26.626686,GET,/api/cache/1/,3.26,142,0,
2026-05-16T15:51:26.662749,GET,/api/external/,102.87,78,0,
2026-05-16T15:51:26.678761,POST,/api/queue/,3.67,68,0,
2026-05-16T15:51:26.753194,GET,/api/cache/1/,3.18,142,0,
2026-05-16T15:51:26.771417,POST,/api/queue/,3.87,68,0,
2026-05-16T15:51:26.831984,GET,/api/cache/1/,3.16,142,0,
2026-05-16T15:51:26.845214,GET,/api/cache/1/,2.88,142,0,
2026-05-16T15:51:26.880189,GET,/api/articles/1/,4.13,171,0,
2026-05-16T15:51:26.920199,GET,/api/external/,103.15,78,0,
2026-05-16T15:51:26.938591,GET,/api/articles/1/,4.12,171,0,
2026-05-16T15:51:27.188406,GET,/api/external/,103.06,78,0,
2026-05-16T15:51:27.188876,GET,/api/articles/1/,4.97,171,0,
2026-05-16T15:51:27.239278,GET,/api/external/,103.13,78,0,
2026-05-16T15:51:27.252506,GET,/api/articles/1/,3.92,171,0,
2026-05-16T15:51:27.256235,GET,/api/articles/1/,3.58,171,0,
2026-05-16T15:51:27.273118,PUT,/api/articles/1/,908.51,171,0,
2026-05-16T15:51:27.280495,GET,/api/cache/1/,3.08,142,0,
2026-05-16T15:51:27.318016,PUT,/api/articles/1/,609.97,171,0,
2026-05-16T15:51:27.352639,POST,/api/queue/,4.58,68,0,
2026-05-16T15:51:27.372245,GET,/api/articles/1/,4.86,171,0,
2026-05-16T15:51:27.373564,PUT,/api/articles/1/,640.42,171,0,
2026-05-16T15:51:27.412109,PUT,/api/articles/1/,640.58,171,0,
2026-05-16T15:51:27.412532,POST,/api/queue/,16.17,68,0,
2026-05-16T15:51:27.412901,GET,/api/cache/1/,36.12,142,0,
2026-05-16T15:51:27.449088,GET,/api/external/,109.62,78,0,
2026-05-16T15:51:27.456853,GET,/api/external/,102.98,78,0,
2026-05-16T15:51:27.503413,PUT,/api/articles/1/,32.14,171,0,
2026-05-16T15:51:27.575412,GET,/api/cache/1/,2.81,142,0,
2026-05-16T15:51:27.610278,GET,/api/external/,103.5,78,0,
2026-05-16T15:51:27.636730,PUT,/api/articles/1/,27.52,171,0,
2026-05-16T15:51:27.637974,GET,/api/external/,103.59,77,0,
2026-05-16T15:51:27.649108,GET,/api/cache/1/,2.9,142,0,
2026-05-16T15:51:27.666887,GET,/api/external/,102.79,78,0,
2026-05-16T15:51:27.705213,PUT,/api/articles/1/,36.01,171,0,
2026-05-16T15:51:27.762514,GET,/api/articles/1/,4.9,171,0,
2026-05-16T15:51:27.843848,POST,/api/queue/,3.98,68,0,
2026-05-16T15:51:27.866029,POST,/api/queue/,3.83,68,0,
2026-05-16T15:51:28.088394,GET,/api/external/,103.08,78,0,
2026-05-16T15:51:28.215776,GET,/api/cache/1/,3.05,142,0,
2026-05-16T15:51:28.320226,GET,/api/cache/1/,9.46,142,0,
2026-05-16T15:51:28.417183,GET,/api/articles/1/,4.02,171,0,
2026-05-16T15:51:28.426587,GET,/api/articles/1/,4.1,171,0,
2026-05-16T15:51:28.437535,GET,/api/external/,103.04,78,0,
2026-05-16T15:51:28.448582,GET,/api/cache/1/,2.86,142,0,
2026-05-16T15:51:28.474753,POST,/api/queue/,3.7,68,0,
2026-05-16T15:51:28.550879,GET,/api/cache/1/,6.82,142,0,
2026-05-16T15:51:28.581433,PUT,/api/articles/1/,534.53,171,0,
2026-05-16T15:51:28.608605,PUT,/api/articles/1/,440.76,171,0,
2026-05-16T15:51:28.635564,PUT,/api/articles/1/,387.53,171,0,
2026-05-16T15:51:28.669283,GET,/api/external/,102.87,78,0,
2026-05-16T15:51:28.675736,GET,/api/articles/1/,4.25,171,0,
2026-05-16T15:51:28.683310,GET,/api/external/,103.3,77,0,
2026-05-16T15:51:28.738241,GET,/api/external/,103.63,78,0,
2026-05-16T15:51:28.756864,PUT,/api/articles/1/,38.36,171,0,
2026-05-16T15:51:28.835843,PUT,/api/articles/1/,32.69,171,0,
2026-05-16T15:51:28.866196,GET,/api/articles/1/,4.03,171,0,
2026-05-16T15:51:28.881720,GET,/api/articles/1/,4.07,171,0,
2026-05-16T15:51:28.895584,POST,/api/queue/,4.5,68,0,
2026-05-16T15:51:28.957177,GET,/api/cache/1/,3.17,142,0,
2026-05-16T15:51:28.979460,POST,/api/queue/,4.86,68,0,
2026-05-16T15:51:28.990777,GET,/api/cache/1/,4.26,142,0,
2026-05-16T15:51:29.020497,PUT,/api/articles/1/,37.69,171,0,
2026-05-16T15:51:29.055865,GET,/api/cache/1/,3.13,142,0,
2026-05-16T15:51:29.177267,PUT,/api/articles/1/,34.84,171,0,
2026-05-16T15:51:29.244912,GET,/api/external/,103.63,78,0,
2026-05-16T15:51:29.314278,POST,/api/queue/,5.22,68,0,
2026-05-16T15:51:29.333644,POST,/api/queue/,5.07,68,0,
2026-05-16T15:51:29.436637,GET,/api/external/,102.81,78,0,
2026-05-16T15:51:29.456551,PUT,/api/articles/1/,35.28,171,0,
2026-05-16T15:51:29.473009,POST,/api/queue/,5.14,68,0,
2026-05-16T15:51:29.476546,GET,/api/cache/1/,3.33,142,0,
2026-05-16T15:51:29.503838,PUT,/api/articles/1/,34.44,171,0,
2026-05-16T15:51:29.566595,POST,/api/queue/,3.8,68,0,
2026-05-16T15:51:29.634722,GET,/api/articles/1/,4.45,171,0,
2026-05-16T15:51:29.638001,GET,/api/articles/1/,4.14,171,0,
2026-05-16T15:51:29.646654,PUT,/api/articles/1/,36.04,171,0,
2026-05-16T15:51:29.660092,GET,/api/external/,102.97,78,0,
2026-05-16T15:51:29.684212,GET,/api/external/,103.32,77,0,
2026-05-16T15:51:29.734375,GET,/api/external/,102.78,78,0,
2026-05-16T15:51:29.757028,GET,/api/cache/1/,10.5,142,0,
2026-05-16T15:51:29.768159,GET,/api/external/,102.85,78,0,
2026-05-16T15:51:29.772547,GET,/api/cache/1/,3.05,142,0,
2026-05-16T15:51:29.914820,PUT,/api/articles/1/,42.96,171,0,
2026-05-16T15:51:29.982414,POST,/api/queue/,4.26,68,0,
2026-05-16T15:51:30.003427,POST,/api/queue/,16.95,68,0,
2026-05-16T15:51:30.045276,GET,/api/cache/1/,2.98,142,0,
2026-05-16T15:51:30.070765,POST,/api/queue/,4.27,68,0,
2026-05-16T15:51:30.101203,GET,/api/cache/1/,2.9,142,0,
2026-05-16T15:51:30.129174,PUT,/api/articles/1/,61.59,171,0,
2026-05-16T15:51:30.136650,GET,/api/external/,102.95,78,0,
2026-05-16T15:51:30.138985,GET,/api/articles/1/,4.59,171,0,
2026-05-16T15:51:30.140007,POST,/api/queue/,4.33,68,0,
2026-05-16T15:51:30.196465,POST,/api/queue/,4.09,68,0,
2026-05-16T15:51:30.209680,GET,/api/cache/1/,4.95,142,0,
2026-05-16T15:51:30.236473,GET,/api/cache/1/,9.83,142,0,
2026-05-16T15:51:30.448166,POST,/api/queue/,3.86,68,0,
2026-05-16T15:51:30.542728,GET,/api/cache/1/,3.13,142,0,
2026-05-16T15:51:30.588763,GET,/api/external/,103.06,77,0,
2026-05-16T15:51:30.632725,POST,/api/queue/,4.03,68,0,
2026-05-16T15:51:30.685947,GET,/api/cache/1/,2.61,142,0,
2026-05-16T15:51:30.686379,POST,/api/queue/,4.19,68,0,
2026-05-16T15:51:30.716191,GET,/api/external/,107.08,78,0,
2026-05-16T15:51:30.719513,POST,/api/queue/,18.77,68,0,
2026-05-16T15:51:30.790816,GET,/api/articles/1/,4.16,171,0,
2026-05-16T15:51:30.930833,GET,/api/external/,103.68,78,0,
2026-05-16T15:51:30.981377,GET,/api/external/,103.13,78,0,
2026-05-16T15:51:31.098873,GET,/api/external/,103.14,78,0,
2026-05-16T15:51:31.148866,GET,/api/external/,103.46,78,0,
2026-05-16T15:51:31.175766,PUT,/api/articles/1/,314.4,171,0,
2026-05-16T15:51:31.258072,POST,/api/queue/,5.14,68,0,
2026-05-16T15:51:31.311133,GET,/api/cache/1/,2.96,142,0,
2026-05-16T15:51:31.388163,GET,/api/external/,103.63,78,0,
2026-05-16T15:51:31.438457,GET,/api/external/,102.98,78,0,
2026-05-16T15:51:31.464332,GET,/api/cache/1/,3.56,142,0,
2026-05-16T15:51:31.590237,GET,/api/articles/1/,4.38,171,0,
2026-05-16T15:51:31.624497,GET,/api/articles/1/,5.9,171,0,
2026-05-16T15:51:31.811908,GET,/api/external/,103.09,77,0,
2026-05-16T15:51:31.837597,GET,/api/cache/1/,3.22,142,0,
2026-05-16T15:51:31.849307,GET,/api/articles/1/,5.36,171,0,
2026-05-16T15:51:31.892774,POST,/api/queue/,4.0,68,0,
2026-05-16T15:51:31.894848,GET,/api/cache/1/,3.31,142,0,
2026-05-16T15:51:31.990095,GET,/api/articles/1/,4.08,171,0,
2026-05-16T15:51:32.003475,GET,/api/external/,103.27,78,0,
2026-05-16T15:51:32.010809,GET,/api/articles/1/,5.05,171,0,
2026-05-16T15:51:32.016368,GET,/api/cache/1/,3.03,142,0,
2026-05-16T15:51:32.021465,GET,/api/articles/1/,3.75,171,0,
2026-05-16T15:51:32.064575,POST,/api/queue/,3.88,68,0,
2026-05-16T15:51:32.122462,GET,/api/articles/1/,4.68,171,0,
2026-05-16T15:51:32.180077,GET,/api/articles/1/,4.16,171,0,
2026-05-16T15:51:32.188995,GET,/api/external/,102.95,78,0,
2026-05-16T15:51:32.195825,PUT,/api/articles/1/,1255.73,171,0,
2026-05-16T15:51:32.221755,GET,/api/external/,102.79,77,0,
2026-05-16T15:51:32.242335,PUT,/api/articles/1/,778.92,171,0,
2026-05-16T15:51:32.269225,PUT,/api/articles/1/,799.36,171,0,
2026-05-16T15:51:32.313882,POST,/api/queue/,3.93,68,0,
2026-05-16T15:51:32.324152,POST,/api/queue/,4.47,68,0,
2026-05-16T15:51:32.324589,GET,/api/articles/1/,5.46,171,0,
2026-05-16T15:51:32.331408,PUT,/api/articles/1/,635.28,171,0,
2026-05-16T15:51:32.339676,POST,/api/queue/,4.03,68,0,
2026-05-16T15:51:32.361259,GET,/api/articles/1/,4.21,171,0,
2026-05-16T15:51:32.372936,PUT,/api/articles/1/,186.51,171,0,
2026-05-16T15:51:32.375336,POST,/api/queue/,4.7,68,0,
2026-05-16T15:51:32.427547,PUT,/api/articles/1/,138.41,171,0,
2026-05-16T15:51:32.503341,GET,/api/cache/1/,3.24,142,0,
2026-05-16T15:51:32.516916,GET,/api/cache/1/,3.18,142,0,
2026-05-16T15:51:32.517418,POST,/api/queue/,5.66,68,0,
2026-05-16T15:51:32.517857,POST,/api/queue/,5.59,68,0,
2026-05-16T15:51:32.558138,GET,/api/cache/1/,3.03,142,0,
2026-05-16T15:51:32.636837,GET,/api/cache/1/,3.26,142,0,
2026-05-16T15:51:32.664259,GET,/api/cache/1/,9.7,142,0,
2026-05-16T15:51:32.816670,POST,/api/queue/,5.53,68,0,
2026-05-16T15:51:32.919650,GET,/api/external/,104.78,78,0,
2026-05-16T15:51:32.941470,GET,/api/cache/1/,3.44,142,0,
2026-05-16T15:51:32.958440,GET,/api/external/,103.33,76,0,
2026-05-16T15:51:33.115172,GET,/api/external/,103.31,77,0,
2026-05-16T15:51:33.270117,GET,/api/external/,103.46,78,0,
2026-05-16T15:51:33.273266,GET,/api/cache/1/,2.98,142,0,
2026-05-16T15:51:33.430381,GET,/api/cache/1/,3.66,142,0,
2026-05-16T15:51:33.451297,GET,/api/articles/1/,5.7,171,0,
2026-05-16T15:51:33.457697,GET,/api/articles/1/,4.05,171,0,
2026-05-16T15:51:33.543143,GET,/api/articles/1/,4.2,171,0,
2026-05-16T15:51:33.550008,GET,/api/external/,103.73,77,0,
2026-05-16T15:51:33.619586,GET,/api/external/,103.35,78,0,
2026-05-16T15:51:33.653295,GET,/api/external/,103.16,78,0,
2026-05-16T15:51:33.678615,GET,/api/articles/1/,4.92,171,0,
2026-05-16T15:51:33.686964,GET,/api/cache/1/,3.03,142,0,
2026-05-16T15:51:33.696481,GET,/api/cache/1/,3.18,142,0,
2026-05-16T15:51:33.719820,POST,/api/queue/,3.97,68,0,
2026-05-16T15:51:33.735976,GET,/api/external/,103.16,78,0,
2026-05-16T15:51:33.737057,GET,/api/cache/1/,2.99,142,0,
2026-05-16T15:51:33.899697,PUT,/api/articles/1/,805.82,171,0,
2026-05-16T15:51:33.919721,GET,/api/articles/1/,4.56,171,0,
2026-05-16T15:51:33.960861,PUT,/api/articles/1/,775.25,171,0,
2026-05-16T15:51:34.005966,PUT,/api/articles/1/,385.03,171,0,
2026-05-16T15:51:34.025881,GET,/api/articles/1/,4.92,171,0,
2026-05-16T15:51:34.044270,PUT,/api/articles/1/,250.94,171,0,
2026-05-16T15:51:34.044728,POST,/api/queue/,33.55,68,0,
2026-05-16T15:51:34.045161,POST,/api/queue/,7.01,68,0,
2026-05-16T15:51:34.103897,PUT,/api/articles/1/,38.53,171,0,
2026-05-16T15:51:34.153368,PUT,/api/articles/1/,39.07,171,0,
2026-05-16T15:51:34.231249,GET,/api/articles/1/,4.85,171,0,
2026-05-16T15:51:34.290851,POST,/api/queue/,5.36,68,0,
2026-05-16T15:51:34.293758,POST,/api/queue/,4.17,68,0,
2026-05-16T15:51:34.294197,GET,/api/external/,103.58,77,0,
2026-05-16T15:51:34.320939,GET,/api/external/,103.42,77,0,
2026-05-16T15:51:34.364070,GET,/api/articles/1/,4.84,171,0,
2026-05-16T15:51:34.391035,GET,/api/external/,109.22,78,0,
2026-05-16T15:51:34.402238,GET,/api/external/,103.63,77,0,
2026-05-16T15:51:34.405192,GET,/api/articles/1/,4.14,171,0,
2026-05-16T15:51:34.547019,PUT,/api/articles/1/,41.5,171,0,
2026-05-16T15:51:34.595206,GET,/api/cache/1/,2.99,142,0,
2026-05-16T15:51:34.650702,GET,/api/cache/1/,3.14,142,0,
2026-05-16T15:51:34.691860,GET,/api/external/,103.42,77,0,
2026-05-16T15:51:34.765583,GET,/api/external/,104.46,78,0,
2026-05-16T15:51:34.766495,GET,/api/articles/1/,4.37,171,0,
2026-05-16T15:51:34.861724,GET,/api/articles/1/,4.17,171,0,
2026-05-16T15:51:34.886953,PUT,/api/articles/1/,33.11,171,0,
2026-05-16T15:51:34.899580,GET,/api/articles/1/,3.98,171,0,
2026-05-16T15:51:34.969435,GET,/api/cache/1/,3.03,142,0,
2026-05-16T15:51:34.979449,PUT,/api/articles/1/,35.06,171,0,
2026-05-16T15:51:35.011650,GET,/api/external/,102.89,78,0,
2026-05-16T15:51:35.157531,PUT,/api/articles/1/,35.62,171,0,
2026-05-16T15:51:35.163473,GET,/api/articles/1/,4.53,171,0,
2026-05-16T15:51:35.185389,PUT,/api/articles/1/,57.4,171,0,
2026-05-16T15:51:35.196251,GET,/api/external/,103.25,77,0,
2026-05-16T15:51:35.205427,POST,/api/queue/,3.85,68,0,
2026-05-16T15:51:35.229914,GET,/api/external/,113.69,78,0,
2026-05-16T15:51:35.233370,GET,/api/external/,103.14,77,0,
2026-05-16T15:51:35.266793,GET,/api/external/,103.18,78,0,
2026-05-16T15:51:35.447086,GET,/api/articles/1/,4.24,171,0,
2026-05-16T15:51:35.492318,GET,/api/articles/1/,5.21,171,0,
2026-05-16T15:51:35.543329,POST,/api/queue/,13.24,68,0,
2026-05-16T15:51:35.653539,GET,/api/external/,104.82,78,0,
2026-05-16T15:51:35.693559,GET,/api/external/,103.58,78,0,
2026-05-16T15:51:35.694435,GET,/api/cache/1/,5.31,142,0,
2026-05-16T15:51:35.725832,GET,/api/external/,112.52,78,0,
2026-05-16T15:51:35.733936,PUT,/api/articles/1/,431.71,171,0,
2026-05-16T15:51:35.819429,GET,/api/external/,103.39,78,0,
2026-05-16T15:51:36.163922,GET,/api/external/,103.26,77,0,
2026-05-16T15:51:36.277891,GET,/api/articles/1/,4.78,171,0,
2026-05-16T15:51:36.408267,GET,/api/external/,103.03,77,0,
2026-05-16T15:51:37.187032,POST,/api/queue/,1153.1,68,0,
2026-05-16T15:51:37.223794,POST,/api/queue/,1208.34,68,0,
2026-05-16T15:51:37.224333,POST,/api/queue/,1143.05,68,0,
2026-05-16T15:51:37.224836,POST,/api/queue/,1135.94,68,0,
2026-05-16T15:51:37.225306,GET,/api/cache/1/,889.54,142,0,
2026-05-16T15:51:37.225796,PUT,/api/articles/1/,1859.99,171,0,
2026-05-16T15:51:37.226238,POST,/api/queue/,438.07,68,0,
2026-05-16T15:51:37.226629,GET,/api/cache/1/,439.78,142,0,
2026-05-16T15:51:37.227043,PUT,/api/articles/1/,1814.13,171,0,
2026-05-16T15:51:37.227424,GET,/api/cache/1/,572.37,142,0,
2026-05-16T15:51:37.227798,POST,/api/queue/,619.53,68,0,
2026-05-16T15:51:37.228173,GET,/api/articles/1/,715.96,171,0,
2026-05-16T15:51:37.228568,GET,/api/cache/1/,692.89,142,0,
2026-05-16T15:51:37.228974,POST,/api/queue/,1218.24,68,0,
2026-05-16T15:51:37.229357,GET,/api/articles/1/,264.92,171,0,
2026-05-16T15:51:37.229752,GET,/api/cache/1/,300.06,142,0,
2026-05-16T15:51:37.230809,POST,/api/queue/,137.09,68,0,
2026-05-16T15:51:37.232922,POST,/api/queue/,130.12,68,0,
2026-05-16T15:51:37.235048,POST,/api/queue/,91.7,68,0,
2026-05-16T15:51:37.286963,GET,/api/external/,880.35,77,0,
2026-05-16T15:51:37.290241,GET,/api/articles/1/,116.73,171,0,
2026-05-16T15:51:37.291662,GET,/api/cache/1/,60.75,142,0,
2026-05-16T15:51:37.293746,POST,/api/queue/,32.4,68,0,
2026-05-16T15:51:37.295448,PUT,/api/articles/1/,1326.59,171,0,
2026-05-16T15:51:37.331365,GET,/api/external/,490.22,78,0,
2026-05-16T15:51:37.332749,GET,/api/external/,488.22,78,0,
2026-05-16T15:51:37.333217,GET,/api/external/,240.07,78,0,
2026-05-16T15:51:37.346547,PUT,/api/articles/1/,1883.17,171,0,
2026-05-16T15:51:37.373673,PUT,/api/articles/1/,889.22,171,0,
2026-05-16T15:51:37.412025,POST,/api/queue/,12.32,68,0,
2026-05-16T15:51:37.412533,PUT,/api/articles/1/,250.56,171,0,
2026-05-16T15:51:37.439158,PUT,/api/articles/1/,1024.39,171,0,
2026-05-16T15:51:37.467170,PUT,/api/articles/1/,904.67,171,0,
2026-05-16T15:51:37.474498,POST,/api/queue/,4.04,68,0,
2026-05-16T15:51:37.504969,PUT,/api/articles/1/,1676.14,171,0,
2026-05-16T15:51:37.532612,PUT,/api/articles/1/,1315.22,171,0,
2026-05-16T15:51:37.579801,PUT,/api/articles/1/,206.89,171,0,
2026-05-16T15:51:37.598480,PUT,/api/articles/1/,2119.39,171,0,
2026-05-16T15:51:37.665155,POST,/api/queue/,4.36,68,0,
2026-05-16T15:51:37.729594,GET,/api/articles/1/,5.03,171,0,
2026-05-16T15:51:37.848112,GET,/api/articles/1/,4.34,171,0,
2026-05-16T15:51:37.884283,GET,/api/external/,103.34,78,0,
2026-05-16T15:51:37.927858,PUT,/api/articles/1/,41.14,171,0,
2026-05-16T15:51:37.991375,GET,/api/articles/1/,4.26,171,0,
2026-05-16T15:51:38.046015,GET,/api/cache/1/,3.22,142,0,
2026-05-16T15:51:38.090636,GET,/api/cache/1/,3.27,142,0,
2026-05-16T15:51:38.160674,PUT,/api/articles/1/,30.48,171,0,
2026-05-16T15:51:38.263292,POST,/api/queue/,4.11,68,0,
2026-05-16T15:51:38.271924,GET,/api/articles/1/,4.21,171,0,
2026-05-16T15:51:38.291504,GET,/api/articles/1/,4.18,171,0,
2026-05-16T15:51:38.321646,GET,/api/cache/1/,8.54,142,0,
2026-05-16T15:51:38.445528,GET,/api/cache/1/,4.4,142,0,
2026-05-16T15:51:38.446056,POST,/api/queue/,5.5,68,0,
2026-05-16T15:51:38.453976,GET,/api/external/,102.97,77,0,
2026-05-16T15:51:38.532821,GET,/api/external/,103.08,78,0,
2026-05-16T15:51:38.535031,GET,/api/articles/1/,4.31,171,0,
2026-05-16T15:51:38.550319,GET,/api/articles/1/,4.06,171,0,
2026-05-16T15:51:38.567968,GET,/api/articles/1/,4.89,171,0,
2026-05-16T15:51:38.671103,GET,/api/external/,104.0,78,0,
2026-05-16T15:51:38.742168,GET,/api/cache/1/,4.36,142,0,
2026-05-16T15:51:38.893945,GET,/api/cache/1/,3.17,142,0,
2026-05-16T15:51:38.925356,POST,/api/queue/,3.88,68,0,
2026-05-16T15:51:38.985491,PUT,/api/articles/1/,136.74,171,0,
2026-05-16T15:51:39.012445,PUT,/api/articles/1/,66.84,171,0,
2026-05-16T15:51:39.218262,POST,/api/queue/,4.08,68,0,
2026-05-16T15:51:39.247395,GET,/api/cache/1/,4.31,142,0,
2026-05-16T15:51:39.311158,PUT,/api/articles/1/,94.25,171,0,
2026-05-16T15:51:39.311752,GET,/api/articles/1/,21.02,171,0,
2026-05-16T15:51:39.312797,GET,/api/cache/1/,17.58,142,0,
2026-05-16T15:51:39.378288,PUT,/api/articles/1/,37.29,171,0,
2026-05-16T15:51:39.438643,POST,/api/queue/,3.85,68,0,
2026-05-16T15:51:39.444715,GET,/api/cache/1/,2.82,142,0,
2026-05-16T15:51:39.556216,PUT,/api/articles/1/,38.83,171,0,
2026-05-16T15:51:39.560563,GET,/api/cache/1/,3.12,142,0,
2026-05-16T15:51:39.592459,GET,/api/articles/1/,4.42,171,0,
2026-05-16T15:51:39.597481,POST,/api/queue/,3.62,68,0,
2026-05-16T15:51:39.635093,GET,/api/articles/1/,5.42,171,0,
2026-05-16T15:51:39.679889,GET,/api/external/,102.95,78,0,
2026-05-16T15:51:39.683476,GET,/api/articles/1/,5.11,171,0,
2026-05-16T15:51:39.691147,GET,/api/external/,103.57,78,0,
2026-05-16T15:51:39.751751,PUT,/api/articles/1/,46.27,171,0,
2026-05-16T15:51:39.787813,GET,/api/external/,107.43,78,0,
2026-05-16T15:51:39.853945,GET,/api/external/,103.56,78,0,
2026-05-16T15:51:39.922009,POST,/api/queue/,3.88,68,0,
2026-05-16T15:51:39.932312,GET,/api/cache/1/,2.97,142,0,
2026-05-16T15:51:39.951839,PUT,/api/articles/1/,40.43,171,0,
2026-05-16T15:51:39.992077,GET,/api/articles/1/,4.89,171,0,
2026-05-16T15:51:40.051543,GET,/api/articles/1/,8.2,171,0,
2026-05-16T15:51:40.065394,PUT,/api/articles/1/,44.07,171,0,
2026-05-16T15:51:40.100840,POST,/api/queue/,3.91,68,0,
2026-05-16T15:51:40.106772,POST,/api/queue/,3.52,68,0,
2026-05-16T15:51:40.116149,POST,/api/queue/,4.15,68,0,
2026-05-16T15:51:40.136072,GET,/api/cache/1/,3.01,142,0,
2026-05-16T15:51:40.168811,PUT,/api/articles/1/,36.34,171,0,
2026-05-16T15:51:40.175135,GET,/api/articles/1/,3.99,171,0,
2026-05-16T15:51:40.199705,GET,/api/external/,104.03,78,0,
2026-05-16T15:51:40.288139,GET,/api/articles/1/,11.71,171,0,
2026-05-16T15:51:40.289174,GET,/api/external/,103.64,78,0,
2026-05-16T15:51:40.324091,GET,/api/external/,102.97,78,0,
2026-05-16T15:51:40.361757,PUT,/api/articles/1/,40.94,171,0,
2026-05-16T15:51:40.363851,GET,/api/cache/1/,3.15,142,0,
2026-05-16T15:51:40.377133,POST,/api/queue/,5.07,68,0,
2026-05-16T15:51:40.402729,GET,/api/articles/1/,4.15,171,0,
2026-05-16T15:51:40.480833,POST,/api/queue/,3.99,68,0,
2026-05-16T15:51:40.615514,PUT,/api/articles/1/,39.18,171,0,
2026-05-16T15:51:40.697560,PUT,/api/articles/1/,38.57,171,0,
2026-05-16T15:51:40.785938,GET,/api/cache/1/,4.54,142,0,
2026-05-16T15:51:40.803514,GET,/api/articles/1/,4.26,171,0,
2026-05-16T15:51:40.829231,GET,/api/articles/1/,4.33,171,0,
2026-05-16T15:51:40.859637,GET,/api/external/,103.42,78,0,
2026-05-16T15:51:40.954930,POST,/api/queue/,4.89,68,0,
2026-05-16T15:51:40.955807,GET,/api/articles/1/,5.17,171,0,
2026-05-16T15:51:40.985279,GET,/api/cache/1/,3.24,142,0,
2026-05-16T15:51:41.048845,GET,/api/cache/1/,3.34,142,0,
2026-05-16T15:51:41.065493,GET,/api/articles/1/,4.32,171,0,
2026-05-16T15:51:41.091746,POST,/api/queue/,3.84,68,0,
2026-05-16T15:51:41.288563,GET,/api/articles/1/,6.12,171,0,
2026-05-16T15:51:41.317102,GET,/api/cache/1/,3.24,142,0,
2026-05-16T15:51:41.386823,POST,/api/queue/,4.11,68,0,
2026-05-16T15:51:41.429230,GET,/api/cache/1/,3.15,142,0,
2026-05-16T15:51:41.448562,GET,/api/articles/1/,4.95,171,0,
2026-05-16T15:51:41.449100,GET,/api/articles/1/,4.38,171,0,
2026-05-16T15:51:41.557338,GET,/api/articles/1/,4.25,171,0,
2026-05-16T15:51:41.572891,POST,/api/queue/,4.27,68,0,
2026-05-16T15:51:41.684209,GET,/api/cache/1/,3.17,142,0,
2026-05-16T15:51:41.781595,GET,/api/external/,103.21,78,0,
2026-05-16T15:51:41.783525,GET,/api/articles/1/,13.53,171,0,
2026-05-16T15:51:41.784266,GET,/api/articles/1/,11.06,171,0,
2026-05-16T15:51:41.793564,PUT,/api/articles/1/,582.16,171,0,
2026-05-16T15:51:41.795034,GET,/api/cache/1/,4.36,142,0,
2026-05-16T15:51:41.838568,PUT,/api/articles/1/,603.31,171,0,
2026-05-16T15:51:41.879843,GET,/api/cache/1/,3.07,142,0,
2026-05-16T15:51:41.888985,PUT,/api/articles/1/,485.92,171,0,
2026-05-16T15:51:41.916054,PUT,/api/articles/1/,618.09,171,0,
2026-05-16T15:51:41.954963,PUT,/api/articles/1/,648.16,171,0,
2026-05-16T15:51:41.973509,GET,/api/articles/1/,4.2,171,0,
2026-05-16T15:51:41.982294,PUT,/api/articles/1/,434.0,171,0,
2026-05-16T15:51:41.994644,GET,/api/articles/1/,5.14,171,0,
2026-05-16T15:51:42.032868,GET,/api/articles/1/,4.9,171,0,
2026-05-16T15:51:42.033325,GET,/api/articles/1/,4.18,171,0,
2026-05-16T15:51:42.041981,PUT,/api/articles/1/,38.98,171,0,
2026-05-16T15:51:42.069256,PUT,/api/articles/1/,64.82,171,0,
2026-05-16T15:51:42.083926,GET,/api/articles/1/,4.28,171,0,
2026-05-16T15:51:42.084530,GET,/api/external/,103.27,78,0,
2026-05-16T15:51:42.135193,GET,/api/cache/1/,3.19,142,0,
2026-05-16T15:51:42.312034,GET,/api/articles/1/,4.32,171,0,
2026-05-16T15:51:42.316293,GET,/api/cache/1/,2.89,142,0,
2026-05-16T15:51:42.456160,GET,/api/external/,103.33,78,0,
2026-05-16T15:51:42.527801,POST,/api/queue/,5.24,68,0,
2026-05-16T15:51:42.551106,POST,/api/queue/,4.03,68,0,
2026-05-16T15:51:42.605265,POST,/api/queue/,4.88,68,0,
2026-05-16T15:51:42.640801,PUT,/api/articles/1/,36.65,171,0,
2026-05-16T15:51:42.742629,PUT,/api/articles/1/,31.47,171,0,
2026-05-16T15:51:42.818771,GET,/api/cache/1/,5.98,142,0,
2026-05-16T15:51:42.843528,GET,/api/articles/1/,4.92,171,0,
2026-05-16T15:51:42.888066,GET,/api/articles/1/,7.91,171,0,
2026-05-16T15:51:42.894465,GET,/api/articles/1/,8.77,171,0,
2026-05-16T15:51:42.902336,GET,/api/external/,103.38,77,0,
2026-05-16T15:51:42.925259,GET,/api/external/,106.26,78,0,
2026-05-16T15:51:43.072777,GET,/api/external/,103.27,78,0,
2026-05-16T15:51:43.083213,PUT,/api/articles/1/,40.27,171,0,
2026-05-16T15:51:43.091271,GET,/api/external/,102.97,78,0,
2026-05-16T15:51:43.155678,POST,/api/queue/,3.95,68,0,
2026-05-16T15:51:43.167913,GET,/api/cache/1/,2.9,142,0,
2026-05-16T15:51:43.181297,GET,/api/articles/1/,4.04,171,0,
2026-05-16T15:51:43.271357,GET,/api/articles/1/,8.24,171,0,
2026-05-16T15:51:43.274809,POST,/api/queue/,4.43,68,0,
2026-05-16T15:51:43.389607,PUT,/api/articles/1/,42.32,171,0,
2026-05-16T15:51:43.390140,POST,/api/queue/,13.0,68,0,
2026-05-16T15:51:43.390520,POST,/api/queue/,6.25,68,0,
2026-05-16T15:51:43.436016,POST,/api/queue/,4.09,68,0,
2026-05-16T15:51:43.490917,GET,/api/articles/1/,5.13,171,0,
2026-05-16T15:51:43.492913,GET,/api/cache/1/,3.32,142,0,
2026-05-16T15:51:43.559861,POST,/api/queue/,3.98,68,0,
2026-05-16T15:51:43.560848,POST,/api/queue/,5.55,68,0,
2026-05-16T15:51:43.563943,POST,/api/queue/,3.95,68,0,
2026-05-16T15:51:43.566685,GET,/api/external/,103.27,78,0,
2026-05-16T15:51:43.574062,GET,/api/external/,102.84,77,0,
2026-05-16T15:51:43.598203,POST,/api/queue/,4.84,68,0,
2026-05-16T15:51:43.779777,GET,/api/external/,103.26,78,0,
2026-05-16T15:51:43.873602,GET,/api/articles/1/,4.39,171,0,
2026-05-16T15:51:43.940076,POST,/api/queue/,4.49,68,0,
2026-05-16T15:51:43.968795,GET,/api/articles/1/,4.4,171,0,
2026-05-16T15:51:43.986035,GET,/api/articles/1/,4.77,171,0,
2026-05-16T15:51:43.997258,POST,/api/queue/,5.82,68,0,
2026-05-16T15:51:44.029701,GET,/api/articles/1/,6.05,171,0,
2026-05-16T15:51:44.038495,GET,/api/external/,106.23,78,0,
2026-05-16T15:51:44.206901,GET,/api/articles/1/,4.5,171,0,
2026-05-16T15:51:44.279121,GET,/api/cache/1/,4.92,142,0,
2026-05-16T15:51:44.282257,POST,/api/queue/,5.37,68,0,
2026-05-16T15:51:44.308788,GET,/api/cache/1/,3.25,142,0,
2026-05-16T15:51:44.319287,GET,/api/cache/1/,3.22,142,0,
2026-05-16T15:51:44.330737,GET,/api/articles/1/,4.18,171,0,
2026-05-16T15:51:44.361919,GET,/api/external/,108.42,77,0,
2026-05-16T15:51:44.363083,GET,/api/external/,105.86,78,0,
2026-05-16T15:51:44.437895,GET,/api/cache/1/,3.29,142,0,
2026-05-16T15:51:44.496503,GET,/api/cache/1/,3.32,142,0,
2026-05-16T15:51:44.674023,GET,/api/articles/1/,5.22,171,0,
2026-05-16T15:51:45.455778,PUT,/api/articles/1/,822.4,171,0,
2026-05-16T15:51:45.484570,GET,/api/external/,112.45,77,0,
2026-05-16T15:51:45.492489,POST,/api/queue/,5.57,68,0,
2026-05-16T15:51:45.582391,GET,/api/cache/1/,14.37,142,0,
2026-05-16T15:51:45.583063,PUT,/api/articles/1/,853.74,171,0,
2026-05-16T15:51:45.635758,PUT,/api/articles/1/,218.29,171,0,
2026-05-16T15:51:45.661700,GET,/api/articles/1/,10.98,171,0,
2026-05-16T15:51:45.663107,PUT,/api/articles/1/,441.78,171,0,
2026-05-16T15:51:45.664063,GET,/api/cache/1/,7.13,142,0,
2026-05-16T15:51:45.714153,PUT,/api/articles/1/,775.47,171,0,
2026-05-16T15:51:45.722868,GET,/api/cache/1/,6.25,142,0,
2026-05-16T15:51:45.765626,PUT,/api/articles/1/,676.82,171,0,
2026-05-16T15:51:45.766558,GET,/api/articles/1/,23.14,171,0,
2026-05-16T15:51:45.801296,PUT,/api/articles/1/,447.97,171,0,
2026-05-16T15:51:45.802027,POST,/api/queue/,13.11,68,0,
2026-05-16T15:51:45.828653,PUT,/api/articles/1/,595.27,171,0,
2026-05-16T15:51:45.866871,GET,/api/cache/1/,5.11,142,0,
2026-05-16T15:51:45.867557,PUT,/api/articles/1/,152.03,171,0,
2026-05-16T15:51:45.918244,PUT,/api/articles/1/,43.45,171,0,
2026-05-16T15:51:45.930244,POST,/api/queue/,6.6,68,0,
2026-05-16T15:51:45.930702,GET,/api/cache/1/,5.31,142,0,
2026-05-16T15:51:45.986010,GET,/api/external/,103.67,78,0,
2026-05-16T15:51:46.069775,PUT,/api/articles/1/,42.05,171,0,
2026-05-16T15:51:46.103080,POST,/api/queue/,5.26,68,0,
2026-05-16T15:51:46.118321,GET,/api/external/,103.87,78,0,
2026-05-16T15:51:46.160781,GET,/api/external/,105.31,78,0,
2026-05-16T15:51:46.200209,POST,/api/queue/,4.08,68,0,
2026-05-16T15:51:46.234444,GET,/api/external/,103.63,78,0,
2026-05-16T15:51:46.315500,PUT,/api/articles/1/,33.35,171,0,
2026-05-16T15:51:46.358233,GET,/api/cache/1/,3.34,142,0,
2026-05-16T15:51:46.374918,GET,/api/articles/1/,4.23,171,0,
2026-05-16T15:51:46.421605,GET,/api/cache/1/,3.21,142,0,
2026-05-16T15:51:46.486371,PUT,/api/articles/1/,38.87,171,0,
2026-05-16T15:51:46.538862,GET,/api/articles/1/,5.17,171,0,
2026-05-16T15:51:46.777005,PUT,/api/articles/1/,33.36,171,0,
2026-05-16T15:51:46.805163,PUT,/api/articles/1/,58.83,171,0,
2026-05-16T15:51:46.808681,GET,/api/articles/1/,5.14,171,0,
2026-05-16T15:51:46.809163,GET,/api/articles/1/,5.05,171,0,
2026-05-16T15:51:46.849368,GET,/api/articles/1/,5.06,171,0,
2026-05-16T15:51:46.850227,POST,/api/queue/,9.21,68,0,
2026-05-16T15:51:46.886861,GET,/api/cache/1/,3.35,142,0,
2026-05-16T15:51:46.909600,PUT,/api/articles/1/,38.96,171,0,
2026-05-16T15:51:46.923018,GET,/api/cache/1/,3.02,142,0,
2026-05-16T15:51:46.931882,GET,/api/external/,105.33,78,0,
2026-05-16T15:51:46.993642,GET,/api/articles/1/,4.27,171,0,
2026-05-16T15:51:47.147695,POST,/api/queue/,5.28,68,0,
2026-05-16T15:51:47.277393,GET,/api/external/,104.3,77,0,
2026-05-16T15:51:47.289043,POST,/api/queue/,4.15,68,0,
2026-05-16T15:51:47.334319,PUT,/api/articles/1/,40.91,171,0,
2026-05-16T15:51:47.451705,POST,/api/queue/,4.43,68,0,
2026-05-16T15:51:47.582248,GET,/api/external/,105.94,78,0,
2026-05-16T15:51:47.595175,GET,/api/articles/1/,4.58,171,0,
2026-05-16T15:51:47.714156,GET,/api/external/,103.65,77,0,
2026-05-16T15:51:47.767289,GET,/api/external/,104.46,77,0,
2026-05-16T15:51:47.768419,GET,/api/cache/1/,3.09,142,0,
2026-05-16T15:51:47.788859,GET,/api/articles/1/,4.14,171,0,
2026-05-16T15:51:47.802397,GET,/api/articles/1/,4.13,171,0,
2026-05-16T15:51:47.814923,GET,/api/articles/1/,4.23,171,0,
2026-05-16T15:51:47.822967,GET,/api/articles/1/,3.98,171,0,
2026-05-16T15:51:47.825582,GET,/api/external/,103.08,78,0,
2026-05-16T15:51:47.882458,PUT,/api/articles/1/,233.53,171,0,
2026-05-16T15:51:47.883015,GET,/api/external/,103.12,77,0,
2026-05-16T15:51:47.910708,PUT,/api/articles/1/,193.23,171,0,
2026-05-16T15:51:47.919221,GET,/api/external/,102.91,78,0,
2026-05-16T15:51:47.950973,GET,/api/articles/1/,5.04,171,0,
2026-05-16T15:51:48.046377,GET,/api/external/,103.82,78,0,
2026-05-16T15:51:48.059704,PUT,/api/articles/1/,39.3,171,0,
2026-05-16T15:51:48.087939,PUT,/api/articles/1/,51.71,171,0,
2026-05-16T15:51:48.089557,GET,/api/external/,103.12,78,0,
2026-05-16T15:51:48.127752,PUT,/api/articles/1/,38.07,171,0,
2026-05-16T15:51:48.128377,POST,/api/queue/,10.13,68,0,
2026-05-16T15:51:48.243110,PUT,/api/articles/1/,42.32,171,0,
2026-05-16T15:51:48.243589,GET,/api/cache/1/,3.89,142,0,
2026-05-16T15:51:48.248060,GET,/api/external/,103.35,78,0,
2026-05-16T15:51:48.314659,PUT,/api/articles/1/,39.15,171,0,
2026-05-16T15:51:48.354207,PUT,/api/articles/1/,52.59,171,0,
2026-05-16T15:51:48.392623,PUT,/api/articles/1/,34.0,171,0,
2026-05-16T15:51:48.456462,GET,/api/cache/1/,3.15,142,0,
2026-05-16T15:51:48.466348,GET,/api/articles/1/,4.25,171,0,
2026-05-16T15:51:48.508384,GET,/api/external/,103.34,76,0,
2026-05-16T15:51:48.536862,GET,/api/cache/1/,3.2,142,0,
2026-05-16T15:51:48.569423,POST,/api/queue/,4.11,68,0,
2026-05-16T15:51:48.587094,GET,/api/cache/1/,3.2,142,0,
2026-05-16T15:51:48.669825,POST,/api/queue/,4.24,68,0,
2026-05-16T15:51:48.707956,GET,/api/external/,103.37,78,0,
2026-05-16T15:51:48.727221,PUT,/api/articles/1/,95.84,171,0,
2026-05-16T15:51:48.795099,GET,/api/external/,103.95,78,0,
2026-05-16T15:51:48.847230,GET,/api/articles/1/,10.89,171,0,
2026-05-16T15:51:48.877537,GET,/api/cache/1/,3.46,142,0,
2026-05-16T15:51:48.901881,GET,/api/external/,104.41,78,0,
2026-05-16T15:51:49.063692,PUT,/api/articles/1/,40.32,171,0,
2026-05-16T15:51:49.084738,GET,/api/cache/1/,9.41,142,0,
2026-05-16T15:51:49.196957,GET,/api/articles/1/,6.33,171,0,
2026-05-16T15:51:49.216346,POST,/api/queue/,4.05,68,0,
2026-05-16T15:51:49.269007,GET,/api/external/,103.5,78,0,
2026-05-16T15:51:49.331466,PUT,/api/articles/1/,37.16,171,0,
2026-05-16T15:51:49.346072,POST,/api/queue/,6.25,68,0,
2026-05-16T15:51:49.510925,PUT,/api/articles/1/,44.17,171,0,
2026-05-16T15:51:49.547408,GET,/api/cache/1/,3.16,142,0,
2026-05-16T15:51:49.565983,GET,/api/cache/1/,3.33,142,0,
2026-05-16T15:51:49.579470,GET,/api/cache/1/,3.27,142,0,
2026-05-16T15:51:49.639673,GET,/api/cache/1/,6.34,142,0,
2026-05-16T15:51:49.695003,GET,/api/external/,103.21,78,0,
2026-05-16T15:51:49.708872,GET,/api/external/,103.32,78,0,
2026-05-16T15:51:49.723103,POST,/api/queue/,8.8,68,0,
2026-05-16T15:51:49.731482,PUT,/api/articles/1/,83.51,171,0,
2026-05-16T15:51:49.750025,GET,/api/cache/1/,7.99,142,0,
2026-05-16T15:51:49.753625,POST,/api/queue/,17.36,68,0,
2026-05-16T15:51:50.007661,GET,/api/articles/1/,7.48,171,0,
2026-05-16T15:51:50.034320,GET,/api/cache/1/,10.26,142,0,
2026-05-16T15:51:50.040155,GET,/api/cache/1/,4.92,142,0,
2026-05-16T15:51:50.087374,GET,/api/articles/1/,12.13,171,0,
2026-05-16T15:51:50.088309,POST,/api/queue/,6.97,68,0,
2026-05-16T15:51:50.104891,GET,/api/external/,109.61,78,0,
2026-05-16T15:51:50.106333,GET,/api/cache/1/,5.67,142,0,
2026-05-16T15:51:50.136641,POST,/api/queue/,16.41,68,0,
2026-05-16T15:51:50.137604,GET,/api/articles/1/,19.78,171,0,
2026-05-16T15:51:50.233956,GET,/api/articles/1/,4.89,171,0,
2026-05-16T15:51:50.264188,POST,/api/queue/,4.64,68,0,
2026-05-16T15:51:50.376968,POST,/api/queue/,4.35,68,0,
2026-05-16T15:51:50.414743,GET,/api/external/,103.98,77,0,
2026-05-16T15:51:50.417645,GET,/api/cache/1/,4.29,142,0,
2026-05-16T15:51:50.589876,GET,/api/external/,105.56,78,0,
2026-05-16T15:51:50.591246,POST,/api/queue/,4.96,68,0,
2026-05-16T15:51:50.591700,POST,/api/queue/,6.36,68,0,
2026-05-16T15:51:50.651143,GET,/api/articles/1/,7.2,171,0,
2026-05-16T15:51:50.671393,POST,/api/queue/,7.01,68,0,
2026-05-16T15:51:50.673790,GET,/api/external/,103.43,77,0,
2026-05-16T15:51:50.766519,GET,/api/articles/1/,4.41,171,0,
2026-05-16T15:51:50.781068,POST,/api/queue/,6.14,68,0,
2026-05-16T15:51:50.787439,POST,/api/queue/,8.39,68,0,
2026-05-16T15:51:50.813538,GET,/api/cache/1/,6.72,142,0,
2026-05-16T15:51:50.895195,POST,/api/queue/,4.03,68,0,
2026-05-16T15:51:51.141714,GET,/api/cache/1/,6.36,142,0,
2026-05-16T15:51:51.183840,POST,/api/queue/,4.8,68,0,
2026-05-16T15:51:51.215095,PUT,/api/articles/1/,1184.63,171,0,
2026-05-16T15:51:51.330424,PUT,/api/articles/1/,1031.96,171,0,
2026-05-16T15:51:51.388409,PUT,/api/articles/1/,307.01,171,0,
2026-05-16T15:51:51.438217,POST,/api/queue/,22.41,68,0,
2026-05-16T15:51:51.438765,PUT,/api/articles/1/,775.15,171,0,
2026-05-16T15:51:51.441846,POST,/api/queue/,5.24,68,0,
2026-05-16T15:51:51.473628,PUT,/api/articles/1/,210.23,171,0,
2026-05-16T15:51:51.478366,GET,/api/cache/1/,3.45,142,0,
2026-05-16T15:51:51.488009,GET,/api/cache/1/,6.58,142,0,
2026-05-16T15:51:51.502651,PUT,/api/articles/1/,504.04,171,0,
2026-05-16T15:51:51.539836,PUT,/api/articles/1/,990.1,171,0,
2026-05-16T15:51:51.567412,PUT,/api/articles/1/,1033.43,171,0,
2026-05-16T15:51:51.606195,PUT,/api/articles/1/,343.4,171,0,
2026-05-16T15:51:51.645143,GET,/api/external/,105.05,77,0,
2026-05-16T15:51:51.647175,PUT,/api/articles/1/,40.73,171,0,
2026-05-16T15:51:51.684993,PUT,/api/articles/1/,55.39,171,0,
2026-05-16T15:51:51.702626,GET,/api/articles/1/,6.09,171,0,
2026-05-16T15:51:51.703283,GET,/api/external/,109.57,78,0,
2026-05-16T15:51:51.784454,PUT,/api/articles/1/,75.69,171,0,
2026-05-16T15:51:51.792829,POST,/api/queue/,10.34,68,0,
2026-05-16T15:51:51.919152,PUT,/api/articles/1/,37.82,171,0,
2026-05-16T15:51:52.001649,GET,/api/external/,103.58,77,0,
2026-05-16T15:51:52.025588,GET,/api/articles/1/,4.53,171,0,
2026-05-16T15:51:52.081168,GET,/api/cache/1/,3.25,142,0,
2026-05-16T15:51:52.123228,GET,/api/articles/1/,7.69,171,0,
2026-05-16T15:51:52.170462,GET,/api/external/,106.55,77,0,
2026-05-16T15:51:52.247768,GET,/api/articles/1/,10.88,171,0,
2026-05-16T15:51:52.259216,POST,/api/queue/,8.77,68,0,
2026-05-16T15:51:52.349367,GET,/api/cache/1/,6.31,142,0,
2026-05-16T15:51:52.364702,GET,/api/external/,107.38,78,0,
2026-05-16T15:51:52.419901,POST,/api/queue/,10.88,68,0,
2026-05-16T15:51:52.450643,GET,/api/articles/1/,7.3,171,0,
2026-05-16T15:51:52.451078,POST,/api/queue/,4.7,68,0,
2026-05-16T15:51:52.461876,GET,/api/external/,106.26,77,0,
2026-05-16T15:51:52.498112,GET,/api/cache/1/,6.44,142,0,
2026-05-16T15:51:52.502063,GET,/api/articles/1/,3.82,171,0,
2026-05-16T15:51:52.507584,GET,/api/articles/1/,5.4,171,0,
2026-05-16T15:51:52.546673,PUT,/api/articles/1/,341.78,171,0,
2026-05-16T15:51:52.558189,GET,/api/external/,104.96,78,0,
2026-05-16T15:51:52.578171,GET,/api/cache/1/,4.69,142,0,
2026-05-16T15:51:52.584813,PUT,/api/articles/1/,365.67,171,0,
2026-05-16T15:51:52.611694,PUT,/api/articles/1/,213.2,171,0,
2026-05-16T15:51:52.644515,GET,/api/articles/1/,7.44,171,0,
2026-05-16T15:51:52.650319,PUT,/api/articles/1/,64.22,171,0,
2026-05-16T15:51:52.677927,GET,/api/external/,106.12,78,0,
2026-05-16T15:51:52.819697,GET,/api/cache/1/,6.92,142,0,
2026-05-16T15:51:52.840273,GET,/api/cache/1/,3.22,142,0,
2026-05-16T15:51:52.980478,GET,/api/cache/1/,7.52,142,0,
2026-05-16T15:51:53.020462,GET,/api/cache/1/,4.98,142,0,
2026-05-16T15:51:53.060141,GET,/api/articles/1/,5.33,171,0,
2026-05-16T15:51:53.074697,GET,/api/external/,106.78,76,0,
2026-05-16T15:51:53.114210,GET,/api/articles/1/,4.73,171,0,
2026-05-16T15:51:53.176402,POST,/api/queue/,6.92,68,0,
2026-05-16T15:51:53.207251,POST,/api/queue/,6.43,68,0,
2026-05-16T15:51:53.268573,GET,/api/external/,104.1,76,0,
2026-05-16T15:51:53.418457,POST,/api/queue/,4.08,68,0,
2026-05-16T15:51:53.503775,GET,/api/external/,103.4,78,0,
2026-05-16T15:51:53.557378,POST,/api/queue/,7.11,68,0,
2026-05-16T15:51:53.579636,GET,/api/external/,106.75,78,0,
2026-05-16T15:51:53.613959,GET,/api/cache/1/,3.08,142,0,
2026-05-16T15:51:53.653514,POST,/api/queue/,6.52,68,0,
2026-05-16T15:51:53.675801,GET,/api/articles/1/,7.66,171,0,
2026-05-16T15:51:53.676225,GET,/api/external/,105.14,78,0,
2026-05-16T15:51:53.726472,GET,/api/external/,103.23,78,0,
2026-05-16T15:51:53.772781,GET,/api/external/,106.87,77,0,
2026-05-16T15:51:53.810376,GET,/api/articles/1/,4.99,171,0,
2026-05-16T15:51:53.904820,GET,/api/external/,103.73,78,0,
2026-05-16T15:51:53.940283,GET,/api/external/,103.65,78,0,
2026-05-16T15:51:53.959503,GET,/api/external/,105.15,78,0,
2026-05-16T15:51:54.031038,GET,/api/cache/1/,3.12,142,0,
2026-05-16T15:51:54.091376,GET,/api/cache/1/,6.95,142,0,
2026-05-16T15:51:54.092529,GET,/api/cache/1/,5.64,142,0,
2026-05-16T15:51:54.159612,POST,/api/queue/,4.69,68,0,
2026-05-16T15:51:54.164173,GET,/api/cache/1/,3.16,142,0,
2026-05-16T15:51:54.240701,POST,/api/queue/,4.21,68,0,
2026-05-16T15:51:54.467219,GET,/api/articles/1/,4.94,171,0,
2026-05-16T15:51:54.477694,GET,/api/external/,104.47,77,0,
2026-05-16T15:51:54.530998,GET,/api/external/,107.2,78,0,
2026-05-16T15:51:54.568546,GET,/api/articles/1/,4.72,171,0,
2026-05-16T15:51:54.649992,PUT,/api/articles/1/,560.71,171,0,
2026-05-16T15:51:54.676665,GET,/api/cache/1/,28.04,142,0,
2026-05-16T15:51:54.727002,GET,/api/external/,132.21,77,0,
2026-05-16T15:51:54.728147,POST,/api/queue/,71.96,68,0,
2026-05-16T15:51:54.729305,PUT,/api/articles/1/,594.08,171,0,
2026-05-16T15:51:54.730363,PUT,/api/articles/1/,199.21,171,0,
2026-05-16T15:51:54.745860,GET,/api/articles/1/,21.87,171,0,
2026-05-16T15:51:54.826421,GET,/api/cache/1/,9.51,142,0,
2026-05-16T15:51:54.832629,GET,/api/articles/1/,11.22,171,0,
2026-05-16T15:51:54.930876,GET,/api/articles/1/,10.37,171,0,
2026-05-16T15:51:54.981392,GET,/api/articles/1/,7.49,171,0,
2026-05-16T15:51:55.046186,GET,/api/articles/1/,4.35,171,0,
2026-05-16T15:51:55.061628,GET,/api/articles/1/,3.96,171,0,
2026-05-16T15:51:55.130377,GET,/api/cache/1/,4.47,142,0,
2026-05-16T15:51:55.147535,PUT,/api/articles/1/,422.58,171,0,
2026-05-16T15:51:55.174751,PUT,/api/articles/1/,341.92,171,0,
2026-05-16T15:51:55.175197,POST,/api/queue/,12.36,68,0,
2026-05-16T15:51:55.212396,PUT,/api/articles/1/,283.97,171,0,
2026-05-16T15:51:55.239227,PUT,/api/articles/1/,111.82,171,0,
2026-05-16T15:51:55.277419,PUT,/api/articles/1/,383.3,171,0,
2026-05-16T15:51:55.304028,PUT,/api/articles/1/,250.36,171,0,
2026-05-16T15:51:55.308495,GET,/api/external/,105.51,77,0,
2026-05-16T15:51:55.377422,GET,/api/articles/1/,6.11,171,0,
2026-05-16T15:51:55.385600,GET,/api/external/,104.85,78,0,
2026-05-16T15:51:55.444766,GET,/api/cache/1/,3.68,142,0,
2026-05-16T15:51:55.524808,GET,/api/cache/1/,4.95,142,0,
2026-05-16T15:51:55.544659,PUT,/api/articles/1/,44.62,171,0,
2026-05-16T15:51:55.561889,GET,/api/articles/1/,6.93,171,0,
2026-05-16T15:51:55.564821,GET,/api/articles/1/,4.14,171,0,
2026-05-16T15:51:55.594061,GET,/api/articles/1/,7.9,171,0,
2026-05-16T15:51:55.661530,GET,/api/external/,105.1,77,0,
2026-05-16T15:51:55.937352,PUT,/api/articles/1/,44.15,171,0,
2026-05-16T15:51:55.957952,GET,/api/articles/1/,6.37,171,0,
2026-05-16T15:51:55.982321,GET,/api/articles/1/,6.88,171,0,
2026-05-16T15:51:55.992229,GET,/api/cache/1/,6.63,142,0,
2026-05-16T15:51:56.001904,GET,/api/cache/1/,3.22,142,0,
2026-05-16T15:51:56.028263,POST,/api/queue/,6.89,68,0,
2026-05-16T15:51:56.045580,GET,/api/cache/1/,6.87,142,0,
2026-05-16T15:51:56.048038,GET,/api/cache/1/,3.84,142,0,
2026-05-16T15:51:56.094847,GET,/api/cache/1/,3.02,142,0,
2026-05-16T15:51:56.130065,POST,/api/queue/,3.96,68,0,
2026-05-16T15:51:56.237743,GET,/api/articles/1/,8.32,171,0,
2026-05-16T15:51:56.252808,POST,/api/queue/,7.71,68,0,
2026-05-16T15:51:56.280389,GET,/api/cache/1/,5.31,142,0,
2026-05-16T15:51:56.284800,PUT,/api/articles/1/,35.13,171,0,
2026-05-16T15:51:56.287703,GET,/api/cache/1/,2.76,142,0,
2026-05-16T15:51:56.289557,GET,/api/external/,102.84,78,0,
2026-05-16T15:51:56.353747,PUT,/api/articles/1/,45.84,171,0,
2026-05-16T15:51:56.446459,POST,/api/queue/,9.42,68,0,
2026-05-16T15:51:56.496086,GET,/api/cache/1/,8.34,142,0,
2026-05-16T15:51:56.535812,POST,/api/queue/,4.31,68,0,
2026-05-16T15:51:56.547144,GET,/api/external/,106.08,78,0,
2026-05-16T15:51:56.554377,GET,/api/articles/1/,5.83,171,0,
2026-05-16T15:51:56.577159,GET,/api/articles/1/,7.25,171,0,
2026-05-16T15:51:56.582504,GET,/api/cache/1/,3.16,142,0,
2026-05-16T15:51:56.638493,PUT,/api/articles/1/,37.32,171,0,
2026-05-16T15:51:56.640359,GET,/api/cache/1/,8.87,142,0,
2026-05-16T15:51:56.706143,GET,/api/external/,103.5,78,0,
2026-05-16T15:51:56.731836,POST,/api/queue/,6.58,68,0,
2026-05-16T15:51:56.780525,PUT,/api/articles/1/,72.08,171,0,
2026-05-16T15:51:56.837192,GET,/api/cache/1/,3.19,142,0,
2026-05-16T15:51:56.893827,GET,/api/cache/1/,5.26,142,0,
2026-05-16T15:51:56.931999,POST,/api/queue/,4.91,68,0,
2026-05-16T15:51:56.964011,GET,/api/cache/1/,4.66,142,0,
2026-05-16T15:51:57.006003,POST,/api/queue/,8.68,68,0,
2026-05-16T15:51:57.014258,POST,/api/queue/,5.99,68,0,
2026-05-16T15:51:57.136165,PUT,/api/articles/1/,316.18,171,0,
2026-05-16T15:51:57.140725,GET,/api/cache/1/,3.19,142,0,
2026-05-16T15:51:57.174385,PUT,/api/articles/1/,140.71,171,0,
2026-05-16T15:51:57.202569,POST,/api/queue/,4.77,68,0,
2026-05-16T15:51:57.265487,POST,/api/queue/,6.66,68,0,
2026-05-16T15:51:57.297069,PUT,/api/articles/1/,37.66,171,0,
2026-05-16T15:51:57.395654,POST,/api/queue/,5.06,68,0,
2026-05-16T15:51:57.404902,POST,/api/queue/,3.83,68,0,
2026-05-16T15:51:57.419372,GET,/api/cache/1/,3.14,142,0,
2026-05-16T15:51:57.433047,GET,/api/external/,103.5,78,0,
2026-05-16T15:51:57.441602,GET,/api/cache/1/,4.27,142,0,
2026-05-16T15:51:57.458247,GET,/api/articles/1/,4.34,171,0,
2026-05-16T15:51:57.462524,PUT,/api/articles/1/,31.77,171,0,
2026-05-16T15:51:57.509226,POST,/api/queue/,4.34,68,0,
2026-05-16T15:51:57.606634,PUT,/api/articles/1/,37.08,171,0,
2026-05-16T15:51:57.657043,GET,/api/external/,103.18,77,0,
2026-05-16T15:51:57.695449,POST,/api/queue/,3.98,68,0,
2026-05-16T15:51:57.813044,POST,/api/queue/,3.84,68,0,
2026-05-16T15:51:57.834377,POST,/api/queue/,3.92,68,0,
2026-05-16T15:51:57.853387,POST,/api/queue/,3.6,68,0,
2026-05-16T15:51:57.871690,GET,/api/cache/1/,3.01,142,0,
2026-05-16T15:51:57.872167,PUT,/api/articles/1/,37.68,171,0,
2026-05-16T15:51:57.904339,GET,/api/cache/1/,2.96,142,0,
2026-05-16T15:51:57.922530,GET,/api/cache/1/,2.88,142,0,
2026-05-16T15:51:57.932745,GET,/api/articles/1/,3.94,171,0,
2026-05-16T15:51:57.949078,GET,/api/external/,103.05,78,0,
2026-05-16T15:51:58.002767,GET,/api/cache/1/,3.35,142,0,
2026-05-16T15:51:58.069728,PUT,/api/articles/1/,30.52,171,0,
2026-05-16T15:51:58.078744,POST,/api/queue/,3.75,68,0,
2026-05-16T15:51:58.119079,GET,/api/cache/1/,3.0,142,0,
2026-05-16T15:51:58.246706,PUT,/api/articles/1/,42.47,171,0,
2026-05-16T15:51:58.267505,GET,/api/external/,102.95,76,0,
2026-05-16T15:51:58.272847,PUT,/api/articles/1/,48.81,171,0,
2026-05-16T15:51:58.320375,GET,/api/cache/1/,3.82,142,0,
2026-05-16T15:51:58.332805,PUT,/api/articles/1/,35.77,171,0,
2026-05-16T15:51:58.406993,GET,/api/external/,103.11,78,0,
2026-05-16T15:51:58.469577,POST,/api/queue/,4.4,68,0,
2026-05-16T15:51:58.514512,PUT,/api/articles/1/,37.63,171,0,
2026-05-16T15:51:58.556454,GET,/api/external/,103.16,78,0,
2026-05-16T15:51:58.584670,PUT,/api/articles/1/,37.49,171,0,
2026-05-16T15:51:58.673057,GET,/api/cache/1/,3.17,142,0,
2026-05-16T15:51:58.719459,POST,/api/queue/,3.94,68,0,
2026-05-16T15:51:58.724817,GET,/api/cache/1/,2.99,142,0,
2026-05-16T15:51:58.766185,GET,/api/articles/1/,4.09,171,0,
2026-05-16T15:51:58.828683,PUT,/api/articles/1/,47.28,171,0,
2026-05-16T15:51:58.843171,GET,/api/external/,103.14,78,0,
2026-05-16T15:51:58.930276,GET,/api/cache/1/,3.19,142,0,
2026-05-16T15:51:58.945070,POST,/api/queue/,4.46,68,0,
2026-05-16T15:51:58.973516,GET,/api/external/,103.13,78,0,
2026-05-16T15:51:58.981063,GET,/api/articles/1/,4.17,171,0,
2026-05-16T15:51:59.024751,POST,/api/queue/,4.38,68,0,
2026-05-16T15:51:59.056795,GET,/api/cache/1/,3.77,142,0,
2026-05-16T15:51:59.057955,PUT,/api/articles/1/,44.28,171,0,
2026-05-16T15:51:59.058453,GET,/api/articles/1/,4.86,171,0,
2026-05-16T15:51:59.094672,GET,/api/external/,103.31,78,0,
2026-05-16T15:51:59.106172,PUT,/api/articles/1/,37.49,171,0,
2026-05-16T15:51:59.106860,GET,/api/external/,102.75,78,0,
2026-05-16T15:51:59.124944,GET,/api/external/,103.14,78,0,
2026-05-16T15:51:59.176386,PUT,/api/articles/1/,29.05,171,0,
2026-05-16T15:51:59.179082,GET,/api/external/,102.72,77,0,
2026-05-16T15:51:59.235188,PUT,/api/articles/1/,41.87,171,0,
2026-05-16T15:51:59.249527,GET,/api/cache/1/,2.96,142,0,
2026-05-16T15:51:59.282894,GET,/api/articles/1/,4.03,171,0,
2026-05-16T15:51:59.383537,GET,/api/cache/1/,3.22,142,0,
2026-05-16T15:51:59.443657,PUT,/api/articles/1/,35.88,171,0,
2026-05-16T15:51:59.524475,POST,/api/queue/,3.92,68,0,
2026-05-16T15:51:59.546018,GET,/api/external/,103.4,78,0,
2026-05-16T15:51:59.608929,PUT,/api/articles/1/,43.51,171,0,
2026-05-16T15:51:59.707263,POST,/api/queue/,4.12,68,0,
2026-05-16T15:51:59.752202,GET,/api/cache/1/,3.21,142,0,
2026-05-16T15:51:59.779734,GET,/api/external/,103.41,78,0,
2026-05-16T15:51:59.791283,GET,/api/articles/1/,5.17,171,0,
2026-05-16T15:51:59.821440,PUT,/api/articles/1/,34.86,171,0,
2026-05-16T15:51:59.867547,GET,/api/cache/1/,3.02,142,0,
2026-05-16T15:51:59.876476,GET,/api/external/,103.06,78,0,
2026-05-16T15:51:59.884332,GET,/api/cache/1/,3.53,142,0,
2026-05-16T15:51:59.893923,GET,/api/external/,103.59,78,0,
2026-05-16T15:51:59.916701,GET,/api/articles/1/,4.47,171,0,
2026-05-16T15:51:59.940918,GET,/api/external/,103.1,78,0,
2026-05-16T15:51:59.952078,GET,/api/cache/1/,2.95,142,0,
2026-05-16T15:51:59.991313,GET,/api/cache/1/,3.01,142,0,
2026-05-16T15:52:00.193774,GET,/api/cache/1/,4.08,142,0,
2026-05-16T15:52:00.207619,GET,/api/cache/1/,2.98,142,0,
2026-05-16T15:52:00.208822,GET,/api/articles/1/,4.74,171,0,
2026-05-16T15:52:00.291412,GET,/api/cache/1/,3.19,142,0,
2026-05-16T15:52:00.293509,GET,/api/external/,104.51,77,0,
2026-05-16T15:52:00.519224,GET,/api/external/,103.38,78,0,
2026-05-16T15:52:00.559170,POST,/api/queue/,4.59,68,0,
2026-05-16T15:52:00.588071,GET,/api/external/,104.49,78,0,
2026-05-16T15:52:00.609846,GET,/api/cache/1/,2.91,142,0,
2026-05-16T15:52:00.641025,POST,/api/queue/,3.92,68,0,
2026-05-16T15:52:00.710186,GET,/api/external/,103.83,78,0,
2026-05-16T15:52:00.771362,GET,/api/articles/1/,4.35,171,0,
2026-05-16T15:52:00.866618,GET,/api/cache/1/,3.03,142,0,
2026-05-16T15:52:00.875415,GET,/api/cache/1/,3.6,142,0,
2026-05-16T15:52:00.877817,GET,/api/articles/1/,4.6,171,0,
2026-05-16T15:52:00.916219,GET,/api/cache/1/,3.16,142,0,
2026-05-16T15:52:00.966577,GET,/api/cache/1/,3.0,142,0,
2026-05-16T15:52:01.154987,GET,/api/articles/1/,4.51,171,0,
2026-05-16T15:52:01.190730,GET,/api/cache/1/,2.81,142,0,
2026-05-16T15:52:01.393638,PUT,/api/articles/1/,677.18,171,0,
2026-05-16T15:52:01.427118,GET,/api/articles/1/,4.16,171,0,
2026-05-16T15:52:01.587519,PUT,/api/articles/1/,855.48,171,0,
2026-05-16T15:52:01.646333,GET,/api/articles/1/,4.62,171,0,
2026-05-16T15:52:01.657591,GET,/api/external/,102.92,78,0,
2026-05-16T15:52:01.716778,GET,/api/articles/1/,4.31,171,0,
2026-05-16T15:52:01.736618,GET,/api/cache/1/,3.03,142,0,
2026-05-16T15:52:01.749332,PUT,/api/articles/1/,445.67,171,0,
2026-05-16T15:52:01.750434,GET,/api/cache/1/,3.46,142,0,
2026-05-16T15:52:01.823840,GET,/api/articles/1/,5.72,171,0,
2026-05-16T15:52:01.895779,POST,/api/queue/,92.13,68,0,
2026-05-16T15:52:02.038231,GET,/api/cache/1/,145.12,142,0,
2026-05-16T15:52:02.039029,PUT,/api/articles/1/,485.55,171,0,
2026-05-16T15:52:02.043113,POST,/api/queue/,6.43,68,0,
2026-05-16T15:52:02.126615,PUT,/api/articles/1/,844.42,171,0,
2026-05-16T15:52:02.144882,GET,/api/articles/1/,3.97,171,0,
2026-05-16T15:52:02.164946,PUT,/api/articles/1/,1324.21,171,0,
2026-05-16T15:52:02.191770,PUT,/api/articles/1/,148.53,171,0,
2026-05-16T15:52:02.212878,GET,/api/external/,103.05,78,0,
2026-05-16T15:52:02.227226,GET,/api/external/,103.52,78,0,
2026-05-16T15:52:02.229513,PUT,/api/articles/1/,430.67,171,0,
2026-05-16T15:52:02.266834,PUT,/api/articles/1/,975.84,171,0,
2026-05-16T15:52:02.278149,GET,/api/articles/1/,3.94,171,0,
2026-05-16T15:52:02.305262,PUT,/api/articles/1/,617.43,171,0,
2026-05-16T15:52:02.331845,PUT,/api/articles/1/,720.94,171,0,
2026-05-16T15:52:02.367110,GET,/api/external/,102.94,78,0,
2026-05-16T15:52:02.369994,PUT,/api/articles/1/,1184.7,171,0,
2026-05-16T15:52:02.397363,PUT,/api/articles/1/,679.33,171,0,
2026-05-16T15:52:02.400377,POST,/api/queue/,4.13,68,0,
2026-05-16T15:52:02.420814,GET,/api/cache/1/,3.19,142,0,
2026-05-16T15:52:02.424172,PUT,/api/articles/1/,118.79,171,0,
2026-05-16T15:52:02.451795,PUT,/api/articles/1/,225.66,171,0,
2026-05-16T15:52:02.471660,GET,/api/cache/1/,3.01,142,0,
2026-05-16T15:52:02.472417,GET,/api/articles/1/,4.43,171,0,
2026-05-16T15:52:02.478485,PUT,/api/articles/1/,134.31,171,0,
2026-05-16T15:52:02.516809,PUT,/api/articles/1/,1536.88,171,0,
2026-05-16T15:52:02.543343,PUT,/api/articles/1/,377.06,171,0,
2026-05-16T15:52:02.601932,GET,/api/cache/1/,3.33,142,0,
2026-05-16T15:52:02.656361,POST,/api/queue/,4.03,68,0,
2026-05-16T15:52:02.742988,GET,/api/articles/1/,4.28,171,0,
2026-05-16T15:52:02.760589,POST,/api/queue/,4.18,68,0,
2026-05-16T15:52:02.936941,PUT,/api/articles/1/,78.9,171,0,
2026-05-16T15:52:02.968264,GET,/api/cache/1/,4.93,142,0,
2026-05-16T15:52:02.994652,GET,/api/external/,102.93,77,0,
2026-05-16T15:52:03.026388,POST,/api/queue/,4.47,68,0,
2026-05-16T15:52:03.067892,GET,/api/cache/1/,3.02,142,0,
2026-05-16T15:52:03.201349,GET,/api/external/,103.15,78,0,
2026-05-16T15:52:03.220874,POST,/api/queue/,4.23,68,0,
2026-05-16T15:52:03.227123,GET,/api/external/,103.18,78,0,
2026-05-16T15:52:03.282120,POST,/api/queue/,4.59,68,0,
2026-05-16T15:52:03.287995,GET,/api/cache/1/,2.63,142,0,
2026-05-16T15:52:03.323841,GET,/api/articles/1/,4.55,171,0,
2026-05-16T15:52:03.436112,GET,/api/external/,102.94,78,0,
2026-05-16T15:52:03.509740,POST,/api/queue/,3.9,68,0,
2026-05-16T15:52:03.533041,GET,/api/external/,103.12,78,0,
2026-05-16T15:52:03.569320,POST,/api/queue/,3.82,68,0,
2026-05-16T15:52:03.615447,POST,/api/queue/,3.82,68,0,
2026-05-16T15:52:03.731939,GET,/api/articles/1/,4.07,171,0,
2026-05-16T15:52:03.845377,GET,/api/cache/1/,3.13,142,0,
2026-05-16T15:52:03.882588,POST,/api/queue/,3.92,68,0,
2026-05-16T15:52:03.921000,GET,/api/cache/1/,3.17,142,0,
2026-05-16T15:52:03.987356,GET,/api/cache/1/,3.12,142,0,
2026-05-16T15:52:04.017704,GET,/api/articles/1/,4.13,171,0,
2026-05-16T15:52:04.028978,GET,/api/cache/1/,2.87,142,0,
2026-05-16T15:52:04.058376,GET,/api/articles/1/,4.05,171,0,
2026-05-16T15:52:04.120390,GET,/api/articles/1/,5.63,171,0,
2026-05-16T15:52:04.124167,GET,/api/articles/1/,5.85,171,0,
2026-05-16T15:52:04.157443,GET,/api/articles/1/,4.05,171,0,
2026-05-16T15:52:04.174867,POST,/api/queue/,4.25,68,0,
2026-05-16T15:52:04.178479,GET,/api/articles/1/,4.49,171,0,
2026-05-16T15:52:04.321150,GET,/api/articles/1/,4.08,171,0,
2026-05-16T15:52:04.334332,GET,/api/cache/1/,2.89,142,0,
2026-05-16T15:52:04.364924,GET,/api/external/,102.95,78,0,
2026-05-16T15:52:04.372180,GET,/api/external/,102.63,78,0,
2026-05-16T15:52:04.386952,POST,/api/queue/,4.46,68,0,
2026-05-16T15:52:04.450533,GET,/api/articles/1/,4.34,171,0,
2026-05-16T15:52:04.480392,GET,/api/cache/1/,3.59,142,0,
2026-05-16T15:52:04.483867,POST,/api/queue/,4.35,68,0,
2026-05-16T15:52:04.505849,GET,/api/cache/1/,3.72,142,0,
2026-05-16T15:52:04.552997,PUT,/api/articles/1/,333.2,171,0,
2026-05-16T15:52:04.591249,PUT,/api/articles/1/,308.1,171,0,
2026-05-16T15:52:04.606192,GET,/api/external/,103.58,77,0,
2026-05-16T15:52:04.609409,GET,/api/articles/1/,4.13,171,0,
2026-05-16T15:52:04.617974,PUT,/api/articles/1/,77.89,171,0,
2026-05-16T15:52:04.656098,PUT,/api/articles/1/,59.68,171,0,
2026-05-16T15:52:04.658846,GET,/api/external/,102.57,78,0,
2026-05-16T15:52:04.677030,GET,/api/articles/1/,3.98,171,0,
2026-05-16T15:52:04.679534,GET,/api/external/,102.81,78,0,
2026-05-16T15:52:04.701563,GET,/api/external/,102.68,78,0,
2026-05-16T15:52:04.708523,GET,/api/cache/1/,3.68,142,0,
2026-05-16T15:52:04.736690,GET,/api/articles/1/,4.13,171,0,
2026-05-16T15:52:04.817900,GET,/api/external/,103.02,78,0,
2026-05-16T15:52:04.885395,PUT,/api/articles/1/,36.39,171,0,
2026-05-16T15:52:04.887770,GET,/api/cache/1/,3.64,142,0,
2026-05-16T15:52:04.941308,GET,/api/external/,103.12,77,0,
2026-05-16T15:52:04.983598,GET,/api/external/,102.95,78,0,
2026-05-16T15:52:05.019249,GET,/api/external/,103.3,78,0,
2026-05-16T15:52:05.022092,PUT,/api/articles/1/,50.43,171,0,
2026-05-16T15:52:05.059452,PUT,/api/articles/1/,88.92,171,0,
2026-05-16T15:52:05.063072,GET,/api/articles/1/,4.53,171,0,
2026-05-16T15:52:05.160874,POST,/api/queue/,4.8,68,0,
2026-05-16T15:52:05.202839,GET,/api/cache/1/,3.04,142,0,
2026-05-16T15:52:05.244345,GET,/api/external/,103.07,78,0,
2026-05-16T15:52:05.278198,GET,/api/external/,103.05,78,0,
2026-05-16T15:52:05.301402,GET,/api/articles/1/,3.9,171,0,
2026-05-16T15:52:05.337846,GET,/api/cache/1/,3.21,142,0,
2026-05-16T15:52:05.473288,GET,/api/cache/1/,3.06,142,0,
2026-05-16T15:52:05.514498,GET,/api/external/,103.43,78,0,
2026-05-16T15:52:05.606771,POST,/api/queue/,4.87,68,0,
2026-05-16T15:52:05.624081,GET,/api/cache/1/,3.09,142,0,
2026-05-16T15:52:05.647308,POST,/api/queue/,4.04,68,0,
2026-05-16T15:52:05.817566,GET,/api/cache/1/,5.09,142,0,
2026-05-16T15:52:05.933098,GET,/api/external/,103.14,78,0,
2026-05-16T15:52:05.965628,GET,/api/articles/1/,4.28,171,0,
2026-05-16T15:52:06.038812,GET,/api/external/,103.25,77,0,
2026-05-16T15:52:06.121580,POST,/api/queue/,4.12,68,0,
2026-05-16T15:52:06.155006,GET,/api/articles/1/,4.12,171,0,
2026-05-16T15:52:06.268398,POST,/api/queue/,3.87,68,0,
2026-05-16T15:52:06.341795,POST,/api/queue/,4.16,68,0,
2026-05-16T15:52:06.366691,GET,/api/articles/1/,3.88,171,0,
2026-05-16T15:52:06.395109,GET,/api/cache/1/,3.12,142,0,
2026-05-16T15:52:06.427726,PUT,/api/articles/1/,773.94,171,0,
2026-05-16T15:52:06.458364,GET,/api/articles/1/,4.25,171,0,
2026-05-16T15:52:06.495426,POST,/api/queue/,3.87,68,0,
2026-05-16T15:52:06.498201,GET,/api/cache/1/,2.66,142,0,
2026-05-16T15:52:06.515876,PUT,/api/articles/1/,841.38,171,0,
2026-05-16T15:52:06.542646,PUT,/api/articles/1/,501.4,171,0,
2026-05-16T15:52:06.570081,PUT,/api/articles/1/,276.28,171,0,
2026-05-16T15:52:06.570504,GET,/api/cache/1/,16.51,142,0,
2026-05-16T15:52:06.596824,PUT,/api/articles/1/,238.7,171,0,
2026-05-16T15:52:06.602515,GET,/api/articles/1/,4.33,171,0,
2026-05-16T15:52:06.614839,GET,/api/cache/1/,3.11,142,0,
2026-05-16T15:52:06.635040,PUT,/api/articles/1/,36.41,171,0,
2026-05-16T15:52:06.665055,GET,/api/articles/1/,4.1,171,0,
2026-05-16T15:52:06.681059,GET,/api/cache/1/,3.69,142,0,
2026-05-16T15:52:06.681547,GET,/api/cache/1/,3.64,142,0,
2026-05-16T15:52:06.756263,GET,/api/external/,102.98,78,0,
2026-05-16T15:52:06.788715,GET,/api/cache/1/,3.0,142,0,
2026-05-16T15:52:06.797650,GET,/api/external/,102.85,78,0,
2026-05-16T15:52:06.898314,POST,/api/queue/,3.98,68,0,
2026-05-16T15:52:06.968153,GET,/api/articles/1/,4.41,171,0,
2026-05-16T15:52:06.982530,POST,/api/queue/,4.12,68,0,
2026-05-16T15:52:07.070175,GET,/api/cache/1/,3.35,142,0,
2026-05-16T15:52:07.081543,GET,/api/articles/1/,4.07,171,0,
2026-05-16T15:52:07.109012,GET,/api/cache/1/,3.06,142,0,
2026-05-16T15:52:07.125493,GET,/api/cache/1/,3.08,142,0,
2026-05-16T15:52:07.162347,GET,/api/external/,103.23,78,0,
2026-05-16T15:52:07.169600,PUT,/api/articles/1/,37.84,171,0,
2026-05-16T15:52:07.251560,POST,/api/queue/,4.75,68,0,
2026-05-16T15:52:07.283171,PUT,/api/articles/1/,33.63,171,0,
2026-05-16T15:52:07.295065,GET,/api/external/,103.1,78,0,
2026-05-16T15:52:07.370704,GET,/api/cache/1/,3.29,142,0,
2026-05-16T15:52:07.392945,POST,/api/queue/,6.17,68,0,
2026-05-16T15:52:07.429709,PUT,/api/articles/1/,45.63,171,0,
2026-05-16T15:52:07.532378,PUT,/api/articles/1/,34.22,171,0,
2026-05-16T15:52:07.542610,POST,/api/queue/,3.8,68,0,
2026-05-16T15:52:07.550727,GET,/api/articles/1/,3.94,171,0,
2026-05-16T15:52:07.606961,POST,/api/queue/,3.98,68,0,
2026-05-16T15:52:07.659275,POST,/api/queue/,4.06,68,0,
2026-05-16T15:52:07.679630,GET,/api/cache/1/,3.18,142,0,
2026-05-16T15:52:07.689298,GET,/api/external/,103.18,77,0,
2026-05-16T15:52:07.787190,GET,/api/cache/1/,3.27,142,0,
2026-05-16T15:52:07.819228,PUT,/api/articles/1/,42.66,171,0,
2026-05-16T15:52:07.831922,GET,/api/articles/1/,4.37,171,0,
2026-05-16T15:52:07.883927,GET,/api/articles/1/,3.97,171,0,
2026-05-16T15:52:07.942517,GET,/api/articles/1/,4.19,171,0,
2026-05-16T15:52:07.967448,GET,/api/external/,103.03,78,0,
2026-05-16T15:52:08.001178,GET,/api/cache/1/,3.44,142,0,
2026-05-16T15:52:08.046949,POST,/api/queue/,5.33,68,0,
2026-05-16T15:52:08.209667,GET,/api/articles/1/,4.18,171,0,
2026-05-16T15:52:08.240966,POST,/api/queue/,4.07,68,0,
2026-05-16T15:52:08.308245,GET,/api/cache/1/,3.25,142,0,
2026-05-16T15:52:08.352109,GET,/api/external/,102.91,78,0,
2026-05-16T15:52:08.444416,POST,/api/queue/,3.9,68,0,
2026-05-16T15:52:08.621278,GET,/api/external/,103.2,78,0,
2026-05-16T15:52:08.626813,GET,/api/cache/1/,3.1,142,0,
2026-05-16T15:52:08.680792,GET,/api/external/,103.16,77,0,
2026-05-16T15:52:08.718847,GET,/api/cache/1/,3.04,142,0,
2026-05-16T15:52:08.784430,GET,/api/cache/1/,4.46,142,0,
2026-05-16T15:52:08.785950,GET,/api/articles/1/,6.63,171,0,
2026-05-16T15:52:08.803640,GET,/api/articles/1/,4.33,171,0,
2026-05-16T15:52:08.809495,POST,/api/queue/,3.66,68,0,
2026-05-16T15:52:08.811372,GET,/api/cache/1/,2.99,142,0,
2026-05-16T15:52:08.925143,PUT,/api/articles/1/,1141.77,171,0,
2026-05-16T15:52:08.975795,PUT,/api/articles/1/,436.98,171,0,
2026-05-16T15:52:08.980853,GET,/api/external/,103.84,78,0,
2026-05-16T15:52:09.023914,GET,/api/external/,103.56,78,0,
2026-05-16T15:52:09.024642,GET,/api/cache/1/,4.48,142,0,
2026-05-16T15:52:09.025636,PUT,/api/articles/1/,334.47,171,0,
2026-05-16T15:52:09.053193,PUT,/api/articles/1/,91.74,171,0,
2026-05-16T15:52:09.090778,PUT,/api/articles/1/,106.72,171,0,
2026-05-16T15:52:09.118982,GET,/api/external/,106.57,78,0,
2026-05-16T15:52:09.119387,GET,/api/external/,120.81,77,0,
2026-05-16T15:52:09.119774,GET,/api/external/,129.99,78,0,
2026-05-16T15:52:09.120148,PUT,/api/articles/1/,49.39,171,0,
2026-05-16T15:52:09.121971,GET,/api/cache/1/,4.03,142,0,
2026-05-16T15:52:09.135277,GET,/api/articles/1/,3.98,171,0,
2026-05-16T15:52:09.182332,GET,/api/external/,102.99,78,0,
2026-05-16T15:52:09.267874,PUT,/api/articles/1/,31.09,171,0,
2026-05-16T15:52:09.299243,GET,/api/cache/1/,3.01,142,0,
2026-05-16T15:52:09.319600,GET,/api/cache/1/,2.99,142,0,
2026-05-16T15:52:09.468290,PUT,/api/articles/1/,46.29,171,0,
2026-05-16T15:52:09.495432,PUT,/api/articles/1/,67.1,171,0,
2026-05-16T15:52:09.561609,GET,/api/articles/1/,4.23,171,0,
2026-05-16T15:52:09.566363,PUT,/api/articles/1/,41.57,171,0,
2026-05-16T15:52:09.613601,GET,/api/cache/1/,3.05,142,0,
2026-05-16T15:52:09.621389,POST,/api/queue/,4.46,68,0,
2026-05-16T15:52:09.636862,GET,/api/external/,103.08,77,0,
2026-05-16T15:52:09.684922,GET,/api/cache/1/,2.91,142,0,
2026-05-16T15:52:09.696211,POST,/api/queue/,3.92,68,0,
2026-05-16T15:52:09.729752,GET,/api/external/,103.12,78,0,
2026-05-16T15:52:09.765207,GET,/api/external/,102.96,78,0,
2026-05-16T15:52:09.776852,PUT,/api/articles/1/,36.75,171,0,
2026-05-16T15:52:09.869373,POST,/api/queue/,4.03,68,0,
2026-05-16T15:52:09.901697,POST,/api/queue/,4.0,68,0,
2026-05-16T15:52:09.923807,GET,/api/cache/1/,3.23,142,0,
2026-05-16T15:52:09.934822,POST,/api/queue/,4.05,68,0,
2026-05-16T15:52:09.967043,PUT,/api/articles/1/,40.84,171,0,
2026-05-16T15:52:09.969627,GET,/api/cache/1/,3.58,142,0,
2026-05-16T15:52:09.987022,GET,/api/cache/1/,3.06,142,0,
2026-05-16T15:52:10.010005,GET,/api/external/,102.95,78,0,
2026-05-16T15:52:10.109005,GET,/api/articles/1/,4.38,171,0,
2026-05-16T15:52:10.223588,PUT,/api/articles/1/,71.14,171,0,
2026-05-16T15:52:10.340262,GET,/api/cache/1/,3.01,142,0,
2026-05-16T15:52:10.420881,GET,/api/articles/1/,4.22,171,0,
2026-05-16T15:52:10.505655,GET,/api/cache/1/,3.03,142,0,
2026-05-16T15:52:10.553900,PUT,/api/articles/1/,33.86,171,0,
2026-05-16T15:52:10.557547,GET,/api/articles/1/,4.62,171,0,
